# en-de: English candidates -> German. Generated; edit corrections/en-de.tsv instead (see CONTRIBUTING.md).
word	reading	pos	translation
the		det.	der
to		prep.	zu
and		conj.	und
of		prep.	von
in		prep.	in
is		v.	sein
for		prep.	für
that		conj.	dass
you		pron.	du
it		pron.	es
on		prep.	auf
with		prep.	mit
this		pron.	dies
was		v.	sein
be		v.	sein
as		prep.	als
are		v.	sein
have		v.	haben
at		prep.	an
he		pron.	er
not		adv.	pas
by		prep.	durch
but		conj.	aber
from		prep.	von
my		pron.	mein
or		conj.	oder
we		pron.	wir
your		pron.	dein
all		adj.	alle
so		conj.	also
his		pron.	sein
they		pron.	sie
me		pron.	mich
if		conj.	wenn
one		num.	eins
can		v.	können
will		v.	werden
just		adv.	gerade
like		prep.	wie
about		prep.	über
up		adv.	hinauf
out		adv.	heraus
what		pron.	was
has		v.	haben
when		conj.	wann
more		adv.	mehr
do		v.	machen
no		adv.	nein
were		v.	sein
who		pron.	wer
had		v.	haben
it's		pron.	es
their		pron.	ihr
there		adv.	dort
her		pron.	ihr
which		pron.	welcher
time		n.	Zeit
get		v.	bekommen
been		v.	gewesen
would		v.	werden
she		pron.	sie
new		adj.	neu
people		n.	Menschen
how		adv.	wie
how-to		n.	Anleitung
some		pron.	einige
also		adv.	auch
them		pron.	sie
now		adv.	jetzt
all-in-one		adj.	Alles-in-einem
other		adj.	ander
our		pron.	unser
than		conj.	als
good		adj.	gut
only		adv.	nur
after		prep.	nach
first		num.	erste
him		pron.	ihm
into		prep.	in
know		v.	wissen
see		v.	sehen
two		num.	zwei
make		v.	machen
over		prep.	über
think		v.	denken
any		pron.	irgendein
then		adv.	dann
could		v.	können
back		n.	Rücken
these		pron.	diese
us		pron.	uns
want		v.	wollen
because		conj.	weil
go		v.	gehen
well		adv.	gut
well		n.	Brunnen
good-by		int.	Auf Wiedersehen
said		v.	sagen
way		n.	Weise
most		adv.	am
much		adv.	sehr
very		adv.	sehr
where		adv.	wo
even		adv.	sogar
should		v.	sollen
may		v.	können
here		adv.	hier
need		v.	brauchen
really		adv.	wirklich
did		v.	tun
right		adj.	richtig
work		v.	arbeiten
year		n.	Jahr
years		n.	Jahre
being		v.	sein
day		n.	Tag
too		adv.	auch
going		v.	gehen
before		prep.	vor
off		adv.	aus
why		adv.	warum
made		v.	machen
still		adv.	immer noch
take		v.	nehmen
got		v.	bekommen
many		adj.	viele
never		adv.	nie
those		pron.	diejenigen
life		n.	Leben
say		v.	sagen
world		n.	Welt
down		adv.	runter
great		adj.	groß
through		prep.	durch
last		adj.	letzte
that's		pron.	das ist
while		conj.	während
best		adj.	best
such		adj.	solch
love		v.	lieben
man		n.	Mann
home		n.	Haus
long		adj.	lang
look		v.	schauen
something		pron.	etwas
use		v.	benutzen
can't		v.	nicht können
same		adj.	gleiche
used		v.	benutzen
both		pron.	beide
every		det.	jeder
am		v.	sein
come		v.	kommen
part		n.	Teil
state		n.	Zustand
three		num.	drei
around		prep.	um
between		prep.	zwischen
always		adv.	immer
better		adj.	besser
find		v.	finden
help		v.	helfen
high		adj.	hoch
little		adj.	klein
old		adj.	alt
since		conj.	seit
another		pron.	ein anderer
does		v.	tun
own		adj.	eigen
things		n.	Dinge
under		prep.	unter
during		prep.	während
game		n.	Spiel
thing		n.	Ding
give		v.	geben
house		n.	Haus
place		n.	Ort
place		v.	platzieren
school		n.	Schule
again		adv.	wieder
next		adj.	nächster
next		adv.	dann
each		pron.	jeder
without		prep.	ohne
against		prep.	gegen
didn't		v.	nicht
end		n.	Ende
found		v.	finden
found		v.	gründen
must		v.	müssen
show		v.	zeigen
show		n.	Show
big		adj.	groß
feel		v.	fühlen
sure		adj.	sicher
team		n.	Team
ever		adv.	jemals
family		n.	Familie
keep		v.	behalten
might		n.	Macht
please		v.	gefallen
please		int.	bitte
put		v.	legen
i'm		pron.	ich bin
money		n.	Geld
free		adj.	frei
free		adj.	kostenlos
second		num.	zweiter
second		n.	Sekunde
someone		pron.	jemand
away		adv.	weg
left		adj.	linker
left		v.	gehen
number		n.	Zahl
city		n.	Stadt
days		n.	Tage
lot		n.	(eine Menge)
name		n.	Name
night		n.	Nacht
play		v.	spielen
play		n.	Schauspiel
until		prep.	bis
company		n.	Firma
doing		v.	tun
few		adj.	wenige
he's		pron.	er ist
let		v.	lassen
real		adj.	echt
called		v.	nennen
different		adj.	unterschiedlich
having		v.	haben
set		v.	einstellen
set		n.	Satz
thought		n.	Gedanke
thought		v.	glauben
done		adj.	fertig
however		adv.	jedoch
getting		v.	bekommen
god		n.	Gott
government		n.	Regierung
group		n.	Gruppe
looking		v.	schauen
public		adj.	öffentlich
public		n.	Öffentlichkeit
top		n.	Spitze
women		n.	Frauen
business		n.	Geschäft
care		n.	Sorge
care		v.	sich kümmern
start		v.	beginnen
system		n.	System
times		n.	Mal
week		n.	Woche
already		adv.	schon
anything		pron.	etwas
case		n.	Fall
nothing		pron.	nichts
person		n.	Person
today		n.	heute
change		v.	ändern
change		n.	Veränderung
enough		adj.	genug
everything		pron.	alles
full		adj.	voll
live		v.	leben
making		v.	machen
point		n.	Punkt
read		v.	lesen
so-called		adj.	sogenannt
told		v.	sagen
yet		adv.	noch
bad		adj.	schlecht
four		num.	vier
hard		adj.	schwierig
mean		v.	bedeuten
once		adv.	einmal
support		v.	unterstützen
tell		v.	sagen
including		prep.	einschließlich
music		n.	Musik
power		n.	Macht
seen		v.	sehen
states		n.	Staat
stop		v.	stoppen
water		n.	Wasser
based		adj.	basiert
believe		v.	glauben
call		v.	rufen
head		n.	Kopf
men		n.	Mann
national		adj.	national
small		adj.	klein
took		v.	nehmen
white		adj.	weiß
came		v.	kommen
far		adv.	weit
job		n.	Arbeit
side		n.	Seite
though		conj.	obwohl
try		v.	versuchen
went		v.	gehen
yes		int.	ja
actually		adv.	tatsächlich
american		adj.	amerikanisch
later		adv.	später
less		adv.	weniger
line		n.	Linie
order		n.	Ordnung
party		n.	Partei
run		v.	laufen
run		n.	Lauf
says		v.	sagen
service		n.	Service
service		v.	warten
country		n.	Land
open		adj.	offen
open		v.	öffnen
season		n.	Jahreszeit
shit		int.	Scheiße
shit		n.	Scheiße
thank		v.	danken
children		n.	Kinder
everyone		pron.	jeder
general		adj.	allgemein
general		n.	General
trying		v.	versuchen
united		adj.	vereint
using		v.	benutzen
area		n.	Gebiet
black		adj.	schwarz
following		adj.	folgend
following		n.	Folgendes
law		n.	Gesetz
makes		v.	machen
together		adv.	zusammen
war		n.	Krieg
whole		adj.	ganz
car		n.	Auto
face		n.	Gesicht
face		v.	sich stellen
five		num.	fünf
kind		n.	Art
kind		adj.	nett
maybe		adv.	vielleicht
per		prep.	pro
president		n.	Präsident
story		n.	Geschichte
working		v.	arbeiten
working		adj.	funktionierend
course		n.	Kurs
course		n.	natürlich
games		n.	Spiele
health		n.	Gesundheit
hope		v.	hoffen
hope		n.	Hoffnung
important		adj.	wichtig
least		adv.	am wenigsten
means		v.	bedeuten
means		n.	Mittel
news		n.	Nachrichten
within		prep.	innerhalb
able		adj.	fähig
book		n.	Buch
book		v.	buchen
early		adj.	früh
early		adv.	früh
friends		n.	Freunde
information		n.	Information
local		adj.	lokal
post		n.	Beitrag
post		v.	veröffentlichen
thanks		int.	Danke
thanks		n.	Dank
video		n.	Video
young		adj.	jung
ago		adv.	vor
btw		adv.	übrigens
others		pron.	andere
social		adj.	sozial
talk		v.	sprechen
talk		n.	Gespräch
court		n.	Gericht
fact		n.	Tatsache
given		adj.	gegeben
given		prep.	angesichts
guys		n.	Jungs
half		num.	Hälfte
hand		n.	Hand
isn't		v.	ist nicht
level		n.	Ebene
mind		n.	Sinn
often		adv.	oft
single		adj.	einzeln
become		v.	werden
body		n.	Körper
coming		v.	kommen
control		v.	kontrollieren
death		n.	Tod
food		n.	Lebensmittel
guy		n.	Typ
hours		n.	Stunden
office		n.	Büro
pay		v.	bezahlen
problem		n.	Problem
south		n.	Süden
true		adj.	wahr
almost		adv.	fast
fuck		v.	vögeln
history		n.	Geschichte
known		adj.	bekannt
large		adj.	groß
lost		adj.	verloren
research		n.	Forschung
room		n.	Zimmer
several		num.	mehrere
started		v.	begonnen
taking		v.	nehmen
university		n.	Universität
win		v.	gewinnen
wrong		adj.	falsch
along		prep.	entlang
anyone		pron.	jeder
else		adv.	sonst
girl		n.	Mädchen
john		n.	John
matter		n.	Sache
pretty		adv.	ziemlich
remember		v.	erinnern
air		n.	Luft
bit		n.	Stück
friend		n.	Freund
hit		v.	schlagen
needs		v.	need
nice		adj.	schön
playing		v.	spielen
probably		adv.	wahrscheinlich
saying		v.	sagen
understand		v.	verstehen
yeah		int.	ja
york		n.	York
you're		pron.	du bist
class		n.	Klasse
close		v.	schließen
comes		v.	kommen
idea		n.	Idee
international		adj.	international
looks		n.	Aussehen
past		n.	Vergangenheit
past		prep.	vorbei
possible		adj.	möglich
wanted		v.	wollen
cause		n.	Ursache
due		adj.	fällig
happy		adj.	glücklich
human		n.	Mensch
members		n.	Mitglied
months		n.	Monat
move		v.	bewegen
question		n.	Frage
series		n.	Serie
wait		v.	warten
woman		n.	Frau
ask		v.	fragen
community		n.	Gemeinschaft
data		n.	Daten
late		adj.	späte
leave		v.	verlassen
north		n.	Norden
saw		v.	sehen
special		adj.	besonders
watch		v.	schauen
won't		v.	pas
either		conj.	oder
fucking		adj.	verdammter
fucking		adv.	verdammt
future		n.	Zukunft
light		n.	Licht
low		adj.	niedrig
million		num.	Million
morning		n.	Morgen
police		n.	Polizei
short		adj.	kurz
stay		v.	bleiben
taken		v.	nehmen
age		n.	Alter
buy		v.	kaufen
deal		n.	Geschäft
rather		adv.	eher
reason		n.	Grund
red		adj.	rot
report		n.	Bericht
soon		adv.	bald
third		num.	dritte
turn		v.	drehen
whether		conj.	ob
among		prep.	unter
check		v.	prüfen
development		n.	Entwicklung
form		n.	Form
further		adv.	weiter
further		adj.	weiter
heart		n.	Herz
minutes		n.	Minute
myself		pron.	ich selbst
services		n.	Dienst
yourself		pron.	du selbst
act		v.	handeln
although		conj.	obwohl
asked		v.	fragen
child		n.	Kind
fire		n.	Feuer
fire		v.	entlassen
fun		n.	Spaß
living		adj.	lebendig
living		n.	Lebensunterhalt
major		adj.	groß
major		n.	Hauptfach
media		n.	Medien
phone		n.	Telefon
players		n.	Spieler
players		n.	Player
well-known		adj.	bekannt
art		n.	Kunst
behind		prep.	hinter
behind		adv.	hinten
building		n.	Gebäude
easy		adj.	einfach
gonna		v.	werden
market		n.	Markt
near		prep.	benahe
near		adj.	nah
plan		n.	Plan
plan		v.	planen
political		adj.	politisch
quite		adv.	ziemlich
six		num.	sechs
talking		v.	sprechen
west		n.	Westen
works		n.	Werk
works		v.	arbeiten
according		prep.	nach
available		adj.	verfügbar
education		n.	Bildung
final		adj.	letzt
former		adj.	ehemalig
front		n.	Vorderseite
kids		n.	Kind
list		n.	Liste
ready		adj.	bereit
sometimes		adv.	manchmal
son		n.	Sohn
street		n.	Straße
bring		v.	bringen
college		n.	Hochschule
current		adj.	aktuell
example		n.	Beispiel
experience		n.	Erfahrung
experience		v.	erleben
heard		v.	hören
london		n.	London
meet		v.	treffen
program		n.	Programm
program		n.	Sendung
type		n.	Art
type		v.	tippen
baby		n.	Baby
chance		n.	Gelegenheit
father		n.	Vater
march		v.	marschieren
process		n.	Prozess
song		n.	Lied
study		v.	studieren
study		n.	Studium
word		n.	Wort
across		prep.	über
action		n.	Aktion
clear		adj.	klar
gave		v.	geben
gets		v.	bekommen
himself		pron.	selbst
month		n.	Monat
outside		prep.	außen
self		n.	Selbst
students		n.	Student
words		n.	Wort
board		n.	Brett
cost		n.	Kosten
cost		v.	kosten
cut		v.	schneiden
field		n.	Gebiet
field		n.	Feld
held		v.	abhalten
instead		adv.	stattdessen
main		adj.	Haupt-
moment		n.	Moment
mother		n.	Mutter
road		n.	Straße
seems		v.	scheinen
thinking		n.	Denken
thinking		v.	denken
town		n.	Stadt
wants		v.	wollen
department		n.	Abteilung
energy		n.	Energie
fight		v.	kämpfen
fight		n.	Kampf
fine		adj.	gut
fine		n.	Geldstrafe
force		n.	Kraft
force		v.	zwingen
hear		v.	hören
issue		n.	Thema
played		v.	spielen
points		n.	Punkt
points		num.	Punkt
price		n.	Preis
rest		n.	Pause
rest		v.	sich ausruhen
results		n.	Ergebnis
running		n.	Laufen
running		v.	laufen
shows		v.	zeigen
shows		n.	Sendung
space		n.	Raum
space		n.	Weltraum
summer		n.	Sommer
term		n.	Begriff
term		n.	Semester
wife		n.	Ehefrau
america		n.	Amerika
beautiful		adj.	schön
date		n.	Datum
date		n.	Verabredung
goes		v.	gehen
i've		pron.	ich habe
killed		v.	töten
land		n.	Land
land		v.	landen
miss		n.	Fräulein
project		n.	Projekt
sex		n.	Geschlecht
shot		n.	Schuss
shot		v.	schießen
site		n.	Ort
site		n.	Website
strong		adj.	stark
account		n.	Konto
account		n.	Bericht
especially		adv.	besonders
eyes		n.	Auge
include		v.	einschließen
june		n.	Juni
parents		n.	Eltern
period		n.	Periode
position		n.	Position
record		n.	enregistrement
similar		adj.	ähnlich
total		adj.	gesamt
above		prep.	über
club		n.	Club
common		adj.	gewöhnlich
died		v.	sterben
film		n.	Film
happened		v.	geschehen
knew		v.	wissen
lead		v.	führen
lead		n.	Blei
likely		adj.	wahrscheinlich
military		n.	Militar
military		adj.	militärisch
perfect		adj.	vollkommen
personal		adj.	persönlich
second-hand		adj.	gebraucht
security		n.	Sicherheit
share		v.	teilen
share		n.	Anteil
tv		n.	Fernsehen
what's		pron.	ist was
won		v.	gewinnen
april		n.	April
center		n.	Zentrum
county		n.	Kreis
couple		n.	Paar
dead		adj.	tot
english		n.	Englisch
fifo		n.	FIFO
happen		v.	geschehen
hold		v.	halten
industry		n.	Industrie
inside		prep.	innerhalb
issues		n.	Problem
online		adj.	online
player		n.	Spieler
private		adj.	privat
problems		n.	Problem
return		v.	zurückkehren
rights		n.	Recht
sense		n.	Sinn
star		n.	Stern
test		n.	Test
up-to-date		adj.	aktuell
view		n.	Sicht
weeks		n.	Woche
break		v.	zerbrechen
british		adj.	britisch
companies		n.	Firma
event		n.	Ereignis
higher		adj.	höher
hour		n.	Stunde
member		n.	Mitglied
middle		n.	Mitte
needed		v.	brauchen
present		n.	Geschenk
present		adj.	anwesend
result		n.	Ergebnis
sorry		adj.	entschuldigt
takes		v.	nehmen
training		n.	Ausbildung
wish		v.	wünschen
wish		n.	Wunsch
answer		n.	Antwort
answer		v.	antworten
boy		n.	Junge
design		n.	Design
design		v.	entwerfen
finally		adv.	schließlich
girls		n.	Mädchen
gold		n.	Gold
gold		adj.	golden
gone		v.	gehen
guess		v.	raten
interest		n.	Interesse
july		n.	Juli
king		n.	König
learn		v.	lernen
policy		n.	Politik
society		n.	Gesellschaft
added		v.	hinzufügen
alone		adj.	allein
average		n.	Durchschnitt
bank		n.	Bank
brought		v.	bringen
certain		adj.	sicher
church		n.	Kirche
east		n.	Osten
hands		n.	Hände
hot		adj.	heiß
let's		v.	lassen wir uns
longer		adj.	länger
medical		adj.	medizinisch
movie		n.	Film
original		adj.	original
park		n.	Park
performance		n.	Aufführung
press		v.	drücken
received		v.	erhalten
role		n.	Rolle
sent		v.	schicken
themselves		pron.	sich selbst
tried		v.	versuchen
worked		v.	arbeiten
worth		adj.	wert
areas		n.	Gebiete
became		v.	werden
bill		n.	Rechnung
books		n.	Bücher
cool		adj.	cool
director		n.	Regisseur
exactly		adv.	genau
giving		v.	geben
ground		n.	Boden
meeting		n.	Besprechung
provide		v.	bereitstellen
questions		n.	Fragen
relationship		n.	Beziehung
september		n.	September
sound		n.	Klang
source		n.	Quelle
usually		adv.	normalmente
value		n.	Wert
evidence		n.	Beweis
follow		v.	suivre
lives		n.	Leben
official		adj.	offiziell
ok		int.	gut
production		n.	Produktion
rate		n.	Rate
reading		n.	Lesen
round		adj.	rund
save		v.	speichern
stand		v.	stehen
stand		n.	Stand
stuff		n.	Sache
tax		n.	Steuer
whatever		pron.	irgendetwas
whatever		conj.	wie auch immer
amount		n.	Betrag
blue		adj.	blau
countries		n.	Land
david		n.	David
drive		v.	fahren
eat		v.	essen
fall		v.	fallen
fast		adj.	schnell
federal		adj.	Bundes-
feeling		n.	Gefühl
felt		v.	fühlen
green		adj.	grün
league		n.	Liga
management		n.	Management
match		n.	Spiel
model		n.	Modell
picture		n.	Bild
size		n.	Größe
step		n.	Schritt
trust		v.	vertrauen
central		adj.	zentral
changes		v.	ändern
england		n.	England
follow-up		n.	Nachfassaktion
forward		adv.	vorwärts
groups		n.	Gruppe
hey		int.	hey
key		n.	Schlüssel
mom		n.	Mama
page		n.	Seite
paid		v.	bezahlen
range		n.	Bereich
review		n.	Rezension
science		n.	Wissenschaft
trade		n.	Handel
uk		n.	Vereinigtes Königreich
upon		prep.	auf
various		adj.	verschieden
attention		n.	Aufmerksamkeit
brother		n.	Bruder
cannot		v.	nicht können
character		n.	Figur
chief		n.	Chief
chief		adj.	Haupt-
cup		n.	Tasse
football		n.	Fußball
hate		v.	hassen
james		n.	James
led		v.	führen
looked		v.	sehen
lower		v.	senken
lower		adj.	nieder
natural		adj.	natürlich
october		n.	Oktober
property		n.	Eigentum
property		n.	Eigenschaft
quality		n.	Qualität
send		v.	senden
style		n.	Stil
vote		v.	abstimmen
vote		n.	Abstimmung
wysiwyg		n.	WYSIWYG
amazing		adj.	erstaunlich
august		adj.	august
blood		n.	Blut
china		n.	Porzellan
complete		adj.	voll
complete		v.	vervollständigen
dog		n.	Hund
e-business		n.	E-Commerce
economic		adj.	Wirtschafts-
first-rate		adj.	erstklassig
hell		n.	enfer.inferno
involved		adj.	beteiligt
itself		pron.	selbst
language		n.	Sprache
lord		n.	Herr
november		n.	November
oil		n.	Öl
oil		n.	Erdöl
related		adj.	verwandt
serious		adj.	ernst
stage		n.	Phase etapa
terms		n.	Bedingungen
title		n.	Titel
add		v.	hinzufügen
article		n.	Artikel
attack		v.	angreifen
attack		n.	Angriff
born		v.	geboren werden
damn		int.	verdammt
decided		v.	entscheiden
decision		n.	Entscheidung
enjoy		v.	genießen
entire		adj.	gesamt
french		adj.	französisch
french		n.	Französisch
january		n.	Januar
kill		v.	töten
met		v.	treffen
perhaps		adv.	vielleicht
poor		adj.	arm
release		v.	veröffentlichen
situation		n.	Lage
technology		n.	Technologie
turned		v.	drehen
website		n.	Website
written		adj.	geschrieben
add-on		n.	Erweiterung
choice		n.	Wahl
code		n.	Code
considered		adj.	bedacht
continue		v.	fortfahren
council		n.	Rat
cover		v.	decken
cover		n.	Deckel
currently		adv.	derzeit
door		n.	Tür
election		n.	Wahl
european		adj.	europäisch
events		n.	Ereignis
financial		adj.	finanziell
foreign		adj.	fremd
hair		n.	Haar
increase		v.	zunehmen
increase		n.	Zuwachs
legal		adj.	legal
lose		v.	verlieren
michael		n.	Michael
pick		v.	auswählen
race		n.	Rasse
race		n.	Rennen
seem		v.	scheinen
seven		num.	sieben
sign		n.	Zeichen
sign		v.	unterschreiben
simple		adj.	einfach
simply		adv.	lediglich
staff		n.	Personal
super		adj.	super
union		n.	Union
walk		v.	gehen
walk		n.	Spaziergang
washington		n.	Washington
bed		n.	Bett
began		v.	beginnen
built		v.	bauen
career		n.	Karriere
changed		v.	ändern
crazy		adj.	verrückt
daily		adj.	täglich
daughter		n.	Tochter
december		n.	Dezember
die		v.	sterben
difficult		adj.	schwierig
figure		n.	Zahl
figure		n.	Gestalt
hospital		n.	Krankenhaus
knows		v.	wissen
loss		n.	Verlust
modern		adj.	modern
ones		pron.	einer
paper		n.	Papier
parts		n.	Teil
popular		adj.	beliebt
published		v.	veröffentlichen
safe		adj.	sicher
starting		v.	beginnen
systems		n.	System
version		n.	Version
voice		n.	Stimme
whose		pron.	wessen
writing		n.	Schreiben
army		n.	Armee
australia		n.	Australien
earth		n.	Erde
forget		v.	vergessen
goal		n.	Ziel
goal		n.	Tor
huge		adj.	riesig
internet		n.	Internet
listen		v.	zuhören
okay		int.	ok
practice		n.	Praxis
practice		v.	üben
rules		n.	Regel
sea		n.	See
sir		n.	Herr
success		n.	Erfolg
towards		prep.	gegenüber
waiting		v.	warten
ways		n.	Weise
ways		n.	Weg
access		n.	Zugriff
base		n.	Basis
below		adv.	unten
created		v.	erschaffen
deep		adj.	tief
followed		v.	folgen
lol		int.	lol
mark		n.	Zeichen
missing		adj.	fehlend
offer		v.	anbieten
pass		v.	passen
professional		adj.	beruflich
released		v.	veröffentlichen
risk		n.	Risiko
schools		n.	Schule
sleep		v.	schlafen
sleep		n.	Schlaf
table		n.	Tisch
ten		num.	zehn
truth		n.	Wahrheit
ball		n.	Ball
box		n.	Kasten
build		v.	bauen
card		n.	Karte
cases		n.	Fall
dark		adj.	dunkel
district		n.	Bezirk
europe		n.	Europa
george		n.	George
india		n.	Indien
mine		pron.	mein
mine		n.	Grube
minister		n.	Minister
note		n.	Notiz
percent		n.	Prozent
piece		n.	Stück
products		n.	Produkt
recent		adj.	neuerlich
seeing		v.	sehen
straight		adj.	gerade
visit		v.	besuchen
visit		n.	Besuch
wall		n.	Wand
wanna		v.	wollen
wrote		v.	schreiben
allowed		adj.	erlaubt
boys		n.	Junge
culture		n.	Kultur
etc		adv.	etc.
fans		n.	Fan
february		n.	Februar
gives		v.	geben
growth		n.	Wachstum
included		v.	einschließen
married		adj.	verheiratet
officer		n.	Offizier
pain		n.	Schmerz
paul		n.	Paul
places		n.	Ort
respect		n.	Achtung
response		n.	Antwort
river		n.	Fluss
rock		n.	Fels
shall		v.	(werden)
speak		v.	sprechen
specific		adj.	spezifisch
standard		n.	Standard
tonight		adv.	heute Abend
write		v.	schreiben
album		n.	Album
century		n.	Jahrhundert
charge		v.	berechnen
cold		adj.	kalt
create		v.	erschaffen
effect		n.	Effekt
eight		num.	acht
except		prep.	außer
eye		n.	Auge
funny		adj.	lustig
limited		adj.	begrenzt
moving		adj.	beweggt
network		n.	Netzwerk
peace		n.	Frieden
provided		conj.	vorausgesetzt
recently		adv.	kürzlich
required		adj.	erforderlich
sales		n.	Verkäufe
spent		v.	verbringen
store		n.	Geschäft
student		n.	Student
tomorrow		n.	Morgen
track		n.	Track
via		prep.	über
watching		v.	schauen
weight		n.	Gewicht
addition		n.	Addition
ahead		adv.	voraus
allow		v.	erlauben
anti		prep.	anti
association		n.	Verein
beat		v.	schlagen
brown		n.	Braun
capital		n.	Hauptstadt
chinese		adj.	chinesisch
committee		n.	Ausschuss
conference		n.	Konferenz
difference		n.	Unterschied
double		v.	verdoppeln
expect		v.	erwarten
gas		n.	Gas
gas		n.	Benzin
island		n.	Insel
moved		v.	sich bewegen
moved		v.	bewegen
normal		adj.	normal
normal		n.	Normal
plans		n.	Plan
population		n.	Bevölkerung
potential		adj.	potenziell
potential		n.	Potenzial
pressure		n.	Druck
radio		n.	Radio
russian		adj.	russisch
station		n.	Bahnhof
station		n.	Station
text		n.	Text
treatment		n.	Behandlung
western		adj.	westlich
ass		n.	Arsch
ass		n.	Esel
beginning		n.	Anfang
california		n.	Kalifornien
campaign		n.	Kampagne
certainly		adv.	sicher
completely		adv.	völlig
content		n.	Inhalt
content		adj.	zufrieden
credit		n.	Kredit
credit		n.	Leistungspunkt
cross		v.	überqueren
cross		n.	Kreuz
described		v.	beschreiben
despite		prep.	trotz
female		adj.	weiblich
female		n.	Weibchen
focus		v.	konzentrieren
focus		n.	Fokus
hi		int.	hallo
husband		n.	Ehemann
ice		n.	Eis
individual		adj.	einzel
individual		n.	Einzelperson
interesting		adj.	interessant
join		v.	beitreten
kept		v.	behalten
leading		adj.	führend
loved		v.	lieben
message		n.	Nachricht
miles		n.	Meile
nearly		adv.	beinahe
particular		adj.	besonders
previous		adj.	previous
quickly		adv.	schnell
region		n.	Region
reported		v.	berichten
section		n.	Abschnitt
sort		n.	Art
sort		v.	sortieren
speed		n.	Geschwindigkeit
travel		v.	reisen
travel		n.	Reise
consider		v.	erwägen
contact		n.	Kontakt
contact		v.	kontaktieren
drop		v.	fallen
drop		n.	Tropfen
fair		adj.	fair
fair		n.	Messe
feet		n.	Füße
jesus		n.	Jesus
kid		n.	Kind
link		n.	Link
positive		adj.	positiv
post-training		n.	Nachtraining
sale		n.	Verkauf
throughout		prep.	durchout
tour		n.	Tour
welcome		v.	willkommen
absolutely		adv.	absolut
additional		adj.	zusätzlich
beyond		prep.	jenseits
conditions		n.	Bebedingungen
earlier		adv.	früher
extra		adj.	zusätzlich
forces		n.	Kräfte
immediately		adv.	sofort
jobs		n.	Jobs
leaving		v.	verlassen
minute		n.	Minute
nature		n.	Natur
numbers		n.	Zahlen
quick		adj.	schnell
sell		v.	verkaufen
significant		adj.	bedeutend
studies		n.	Studien
unless		conj.	es sei denn
winning		v.	gewinnen
agree		v.	zustimmen
canada		n.	Kanada
clean		adj.	sauber
computer		n.	Computer
construction		n.	Konstruktion
episode		n.	Folge
favorite		adj.	Lieblings-
income		n.	Einkommen
justice		n.	Gerechtigkeit
levels		n.	Stufen
manager		n.	Manager
movement		n.	Bewegung
photo		n.	Foto
posted		v.	veröffentlichen
safety		n.	Sicherheit
scene		n.	Szene
sold		v.	verkaufen
sounds		n.	Klänge
spend		v.	ausgeben
statement		n.	Erklärung
sun		n.	Sonne
teams		n.	Teams
they're		pron.	sie sind
ability		n.	Fähigkeit
announced		v.	ankündigen
asking		v.	fragen
calling		v.	anrufen
coach		n.	Trainer
collection		n.	Sammlung
continued		v.	fortfahren
costs		n.	Kosten
definitely		adv.	definitiv
designed		v.	entwerfen
expected		v.	erwarten
friday		n.	Freitag
gun		n.	Waffe
happens		v.	passieren
heavy		adj.	schwer
includes		v.	enthalten
knowledge		n.	Wissen
particularly		adv.	besonders
search		v.	suchen
subject		n.	Thema
train		n.	Zug
wide		adj.	breit
wow		int.	wow
author		n.	Autor
centre		n.	Zentrum
claim		v.	behaupten
dad		n.	Papa
developed		adj.	entwickelt
fear		n.	Angst
fit		adj.	fit
fit		v.	passen
generally		adv.	im allgemein
german		adj.	deutsch
global		adj.	global
goals		n.	Ziel
gotta		v.	müssen
hotel		n.	Hotel
interested		adj.	interessiert
judge		n.	Richter
lady		n.	Dame
leader		n.	Führer
letter		n.	Brief
lines		n.	Zeile
material		n.	Werkstoff
named		v.	benennen
nobody		pron.	Niemand
opportunity		n.	Möglichkeit
plus		prep.	plus
product		n.	Produkt
regular		adj.	regelmäßig
secretary		n.	Sekretärin
sister		n.	Schwester
stories		n.	Geschichte
unit		n.	Einheit
workers		n.	Arbeiter
annual		adj.	jährlich
anymore		adv.	nicht mehr
bar		n.	Bar
battle		n.	Schlacht
brain		n.	Gehirn
by-product		n.	Nebenprodukt
contract		n.	Vertrag
degree		n.	Grad
families		n.	Familie
features		n.	Merkmal
finished		v.	beenden
floor		n.	Boden
france		n.	Frankreich
growing		v.	wachsen
hurt		v.	verletzen
image		n.	Bild
insurance		n.	Versicherung
majority		n.	Mehrheit
meant		v.	bedeuten
opening		n.	Eröffnung
opinion		n.	Meinung
physical		adj.	physisch
pro		n.	Profi
reach		v.	erreichen
rule		n.	Regel
seriously		adv.	ernsthaft
sports		n.	Sport
stupid		adj.	dumm
successful		adj.	erfolgreich
active		adj.	aktiv
administration		n.	Verwaltung
approach		n.	Ansatz
australian		adj.	australisch
biggest		adj.	am größten
cancer		n.	Krebs
civil		adj.	zivil
dance		v.	tanzen
defense		n.	Verteidigung
direction		n.	Richtung
ill		adj.	krank
independent		adj.	unabhängig
master		n.	Meister
none		pron.	keiner
reasons		n.	Grund
russia		n.	Russland
ship		n.	Schiff
stock		n.	Aktie
trump		n.	Trumpf
weekend		n.	Wochenende
wonder		v.	sich fragen
worst		adj.	schlechteste
africa		n.	Afrika
awesome		adj.	großartig
band		n.	Band
beach		n.	Strand
cash		n.	Bargeld
clearly		adv.	klar
commercial		adj.	kommerziell
compared		v.	vergleichen
effort		n.	Anstrengung
ended		v.	enden
fan		n.	Fan
fighting		v.	kämpfen
imagine		v.	sich vorstellen
impact		n.	Auswirkung
lack		n.	Mangel
latest		adj.	neueste
learning		n.	Lernen
multiple		adj.	mehrfach
older		adj.	älter
operation		n.	Operation
organization		n.	Organisation
passed		v.	vorbeikommen
pictures		n.	Bild
protect		v.	schützen
secret		n.	Geheimnis
secret		adj.	geheim
senior		adj.	älter
spring		n.	Frühling
sunday		n.	Sonntag
telling		v.	sagen
wear		v.	tragen
activities		n.	Aktivität
address		n.	Adresse
address		v.	adressieren
analysis		n.	Analyse
anyway		adv.	sowieso
bought		v.	kaufen
calls		n.	Anruf
choose		v.	wählen
christmas		n.	Weihnachten
color		n.	Farbe
commission		n.	Kommission
competition		n.	Wettbewerb
details		n.	Detail
direct		adj.	direkt
direct		v.	leiten
dream		n.	Traum
easily		adv.	leicht
finish		v.	beenden
grand		adj.	groß
increased		adj.	gestiegen
indian		adj.	indisch
literally		adv.	wörtlich
luck		n.	Glück
marriage		n.	Ehe
names		n.	Name
necessary		adj.	nötig
patients		n.	Patient
resources		n.	Ressource
rich		adj.	reich
skin		n.	Haut
speaking		v.	sprechen
supposed		adj.	vermutlich
sweet		adj.	süß
sweet		n.	Süßigkeit
thus		adv.	daher
touch		v.	berühren
yesterday		n.	gestern
caught		v.	fangen
closed		adj.	geschlossen
congress		n.	Kongress
damage		n.	Schaden
directly		adv.	unmittelbar
disease		n.	Krankheit
doctor		n.	Arzt
doubt		n.	Zweifel
drink		v.	trinken
driving		v.	fahren
established		adj.	etabliert
feels		v.	fühlen
fish		n.	Fisch
gay		adj.	schwul
germany		n.	Deutschland
glad		adj.	froh
greater		adj.	größer
grow		v.	wachsen
largest		adj.	größter
machine		n.	Maschine
notice		v.	bemerken
notice		n.	Mitteilung
overall		adj.	insgesamt
overall		adv.	im Ganzen
overall		n.	Overall
planning		v.	planen
professor		n.	Professor
programs		n.	Programm
records		n.	Aufnahme
reports		n.	Bericht
reports		v.	berichten
shown		v.	zeigen
sit		v.	sitzen
trip		n.	Reise
trip		v.	stolpern
we're		pron.	wir sind
associated		v.	assoziiieren
associated		adj.	assoziiert
basic		adj.	grundlegend
captain		n.	Kapitän
carry		v.	tragen
cars		n.	Auto
crime		n.	Verbrechen
effective		adj.	wirksam
effects		n.	Wirkung
explain		v.	erklären
front-page		adj.	auf der Titelseite
fully		adv.	vollständig
fyi		int.	zur Info
highly		adv.	hoch
holding		v.	halten
holding		n.	Beteiligung
japan		n.	Japan
laws		n.	Gesetz
male		adj.	männlich
male		n.	Mann
parties		n.	Party
parties		n.	Partei
plant		n.	Pflanze
plant		n.	Fabrik
plant		v.	pflanzen
reality		n.	Realität
smith		n.	Smith
spot		n.	Ort
spot		v.	entdecken
texas		n.	Texas
winter		n.	Winter
worse		adj.	schlechter
advice		n.	Rat
agreement		n.	Vereinbarung
award		n.	Preis
award		v.	verleihen
block		n.	Quartier
block		v.	blockieren
block		n.	Block
broken		adj.	kaputt
caused		v.	verursachen
challenge		n.	Herausforderung
challenge		v.	herausfordern
characters		n.	Zeichen
characters		n.	Figur
christian		n.	Christ
christian		adj.	christlich
comment		n.	Kommentar
comment		v.	kommentieren
equipment		n.	Ausrüstung
eventually		adv.	schließlich
helped		v.	helfen
holy		adj.	heilig
killing		n.	Tötung
killing		v.	töten
killing		adj.	tödlich
lived		v.	leben
lots		n.	viel
lots		n.	Menge
nation		n.	Nation
otherwise		adv.	sonst
peter		v.	versiegen
prices		n.	Preis
primary		adj.	primär
purpose		n.	Zweck
rates		n.	Preis
rates		n.	Rate
responsible		adj.	verantwortlich
shop		n.	Laden
shop		v.	einkaufen
showing		v.	zeigen
showing		n.	Vorstellung
sick		adj.	krank
teacher		n.	Lehrer
theory		n.	Theorie
uses		v.	benutzen
uses		n.	Nutzung
william		n.	William
agency		n.	Agentur
avoid		v.	vermeiden
camera		n.	Kamera
catch		v.	fangen
catch		n.	Haken
cell		n.	Zelle
coast		n.	Küste
comments		n.	Kommentar
drug		n.	Arzneimittel
drug		n.	Droge
economy		n.	Wirtschaft
environment		n.	Umwelt
executive		n.	Führungskraft
executive		adj.	geschäftsführend
foot		n.	Fuß
hall		n.	Halle
mass		n.	Masse
meaning		n.	Bedeutung
mission		n.	Mission
nine		num.	neun
officers		n.	Beamter
operations		n.	Betrieb
operations		n.	Operation
politics		n.	Politik
pop		v.	platzen
pop		n.	Pop
produced		v.	produced
ran		v.	laufen
ran		v.	leiten
saturday		n.	Samstag
self-attention		n.	Selbstaufmerksamkeit
status		n.	Status
therefore		adv.	deshalb
trial		n.	Prozess
trial		n.	Probe
truly		adv.	wirklich
weather		n.	Wetter
activity		n.	Aktivität
app		n.	App
application		n.	Anwendung
application		n.	Antrag
claims		v.	behaupten
claims		n.	Anspruch
coffee		n.	Kaffee
complex		adj.	komplex
complex		n.	Komplex
condition		n.	Bedingung
condition		n.	Zustand
division		n.	Abteilung
division		n.	Division
evening		n.	Abend
flight		n.	Flug
freedom		n.	Freiheit
google		n.	Google
heat		n.	Hitze
highest		adj.	höchste
interview		n.	Vorstellungsgespräch
interview		n.	Interview
library		n.	Bibliothek
located		v.	located
location		n.	Lage
murder		v.	ermorden
murder		n.	Mord
offered		v.	anbieten
pop-up		adj.	Popup
pop-up		n.	Popup
putting		v.	legen
queen		n.	Königin
seconds		n.	Sekunde
showed		v.	zeigen
sitting		n.	Sitzen
standing		n.	Stehen
stars		n.	Stern
walking		v.	Gehen
accept		v.	akzeptieren
actual		adj.	tatsächlich
appear		v.	erscheinen
attempt		v.	versuchen
broke		adj.	pleite
channel		n.	Kanal
distance		n.	Entfernung
eating		v.	Essen
exchange		n.	Austausch
fat		adj.	fett
fell		v.	fallen
finding		n.	Fund
glass		n.	Glas
learned		adj.	gelehrt
losing		v.	Verlust
mobile		adj.	mobil
northern		adj.	nördlich
opened		v.	öffnen
placed		v.	platzieren
placed		n.	Ort
powerful		adj.	mächtig
prior		adj.	vorherig
protection		n.	Schutz
reached		v.	erreichen
receive		v.	empfangen
religious		adj.	religiös
ride		v.	Reiten
robert		n.	Robert
royal		adj.	königlich
screen		n.	Bildschirm
serve		v.	dienen
signed		v.	unterschreiben
slow		adj.	langsam
species		n.	Art
speech		n.	Rede
traffic		n.	Verkehr
tree		n.	Baum
types		n.	Typ
wearing		v.	Tragen
whom		pron.	wen
wonderful		adj.	wunderbar
wtf		int.	carajo
agreed		adj.	einverstanden
airport		n.	Flughafen
animals		n.	Tier
appears		v.	erscheinen
begin		v.	beginnen
benefits		n.	Vorteil
bottom		n.	Unterseite
cities		n.	Stadt
demand		v.	verlangen
engine		n.	Motor
everybody		pron.	jeder
famous		adj.	berühmt
ideas		n.	Idee
investment		n.	Investition
keeping		n.	Aufbewahrung
lie		v.	liegen
lie		v.	lügen
lie		n.	Lüge
notes		n.	Notiz
partner		n.	Partner
plays		v.	spielen
plays		n.	Schauspiel
raised		v.	heben
runs		v.	laufen
runs		v.	betreiben
sad		adj.	traurig
solution		n.	Lösung
songs		n.	Lied
sources		n.	Quelle
southern		adj.	südlich
square		n.	Quadrat
square		adj.	Quadrat-
square		n.	Platz
stopped		v.	anhalten
structure		n.	Struktur
thomas		n.	Thomas
traditional		adj.	traditionell
twice		adv.	zweimal
wind		n.	Wind
worry		v.	sich sorgen
worry		n.	Sorge
americans		n.	Amerikaner
appeared		v.	erscheinen
becomes		v.	werden
brand		n.	Marke
bus		n.	Bus
cent		n.	Cent
chicago		n.	Chicago
count		v.	zählen
covered		v.	bedecken
critical		adj.	kritisch
digital		adj.	digital
forced		v.	zwingen
fourth		num.	vierte
fresh		adj.	frisch
lake		n.	See
mental		adj.	mental
mentioned		v.	erwähnen
missed		v.	verpassen
mostly		adv.	überwiegend
mouth		n.	Mund
owner		n.	Eigentümer
photos		n.	Foto
previously		adv.	zuvor
realize		v.	erkennen
remain		v.	bleiben
scale		n.	Skala
score		n.	Punktzahl
score		v.	punkten
separate		adj.	getrennt
smart		adj.	klug
starts		v.	beginnen
surface		n.	Oberfläche
throw		v.	werfen
tom		n.	Tom
totally		adv.	völlig
views		n.	Sicht
wedding		n.	Hochzeit
acting		n.	Schauspielerei
actions		n.	Aktion
african		adj.	afrikanisch
arms		n.	Waffen
arms		n.	Arme
benefit		n.	Vorteil
benefit		n.	Leistung
budget		n.	Budget
click		v.	klicken
click		n.	Klick
estate		n.	Immobilien
estate		n.	Gut
failed		v.	scheitern
faith		n.	Glaube
faith		n.	Vertrauen
fashion		n.	Mode
fashion		n.	Art
feature		n.	Merkmal
feature		n.	Spezial
fund		n.	Fonds
fund		v.	finanzieren
generation		n.	Generation
generation		n.	Erzeugung
hearing		n.	Gehör
hearing		n.	Anhörung
hill		n.	Hügel
jack		n.	Jack
larger		adj.	größer
livehouse		n.	Konzerthaus
louis		n.	Louis
metal		n.	Metall
metal		n.	Metal
mid		adj.	mittel
paris		n.	Paris
profile		n.	Profil
pull		v.	ziehen
pull		n.	Zug
push		v.	drücken
push		n.	Schub
returned		v.	zurückkehren
returned		v.	zurückgeben
rose		v.	steigen
seat		n.	Sitz
seat		v.	setzen
seemed		v.	scheinen
sexual		adj.	geschlechtlich
target		n.	Ziel
target		v.	zielen
understanding		n.	Verständnis
understanding		adj.	einfühlsam
village		n.	Dorf
wwi		n.	Erster Weltkrieg
agent		n.	Agent
animal		n.	Tier
apply		v.	beantragen
apply		v.	anwenden
authority		n.	Autorität
authority		n.	Behörde
basis		n.	Basis
becoming		v.	werden
chris		n.	Chris
draw		v.	zeichnen
draw		v.	anziehen
draw		n.	Unentschieden
dude		n.	Typ
employees		n.	Angestellter
enter		v.	eintreten
enter		v.	eingeben
follows		v.	folgen
foundation		n.	Fundament
foundation		n.	Stiftung
gain		v.	gewinnen
gain		n.	Gewinn
individuals		n.	Einzelne
japanese		adj.	japanisch
japanese		n.	Japanisch
leaders		n.	Führer
memory		n.	Gedächtnis
memory		n.	Speicher
prime		adj.	primär
projects		n.	Projekt
ring		n.	Ring
rise		v.	steigen
selling		v.	verkaufen
served		v.	dienen
silver		n.	Silber
soul		n.	Seele
spread		v.	verbreiten
supply		n.	Versorgung
supply		v.	liefern
waste		v.	verschwenden
waste		n.	Abfall
weird		adj.	seltsam
adult		n.	Erwachsener
apparently		adv.	offenbar
artist		n.	Künstler
chairman		n.	Vorsitzender
edition		n.	Auflage
engineering		n.	Ingenieurwesen
grade		n.	Note
grade		n.	Klassenstufe
happening		n.	Ereignis
healthy		adj.	gesund
institute		n.	Institut
method		n.	Methode
mike		n.	Mikrofon
monday		n.	Montag
nations		n.	Nation
obviously		adv.	offensichtlich
option		n.	Option
prison		n.	Gefängnis
provides		v.	bereitstellen
remains		n.	Überreste
remains		v.	bleiben
senate		n.	Senat
smaller		adj.	kleiner
somebody		pron.	jemand
stone		n.	Stein
strength		n.	Stärke
users		n.	Benutzer
wild		adj.	wild
window		n.	Fenster
winner		n.	Gewinner
arrived		v.	ankommen
bag		n.	Tasche
bet		v.	wetten
camp		n.	Lager
cast		v.	werfen
cast		n.	Besetzung
christ		n.	Christus
continues		v.	fortfahren
correct		adj.	richtig
correct		v.	korrigieren
dangerous		adj.	gefährlich
extremely		adv.	extrem
firm		n.	Firma
firm		adj.	fest
greatest		adj.	größte
handle		v.	behändeln
handle		n.	Griff
improve		v.	verbessern
indeed		adv.	tatsächlich
leaves		n.	Blatt
leaves		v.	verlassen
movies		n.	Film
negative		adj.	negativ
prevent		v.	verhindern
removed		v.	entfernen
richard		n.	Richard
spirit		n.	Geist
television		n.	Fernsehen
till		prep.	bis
trouble		n.	Ärger
usa		n.	USA
videos		n.	Video
advantage		n.	Vorteil
apart		adv.	getrennt
aware		adj.	bewusst
cat		n.	Katze
customers		n.	Kunde
decide		v.	entscheiden
dinner		n.	Abendessen
dollars		n.	Dollar
eastern		adj.	östlich
fifth		num.	fünfte
function		n.	Funktion
gift		n.	Geschenk
helping		v.	helfen
herself		pron.	sie selbst
impossible		adj.	unmöglich
influence		n.	Einfluss
items		n.	Artikel
joe		n.	Joe
marketing		n.	Marketing
mary		n.	Marie
materials		n.	Material
nor		conj.	auch nicht
produce		v.	produzieren
progress		n.	Fortschritt
proud		adj.	stolz
require		v.	benötigen
shooting		n.	Schießen
shut		v.	schließen
standards		n.	Standard
tells		v.	sagen
thinks		v.	denken
van		n.	Transporter
wasn't		v.	war nicht
wood		n.	Holz
background		n.	Hintergrund
birth		n.	Geburt
bridge		n.	Brücke
carried		v.	tragen
charles		n.	Karl
classes		n.	Klasse
completed		v.	abschließen
concept		n.	Konzept
copy		v.	kopieren
dear		adj.	liebe
dogs		n.	Hund
drugs		n.	Droge
efforts		n.	Anstrengung
garden		n.	Garten
host		n.	Gastgeber
housing		n.	Wohnung
israel		n.	Israel
journal		n.	Zeitschrift
labor		n.	Arbeit
leadership		n.	Führung
length		n.	Länge
lucky		adj.	Glück
neither		conj.	auch nicht
neither		pron.	keiner von beiden
onto		prep.	auf
patient		n.	Patient
possibly		adv.	möglicherweise
prove		v.	beweisen
rare		adj.	selten
setting		n.	Einstellung
skills		n.	Fähigkeiten
software		n.	Software
thousands		num.	Tausende
tough		adj.	schwer
units		n.	Einheiten
alive		adj.	lebendig
apple		n.	Apfel
balance		n.	Gleichgewicht
birthday		n.	Geburtstag
bitch		n.	Schlampe
boss		n.	Chef
cards		n.	Karten
changing		v.	ändern
connection		n.	Verbindung
diy		n.	Basteln
dress		n.	Kleid
easier		adj.	leichter
fellow		n.	Typ
florida		n.	Florida
horse		n.	Pferd
knowing		v.	wissen
liked		v.	mögen
magic		n.	Magie
managed		v.	verwalten
map		n.	Karte
mar		v.	verderben
net		n.	Netz
owned		v.	besitzen
request		n.	Anfrage
she's		pron.	sie
stick		n.	Stock
turns		v.	drehen
vehicle		n.	Fahrzeug
volume		n.	Lautstärke
wake		v.	aufwachen
aid		n.	Hilfe
beauty		n.	Schönheit
believed		v.	glauben
billion		num.	Milliarde
busy		adj.	besetzt
buying		v.	Kaufen
cells		n.	Zellen
concerned		adj.	besorgt
conversation		n.	Dialog
corner		n.	Ecke
criminal		n.	Krimineller
cultural		adj.	kulturell
develop		v.	entwickeln
driver		n.	Fahrer
ends		v.	enden
existing		adj.	bestehend
farm		n.	Farm
file		n.	Datei
fix		v.	reparieren
fly		n.	Fliege
fly		v.	fliegen
frank		adj.	aufrichtig
guide		n.	Führer
guide		v.	führen
images		n.	Bild
investigation		n.	Untersuchung
mexico		n.	Mexiko
operating		adj.	Betriebs-
paying		v.	zahlen
presented		v.	präsentieren
raise		v.	erheben
responsibility		n.	Verantwortung
roll		v.	rollen
roll		n.	Rolle
slightly		adv.	leicht
suggest		v.	vorschlagen
surprise		n.	Überraschung
surprise		v.	überraschen
technical		adj.	technisch
thoughts		n.	Gedanke
treat		v.	behandeln
unique		adj.	einzigartig
variety		n.	Vielfalt
violence		n.	Gewalt
weapons		n.	Waffe
yours		pron.	dein
youth		n.	Jugend
appreciate		v.	schätzen
bigger		adj.	größer
breaking		v.	brechen
discovered		v.	entdecken
dry		adj.	trocken
edge		n.	Rand
evil		adj.	böse
excited		adj.	aufgeregt
forever		adv.	für immer
funds		n.	Geld
helps		v.	helfen
henry		n.	Heinrich
injury		n.	Verletzung
iron		n.	Eisen
lovely		adj.	reizend
mad		adj.	verrückt
magazine		n.	Zeitschrift
martin		n.	Martin
models		n.	Modell
offers		v.	anbieten
ordered		v.	bestellen
parliament		n.	Parlament
prepared		adj.	bereit
reference		n.	Referenz
religion		n.	Religion
sites		n.	Stelle
somewhere		adv.	irgendwo
stated		v.	erklären
strategy		n.	Strategie
teachers		n.	Lehrer
web		n.	Netz
wine		n.	Wein
accounts		n.	Konto
arm		n.	Arm
audience		n.	Publikum
bay		n.	Bucht
blog		n.	Blog
closer		adj.	näher
core		n.	Kern
democratic		adj.	demokratisch
description		n.	Beschreibung
dropped		v.	fallen
excellent		adj.	ausgezeichnet
exist		v.	existieren
figures		n.	Zahl
forms		n.	Form
guard		v.	bewachen
honest		adj.	ehrlich
issued		v.	herausgeben
joined		v.	beitreten
jones		n.	Jones
lee		n.	Lee
lies		v.	liegen
likes		v.	mögen
medicine		n.	Arznei
mention		v.	erwähnen
mountain		n.	Berg
nuclear		adj.	nuklear
orders		n.	Bestellung
port		n.	Hafen
presence		n.	Anwesenheit
reaction		n.	Reaktion
reduce		v.	verringern
shoot		v.	schießen
sides		n.	Seite
solid		adj.	fest
spanish		n.	Spanisch
sport		n.	Sport
steps		n.	Schritt
stress		n.	Stress
taste		n.	Geschmack
tea		n.	Tee
victory		n.	Sieg
afternoon		n.	Nachmittag
assistant		n.	Assistent
britain		n.	Großbritannien
citizens		n.	Bürger
classic		adj.	klassisch
clothes		n.	Kleidung
decisions		n.	Entscheidung
electric		adj.	elektrisch
emergency		n.	Notfall
entered		v.	eintreten
entirely		adv.	völlig
facts		n.	Tatsache
failure		n.	Misserfolg
festival		n.	Fest
flat		adj.	flat
fuel		n.	Kraftstoff
harry		n.	Harry
hello		int.	hallo
houses		n.	Haus
initial		adj.	ursprünglich
introduced		v.	vorstellen
johnson		n.	Johnson
kick		v.	treten
links		n.	Link
mail		n.	Post
massive		adj.	massiv
matters		n.	Angelegenheit
matters		v.	wichtig sein
pair		n.	Paar
picked		v.	auswählen
pieces		n.	Stück
plane		n.	Flugzeug
plenty		n.	Überfluss
prince		n.	Prinz
proper		adj.	angemessen
providing		conj.	vorausgesetzt
quarter		n.	Viertel
regional		adj.	Regional-
scott		n.	Scott
session		n.	Sitzung
shape		n.	Form
sky		n.	Himmel
teaching		n.	Unterricht
toward		prep.	gegen
transfer		v.	übertragen
upper		adj.	oberer
useful		adj.	nützlich
valley		n.	Tal
watched		v.	ansehen
willing		adj.	bereit
windows		n.	Fenster
you'll		pron.	du wirst
zone		n.	Zone
accident		n.	Unfall
advanced		adj.	fortgeschritten
alternative		n.	Alternative
alternative		adj.	alternativ
anywhere		adv.	überall
articles		n.	Artikel
awards		n.	Preis
bear		n.	Bär
bear		v.	ertragen
boat		n.	Boot
bringing		v.	bringen
capacity		n.	Kapazität
capacity		n.	Fähigkeit
cheap		adj.	günstig
climate		n.	Klima
communities		n.	Gemeinschaft
discussion		n.	Diskussion
drinking		v.	trinken
duty		n.	Pflicht
fantastic		adj.	fantastisch
feelings		n.	Gefühl
flying		v.	fliegen
governor		n.	Gouverneur
hundred		num.	hundert
industrial		adj.	industriell
joint		n.	Gelenk
joint		adj.	gemeinsam
mix		v.	mischen
mix		n.	Mix
museum		n.	Museum
options		n.	Option
path		n.	Pfad
plants		n.	Pflanze
policies		n.	Politik
promise		v.	versprechen
promise		n.	Versprechen
proposed		adj.	vorgeschlagen
proposed		v.	vorschlagen
purchase		v.	kaufen
purchase		n.	Kauf
rain		n.	Regen
rain		v.	regnen
remove		v.	entfernen
signs		n.	Schild
signs		v.	unterschreiben
spending		n.	Ausgaben
steel		n.	Stahl
steve		n.	Steve
supporting		adj.	unterstützend
terrible		adj.	schrecklich
tired		adj.	müde
treated		v.	behandeln
turning		v.	drehen
vice		n.	Vize-
vice		n.	Laster
warm		adj.	warm
warm		v.	wärmen
afraid		adj.	ängstlich
arts		n.	Kunst
beer		n.	Bier
border		n.	Grenze
canadian		adj.	kanadisch
command		n.	Befehl
command		v.	befehlen
crew		n.	Besatzung
crowd		n.	Menge
dating		v.	daten
dick		n.	Dick
elements		n.	Element
enemy		n.	Feind
ensure		v.	sicherstellen
environmental		adj.	Umwelt-
filled		adj.	gefüllt
filled		v.	füllen
fixed		adj.	fest
fixed		v.	reparieren
forest		n.	Wald
intelligence		n.	Intelligenz
intelligence		n.	Nachrichtendienst
intended		adj.	beabsichtigt
labour		n.	Arbeit
limit		n.	Grenze
limit		v.	begrenzen
moon		n.	Mond
ocean		n.	Ozean
powers		n.	Macht
profit		n.	Gewinn
proof		n.	Beweis
republican		n.	Republikaner
republican		adj.	republikanisch
soldiers		n.	Soldat
suit		n.	Anzug
suit		v.	passen
wins		v.	gewinnen
women's		n.	Damen-
appearance		n.	Erscheinung
appearance		n.	Auftreten
apr		n.	April
asian		adj.	asiatisch
asian		n.	Asiate
attorney		n.	Rechtsanwalt
banks		n.	Bank
behavior		n.	Verhalten
ben		n.	Ben
bodies		n.	Körper
brothers		n.	Bruder
buildings		n.	Gebäude
chair		n.	Stuhl
chair		n.	Vorsitzender
creating		v.	schaffen
debt		n.	Schulden
domestic		adj.	inländisch
domestic		adj.	Haus-
expensive		adj.	teuer
grew		v.	wachsen
grew		v.	steigen
historical		adj.	historisch
homes		n.	Zuhause
homes		n.	Wohnhaus
honestly		adv.	ehrlich
honor		n.	Ehre
honor		v.	ehren
jump		v.	springen
jump		n.	Sprung
launch		v.	starten
launch		v.	auf den Markt bringen
listed		adj.	notiert
listed		v.	auflisten
minimum		n.	Minimum
minimum		adj.	Mindest-
native		adj.	einheimisch
noted		adj.	bekannt
originally		adv.	ursprünglich
planned		adj.	geplant
ray		n.	Strahl
sets		n.	Menge
suddenly		adv.	plötzlich
supreme		adj.	höchst
survey		n.	Umfrage
survey		v.	umfragen
tech		n.	Technik
trees		n.	Baum
unitedstates		n.	USA
update		v.	aktualisieren
update		n.	Aktualisierung
user		n.	Benutzer
writer		n.	Autor
yellow		adj.	gelb
yellow		n.	Gelb
younger		adj.	jünger
ancient		adj.	antiguo
attacks		n.	Angriff
attacks		v.	angreifen
charges		n.	Anklage
charges		v.	berechnen
combined		adj.	kombiniert
combined		v.	kombinieren
communication		n.	Kommunikation
connected		adj.	verbunden
connected		v.	verbinden
contains		v.	enthalten
download		v.	herunterladen
download		n.	Download
email		n.	E-Mail
ending		n.	Ende
exercise		n.	Übung
exercise		v.	sich bewegen
express		v.	ausdrücken
express		adj.	Schnell-
express		n.	Schnellzug
flow		n.	Fluss
flow		v.	fließen
formed		v.	bilden
girlfriend		n.	Freundin
hero		n.	Held
illegal		adj.	illegal
increasing		adj.	steigend
joke		n.	Witz
joke		v.	Scherze machen
loan		n.	Darlehen
loan		v.	leihen
methods		n.	Methode
officials		n.	Beamte
omg		int.	OH MEIN GOTT
performed		v.	auftreten
performed		v.	ausführen
planet		n.	Planet
relationships		n.	Beziehung
restaurant		n.	Restaurant
scotland		n.	Schottland
selected		adj.	ausgewählt
shared		adj.	geteilt
shopping		n.	Einkaufen
shopping		v.	shopping
soft		adj.	weich
stuck		adj.	festgesteckt
sugar		n.	Zucker
suggested		v.	vorgeschlagen
supported		v.	unterstützt
surprised		adj.	überrascht
taught		v.	gelehrt
transport		n.	Transport
wouldn't		v.	nicht wollen
accepted		v.	akzeptiert
adding		v.	hinzufügen
affairs		n.	Angelegenheiten
allows		v.	erlauben
appeal		n.	Appell
applied		v.	angewendet
appropriate		adj.	angemessen
artists		n.	Künstler
boston		n.	Boston
confirmed		v.	bestätigt
device		n.	Gerät
drama		n.	Drama
entry		n.	Eintrag
era		n.	Ära
factor		n.	Faktor
feed		n.	Feed
golden		adj.	golden
grant		n.	Zuschuss
grown		v.	gewachsen
heads		n.	Köpfe
hoping		v.	hoffen
keeps		v.	behalten
lawyer		n.	Anwalt
legs		n.	Beine
lying		v.	liegen
measures		n.	Maßnahmen
mistake		n.	Fehler
muslim		n.	Muslim
organizations		n.	Organisationen
platform		n.	Plattform
pool		n.	Pool
pulled		v.	gezogen
regarding		prep.	bezüglich
relations		n.	Beziehungen
requires		v.	erfordern
route		n.	Route
saved		v.	gespeichert
schedule		n.	Zeitplan
scientific		adj.	wissenschaftlich
shoes		n.	Schuhe
smoke		n.	Rauch
squad		n.	Truppe
teach		v.	lehren
testing		n.	Testen
tests		n.	Tests
values		n.	Werte
walked		v.	gehen
williams		n.	Williams
abuse		n.	Missbrauch
abuse		v.	missbrauchen
angry		adj.	wütend
businesses		n.	Geschäft
candidate		n.	Kandidat
comfortable		adj.	bequem
concern		v.	betreffen
concern		n.	Besorgnis
developing		adj.	Entwicklungs-
discuss		v.	diskutieren
elections		n.	Wahl
emotional		adj.	emotional
everywhere		adv.	überall
facilities		n.	Anlage
falling		v.	fallen
fox		n.	Fuchs
grown-up		n.	Erwachsener
guns		n.	Gewehr
hole		n.	Loch
holiday		n.	Urlaub
interests		n.	Interesse
internal		adj.	intern
ireland		n.	Irland
italian		adj.	italienisch
italy		n.	Italien
jersey		n.	Triket
laugh		v.	lachen
leg		n.	Bein
letters		n.	Brief
liberal		adj.	liberal
listening		v.	hören
loves		v.	lieben
lunch		n.	Mittagessen
max		n.	Maximum
milk		n.	Milch
pack		v.	packen
payment		n.	Zahlung
perform		v.	aufführen
recorded		v.	aufzeichnen
relatively		adv.	relativ
sector		n.	Sektor
sharing		v.	teilen
snow		n.	Schnee
storm		n.	Sturm
streets		n.	Straße
strike		v.	streiken
studio		n.	Studio
sub		n.	Ersatz
weak		adj.	schwach
actor		n.	Schauspieler
advance		v.	voranschreiten
apartment		n.	Wohnung
asia		n.	Asien
chain		n.	Kette
chapter		n.	Kapitel
committed		v.	sich verpflichten
confidence		n.	Vertrauen
cook		v.	kochen
cute		adj.	niedlich
equal		adj.	gleich
equal		v.	gleichen
fake		adj.	falsch
fake		n.	Fälschung
finance		n.	Finanzwesen
finance		v.	finanzieren
focused		adj.	fokussiert
hits		n.	Treffer
identity		n.	Identität
journey		n.	Reise
kitchen		n.	Küche
korea		n.	Korea
leads		v.	führen
leads		n.	Hinweis
maintain		v.	erhalten
measure		v.	messen
measure		n.	Maßnahme
numerous		adj.	zahlig
owners		n.	Besitzer
posts		n.	Beitrag
posts		v.	veröffentlichen
properties		n.	Eigenschaft
properties		n.	Immobilie
quiet		adj.	ruhig
revealed		v.	offenbaren
sept		n.	September
specifically		adv.	besonders
split		v.	teilen
split		n.	Spaltung
task		n.	Aufgabe
taxes		n.	Steuer
taylor		n.	Taylor
twenty		num.	zwanzig
urban		adj.	städtisch
acts		v.	handeln
acts		n.	Akt
affected		adj.	betroffen
aircraft		n.	Flugzeug
applications		n.	Antrag
applications		n.	Anwendung
approved		adj.	genehmigt
approximately		adv.	etwa
argument		n.	Argument
argument		n.	Streit
arrested		v.	verhaften
claimed		v.	behaupون
conflict		n.	Konflikt
considering		prep.	in Anbetracht
corporate		adj.	unternehmerisch
debate		n.	Debatte
debate		v.	diskutieren
determined		adj.	entschlossen
distribution		n.	Verteilung
documents		n.	Dokument
escape		v.	flüchten
escape		n.	Flucht
extended		adj.	verlängert
factors		n.	Faktor
faster		adj.	schneller
faster		adv.	schneller
fault		n.	Fehler
fill		v.	füllen
films		n.	Film
flowers		n.	Blume
friendly		adj.	freundlich
ladies		n.	Dame
lay		v.	legen
lights		n.	Licht
millions		num.	Million
mixed		adj.	gemischt
phase		n.	Phase
properly		adv.	richtig
pure		adj.	rein
reduced		adj.	verringert
requirements		n.	Anforderung
residents		n.	Einwohner
revenue		n.	Einnahmen
sam		n.	Sam
sat		v.	sitzen
secure		adj.	sicher
smile		v.	lächeln
strange		adj.	seltsam
talent		n.	Talent
temperature		n.	Temperatur
thousand		num.	Tausend
tony		n.	Tony
troops		n.	Truppen
truck		n.	Lastwagen
votes		n.	Stimme
authorities		n.	Behörden
basically		adv.	im Grunde
besides		prep.	außerdem
bird		n.	Vogel
blame		v.	beschuldigen
bob		n.	Bob
bowl		n.	Schüssel
causes		n.	Ursache
chicken		n.	Huhn
collected		v.	sammeln
context		n.	Kontext
coverage		n.	Berichterstattung
determine		v.	bestimmen
display		v.	anzeigen
dying		v.	sterben
elected		adj.	gewählt
examples		n.	Beispiel
experienced		adj.	erfahren
falls		n.	Wasserfall
false		adj.	falsch
fired		v.	entlassen
forgot		v.	vergessen
funding		n.	Finanzierung
identified		v.	identifizieren
incredible		adj.	unglaublich
inspired		v.	inspirieren
launched		v.	starten
meat		n.	Fleisch
ministry		n.	Ministerio
mode		n.	Modus
neck		n.	Hals
noticed		v.	bemerken
novel		n.	Roman
obvious		adj.	offensichtlich
passing		n.	Vorbeifahren
positions		n.	Position
remaining		adj.	verbleibend
scored		v.	erzielen
shirt		n.	Hemd
shots		n.	Schuss
slowly		adv.	langsam
stadium		n.	Stadion
stores		n.	Geschäft
stores		v.	lagern
surgery		n.	Chirurgie
trading		n.	Handel
tuesday		n.	Dienstag
vision		n.	Sehen
vision		n.	Vision
whenever		conj.	wann immer
worried		adj.	besorgt
you've		pron.	du hast
zero		num.	Null
alex		n.	Alex
allowing		v.	erlauben
begins		v.	beginnen
champion		n.	Meister
charged		v.	berechnen
cream		n.	Sahne
crisis		n.	Krise
daniel		n.	Daniel
delivered		v.	liefern
editor		n.	Redakteur
estimated		v.	schätzen
giant		adj.	riesig
giant		n.	Riese
iran		n.	Iran
jail		n.	Gefängnis
jim		n.	Jim
kingdom		n.	Königreich
literature		n.	Literatur
mayor		n.	Bürgermeister
minor		adj.	klein
moments		n.	Moment
opposite		adj.	entgegengesetzt
opposite		prep.	gegenüber
orange		n.	Orange
ourselves		pron.	uns selbst
pages		n.	Seite
remained		v.	bleiben
selection		n.	Auswahl
serving		n.	Portion
serving		v.	dienen
signal		n.	Signal
stream		n.	Bach
stream		v.	streamen
struggle		v.	sich kämpfen
suicide		n.	Selbstmord
talked		v.	sprechen
theme		n.	Thema
thursday		n.	Donnerstag
tiny		adj.	klein
typically		adv.	typisch로는
unfortunately		adv.	leider
usual		adj.	üblich
vehicles		n.	Fahrzeug
virginia		n.	Virginia
voted		v.	abstimmen
voting		n.	Abstimmung
walls		n.	Wand
wave		n.	Welle
wave		v.	winken
alcohol		n.	Alkohol
assembly		n.	Versammlung
breakfast		n.	Frühstück
bright		adj.	hell
brings		v.	bringen
capable		adj.	fähig
carrying		v.	tragen
chosen		adj.	ausgewählt
combination		n.	Kombination
conservative		adj.	konservativ
customer		n.	Kunde
cutting		v.	schneiden
desire		n.	Verlangen
destroyed		v.	zerstören
draft		n.	Entwurf
drunk		adj.	betrunken
essential		adj.	wesentlich
fail		v.	scheitern
familiar		adj.	vertraut
finds		v.	finden
granted		v.	gewähren
guilty		adj.	schuldig
humans		n.	Mensch
hundreds		num.	Hunderte
improved		v.	verbessern
jewish		adj.	jüdisch
largely		adv.	überwiegend
laughing		v.	lachen
markets		n.	Markt
medium		n.	Medium
ohio		n.	Ohio
opportunities		n.	Möglichkeit
papers		n.	Papiere
perfectly		adv.	vollkommen
recommend		v.	empfehlen
referred		v.	erwähnen
relevant		adj.	relevante
seek		v.	suchen
sending		v.	senden
solo		adj.	Solo
spoke		v.	sprechen
stands		v.	stehen
talks		n.	Gespräche
ticket		n.	Fahrkarte
unable		adj.	unfähig
upset		adj.	verärgert
wing		n.	Flügel
answers		n.	Antwort
birds		n.	Vogel
bomb		n.	Bombe
creative		adj.	kreativ
cycle		n.	Kreislauf
dealing		v.	umgehen
directed		v.	regie führen
don		v.	anziehen
educational		adj.	pädagogisch
entertainment		n.	Unterhaltung
extreme		adj.	extrem
facility		n.	Einrichtung
fields		n.	Feld
goods		n.	Waren
hang		v.	hängen
holds		v.	halten
info		n.	Information
mainly		adv.	hauptsächlich
maximum		n.	Maximum
maximum		adj.	maximal
newspaper		n.	Zeitung
nov		n.	Nov
offering		n.	Angebot
painting		n.	Malerei
republic		n.	Republik
reserve		v.	reservieren
reserve		n.	Reserve
returns		n.	Renditen
row		n.	Reihe
salt		n.	Salz
scared		adj.	verängstigt
scottish		adj.	schottisch
shares		n.	Aktien
statistics		n.	Statistik
switch		n.	Schalter
switch		v.	wechseln
territory		n.	Gebiet
threat		n.	Bedrohung
tickets		n.	Tickets
wales		n.	Wales
adults		n.	Erwachsene
affect		v.	beeinflussen
appointed		v.	ernennen
armed		adj.	bewaffnet
aside		adv.	beiseite
assistance		n.	Unterstützung
bell		n.	Glocke
blow		v.	blasen
bond		n.	Anleihе
boyfriend		n.	Freund
careful		adj.	vorsichtig
circumstances		n.	Umstände
communications		n.	Kommunikation
concerns		n.	Bedenken
controlled		v.	kontrollieren
corporation		n.	Korporation
couldn't		v.	pouvoir ne
cry		v.	weinen
danger		n.	Gefahr
deals		n.	Deals
delivery		n.	Lieferung
deserve		v.	verdienen
devices		n.	Geräte
dollar		n.	Dollar
dreams		n.	Träume
empty		adj.	leer
enjoyed		v.	genießen
explained		v.	erklären
faces		n.	Gesichter
folks		n.	Leute
fucked		v.	vögeln
gender		n.	Geschlecht
instance		n.	Instanz
jan		n.	Jan
kim		n.	Kim
kinda		adv.	irgendwie
matches		n.	Spiele
mile		n.	Meile
motion		n.	Bewegung
moves		v.	bewegen
nick		n.	Kerbe
pacific		adj.	pazifisch
prize		n.	Preis
realized		v.	realisieren
reasonable		adj.	vernünftig
receiving		v.	erhalten
register		v.	registrieren
resolution		n.	Beschluss
resolution		n.	Auflösung
rural		adj.	ländlich
ryan		n.	Ryan
saving		n.	Ersparnis
sees		v.	sehen
singing		v.	singen
spain		n.	Spanien
tools		n.	Werkzeuge
typical		adj.	typisch
universe		n.	Univers
warning		n.	Warnung
wars		n.	Kriege
wednesday		n.	Mittwoch
admit		v.	zugeben
attitude		n.	Haltung
branch		n.	Zweig
branch		n.	Filiale
brazil		n.	Brasilien
conducted		v.	durchführen
decades		n.	Jahrzehnte
dedicated		adj.	eigens dafür bestimmt
definition		n.	Definition
drawing		n.	Zeichnung
favor		n.	Gefallen
flag		n.	Flagge
frame		n.	Rahmen
guest		n.	Gast
heaven		n.	Himmel
independence		n.	Unabhängigkeit
institutions		n.	Institution
jackson		n.	Jackson
kiss		v.	küssen
load		n.	Last
plot		n.	Handlung
possibility		n.	Möglichkeit
random		adj.	zufällig
recovery		n.	Genesung
rent		n.	Miete
replace		v.	ersetzen
represent		v.	vertreten
reviews		n.	Rezension
scenes		n.	Szenen
seeking		v.	suchen
senator		n.	Senator
sentence		n.	Satz
sentence		n.	Strafe
teeth		n.	Zähne
tips		n.	Trinkgeld
trained		adj.	trainiert
understood		v.	verstehen
academic		adj.	akademisch
academy		n.	Akademie
academy		n.	Institut
accurate		adj.	präzise
achieve		v.	erreichen
adam		n.	Adam
afford		v.	sich leisten
andrew		n.	Andrew
assume		v.	annehmen
assume		v.	übernehmen
bbc		n.	BBC
bottle		n.	Flasche
bunch		n.	Bund
bunch		n.	Gruppe
category		n.	Kategorie
chat		v.	plaudern
chat		n.	Plauderei
cheese		n.	Käse
chemical		adj.	chemisch
chemical		n.	Chemikalie
clinton		n.	Clinton
competitive		adj.	wettbewerbsfähig
dec		n.	Dez.
detail		n.	Detail
detail		v.	ausführen
diet		n.	Ernährung
diet		n.	Diät
favourite		adj.	Lieblings-
favourite		n.	Favorit
fruit		n.	Obst
harder		adj.	schwieriger
harder		adv.	fleißiger
index		n.	Index
item		n.	Artikel
item		n.	Gegenstand
lane		n.	Gasse
lane		n.	Fahrspur
mess		n.	Chaos
mess		v.	verdurcken
navy		n.	Marine
normally		adv.	normalmente
occurred		v.	geschehen
opposition		n.	Gegenwehr
opposition		n.	Opposition
parent		n.	Elternteil
permanent		adj.	dauerhaft
personally		adv.	persönlich
pleasure		n.	Vergnügen
prefer		v.	vorziehen
programme		n.	Sendung
programme		n.	Programm
representative		n.	Vertreter
representative		adj.	repräsentativ
scheme		n.	Plan
scheme		n.	Schema
shift		v.	verschieben
shift		n.	Rolle
stood		v.	stehen
storage		n.	Speicherung
tank		n.	Panzer
tank		n.	Tank
tend		v.	neigen
tend		v.	pflegen
tight		adj.	eng
tight		adj.	streng
transportation		n.	Transport
ultimately		adv.	schließlich
unlike		prep.	anders als
unlike		adj.	ungleich
weekly		adj.	wöchentlich
weekly		adv.	wöchentlich
x-ray		n.	Röntgenstrahl
yard		n.	Hof
yard		n.	Yard
anybody		pron.	jemand
assets		n.	Vermögenswert
basketball		n.	Basketball
button		n.	Knopf
candidates		n.	Kandidat
combat		n.	Kampf
combat		v.	bekämpfen
constitution		n.	Verfassung
constitution		n.	Konstitution
consumer		n.	Verbraucher
counter		n.	Theke
counter		v.	kontern
counter		n.	Zähler
creation		n.	Schöpfung
crown		n.	Krone
crying		v.	weinen
defined		v.	definieren
depending		v.	abhängen
depression		n.	Depression
describe		v.	beschreiben
drivers		n.	Fahrer
employment		n.	Beschäftigung
exclusive		adj.	exklusiv
excuse		n.	Ausrede
expert		n.	Experte
frequently		adv.	häufig
gameboy		n.	Game Boy
golf		n.	Golf
grace		n.	Anmut
hopefully		adv.	hoffentlich
identify		v.	identifizieren
importance		n.	Wichtigkeit
kevin		n.	Kevin
laid		v.	legen
latter		adj.	letzterer
manufacturing		n.	Industrie
mining		n.	Bergbau
object		n.	Objekt
partners		n.	Partner
pattern		n.	Muster
performing		v.	auftreten
personnel		n.	Personal
perspective		n.	Perspektive
pregnant		adj.	schwanger
premier		adj.	erstrangig
promote		v.	fördern
revolution		n.	Revolution
rooms		n.	Zimmer
severe		adj.	schwer
sleeping		v.	schlafen
suppose		v.	annehmen
tool		n.	Werkzeug
tournament		n.	Turnier
turkey		n.	Türkei
victim		n.	Opfer
victims		n.	Opfer
agents		n.	Agenten
amazon		n.	Amazon
aren't		v.	nicht sein
arrest		v.	verhaften
attend		v.	teilnehmen
ban		v.	verbieten
brilliant		adj.	brillant
carbon		n.	Kohlenstoff
catholic		adj.	katholisch
chose		v.	wählen
circle		n.	Kreis
concert		n.	Konzert
crash		v.	abstürzen
declared		v.	erklären
deliver		v.	liefern
depth		n.	Tiefe
deputy		n.	Stellvertreter
dirty		adj.	schmutzig
doctors		n.	Arzt
earned		v.	verdienen
electronic		adj.	elektronisch
error		n.	Fehler
existence		n.	Existenz
experiences		n.	Erfahrung
expression		n.	Ausdruck
factory		n.	Fabrik
headed		v.	gehen
interior		n.	Innenraum
joy		n.	Freude
legislation		n.	Gesetzgebung
maintenance		n.	Wartung
manner		n.	Art
mate		n.	Kumpel
matt		n.	Matt
nearby		adj.	in der Nähe
noise		n.	Lärm
origin		n.	Ursprung
pakistan		n.	Pakistan
panel		n.	Panel
personality		n.	Persönlichkeit
plate		n.	Teller
practices		n.	Praxis
prepare		v.	vorbereiten
relief		n.	Erleichterung
replaced		v.	ersetzen
resistance		n.	Widerstand
retail		n.	Einzelhandel
rice		n.	Reis
roads		n.	Straße
roof		n.	Dach
shame		n.	Scham
ships		n.	Schiff
somewhat		adv.	etwas
staying		v.	bleiben
stronger		adj.	stärker
surely		adv.	sicher
tip		n.	Trinkgeld
updated		v.	aktualisieren
writers		n.	Schriftsteller
absolute		adj.	absolut
advertising		n.	Werbung
agencies		n.	Agentur
baseball		n.	Baseball
bathroom		n.	Badezimmer
bible		n.	Bibel
cable		n.	Kabel
calm		adj.	ruhig
championship		n.	Meisterschaft
checked		v.	prüfen
client		n.	Kunde
constant		adj.	konstant
dates		n.	Datum
degrees		n.	Grad
democrats		n.	Demokrat
doors		n.	Tür
driven		v.	angetrieben
dumb		adj.	stumm
empire		n.	Reich
exciting		adj.	aufregend
expansion		n.	Erweiterung
heavily		adv.	schwer
hide		v.	verbergen
incident		n.	Zwischenfall
irish		adj.	irisch
linked		v.	verknüpfen
manage		v.	verwalten
messages		n.	Nachricht
michigan		n.	Michigan
politicians		n.	Politiker
print		v.	drucken
quit		v.	aufhören
refused		v.	abgelehnt
refused		v.	ablehnen
reporting		v.	Berichterstattung
reporting		v.	berichtetten
sight		n.	Sehen
significantly		adv.	erheblich
sing		v.	singen
soviet		adj.	sowjetisch
we've		v.	haben
weapon		n.	Waffe
wet		adj.	nass
widely		adv.	weitgehend
widely		adv.	weit
worldwide		adj.	weltweit
ages		n.	Alter
anniversary		n.	Jahrestag
attractive		adj.	→ attraktiv
attractive		adj.	attraktiv
bike		n.	Fahrrad
broad		adj.	breit
burn		v.	brennen
cake		n.	Kuchen
causing		v.	verursachend
closely		adv.	eng
constantly		adv.	ständig
contest		n.	Wettbewerb
deaths		n.	Tod
depends		v.	abhängen
drawn		v.	zeichnen
feb		n.	Februar
fees		n.	Gebühr
francisco		n.	Francisco
haha		int.	haha
hardly		adv.	kaum
hat		n.	Hut
height		n.	Höhe
hidden		adj.	versteckt
invited		v.	einladen
letting		v.	lassen
loud		adj.	laut
manchester		n.	Manchester
marine		adj.	Marine-
motor		n.	Motor
officially		adv.	offiziell
onepiece		n.	One Piece
pc		n.	PC
peak		n.	Gipfel
peak		v.	einen Höhepunkt erreichen
portion		n.	Teil
pounds		n.	Pfund
princess		n.	Prinzessin
protein		n.	Protein
puts		v.	legen
raw		adj.	roh
reform		v.	reformieren
reform		n.	Reform
regions		n.	Region
represented		v.	vertreten
respond		v.	antworten
retirement		n.	Ruhestand
sample		n.	Muster
sample		v.	eine Stichprobe nehmen
seats		n.	Sitz
secondary		adj.	sekundär
solar		adj.	Sonnen-
somehow		adv.	irgendwie
stayed		v.	bleiben
suffering		n.	Leiden
sydney		n.	Sydney
today's		n.	heutig
tries		v.	versuchen
ultimate		adj.	endgültig
unknown		adj.	unbekannt
wilson		n.	Wilson
wondering		v.	sich fragen
asap		adv.	möglichst schnell
attached		v.	beifügen
attacked		v.	angreifen
automatically		adv.	automatisch
balls		n.	Ball
battery		n.	Batterie
bills		n.	Rechnung
blind		adj.	blind
breath		n.	Atem
brief		adj.	kurz
carolina		n.	Carolina
chest		n.	Brust
conduct		v.	durchführen
conduct		n.	Verhalten
debut		n.	Debüt
decade		n.	Jahrzehnt
destroy		v.	zerstören
differences		n.	Unterschied
edward		n.	Eduard
engaged		adj.	verlobt
experts		n.	Experte
expressed		v.	äußern
external		adj.	extern
fantasy		n.	Phantasie
grab		v.	greifen
hollywood		n.	Hollywood
immediate		adj.	sofortig
introduction		n.	Einführung
joseph		n.	Joseph
license		n.	Lizenz
paint		n.	Farbe
paint		v.	streichen
pilot		n.	Pilot
pink		adj.	rosa
presidential		adj.	Präsidentschafts-
principal		adj.	haupt-
recognize		v.	erkennen
recognized		adj.	anerkannt
registered		adj.	eingetragen
regularly		adv.	regelmäßig
representatives		n.	Vertreter
rising		n.	Anstieg
seasons		n.	Jahreszeit
shipping		n.	Versand
singer		n.	Sänger
smoking		n.	Rauchen
steam		n.	Dampf
suffered		v.	leiden
survive		v.	überleben
tall		adj.	groß
theatre		n.	Theater
therapy		n.	Therapie
witness		n.	Zeuge
adopted		adj.	adoptiert
aim		v.	zielen
campus		n.	Campus
cap		n.	Mütze
chances		n.	Chance
childhood		n.	Kindheit
clinical		adj.	klinisch
clubs		n.	Verein
comedy		n.	Komödie
commander		n.	Kommandant
comparison		n.	Vergleich
covers		v.	decken
defeat		v.	besiegen
defence		n.	Verteidigung
democracy		n.	Demokratie
detailed		adj.	detailliert
entitled		adj.	berechtigt
exact		adj.	exakt
exposed		adj.	exponiert
fed		v.	füttern
fee		n.	Gebühr
injured		adj.	verletzt
jordan		n.	Jordan
kinds		n.	Arten
loans		n.	Kredite
lock		v.	abschließen
musical		adj.	musikalisch
musical		n.	Musical
nose		n.	Nase
objects		n.	Objekte
opposed		adj.	gegnersichtlich
organized		adj.	organisiert
plastic		n.	Kunststoff
protected		adj.	geschützt
purposes		n.	Zwecke
quote		v.	zitieren
recording		n.	Aufnahme
semi		n.	Semi
semi		n.	Sattelschlepper
statements		n.	Erklärungen
suspect		v.	verdächtigen
swear		v.	schwören
techniques		n.	Techniken
tie		v.	binden
tim		n.	Tim
trend		n.	Trend
valuable		adj.	wertvoll
wealth		n.	Reichtum
wise		adj.	weise
yards		n.	Yard
aged		adj.	alt
approval		n.	Genehmigung
aspects		n.	Aspekt
attempts		n.	Versuch
bread		n.	Brot
burning		adj.	brennend
champions		n.	Meister
contain		v.	enthalten
convention		n.	Konvention
dancing		n.	Tanzen
document		n.	Dokument
eggs		n.	Ei
employee		n.	Angestellter
engineer		n.	Ingenieur
equivalent		adj.	äquivalent
facing		prep.	gegenüber
fairly		adv.	ziemlich
fingers		n.	Finger
ford		n.	Ford
founded		v.	gründen
functions		n.	Funktion
gang		n.	Bande
graduate		n.	Absolvent
greek		adj.	griechisch
hanging		v.	hängen
hanging		n.	suspension
inner		adj.	inner
islands		n.	Insel
lift		v.	lift
lift		n.	Aufzug
lift		n.	Mitfahrt
marked		adj.	markiert
memories		n.	Erinnerung
miller		n.	Müller
monthly		adj.	monatlich
monthly		adv.	monatlich
mountains		n.	Berg
neighborhood		n.	Nachbarschaft
nsfw		n.	NSFW
operate		v.	betreiben
outstanding		adj.	hervorragend
outstanding		adj.	ausstehend
permission		n.	Erlaubnis
porn		n.	Porno
racing		v.	rennen
racing		n.	Rennsport
recommended		v.	empfehlen
regulations		n.	Vorschrift
reply		v.	antworten
reply		n.	Antwort
republicans		n.	Republikaner
rid		v.	befreien
roman		n.	Römer
scientists		n.	Wissenschaftler
shoulder		n.	Schulter
shoulder		v.	schultern
shower		n.	Dusche
shower		n.	Schauer
solutions		n.	Lösung
sons		n.	Sohn
stations		n.	Bahnhof
stations		n.	Station
stephen		n.	Stephen
tower		n.	Turm
tradition		n.	Tradition
type-c		n.	Type-C
visited		v.	besuchen
visual		adj.	visuell
wheel		n.	Rad
wheel		n.	Lenkrad
zealand		n.	Zeeland
achieved		v.	erreichen
achieved		v.	erzielen
admitted		v.	zugeben
admitted		v.	zulassen
appointment		n.	Verabredung
appointment		n.	Ernennung
authors		n.	Autor
barely		adv.	kaum
bush		n.	Staude
bush		n.	Bush
cabinet		n.	Kabinett
cabinet		n.	Schrank
celebrate		v.	feiern
challenges		n.	Herausforderung
chocolate		n.	Schokolade
coal		n.	Kohle
colour		n.	Farbe
contemporary		adj.	zeitgenössisch
criticism		n.	Kritik
davis		n.	Davis
dna		n.	DNA
effectively		adv.	effektiv
effectively		adv.	tatsächlich
eric		n.	Eric
extensive		adj.	umfangreich
faced		v.	konfrontieren
filed		v.	einreichen
filed		v.	ablegen
formation		n.	Bildung
fought		v.	kämpfen
gained		v.	gewinnen
gallery		n.	Galerie
highway		n.	Autobahn
historic		adj.	historisch
hunt		v.	jagen
improvement		n.	Verbesserung
inch		n.	Zoll
initially		adv.	anfänglich
junior		adj.	junior
junior		n.	Jüngerer
jury		n.	Geschworenengericht
korean		adj.	koreanisch
korean		n.	Koreaner
marks		n.	Note
marks		n.	Mark
monster		n.	Monster
newzealand		n.	Neuseeland
obtained		v.	erhalten
olympic		adj.	olympisch
philosophy		n.	Philosophie
pride		n.	Stolz
promised		v.	versprechen
repeat		v.	wiederholen
returning		v.	zurückkehren
riding		v.	reiten
riding		n.	Reiten
rough		adj.	rau
rough		adj.	grob
santa		n.	Santa
settlement		n.	Siedlung
settlement		n.	Vergleich
smell		v.	riechen
smell		n.	Geruch
sought		v.	suchen
sought		adj.	gesucht
speaker		n.	Redner
speaker		n.	Lautsprecher
studied		v.	studieren
suggests		v.	vorschlagen
surrounding		adj.	umliegend
tone		n.	Ton
tone		n.	Klangfarbe
topic		n.	Thema
toronto		n.	Toronto
universal		adj.	universell
vast		adj.	gewaltig
visitors		n.	Besucher
wanting		adj.	mangelnd
auto		n.	Auto
consistent		adj.	konsistent
continuing		v.	fortfahren
earn		v.	verdienen
exists		v.	existir
finger		n.	Finger
grey		adj.	grau
guitar		n.	Gitarre
heading		n.	Überschrift
howard		n.	Howard
ignore		v.	ignorieren
involving		v.	beteiligen
latin		n.	Latein
lewis		n.	Lewis
meal		n.	Mahlzeit
meanwhile		adv.	derweil
meetings		n.	Besprechung
naturally		adv.	natürlich
necessarily		adv.	notwendigerweise
offices		n.	Büro
pants		n.	Hose
partnership		n.	Partnerschaft
payments		n.	Zahlung
percentage		n.	Prozent
pocket		n.	Tasche
practical		adj.	praktisch
primarily		adv.	hauptsächlich
proved		v.	beweisen
rape		v.	vergewaltigen
regardless		adv.	trotzdem
relative		n.	Verwandter
relative		adj.	relativ
represents		v.	vertreten
rescue		v.	retten
resulting		adj.	folgend
rush		v.	eilen
rush		n.	Eile
sarah		n.	Sarah
sessions		n.	Sitzung
sharp		adj.	scharf
simon		n.	Simon
soccer		n.	Fußball
stable		adj.	stabil
stable		n.	Stall
structures		n.	Struktur
supplies		n.	Vorrat
symptoms		n.	Symptom
temporary		adj.	vorläufig
tested		v.	testen
trick		n.	de
attended		v.	teilnehmen
audio		n.	Audio
bone		n.	Knochen
brian		n.	Brian
bullshit		n.	Quatsch
chamber		n.	Kammer
chart		n.	Diagramm
circuit		n.	Kreis
clothing		n.	Kleidung
complicated		adj.	kompliziert
confused		adj.	konfus
consequences		n.	Folgen
defend		v.	verteidigen
divided		adj.	geteilt
elizabeth		n.	Elisabeth
everyday		adj.	alltäglich
extent		n.	Ausmaß
fishing		n.	Fischerei
format		n.	Format
gap		n.	Lücke
gate		n.	Tor
gotten		v.	bekommen
harm		n.	Schaden
healthcare		n.	santé
household		n.	Haushalt
immigration		n.	Einwanderung
impressive		adj.	eindrucksvoll
jews		n.	Juden
joining		v.	beitreten
killer		n.	Killer
lesson		n.	Stunde
limits		n.	Grenzen
loving		adj.	liebend
managers		n.	Manager
membership		n.	Mitgliedschaft
miami		n.	Miami
mirror		n.	Spiegel
mount		v.	ersteigen
nights		n.	Nächte
occur		v.	eintreten
off-topic		adj.	offtopic
parking		n.	Parken
proposal		n.	Vorschlag
province		n.	Provinz
purchased		v.	gekauft
recognition		n.	Anerkennung
reputation		n.	Ruf
rolling		v.	rollend
shortly		adv.	bald
situations		n.	Lagen
strongly		adv.	stark
tears		n.	Tränen
technique		n.	Technik
thin		adj.	dünn
tied		v.	binden
accused		v.	beschuldigen
adventure		n.	Abenteuer
argue		v.	streiten
assessment		n.	Bewertung
atmosphere		n.	Atmosphère
atmosphere		n.	Atmosphäre
awful		adj.	furchtbar
bedroom		n.	Schlafzimmer
belief		n.	Glaube
bound		adj.	gebunden
bound		v.	springen
breaks		v.	brechen
breaks		n.	Pause
carefully		adv.	sorgfältig
cats		n.	Katze
ceo		n.	Geschäftsführer
choices		n.	Wahl
closing		n.	Abschluss
closing		adj.	abschließend
cloud		n.	Wolke
cloud		n.	Cloud
colorado		n.	Colorado
colors		n.	Farbe
contrast		n.	Kontrast
contrast		v.	kontrastieren
courses		n.	Kurs
courts		n.	Gericht
courts		n.	Platz
donald		n.	Donald
drew		v.	zeichnen
egg		n.	Ei
element		n.	Element
elsewhere		adv.	anderswo
establish		v.	gründen
establish		v.	feststellen
extension		n.	Erweiterung
files		n.	Datei
founder		n.	Gründer
fri		n.	Freitag
gear		n.	Zahnrad
gear		n.	Ausrüstung
georgia		n.	Georgien
georgia		n.	Georgia (Bundesstaat)
hills		n.	Hügel
hip		n.	Hüfte
hitting		v.	schlagen
increases		v.	steigen
increases		n.	Erhöhung
infrastructure		n.	Infrastruktur
jason		n.	Jason
locations		n.	Standort
loose		adj.	los
machines		n.	Maschine
moral		adj.	moralisch
moral		n.	Moral
offensive		adj.	offensiv
offensive		adj.	Offensiv-
package		n.	Paket
package		n.	Paket (Software)
pointed		adj.	spitz
poverty		n.	Armut
processes		n.	Prozess
processes		v.	verarbeiten
processing		n.	Verarbeitung
qos		n.	Dienstqualität
qualified		adj.	qualifiziert
qualityofservice		n.	Dienstqualität
railway		n.	Eisenbahn
reaching		v.	erreichen
ridiculous		adj.	absurd
sensitive		adj.	empfindlich
server		n.	Server
shock		n.	Schock
shock		v.	schockieren
silence		n.	Stille
silence		v.	zum Schweigen bringen
soldier		n.	Soldat
superior		adj.	überlegen
superior		n.	Vorgesetzter
supporters		n.	Unterstützer
thick		adj.	dick
threw		v.	werfen
tons		n.	Tonne
transition		n.	Übergang
violent		adj.	gewalttätig
voters		n.	Wähler
wash		v.	waschen
acid		n.	Säure
actress		n.	Schauspielerin
administrative		adj.	administrativ
alan		n.	Alan
alongside		prep.	neben
angel		n.	Engel
anxiety		n.	Angst
babies		n.	Baby
bars		n.	Stange
bonus		n.	Bonus
castle		n.	Schloss
charity		n.	Wohltätigkeit
clients		n.	Kunde
compare		v.	vergleichen
contained		v.	enthalten
cooking		n.	Kochen
covering		n.	Abdeckung
curious		adj.	neugierig
directors		n.	Direktor
discovery		n.	Entdeckung
discussed		v.	besprechen
duke		n.	Herzog
egypt		n.	Ägypten
encourage		v.	ermutigen
enforcement		n.	Durchsetzung
featuring		v.	aufweisen
finals		n.	Finale
flash		n.	Blitz
formal		adj.	förmlich
formula		n.	Formel
fort		n.	Fort
governments		n.	Regierung
gray		n.	Grau
gross		adj.	brutto
horses		n.	Pferd
hungry		adj.	hungrig
informed		adj.	informiert
innocent		adj.	unschuldig
jeff		n.	Jeff
losangeles		n.	Los Angeles
losses		n.	Verlust
luke		n.	Luke
mac		n.	Mac
math		n.	Mathematik
minds		n.	Verstand
mistakes		n.	Fehler
mystery		n.	Mysterium
networks		n.	Netzwerk
olympics		n.	Olympische Spiele
palace		n.	Palast
passes		n.	Pass
penalty		n.	Strafe
pet		n.	Haustier
phones		n.	Telefon
photography		n.	Fotografie
producing		v.	produzieren
protest		n.	Protest
protest		v.	protestieren
publication		n.	Veröffentlichung
rating		n.	Bewertung
refer		v.	verweisen
respectively		adv.	beziehungsweise
rome		n.	Rom
scheduled		v.	terminieren
select		v.	auswählen
silent		adj.	still
spoken		adj.	mündlich
successfully		adv.	erfolgreich
suffer		v.	leiden
temple		n.	Tempel
tracks		n.	Gleis
trail		n.	Weg
uncle		n.	Onkel
unusual		adj.	ungewöhnlich
waters		n.	Gewässer
woods		n.	Wald
arrival		n.	Ankunft
asks		v.	fragen
assault		n.	Angriff
awareness		n.	Bewusstsein
badly		adv.	schlecht
bath		n.	Bad
captured		v.	erfassen
chase		v.	verfolgen
components		n.	Komponente
concrete		n.	Beton
concrete		adj.	konkret
dave		n.	Dave
deeply		adv.	tief
expectations		n.	Erwartung
explanation		n.	Erklärung
exposure		n.	Belichtung
featured		adj.	vorgestellt
fiction		n.	Belletristik
guarantee		v.	garantieren
guarantee		n.	Garantie
happiness		n.	Glück
harris		n.	Harris
hearts		n.	Herzen
horrible		adj.	schrecklich
ideal		adj.	ideal
illinois		n.	Illinois
injuries		n.	Verletzung
islamic		adj.	islamisch
jimmy		n.	Jimmy
kelly		n.	Kelly
legend		n.	Legende
lieutenant		n.	Leutnant
mediaplayer		n.	Media-Player
mini		adj.	Mini-
mood		n.	Stimmung
muscle		n.	Muskel
muslims		n.	Muslim
passion		n.	Leidenschaft
picking		v.	pflücken
pleased		adj.	erfreut
procedure		n.	Verfahren
producer		n.	Produzent
pushing		v.	schieben
rank		n.	Rang
rank		v.	einstufen
replacement		n.	Ersatz
retired		adj.	im Ruhestand
roles		n.	Rolle
sand		n.	Sand
savings		n.	Ersparnisse
settled		v.	sich niederlassen
settled		adj.	gefestigt
shadow		n.	Schatten
singles		n.	Einzel
tag		n.	Etikett
tape		n.	Tonband
thread		n.	Faden
thread		n.	Thread
victoria		n.	Victoria
visiting		v.	besuchen
wage		n.	Lohn
wings		n.	Flügel
andy		n.	Andy
avenue		n.	Avenue
bags		n.	Tasche
beating		v.	schlagen
believes		v.	glauben
blocks		n.	Stadtblock
boring		adj.	langweilig
charlie		n.	Charlie
checking		v.	prüfen
clock		n.	Uhr
commissioner		n.	Kommissar
commitment		n.	Verpflichtung
confident		adj.	selbstsicher
containing		v.	enthalten
copies		n.	Kopie
crimes		n.	Verbrechen
custom		n.	Brauch
denied		v.	ableugnen
desk		n.	Schreibtisch
drinks		n.	Getränk
ear		n.	Ohr
electricity		n.	Strom
episodes		n.	Folge
farmers		n.	Bauer
fbi		n.	FBI
grounds		n.	Gelände
gym		n.	Turnhalle
helpful		adj.	hilfreich
horror		n.	Horror
iraq		n.	Irak
label		n.	Etikett
label		v.	etikettieren
liverpool		n.	Liverpool
locked		v.	abschließen
naked		adj.	nackt
opens		v.	öffnen
output		n.	Ausgabe
persons		n.	Person
pitch		n.	Terrain
pitch		v.	werfen
pizza		n.	Pizza
plain		adj.	einfach
plain		adj.	unifarben
pushed		v.	drücken
raising		v.	erheben
raising		n.	de Beschaffung
rear		n.	Hinten
rear		adj.	hinter
reveal		v.	enthüllen
romantic		adj.	romantisch
scores		n.	die Punktzahl
scores		n.	Zwanzig
sisters		n.	Schwestern
speaks		v.	sprechen
stages		n.	die Phasen
stages		n.	die Bühnen
strategic		adj.	strategisch
swimming		n.	das Schwimmen
welfare		n.	die Wohlfahrt
winners		n.	Gewinner
wire		n.	der Draht
worker		n.	der Arbeiter
afterwards		adv.	später
alright		adj.	in Ordnung
android		n.	Android
anger		n.	die Wut
architecture		n.	die Architektuur
assist		v.	unterstützen
attempted		v.	versuchen
behalf		n.	Stellvertretung
belt		n.	der Gürtel
capture		v.	erfassen
centers		n.	die Zentren
ceremony		n.	die Zeremonie
comic		adj.	komisch
comic		n.	der Comic
cops		n.	die Cops
cuts		v.	schneiden
dallas		n.	Dallas
designer		n.	der Designer
diamond		n.	der Diamant
disappointed		adj.	enttäuscht
dressed		v.	sich anziehen
economics		n.	die Volkswirtschaftslehre
efficient		adj.	effizient
electrical		adj.	elektrisch
employed		v.	einstellen
enjoying		v.	genießen
entering		v.	betreten
essentially		adv.	wesentlich
establishment		n.	die Einrichtung
establishment		n.	die Gründung
expecting		v.	erwarten
explains		v.	erklären
flower		n.	die Blume
ghost		n.	der Geist
guests		n.	die Gäste
handed		v.	geben
hockey		n.	der Hockeysport
houston		n.	Houston
hunting		n.	die Jagd
industries		n.	die Industrien
islam		n.	der Islam
jane		n.	Jane
judges		n.	die Richter
kit		n.	der Bausatz
lab		n.	das Labor
languages		n.	die Sprachen
maps		n.	Karte
min		n.	Minute
morgan		n.	Morgan
moscow		n.	Moskau
nervous		adj.	nervös
newly		adv.	kürzlich
odd		adj.	seltsam
ordinary		adj.	gewöhnlich
participate		v.	teilnehmen
philadelphia		n.	Philadelphia
prayer		n.	Gebet
principles		n.	Prinzip
racist		adj.	rassistisch
rarely		adv.	selten
references		n.	Referenz
sexy		adj.	sexy
skill		n.	Fähigkeit
soil		n.	Boden
solve		v.	lösen
stomach		n.	Magen
struck		v.	schlagen
studying		v.	studieren
suck		v.	saugen
supports		v.	unterstützen
trash		n.	Müll
ugly		adj.	häßlich
vegas		n.	Vegas
virus		n.	Virus
walker		n.	Gänger
whoever		pron.	wer auch immer
amounts		n.	Betrag
anthony		n.	Anthony
arthur		n.	Arthur
aspect		n.	Aspekt
banned		v.	verbieten
boost		v.	steigern
bureau		n.	Büro
colonel		n.	Oberst
comfort		n.	Komfort
controls		v.	kontrollieren
cousin		n.	Cousin
crack		v.	reißen
deck		n.	Deck
demands		n.	Forderung
dies		v.	sterben
dragon		n.	Drache
dramatic		adj.	dramatisch
dust		n.	Staub
dutch		adj.	niederländisch
engineers		n.	Ingenieur
evolution		n.	Evolution
foods		n.	Lebensmittel
hired		v.	einstellen
illness		n.	Krankheit
inspiration		n.	Inspiration
institution		n.	Institution
kings		n.	König
knife		n.	Messer
lately		adv.	kürzlich
lowest		adj.	am niedrigsten
memorial		n.	Denkmal
memorial		adj.	Gedenk-
mexican		adj.	mexikanisch
minority		n.	Minderheit
mum		n.	Mama
opinions		n.	Meinung
patterns		n.	Muster
presents		n.	Geschenk
presents		v.	präsentieren
priority		n.	Priorität
promotion		n.	Beförderung
promotion		n.	Werbung
rail		n.	Schiene
readers		n.	Leser
remote		adj.	entfernt
remote		n.	Fernbedienung
repair		v.	reparieren
repair		n.	Reparatur
root		n.	Wurzel
saint		n.	Heiliger
steal		v.	stehlen
stolen		v.	stehlen
telephone		n.	Telefon
tho		conj.	obwohl
titles		n.	Titel
trans		adj.	trans
ups		n.	Auf und Ab
whereas		conj.	während
abandoned		adj.	verlassen
acquired		v.	erwerben
actors		n.	Schauspieler
alexander		n.	Alexander
alliance		n.	Allianz
annoying		adj.	nervig
bid		n.	Gebot
bid		v.	bieten
bro		n.	Bruder
buddy		n.	Kumpel
buried		v.	begraben
butter		n.	Butter
cares		v.	kümmern
columbia		n.	Kolumbien
conclusion		n.	Schlussfolgerung
confirm		v.	bestätigen
congratulations		int.	Glückwunsch
contracts		n.	Vertrag
convinced		adj.	überzeugt
crap		n.	Scheiße
crystal		n.	Kristall
dean		n.	Dekan
decent		adj.	anständig
decline		v.	sinken
decline		v.	ablehnen
delay		v.	verzögern
delay		n.	Verzögerung
describes		v.	beschreiben
desert		n.	Wüste
downtown		n.	Innenstadt
earlyaccess		n.	früher Zugang
elite		n.	Elite
enemies		n.	Feind
facebook		n.	Facebook
forgotten		v.	vergessen
forth		adv.	vorwärts
gods		n.	Gott
hire		v.	einstellen
hop		v.	hüpfen
hopes		n.	Hoffnung
insane		adj.	irre
installed		v.	installieren
israeli		adj.	israelisch
landing		n.	Landung
layer		n.	Schicht
managing		v.	leiten
marry		v.	heiraten
nowhere		adv.	nirgendwo
nurse		n.	Krankenpfleger
obtain		v.	erhalten
organic		adj.	organisch
ownership		n.	Eigentum
participants		n.	Teilnehmer
pennsylvania		n.	Pennsylvania
poetry		n.	Dichtung
pot		n.	Topf
pray		v.	beten
printed		v.	drucken
recall		v.	sich erinnern
recall		v.	zurückrufen
rugby		n.	Rugby
sake		n.	willen
sanfrancisco		n.	San Francisco
sheet		n.	Bettlaken
signing		v.	unterschreiben
smooth		adj.	glatt
spiritual		adj.	spirituell
stops		v.	anhalten
string		n.	Zeichenkette
sudden		adj.	plötzlich
sweden		n.	Schweden
syria		n.	Syrien
throwing		v.	werfen
thrown		v.	werfen
vacation		n.	Urlaub
abroad		adv.	im Ausland
arab		adj.	arabisch
assigned		v.	zuweisen
associate		v.	assoziieren
assumed		v.	annehmen
atlantic		n.	Atlantik
bench		n.	Bank
bother		v.	stören
broadcast		v.	senden
bye		int.	tschüss
cambridge		n.	Cambridge
citizen		n.	Bürger
cleaning		n.	Reinigung
compete		v.	konkurrieren
consists		v.	bestehen aus
consumers		n.	Verbraucher
contributed		v.	beitragen
cricket		n.	Cricket
critics		n.	Kritiker
damaged		v.	beschädigen
disaster		n.	Katastrophe
discover		v.	entdecken
disney		n.	Disney
entrance		n.	Eingang
entrance		v.	bezaubern
equally		adv.	gleichfalls
fallen		v.	fallen
fallen		adj.	gefallen
figured		v.	glauben
fitness		n.	Fitness
francis		n.	Francis
friendship		n.	Freundschaft
gary		n.	Gary
handling		n.	Handhabung
idiot		n.	Irrsinnige
intense		adj.	intensiv
keys		n.	Schlüssel
lawyers		n.	Anwalt
lifetime		n.	Lebenszeit
liquid		n.	Flüssigkeit
liquid		adj.	flüssig
makeup		n.	Schminke
medal		n.	Medaille
mortgage		n.	Hypothek
narrative		n.	Erzählung
narrow		adj.	schmal
nba		n.	NBA
observed		v.	beobachten
occasionally		adv.	gelegentlich
pan		n.	Pfanne
physics		n.	Physik
posting		n.	Beitrag
potentially		adv.	potenziell
reduction		n.	Reduzierung
reflect		v.	reflektieren
reflect		v.	nachdenken
refuse		v.	ablehnen
researchers		n.	Forscher
resource		n.	Ressource
roger		n.	Roger
roger		int.	Verstanden
ross		n.	Ross
sciences		n.	Wissenschaft
seattle		n.	Seattle
serves		v.	dienen
serves		v.	servieren
silly		adj.	albern
subsequent		adj.	folgend
towns		n.	Stadt
translation		n.	Übersetzung
visible		adj.	sichtbar
yep		int.	ja
adds		v.	hinzufügen
ain't		v.	nicht sein
allen		n.	Allen
amendment		n.	Änderungsantrag
angle		n.	Winkel
arizona		n.	Arizona
arrive		v.	ankommen
belong		v.	gehören
berlin		n.	Berlin
bishop		n.	Bischof
bishop		n.	Läufer
channels		n.	Kanal
clark		n.	Clark
commonly		adv.	gewöhnlich
connect		v.	verbinden
defensive		adj.	defensiv
designs		v.	entwerfen
efficiency		n.	Effizienz
enterprise		n.	Unternehmen
experiment		n.	Experiment
experiment		v.	experimentieren
females		n.	Weibchen
findings		n.	Ergebnis
firms		n.	Firma
forum		n.	Forum
gifts		n.	Geschenk
grass		n.	Grass
hence		adv.	deshalb
increasingly		adv.	zunehmend
incredibly		adv.	unfassbar
jay		n.	Eichelhäher
journalist		n.	Journalist
kicked		v.	treten
lessons		n.	Stunde
lessons		n.	Lektion
lists		n.	Liste
maintained		v.	erhalten
mill		n.	Mühle
occasion		n.	Anlass
oxford		n.	Oxford
pace		n.	Tempo
passenger		n.	Passagier
pen		n.	Stift
pope		n.	Papst
possession		n.	Besitz
races		n.	Rennen
rapid		adj.	schnell
regulation		n.	Vorschrift
resident		n.	Einwohner
rocks		n.	Fels
roleplayinggame		n.	Rollenspiel
rpg		n.	Rollenspiel
shaped		adj.	förmig
sixth		num.	sechste
spin		v.	sich drehen
styles		n.	Stil
subjects		n.	Thema
subjects		n.	Fach
sucks		v.	schlecht sein
suitable		adj.	geeignet
thirty		num.	dreißig
timemachine		n.	Zeitmaschine
valid		adj.	gültig
vital		adj.	lebenswichtig
whilst		conj.	während
agriculture		n.	Landwirtschaft
alleged		adj.	angeblich
anna		n.	Anna
atlanta		n.	Atlanta
bands		n.	Band
christians		n.	Christ
collect		v.	sammeln
commerce		n.	Handel
cop		n.	Bullen
creek		n.	Bach
currency		n.	Währung
emotions		n.	Gefühl
exhibition		n.	Ausstellung
fraud		n.	Betrug
funeral		n.	Beerdigung
genuine		adj.	echt
gordon		n.	Gordon
honey		n.	Honig
honour		n.	Ehre
hook		n.	Haken
hunter		n.	Jäger
immigrants		n.	Einwanderer
improving		v.	verbessern
instructions		n.	Anweisung
introduce		v.	vorstellen
kansas		n.	Kansas
lands		n.	Land
legacy		n.	Erbe
log		n.	Klotz
matthew		n.	Matthew
merely		adv.	nur
monitor		n.	Monitor
patrick		n.	Patrick
phil		n.	Phil
prisoners		n.	Gefangener
programming		n.	Programmierung
publishing		n.	Verlag
ratio		n.	Verhältnis
regret		v.	bereuen
rejected		v.	ablehnen
remind		v.	erinnern
resort		n.	Erholungsort
resort		v.	zurückgreifen
resulted		v.	führen
reverse		v.	umkehren
routine		n.	Routine
scary		adj.	angstig
seed		n.	Saat
settle		v.	beilegen
sin		n.	Sünde
spell		v.	buchstabieren
summary		n.	Zusammenfassung
survival		n.	Überleben
sword		n.	Schwert
tongue		n.	Zunge
ward		n.	Station
waves		n.	Welle
wayne		n.	Wayne
achievement		n.	Leistung
anderson		n.	Anderson
argued		v.	argumentieren
asleep		adj.	schlafend
austin		n.	Austin
automatic		adj.	automatisch
begun		v.	beginnen
behaviour		n.	Verhalten
cd		n.	CD
cents		n.	Cent
coat		n.	Mantel
comprehensive		adj.	umfassend
consent		n.	Zustimmung
daddy		n.	Papa
destruction		n.	Zerstörung
diego		n.	Diego
diseases		n.	Krankheit
divorce		n.	Scheidung
divorce		v.	sich scheiden lassen
doc		n.	Dokku
drove		v.	fahren
ears		n.	Ohrr
engage		v.	sich beschäftigen
extraordinary		adj.	außergewöhnlich
fate		n.	Schicksal
frequency		n.	Frequenz
gaming		n.	Gaming
gene		n.	Gen
glory		n.	Ruhm
headquarters		n.	Hauptsitz
heritage		n.	Erbe
initiative		n.	Initiative
interviews		n.	Interview
interviews		v.	interviewen
jean		n.	Jean
juice		n.	Saft
landscape		n.	Landschaft
logic		n.	Logik
meets		v.	treffen
melbourne		n.	Melbourne
microsoft		n.	Microsoft
objective		n.	Ziel
objective		adj.	objektiv
organisation		n.	Organisation
privacy		n.	Privatsphäre
procedures		n.	Verfahren
profits		n.	Gewinn
reducing		v.	verringern
regard		v.	betrachten
representing		v.	vertreten
residence		n.	Wohnsitz
roughly		adv.	environ
salary		n.	Gehalt
scoring		n.	Punktestand
scoring		v.	erzielen
script		n.	Skript
script		n.	Schrift
searching		v.	suchen
sections		n.	Abschnitt
strip		v.	abziehen
strip		n.	Streifen
surrounded		adj.	umgeben
surrounded		v.	umgeben
threatened		v.	bedrohen
transferred		v.	übertragen
tube		n.	Rohr
tube		n.	U-Bahn
universities		n.	Universität
walter		n.	Walter
wisconsin		n.	Wisconsin
writes		v.	schreiben
ambassador		n.	Botschafter
ann		n.	Ann
apps		n.	App
awarded		v.	verleihen
banking		n.	Bankwesen
breast		n.	Brust
cant		n.	Rotwelsch
cant		v.	schräg stellen
carter		n.	Fuhrmann
chelsea		n.	Chelsea
chemistry		n.	Chemie
concluded		v.	folgern
consumption		n.	Verbrauch
corruption		n.	Korruption
cotton		n.	Baumwolle
crossed		v.	überqueren
detroit		n.	Detroit
discount		n.	Rabatt
dozen		num.	Dutzend
engines		n.	Motor
epic		adj.	episch
exception		n.	Ausnahme
exit		n.	Ausgang
exit		v.	verlassen
expand		v.	erweitern
fancy		adj.	schick
gorgeous		adj.	prächtig
grateful		adj.	dankbar
heroes		n.	Held
holes		n.	Loch
impression		n.	Eindruck
inches		n.	Zoll
indicate		v.	anzeigen
input		n.	Eingabe
johnny		n.	Johnny
josh		v.	albernern
knock		v.	klopfen
leather		n.	Leder
lips		n.	Lippen
luxury		n.	Luxus
lyrics		n.	Liedtext
manufacturers		n.	Hersteller
masters		n.	Master
movements		n.	Bewegung
operated		v.	bedienen
ought		v.	sollen
outcome		n.	Ergebnis
painted		v.	malen
poll		n.	Umfrage
preferred		adj.	bevorzugt
pulling		v.	ziehen
pulling		n.	Ziehen
ranked		v.	einstufen
referring		v.	sich beziehen
removal		n.	Entfernung
rep		n.	Vertreter
reporter		n.	Reporter
risks		n.	Risiko
rob		v.	berauben
screaming		v.	schreien
sequence		n.	Sequenz
singapore		n.	Singapur
stretch		v.	dehnen
tear		n.	Träne
tear		v.	reißen
tennis		n.	Tennis
terrorist		n.	Terrorist
theater		n.	Theater
ties		n.	Krawatte
twelve		num.	zwölf
versions		n.	Version
virgin		n.	Jungfrau
voices		n.	Stimme
who's		pron.	wer ist
wishes		n.	Wunsch
wishes		v.	wünschen
wolf		n.	Wolf
absence		n.	Abwesenheit
agricultural		adj.	landwirtschaftlich
asshole		n.	Arschloch
ate		v.	essen
athletes		n.	Sportler
bears		v.	ertragen
bears		n.	Bär
blues		n.	Blues
boxes		n.	Kasten
bruce		n.	Bruce
bull		n.	Stier
cameras		n.	Kamera
commonwealth		n.	Commonwealth
contribute		v.	beitragen
contribution		n.	Beitrag
contributions		n.	Beitrag
couples		n.	Paar
delicious		adj.	lecker
deny		v.	leugnen
deserves		v.	verdienen
ease		n.	Leichtigkeit
ease		v.	lindern
extend		v.	verlängern
fame		n.	Ruhm
flood		n.	Überschwemmung
flood		v.	überfluten
generated		v.	erzeugen
genetic		adj.	genetisch
glasses		n.	Brille
impressed		v.	beeindrucken
indicated		v.	angeben
instant		adj.	sofortig
instant		n.	Augenblick
investors		n.	Investor
involves		v.	betreffen
kate		n.	Kate
kills		v.	töten
liberty		n.	Freiheit
maria		n.	Maria
ministers		n.	Minister
monitoring		n.	Überwachung
occurs		v.	auftreten
passengers		n.	Passagier
photographs		n.	Fotografía
principle		n.	Prinzip
producers		n.	Produzent
progressive		adj.	fortschrittlich
punishment		n.	Strafe
rally		n.	Kundgebung
rally		v.	sich sammeln
rapidly		adv.	schnell
reader		n.	Leser
representation		n.	Vertretung
representation		n.	Darstellung
restaurants		n.	Restaurant
reveals		v.	enthüllen
roots		n.	Wurzel
samples		n.	Muster
shops		n.	Geschäft
sum		n.	Summe
swing		v.	schwingen
swing		n.	Schaukel
tail		n.	Schwanz
texts		n.	Text
twin		n.	Zwilling
upcoming		adj.	kommend
veterans		n.	Veteran
wwii		n.	Zweiter Weltkrieg
alert		adj.	wachsam
alert		n.	Alarm
arena		n.	Arena
arguments		n.	Argument
billy		n.	Billy
boom		n.	Boom
boom		v.	schnell wachsen
boots		n.	Stiefel
brave		adj.	tapfer
claiming		v.	behaupten
column		n.	Säule
column		n.	Kolumne
commit		v.	begehen
compensation		n.	Entschädigung
composition		n.	Aufsatz
composition		n.	Zusammensetzung
computers		n.	Computer
conservation		n.	Schutz
constitutional		adj.	Verfassungs-
crossing		n.	Kreuzung
defending		v.	verteidigen
density		n.	Dichte
difficulty		n.	Schwierigkeit
dropping		v.	fallen lassen
drops		n.	Tropfen
drops		v.	fallen
elementary		adj.	Grund-
ethnic		adj.	ethnisch
expenses		n.	Kosten
fleet		n.	Flotte
foster		v.	fördern
foster		adj.	Pflege-
fundamental		adj.	grundlegend
gen		n.	Info
genius		n.	Genie
greatly		adv.	großartig
guidance		n.	Führung
hospitals		n.	Krankenhäuser
infection		n.	Infektion
intention		n.	Absicht
iowa		n.	Iowa
jokes		n.	Witze
knee		n.	Knie
mechanical		adj.	mechanisch
nigeria		n.	Nigeria
parks		n.	Parks
parks		v.	parcken
participation		n.	Teilnahme
periods		n.	Perioden
precious		adj.	kostbar
pregnancy		n.	Schwangerschaft
premium		n.	Prämie
preparing		v.	vorbereiten
pretend		v.	vortäuschen
priest		n.	Priester
prominent		adj.	hervorragend
proven		adj.	bewiesen
radical		adj.	radikal
remembered		v.	erinnern
requested		v.	erbitten
residential		adj.	Wohn-
reward		n.	Belohnung
rings		n.	Ring
rings		v.	klingeln
robin		n.	Rotkehlchen
russell		n.	Russell
satellite		n.	Satellit
shake		v.	schütteln
shake		n.	Schütteln
shore		n.	Ufer
spots		n.	Ort
spots		n.	Fleck
stats		n.	Statistiken
struggling		v.	ringen
substantial		adj.	erheblich
teen		n.	Jugendlicher
temperatures		n.	Temperatur
transmission		n.	Übertragung
trap		n.	Falle
trap		v.	fangen
twitter		n.	Twitter
uniform		n.	Uniforme
wildlife		n.	Wildtiere
wooden		adj.	hölzern
you'd		pron.	vous
aggressive		adj.	aggressiv
anne		n.	Anne
answered		v.	antworten
apparent		adj.	offensichtlich
bang		n.	Knall
bang		v.	schlagen
blast		n.	Explosion
blast		v.	sprengen
bones		n.	Knochen
brands		n.	Marke
centuries		n.	Jahrhundert
communist		n.	Kommunist
complaint		n.	Beschwerde
component		n.	Komponente
connections		n.	Verbindung
courage		n.	Mut
cure		v.	heilen
cure		n.	Heilmittel
desperate		adj.	verzweifelt
diversity		n.	Vielfalt
dragonball		n.	Dragon Ball
duties		n.	Pflicht
encouraged		v.	ermutigen
eve		n.	Vorabend
faculty		n.	Fakultät
feedback		n.	Feedback
fighter		n.	Kämpfer
frozen		adj.	gefroren
guards		n.	Wache
hiding		v.	sich verstecken
humanity		n.	Menschheit
ian		n.	Ian
innovation		n.	Innovation
instruments		n.	Instrument
invest		v.	investieren
jacket		n.	Jacke
justin		n.	Justin
legislative		adj.	gesetzgebend
listing		n.	Verzeichnis
manual		n.	Handbuch
manual		adj.	manuell
mothers		n.	Mutter
murdered		v.	ermorden
nursing		n.	infermerská péče
occupied		adj.	besetzt
ongoing		adj.	laufend
operator		n.	Bediener
painful		adj.	schmerzhaft
pound		n.	Pfund
pound		v.	schlagen
preparation		n.	Vorbereitung
punch		v.	schlagen
punch		n.	Schlag
purple		adj.	lila
railroad		n.	Eisenbahn
registration		n.	Registrierung
releases		v.	veröffentlichen
releases		n.	Veröffentlichung
rick		n.	Schober
romance		n.	Romanze
shouldn't		v.	sollte nicht
submitted		v.	einreichen
sufficient		adj.	ausreichend
survived		v.	überleben
suspended		v.	aussetzen
technologies		n.	Technologie
tissue		n.	Gewebe
tissue		n.	Papiertaschentuch
trailer		n.	Anhänger
trailer		n.	Trailer
trends		n.	Trend
trials		n.	Prüfung
trials		n.	Prozess
ukraine		n.	Ukraine
underground		adj.	Untergrund-
underground		n.	U-Bahn
vcs		n.	Versionsverwaltungssystem
versioncontrolsystem		n.	Versionsverwaltungssystem
versus		prep.	gegen
virtual		adj.	virtuell
walks		v.	gehen
wounded		adj.	verwundet
ali		n.	Ali
amongst		prep.	unter
announcement		n.	Ankündigung
arranged		v.	organisieren
arsenal		n.	Waffenkammer
attending		v.	teilnehmen
attracted		v.	anziehen
biological		adj.	biologisch
bite		v.	beißen
blocked		v.	blockieren
blocked		adj.	gesperrt
boards		n.	Brett
boards		n.	Vorstand
burned		v.	brennen
categories		n.	Kategorie
checks		v.	prüfen
checks		n.	Scheck
chip		n.	Chip
concerning		prep.	betreffs
dare		v.	wagen
database		n.	Datenbank
define		v.	definir
discrimination		n.	Diskriminierung
disorder		n.	Störung
distributed		v.	verteilen
districts		n.	Bezirk
documentary		n.	Dokumentarfilm
domain		n.	Domäne
domain		n.	Domain
dynamic		adj.	dynamisch
edited		v.	bearbeiten
engagement		n.	Beteiligung
engagement		n.	Verlobung
explore		v.	erkunden
favour		n.	Gefallen
fewer		adj.	weniger
footage		n.	Filmmaterial
giants		n.	Riese
grave		n.	Grab
grave		adj.	ernst
hamilton		n.	Hamilton
implementation		n.	Umsetzung
indiana		n.	Indiana
investigate		v.	untersuchen
jazz		n.	Jazz
jon		n.	Jon
jonathan		n.	Jonathan
laboratory		n.	Laboratorium
lawrence		n.	Lawrence
lincoln		n.	Lincoln
literary		adj.	literarisch
mask		n.	Maske
massachusetts		n.	Massachusetts
midnight		n.	Mitternacht
minnesota		n.	Minnesota
mouse		n.	Maus
oscar		n.	Oscar
packed		adj.	voll
piano		n.	Klavier
praise		v.	loben
presentation		n.	Präsentation
psychology		n.	Psychologie
relation		n.	Beziehung
restrictions		n.	Einschränkung
rocket		n.	Rakete
ruin		v.	ruinieren
saudi		adj.	saudi
sean		n.	Sean
sec		n.	Sek
secrets		n.	Geheimnis
slave		n.	Sklave
stability		n.	Stabilität
steady		adj.	stabil
stones		n.	Stein
symbol		n.	Symbol
terminal		n.	Terminal
toilet		n.	Toilette
treaty		n.	Vertrag
triple		adj.	dreifach
unlikely		adj.	unwahrscheinlich
updates		n.	Aktualisierung
vietnam		n.	Vietnam
viewed		v.	ansehen
affair		n.	Angelegenheit
affair		n.	Affäre
agenda		n.	Tagesordnung
bat		n.	Fledermaus
bat		n.	Schläger
bow		n.	Bogen
bow		v.	sich verbeugen
calendar		n.	Kalender
cape		n.	Kap
collective		adj.	kollektiv
conversations		n.	Gespräch
cooperation		n.	Zusammenarbeit
craft		n.	Handwerk
darkness		n.	Dunkelheit
deeper		adj.	tiefer
devil		n.	Teufel
edit		v.	bearbeiten
enable		v.	aktivieren
equity		n.	Gerechtigkeit
equity		n.	Eigenkapital
estimates		v.	schätzen
failing		n.	Schwäche
finishing		n.	Finish
fortune		n.	Vermögen
fortune		n.	Glück
gates		n.	Tor
goodbye		int.	Auf Wiedersehen
graham		n.	Graham
hardware		n.	Hardware
hardware		n.	Werkzeug
hillary		n.	Hillary
hurts		v.	weh tun
intellectual		adj.	intellektuell
invite		v.	einladen
involvement		n.	Beteiligung
kentucky		n.	Kentucky
madrid		n.	Madrid
nuts		n.	Nuss
oregon		n.	Oregon
partly		adv.	teilweise
petition		n.	Petition
phrase		n.	Phrase
physically		adv.	physisch
protecting		v.	schützen
racial		adj.	rassisch
rated		v.	bewerten
regime		n.	Regimen
rivers		n.	Fluss
rounds		n.	Runde
ruled		v.	herrschen
sauce		n.	Soße
seal		n.	Seehund
seal		v.	versiegeln
separated		adj.	getrennt
shield		n.	Schild
similarly		adv.	ähnlich
slide		v.	gleiten
stem		n.	Stängel
summit		n.	Gipfel
talented		adj.	begabt
throat		n.	Kehl
tiger		n.	Tiger
touched		v.	berühren
toy		n.	Spielzeug
visits		v.	besuchen
warriors		n.	Krieger
wisdom		n.	Weisheit
accounting		n.	Rechnungswesen
alien		n.	Außerirdischer
attacking		v.	angreifen
awkward		adj.	unangenehm
beast		n.	Ungeheuer
beef		n.	Rindfleisch
candy		n.	Süßigkeit
carrier		n.	Träger
carrier		n.	Fluggesellschaft
celebration		n.	Feier
celebrity		n.	Prominente
certificate		n.	Zertifikat
cited		v.	zitieren
clay		n.	Ton
coaching		n.	Coaching
colleagues		n.	Kollege
constructed		v.	bauen
dated		adj.	veraltet
default		n.	Standard
delhi		n.	Delhi
derived		v.	ableiten
dialogue		n.	Dialog
disabled		adj.	behindert
distinct		adj.	deutlich
drag		v.	ziehen
educated		adj.	gebildet
eligible		adj.	berechtigt
estimate		v.	schätzen
execution		n.	Ausführung
existed		v.	existieren
fifty		num.	fünfzig
followers		n.	Anhänger
fool		n.	Narr
framework		n.	Rahmen
franchise		n.	Lizenz
funded		v.	finanzieren
furniture		n.	Möbel
generations		n.	Generation
googleplay		n.	Google Play
guaranteed		v.	garantieren
integrated		adj.	integriert
intelligent		adj.	intelligent
interaction		n.	Interaktion
jet		n.	Düsenflugzeug
journalists		n.	Journalist
lifestyle		n.	Lebensstil
lighting		n.	Beleuchtung
lisa		n.	Lisa
loop		n.	Schleife
mall		n.	Einkaufszentrum
newdelhi		n.	New Delhi
overseas		adj.	Auslands-
performances		n.	Aufführung
philippines		n.	Philippinen
polish		v.	polieren
polish		adj.	polnisch
recommendations		n.	Empfehlung
recover		v.	sich erholen
regarded		v.	betrachten
relax		v.	sich entspannen
reliable		adj.	zuverlässig
rely		v.	sich verlassen
remarkable		adj.	bemerkenswert
responses		n.	Antwort
ruling		n.	Urteil
sacrifice		n.	Opfer
sole		adj.	einzig
stopping		v.	anhalten
strategies		n.	Strategie
succeed		v.	erfolgreich sein
succeed		v.	nachfolgen
tables		n.	Tisch
tables		n.	Tabelle
tale		n.	Geschichte
targets		n.	Ziel
targets		v.	zielen
timing		n.	Timing
ton		n.	Tonne
volunteers		n.	Freiwilliger
witnesses		n.	Zeuge
witnesses		v.	beobachten
wore		v.	tragen
worship		v.	anbeten
worship		n.	Anbetung
worthy		adj.	würdig
acted		v.	spielen
acted		v.	handeln
alarm		n.	Alarm
bass		n.	Bass
bloody		adj.	blutig
breathing		n.	Atmung
butt		n.	Po
characteristics		n.	Merkmal
cnn		n.	CNN
collaboration		n.	Zusammenarbeit
con		prep.	mit
consideration		n.	Erwägung
counts		v.	zählen
counts		n.	Zählung
creates		v.	erschaffen
crucial		adj.	entscheidend
daughters		n.	Tochter
dependent		adj.	abhängig
discussions		n.	Diskussion
drives		n.	Laufwerk
drives		v.	fahren
dual		adj.	Doppelt-
edinburgh		n.	Edinburgh
equipped		adj.	ausgerüstet
expanded		v.	erweitern
experimental		adj.	experimentell
feeding		n.	Fütterung
filter		n.	Filter
galaxy		n.	Galaxie
globe		n.	Globus
grades		n.	Note
grades		n.	Klassenstufe
greece		n.	Griechenland
gulf		n.	Golf
highlights		n.	Höhepunkte
hoped		v.	hoffen
intent		n.	Absatz
involve		v.	einbeziehen
judgment		n.	Urteil
kennedy		n.	Kennedy
knight		n.	Ritter
larry		n.	Larry
logo		n.	Logo
malaysia		n.	Malaysia
mature		adj.	reif
moore		n.	Moore
nazi		n.	Nazi
netherlands		n.	Niederlande
odds		n.	Chancen
peaceful		adj.	friedlich
philip		n.	Philipp
photographer		n.	Fotograf
pin		n.	Stecknadel
pin		v.	anheften
prevention		n.	Vorbeugung
printing		v.	drucken
promoting		v.	fördern
publicly		adv.	öffentlich
pump		n.	Pumpe
pump		v.	pumpen
repeated		adj.	wiederholt
replied		v.	antworten
requests		n.	Anfrage
requests		v.	anfordern
revenge		n.	Rache
satisfied		adj.	zufrieden
seeds		n.	Verstand
signals		n.	Signal
signals		v.	signalisieren
slip		v.	ausrutschen
spaces		n.	Raum
spaces		v.	Abstände lassen
spare		adj.	Ersatz-
spare		v.	schonen
specialist		n.	Fachmann
stocks		n.	Aktien
stranger		n.	Fremder
submit		v.	einreichen
surprising		adj.	überraschend
tap		v.	tippen
tap		n.	Wasserhahn
thompson		n.	Thompson
threats		n.	Drohung
tourism		n.	Tourismus
turkish		adj.	türkisch
volunteer		n.	Freiwilliger
volunteer		v.	freiwillig machen
acceptable		adj.	akzeptabel
allies		n.	Bündnispartner
attempting		v.	versuchen
auction		n.	Auktion
bonds		n.	Anleihen
bonds		n.	Bindungen
challenging		adj.	herausfordernd
chaos		n.	Chaos
churches		n.	Kirchen
cleveland		n.	Cleveland
composed		adj.	gefasst
composed		v.	komponieren
concentration		n.	Konzentration
copper		n.	Kupfer
corp		n.	Gesellschaft
corps		n.	Korps
counting		v.	zählen
credits		n.	Kreditpunkte
credits		n.	Verdienst
dawn		n.	Morgenröte
dispute		n.	Streit
earnings		n.	Gewinne
editing		v.	Bearbeitung
executed		v.	hinrichten
executed		v.	ausführen
firing		v.	kündigen
firing		v.	feuern
fits		v.	passen
fits		n.	Anfall
frequent		adj.	häufig
gardens		n.	Gärten
gathered		v.	versammeln
hilarious		adj.	witzig
huh		int.	hä
ignored		v.	ignorieren
improvements		n.	Verbesserungen
investments		n.	Investitionen
isis		n.	Islamischer Staat
isis		n.	Isis
margin		n.	Rand
margin		n.	Spanne
mars		n.	Mars
maryland		n.	Maryland
mechanism		n.	Mechanismus
moderate		adj.	mäßig
murray		n.	Murray
oklahoma		n.	Oklahoma
opera		n.	Oper
overcome		v.	überwinden
parallel		adj.	parallel
passage		n.	Passage
pit		n.	Grube
psychological		adj.	psychologisch
publications		n.	Veröffentlichung
quest		n.	Suche
radiation		n.	Strahlung
shocked		v.	geschockt
stroke		n.	Schlaganfall
stunning		adj.	atemberaubend
tanks		n.	Panzer
tokyo		n.	Tokio
topics		n.	Thema
trains		n.	Zug
traveling		v.	reisen
treating		v.	behandeln
tune		n.	Melodie
utility		n.	Nutzen
vessel		n.	Schiff
weed		n.	Unkraut
wherever		conj.	wo immer
acquisition		n.	Übernahme
addressed		v.	ansprechen
alabama		n.	Alabama
alice		n.	Alice
angels		n.	Engel
anime		n.	Anime
announce		v.	ankündigen
autumn		n.	Herbst
backed		v.	unterstützen
barry		n.	Barry
bold		adj.	fett
borders		n.	Grenze
breathe		v.	atmen
cameron		n.	Cameron
choosing		v.	wählen
classical		adj.	klassisch
classified		adj.	geheim
clip		n.	Clip
coaches		n.	Trainer
coins		n.	Münze
concepts		n.	Begriff
conspiracy		n.	Verschwörung
controversy		n.	Kontroverse
convince		v.	überzeugen
cooper		n.	Cooper
disappeared		v.	verschwinden
encounter		v.	begegnen
equality		n.	Gleichheit
exam		n.	Prüfung
examination		n.	Untersuchung
examination		n.	Prüfung
fails		v.	scheitern
federation		n.	Föderation
fiscal		adj.	Fiskal-
guardian		n.	Vormund
homeless		adj.	obdachlos
instrument		n.	Instrument
intervention		n.	Eingriff
jerry		n.	Jerry
lover		n.	Geliebter
mainstream		n.	Mainstream
menu		n.	Menü
missouri		n.	Missouri
mounted		v.	reiten
mounted		adj.	montiert
mutual		adj.	gegenseitig
nope		int.	nein
occasions		n.	Anlass
offense		n.	Beleidigung
offense		n.	Vergehen
oral		adj.	mündlich
panic		n.	Panik
pays		v.	bezahlen
peoples		n.	Volk
pursue		v.	verfolgen
realise		v.	erkennen
realise		v.	verwirklichen
refugees		n.	Flüchtling
removing		v.	entfernen
requirement		n.	Anforderung
responded		v.	antworten
rip		v.	reißen
ruined		adj.	ruiniert
ruined		v.	ruinieren
sandiego		n.	San Diego
scope		n.	Bereich
scope		n.	Fernrohr
segment		n.	Segment
spectrum		n.	Spektrum
stays		v.	bleiben
ted		n.	Ted
terror		n.	Terror
they've		pron.	sie haben
venture		n.	Wagnis
virtually		adv.	fast praktisch
waited		v.	warten
warren		n.	Warren
worn		adj.	abgenutzt
yea		int.	ja
accompanied		v.	begleiten
adams		n.	Adams
aids		n.	Aids
aimed		v.	zielen
alpha		n.	Alpha
appleone		n.	AppleOne
approaches		v.	sich nähern
approaches		n.	Ansatz
arguing		v.	streiten
arrangement		n.	Arrangement
arrangement		n.	Anordnung
beliefs		n.	Glaube
boats		n.	Boot
boundaries		n.	Grenze
brick		n.	Ziegel
brooklyn		n.	Brooklyn
colleges		n.	College
considerable		adj.	erheblich
conventional		adj.	konventionell
danny		n.	Danny
designated		v.	bestimmen
dvd		n.	DVD
emperor		n.	Kaiser
employers		n.	Arbeitgeber
enormous		adj.	enorme
errors		n.	Fehler
focusing		v.	fokussieren
forgive		v.	verzeihen
gains		n.	Gewinn
garage		n.	Garage
gathering		n.	Versammlung
guidelines		n.	Richtlinie
handled		v.	behandeln
hosted		v.	veranstalten
indians		n.	Indianer
indonesia		n.	Indonesien
inquiry		n.	Anfrage
inspector		n.	Inspektor
jumped		v.	springen
khan		n.	Khan
lion		n.	Löwe
loaded		v.	laden
lonely		adj.	einsam
maintaining		v.	erhalten
measured		adj.	gemessen
measured		v.	messen
mercy		n.	Barmherzigkeit
nevertheless		adv.	trotzdem
newspapers		n.	Zeitung
outer		adj.	äußere
oxygen		n.	Sauerstoff
pipe		n.	Rohr
pissed		adj.	wütend
poem		n.	Gedicht
powder		n.	Pulver
powered		v.	antreiben
promises		n.	Versprechen
quotes		n.	Zitat
racism		n.	Rassismus
ratings		n.	Einschaltquote
reads		v.	lesen
recovered		v.	sich erholen
refers		v.	sich beziehen
roy		n.	Roy
rude		adj.	unhöflich
screw		n.	Schraube
seventh		num.	siebte
shelter		n.	Unterschlupf
signature		n.	Unterschrift
sooner		adv.	früher
spider		n.	Spinne
stewart		n.	Stewart
strikes		v.	schlagen
suggesting		v.	vorschlagen
suits		n.	costume
toys		n.	Spielzeug
tracking		n.	Verfolgung
tribute		n.	Tribut
trigger		n.	Abzug
trigger		v.	auslösen
vary		v.	variieren
venue		n.	Veranstaltungsort
wages		n.	Lohn
wells		n.	Brunnen
wheels		n.	Rad
abortion		n.	Abtreibung
accuracy		n.	Genauigkeit
albert		n.	Albert
applying		v.	bewerben
artificial		adj.	künstlich
belongs		v.	gehören
beneath		prep.	unter
bullet		n.	Kugel
burns		v.	brennen
carl		n.	Carl
celebrated		adj.	berühmt
consistently		adv.	konsistent
conversion		n.	Umsetzung
copyright		n.	Copyright
counties		n.	Bezirk
democrat		n.	Demokrat
deposit		n.	Einzahlung
deposit		v.	einzahlen
destination		n.	Ziel
dirt		n.	Erde
diverse		adj.	vielfältig
divine		adj.	göttlich
emails		n.	E-Mail
exclusively		adv.	ausschließlich
export		v.	exportieren
fastest		adj.	am schnellsten
formerly		adv.	früher
functional		adj.	funktional
gather		v.	sammeln
grandfather		n.	Großvater
habit		n.	Gewohnheit
harvard		n.	Harvard
indicates		v.	anzeigen
isolated		adj.	isoliert
jealous		adj.	eifersüchtig
knocked		v.	klopfen
landed		v.	landen
laughed		v.	lachen
laura		n.	Laura
lazy		adj.	faul
marshall		n.	Marshall
mitchell		n.	Mitchell
modified		v.	ändern
municipal		adj.	kommunal
naval		adj.	Marine-
neighbors		n.	Nachbar
nelson		n.	Nelson
neutral		adj.	neutral
noble		adj.	edel
oldest		adj.	am ältesten
pat		v.	tätscheln
picks		v.	auswählen
poland		n.	Polen
popularity		n.	Beliebtheit
professionals		n.	Professioneller
pussy		n.	Muschi
reactions		n.	Reaktion
relate		v.	sich beziehen
robot		n.	Roboter
sacred		adj.	heilig
securities		n.	Wertpapiere
shoe		n.	Schuh
speakers		n.	Lautsprecher
spider-man		n.	Spider-Man
springs		n.	Feder
spy		n.	Spion
steven		n.	Steven
suggestions		n.	Vorschlag
supplied		v.	liefern
susan		n.	Susan
suspension		n.	Suspension
terrorism		n.	Terrorismus
terry		n.	Terry
toxic		adj.	giftig
treasury		n.	Finanzministerium
tunnel		n.	Tunnel
unions		n.	Gewerkschaft
upgrade		v.	aufrüsten
warrant		n.	Haftbefehl
wider		adj.	breiter
wound		n.	Wunde
aaron		n.	Aaron
actively		adv.	aktivamente
afghanistan		n.	Afghanistan
ai		n.	KI
applies		v.	anwenden
arrangements		n.	Vereinbarung
asset		n.	Anlagevermögen
assuming		conj.	angenommen
backing		n.	Unterstützung
baker		n.	Bäcker
barcelona		n.	Barcelona
blessed		adj.	gesegnet
brazilian		adj.	brasilianisch
brush		n.	Bürce
burden		n.	Last
campbell		n.	Campbell
carries		v.	tragen
casual		adj.	lässig
certified		adj.	zertifiziert
charter		n.	Charta
chef		n.	Koch
civilian		n.	Zivilist
coalition		n.	Koalition
cock		n.	Hahn
complain		v.	sich beschweren
complaints		n.	Beschwerde
controversial		adj.	umstritten
denver		n.	Denver
describing		v.	beschreiben
differently		adv.	anders
directions		n.	Richtung
discipline		n.	Disziplin
discussing		v.	besprechen
disgusting		adj.	ekelhaft
dj		n.	DJ
dominant		adj.	dominant
earning		v.	verdienen
emma		n.	Emma
essay		n.	Aufsatz
expense		n.	Aufwand
explaining		v.	erklären
furthermore		conj.	außerdem
graphic		adj.	graphisch
greg		n.	Greg
healing		v.	heilen
hiring		v.	einstellen
hosts		n.	Gastgeber
implemented		v.	implementieren
instantly		adv.	sofort
invasion		n.	Invasion
jacob		n.	Jacob
jumping		v.	springen
laptop		n.	Laptop
legendary		adj.	legendär
leo		n.	Leo
maker		n.	Hersteller
margaret		n.	Margaret
mario		n.	Mario
opponents		n.	Gegner
outdoor		adj.	Outdoor-
palm		n.	Handfläche
parker		n.	Parker
photograph		n.	Fotografie
pole		n.	Pol
pub		n.	Kneipe
quarters		n.	Viertel
queensland		n.	Queensland
rangers		n.	Förster
ranks		n.	Rang
reception		n.	Empfang
recipe		n.	Rezept
regulatory		adj.	regulatorisch
reviewed		v.	rezensieren
rolls		v.	rollen
rubber		n.	Gummi
secured		v.	sichern
serial		adj.	Serien-
settings		n.	Einstellungen
shed		n.	Schuppen
snake		n.	Schlange
sponsored		adj.	gesponsert
stealing		v.	stehlen
strict		adj.	streng
subsequently		adv.	danach
substance		n.	Stoff
substance		n.	Substanz
suggestion		n.	Vorschlag
switzerland		n.	Schweiz
syndrome		n.	Syndrom
tasks		n.	Aufgabe
trips		n.	Reise
ultra		adj.	ultra
unexpected		adj.	unerwartet
usage		n.	Verwendung
utah		n.	Utah
worlds		n.	Welt
accidentally		adv.	zufällig
affordable		adj.	erschwinglich
amateur		n.	Amateur
appeals		v.	appellieren
argentina		n.	Argentinien
baltimore		n.	Baltimore
batman		n.	Batman
bearing		n.	Lager
beats		v.	schlagen
bin		n.	Mülleimer
biology		n.	Biologie
bobby		n.	Polizist
briefly		adv.	kurz
canal		n.	Kanal
cancelled		v.	absagen
charlotte		n.	Charlotte
cheaper		adj.	günstiger
christopher		n.	Christopher
climb		v.	klettern
competing		adj.	konkurrierend
completion		n.	Abschluss
cruise		n.	Kreuzfahrt
custody		n.	gewahrsam
delete		v.	löschen
demonstrated		v.	beweisen
departure		n.	Abfahrt
developers		n.	Entwickler
developments		n.	Entwicklung
dig		v.	graben
eagles		n.	Adler
employer		n.	Arbeitgeber
evans		n.	Evans
explosion		n.	Explosion
fever		n.	Fieber
fluid		n.	Flüssigkeit
folk		n.	Volk
generate		v.	generieren
handsome		adj.	schön
ho		int.	ho
holidays		n.	Urlaub
hotels		n.	Hotel
imagination		n.	Vorstellungskraft
integration		n.	Integration
integrity		n.	Integrität
interpretation		n.	Interpretation
leaf		n.	Blatt
legitimate		adj.	legitim
lightning		n.	Blitz
loads		n.	Ladungen
longest		adj.	der längste
magical		adj.	magisch
mills		n.	Mühlen
motivation		n.	Motivation
mtv		n.	MTV
musictelevision		n.	Musikfernsehen
nasty		adj.	ekelhaft
oliver		n.	Oliver
outfit		n.	Outfit
pension		n.	Rente
permit		v.	erlauben
permit		n.	Erlaubnis
perry		n.	Perry
plates		n.	Teller
pleasant		adj.	angenehm
portrait		n.	Portratz
productive		adj.	produktiv
read-onlymemory		n.	Nur-Lese-Speicher
reminds		v.	erinnert
reserves		n.	Reserven
rom		n.	ROM
ron		n.	Ron
safely		adv.	sicher
shirts		n.	Hemden
shorter		adj.	kürzer
slight		adj.	gering
socialist		n.	Sozialistista
streaming		n.	Streaming
sue		v.	verklagen
sue		n.	Sue
targeted		adj.	gezielt
tension		n.	Spannung
thailand		n.	Thailand
theories		n.	Theorien
touching		adj.	rührend
touching		v.	berühren
transactions		n.	Transaktionen
twist		v.	drehen
twist		n.	Drehung
unemployment		n.	Arbeitslosigkeit
unity		n.	Einheit
useless		adj.	nutzlos
viewers		n.	Zuschauer
winds		n.	Winde
woke		adj.	woke
woke		v.	aufwachen
abilities		n.	Fähigkeiten
adultvideo		n.	Erwachsenenvideo
advocate		v.	befürworten
advocate		n.	Befürworter
aims		n.	Ziele
arc		n.	Bogen
av		n.	Erwachsenenvideo
backup		n.	Backup
beaten		adj.	geschlagen
bitter		adj.	bitter
blown		adj.	verweht
blown		v.	blasen
branches		n.	Zweige
campaigns		n.	Kampagne
chips		n.	Pommes
chips		n.	Chip
cia		n.	CIA
clever		adj.	klug
clinic		n.	Klinik
closest		adj.	am nächsten
collections		n.	Sammlung
continuous		adj.	kontinuierlich
converted		v.	konvertieren
correctly		adv.	richtig
creator		n.	Schöpfer
creatures		n.	Kreatur
criteria		n.	Kriterium
declined		v.	ablehnen
declined		v.	sinken
detective		n.	Detektiv
difficulties		n.	Schwierigkeit
disability		n.	Behinderung
dish		n.	Gericht
dish		n.	Geschirr
douglas		n.	Douglas
duck		n.	Entente
egyptian		adj.	ägyptisch
evaluation		n.	Bewertung
excess		n.	Überschuss
farming		n.	Landwirtschaft
fence		n.	Zaun
fifa		n.	FIFA
fighters		n.	Kämpfer
flights		n.	Flug
forcing		v.	zwingen
forming		v.	bilden
franklin		n.	Franklin
fred		n.	Fred
gradually		adv.	allmählich
gravity		n.	Gravitation
habits		n.	Gewohnheit
hasn't		v.	hat nicht
hawaii		n.	Hawaii
highlight		v.	hervorheben
holder		n.	Inhaber
hood		n.	Kapuze
hung		v.	hängen
identical		adj.	identisch
imperial		adj.	Kaiserlich
investigations		n.	Untersuchung
jose		n.	José
legally		adv.	rechtlich
lied		v.	lügen
listened		v.	zuhören
llm		n.	LLM
males		n.	Männchen
manufacturer		n.	Hersteller
meters		n.	Meter
nail		n.	Nagel
nasa		n.	NASA
negotiations		n.	Verhandlung
nonsense		n.	Unsinn
ontario		n.	Ontario
operational		adj.	operativ
orleans		n.	Orléans
owns		v.	besitzen
phoenix		n.	Phönix
playoffs		n.	Playoffs
poet		n.	Dichter
quoted		v.	zitieren
relating		v.	betreffen
repeatedly		adv.	wiederholt
robinson		n.	Robinson
rolled		v.	rollen
scientist		n.	Wissenschaftler
sink		n.	Spüle
sink		v.	sinken
skip		v.	überspringen
slavery		n.	Sklaverei
snap		v.	knacken
sorts		n.	Art
sorts		v.	sortieren
souls		n.	Seele
stole		v.	stehlen
swedish		adj.	schwedisch
swim		v.	schwimmen
swiss		adj.	Schweizer
tennessee		n.	Tennessee
they'll		pron.	sie werden
transaction		n.	Transaktion
transformation		n.	Verwandlung
veteran		n.	Veteran
veteran		adj.	erfahren
vulnerable		adj.	verwundbar
wealthy		adj.	reich
additionally		adv.	zusätzlich
amy		n.	Amy
attract		v.	anziehen
barbara		n.	Barbara
beta		n.	Beta
beta		n.	Beta-Version
blowing		v.	blasen
bored		adj.	gelangweilt
bronze		n.	Bronze
bronze		n.	Bronzemedaille
bug		n.	Käfer
bug		n.	Programmfehler
caring		adj.	fürsorglich
catching		v.	fangen
cave		n.	Höhle
cheating		v.	betrügen
chronic		adj.	chronisch
cleared		v.	löschen
communicate		v.	kommunizieren
convicted		v.	verurteilen
cultures		n.	Kultur
dealt		v.	umgehen
delayed		v.	verzögern
demonstrate		v.	nachweisen
demonstrate		v.	demonstrieren
departments		n.	Abteilung
depend		v.	abhängen
developer		n.	Entwickler
diagnosis		n.	Diagnose
dismissed		v.	entlassen
dismissed		v.	abweisen
distinguished		adj.	ausgezeichnet
dose		n.	Dosis
dose		v.	dosieren
eighth		num.	achte
experiments		n.	Experiment
experiments		v.	experimentieren
flesh		n.	Fleisch
flip		v.	umdrehen
forty		num.	vierzig
generous		adj.	großzügig
germans		n.	Deutscher
googletv		n.	Google TV
hated		v.	hassen
implement		v.	umsetzen
implement		n.	Werkzeug
incorporated		v.	eingliedern
influenced		v.	beeinflussen
isbn		n.	ISBN
jerusalem		n.	Jerusalem
kidding		v.	veräppeln
laser		n.	Laser
loyal		adj.	treu
marijuana		n.	Marihuana
mentally		adv.	geistig
missions		n.	Mission
occupation		n.	Beruf
occupation		n.	Besetzung
opponent		n.	Gegner
paintings		n.	Gemälde
patch		n.	Patch
patch		v.	flicken
patience		n.	Geduld
pic		n.	Bild
pointing		v.	zeigen
pollution		n.	Verschmutzung
precisely		adv.	genau
prisoner		n.	Gefangener
privilege		n.	Privileg
proposals		n.	Vorschlag
protests		n.	Protest
protests		v.	protestieren
punk		n.	Punk
radar		n.	Radar
regards		n.	Grüße
relatives		n.	Verwandte
resist		v.	widerstehen
solely		adv.	nur
stepped		v.	treten
striking		adj.	auffällig
striking		v.	schlagen
terrorists		n.	Terrorist
tourist		n.	Tourist
transit		n.	Transit
trucks		n.	Lastwagen
trusted		v.	vertrauen
vessels		n.	Schiff
vessels		n.	Gefäß
villa		n.	Villa
volumes		n.	Band
volumes		n.	Volumen
websites		n.	Website
wireless		adj.	drahtlos
wondered		v.	sich fragen
wrap		v.	einpacken
wright		n.	Handwerker
yoga		n.	Yoga
adopt		v.	adoptieren
airlines		n.	Fluggesellschaft
alaska		n.	Alaska
albums		n.	Album
anytime		adv.	jederzeit
applemusic		n.	Apple Music
bacteria		n.	Bakterie
beings		n.	Wesen
beside		prep.	neben
blade		n.	Klinge
boot		n.	Stiefel
bottles		n.	Flasche
bucks		n.	Dollar
bulk		n.	Masse
camps		n.	Camp
cargo		n.	Fracht
census		n.	Volkszählung
christianity		n.	Christentum
coastal		adj.	Küsten-
coin		n.	Münze
colored		adj.	farbig
commentary		n.	Kommentar
confusion		n.	Verwirrung
congressional		adj.	Kongress-
corn		n.	Mais
cried		v.	weinen
customs		n.	Zoll
dealer		n.	Händler
deemed		v.	erachten
destiny		n.	Schicksal
distant		adj.	entfernt
electronics		n.	Elektronik
emerging		adj.	aufstrebend
emotion		n.	Gefühl
emphasis		n.	Betonung
ethics		n.	Ethik
excitement		n.	Aufregung
exploration		n.	Erkundung
fights		n.	Kampf
filling		n.	Füllung
filming		v.	filmen
fomo		n.	qqn
glasgow		n.	Glasgow
graphics		n.	Grafik
helen		n.	Helen
hi-fi		adj.	HiFi
humor		n.	Humor
insight		n.	Einblick
invested		v.	investieren
jennifer		n.	Jennifer
lit		adj.	angezündet
louisiana		n.	Louisiana
marie		n.	Marie
meals		n.	Mahlzeit
mississippi		n.	Mississippi
nerve		n.	Nerv
nightmare		n.	Albtraum
operators		n.	Operator
os		n.	Betriebssystem
overnight		adv.	über Nacht
partially		adv.	teilweise
participating		v.	teilnehmen
pie		n.	Kuchen
platforms		n.	Plattform
populations		n.	Bevölkerung
poster		n.	Plakat
practically		adv.	beinahe
preserve		v.	schützen
preserve		n.	Konfitüre
qualify		v.	qualifizieren
raid		n.	Überfall
ram		v.	rammen
ranging		v.	varieren
ranking		n.	Rangliste
receives		v.	erhalten
respective		adj.	beziehungsweise respektiv
restricted		adj.	eingeschränkt
routes		n.	Strecke
samuel		n.	Samuel
sandy		n.	Sandy
scenario		n.	Szenario
sheep		n.	Schaf
situated		v.	gelegen
slaves		n.	Sklave
sony		n.	Sony
spotted		v.	erwischen
spotted		adj.	gepunkt
spreading		v.	sich ausbreiten
stanley		n.	Stanley
sustainable		adj.	nachhaltig
sustained		adj.	anhaltend
taxi		n.	Taxi
themes		n.	Thema
threatening		v.	drohen
tobacco		n.	Tabak
trace		n.	Spur
trace		v.	verfolgen
trapped		v.	einsperren
turner		n.	Turner
uncomfortable		adj.	unbequem
wasted		adj.	verschwendet
weakness		n.	Schwäche
widespread		adj.	weitverbreitet
xbox		n.	Xbox
accepting		v.	akzeptieren
accessible		adj.	zugänglich
acknowledge		v.	anerkennen
advised		v.	raten
advisory		adj.	beratend
animation		n.	Animation
assignment		n.	Aufgabe
balanced		adj.	ausgewogen
bare		adj.	nackt
basement		n.	Keller
bases		n.	Basis
bases		n.	Grundlage
battles		n.	Schlacht
bias		n.	Vorurteil
birmingham		n.	Birmingham
bits		n.	Bit
cancel		v.	abbrechen
carpet		n.	Teppich
ceiling		n.	Decke
cherry		n.	Kirsche
chill		v.	abkühlen
classification		n.	Klassifikation
clue		n.	Hinweis
codes		n.	Code
cole		n.	Kohl
collapse		v.	einstürzen
collecting		v.	sammeln
compound		n.	Verbindung
compound		adj.	Sammel-
conscious		adj.	bewusst
consecutive		adj.	folgend
contents		n.	Inhalt
costume		n.	Kostüm
craig		n.	Craig
deleted		v.	gelöscht
devoted		adj.	hingebungsvoll
displayed		v.	angezeigt
dominated		v.	dominiert
earl		n.	Graf
endless		adj.	endlos
escaped		v.	entkommen
examine		v.	untersuchen
floating		adj.	schwebend
garbage		n.	Müll
gospel		n.	Evangelium
grain		n.	Getreide
grid		n.	Gitter
grows		v.	wachsen
heating		n.	Heizung
identification		n.	Identifizierung
knees		n.	Knie
lap		n.	Schoß
lions		n.	Löwe
liver		n.	Leber
metro		n.	U-Bahn
metropolitan		adj.	metropolitan
mines		n.	Grube
mixture		n.	Mischung
nominated		v.	nominiert
oak		n.	Eiche
parliamentary		adj.	parlamentarisch
patent		n.	Patent
perception		n.	Wahrnehmung
physician		n.	Arzt
portland		n.	Portland
proceed		v.	fortfahren
proceedings		n.	Verfahren
pupils		n.	Schüler
reserved		adj.	reserviert
restore		v.	wiederherstellen
rifle		n.	Gewehr
rival		n.	Rivale
rival		v.	rivalisieren
runner		n.	Läufer
runner		n.	Laufschiene
sadly		adv.	traurig
shoulders		n.	Schulter
significance		n.	Bedeutung
sits		v.	sitzen
sizes		n.	Größe
slept		v.	schlafen
soap		n.	Seife
spray		n.	Spray
spray		v.	sprühen
stored		v.	speichern
stressed		adj.	gestresst
structural		adj.	strukturell
suite		n.	Suite
tropical		adj.	tropisch
ukrainian		adj.	ukrainisch
unnecessary		adj.	unnötig
verse		n.	Strophe
victor		n.	Sieger
vintage		adj.	vintage
vintage		n.	Jahrgang
warned		v.	warnen
watson		n.	Watson
weren't		v.	war nicht
acres		n.	Morgen
adapted		adj.	adaptiert
adapted		v.	sich anpassen
adoption		n.	Adoption
adoption		n.	Übernahme
anonymous		adj.	anonym
antonio		n.	Antonio
applepay		n.	Apple Pay
approaching		v.	sich nähern
artistic		adj.	künstlerisch
attendance		n.	Anwesenheit
aviation		n.	Luftfahrt
barrel		n.	Fass
beds		n.	Bett
beloved		adj.	geliebt
bless		v.	segnen
boxing		n.	Boxen
celebrating		v.	feiern
charging		v.	aufladen
chemicals		n.	Chemikalie
chuck		v.	werfen
cinema		n.	Kino
cinema		n.	Film
colonial		adj.	kolonial
comics		n.	Comic
compliance		n.	Compliance
contrary		adj.	entgegengesetzt
contrary		n.	Gegenteil
controlling		v.	kontrollieren
corporations		n.	Korporation
couch		n.	Sofa
crush		v.	zerquetschen
crush		n.	Schwärmerei
dam		n.	Staudamm
decrease		v.	abnehmen
decrease		n.	Abnahme
defeated		v.	besiegen
diabetes		n.	Diabetes
dressing		n.	Dressing
dressing		n.	Ankleiden
expanding		v.	erweitern
fears		n.	Angst
fears		v.	fürchten
fires		n.	Brand
fires		v.	entlassen
genre		n.	Genre
gentle		adj.	sanft
grammar		n.	Grammatik
hiv		n.	HIV
illustrated		adj.	illustriert
invented		v.	erfinden
jake		n.	Jake
jam		n.	Marmelade
jamie		n.	Jamie
jessica		n.	Jessica
keith		n.	Keith
kent		n.	Kent
layers		n.	Schicht
lease		n.	Mietvertrag
lens		n.	Objektiv
licensed		adj.	lizenziert
loyalty		n.	Loyalität
madison		n.	Madison
magnetic		adj.	magnetisch
metres		n.	Meter
monsters		n.	Monster
mysterious		adj.	geheimnisvoll
notion		n.	Auffassung
partial		adj.	teilweise
piss		n.	Pisse
placing		v.	platzieren
propaganda		n.	Propaganda
rat		n.	Ratte
reflection		n.	Reflexión
reminded		v.	erinnern
resolve		v.	lösen
revolutionary		adj.	revolutionär
scandal		n.	Skandal
shine		v.	scheinen
simultaneously		adv.	gleichzeitig
substitute		n.	Ersatz
surveillance		n.	Überwachung
tactics		n.	Taktik
testimony		n.	Aussage
thai		adj.	thailändisch
treasure		n.	Schatz
trophy		n.	Trophäe
tweet		v.	tweeten
tyler		n.	Tyler
underlying		adj.	zugrunde liegend
unfair		adj.	unfair
villages		n.	Dorf
acceptance		n.	Akzeptanz
accidents		n.	Unfall
affects		v.	beeinflussen
annually		adv.	jährlich
apologize		v.	sich entschuldigen
appreciated		v.	schätzen
approached		v.	sich nähern
arriving		v.	ankommen
ash		n.	Asche
aunt		n.	Tante
benjamin		n.	Benjamin
blake		n.	Blake
bubble		n.	Blase
bubble		v.	Blasen bilden
buyers		n.	Käufer
casino		n.	Spielbank
charts		n.	Diagramm
clouds		n.	Wolke
connecting		v.	verbinden
counsel		n.	Rechtsanwalt
counsel		v.	beraten
creature		n.	Kreatur
deadly		adj.	tödlich
decides		v.	entscheiden
desired		adj.	erwünscht
desired		v.	wünschen
determination		n.	Entschlossenheit
determination		n.	Bestimmung
embrace		v.	umarmen
embrace		v.	annehmen
emerged		v.	erscheinen
exhibit		n.	Ausstellungsstück
exhibit		v.	ausstellen
flew		v.	fliegen
gentleman		n.	Gentleman
halloween		n.	Halloween
hammer		n.	Hammer
hammer		v.	hämmern
hitler		n.	Hitler
hosting		v.	veranstalten
hosting		n.	Hosting
icon		n.	Symbol
icon		n.	Ikone
imposed		v.	auferlegen
indigenous		adj.	einheimisch
infinite		adj.	unendlich
installation		n.	Installation
installation		n.	Anlage
inter		prep.	inter
interactions		n.	Interaktion
introducing		v.	vorstellen
iranian		adj.	iranisch
kicking		v.	treten
laying		v.	legen
legislature		n.	Parlament
liability		n.	Haftung
maine		n.	Maine
makers		n.	Hersteller
manhattan		n.	Manhattan
marathon		n.	Marathon
marvel		n.	Wunder
marvel		v.	staunen
michelle		n.	Michelle
moreover		adv.	außerdem
neil		n.	Neil
organisations		n.	Organisation
ours		pron.	unser
parade		n.	Parade
parade		v.	paradieren
paradise		n.	Paradies
perceived		v.	wahrnehmen
planes		n.	Flugzeug
politician		n.	Politiker
preliminary		adj.	vorläufig
premiere		n.	Uraufführung
presidency		n.	Präsidentschaft
reaches		v.	erreichen
react		v.	reaktionieren
realistic		adj.	realistisch
remarks		n.	Bemerkung
retain		v.	behalten
roberts		n.	Roberts
rocky		adj.	felsig
russians		n.	Russe
saints		n.	Heiliger
satisfaction		n.	Zufriedenheit
scratch		v.	kratzen
scratch		n.	Kratzer
shade		n.	Schatten
shade		n.	Farbtön
sheets		n.	[Leintuch
sheets		n.	Blatt
sheriff		n.	Sheriff
shy		adj.	schüchtern
sometime		adv.	irgendwann
spirits		n.	Laute
spirits		n.	[Spirituosen
sporting		adj.	Sport-
strictly		adv.	streng
sunshine		n.	Sonnenschein
teens		n.	Jugendliche
thou		pron.	du
tier		n.	Stufe
tommy		n.	Tommy
travelling		v.	reisen
vancouver		n.	Vancouver
vocal		adj.	Vokal-
vocal		adj.	aufmüpfig
warrior		n.	Krieger
worries		v.	sich sorgen
worries		n.	Sorge
yield		v.	nachgeben
yield		v.	hervorbringen
yield		n.	Ertrag
youtube		n.	YouTube
accomplished		adj.	erledigt
accomplished		adj.	geschickt
admission		n.	Zulassung
admission		n.	Eintritt
adventures		n.	Abenteuer
aka		adv.	auch bekannt als
appearing		v.	erscheinen
bacon		n.	Speck
barrier		n.	Barriere
belgium		n.	Belgien
believing		v.	glauben
blacks		n.	Schwarze
bombs		n.	Bombe
burst		v.	platzen
burst		n.	Ausbruch
caps		n.	Mütze
casting		n.	Casting
casting		v.	gießen
cattle		n.	Rindsvieh
classroom		n.	Klassenzimmer
collins		n.	Collins
colours		n.	Farbe
compromise		n.	Kompromiss
compromise		v.	Kompromisse schließen
convenient		adj.	bequem
costa		n.	Küste
criminals		n.	Verbrecher
crop		n.	Nutzpflanze
crop		n.	Ernte
earthquake		n.	Erdbeben
elderly		adj.	alt
eliminate		v.	beseitigen
embarrassing		adj.	peinlich
farmer		n.	Landwirt
finest		adj.	der/die/das beste
googleearth		n.	Google Earth
googlevoice		n.	Google Voice
grants		n.	Zuschuss
grants		v.	gewähren
harbor		n.	Hafen
harvey		n.	Harvey
hates		v.	hassen
incidents		n.	Zwischenfall
inform		v.	informieren
ion		n.	Ion
jeremy		n.	Jeremy
lesbian		adj.	lesbisch
lovers		n.	Geliebter
mathematics		n.	Mathematik
medication		n.	Medikament
minded		adj.	gesinnt
morris		n.	Morris
norway		n.	Norwegen
par		n.	Par
podcast		n.	Podcast
portfolio		n.	Portefeuille
productivity		n.	Produktivität
promoted		v.	befördern
protocol		n.	Protokoll
quietly		adv.	ruhig
rachel		n.	Rachel
replacing		v.	ersetzen
responsibilities		n.	Verantwortung
salad		n.	Salat
scholarship		n.	Stipendium
screening		n.	Screening
sends		v.	senden
smiling		v.	lächeln
soup		n.	Suppe
southeast		n.	Südosten
stake		n.	Anteil
stating		v.	angeben
strain		n.	Belastung
suspected		v.	vermuten
swift		adj.	schnell
tackle		v.	angehen
tigers		n.	Tiger
timeline		n.	Zeitplan
torture		n.	Folter
traded		v.	handeln
translated		v.	übersetzen
tricks		n.	Gunststreich
twins		n.	Zwillinge
urgent		adj.	dringlich
vegetables		n.	Gemüse
vertical		adj.	vertikal
violation		n.	Verstoß
wallet		n.	Brieftasche
welsh		adj.	kymrisch
workshop		n.	Werkstatt
wrapped		v.	wickeln
aboard		adv.	an Bord
abstract		adj.	abstrakt
accent		n.	Akzent
addiction		n.	Sucht
associates		n.	Kollege
awake		adj.	wach
beam		n.	Balken
beans		n.	Bohnen
binding		n.	Binden
blank		adj.	leer
buffalo		n.	Büffel
commons		n.	Allmende
conservatives		n.	Konservative
contacts		n.	Kontakte
conviction		n.	Verurteilung
corrupt		adj.	korrupt
cow		n.	Kuh
curve		n.	Kurve
depressed		adj.	niedergeschlagen
deserved		adj.	verdient
dining		n.	Essen
disorders		n.	Störungen
duration		n.	Dauer
eddie		n.	Eddie
emily		n.	Emily
encouraging		adj.	ermutigend
farms		n.	Farm
fifteen		num.	fünfzehn
flows		v.	fließen
genes		n.	Gene
graduated		v.	abgeschlossen
grandmother		n.	Großmutter
harsh		adj.	harsch
heights		n.	Höhen
horn		n.	Horn
hurry		v.	eilen
immune		adj.	immun
inflation		n.	Inflation
ingredients		n.	Zutaten
inspection		n.	Inspektion
install		v.	installieren
instruction		n.	Anweisung
intensity		n.	Intensität
inventory		n.	Bestand
investigated		v.	untersucht
invitation		n.	Einladung
judicial		adj.	gerichtlich
justify		v.	rechtfertigen
lakes		n.	Seen
lean		v.	sich lehnen
lecture		n.	Vorlesung
libraries		n.	Bibliotheken
logical		adj.	logisch
mason		n.	Maurer
meaningful		adj.	sinnvoll
migration		n.	Migration
missile		n.	Rakete
motivated		adj.	motiviert
muscles		n.	Muskeln
nancy		n.	Nancy
norman		n.	Norman
northwest		n.	Nordwesten
nurses		n.	Krankenpflegerinnen
organ		n.	Organ
patrol		n.	Patrouille
patrol		v.	patrouillieren
pearl		n.	Perle
peer		n.	Gleichaltriger
peer		v.	starren
pepper		n.	Pfeffer
pig		n.	Schwein
pile		n.	Haufen
plug		n.	Stecker
plug		v.	einstecken
provision		n.	Versorgung
provision		n.	Bestimmung
releasing		v.	freisetzen
requiring		v.	erfordern
revised		adj.	überarbeitet
revised		v.	überarbeiten
rod		n.	Stange
scream		v.	schreien
scream		n.	Schrei
stairs		n.	Treppe
staring		v.	starren
statistical		adj.	statistisch
sticks		n.	Stock
sticks		v.	kleben
strangers		n.	Fremder
succeeded		v.	erfolgreich sein
sweat		n.	Schweiß
sweat		v.	schwitzen
switched		v.	wechseln
syrian		adj.	syrisch
tattoo		n.	Tätowierung
tattoo		v.	tätowieren
teenage		adj.	Jugend-
thunder		n.	Donner
tours		n.	Tour
tours		v.	bereisen
tragedy		n.	Tragödie
trauma		n.	Trauma
vincent		n.	Vincent
wrestling		n.	Ringen
zoo		n.	Zoo
accordance		n.	Übereinstimmung
acquire		v.	erwerben
activist		n.	Aktivist
activists		n.	Aktivist
addresses		n.	Adresse
addresses		v.	ansprechen
alike		adj.	ähnlich
alike		adv.	gleichermaßen
appletv		n.	Apple TV
applicable		adj.	anwendbar
appstore		n.	App Store
arrow		n.	Pfeil
availability		n.	Verfügbarkeit
bend		v.	biegen
boundary		n.	Grenze
breach		n.	Verstoß
breach		v.	verletzen
cabin		n.	Hütte
cabin		n.	Kabine
cage		n.	Käfer
chancellor		n.	Kanzler
cheers		int.	Prost
circles		n.	Kreis
circles		v.	kreisen
closet		n.	Schrank
combine		v.	kombinieren
companion		n.	Begleiter
comparing		v.	vergleichen
consciousness		n.	Bewusstsein
consultant		n.	Berater
controller		n.	Controller
controller		n.	Verwalter
corresponding		adj.	entsprechend
courtesy		n.	Höflichkeit
cuba		n.	Kuba
damages		n.	Schadensersatz
demanding		adj.	anspruchsvoll
disc		n.	Disc
dishes		n.	Gerichte
dozens		num.	Dutzende
eagle		n.	Adler
eaten		v.	essen
embassy		n.	Botschaft
engaging		adj.	anziehend
fascinating		adj.	faszinierend
financing		n.	Finanzierung
fitted		adj.	eingebaut
flexible		adj.	flexibel
gaining		v.	gewinnen
gentlemen		n.	Herren
goodness		n.	Güte
guilt		n.	Schuld
haven		n.	Zuflucht
helicopter		n.	Hubschrauber
homework		n.	Hausaufgaben
households		n.	Haushalte
infected		adj.	infiziert
keen		adj.	eifrig
kenya		n.	Kenia
lesser		adj.	geringer
liberals		n.	Liberale
lip		n.	Lippe
mandatory		adj.	verpflichtend
manufactured		v.	hergestellt
mechanics		n.	Mechanik
mere		adj.	bloß
miracle		n.	Wunder
mud		n.	Schlamm
murphy		n.	Murphy
nathan		n.	Nathan
observation		n.	Beobachtung
operates		v.	betreiben
owe		v.	schulden
permitted		v.	erlaubt
phenomenon		n.	Phänomen
pittsburgh		n.	Pittsburgh
playoff		n.	Playoff
precise		adj.	Präzise
profession		n.	Beruf
prospect		n.	Aussicht
protective		adj.	schützend
providers		n.	Anbieter
publisher		n.	Verlag
putin		n.	Putin
reportedly		adv.	angeblich
retreat		n.	Rückzug
rookie		n.	Neuling
sandwich		n.	Sandwich
seeks		v.	suchen... no, sucht
sentences		n.	Sätze
separation		n.	Trennung
sexually		adv.	geschlechtlich
ski		v.	Ski fahren
skilled		adj.	geschickt
sterling		n.	Pfund Sterling
sterling		adj.	ausgezeichnet
stuart		n.	Stuart
surgeon		n.	Chirurg
theft		n.	Diebstahl
understands		v.	verstehen
valve		n.	Ventil
visa		n.	Visum
washing		n.	Wäsche
adjacent		adj.	angrenzend
agreements		n.	Abkommen
appreciation		n.	Dankbarkeit
arabia		n.	Arabien
athletic		adj.	sportlich
authorized		adj.	autorisiert
banner		n.	Banner
beijing		n.	Peking
blew		v.	wehen
blocking		v.	blockieren
brad		n.	Brad
caribbean		adj.	karibisch
charm		n.	Charm
charm		v.	bezaubern
chasing		v.	verfolgen
climbing		v.	klettern
colony		n.	Kolonie
complaining		v.	sich beschweren
cookies		n.	Plätzchen
cruel		adj.	grausam
curriculum		n.	Lehrplan
deadline		n.	Frist
deer		n.	Hirsch
delta		n.	Delta
demanded		v.	verlangen
dive		v.	tauchen
divide		v.	teilen
easter		n.	Ostern
electoral		adj.	Wahl-
eleven		num.	elf
entity		n.	Entität
excessive		adj.	exzessiv
exercises		n.	Übung
exercises		v.	sich bewegen
feminist		n.	Feministin
feminist		adj.	feministisch
governing		adj.	regierend
governing		v.	regieren
ham		n.	Schinken
heal		v.	heilen
interface		n.	Schnittstelle
ios		n.	iOS
jewelry		n.	Schmuck
journalism		n.	Journalismus
juan		n.	Juan
julia		n.	Julia
jungle		n.	Dschungel
linear		adj.	linear
occasional		adj.	gelegentlich
oriented		adj.	orientiert
pete		n.	Pete
pilots		n.	Pilot
prayers		n.	Gebet
predicted		v.	vorhersagen
pressed		v.	drücken
preventing		v.	verhindern
provisions		n.	Bestimmung
provisions		n.	Proviant
pursuit		n.	Verfolgung
pursuit		n.	Hobby
rap		n.	Rap
rap		v.	klopfen
reflected		v.	reflektieren
reminder		n.	Erinnerung
restored		v.	wiederherstellen
resume		v.	fortsetzen
resume		n.	Lebenslauf
rev		v.	hochdrehen
richmond		n.	Richmond
ridge		n.	Kamm
scholars		n.	Gelehrter
sealed		v.	versiegeln
sounded		v.	klingen
streams		n.	Bach
streams		n.	Stream
strongest		adj.	am stärksten
tends		v.	neigen
thu		n.	Donnerstag
thurs		n.	Donnerstag
traditionalchinese		n.	traditionelles Chinesisch
tribe		n.	Stamm
unfortunate		adj.	unglücklich
variable		n.	Variable
variable		adj.	veränderlich
victorian		adj.	viktorianisch
worrying		adj.	besorgniserregend
xi		n.	xi
zones		n.	Zone
ace		n.	Ass
adjusted		v.	anpassen
alternate		adj.	alternierend
alternate		v.	wechseln
arrives		v.	ankommen
artwork		n.	Kunstwerk
ashley		n.	Ashley
athlete		n.	Athlet
attraction		n.	Anziehung
attraction		n.	Attraktion
babe		n.	Schatz
bankruptcy		n.	Insolvenz
canon		n.	Canon
canon		n.	Kanon
capabilities		n.	Fähigkeit
cared		v.	kümmern
catherine		n.	Catherine
chains		n.	Kette
closure		n.	Schließung
cognitive		adj.	kognitiv
competitors		n.	Konkurrent
connecticut		n.	Connecticut
convert		v.	konvertieren
cooked		v.	kochen
cups		n.	Tasse
deciding		v.	entscheiden
defender		n.	Verteidiger
dental		adj.	Zahn-
diplomatic		adj.	diplomatisch
divisions		n.	Abteilung
divisions		n.	Teilung
drum		n.	Trommel
editorial		n.	Leitartikel
editorial		adj.	redaktionell
enabled		v.	aktivieren
entertaining		adj.	unterhaltsam
entertaining		v.	unterhalten
establishing		v.	gründen
eternal		adj.	ewig
freeze		v.	gefrieren
freeze		n.	gefrierender Kälte
generic		adj.	allgemein
grandma		n.	Oma
grip		v.	greifen
grip		n.	Griff
handful		n.	Handvoll
happily		adv.	glücklich
harmony		n.	Harmonie
hmm		int.	hmm
humble		adj.	demütig
hurting		v.	wehtun
hybrid		n.	Hybrid
hybrid		adj.	hybrid
intentions		n.	Absicht
investing		v.	investieren
keyboard		n.	Tastatur
lasting		adj.	dauerhaft
locally		adv.	örtlich
loses		v.	verlieren
mild		adj.	mild
minimal		adj.	minimal
mixing		v.	mischen
molecular		adj.	Molekül-
nearest		adj.	nächstgelegen
neighbor		n.	Nachbar
noon		n.	Mittag
nowadays		adv.	heutzutage
openly		adv.	offen
overview		n.	Überblick
paas		n.	PaaS
pairs		n.	Paar
palestinian		adj.	palästinensisch
parish		n.	Pfarrei
pathetic		adj.	pathetisch
poems		n.	Gedicht
possibilities		n.	Möglichkeit
potato		n.	Kartoffel
potter		n.	Töpfer
preference		n.	Präferenz
promising		adj.	versprechend
proportion		n.	Proportion
purchases		n.	Kauf
rage		n.	Wut
reflects		v.	spiegeln
respected		adj.	angesehen
restoration		n.	Wiederherstellung
selfish		adj.	egoísta
sergeant		n.	Sergeant
silk		n.	Seide
stamp		n.	Briefmarke
stamp		v.	stempeln
throne		n.	Thron
urge		v.	anspornen
urge		n.	Drang
voter		n.	Wähler
warner		n.	Warner
wasting		v.	verschwenden
witch		n.	Hexe
advantages		n.	Vorteil
ally		n.	Verbündeter
archives		n.	Archiv
array		n.	Feld
assisted		adj.	unterstützt
backs		n.	Rücken
belly		n.	Bauch
booth		n.	Bude
breakdown		n.	Panne
bridges		n.	Brücke
brutal		adj.	brutal
calculated		adj.	berechnet
cam		n.	Nocken
centres		n.	Zentren
cfo		n.	CFO
chapters		n.	Kapitel
chieftechnologyofficer		n.	CTO
citizenship		n.	Staatsbürgerschaft
civilians		n.	Zivilisten
cliff		n.	Klippe
conflicts		n.	Konflikte
consensus		n.	Konsens
cto		n.	CTO
cycling		n.	Radfahren
declaration		n.	Erklärung
dennis		n.	Dennis
derby		n.	Derby
distinction		n.	Unterscheidung
donations		n.	Spenden
dragons		n.	Drachen
draws		v.	zeichnen
examined		v.	untersuchte
facial		adj.	Gesichts-
faithful		adj.	treu
fatal		adj.	fatal
fig		n.	Feige
fitting		n.	Passform
genuinely		adv.	wirklich
hardest		adj.	am schwersten
holland		n.	Holland
honored		adj.	geehrt
hunger		n.	Hunger
hurricane		n.	Hurrikan
implications		n.	Auswirkungen
import		v.	importieren
innovative		adj.	innovativ
jurisdiction		n.	Gerichtsbarkeit
laughter		n.	Gelächter
lemon		n.	Zitrone
lifted		v.	hob
loading		n.	Laden
lung		n.	Lunge
matching		adj.	passend
mighty		adj.	mächtig
monetary		adj.	Geld-
novels		n.	Romane
nutrition		n.	Ernährung
ore		n.	Erz
outcomes		n.	Ergebnisse
pine		n.	Kiefer
polls		n.	Umfragen
poorly		adv.	schlecht
portugal		n.	Portugal
pose		v.	posieren
pose		n.	Pose
pour		v.	gießen
proteins		n.	Protein
provider		n.	Anbieter
publish		v.	veröffentlichen
purely		adv.	purement
ralph		n.	Ralph
rental		n.	Anmietung
resolved		v.	lösen
rewards		n.	Belohnung
sang		v.	singen
seemingly		adv.	scheinbar
senators		n.	Senator
severely		adv.	schwer
shark		n.	Hai
shocking		adj.	schockierend
southwest		n.	Südwesten
studios		n.	Studio
survivors		n.	Überlebender
tales		n.	Geschichte
technically		adv.	technisch
titled		v.	betiteln
traditions		n.	Tradition
unlimited		adj.	unbegrenzt
washed		v.	waschen
watches		n.	Uhr
watches		v.	sehen
advise		v.	raten
anxious		adj.	ängstlich
appearances		n.	Erscheinung
bee		n.	Biene
bombing		n.	Bombardierung
cafe		n.	Café
carlos		n.	Carlos
challenged		v.	herausfordern
cigarettes		n.	Zigarette
colin		n.	Colin
consisting		v.	bestehe
cult		n.	Kult
dairy		n.	Milchprodukte
dakota		n.	Dakota
darling		n.	Schatz
delighted		adj.	erfreut
delivering		v.	liefern
destroying		v.	zerstören
diary		n.	Tagebuch
disagree		v.	unklar
disappear		v.	verschwinden
drill		n.	Bohrer
earliest		adj.	frühester
edges		n.	Kante
entries		n.	Eintrag
euro		n.	Euro
evolved		v.	sich entwickeln
exports		n.	Export
fixing		v.	reparieren
flags		n.	Flagge
flies		v.	fliegen
flies		n.	Fliege
forecast		n.	Vorhersage
governance		n.	Regierungsführung
heated		adj.	erhitzt
heated		adj.	heftig
hug		v.	umarmen
hug		n.	Umarmung
importantly		adv.	wichtig
indicating		v.	anzeigen
indoor		adj.	innen-
influential		adj.	einflussreich
intend		v.	beabsichtigen
intend		v.	vorhaben
invisible		adj.	unsichtbar
jeans		n.	Jeans
jets		n.	Düsenflugzeug
jets		n.	Strahl
julie		n.	Julie
karen		n.	Karen
lasted		v.	dauern
lawsuit		n.	Prozess
leak		v.	lecken
leak		n.	Leck
lighter		n.	Feuerzeug
lighter		adj.	leichter
lucas		n.	Lucas
marcus		n.	Marcus
mentions		v.	erwähnen
meter		n.	Meter
meter		n.	Messer
mice		n.	Maus
musicians		n.	Musiker
olive		n.	Olive
passionate		adj.	leidenschaftlich
potatoes		n.	Kartoffel
prevented		v.	verhindern
receiver		n.	Empfänger
receiver		n.	Hörer
recommendation		n.	Empfehlung
riot		n.	Aufstand
rogers		n.	Rogers
roster		n.	Liste
safer		adj.	sicherer
sells		v.	verkaufen
sentenced		v.	verurteilen
servant		n.	Diener
setup		n.	Einrichtung
setup		n.	Aufbau
skull		n.	Schädel
slot		n.	Schlitz
slot		n.	Zeitfenster
smash		v.	zerbrechen
smash		v.	schmettern
statue		n.	Statue
surprisingly		adv.	überraschenderweise
surrender		v.	kapitulieren
surrender		v.	aufgeben
suspicious		adj.	verdächtig
teenager		n.	Jugendlicher
tender		adj.	zart
tender		n.	Ausschreibung
thoroughly		adv.	gründlich
todd		n.	Todd
treatments		n.	Behandlung
vacuum		n.	Vakuum
vacuum		n.	Staubsauger
variations		n.	Variation
wed		v.	heiraten
wont		adj.	gewohnt
acknowledged		v.	anerkennen
advances		n.	Fortschritt
advances		v.	vorrücken
agrees		v.	zustimmen
agrees		v.	übereinstimmen
allegations		n.	Beschuldigung
anticipated		v.	erwarten
applecard		n.	Apple Card
approve		v.	genehmigen
approve		v.	billigen
architect		n.	Architekt
basin		n.	Becken
beneficial		adj.	nützlich
bleeding		n.	Blutung
bleeding		v.	bluten
breed		v.	züchten
breed		n.	Rasse
breeding		n.	Zucht
bride		n.	Braut
broadway		n.	Broadway
bros		n.	Brüder
bud		n.	Knospe
butler		n.	Butler
careers		n.	Karriere
cartoon		n.	Cartoon
celebrities		n.	Berühmtheit
chick		n.	Küken
coke		n.	Cola
coke		n.	Koks
comparable		adj.	vergleichbar
confirmation		n.	Bestätigung
console		n.	Konsole
console		v.	trösten
contractor		n.	Unternehmer
contributing		v.	beitragen
diameter		n.	Durchmesser
dubai		n.	Dubai
dublin		n.	Dublin
dump		v.	entsorgen
dump		n.	Müllhalde
duo		n.	Duo
dynamics		n.	Dynamik
elephant		n.	Elefant
enhanced		adj.	verbessert
essays		n.	Aufsatz
exhausted		adj.	erschlöpft
fabric		n.	Stoff
fabulous		adj.	fabelhaft
fairy		n.	Elfe
fathers		n.	Vater
focuses		n.	Fokus
fold		v.	falten
freak		n.	Sonderling
frustrated		adj.	frustriert
gambling		n.	Glücksspiel
gently		adv.	sanft
glorious		adj.	ruhmhaft
grief		n.	Kummer
harrison		n.	Harrison
historically		adv.	historisch
hub		n.	Drehkreuz
hughes		n.	Hughes
inevitable		adj.	unvermeidlich
investigating		v.	untersuchen
it'll		v.	futur: werden
labels		n.	Etikett
lacking		adj.	mangelnd
laughs		n.	Lachen
layout		n.	Layout
lined		adj.	gereiht
lodge		n.	Lodge
lords		n.	Herr
merchant		n.	Kaufmann
merit		n.	Verdienst
micro		n.	Mikro
myth		n.	Mythos
nintendo		n.	Nintendo
objectives		n.	Ziel
obsessed		adj.	besessen
organised		adj.	organisiert
overwhelming		adj.	überwältigend
pale		adj.	blass
particles		n.	Teilchen
pastor		n.	Pastor
penalties		n.	Strafe
permanently		adv.	dauerhaft
pets		n.	Haustier
pockets		n.	Tasche
poison		n.	Gift
predict		v.	vorhersagen
presenting		v.	präsentieren
presidents		n.	Präsident
pressing		adj.	dringlich
prints		n.	Druck
provincial		adj.	Provinz-
raped		v.	vergewaltigen
realised		v.	erkennen
rebel		n.	Rebell
repairs		n.	Reparatur
rotation		n.	Rotation
separately		adv.	getrennt
shaking		v.	schütteln
shaw		n.	Shaw
societies		n.	Gesellschaft
solved		v.	lösen
starring		v.	Hauptrolle spielen
struggles		v.	kämpfen
struggles		n.	Kampf
subtle		adj.	subtil
tastes		n.	Geschmack
throws		v.	werfen
toll		n.	Maut
tooth		n.	Zahn
torn		v.	reißen
tragic		adj.	tragisch
trainer		n.	Trainer
transformed		v.	transformar
unbelievable		adj.	unglaublich
underneath		prep.	unter
variation		n.	Variation
viewing		n.	Ansehen
viral		adj.	viral
warehouse		n.	Lager
wears		v.	tragen
widow		n.	Witwe
wives		n.	Frau
adjust		v.	anpassen
administrator		n.	Verwalter
affecting		v.	beeinflussen
allied		adj.	verbündet
altogether		adv.	gesamt
animated		adj.	animiert
answering		v.	antworten
assess		v.	bewerten
assumption		n.	Annahme
assured		adj.	versichert
austria		n.	Österreich
avoided		v.	vermeiden
avoiding		v.	vermeiden
basket		n.	Korb
beard		n.	Bart
bio		n.	Bio
blanket		n.	Decke
brains		n.	Gehirn
bucket		n.	Eimer
burger		n.	Burger
capability		n.	Fähigkeit
charming		adj.	charmant
chiefs		n.	Chef
commented		v.	kommentieren
computing		n.	Rechnen
concentrate		v.	konzentrieren
conducting		v.	durchführen
consequence		n.	Folge
continent		n.	Kontinent
cookie		n.	Keks
cruz		n.	Cruz
curse		n.	Fluch
displays		n.	Display
drain		v.	ablassen
emissions		n.	Emission
ethical		adj.	ethisch
excellence		n.	Exzellenz
flame		n.	Flamme
forests		n.	Wald
freely		adv.	frei
fruits		n.	Obst
grabbed		v.	greifen
graduation		n.	Abschluss
he'd		pron.	er
hint		n.	Hinweis
horizon		n.	Horizont
hostile		adj.	feindselig
imagined		v.	sich vorstellen
inhabitants		n.	Einwohner
ink		n.	Tinte
inn		n.	Gasthaus
intel		n.	Intel
kicks		v.	kicken
legends		n.	Legende
lucy		n.	Lucy
magazines		n.	Zeitschrift
matrix		n.	Matrix
measuring		v.	messen
miserable		adj.	elend
momentum		n.	Schwung
monkey		n.	Affe
montreal		n.	Montreal
motorcycle		n.	Motorrad
nationwide		adj.	landesweit
nest		n.	Nest
newcastle		n.	Newcastle
nicely		adv.	schön
ninth		num.	neunte
nomination		n.	Nominierung
notable		adj.	bemerkenswert
obligation		n.	Verpflichtung
optical		adj.	optisch
outlook		n.	Ausblick
penny		n.	Cent
petty		adj.	geringfügig
phd		n.	Doktortitel
ports		n.	Häfen
preserved		v.	bewahren
programmes		n.	Programme
prospects		n.	Aussichten
publishers		n.	Verleger
quantity		n.	Menge
quantum		n.	Quantum
rainbow		n.	Regenbogen
rebels		n.	Rebellen
recognised		v.	erkennen
reed		n.	Schilf
reign		n.	Herrschaft
responding		v.	antworten
retained		v.	behalten
rises		v.	steigen
saves		v.	retten
scan		v.	scannen
scare		v.	schrecken
sectors		n.	Sektoren
shorts		n.	Shorts
span		n.	Zeitraum
specialized		adj.	spezialisiert
spencer		n.	Spencer
submission		n.	Einreichung
sunny		adj.	sonnig
supporter		n.	Unterstützer
testament		n.	Testament
toe		n.	Zeh
tops		adv.	höchstens
tremendous		adj.	riesig
valued		adj.	geschätzt
wounds		n.	Wunde
accommodation		n.	Unterkunft
achievements		n.	Erfolg
addressing		v.	behandeln
adorable		adj.	niedlich
allegedly		adv.	angeblich
ambulance		n.	Krankenwagen
ashamed		adj.	beschämt
assure		v.	versichern
bailey		n.	Bailey
ballot		n.	Stimmzettel
batteries		n.	Batterie
blessing		n.	Segen
cemetery		n.	Friedhof
chambers		n.	Raum
cheat		v.	betrügen
cheat		n.	Betrüger
cheer		v.	jubeln
cheer		n.	Jubel
chile		n.	Chile
cigarette		n.	Zigarette
compact		adj.	kompakt
compact		n.	Vertrag
completing		v.	abschließen
consulting		n.	Beratung
cooling		n.	Kühlung
corners		n.	Ecke
deficit		n.	Defizit
demo		n.	Demo
demon		n.	Dämon
demonstration		n.	Vorführung
demonstration		n.	Kundgebung
detected		v.	erkennen
detection		n.	Erkennung
doll		n.	Puppe
donated		v.	spenden
elaborate		adj.	ausgearbeitet
elaborate		v.	ausführen
elder		n.	Ältere
elder		adj.	älter
encountered		v.	begegnen
expertise		n.	Fachwissen
exploring		v.	erkunden
fiber		n.	Faser
filmed		v.	filmen
fried		adj.	gebraten
grocery		n.	Lebensmittel
guided		adj.	gelenkt
guinea		n.	Guinea
halfway		adv.	auf halbem Weg
happier		adj.	glücklicher
heels		n.	Ferse
holmes		n.	Holmes
hull		n.	Rumpf
hull		n.	Hull
independently		adv.	unabhängig
indication		n.	Anzeige
insisted		v.	bestehen
instances		n.	Instanz
intensive		adj.	intensiv
interactive		adj.	interaktiv
intimate		adj.	intim
laundry		n.	Wäscherei
laundry		n.	Wäsche
lifting		v.	heben
linda		n.	Linda
martial		adj.	militärisch
nigerian		adj.	nigerianisch
northeast		n.	Nordosten
observe		v.	beobachten
packing		n.	Verpackung
panels		n.	Panel
password		n.	Passwort
pokemon		n.	Pokémon
politically		adv.	politisch
presumably		adv.	voraussichtlich
priorities		n.	Priorität
pronounced		adj.	ausgeprägt
pronounced		v.	aussprechen
prosecution		n.	Anklage
proves		v.	beweisen
pulse		n.	Puls
purchasing		n.	Kauf
qualities		n.	Qualität
queens		n.	Königin
rational		adj.	rationell
realm		n.	Bereich
reforms		n.	Reform
revenues		n.	Einnahmen
rides		n.	Fahrgeschäft
rides		v.	fahren
ripped		v.	reißen
rope		n.	Seil
shadows		n.	Schatten
shout		v.	schreien
shout		n.	Schrei
sierra		n.	Sierra
smartphone		n.	Smartphone
specified		v.	angeben
spectacular		adj.	spektakulär
streak		n.	Streifen
streak		n.	Serie
subscription		n.	Abonnement
switching		v.	Umschalten
technological		adj.	technologisch
temporarily		adv.	vorübergehend
tolerance		n.	Toleranz
tourists		n.	Tourist
traditionally		adv.	traditionell
traveled		v.	reisen
treats		v.	behandeln
treats		n.	Leckerei
unhappy		adj.	unglücklich
whites		n.	Weiße
accomplish		v.	erreichen
adequate		adj.	angemessen
alter		v.	ändern
apology		n.	Entschuldigung
arkansas		n.	Arkansas
attributed		v.	zuschreiben
beg		v.	flehen
belonging		n.	Zugehörigkeit
booked		v.	buchen
bout		n.	Kampf
bowling		n.	Bowling
brass		n.	Messing
buzz		n.	Summen
buzz		n.	Aufsehen
clarke		n.	Clarke
comeback		n.	Comeback
cos		conj.	weil
crops		n.	Nutzpflanze
declare		v.	erklären
designers		n.	Designer
detect		v.	erkennen
diagnosed		v.	diagnostizieren
diesel		n.	Diesel
dimensions		n.	Abmessungen
dimensions		n.	Dimension
dip		v.	eintauchen
dip		n.	Rückgang
disturbing		adj.	beunruhigend
dot		n.	Punkt
dresses		n.	Kleid
dylan		n.	Dylan
effectiveness		n.	Wirksamkeit
eliminated		v.	ausschalten
ellen		n.	Ellen
exceptional		adj.	außergewöhnlich
filing		n.	Ablage
fled		v.	flüchten
foul		adj.	foul
frankly		adv.	gesagt
freezing		adj.	eiskalt
graph		n.	Graph
hack		v.	hacken
hannah		n.	Hannah
hatred		n.	Hass
ignorant		adj.	unwissend
influences		n.	Einfluss
interact		v.	interagieren
judging		v.	beurteilen
knights		n.	Ritter
lamp		n.	Lampe
limitations		n.	Einschränkung
majesty		n.	Majestät
measurement		n.	Messung
measurements		n.	Messung
median		n.	Median
medieval		adj.	mittelalterlich
milan		n.	Mailand
mobility		n.	Mobilität
montana		n.	Montana
murders		n.	Mord
nyc		n.	NYC
orientation		n.	Orientierung
oven		n.	Backofen
owen		n.	Owen
passport		n.	Reisepass
penis		n.	Penis
pills		n.	Pille
planets		n.	Planet
proceeds		n.	Erlöse
rabbit		n.	Hase
raises		v.	erhöhen
ranges		n.	Bereich
rats		n.	Ratte
retire		v.	in Rente gehen
rhythm		n.	Rhythmus
ruth		n.	Ruth
savage		adj.	wild
servers		n.	Server
shook		v.	schütteln
shooter		n.	Schütze
siblings		n.	Geschwister
slim		adj.	schlank
someday		adv.	eines Tages
sophisticated		adj.	sofistifiziert
spam		n.	Spam
speeds		n.	Geschwindigkeit
stack		n.	Stapel
stance		n.	Haltung
static		adj.	statisch
subway		n.	U-Bahn
supportive		adj.	unterstützend
surgical		adj.	chirurgisch
symbols		n.	Symbol
tablet		n.	Tablette
tablet		n.	Tablet
tent		n.	Zelt
thesis		n.	These
tide		n.	Gezeiten
travels		n.	Reise
travels		v.	reisen
wallace		n.	Wallace
warfare		n.	Kriegsguerra
warming		n.	Erwärmung
weekends		n.	Wochenende
withdraw		v.	zurückziehen
withdraw		v.	abheben
withdrawal		n.	Rückzug
withdrawal		n.	Abhebung
youngest		adj.	jüngste
aging		n.	Altern
aging		v.	altern
airline		n.	Fluggesellschaft
alternatives		n.	Alternative
anyways		adv.	so oder so
argues		v.	arguementieren
audit		n.	Prüfung
audit		v.	prüfen
authentic		adj.	authentisch
ave		n.	Avenue
backwards		adv.	rückwärts
blonde		adj.	blond
blows		v.	wehen
bolt		n.	Schraube
bolt		n.	Blitz
brooks		n.	Brooks
bugs		n.	Käfer
bugs		n.	Fehler
bust		v.	zerstören
bust		n.	Büste
clearing		n.	Lichtung
clips		n.	Clip
collar		n.	Cragen
collar		n.	Halsband
columbus		n.	Kolumbus
comply		v.	einhalten
cope		v.	bewältigen
counted		v.	zählen
crashed		v.	abstürzen
creepy		adj.	gruselig
cum		prep.	mit
denmark		n.	Dänemark
divorced		adj.	geschieden
donate		v.	spenden
drawings		n.	Zeichnung
dried		adj.	getrocknet
ebay		n.	eBay
echo		n.	Echo
editors		n.	Redakteur
edwards		n.	Edwards
emotionally		adv.	emotional
enhance		v.	verbessern
experiencing		v.	erleben
extending		v.	erstrecken
finale		n.	Finale
flavor		n.	Geschmack
floors		n.	Boden
floors		n.	Etage
gloves		n.	Handschuh
harper		n.	Harper
hart		n.	Hart
ignorance		n.	Unwissenheit
ignoring		v.	ignorieren
immigrant		n.	Einwanderer
induced		v.	verursachen
inspiring		adj.	inspirierend
intermediate		adj.	mittel-
invention		n.	Erfindung
ip		n.	IP
jesse		n.	Jesse
joins		v.	beitreten
jrpg		n.	JRPG
lasvegas		n.	Las Vegas
likewise		adv.	ebenso
lineup		n.	Aufstellung
logan		n.	Logan
magnificent		adj.	prächtig
mathematical		adj.	mathematisch
meantime		n.	Zwischenzeit
nails		n.	Nagel
nevada		n.	Nevada
newest		adj.	neueste
nonetheless		adv.	trotzdem
nut		n.	Nuss
o'clock		adv.	Uhr
opposing		adj.	entgegengesetzt
origins		n.	Ursprung
orlando		n.	Orlando
physicians		n.	Arzt
pipeline		n.	Pipeline
placement		n.	Platzierung
planted		v.	pflanzen
pricing		n.	Preisgestaltung
puerto		n.	Puerto Rico
questioning		v.	in Frage stellen
recreation		n.	Erholung
renewed		adj.	erneuert
resigned		v.	zurücktreten
shallow		adj.	flach
shanghai		n.	Shanghai
shitty		adj.	scheiße
singh		n.	Singh
sins		n.	Sünde
sketch		n.	Skizze
smells		v.	riechen
soda		n.	ler
spite		n.	Bosheit
sponsor		n.	Sponsor
strengthen		v.	stärken
strings		n.	Zeichenkette
sunset		n.	Sonnenuntergang
taiwan		n.	Taiwan
thanksgiving		n.	Thanksgiving
thermal		adj.	thermisch
trades		n.	Handel
transform		v.	transformieren
witnessed		v.	beamдzeugen
workplace		n.	Arbeitsplatz
yorkshire		n.	Yorkshire
achieving		v.	erreichen
aliens		n.	Außerirdischer
amsterdam		n.	Amsterdam
analyst		n.	Analyst
arabic		n.	Arabisch
arctic		adj.	Arktis-
assists		v.	unterstützen
bennett		n.	Bennett
bristol		n.	Bristol
burnt		v.	brennen
buyer		n.	Käufer
calories		n.	Kalorie
cannabis		n.	Cannabis
cease		v.	einstellen
championships		n.	Meisterschaft
chapel		n.	Kapelle
cloth		n.	Stoff
conferences		n.	Konferenz
considers		v.	betrachten
container		n.	Behälter
cowboys		n.	Cowboy
crushed		v.	zerquetschen
deployed		v.	einsatzbereit machen
differ		v.	abweichen
dimensional		adj.	dimensional
eager		adj.	eifrig
elect		v.	wählen
elevated		adj.	erhöht
essence		n.	Wesen
executives		n.	Führungskraft
flames		n.	Flamme
fork		n.	Gabel
fur		n.	Pelz
gps		n.	GPS
harold		n.	Harold
harvest		v.	ernten
headline		n.	Schlagzeile
hudson		n.	Hudson
hype		n.	Hype
identifying		v.	identifizieren
impacts		n.	Auswirkung
insist		v.	bestehen auf
junk		n.	Gerümpel
kenny		n.	Kenny
kidney		n.	Niere
ladder		n.	Leiter
lloyd		n.	Lloyd
lobby		n.	Foyer
marc		n.	Marc
mechanisms		n.	Mechanismus
mineral		n.	Mineral
mob		n.	Meute
modest		adj.	bescheiden
motors		n.	Motor
navigation		n.	Navigation
nicholas		n.	Nicholas
ntfs		n.	NTFS
orbit		n.	Umlaufbahn
paragraph		n.	Absatz
passive		adj.	passiv
passive		n.	Passiv
peninsula		n.	Halbinsel
phillips		n.	Phillips
pill		n.	Tablette
pork		n.	Schweinefleisch
portuguese		adj.	portugiesisch
portuguese		n.	Portugiese
profitable		adj.	rentabel
provinces		n.	Provinz
ranch		n.	Ranch
rays		n.	Strahl
reasonably		adv.	vernünftig
reject		v.	ablehnen
remainder		n.	Rest
schemes		n.	Plan
screens		n.	Bildschirm
seized		v.	besitzen
semester		n.	Semester
sentiment		n.	Gefühl
servants		n.	Diener
shipped		v.	versenden
socks		n.	Socke
suited		adj.	passend
supplement		n.	Ergänzung
supplement		v.	ergänzen
surviving		adj.	überlebend
thereby		adv.	dadurch
threshold		n.	Schwelle
threshold		n.	Schwellenwert
tin		n.	Zinn
tin		n.	Dose
tires		n.	Reifen
tribal		adj.	stammesbezogen
tribes		n.	Stamm
trunk		n.	Stamm
trunk		n.	Koffer
uncertainty		n.	Unsicherheit
vampire		n.	Vampir
varied		adj.	vielfältig
verdict		n.	Urteil
abandon		v.	aufgeben
accommodate		v.	unterbringen
accordingly		adv.	demnach
aesthetic		adj.	ästhetisch
algorithm		n.	Algorithmus
altered		v.	ändern
anchor		n.	Anker
angela		n.	Angela
arch		n.	Bogen
associations		n.	Verein
audiences		n.	Publicum
axis		n.	Achse
badge		n.	Abzeichen
bernard		n.	Bernard
bizarre		adj.	bizarr
bounce		v.	springen
broadcasting		n.	Rundfunk
bullets		n.	Kugel
buses		n.	Omnibus
cannon		n.	Kanone
carol		n.	Weihnachtslied
carriers		n.	Transporteur
chairs		n.	Stuhl
cleaned		v.	putzen
complexity		n.	Komplexität
confusing		adj.	verwirrend
consultation		n.	Konsultation
continental		adj.	kontinental
convenience		n.	Bequemlichkeit
deliberately		adv.	absichtlich
diamonds		n.	Diamant
diana		n.	Diana
dictionary		n.	Wörterbuch
dignity		n.	Würde
dimension		n.	Dimension
disappointing		adj.	enttäuschend
diving		n.	Tauchen
doug		n.	Doug
duncan		n.	Duncan
ego		n.	Ego
enthusiasm		n.	Begeisterung
environments		n.	Umgebung
equation		n.	Gleichung
extract		v.	extrahieren
favorites		n.	Favorit
ferry		n.	Fähre
fisher		n.	Fischer
flexibility		n.	Flexibilität
flowing		v.	fließen
fridge		n.	Kühlschrank
functioning		v.	funktionieren
fusion		n.	Verschmelzung
gauge		n.	Messgerät
goat		n.	Ziege
graduates		n.	Absolvent
gut		n.	Darm
heck		int.	Mist
helmet		n.	Helm
holders		n.	Inhaber
ideology		n.	Ideologie
idiots		n.	Irrer
inclusion		n.	Einbeziehung
initiatives		n.	Initiative
initiatives		n.	Maßnahme
innings		n.	Innings
insects		n.	Insekt
instructor		n.	Ausbilder
isolation		n.	Isolierung
justified		adj.	berechtigt
keeper		n.	Wärter
lamb		n.	Lamm
liar		n.	Lügender
machinery		n.	Maschinen
mansion		n.	Anwesen
mega		adj.	Mega-
mercury		n.	Quecksilber
namely		adv.	nämlich
nbc		n.	NBC
needing		v.	brauchen
nerves		n.	Nerv
observations		n.	Beobachtung
ordering		v.	bestellen
palmer		n.	Palmer
paths		n.	Pfad
peers		n.	Peer
pending		adj.	anstehend
platinum		n.	Platin
possess		v.	besitzen
praised		v.	loben
premises		n.	Gebäude
probability		n.	Wahrscheinlichkeit
questioned		v.	in Frage stellen
refuses		v.	ablehnen
resignation		n.	Rücktritt
rider		n.	Reiter
ritual		n.	Ritual
ruins		n.	Ruine
shelf		n.	Regal
slam		v.	schmettern
stakes		n.	Einsatz
starter		n.	Anlasser
sticking		v.	kleben
subscribe		v.	abonnieren
superman		n.	Superman
surfaces		n.	Oberfläche
territories		n.	Gebiet
tire		n.	Reifen
towers		n.	Turm
transfers		v.	übertragen
utterly		adv.	völlig
voltage		n.	Spannung
warn		v.	warnen
width		n.	Breite
workout		n.	Training
aa		n.	AA
activated		adj.	aktiviert
adaptation		n.	Anpassung
advisor		n.	Berater
aluminum		n.	Aluminium
apartments		n.	Wohnung
attitudes		n.	Einstellung
attorneys		n.	Rechtsanwalt
bail		n.	Kaution
barriers		n.	Barriere
belonged		v.	gehören
bradley		n.	Bradley
brandon		n.	Brandon
broader		adj.	breiter
buck		n.	Dollar
caroline		n.	Caroline
characterized		v.	charakterisieren
chiefexecutiveofficer		n.	Geschäftsführer
civilization		n.	Zivilisation
congrats		int.	Glückwunsch
contractors		n.	Auftragnehmer
creativity		n.	Kreativität
dealers		n.	Händler
delicate		adj.	zerbrechlich
den		n.	Höhle
derek		n.	Derek
desires		n.	Wunsch
disappointment		n.	Enttäuschung
disk		n.	Diskette
enters		v.	eintreten
evaluate		v.	bewerten
formally		adv.	formell
frames		n.	Rahmen
goddess		n.	Göttin
gov		n.	Regierung
hampshire		n.	Hampshire
harassment		n.	Belästigung
hats		n.	Hut
hugh		n.	Hugh
insert		v.	einfügen
joan		n.	Joan
lebanon		n.	Libanon
leeds		n.	Leeds
leonard		n.	Leonard
liquor		n.	Spirituosen
loser		n.	Verlierer
malcolm		n.	Malcolm
massage		n.	Massage
matched		v.	passen
milwaukee		n.	Milwaukee
musician		n.	Musiker
nato		n.	NATO
nephew		n.	Neffe
notably		adv.	besonders
orchestra		n.	Orchester
packages		n.	Paket
pad		n.	Polster
pakistani		adj.	pakistanisch
participated		v.	teilnehmen
precision		n.	Präzisión
preservation		n.	Erhaltung
priests		n.	Priester
privately		adv.	privat
prizes		n.	Preis
pulls		v.	ziehen
qualifying		v.	qualifizieren
reasoning		n.	Argumentation
relaxed		adj.	entpannt
reporters		n.	Reporter
roses		n.	Rose
rumors		n.	Gerücht
sail		v.	segeln
salmon		n.	Lachs
secretly		adv.	heimlich
seller		n.	Verkäufer
sheer		adj.	pur
shifts		n.	Richtungswechsel
simpson		n.	Simpson
smallest		adj.	kleinste
specially		adv.	besonders
stark		adj.	komplett
struggled		v.	sich abmühen
sympathy		n.	Mitgefühl
tan		n.	Bräune
teenagers		n.	Jugendlicher
theoretical		adj.	theoretisch
thumb		n.	Daumen
timber		n.	Holz
transparent		adj.	durchsichtig
travis		n.	Travis
upside		n.	Vorteil
urged		v.	ermahnen
visitor		n.	Besucher
vitamin		n.	Vitamin
void		adj.	ungültig
void		n.	Leere
voluntary		adj.	freiwillig
wheat		n.	Weizen
whip		v.	peitschen
whip		n.	Peitsche
wipe		v.	wischen
wolves		n.	Wolf
wrist		n.	Handgelenk
zerotrust		n.	Zero Trust
abused		v.	missbrauchen
abused		adj.	missbraucht
acute		adj.	akut
admiral		n.	Admiral
amanda		n.	Amanda
arnold		n.	Arnold
arrange		v.	arrangieren
arrange		v.	ordnen
banana		n.	Banane
behave		v.	sich benehmen
betting		n.	Wetten
blair		n.	Blair
borrow		v.	leihen
camping		n.	Camping
capitol		n.	Kapitol
cctv		n.	CCTV
celtic		n.	Keltisch
chan		n.	Chan
chin		n.	Kinn
chinacentraltelevision		n.	chinesisches Zentralfernsehen
civic		adj.	bürgerlich
clerk		n.	Angestellter
conclusions		n.	Schlussfolgerung
considerably		adv.	erheblich
contacted		v.	kontaktieren
cottage		n.	Häuschen
coup		n.	Putsch
criticized		v.	kritisiert
crude		adj.	roh
dash		v.	sprinten
dash		n.	Gedankenstrich
decreased		v.	abnehmen
defended		v.	verteidigen
demons		n.	Dämon
deposits		n.	Einlage
disclosure		n.	Offenlegung
disposal		n.	Beseitigung
distinctive		adj.	charakteristisch
documented		adj.	dokumentiert
donation		n.	Geldspende
dragged		v.	ziehen
encounters		n.	Begegnung
ensuring		v.	gewährleisten
enterprises		n.	Unternehmen
escort		n.	Eskorte
exams		n.	Prüfung
firmly		adv.	fest
flour		n.	Mehl
geneva		n.	Genf
hindu		n.	Hindu
holdings		n.	Holding
indie		adj.	Indie
indirect		adj.	unmittelbar
inspire		v.	inspirieren
institutional		adj.	institutionell
interim		adj.	interim
interviewed		v.	interviewen
java		n.	Java
jefferson		n.	Jefferson
jerk		n.	Blödmann
karl		n.	Karl
kindly		adv.	freundlich
kindness		n.	Freundlichkeit
locals		n.	Einheimische
lottery		n.	Lotterie
louise		n.	Louise
magnitude		n.	Größenordnung
minus		prep.	minus
noting		v.	bemerken
nude		adj.	nackt
organs		n.	Organ
outlet		n.	Steckdose
outlets		n.	Steckdose
parameters		n.	Parameter
pause		v.	pausieren
pledge		n.	Gelöbnis
portal		n.	Portal
prescription		n.	Rezept
protesters		n.	Demonstrant
proving		v.	beweisen
publicity		n.	Werbung
punished		v.	bestrafen
puppy		n.	Welpe
recruitment		n.	Rekrutierung
screwed		adj.	vermasselt
shades		n.	Schattierung
shakespeare		n.	Shakespeare
silicon		n.	Silizium
slice		n.	Scheibe
spelling		n.	Rechtschreibung
spurs		n.	Sporn
subscribers		n.	Abonnent
surveys		n.	Umfrage
survivor		n.	Überlebender
telegraph		n.	Telegraf
tits		n.	Brüste
vaccine		n.	Impfstoff
vinyl		n.	Vinyl
westminster		n.	Westminster
wished		v.	wünschen
wonders		n.	Wunder
accurately		adv.	präzise
adelaide		n.	Adelaide
affiliate		n.	Tochtergesellschaft
affiliate		v.	anschließen
alfred		n.	Alfred
asylum		n.	Asyl
asylum		n.	Irrenhaus
barn		n.	Scheune
bent		adj.	gebogen
bernie		n.	Bernie
brussels		n.	Brüssel
cathedral		n.	Kathedrale
centered		adj.	zentriert
clause		n.	Klausel
clause		n.	Nebensatz
cluster		n.	Haufen
cluster		v.	sich ansammeln
complained		v.	sich beschweren
compounds		n.	Verbindung
consistency		n.	Konsistenz
cracked		adj.	rissig
cylinder		n.	Zylinder
dancer		n.	Tänzer
deaf		adj.	taub
debts		n.	Schuld
denial		n.	Verleugnung
digging		v.	Graben
dock		n.	Anlegestelle
dock		v.	anlegen
entrepreneur		n.	Unternehmer
evident		adj.	offensichtlich
expectation		n.	Erwartung
expedition		n.	Expedition
expressing		v.	Ausdrücken
extends		v.	erweitern
facilitate		v.	erleichtern
failures		n.	Misserfolg
feat		n.	Tat
fossil		n.	Fossil
founding		v.	Gründung
freight		n.	Fracht
generating		v.	erzeugen
goddamn		adj.	verdammter
guides		n.	Führer
honesty		n.	Ehrlichkeit
inappropriate		adj.	unangemessen
infant		n.	Säugling
initiated		v.	einleiten
injection		n.	Injektión
instrumental		adj.	instrumental
instrumental		n.	Instrumental
insult		n.	Beleidigung
interference		n.	Störung
interstate		adj.	zwischenstaatlich
julian		n.	Julian
kong		n.	Kong
launching		v.	starten
liking		n.	Gefallen
linux		n.	Linux
luis		n.	Luis
mates		n.	Kumpel
mediterranean		n.	Mittelmeer
neat		adj.	ordentlich
negotiate		v.	verhandeln
nicole		n.	Nicole
obligations		n.	Verpflichtung
offset		n.	Offset
outbreak		n.	Ausbruch
pal		n.	Kumpel
palestine		n.	Palästina
perfection		n.	Vollkommenheit
pigs		n.	Schwein
pirates		n.	Pirat
posters		n.	Plakat
practicing		v.	praktizieren
praying		v.	beten
probe		n.	Sonde
prohibited		adj.	verboten
projected		adj.	projiziert
propose		v.	vorschlagen
quarterly		adj.	vierteljährlich
recipes		n.	Rezept
recruiting		v.	rekrutieren
refusing		v.	verweigern
rehabilitation		n.	Rehabilitation
reid		n.	Reid
remix		n.	Remix
resistant		adj.	resistent
reynolds		n.	Reynolds
riders		n.	Reiter
robots		n.	Roboter
rockets		n.	Rakete
roller		n.	Rolle
sailing		n.	Segeln
shapes		n.	Form
skinny		adj.	mager
slipped		v.	ausrutschen
sneak		v.	schleichen
solving		v.	lösen
sore		adj.	empfindlich
spark		n.	Funke
speculation		n.	Spekulation
steep		adj.	steil
stevens		n.	Stevens
straw		n.	Stroh
successor		n.	Nachfolger
targeting		v.	zielen auf
triggered		v.	auslösen
troubles		n.	Schwierigkeit
uncertain		adj.	unsicher
upload		v.	hochladen
usd		n.	US-Dollar
vector		n.	Vektor
violations		n.	Verstoß
weigh		v.	wiegen
whatsoever		adv.	überhaupt
wicked		adj.	böse
abraham		n.	Abraham
absent		adj.	abwesend
acoustic		adj.	akustisch
adapt		v.	sich anpassen
ancestors		n.	Vorfahre
archive		n.	Archiv
atomic		adj.	Atom-
bean		n.	Bohne
bicycle		n.	Fahrrad
bryan		n.	Bryan
bump		n.	Stoß
bump		v.	stoßen
buttons		n.	Knopf
cart		n.	Wagen
circus		n.	Zirkus
claire		n.	Claire
cocaine		n.	Kokain
cohen		n.	Cohen
colleague		n.	Kollege
compelling		adj.	überzeugend
compiled		v.	kompilieren
complications		n.	Komplikation
construct		v.	konstruieren
cord		n.	Schnur
crowded		adj.	überfüllt
cyber		adj.	Cyber-
dale		n.	Tal
debates		n.	Debatte
defendant		n.	Angeklagter
delays		n.	Verzögerung
dense		adj.	dicht
desperately		adv.	verzweifelt
doctrine		n.	Doktrin
expose		v.	entlarven
financially		adv.	finanziell
freshman		n.	Erstsemester
furious		adj.	wütend
gameplay		n.	Spielmechanik
geography		n.	Geographie
gig		n.	Gig
habitat		n.	Lebensraum
harbour		n.	Hafen
hazard		n.	Gefahr
hydrogen		n.	Wasserstoff
implies		v.	bedeuten
intact		adj.	intakt
intake		n.	Aufnahme
irrelevant		adj.	irrelevant
jaw		n.	Kiefer
kitty		n.	Mieze
lauren		n.	Lauren
lawn		n.	Rasen
lmao		int.	lol
manufacture		v.	herstellen
martha		n.	Martha
medals		n.	Medaille
mercedes		n.	Mercedes
mistaken		adj.	falsch
moses		n.	Moses
nashville		n.	Nashville
nebraska		n.	Nebraska
needle		n.	Nadel
organize		v.	organisieren
ottawa		n.	Ottawa
oval		adj.	oval
pity		n.	Mitleid
pond		n.	Teich
porter		n.	Portier
porter		n.	Pförtner
portions		n.	Teil
portions		v.	verteilen
prey		n.	Beute
prey		v.	rauben
promax		n.	ProMax
prophet		n.	Prophet
raymond		n.	Raymond
recalled		v.	erinnern
recalled		v.	zurückrufen
reduces		v.	verringern
referendum		n.	Volksabstimmung
refugee		n.	Flüchtling
regulated		v.	regeln
rounded		adj.	gerundet
rounded		v.	abrunden
ruby		n.	Rubin
ruby		n.	Ruby
rushed		v.	eilen
sanders		n.	Sanders
satisfy		v.	zufriedenstellen
scales		n.	Waage
scales		n.	Schuppe
scales		v.	klettern
seasonal		adj.	Saisonal
segments		n.	Segment
sensible		adj.	vernünftig
sequel		n.	Fortsetzung
shifted		v.	verschieben
shifted		v.	sich ändern
shifting		v.	verschieben
shining		v.	scheinen
shining		adj.	glänzend
slower		adj.	langsamer
slower		adv.	libgsamer
spinning		v.	sich drehen
spinning		n.	Spinnen
stanford		n.	Stanford
stepping		v.	treten
touches		v.	berühren
touches		n.	Berührung
township		n.	Gemeinde
travelled		v.	reisen
twisted		v.	verdrehen
twisted		adj.	verdreht
usb		n.	USB
vienna		n.	Wien
wade		v.	waten
whale		n.	Wal
writings		n.	Schriften
adc		n.	ADC
admire		v.	bewundern
amber		n.	Bernstein
ankle		n.	Knöchel
armor		n.	Rüstung
autism		n.	Autismus
bachelor		n.	Junggeselle
bachelor		n.	Bachelor
berry		n.	Beere
billions		num.	Milliarden
brady		n.	Brady
brisbane		n.	Brisbane
bulls		n.	Stier
bulls		v.	durchdrücken
bullying		n.	Mobbing
bullying		v.	schikanieren
capitalism		n.	Kapitalismus
caution		n.	Vorsicht
caution		v.	warnen
certification		n.	Zertifizierung
characteristic		adj.	charakteristisch
characteristic		n.	Merkmal
clan		n.	Sippe
clash		v.	aufeinanderprallen
clash		n.	Zusammenstoß
columns		n.	Säule
columns		n.	Spalte
compatible		adj.	kompatibel
concerts		n.	Konzert
condemned		v.	verurteilen
configuration		n.	Konfiguration
continuously		adv.	ständig
convincing		adj.	überzeugend
coupled		v.	koppeln
curiosity		n.	Neugier
delight		n.	Freude
delight		v.	erfreuen
determining		v.	bestimmen
entities		n.	Entität
exceptions		n.	Ausnahme
explosive		adj.	explosiv
flooding		n.	Überschwemmung
flooding		v.	überfluten
fortunate		adj.	glücklich
fortunately		adv.	glücklicherweise
foundations		n.	Grundlage
frontier		n.	Grenze
frustrating		adj.	frustrierend
frustration		n.	Frust
geographic		adj.	geografisch
glenn		n.	Glenn
grande		n.	Grande
grasp		v.	greifen
grasp		v.	begreifen
handy		adj.	praktisch
hardcore		adj.	Hardcore-
harmful		adj.	schädlich
headache		n.	Kopfschmerzen
hers		pron.	ihrer
hispanic		adj.	hispanisch
incentive		n.	Anreiz
inclusive		adj.	inklusive
infections		n.	Infektion
jackie		n.	Jackie
joel		n.	Joel
kissing		v.	küssen
lanes		n.	Fahrspur
licence		n.	Lizenz
lungs		n.	Lunge
madness		n.	Wahnsinn
mandate		n.	Mandat
manga		n.	Manga
memorable		adj.	unvergesslich
merger		n.	Fusion
minorities		n.	Minderheit
occurring		v.	stattfinden
organizing		v.	organisieren
performs		v.	ausführen
ph		n.	pH
poker		n.	Poker
portable		adj.	tragbar
priced		v.	preisen
quebec		n.	Québec
randomly		adv.	zufällig
rankings		n.	Rangliste
realizing		v.	begreifen
resign		v.	zurücktreten
revealing		adj.	aufdeckend
revealing		v.	offenbaren
robbery		n.	Raub
rub		v.	reiben
rub		n.	Reiben
runners		n.	Läufer
sally		n.	Ausfall
scattered		adj.	verstreut
scout		n.	Kundschafter
searched		v.	suchen
sexuality		n.	Sexualität
shouting		v.	schreien
slap		v.	ohrfeigen
steak		n.	Steak
succession		n.	Folge
superintendent		n.	Aufsichtsbeamter
suspicion		n.	Verdacht
sweep		v.	fegen
tactical		adj.	taktisch
talents		n.	Talent
therapist		n.	Therapeut
thereafter		adv.	danach
thorough		adj.	gründlich
tuition		n.	Studiengebühr
tumor		n.	Tumor
variables		n.	Variable
varying		v.	variieren
wholesale		n.	Großhandel
administered		v.	verwalten
affiliated		adj.	angehängt
apples		n.	Apfel
architectural		adj.	architektonisch
artillery		n.	Artillerie
assembled		v.	montar
bangladesh		n.	Bangladesch
beaches		n.	Strand
bees		n.	Biene
boarding		n.	Boarding
bothered		v.	stören
canvas		n.	Leinwand
canyon		n.	Schlucht
casey		n.	Casey
cheek		n.	Wange
chen		n.	Chen
cincinnati		n.	Cincinnati
circular		adj.	rund
circulation		n.	Kreislauf
clearance		n.	Räumung
closes		v.	schließen
coincidence		n.	Zufall
commands		n.	Befehl
commissioned		v.	beauftragen
concentrated		adj.	konzentriert
concentrated		v.	sich konzentrieren
conscience		n.	Gewissen
coo		v.	gurren
cooler		n.	Kühler
countless		adj.	zahllos
curry		n.	Curry
dame		n.	Dame
deceased		adj.	verstorben
dedication		n.	Hingabe
defining		adj.	definierend
detention		n.	Haft
disputes		n.	Streit
drake		n.	männliche Entente
employ		v.	anstellen
enforce		v.	durchsetzen
explicit		adj.	explizit
explicitly		adv.	explizit
eyed		adj.	äugig
florence		n.	Florenz
flu		n.	Grippe
forbidden		adj.	verboten
fraction		n.	Bruch
fraction		n.	Bruchteil
infantry		n.	Infanterie
integral		adj.	wesentlich
investor		n.	Investor
janet		n.	Janet
judged		v.	beurteilen
katie		n.	Katie
lectures		n.	Vorlesung
lightly		adv.	leicht
linking		v.	verknüpfen
maintains		v.	aufrechterhalten
marble		n.	Marmor
maritime		adj.	maritim
melt		v.	schmelzen
modes		n.	Modus
monica		n.	Monica
mumbai		n.	Mumbai
nominee		n.	Kandidat
oath		n.	Eid
offence		n.	Vergehen
offence		n.	Beleidigung
packaging		n.	Verpackung
patriots		n.	Patriot
pee		v.	pissenl
pillow		n.	Kissen
pirate		n.	Pirat
polar		adj.	Polar
prediction		n.	Vorhersage
preview		n.	Vorschau
processed		adj.	verarbeitet
pursuing		v.	verfolgen
puzzle		n.	Rätsel
rapper		n.	Rapper
rebecca		n.	Rebecca
reconstruction		n.	Wiederaufbau
renowned		adj.	renommt
revelation		n.	Offenbarung
sara		n.	Sara
scholar		n.	Gelehrter
sharks		n.	Hai
shoots		v.	schießen
skirt		n.	Rock
socially		adv.	sozial
spa		n.	Spa
spike		n.	Spitze
spike		v.	sprunghaft ansteigen
sprint		v.	sprinten
sprint		n.	Sprint
stir		v.	umrühren
stir		v.	hervorrufen
stuffed		adj.	gestopft
substantially		adv.	erheblich
suburbs		n.	Vorstadt
superb		adj.	hervorragend
supposedly		adv.	angeblich
tab		n.	Tab
tendency		n.	Tendenz
theirs		pron.	ihrer
toast		n.	Toast
toast		v.	anstoßen
toes		n.	Zehe
touchdown		n.	Landung
traits		n.	Eigenschaft
trek		n.	Trek
trek		v.	wandern
tricky		adj.	vertrackt
triumph		n.	Sieg
triumph		v.	siegen
uber		prep.	über
underwear		n.	Unterwäsche
unto		prep.	zu
viable		adj.	machbar
waist		n.	Taille
welcomed		v.	begrüßen
wit		n.	Witz
wreck		n.	Wrack
wreck		v.	zerstören
absurd		adj.	absurd
accessories		n.	Zubehör
adrian		n.	Adrian
advocates		v.	befürworten
advocates		n.	Befürworter
ambitious		adj.	ambitioniert
amid		prep.	mitten
annoyed		adj.	verärgert
appealing		adj.	ansprechend
appointments		n.	Termin
assumptions		n.	Annahme
ballet		n.	Ballett
bargain		n.	Schnäppchen
bargain		v.	verhandeln
binary		adj.	binär
binary		n.	Binärzahl
blend		v.	mischen
blend		n.	Mix
blogs		n.	Blog
brake		n.	Bremse
brake		v.	bremsen
builds		v.	bauen
businessman		n.	Geschäftsmann
cab		n.	Taxi
chi		n.	Chi
col		n.	Col
collision		n.	Kollision
colombia		n.	Kolumbien
compassion		n.	Mitgefühl
consumed		v.	verbrauchen
corrected		v.	korrigieren
correction		n.	Korrektur
cough		v.	husten
cough		n.	Husten
cousins		n.	Cousin
critic		n.	Kritiker
czech		adj.	tschechisch
czech		n.	Tschechisch
defenders		n.	Verteidiger
denying		v.	leugnen
depot		n.	Depot
distress		n.	Not
documentation		n.	Dokumentation
doubts		n.	Zweifel
dramatically		adv.	dramatisch
drank		v.	trinken
eats		v.	essen
elegant		adj.	elegant
elevator		n.	Aufzug
ellis		n.	Ellis
exchanges		n.	Austausch
excuses		n.	Ausrede
execute		v.	ausführen
factories		n.	Fabrik
feast		n.	Fest
finland		n.	Finnland
frederick		n.	Friedrich
frost		n.	Frost
herald		n.	Vorbote
hike		v.	wandern
hollow		adj.	hohl
homeland		n.	Heimat
imported		adj.	importiert
internationally		adv.	international
iraqi		adj.	irakisch
itunes		n.	iTunes
kane		n.	Kane
kissed		v.	küssen
lame		adj.	lahm
licensing		n.	Lizenzierung
lily		n.	Lilie
limiting		adj.	begrenzend
locker		n.	Schrank
mainland		n.	Festland
marking		n.	Kennzeichnung
meditation		n.	Meditation
messenger		n.	Bote
metals		n.	Metall
missiles		n.	Rakete
munich		n.	München
norwegian		adj.	norwegisch
pencil		n.	Stift
philosophical		adj.	philosophisch
pierre		n.	Pierre
pipes		n.	Rohr
plasma		n.	Plasma
plea		n.	Flehappell
punish		v.	bestrafen
purse		n.	Geldbörse
quarterback		n.	Quarterback
reagan		n.	Reagan
relieved		adj.	erleichtert
replies		n.	Antwort
reservation		n.	Reservierung
rhetoric		n.	Rhetorik
rivals		n.	Rivale
rushing		v.	eilen
salvation		n.	Heil
sanctions		n.	Sanktionen
secular		adj.	säkular
sensitivity		n.	Empfindlichkeit
shane		n.	Shane
sigh		v.	seufzen
sigh		n.	Seufzer
sixteen		num.	sechzehn
sovereign		n.	Souverän
sovereign		adj.	souverän
specifications		n.	Spezifikationen
spends		v.	verbringen
spouse		n.	Ehegatte
stat		adv.	sofort
supervisor		n.	Aufsichtsführer
synthetic		adj.	synthetisch
teaches		v.	lehren
tense		adj.	angespannt
tense		n.	Tempus
toyota		n.	Toyota
tracked		v.	verfolgen
traders		n.	Händler
troy		n.	Troja
varieties		n.	Sorte
vegan		n.	Veganer
vegan		adj.	vegan
waking		v.	aufwachen
walmart		n.	Walmart
wilderness		n.	Wildnis
admits		v.	zugeben
adviser		n.	Berater
aggregate		n.	Gesamt
aggregate		v.	sammeln
anal		adj.	anal
anatomy		n.	Anatomie
annie		n.	Annie
announces		v.	ankündigen
applicants		n.	Bewerber
automobile		n.	Automobil
barnes		n.	Barnes
breasts		n.	Brust
cement		n.	Zement
chess		n.	Schach
citing		v.	zitieren
colonies		n.	Kolonie
composite		adj.	Verbund-
consequently		adv.	folglich
consist		v.	bestehen
councils		n.	Rat
cox		n.	Cox
curtis		n.	Curtis
decorated		adj.	geschmückt
decorated		v.	dekorieren
delegates		n.	Delegierter
dreaming		v.	träumen
dull		adj.	langweilig
dull		adj.	stumpf
enables		v.	ermöglichen
fare		n.	Fahrpreis
fashioned		adj.	geformt
feared		v.	fürchten
feared		adj.	gefürchtet
float		v.	schweben
generator		n.	Generator
grind		v.	mahlen
grinding		v.	mahlen
grove		n.	Hain
guessing		v.	raten
gum		n.	Kaugummi
gum		n.	Gummi
hobby		n.	Hobby
hunters		n.	Jäger
idol		n.	Idol
illusion		n.	Illusion
incorrect		adj.	falsch
junction		n.	Kreuzung
lance		n.	Lanze
leap		v.	springen
leap		n.	Sprung
locate		v.	lokalisieren
locate		v.	sich befinden
locks		n.	Schloss
locks		v.	abschließen
lynch		v.	lynchen
manages		v.	verwalten
manages		v.	schaffen
masses		n.	Massen
masses		n.	Masse
medicare		n.	Medicare
modeling		n.	Modellierung
modeling		v.	formen
motive		n.	Motiv
nazis		n.	Nazi
neighbourhood		n.	Nachbarschaft
neighbourhood		n.	Umgebung
networking		n.	Netzwerkarbeit
newer		adj.	neuer
newton		n.	Newton
oppose		v.	opponieren
optimal		adj.	optimal
overtime		n.	Überstunden
overtime		adv.	überstundenmäßig
packs		n.	Pack
packs		v.	packen
permits		v.	erlauben
permits		n.	Genehmigung
playstation		n.	PlayStation
postal		adj.	Post-
predictions		n.	Vorhersage
prep		n.	Vorbereitung
profound		adj.	tief
prosecutor		n.	Staatsanwalt
rebellion		n.	Rebellion
recipient		n.	Empfänger
refund		n.	Erstattung
refund		v.	erstatten
remembering		v.	erinnern
rescued		v.	retten
risky		adj.	riskant
robust		adj.	robust
scam		n.	Betrug
shareholders		n.	Aktionär
sided		v.	unterstützen
simulation		n.	Simulation
sober		adj.	j
spice		n.	Gewürz
squeeze		v.	quetschen
storms		n.	Sturm
supervision		n.	Aufsicht
suspects		n.	Verdächtiger
swap		v.	tauschen
swept		v.	fegen
terrain		n.	Gelände
themed		adj.	thematisch
threaten		v.	drohen
thrilled		adj.	aufgeregt
towel		n.	Handtuch
trio		n.	Trio
tubes		n.	Rohr
unconscious		adj.	bewusstlos
varies		v.	variieren
vegetable		n.	Gemüse
verified		adj.	überprüft
vibe		n.	Vibes
virtue		n.	Tugend
we'd		v.	würde
wifi		n.	WLAN
wishing		v.	wünschen
workforce		n.	Arbeitskräfte
zombie		n.	Zombie
acre		n.	Morgen
airports		n.	Flughafen
amen		int.	Amen
andrews		n.	Andrews
arise		v.	entstehen
ashes		n.	Asche
automotive		adj.	Automobil-
battlefield		n.	Schlachtfeld
berkeley		n.	Berkeley
bloom		v.	blühen
bore		v.	langweilen
bundle		n.	Bündel
butterfly		n.	Schmetterling
buys		v.	kaufen
casualties		n.	Opfer
catches		v.	fangen
chad		n.	Tschad
clown		n.	Clown
committees		n.	Ausschuss
conjunction		n.	Konjunkción
costly		adj.	teuer
cows		n.	Kuh
cries		v.	weinen
cries		n.	Schrei
cuban		adj.	kubanisch
cycles		n.	Zyklus
darker		adj.	dunkler
davies		n.	Davies
descent		n.	Abstieg
desktop		n.	Desktop
dial		v.	wählen
dial		n.	Zifferblatt
dial-up		n.	Einwahl
directory		n.	Verzeichnis
disabilities		n.	Behinderung
discharge		v.	entladen
discharge		n.	Entlassung
discusses		v.	diskutieren
dodge		v.	ausweichen
downs		n.	Downs
drilling		v.	bohren
drums		n.	Trommel
elimination		n.	Eliminación
enjoys		v.	genießen
espn		n.	ESPN
faq		n.	FAQ
frequentlyaskedquestion		n.	häufige Frage
ginger		n.	Ingwer
governors		n.	Gouverneur
guild		n.	Gilde
halt		v.	anhalten
han		n.	Han
henderson		n.	Henderson
ibm		n.	IBM
imaging		n.	Bildgebung
implied		adj.	implizit
impress		v.	beeindrucken
inability		n.	Unfähigkeit
incoming		adj.	einkommend
iphone		n.	iPhone
isaac		n.	Isaac
jar		n.	Glas
leicester		n.	Leicester
liam		n.	Liam
litigation		n.	Rechtsstreit
mentor		n.	Mentor
merchandise		n.	Ware
minerals		n.	Mineral
miners		n.	Bergarbeiter
monk		n.	Mönch
neighborhoods		n.	Nachbarschaft
noah		n.	Noah
norm		n.	Norm
obtaining		v.	erhalten
occupy		v.	besetzen
offended		v.	beleidigen
orthodox		adj.	orthodox
overhead		n.	Overhead
painter		n.	Maler
perth		n.	Perth
pierce		v.	durchbohren
pistol		n.	Pistole
printer		n.	Drucker
prone		adj.	neigend
raiders		n.	Angreifer
readily		adv.	leicht
reflecting		v.	reflektieren
regiment		n.	Regiment
remembers		v.	sich erinnern
reunion		n.	Wiedervereinigung
revival		n.	Wiederbelebung
sanctuary		n.	Zuflucht
satan		n.	Satanás
satisfying		adj.	zufriedenstellend
seas		n.	See
securing		v.	sichern
sensors		n.	Sensor
seoul		n.	Seúl
shells		n.	Muschel
siege		n.	Belagerung
sixty		num.	sechzig
sleeve		n.	Ärmel
sonic		adj.	Schall-
soundtrack		n.	Soundtrack
speeches		n.	Rede
spine		n.	Wirbelsäule
steering		n.	Lenkung
substances		n.	Substanz
sullivan		n.	Sullivan
sustain		v.	aufrechterhalten
tenure		n.	Amtszeit
texture		n.	Textur
thankful		adj.	dankbar
translate		v.	übersetzen
treasurer		n.	Schatzmeister
triangle		n.	Dreieck
unclear		adj.	unklar
upgraded		v.	aufrüsten
venezuela		n.	Venezuela
venice		n.	Venedig
vladimir		n.	Wladimir
wizard		n.	Zauberer
yankees		n.	Yankees
absorbed		adj.	vertieft
admin		n.	Administrator
affection		n.	Zuneigung
airplane		n.	Flugzeug
altitude		n.	Höhe
apfs		n.	APFS
athens		n.	Athen
attributes		n.	Attribut
baked		adj.	gebacken
baking		n.	Backen
beautifully		adv.	wunderschön
betty		n.	Betty
biblical		adj.	biblisch
bmw		n.	BMW
boo		int.	Buh
cardiff		n.	Cardiff
collapsed		v.	einstürzen
coloured		adj.	farbig
competent		adj.	kompetent
countryside		n.	Landschaft
cracking		n.	Rissbildung
crane		n.	Kran
debris		n.	Trümmer
delegation		n.	Delegation
demographic		adj.	demografisch
descriptions		n.	Beschreibung
donor		n.	Spender
easiest		adj.	am einfachsten
educate		v.	bilden
enabling		v.	ermöglichen
enrolled		v.	einschreiben
enrollment		n.	Anmeldung
essex		n.	Essex
exceed		v.	überschreiten
excluding		prep.	außer
expressions		n.	Ausdruck
fierce		adj.	heftig
gabriel		n.	Gabriel
garlic		n.	Knoblauch
gaza		n.	Gaza
gratitude		n.	Dankbarkeit
hail		v.	grüßen
heroin		n.	Heroin
honda		n.	Honda
hooked		adj.	süchtig
illustration		n.	Illustration
impose		v.	auferlegen
indicator		n.	Indikator
inequality		n.	Ungleichheit
interpreted		v.	interpretieren
jamaica		n.	Jamaika
joey		n.	Beutelkind
joshua		n.	Josua
journals		n.	Zeitschrift
leisure		n.	Freizeit
lend		v.	leihen
lengths		n.	Länge
leon		n.	Leon
lounge		n.	Lounge
luckily		adv.	glücklicherweise
manuscript		n.	Manuskript
marco		n.	Marco
