# en-es: English candidates -> Spanish. Generated; edit corrections/en-es.tsv instead (see CONTRIBUTING.md).
word	reading	pos	translation
the		det.	el
to		prep.	a
and		conj.	y
of		prep.	de
in		prep.	en
is		v.	ser
for		prep.	para
that		conj.	que
you		pron.	tú
it		pron.	ello
on		prep.	sobre
with		prep.	con
this		pron.	esto
was		v.	ser
be		v.	ser
as		prep.	como
are		v.	ser
have		v.	tener
at		prep.	en
he		pron.	él
not		adv.	no
by		prep.	por
but		conj.	pero
from		prep.	des
my		pron.	mi
or		conj.	o
we		pron.	nosotros
your		pron.	tu
all		adj.	todo
so		conj.	así que
his		pron.	su
they		pron.	ellos
me		pron.	mí
if		conj.	si
one		num.	uno
can		v.	poder
will		v.	querer
just		adv.	solo
like		prep.	como
about		prep.	sobre
up		adv.	arriba
out		adv.	fuera
what		pron.	qué
has		v.	tener
when		conj.	cuándo
more		adv.	más
do		v.	hacer
no		adv.	no
were		v.	ser
who		pron.	quién
had		v.	tener
it's		pron.	es
their		pron.	su
there		adv.	allí
her		pron.	su
which		pron.	cuál
time		n.	tiempo
get		v.	conseguir
been		v.	sido
would		v.	querer
she		pron.	ella
new		adj.	nuevo
people		n.	gente
how		adv.	cómo
how-to		n.	guía
some		pron.	algunos
also		adv.	también
them		pron.	los
now		adv.	ahora
all-in-one		adj.	todo en uno
other		adj.	otro
our		pron.	nuestro
than		conj.	que
good		adj.	bueno
only		adv.	sólo
after		prep.	después
first		num.	primero
him		pron.	lo
into		prep.	en
know		v.	saber
see		v.	ver
two		num.	dos
make		v.	hacer
over		prep.	sobre
think		v.	pensar
any		pron.	cualquier
then		adv.	entonces
could		v.	poder
back		n.	espalda
these		pron.	estos
us		pron.	nosotros
want		v.	querer
because		conj.	porque
go		v.	ir
well		adv.	bien
well		n.	pozo
good-by		int.	adiós
said		v.	decir
way		n.	manera
most		adv.	más
much		adv.	mucho
very		adv.	muy
where		adv.	dónde
even		adv.	incluso
should		v.	deber
may		v.	poder
here		adv.	aquí
need		v.	necesitar
really		adv.	realmente
did		v.	hacer
right		adj.	correcto
work		v.	trabajar
year		n.	año
years		n.	años
being		v.	ser
day		n.	día
too		adv.	también
going		v.	ir
before		prep.	antes
off		adv.	apagado
why		adv.	por qué
made		v.	hacer
still		adv.	todavía
take		v.	tomar
got		v.	conseguir
many		adj.	muchos
never		adv.	nunca
those		pron.	ésos
life		n.	vida
say		v.	decir
world		n.	mundo
down		adv.	abajo
great		adj.	gran
through		prep.	a través de
last		adj.	último
that's		pron.	eso es
while		conj.	mientras
best		adj.	mejor
such		adj.	tal
love		v.	amar
man		n.	hombre
home		n.	casa
long		adj.	largo
look		v.	mirar
something		pron.	algo
use		v.	usar
can't		v.	no poder
same		adj.	mismo
used		v.	usar
both		pron.	ambos
every		det.	cada
am		v.	ser
come		v.	venir
part		n.	parte
state		n.	estado
three		num.	tres
around		prep.	alrededor de
between		prep.	entre
always		adv.	siempre
better		adj.	mejor
find		v.	encontrar
help		v.	ayudar
high		adj.	alto
little		adj.	pequeño
old		adj.	viejo
since		conj.	desde
another		pron.	otro
does		v.	hacer
own		adj.	propio
things		n.	cosas
under		prep.	debajo de
during		prep.	durante
game		n.	juego
thing		n.	cosa
give		v.	dar
house		n.	casa
place		n.	lugar
place		v.	colocar
school		n.	escuela
again		adv.	otra vez
next		adj.	próximo
next		adv.	después
each		pron.	cada один
without		prep.	sin
against		prep.	contra
didn't		v.	no
end		n.	fin
found		v.	encontrar
found		v.	fundar
must		v.	deber
show		v.	mostrar
show		n.	espectáculo
big		adj.	gran
feel		v.	sentir
sure		adj.	seguro
team		n.	equipo
ever		adv.	alguna vez
family		n.	familia
keep		v.	mantener
might		n.	poder
please		v.	complacer
please		int.	por favor
put		v.	poner
i'm		pron.	soy
money		n.	dinero
free		adj.	libre
free		adj.	gratis
second		num.	segundo
second		n.	segundo
someone		pron.	alguien
away		adv.	lejos
left		adj.	izquierdo
left		v.	dejar
number		n.	número
city		n.	ciudad
days		n.	días
lot		n.	(muchos)
name		n.	nombre
night		n.	noche
play		v.	jugar
play		n.	obra
until		prep.	hasta
company		n.	empresa
doing		v.	hacer
few		adj.	pocos
he's		pron.	es
let		v.	dejar
real		adj.	real
called		v.	llamar
different		adj.	diferente
having		v.	tener
set		v.	configurar
set		n.	conjunto
thought		n.	pensamiento
thought		v.	pensar
done		adj.	hecho
however		adv.	sin embargo
getting		v.	conseguir
god		n.	dios
government		n.	gobierno
group		n.	grupo
looking		v.	mirar
public		adj.	público
public		n.	público
top		n.	cima
women		n.	mujeres
business		n.	negocio
care		n.	cuidado
care		v.	importar
start		v.	empezar
system		n.	sistema
times		n.	veces
week		n.	semana
already		adv.	ya
anything		pron.	alguna cosa
case		n.	caso
nothing		pron.	nada
person		n.	persona
today		n.	hoy
change		v.	cambiar
change		n.	cambio
enough		adj.	suficiente
everything		pron.	todo
full		adj.	lleno
live		v.	vivir
making		v.	hacer
point		n.	punto
read		v.	leer
so-called		adj.	llamado
told		v.	decir
yet		adv.	todavía
bad		adj.	malo
four		num.	cuatro
hard		adj.	difícil
mean		v.	significar
once		adv.	una vez
support		v.	apoyar
tell		v.	decir
including		prep.	incluyendo
music		n.	música
power		n.	poder
seen		v.	ver
states		n.	estado
stop		v.	parar
water		n.	agua
based		adj.	basado
believe		v.	creer
call		v.	llamar
head		n.	cabeza
men		n.	hombre
national		adj.	nacional
small		adj.	pequeño
took		v.	tomar
white		adj.	blanco
came		v.	venir
far		adv.	lejos
job		n.	trabajo
side		n.	lado
though		conj.	aunque
try		v.	intentar
went		v.	ir
yes		int.	sí
actually		adv.	realmente
american		adj.	americano
later		adv.	después
less		adv.	menos
line		n.	línea
order		n.	orden
party		n.	fiesta
run		v.	correr
run		n.	carrera
says		v.	decir
service		n.	servicio
service		v.	dar servicio
country		n.	país
country		n.	campo
open		adj.	abierto
open		v.	abrir
season		n.	estación
shit		int.	mierda
shit		n.	mierda
thank		v.	agradecer
children		n.	niños
everyone		pron.	todos
general		adj.	general
general		n.	general
trying		v.	intentar
united		adj.	unido
using		v.	usar
area		n.	zona
black		adj.	negro
following		adj.	siguiente
following		n.	siguiente
law		n.	ley
makes		v.	hacer
together		adv.	juntos
war		n.	guerra
whole		adj.	entero
car		n.	coche
face		n.	cara
face		v.	enfrentar
five		num.	cinco
kind		n.	tipo
kind		adj.	amable
maybe		adv.	quizás
per		prep.	por
president		n.	presidente
story		n.	historia
working		v.	trabajar
working		adj.	funcionando
course		n.	curso
course		n.	por supuesto
games		n.	juegos
health		n.	salud
hope		v.	esperar
hope		n.	esperanza
important		adj.	importante
least		adv.	por lo menos
means		v.	significar
means		n.	medio
news		n.	noticias
within		prep.	dentro de
able		adj.	capaz
book		n.	libro
book		v.	reservar
early		adj.	temprano
early		adv.	temprano
friends		n.	amigos
information		n.	información
local		adj.	local
post		n.	publicación
post		v.	publicar
thanks		int.	gracias
thanks		n.	gracias
video		n.	vídeo
young		adj.	joven
ago		adv.	hace
btw		adv.	por cierto
others		pron.	otros
social		adj.	social
talk		v.	hablar
talk		n.	conversación
court		n.	tribunal
fact		n.	hecho
given		adj.	dado
given		prep.	dado que
guys		n.	chicos
half		num.	mitad
hand		n.	mano
isn't		v.	no es
level		n.	nivel
mind		n.	mente
often		adv.	a menudo
single		adj.	individual
become		v.	llegar a ser
body		n.	cuerpo
coming		v.	venir
control		v.	controlar
death		n.	muerte
food		n.	comida
guy		n.	tío
hours		n.	horas
office		n.	oficina
pay		v.	pagar
problem		n.	problema
south		n.	sur
true		adj.	verdadero
almost		adv.	casi
fuck		v.	joder
history		n.	historia
known		adj.	conocido
large		adj.	grande
lost		adj.	verloren
research		n.	investigación
room		n.	habitación
several		num.	varios
started		v.	empezado
taking		v.	tomar
university		n.	universidad
win		v.	ganar
wrong		adj.	malo
along		prep.	a lo largo de
anyone		pron.	cualquiera
else		adv.	más
girl		n.	chica
john		n.	John
matter		n.	asunto
pretty		adv.	bastante
remember		v.	recordar
air		n.	aire
bit		n.	poco
friend		n.	amigo
hit		v.	golpear
needs		v.	necesidad
nice		adj.	agradable
playing		v.	jugar
probably		adv.	probablemente
saying		v.	decir
understand		v.	entender
yeah		int.	sí
york		n.	York
you're		pron.	tú eres
class		n.	clase
close		v.	cerrar
comes		v.	venir
idea		n.	idea
international		adj.	internacional
looks		n.	aspect
past		n.	pasado
past		prep.	pasado
possible		adj.	posible
wanted		v.	querer
cause		n.	causa
due		adj.	vencido
happy		adj.	feliz
human		n.	humano
members		n.	miembro
months		n.	mes
move		v.	mover
question		n.	pregunta
series		n.	serie
wait		v.	esperar
woman		n.	mujer
ask		v.	preguntar
community		n.	comunidad
data		n.	datos
late		adj.	tarde
leave		v.	dejar
north		n.	norte
saw		v.	ver
special		adj.	especial
watch		v.	observar
won't		v.	que no
either		conj.	o
fucking		adj.	maldito
fucking		adv.	jodidamente
future		n.	futuro
light		n.	luz
low		adj.	bajo
million		num.	millón
morning		n.	mañana
police		n.	policía
short		adj.	corto
stay		v.	quedar
taken		v.	tomar
age		n.	edad
buy		v.	comprar
deal		n.	trato
rather		adv.	más bien
reason		n.	razón
red		adj.	rojo
report		n.	informe
soon		adv.	pronto
third		num.	tercero
turn		v.	girar
whether		conj.	si
among		prep.	entre
check		v.	comprobar
development		n.	desarrollo
form		n.	forma
further		adv.	adelante
further		adj.	más
heart		n.	corazón
minutes		n.	minuto
myself		pron.	yo mismo
services		n.	servicio
yourself		pron.	tú mismo
act		v.	actuar
although		conj.	aunque
asked		v.	preguntar
child		n.	niño
fire		n.	fuego
fire		v.	despedir
fun		n.	diversión
living		adj.	viviente
living		n.	subsistencia
major		adj.	principal
major		n.	especialidad
media		n.	medios
phone		n.	teléfono
players		n.	jugador
players		n.	reproductor
well-known		adj.	conocido
art		n.	arte
behind		prep.	detrás
behind		adv.	detrás
building		n.	edificio
easy		adj.	fácil
gonna		v.	ir a
market		n.	mercado
near		prep.	cerca de
near		adj.	cercano
plan		n.	plan
plan		v.	planificar
political		adj.	político
quite		adv.	bastante
six		num.	seis
talking		v.	hablar
west		n.	oeste
works		n.	obra
works		v.	trabajar
according		prep.	sigún
available		adj.	disponible
education		n.	educación
final		adj.	final
former		adj.	antiguo
front		n.	frente
kids		n.	niño
list		n.	lista
ready		adj.	listo
sometimes		adv.	a veces
son		n.	hijo
street		n.	calle
bring		v.	traer
college		n.	universidad
current		adj.	actual
example		n.	ejemplo
experience		n.	experiencia
experience		v.	vivir
heard		v.	oír
london		n.	Londres
meet		v.	conocer
program		n.	programa
type		n.	tipo
type		v.	escribir
baby		n.	bebé
chance		n.	oportunidad
father		n.	padre
march		v.	marchar
process		n.	proceso
song		n.	canción
study		v.	estudiar
study		n.	estudio
word		n.	palabra
across		prep.	a través de
action		n.	acción
clear		adj.	claro
gave		v.	dar
gets		v.	conseguir
himself		pron.	sí mismo
month		n.	mes
outside		prep.	fuera
self		n.	yo
students		n.	estudiante
words		n.	palabra
board		n.	tabla
cost		n.	costo
cost		v.	costar
cut		v.	cortar
field		n.	campo
held		v.	celebrar
instead		adv.	en cambio
main		adj.	principal
moment		n.	momento
mother		n.	madre
road		n.	carretera
seems		v.	parecer
thinking		n.	pensamiento
thinking		v.	pensar
town		n.	ciudad
wants		v.	querer
department		n.	departamento
energy		n.	energía
fight		v.	pelear
fight		n.	lucha
fine		adj.	bueno
fine		n.	multa
force		n.	fuerza
force		v.	forzar
hear		v.	oír
issue		n.	problema
played		v.	jugar
points		n.	punto
points		num.	punto
price		n.	precio
rest		n.	descanso
rest		v.	descansar
results		n.	resultado
running		n.	carrera
running		v.	correr
shows		v.	mostrar
shows		n.	espectáculo
space		n.	espacio
summer		n.	verano
term		n.	término
term		n.	semestre
wife		n.	esposa
america		n.	América
beautiful		adj.	hermoso
date		n.	fecha
date		n.	cita
goes		v.	ir
i've		pron.	he
killed		v.	matar
land		n.	tierra
land		v.	aterrizar
miss		n.	señorita
project		n.	proyecto
sex		n.	sexo
shot		n.	disparo
shot		v.	disparar
site		n.	sitio
site		n.	sitio web
strong		adj.	fuerte
account		n.	cuenta
account		n.	relato
especially		adv.	especialmente
eyes		n.	ojo
include		v.	incluir
june		n.	junio
parents		n.	padres
period		n.	período
position		n.	posición
record		n.	registro
similar		adj.	similar
total		adj.	total
above		prep.	encima de
club		n.	club
common		adj.	común
died		v.	morir
film		n.	película
happened		v.	ocurrir
knew		v.	saber
lead		v.	liderar
lead		n.	plomo
likely		adj.	probable
military		n.	ejército
military		adj.	militar
perfect		adj.	perfecto
personal		adj.	personal
second-hand		adj.	de segunda mano
security		n.	seguridad
share		v.	compartir
share		n.	acción
tv		n.	televisión
what's		pron.	qué es
won		v.	ganar
april		n.	abril
center		n.	centro
county		n.	condado
couple		n.	pareja
dead		adj.	muerto
english		n.	inglés
fifo		n.	FIFO
happen		v.	ocurrir
hold		v.	sostener
industry		n.	industria
inside		prep.	dentro de
issues		n.	problema
online		adj.	en línea
player		n.	reproductor
private		adj.	privado
problems		n.	problema
return		v.	volver
rights		n.	derechos
sense		n.	sentido
star		n.	estrella
test		n.	prueba
up-to-date		adj.	actualizado
view		n.	punto de vista
weeks		n.	semana
break		v.	romper
british		adj.	británico
companies		n.	empresa
event		n.	evento
higher		adj.	más alto
hour		n.	hora
member		n.	miembro
middle		n.	medio
needed		v.	necesitar
present		n.	regalo
present		adj.	presente
result		n.	resultado
sorry		adj.	perdón
takes		v.	tomar
training		n.	entrenamiento
wish		v.	desear
wish		n.	deseo
answer		n.	respuesta
answer		v.	responder
boy		n.	chico
design		n.	diseño
design		v.	diseñar
finally		adv.	finalmente
girls		n.	chicas
gold		n.	oro
gold		adj.	de oro
gone		v.	ir
guess		v.	adivinar
interest		n.	interés
july		n.	julio
king		n.	rey
learn		v.	aprender
policy		n.	política
society		n.	sociedad
added		v.	añadir
alone		adj.	solo
average		n.	promedio
bank		n.	banco
brought		v.	traer
certain		adj.	cierto
church		n.	iglesia
east		n.	este
hands		n.	manos
hot		adj.	caliente
let's		v.	dejámonos
longer		adj.	más largo
medical		adj.	médico
movie		n.	película
original		adj.	original
park		n.	parque
performance		n.	actuación
press		v.	pulsar
received		v.	recibir
role		n.	papel
sent		v.	enviar
themselves		pron.	sí mismos
tried		v.	intentar
worked		v.	trabajar
worth		adj.	valer
areas		n.	zonas
became		v.	llegar a ser
bill		n.	factura
books		n.	libros
cool		adj.	guay
director		n.	director
exactly		adv.	exactamente
giving		v.	dar
ground		n.	suelo
meeting		n.	reunión
provide		v.	proporcionar
questions		n.	preguntas
relationship		n.	relación
september		n.	septiembre
sound		n.	sonido
source		n.	fuente
usually		adv.	usualmente
value		n.	valor
evidence		n.	prueba
follow		v.	seguir
lives		n.	vida
official		adj.	oficial
ok		int.	vale
production		n.	producción
rate		n.	tasa
reading		n.	lectura
round		adj.	redondo
save		v.	guardar
stand		v.	estar de pie
stand		n.	puesto
stuff		n.	cosa
tax		n.	impuesto
whatever		pron.	lo que sea
whatever		conj.	pase lo que pase
amount		n.	cantidad
blue		adj.	azul
countries		n.	país
david		n.	David
drive		v.	conducir
eat		v.	comer
fall		v.	caer
fast		adj.	rápido
federal		adj.	federal
feeling		n.	sentimiento
felt		v.	sentir
green		adj.	verde
league		n.	liga
management		n.	gestión
match		n.	partido
model		n.	modelo
picture		n.	imagen
size		n.	tamaño
step		n.	paso
trust		v.	confiar
central		adj.	central
changes		v.	cambiar
england		n.	Inglaterra
follow-up		n.	seguimiento
forward		adv.	adelante
groups		n.	grupo
hey		int.	ey
key		n.	llave
mom		n.	mamá
page		n.	página
paid		v.	pagar
range		n.	gama
review		n.	resena
science		n.	ciencia
trade		n.	comercio
uk		n.	Reino Unido
upon		prep.	sobre
various		adj.	diverso
attention		n.	atención
brother		n.	hermano
cannot		v.	no poder
character		n.	personaje
chief		n.	jefe
chief		adj.	principal
cup		n.	taza
football		n.	fútbol
hate		v.	odiar
james		n.	James
led		v.	guiar
looked		v.	mirar
lower		v.	bajar
lower		adj.	bajo
natural		adj.	natural
october		n.	octubre
property		n.	propiedad
quality		n.	calidad
send		v.	enviar
style		n.	estilo
vote		v.	votar
vote		n.	voto
wysiwyg		n.	WYSIWYG
amazing		adj.	asombroso
august		adj.	augusto
blood		n.	sangre
china		n.	porcelana
complete		adj.	completo
complete		v.	completar
dog		n.	perro
e-business		n.	e-business
economic		adj.	económico
first-rate		adj.	de primera
hell		n.	infierno
involved		adj.	involucrado
itself		pron.	sí mismo
language		n.	idioma
lord		n.	señor
november		n.	noviembre
oil		n.	aceite
oil		n.	petróleo
related		adj.	relacionado
serious		adj.	serio
stage		n.	escenario
terms		n.	términos
title		n.	título
add		v.	añadir
article		n.	artículo
attack		v.	atacar
attack		n.	ataque
born		v.	nacer
damn		int.	maldición
decided		v.	decidir
decision		n.	decisión
enjoy		v.	disfrutar
entire		adj.	entero
french		adj.	francés
french		n.	francés
january		n.	enero
kill		v.	matar
met		v.	conocer
perhaps		adv.	quizás
poor		adj.	pobre
release		v.	lanzar
situation		n.	situación
technology		n.	tecnología
turned		v.	girar
website		n.	sitio web
written		adj.	escrito
add-on		n.	complemento
choice		n.	elección
code		n.	código
considered		adj.	considerado
continue		v.	continuar
council		n.	consejo
cover		v.	cubrir
cover		n.	cubierta
currently		adv.	actualmente
door		n.	puerta
election		n.	elección
european		adj.	europeo
events		n.	evento
financial		adj.	financiero
foreign		adj.	extranjero
hair		n.	pelo
increase		v.	aumentar
increase		n.	aumento
legal		adj.	legal
lose		v.	perder
michael		n.	Miguel
pick		v.	elegir
race		n.	raza
race		n.	carrera
seem		v.	parecer
seven		num.	siete
sign		n.	señal
sign		v.	firmar
simple		adj.	sencillo
simply		adv.	simplement
staff		n.	personal
super		adj.	genial
union		n.	unión
walk		v.	caminar
walk		n.	paseo
washington		n.	Washington
bed		n.	cama
began		v.	empezar
built		v.	construir
career		n.	carrera
changed		v.	cambiar
crazy		adj.	loco
daily		adj.	diario
daughter		n.	hija
december		n.	diciembre
die		v.	morir
difficult		adj.	difícil
figure		n.	cifra
figure		n.	figura
hospital		n.	hospital
knows		v.	saber
loss		n.	pérdida
modern		adj.	moderno
ones		pron.	uno
paper		n.	papel
parts		n.	parte
popular		adj.	popular
published		v.	publicar
safe		adj.	seguro
starting		v.	empezar
systems		n.	sistema
version		n.	versión
voice		n.	voz
whose		pron.	cuyo
writing		n.	escritura
army		n.	ejército
australia		n.	Australia
earth		n.	Tierra
earth		n.	tierra
forget		v.	olvidar
goal		n.	objetivo
goal		n.	gol
huge		adj.	enorme
internet		n.	Internet
listen		v.	escuchar
okay		int.	de acuerdo
practice		n.	práctica
practice		v.	practicar
rules		n.	regla
sea		n.	mar
sir		n.	señor
success		n.	éxito
towards		prep.	hacia
waiting		v.	esperar
ways		n.	manera
ways		n.	camino
access		n.	acceso
base		n.	base
below		adv.	debajo
created		v.	crear
deep		adj.	profundo
followed		v.	seguir
lol		int.	jaja
mark		n.	marca
missing		adj.	faltante
offer		v.	ofrecer
pass		v.	pasar
professional		adj.	profesional
released		v.	lanzar
risk		n.	riesgo
schools		n.	escuela
sleep		v.	dormir
sleep		n.	sueño
table		n.	mesa
ten		num.	diez
truth		n.	verdad
ball		n.	pelota
box		n.	caja
build		v.	construir
card		n.	tarjeta
cases		n.	caso
dark		adj.	oscuro
district		n.	distrito
europe		n.	Europa
george		n.	Jorge
india		n.	India
mine		pron.	mío
mine		n.	mina
minister		n.	ministro
note		n.	nota
percent		n.	porcentaje
piece		n.	trozo
products		n.	producto
recent		adj.	reciente
seeing		v.	ver
straight		adj.	recto
visit		v.	visitar
visit		n.	visita
wall		n.	pared
wanna		v.	querer
wrote		v.	escribir
allowed		adj.	permitido
boys		n.	chico
culture		n.	cultura
etc		adv.	etc.
fans		n.	aficionado
february		n.	febrero
gives		v.	dar
growth		n.	crecimiento
included		v.	incluir
married		adj.	casado
officer		n.	oficial
pain		n.	dolor
paul		n.	Pablo
places		n.	lugar
respect		n.	respeto
response		n.	respuesta
river		n.	río
rock		n.	roca
shall		v.	(futuro)
speak		v.	hablar
specific		adj.	específico
standard		n.	estándar
tonight		adv.	esta noche
write		v.	escribir
album		n.	álbum
century		n.	siglo
charge		v.	cobrar
cold		adj.	frío
create		v.	crear
effect		n.	efecto
eight		num.	ocho
except		prep.	excepto
eye		n.	ojo
funny		adj.	gracioso
limited		adj.	limitado
moving		adj.	moviente
network		n.	red
peace		n.	paz
provided		conj.	siempre que
recently		adv.	recientemente
required		adj.	required
sales		n.	ventas
spent		v.	gastar
store		n.	tienda
student		n.	estudiante
tomorrow		n.	mañana
track		n.	pista
via		prep.	vía
watching		v.	mirar
weight		n.	peso
addition		n.	suma
ahead		adv.	delante
allow		v.	permitir
anti		prep.	anti
association		n.	asociación
beat		v.	golpear
brown		n.	marrón
capital		n.	capital
chinese		adj.	chino
committee		n.	comité
conference		n.	conferencia
difference		n.	diferencia
double		v.	duplicar
expect		v.	esperar
gas		n.	gas
gas		n.	gasolina
island		n.	isla
moved		v.	mover
moved		v.	conmover
normal		adj.	normal
normal		n.	normalidad
plans		n.	plan
population		n.	población
potential		adj.	potencial
potential		n.	potencial
pressure		n.	presión
radio		n.	radio
russian		adj.	ruso
station		n.	estación
station		n.	emisora
text		n.	texto
treatment		n.	tratamiento
treatment		n.	trato
western		adj.	occidental
ass		n.	culo
ass		n.	burro
beginning		n.	principio
california		n.	California
campaign		n.	campaña
certainly		adv.	ciertamente
completely		adv.	completamente
content		n.	contenido
content		adj.	contento
credit		n.	crédito
cross		v.	cruzar
cross		n.	cruz
described		v.	describir
despite		prep.	a pesar de
female		adj.	femenino
female		n.	hembra
focus		v.	concentrarse
focus		n.	foco
hi		int.	hola
husband		n.	marido
ice		n.	hielo
individual		adj.	básico
individual		n.	individuo
interesting		adj.	interesante
join		v.	unirse
kept		v.	mantener
leading		adj.	principal
loved		v.	amar
message		n.	mensaje
miles		n.	milla
nearly		adv.	casi
particular		adj.	particular
previous		adj.	anterior
quickly		adv.	rápidamente
region		n.	región
reported		v.	reportar
section		n.	sección
sort		n.	tipo
sort		v.	clasificar
speed		n.	velocidad
travel		v.	viajar
travel		n.	viaje
consider		v.	considerar
contact		n.	contacto
contact		v.	contactar
drop		v.	caer
drop		n.	gota
fair		adj.	justo
fair		n.	feria
feet		n.	pies
jesus		n.	Jesús
kid		n.	niño
link		n.	enlace
positive		adj.	positivo
post-training		n.	entrenamiento posterior
sale		n.	venta
throughout		prep.	a través de
tour		n.	tour
welcome		v.	dar la bienvenida
absolutely		adv.	absolutamente
additional		adj.	adicional
beyond		prep.	más allá de
conditions		n.	condiciones
earlier		adv.	más temprano
extra		adj.	extra
forces		n.	fuerzas
immediately		adv.	inmediatamente
jobs		n.	trabajos
leaving		v.	salir
minute		n.	minuto
nature		n.	naturaleza
numbers		n.	números
quick		adj.	rápido
sell		v.	vender
significant		adj.	significativo
studies		n.	estudios
unless		conj.	a menos que
winning		v.	ganar
agree		v.	estar de acuerdo
canada		n.	Canada
clean		adj.	limpio
computer		n.	ordenador
construction		n.	construcción
episode		n.	episodio
favorite		adj.	favorito
income		n.	ingresos
justice		n.	justicia
levels		n.	niveles
manager		n.	gerente
movement		n.	movimiento
photo		n.	foto
posted		v.	publicar
safety		n.	seguridad
scene		n.	escena
sold		v.	vender
sounds		n.	sonidos
spend		v.	gastar
statement		n.	declaración
sun		n.	sol
teams		n.	equipos
they're		pron.	ellos son
ability		n.	capacidad
announced		v.	anunciar
asking		v.	preguntar
calling		v.	llamar
coach		n.	entrenador
collection		n.	colección
continued		v.	continuar
costs		n.	costos
definitely		adv.	definitivamente
designed		v.	diseñar
expected		v.	esperar
friday		n.	viernes
gun		n.	arma
happens		v.	ocurrir
heavy		adj.	pesado
includes		v.	incluir
knowledge		n.	conocimiento
particularly		adv.	particularmente
search		v.	buscar
subject		n.	tema
train		n.	tren
wide		adj.	ancho
wow		int.	uy
author		n.	autor
centre		n.	centro
claim		v.	afirmar
dad		n.	papá
developed		adj.	desarrollado
fear		n.	miedo
fit		adj.	en forma
fit		v.	caber
generally		adv.	en general
german		adj.	alemán
global		adj.	global
goals		n.	objetivo
gotta		v.	tener que
hotel		n.	hotel
interested		adj.	interesado
judge		n.	juez
lady		n.	dama
leader		n.	líder
letter		n.	carta
lines		n.	línea
material		n.	material
named		v.	nombrar
nobody		pron.	nadie
opportunity		n.	oportunidad
plus		prep.	más
product		n.	producto
regular		adj.	regular
secretary		n.	secretaria
sister		n.	hermana
stories		n.	historia
unit		n.	unidad
workers		n.	obrero
annual		adj.	anual
anymore		adv.	ya no
bar		n.	bar
battle		n.	batalla
brain		n.	cerebro
by-product		n.	subproducto
contract		n.	contrato
degree		n.	grado
families		n.	familia
features		n.	característica
finished		v.	terminar
floor		n.	suelo
france		n.	Francia
growing		v.	crecer
hurt		v.	herir
image		n.	imagen
insurance		n.	seguro
majority		n.	mayoría
meant		v.	significar
opening		n.	apertura
opinion		n.	opinión
physical		adj.	físico
pro		n.	pro
reach		v.	alcanzar
rule		n.	regla
seriously		adv.	conseriedad
sports		n.	deporte
stupid		adj.	estúpido
successful		adj.	exitoso
active		adj.	activo
administration		n.	administración
approach		n.	enfoque
australian		adj.	australiano
biggest		adj.	el más grande
cancer		n.	cáncer
civil		adj.	civil
dance		v.	bailar
defense		n.	defensa
direction		n.	dirección
ill		adj.	enfermo
independent		adj.	independiente
master		n.	maestro
none		pron.	ninguno
reasons		n.	razón
russia		n.	Rusia
ship		n.	bufo
stock		n.	acción
trump		n.	trufo
weekend		n.	fin de semana
wonder		v.	preguntarse
worst		adj.	el peor
africa		n.	África
awesome		adj.	increíble
band		n.	grupo
beach		n.	playa
cash		n.	efectivo
clearly		adv.	de forma clara
commercial		adj.	comercial
compared		v.	comparar
effort		n.	esfuerzo
ended		v.	terminar
fan		n.	aficionado
fighting		v.	pelear
imagine		v.	imaginar
impact		n.	impacto
lack		n.	falta
latest		adj.	más reciente
learning		n.	aprendizaje
multiple		adj.	múltiple
older		adj.	mayor
operation		n.	operación
organization		n.	organización
passed		v.	pasar
pictures		n.	imagen
protect		v.	proteger
secret		n.	secreto
secret		adj.	secreto
senior		adj.	mayor
spring		n.	primavera
sunday		n.	domingo
telling		v.	decir
wear		v.	llevar
activities		n.	actividad
address		n.	dirección
address		v.	abordar
analysis		n.	análisis
anyway		adv.	de todas formas
bought		v.	comprar
calls		n.	llamada
choose		v.	elegir
christmas		n.	Navidad
color		n.	color
commission		n.	comisión
competition		n.	competencia
details		n.	detalle
direct		adj.	directo
direct		v.	dirigir
dream		n.	sueño
easily		adv.	fácilmente
finish		v.	terminar
grand		adj.	grandioso
increased		adj.	aumentado
indian		adj.	indio
literally		adv.	literalmente
luck		n.	suerte
marriage		n.	matrimonio
names		n.	nombre
necessary		adj.	necesario
patients		n.	paciente
resources		n.	recurso
rich		adj.	rico
skin		n.	piel
speaking		v.	hablar
supposed		adj.	supuesto
sweet		adj.	dulce
sweet		n.	caramelo
thus		adv.	así así
touch		v.	tocar
yesterday		n.	ayer
caught		v.	coger
closed		adj.	cerrado
congress		n.	congreso
damage		n.	daño
directly		adv.	directamente
disease		n.	enfermedad
doctor		n.	médico
doubt		n.	duda
drink		v.	beber
driving		v.	conducir
established		adj.	establecido
feels		v.	sentir
fish		n.	pez
gay		adj.	gay
germany		n.	Alemania
glad		adj.	contento
greater		adj.	mayor
grow		v.	crecer
largest		adj.	el más grande
machine		n.	máquina
notice		v.	notar
notice		n.	aviso
overall		adj.	general
overall		adv.	en general
overall		n.	bata
planning		v.	planificar
professor		n.	profesor
programs		n.	programa
records		n.	registro
reports		n.	informe
reports		v.	informar
shown		v.	mostrar
sit		v.	sentarse
trip		n.	viaje
trip		v.	tropezar
we're		pron.	nosotros somos
associated		v.	asociar
associated		adj.	asociado
basic		adj.	básico
captain		n.	capitán
carry		v.	llevar
cars		n.	coche
crime		n.	crimen
effective		adj.	eficaz
effects		n.	efecto
explain		v.	explicar
front-page		adj.	de primera plana
fully		adv.	completamente
fyi		int.	para información
highly		adv.	altamente
holding		v.	sostener
holding		n.	posesión
japan		n.	Japón
laws		n.	ley
male		adj.	masculino
male		n.	macho
parties		n.	fiesta
parties		n.	partido
plant		n.	planta
plant		n.	fábrica
plant		v.	plantar
reality		n.	realidad
smith		n.	Smith
spot		n.	lugar
spot		v.	detectar
texas		n.	Texas
winter		n.	invierno
worse		adj.	peor
advice		n.	consejo
agreement		n.	acuerdo
award		n.	premio
award		v.	otorgar
block		n.	manzana
block		v.	bloquear
block		n.	bloque
broken		adj.	roto
caused		v.	causar
challenge		n.	reto
challenge		v.	desafiar
characters		n.	carácter
characters		n.	personaje
christian		n.	cristiano
christian		adj.	cristiano
comment		n.	comentario
comment		v.	comentar
equipment		n.	equipo
eventually		adv.	finalmente
helped		v.	ayudar
holy		adj.	santo
killing		n.	matanza
killing		v.	matar
killing		adj.	mortal
lived		v.	vivir
lots		n.	mucho
lots		n.	montón
nation		n.	nación
otherwise		adv.	de lo contrario
peter		v.	clarearse
prices		n.	precio
primary		adj.	principal
purpose		n.	propósito
rates		n.	tarifa
rates		n.	índice
responsible		adj.	responsable
shop		n.	tienda
shop		v.	hacer compras
showing		v.	mostrar
showing		n.	sesión
sick		adj.	enfermo
teacher		n.	profesor
theory		n.	teoría
uses		v.	usar
uses		n.	uso
william		n.	William
agency		n.	agencia
avoid		v.	evitar
camera		n.	cámara
catch		v.	capturar
catch		n.	trampa
cell		n.	célula
cell		n.	celda
coast		n.	costa
comments		n.	comentario
drug		n.	medicamento
drug		n.	droga
economy		n.	economía
environment		n.	medio ambiente
executive		n.	ejecutivo
executive		adj.	ejecutivo
foot		n.	pie
hall		n.	sala
mass		n.	masa
meaning		n.	significado
mission		n.	misión
nine		num.	nueve
officers		n.	oficial
operations		n.	operaciones
operations		n.	operación
politics		n.	política
pop		v.	explotar
pop		n.	pop
produced		v.	producir
ran		v.	correr
ran		v.	dirigir
saturday		n.	sábado
self-attention		n.	autoatención
status		n.	estado
therefore		adv.	por lo tanto
trial		n.	juicio
trial		n.	prueba
truly		adv.	realmente
weather		n.	tiempo
activity		n.	actividad
app		n.	aplicación
application		n.	aplicación
application		n.	solicitud
claims		v.	afirmar
claims		n.	reclamación
coffee		n.	café
complex		adj.	complejo
complex		n.	complejo
condition		n.	condición
condition		n.	estado
division		n.	división
evening		n.	noche
flight		n.	vuelo
freedom		n.	libertad
google		n.	Google
heat		n.	calor
highest		adj.	el más alto
interview		n.	entrevista
library		n.	biblioteca
located		v.	localizarse
location		n.	ubicación
murder		v.	asesinar
murder		n.	asesinato
offered		v.	ofrecer
pop-up		adj.	popup
pop-up		n.	ventana emergente
putting		v.	poner
queen		n.	reina
seconds		n.	segundo
showed		v.	mostrar
sitting		n.	sentado
standing		n.	estar de pie
stars		n.	estrella
walking		v.	caminar
accept		v.	aceptar
actual		adj.	real
appear		v.	aparecer
attempt		v.	intentar
broke		adj.	quebrado
channel		n.	canal
distance		n.	distancia
eating		v.	comer
exchange		n.	intercambio
fat		adj.	gordo
fell		v.	caer
finding		n.	hallazgo
glass		n.	vidrio
learned		adj.	erudito
losing		v.	pérdida
mobile		adj.	móvil
northern		adj.	norteño
opened		v.	abrir
placed		v.	colocar
placed		n.	lugar
powerful		adj.	poderoso
prior		adj.	previo
protection		n.	protección
reached		v.	alcanzar
receive		v.	recibir
religious		adj.	religioso
ride		v.	montar
robert		n.	Robert
royal		adj.	real
screen		n.	pantalla
serve		v.	servir
signed		v.	firmar
slow		adj.	lento
species		n.	especie
speech		n.	discurso
traffic		n.	tráfico
tree		n.	árbol
types		n.	tipo
wearing		v.	llevar
whom		pron.	quien
wonderful		adj.	maravilloso
wtf		int.	qué demonios
agreed		adj.	de acuerdo
airport		n.	aeropuerto
animals		n.	animal
appears		v.	aparecer
begin		v.	empezar
benefits		n.	beneficio
bottom		n.	fondo
cities		n.	ciudad
demand		v.	exigir
engine		n.	motor
everybody		pron.	todos
famous		adj.	famoso
ideas		n.	idea
investment		n.	inversión
keeping		n.	conservación
lie		v.	estar acostado
lie		v.	mentir
lie		n.	mentira
notes		n.	nota
partner		n.	socio
plays		v.	jugar
plays		n.	obra
raised		v.	levantar
runs		v.	correr
runs		v.	dirigir
sad		adj.	triste
solution		n.	solución
songs		n.	canción
sources		n.	fuente
southern		adj.	meridional
square		n.	cuadrado
square		adj.	cuadrado
square		n.	plaza
stopped		v.	detener
structure		n.	estructura
thomas		n.	Thomas
traditional		adj.	tradicional
twice		adv.	dos veces
wind		n.	viento
worry		v.	preocuparse
worry		n.	preocupación
americans		n.	estadounidense
appeared		v.	aparecer
becomes		v.	llegar a ser
brand		n.	marca
bus		n.	autobús
cent		n.	centavo
chicago		n.	Chicago
count		v.	contar
count		v.	importar
covered		v.	cubrir
critical		adj.	crítico
digital		adj.	digital
forced		v.	forzar
fourth		num.	cuarto
fresh		adj.	fresco
lake		n.	lago
mental		adj.	mental
mentioned		v.	mencionar
missed		v.	perder
mostly		adv.	principalmente
mouth		n.	boca
owner		n.	propietario
photos		n.	foto
previously		adv.	previamente
realize		v.	darse cuenta
remain		v.	permanecer
scale		n.	escala
score		n.	puntuación
score		v.	anotar
separate		adj.	separado
smart		adj.	inteligente
starts		v.	empezar
surface		n.	superficie
throw		v.	lanzar
tom		n.	Tom
totally		adv.	totalmente
views		n.	visión
wedding		n.	boda
acting		n.	actuación
actions		n.	acción
african		adj.	africano
arms		n.	armas
arms		n.	brazos
benefit		n.	beneficio
benefit		n.	prestación
budget		n.	presupuesto
click		v.	hacer clic
click		n.	clic
estate		n.	bienes raíces
estate		n.	Finca
failed		v.	fallar
faith		n.	fe
faith		n.	confianza
fashion		n.	moda
fashion		n.	manera
feature		n.	característica
feature		n.	reportaje
fund		n.	fondo
fund		v.	financiar
generation		n.	generación
hearing		n.	oído
hearing		n.	audiencia
hill		n.	colina
jack		n.	Jack
larger		adj.	más grande
livehouse		n.	sala de conciertos
louis		n.	Luis
metal		n.	metal
mid		adj.	medio
paris		n.	París
profile		n.	perfil
pull		v.	tirar
pull		n.	tirón
push		v.	empujar
push		n.	empuje
returned		v.	regresar
returned		v.	devolver
rose		v.	subir
seat		n.	asiento
seat		v.	sentar
seemed		v.	parecer
sexual		adj.	sexual
target		n.	objetivo
target		v.	apuntar
understanding		n.	comprensión
understanding		adj.	comprensivo
village		n.	pueblo
wwi		n.	Primera Guerra Mundial
agent		n.	agente
animal		n.	animal
apply		v.	solicitar
apply		v.	aplicar
authority		n.	autoridad
authority		n.	autoridades
basis		n.	base
becoming		v.	llegar a ser
chris		n.	Chris
draw		v.	dibujar
draw		v.	atraer
draw		n.	empate
dude		n.	tío
employees		n.	empleado
enter		v.	entrar
enter		v.	introducir
follows		v.	seguir
foundation		n.	fundación
gain		v.	obtener
gain		n.	ganancia
individuals		n.	individuo
japanese		adj.	japonés
japanese		n.	japonés
leaders		n.	líder
memory		n.	memoria
prime		adj.	principal
projects		n.	proyecto
ring		n.	anillo
ring		n.	círculo
rise		v.	subir
selling		v.	vender
served		v.	servir
silver		n.	plata
soul		n.	alma
spread		v.	extender
supply		n.	suministro
supply		v.	proporcionar
waste		v.	desperdiciar
waste		n.	residuos
weird		adj.	extraño
adult		n.	adulto
apparently		adv.	aparentemente
artist		n.	artista
chairman		n.	presidente
edition		n.	edición
engineering		n.	ingeniería
grade		n.	grado
happening		n.	acontecimiento
healthy		adj.	saludable
institute		n.	instituto
method		n.	método
mike		n.	micrófono
monday		n.	lunes
nations		n.	nación
obviously		adv.	obviamente
option		n.	opción
prison		n.	prisión
provides		v.	proporcionar
remains		n.	restos
remains		v.	permanecer
senate		n.	senado
smaller		adj.	más pequeño
somebody		pron.	alguien
stone		n.	piedra
strength		n.	fuerza
users		n.	usuario
wild		adj.	salvaje
window		n.	ventana
winner		n.	ganador
arrived		v.	llegar
bag		n.	bolso
bet		v.	apostar
camp		n.	campamento
cast		v.	lanzar
cast		n.	reparto
christ		n.	Cristo
continues		v.	continuar
correct		adj.	correcto
correct		v.	corregir
dangerous		adj.	peligroso
extremely		adv.	extremadamente
firm		n.	empresa
firm		adj.	ferme
greatest		adj.	el más grande
handle		v.	manejar
handle		n.	asa
improve		v.	mejorar
indeed		adv.	en efecto
leaves		n.	hoja
leaves		v.	dejar
movies		n.	película
negative		adj.	negativo
prevent		v.	prevenir
removed		v.	quitar
richard		n.	Ricardo
spirit		n.	espíritu
television		n.	televisión
till		prep.	hasta
trouble		n.	problema
usa		n.	EE. UU.
videos		n.	video
advantage		n.	ventaja
apart		adv.	separsado
aware		adj.	consciente
cat		n.	gato
customers		n.	cliente
decide		v.	decidir
dinner		n.	cena
dollars		n.	dólar
eastern		adj.	oriental
fifth		num.	quinto
function		n.	función
gift		n.	regalo
helping		v.	ayudar
herself		pron.	ella misma
impossible		adj.	imposible
influence		n.	influencia
items		n.	artículo
joe		n.	Joe
marketing		n.	marketing
mary		n.	María
materials		n.	material
nor		conj.	ni
produce		v.	producir
progress		n.	progreso
proud		adj.	orgulloso
require		v.	require
shooting		n.	disparo
shut		v.	cerrar
standards		n.	norma
tells		v.	decir
thinks		v.	pensar
van		n.	furgoneta
wasn't		v.	no era
wood		n.	madera
background		n.	fondo
birth		n.	nacimiento
bridge		n.	puente
carried		v.	llevar
charles		n.	Carlos
classes		n.	clase
completed		v.	completar
concept		n.	concepto
copy		v.	copiar
dear		adj.	quer
dogs		n.	perro
drugs		n.	medicamento
efforts		n.	esfuerzo
garden		n.	jardín
host		n.	anfitrión
housing		n.	vivienda
israel		n.	Israel
journal		n.	revista
labor		n.	trabajo
leadership		n.	liderazgo
length		n.	longitud
lucky		adj.	suertudo
neither		conj.	ni
neither		pron.	ninguno de los dos
onto		prep.	sobre
patient		n.	paciente
possibly		adv.	quizás
prove		v.	probar
rare		adj.	raro
setting		n.	ajuste
skills		n.	habilidades
software		n.	software
thousands		num.	miles
tough		adj.	duro
units		n.	unidades
alive		adj.	vivo
apple		n.	manzana
balance		n.	equilibrio
birthday		n.	cumpleaños
bitch		n.	perra
boss		n.	jefe
cards		n.	tarjetas
changing		v.	cambiar
connection		n.	conexión
diy		n.	bricolaje
dress		n.	vestido
easier		adj.	más fácil
fellow		n.	tipo
florida		n.	Florida
horse		n.	caballo
knowing		v.	saber
liked		v.	gustar
magic		n.	magia
managed		v.	gestionar
map		n.	mapa
mar		v.	estropear
net		n.	red
owned		v.	poseer
request		n.	solicitud
she's		pron.	ella
stick		n.	palo
turns		v.	girar
vehicle		n.	vehículo
volume		n.	volumen
wake		v.	despertarse
aid		n.	ayuda
beauty		n.	belleza
believed		v.	creer
billion		num.	mil millones
busy		adj.	ocupado
buying		v.	comprar
cells		n.	células
concerned		adj.	preocupado
conversation		n.	conversación
corner		n.	esquina
criminal		n.	criminal
cultural		adj.	cultural
develop		v.	desarrollar
driver		n.	conductor
ends		v.	terminar
existing		adj.	existente
farm		n.	granja
file		n.	archivo
fix		v.	reparar
fly		n.	mosca
fly		v.	volar
frank		adj.	franco
guide		n.	guía
guide		v.	guiar
images		n.	imagen
investigation		n.	investigación
mexico		n.	México
operating		adj.	de operación
paying		v.	pagar
presented		v.	presentar
raise		v.	subir
responsibility		n.	responsabilidad
roll		v.	rodar
roll		n.	rollo
slightly		adv.	levemente
suggest		v.	sugerir
surprise		n.	sorpresa
surprise		v.	sorprender
technical		adj.	técnico
thoughts		n.	pensamiento
treat		v.	tratar
unique		adj.	único
variety		n.	variedad
violence		n.	violencia
weapons		n.	arma
yours		pron.	el tuyo
youth		n.	juventud
appreciate		v.	apreciar
bigger		adj.	más grande
breaking		v.	romper
discovered		v.	descubrir
dry		adj.	seco
edge		n.	borde
evil		adj.	malvado
excited		adj.	emocionado
forever		adv.	para siempre
funds		n.	fondos
helps		v.	ayudar
henry		n.	Henry
injury		n.	lesión
iron		n.	hierro
lovely		adj.	encantador
mad		adj.	loco
magazine		n.	revista
martin		n.	Martín
models		n.	modelo
offers		v.	ofrecer
ordered		v.	ordenar
parliament		n.	parlamento
prepared		adj.	preparado
reference		n.	referencia
religion		n.	religión
sites		n.	sitio
somewhere		adv.	en alguna parte
stated		v.	afirmar
strategy		n.	estrategia
teachers		n.	maestro
web		n.	web
wine		n.	vino
accounts		n.	cuenta
arm		n.	brazo
audience		n.	público
bay		n.	bahía
blog		n.	blog
closer		adj.	más cercano
core		n.	núcleo
democratic		adj.	democrático
description		n.	descripción
dropped		v.	caer
excellent		adj.	excelente
exist		v.	existir
figures		n.	cifra
forms		n.	forma
guard		v.	guardiar
honest		adj.	honesto
issued		v.	emitir
joined		v.	unirse
jones		n.	Jones
lee		n.	Lee
lies		v.	acostarse
likes		v.	gustar
medicine		n.	medicamento
mention		v.	mencionar
mountain		n.	montaña
nuclear		adj.	nuclear
orders		n.	pedido
port		n.	puerto
presence		n.	presencia
reaction		n.	reacción
reduce		v.	reducir
shoot		v.	disparar
sides		n.	lado
solid		adj.	sólido
spanish		n.	español
sport		n.	deporte
steps		n.	paso
stress		n.	estrés
taste		n.	sabor
tea		n.	té
victory		n.	victoria
afternoon		n.	tarde
assistant		n.	asistente
britain		n.	Reino Unido
citizens		n.	ciudadano
classic		adj.	clásico
clothes		n.	ropa
decisions		n.	decisión
electric		adj.	eléctrico
emergency		n.	emergencia
entered		v.	entrar
entirely		adv.	totalmente
facts		n.	hecho
failure		n.	fracaso
festival		n.	festival
flat		adj.	-plano
fuel		n.	combustible
harry		n.	Harry
hello		int.	hola
houses		n.	casa
initial		adj.	inicial
introduced		v.	presentar
johnson		n.	Johnson
kick		v.	patear
links		n.	enlace
mail		n.	correo
massive		adj.	masivo
matters		n.	asunto
matters		v.	importar
pair		n.	par
picked		v.	elegir
pieces		n.	pieza
plane		n.	avión
plenty		n.	abundancia
prince		n.	príncipe
proper		adj.	apropiado
providing		conj.	siempre que
quarter		n.	cuarto
regional		adj.	regional
scott		n.	Scott
session		n.	sesión
shape		n.	forma
sky		n.	cielo
teaching		n.	enseñanza
toward		prep.	hacia
transfer		v.	transferir
upper		adj.	superior
useful		adj.	útil
valley		n.	valle
watched		v.	observar
willing		adj.	dispuesto
windows		n.	ventana
you'll		pron.	tú vas
zone		n.	zona
accident		n.	accidente
advanced		adj.	avanzado
alternative		n.	alternativa
alternative		adj.	alternativo
anywhere		adv.	en cualquier lugar
articles		n.	artículo
awards		n.	premio
bear		n.	oso
bear		v.	soportar
boat		n.	barco
bringing		v.	traer
capacity		n.	capacidad
cheap		adj.	barato
climate		n.	clima
communities		n.	comunidad
discussion		n.	discusión
drinking		v.	beber
duty		n.	deber
fantastic		adj.	fantástico
feelings		n.	sentimiento
flying		v.	volar
governor		n.	gobernador
hundred		num.	ciento
industrial		adj.	industrial
joint		n.	articulación
joint		adj.	conjunto
mix		v.	mezclar
mix		n.	mezcla
museum		n.	museo
options		n.	opción
path		n.	camino
plants		n.	planta
policies		n.	política
promise		v.	prometerить
promise		n.	promesa
proposed		adj.	propuesto
proposed		v.	proponer
purchase		v.	comprar
purchase		n.	compra
rain		n.	lluvia
rain		v.	llover
remove		v.	eliminar
signs		n.	letrero
signs		v.	firmar
spending		n.	gasto
steel		n.	acero
steve		n.	Steve
supporting		adj.	de apoyo
terrible		adj.	terrible
tired		adj.	cansado
treated		v.	tratar
turning		v.	girar
vice		n.	vice
vice		n.	vicio
warm		adj.	cálido
warm		v.	calentar
afraid		adj.	asustado
arts		n.	arte
beer		n.	cerveza
border		n.	frontera
canadian		adj.	canadiense
command		n.	orden
command		v.	ordenar
crew		n.	tripulación
crowd		n.	multitud
dating		v.	salir con
dick		n.	Dick
elements		n.	elemento
enemy		n.	enemigo
ensure		v.	garantizar
environmental		adj.	ambiental
filled		adj.	lleno
filled		v.	llenar
fixed		adj.	fijo
fixed		v.	reparar
forest		n.	bosque
intelligence		n.	inteligencia
intended		adj.	previsto
labour		n.	trabajo
limit		n.	límite
limit		v.	limitar
moon		n.	luna
ocean		n.	océano
powers		n.	poder
profit		n.	beneficio
proof		n.	prueba
republican		n.	republicano
republican		adj.	republicano
soldiers		n.	soldado
suit		n.	traje
suit		v.	servir
wins		v.	ganar
women's		n.	de mujer
appearance		n.	apariencia
appearance		n.	aparición
apr		n.	abril
asian		adj.	asiático
asian		n.	asiático
attorney		n.	abogado
banks		n.	banco
behavior		n.	comportamiento
ben		n.	Ben
bodies		n.	cuerpo
brothers		n.	hermano
buildings		n.	edificio
chair		n.	silla
chair		n.	presidente
creating		v.	crear
debt		n.	deuda
domestic		adj.	nacional
domestic		adj.	doméstico
expensive		adj.	caro
grew		v.	crecer
grew		v.	aumentar
historical		adj.	histórico
homes		n.	hogar
homes		n.	vivienda
honestly		adv.	honestamente
honor		n.	honor
honor		v.	honrar
jump		v.	saltar
jump		n.	salto
launch		v.	lanzar
listed		adj.	cotado
listed		v.	listar
minimum		n.	mínimo
minimum		adj.	mínimo
native		adj.	nativo
noted		adj.	célebre
originally		adv.	originalmente
planned		adj.	planificado
ray		n.	rayo
sets		n.	conjunto
suddenly		adv.	de repente
supreme		adj.	supremo
survey		n.	encuesta
survey		v.	encuestar
tech		n.	tecnología
trees		n.	árbol
unitedstates		n.	Estados Unidos
update		v.	actualizar
update		n.	actualización
user		n.	usuario
writer		n.	escritor
yellow		adj.	amarillo
yellow		n.	amarillo
younger		adj.	más joven
ancient		adj.	antiguo
attacks		n.	ataque
attacks		v.	atacar
charges		n.	cargo
charges		v.	cobrar
combined		adj.	combinado
combined		v.	combinar
communication		n.	comunicación
connected		adj.	conectado
connected		v.	conectar
contains		v.	contener
download		v.	descargar
download		n.	descarga
email		n.	correo electrónico
ending		n.	final
exercise		n.	ejercicio
exercise		v.	ejercitarse
express		v.	expresar
express		adj.	expresión
express		n.	expresión
flow		n.	flujo
flow		v.	fluir
formed		v.	formar
girlfriend		n.	novia
hero		n.	héroe
illegal		adj.	ilegal
increasing		adj.	creciente
joke		n.	chiste
joke		v.	bromear
loan		n.	préstamo
loan		v.	prestar
methods		n.	método
officials		n.	funcionario
omg		int.	Dios mío
performed		v.	actuar
performed		v.	ejecutar
planet		n.	planeta
relationships		n.	relación
restaurant		n.	restaurante
scotland		n.	Escocia
selected		adj.	seleccionado
shared		adj.	compartido
shopping		n.	compras
shopping		v.	hacer compras
soft		adj.	blando
stuck		adj.	atorado
sugar		n.	azúcar
suggested		v.	sugerido
supported		v.	apoyado
surprised		adj.	sorprendido
taught		v.	enseñado
transport		n.	transporte
wouldn't		v.	no...
accepted		v.	aceptado
adding		v.	añadir
affairs		n.	asuntos
allows		v.	permitir
appeal		n.	llamado
applied		v.	aplicado
appropriate		adj.	apropiado
artists		n.	artista
boston		n.	Boston
confirmed		v.	confirmado
device		n.	dispositivo
drama		n.	drama
entry		n.	entrada
era		n.	era
factor		n.	factor
feed		n.	feed
golden		adj.	dorado
grant		n.	subvención
grown		v.	crecido
heads		n.	cabezas
hoping		v.	esperar
keeps		v.	mantener
lawyer		n.	abogado
legs		n.	piernas
lying		v.	estar acostado
measures		n.	medidas
mistake		n.	error
muslim		n.	musulmán
organizations		n.	organizaciones
platform		n.	plataforma
pool		n.	piscina
pulled		v.	tirado
regarding		prep.	respecto a
relations		n.	relaciones
requires		v.	require
route		n.	ruta
saved		v.	guardado
schedule		n.	horario
scientific		adj.	científico
shoes		n.	zapatos
smoke		n.	humo
squad		n.	escuadrón
teach		v.	enseñar
testing		n.	prueba
tests		n.	pruebas
values		n.	valores
walked		v.	caminar
williams		n.	Williams
abuse		n.	maltrato
abuse		v.	abusar
angry		adj.	enojado
businesses		n.	negocio
candidate		n.	candidato
comfortable		adj.	cómodo
concern		v.	concernir
concern		n.	preocupación
developing		adj.	en desarrollo
discuss		v.	discutir
elections		n.	elección
emotional		adj.	emocional
everywhere		adv.	en todas partes
facilities		n.	instalación
falling		v.	caer
fox		n.	zorro
grown-up		n.	adulto
guns		n.	arma
hole		n.	agujero
holiday		n.	vacaciones
interests		n.	interés
internal		adj.	interno
ireland		n.	Irlanda
italian		adj.	italiano
italy		n.	Italia
jersey		n.	camiseta
laugh		v.	reír
leg		n.	pierna
letters		n.	carta
liberal		adj.	liberal
listening		v.	escuchar
loves		v.	amar
lunch		n.	almuerzo
max		n.	máximo
milk		n.	leche
pack		v.	empaquetar
payment		n.	pago
perform		v.	actuar
recorded		v.	grabar
relatively		adv.	comparativamente
sector		n.	sector
sharing		v.	compartir
snow		n.	nieve
storm		n.	tormenta
streets		n.	calle
strike		v.	hacer huelga
studio		n.	estudio
sub		n.	sustituto
weak		adj.	débil
actor		n.	actor
advance		v.	avanzar
apartment		n.	apartamento
asia		n.	Asia
chain		n.	cadena
chapter		n.	capítulo
committed		v.	comprometerse
confidence		n.	confianza
cook		v.	cocinar
cute		adj.	lindo
equal		adj.	igual
equal		v.	igualar
fake		adj.	falso
fake		n.	falsificación
finance		n.	finanzas
finance		v.	financiar
focused		adj.	concentrado
hits		n.	golpe
identity		n.	identidad
journey		n.	viaje
kitchen		n.	cocina
korea		n.	Corea
leads		v.	liderar
leads		n.	pista
maintain		v.	mantener
measure		v.	medir
measure		n.	medida
numerous		adj.	numeroso
owners		n.	propietario
posts		n.	publicación
posts		v.	publicar
properties		n.	propiedad
quiet		adj.	tranquilo
revealed		v.	revelar
sept		n.	septiembre
specifically		adv.	específicamente
split		v.	dividir
split		n.	división
task		n.	tarea
taxes		n.	impuesto
taylor		n.	Taylor
twenty		num.	veinte
urban		adj.	urbano
acts		v.	actuar
acts		n.	acto
affected		adj.	afectado
aircraft		n.	avión
applications		n.	solicitud
applications		n.	aplicación
approved		adj.	aprobado
approximately		adv.	aproximadamente
argument		n.	argumento
argument		n.	discusión
arrested		v.	arrestar
claimed		v.	reclamar
conflict		n.	conflicto
considering		prep.	considerando
corporate		adj.	corporativo
debate		n.	debate
debate		v.	debater
determined		adj.	determinado
distribution		n.	distribución
documents		n.	documento
escape		v.	escapar
escape		n.	escapada
extended		adj.	extendido
factors		n.	factor
faster		adj.	más rápido
faster		adv.	más rápido
fault		n.	culpa
fill		v.	llenar
films		n.	película
flowers		n.	flor
friendly		adj.	amable
ladies		n.	señora
lay		v.	poner
lights		n.	luz
millions		num.	millón
mixed		adj.	mixto
phase		n.	fase
properly		adv.	adecuadamente
pure		adj.	puro
reduced		adj.	reducido
requirements		n.	requisito
residents		n.	residente
revenue		n.	ingresos
sam		n.	Sam
sat		v.	sentarse
secure		adj.	seguro
smile		v.	sonreír
strange		adj.	extraño
talent		n.	talento
temperature		n.	temperatura
thousand		num.	mil
tony		n.	Tony
troops		n.	tropas
truck		n.	camión
votes		n.	voto
authorities		n.	autoridades
basically		adv.	básicamente
besides		prep.	además
bird		n.	pájaro
blame		v.	culpar
bob		n.	Bob
bowl		n.	tazón
causes		n.	causa
chicken		n.	pollo
collected		v.	recolectar
context		n.	contexto
coverage		n.	cobertura
determine		v.	determinar
display		v.	mostrar
dying		v.	morir
elected		adj.	elegido
examples		n.	ejemplo
experienced		adj.	experimentado
falls		n.	catarata
false		adj.	falso
fired		v.	despedir
forgot		v.	olvidar
funding		n.	financiación
identified		v.	identificar
incredible		adj.	increíble
inspired		v.	inspirar
launched		v.	llanzar
meat		n.	carne
ministry		n.	ministerio
mode		n.	modo
neck		n.	cuello
noticed		v.	notar
novel		n.	novela
obvious		adj.	obvio
passing		n.	paso
positions		n.	posición
remaining		adj.	restante
scored		v.	anotar
shirt		n.	camisa
shots		n.	disparo
slowly		adv.	lentamente
stadium		n.	estadio
stores		n.	tienda
stores		v.	almacenar
surgery		n.	cirugía
trading		n.	comercio
tuesday		n.	martes
vision		n.	visión
whenever		conj.	siempre que
worried		adj.	preocupado
you've		pron.	has
zero		num.	cero
alex		n.	Alex
allowing		v.	permitir
begins		v.	empezar
champion		n.	campeón
charged		v.	cobrar
cream		n.	crema
crisis		n.	crisis
daniel		n.	Daniel
delivered		v.	entregar
editor		n.	editor
estimated		v.	estimar
giant		adj.	gigante
giant		n.	gigante
iran		n.	Irán
jail		n.	cárcel
jim		n.	Jim
kingdom		n.	reino
literature		n.	literatura
mayor		n.	alcalde
minor		adj.	menor
moments		n.	momento
opposite		adj.	contrario
opposite		prep.	frente a
orange		n.	naranja
ourselves		pron.	nosotros mismos
pages		n.	página
remained		v.	permanecer
selection		n.	selección
serving		n.	ración
serving		v.	servir
signal		n.	señal
stream		n.	arroyo
stream		v.	retransmitir
struggle		v.	luchar
suicide		n.	suicidio
talked		v.	hablar
theme		n.	tema
thursday		n.	jueves
tiny		adj.	minúsculo
typically		adv.	normalmente
unfortunately		adv.	desgraciadamente
usual		adj.	habitual
vehicles		n.	vehículo
virginia		n.	Virginia
voted		v.	votar
voting		n.	votación
walls		n.	pared
wave		n.	onda
wave		v.	saludar
alcohol		n.	alcohol
assembly		n.	asamblea
breakfast		n.	desayuno
bright		adj.	brillante
brings		v.	traer
capable		adj.	capaz
carrying		v.	llevar
chosen		adj.	elegido
combination		n.	combinación
conservative		adj.	conservador
customer		n.	cliente
cutting		v.	cortar
desire		n.	desejo
destroyed		v.	destruir
draft		n.	borrador
drunk		adj.	borracho
essential		adj.	esencial
fail		v.	fallar
familiar		adj.	familiar
finds		v.	encontrar
granted		v.	otorgar
guilty		adj.	culpable
humans		n.	humano
hundreds		num.	cientos
improved		v.	mejorar
jewish		adj.	judío
largely		adv.	en gran parte
laughing		v.	reír
markets		n.	mercado
medium		n.	medio
ohio		n.	Ohio
opportunities		n.	oportunidad
papers		n.	papeles
perfectly		adv.	perfectamente
recommend		v.	recomendar
referred		v.	mencionar
relevant		adj.	pertinente
seek		v.	buscar
sending		v.	enviar
solo		adj.	en solo
spoke		v.	hablar
stands		v.	estar de pie
talks		n.	conversaciones
ticket		n.	boleto
unable		adj.	incapaz
upset		adj.	disgustado
wing		n.	ala
answers		n.	respuesta
birds		n.	pájaro
bomb		n.	bomba
creative		adj.	creativo
cycle		n.	ciclo
dealing		v.	tratar
directed		v.	dirigir
don		v.	puesta
educational		adj.	educativo
entertainment		n.	entretenimiento
extreme		adj.	extremo
facility		n.	instalación
fields		n.	campo
goods		n.	bienes
hang		v.	colgar
holds		v.	sostener
info		n.	información
mainly		adv.	principalmente
maximum		n.	máximo
maximum		adj.	máximo
newspaper		n.	periódico
nov		n.	novembre
offering		n.	oferta
painting		n.	pintura
republic		n.	república
reserve		v.	reservар
reserve		n.	reserva
returns		n.	rendimientos
row		n.	fila
salt		n.	sal
scared		adj.	asustado
scottish		adj.	escocés
shares		n.	acciones
statistics		n.	estadística
switch		n.	interrupteur
switch		v.	cambiar
territory		n.	territorio
threat		n.	amenaza
tickets		n.	entradas
wales		n.	Gales
adults		n.	adultos
affect		v.	afectar
appointed		v.	nombrar
armed		adj.	armado
aside		adv.	aparte
assistance		n.	asistencia
bell		n.	campana
blow		v.	soplar
bond		n.	bono
boyfriend		n.	novio
careful		adj.	cuidadoso
circumstances		n.	circunstancias
communications		n.	comunicaciones
concerns		n.	preocupaciones
controlled		v.	controlar
corporation		n.	corporación
couldn't		v.	poder no
cry		v.	llorar
danger		n.	peligro
deals		n.	tratos
delivery		n.	entrega
deserve		v.	merecer
devices		n.	dispositivos
dollar		n.	dólar
dreams		n.	sueños
empty		adj.	vacío
enjoyed		v.	disfrutar
explained		v.	explicar
faces		n.	caras
folks		n.	gente
fucked		v.	joder
gender		n.	género
instance		n.	instanciа
jan		n.	enero
kim		n.	Kim
kinda		adv.	un poco
matches		n.	partidos
mile		n.	milla
motion		n.	moción
moves		v.	mover
nick		n.	muesca
pacific		adj.	pacífico
prize		n.	premio
realized		v.	darse cuenta
reasonable		adj.	razonable
receiving		v.	recibir
register		v.	registrar
resolution		n.	resolución
rural		adj.	rural
ryan		n.	Ryan
saving		n.	ahorro
sees		v.	ver
singing		v.	cantar
spain		n.	España
tools		n.	herramientas
typical		adj.	típico
universe		n.	universo
warning		n.	advertencia
wars		n.	guerras
wednesday		n.	miércoles
admit		v.	admitir
attitude		n.	actitud
branch		n.	rama
branch		n.	sucursal
brazil		n.	Brasil
conducted		v.	llevar a cabo
decades		n.	décadas
dedicated		adj.	dedicado
definition		n.	definición
drawing		n.	dibujo
favor		n.	favor
flag		n.	bandera
frame		n.	marco
guest		n.	invitado
heaven		n.	cielo
independence		n.	independencia
institutions		n.	institución
jackson		n.	Jackson
kiss		v.	besar
load		n.	carga
plot		n.	trama
possibility		n.	posibilidad
random		adj.	aleatorio
recovery		n.	recuperación
rent		n.	alquiler
replace		v.	reemplazar
represent		v.	representar
reviews		n.	reseña
scenes		n.	escenas
seeking		v.	buscar
senator		n.	senador
sentence		n.	frase
sentence		n.	condena
teeth		n.	dientes
tips		n.	propina
trained		adj.	entrenado
understood		v.	entender
academic		adj.	académico
academy		n.	academia
academy		n.	instituto
accurate		adj.	preciso
achieve		v.	lograr
adam		n.	Adán
afford		v.	permitirse
andrew		n.	Andrew
assume		v.	suponer
assume		v.	asumir
bbc		n.	BBC
bottle		n.	botella
bunch		n.	ramo
bunch		n.	grupo
category		n.	categoría
chat		v.	charlar
chat		n.	charla
cheese		n.	queso
chemical		adj.	químico
chemical		n.	producto químico
clinton		n.	Clinton
competitive		adj.	competitivo
dec		n.	dic.
detail		n.	detalle
detail		v.	detallar
diet		n.	dieta
favourite		adj.	favorito
favourite		n.	favorito
fruit		n.	fruta
harder		adj.	más difícil
harder		adv.	más duro
index		n.	índice
item		n.	element
item		n.	artículo
lane		n.	callejón
lane		n.	carril
mess		n.	desorden
mess		v.	desordenar
navy		n.	marina
normally		adv.	normalmente
occurred		v.	ocurrir
opposition		n.	oposición
parent		n.	padre
permanent		adj.	permanente
personally		adv.	personalmente
pleasure		n.	placer
prefer		v.	preferir
programme		n.	programma
representative		n.	representante
representative		adj.	representativo
scheme		n.	plan
scheme		n.	esquema
shift		v.	cambiar
shift		n.	turno
stood		v.	estar de pie
storage		n.	almacenamiento
tank		n.	tanque
tank		n.	depósito
tend		v.	tender
tend		v.	cuidar
tight		adj.	apretado
tight		adj.	estricto
transportation		n.	transporte
ultimately		adv.	finalmente
unlike		prep.	a diferencia de
unlike		adj.	distinto
weekly		adj.	semanal
weekly		adv.	semanalmente
x-ray		n.	rayos X
yard		n.	patio
yard		n.	yarda
anybody		pron.	cualquiera
assets		n.	activo
basketball		n.	baloncesto
button		n.	botón
candidates		n.	candidato
combat		n.	combate
combat		v.	combatir
constitution		n.	constitución
consumer		n.	consumidor
counter		n.	mostrador
counter		v.	replicar
counter		n.	contador
creation		n.	creación
crown		n.	corona
crying		v.	llorar
defined		v.	definir
depending		v.	depender
depression		n.	depresión
describe		v.	describir
drivers		n.	conductor
employment		n.	empleo
exclusive		adj.	exclusivo
excuse		n.	excusa
expert		n.	experto
frequently		adv.	frecuentemente
gameboy		n.	Game Boy
golf		n.	golf
grace		n.	gracia
hopefully		adv.	con suerte
identify		v.	identificar
importance		n.	importancia
kevin		n.	Kevin
laid		v.	poner
latter		adj.	último
manufacturing		n.	fabricación
mining		n.	minería
object		n.	objeto
partners		n.	socios
pattern		n.	patrón
performing		v.	actuar
personnel		n.	personal
perspective		n.	perspectiva
pregnant		adj.	embarazada
premier		adj.	principal
promote		v.	promover
revolution		n.	revolución
rooms		n.	habitaciones
severe		adj.	grave
sleeping		v.	dormir
suppose		v.	suponer
tool		n.	herramienta
tournament		n.	torneo
turkey		n.	Turquía
victim		n.	víctima
victims		n.	víctimas
agents		n.	agentes
amazon		n.	Amazon
aren't		v.	no ser
arrest		v.	arrestar
attend		v.	asistir
ban		v.	prohibir
brilliant		adj.	brillante
carbon		n.	carbono
catholic		adj.	católico
chose		v.	elegir
circle		n.	círculo
concert		n.	concierto
crash		v.	chocar
declared		v.	declarar
deliver		v.	entregar
depth		n.	profundidad
deputy		n.	adjunto
dirty		adj.	sucio
doctors		n.	médico
earned		v.	ganar
electronic		adj.	electrónico
error		n.	error
existence		n.	existencia
experiences		n.	experiencia
expression		n.	expresión
factory		n.	fábrica
headed		v.	ir
interior		n.	interior
joy		n.	alegría
legislation		n.	legislación
maintenance		n.	mantenimiento
manner		n.	manera
mate		n.	compañero
matt		n.	Matt
nearby		adj.	cercano
noise		n.	ruido
origin		n.	origen
pakistan		n.	Paquistán
panel		n.	panel
personality		n.	personalidad
plate		n.	plato
practices		n.	práctica
prepare		v.	preparar
relief		n.	alivio
replaced		v.	reemplazar
resistance		n.	resistencia
retail		n.	menudeo
rice		n.	arroz
roads		n.	carretera
roof		n.	techo
shame		n.	vergüenza
ships		n.	barco
somewhat		adv.	algo
staying		v.	quedar
stronger		adj.	más fuerte
surely		adv.	seguramente
tip		n.	propina
updated		v.	actualizar
writers		n.	escritor
absolute		adj.	absoluto
advertising		n.	publicidad
agencies		n.	agencia
baseball		n.	béisbol
bathroom		n.	cuarto de baño
bible		n.	Biblia
cable		n.	cable
calm		adj.	tranquilo
championship		n.	campeonato
checked		v.	comprobar
client		n.	cliente
constant		adj.	constante
dates		n.	fecha
degrees		n.	grado
democrats		n.	demócrata
doors		n.	puerta
driven		v.	impulsado
dumb		adj.	mudo
empire		n.	imperio
exciting		adj.	emocionante
expansion		n.	expansión
heavily		adv.	fuertemente
hide		v.	ocultar
incident		n.	incidente
irish		adj.	irlandés
linked		v.	vincular
manage		v.	gestionar
messages		n.	mensaje
michigan		n.	Michigan
politicians		n.	político
print		v.	imprimir
quit		v.	dejar
refused		v.	regusado
refused		v.	negarse
reporting		v.	informando
reporting		v.	informar
sight		n.	vista
significantly		adv.	significativamente
sing		v.	cantar
soviet		adj.	soviético
we've		v.	tener
weapon		n.	arma
wet		adj.	mojado
widely		adv.	ampliamente
widely		adv.	adampliamente
worldwide		adj.	mundial
ages		n.	edad
anniversary		n.	aniversario
attractive		adj.	attractivo
attractive		adj.	atractivo
bike		n.	bicicleta
broad		adj.	ano
burn		v.	quemar
cake		n.	pastel
causing		v.	causante
closely		adv.	cerca
constantly		adv.	constantemente
contest		n.	concurso
deaths		n.	muerte
depends		v.	depender
drawn		v.	dibujar
feb		n.	febrero
fees		n.	tarifa
francisco		n.	Francisco
haha		int.	jaja
hardly		adv.	apenas
hat		n.	sombrero
height		n.	altura
hidden		adj.	oculto
invited		v.	invitar
letting		v.	dejar
loud		adj.	fuerte
manchester		n.	Mánchester
marine		adj.	marino
motor		n.	motor
officially		adv.	oficialmente
onepiece		n.	One Piece
pc		n.	PC
peak		n.	cima
peak		v.	alcanzar el punto máximo
portion		n.	porción
pounds		n.	libra
princess		n.	princesa
protein		n.	proteína
puts		v.	poner
raw		adj.	cruce
reform		v.	reformar
reform		n.	reforma
regions		n.	región
represented		v.	representar
respond		v.	responder
retirement		n.	jubilación
sample		n.	muestra
sample		v.	muestrear
seats		n.	asiento
secondary		adj.	secundario
solar		adj.	solar
somehow		adv.	de alguna manera
stayed		v.	quedarse
suffering		n.	sufrimiento
sydney		n.	Sídney
today's		n.	de hoy
tries		v.	intentar
ultimate		adj.	definitivo
unknown		adj.	desconocido
wilson		n.	Wilson
wondering		v.	preguntarse
asap		adv.	lo antes posible
attached		v.	adjuntar
attacked		v.	atacar
automatically		adv.	automáticamente
balls		n.	pelota
balls		n.	baile
battery		n.	batería
bills		n.	factura
blind		adj.	ciego
breath		n.	aliento
brief		adj.	breve
carolina		n.	Carolina
chest		n.	pecho
conduct		v.	llevar a cabo
conduct		n.	conducta
debut		n.	debut
decade		n.	década
destroy		v.	destruir
differences		n.	diferencia
edward		n.	Eduardo
engaged		adj.	comprometido
experts		n.	experto
expressed		v.	expresar
external		adj.	externo
fantasy		n.	fantasía
grab		v.	agarrar
hollywood		n.	Hollywood
immediate		adj.	inmediato
introduction		n.	introducción
joseph		n.	José
license		n.	licencia
paint		n.	pintura
paint		v.	pintar
pilot		n.	piloto
pink		adj.	rosa
presidential		adj.	presidencial
principal		adj.	principal
recognize		v.	reconocer
recognized		adj.	reconocido
registered		adj.	registrado
regularly		adv.	regularly
representatives		n.	representante
rising		n.	aumento
seasons		n.	temporada
shipping		n.	envío
singer		n.	cantor
smoking		n.	tabaco
steam		n.	vapor
suffered		v.	sufrir
survive		v.	sobrevivir
tall		adj.	alto
theatre		n.	teatro
therapy		n.	terapia
witness		n.	testigo
adopted		adj.	adoptado
aim		v.	apuntar
campus		n.	campus
cap		n.	gorra
chances		n.	oportunidad
childhood		n.	infancia
clinical		adj.	clínico
clubs		n.	club
comedy		n.	comedia
commander		n.	comandante
comparison		n.	comparación
covers		v.	cubrir
defeat		v.	vencer
defence		n.	defensa
democracy		n.	democracia
detailed		adj.	detallado
entitled		adj.	consacradoro
exact		adj.	exacto
exposed		adj.	expuesto
fed		v.	alimentar
fee		n.	tarifa
injured		adj.	lesionado
jordan		n.	Jordania
kinds		n.	tipos
loans		n.	préstamos
lock		v.	encerrar
musical		adj.	musical
musical		n.	musical
nose		n.	nariz
objects		n.	objetos
opposed		adj.	opuesto
organized		adj.	organizado
plastic		n.	plástico
protected		adj.	protegido
purposes		n.	propósitos
quote		v.	citar
recording		n.	grabación
semi		n.	semi
semi		n.	semirremolque
statements		n.	declaraciones
suspect		v.	sospechar
swear		v.	jurar
techniques		n.	técnicas
tie		v.	atar
tim		n.	Tim
trend		n.	tendencia
valuable		adj.	valioso
wealth		n.	riqueza
wise		adj.	sabio
yards		n.	yarda
aged		adj.	anciano
approval		n.	aprobación
aspects		n.	aspecto
attempts		n.	intento
bread		n.	pan
burning		adj.	ardiente
champions		n.	campeón
contain		v.	contener
convention		n.	convención
dancing		n.	baile
document		n.	documento
eggs		n.	huevo
employee		n.	empleado
engineer		n.	ingeniero
equivalent		adj.	equivalente
facing		prep.	frente a
fairly		adv.	bastante
fingers		n.	dedo
ford		n.	Ford
founded		v.	fundar
functions		n.	función
gang		n.	pandilla
graduate		n.	titulado
greek		adj.	griego
hanging		v.	colgar
hanging		n.	сuspensión
inner		adj.	interior
islands		n.	isla
lift		v.	elevar
lift		n.	ascensor
lift		n.	aventón
marked		adj.	marcado
memories		n.	recuerdo
miller		n.	molinero
monthly		adj.	mensual
monthly		adv.	mensualmente
mountains		n.	monte
neighborhood		n.	barrio
nsfw		n.	no apto para el trabajo
operate		v.	operar
operate		v.	dirigir
outstanding		adj.	sobresaliente
outstanding		adj.	pendiente
permission		n.	permiso
porn		n.	pornografía
racing		v.	correr
racing		n.	carreras
recommended		v.	recomendar
regulations		n.	reglamento
reply		v.	responder
reply		n.	respuesta
republicans		n.	republicano
rid		v.	librar
roman		n.	romano
scientists		n.	científico
shoulder		n.	hombro
shoulder		v.	asumir
shower		n.	ducha
shower		n.	chubasco
solutions		n.	solución
sons		n.	hijo
stations		n.	estación
stations		n.	emisora
stephen		n.	Stephen
tower		n.	torre
tradition		n.	tradición
type-c		n.	Tipo-C
visited		v.	visitar
visual		adj.	visual
wheel		n.	rueda
wheel		n.	volante
zealand		n.	Zealandia
achieved		v.	lograr
achieved		v.	conseguir
admitted		v.	admitir
admitted		v.	permitir
appointment		n.	cita
appointment		n.	nombramiento
authors		n.	autor
barely		adv.	apenas
bush		n.	arbusto
bush		n.	Bush
cabinet		n.	gabinete
cabinet		n.	mueble
celebrate		v.	celebrar
challenges		n.	desafío
chocolate		n.	chocolate
coal		n.	carbón
colour		n.	color
contemporary		adj.	contemporáneo
criticism		n.	crítica
davis		n.	Davis
dna		n.	ADN
effectively		adv.	eficazmente
effectively		adv.	de hecho
eric		n.	Eric
extensive		adj.	extenso
faced		v.	enfrentar
filed		v.	presentar
filed		v.	archivar
formation		n.	formación
fought		v.	pelear
gained		v.	conseguir
gallery		n.	galería
highway		n.	autopista
historic		adj.	histórico
hunt		v.	cazar
improvement		n.	mejora
inch		n.	pulgada
initially		adv.	inicialmente
junior		adj.	menor
junior		n.	junior
jury		n.	jurado
korean		adj.	coreano
korean		n.	coreano
marks		n.	nota
marks		n.	marco
monster		n.	monstruo
newzealand		n.	Nueva Zelanda
obtained		v.	obtener
olympic		adj.	olímpico
philosophy		n.	filosofía
pride		n.	orgullo
promised		v.	prometer
repeat		v.	repetir
returning		v.	regresar
riding		v.	montar
riding		n.	equitación
rough		adj.	áspero
rough		adj.	aproximado
santa		n.	Santa
settlement		n.	asentamiento
settlement		n.	acuerdo
smell		v.	oler
smell		n.	olor
sought		v.	buscar
sought		adj.	buscado
speaker		n.	orador
speaker		n.	altavoz
studied		v.	estudiar
suggests		v.	sugerir
surrounding		adj.	circundante
tone		n.	tono
topic		n.	tema
toronto		n.	Toronto
universal		adj.	universal
vast		adj.	vasto
visitors		n.	visitante
wanting		adj.	faltante
auto		n.	coche
consistent		adj.	consistente
continuing		v.	continuar
earn		v.	ganar
exists		v.	existir
finger		n.	dedo
grey		adj.	gris
guitar		n.	guitarra
heading		n.	encabezado
howard		n.	Howard
ignore		v.	ignorar
involving		v.	implicar
latin		n.	latín
lewis		n.	Lewis
meal		n.	comida
meanwhile		adv.	mientras tanto
meetings		n.	reunión
naturally		adv.	naturalmente
necessarily		adv.	necesariamente
offices		n.	oficina
pants		n.	pantalón
partnership		n.	sociedad
payments		n.	pago
percentage		n.	porcentaje
pocket		n.	bolsillo
practical		adj.	práctico
primarily		adv.	principalmente
proved		v.	demostrar
rape		v.	violar
regardless		adv.	a pesar de
relative		n.	pariente
relative		adj.	relativo
represents		v.	representar
rescue		v.	rescatar
resulting		adj.	resultante
rush		v.	apresurarse
rush		n.	prisa
sarah		n.	Sara
sessions		n.	sesión
sharp		adj.	afilado
simon		n.	Simón
soccer		n.	fútbol
stable		adj.	estable
stable		n.	establo
structures		n.	estructura
supplies		n.	suministros
symptoms		n.	síntoma
temporary		adj.	temporal
tested		v.	probar
trick		n.	es
attended		v.	asistir
audio		n.	audio
bone		n.	hueso
brian		n.	Brian
bullshit		n.	tonterías
chamber		n.	cámara
chart		n.	gráfico
circuit		n.	circuito
clothing		n.	ropa
complicated		adj.	complicado
confused		adj.	confundido
consequences		n.	consecuencias
defend		v.	defender
divided		adj.	dividido
elizabeth		n.	Isabel
everyday		adj.	cotidiano
extent		n.	alcance
fishing		n.	pesca
format		n.	formato
gap		n.	brecha
gate		n.	puerta
gotten		v.	conseguir
harm		n.	daño
healthcare		n.	cuidado
household		n.	hogar
immigration		n.	inmigración
impressive		adj.	impresionante
jews		n.	judíos
joining		v.	unirse
killer		n.	asesino
lesson		n.	lección
limits		n.	límites
loving		adj.	cariñoso
managers		n.	gerentes
membership		n.	membresía
miami		n.	Miami
mirror		n.	espejo
mount		v.	escalar
nights		n.	noches
occur		v.	ocurrir
off-topic		adj.	fuera de tema
parking		n.	estacionamiento
proposal		n.	propuesta
province		n.	provincia
purchased		v.	comprado
recognition		n.	reconocimiento
reputation		n.	reputación
rolling		v.	rodando
shortly		adv.	pronto
situations		n.	situaciones
strongly		adv.	fuertemente
tears		n.	lágrimas
technique		n.	técnica
thin		adj.	delgado
tied		v.	atarse
accused		v.	acusar
adventure		n.	aventura
argue		v.	discutir
assessment		n.	evaluación
atmosphere		n.	atmósfera
awful		adj.	terrible
bedroom		n.	dormitorio
belief		n.	creencia
belief		n.	fe
bound		adj.	obligado
bound		v.	saltar
breaks		v.	romper
breaks		n.	descanso
carefully		adv.	cuidadosamente
cats		n.	gato
ceo		n.	CEO
choices		n.	elección
closing		n.	cierre
closing		adj.	de cierre
cloud		n.	nube
cloud		n.	nube (informática)
colorado		n.	Colorado
colors		n.	color
contrast		n.	contraste
contrast		v.	contrastar
courses		n.	curso
courses		n.	ruta
courts		n.	tribunal
courts		n.	cancha
donald		n.	Donald
drew		v.	dibujar
egg		n.	huevo
element		n.	elemento
elsewhere		adv.	en otra parte
establish		v.	establecer
extension		n.	extensión
files		n.	archivo
founder		n.	fundador
fri		n.	viernes
gear		n.	engranaje
gear		n.	equipo
georgia		n.	Georgia
georgia		n.	Georgia (estado)
hills		n.	colina
hip		n.	cadera
hitting		v.	golpear
increases		v.	aumentar
increases		n.	aumento
infrastructure		n.	infraestructura
jason		n.	Jason
locations		n.	ubicación
loose		adj.	suelo
machines		n.	máquina
moral		adj.	moral
moral		n.	moraleja
offensive		adj.	ofensivo
package		n.	paquete
package		n.	paquete (software)
pointed		adj.	puntiagudo
poverty		n.	pobreza
processes		n.	proceso
processes		v.	procesar
processing		n.	procesamiento
qos		n.	calidad de servicio
qualified		adj.	cualificado
qualityofservice		n.	calidad de servicio
railway		n.	vía férrea
reaching		v.	alcanzar
ridiculous		adj.	ridículo
sensitive		adj.	sensible
server		n.	servidor
shock		n.	impacto
shock		v.	shockar
silence		n.	silencio
silence		v.	silenciar
soldier		n.	soldado
superior		adj.	superior
superior		n.	superior
supporters		n.	partidario
thick		adj.	grueso
threw		v.	lanzar
tons		n.	tonna
transition		n.	transición
violent		adj.	violento
voters		n.	electors
wash		v.	lavar
acid		n.	ácido
actress		n.	actriz
administrative		adj.	administrativo
alan		n.	Alan
alongside		prep.	junto a
angel		n.	ángel
anxiety		n.	ansiedad
babies		n.	bebé
bars		n.	barra
bonus		n.	bonus
castle		n.	castillo
charity		n.	caridad
clients		n.	cliente
compare		v.	comparar
contained		v.	contener
cooking		n.	cocina
covering		n.	cubierta
curious		adj.	curioso
directors		n.	director
discovery		n.	descubrimiento
discussed		v.	discutir
duke		n.	duque
egypt		n.	Egipto
encourage		v.	animar
enforcement		n.	aplicación
featuring		v.	presentar
finals		n.	final
flash		n.	flash
formal		adj.	formal
formula		n.	fórmula
fort		n.	fuerte
governments		n.	gobierno
gray		n.	gris
gross		adj.	bruto
horses		n.	caballo
hungry		adj.	hambriento
informed		adj.	informado
innocent		adj.	inocente
jeff		n.	Jeff
losangeles		n.	Los Ángeles
losses		n.	pérdida
luke		n.	Luke
mac		n.	Mac
math		n.	matemáticas
minds		n.	mente
mistakes		n.	error
mystery		n.	misterio
networks		n.	red
olympics		n.	Juegos Olímpicos
palace		n.	palacio
passes		n.	pase
penalty		n.	penalización
pet		n.	mascota
phones		n.	teléfono
photography		n.	fotografía
producing		v.	producir
protest		n.	protesta
protest		v.	protestar
publication		n.	publicación
rating		n.	calificación
refer		v.	referirse
respectively		adv.	respectivamente
rome		n.	Roma
scheduled		v.	programar
select		v.	seleccionar
silent		adj.	silencioso
spoken		adj.	oral
successfully		adv.	con éxito
suffer		v.	sufrir
temple		n.	templo
tracks		n.	vía
trail		n.	sendero
uncle		n.	tío
unusual		adj.	inusual
waters		n.	aguas
woods		n.	bosque
arrival		n.	llegada
asks		v.	preguntar
assault		n.	agresión
awareness		n.	conciencia
badly		adv.	gravemente
bath		n.	baño
captured		v.	capturar
chase		v.	perseguir
components		n.	componente
concrete		n.	hormigón
concrete		adj.	concreto
dave		n.	Dave
deeply		adv.	profundamente
expectations		n.	expectativa
explanation		n.	explicación
exposure		n.	exposición
featured		adj.	destacado
fiction		n.	ficción
guarantee		v.	garantizar
guarantee		n.	garantía
happiness		n.	felicidad
harris		n.	Harris
hearts		n.	corazones
horrible		adj.	horrible
ideal		adj.	ideal
illinois		n.	Illinois
injuries		n.	lesión
islamic		adj.	islámico
jimmy		n.	Jimmy
kelly		n.	Kelly
legend		n.	leyenda
lieutenant		n.	teniente
mediaplayer		n.	reproductor multimedia
mini		adj.	mini
mood		n.	humor
muscle		n.	músculo
muslims		n.	musulmán
passion		n.	pasión
picking		v.	recoger
pleased		adj.	contento
procedure		n.	procedimiento
producer		n.	productor
pushing		v.	empujar
rank		n.	rango
rank		v.	clasificar
replacement		n.	sustitución
retired		adj.	jubilado
roles		n.	papel
sand		n.	arena
savings		n.	ahorros
settled		v.	instalarse
settled		adj.	estable
shadow		n.	sombra
singles		n.	singles
tag		n.	etiqueta
tape		n.	cinta
thread		n.	hilo
victoria		n.	Victoria
visiting		v.	visitar
wage		n.	salario
wings		n.	ala
andy		n.	Andy
avenue		n.	avenida
bags		n.	bolso
beating		v.	golpear
believes		v.	creer
blocks		n.	manzana
boring		adj.	aburrido
charlie		n.	Charlie
checking		v.	comprobar
clock		n.	reloj
commissioner		n.	comisionado
commitment		n.	compromiso
confident		adj.	seguro
containing		v.	contener
copies		n.	copia
crimes		n.	crimen
custom		n.	costumbre
denied		v.	negar
desk		n.	escritorio
drinks		n.	bebida
ear		n.	oreja
electricity		n.	electricidad
episodes		n.	episodio
farmers		n.	granjero
fbi		n.	FBI
grounds		n.	terreno
gym		n.	gimnasio
helpful		adj.	útil
horror		n.	terror
iraq		n.	Irak
label		n.	etiqueta
label		v.	etiquetar
liverpool		n.	Liverpool
locked		v.	cerrrar con llave
naked		adj.	desnudo
opens		v.	abrir
output		n.	salida
persons		n.	persona
pitch		n.	campo
pitch		v.	lanzar
pizza		n.	pizza
plain		adj.	sencillo
plain		adj.	liso
pushed		v.	empujar
raising		v.	elevar
raising		n.	recaudación
rear		n.	trasero
rear		adj.	sterno
reveal		v.	revelar
romantic		adj.	romántico
scores		n.	puntuación
scores		n.	veinte
sisters		n.	hermanas
speaks		v.	hablar
stages		n.	etapas
stages		n.	escenarios
strategic		adj.	estratégico
swimming		n.	natación
welfare		n.	bienestar
winners		n.	ganador
wire		n.	cable
worker		n.	trabajador
afterwards		adv.	después
alright		adj.	bien
android		n.	androide
anger		n.	ira
architecture		n.	arquitectura
assist		v.	asistir
attempted		v.	intentar
behalf		n.	nombre
belt		n.	cinturón
capture		v.	capturar
centers		n.	centros
ceremony		n.	ceremonia
comic		adj.	cómico
comic		n.	tebeo
cops		n.	policías
cuts		v.	cortar
dallas		n.	Dallas
designer		n.	diseñador
diamond		n.	diamante
disappointed		adj.	decepcionado
dressed		v.	vestirse
economics		n.	economía
efficient		adj.	eficiente
electrical		adj.	eléctrico
employed		v.	emplear
enjoying		v.	disfrutar
entering		v.	entrar
essentially		adv.	esencialmente
establishment		n.	establecimiento
expecting		v.	esperar
explains		v.	explicar
flower		n.	flor
ghost		n.	fantasma
guests		n.	invitados
handed		v.	entregar
hockey		n.	hóquey
houston		n.	Houston
hunting		n.	caza
industries		n.	industrias
islam		n.	islam
jane		n.	Jane
judges		n.	jueces
kit		n.	kit
lab		n.	laboratorio
languages		n.	idiomas
maps		n.	mapa
min		n.	minuto
morgan		n.	Morgan
moscow		n.	Moscú
nervous		adj.	nervioso
newly		adv.	recientemente
odd		adj.	extraño
ordinary		adj.	ordinario
participate		v.	participar
philadelphia		n.	Filadelfia
prayer		n.	oración
principles		n.	principio
racist		adj.	racista
rarely		adv.	raramente
references		n.	referencia
sexy		adj.	sexy
skill		n.	habilidad
soil		n.	suelo
solve		v.	resolver
stomach		n.	estómago
struck		v.	golpear
studying		v.	estudiar
suck		v.	chupar
supports		v.	apoyar
trash		n.	basura
ugly		adj.	feo
vegas		n.	Vegas
virus		n.	virus
walker		n.	caminante
whoever		pron.	quienquiera
amounts		n.	cantidad
anthony		n.	Anthony
arthur		n.	Arthur
aspect		n.	aspecto
banned		v.	prohibir
boost		v.	aumentar
bureau		n.	oficina
colonel		n.	coronel
comfort		n.	comodidad
controls		v.	controlar
cousin		n.	primo
crack		v.	agrietarse
deck		n.	cubierta
demands		n.	exigencia
dies		v.	morir
dragon		n.	dragón
dramatic		adj.	dramático
dust		n.	polvo
dutch		adj.	holandés
engineers		n.	ingeniero
evolution		n.	evolución
foods		n.	alimento
hired		v.	contratar
illness		n.	enfermedad
inspiration		n.	inspiración
institution		n.	institución
kings		n.	rey
knife		n.	cuchillo
lately		adv.	últimamente
lowest		adj.	el más bajo
memorial		n.	monumento
memorial		adj.	conmemorativo
mexican		adj.	mexicano
minority		n.	minoría
mum		n.	mamá
opinions		n.	opinión
patterns		n.	patrón
presents		n.	regalo
presents		v.	presentar
priority		n.	prioridad
promotion		n.	ascenso
promotion		n.	promoción
rail		n.	rail
readers		n.	lector
remote		adj.	remoto
remote		n.	mando
repair		v.	reparar
repair		n.	reparación
root		n.	raíz
saint		n.	santo
steal		v.	robar
stolen		v.	robar
telephone		n.	teléfono
tho		conj.	aunque
titles		n.	título
trans		adj.	trans
ups		n.	altibajos
whereas		conj.	mientras que
abandoned		adj.	abandonado
acquired		v.	adquirir
actors		n.	actor
alexander		n.	Alejandro
alliance		n.	alianza
annoying		adj.	molesto
bid		n.	puja
bid		v.	pujar
bro		n.	hermano
buddy		n.	amigo
buried		v.	enterrar
butter		n.	mantequilla
cares		v.	importar
columbia		n.	Colombia
conclusion		n.	conclusión
confirm		v.	confirmar
congratulations		int.	felicidades
contracts		n.	contrato
convinced		adj.	convencido
crap		n.	mierda
crystal		n.	cristal
dean		n.	decano
decent		adj.	decente
decline		v.	disminuir
decline		v.	rechazar
delay		v.	retrasar
delay		n.	retraso
describes		v.	describir
desert		n.	desierto
downtown		n.	centro
earlyaccess		n.	acceso anticipado
elite		n.	élite
enemies		n.	enemigo
facebook		n.	Facebook
forgotten		v.	olvidar
forth		adv.	adelante
gods		n.	dios
hire		v.	contratar
hop		v.	saltar
hopes		n.	esperanza
insane		adj.	loco
installed		v.	instalar
israeli		adj.	israelí
landing		n.	aterrizaje
layer		n.	capa
managing		v.	gestionar
marry		v.	casarse
nowhere		adv.	en ninguna parte
nurse		n.	infermera
obtain		v.	obtener
organic		adj.	orgánico
ownership		n.	propiedad
participants		n.	participante
pennsylvania		n.	Pensilvania
poetry		n.	poesía
pot		n.	olla
pray		v.	rogar
printed		v.	imprimir
recall		v.	recordar
recall		v.	retirar
rugby		n.	rugby
sanfrancisco		n.	San Francisco
sheet		n.	sábana
signing		v.	firmar
smooth		adj.	liso
spiritual		adj.	espiritual
stops		v.	parar
string		n.	cadena
sudden		adj.	repentino
sweden		n.	Suecia
syria		n.	Siria
throwing		v.	lanzar
thrown		v.	lanzar
vacation		n.	vacaciones
abroad		adv.	en el extranjero
arab		adj.	árabe
assigned		v.	asignar
associate		v.	asociar
assumed		v.	suponer
atlantic		n.	Atlántico
bench		n.	banco
bother		v.	molestar
broadcast		v.	transmitir
bye		int.	adiós
cambridge		n.	Cambridge
citizen		n.	ciudadano
cleaning		n.	limpieza
compete		v.	competir
consists		v.	consistir
consumers		n.	consumidor
contributed		v.	contribuir
cricket		n.	críquet
critics		n.	crítico
damaged		v.	dañar
disaster		n.	desastre
discover		v.	descubrir
disney		n.	Disney
entrance		n.	entrada
entrance		v.	encantar
equally		adv.	igualmente
fallen		v.	caer
fallen		adj.	caído
figured		v.	considerar
fitness		n.	forma
francis		n.	Francis
friendship		n.	amistad
gary		n.	Gary
handling		n.	manejo
idiot		n.	idiota
intense		adj.	intenso
keys		n.	llava
lawyers		n.	abogado
lifetime		n.	vida
liquid		n.	líquido
liquid		adj.	líquido
makeup		n.	maquillaje
medal		n.	medalla
mortgage		n.	hipoteca
narrative		n.	narración
narrow		adj.	estrecho
nba		n.	NBA
observed		v.	observar
occasionally		adv.	ocasionalmente
pan		n.	sartén
physics		n.	física
posting		n.	publicación
potentially		adv.	potencialmente
reduction		n.	reducción
reflect		v.	reflejar
reflect		v.	reflexionar
refuse		v.	rechazar
researchers		n.	investigador
resource		n.	recurso
roger		n.	Roger
roger		int.	Recibido
ross		n.	Ross
sciences		n.	ciencia
seattle		n.	Seattle
serves		v.	servir
silly		adj.	tonto
subsequent		adj.	posterior
towns		n.	pueblo
translation		n.	traducción
visible		adj.	visible
yep		int.	sí
adds		v.	añadir
ain't		v.	no ser
allen		n.	Allen
amendment		n.	enmienda
angle		n.	ángulo
arizona		n.	Arizona
arrive		v.	llegar
belong		v.	pertenecer
berlin		n.	Berlín
bishop		n.	obispo
bishop		n.	alfil
channels		n.	canal
clark		n.	Clark
commonly		adv.	comúnmente
connect		v.	conectar
defensive		adj.	defensivo
designs		v.	diseñar
efficiency		n.	eficiencia
enterprise		n.	empresa
experiment		n.	experimento
experiment		v.	experimentar
females		n.	hembra
findings		n.	hallazgo
firms		n.	empresa
forum		n.	foro
gifts		n.	regalo
grass		n.	hierba
hence		adv.	por eso
increasingly		adv.	cada vez más
incredibly		adv.	increíblemente
jay		n.	arrendajo
journalist		n.	periodista
kicked		v.	patear
lessons		n.	lección
lists		n.	lista
maintained		v.	mantener
mill		n.	molino
occasion		n.	ocasión
oxford		n.	Oxford
pace		n.	ritmo
passenger		n.	pasajero
pen		n.	bolígrafo
pope		n.	papa
possession		n.	posesión
races		n.	carrera
rapid		adj.	rápido
regulation		n.	reglamento
resident		n.	residente
rocks		n.	roca
roleplayinggame		n.	juego de rol
rpg		n.	juego de rol
shaped		adj.	con forma
sixth		num.	sexto
spin		v.	girar
styles		n.	estilo
subjects		n.	tema
subjects		n.	asignatura
sucks		v.	ser malo
suitable		adj.	adecuado
thirty		num.	treinta
timemachine		n.	máquina del tiempo
valid		adj.	válido
vital		adj.	vital
whilst		conj.	mientras que
agriculture		n.	agricultura
alleged		adj.	presunto
anna		n.	Anna
atlanta		n.	Atlanta
bands		n.	banda
christians		n.	cristiano
collect		v.	recolectar
commerce		n.	comercio
cop		n.	policía
creek		n.	arroyo
currency		n.	moneda
emotions		n.	emoción
exhibition		n.	exposición
fraud		n.	fraude
funeral		n.	funeral
genuine		adj.	auténtico
gordon		n.	Gordon
honey		n.	miel
honour		n.	honor
hook		n.	gancho
hunter		n.	cazador
immigrants		n.	immigrante
improving		v.	mejorar
instructions		n.	instrucción
introduce		v.	presentar
kansas		n.	Kansas
lands		n.	tierra
legacy		n.	legado
log		n.	tronco
matthew		n.	Matthew
merely		adv.	meramente
monitor		n.	monitor
patrick		n.	Patrick
phil		n.	Phil
prisoners		n.	prisionero
programming		n.	programación
publishing		n.	publicación
ratio		n.	proporción
regret		v.	lamentar
rejected		v.	rechazar
remind		v.	recordar
resort		n.	lugar turístico
resort		v.	recurrir
resulted		v.	resultar
reverse		v.	invertir
routine		n.	rutina
scary		adj.	escario
seed		n.	semilla
settle		v.	resolver
sin		n.	pecado
spell		v.	deletrear
summary		n.	resumen
survival		n.	supervivencia
sword		n.	espada
tongue		n.	lengua
ward		n.	pabellón
waves		n.	ola
wayne		n.	Wayne
achievement		n.	logro
anderson		n.	Anderson
argued		v.	argüir
asleep		adj.	dormido
austin		n.	Austin
automatic		adj.	automático
begun		v.	empezar
behaviour		n.	comportamiento
cd		n.	CD
cents		n.	centavo
coat		n.	abrigo
comprehensive		adj.	integral
consent		n.	consentimiento
daddy		n.	papá
destruction		n.	destrucción
diego		n.	Diego
diseases		n.	enfermedad
divorce		n.	divorcio
divorce		v.	divorciarse
doc		n.	doc
drove		v.	conducir
ears		n.	oreja
engage		v.	dedicarse
extraordinary		adj.	extraordinario
fate		n.	destino
frequency		n.	frecuencia
gaming		n.	juego
gene		n.	gen
glory		n.	gloria
headquarters		n.	sede
heritage		n.	patrimonio
initiative		n.	iniciativa
interviews		n.	entrevista
interviews		v.	entrevistar
jean		n.	Jean
juice		n.	zumo
landscape		n.	paisaje
logic		n.	lógica
meets		v.	conocer
melbourne		n.	Melbourne
microsoft		n.	Microsoft
objective		n.	objetivo
objective		adj.	objetivo
organisation		n.	organización
privacy		n.	privacidad
procedures		n.	procedimiento
profits		n.	beneficio
reducing		v.	reducir
regard		v.	considerar
representing		v.	representar
residence		n.	residencia
roughly		adv.	aproximadamente
salary		n.	salario
scoring		n.	puntuación
scoring		v.	puntuar
script		n.	guion
script		n.	escritura
searching		v.	buscar
sections		n.	sección
strip		v.	quitar
strip		n.	tira
surrounded		adj.	rodeado
surrounded		v.	rodear
threatened		v.	amenazar
transferred		v.	transferir
tube		n.	tubo
tube		n.	metro
universities		n.	universidad
walter		n.	Walter
wisconsin		n.	Wisconsin
writes		v.	escribir
ambassador		n.	embajador
ann		n.	Ann
apps		n.	aplicación
awarded		v.	conceder
banking		n.	banca
breast		n.	pecho
cant		n.	jerga
cant		v.	inclinar
carter		n.	carretero
chelsea		n.	Chelsea
chemistry		n.	química
concluded		v.	concluir
consumption		n.	consumo
corruption		n.	corrupción
cotton		n.	algodón
crossed		v.	cruzar
detroit		n.	Detroit
discount		n.	descuento
dozen		num.	docena
engines		n.	motor
epic		adj.	épico
exception		n.	excepción
exit		n.	salida
exit		v.	salir
expand		v.	expandir
fancy		adj.	elegante
gorgeous		adj.	espléndido
grateful		adj.	agradecido
heroes		n.	héroe
holes		n.	agujero
impression		n.	impresión
inches		n.	pulgada
indicate		v.	indicar
input		n.	entrada
johnny		n.	Johnny
josh		v.	bromear
knock		v.	golpear
leather		n.	cuero
lips		n.	labios
luxury		n.	lujo
lyrics		n.	letra
manufacturers		n.	fabricante
masters		n.	máster
movements		n.	movimiento
operated		v.	operar
ought		v.	deber
outcome		n.	resultado
painted		v.	pintar
poll		n.	encuesta
preferred		adj.	preferido
pulling		v.	tirar
pulling		n.	tracción
ranked		v.	clasificar
referring		v.	mencionar
removal		n.	eliminación
rep		n.	representante
reporter		n.	periodista
risks		n.	riesgo
rob		v.	robar
screaming		v.	gritar
sequence		n.	secuencia
singapore		n.	Singapur
stretch		v.	estirar
tear		n.	lágrima
tear		v.	desgarrar
tennis		n.	tenis
terrorist		n.	terrorista
theater		n.	teatro
ties		n.	corbata
twelve		num.	doce
versions		n.	versión
virgin		n.	virgen
voices		n.	voz
who's		pron.	quién es
wishes		n.	deseo
wishes		v.	desear
wolf		n.	lobo
absence		n.	ausencia
agricultural		adj.	agrícola
asshole		n.	cabrón
ate		v.	comer
athletes		n.	atleta
bears		v.	soportar
bears		n.	oso
blues		n.	blues
boxes		n.	caja
bruce		n.	Bruce
bull		n.	toro
cameras		n.	cámara
commonwealth		n.	mancomunidad
contribute		v.	contribuir
contribution		n.	contribución
contributions		n.	contribución
couples		n.	pareja
delicious		adj.	delicioso
deny		v.	negar
deserves		v.	merecer
ease		n.	facilidad
ease		v.	aliviar
extend		v.	extender
fame		n.	fama
flood		n.	inundación
flood		v.	inundar
generated		v.	generar
genetic		adj.	genético
glasses		n.	gafas
impressed		v.	impresionar
indicated		v.	indicar
instant		adj.	instantáneo
instant		n.	instante
investors		n.	inversor
involves		v.	implicar
kate		n.	Kate
kills		v.	matar
liberty		n.	libertad
maria		n.	María
ministers		n.	ministro
monitoring		n.	monitoreo
occurs		v.	ocurrir
passengers		n.	pasajero
photographs		n.	fotografía
principle		n.	principio
producers		n.	productor
progressive		adj.	progresista
punishment		n.	castigo
rally		n.	mitin
rally		v.	agruparse
rapidly		adv.	rápidamente
reader		n.	lector
representation		n.	representación
restaurants		n.	restaurante
reveals		v.	revelar
roots		n.	raíz
samples		n.	muestra
shops		n.	tienda
sum		n.	suma
swing		v.	balancearse
swing		n.	columpio
tail		n.	cola
texts		n.	textos
twin		n.	mellizo
upcoming		adj.	próximo
veterans		n.	veterano
wwii		n.	Segunda Guerra Mundial
alert		adj.	alerto
alert		n.	alerta
arena		n.	arena
arguments		n.	argumento
billy		n.	Billy
boom		n.	auge
boom		v.	dispararse
boots		n.	botas
brave		adj.	valiente
claiming		v.	afirmar
column		n.	columna
commit		v.	cometer
compensation		n.	compensación
composition		n.	composición
computers		n.	ordenador
conservation		n.	conservación
constitutional		adj.	constitucional
crossing		n.	cruce
defending		v.	defender
density		n.	densidad
difficulty		n.	dificultad
dropping		v.	dejar caer
drops		n.	gotas
drops		v.	caer
elementary		adj.	elemental
ethnic		adj.	étnico
expenses		n.	gastos
fleet		n.	flota
foster		v.	fomentar
foster		adj.	de acogida
fundamental		adj.	fundamental
gen		n.	info
genius		n.	geniocio
greatly		adv.	grandemente
guidance		n.	orientación
hospitals		n.	hospitales
infection		n.	infección
intention		n.	intención
iowa		n.	Iowa
jokes		n.	bromas
knee		n.	rodilla
mechanical		adj.	mecánico
nigeria		n.	Nigeria
parks		n.	parques
parks		v.	estacionar
participation		n.	participación
periods		n.	períodos
periods		n.	puntos
precious		adj.	precioso
pregnancy		n.	embarazo
premium		n.	prima
preparing		v.	preparar
pretend		v.	fingir
priest		n.	sacerdote
prominent		adj.	eminente
proven		adj.	probado
radical		adj.	radical
remembered		v.	recordar
requested		v.	solicitar
residential		adj.	residencial
reward		n.	recompensa
rings		n.	anillo
rings		v.	sonar
robin		n.	petirrojo
russell		n.	Russell
satellite		n.	satellit
shake		v.	sacudir
shake		n.	sacudida
shore		n.	orilla
spots		n.	lugar
spots		n.	mancha
stats		n.	estadísticas
struggling		v.	luchar
substantial		adj.	considerable
teen		n.	adolescente
temperatures		n.	temperatura
transmission		n.	transmisión
trap		n.	trampa
trap		v.	atrapar
twitter		n.	Twitter
uniform		n.	uniforme
wildlife		n.	fauna silvestre
wooden		adj.	de madera
you'd		pron.	tú
aggressive		adj.	agresivo
anne		n.	Anne
answered		v.	responder
apparent		adj.	evidente
bang		n.	estallido
bang		v.	golpear
blast		n.	explosión
blast		v.	explotar
bones		n.	huesos
brands		n.	marca
centuries		n.	siglo
communist		n.	comunista
complaint		n.	queja
component		n.	componente
connections		n.	conexión
courage		n.	valentía
cure		v.	curar
cure		n.	curación
desperate		adj.	desesperado
diversity		n.	diversidad
dragonball		n.	Dragon Ball
duties		n.	deber
encouraged		v.	animar
eve		n.	víspera
faculty		n.	facultad
feedback		n.	retroalimentación
fighter		n.	luchador
frozen		adj.	congelado
guards		n.	guardia
hiding		v.	esconderse
humanity		n.	humanidad
ian		n.	Ian
innovation		n.	innovación
instruments		n.	instrumento
invest		v.	invertir
jacket		n.	chaqueta
justin		n.	Justin
legislative		adj.	legislativo
listing		n.	listado
manual		n.	manual
manual		adj.	manual
mothers		n.	madre
murdered		v.	asesinar
nursing		n.	cuidados
occupied		adj.	ocupado
ongoing		adj.	en curso
operator		n.	operador
painful		adj.	doloroso
pound		n.	libra
pound		v.	golpear
preparation		n.	preparación
punch		v.	golpear
punch		n.	golpe
purple		adj.	morado
railroad		n.	férrocarril
registration		n.	registro
releases		v.	publicar
releases		n.	lanzamiento
rick		n.	monta
romance		n.	romance
shouldn't		v.	no debería
submitted		v.	enviar
sufficient		adj.	suficiente
survived		v.	sobrevivir
suspended		v.	suspender
technologies		n.	tecnología
tissue		n.	tejido
tissue		n.	pañuelo
trailer		n.	remolque
trailer		n.	tráiler
trends		n.	tendencia
trials		n.	prueba
trials		n.	juicio
ukraine		n.	Ucrania
underground		adj.	subterráneo
underground		n.	metro
vcs		n.	sistema de control de versiones
versioncontrolsystem		n.	sistema de control de versiones
versus		prep.	contra
virtual		adj.	virtual
walks		v.	caminar
wounded		adj.	herido
ali		n.	Ali
amongst		prep.	entre
announcement		n.	anuncio
arranged		v.	organizar
arsenal		n.	arsenal
attending		v.	asistir
attracted		v.	atraer
biological		adj.	biológico
bite		v.	morder
blocked		v.	bloquear
blocked		adj.	bloqueado
boards		n.	tabla
boards		n.	consejo
burned		v.	quemar
categories		n.	categoría
checks		v.	comprobar
checks		n.	cheque
chip		n.	chip
concerning		prep.	sobre
dare		v.	atreverse
database		n.	base de datos
define		v.	definir
discrimination		n.	discriminación
disorder		n.	trastorno
distributed		v.	distribuir
districts		n.	distrito
documentary		n.	documental
domain		n.	dominio
dynamic		adj.	dinámico
edited		v.	editar
engagement		n.	participación
engagement		n.	prometimiento
explore		v.	explorar
favour		n.	favor
fewer		adj.	menos
footage		n.	metraje
giants		n.	gigante
grave		n.	tumba
grave		adj.	grave
hamilton		n.	Hamilton
implementation		n.	implementación
indiana		n.	Indiana
investigate		v.	investigar
jazz		n.	jazz
jon		n.	Jon
jonathan		n.	Jonathan
laboratory		n.	laboratorio
lawrence		n.	Lawrence
lincoln		n.	Lincoln
literary		adj.	literario
mask		n.	máscara
massachusetts		n.	Massachusetts
midnight		n.	medianoche
minnesota		n.	Minnesota
mouse		n.	ratón
oscar		n.	Oscar
packed		adj.	lleno
piano		n.	piano
praise		v.	elogiar
presentation		n.	presentación
psychology		n.	psicología
relation		n.	relación
restrictions		n.	restricción
rocket		n.	cohete
ruin		v.	arruinar
saudi		adj.	saudí
sean		n.	Sean
sec		n.	seg
secrets		n.	secreto
slave		n.	esclavo
stability		n.	estabilidad
steady		adj.	estable
stones		n.	piedra
symbol		n.	símbolo
terminal		n.	terminal
terminal		n.	tienda
toilet		n.	inodoro
treaty		n.	tratado
triple		adj.	triple
unlikely		adj.	improbable
updates		n.	actualización
vietnam		n.	Vietnam
viewed		v.	ver
affair		n.	asunto
affair		n.	aventura
agenda		n.	orden del día
bat		n.	murciélago
bat		n.	bate
bow		n.	arco
bow		v.	inclinar
calendar		n.	calendario
cape		n.	cabo
collective		adj.	colectivo
conversations		n.	conversación
cooperation		n.	cooperación
craft		n.	artesanía
darkness		n.	oscuridad
deeper		adj.	más profundo
devil		n.	diablo
edit		v.	editar
enable		v.	activar
equity		n.	equidad
equity		n.	capital propio
estimates		v.	estimar
failing		n.	defecto
finishing		n.	acabado
fortune		n.	fortuna
fortune		n.	suerte
gates		n.	puerta
goodbye		int.	adiós
graham		n.	Graham
hardware		n.	hardware
hardware		n.	ferretería
hillary		n.	Hillary
hurts		v.	doler
intellectual		adj.	intelectual
invite		v.	invitar
involvement		n.	involucra­ción
kentucky		n.	Kentucky
madrid		n.	Madrid
nuts		n.	nueces
oregon		n.	Oregon
partly		adv.	parcialmente
petition		n.	petición
phrase		n.	frase
physically		adv.	físicamente
protecting		v.	proteger
racial		adj.	racial
rated		v.	calificar
regime		n.	régimen
rivers		n.	ríos
rounds		n.	round
ruled		v.	gobernar
sauce		n.	salsa
seal		n.	foca
seal		v.	sellar
separated		adj.	separado
shield		n.	escudo
similarly		adv.	similarmente
slide		v.	deslizar
stem		n.	tallo
summit		n.	cumbre
talented		adj.	con talento
throat		n.	garganta
tiger		n.	tigre
touched		v.	tocar
toy		n.	juguete
visits		v.	visitar
warriors		n.	guerrero
wisdom		n.	sabiduría
accounting		n.	contabilidad
alien		n.	extraterrestre
attacking		v.	atacar
awkward		adj.	incómodo
beast		n.	bestia
beef		n.	carne de res
candy		n.	caramelo
carrier		n.	transportista
carrier		n.	aerolínea
celebration		n.	celebración
celebrity		n.	famoso
certificate		n.	certificado
cited		v.	citar
clay		n.	barro
coaching		n.	entrenamiento
colleagues		n.	colega
constructed		v.	construir
dated		adj.	anticuado
default		n.	predeterminado
delhi		n.	Delhi
derived		v.	derivar
dialogue		n.	diálogo
disabled		adj.	discapacitado
distinct		adj.	distinto
drag		v.	arrastrar
educated		adj.	educado
eligible		adj.	elegible
estimate		v.	estimar
execution		n.	ejecución
existed		v.	existir
fifty		num.	cincuenta
followers		n.	seguidor
fool		n.	tonto
framework		n.	marco
franchise		n.	franchise
funded		v.	financiar
furniture		n.	mueble
generations		n.	generación
googleplay		n.	Google Play
guaranteed		v.	garantizar
integrated		adj.	integrado
intelligent		adj.	inteligente
interaction		n.	interacción
jet		n.	avión a reacción
journalists		n.	periodista
lifestyle		n.	estilo de vida
lighting		n.	iluminación
lisa		n.	Lisa
loop		n.	bucle
mall		n.	centro comercial
newdelhi		n.	Nueva Delhi
overseas		adj.	de ultramar
performances		n.	actuación
philippines		n.	Filipinas
polish		v.	pulir
polish		adj.	polaco
recommendations		n.	recomendación
recover		v.	recuperarse
regarded		v.	considerar
relax		v.	relajarse
reliable		adj.	fiable
rely		v.	p Depender
remarkable		adj.	extraordinario
responses		n.	respuesta
ruling		n.	fallo
sacrifice		n.	sacrificio
sole		adj.	único
stopping		v.	parar
strategies		n.	estrategia
succeed		v.	triunfar
succeed		v.	succeder
tables		n.	mesa
tables		n.	tabla
tale		n.	cuento
targets		n.	objetivo
targets		v.	dirigir
timing		n.	momento
ton		n.	tonna
volunteers		n.	voluntario
witnesses		n.	testigo
witnesses		v.	presenciar
wore		v.	llevar
worship		v.	adorar
worship		n.	culto
worthy		adj.	digno
acted		v.	actuar
alarm		n.	alarma
bass		n.	bajo
bloody		adj.	sangriento
breathing		n.	respiración
butt		n.	culo
characteristics		n.	característica
cnn		n.	CNN
collaboration		n.	colaboración
con		prep.	con
consideration		n.	consideración
counts		v.	contar
counts		n.	recuento
creates		v.	crear
crucial		adj.	crucial
daughters		n.	hija
dependent		adj.	dependiente
discussions		n.	discusión
drives		n.	unidad
drives		v.	conducir
dual		adj.	doble
edinburgh		n.	Edimburgo
equipped		adj.	equipado
expanded		v.	ampliar
experimental		adj.	experimental
feeding		n.	alimentación
filter		n.	filtro
galaxy		n.	galaxia
globe		n.	globo
grades		n.	calificación
grades		n.	grado
greece		n.	Grecia
gulf		n.	golfo
highlights		n.	aspectos destacados
hoped		v.	esperar
intent		n.	intención
involve		v.	implicar
judgment		n.	juicio
kennedy		n.	Kennedy
knight		n.	caballero
larry		n.	Larry
logo		n.	logotipo
malaysia		n.	Malasia
mature		adj.	maduro
moore		n.	Moore
nazi		n.	nazi
netherlands		n.	Países Bajos
odds		n.	probabilidades
peaceful		adj.	pacífico
philip		n.	Felipe
photographer		n.	fotógrafo
pin		n.	alfiler
pin		v.	fijar
prevention		n.	prevención
printing		v.	imprimir
promoting		v.	promover
publicly		adv.	públicamente
pump		n.	bomba
pump		v.	bombe
repeated		adj.	repetido
replied		v.	responder
requests		n.	solicitud
requests		v.	solicitar
revenge		n.	venganza
satisfied		adj.	satisfecho
seeds		n.	semilla
signals		n.	señal
signals		v.	señalar
slip		v.	resbalar
spaces		n.	espacio
spaces		v.	espaciar
spare		adj.	de reserva
spare		v.	ahorrar
specialist		n.	especialista
stocks		n.	acciones
stranger		n.	extraño
submit		v.	enviar
surprising		adj.	sorprendente
tap		v.	golpear
tap		n.	grifo
thompson		n.	Thompson
threats		n.	amenaza
tourism		n.	turismo
turkish		adj.	turco
volunteer		n.	voluntario
volunteer		v.	voluntariarse
acceptable		adj.	aceptable
allies		n.	aliados
attempting		v.	intentar
auction		n.	subasta
bonds		n.	bonos
bonds		n.	lazos
challenging		adj.	desafiante
chaos		n.	caos
churches		n.	iglesias
cleveland		n.	Cleveland
composed		adj.	sereno
composed		v.	componer
concentration		n.	concentración
copper		n.	cobre
corp		n.	corporación
corps		n.	cuerpo
counting		v.	contar
credits		n.	créditos
credits		n.	mérito
dawn		n.	amanecer
dispute		n.	disputa
earnings		n.	ganancias
editing		v.	edición
executed		v.	ejecutar
firing		v.	despedir
firing		v.	disparar
fits		v.	ajustar
fits		n.	ataque
frequent		adj.	frecuente
gardens		n.	jardines
gathered		v.	reunir
hilarious		adj.	irónico
huh		int.	ej
ignored		v.	ignorar
improvements		n.	mejoras
investments		n.	inversiones
isis		n.	Estado Islámico
isis		n.	Isis
margin		n.	margen
mars		n.	Marte
maryland		n.	Maryland
mechanism		n.	mecanismo
moderate		adj.	moderado
murray		n.	Murray
oklahoma		n.	Oklahoma
opera		n.	ópera
overcome		v.	superar
parallel		adj.	paralelo
passage		n.	pasaje
pit		n.	foso
psychological		adj.	psicológico
publications		n.	publicación
quest		n.	búsqueda
radiation		n.	radiación
shocked		v.	conmovido
sized		adj.	de tamaño
stroke		n.	ictus
stunning		adj.	impresionante
tanks		n.	depósito
tokyo		n.	Tokio
topics		n.	tema
trains		n.	tren
traveling		v.	viajar
treating		v.	tratar
tune		n.	melodía
utility		n.	utilidad
vessel		n.	buque
weed		n.	mala hierba
wherever		conj.	dondequiera
acquisition		n.	adquisición
addressed		v.	abordar
alabama		n.	Alabama
alice		n.	Alice
angels		n.	ángel
anime		n.	animación
announce		v.	anunciar
autumn		n.	otoño
backed		v.	apoyar
barry		n.	Barry
bold		adj.	negrita
borders		n.	frontera
breathe		v.	respirar
cameron		n.	Cameron
choosing		v.	elegir
classical		adj.	clásico
classified		adj.	clasificado
clip		n.	clip
coaches		n.	entrenador
coins		n.	moneda
concepts		n.	concepto
conspiracy		n.	conspiración
controversy		n.	controversia
convince		v.	convencer
cooper		n.	Cooper
disappeared		v.	desaparecer
encounter		v.	encontrar
equality		n.	igualdad
exam		n.	examen
examination		n.	examen
fails		v.	fracasar
federation		n.	federación
fiscal		adj.	fiscal
guardian		n.	tutor
homeless		adj.	sin hogar
instrument		n.	instrument
intervention		n.	intervención
jerry		n.	Jerry
lover		n.	amante
mainstream		n.	corriente principal
menu		n.	menú
missouri		n.	Missouri
mounted		v.	montar
mounted		adj.	montado
mutual		adj.	mutuo
nope		int.	no
occasions		n.	ocasión
offense		n.	ofensa
offense		n.	delito
oral		adj.	oral
panic		n.	pánico
pays		v.	pagar
peoples		n.	pueblo
pursue		v.	perseguir
realise		v.	darse cuenta
realise		v.	llevar a cabo
refugees		n.	refugiado
removing		v.	quitar
requirement		n.	requisito
responded		v.	responder
rip		v.	rasgar
ruined		adj.	arruinado
ruined		v.	arruinar
sandiego		n.	San Diego
scope		n.	alcance
scope		n.	telescopio
segment		n.	segmento
spectrum		n.	espectro
stays		v.	quedarse
ted		n.	Ted
terror		n.	terror
they've		pron.	ellos han
venture		n.	empresa arriesgada
virtually		adv.	virtualmente
waited		v.	esperar
warren		n.	Warren
worn		adj.	gastado
yea		int.	sí
accompanied		v.	acompañar
adams		n.	Adams
aids		n.	sida
aimed		v.	apuntar
alpha		n.	alfa
appleone		n.	AppleOne
approaches		v.	acercarse
approaches		n.	enfoque
arguing		v.	discutir
arrangement		n.	arreglo
arrangement		n.	disposición
beliefs		n.	creencia
boats		n.	baro
boundaries		n.	límite
brick		n.	ladrillo
brooklyn		n.	Brooklyn
colleges		n.	collegio
considerable		adj.	considerable
conventional		adj.	convencional
danny		n.	Danny
designated		v.	designar
dvd		n.	DVD
emperor		n.	emperador
employers		n.	empleador
enormous		adj.	enorme
errors		n.	error
focusing		v.	enfocar
forgive		v.	perdonar
gains		n.	ganancia
garage		n.	garage
gathering		n.	reunión
guidelines		n.	directriz
handled		v.	manejar
hosted		v.	organizar
indians		n.	indio
indonesia		n.	Indonesia
inquiry		n.	consulta
inspector		n.	inspector
jumped		v.	saltar
khan		n.	khan
lion		n.	león
loaded		v.	cargar
lonely		adj.	solo
maintaining		v.	mantener
measured		adj.	medido
measured		v.	medir
mercy		n.	misericordia
nevertheless		adv.	sin embargo
newspapers		n.	periódico
outer		adj.	exterior
oxygen		n.	oxígenо
pipe		n.	tubería
pissed		adj.	enfadado
poem		n.	poema
powder		n.	polvo
powered		v.	impulsar
promises		n.	promesa
quotes		n.	cita
racism		n.	racismo
ratings		n.	audiencia
reads		v.	leer
recovered		v.	recuperarse
refers		v.	mencionar
roy		n.	Roy
rude		adj.	grosero
screw		n.	tornillo
seventh		num.	séptimo
shelter		n.	refugio
signature		n.	firma
sooner		adv.	antes
spider		n.	araña
stewart		n.	Stewart
strikes		v.	golpear
suggesting		v.	sugerir
suits		n.	traje
toys		n.	juguete
tracking		n.	seguimiento
tribute		n.	tributo
trigger		n.	gatillo
trigger		v.	desencadenar
vary		v.	variar
venue		n.	lugar
wages		n.	salario
wells		n.	pozo
wheels		n.	rueda
abortion		n.	aborto
accuracy		n.	exactitud
albert		n.	Albert
applying		v.	solicitar
artificial		adj.	artificial
belongs		v.	pertenecer
beneath		prep.	bajo
bullet		n.	bala
burns		v.	quemar
carl		n.	Carl
celebrated		adj.	célebre
consistently		adv.	constantemente
conversion		n.	conversión
copyright		n.	derechos de autor
counties		n.	condado
democrat		n.	demócrata
deposit		n.	depósito
deposit		v.	depositar
destination		n.	destino
dirt		n.	tierra
diverse		adj.	diverso
divine		adj.	divino
emails		n.	correo electrónico
exclusively		adv.	exclusivamente
export		v.	exportar
fastest		adj.	el más rápido
formerly		adv.	antiguamente
functional		adj.	funcional
gather		v.	reunir
grandfather		n.	abuelo
habit		n.	hábito
harvard		n.	Harvard
indicates		v.	indicar
isolated		adj.	aislado
jealous		adj.	celoso
knocked		v.	golpear
landed		v.	aterrizar
laughed		v.	reír
laura		n.	Laura
lazy		adj.	perezoso
marshall		n.	Marshall
mitchell		n.	Mitchell
modified		v.	modificar
municipal		adj.	municipal
naval		adj.	naval
neighbors		n.	vecino
nelson		n.	Nelson
neutral		adj.	neutral
noble		adj.	noble
oldest		adj.	el más antiguo
pat		v.	dar palmadas
picks		v.	elegir
poland		n.	Polonia
popularity		n.	popularidad
professionals		n.	profesional
pussy		n.	coño
reactions		n.	reacción
relate		v.	relacionar
robot		n.	robot
sacred		adj.	sagrado
securities		n.	valores
shoe		n.	zapato
speakers		n.	altavoz
spider-man		n.	Spider-Man
springs		n.	resorte
spy		n.	espía
steven		n.	Steven
suggestions		n.	sugerencia
supplied		v.	suministrar
susan		n.	Susan
suspension		n.	suspensión
terrorism		n.	terrorismo
terry		n.	Terry
toxic		adj.	tóxico
treasury		n.	tesorería
tunnel		n.	túnel
unions		n.	sindicato
upgrade		v.	actualizar
warrant		n.	orden
wider		adj.	más ancho
wound		n.	herida
aaron		n.	Aaron
actively		adv.	activamente
afghanistan		n.	Afganistán
ai		n.	IA
applies		v.	aplicar
arrangements		n.	arreglo
asset		n.	activo
assuming		conj.	suponiendo
backing		n.	apoyo
baker		n.	panadero
barcelona		n.	Barcelona
blessed		adj.	bendito
brazilian		adj.	brasileño
brush		n.	cepillo
burden		n.	carga
campbell		n.	Campbell
carries		v.	llevar
casual		adj.	informal
certified		adj.	certificado
charter		n.	carta
chef		n.	chef
civilian		n.	civil
coalition		n.	coalición
cock		n.	gallo
complain		v.	quejarse
complaints		n.	queja
controversial		adj.	controvertido
denver		n.	Denver
describing		v.	describir
differently		adv.	diferentemente
directions		n.	dirección
discipline		n.	disciplina
discussing		v.	discutir
disgusting		adj.	aspero
dj		n.	DJ
dominant		adj.	dominante
earning		v.	ganar
emma		n.	Emma
essay		n.	ensayo
expense		n.	gasto
explaining		v.	explicar
furthermore		conj.	además
graphic		adj.	gráfico
greg		n.	Greg
healing		v.	sanar
hiring		v.	contratar
hosts		n.	presentador
implemented		v.	implementar
instantly		adv.	instantáneamente
invasion		n.	invasión
jacob		n.	Jacob
jumping		v.	saltar
laptop		n.	computadora portátil
legendary		adj.	legendario
leo		n.	Leo
maker		n.	fabricante
margaret		n.	Margaret
mario		n.	Mario
opponents		n.	adversario
outdoor		adj.	de exterior
palm		n.	palma
parker		n.	Parker
photograph		n.	fotografía
pole		n.	polo
pub		n.	pub
quarters		n.	cuarto
queensland		n.	Queensland
rangers		n.	guardabosques
ranks		n.	rango
reception		n.	recepción
recipe		n.	receta
regulatory		adj.	regulador
reviewed		v.	revisar
rolls		v.	rodar
rubber		n.	goma
secured		v.	conseguir
serial		adj.	en serie
settings		n.	ajustes
shed		n.	cobertizo
snake		n.	serpiente
sponsored		adj.	patrocinado
stealing		v.	robar
strict		adj.	estricto
subsequently		adv.	después
substance		n.	sustancia
suggestion		n.	sugerencia
switzerland		n.	Suiza
syndrome		n.	síndrome
tasks		n.	tarea
trips		n.	viaje
ultra		adj.	ultra
unexpected		adj.	inesperado
usage		n.	uso
utah		n.	Utah
worlds		n.	mundo
accidentally		adv.	accidentalmente
affordable		adj.	asequible
amateur		n.	aficionado
appeals		v.	apelar
argentina		n.	Argentina
baltimore		n.	Baltimore
batman		n.	Batman
bearing		n.	rodamiento
beats		v.	vencer
bin		n.	cubo
biology		n.	biología
bobby		n.	policía
briefly		adv.	brevemente
canal		n.	canal
cancelled		v.	cancelar
charlotte		n.	Charlotte
cheaper		adj.	más barato
christopher		n.	Christopher
climb		v.	escalar
competing		adj.	competidor
completion		n.	finalización
cruise		n.	crucero
custody		n.	custodia
delete		v.	eliminar
demonstrated		v.	demostrar
departure		n.	salida
developers		n.	desarrollador
developments		n.	desarrollo
dig		v.	cavar
eagles		n.	águila
employer		n.	empleador
evans		n.	Evans
explosion		n.	explosión
fever		n.	fiebre
fluid		n.	fluido
folk		n.	pueblo
generate		v.	generar
handsome		adj.	guapo
ho		int.	ho
holidays		n.	vacaciones
hotels		n.	hotel
imagination		n.	imaginación
integration		n.	integración
integrity		n.	integridad
interpretation		n.	interpretación
leaf		n.	hoja
legitimate		adj.	legítimo
lightning		n.	relámpago
loads		n.	cargas
longest		adj.	el más largo
magical		adj.	mágico
mills		n.	molinos
motivation		n.	motivación
mtv		n.	MTV
musictelevision		n.	televisión musical
nasty		adj.	desagradable
oliver		n.	Oliver
outfit		n.	atuendo
pension		n.	pensión
permit		v.	permitir
permit		n.	permiso
perry		n.	Perry
plates		n.	platos
pleasant		adj.	agradable
portrait		n.	retrato
productive		adj.	productivo
read-onlymemory		n.	memoria de solo lectura
reminds		v.	recuerda
reserves		n.	reservas
rom		n.	ROM
ron		n.	Ron
safely		adv.	con seguridad
shirts		n.	camisas
shorter		adj.	más corto
slight		adj.	ligerо
socialist		n.	socialista
streaming		n.	streaming
sue		v.	demandar
sue		n.	Sue
targeted		adj.	dirigido
tension		n.	tensión
thailand		n.	Tailandia
theories		n.	teorías
touching		adj.	conmovedor
touching		v.	tocar
transactions		n.	transacciones
twist		v.	torcer
twist		n.	torsión
unemployment		n.	desempleo
unity		n.	unidad
useless		adj.	inútil
viewers		n.	espectadores
winds		n.	vientos
woke		adj.	woke
woke		v.	despertarse
abilities		n.	habilidades
adultvideo		n.	vídeo para adultos
advocate		v.	abogar
advocate		n.	defensor
aims		n.	objetivos
arc		n.	arco
av		n.	vídeo para adultos
backup		n.	copia de seguridad
beaten		adj.	vencido
bitter		adj.	amargo
blown		adj.	soplado
blown		v.	soplar
branches		n.	ramas
campaigns		n.	campaña
chips		n.	papas fritas
chips		n.	chip
cia		n.	CIA
clever		adj.	listo
clinic		n.	clínica
closest		adj.	lo más cercano
collections		n.	colección
continuous		adj.	continuo
converted		v.	convertir
correctly		adv.	correctamente
creator		n.	creador
creatures		n.	criatura
criteria		n.	criterio
declined		v.	rechazar
declined		v.	disminuir
detective		n.	detective
difficulties		n.	dificultad
disability		n.	discapacidad
dish		n.	plato
douglas		n.	Douglas
duck		n.	pato
egyptian		adj.	egipcio
evaluation		n.	evaluación
excess		n.	exceso
farming		n.	agricultura
fence		n.	valla
fifa		n.	FIFA
fighters		n.	luchador
flights		n.	vuelo
forcing		v.	forzar
forming		v.	formar
franklin		n.	Franklin
fred		n.	Fred
gradually		adv.	gradualmente
gravity		n.	gravedad
habits		n.	hábito
hasn't		v.	no ha
hawaii		n.	Hawái
highlight		v.	resaltar
holder		n.	titular
hood		n.	capucha
hung		v.	colgar
identical		adj.	idéntico
imperial		adj.	imperial
investigations		n.	investigación
jose		n.	José
legally		adv.	legalmente
lied		v.	mentir
listened		v.	escuchar
llm		n.	LLM
males		n.	macho
manufacturer		n.	fabricante
meters		n.	metro
nail		n.	clavo
nail		n.	uña
nasa		n.	NASA
negotiations		n.	negociación
nonsense		n.	tontería
ontario		n.	Ontario
operational		adj.	operativo
orleans		n.	Orleans
owns		v.	poseer
phoenix		n.	fénix
playoffs		n.	Playoffs
poet		n.	poeta
quoted		v.	citar
relating		v.	relacionar
repeatedly		adv.	repetidamente
robinson		n.	Robinson
rolled		v.	rodar
scientist		n.	científico
sink		n.	fregadero
sink		v.	hundir
skip		v.	saltar
slavery		n.	esclavitud
snap		v.	romper
sorts		n.	tipo
sorts		v.	clasificar
souls		n.	alma
stole		v.	robar
swedish		adj.	sueco
swim		v.	nadar
swiss		adj.	suizo
tennessee		n.	Tennessee
they'll		pron.	ellos van
transaction		n.	transacción
transformation		n.	transformación
veteran		n.	veterano
veteran		adj.	veterano
vulnerable		adj.	vulnerable
wealthy		adj.	rico
additionally		adv.	además
amy		n.	Amy
attract		v.	atraer
barbara		n.	Barbara
beta		n.	beta
blowing		v.	soplar
bored		adj.	aburrido
bronze		n.	bronce
bronze		n.	medalla de bronce
bug		n.	bicho
bug		n.	error
caring		adj.	cariñoso
catching		v.	atrapar
cave		n.	cueva
cheating		v.	hacer trampa
chronic		adj.	crónico
cleared		v.	limpiar
communicate		v.	comunicarse
convicted		v.	condenar
cultures		n.	cultura
dealt		v.	lidiar
delayed		v.	retrasar
demonstrate		v.	demostrar
demonstrate		v.	manifestarse
departments		n.	departamento
depend		v.	depender
developer		n.	desarrollador
diagnosis		n.	diagnóstico
dismissed		v.	despedir
dismissed		v.	descartar
distinguished		adj.	distinguido
dose		n.	dosis
dose		v.	dosar
eighth		num.	octavo
experiments		n.	experimento
experiments		v.	experimentar
flesh		n.	carne
flip		v.	voltear
forty		num.	cuarenta
generous		adj.	generoso
germans		n.	alemán
googletv		n.	Google TV
hated		v.	odiar
implement		v.	implementar
implement		n.	herramienta
incorporated		v.	incorporar
influenced		v.	influir
isbn		n.	ISBN
jerusalem		n.	Jerusalén
kidding		v.	bromear
laser		n.	láser
loyal		adj.	leal
marijuana		n.	marihuana
mentally		adv.	mentalmente
missions		n.	misión
missions		n.	legación
occupation		n.	ocupación
opponent		n.	adversario
paintings		n.	pintura
patch		n.	parche
patch		v.	repazar
patience		n.	paciencia
pic		n.	foto
pointing		v.	señalar
pollution		n.	contaminación
precisely		adv.	precisamente
prisoner		n.	prisionero
privilege		n.	privilegio
proposals		n.	propuesta
protests		n.	protesta
protests		v.	protestar
punk		n.	punk
radar		n.	radar
regards		n.	saludos
relatives		n.	pariente
resist		v.	resistir
solely		adv.	solamente
stepped		v.	pisar
striking		adj.	llamativo
striking		v.	golpear
terrorists		n.	terrorista
tourist		n.	turista
transit		n.	tránsito
trucks		n.	camión
trusted		v.	confiar
vessels		n.	buque
vessels		n.	vaso
villa		n.	villa
volumes		n.	volumen
websites		n.	sitio web
wireless		adj.	inalámbrico
wondered		v.	preguntarse
wrap		v.	envolver
wright		n.	artesano
yoga		n.	yoga
adopt		v.	adoptar
airlines		n.	línea aérea
alaska		n.	Alaska
albums		n.	álbum
anytime		adv.	cuando sea
applemusic		n.	Apple Music
bacteria		n.	bacteria
beings		n.	ser
beside		prep.	junto a
blade		n.	hoja
boot		n.	bota
bottles		n.	botella
bucks		n.	dólar
bulk		n.	volumen
camps		n.	campamento
cargo		n.	carga
census		n.	censo
christianity		n.	cristianismo
coastal		adj.	costero
coin		n.	moneda
colored		adj.	coloreado
commentary		n.	comentario
confusion		n.	confusión
congressional		adj.	del congreso
corn		n.	maíz
cried		v.	llorar
customs		n.	aduana
dealer		n.	concesionario
deemed		v.	considerar
destiny		n.	destino
distant		adj.	lejano
electronics		n.	electrónica
emerging		adj.	emergente
emotion		n.	emoción
emphasis		n.	énfasis
ethics		n.	ética
excitement		n.	emoción
exploration		n.	exploración
fights		n.	pelea
filling		n.	relleno
filming		v.	filmar
fomo		n.	FOMO
glasgow		n.	Glasgow
graphics		n.	gráficos
helen		n.	Helen
hi-fi		adj.	alta fidelidad
humor		n.	humor
insight		n.	perspicacia
invested		v.	invertir
jennifer		n.	Jennifer
lit		adj.	encendido
louisiana		n.	Luisiana
marie		n.	María
meals		n.	comida
mississippi		n.	Misisipi
nerve		n.	nervio
nightmare		n.	pesadilla
operators		n.	operador
os		n.	sistema operativo
overnight		adv.	durante la noche
partially		adv.	parcialmente
participating		v.	participar
pie		n.	pastel
platforms		n.	plataforma
populations		n.	población
poster		n.	póster
practically		adv.	prácticamente
preserve		v.	preservar
preserve		n.	mermelada
produces		v.	producir
qualify		v.	cualificar
raid		n.	redada
ram		v.	embestir
ranging		v.	variar
ranking		n.	clasificación
receives		v.	recibir
respective		adj.	respectivo
restricted		adj.	restringido
routes		n.	ruta
samuel		n.	Samuel
sandy		n.	Sandy
scenario		n.	escenario
sheep		n.	oveja
situated		v.	situado
slaves		n.	esclavo
sony		n.	Sony
spotted		v.	avistar
spotted		adj.	moteado
spreading		v.	esparcirse
stanley		n.	Stanley
sustainable		adj.	sostenible
sustained		adj.	sostenido
taxi		n.	taxi
themes		n.	tema
threatening		v.	amenazar
tobacco		n.	tabaco
trace		n.	rastro
trace		v.	rastrear
trapped		v.	atrapar
turner		n.	Turner
uncomfortable		adj.	incómodo
wasted		adj.	desperdiciado
weakness		n.	debilidad
widespread		adj.	extendido
xbox		n.	Xbox
accepting		v.	aceptar
accessible		adj.	accesible
acknowledge		v.	reconocer
advised		v.	aconsejar
advisory		adj.	asesor
animation		n.	animación
assignment		n.	tarea
balanced		adj.	equilibrado
bare		adj.	desnudo
basement		n.	sótano
bases		n.	base
battles		n.	batalla
bias		n.	sesgo
birmingham		n.	Birmingham
bits		n.	bit
cancel		v.	cancelar
carpet		n.	alfombra
ceiling		n.	techo
cherry		n.	cereza
chill		v.	enfriar
classification		n.	clasificación
clue		n.	pista
codes		n.	código
cole		n.	col
collapse		v.	derrumbarse
collecting		v.	coleccionar
compound		n.	compuesto
compound		adj.	compuesto
conscious		adj.	consciente
consecutive		adj.	consecutivo
contents		n.	contenido
costume		n.	disfraz
craig		n.	Craig
deleted		v.	eliminado
devoted		adj.	devoto
displayed		v.	mostrado
dominated		v.	dominado
earl		n.	conde
endless		adj.	interminable
escaped		v.	escapado
examine		v.	examinar
floating		adj.	flotante
garbage		n.	basura
gospel		n.	evangelio
grain		n.	grano
grid		n.	cuadrícula
grows		v.	crecer
heating		n.	calefacción
identification		n.	identificación
knees		n.	rodilla
lap		n.	regazo
lions		n.	león
liver		n.	hígado
metro		n.	metro
metropolitan		adj.	metropolitano
mines		n.	mina
mixture		n.	mezcla
nominated		v.	nominado
oak		n.	roble
parliamentary		adj.	parlamentario
patent		n.	patente
perception		n.	percepción
physician		n.	médico
portland		n.	Portland
proceed		v.	proceder
proceedings		n.	procedimiento
pupils		n.	alumno
reserved		adj.	reservado
restore		v.	restaurar
rifle		n.	fusil
rival		n.	rival
rival		v.	rivalizar
runner		n.	corredor
runner		n.	riel
sadly		adv.	tristemente
shoulders		n.	hombro
significance		n.	significado
sits		v.	estar sentado
sizes		n.	tamaño
slept		v.	dormir
soap		n.	jabón
spray		n.	atomizador
spray		v.	rociar
stored		v.	almacenar
stressed		adj.	estresado
structural		adj.	estructural
suite		n.	suite
tropical		adj.	tropical
ukrainian		adj.	ucraniano
unnecessary		adj.	innecesario
verse		n.	verso
victor		n.	vencedor
vintage		adj.	vintage
vintage		n.	vendimia
warned		v.	advertir
watson		n.	Watson
weren't		v.	no era
acres		n.	acre
adapted		adj.	adaptado
adapted		v.	adaptarse
adoption		n.	adopción
anonymous		adj.	anónimo
antonio		n.	Antonio
applepay		n.	Apple Pay
approaching		v.	acercarse
artistic		adj.	artístico
attendance		n.	asistencia
aviation		n.	aviación
barrel		n.	barril
beds		n.	cama
beloved		adj.	amado
bless		v.	bendecir
boxing		n.	boxeo
celebrating		v.	celebrar
charging		v.	cargar
chemicals		n.	producto químico
chuck		v.	tirar
cinema		n.	cine
colonial		adj.	colonial
comics		n.	historieta
compliance		n.	cumplimiento
contrary		adj.	contrario
contrary		n.	contrario
controlling		v.	controlar
corporations		n.	corporación
couch		n.	sofá
crush		v.	aplastar
crush		n.	enamoramiento
dam		n.	presa
decrease		v.	disminuir
decrease		n.	disminución
defeated		v.	derrotar
diabetes		n.	diabetes
dressing		n.	aderezo
dressing		n.	vestirse
expanding		v.	expandir
fears		n.	miedo
fears		v.	temer
fires		n.	fuego
fires		v.	despedir
genre		n.	género
gentle		adj.	amable
grammar		n.	gramática
hiv		n.	VIH
illustrated		adj.	ilustrado
invented		v.	inventar
jake		n.	Jake
jam		n.	mermelada
jamie		n.	Jamie
jessica		n.	Jessica
keith		n.	Keith
kent		n.	Kent
layers		n.	capa
lease		n.	contrato de arrendamiento
lens		n.	lente
licensed		adj.	con licencia
loyalty		n.	lealtad
madison		n.	Madison
magnetic		adj.	magnético
metres		n.	metro
monsters		n.	monstruo
mysterious		adj.	misterioso
notion		n.	noción
partial		adj.	parcial
piss		n.	piss
placing		v.	colocar
propaganda		n.	propaganda
rat		n.	rata
reflection		n.	reflejo
reminded		v.	recordar
resolve		v.	resolver
revolutionary		adj.	revolucionario
scandal		n.	escándalo
shine		v.	brillar
simultaneously		adv.	simultáneamente
substitute		n.	sustituto
surveillance		n.	vigilancia
tactics		n.	táctica
testimony		n.	testimonio
thai		adj.	tailandés
treasure		n.	tesoro
trophy		n.	trofeo
tweet		v.	tuitear
tyler		n.	Tyler
underlying		adj.	subyacente
unfair		adj.	injusto
villages		n.	pueblo
acceptance		n.	aceptación
accidents		n.	accidente
affects		v.	afectar
annually		adv.	anualmente
apologize		v.	disculparse
appreciated		v.	apreciar
approached		v.	acercarse
arriving		v.	llegar
ash		n.	ceniza
aunt		n.	tía
benjamin		n.	Benjamín
blake		n.	Blake
bubble		n.	burbuja
bubble		v.	hacer burbujas
buyers		n.	comprador
casino		n.	casino
charts		n.	gráfico
clouds		n.	nube
connecting		v.	conectar
counsel		n.	abogado
counsel		v.	aconsejar
creature		n.	criatura
deadly		adj.	mortal
decides		v.	decidir
desired		adj.	deseado
desired		v.	desear
determination		n.	determinación
embrace		v.	abrazar
embrace		v.	aceptar
emerged		v.	surgir
exhibit		n.	exhibición
exhibit		v.	exhibir
flew		v.	volar
gentleman		n.	caballero
halloween		n.	Halloween
hammer		n.	martillo
hammer		v.	martillar
hitler		n.	Hitler
hosting		v.	organizar
hosting		n.	hospedaje
icon		n.	icono
icon		n.	ídolo
imposed		v.	imponer
indigenous		adj.	indígena
infinite		adj.	infinito
installation		n.	instalación
inter		prep.	inter
interactions		n.	interacción
introducing		v.	introducir
iranian		adj.	iraní
kicking		v.	patear
laying		v.	poner
legislature		n.	legislatura
liability		n.	responsabilidad
maine		n.	Maine
makers		n.	fabricante
manhattan		n.	Manhattan
marathon		n.	maratón
marvel		n.	maravilla
marvel		v.	maravillarse
michelle		n.	Michelle
moreover		adv.	además
neil		n.	Neil
organisations		n.	organización
ours		pron.	lo nuestro
parade		n.	desfile
parade		v.	desfilar
paradise		n.	paraíso
perceived		v.	percibir
planes		n.	avión
politician		n.	político
preliminary		adj.	preliminar
premiere		n.	estreno
presidency		n.	presidencia
reaches		v.	alcanzar
react		v.	reaccionar
realistic		adj.	realista
remarks		n.	comentario
retain		v.	retener
roberts		n.	Roberts
rocky		adj.	rocoso
russians		n.	ruso
saints		n.	santo
satisfaction		n.	satisfacción
scratch		v.	rascar
scratch		n.	arañazo
shade		n.	sombra
shade		n.	tono
sheets		n.	sábana
sheets		n.	hoja
sheriff		n.	alguacil
shy		adj.	tímido
sometime		adv.	alguna vez
spirits		n.	stímulo
spirits		n.	licor
sporting		adj.	deportivo
strictly		adv.	estrictamente
sunshine		n.	sol
teens		n.	adolescente
thou		pron.	tú
tier		n.	nivel
tommy		n.	Tommy
travelling		v.	viajar
vancouver		n.	Vancouver
vocal		adj.	vocal
vocal		adj.	franc
warrior		n.	guerrero
worries		v.	preocuparse
worries		n.	preocupación
yield		v.	ceder
yield		v.	producir
yield		n.	rendimiento
youtube		n.	YouTube
accomplished		adj.	logrado
accomplished		adj.	competente
admission		n.	admisión
admission		n.	entrada
adventures		n.	aventura
aka		adv.	también conocido como
appearing		v.	aparecer
bacon		n.	tocino
barrier		n.	barrera
belgium		n.	Bélgica
believing		v.	creer
blacks		n.	negro
bombs		n.	bomba
burst		v.	explotar
burst		n.	estallido
caps		n.	gorra
casting		n.	casting
casting		v.	fundir
cattle		n.	ganado
classroom		n.	aula
collins		n.	Collins
colours		n.	color
compromise		n.	compromiso
compromise		v.	llegar a un compromiso
convenient		adj.	conveniente
costa		n.	costa
criminals		n.	criminal
crop		n.	cultivo
crop		n.	cosecha
earthquake		n.	terremoto
elderly		adj.	mayor
eliminate		v.	eliminar
embarrassing		adj.	embarazoso
farmer		n.	agriculteur
finest		adj.	el mejor
googleearth		n.	Google Earth
googlevoice		n.	Google Voice
grants		n.	subsidio
grants		v.	otorgar
harbor		n.	puerto
harvey		n.	Harvey
hates		v.	odiar
incidents		n.	incidente
inform		v.	informar
ion		n.	ion
jeremy		n.	Jeremy
lesbian		adj.	lésbica
lovers		n.	amante
mathematics		n.	matemáticas
medication		n.	medicamento
minded		adj.	inclinado
morris		n.	Morris
norway		n.	Noruega
par		n.	par
podcast		n.	podcast
portfolio		n.	cartera
productivity		n.	productividad
promoted		v.	promover
protocol		n.	protocolo
quietly		adv.	tranquilamente
rachel		n.	Rachel
replacing		v.	reemplazar
responsibilities		n.	responsabilidad
salad		n.	ensalada
scholarship		n.	beca
screening		n.	detección
sends		v.	enviar
smiling		v.	sonreír
soup		n.	sopa
southeast		n.	sureste
stake		n.	parte
stating		v.	afirmar
strain		n.	tensión
suspected		v.	sospechar
swift		adj.	rápido
tackle		v.	atender
tigers		n.	tigre
timeline		n.	cronología
torture		n.	tortura
traded		v.	comerciar
translated		v.	traducir
tricks		n.	truco
twins		n.	gemelos
urgent		adj.	urgente
vegetables		n.	verdura
vertical		adj.	vertical
violation		n.	violación
wallet		n.	cartera
welsh		adj.	galés
workshop		n.	taller
wrapped		v.	envolver
aboard		adv.	a bordo
abstract		adj.	abstracto
accent		n.	acento
addiction		n.	adicción
associates		n.	colega
awake		adj.	despierto
beam		n.	viga
beans		n.	judías
binding		n.	encuadernación
blank		adj.	en blanco
buffalo		n.	búfalo
commons		n.	bienes comunales
conservatives		n.	conservadores
contacts		n.	contactos
conviction		n.	condena
corrupt		adj.	corrupto
cow		n.	vaca
curve		n.	curva
depressed		adj.	deprimido
deserved		adj.	merecido
dining		n.	comida
disorders		n.	trastornos
duration		n.	duración
eddie		n.	Eddie
emily		n.	Emily
encouraging		adj.	alentador
farms		n.	granja
fifteen		num.	quince
flows		v.	fluir
genes		n.	genes
graduated		v.	graduado
grandmother		n.	abuela
harsh		adj.	duro
heights		n.	alturas
horn		n.	cuerno
hurry		v.	apresurarse
immune		adj.	inmune
inflation		n.	inflación
ingredients		n.	ingredientes
inspection		n.	inspección
install		v.	instalar
instruction		n.	instrucción
intensity		n.	intensidad
inventory		n.	inventario
investigated		v.	investigado
invitation		n.	invitación
judicial		adj.	judicial
justify		v.	justificar
lakes		n.	lagos
lean		v.	inclinarse
lecture		n.	conferencia
libraries		n.	bibliotecas
logical		adj.	lógico
mason		n.	albañil
meaningful		adj.	significativo
migration		n.	migración
missile		n.	misil
motivated		adj.	motivado
muscles		n.	músculos
nancy		n.	Nancy
norman		n.	Norman
northwest		n.	noroeste
nurses		n.	enfermeras
organ		n.	órgano
patrol		n.	patrulla
patrol		v.	patrullar
pearl		n.	perla
peer		n.	igual
peer		v.	mirar fijamente
pepper		n.	pimienta
pig		n.	cerdo
pile		n.	pila
plug		n.	enchufe
plug		v.	enchufar
provision		n.	provisión
provision		n.	disposición
releasing		v.	liberar
requiring		v.	exigir
revised		adj.	revisado
revised		v.	revisar
rod		n.	varilla
scream		v.	chillar
scream		n.	grito
stairs		n.	escalera
staring		v.	mirar fijamente
statistical		adj.	estadístico
sticks		n.	palo
sticks		v.	pegar
strangers		n.	desconocido
succeeded		v.	tener éxito
sweat		n.	sudor
sweat		v.	sudar
switched		v.	cambiar
syrian		adj.	sirio
tattoo		n.	tatuaje
tattoo		v.	tatuar
teenage		adj.	adolescente
thunder		n.	trueno
tours		n.	gira
tours		v.	hacer un viaje
tragedy		n.	tragedia
trauma		n.	trauma
vincent		n.	Vincente
wrestling		n.	lucha
zoo		n.	zoológico
accordance		n.	acuerdo
acquire		v.	adquirir
activist		n.	activista
activists		n.	activista
addresses		n.	dirección
addresses		v.	abordar
alike		adj.	parecido
alike		adv.	igualmente
appletv		n.	Apple TV
applicable		adj.	aplicable
appstore		n.	App Store
arrow		n.	flecha
availability		n.	disponibilidad
bend		v.	doblar
boundary		n.	límite
breach		n.	violación
breach		v.	violar
cabin		n.	cabaña
cabin		n.	cabina
cage		n.	cage
chancellor		n.	canciller
cheers		int.	salud
circles		n.	círculo
circles		v.	circular
closet		n.	armario
combine		v.	combinar
companion		n.	compañero
comparing		v.	comparar
consciousness		n.	conciencia
consultant		n.	consultor
controller		n.	controlador
controller		n.	gestor
corresponding		adj.	correspondiente
courtesy		n.	cortesía
cuba		n.	Cuba
damages		n.	indemnización
demanding		adj.	exigente
disc		n.	DISCO
dishes		n.	platos
dozens		num.	docenas
eagle		n.	águila
eaten		v.	comer
embassy		n.	embajada
engaging		adj.	atractivo
fascinating		adj.	fascinante
financing		n.	financiación
fitted		adj.	instalado
flexible		adj.	flexible
gaining		v.	ganar
gentlemen		n.	caballeros
goodness		n.	bondad
guilt		n.	culpa
haven		n.	refugio
helicopter		n.	helicóptero
homework		n.	deberes
households		n.	hogares
infected		adj.	infectado
keen		adj.	entusiasta
kenya		n.	Kenia
lesser		adj.	menor
liberals		n.	liberales
lip		n.	labio
mandatory		adj.	obligatorio
manufactured		v.	fabricado
mechanics		n.	mecánica
mere		adj.	mero
miracle		n.	milagro
mud		n.	lodo
murphy		n.	Murphy
nathan		n.	Nathan
observation		n.	observación
operates		v.	operar
owe		v.	deber
permitted		v.	permitido
phenomenon		n.	fenómeno
pittsburgh		n.	Pittsburgh
playoff		n.	playoff
precise		adj.	preciso
profession		n.	profesión
prospect		n.	perspectiva
protective		adj.	protector
providers		n.	proveedores
publisher		n.	editorial
putin		n.	Putin
reportedly		adv.	supuestamente
retreat		n.	retirada
rookie		n.	principiante
sandwich		n.	sándwich
seeks		v.	buscar
sentences		n.	oraciones
separation		n.	separación
sexually		adv.	sexualmente
ski		v.	esquiar
skilled		adj.	hábil
sterling		n.	libra esterlina
sterling		adj.	excelente
stuart		n.	Stuart
surgeon		n.	cirujano
theft		n.	hurto
understands		v.	comprender
valve		n.	válvula
visa		n.	visa
washing		n.	lavado
adjacent		adj.	adyacente
agreements		n.	acuerdo
appreciation		n.	gratitud
arabia		n.	Arabia
athletic		adj.	atlético
authorized		adj.	autorizado
banner		n.	estandarte
beijing		n.	Pekín
blew		v.	soplar
blocking		v.	bloquear
brad		n.	Brad
caribbean		adj.	caribeño
charm		n.	encanto
charm		v.	encantar
chasing		v.	persiguir
climbing		v.	escalar
colony		n.	colonia
complaining		v.	quejarse
cookies		n.	galletta
cruel		adj.	cruel
curriculum		n.	plan de estudios
deadline		n.	fecha límite
deer		n.	ciervo
delta		n.	delta
demanded		v.	exigir
dive		v.	tirarse al agua
divide		v.	dividir
easter		n.	Pascua
electoral		adj.	electoral
eleven		num.	once
entity		n.	entidad
excessive		adj.	excesivo
exercises		n.	ejercicio
exercises		v.	hacer ejercicio
feminist		n.	feminista
feminist		adj.	feminista
governing		adj.	gobernante
governing		v.	gobernar
ham		n.	jamón
heal		v.	sanar
interface		n.	interfaz
ios		n.	iOS
jewelry		n.	joyería
journalism		n.	periodismo
juan		n.	Juan
julia		n.	Julia
jungle		n.	selva
linear		adj.	lineal
occasional		adj.	ocasional
oriented		adj.	orientado
pete		n.	Pete
pilots		n.	piloto
prayers		n.	oración
predicted		v.	predecir
pressed		v.	pulsar
preventing		v.	prevenir
provisions		n.	disposición
provisions		n.	provisiones
pursuit		n.	búsqueda
pursuit		n.	pasatiempo
rap		n.	rap
rap		v.	golpear
reflected		v.	reflejar
reminder		n.	recordatorio
restored		v.	restaurar
resume		v.	reanudar
resume		n.	currículum
rev		v.	acelerar
richmond		n.	Richmond
ridge		n.	cordillera
scholars		n.	erudito
sealed		v.	sellar
sounded		v.	sonar
streams		n.	arroyo
streams		n.	flujo
strongest		adj.	el más fuerte
tends		v.	tender
thu		n.	jueves
thurs		n.	jueves
traditionalchinese		n.	chino tradicional
tribe		n.	tribu
unfortunate		adj.	desafortunado
variable		n.	variable
variable		adj.	variable
victorian		adj.	victoriano
worrying		adj.	preocupante
xi		n.	xi
zones		n.	zona
ace		n.	as
adjusted		v.	ajustar
alternate		adj.	alterno
alternate		v.	alternar
arrives		v.	llegar
artwork		n.	obra de arte
ashley		n.	Ashley
athlete		n.	atleta
attraction		n.	atracción
babe		n.	cariño
bankruptcy		n.	quiebra
canon		n.	Canon
canon		n.	canon
capabilities		n.	capacidad
cared		v.	importar
catherine		n.	Catherine
chains		n.	cadena
closure		n.	cierre
cognitive		adj.	cognitivo
competitors		n.	competidor
connecticut		n.	Connecticut
convert		v.	convertir
cooked		v.	cocinar
cups		n.	taza
deciding		v.	decidir
defender		n.	defensor
dental		adj.	dental
diplomatic		adj.	diplomático
divisions		n.	división
drum		n.	tambor
editorial		n.	editorial
editorial		adj.	editorial
enabled		v.	habilitar
entertaining		adj.	divertido
entertaining		v.	entretener
establishing		v.	establecer
eternal		adj.	eterno
freeze		v.	congelar
freeze		n.	helada
generic		adj.	genérico
grandma		n.	abuela
grip		v.	agarrar
grip		n.	agarre
handful		n.	puñado
happily		adv.	felizmente
harmony		n.	armonía
hmm		int.	hmm
humble		adj.	humilde
hurting		v.	doler
hybrid		n.	híbrido
hybrid		adj.	híbrido
intentions		n.	intención
investing		v.	invertir
keyboard		n.	teclado
lasting		adj.	duradero
locally		adv.	localmente
loses		v.	perder
mild		adj.	suave
minimal		adj.	mínimo
mixing		v.	mezclar
molecular		adj.	molecular
nearest		adj.	más cercano
neighbor		n.	vecino
noon		n.	mediodía
nowadays		adv.	hoy en día
openly		adv.	abiertamente
overview		n.	visión general
paas		n.	PaaS
pairs		n.	pareja
palestinian		adj.	palestino
parish		n.	parroquia
pathetic		adj.	pathético
poems		n.	poema
possibilities		n.	posibilidad
potato		n.	patata
potter		n.	alfarero
preference		n.	preferencia
promising		adj.	prometedor
proportion		n.	proporción
purchases		n.	compra
rage		n.	furia
reflects		v.	reflejar
respected		adj.	respetado
restoration		n.	restauración
selfish		adj.	egoísta
sergeant		n.	sargento
silk		n.	seda
stamp		n.	sello
stamp		v.	sellar
throne		n.	trono
urge		v.	instar
urge		n.	impulso
voter		n.	elector
warner		n.	advertidor
wasting		v.	desperdiciar
witch		n.	bruja
advantages		n.	ventaja
ally		n.	aliado
archives		n.	archivo
array		n.	array
assisted		adj.	asistido
backs		n.	espalda
belly		n.	vientre
booth		n.	puesto
breakdown		n.	avería
bridges		n.	puente
brutal		adj.	brutal
calculated		adj.	calculado
cam		n.	leva
centres		n.	centros
cfo		n.	director financiero
chapters		n.	capítulos
chieftechnologyofficer		n.	director de tecnología
citizenship		n.	ciudadanía
civilians		n.	civiles
cliff		n.	acantilado
conflicts		n.	conflictos
consensus		n.	consenso
cto		n.	director de tecnología
cycling		n.	ciclismo
declaration		n.	declaración
dennis		n.	Dennis
derby		n.	derby
distinction		n.	distinción
donations		n.	donaciones
dragons		n.	dragones
draws		v.	dibujar
examined		v.	examinó
facial		adj.	facial
faithful		adj.	fiel
fatal		adj.	fatal
fig		n.	higo
fitting		n.	ajuste
genuinely		adv.	genuinamente
hardest		adj.	el más duro
holland		n.	Holanda
honored		adj.	honrado
hunger		n.	hambre
hurricane		n.	huracán
implications		n.	implicaciones
import		v.	importar
innovative		adj.	innovador
jurisdiction		n.	jurisdicción
laughter		n.	risa
lemon		n.	limón
lifted		v.	levantó
loading		n.	carga
lung		n.	pulmón
matching		adj.	coincidente
mighty		adj.	poderoso
monetary		adj.	monetario
novels		n.	novelas
nutrition		n.	nutrición
ore		n.	mineral
outcomes		n.	resultados
pine		n.	pino
polls		n.	encuestas
poorly		adv.	mal
portugal		n.	Portugal
pose		v.	posar
pose		n.	pose
pour		v.	verter
proteins		n.	proteína
provider		n.	proveedor
publish		v.	publicar
purely		adv.	puramente
ralph		n.	Ralph
rental		n.	alquiler
resolved		v.	resolver
rewards		n.	recompensa
sang		v.	cantar
seemingly		adv.	puramente
senators		n.	senador
severely		adv.	puramente
shark		n.	tiburón
shocking		adj.	impresionante
southwest		n.	suroeste
studios		n.	estudio
survivors		n.	superviviente
tales		n.	cuento
technically		adv.	técnicamente
titled		v.	intitular
traditions		n.	tradición
unlimited		adj.	ilimitado
washed		v.	lavar
watches		n.	reloj
watches		v.	observar
advise		v.	aconsejar
anxious		adj.	ansioso
appearances		n.	apariencia
bee		n.	abeja
bombing		n.	bombardeo
cafe		n.	café
carlos		n.	Carlos
challenged		v.	desafiar
cigarettes		n.	cigarrillo
colin		n.	Colin
consisting		v.	consistir
cult		n.	culto
dairy		n.	lácteo
dakota		n.	Dakota
darling		n.	cariño
delighted		adj.	encantado
delivering		v.	entregar
destroying		v.	destruir
diary		n.	diario
disagree		v.	estar en desacuerdo
disappear		v.	desaparecer
drill		n.	taladro
earliest		adj.	más temprano
edges		n.	borde
entries		n.	entrada
euro		n.	euro
evolved		v.	evolucionar
exports		n.	exportación
fixing		v.	reparar
flags		n.	bandera
flies		v.	volar
flies		n.	mosca
forecast		n.	pronóstico
governance		n.	gobernanza
heated		adj.	calentado
heated		adj.	acalorado
hug		v.	abrazar
hug		n.	abrazo
importantly		adv.	importantemente
indicating		v.	indicar
indoor		adj.	de interior
influential		adj.	influyente
intend		v.	tener la intención of
intend		v.	querer
invisible		adj.	invisible
jeans		n.	vaqueros
jets		n.	avión a reacción
jets		n.	chorro
julie		n.	Julie
karen		n.	Karen
lasted		v.	durar
lawsuit		n.	demanda
leak		v.	filtrarse
leak		n.	fuga
lighter		n.	mechero
lighter		adj.	más ligero
lucas		n.	Lucas
marcus		n.	Marcos
mentions		v.	mencionar
meter		n.	metro
meter		n.	medidor
mice		n.	ratón
musicians		n.	músico
olive		n.	aceituna
passionate		adj.	apasionado
potatoes		n.	patata
prevented		v.	evitar
receiver		n.	receptor
receiver		n.	auricular
recommendation		n.	recomendación
riot		n.	disturbio
rogers		n.	Rogers
roster		n.	lista
safer		adj.	más seguro
sells		v.	vender
sentenced		v.	condenar
servant		n.	sirviente
setup		n.	configuración
setup		n.	instalación
skull		n.	cráneo
slot		n.	ranura
slot		n.	franja
smash		v.	romper
smash		v.	machucar
statue		n.	estatua
surprisingly		adv.	sorprendentemente
surrender		v.	rendirse
surrender		v.	renunciar
suspicious		adj.	sospechoso
teenager		n.	adolescente
tender		adj.	tierno
tender		n.	licitación
thoroughly		adv.	a fondo
todd		n.	Todd
treatments		n.	tratamiento
vacuum		n.	vacío
vacuum		n.	aspiradora
variations		n.	variación
wed		v.	casar
wont		adj.	acostumbrado
acknowledged		v.	reconocer
advances		n.	avance
advances		v.	avanzar
agrees		v.	estar de acuerdo
agrees		v.	coincidir
allegations		n.	alegación
anticipated		v.	anticipar
applecard		n.	Apple Card
approve		v.	aprobear
architect		n.	arquitecto
basin		n.	vaso
beneficial		adj.	beneficioso
bleeding		n.	sangrado
bleeding		v.	sangrar
breed		v.	crusar
breed		n.	raza
breeding		n.	crianza
bride		n.	novia
broadway		n.	Broadway
bros		n.	hermanos
bud		n.	brote
butler		n.	mayordomo
careers		n.	carrera
cartoon		n.	dibujos animados
celebrities		n.	famosos
chick		n.	pollito
coke		n.	cola
coke		n.	coque
comparable		adj.	comparable
confirmation		n.	confirmación
console		n.	consola
console		v.	consolar
contractor		n.	contratista
contributing		v.	contribuir
diameter		n.	diámetro
dubai		n.	Dubái
dublin		n.	Dublín
dump		v.	tirar
dump		n.	vertedero
duo		n.	duo
dynamics		n.	dinámica
elephant		n.	elefante
enhanced		adj.	mejorado
essays		n.	ensayo
exhausted		adj.	agotado
fabric		n.	tejido
fabulous		adj.	fabuloso
fairy		n.	hada
fathers		n.	padre
focuses		n.	foco
fold		v.	doblar
freak		n.	raro
frustrated		adj.	frustrado
gambling		n.	juego
gently		adv.	suavemente
glorious		adj.	glorioso
grief		n.	dolor
harrison		n.	Harrison
historically		adv.	históricamente
hub		n.	centro
hughes		n.	Hughes
inevitable		adj.	inevitable
investigating		v.	investigar
it'll		v.	ir a
labels		n.	etiqueta
lacking		adj.	faltante
laughs		n.	risa
layout		n.	diseño
lined		adj.	en fila
lodge		n.	cabaña
lords		n.	señor
merchant		n.	comerciante
merit		n.	mérito
micro		n.	micro
myth		n.	mito
nintendo		n.	Nintendo
objectives		n.	objetivo
obsessed		adj.	obsesionado
organised		adj.	organizado
overwhelming		adj.	arrollador
pale		adj.	pálido
particles		n.	partícula
pastor		n.	pastor
penalties		n.	penalización
permanently		adv.	permanentemente
pets		n.	mascota
pockets		n.	bolsillo
poison		n.	veneno
predict		v.	predecir
presenting		v.	presentar
presidents		n.	presidente
pressing		adj.	urgente
prints		n.	impresión
provincial		adj.	provincial
raped		v.	violar
realised		v.	darse cuenta
rebel		n.	rebelde
repairs		n.	reparación
rotation		n.	rotación
separately		adv.	por separado
shaking		v.	sacudir
shaw		n.	Shaw
societies		n.	sociedad
solved		v.	resolver
starring		v.	protagonizar
struggles		v.	luchar
struggles		n.	lucha
subtle		adj.	sutil
tastes		n.	sabor
throws		v.	lanzar
toll		n.	peaje
tooth		n.	diente
torn		v.	rasgar
tragic		adj.	trágico
trainer		n.	entrenador
transformed		v.	transformar
unbelievable		adj.	increíble
underneath		prep.	debajo
variation		n.	variación
viewing		n.	visualización
viral		adj.	viral
warehouse		n.	almacén
wears		v.	llevar
widow		n.	viuda
wives		n.	esposa
adjust		v.	ajustar
administrator		n.	administrador
affecting		v.	afectar
allied		adj.	aliado
altogether		adv.	totalmente
animated		adj.	animado
answering		v.	responder
assess		v.	evaluar
assumption		n.	supuesto
assured		adj.	seguro
austria		n.	Austria
avoided		v.	evitar
avoiding		v.	evitar
basket		n.	cesta
beard		n.	barba
bio		n.	bio
blanket		n.	manta
brains		n.	cerebro
bucket		n.	cubo
burger		n.	hamburguesa
capability		n.	capacidad
charming		adj.	encantador
chiefs		n.	jefe
commented		v.	comentar
computing		n.	cálculo
concentrate		v.	concentrarse
conducting		v.	llevar a cabo
consequence		n.	consecuencia
continent		n.	continente
cookie		n.	galletta
cruz		n.	Cruz
curse		n.	maldición
displays		n.	pantalla
drain		v.	desaguar
emissions		n.	emisión
ethical		adj.	ético
excellence		n.	excelencia
flame		n.	llama
forests		n.	bosque
freely		adv.	libremente
fruits		n.	fruta
grabbed		v.	agarrar
graduation		n.	graduación
he'd		pron.	él
hint		n.	pista
horizon		n.	horizonte
hostile		adj.	hostil
imagined		v.	imaginar
inhabitants		n.	habitante
ink		n.	tinta
inn		n.	posada
intel		n.	Intel
kicks		v.	patear
legends		n.	leyenda
lucy		n.	Lucy
magazines		n.	revista
matrix		n.	matriz
measuring		v.	medir
miserable		adj.	miserable
momentum		n.	impulso
monkey		n.	mono
montreal		n.	Montreal
motorcycle		n.	motocicleta
nationwide		adj.	nacional
nest		n.	nido
newcastle		n.	Newcastle
nicely		adv.	bien
ninth		num.	noveno
nomination		n.	nominación
notable		adj.	notable
obligation		n.	obligación
optical		adj.	óptico
outlook		n.	perspectivas
penny		n.	centavo
petty		adj.	menor
phd		n.	doctorado
ports		n.	puertos
preserved		v.	conservar
programmes		n.	programas
prospects		n.	perspectivas
publishers		n.	editores
quantity		n.	cantidad
quantum		n.	cuanto
rainbow		n.	arcoíris
rebels		n.	rebeldes
recognised		v.	reconocer
reed		n.	carraizo
reign		n.	reinado
responding		v.	responder
retained		v.	retener
rises		v.	subir
saves		v.	salvar
scan		v.	escanear
scare		v.	asustar
sectors		n.	sectores
shorts		n.	shorts
span		n.	lapso
specialized		adj.	especializado
spencer		n.	Spencer
submission		n.	sumisión
sunny		adj.	soleado
supporter		n.	seguidor
testament		n.	testamento
toe		n.	dedo del pie
tops		adv.	como máximo
tremendous		adj.	tremendo
valued		adj.	valioso
wounds		n.	herida
accommodation		n.	alojamiento
achievements		n.	logro
addressing		v.	tratar
adorable		adj.	adorable
allegedly		adv.	supuestamente
ambulance		n.	ambulancia
ashamed		adj.	avergonzado
assure		v.	asegurar
bailey		n.	Bailey
ballot		n.	papeleta
batteries		n.	pila
blessing		n.	bendición
cemetery		n.	cementerio
chambers		n.	habitación
cheat		v.	engañar
cheat		n.	tramposo
cheer		v.	vitorear
cheer		n.	vitoria
chile		n.	Chile
cigarette		n.	cigarrillo
compact		adj.	compacto
compact		n.	contrato
completing		v.	completar
consulting		n.	consultoría
cooling		n.	enfriamiento
corners		n.	esquina
deficit		n.	déficit
demo		n.	demo
demon		n.	demonio
demonstration		n.	demostración
demonstration		n.	manifestación
detected		v.	detectar
detection		n.	detección
doll		n.	muñeca
donated		v.	donar
elaborate		adj.	elaborado
elaborate		v.	elaborar
elder		n.	anciano
elder		adj.	mayor
encountered		v.	encontrar
expertise		n.	experiencia
exploring		v.	explorar
fiber		n.	fibra
filmed		v.	filmar
fried		adj.	frito
grocery		n.	abarrotes
guided		adj.	dirigido
guinea		n.	Guinea
halfway		adv.	a mitad de camino
happier		adj.	más feliz
heels		n.	talón
holmes		n.	Holmes
hull		n.	casco
hull		n.	Hull
independently		adv.	independientemente
indication		n.	indicación
insisted		v.	insistir
instances		n.	instancias
intensive		adj.	intensivo
interactive		adj.	interactivo
intimate		adj.	intimo
laundry		n.	lavandería
laundry		n.	ropa sucia
lifting		v.	levantar
linda		n.	Linda
martial		adj.	marcial
nigerian		adj.	nigeriano
northeast		n.	noreste
observe		v.	observar
packing		n.	embalaje
panels		n.	panel
password		n.	contraseña
pokemon		n.	Pokémon
politically		adv.	políticamente
presumably		adv.	presumiblemente
priorities		n.	prioridad
pronounced		adj.	pronunciado
pronounced		v.	pronunciar
prosecution		n.	persecución
proves		v.	probar
pulse		n.	pulso
purchasing		n.	compra
qualities		n.	calidad
queens		n.	reina
rational		adj.	racional
realm		n.	reino
reforms		n.	reforma
revenues		n.	ingresos
rides		n.	atracción
rides		v.	ir
ripped		v.	desgarrar
rope		n.	cuerda
shadows		n.	sombra
shout		v.	gritar
shout		n.	grito
sierra		n.	sierra
smartphone		n.	teléfono inteligente
specified		v.	especificar
spectacular		adj.	espectacular
streak		n.	rayo
streak		n.	racha
subscription		n.	suscripción
switching		v.	cambio
technological		adj.	tecnológico
temporarily		adv.	temporalmente
tolerance		n.	tolerancia
tourists		n.	turista
traditionally		adv.	tradicionalmente
traveled		v.	viajar
treats		v.	tratar
treats		n.	golosina
unhappy		adj.	infeliz
whites		n.	blanco
accomplish		v.	lograr
adequate		adj.	adecuado
alter		v.	alterar
apology		n.	disculpa
arkansas		n.	Arkansas
attributed		v.	atribuir
beg		v.	suplicar
belonging		n.	pertenencia
booked		v.	reservar
bout		n.	combate
bowling		n.	bolos
brass		n.	latón
buzz		n.	zumbido
buzz		n.	revuelo
clarke		n.	Clarke
comeback		n.	regreso
cos		conj.	porque
crops		n.	cultivo
declare		v.	declarar
designers		n.	diseñador
detect		v.	detectar
diagnosed		v.	diagnosticar
diesel		n.	diésel
dimensions		n.	dimensiones
dimensions		n.	dimensión
dip		v.	mojar
dip		n.	bajada
disturbing		adj.	inquietante
dot		n.	punto
dresses		n.	vestido
dylan		n.	Dylan
effectiveness		n.	eficacia
eliminated		v.	eliminar
ellen		n.	Ellen
exceptional		adj.	excepcional
filing		n.	archivo
fled		v.	huir
foul		adj.	Falta
frankly		adv.	ejecutando
freezing		adj.	helado
graph		n.	gráfico
hack		v.	saltar
hannah		n.	Hannah
hatred		n.	odio
ignorant		adj.	ignorante
influences		n.	influencia
interact		v.	interactuar
judging		v.	juzgar
knights		n.	caballero
lamp		n.	lámpara
limitations		n.	limitación
majesty		n.	Majestad
measurement		n.	medición
measurements		n.	medición
median		n.	mediana
medieval		adj.	medieval
milan		n.	Milán
mobility		n.	movilidad
montana		n.	Montana
murders		n.	asesinato
nyc		n.	NYC
orientation		n.	orientación
oven		n.	horno
owen		n.	Owen
passport		n.	pasaporte
penis		n.	pene
pills		n.	pastilla
planets		n.	planeta
proceeds		n.	ingresos
rabbit		n.	conejo
raises		v.	aumentar
ranges		n.	rango
rats		n.	rata
retire		v.	jubilarse
rhythm		n.	ritmo
ruth		n.	Ruth
savage		adj.	salvaje
servers		n.	servidor
shook		v.	sacudir
shooter		n.	tirador
siblings		n.	hermanos
slim		adj.	esbelto
someday		adv.	algún día
sophisticated		adj.	sofisticado
spam		n.	spam
speeds		n.	velocidad
stack		n.	pila
stance		n.	postura
static		adj.	estático
subway		n.	metro
supportive		adj.	apoyo
surgical		adj.	quirúrgico
symbols		n.	símbolo
tablet		n.	comprimido
tablet		n.	tableta
tent		n.	tienda
thesis		n.	tesis
tide		n.	marea
travels		n.	viaje
travels		v.	viajar
wallace		n.	Wallace
warfare		n.	guerra
warming		n.	calentamiento
weekends		n.	fin de semana
withdraw		v.	retirar
withdrawal		n.	retirada
youngest		adj.	el más joven
aging		n.	envejecimiento
aging		v.	envejecer
airline		n.	aerolínea
alternatives		n.	alternativa
anyways		adv.	de todos modos
argues		v.	argumentar
audit		n.	auditoría
audit		v.	auditar
authentic		adj.	auténtico
ave		n.	avenida
backwards		adv.	hacia atrás
blonde		adj.	rubio
blows		v.	soplar
bolt		n.	perno
bolt		n.	rayo
brooks		n.	Brooks
bugs		n.	bicho
bugs		n.	error
bust		v.	reventar
bust		n.	busto
clearing		n.	claro
clips		n.	clip
collar		n.	cuello
collar		n.	collar
columbus		n.	Colón
comply		v.	cumplir
cope		v.	afrontar
counted		v.	contar
crashed		v.	chocar
creepy		adj.	escalofriante
cum		prep.	con
denmark		n.	Dinamarca
divorced		adj.	divorciado
donate		v.	donar
drawings		n.	dibujo
dried		adj.	secado
ebay		n.	eBay
echo		n.	eco
editors		n.	editor
edwards		n.	Edwards
emotionally		adv.	emocionalmente
enhance		v.	mejorar
experiencing		v.	experimentar
extending		v.	extender
finale		n.	final
flavor		n.	sabor
floors		n.	suelo
floors		n.	piso
gloves		n.	guante
harper		n.	Harper
hart		n.	Hart
ignorance		n.	ignorancia
ignoring		v.	ignorar
immigrant		n.	inmigrante
induced		v.	inducir
inspiring		adj.	inspirador
intermediate		adj.	intermedio
invention		n.	invención
ip		n.	IP
jesse		n.	Jesse
joins		v.	unirse
jrpg		n.	JRPG
lasvegas		n.	Las Vegas
likewise		adv.	igualmente
lineup		n.	alineación
logan		n.	Logan
magnificent		adj.	magnífico
mathematical		adj.	matemático
meantime		n.	intervalo
nails		n.	clavo
nevada		n.	Nevada
newest		adj.	más nuevo
nonetheless		adv.	no obstante
nut		n.	nuev
o'clock		adv.	horas
opposing		adj.	opuesto
origins		n.	origen
orlando		n.	Orlando
physicians		n.	médico
pipeline		n.	oleoducto
placement		n.	ubicación
planted		v.	plantar
pricing		n.	fijación de precios
puerto		n.	Puerto Rico
questioning		v.	cuestionar
recreation		n.	recreación
renewed		adj.	renovado
resigned		v.	renunciar
shallow		adj.	poco profundo
shanghai		n.	Shanghái
shitty		adj.	mierda
singh		n.	Singh
sins		n.	pecado
sketch		n.	boceto
smells		v.	huele
soda		n.	Soda
spite		n.	maldad
sponsor		n.	patrocinador
strengthen		v.	fortalecer
strings		n.	cadena
sunset		n.	atardecer
taiwan		n.	Taiwán
thanksgiving		n.	Acción de Gracias
thermal		adj.	térmico
trades		n.	comercio
transform		v.	transformar
witnessed		v.	ser testigo de
workplace		n.	lugar de trabajo
yorkshire		n.	Yorkshire
achieving		v.	lograr
aliens		n.	extraterrestre
amsterdam		n.	Ámsterdam
analyst		n.	analista
arabic		n.	árabe
arctic		adj.	ártico
assists		v.	asistir
bennett		n.	Bennett
bristol		n.	Bristol
burnt		v.	quemar
buyer		n.	comprador
calories		n.	caloría
cannabis		n.	cannabis
cease		v.	cesar
championships		n.	campeonato
chapel		n.	capilla
cloth		n.	tela
conferences		n.	conferencia
considers		v.	considerar
container		n.	contenedor
cowboys		n.	vaquero
crushed		v.	aplastar
deployed		v.	desplegar
differ		v.	diferir
dimensional		adj.	dimensional
eager		adj.	ávido
elect		v.	elegir
elevated		adj.	elevado
essence		n.	esencia
executives		n.	ejecutivo
flames		n.	llama
fork		n.	tenedor
fur		n.	piel
gps		n.	GPS
harold		n.	Harold
harvest		v.	cosechar
headline		n.	titular
hudson		n.	Hudson
hype		n.	exagero publicitario
identifying		v.	identificar
impacts		n.	impacto
insist		v.	insistir
junk		n.	chatarra
kenny		n.	Kenny
kidney		n.	riñón
ladder		n.	escalera
lloyd		n.	Lloyd
lobby		n.	vestíbulo
marc		n.	Marc
mechanisms		n.	mecanismo
mineral		n.	mineral
mob		n.	multitud
modest		adj.	modesto
motors		n.	motor
navigation		n.	navegación
nicholas		n.	Nicolás
ntfs		n.	NTFS
orbit		n.	órbita
paragraph		n.	párrafo
passive		adj.	pasivo
passive		n.	voz pasiva
peninsula		n.	península
phillips		n.	Phillips
pill		n.	píldora
pork		n.	cerdo
portuguese		adj.	portugués
portuguese		n.	portugués
profitable		adj.	rentable
provinces		n.	provincia
ranch		n.	rancho
rays		n.	rayo
reasonably		adv.	razonablemente
reject		v.	rechazar
remainder		n.	resto
schemes		n.	plan
screens		n.	pantalla
seized		v.	poseder
semester		n.	semestre
sentiment		n.	sentimiento
servants		n.	sirviente
shipped		v.	enviar
socks		n.	calcetín
suited		adj.	adecuado
supplement		n.	suplemento
supplement		v.	suplementar
surviving		adj.	superviviente
thereby		adv.	por lo tanto
threshold		n.	umbral
tin		n.	estaño
tin		n.	lata
tires		n.	neumático
tribal		adj.	tribal
tribes		n.	tribu
trunk		n.	tronco
trunk		n.	maleta
uncertainty		n.	incertitud
vampire		n.	vampiro
varied		adj.	variado
verdict		n.	veredicto
abandon		v.	abandonar
accommodate		v.	alojarse
accordingly		adv.	por consiguiente
aesthetic		adj.	estético
algorithm		n.	algoritmo
altered		v.	cambiar
anchor		n.	ancla
angela		n.	Angela
arch		n.	arco
associations		n.	asociación
audiences		n.	público
axis		n.	eje
badge		n.	insignia
bernard		n.	Bernard
bizarre		adj.	bizarro
bounce		v.	rebotar
broadcasting		n.	emisión
bullets		n.	bala
buses		n.	autobús
cannon		n.	cañón
carol		n.	villancico
carriers		n.	transportista
chairs		n.	silla
cleaned		v.	limpiar
complexity		n.	complejidad
confusing		adj.	confuso
consultation		n.	consulta
continental		adj.	continental
convenience		n.	comodidad
deliberately		adv.	deliberadamente
diamonds		n.	diamante
diana		n.	Diana
dictionary		n.	diccionario
dignity		n.	dignidad
dimension		n.	dimensión
disappointing		adj.	decepcionante
diving		n.	buceo
doug		n.	Doug
duncan		n.	Duncan
ego		n.	ego
enthusiasm		n.	entusiasmo
environments		n.	ambiente
equation		n.	ecuación
extract		v.	extraer
favorites		n.	favorito
ferry		n.	ferry
fisher		n.	pescador
flexibility		n.	flexibilidad
flowing		v.	fluir
fridge		n.	nevera
functioning		v.	funcionar
fusion		n.	fusión
gauge		n.	indicador
goat		n.	cabra
graduates		n.	titulado
gut		n.	intestino
heck		int.	caramba
helmet		n.	casco
holders		n.	poseedor
ideology		n.	ideología
idiots		n.	idiota
inclusion		n.	inclusión
initiatives		n.	iniciativa
initiatives		n.	medida
innings		n.	turno
insects		n.	insecto
instructor		n.	instructor
isolation		n.	aislamiento
justified		adj.	justificado
keeper		n.	guardián
lamb		n.	cordero
liar		n.	mentiroso
machinery		n.	maquinaria
mansion		n.	mansión
mega		adj.	mega
mercury		n.	mercurio
namely		adv.	es decir
nbc		n.	NBC
needing		v.	necesitar
nerves		n.	nervio
observations		n.	observación
ordering		v.	pedir
palmer		n.	Palmer
paths		n.	camino
peers		n.	par
pending		adj.	pendiente
platinum		n.	platino
possess		v.	poseer
praised		v.	elogiar
premises		n.	local
probability		n.	probabilidad
questioned		v.	cuestionar
refuses		v.	rechazar
resignation		n.	dimisión
rider		n.	jinete
ritual		n.	ritual
ruins		n.	ruinas
shelf		n.	estante
slam		v.	golpear
stakes		n.	apuesta
starter		n.	arrancador
sticking		v.	pegar
subscribe		v.	suscribirse
superman		n.	Superhombre
surfaces		n.	superficie
territories		n.	territorio
tire		n.	neumático
towers		n.	torre
transfers		v.	transferir
utterly		adv.	totalmente
voltage		n.	voltaje
warn		v.	advertir
width		n.	anchura
workout		n.	entrenamiento
aa		n.	AA
activated		adj.	activado
adaptation		n.	adaptación
advisor		n.	asesor
aluminum		n.	aluminio
apartments		n.	apartamento
attitudes		n.	actitud
attorneys		n.	abogado
bail		n.	fianza
barriers		n.	barrera
belonged		v.	pertenecer
bradley		n.	Bradley
brandon		n.	Brandon
broader		adj.	más amplio
buck		n.	dólar
caroline		n.	Caroline
characterized		v.	caracterizar
chiefexecutiveofficer		n.	director general
civilization		n.	civilización
congrats		int.	felicidades
contractors		n.	contratista
creativity		n.	creatividad
dealers		n.	distribuidor
delicate		adj.	delicado
den		n.	cubil
derek		n.	Derek
desires		n.	deseo
disappointment		n.	decepción
disk		n.	disco
enters		v.	entrar
evaluate		v.	evaluar
formally		adv.	formalmente
frames		n.	marco
goddess		n.	diosa
gov		n.	gobierno
hampshire		n.	Hampshire
harassment		n.	acoso
hats		n.	sombrero
hugh		n.	Hugh
insert		v.	insertar
joan		n.	Joan
lebanon		n.	Líbano
leeds		n.	Leeds
leonard		n.	Leonard
liquor		n.	licor
loser		n.	perdedor
malcolm		n.	Malcolm
massage		n.	masaje
matched		v.	coincidir
milwaukee		n.	Milwaukee
musician		n.	músico
nato		n.	OTAN
nephew		n.	sobrino
notably		adv.	especialmente
orchestra		n.	orquesta
packages		n.	paquete
pad		n.	almohadilla
pakistani		adj.	pakistaní
participated		v.	participar
precision		n.	precisión
preservation		n.	preservación
priests		n.	sacerdote
privately		adv.	privadamente
prizes		n.	premio
pulls		v.	tirar
qualifying		v.	clasificar
reasoning		n.	razonamiento
relaxed		adj.	relajado
reporters		n.	periodista
roses		n.	rosa
rumors		n.	rumor
sail		v.	navegar
salmon		n.	salmón
secretly		adv.	secretamente
seller		n.	vendedor
sheer		adj.	absoluto
shifts		n.	turno
simpson		n.	Simpson
smallest		adj.	el más pequeño
specially		adv.	especialmente
stark		adj.	absoluto
struggled		v.	luchar
sympathy		n.	compasión
tan		n.	bronceado
teenagers		n.	adolescente
theoretical		adj.	teórico
thumb		n.	pulgar
timber		n.	madera
transparent		adj.	transparente
travis		n.	Travis
upside		n.	lado positivo
urged		v.	instar
visitor		n.	visitante
vitamin		n.	vitamina
void		adj.	nulo
void		n.	vacío
voluntary		adj.	voluntario
wheat		n.	trigo
whip		v.	azotar
whip		n.	látigo
wipe		v.	limpiar
wolves		n.	lobo
wrist		n.	muñeca
zerotrust		n.	confianza cero
abused		v.	maltratar
abused		adj.	maltratado
acute		adj.	agudo
admiral		n.	almirante
amanda		n.	Amanda
arnold		n.	Arnold
arrange		v.	organizar
arrange		v.	arreglar
banana		n.	plátano
behave		v.	comportarse
betting		n.	apuesta
blair		n.	Blair
borrow		v.	pedir prestado
camping		n.	campamento
capitol		n.	Capitolio
cctv		n.	CCTV
celtic		n.	celta
chan		n.	Chan
chin		n.	mentón
chinacentraltelevision		n.	televisión central china
civic		adj.	cívico
clerk		n.	empleado
conclusions		n.	conclusión
considerably		adv.	considerablemente
contacted		v.	contactar
cottage		n.	cabaña
coup		n.	golpe de Estado
criticized		v.	criticar
crude		adj.	crudo
dash		v.	correr
dash		n.	raya
decreased		v.	disminuir
defended		v.	defender
demons		n.	demonio
deposits		n.	depósito
disclosure		n.	divulgación
disposal		n.	eliminación
distinctive		adj.	distintivo
documented		adj.	documentado
donation		n.	donación
dragged		v.	arrastrar
encounters		n.	encuentro
ensuring		v.	asegurar
enterprises		n.	empresa
escort		n.	escolta
exams		n.	examen
firmly		adv.	firmemente
flour		n.	harina
geneva		n.	Ginebra
hindu		n.	hindú
holdings		n.	holding
indie		adj.	indie
indirect		adj.	indirecto
inspire		v.	inspirar
institutional		adj.	institucional
interim		adj.	provisional
interviewed		v.	entrevistar
java		n.	Java
jefferson		n.	Jefferson
jerk		n.	idiota
karl		n.	Karl
kindly		adv.	amablemente
kindness		n.	amabilidad
locals		n.	habitantes
lottery		n.	lotería
louise		n.	Louise
magnitude		n.	magnitud
minus		prep.	menos
noting		v.	notar
nude		adj.	desnudo
organs		n.	órgano
outlet		n.	enchufe
outlets		n.	enchufe
parameters		n.	parámetro
pause		v.	pausar
pledge		n.	compromiso
portal		n.	portal
prescription		n.	receta
protesters		n.	manifestante
proving		v.	demostrar
publicity		n.	publicidad
punished		v.	castigar
puppy		n.	cachorro
recruitment		n.	reclutamiento
screwed		adj.	jodido
shades		n.	tono
shakespeare		n.	Shakespeare
silicon		n.	silicio
slice		n.	rebanada
spelling		n.	ortografía
spurs		n.	espuela
subscribers		n.	suscriptor
surveys		n.	encuesta
survivor		n.	superviviente
telegraph		n.	telégrafo
tits		n.	tetas
vaccine		n.	vacuna
vinyl		n.	vinilo
westminster		n.	Westminster
wished		v.	desear
wonders		n.	maravilla
accurately		adv.	con precisión
adelaide		n.	Adelaida
affiliate		n.	filiada
affiliate		v.	afiliar
alfred		n.	Alfredo
asylum		n.	asilo
asylum		n.	manicomio
barn		n.	granero
bent		adj.	doblado
bernie		n.	Bernie
brussels		n.	Bruselas
cathedral		n.	catedral
centered		adj.	centrado
clause		n.	cláusula
clause		n.	proposición
cluster		n.	grupo
cluster		v.	agruparse
complained		v.	quejarse
compounds		n.	compuesto
consistency		n.	consistencia
cracked		adj.	agrietado
cylinder		n.	cilindro
dancer		n.	bailarín
deaf		adj.	sordo
debts		n.	deuda
denial		n.	negación
digging		v.	cavar
dock		n.	muelle
dock		v.	amarizar
entrepreneur		n.	empresario
evident		adj.	evidente
expectation		n.	expectativa
expedition		n.	expedición
expressing		v.	expresar
extends		v.	extender
facilitate		v.	facilitar
failures		n.	fracaso
feat		n.	hazaña
fossil		n.	fósil
founding		v.	fundación
freight		n.	carga
generating		v.	generar
goddamn		adj.	maldito
guides		n.	guía
honesty		n.	honestidad
inappropriate		adj.	inapropiado
infant		n.	lactante
initiated		v.	iniciar
injection		n.	inyección
instrumental		adj.	instrumental
instrumental		n.	instrumental
insult		n.	insulto
interference		n.	interferencia
interstate		adj.	interestatal
julian		n.	Julián
kong		n.	Kong
launching		v.	lanzar
liking		n.	gusto
linux		n.	Linux
luis		n.	Luis
mates		n.	compañero
mediterranean		n.	Mediterráneo
neat		adj.	ordenado
negotiate		v.	negociar
nicole		n.	Nicole
obligations		n.	obligación
offset		n.	desplazamiento
outbreak		n.	brote
pal		n.	amigo
palestine		n.	Palestina
perfection		n.	perfección
pigs		n.	cerdo
pirates		n.	pirata
posters		n.	póster
practicing		v.	practicar
praying		v.	orar
probe		n.	sonda
prohibited		adj.	prohibido
projected		adj.	proyectado
propose		v.	proponer
quarterly		adj.	trimestral
recipes		n.	receta
recruiting		v.	reclutar
refusing		v.	rechazar
rehabilitation		n.	rehabilitación
reid		n.	Reid
remix		n.	remix
resistant		adj.	resistente
reynolds		n.	Reynolds
riders		n.	jinete
robots		n.	robot
rockets		n.	cohete
roller		n.	rodillo
sailing		n.	vela
shapes		n.	forma
skinny		adj.	flaco
slipped		v.	resbalar
sneak		v.	escabullirse
solving		v.	resolver
sore		adj.	doloroso
spark		n.	chispa
speculation		n.	especulación
steep		adj.	escarpado
stevens		n.	Stevens
straw		n.	paja
successor		n.	sucesor
targeting		v.	apuntar a
triggered		v.	desencadenar
troubles		n.	problema
uncertain		adj.	incierto
upload		v.	subir
usd		n.	dólar estadounidense
vector		n.	vector
violations		n.	violación
weigh		v.	pesar
whatsoever		adv.	nikako
wicked		adj.	malvado
abraham		n.	Abraham
absent		adj.	ausente
acoustic		adj.	acústico
adapt		v.	adaptarse
ancestors		n.	antepasado
archive		n.	archivo
atomic		adj.	atómico
bean		n.	frijol
bicycle		n.	bicicleta
bryan		n.	Bryan
bump		n.	golpe
bump		v.	chocar
buttons		n.	botón
cart		n.	carro
circus		n.	circo
claire		n.	Claire
cocaine		n.	cocaína
cohen		n.	Cohen
colleague		n.	colega
compelling		adj.	convencedor
compiled		v.	compilar
complications		n.	complicación
construct		v.	construir
cord		n.	cordón
crowded		adj.	abarrotado
cyber		adj.	ciber
dale		n.	valle
debates		n.	debate
defendant		n.	acusado
delays		n.	retraso
dense		adj.	denso
desperately		adv.	desesperadamente
doctrine		n.	doctrina
expose		v.	exponer
financially		adv.	financieramente
freshman		n.	novato
furious		adj.	furioso
gameplay		n.	jugabilidad
geography		n.	geografía
gig		n.	concierto
habitat		n.	hábitat
harbour		n.	puerto
hazard		n.	peligro
hydrogen		n.	hidrógeno
implies		v.	implicar
intact		adj.	intacto
intake		n.	ingesta
irrelevant		adj.	irrelevante
jaw		n.	mandíbula
kitty		n.	gatito
lauren		n.	Lauren
lawn		n.	césped
lmao		int.	jaja
manufacture		v.	fabricar
martha		n.	Martha
medals		n.	medalla
mercedes		n.	Mercedes
mistaken		adj.	equivocado
moses		n.	Moisés
nashville		n.	Nashville
nebraska		n.	Nebraska
needle		n.	aguja
organize		v.	organizar
ottawa		n.	Ottawa
oval		adj.	oval
pity		n.	lástima
pond		n.	estanque
porter		n.	gañán
porter		n.	portero
portions		n.	porción
portions		v.	repazar
prey		n.	presa
prey		v.	predar
promax		n.	ProMax
prophet		n.	profeta
raymond		n.	Raymond
recalled		v.	recordar
recalled		v.	llamar
reduces		v.	reducir
referendum		n.	referéndum
refugee		n.	refugiado
regulated		v.	reglamentar
rounded		adj.	redondeado
rounded		v.	redondear
ruby		n.	rubí
ruby		n.	Ruby
rushed		v.	apresurarse
sanders		n.	Sanders
satisfy		v.	satisfacer
scales		n.	balanza
scales		n.	escama
scales		v.	escalar
seasonal		adj.	estacional
segments		n.	segmento
sensible		adj.	sensato
sequel		n.	secuela
shifted		v.	mover
shifted		v.	cambiar
shifting		v.	mover
shining		v.	brillar
shining		adj.	brillante
slower		adj.	más lento
slower		adv.	más despacio
spinning		v.	girar
spinning		n.	hilado
stanford		n.	Stanford
stepping		v.	pisar
touches		v.	tocar
touches		n.	toque
township		n.	municipio
travelled		v.	viajar
twisted		v.	torcer
twisted		adj.	torcido
usb		n.	USB
vienna		n.	Viena
wade		v.	vadear
whale		n.	ballena
writings		n.	escritos
adc		n.	ADC
admire		v.	admirar
amber		n.	ámbar
ankle		n.	tobillo
armor		n.	armadura
autism		n.	autismo
bachelor		n.	soltero
bachelor		n.	grado
berry		n.	baya
billions		num.	miles de millones
brady		n.	Brady
brisbane		n.	Brisbane
bulls		n.	toro
bulls		v.	imponerse
bullying		n.	acoso
bullying		v.	intimidar
capitalism		n.	capitalismo
caution		n.	precaución
caution		v.	advertir
certification		n.	certificación
characteristic		adj.	característico
characteristic		n.	característica
clan		n.	clan
clash		v.	chocar
clash		n.	choque
columns		n.	columna
compatible		adj.	compatible
concerts		n.	concierto
condemned		v.	condenar
configuration		n.	configuración
continuously		adv.	continuamente
convincing		adj.	convincente
coupled		v.	acoplar
curiosity		n.	curiosidad
delight		n.	deleite
delight		v.	deleitar
determining		v.	determinar
entities		n.	entidad
exceptions		n.	excepción
explosive		adj.	explosivo
flooding		n.	inundación
flooding		v.	inundar
fortunate		adj.	afortunado
fortunately		adv.	afortunadamente
foundations		n.	fundación
frontier		n.	frontera
frustrating		adj.	frustrante
frustration		n.	frustración
geographic		adj.	geográfico
glenn		n.	Glenn
grande		n.	Grande
grasp		v.	agarrar
grasp		v.	comprender
handy		adj.	útil
hardcore		adj.	hardcore
harmful		adj.	dañino
headache		n.	dolor de cabeza
hers		pron.	la suya
hispanic		adj.	hispano
incentive		n.	incentivo
inclusive		adj.	inclusivo
infections		n.	infección
jackie		n.	Jackie
joel		n.	Joel
kissing		v.	besar
lanes		n.	carril
licence		n.	licencia
lungs		n.	pulmón
madness		n.	locura
mandate		n.	mandato
manga		n.	manga
memorable		adj.	memorable
merger		n.	fusión
minorities		n.	minoría
occurring		v.	ocurrir
organizing		v.	organizar
performs		v.	ejecutar
ph		n.	pH
poker		n.	póker
portable		adj.	portátil
priced		v.	fijar el precio
quebec		n.	Quebec
randomly		adv.	aleatoriamente
rankings		n.	clasificación
realizing		v.	darse cuenta
resign		v.	dimitir
revealing		adj.	revelador
revealing		v.	revelar
robbery		n.	robo
rub		v.	frottar
rub		n.	frottement
runners		n.	corredor
sally		n.	salida
scattered		adj.	disperso
scout		n.	explorador
searched		v.	buscar
sexuality		n.	sexualidad
shouting		v.	gritar
slap		v.	abofetear
steak		n.	bistec
succession		n.	sucesión
superintendent		n.	superintendente
suspicion		n.	sospecha
sweep		v.	barrer
tactical		adj.	táctico
talents		n.	talento
therapist		n.	terapeuta
thereafter		adv.	después
thorough		adj.	exhaustivo
tuition		n.	matrícula
tumor		n.	tumor
variables		n.	variable
varying		v.	variar
wholesale		n.	mayoreo
administered		v.	administrar
affiliated		adj.	afiliado
apples		n.	manzana
architectural		adj.	arquitectónico
artillery		n.	artillería
assembled		v.	ensamblar
bangladesh		n.	Bangladés
beaches		n.	playa
bees		n.	abeja
boarding		n.	embarque
bothered		v.	molestar
canvas		n.	lona
canyon		n.	cañón
casey		n.	Casey
cheek		n.	mejilla
chen		n.	Chen
cincinnati		n.	Cincinnati
circular		adj.	circular
circulation		n.	circulación
clearance		n.	eliminación
closes		v.	cerrar
coincidence		n.	coincidencia
commands		n.	orden
commissioned		v.	encargar
concentrated		adj.	concentrado
concentrated		v.	concentrarse
conscience		n.	conciencia
coo		v.	arrullar
cooler		n.	enfriador
countless		adj.	innumerable
curry		n.	curry
dame		n.	dama
deceased		adj.	fallecido
dedication		n.	dedication
defining		adj.	definitorio
detention		n.	detención
disputes		n.	disputa
drake		n.	pato macho
employ		v.	emplear
enforce		v.	hacer cumplir
explicit		adj.	explícito
explicitly		adv.	frankamente
eyed		adj.	de ojos
florence		n.	Florencia
flu		n.	gripe
forbidden		adj.	prohibido
fraction		n.	fracción
infantry		n.	infantería
integral		adj.	integral
investor		n.	inversor
janet		n.	Janet
judged		v.	juzgar
katie		n.	Katie
lectures		n.	conferencia
lightly		adv.	ligeramente
linking		v.	vincular
maintains		v.	mantener
marble		n.	mármol
maritime		adj.	marítimo
melt		v.	derretir
modes		n.	modo
monica		n.	Mónica
mumbai		n.	Bombay
nominee		n.	candidato
oath		n.	juramento
offence		n.	delito
offence		n.	afrenta
packaging		n.	envasado
patriots		n.	patriota
pee		v.	hacer pis
pillow		n.	almohada
pirate		n.	pirata
polar		adj.	polar
prediction		n.	predicción
preview		n.	vista previa
processed		adj.	procesado
pursuing		v.	perseguir
puzzle		n.	rompecabezas
rapper		n.	rapero
rebecca		n.	Rebeca
reconstruction		n.	reconstrucción
renowned		adj.	renombrado
revelation		n.	revelación
sara		n.	Sara
scholar		n.	erudito
sharks		n.	tiburón
shoots		v.	disparar
skirt		n.	falda
socially		adv.	socialmente
spa		n.	spa
spike		n.	pico
spike		v.	aumentarse en pico
sprint		v.	esprintar
sprint		n.	sprint
stir		v.	revolver
stir		v.	incitar
stuffed		adj.	relleno
substantially		adv.	sustancialmente
suburbs		n.	afueras
superb		adj.	magnífico
supposedly		adv.	supuestamente
tab		n.	pestaña
tendency		n.	tendencia
theirs		pron.	(el) suyo
toast		n.	tostada
toast		v.	brindar
toes		n.	dedo del pie
touchdown		n.	aterrizaje
traits		n.	rasgo
trek		n.	trekking
trek		v.	hacer senderismo
tricky		adj.	complicado
triumph		n.	triumfo
triumph		v.	triumfar
uber		prep.	súper
underwear		n.	ropa interior
unto		prep.	a
viable		adj.	viable
waist		n.	cintura
welcomed		v.	acoger
wit		n.	ingenio
wreck		n.	restos
wreck		v.	destrozar
absurd		adj.	absurdo
accessories		n.	accesorio
adrian		n.	Adrián
advocates		v.	abogar por
advocates		n.	defensor
ambitious		adj.	ambicioso
amid		prep.	in medio
annoyed		adj.	molesto
appealing		adj.	atractivo
appointments		n.	cita
assumptions		n.	suposición
ballet		n.	ballet
bargain		n.	ganga
bargain		v.	regatear
binary		adj.	binario
binary		n.	binario
blend		v.	mezclar
blend		n.	mezcla
blogs		n.	blog
brake		n.	freno
brake		v.	frenar
builds		v.	construir
businessman		n.	hombre de negocios
cab		n.	taxi
chi		n.	chi
col		n.	puerto
collision		n.	colisión
colombia		n.	Colombia
compassion		n.	compasión
consumed		v.	consumir
corrected		v.	corregir
correction		n.	corrección
cough		v.	toser
cough		n.	tos
cousins		n.	primo
critic		n.	crítico
czech		adj.	checo
czech		n.	checo
defenders		n.	defensor
denying		v.	negar
depot		n.	almacén
distress		n.	angustia
documentation		n.	documentación
doubts		n.	duda
dramatically		adv.	dramáticamente
drank		v.	beber
eats		v.	comer
elegant		adj.	elegante
elevator		n.	ascensor
ellis		n.	Ellis
exchanges		n.	intercambio
excuses		n.	excusa
execute		v.	ejecutar
factories		n.	fábrica
feast		n.	banquete
finland		n.	Finlandia
frederick		n.	Federico
frost		n.	escarcha
herald		n.	heraldo
hike		v.	hacer senderismo
hollow		adj.	hueco
homeland		n.	patria
imported		adj.	importado
internationally		adv.	internacionalmente
iraqi		adj.	iraquí
itunes		n.	iTunes
kane		n.	Kane
kissed		v.	besar
lame		adj.	cojo
licensing		n.	licencias
lily		n.	lirio
limiting		adj.	limitante
locker		n.	casillero
mainland		n.	continente
marking		n.	marcado
meditation		n.	meditación
messenger		n.	mensajero
metals		n.	metal
missiles		n.	misil
munich		n.	Múnich
norwegian		adj.	noruego
pencil		n.	lápiz
philosophical		adj.	filosófico
pierre		n.	Pierre
pipes		n.	tubo
plasma		n.	plasma
plea		n.	súplica
punish		v.	castigar
purse		n.	bolso
quarterback		n.	mariscal de campo
reagan		n.	Reagan
relieved		adj.	aliviado
replies		n.	respuesta
reservation		n.	reserva
rhetoric		n.	retórica
rivals		n.	rival
rushing		v.	apresurarse
salvation		n.	salvación
sanctions		n.	sanciones
secular		adj.	secular
sensitivity		n.	sensibilidad
shane		n.	Shane
sigh		v.	suspirar
sigh		n.	suspiro
sixteen		num.	dieciséis
sovereign		n.	soberano
sovereign		adj.	soberano
specifications		n.	especificaciones
spends		v.	gastar
spouse		n.	cónyuge
stat		adv.	de inmediato
supervisor		n.	supervisor
synthetic		adj.	sintético
teaches		v.	enseñar
tense		adj.	tenso
tense		n.	tiempo
toyota		n.	Toyota
tracked		v.	rastrear
traders		n.	comerciante
troy		n.	Troy
varieties		n.	variedad
vegan		n.	vegano
vegan		adj.	vegano
waking		v.	despertar
walmart		n.	Walmart
wilderness		n.	condiña
admits		v.	admitir
adviser		n.	asesor
aggregate		n.	conjunto
aggregate		v.	totalizar
anal		adj.	anal
anatomy		n.	anatomía
annie		n.	Annie
announces		v.	anunciar
applicants		n.	solicitante
automobile		n.	automóvil
barnes		n.	Barnes
breasts		n.	seno
cement		n.	cemento
chess		n.	ajedrez
citing		v.	citar
colonies		n.	colonia
composite		adj.	compuesto
consequently		adv.	por consiguiente
consist		v.	consistir
councils		n.	consejo
cox		n.	Cox
curtis		n.	Curtis
decorated		adj.	decorado
decorated		v.	decorar
delegates		n.	delegado
dreaming		v.	soñar
dull		adj.	aburrido
dull		adj.	romo
enables		v.	permitir
fare		n.	tarifa
fashioned		adj.	fabricado
feared		v.	temer
feared		adj.	temido
float		v.	flotar
generator		n.	generador
grind		v.	moler
grinding		v.	moler
grove		n.	bosquecillo
guessing		v.	adivinar
gum		n.	chicle
gum		n.	gingiva
hobby		n.	afición
hunters		n.	cazador
idol		n.	ídol
illusion		n.	ilusión
incorrect		adj.	incorrecto
junction		n.	cruce
lance		n.	lanza
leap		v.	saltar
leap		n.	salto
locate		v.	localizar
locate		v.	situarse
locks		n.	candado
locks		v.	cerrarr
lynch		v.	linchar
manages		v.	gestionar
manages		v.	lasgrar
masses		n.	masas
masses		n.	masa
medicare		n.	Medicare
modeling		n.	modelado
modeling		v.	modelar
motive		n.	motivo
nazis		n.	nazi
neighbourhood		n.	barrio
neighbourhood		n.	alrededores
networking		n.	contactos
newer		adj.	más nuevo
newton		n.	newton
oppose		v.	oponerse
optimal		adj.	óptimo
overtime		n.	horas extra
overtime		adv.	en horas extra
packs		n.	paquete
packs		v.	empacar
permits		v.	permitir
permits		n.	permiso
playstation		n.	PlayStation
postal		adj.	postal
predictions		n.	predicción
prep		n.	preparación
profound		adj.	profundo
prosecutor		n.	fiscal
rebellion		n.	rebelión
recipient		n.	destinatario
refund		n.	reembolso
refund		v.	reembolsar
remembering		v.	recordar
rescued		v.	rescatar
risky		adj.	arriesgado
robust		adj.	robusto
scam		n.	estafa
shareholders		n.	accionista
sided		v.	apoyar
simulation		n.	simulación
sober		adj.	de
spice		n.	especia
squeeze		v.	apretar
storms		n.	tormenta
supervision		n.	supervisión
suspects		n.	sospechoso
swap		v.	intercambiar
swept		v.	barrer
terrain		n.	terreno
themed		adj.	temático
threaten		v.	amenazar
thrilled		adj.	entusiasmado
towel		n.	toalla
trio		n.	trio
tubes		n.	tubo
unconscious		adj.	inconsciente
varies		v.	variar
vegetable		n.	verdura
verified		adj.	verificado
vibe		n.	ambiente
virtue		n.	virtud
we'd		v.	sería
wifi		n.	Wi-Fi
wishing		v.	desear
workforce		n.	fuerza laboral
zombie		n.	zombi
acre		n.	acre
airports		n.	aeropuerto
amen		int.	amén
andrews		n.	Andrews
arise		v.	surgir
ashes		n.	ceniza
automotive		adj.	automotriz
battlefield		n.	campo de batalla
berkeley		n.	Berkeley
bloom		v.	florecer
bore		v.	aburrir
bundle		n.	paquete
butterfly		n.	mariposa
buys		v.	comprar
casualties		n.	baja
catches		v.	atrapar
chad		n.	Chad
clown		n.	payaso
committees		n.	comité
conjunction		n.	conjunción
costly		adj.	costoso
cows		n.	vaca
cries		v.	llorar
cries		n.	grito
cuban		adj.	cubano
cycles		n.	ciclo
darker		adj.	más oscuro
davies		n.	Davies
descent		n.	descenso
desktop		n.	escritorio
dial		v.	marcar
dial		n.	esfera
dial-up		n.	accès telefónico
directory		n.	directorio
disabilities		n.	discapacidad
discharge		v.	descargar
discharge		n.	alta
discusses		v.	discutir
dodge		v.	esquivar
downs		n.	downs
drilling		v.	perforar
drums		n.	tambor
elimination		n.	eliminación
enjoys		v.	disfrutar
espn		n.	ESPN
faq		n.	FAQ
frequentlyaskedquestion		n.	pregunta frecuente
ginger		n.	jengibre
governors		n.	gobernador
guild		n.	gremio
halt		v.	detener
han		n.	han
henderson		n.	Henderson
ibm		n.	IBM
imaging		n.	imagen
implied		adj.	implícito
impress		v.	impresionar
inability		n.	incapacidad
incoming		adj.	entrante
iphone		n.	iPhone
isaac		n.	Isaac
jar		n.	jarro
leicester		n.	Leicester
liam		n.	Liam
litigation		n.	litigio
mentor		n.	mentor
merchandise		n.	mercancía
minerals		n.	mineral
miners		n.	minero
monk		n.	monje
neighborhoods		n.	barrio
noah		n.	Noé
norm		n.	norma
obtaining		v.	obtener
occupy		v.	ocupar
offended		v.	ofender
orthodox		adj.	ortodoxo
overhead		n.	gastos generales
painter		n.	pintor
perth		n.	Perth
pierce		v.	perforar
pistol		n.	pistola
printer		n.	impresora
prone		adj.	propenso
raiders		n.	asaltante
readily		adv.	fácilmente
reflecting		v.	reflejar
regiment		n.	regimiento
remembers		v.	recordar
reunion		n.	reencuentro
revival		n.	renacimiento
sanctuary		n.	santuario
satan		n.	Satanás
satisfying		adj.	satisfactorio
seas		n.	mar
securing		v.	asegurar
sensors		n.	sensor
seoul		n.	Seúl
shells		n.	concha
siege		n.	asedio
sixty		num.	sesenta
sleeve		n.	manga
sonic		adj.	sónico
soundtrack		n.	banda sonora
speeches		n.	discurso
spine		n.	columna
steering		n.	dirección
substances		n.	sustancia
sullivan		n.	Sullivan
sustain		v.	sostener
tenure		n.	mandato
texture		n.	textura
thankful		adj.	agradecido
translate		v.	traducir
treasurer		n.	tesorero
triangle		n.	triángulo
unclear		adj.	confuso
upgraded		v.	actualizar
venezuela		n.	Venezuela
venice		n.	Venecia
vladimir		n.	Vladímir
wizard		n.	mago
yankees		n.	Yankees
absorbed		adj.	absorto
admin		n.	administrador
affection		n.	cariño
airplane		n.	avión
altitude		n.	altitud
apfs		n.	APFS
athens		n.	Atenas
attributes		n.	atributo
baked		adj.	horneado
baking		n.	horneado
beautifully		adv.	hermosamente
betty		n.	Betty
biblical		adj.	bíblico
bmw		n.	BMW
boo		int.	bu
cardiff		n.	Cardiff
collapsed		v.	derrumbarse
coloured		adj.	coloreado
competent		adj.	competente
countryside		n.	campo
cracking		n.	grietas
crane		n.	grúa
debris		n.	escombros
delegation		n.	delegación
demographic		adj.	demográfico
descriptions		n.	descripción
donor		n.	donante
easiest		adj.	el más fácil
educate		v.	educar
enabling		v.	permitir
enrolled		v.	inscribirse
enrollment		n.	inscripción
essex		n.	Essex
exceed		v.	exceder
excluding		prep.	excepto
expressions		n.	expresión
fierce		adj.	feroz
gabriel		n.	Gabriel
garlic		n.	ajo
gaza		n.	Gaza
gratitude		n.	gratitud
hail		v.	saludar
heroin		n.	heroína
honda		n.	Honda
hooked		adj.	enganchado
illustration		n.	ilustración
impose		v.	imponer
indicator		n.	indicador
inequality		n.	desigualdad
interpreted		v.	interpretar
jamaica		n.	Jamaica
joey		n.	joey
joshua		n.	Josué
journals		n.	revista
leisure		n.	ocio
lend		v.	prestar
lengths		n.	longitud
leon		n.	León
lounge		n.	salón
luckily		adv.	por suerte
manuscript		n.	manuscrito
marco		n.	Marco
