# en-ja: English candidates -> Japanese. Generated; edit corrections/en-ja.tsv instead (see CONTRIBUTING.md).
word	reading	pos	translation
the		det.	定冠詞
to		prep.	へ
and		conj.	と
of		prep.	の
in		prep.	の中に
is		v.	です
for		prep.	のため
that		conj.	あれ
you		pron.	あなた
it		pron.	それ
on		prep.	の上に
with		prep.	と
this		pron.	これ
was		v.	でした
be		v.	である
as		prep.	として
are		v.	です
have		v.	持つ
at		prep.	に
he		pron.	彼
not		adv.	ない
by		prep.	によって
but		conj.	しかし
from		prep.	から
my		pron.	私の
or		conj.	または
we		pron.	私たち
your		pron.	あなたの
all		adj.	すべての
so		conj.	それで
his		pron.	彼の
they		pron.	彼ら
me		pron.	私
if		conj.	もし
one		num.	一
can		v.	できる
will		v.	だろう
just		adv.	ちょうど
like		prep.	のように
about		prep.	について
up		adv.	上へ
out		adv.	外へ
what		pron.	何
has		v.	持つ
when		conj.	いつ
more		adv.	もっと
do		v.	する
no		adv.	いいえ
were		v.	でした
who		pron.	誰
had		v.	持った
it's		pron.	それ
their		pron.	彼らの
there		adv.	そこ
her		pron.	彼女の
which		pron.	どれ
time		n.	時間
get		v.	得る
been		v.	だった
would		v.	だろう
she		pron.	彼女
new		adj.	新しい
people		n.	人
how		adv.	どう
how-to		n.	ハウツー
some		pron.	いくつか
also		adv.	も
them		pron.	彼ら
now		adv.	今
all-in-one		adj.	オールインワン
other		adj.	他の
our		pron.	私たちの
than		conj.	より
good		adj.	良い
only		adv.	だけ
after		prep.	…の後
first		num.	最初の
him		pron.	彼
into		prep.	…の中へ
know		v.	知る
see		v.	見る
two		num.	二
make		v.	作る
over		prep.	…の上に
think		v.	考える
any		pron.	どれでも
then		adv.	それから
could		v.	できる
back		n.	背
these		pron.	これら
us		pron.	私たち을
want		v.	欲しい
because		conj.	なぜなら
go		v.	行く
well		adv.	よく
well		n.	井戸
good-by		int.	さようなら
said		v.	言う
way		n.	方法
most		adv.	最
much		adv.	とても
very		adv.	とても
where		adv.	どこ
even		adv.	さえ
should		v.	すべき
may		v.	かもしれない
here		adv.	ここ
need		v.	必要とする
really		adv.	本当に
did		v.	した
right		adj.	正しい
work		v.	働く
year		n.	年
years		n.	年
being		v.	存在する
day		n.	日
too		adv.	も
going		v.	行く
before		prep.	…の前
off		adv.	オフ
why		adv.	なぜ
made		v.	作る
still		adv.	まだ
take		v.	取る
got		v.	得る
many		adj.	多くの
never		adv.	決して
those		pron.	あれら
life		n.	生活
say		v.	言う
world		n.	世界
down		adv.	下に
great		adj.	偉大な
through		prep.	～を通って
last		adj.	最後の
that's		pron.	それは
while		conj.	～の間
best		adj.	最良の
such		adj.	そのような
love		v.	愛する
man		n.	男
home		n.	家
long		adj.	長い
look		v.	見る
something		pron.	何か
use		v.	使う
can't		v.	できない
same		adj.	同じ
used		v.	使う
both		pron.	両方
every		det.	すべての
am		v.	である
come		v.	来る
part		n.	部分
state		n.	状態
three		num.	三
around		prep.	～の周り
between		prep.	～の間에
always		adv.	いつも
better		adj.	より良い
find		v.	見つける
help		v.	助ける
high		adj.	高い
little		adj.	小さい
old		adj.	古い
since		conj.	～以来
another		pron.	もう一つ
does		v.	する
own		adj.	自分の
things		n.	物
under		prep.	～の下に
during		prep.	～の間
game		n.	ゲーム
thing		n.	物
give		v.	与える
house		n.	家
place		n.	場所
place		v.	置く
school		n.	学校
again		adv.	再び
next		adj.	次の
next		adv.	次に
each		pron.	それぞれ
without		prep.	なしで
against		prep.	に対して
didn't		v.	～しなかった
end		n.	終わり
found		v.	見つける
found		v.	設立する
must		v.	～しなければならない
show		v.	見せる
show		n.	ショー
big		adj.	大きい
feel		v.	感じる
sure		adj.	確かな
team		n.	チーム
ever		adv.	今までに
family		n.	家族
keep		v.	保つ
might		n.	力
please		v.	喜ばせる
please		int.	どうぞ
put		v.	置く
i'm		pron.	私は～です
money		n.	お金
free		adj.	自由な
free		adj.	無料の
second		num.	第二
second		n.	秒
someone		pron.	誰か
away		adv.	離れて
left		adj.	左の
left		v.	去る
number		n.	数
city		n.	都市
days		n.	日
lot		n.	多く
name		n.	名前
night		n.	夜
play		v.	遊ぶ
play		n.	劇
until		prep.	まで
company		n.	会社
doing		v.	する
few		adj.	少しの
he's		pron.	彼は～です
let		v.	～させる
real		adj.	本当の
called		v.	呼ぶ
different		adj.	異なる
having		v.	持つ
set		v.	設定する
set		n.	セット
thought		n.	考え
thought		v.	思う
done		adj.	終わった
however		adv.	しかしながら
getting		v.	得る
god		n.	神
government		n.	政府
group		n.	グループ
looking		v.	見る
public		adj.	公共の
public		n.	公衆
top		n.	上
women		n.	女性
business		n.	ビジネス
care		n.	関心
care		v.	気にする
start		v.	始める
system		n.	システム
times		n.	回
week		n.	週
already		adv.	すでに
anything		pron.	何か
case		n.	場合
nothing		pron.	何も
person		n.	人
today		n.	今日
change		v.	変える
change		n.	変化
enough		adj.	十分な
everything		pron.	すべて
full		adj.	いっぱいの
live		v.	生きる
making		v.	作る
point		n.	点
read		v.	読む
so-called		adj.	いわゆる
told		v.	伝える
yet		adv.	まだ
bad		adj.	悪い
four		num.	四
hard		adj.	難しい
mean		v.	意味する
once		adv.	一度
support		v.	支える
tell		v.	伝える
including		prep.	含めて
music		n.	音楽
power		n.	力
seen		v.	見る
states		n.	州
stop		v.	止める
water		n.	水
based		adj.	基づく
believe		v.	信じる
call		v.	呼ぶ
head		n.	頭
men		n.	男
national		adj.	国家の
small		adj.	小さい
took		v.	取る
white		adj.	白い
came		v.	来る
far		adv.	遠く
job		n.	仕事
side		n.	側
though		conj.	しかし
try		v.	試みる
went		v.	行く
yes		int.	はい
actually		adv.	実際に
american		adj.	アメリカの
later		adv.	後で
less		adv.	より少ない
line		n.	線
order		n.	順序
party		n.	party
run		v.	走る
run		n.	ランニング
says		v.	言う
service		n.	サービス
service		v.	整備する
country		n.	国
country		n.	田舎
open		adj.	開いた
open		v.	開く
season		n.	季節
shit		int.	くそ
shit		n.	糞
thank		v.	感謝する
children		n.	子供
everyone		pron.	みんな
general		adj.	一般的な
general		n.	将軍
trying		v.	試みる
united		adj.	統一された
using		v.	使う
area		n.	地域
black		adj.	黒い
following		adj.	次の
following		n.	以下
law		n.	法律
makes		v.	作る
together		adv.	一緒に
war		n.	戦争
whole		adj.	全体の
car		n.	車
face		n.	顔
face		v.	直面する
five		num.	五
kind		n.	種類
kind		adj.	親切な
maybe		adv.	たぶん
per		prep.	毎
president		n.	大統領
story		n.	物語
working		v.	働く
working		adj.	稼働中の
course		n.	課程
course		n.	もちろん
games		n.	ゲーム
health		n.	健康
hope		v.	望む
hope		n.	希望
important		adj.	重要な
least		adv.	最少
means		v.	意味する
means		n.	手段
news		n.	ニュース
within		prep.	以内
able		adj.	できる
book		n.	本
book		v.	予約する
early		adj.	早い
early		adv.	早く
friends		n.	友達
information		n.	情報
local		adj.	地元の
post		n.	投稿
post		v.	投稿する
thanks		int.	ありがとう
thanks		n.	感謝
video		n.	動画
young		adj.	若い
ago		adv.	前に
btw		adv.	ちなみに
others		pron.	他の人
social		adj.	社会的な
talk		v.	話す
talk		n.	会話
court		n.	裁判所
fact		n.	事実
given		adj.	与えられた
given		prep.	…を考えると
guys		n.	皆
half		num.	半
hand		n.	手
isn't		v.	ではない
level		n.	レベル
mind		n.	心
often		adv.	しばしば
single		adj.	単一の
become		v.	なる
body		n.	体
coming		v.	来る
control		v.	制御する
death		n.	死
food		n.	食べ物
guy		n.	やつ
hours		n.	時間
office		n.	オフィ스
pay		v.	払う
problem		n.	問題
south		n.	南
true		adj.	本当の
almost		adv.	ほとんど
fuck		v.	やる
history		n.	歴史
known		adj.	既知の
large		adj.	大きい
lost		adj.	道に迷った
research		n.	研究
room		n.	部屋
several		num.	いくつか의
started		v.	始めた
taking		v.	取る
university		n.	大学
win		v.	勝つ
wrong		adj.	間違った
along		prep.	沿って
anyone		pron.	誰でも
else		adv.	その他
girl		n.	女の子
john		n.	ジョン
matter		n.	事
pretty		adv.	かなり
remember		v.	覚える
air		n.	空気
bit		n.	少し
friend		n.	友達
hit		v.	打つ
needs		v.	必要とする
nice		adj.	素敵な
playing		v.	遊ぶ
probably		adv.	たぶん
saying		v.	言う
understand		v.	理解する
yeah		int.	うん
york		n.	ヨーク
you're		pron.	あなたは
class		n.	クラス
close		v.	閉じる
comes		v.	来る
idea		n.	アイデア
international		adj.	国際的な
looks		n.	見た目
past		n.	過去
past		prep.	〜を過ぎて
possible		adj.	可能な
wanted		v.	欲しい
cause		n.	原因
due		adj.	期限の
happy		adj.	幸せな
human		n.	人間
members		n.	メンバー
months		n.	月
move		v.	動く
question		n.	質問
series		n.	シリーズ
wait		v.	待つ
woman		n.	女性
ask		v.	聞く
community		n.	コミュニティ
data		n.	データ
late		adj.	遅い
leave		v.	去る
north		n.	北
saw		v.	見る
special		adj.	特別な
watch		v.	見る
won't		v.	〜しないだろう
either		conj.	〜か
fucking		adj.	くそったれな
fucking		adv.	くそ
future		n.	未来
light		n.	光
low		adj.	低い
million		num.	百万
morning		n.	朝
police		n.	警察
short		adj.	短い
stay		v.	滞在する
taken		v.	取る
age		n.	年齢
buy		v.	買う
deal		n.	取引
rather		adv.	むしろ
reason		n.	理由
red		adj.	赤い
report		n.	報告
soon		adv.	もうすぐ
third		num.	第三
turn		v.	回す
whether		conj.	かどうか
among		prep.	〜の中で
check		v.	確認する
development		n.	発展
form		n.	形式
further		adv.	さらに
further		adj.	さらにの
heart		n.	心
minutes		n.	分
myself		pron.	自分自身
services		n.	サービス
yourself		pron.	あなた自身
act		v.	行動する
although		conj.	しかし
asked		v.	尋ねる
child		n.	子ども
fire		n.	火
fire		v.	解雇する
fun		n.	楽しみ
living		adj.	生きている
living		n.	生活
major		adj.	主要な
major		n.	専攻
media		n.	メディア
phone		n.	電話
players		n.	選手
players		n.	プレーヤー
well-known		adj.	有名な
art		n.	芸術
behind		prep.	～の後ろに
behind		adv.	後ろに
building		n.	建物
easy		adj.	簡単な
gonna		v.	～するつもり
market		n.	市場
near		prep.	～の近くに
near		adj.	近い
plan		n.	計画
plan		v.	計画する
political		adj.	政治的な
quite		adv.	かなり
six		num.	六
talking		v.	話す
west		n.	西
works		n.	作品
works		v.	働く
according		prep.	～に従って
available		adj.	利用可能な
education		n.	教育
final		adj.	最終的な
former		adj.	以前の
front		n.	前
kids		n.	子ども
list		n.	リスト
ready		adj.	準備ができた
sometimes		adv.	時々
son		n.	息子
street		n.	通
bring		v.	持ってくる
college		n.	大学
current		adj.	現在の
example		n.	例
experience		n.	経験
experience		v.	経験する
heard		v.	聞く
london		n.	ロンドン
meet		v.	会う
program		n.	プログラム
program		n.	番組
type		n.	タイプ
type		v.	タイプする
baby		n.	赤ん坊
chance		n.	機会
father		n.	父
march		v.	行進する
process		n.	過程
song		n.	歌
study		v.	勉強する
study		n.	勉強
word		n.	言葉
across		prep.	～を横切って
action		n.	行動
clear		adj.	明確な
gave		v.	与える
gets		v.	得る
himself		pron.	彼自身
month		n.	月
outside		prep.	外に
self		n.	自己
students		n.	学生
words		n.	言葉
board		n.	板
cost		n.	費用
cost		v.	かかる
cut		v.	切る
field		n.	分野
field		n.	野原
held		v.	開催する
instead		adv.	代わりに
main		adj.	主要な
moment		n.	瞬間
mother		n.	母
road		n.	道路
seems		v.	〜のように見える
thinking		n.	思考
thinking		v.	考える
town		n.	町
wants		v.	欲する
department		n.	部門
energy		n.	エネルギー
fight		v.	戦う
fight		n.	闘い
fine		adj.	良い
fine		n.	罰金
force		n.	力
force		v.	強いる
hear		v.	聞こえる
issue		n.	問題
played		v.	遊ぶ
points		n.	要点
points		num.	点
price		n.	価格
rest		n.	休息
rest		v.	休む
results		n.	結果
running		n.	ランニング
running		v.	走る
shows		v.	示す
shows		n.	番組
space		n.	空間
space		n.	宇宙
summer		n.	夏
term		n.	用語
term		n.	学期
wife		n.	妻
america		n.	アメリカ
beautiful		adj.	美しい
date		n.	日付
date		n.	デート
goes		v.	行く
i've		pron.	私はすでに
killed		v.	殺す
land		n.	土地
land		v.	着陸する
miss		n.	〜さん
project		n.	プロジェクト
sex		n.	性
shot		n.	射撃
shot		v.	撃つ
site		n.	場所
site		n.	サイト
strong		adj.	強い
account		n.	口座
account		n.	説明
especially		adv.	特に
eyes		n.	目
include		v.	含む
june		n.	6月
parents		n.	両親
period		n.	期間
position		n.	位置
record		n.	記録
similar		adj.	似ている
total		adj.	全体の
above		prep.	〜の上に
club		n.	クラブ
common		adj.	一般的
died		v.	死ぬ
film		n.	映画
happened		v.	起こる
knew		v.	知っている
lead		v.	導く
lead		n.	鉛
likely		adj.	ありそうな
military		n.	軍
military		adj.	軍事の
perfect		adj.	完璧な
personal		adj.	個人的
second-hand		adj.	中古の
security		n.	安全
share		v.	分かち合う
share		n.	株式
tv		n.	テレビ
what's		pron.	何が
won		v.	勝つ
april		n.	四月
center		n.	中心
county		n.	郡
couple		n.	一組
dead		adj.	死んだ
english		n.	英語
fifo		n.	先入れ先出し
happen		v.	起こる
hold		v.	持つ
industry		n.	産業
inside		prep.	〜の中に
issues		n.	問題
online		adj.	オンラインの
player		n.	プレーヤー
private		adj.	私的な
problems		n.	問題
return		v.	戻る
rights		n.	権利
sense		n.	感覚
star		n.	星
test		n.	テスト
up-to-date		adj.	最新の
view		n.	見解
weeks		n.	週
break		v.	壊す
british		adj.	イギリスの
companies		n.	会社
event		n.	イベント
higher		adj.	より高い
hour		n.	時間
member		n.	メンバー
middle		n.	中央
needed		v.	必要とする
present		n.	プレゼント
present		adj.	出席している
result		n.	結果
sorry		adj.	申し訳ない
takes		v.	取る
training		n.	訓練
wish		v.	願う
wish		n.	願い
answer		n.	答え
answer		v.	答える
boy		n.	少年
design		n.	デザイン
design		v.	設計する
finally		adv.	ついに
girls		n.	少女
gold		n.	金
gold		adj.	金の
gone		v.	行く
guess		v.	推測する
interest		n.	興味
july		n.	7月
king		n.	王
learn		v.	学ぶ
policy		n.	政策
society		n.	社会
added		v.	追加する
alone		adj.	一人の
average		n.	平均
bank		n.	銀行
brought		v.	持ってくる
certain		adj.	確かな
church		n.	教会
east		n.	東
hands		n.	手
hot		adj.	暑い
let's		v.	〜しよう
longer		adj.	より長い
medical		adj.	医療の
movie		n.	映画
original		adj.	本来の
park		n.	公園
performance		n.	公演
press		v.	押す
received		v.	受け取る
role		n.	役割
sent		v.	送る
themselves		pron.	彼ら自身
tried		v.	試みる
worked		v.	働く
worth		adj.	〜の価値がある
areas		n.	地域
became		v.	なる
bill		n.	請求書
books		n.	本
cool		adj.	かっこいい
director		n.	監督
exactly		adv.	正確に
giving		v.	与える
ground		n.	地面
meeting		n.	会議
provide		v.	提供する
questions		n.	質問
relationship		n.	関係
september		n.	9月
sound		n.	音
source		n.	情報源
usually		adv.	通常
value		n.	価値
evidence		n.	証拠
follow		v.	フォローする
lives		n.	命
official		adj.	公式の
ok		int.	オーケー
production		n.	生産
rate		n.	割合
reading		n.	読書
round		adj.	丸い
save		v.	保存する
stand		v.	立つ
stand		n.	売店
stuff		n.	物
tax		n.	税
whatever		pron.	何でも
whatever		conj.	いずれにせよ
amount		n.	量
blue		adj.	青い
countries		n.	国
david		n.	デイヴィッド
drive		v.	運転する
eat		v.	食べる
fall		v.	落ちる
fast		adj.	速い
federal		adj.	連邦の
feeling		n.	感覚
felt		v.	感じる
green		adj.	緑の
league		n.	リーグ
management		n.	管理
match		n.	試合
model		n.	モデル
picture		n.	写真
size		n.	サイズ
step		n.	ステップ
trust		v.	信頼する
central		adj.	中央の
changes		v.	変える
england		n.	イングランド
follow-up		n.	フォローアップ
forward		adv.	前方
groups		n.	グループ
hey		int.	おい
key		n.	鍵
mom		n.	お母さん
page		n.	ページ
paid		v.	支払う
range		n.	範囲
review		n.	レビュー
science		n.	科学
trade		n.	貿易
uk		n.	イギリス
upon		prep.	～の上に
various		adj.	様々な
attention		n.	注意
brother		n.	兄弟
cannot		v.	できない
character		n.	キャラクター
chief		n.	長
chief		adj.	最高の
cup		n.	カップ
football		n.	サッカー
hate		v.	憎む
james		n.	ジェームズ
led		v.	導く
looked		v.	見る
lower		v.	下げる
lower		adj.	より低い
natural		adj.	自然の
october		n.	十月
property		n.	財産
property		n.	性質
quality		n.	品質
send		v.	送る
style		n.	スタイル
vote		v.	投票する
vote		n.	投票
wysiwyg		n.	ウィジウィグ
amazing		adj.	驚くべき
august		adj.	威厳のある
blood		n.	血
china		n.	磁器
complete		adj.	完全な, 完了した
complete		v.	完了させる
dog		n.	犬
e-business		n.	電子商取引
economic		adj.	経済の
first-rate		adj.	一流の
hell		n.	地獄
involved		adj.	関与した
itself		pron.	それ自身
language		n.	言語
lord		n.	領主
november		n.	十一月
oil		n.	油
oil		n.	石油
related		adj.	関連した
serious		adj.	深刻な
stage		n.	段階
terms		n.	条件
title		n.	タイトル
add		v.	追加する
article		n.	記事
attack		v.	攻撃する
attack		n.	攻撃
born		v.	生まれる
damn		int.	ちくしょう
decided		v.	決定する
decision		n.	決定
enjoy		v.	楽しむ
entire		adj.	全体の
french		adj.	フランスの
french		n.	フランス語
january		n.	1月
kill		v.	殺す
met		v.	会う
perhaps		adv.	たぶん
poor		adj.	貧しい
release		v.	リリースする
situation		n.	状況
technology		n.	技術
turned		v.	向きを変える
website		n.	ウェブサイト
written		adj.	書かれた
add-on		n.	アドオン
choice		n.	選択
code		n.	コード
considered		adj.	熟慮された
continue		v.	続ける
council		n.	評議会
cover		v.	覆う
cover		n.	表紙
currently		adv.	現在
door		n.	ドア
election		n.	選挙
european		adj.	ヨーロッパの
events		n.	イベント
financial		adj.	財政の
foreign		adj.	外国の
hair		n.	髪
increase		v.	増える
increase		n.	増加
legal		adj.	合法の
lose		v.	失う
michael		n.	マイケル
pick		v.	選ぶ
race		n.	人種
race		n.	レース
seem		v.	〜のように見える
seven		num.	七
sign		n.	標識
sign		v.	署名する
simple		adj.	簡単な
simply		adv.	単に
staff		n.	職員
super		adj.	すばらしい
union		n.	連合
walk		v.	歩く
walk		n.	散歩
washington		n.	ワシントン
bed		n.	ベッド
began		v.	始める
built		v.	建てる
career		n.	経歴
changed		v.	変える
crazy		adj.	狂った
daily		adj.	毎日の
daughter		n.	娘
december		n.	十二月
die		v.	死ぬ
difficult		adj.	難しい
figure		n.	数字
figure		n.	人物
hospital		n.	病院
knows		v.	知る
loss		n.	損失
modern		adj.	現代の
ones		pron.	もの
paper		n.	紙
parts		n.	部分
popular		adj.	人気の
published		v.	出版する
safe		adj.	安全な
starting		v.	始める
systems		n.	システム
version		n.	バージョン
voice		n.	声
whose		pron.	誰の
writing		n.	書くこと
army		n.	軍
australia		n.	オーストラリア
earth		n.	地球
earth		n.	土
forget		v.	忘れる
goal		n.	目標
goal		n.	ゴール
huge		adj.	巨大な
internet		n.	インターネット
listen		v.	聴く
okay		int.	オーケー
practice		n.	練習
practice		v.	練習する
rules		n.	ルール
sea		n.	海
sir		n.	〜さん
success		n.	成功
towards		prep.	〜の方へ
waiting		v.	待つ
ways		n.	方法
ways		n.	道
access		n.	アクセス
base		n.	基礎
below		adv.	下に
created		v.	作る
deep		adj.	深い
followed		v.	従う
lol		int.	草
mark		n.	マーク
missing		adj.	行方不明の
offer		v.	提供する
pass		v.	通る
professional		adj.	プロの
released		v.	発売する
risk		n.	リスク
schools		n.	学校
sleep		v.	眠る
sleep		n.	睡眠
table		n.	テーブル
ten		num.	十
truth		n.	真実
ball		n.	ボール
box		n.	箱
build		v.	建てる
card		n.	カード
cases		n.	場合
dark		adj.	暗い
district		n.	地区
europe		n.	ヨーロッパ
george		n.	ジョージ
india		n.	インド
mine		pron.	私の
mine		n.	鉱山
minister		n.	大臣
note		n.	ノート
percent		n.	パーセント
piece		n.	一片
products		n.	製品
recent		adj.	最近の
seeing		v.	見る
straight		adj.	まっすぐの
visit		v.	訪れる
visit		n.	訪問
wall		n.	壁
wanna		v.	したい
wrote		v.	書く
allowed		adj.	許可された
boys		n.	少年
culture		n.	文化
etc		adv.	など
fans		n.	ファン
february		n.	2月
gives		v.	与える
growth		n.	成長
included		v.	含む
married		adj.	既婚の
officer		n.	将校
pain		n.	痛み
paul		n.	ポール
places		n.	場所
respect		n.	尊敬
response		n.	回答
river		n.	川
rock		n.	岩
shall		v.	～だろう
speak		v.	話す
specific		adj.	具体的な
standard		n.	基準
tonight		adv.	今夜
write		v.	書く
album		n.	アルバム
century		n.	世紀
charge		v.	請求する
cold		adj.	寒い
create		v.	作り出す
effect		n.	効果
eight		num.	八
except		prep.	～を除いて
eye		n.	目
funny		adj.	面白い
limited		adj.	限られた
moving		adj.	動く
network		n.	ネットワーク
peace		n.	平和
provided		conj.	～という条件で
recently		adv.	最近
required		adj.	必要な
sales		n.	販売
spent		v.	使う
store		n.	店
student		n.	学生
tomorrow		n.	明日
track		n.	軌道
via		prep.	経由で
watching		v.	見る
weight		n.	重量
addition		n.	加法
ahead		adv.	前方で
allow		v.	許す
anti		prep.	反対
association		n.	協会
beat		v.	打つ
brown		n.	茶色
capital		n.	首都
chinese		adj.	中国の
committee		n.	委員会
conference		n.	会議
difference		n.	違い
double		v.	倍にする
expect		v.	期待する
gas		n.	ガス
gas		n.	ガソリン
island		n.	島
moved		v.	動く
moved		v.	感動させる
normal		adj.	普通の
normal		n.	正常
plans		n.	計画
population		n.	人口
potential		adj.	潜在的
potential		n.	可能性
pressure		n.	圧力
radio		n.	ラジオ
russian		adj.	ロシアの
station		n.	駅
station		n.	局
text		n.	テキスト
treatment		n.	治療
treatment		n.	扱い
western		adj.	西洋の
ass		n.	尻
ass		n.	ロバ
beginning		n.	始まり
california		n.	カリフォルニア
campaign		n.	運動
campaign		n.	キャンペーン
certainly		adv.	確かに
completely		adv.	完全に
content		n.	内容
content		adj.	満足した
credit		n.	信用
credit		n.	単位
cross		v.	横断する
cross		n.	十字架
described		v.	描写する
despite		prep.	にもかかわらず
female		adj.	女性の
female		n.	女性
focus		v.	集中する
focus		n.	焦点
hi		int.	やあ
husband		n.	夫
ice		n.	氷
individual		adj.	個人の
individual		n.	個人
interesting		adj.	面白い
join		v.	加わる
kept		v.	保つ
leading		adj.	主要な
loved		v.	愛する
message		n.	メッセージ
miles		n.	マイル
nearly		adv.	ほぼ
particular		adj.	特別の
previous		adj.	以前の
quickly		adv.	素早く
region		n.	地域
reported		v.	報道する
section		n.	部分
sort		n.	種類
sort		v.	分類する
speed		n.	速度
travel		v.	旅行する
travel		n.	旅行
consider		v.	考える
contact		n.	連絡
contact		v.	連絡する
drop		v.	落ちる
drop		n.	雫
fair		adj.	公平な
fair		n.	市
feet		n.	足
jesus		n.	イエス
kid		n.	子供
link		n.	リンク
positive		adj.	積極的な
positive		adj.	陽性の
post-training		n.	事後学習
sale		n.	販売
throughout		prep.	～全体にわたって
tour		n.	tour
welcome		v.	歓迎する
absolutely		adv.	絶対に
additional		adj.	追加の
beyond		prep.	〜を越えて
conditions		n.	条件
earlier		adv.	より早く
extra		adj.	追加の
forces		n.	力
immediately		adv.	すぐに
jobs		n.	仕事
leaving		v.	出発する
minute		n.	分
nature		n.	自然
numbers		n.	数字
quick		adj.	速い
sell		v.	売る
significant		adj.	重要な
studies		n.	研究
unless		conj.	~でない限り
winning		v.	勝つ
agree		v.	同意する
canada		n.	カナダ
clean		adj.	きれいな
computer		n.	コンピュータ
construction		n.	建設
episode		n.	エピソード
favorite		adj.	お気に入りの
income		n.	収入
justice		n.	正義
levels		n.	レベル
manager		n.	マネージャー
movement		n.	運動
photo		n.	写真
posted		v.	投稿する
safety		n.	安全
scene		n.	場面
sold		v.	売る
sounds		n.	音
spend		v.	使う
statement		n.	声明
sun		n.	太陽
teams		n.	チーム
they're		pron.	彼らは
ability		n.	能力
announced		v.	発表する
asking		v.	尋ねる
calling		v.	電話する
coach		n.	コーチ
collection		n.	コレクション
continued		v.	続く
costs		n.	費用
definitely		adv.	確実に
designed		v.	設計する
expected		v.	予期する
friday		n.	金曜日
gun		n.	銃
happens		v.	起こる
heavy		adj.	重い
includes		v.	含む
knowledge		n.	知識
particularly		adv.	特に
search		v.	検索する
subject		n.	主題
train		n.	列車
wide		adj.	広い
wow		int.	わあ
author		n.	著者
centre		n.	中心
claim		v.	主張する
dad		n.	お父さん
developed		adj.	発達した
fear		n.	恐怖
fit		adj.	健康な
fit		v.	合う
generally		adv.	通常
german		adj.	ドイツの
global		adj.	グローバルの
goals		n.	目標
gotta		v.	～しなければならない
hotel		n.	ホテル
interested		adj.	興味がある
judge		n.	裁判官
lady		n.	女性
leader		n.	指導者
letter		n.	手紙
lines		n.	行
material		n.	材料
named		v.	名付ける
nobody		pron.	誰も～ない
opportunity		n.	機会
plus		prep.	プラス
product		n.	製品
regular		adj.	通常の
secretary		n.	秘書
sister		n.	姉妹
stories		n.	物語
unit		n.	単位
workers		n.	労働者
annual		adj.	毎年の
anymore		adv.	もう～ない
bar		n.	バー
battle		n.	戦い
brain		n.	脳
by-product		n.	副産物
contract		n.	契約
degree		n.	程度
families		n.	家族
features		n.	特徴
finished		v.	終える
floor		n.	床
france		n.	フランス
growing		v.	成長する
hurt		v.	傷つける
image		n.	画像
insurance		n.	保険
majority		n.	多数
meant		v.	意味する
opening		n.	開始
opinion		n.	意見
physical		adj.	物理的
pro		n.	プロ
reach		v.	届く
rule		n.	ルール
seriously		adv.	真剣に
sports		n.	スポーツ
stupid		adj.	愚かな
successful		adj.	成功した
active		adj.	活動的な
administration		n.	管理
approach		n.	アプローチ
australian		adj.	オーストラリアの
biggest		adj.	最も大きい
cancer		n.	がん
civil		adj.	市民の
dance		v.	踊る
defense		n.	防御
direction		n.	方向
ill		adj.	病気の
independent		adj.	独立した
master		n.	主人
none		pron.	どれも～ない
reasons		n.	理由
russia		n.	ロシア
ship		n.	船
stock		n.	株式
trump		n.	切り札
weekend		n.	週末
wonder		v.	疑問に思う
worst		adj.	最も悪い
africa		n.	アフリカ
awesome		adj.	素晴らしい
band		n.	バンド
beach		n.	ビーチ
cash		n.	現金
clearly		adv.	明らかに
commercial		adj.	商業の
compared		v.	比べる
effort		n.	努力
ended		v.	終わる
fan		n.	ファン
fighting		v.	戦う
imagine		v.	想像する
impact		n.	影響
lack		n.	欠如
latest		adj.	最新の
learning		n.	学習
multiple		adj.	複数の
older		adj.	年上の
operation		n.	手術
organization		n.	組織
passed		v.	通過する
pictures		n.	写真
protect		v.	守る
secret		n.	秘密
secret		adj.	秘密の
senior		adj.	年長の
spring		n.	春
sunday		n.	日曜日
telling		v.	言う
wear		v.	着る
activities		n.	活動
address		n.	住所
address		v.	演説する
analysis		n.	分析
anyway		adv.	どのみち
bought		v.	買う
calls		n.	電話
choose		v.	選ぶ
christmas		n.	クリスマス
color		n.	色
commission		n.	委員会
competition		n.	競争
details		n.	詳細
direct		adj.	直接の
direct		v.	指揮する
dream		n.	夢
easily		adv.	容易に
finish		v.	終える
grand		adj.	壮大な
increased		adj.	増加した
indian		adj.	インドの
literally		adv.	文字通り
luck		n.	運
marriage		n.	結婚
names		n.	名前
necessary		adj.	必要な
patients		n.	患者
resources		n.	資源
rich		adj.	豊かな
skin		n.	肌
speaking		v.	話す
supposed		adj.	想定の
sweet		adj.	甘い
sweet		n.	キャンディー
thus		adv.	それゆえ
touch		v.	触れる
yesterday		n.	昨日
caught		v.	捕まえる
closed		adj.	閉じた
congress		n.	議会
damage		n.	損害
directly		adv.	直接に
disease		n.	病
doctor		n.	医者
doubt		n.	疑い
drink		v.	飲む
driving		v.	運転する
established		adj.	設立された
feels		v.	感じる
fish		n.	魚
gay		adj.	同性愛の
germany		n.	ドイツ
glad		adj.	嬉しい
greater		adj.	より大きい
grow		v.	成長する
largest		adj.	最大の
machine		n.	機械
notice		v.	気づく
notice		n.	通知
overall		adj.	全体的
overall		adv.	概して
overall		n.	オーバーオール
planning		v.	計画する
professor		n.	教授
programs		n.	プログラム
records		n.	記録
reports		n.	レポート
reports		v.	報じる
shown		v.	表示する
sit		v.	座る
trip		n.	旅行
trip		v.	つまずく
we're		pron.	私たちは〜です
associated		v.	関連付ける
associated		adj.	関連の
basic		adj.	基本的な
captain		n.	キャプテン
carry		v.	運ぶ
cars		n.	車
crime		n.	犯罪
effective		adj.	効果的な
effects		n.	効果
explain		v.	説明する
front-page		adj.	第一面の
fully		adv.	完全に
fyi		int.	ご参考まで
highly		adv.	非常に
holding		v.	持つ
holding		n.	保有株
japan		n.	日本
laws		n.	法律
male		adj.	男性の
male		n.	男性
parties		n.	パーティー
parties		n.	政党
plant		n.	植物
plant		n.	工場
plant		v.	植える
reality		n.	現実
smith		n.	スミス
spot		n.	場所
spot		v.	見つける
texas		n.	テキサス
winter		n.	冬
worse		adj.	より悪い
advice		n.	助言
agreement		n.	合意
award		n.	賞
award		v.	授与する
block		n.	街区
block		v.	妨げる
block		n.	塊
broken		adj.	壊れた
caused		v.	引き起こす
challenge		n.	挑戦
challenge		v.	挑戦する
characters		n.	文字
characters		n.	登場人物
christian		n.	キリスト教徒
christian		adj.	キリスト教の
comment		n.	コメント
comment		v.	コメントする
equipment		n.	設備
eventually		adv.	最終的に
helped		v.	助けた
holy		adj.	神聖な
killing		n.	殺す
killing		v.	殺す
killing		adj.	致命的な
lived		v.	暮らす
lots		n.	多く
lots		n.	大量
nation		n.	国民
otherwise		adv.	さもなければ
peter		v.	衰える
prices		n.	価格
primary		adj.	主要な
purpose		n.	目的
rates		n.	料金
rates		n.	割合
responsible		adj.	責任のある
shop		n.	店
shop		v.	買い物する
showing		v.	示す
showing		n.	上映
sick		adj.	病気の
teacher		n.	教師
theory		n.	理論
uses		v.	使う
uses		n.	用途
william		n.	ウィリアム
agency		n.	機関
avoid		v.	避ける
camera		n.	カメラ
catch		v.	捕まえる
catch		n.	落とし穴
cell		n.	細胞
cell		n.	独房
coast		n.	海岸
comments		n.	コメント
drug		n.	薬
drug		n.	麻薬
economy		n.	経済
environment		n.	環境
executive		n.	経営幹部
executive		adj.	経営の
foot		n.	足
foot		n.	フィート
hall		n.	ホール
mass		n.	質量
mass		n.	大量
meaning		n.	意味
mission		n.	使命
nine		num.	九
officers		n.	役員
operations		n.	運営
operations		n.	手術
politics		n.	政治
pop		v.	弾ける
pop		n.	ポップ
produced		v.	生産する
ran		v.	走る
ran		v.	経営する
saturday		n.	土曜日
self-attention		n.	自己注意
status		n.	地位
status		n.	状態
therefore		adv.	それゆえ
trial		n.	裁判
trial		n.	試験
truly		adv.	本当に
weather		n.	天気
activity		n.	活動
app		n.	アプリ
application		n.	応用
application		n.	申請
claims		v.	主張する
claims		n.	請求
coffee		n.	コーヒー
complex		adj.	複雑な
complex		n.	複合体
condition		n.	条件
condition		n.	状態
division		n.	部門
division		n.	除法
evening		n.	夜
flight		n.	便
flight		n.	飛行
freedom		n.	自由
google		n.	Google
heat		n.	熱
highest		adj.	最も高い
interview		n.	面接
interview		n.	インタビュー
library		n.	図書館
located		v.	位置する
location		n.	場所
murder		v.	殺害する
murder		n.	殺人
offered		v.	提供する
pop-up		adj.	ポップアップの
pop-up		n.	ポップアップ
putting		v.	置く
queen		n.	女王
queen		n.	王妃
seconds		n.	秒
showed		v.	示す
sitting		n.	座る
standing		n.	立っていること
stars		n.	星
walking		v.	歩くこと
accept		v.	受け入れる
actual		adj.	実際の
appear		v.	現れる
attempt		v.	試みる
broke		adj.	破産した
channel		n.	チャンネル
distance		n.	距離
eating		v.	食べること
exchange		n.	交換
fat		adj.	太った
fell		v.	落ちる
finding		n.	発見
glass		n.	ガラス
learned		adj.	博識な
losing		v.	失うこと
mobile		adj.	モバイルの
northern		adj.	北の, 北部の
opened		v.	開ける
placed		v.	置く
placed		n.	場所
powerful		adj.	力強い
prior		adj.	事前の
protection		n.	保護
reached		v.	到達する
receive		v.	受け取る
religious		adj.	宗教的
ride		v.	乗る
robert		n.	ロバート
royal		adj.	王室の
screen		n.	画面
serve		v.	仕える
signed		v.	署名した
slow		adj.	遅い
species		n.	種
speech		n.	スピーチ
traffic		n.	交通
tree		n.	木
types		n.	タイプ
wearing		v.	着ること
whom		pron.	誰
wonderful		adj.	素晴らしい
wtf		int.	なんてこった
agreed		adj.	同意した
airport		n.	空港
animals		n.	動物
appears		v.	現れる
begin		v.	始める
benefits		n.	利益
bottom		n.	底
cities		n.	都市
demand		v.	要求する
engine		n.	エンジン
everybody		pron.	みんな
famous		adj.	有名な
ideas		n.	考え
investment		n.	投資
keeping		n.	保管
lie		v.	横たわる
lie		v.	嘘をつく
lie		n.	嘘
notes		n.	ノート
partner		n.	パートナー
plays		v.	遊ぶ
plays		n.	戯曲
raised		v.	上げる
runs		v.	走る
runs		v.	経営する
sad		adj.	悲しい
solution		n.	解決策
solution		n.	溶液
songs		n.	歌
sources		n.	情報源
southern		adj.	南の
square		n.	正方形
square		adj.	平方の
square		n.	広場
stopped		v.	止める
structure		n.	構造
thomas		n.	トーマス
traditional		adj.	伝統的な
twice		adv.	二回
wind		n.	風
worry		v.	心配する
worry		n.	心配
americans		n.	アメリカ人
appeared		v.	現れる
becomes		v.	なる
brand		n.	ブランド
bus		n.	バス
cent		n.	セント
chicago		n.	シカゴ
count		v.	数える
count		v.	重要である
covered		v.	覆う
critical		adj.	重大な
critical		adj.	批評的な
digital		adj.	デジタルの
forced		v.	強いる
fourth		num.	四番目
fresh		adj.	新鮮な
lake		n.	湖
mental		adj.	精神の
mentioned		v.	言及する
missed		v.	逃す
mostly		adv.	主に
mouth		n.	口
owner		n.	所有者
photos		n.	写真
previously		adv.	以前
realize		v.	気づく
remain		v.	とどまる
scale		n.	規模
scale		n.	目盛り
score		n.	得点
score		v.	得点する
separate		adj.	別々の
smart		adj.	賢い
starts		v.	始める
surface		n.	表面
throw		v.	投げる
tom		n.	トム
totally		adv.	完全に
views		n.	見解
wedding		n.	結婚式
acting		n.	演技
actions		n.	行動
african		adj.	アフリカの
arms		n.	W兵器
arms		n.	腕
benefit		n.	利益
benefit		n.	給付
budget		n.	予算
click		v.	クリックする
click		n.	カチッという音
estate		n.	不動産
estate		n.	荘園
failed		v.	失敗する
faith		n.	信仰
faith		n.	信頼
fashion		n.	ファッション
fashion		n.	方法
feature		n.	特徴
feature		n.	特集
fund		n.	基金
fund		v.	資金を供給する
generation		n.	世代
generation		n.	生成
hearing		n.	聴覚
hearing		n.	公聴会
hill		n.	丘
jack		n.	ジャック
larger		adj.	より大きい
livehouse		n.	ライブハウス
louis		n.	ルイ
metal		n.	金属
metal		n.	ヘヴィメタル
mid		adj.	中間の
paris		n.	パリ
profile		n.	プロフィール
profile		n.	横顔
pull		v.	引く
pull		n.	引くこと
push		v.	押す
push		n.	押すこと
returned		v.	戻る
returned		v.	返す
rose		v.	上がる
seat		n.	席
seat		v.	座らせる
seemed		v.	～のように見える
sexual		adj.	性的な
target		n.	目標
target		v.	狙う
understanding		n.	理解
understanding		adj.	思いやりのある
village		n.	村
wwi		n.	第一次世界大戦
agent		n.	代理人
agent		n.	諜報員
animal		n.	動物
apply		v.	申し込む
apply		v.	適用する
authority		n.	権威
authority		n.	当局
basis		n.	基礎
becoming		v.	～になる
chris		n.	クリス
draw		v.	描く
draw		v.	引き付ける
draw		n.	引き分け
dude		n.	君
employees		n.	従業員
enter		v.	入る
enter		v.	入力する
follows		v.	従う
foundation		n.	基礎
foundation		n.	財団
gain		v.	得る
gain		n.	利益
individuals		n.	個人
japanese		adj.	日本の
japanese		n.	日本語
leaders		n.	指導者
memory		n.	記憶
memory		n.	メモリ
prime		adj.	主要な
projects		n.	プロジェクト
ring		n.	指輪
ring		n.	輪
rise		v.	上昇する
selling		v.	売る
served		v.	仕える
silver		n.	銀
soul		n.	魂
spread		v.	広げる
supply		n.	供給
supply		v.	供給する
waste		v.	無駄にする
waste		n.	廃棄物
weird		adj.	奇妙な
adult		n.	大人
apparently		adv.	どうやら
artist		n.	芸術家
chairman		n.	議長
edition		n.	版
engineering		n.	工学
grade		n.	等級
grade		n.	学年
happening		n.	出来事
healthy		adj.	健康な
institute		n.	研究所
method		n.	方法
mike		n.	マイク
monday		n.	月曜日
nations		n.	国
obviously		adv.	明らかに
option		n.	選択肢
prison		n.	刑務所
provides		v.	提供する
remains		n.	遺骸
remains		v.	とどまる
senate		n.	上院
smaller		adj.	より小さい
somebody		pron.	誰か
stone		n.	石
strength		n.	力
users		n.	ユーザー
wild		adj.	野生の
window		n.	窓
winner		n.	勝者
arrived		v.	到着する
bag		n.	鞄
bet		v.	賭ける
camp		n.	キャンプ
cast		v.	投げる
cast		n.	配役
christ		n.	キリスト
continues		v.	続く
correct		adj.	正しい
correct		v.	訂正する
dangerous		adj.	危険な
extremely		adv.	非常に
firm		n.	会社
firm		adj.	堅い
greatest		adj.	最も偉大な
handle		v.	処理する
handle		n.	取っ手
improve		v.	改善する
indeed		adv.	実際に
leaves		n.	葉
leaves		v.	去る
movies		n.	映画
negative		adj.	否定的な
prevent		v.	防ぐ
removed		v.	取り除く
richard		n.	リチャード
spirit		n.	精神
television		n.	テレビ
till		prep.	まで
trouble		n.	面倒
usa		n.	アメリカ
videos		n.	動画
advantage		n.	利点
apart		adv.	離れて
aware		adj.	気づいている
cat		n.	猫
customers		n.	顧客
decide		v.	決める
dinner		n.	夕食
dollars		n.	ドル
eastern		adj.	東の
fifth		num.	五番目
function		n.	機能
gift		n.	贈り物
helping		v.	助ける
herself		pron.	彼女自身
impossible		adj.	不可能な
influence		n.	影響
items		n.	項目
joe		n.	ジョー
marketing		n.	マーケティング
mary		n.	メアリー
materials		n.	材料
nor		conj.	〜も〜ない
produce		v.	生産する
progress		n.	進歩
proud		adj.	誇りに思う
require		v.	必要とする
shooting		n.	射撃
shut		v.	閉める
standards		n.	基準
tells		v.	言う
thinks		v.	考える
van		n.	バン
wasn't		v.	ではなかった
wood		n.	木
background		n.	背景
birth		n.	誕生
bridge		n.	橋
carried		v.	運ぶ
charles		n.	チャールズ
classes		n.	クラス
completed		v.	完成する
concept		n.	概念
copy		v.	コピーする
dear		adj.	親愛な
dogs		n.	犬
drugs		n.	薬
efforts		n.	努力
garden		n.	庭
host		n.	ホスト
housing		n.	住宅
israel		n.	イスラエル
journal		n.	雑誌
labor		n.	労働
leadership		n.	指導
length		n.	長さ
lucky		adj.	幸運な
neither		conj.	〜も〜ない
neither		pron.	どちらも〜ない
onto		prep.	~の上へ
patient		n.	患者
possibly		adv.	おそらく
prove		v.	証明する
rare		adj.	珍しい
setting		n.	設定
skills		n.	スキル
software		n.	ソフトウェア
thousands		num.	数千
tough		adj.	大変な
units		n.	単位
alive		adj.	生きている
apple		n.	りんご
balance		n.	バランス
birthday		n.	誕生日
bitch		n.	嫌な女
boss		n.	上司
cards		n.	カード
changing		v.	変える
connection		n.	接続
diy		n.	自分でやること
dress		n.	ドレス
easier		adj.	より簡単な
fellow		n.	奴
florida		n.	フロリダ
horse		n.	馬
knowing		v.	知っている
liked		v.	好きだった
magic		n.	魔法
managed		v.	管理した
map		n.	地図
mar		v.	損なう
net		n.	網
owned		v.	所有した
request		n.	リクエスト
she's		pron.	彼女
stick		n.	棒
turns		v.	曲がる
vehicle		n.	車両
volume		n.	音量
wake		v.	目覚める
aid		n.	支援
beauty		n.	美
believed		v.	信じた
billion		num.	10億
busy		adj.	忙しい
buying		v.	買うこと
cells		n.	細胞
concerned		adj.	心配している
conversation		n.	会話
corner		n.	角
criminal		n.	犯罪者
cultural		adj.	文化的
develop		v.	発展する
driver		n.	運転手
ends		v.	終わる
existing		adj.	既存の
farm		n.	農場
file		n.	ファイル
fix		v.	修理する
fly		n.	ハエ
fly		v.	飛ぶ
frank		adj.	率直な
guide		n.	ガイド
guide		v.	案内する
images		n.	画像
investigation		n.	調査
mexico		n.	メキシコ
operating		adj.	稼働の
paying		v.	支払う
presented		v.	提示する
raise		v.	上げる
responsibility		n.	責任
roll		v.	転がる
roll		n.	ロール
slightly		adv.	わずかに
suggest		v.	提案する
surprise		n.	驚き
surprise		v.	驚かせる
technical		adj.	技術的
thoughts		n.	考え
treat		v.	扱う
treat		v.	治療する
unique		adj.	唯一の
variety		n.	多様
violence		n.	暴力
weapons		n.	武器
yours		pron.	あなたのもの
youth		n.	若者
appreciate		v.	感謝する
bigger		adj.	より大きい
breaking		v.	壊す
discovered		v.	発見する
dry		adj.	乾いた
edge		n.	端
evil		adj.	邪悪な
excited		adj.	興奮した
forever		adv.	永遠に
funds		n.	資金
helps		v.	助ける
henry		n.	ヘンリー
injury		n.	負傷
iron		n.	鉄
lovely		adj.	かわいい
mad		adj.	狂った
magazine		n.	雑誌
martin		n.	マーティン
models		n.	モデル
offers		v.	提供する
ordered		v.	注文する
parliament		n.	議会
prepared		adj.	用意した
reference		n.	参照
religion		n.	宗教
sites		n.	場所
somewhere		adv.	どこかで
stated		v.	述べる
strategy		n.	戦略
teachers		n.	教師
web		n.	ウェブ
wine		n.	ワイン
accounts		n.	口座
arm		n.	腕
audience		n.	観客
bay		n.	湾
blog		n.	ブログ
closer		adj.	より近い
core		n.	核心
democratic		adj.	民主的な
description		n.	説明
dropped		v.	落ちる
excellent		adj.	優れた
exist		v.	存在する
figures		n.	数字
forms		n.	形式
guard		v.	守る
honest		adj.	正直な
issued		v.	発行する
joined		v.	参加する
jones		n.	ジョーンズ
lee		n.	リー
lies		v.	横たわる
likes		v.	好き
medicine		n.	薬
mention		v.	言及する
mountain		n.	山
nuclear		adj.	核の
orders		n.	注文
port		n.	港
presence		n.	存在
reaction		n.	反応
reduce		v.	減らす
shoot		v.	撃つ
sides		n.	側
solid		adj.	固体の
spanish		n.	スペイン語
sport		n.	スポーツ
steps		n.	段階
stress		n.	ストレス
taste		n.	味
tea		n.	茶
victory		n.	勝利
afternoon		n.	午後
assistant		n.	助手
britain		n.	イギリス
citizens		n.	市民
classic		adj.	古典の
clothes		n.	服
decisions		n.	決定
electric		adj.	電気の
emergency		n.	緊急事態
entered		v.	入る
entirely		adv.	完全に
facts		n.	事実
failure		n.	失敗
festival		n.	祭り
flat		adj.	平らな
fuel		n.	燃料
harry		n.	ハリー
hello		int.	こんにちは
houses		n.	家
initial		adj.	最初の
introduced		v.	紹介する
johnson		n.	ジョンソン
kick		v.	蹴る
links		n.	リンク
mail		n.	メール
massive		adj.	巨大な
matters		n.	事
matters		v.	重要だ
pair		n.	一対
picked		v.	選ぶ
pieces		n.	欠片
plane		n.	飛行機
plenty		n.	たくさん
prince		n.	王子
proper		adj.	適切な
providing		conj.	〜という条件で
quarter		n.	4分の1
regional		adj.	地域の
scott		n.	スコット
session		n.	セッション
shape		n.	形
sky		n.	空
teaching		n.	教授
toward		prep.	〜へ向かって
transfer		v.	移す
upper		adj.	上の
useful		adj.	役に立つ
valley		n.	谷
watched		v.	見る
willing		adj.	喜んで〜する
windows		n.	ウィンドウ
you'll		pron.	あなたは〜する
zone		n.	地帯
accident		n.	事故
advanced		adj.	高度な
alternative		n.	代替
alternative		adj.	代替の
anywhere		adv.	どこでも
articles		n.	記事
awards		n.	賞
bear		n.	熊
bear		v.	耐える
boat		n.	ボート
bringing		v.	持ってくる
capacity		n.	容量
capacity		n.	能力
cheap		adj.	安い
climate		n.	気候
communities		n.	共同体
discussion		n.	討論
drinking		v.	飲む
duty		n.	義務
fantastic		adj.	素晴らしい
feelings		n.	感情
flying		v.	飛ぶ
governor		n.	知事
hundred		num.	百
industrial		adj.	工業の
joint		n.	関節
joint		adj.	共同の
mix		v.	混ぜる
mix		n.	混合物
museum		n.	博物館
options		n.	選択肢
path		n.	道
plants		n.	植物
policies		n.	政策
promise		v.	約束する
promise		n.	約束
proposed		adj.	提案された
proposed		v.	提案する
purchase		v.	購入する
purchase		n.	購入
rain		n.	雨
rain		v.	雨が降る
remove		v.	削除する
signs		n.	標識
signs		v.	署名する
spending		n.	支出
steel		n.	鋼
steve		n.	スティーブ
supporting		adj.	支援する
terrible		adj.	ひどい
tired		adj.	疲れた
treated		v.	扱う
turning		v.	向きを変える
vice		n.	副
vice		n.	悪徳
warm		adj.	暖かい
warm		v.	温める
afraid		adj.	怖い
arts		n.	芸術
beer		n.	ビール
border		n.	国境
canadian		adj.	カナダの
command		n.	命令
command		v.	命令する
crew		n.	乗務員
crowd		n.	群衆
dating		v.	デートする
dick		n.	ディック
elements		n.	要素
enemy		n.	敵
ensure		v.	確保する
environmental		adj.	環境の
filled		adj.	満ちた
filled		v.	満たす
fixed		adj.	固定した
fixed		v.	直す
forest		n.	森林
intelligence		n.	知能
intelligence		n.	情報
intended		adj.	意図された
labour		n.	労働
limit		n.	制限
limit		v.	制限する
moon		n.	月
ocean		n.	海洋
powers		n.	力
powers		n.	権力
profit		n.	利益
proof		n.	証明
republican		n.	共和党員
republican		adj.	共和の
soldiers		n.	兵士
suit		n.	スーツ
suit		v.	適する
wins		v.	勝つ
women's		n.	女性の
appearance		n.	外見
appearance		n.	出現
apr		n.	4月
asian		adj.	アジアの
asian		n.	アジア人
attorney		n.	弁護士
banks		n.	銀行
behavior		n.	行動
ben		n.	ベン
bodies		n.	身体
brothers		n.	兄弟
buildings		n.	建物
chair		n.	椅子
chair		n.	議長
creating		v.	創造する
debt		n.	負債
domestic		adj.	国内の
domestic		adj.	家庭の
expensive		adj.	高い
grew		v.	成長する
grew		v.	増える
historical		adj.	歴史的な
homes		n.	家
homes		n.	住宅
honestly		adv.	正直に
honor		n.	名誉
honor		v.	尊敬する
jump		v.	跳ぶ
jump		n.	ジャンプ
launch		v.	発射する
launch		v.	発売する
listed		adj.	上場の
listed		v.	列挙する
minimum		n.	最小限
minimum		adj.	最小の
native		adj.	固有の
noted		adj.	著名な
originally		adv.	もともと
planned		adj.	計画された
ray		n.	光線
sets		n.	集合
suddenly		adv.	突然
supreme		adj.	最高の
survey		n.	調査
survey		v.	調査する
tech		n.	テクノロジー
trees		n.	木
unitedstates		n.	アメリカ合衆国
update		v.	更新する
update		n.	更新
user		n.	ユーザー
writer		n.	作者
yellow		adj.	黄色の
yellow		n.	黄色
younger		adj.	より若い
ancient		adj.	古代の
attacks		n.	攻撃
attacks		v.	攻撃する
charges		n.	告発
charges		v.	料金を請求する
combined		adj.	結合した
combined		v.	結合する
communication		n.	コミュニケーション
connected		adj.	接続された
connected		v.	接続する
contains		v.	含む
download		v.	ダウンロードする
download		n.	ダウンロード
email		n.	メール
ending		n.	結末
exercise		n.	運動
exercise		v.	運動する
express		v.	表現する
express		adj.	急行の
express		n.	急行
flow		n.	流れ
flow		v.	流れる
formed		v.	形成する
girlfriend		n.	ガールフレンド
hero		n.	英雄
illegal		adj.	違法の
increasing		adj.	増加する
joke		n.	冗談
joke		v.	冗談を言う
loan		n.	ローン
loan		v.	貸す
methods		n.	方法
officials		n.	役人
omg		int.	うわー
performed		v.	演奏する
performed		v.	実行する
planet		n.	惑星
relationships		n.	関係
restaurant		n.	レストラン
scotland		n.	スコットランド
selected		adj.	選択された
shared		adj.	共有の
shopping		n.	買い物
shopping		v.	買い物する
soft		adj.	柔らかい
stuck		adj.	動けない
sugar		n.	砂糖
suggested		v.	提案した
supported		v.	支持した
surprised		adj.	驚いた
taught		v.	教えた
transport		n.	輸送
wouldn't		v.	〜しないだろう
accepted		v.	受け入れた
adding		v.	追加する
affairs		n.	事務
allows		v.	許す
appeal		n.	訴え
applied		v.	適用した
appropriate		adj.	適切な
artists		n.	アーティスト
boston		n.	ボストン
confirmed		v.	確認した
device		n.	装置
drama		n.	ドラマ
entry		n.	項目
era		n.	時代
factor		n.	要因
feed		n.	フィード
golden		adj.	金色の
grant		n.	助成金
grown		v.	成長した
heads		n.	頭
hoping		v.	望む
keeps		v.	保つ
lawyer		n.	弁護士
legs		n.	脚
lying		v.	横たわる
measures		n.	対策
mistake		n.	間違い
muslim		n.	ムスリム
organizations		n.	組織
platform		n.	プラットフォーム
pool		n.	プール
pulled		v.	引いた
regarding		prep.	〜に関して
relations		n.	関係
requires		v.	必要とする
route		n.	経路
saved		v.	保存した
schedule		n.	予定
scientific		adj.	科学的
shoes		n.	靴
smoke		n.	煙
squad		n.	分隊
teach		v.	教える
testing		n.	テスト
tests		n.	テスト
values		n.	価値観
walked		v.	歩く
williams		n.	ウィリアムズ
abuse		n.	虐待
abuse		v.	乱用
angry		adj.	怒った
businesses		n.	企業
candidate		n.	候補者
comfortable		adj.	快適な
concern		v.	関する
concern		n.	懸念
developing		adj.	発展途上の
discuss		v.	議論する
elections		n.	選挙
emotional		adj.	感情的な
everywhere		adv.	どこでも
facilities		n.	施設
falling		v.	落ちる
fox		n.	キツネ
grown-up		n.	大人
guns		n.	銃
hole		n.	穴
holiday		n.	休暇
interests		n.	興味
internal		adj.	内部の
ireland		n.	アイルランド
italian		adj.	イタリアの
italy		n.	イタリア
jersey		n.	ジャージ
laugh		v.	笑う
leg		n.	足
letters		n.	手紙
liberal		adj.	自由主義の
listening		v.	聞く
loves		v.	愛する
lunch		n.	昼食
max		n.	最大
milk		n.	牛乳
pack		v.	詰める
payment		n.	支払い
perform		v.	公演する
recorded		v.	記録する
relatively		adv.	比較的
sector		n.	部門
sharing		v.	共有する
snow		n.	雪
storm		n.	嵐
streets		n.	通り
strike		v.	ストライキする
studio		n.	スタジオ
sub		n.	代わりの人
weak		adj.	弱い
actor		n.	俳優
advance		v.	前進する
apartment		n.	アパート
asia		n.	アジア
chain		n.	鎖
chapter		n.	章
committed		v.	誓う
confidence		n.	自信
cook		v.	料理する
cute		adj.	かわいい
equal		adj.	等しい
equal		v.	等しい
fake		adj.	偽の
fake		n.	偽物
finance		n.	財政
finance		v.	融資する
focused		adj.	集中した
hits		n.	ヒット
identity		n.	身元
journey		n.	旅
kitchen		n.	台所
korea		n.	韓国
leads		v.	導く
leads		n.	手がかり
maintain		v.	維持する
measure		v.	測る
measure		n.	対策
numerous		adj.	多数の
owners		n.	所有者
posts		n.	投稿
posts		v.	投稿する
properties		n.	特性
properties		n.	財産
quiet		adj.	静かな
revealed		v.	明らかにする
sept		n.	9月
specifically		adv.	特に
split		v.	分割する
split		n.	分裂
task		n.	課題
taxes		n.	税
taylor		n.	テイラー
twenty		num.	二十
urban		adj.	都市の
acts		v.	行動する
acts		n.	行為
affected		adj.	影響を受けた
aircraft		n.	航空機
applications		n.	申請
applications		n.	アプリ
approved		adj.	承認された
approximately		adv.	およそ
argument		n.	論点
argument		n.	口論
arrested		v.	逮捕する
claimed		v.	主張する
conflict		n.	紛争
considering		prep.	…を考慮して
corporate		adj.	企業の
debate		n.	討論
debate		v.	討論する
determined		adj.	断固とした
distribution		n.	配布
documents		n.	文書
escape		v.	逃げる
escape		n.	脱出
extended		adj.	延長した
factors		n.	要因
faster		adj.	より速い
faster		adv.	より速く
fault		n.	過ち
fill		v.	満たす
films		n.	映画
flowers		n.	花
friendly		adj.	友好的な
ladies		n.	婦人
lay		v.	置く
lights		n.	光
millions		num.	百万
mixed		adj.	混ぜた
phase		n.	段階
properly		adv.	適切に
pure		adj.	純粋な
reduced		adj.	削減された
requirements		n.	要件
residents		n.	住民
revenue		n.	収入
sam		n.	サム
sat		v.	座る
secure		adj.	安全な
smile		v.	微笑む
strange		adj.	奇妙な
talent		n.	才能
temperature		n.	温度
thousand		num.	千
tony		n.	トニー
troops		n.	軍隊
truck		n.	トラック
votes		n.	投票
authorities		n.	当局
basically		adv.	基本的に
besides		prep.	〜のほかに
bird		n.	鳥
blame		v.	責める
bob		n.	ボブ
bowl		n.	ボウル
causes		n.	原因
chicken		n.	鶏
collected		v.	集める
context		n.	文脈
coverage		n.	報道
determine		v.	決定する
display		v.	表示する
dying		v.	死ぬ
elected		adj.	選出された
examples		n.	例
experienced		adj.	経験豊富な
falls		n.	滝
false		adj.	偽の
fired		v.	解雇する
forgot		v.	忘れる
funding		n.	資金
identified		v.	特定する
incredible		adj.	信じられない
inspired		v.	触発する
launched		v.	打ち上げる
meat		n.	肉
ministry		n.	省
mode		n.	モード
neck		n.	首
noticed		v.	気づく
novel		n.	小説
obvious		adj.	明らかな
passing		n.	通過
positions		n.	位置
remaining		adj.	残りの
scored		v.	得点する
shirt		n.	シャツ
shots		n.	発射
slowly		adv.	ゆっくり
stadium		n.	スタジアム
stores		n.	店
stores		v.	蓄える
surgery		n.	外科手術
trading		n.	貿易
tuesday		n.	火曜日
vision		n.	視覚
vision		n.	ビジョン
whenever		conj.	いつでも
worried		adj.	心配した
you've		pron.	〜した
zero		num.	ゼロ
alex		n.	アレックス
allowing		v.	許す
begins		v.	始める
champion		n.	チャンピオン
charged		v.	課金する
cream		n.	クリーム
crisis		n.	危機
daniel		n.	ダニエル
delivered		v.	配達する
editor		n.	編集者
estimated		v.	推定する
giant		adj.	巨大な
giant		n.	巨人
iran		n.	イラン
jail		n.	刑務所
jim		n.	ジム
kingdom		n.	王国
literature		n.	文学
mayor		n.	市長
minor		adj.	小さい
moments		n.	瞬間
opposite		adj.	反対の
opposite		prep.	〜の向かいに
orange		n.	オレンジ
ourselves		pron.	私たち自身
pages		n.	ページ
remained		v.	とどまる
selection		n.	選択
serving		n.	一人分
serving		v.	仕える
signal		n.	信号
stream		n.	小川
stream		v.	ストリーミングする
struggle		v.	もがく
suicide		n.	自殺
talked		v.	話す
theme		n.	テーマ
thursday		n.	木曜日
tiny		adj.	小さな
typically		adv.	通常
unfortunately		adv.	残念ながら
usual		adj.	いつもの
vehicles		n.	車両
virginia		n.	バージニア
voted		v.	投票する
voting		n.	投票
walls		n.	壁
wave		n.	波
wave		v.	手を振る
alcohol		n.	アルコール
assembly		n.	集会
breakfast		n.	朝食
bright		adj.	明るい
brings		v.	持ってくる
capable		adj.	有能な
carrying		v.	運ぶ
chosen		adj.	選ばれた
combination		n.	組み合わせ
conservative		adj.	保守的な
customer		n.	顧客
cutting		v.	切断
desire		n.	欲望
destroyed		v.	破壊する
draft		n.	草案
drunk		adj.	酔った
essential		adj.	不可欠な
fail		v.	失敗する
familiar		adj.	よく知られた
finds		v.	見つける
granted		v.	与える
guilty		adj.	有罪の
humans		n.	人類
hundreds		num.	数百
improved		v.	改善する
jewish		adj.	ユダヤの
largely		adv.	主に
laughing		v.	笑う
markets		n.	市場
medium		n.	媒体
ohio		n.	オハイオ州
opportunities		n.	機会
papers		n.	書類
perfectly		adv.	完璧に
recommend		v.	推薦する
referred		v.	言及する
relevant		adj.	関連のある
seek		v.	求める
sending		v.	送る
solo		adj.	単独の
spoke		v.	話す
stands		v.	立つ
talks		n.	会談
ticket		n.	チケット
unable		adj.	できない
upset		adj.	動揺した
wing		n.	翼
answers		n.	答え
birds		n.	鳥
bomb		n.	爆弾
creative		adj.	創造的な
cycle		n.	循環
dealing		v.	扱う
directed		v.	監督する
don		v.	着る
educational		adj.	教育的な
entertainment		n.	娯楽
extreme		adj.	極端な
facility		n.	施設
fields		n.	野原
goods		n.	品物
hang		v.	掛ける
holds		v.	握る
info		n.	情報
mainly		adv.	主に
maximum		n.	最大
maximum		adj.	最大の
newspaper		n.	新聞
nov		n.	11月
offering		n.	提供
painting		n.	絵画
republic		n.	共和国
reserve		v.	予約する
reserve		n.	備蓄
returns		n.	利益
row		n.	列
salt		n.	塩
scared		adj.	怖がった
scottish		adj.	スコットランドの
shares		n.	株式
statistics		n.	統計
switch		n.	スイッチ
switch		v.	切り替える
territory		n.	領土
threat		n.	脅し
tickets		n.	チケット
wales		n.	ウェールズ
adults		n.	大人
affect		v.	影響する
appointed		v.	任命する
armed		adj.	武装した
aside		adv.	脇に
assistance		n.	援助
bell		n.	ベル
blow		v.	吹く
bond		n.	債券
boyfriend		n.	彼氏
careful		adj.	注意深い
circumstances		n.	状況
communications		n.	通信
concerns		n.	懸念
controlled		v.	制御する
corporation		n.	会社
couldn't		v.	できなかった
cry		v.	泣く
danger		n.	危険
deals		n.	取引
delivery		n.	配達
deserve		v.	値する
devices		n.	装置
dollar		n.	ドル
dreams		n.	夢
empty		adj.	空の
enjoyed		v.	楽しむ
explained		v.	説明する
faces		n.	顔
folks		n.	人々
fucked		v.	やる
gender		n.	性別
instance		n.	実例
jan		n.	1月
kim		n.	キム
kinda		adv.	ちょっと
matches		n.	試合
mile		n.	マイル
motion		n.	運動
moves		v.	動かす
nick		n.	切り傷
pacific		adj.	太平洋の
prize		n.	賞
realized		v.	realizeする
reasonable		adj.	合理的
receiving		v.	受け取る
register		v.	登録する
resolution		n.	決議
resolution		n.	解像度
rural		adj.	田舎の
ryan		n.	ライアン
saving		n.	節約
sees		v.	見える
singing		v.	歌を歌う
spain		n.	スペイン
tools		n.	道具
typical		adj.	典型的
universe		n.	宇宙
warning		n.	警告
wars		n.	戦争
wednesday		n.	水曜日
admit		v.	認める
attitude		n.	態度
branch		n.	枝
branch		n.	支店
brazil		n.	ブラジル
conducted		v.	行う
decades		n.	数十年
dedicated		adj.	専用の
definition		n.	定義
drawing		n.	絵
favor		n.	好意
flag		n.	旗
frame		n.	枠
guest		n.	客
heaven		n.	天国
independence		n.	独立
institutions		n.	機関
jackson		n.	ジャクソン
kiss		v.	キスする
load		n.	負荷
plot		n.	筋
possibility		n.	可能性
random		adj.	無作為の
recovery		n.	回復
rent		n.	家賃
replace		v.	置き換える
represent		v.	代表する
reviews		n.	レビュー
scenes		n.	場面
seeking		v.	探す
senator		n.	上院議員
sentence		n.	文
sentence		n.	刑
teeth		n.	歯
tips		n.	チップ
trained		adj.	訓練された
understood		v.	理解する
academic		adj.	学術の
academy		n.	アカデミー
academy		n.	学会
accurate		adj.	正確な
achieve		v.	達成する
adam		n.	アダム
afford		v.	〜する余裕がある
andrew		n.	アンドリュー
assume		v.	仮定する
assume		v.	引き受ける
bbc		n.	BBC
bottle		n.	ボトル
bunch		n.	束
bunch		n.	一群
category		n.	カテゴリー
chat		v.	おしゃべりする
chat		n.	おしゃべり
cheese		n.	チーズ
chemical		adj.	化学の
chemical		n.	化学薬品
clinton		n.	クリントン
competitive		adj.	競争の
dec		n.	12月
detail		n.	詳細
detail		v.	詳述する
diet		n.	食事
diet		n.	ダイエット
favourite		adj.	お気に入りの
favourite		n.	お気に入り
fruit		n.	果物
harder		adj.	より難しい
harder		adv.	より一生懸命
index		n.	インデックス
index		n.	指数
item		n.	項目
item		n.	品物
lane		n.	路地
lane		n.	車線
mess		n.	混乱
mess		v.	散らかす
navy		n.	海軍
normally		adv.	通常
occurred		v.	起こった
opposition		n.	反対
opposition		n.	野党
parent		n.	親
permanent		adj.	永久的
personally		adv.	自ら
pleasure		n.	喜び
prefer		v.	好む
programme		n.	番組
programme		n.	計画
representative		n.	代表
representative		adj.	代表的な
scheme		n.	計画
scheme		n.	スキーム
shift		v.	移す
shift		n.	交代勤務
stood		v.	立った
storage		n.	保管
tank		n.	タンク
tank		n.	水槽
tend		v.	〜しがちである
tend		v.	世話をする
tight		adj.	きつい
tight		adj.	厳しい
transportation		n.	輸送
ultimately		adv.	最終的に
unlike		prep.	〜と違って
unlike		adj.	似ていない
weekly		adj.	毎週の
weekly		adv.	毎週
x-ray		n.	X線
yard		n.	庭
yard		n.	ヤード
anybody		pron.	誰でも
assets		n.	資産
basketball		n.	バスケットボール
button		n.	ボタン
candidates		n.	候補者
combat		n.	戦闘
combat		v.	戦う
constitution		n.	憲法
constitution		n.	体質
consumer		n.	消費者
counter		n.	カウンター
counter		v.	反論する
creation		n.	創造
crown		n.	王冠
crying		v.	泣く
defined		v.	定義する
depending		v.	次第である
depression		n.	鬱
describe		v.	描写する
drivers		n.	運転手
employment		n.	雇用
exclusive		adj.	独占的な
excuse		n.	言い訳
expert		n.	専門家
frequently		adv.	頻繁に
gameboy		n.	ゲームボーイ
golf		n.	ゴルフ
grace		n.	優雅
hopefully		adv.	うまくすれば
identify		v.	識別する
importance		n.	重要性
kevin		n.	ケビン
laid		v.	置く
latter		adj.	後者の
manufacturing		n.	製造業
mining		n.	鉱業
object		n.	物体
partners		n.	仲間
pattern		n.	模様
performing		v.	演技する
personnel		n.	職員
perspective		n.	視点
pregnant		adj.	妊娠した
premier		adj.	第一の
promote		v.	促進する
revolution		n.	革命
rooms		n.	部屋
severe		adj.	深刻な
sleeping		v.	眠る
suppose		v.	仮定する
tool		n.	道具
tournament		n.	トーナメント
turkey		n.	トルコ
victim		n.	被害者
victims		n.	被害者
agents		n.	代理人
amazon		n.	アマゾン
aren't		v.	ではない
arrest		v.	逮捕する
attend		v.	出席する
ban		v.	禁止する
brilliant		adj.	優れた
carbon		n.	炭素
catholic		adj.	カトリックの
chose		v.	選ぶ
circle		n.	円
concert		n.	コンサート
crash		v.	墜落する
declared		v.	宣言する
deliver		v.	配達する
depth		n.	深さ
deputy		n.	代理
dirty		adj.	汚い
doctors		n.	医者
earned		v.	稼ぐ
electronic		adj.	電子の
error		n.	エラー
existence		n.	存在
experiences		n.	経験
expression		n.	表現
factory		n.	工場
headed		v.	向かう
interior		n.	内部
joy		n.	喜び
legislation		n.	立法
maintenance		n.	維持
manner		n.	方法
mate		n.	仲間
matt		n.	マット
nearby		adj.	近くの
noise		n.	騒音
origin		n.	起源
pakistan		n.	パキスタン
panel		n.	パネル
personality		n.	個性
plate		n.	皿
practices		n.	実践
prepare		v.	準備する
relief		n.	安堵
replaced		v.	置き換える
resistance		n.	抵抗
retail		n.	小売
rice		n.	米
roads		n.	道路
roof		n.	屋根
shame		n.	恥
ships		n.	船
somewhat		adv.	いくらか
staying		v.	滞在する
stronger		adj.	より強い
surely		adv.	確かに
tip		n.	チップ
updated		v.	更新する
writers		n.	作家
absolute		adj.	絶対の
advertising		n.	広告
agencies		n.	機関
baseball		n.	野球
bathroom		n.	浴室
bible		n.	聖書
cable		n.	ケーブル
calm		adj.	穏やかな
championship		n.	選手権
checked		v.	確認する
client		n.	顧客
constant		adj.	絶え間ない
dates		n.	日付
degrees		n.	度
democrats		n.	民主党員
doors		n.	ドア
driven		v.	駆動
dumb		adj.	黙った
empire		n.	帝国
exciting		adj.	ワクワクさせる
expansion		n.	拡大
heavily		adv.	重く
hide		v.	隠す
incident		n.	事件
irish		adj.	アイルランドの
linked		v.	つなぐ
manage		v.	管理
messages		n.	メッセージ
michigan		n.	ミシガン
politicians		n.	政治家
print		v.	印刷
quit		v.	辞める
refused		v.	拒否
refused		v.	断る
reporting		v.	報道
sight		n.	視力
significantly		adv.	著しく
sing		v.	歌う
soviet		adj.	ソ連の
we've		v.	持っている
weapon		n.	武器
wet		adj.	濡れた
widely		adv.	広く
worldwide		adj.	世界的
ages		n.	年齢
anniversary		n.	記念日
attractive		adj.	魅力的
bike		n.	自転車
broad		adj.	広い
burn		v.	燃える
cake		n.	ケーキ
causing		v.	引き起こす
closely		adv.	密接に
constantly		adv.	絶えず
contest		n.	コンテスト
deaths		n.	死
depends		v.	頼る
drawn		v.	描く
feb		n.	2月
fees		n.	料金
francisco		n.	フランシスコ
haha		int.	はは
hardly		adv.	ほとんど…ない
hat		n.	帽子
height		n.	高さ
hidden		adj.	隠された
invited		v.	招待する
letting		v.	～させる
loud		adj.	大きな
manchester		n.	マンチェスター
marine		adj.	海洋の
motor		n.	モーター
officially		adv.	公式に
onepiece		n.	ワンピース
pc		n.	パソコン
peak		n.	山頂
peak		v.	ピークに達する
portion		n.	部分
pounds		n.	ポンド
princess		n.	王女
protein		n.	タンパク質
puts		v.	置く
raw		adj.	生の
reform		v.	改革する
reform		n.	改革
regions		n.	地域
represented		v.	代表する
respond		v.	応答する
retirement		n.	退職
sample		n.	サンプル
sample		v.	抽出する
seats		n.	席
secondary		adj.	二次的な
solar		adj.	太陽の
somehow		adv.	どういうわけか
stayed		v.	滞在する
suffering		n.	苦しみ
sydney		n.	シドニー
today's		n.	今日の
tries		v.	試みる
ultimate		adj.	究極の
unknown		adj.	未知の
wilson		n.	ウィルソン
wondering		v.	不思議に思う
asap		adv.	できるだけ早く
attached		v.	添付する
attacked		v.	攻撃する
automatically		adv.	自動的に
balls		n.	ボール
balls		n.	ダンスパーティー
battery		n.	電池
bills		n.	請求書
blind		adj.	盲の
breath		n.	呼吸
brief		adj.	簡潔な
carolina		n.	カロライナ
chest		n.	胸
conduct		v.	行う
conduct		n.	行動
debut		n.	デビュー
decade		n.	10年
destroy		v.	破壊する
differences		n.	違い
edward		n.	エドワード
engaged		adj.	婚約した
experts		n.	専門家
expressed		v.	表現する
external		adj.	外部の
fantasy		n.	幻想
grab		v.	つかむ
hollywood		n.	ハリウッド
immediate		adj.	即時の
introduction		n.	紹介
joseph		n.	ジョセフ
license		n.	免許
paint		n.	ペンキ
paint		v.	塗る
pilot		n.	パイロット
pink		adj.	ピンクの
presidential		adj.	大統領の
principal		adj.	主要な
recognize		v.	認識する
recognized		adj.	認められた
registered		adj.	登録された
regularly		adv.	定期的に
representatives		n.	代表
rising		n.	上昇
seasons		n.	季節
shipping		n.	海運
singer		n.	歌手
smoking		n.	喫煙
steam		n.	蒸気
suffered		v.	苦しむ
survive		v.	生き残る
tall		adj.	高い
theatre		n.	劇場
therapy		n.	治療
witness		n.	証人
adopted		adj.	養子の
aim		v.	狙う
campus		n.	キャンパス
cap		n.	帽子
chances		n.	機会
childhood		n.	幼年期
clinical		adj.	臨床の
clubs		n.	クラブ
comedy		n.	喜劇
commander		n.	指揮官
comparison		n.	比較
covers		v.	覆う
defeat		v.	負かす
defence		n.	防御
democracy		n.	民主主義
detailed		adj.	詳細な
entitled		adj.	権利を持つ
exact		adj.	正確な
exposed		adj.	露出した
fed		v.	feedの過去・過去分詞
fee		n.	料金
injured		adj.	負傷した
jordan		n.	ヨルダン
kinds		n.	種類
loans		n.	ローン
lock		v.	ロックする
musical		adj.	音楽の
musical		n.	ミュージカル
nose		n.	鼻
objects		n.	物体
opposed		adj.	反対の
organized		adj.	組織された
plastic		n.	プラスチック
protected		adj.	保護された
purposes		n.	目的
quote		v.	引用する
recording		n.	録音
semi		n.	セミ
semi		n.	セミトレーラー
statements		n.	声明
suspect		v.	疑う
swear		v.	誓う
techniques		n.	技術
tie		v.	結ぶ
tim		n.	ティム
trend		n.	傾向
valuable		adj.	貴重な
wealth		n.	富
wise		adj.	賢い
yards		n.	ヤード
aged		adj.	年老いた
approval		n.	承認
aspects		n.	側面
attempts		n.	試み
bread		n.	パン
burning		adj.	燃えている
champions		n.	チャンピオン
contain		v.	含む
convention		n.	大会
dancing		n.	ダンス
document		n.	文書
eggs		n.	卵
employee		n.	従業員
engineer		n.	技術者
equivalent		adj.	同等の
facing		prep.	直面して
fairly		adv.	かなり
fingers		n.	指
ford		n.	フォード
founded		v.	創設した
functions		n.	機能
gang		n.	一味
graduate		n.	卒業生
greek		adj.	ギリシャの
hanging		v.	吊す
hanging		n.	吊り下げ
inner		adj.	内部の
islands		n.	島
lift		v.	持ち上げる
lift		n.	エレベーター
lift		n.	搭便车
marked		adj.	著しい
memories		n.	思い出
miller		n.	製粉業者
monthly		adj.	毎月の
monthly		adv.	毎月
mountains		n.	山
neighborhood		n.	近所
nsfw		n.	NSFW
operate		v.	操作する
operate		v.	運営する
outstanding		adj.	優れた
outstanding		adj.	未払いの
permission		n.	許可
porn		n.	ポルノ
racing		v.	競争하다
racing		n.	レース
recommended		v.	推薦する
regulations		n.	規制
reply		v.	返事する
reply		n.	返事
republicans		n.	共和党支持者
rid		v.	取り除く
roman		n.	ローマ人
scientists		n.	科学者
shoulder		n.	肩
shoulder		v.	担う
shower		n.	シャワー
shower		n.	にわか雨
solutions		n.	解決策
solutions		n.	溶液
sons		n.	息子
stations		n.	駅
stations		n.	局
stephen		n.	スティーブン
tower		n.	塔
tradition		n.	伝統
type-c		n.	Type-C
visited		v.	訪問する
visited		v.	訪れる
visual		adj.	視覚の
wheel		n.	車輪
wheel		n.	ハンドル
zealand		n.	ジーランド
achieved		v.	達成する
achieved		v.	獲得する
admitted		v.	認める
admitted		v.	入れる
appointment		n.	予約, 約束
authors		n.	著者
barely		adv.	ほとんど…ない
bush		n.	低木
bush		n.	ブッシュ
cabinet		n.	内閣
cabinet		n.	キャビネット
celebrate		v.	祝う
challenges		n.	挑戦
chocolate		n.	チョコレート
coal		n.	石炭
colour		n.	色
contemporary		adj.	現代の
criticism		n.	批判
davis		n.	デービス
dna		n.	DNA
effectively		adv.	効果的に
effectively		adv.	事実上
eric		n.	エリック
extensive		adj.	広範な
faced		v.	直面する
filed		v.	提出する
filed		v.	ファイリングする
formation		n.	形成
fought		v.	戦う
gained		v.	得る
gallery		n.	画廊
highway		n.	高速道路
historic		adj.	歴史的な
hunt		v.	狩る
improvement		n.	改善
inch		n.	インチ
initially		adv.	最初に
junior		adj.	年少の
junior		n.	後輩
jury		n.	陪審
korean		adj.	韓国の
korean		n.	韓国人
marks		n.	点数
marks		n.	マルク
monster		n.	怪物
newzealand		n.	ニュージーランド
obtained		v.	取得する
olympic		adj.	オリンピックの
philosophy		n.	哲学
pride		n.	誇り
promised		v.	約束する
repeat		v.	繰り返す
returning		v.	戻る
riding		v.	乗る
riding		n.	乗馬
rough		adj.	粗い
rough		adj.	概算の
santa		n.	サンタ
settlement		n.	入植地
settlement		n.	和解
smell		v.	匂う
smell		n.	匂い
sought		v.	求める
sought		adj.	求められた
speaker		n.	スピーカー
studied		v.	学ぶ
suggests		v.	提案する
surrounding		adj.	周囲の, 周辺の
tone		n.	トーン
tone		n.	音調
topic		n.	トピック
toronto		n.	トロント
universal		adj.	普遍的な
vast		adj.	広大な
visitors		n.	訪問者
wanting		adj.	欠けている
auto		n.	自動車
consistent		adj.	一貫した
continuing		v.	続ける
earn		v.	稼ぐ
exists		v.	存在する
finger		n.	指
grey		adj.	灰色の
guitar		n.	ギター
heading		n.	見出し
howard		n.	ハワード
ignore		v.	無視する
involving		v.	関係する
latin		n.	ラテン語
lewis		n.	ルイス
meal		n.	食事
meanwhile		adv.	その間
meetings		n.	会議
naturally		adv.	自然に
necessarily		adv.	必然的に
offices		n.	オフィス
pants		n.	ズボン
partnership		n.	パートナーシップ
payments		n.	支払い
percentage		n.	パーセント
pocket		n.	ポケット
practical		adj.	実用的な
primarily		adv.	主に
proved		v.	証明する
rape		v.	レイプ
regardless		adv.	かかわらず
relative		n.	親類
relative		adj.	相対的な
represents		v.	表す
rescue		v.	救助する
resulting		adj.	結果としての
rush		v.	急ぐ
rush		n.	急ぎ
sarah		n.	サラ
sessions		n.	セッション
sharp		adj.	鋭い
simon		n.	サイモン
soccer		n.	サッカー
stable		adj.	安定した
stable		n.	厩
structures		n.	構造
supplies		n.	供給品
symptoms		n.	症状
temporary		adj.	一時的な
tested		v.	テストした
trick		n.	トリック
attended		v.	出席する
audio		n.	オーディオ
bone		n.	骨
brian		n.	ブライアン
bullshit		n.	でたらめ
chamber		n.	議院
chart		n.	図表
circuit		n.	回路
clothing		n.	衣服
complicated		adj.	複雑な
confused		adj.	混乱した
consequences		n.	結果
defend		v.	守る
divided		adj.	分裂した
elizabeth		n.	エリザベス
everyday		adj.	日常の
extent		n.	程度
fishing		n.	釣り
format		n.	形式
gap		n.	差
gate		n.	門
gotten		v.	得る
harm		n.	害
healthcare		n.	医療
household		n.	世帯
immigration		n.	移民
impressive		adj.	印象的な
jews		n.	ユダヤ人
joining		v.	参加する
killer		n.	殺し屋
lesson		n.	授業
limits		n.	限界
loving		adj.	愛情深い
managers		n.	マネージャー
membership		n.	会員資格
miami		n.	マイアミ
mirror		n.	鏡
mount		v.	登る
nights		n.	夜
occur		v.	起こる
off-topic		adj.	脱線した
parking		n.	駐車
proposal		n.	提案
province		n.	省
purchased		v.	購入する
recognition		n.	認識
reputation		n.	評判
rolling		v.	転がる
shortly		adv.	まもなく
situations		n.	状況
strongly		adv.	強く
tears		n.	涙
technique		n.	技術
thin		adj.	細い・薄い
tied		v.	結ぶ
accused		v.	告発する
adventure		n.	冒険
argue		v.	論じる
assessment		n.	評価
atmosphere		n.	大気
atmosphere		n.	雰囲気
awful		adj.	ひどい
bedroom		n.	寝室
belief		n.	信念
belief		n.	信仰
bound		adj.	必ず～する
bound		v.	跳ねる
breaks		v.	壊す
breaks		n.	休憩
carefully		adv.	注意深く
cats		n.	猫
ceo		n.	最高経営責任者
choices		n.	選択
closing		n.	終了
closing		adj.	締めくくりの
cloud		n.	雲
cloud		n.	クラウド
colorado		n.	コロラド州
colors		n.	色
contrast		n.	対比
contrast		v.	対照する
courses		n.	講座
courses		n.	進路
courts		n.	裁判所
courts		n.	コート
donald		n.	ドナルド
drew		v.	描く
egg		n.	卵
element		n.	元素
element		n.	要素
elsewhere		adv.	他の場所で
establish		v.	設立する
establish		v.	確立する
extension		n.	拡張
files		n.	ファイル
founder		n.	創設者
fri		n.	金曜日
gear		n.	歯車
gear		n.	装備
georgia		n.	グルジア
georgia		n.	ジョージア州
hills		n.	丘
hip		n.	腰
hitting		v.	打つ
increases		v.	増える
increases		n.	増加
infrastructure		n.	インフラ
jason		n.	ジェイソン
locations		n.	場所
loose		adj.	緩い
machines		n.	機械
moral		adj.	道徳的
moral		n.	教訓
offensive		adj.	侮辱的な
offensive		adj.	攻撃的な
package		n.	小包
package		n.	パッケージ
pointed		adj.	先の尖った
poverty		n.	貧困
processes		n.	過程
processes		v.	処理する
processing		n.	処理
qos		n.	サービス品質
qualified		adj.	資格のある
qualityofservice		n.	サービス品質
railway		n.	鉄道
reaching		v.	届く
ridiculous		adj.	ばかげた
sensitive		adj.	敏感な
server		n.	サーバー
shock		n.	衝撃
shock		v.	衝撃を与える
silence		n.	沈黙
silence		v.	黙らせる
soldier		n.	兵士
superior		adj.	より優れた
superior		n.	上役
supporters		n.	支持者
thick		adj.	厚い
threw		v.	投げる
tons		n.	トン
transition		n.	移行
violent		adj.	暴力的
voters		n.	有権자
wash		v.	洗う
acid		n.	酸
actress		n.	女優
administrative		adj.	行政的
alan		n.	アラン
alongside		prep.	~のそば에
angel		n.	天使
anxiety		n.	不安
babies		n.	赤ん坊
bars		n.	棒
bonus		n.	ボーナス
castle		n.	城
charity		n.	慈善
clients		n.	顧客
compare		v.	比較する
contained		v.	含む
cooking		n.	料理
covering		n.	おおい
curious		adj.	好奇心のある
directors		n.	取締役
discovery		n.	発見
discussed		v.	議論する
duke		n.	公爵
egypt		n.	エジプト
encourage		v.	励ます
enforcement		n.	執行
featuring		v.	出演する
finals		n.	決勝
flash		n.	閃光
formal		adj.	正式の
formula		n.	公式
fort		n.	要塞
governments		n.	政府
gray		n.	灰色
gross		adj.	総の
horses		n.	馬
hungry		adj.	空腹の
informed		adj.	情報に通じた
innocent		adj.	無実の
jeff		n.	ジェフ
losangeles		n.	ロサンゼルス
losses		n.	損失
luke		n.	ルーク
mac		n.	マック
math		n.	数学
minds		n.	心
mistakes		n.	間違い
mystery		n.	謎
networks		n.	ネットワーク
olympics		n.	オリンピック
palace		n.	宮殿
passes		n.	パス
penalty		n.	罰
pet		n.	ペット
phones		n.	電話
photography		n.	写真
producing		v.	生産する
protest		n.	抗議
protest		v.	抗議する
publication		n.	出版
rating		n.	評価
refer		v.	言及する
respectively		adv.	それぞれ
rome		n.	ローマ
scheduled		v.	予定する
select		v.	選択する
silent		adj.	黙った
spoken		adj.	口頭の
successfully		adv.	成功して
suffer		v.	苦しむ
temple		n.	寺
tracks		n.	軌道
trail		n.	小道
uncle		n.	おじ
unusual		adj.	珍しい
waters		n.	水域
woods		n.	森
arrival		n.	到着
asks		v.	尋ねる
assault		n.	襲撃
awareness		n.	意識
badly		adv.	ひどく
bath		n.	風呂
captured		v.	捕らえる
chase		v.	追いかける
components		n.	部品
concrete		n.	コンクリート
concrete		adj.	具体的な
dave		n.	デイヴ
deeply		adv.	深く
expectations		n.	期待
explanation		n.	説明
exposure		n.	露出
featured		adj.	注目の
fiction		n.	フィクション
guarantee		v.	保証する
guarantee		n.	保証
happiness		n.	幸福
harris		n.	ハリス
hearts		n.	心
horrible		adj.	ひどい
ideal		adj.	理想的な
illinois		n.	イリノイ
injuries		n.	怪我
islamic		adj.	イスラムの
jimmy		n.	ジミ
kelly		n.	ケリー
legend		n.	伝説
lieutenant		n.	中尉
mediaplayer		n.	メディアプレーヤー
mini		adj.	ミニ
mood		n.	気分
muscle		n.	筋
muslims		n.	ムスリム
passion		n.	情熱
picking		v.	選ぶ
pleased		adj.	喜んでいる
procedure		n.	手続き
producer		n.	プロデューサー
pushing		v.	押す
rank		n.	階級
rank		v.	ランク付けする
replacement		n.	交換
retired		adj.	退職した
roles		n.	役割
sand		n.	砂
savings		n.	貯金
settled		v.	定住する
settled		adj.	落ち着いた
shadow		n.	影
singles		n.	シングルス
tag		n.	タグ
tape		n.	テープ
thread		n.	糸
thread		n.	スレッド
victoria		n.	ヴィクトリア
visiting		v.	訪れる
wage		n.	賃金
wings		n.	翼
andy		n.	アンディ
avenue		n.	大通り
bags		n.	かばん
beating		v.	叩く
believes		v.	信じる
blocks		n.	街区
boring		adj.	退屈な
charlie		n.	チャーリー
checking		v.	確認する
clock		n.	時計
commissioner		n.	委員
commitment		n.	約束
confident		adj.	自信のある
containing		v.	含む
copies		n.	コピー
crimes		n.	犯罪
custom		n.	習慣
denied		v.	否定する
desk		n.	机
drinks		n.	飲み物
ear		n.	耳
electricity		n.	電気
episodes		n.	エピソード
farmers		n.	農家
fbi		n.	連邦捜査局
grounds		n.	敷地
gym		n.	体育館
helpful		adj.	役に立つ
horror		n.	恐怖
iraq		n.	イラク
label		n.	ラベル
label		v.	ラベルを付ける
liverpool		n.	リヴァプール
locked		v.	施錠する
naked		adj.	裸の, ありのままの
opens		v.	開く
output		n.	出力
persons		n.	人
pitch		n.	グラウンド
pitch		v.	投げる
pizza		n.	ピザ
plain		adj.	簡素な
plain		adj.	無地の
pushed		v.	pushする
raising		v.	上げる
raising		n.	t調達
rear		n.	後ろ
rear		adj.	後ろの
reveal		v.	明かす
romantic		adj.	ロマンチックな
scores		n.	スコア
scores		n.	二十
sisters		n.	姉妹
speaks		v.	話す
stages		n.	段階
stages		n.	舞台
strategic		adj.	戦略的な
swimming		n.	水泳
welfare		n.	福祉
winners		n.	勝者
wire		n.	電線
worker		n.	労働者
afterwards		adv.	その後
alright		adj.	大丈夫
android		n.	アンドロイド
anger		n.	怒り
architecture		n.	建築
assist		v.	支援する
attempted		v.	企てる
behalf		n.	代理
belt		n.	ベルト
capture		v.	捕らえる
centers		n.	中心
ceremony		n.	式典
comic		adj.	喜劇の
comic		n.	漫画
cops		n.	警察
cuts		v.	切る
dallas		n.	ダラス
designer		n.	デザイナー
diamond		n.	ダイヤモンド
disappointed		adj.	がっかりした
dressed		v.	着る
economics		n.	経済学
efficient		adj.	効率的な
electrical		adj.	電気の
employed		v.	雇う
enjoying		v.	楽しむ
entering		v.	入る
essentially		adv.	本質的に
establishment		n.	機関
establishment		n.	設立
expecting		v.	予期する
explains		v.	説明する
flower		n.	花
ghost		n.	幽霊
guests		n.	客
handed		v.	渡す
hockey		n.	ホッケー
houston		n.	ヒューストン
hunting		n.	狩猟
industries		n.	産業
islam		n.	イスラム教
jane		n.	ジェーン
judges		n.	裁判官
kit		n.	道具一式
lab		n.	実験室
languages		n.	言語
maps		n.	地図
min		n.	分
morgan		n.	モーガン
moscow		n.	モスクワ
nervous		adj.	神経質な
newly		adv.	新たに
odd		adj.	奇妙な
ordinary		adj.	普通の
participate		v.	参加する
philadelphia		n.	フィラデルフィア
prayer		n.	祈り
principles		n.	原則
racist		adj.	人種差別的な
rarely		adv.	めったに
references		n.	参考
sexy		adj.	セクシーな
skill		n.	技能
soil		n.	土
solve		v.	解決する
stomach		n.	胃
struck		v.	打つ
studying		v.	勉強する
suck		v.	吸う
supports		v.	支援する
trash		n.	ゴミ
ugly		adj.	醜い
vegas		n.	ベガス
virus		n.	ウイルス
walker		n.	歩行者
whoever		pron.	誰でも
amounts		n.	量
anthony		n.	アンソニー
arthur		n.	アーサー
aspect		n.	側面
banned		v.	禁止する
boost		v.	増強する
bureau		n.	局
colonel		n.	大佐
comfort		n.	快適さ
controls		v.	制御する
cousin		n.	いとこ
crack		v.	割る
deck		n.	デッキ
demands		n.	要求
dies		v.	死ぬ
dragon		n.	竜
dramatic		adj.	劇的な
dust		n.	埃
dutch		adj.	オランダの
engineers		n.	技術者
evolution		n.	進化
foods		n.	食品
hired		v.	雇う
illness		n.	病
inspiration		n.	インスピレーション
institution		n.	機関
kings		n.	王
knife		n.	ナイフ
lately		adv.	最近
lowest		adj.	最も低い
memorial		n.	記念碑
memorial		adj.	追悼の
mexican		adj.	メキシコの
minority		n.	少数
mum		n.	ママ
opinions		n.	意見
patterns		n.	パターン
presents		n.	プレゼント
presents		v.	提出する
priority		n.	優先
promotion		n.	昇進
promotion		n.	販促
rail		n.	レール
readers		n.	読者
remote		adj.	遠い
remote		n.	リモコン
repair		v.	修理する
repair		n.	修理
root		n.	根
saint		n.	聖人
steal		v.	盗む
stolen		v.	盗む
telephone		n.	電話
tho		conj.	〜だけど
titles		n.	タイトル
trans		adj.	トランスの
ups		n.	浮き沈み
whereas		conj.	一方である
abandoned		adj.	放棄された
acquired		v.	取得する
actors		n.	俳優
alexander		n.	アレクサンダー
alliance		n.	同盟
annoying		adj.	うっとうしい
bid		n.	入札
bid		v.	入札する
bro		n.	兄弟
buddy		n.	相棒
buried		v.	埋葬する
butter		n.	バター
cares		v.	気にする
columbia		n.	コロンビア
conclusion		n.	結論
confirm		v.	確認する
congratulations		int.	おめでとう
contracts		n.	契約
convinced		adj.	確信した
crap		n.	くそ
crystal		n.	クリスタル
dean		n.	学部長
decent		adj.	まともな
decline		v.	減少する
decline		v.	辞退する
delay		v.	遅らせる
delay		n.	遅延
describes		v.	描写する
desert		n.	砂漠
downtown		n.	ダウンタウン
earlyaccess		n.	アーリーアクセス
elite		n.	エリート
enemies		n.	敵
facebook		n.	Facebook
forgotten		v.	忘れる
forth		adv.	前へ
gods		n.	神
hire		v.	雇う
hop		v.	ぴょんと跳ぶ
hopes		n.	希望
insane		adj.	正気でない
installed		v.	インストールする
israeli		adj.	イスラエルの
landing		n.	着陸
layer		n.	層
managing		v.	経営する
marry		v.	結婚する
nowhere		adv.	どこにも
nurse		n.	看護師
obtain		v.	得る
organic		adj.	有機の
ownership		n.	所有権
participants		n.	参加者
pennsylvania		n.	ペンシルベニア州
poetry		n.	詩
pot		n.	鍋
pray		v.	祈る
printed		v.	印刷する
recall		v.	思い出す
recall		v.	回収する
rugby		n.	ラグビー
sake		n.	目的, ため
sanfrancisco		n.	サンフランシスコ
sheet		n.	シーツ
signing		v.	署名する
smooth		adj.	滑らかな
spiritual		adj.	精神的な
stops		v.	止まる
string		n.	文字列
sudden		adj.	突然の
sweden		n.	スウェーデン
syria		n.	シリア
throwing		v.	投げる
thrown		v.	投げる
vacation		n.	休暇
abroad		adv.	海外に
arab		adj.	アラブの
assigned		v.	割り当てる
associate		v.	連想する
assumed		v.	仮定する
atlantic		n.	大西洋
bench		n.	ベンチ
bother		v.	悩ませる
broadcast		v.	放送する
bye		int.	さようなら
cambridge		n.	ケンブリッジ
citizen		n.	市民
cleaning		n.	掃除
compete		v.	競争する
consists		v.	構成する
consumers		n.	消費者
contributed		v.	貢献する
cricket		n.	クリケット
critics		n.	批評家
damaged		v.	損傷する
disaster		n.	災害
discover		v.	発見する
disney		n.	ディズニー
entrance		n.	入口
entrance		v.	魅了する
equally		adv.	等しく
fallen		v.	落ちる
fallen		adj.	倒れた
figured		v.	考える
fitness		n.	健康
francis		n.	フランシス
friendship		n.	友情
gary		n.	ゲイリー
handling		n.	処理
idiot		n.	愚か者
intense		adj.	激しい
keys		n.	鍵
lawyers		n.	弁護士
lifetime		n.	一生
liquid		n.	液体
liquid		adj.	液体の
makeup		n.	化粧
medal		n.	メダル
mortgage		n.	住宅ローン
narrative		n.	物語
narrow		adj.	狭い
nba		n.	NBA
observed		v.	観察する
occasionally		adv.	時々
pan		n.	フライパン
physics		n.	物理学
posting		n.	投稿
potentially		adv.	潜在的に
reduction		n.	削減
reflect		v.	反映する
reflect		v.	省みる
refuse		v.	断る
researchers		n.	研究者
resource		n.	資源
roger		n.	ロジャー
roger		int.	了解
ross		n.	ロス
sciences		n.	科学
seattle		n.	シアトル
serves		v.	仕える
serves		v.	出す
silly		adj.	愚かな
subsequent		adj.	その後の
towns		n.	町
translation		n.	翻訳
visible		adj.	見える
yep		int.	うん
adds		v.	加える
ain't		v.	ではない
allen		n.	アレン
amendment		n.	修正案
angle		n.	角度
arizona		n.	アリゾナ
arrive		v.	到着する
belong		v.	属する
berlin		n.	ベルリン
bishop		n.	司教
bishop		n.	ビショップ
channels		n.	チャンネル
clark		n.	クラーク
commonly		adv.	通常
connect		v.	接続する
defensive		adj.	防御的な
designs		v.	設計する
efficiency		n.	効率
enterprise		n.	企業
experiment		n.	実験
experiment		v.	実験する
females		n.	女性
findings		n.	発見
firms		n.	会社
forum		n.	フォーラム
gifts		n.	贈り物
grass		n.	草
hence		adv.	それゆえ
increasingly		adv.	ますます
incredibly		adv.	信じられないほど
jay		n.	カケス
journalist		n.	ジャーナリスト
kicked		v.	蹴る
lessons		n.	授業
lessons		n.	教訓
lists		n.	リスト
maintained		v.	維持する
mill		n.	製粉所
occasion		n.	機会
oxford		n.	オックスフォード
pace		n.	速度
passenger		n.	乗客
pen		n.	ペン
pope		n.	ローマ教皇
possession		n.	所有
races		n.	レース
rapid		adj.	速い
regulation		n.	規制
resident		n.	住民
rocks		n.	岩
roleplayinggame		n.	ロールプレイングゲーム
rpg		n.	ロールプレイングゲーム
shaped		adj.	形作られた
sixth		num.	第六
spin		v.	回転する
styles		n.	スタイル
subjects		n.	主題
subjects		n.	科目
sucks		v.	最悪だ
suitable		adj.	適した
thirty		num.	三十
timemachine		n.	タイムマシン
valid		adj.	有効な
vital		adj.	極めて重要な
whilst		conj.	一方
agriculture		n.	農業
alleged		adj.	いわゆる
anna		n.	アンナ
atlanta		n.	アトランタ
bands		n.	バンド
christians		n.	キリスト教徒
collect		v.	集める
commerce		n.	商業
cop		n.	警察官
creek		n.	小川
currency		n.	通貨
emotions		n.	感情
exhibition		n.	展覧会
fraud		n.	詐欺
funeral		n.	葬儀
genuine		adj.	本物の
gordon		n.	ゴードン
honey		n.	蜂蜜
honour		n.	名誉
hook		n.	フック
hunter		n.	猟師
immigrants		n.	移民
improving		v.	改善する
instructions		n.	指示
introduce		v.	紹介する
kansas		n.	カンザス州
lands		n.	土地
legacy		n.	遺産
log		n.	丸太
matthew		n.	マシュー
merely		adv.	単に
monitor		n.	モニター
patrick		n.	パトリック
phil		n.	フィル
prisoners		n.	囚人
programming		n.	プログラミング
publishing		n.	出版
ratio		n.	比率
regret		v.	後悔する
rejected		v.	拒絶
remind		v.	思い出させる
resort		n.	行楽地
resort		v.	訴える
resulted		v.	結果として生じる
reverse		v.	逆にする
routine		n.	ルーティン
scary		adj.	怖い
seed		n.	種
settle		v.	解決する
sin		n.	罪
spell		v.	綴る
summary		n.	要約
survival		n.	生存
sword		n.	剣
tongue		n.	舌
ward		n.	病棟
waves		n.	波
wayne		n.	ウェイン
achievement		n.	達成
anderson		n.	アンダーソン
argued		v.	論じる
asleep		adj.	眠っている
austin		n.	オースティン
automatic		adj.	自動の
begun		v.	始める
behaviour		n.	行動
cd		n.	CD
cents		n.	セント
coat		n.	コート
comprehensive		adj.	包括的な
consent		n.	同意
daddy		n.	パパ
destruction		n.	破壊
diego		n.	ディエゴ
diseases		n.	病
divorce		n.	離婚
divorce		v.	離婚する
doc		n.	ドキュメント
drove		v.	運転する
ears		n.	耳
engage		v.	従事する
extraordinary		adj.	並外れた
fate		n.	運命
frequency		n.	周波数
gaming		n.	ゲーム
gene		n.	遺伝子
glory		n.	栄光
headquarters		n.	本社
heritage		n.	遺産
initiative		n.	提案
interviews		n.	インタビュー
interviews		v.	インタビューする
jean		n.	ジャン
juice		n.	ジュース
landscape		n.	風景
logic		n.	論理
meets		v.	会う
melbourne		n.	メルボルン
microsoft		n.	マイクロソフト
objective		n.	目標
objective		adj.	客観的な
organisation		n.	組織
privacy		n.	プライバシー
procedures		n.	手順
profits		n.	利益
reducing		v.	減らす
regard		v.	見なす
representing		v.	表す
residence		n.	居所
roughly		adv.	およそ
salary		n.	給料
scoring		n.	得点, スコアリング
script		n.	台本
script		n.	文字
searching		v.	検索する
sections		n.	部分
strip		v.	剥ぐ
strip		n.	帯
surrounded		adj.	囲まれた
threatened		v.	脅かす
transferred		v.	移す
tube		n.	管
tube		n.	地下鉄
universities		n.	大学
walter		n.	ウォルター
wisconsin		n.	ウィスコンシン州
writes		v.	書く
ambassador		n.	大使
ann		n.	アン
apps		n.	アプリ
awarded		v.	授与する
banking		n.	銀行業
breast		n.	胸
cant		n.	隠語
cant		v.	傾く
carter		n.	荷馬車御者
chelsea		n.	チェルシー
chemistry		n.	化学
chemistry		n.	化学反応
concluded		v.	結論する
consumption		n.	消費
corruption		n.	腐敗
cotton		n.	綿
crossed		v.	横切する
detroit		n.	デトロイト
discount		n.	割引
dozen		num.	ダース
engines		n.	エンジン
epic		adj.	叙事詩の
exception		n.	例外
exit		n.	出口
exit		v.	退出する
expand		v.	拡大する
fancy		adj.	手の込んだ
gorgeous		adj.	華やかな
grateful		adj.	感謝して
heroes		n.	英雄
holes		n.	穴
impression		n.	印象
inches		n.	インチ
indicate		v.	示す
input		n.	入力
johnny		n.	ジョニー
josh		v.	ふざける
knock		v.	ノックする
leather		n.	革
lips		n.	唇
luxury		n.	贅沢
lyrics		n.	歌詞
manufacturers		n.	製造業者
masters		n.	修士
movements		n.	運動
operated		v.	操作する
ought		v.	〜すべきである
outcome		n.	結果
painted		v.	描く
poll		n.	世論調査
preferred		adj.	好ましい
pulling		v.	引く, 牽引する
ranked		v.	順位をつける
referring		v.	言及する
removal		n.	除去
rep		n.	代表
reporter		n.	記者
risks		n.	リスク
rob		v.	強奪する
screaming		v.	叫ぶ
sequence		n.	順序
singapore		n.	シンガポール
stretch		v.	伸ばす
tear		n.	涙
tear		v.	引き裂く
tennis		n.	テニス
terrorist		n.	テロリスト
theater		n.	劇場
ties		n.	ネクタイ
twelve		num.	十二
versions		n.	バージョン
virgin		n.	処女
voices		n.	声
who's		pron.	誰が
wishes		n.	願い
wishes		v.	願う
wolf		n.	オオカミ
absence		n.	不在
agricultural		adj.	農業の
asshole		n.	クソ野郎
ate		v.	食べる
athletes		n.	選手
bears		v.	耐える
bears		n.	クマ
blues		n.	憂鬱
blues		n.	ブルース
boxes		n.	箱
bruce		n.	ブルース
bull		n.	雄牛
cameras		n.	カメラ
commonwealth		n.	連邦
contribute		v.	貢献する
contribution		n.	貢献
contributions		n.	貢献
couples		n.	カップル
delicious		adj.	おいしい
deny		v.	否定する
deserves		v.	値する
ease		n.	容易
ease		v.	和らげる
extend		v.	延ばす
fame		n.	名声
flood		n.	洪水
flood		v.	水浸しにする
generated		v.	生成する
genetic		adj.	遺伝の
glasses		n.	眼鏡
impressed		v.	感銘を与える
indicated		v.	示す
instant		adj.	即時の
instant		n.	瞬間
investors		n.	投資家
involves		v.	関わる
kate		n.	ケイト
kills		v.	殺す
liberty		n.	自由
maria		n.	マリア
ministers		n.	大臣
monitoring		n.	監視
occurs		v.	起こる
passengers		n.	乗客
photographs		n.	写真
principle		n.	原則
producers		n.	生産者
progressive		adj.	進歩的な
punishment		n.	罰
rally		n.	集会
rally		v.	結集する
rapidly		adv.	急速に
reader		n.	読者
representation		n.	代表
representation		n.	表現
restaurants		n.	レストラン
reveals		v.	明らかにする
roots		n.	根
samples		n.	サンプル
shops		n.	店
sum		n.	合計
swing		v.	揺れる
swing		n.	ブランコ
tail		n.	尾
texts		n.	テキスト
twin		n.	双子
upcoming		adj.	今後の
veterans		n.	退役軍人
wwii		n.	第二次世界大戦
alert		adj.	警戒態勢の
alert		n.	警報
arena		n.	アリーナ
arguments		n.	論拠
billy		n.	ビリー
boom		n.	好景
boom		v.	急増する
boots		n.	ブーツ
brave		adj.	勇敢な
claiming		v.	主張する
column		n.	柱
column		n.	コラム
commit		v.	犯す
compensation		n.	補償
composition		n.	作文
composition		n.	構成
computers		n.	コンピュータ
conservation		n.	保護
constitutional		adj.	憲法の
crossing		n.	交差点
defending		v.	守る
density		n.	密度
difficulty		n.	困難
dropping		v.	落とす
drops		n.	滴
drops		v.	落ちる
elementary		adj.	初等の
ethnic		adj.	民族の
expenses		n.	費用
fleet		n.	艦隊
foster		v.	育てる
foster		adj.	養子縁組の
fundamental		adj.	基本的な
gen		n.	情報
genius		n.	天才
greatly		adv.	大いに
guidance		n.	指導
hospitals		n.	病院
infection		n.	感染
intention		n.	意図
iowa		n.	アイオワ州
jokes		n.	冗談
knee		n.	膝
mechanical		adj.	機械の
nigeria		n.	ナイジェリア
parks		n.	公園
parks		v.	駐車する
participation		n.	参加
periods		n.	期間
periods		n.	ピリオド
precious		adj.	貴重な
pregnancy		n.	妊娠
premium		n.	保険料
preparing		v.	準備する
pretend		v.	ふりをする
priest		n.	司祭
prominent		adj.	著名な
proven		adj.	証明された
radical		adj.	過激な
remembered		v.	覚える
requested		v.	要求する
residential		adj.	住宅の
reward		n.	報酬
rings		n.	指輪
rings		v.	鳴る
robin		n.	コマドリ
russell		n.	ラッセル
satellite		n.	人工衛星
shake		v.	振る
shake		n.	振り
shore		n.	岸
spots		n.	場所
spots		n.	斑点
stats		n.	統計
struggling		v.	もがく
substantial		adj.	相当の
teen		n.	ティーン
temperatures		n.	気温
transmission		n.	伝送
trap		n.	罠
trap		v.	はめる
twitter		n.	ツイッター
uniform		n.	制服
wildlife		n.	野生動物
wooden		adj.	木製の
you'd		pron.	〜だろう
aggressive		adj.	攻撃的な
anne		n.	アン
answered		v.	答える
apparent		adj.	明らかな
bang		n.	バン
bang		v.	殴る
blast		n.	爆発
blast		v.	爆破する
bones		n.	骨
brands		n.	ブランド
centuries		n.	世紀
communist		n.	共産主義者
complaint		n.	苦情
component		n.	部品
connections		n.	つながり
courage		n.	勇気
cure		v.	治す
cure		n.	治療
desperate		adj.	必死の
diversity		n.	多様性
dragonball		n.	ドラゴンボール
duties		n.	義務
encouraged		v.	励ます
eve		n.	前夜
faculty		n.	教員
feedback		n.	フィードバック
fighter		n.	戦士
frozen		adj.	凍った
guards		n.	警備員
hiding		v.	隠れる
humanity		n.	人類
ian		n.	イアン
innovation		n.	革新
instruments		n.	器具
invest		v.	投資する
jacket		n.	ジャケット
justin		n.	ジャスティン
legislative		adj.	立法の
listing		n.	一覧
manual		n.	マニュアル
manual		adj.	手動の
mothers		n.	母
murdered		v.	殺害する
nursing		n.	看護
occupied		adj.	使用中の
ongoing		adj.	進行中の
operator		n.	オペレーター
painful		adj.	痛い
pound		n.	ポンド
pound		v.	叩く
preparation		n.	準備
punch		v.	殴る
punch		n.	パンチ
purple		adj.	紫の
railroad		n.	鉄道
registration		n.	登録
releases		v.	リリースする
releases		n.	リリース
rick		n.	干し草の山
romance		n.	ロマンス
shouldn't		v.	~すべきではない
submitted		v.	提出する
sufficient		adj.	十分な
survived		v.	生き残る
suspended		v.	停止する
technologies		n.	技術
tissue		n.	組織
tissue		n.	ティッシュ
trailer		n.	トレーラー
trailer		n.	予告編
trends		n.	傾向
trials		n.	試験
trials		n.	裁判
ukraine		n.	ウクライナ
underground		adj.	地下の
underground		n.	地下鉄
vcs		n.	バージョン管理システム
versioncontrolsystem		n.	バージョン管理システム
versus		prep.	対
virtual		adj.	仮想の
walks		v.	歩く
wounded		adj.	負傷した
ali		n.	アリ
amongst		prep.	~の中で
announcement		n.	発表
arranged		v.	手配する
arsenal		n.	兵器工場
attending		v.	出席する
attracted		v.	引く
biological		adj.	生物学的な
bite		v.	噛む
blocked		v.	妨げる
blocked		adj.	封鎖された
boards		n.	板
boards		n.	委員会
burned		v.	燃える
categories		n.	カテゴリー
checks		v.	確認する
checks		n.	小切手
chip		n.	チップ
concerning		prep.	~に関して
dare		v.	あえて~する
database		n.	データベース
define		v.	定義する
discrimination		n.	差別
disorder		n.	障害
distributed		v.	配布する
districts		n.	地区
documentary		n.	ドキュメンタリー
domain		n.	領域
domain		n.	ドメイン
dynamic		adj.	動的な
edited		v.	編集する
engagement		n.	関与
engagement		n.	婚約
explore		v.	探検する
favour		n.	好意
fewer		adj.	より少ない
footage		n.	映像
giants		n.	巨人
grave		n.	墓
grave		adj.	深刻な
hamilton		n.	ハミルトン
implementation		n.	実装
indiana		n.	インディアナ州
investigate		v.	調査する
jazz		n.	ジャズ
jon		n.	ヨン
jonathan		n.	ジョナサン
laboratory		n.	実験室
lawrence		n.	ローレンス
lincoln		n.	リンカーン
literary		adj.	文学的
mask		n.	仮面
massachusetts		n.	マサチューセッツ州
midnight		n.	真夜中
minnesota		n.	ミネソタ州
mouse		n.	鼠
mouse		n.	マウス
oscar		n.	オスカー
packed		adj.	いっぱいの
piano		n.	ピアノ
praise		v.	賞賛する
presentation		n.	プレゼンテーション
psychology		n.	心理学
relation		n.	関係
restrictions		n.	制限
rocket		n.	ロケット
ruin		v.	台無しにする
saudi		adj.	サウジの
sean		n.	ショーン
sec		n.	秒
secrets		n.	秘密
slave		n.	奴隷
stability		n.	安定
steady		adj.	安定した
stones		n.	石
symbol		n.	記号
terminal		n.	ターミナル
toilet		n.	トイレ
treaty		n.	条約
triple		adj.	三重の
unlikely		adj.	ありそうもない
updates		n.	更新
vietnam		n.	ベトナム
viewed		v.	見る
affair		n.	事柄
affair		n.	不倫
agenda		n.	議題
bat		n.	蝠
bat		n.	バット
bow		n.	弓
bow		v.	お辞儀をする
calendar		n.	暦
cape		n.	岬
collective		adj.	集団の
conversations		n.	会話
cooperation		n.	協力
craft		n.	工芸
darkness		n.	闇
deeper		adj.	より深い
devil		n.	悪魔
edit		v.	編集する
enable		v.	有効にする
equity		n.	公平
equity		n.	株式
estimates		v.	見積もる
failing		n.	欠点
finishing		n.	仕上げ
fortune		n.	富
fortune		n.	運
gates		n.	門
goodbye		int.	さようなら
graham		n.	グレアム
hardware		n.	ハードウェア
hardware		n.	金物
hillary		n.	ヒラリー
hurts		v.	痛む
intellectual		adj.	知的な
invite		v.	招待する
involvement		n.	関与
kentucky		n.	ケンタッキー州
madrid		n.	マドリード
nuts		n.	ナッツ
oregon		n.	オレゴン州
partly		adv.	部分的に
petition		n.	請願
phrase		n.	句
physically		adv.	肉体的に
protecting		v.	守る
racial		adj.	人種的な
rated		v.	評価する
regime		n.	政権
rivers		n.	川
rounds		n.	ラウンド
ruled		v.	統治する
sauce		n.	ソース
seal		n.	アザラシ
seal		v.	密封する
separated		adj.	分かれた
shield		n.	盾
similarly		adv.	同様に
slide		v.	滑る
stem		n.	茎
summit		n.	首脳会談
summit		n.	頂上
talented		adj.	才能のある
throat		n.	喉
tiger		n.	トラ
touched		v.	触れる
toy		n.	おもちゃ
visits		v.	訪れる
warriors		n.	戦士
wisdom		n.	知恵
accounting		n.	会計
alien		n.	エイリアン
attacking		v.	攻撃する
awkward		adj.	気まずい
beast		n.	獣
beef		n.	牛肉
candy		n.	キャンディ
carrier		n.	キャリア
carrier		n.	航空会社
celebration		n.	祝賀
celebrity		n.	セレブ
certificate		n.	証明書
cited		v.	引用する
clay		n.	粘土
coaching		n.	コーチング
colleagues		n.	同僚
constructed		v.	建設する
dated		adj.	時代遅れの
default		n.	デフォルト
delhi		n.	デリー
derived		v.	由来する
dialogue		n.	対話
disabled		adj.	障害者の
distinct		adj.	明確な
drag		v.	引く
educated		adj.	教育を受けた
eligible		adj.	資格のある
estimate		v.	見積もる
execution		n.	実行
existed		v.	存在する
fifty		num.	五十
followers		n.	フォロワー
fool		n.	愚か者
framework		n.	フレームワーク
franchise		n.	フランチャイズ
funded		v.	資金提供する
furniture		n.	家具
generations		n.	世代
guaranteed		v.	保証する
integrated		adj.	統合された
intelligent		adj.	知的な
interaction		n.	相互作用
jet		n.	ジェット機
journalists		n.	ジャーナリスト
lifestyle		n.	ライフスタイル
lighting		n.	照明
lisa		n.	リサ
loop		n.	ループ
mall		n.	ショッピングモール
newdelhi		n.	ニューデリー
overseas		adj.	海外の
performances		n.	公演
philippines		n.	フィリピン
polish		v.	磨く
polish		adj.	ポーランドの
recommendations		n.	推薦
recover		v.	回復する
regarded		v.	見なす
relax		v.	リラックスする
reliable		adj.	頼りになる
rely		v.	頼る
remarkable		adj.	顕著な
responses		n.	回答
ruling		n.	裁定
sacrifice		n.	犠牲
sole		adj.	唯一の
stopping		v.	止まる
strategies		n.	戦略
succeed		v.	成功する
succeed		v.	継承する
tables		n.	テーブル
tables		n.	表
tale		n.	物語
targets		n.	目標
targets		v.	狙う
timing		n.	タイミング
ton		n.	トン
volunteers		n.	ボランティア
witnesses		n.	証人
witnesses		v.	目撃する
wore		v.	着る
worship		v.	崇拝する
worship		n.	礼拝
worthy		adj.	価値のある
acted		v.	演じる
acted		v.	行動する
alarm		n.	警報
bass		n.	ベース
bloody		adj.	血なまぐさい
breathing		n.	呼吸
butt		n.	尻
characteristics		n.	特徴
cnn		n.	CNN
collaboration		n.	協力
con		prep.	～によって
consideration		n.	考慮
counts		v.	数える
counts		n.	カウント
creates		v.	作り出す
crucial		adj.	決定的な
daughters		n.	娘
dependent		adj.	依存した
discussions		n.	議論
drives		n.	ドライブ
drives		v.	運転する
dual		adj.	二重の
edinburgh		n.	エディンバラ
equipped		adj.	装備した
expanded		v.	拡大する
experimental		adj.	実験的な
feeding		n.	給餌
filter		n.	フィルター
galaxy		n.	銀河
globe		n.	地球
grades		n.	成績
grades		n.	学年
greece		n.	ギリシャ
gulf		n.	湾
highlights		n.	ハイライト
hoped		v.	希望する
intent		n.	意図
involve		v.	関与する
judgment		n.	判断
kennedy		n.	ケネディ
knight		n.	騎士
larry		n.	ラリー
logo		n.	ロゴ
malaysia		n.	マレーシア
mature		adj.	成熟した
moore		n.	ムーア
nazi		n.	ナチ
netherlands		n.	オランダ
odds		n.	確率
peaceful		adj.	平和な
philip		n.	フィリップ
photographer		n.	写真家
pin		n.	ピン
pin		v.	ピンで留める
prevention		n.	予防
printing		v.	印刷する
promoting		v.	促進
publicly		adv.	公に
pump		n.	ポンプ
pump		v.	ポンプで汲む
repeated		adj.	繰り返しの
replied		v.	返事する
requests		n.	要請
requests		v.	要請する
revenge		n.	復讐
satisfied		adj.	満足した
seeds		n.	種子
signals		n.	信号
signals		v.	合図する
slip		v.	滑る
spaces		n.	空間
spaces		v.	間隔を空ける
spare		adj.	予備の
spare		v.	節約する
specialist		n.	専門家
stocks		n.	株式
stranger		n.	他人
submit		v.	提出する
surprising		adj.	驚くべき
tap		v.	軽くたたく
tap		n.	蛇口
thompson		n.	トンプソン
threats		n.	脅し
tourism		n.	観光
turkish		adj.	トルコの
volunteer		n.	ボランティア
volunteer		v.	志願する
acceptable		adj.	許容できる
allies		n.	同盟国
attempting		v.	試みる
auction		n.	競売
bonds		n.	債券
bonds		n.	絆
challenging		adj.	やりがいのある
chaos		n.	混沌
churches		n.	教会
cleveland		n.	クリーブランド
composed		adj.	落ち着いた
composed		v.	作曲する
concentration		n.	集中
concentration		n.	濃度
copper		n.	銅
corp		n.	会社
corps		n.	軍団
counting		v.	数える
credits		n.	単位
credits		n.	功績
dawn		n.	夜明け
dispute		n.	論争
earnings		n.	収益
editing		v.	編集する
executed		v.	処刑する
executed		v.	実行する
firing		v.	解雇する
firing		v.	発砲する
fits		v.	合う
fits		n.	発作
frequent		adj.	頻繁な
gardens		n.	庭園
gathered		v.	集める
hilarious		adj.	滑稽な
huh		int.	え
ignored		v.	無視する
improvements		n.	改善
investments		n.	投資
isis		n.	イスラム国
isis		n.	イシス
margin		n.	余白
margin		n.	マージン
mars		n.	火星
maryland		n.	メリーランド州
mechanism		n.	機構
moderate		adj.	穏健な
murray		n.	マレー
oklahoma		n.	オクラホマ州
opera		n.	オペラ
overcome		v.	克服する
parallel		adj.	平行の
passage		n.	通路
pit		n.	穴
psychological		adj.	心理的な
publications		n.	出版物
quest		n.	探求
radiation		n.	放射線
shocked		v.	ショックを受ける
sized		adj.	サイズの
stroke		n.	脳卒中
stunning		adj.	驚異的な
tanks		n.	タンク
tokyo		n.	東京
topics		n.	話題
trains		n.	列車
traveling		v.	旅行する
treating		v.	治療する
tune		n.	曲
utility		n.	効用
vessel		n.	船
weed		n.	雑草
wherever		conj.	どこでも
acquisition		n.	買収
addressed		v.	対処する
alabama		n.	アラバマ州
alice		n.	アリス
angels		n.	天使
anime		n.	アニメ
announce		v.	発表する
autumn		n.	秋
backed		v.	支援する
barry		n.	バリー
bold		adj.	大胆な
borders		n.	国境
breathe		v.	呼吸する
cameron		n.	キャメロン
choosing		v.	選ぶ
classical		adj.	古典的な
classified		adj.	機密の
clip		n.	クリップ
coaches		n.	コーチ
coins		n.	硬貨
concepts		n.	概念
conspiracy		n.	陰謀
controversy		n.	論争
convince		v.	説得する
cooper		n.	クーパー
disappeared		v.	消える
encounter		v.	出会う
equality		n.	平等
exam		n.	試験
examination		n.	検査
examination		n.	試験
fails		v.	失敗する
federation		n.	連邦
fiscal		adj.	財政の
guardian		n.	後見人
homeless		adj.	ホームレスの
instrument		n.	楽器
instrument		n.	道具
intervention		n.	介入
jerry		n.	Jerry
lover		n.	恋人
mainstream		n.	主流
menu		n.	メニュー
missouri		n.	Missouri
mounted		v.	乗る
mounted		adj.	取り付けられた
mutual		adj.	相互の
nope		int.	いや
occasions		n.	場面
offense		n.	侮辱
offense		n.	犯罪
oral		adj.	口頭の
panic		n.	パニック
pays		v.	払う
peoples		n.	民族
pursue		v.	追求する
realise		v.	意識する
realise		v.	実現する
refugees		n.	難民
removing		v.	取り除く
requirement		n.	要件
responded		v.	応答する
rip		v.	引き裂く
ruined		adj.	破壊された
ruined		v.	台無しにする
sandiego		n.	サンディエゴ
scope		n.	範囲
scope		n.	望遠鏡
segment		n.	部分
spectrum		n.	スペクトル
stays		v.	とどまる
ted		n.	Ted
terror		n.	恐怖
they've		pron.	彼らは～した
venture		n.	ベンチャー
virtually		adv.	事実上
waited		v.	待つ
warren		n.	Warren
worn		adj.	すり減った
yea		int.	はい
accompanied		v.	同行する
adams		n.	Adams
aids		n.	エイズ
aimed		v.	狙う
alpha		n.	アルファ
appleone		n.	AppleOne
approaches		v.	近づく
approaches		n.	アプローチ
arguing		v.	議論する
arrangement		n.	手配
arrangement		n.	配列
beliefs		n.	信念
boats		n.	船
boundaries		n.	境界
brick		n.	煉瓦
brooklyn		n.	ブルックリン
colleges		n.	大学
considerable		adj.	かなりの
conventional		adj.	従来の
danny		n.	ダニー
designated		v.	指定する
dvd		n.	DVD
emperor		n.	皇帝
employers		n.	雇用者
enormous		adj.	巨大な
errors		n.	誤り
focusing		v.	焦点を合わせる
forgive		v.	許す
gains		n.	利益
garage		n.	車庫
gathering		n.	集まり
guidelines		n.	ガイドライン
handled		v.	処理する
hosted		v.	主催する
indians		n.	インド人
indonesia		n.	インドネシア
inquiry		n.	照会
inspector		n.	検査官
jumped		v.	跳ぶ
khan		n.	ハーン
lion		n.	ライオン
loaded		v.	積み込む
lonely		adj.	孤独な
maintaining		v.	維持する
measured		adj.	測定された
measured		v.	測定する
mercy		n.	慈悲
nevertheless		adv.	それでも
newspapers		n.	新聞
outer		adj.	外側の
oxygen		n.	酸素
pipe		n.	パイプ
pissed		adj.	怒った
poem		n.	詩
powder		n.	粉
powered		v.	動力を供給する
promises		n.	約束
quotes		n.	引用
racism		n.	人種差別
ratings		n.	視聴率
reads		v.	読む
recovered		v.	回復する
refers		v.	言及する
roy		n.	ロイ
rude		adj.	失礼の
screw		n.	ねじ
seventh		num.	第七番目の
shelter		n.	避難所
signature		n.	署名
sooner		adv.	より早く
spider		n.	クモ
stewart		n.	スチュワート
strikes		v.	打つ
suggesting		v.	提案する
suits		n.	スーツ
toys		n.	おもちゃ
tracking		n.	追跡
tribute		n.	貢物
trigger		n.	引き金
trigger		v.	引き起こす
vary		v.	異なる
venue		n.	会場
wages		n.	賃金
wells		n.	井
wheels		n.	車輪
abortion		n.	妊娠中絶
accuracy		n.	正確さ
albert		n.	アルバート
applying		v.	応募する
artificial		adj.	人工の
belongs		v.	属する
beneath		prep.	〜の下に
bullet		n.	弾丸
burns		v.	燃える
carl		n.	カール
celebrated		adj.	著名な
consistently		adv.	一貫して
conversion		n.	変換
copyright		n.	著作権
counties		n.	郡
democrat		n.	民主党員
deposit		n.	預金
deposit		v.	預ける
destination		n.	目的地
dirt		n.	土
diverse		adj.	多様な
divine		adj.	神の
emails		n.	メール
exclusively		adv.	もっぱら
export		v.	輸出する
fastest		adj.	最も速い
formerly		adv.	以前
functional		adj.	機能的
gather		v.	集める
grandfather		n.	祖父
habit		n.	習慣
harvard		n.	ハーバード大学
indicates		v.	示す
isolated		adj.	孤立した
jealous		adj.	嫉妬した
knocked		v.	ノックする
landed		v.	着陸する
laughed		v.	笑う
laura		n.	ローラ
lazy		adj.	怠惰な
marshall		n.	マーシャル
mitchell		n.	ミッチェル
modified		v.	修正する
municipal		adj.	市の
naval		adj.	海軍の
neighbors		n.	隣人
nelson		n.	ネルソン
neutral		adj.	中立の
noble		adj.	高貴な
oldest		adj.	最も古い
pat		v.	軽くたたく
picks		v.	選ぶ
poland		n.	Poland
popularity		n.	人気
professionals		n.	専門家
pussy		n.	猫
reactions		n.	反応
relate		v.	関連する
robot		n.	ロボット
sacred		adj.	神聖な
securities		n.	証券
shoe		n.	靴
speakers		n.	スピーカー
spider-man		n.	スパイダーマン
springs		n.	ばね
spy		n.	スパイ
steven		n.	スティーブン
suggestions		n.	提案
supplied		v.	供給する
susan		n.	スーザン
suspension		n.	停止
terrorism		n.	テロ
terry		n.	テリー
toxic		adj.	有毒な
treasury		n.	財務省
tunnel		n.	トンネル
unions		n.	労働組合
upgrade		v.	アップグレードする
warrant		n.	令状
wider		adj.	より広い
wound		n.	傷
aaron		n.	アーロン
actively		adv.	積極的に
afghanistan		n.	アフガニスタン
ai		n.	人工知能
applies		v.	適用する
arrangements		n.	手配
asset		n.	資産
assuming		conj.	仮定すると
backing		n.	支援
baker		n.	パン職人
barcelona		n.	バルセロナ
blessed		adj.	祝福された
brazilian		adj.	ブラジルの
brush		n.	ブラシ
burden		n.	負担
campbell		n.	キャンベル
carries		v.	運ぶ
casual		adj.	カジュアルな
certified		adj.	認定された
charter		n.	憲章
chef		n.	シェフ
civilian		n.	民間人
coalition		n.	連立
cock		n.	雄鶏
complain		v.	不満を言う
complaints		n.	苦情
controversial		adj.	論争的な
denver		n.	デンバー
describing		v.	描写する
differently		adv.	異なって
directions		n.	方向
discipline		n.	規律
discussing		v.	議論する
disgusting		adj.	嫌な
dj		n.	ディージェイ
dominant		adj.	支配的な
earning		v.	稼ぐ
emma		n.	エマ
essay		n.	エッセイ
expense		n.	費用
explaining		v.	説明する
furthermore		conj.	さらに
graphic		adj.	図の
greg		n.	グレッグ
healing		v.	癒す
hiring		v.	雇用する
hosts		n.	ホスト
implemented		v.	実装する
instantly		adv.	すぐに
invasion		n.	侵略
jacob		n.	ジェイコブ
jumping		v.	跳ぶ
laptop		n.	ノートパソコン
legendary		adj.	伝説的な
leo		n.	レオ
maker		n.	メーカー
margaret		n.	マーガレット
mario		n.	マリオ
opponents		n.	対戦相手
outdoor		adj.	屋外の
palm		n.	手のひら
parker		n.	パーカー
photograph		n.	写真
pole		n.	極
pub		n.	パブ
quarters		n.	4分の1
queensland		n.	クイーンズランド
rangers		n.	レンジャー
ranks		n.	階級
reception		n.	受付
recipe		n.	レシピ
regulatory		adj.	規制の
reviewed		v.	論評する
rolls		v.	転がる
rubber		n.	ゴム
secured		v.	確保する
serial		adj.	連続の
settings		n.	設定
shed		n.	小屋
snake		n.	蛇
sponsored		adj.	スポンサー付きの
stealing		v.	盗む
strict		adj.	厳しい
subsequently		adv.	その後
substance		n.	物質
substance		n.	実質
suggestion		n.	提案
switzerland		n.	スイス
syndrome		n.	症候群
tasks		n.	タスク
trips		n.	旅
ultra		adj.	ウルトラの
unexpected		adj.	意外の
usage		n.	使用法
utah		n.	ユタ州
worlds		n.	世界
accidentally		adv.	偶然に
affordable		adj.	手頃な
amateur		n.	アマチュア
appeals		v.	訴える
argentina		n.	アルゼンチン
baltimore		n.	ボルチモア
batman		n.	バットマン
bearing		n.	ベアリング
beats		v.	負かす
bin		n.	ゴミ箱
biology		n.	生物学
bobby		n.	お巡りさん
briefly		adv.	手短に
canal		n.	運河
cancelled		v.	キャンセルする
charlotte		n.	シャーロット
cheaper		adj.	より安い
christopher		n.	クリストファー
climb		v.	登る
competing		adj.	競合する
completion		n.	完了
cruise		n.	クルーズ
custody		n.	監護
delete		v.	削除
demonstrated		v.	証明する
departure		n.	出発
developers		n.	開発者
developments		n.	発展
dig		v.	掘る
eagles		n.	ワシ
employer		n.	雇用主
evans		n.	エヴァンス
explosion		n.	爆発
fever		n.	熱
fluid		n.	流体
folk		n.	民間
generate		v.	生成する
handsome		adj.	ハンサムな
ho		int.	おお
holidays		n.	休暇
hotels		n.	ホテル
imagination		n.	想像力
integration		n.	統合
integrity		n.	誠実
interpretation		n.	解釈
leaf		n.	葉
legitimate		adj.	正当の
lightning		n.	稲妻
loads		n.	荷
longest		adj.	最も長い
magical		adj.	魔法の
mills		n.	製粉所
motivation		n.	動機
mtv		n.	ミュージックテレビ
musictelevision		n.	音楽テレビ
nasty		adj.	いやな
oliver		n.	オリバー
outfit		n.	服装
pension		n.	年金
permit		v.	許可する
permit		n.	許可
perry		n.	ペリー
plates		n.	皿
pleasant		adj.	快い
portrait		n.	肖像
productive		adj.	生産的な
read-onlymemory		n.	読み取り専用メモリ
reminds		v.	思い出させる
reserves		n.	備蓄
rom		n.	ROM
ron		n.	ロン
safely		adv.	安全に
shirts		n.	シャツ
shorter		adj.	より短い
slight		adj.	わずかな
socialist		n.	社会主義者
streaming		n.	ストリーミング
sue		v.	訴える
sue		n.	スー
targeted		adj.	標的とした
tension		n.	緊張
thailand		n.	タイ
theories		n.	理論
touching		adj.	感動的な
touching		v.	触れる
transactions		n.	取引
twist		v.	ねじる
twist		n.	ねじれ
unemployment		n.	失業
unity		n.	統一
useless		adj.	役に立たない
viewers		n.	視聴者
winds		n.	風
woke		adj.	醒めた
woke		v.	目が覚める
abilities		n.	能力
adultvideo		n.	アダルトビデオ
advocate		v.	提唱する
advocate		n.	提唱者
aims		n.	目標
arc		n.	弧
av		n.	アダルトビデオ
backup		n.	バックアップ
beaten		adj.	負けた
bitter		adj.	苦い
blown		adj.	吹き飛んだ
blown		v.	吹く
branches		n.	枝
campaigns		n.	キャンペーン
chips		n.	ポテトチップス
chips		n.	チップ
cia		n.	中央情報局
clever		adj.	賢い
clinic		n.	クリニック
closest		adj.	最も近い
collections		n.	コレクション
continuous		adj.	連続的
converted		v.	変換する
correctly		adv.	正しく
creator		n.	クリエイター
creatures		n.	生き物
criteria		n.	基準
declined		v.	断る
declined		v.	減少する
detective		n.	探偵
difficulties		n.	困難
disability		n.	障害
dish		n.	料理
dish		n.	皿
douglas		n.	ダグラス
duck		n.	アヒル
egyptian		adj.	エジプトの
evaluation		n.	評価
excess		n.	過剰
farming		n.	農業
fence		n.	フェンス
fifa		n.	FIFA
fighters		n.	戦士
flights		n.	フライト
forcing		v.	強いる
forming		v.	形成する
franklin		n.	フランクリン
fred		n.	フレッド
gradually		adv.	徐々に
gravity		n.	重力
habits		n.	習慣
hasn't		v.	ない
hawaii		n.	ハワイ
highlight		v.	強調表示する
holder		n.	保持者
hood		n.	フード
hung		v.	掛ける
identical		adj.	同一の
imperial		adj.	帝国の
investigations		n.	調査
jose		n.	ホセ
legally		adv.	合法的に
lied		v.	嘘をつく
listened		v.	聞く
llm		n.	大規模言語モデル
males		n.	男性
manufacturer		n.	メーカー
meters		n.	メートル
nail		n.	釘
nail		n.	爪
nasa		n.	NASA
negotiations		n.	交渉
nonsense		n.	ナンセンス
ontario		n.	オンタリオ
operational		adj.	運用上の
orleans		n.	オルレアン
owns		v.	所有する
phoenix		n.	不死鳥
playoffs		n.	プレーオフ
poet		n.	詩人
quoted		v.	引用する
relating		v.	関連する
repeatedly		adv.	繰り返し
robinson		n.	ロビンソン
rolled		v.	転がる
scientist		n.	科学者
sink		n.	流し
sink		v.	沈む
skip		v.	スキップする
slavery		n.	奴隷制
snap		v.	パチンと折る
sorts		n.	種類
sorts		v.	分類する
souls		n.	魂
stole		v.	盗む
swedish		adj.	スウェーデンの
swim		v.	泳ぐ
swiss		adj.	スイスの
tennessee		n.	テネシー
they'll		pron.	彼らは〜するだろう
transaction		n.	取引
transformation		n.	変換
veteran		n.	退役軍人
veteran		adj.	ベテランの
vulnerable		adj.	脆弱な
wealthy		adj.	裕福な
additionally		adv.	さらに
amy		n.	エイ미
attract		v.	引き付ける
barbara		n.	バーバラ
beta		n.	ベータ
beta		n.	ベータ版
blowing		v.	吹く
bored		adj.	退屈な
bronze		n.	青銅
bronze		n.	銅メダル
bug		n.	虫
bug		n.	バグ
caring		adj.	思いやりのある
catching		v.	捕まえる
cave		n.	洞窟
cheating		v.	ズルをする
chronic		adj.	慢性の
cleared		v.	片付ける
communicate		v.	コミュニケーションを取る
convicted		v.	有罪を宣告する
cultures		n.	文化
dealt		v.	扱う
delayed		v.	遅らせる
demonstrate		v.	証明する
demonstrate		v.	デモを行う
departments		n.	部門
depend		v.	依存する
developer		n.	開発者
diagnosis		n.	診断
dismissed		v.	解散する
dismissed		v.	払いのける
distinguished		adj.	優れた
dose		n.	用量
dose		v.	服用する
eighth		num.	第八
experiments		n.	実験
experiments		v.	実験する
flesh		n.	肉
flip		v.	ひっくり返す
forty		num.	四十
generous		adj.	気前の良い
germans		n.	ドイツ人
hated		v.	憎む
implement		v.	実施する
implement		n.	道具
incorporated		v.	組み込む
influenced		v.	影響する
isbn		n.	ISBN
jerusalem		n.	エルサレム
kidding		v.	からかう
laser		n.	レーザー
loyal		adj.	忠実な
marijuana		n.	マリファナ
mentally		adv.	精神的に
missions		n.	任務
missions		n.	使節団
occupation		n.	職業
occupation		n.	占領
opponent		n.	相手
paintings		n.	絵画
patch		n.	パッチ
patch		v.	修理する
patience		n.	忍耐
pic		n.	写真
pointing		v.	指す
pollution		n.	汚染
precisely		adv.	正確に
prisoner		n.	囚人
privilege		n.	特権
proposals		n.	提案
protests		n.	抗議
protests		v.	抗議する
punk		n.	パンク
radar		n.	レーダー
regards		n.	よろしく
relatives		n.	親戚
resist		v.	抵抗する
solely		adv.	もっぱら
stepped		v.	歩む
striking		adj.	顕著な
striking		v.	打つ
terrorists		n.	テロリスト
tourist		n.	観光客
transit		n.	輸送
trucks		n.	トラック
trusted		v.	信頼する
vessels		n.	船
vessels		n.	血管
villa		n.	別荘
volumes		n.	巻
volumes		n.	体積
websites		n.	ウェブサイト
wireless		adj.	無線の
wondered		v.	疑問に思う
wrap		v.	包む
wright		n.	職人
yoga		n.	ヨーガ
adopt		v.	養子縁組する
airlines		n.	航空会社
alaska		n.	アラスカ
albums		n.	アルバム
anytime		adv.	いつでも
bacteria		n.	細菌
beings		n.	存在
beside		prep.	～のそば
blade		n.	刃
boot		n.	ブーツ
bottles		n.	ボトル
bucks		n.	ドル
bulk		n.	大量
camps		n.	キャンプ
cargo		n.	貨物
census		n.	国勢調査
christianity		n.	キリスト教
coastal		adj.	沿岸の
coin		n.	硬貨
colored		adj.	色つきの
commentary		n.	解説
confusion		n.	混乱
congressional		adj.	議会の
corn		n.	トウモロコシ
cried		v.	泣く
customs		n.	税関
dealer		n.	販売業者
deemed		v.	考える
destiny		n.	運命
distant		adj.	遠い
electronics		n.	電子製品
emerging		adj.	新興の
emotion		n.	感情
emphasis		n.	強調
ethics		n.	倫理学
excitement		n.	興奮
exploration		n.	探検
fights		n.	戦い
filling		n.	詰め物
filming		v.	撮影する
fomo		n.	置いてけぼり恐怖
glasgow		n.	グラスゴー
graphics		n.	グラフィック
helen		n.	ヘレン
hi-fi		adj.	ハイファイ
humor		n.	ユーモア
insight		n.	洞察
invested		v.	投資する
jennifer		n.	ジェニファー
lit		adj.	点いた
louisiana		n.	ルイジアナ
marie		n.	マリー
meals		n.	食事
mississippi		n.	ミシシッピ
nerve		n.	神経
nightmare		n.	悪夢
operators		n.	オペレーター
operators		n.	演算子
os		n.	オペレーティングシステム
overnight		adv.	一晩で
partially		adv.	部分的に
participating		v.	参加する
pie		n.	パイ
platforms		n.	プラットフォーム
populations		n.	人口
poster		n.	ポスター
practically		adv.	ほとんど
preserve		v.	保護する
preserve		n.	ジャム
produces		v.	生産する, 製造する
qualify		v.	資格を得る
raid		n.	急襲
ram		v.	激突させる
ranging		v.	及ぶ
ranking		n.	順位
receives		v.	受け取る
respective		adj.	それぞれの
restricted		adj.	制限された
routes		n.	経路
samuel		n.	サミュエル
sandy		n.	サンディ
scenario		n.	シナリオ
sheep		n.	羊
situated		v.	位置する
slaves		n.	奴隷
sony		n.	ソニー
spotted		v.	見つける
spotted		adj.	斑点のある
spreading		v.	広がる
stanley		n.	スタンリー
sustainable		adj.	持続可能な
sustained		adj.	持続的な
taxi		n.	タクシー
themes		n.	テーマ
threatening		v.	脅す
tobacco		n.	タバコ
trace		n.	痕跡
trace		v.	追跡する
trapped		v.	閉じ込める
turner		n.	ターナー
uncomfortable		adj.	不快な
wasted		adj.	無駄にされた
weakness		n.	弱点
widespread		adj.	広範な
xbox		n.	Xbox
accepting		v.	受け入れる
accessible		adj.	アクセスしやすい
acknowledge		v.	認める
advised		v.	助言する
advisory		adj.	諮問の
animation		n.	アニメーション
assignment		n.	課題
balanced		adj.	バランスの取れた
bare		adj.	裸の
basement		n.	地下室
bases		n.	基地
bases		n.	基礎
battles		n.	戦い
bias		n.	偏見
birmingham		n.	バーミンガム
bits		n.	ビット
cancel		v.	キャンセルする
carpet		n.	絨毯
ceiling		n.	天井
cherry		n.	さくらんぼ
chill		v.	冷やす
classification		n.	分類
clue		n.	手がかり
codes		n.	コード
cole		n.	アブラナ
collapse		v.	崩壊する
collecting		v.	収集する
compound		n.	化合物, 複合物
compound		v.	混合する, 構成する
conscious		adj.	意識した
consecutive		adj.	連続した
contents		n.	内容
costume		n.	衣装
craig		n.	クレイグ
deleted		v.	削除された
devoted		adj.	献身的
displayed		v.	表示された
dominated		v.	支配された
earl		n.	伯爵
endless		adj.	終わりのない
escaped		v.	逃げた
examine		v.	調べる
floating		adj.	浮いた
garbage		n.	ゴミ
gospel		n.	福音
grain		n.	穀物
grid		n.	格子
grows		v.	育つ
heating		n.	暖房
identification		n.	識別
knees		n.	膝
lap		n.	膝
lions		n.	ライオン
liver		n.	肝臓
metro		n.	地下鉄
metropolitan		adj.	都市の
mines		n.	鉱山
mixture		n.	混合物, 混合
nominated		v.	指名された
oak		n.	オーク
parliamentary		adj.	議会の
patent		n.	特許
perception		n.	知覚
physician		n.	医師
portland		n.	ポートラン드
proceed		v.	進む
proceedings		n.	訴訟
pupils		n.	生徒
reserved		adj.	予約済みの
restore		v.	復元する
rifle		n.	ライフル
rival		n.	ライバル
rival		v.	競争する
runner		n.	ランナー
sadly		adv.	悲しく
shoulders		n.	肩
significance		n.	意義
sits		v.	座る
sizes		n.	サイズ
slept		v.	眠る
soap		n.	石鹸
spray		n.	スプレー
spray		v.	吹きかける
stored		v.	保存する
stressed		adj.	ストレスを感じる
structural		adj.	構造の
suite		n.	スイート
tropical		adj.	熱帯の
ukrainian		adj.	ウクライナの
unnecessary		adj.	不要な
verse		n.	詩節
victor		n.	勝者
vintage		adj.	ヴィンテージの
vintage		n.	ヴィンテージ
warned		v.	警告する
watson		n.	ワトソン
weren't		v.	ではなかった
acres		n.	エーカー
adapted		adj.	改編された
adapted		v.	適応する
adoption		n.	養子縁組
adoption		n.	採用
anonymous		adj.	匿名の
antonio		n.	アントニオ
approaching		v.	近づく
artistic		adj.	芸術の
attendance		n.	出席
aviation		n.	航空
barrel		n.	樽
beds		n.	ベッド
beloved		adj.	愛される
bless		v.	祝福する
boxing		n.	ボクシング
celebrating		v.	祝う
charging		v.	充電する
chemicals		n.	化学薬品
chuck		v.	投げ捨てる
cinema		n.	映画館
cinema		n.	映画
colonial		adj.	植民地の
comics		n.	漫画
compliance		n.	遵守
contrary		adj.	反対の
contrary		n.	反対
controlling		v.	制御する
corporations		n.	会社
couch		n.	ソファ
crush		v.	押しつぶす
crush		n.	片思い
dam		n.	ダム
decrease		v.	減る
decrease		n.	減少
defeated		v.	負かす
diabetes		n.	糖尿病
dressing		n.	ドレッシング
dressing		n.	着替え
expanding		v.	拡大する
fears		n.	恐怖
fears		v.	恐れる
fires		n.	火災
fires		v.	解雇する
genre		n.	ジャンル
gentle		adj.	穏やかな
grammar		n.	文法
hiv		n.	HIV
illustrated		adj.	挿絵付きの
invented		v.	発明する
jake		n.	ジェイク
jam		n.	ジャム
jamie		n.	ジェイミー
jessica		n.	ジェシカ
keith		n.	キース
kent		n.	ケント
layers		n.	層
lease		n.	賃貸契約
lens		n.	レンズ
licensed		adj.	免許を持った
loyalty		n.	忠誠
madison		n.	マディソン
magnetic		adj.	磁気の
metres		n.	メートル
monsters		n.	怪物
mysterious		adj.	神秘的
notion		n.	概念
partial		adj.	部分的
piss		n.	尿
placing		v.	置く
propaganda		n.	プロパガンダ
rat		n.	ネズミ
reflection		n.	反射
reminded		v.	思い出させる
resolve		v.	解決する
revolutionary		adj.	革命的
scandal		n.	スキャンダル
shine		v.	輝く
simultaneously		adv.	同時に
substitute		n.	代用品
surveillance		n.	監視
tactics		n.	戦術
testimony		n.	証言
thai		adj.	タイの
treasure		n.	宝物
trophy		n.	トロフィー
tweet		v.	ツイートする
tyler		n.	タイラー
underlying		adj.	根底の
unfair		adj.	不公平な
villages		n.	村
acceptance		n.	受け入れ
accidents		n.	事故
affects		v.	影響する
annually		adv.	毎年
apologize		v.	謝る
appreciated		v.	感謝する
approached		v.	近づく
arriving		v.	到着する
ash		n.	灰
aunt		n.	おば
benjamin		n.	ベンジャミン
blake		n.	ブレイク
bubble		n.	泡
bubble		v.	泡立つ
buyers		n.	買い手
casino		n.	カジノ
charts		n.	図表
clouds		n.	雲
connecting		v.	接続する
counsel		n.	法律顧問
counsel		v.	助言する
creature		n.	生き物
deadly		adj.	致命的な
decides		v.	決める
desired		adj.	望ましい
desired		v.	望む
determination		n.	決意
determination		n.	決定
embrace		v.	抱擁する
embrace		v.	受け入れる
emerged		v.	現れる
exhibit		n.	展示品
exhibit		v.	展示する
flew		v.	飛ぶ
gentleman		n.	紳士
halloween		n.	ハロウィン
hammer		n.	ハンマー
hammer		v.	叩く
hitler		n.	ヒトラー
hosting		v.	主催する
hosting		n.	ホスティング
icon		n.	アイコン
icon		n.	偶像
imposed		v.	課す
indigenous		adj.	固有の
infinite		adj.	無限の
installation		n.	インストール
installation		n.	設備
inter		prep.	間
interactions		n.	相互作用
introducing		v.	紹介する
iranian		adj.	イランの
kicking		v.	蹴る
laying		v.	置く
laying		v.	卵を産む
legislature		n.	立法府
liability		n.	責任
maine		n.	メイン州
makers		n.	メーカー
manhattan		n.	マンハッタン
marathon		n.	マラソン
marvel		n.	驚異
marvel		v.	驚く
michelle		n.	ミシェル
moreover		adv.	さらに
neil		n.	ニール
organisations		n.	組織
ours		pron.	私たちのもの
parade		n.	パレード
parade		v.	行進する
paradise		n.	天国
perceived		v.	知覚する
planes		n.	飛行機
politician		n.	政治家
preliminary		adj.	予備の
premiere		n.	初演
presidency		n.	大統領職
reaches		v.	到達する
react		v.	反応する
realistic		adj.	現実的な
remarks		n.	発言
retain		v.	保持する
roberts		n.	ロバーツ
rocky		adj.	岩だらけの
russians		n.	ロシア人
saints		n.	聖人
satisfaction		n.	満足
scratch		v.	ひっかく
scratch		n.	ひっかき傷
shade		n.	日陰
shade		n.	色合い
sheets		n.	シーツ
sheets		n.	枚
sheriff		n.	保安官
shy		adj.	恥ずかしがりの
sometime		adv.	いつか
spirits		n.	気分
spirits		n.	蒸留酒
sporting		adj.	スポーツの
strictly		adv.	厳密に
sunshine		n.	日光, 日差し
teens		n.	10代
thou		pron.	汝
tier		n.	階層
tommy		n.	トミー
travelling		v.	旅行する
vancouver		n.	バンクーバー
vocal		adj.	声の
vocal		adj.	率直な
warrior		n.	戦士
worries		v.	心配する
worries		n.	心配
yield		v.	屈する
yield		v.	生み出す
yield		n.	収穫量
youtube		n.	YouTube
accomplished		adj.	完成した
accomplished		adj.	熟練した
admission		n.	入場許可
admission		n.	入場料
adventures		n.	冒険
aka		adv.	別名
appearing		v.	現れる
bacon		n.	ベーコン
barrier		n.	障壁
belgium		n.	ベルギー
believing		v.	信じる
blacks		n.	黒人
bombs		n.	爆弾
burst		v.	破裂する
burst		n.	突発
caps		n.	帽子
casting		n.	キャスティング
casting		v.	鋳造する
cattle		n.	牛
classroom		n.	教室
collins		n.	コリンズ
colours		n.	色
compromise		n.	妥協
compromise		v.	妥協する
convenient		adj.	便利な
costa		n.	海岸
criminals		n.	犯罪者
crop		n.	作物
crop		n.	収穫
earthquake		n.	地震
elderly		adj.	年配の
eliminate		v.	排除する
embarrassing		adj.	気まずい
farmer		n.	農民
finest		adj.	最良の
grants		n.	助成金
grants		v.	与える
harbor		n.	港
harvey		n.	ハーヴィー
hates		v.	憎む
incidents		n.	事件
inform		v.	知らせる
ion		n.	イオン
jeremy		n.	ジェレミー
lesbian		adj.	レズビアンの
lovers		n.	恋人
mathematics		n.	数学
medication		n.	薬
minded		adj.	…志向の
morris		n.	モリス
norway		n.	ノルウェー
par		n.	基準
podcast		n.	ポッドキャスト
portfolio		n.	ポートフォリオ
productivity		n.	生産性
promoted		v.	昇進させる
protocol		n.	プロトコル
quietly		adv.	静かに
rachel		n.	レイチェル
replacing		v.	置き換える
responsibilities		n.	責任
salad		n.	サラダ
scholarship		n.	奨学金
screening		n.	スクリーニング
sends		v.	送る
smiling		v.	微笑む
soup		n.	スープ
southeast		n.	南東
stake		n.	株
stating		v.	述べる
strain		n.	負担
suspected		v.	疑う
swift		adj.	迅速な
tackle		v.	取り組む
tigers		n.	トラ
timeline		n.	タイムライン
torture		n.	拷問
traded		v.	取引する
translated		v.	翻訳する
tricks		n.	トリック
twins		n.	双子
urgent		adj.	緊急の
vegetables		n.	野菜
vertical		adj.	垂直の
violation		n.	違反
wallet		n.	財布
welsh		adj.	ウェールズの
workshop		n.	作業場
wrapped		v.	包む
aboard		adv.	乗って
abstract		adj.	抽象的
accent		n.	アクセント
addiction		n.	依存
associates		n.	同僚
awake		adj.	目が覚めた
beam		n.	梁
beans		n.	豆
binding		n.	製本
blank		adj.	空白の
buffalo		n.	水牛
commons		n.	共有地
conservatives		n.	保守派
contacts		n.	連絡先
conviction		n.	有罪判決
corrupt		adj.	腐敗した
cow		n.	雌牛
curve		n.	曲線
depressed		adj.	落ち込んだ
deserved		adj.	当然の
dining		n.	食事
disorders		n.	障害
duration		n.	期間
eddie		n.	エディ
emily		n.	エミリー
encouraging		adj.	励みになる
farms		n.	農場
fifteen		num.	十五
flows		v.	流れる
genes		n.	遺伝子
graduated		v.	卒業する
grandmother		n.	祖母
harsh		adj.	厳しい
heights		n.	高さ
horn		n.	角
hurry		v.	急ぐ
immune		adj.	免疫の
inflation		n.	インフレ
ingredients		n.	材料
inspection		n.	検査
install		v.	インストールする
instruction		n.	指示
intensity		n.	強度
inventory		n.	在庫
investigated		v.	調査した
invitation		n.	招待
judicial		adj.	司法の
justify		v.	正当化する
lakes		n.	湖
lean		v.	傾く
lecture		n.	講義
libraries		n.	図書館
logical		adj.	論理的
mason		n.	石工
meaningful		adj.	意味のある
migration		n.	移動
missile		n.	ミサイル
motivated		adj.	意欲のある
muscles		n.	筋肉
nancy		n.	ナンシー
norman		n.	ノーマン
northwest		n.	北西
nurses		n.	看護師
organ		n.	器官
patrol		n.	パトロール
patrol		v.	パトロールする
pearl		n.	真珠
peer		n.	同輩
peer		v.	じっと見る
pepper		n.	胡椒
pig		n.	豚
pile		n.	山
plug		n.	プラグ
plug		v.	差し込む
provision		n.	供給
provision		n.	条項
releasing		v.	解放する
requiring		v.	必要とする
revised		adj.	改訂された
revised		v.	改訂する
rod		n.	棒
scream		v.	叫ぶ
scream		n.	叫び
stairs		n.	階段
staring		v.	じっと見つめる
statistical		adj.	統計的な
sticks		n.	棒
sticks		v.	貼り付ける
strangers		n.	他人
succeeded		v.	成功する
sweat		n.	汗
sweat		v.	汗をかく
switched		v.	切り替える
syrian		adj.	シリアの
tattoo		n.	入れ墨
tattoo		v.	入れ墨を入れる
teenage		adj.	十代の
thunder		n.	雷
tours		n.	旅行
tours		v.	旅行する
tragedy		n.	悲劇
trauma		n.	外傷
vincent		n.	ヴィンセント
wrestling		n.	レスリング
zoo		n.	動物園
accordance		n.	一致
acquire		v.	獲得する
activist		n.	活動家
activists		n.	活動家
addresses		n.	住所
addresses		v.	対処する
alike		adj.	似ている
alike		adv.	同様に
applicable		adj.	適用できる
arrow		n.	矢
availability		n.	利用可能性
bend		v.	曲げる
boundary		n.	境界
breach		n.	違反
breach		v.	違反する
cabin		n.	小屋
cabin		n.	客室
cage		n.	檻
chancellor		n.	首相
cheers		int.	乾杯
circles		n.	円
circles		v.	旋回する
closet		n.	クローゼット
combine		v.	結合する
companion		n.	仲間
comparing		v.	比較する
consciousness		n.	意識
consultant		n.	顧問
controller		n.	コントローラー
controller		n.	管理者
corresponding		adj.	対応する
courtesy		n.	礼儀
cuba		n.	キューバ
damages		n.	損害賠償
demanding		adj.	要求的な
disc		n.	ディスク
dishes		n.	料理
dozens		num.	数十
eagle		n.	鷲
eaten		v.	食べる
embassy		n.	大使館
engaging		adj.	魅力的
fascinating		adj.	魅力的
financing		n.	融資
fitted		adj.	取り付けられた
flexible		adj.	柔軟な
gaining		v.	得る
gentlemen		n.	紳士たち
goodness		n.	善良
guilt		n.	罪悪感
haven		n.	安息の地
helicopter		n.	ヘリコプター
homework		n.	宿題
households		n.	世帯
infected		adj.	感染した
keen		adj.	熱心な
kenya		n.	ケニア
lesser		adj.	より小さい
liberals		n.	自由主義者
lip		n.	唇
mandatory		adj.	義務的な
manufactured		v.	製造する
mechanics		n.	力学
mere		adj.	単なる
miracle		n.	奇跡
mud		n.	泥
murphy		n.	マーフィー
nathan		n.	ネイサン
observation		n.	観察
operates		v.	運営する
owe		v.	負っている
permitted		v.	許可する
phenomenon		n.	現象
pittsburgh		n.	ピッツバーグ
playoff		n.	プレーオフ
precise		adj.	正確な
profession		n.	職業
prospect		n.	見通し
protective		adj.	保護的な
providers		n.	提供者
publisher		n.	出版社
putin		n.	プーチン
reportedly		adv.	伝えられるところによると
retreat		n.	撤退
rookie		n.	新人
sandwich		n.	サンドイッチ
seeks		v.	求める
sentences		n.	文
separation		n.	分離
sexually		adv.	性的に
ski		v.	スキーをする
skilled		adj.	熟練した
sterling		adj.	スターリングの, 純銀の
sterling		n.	スターリング, ポンド
stuart		n.	スチュアート
surgeon		n.	外科医
theft		n.	窃盗
understands		v.	理解する
valve		n.	弁
visa		n.	ビザ
washing		n.	洗濯
adjacent		adj.	隣接した
agreements		n.	協定
appreciation		n.	感謝
arabia		n.	アラビア
athletic		adj.	運動の
authorized		adj.	認可された
banner		n.	横断幕
beijing		n.	北京
blew		v.	吹く
blocking		v.	ブロックする
brad		n.	Brad
caribbean		adj.	カリブの
charm		n.	魅力
charm		v.	魅了する
chasing		v.	追いかける
climbing		v.	登る
colony		n.	植民地
complaining		v.	文句を言う
cookies		n.	クッキー
cruel		adj.	残酷な
curriculum		n.	カリキュラム
deadline		n.	締め切り
deer		n.	鹿
delta		n.	デルタ
demanded		v.	要求
dive		v.	飛び込む
divide		v.	分ける
easter		n.	イースター
electoral		adj.	選挙の
eleven		num.	十一
entity		n.	実体
excessive		adj.	過度の
exercises		n.	練習
exercises		v.	運動する
feminist		n.	フェミニスト
feminist		adj.	フェミニズムの
governing		adj.	統治の
governing		v.	統治する
ham		n.	ハム
heal		v.	治す
interface		n.	インターフェース
ios		n.	iOS
jewelry		n.	宝石
journalism		n.	ジャーナリズム
juan		n.	フアン
julia		n.	ジュリア
jungle		n.	ジャングル
linear		adj.	線形の
occasional		adj.	時折の
oriented		adj.	志向の
pete		n.	ピート
pilots		n.	パイロット
prayers		n.	祈り
predicted		v.	予測する
pressed		v.	押す
preventing		v.	防ぐ
provisions		n.	条項
provisions		n.	食料
pursuit		n.	追求
pursuit		n.	遊び
rap		n.	ラップ
rap		v.	叩く
reflected		v.	反映する
reminder		n.	リマインダー
restored		v.	復元する
resume		v.	再開する
resume		n.	履歴書
rev		v.	回転させる
richmond		n.	リッチモンド
ridge		n.	尾根
scholars		n.	学者
sealed		v.	封する
sounded		v.	聞こえる
streams		n.	小川
streams		n.	ストリーム
strongest		adj.	最も強い
tends		v.	〜しがちだ
thu		n.	木曜日
thurs		n.	木曜日
traditionalchinese		n.	繁体字
tribe		n.	部族
unfortunate		adj.	不幸な
variable		n.	変数
variable		adj.	可変の
victorian		adj.	ビクトリア朝の
worrying		adj.	心配な
xi		n.	西
zones		n.	地帯
ace		n.	エース
adjusted		v.	調整する
alternate		adj.	交互の
alternate		v.	交代する
arrives		v.	到着する
artwork		n.	アートワーク
ashley		n.	アシュリー
athlete		n.	アスリート
attraction		n.	魅力
attraction		n.	観光名所
babe		n.	ベイビー
bankruptcy		n.	破産
canon		n.	キヤノン
canon		n.	カノン
capabilities		n.	能力
cared		v.	気にかける
catherine		n.	キャサリン
chains		n.	鎖
closure		n.	閉鎖
cognitive		adj.	認知の
competitors		n.	競合相手
connecticut		n.	コネチカット州
convert		v.	変換する
cooked		v.	調理する
cups		n.	カップ
deciding		v.	決める
defender		n.	ディフェンダー
dental		adj.	歯の
diplomatic		adj.	外交の
divisions		n.	部門
divisions		n.	分割
drum		n.	ドラム
editorial		n.	社説
editorial		adj.	編集の
enabled		v.	有効にする
entertaining		adj.	面白い
entertaining		v.	もてなす
establishing		v.	設立する
eternal		adj.	永遠の
freeze		v.	凍結する
freeze		n.	凍結
generic		adj.	一般的な
grandma		n.	おばあちゃん
grip		v.	つかむ
grip		n.	握り
handful		n.	ひとつかみ
happily		adv.	幸せに
harmony		n.	調和
hmm		int.	うーん
humble		adj.	謙虚な
hurting		v.	痛む
hybrid		n.	ハイブリッド
hybrid		adj.	混合の
intentions		n.	意図
investing		v.	投資する
keyboard		n.	キーボード
lasting		adj.	永続する
locally		adv.	局所的に
loses		v.	失う
mild		adj.	穏やかな
minimal		adj.	最小限の
mixing		v.	混ぜる
molecular		adj.	分子の
nearest		adj.	最寄りの
neighbor		n.	隣人
noon		n.	正午
nowadays		adv.	今では
openly		adv.	公然と
overview		n.	概観
paas		n.	PaaS
pairs		n.	ペア
palestinian		adj.	パレスチナの
parish		n.	教区
pathetic		adj.	哀れな
poems		n.	詩
possibilities		n.	可能性
potato		n.	じゃがいも
potter		n.	陶工
preference		n.	好み
promising		adj.	有望な
proportion		n.	割合
purchases		n.	購入
rage		n.	激怒
reflects		v.	反映する
respected		adj.	尊敬される
restoration		n.	復元
selfish		adj.	利己的な
sergeant		n.	軍曹
silk		n.	絹
stamp		n.	切手
stamp		v.	押印する
throne		n.	玉座
urge		v.	促す
urge		n.	衝動
voter		n.	有権者
warner		n.	警告者
wasting		v.	無駄にする
witch		n.	魔女
advantages		n.	利点
ally		n.	同盟国
archives		n.	アーカイブ
array		n.	配列
assisted		adj.	支援した
backs		n.	背中
belly		n.	腹
booth		n.	ブース
breakdown		n.	故障
bridges		n.	橋
brutal		adj.	残忍な
calculated		adj.	計算された
cam		n.	カム
centres		n.	センター
cfo		n.	最高財務責任者
chapters		n.	章
chieftechnologyofficer		n.	最高技術責任者
citizenship		n.	市民権
civilians		n.	民間人
cliff		n.	崖
conflicts		n.	紛争
consensus		n.	合意
cto		n.	最高技術責任者
cycling		n.	自転車
declaration		n.	宣言
dennis		n.	デニス
derby		n.	ダービー
distinction		n.	区別
donations		n.	寄付
dragons		n.	竜
draws		v.	描く
examined		v.	調べた
facial		adj.	顔の
faithful		adj.	忠実な
fatal		adj.	致命的な
fig		n.	イチジク
fitting		n.	金具
genuinely		adv.	本当に
hardest		adj.	最も難しい
holland		n.	オランダ
honored		adj.	光栄な
hunger		n.	飢え
hurricane		n.	ハリケーン
implications		n.	影響
import		v.	輸入する
innovative		adj.	革新的な
jurisdiction		n.	管轄権
laughter		n.	笑い
lemon		n.	レモン
lifted		v.	持ち上げた
loading		n.	読み込み
lung		n.	肺
matching		adj.	一致した
mighty		adj.	強大な
monetary		adj.	通貨の
novels		n.	小説
nutrition		n.	栄養
ore		n.	鉱石
outcomes		n.	結果
pine		n.	松
polls		n.	世論調査
poorly		adv.	下手に
portugal		n.	ポルトガル
pose		v.	ポーズをとる
pose		n.	ポーズ
pour		v.	注ぐ
proteins		n.	タンパク質
provider		n.	提供者
publish		v.	出版する
purely		adv.	純粋に
ralph		n.	ラルフ
rental		n.	レンタル
resolved		v.	解決する
rewards		n.	報酬
sang		v.	歌う
seemingly		adv.	見かけ上
senators		n.	上院議員
severely		adv.	厳しく
shark		n.	サメ
shocking		adj.	ショッキングな
southwest		n.	南西
studios		n.	スタジオ
survivors		n.	生存者
tales		n.	物語
technically		adv.	技術的に
titled		v.	題する
traditions		n.	伝統
unlimited		adj.	無限の
washed		v.	洗う
watches		n.	腕時計
watches		v.	見る
advise		v.	助言する
anxious		adj.	不安な
appearances		n.	外観
bee		n.	ミツバチ
bombing		n.	爆撃
cafe		n.	カフェ
carlos		n.	カルロス
challenged		v.	挑戦する
cigarettes		n.	タバコ
colin		n.	コリン
consisting		v.	構成する
cult		n.	カルト
dairy		n.	乳製品
dakota		n.	ダコタ
darling		n.	ダーリン
delighted		adj.	喜んだ
delivering		v.	届ける
destroying		v.	破壊する
diary		n.	日記
disagree		v.	同意しない
disappear		v.	消える
drill		n.	ドリル
earliest		adj.	最も早い
edges		n.	端
entries		n.	エントリー
euro		n.	ユーロ
evolved		v.	進化する
exports		n.	輸出
fixing		v.	修理する
flags		n.	旗
flies		v.	飛ぶ
flies		n.	ハエ
forecast		n.	予報
governance		n.	統治
heated		adj.	加熱した
heated		adj.	激しい
hug		v.	抱きしめる
hug		n.	ハグ
importantly		adv.	重要なことに
indicating		v.	示す
indoor		adj.	屋内の
influential		adj.	影響力のある
intend		v.	意図する
intend		v.	〜するつもり
invisible		adj.	見えない
jeans		n.	ジーンズ
jets		n.	ジェット機
jets		n.	噴流
julie		n.	ジュリー
karen		n.	カレン
lasted		v.	続いた
lawsuit		n.	訴訟
leak		v.	漏れる
leak		n.	漏れ
lighter		n.	ライター
lighter		adj.	より軽い
lucas		n.	ルーカス
marcus		n.	マーカス
mentions		v.	言及する
meter		n.	メートル
meter		n.	メーター
mice		n.	ネズミ
mice		n.	マウス
musicians		n.	音楽家
olive		n.	オリーブ
passionate		adj.	情熱的な
potatoes		n.	ジャガイモ
prevented		v.	妨げた
receiver		n.	受信機
receiver		n.	レシーバー
recommendation		n.	推奨
riot		n.	暴動
rogers		n.	ロジャーズ
roster		n.	名簿
safer		adj.	より安全な
sells		v.	売る
sentenced		v.	判決した
servant		n.	使用人
setup		n.	セットアップ
setup		n.	仕掛け
skull		n.	頭蓋骨
slot		n.	スロット
slot		n.	枠
smash		v.	砕く
smash		v.	スマッシュする
statue		n.	像
surprisingly		adv.	驚くほど
surrender		v.	降伏する
surrender		v.	放棄する
suspicious		adj.	怪しい
teenager		n.	ティーンエイジャー
tender		adj.	優しい
tender		n.	入札
thoroughly		adv.	徹底的に
todd		n.	トッド
treatments		n.	治療
treatments		n.	処理
vacuum		n.	真空
vacuum		n.	掃除機
variations		n.	変化
wed		v.	結婚する
wont		adj.	〜に慣れた
acknowledged		v.	認めた
advances		n.	進歩
advances		v.	進む
agrees		v.	同意する
agrees		v.	一致する
allegations		n.	疑惑
anticipated		v.	予期した
approve		v.	承認する
approve		v.	賛成する
architect		n.	建築家
basin		n.	流し
beneficial		adj.	有益な
bleeding		n.	出血
bleeding		v.	出血
breed		v.	繁殖
breed		n.	品種
breeding		n.	繁殖
bride		n.	花嫁
broadway		n.	ブロードウェイ
bros		n.	兄弟
bud		n.	つぼみ
butler		n.	執事
careers		n.	職業
cartoon		n.	漫画
celebrities		n.	有名人
chick		n.	ひよき
coke		n.	コーラ
coke		n.	コークス
comparable		adj.	匹敵する
confirmation		n.	確認
console		n.	コンソール
console		v.	慰める
contractor		n.	請負業者
contributing		v.	貢献する
diameter		n.	直径
dubai		n.	ドバイ
dublin		n.	ダブリン
dump		v.	捨てる
dump		n.	ごみ捨て場
duo		n.	デュオ
dynamics		n.	力学
elephant		n.	象
enhanced		adj.	強化された
essays		n.	エッセイ
exhausted		adj.	疲れ切った
fabric		n.	布
fabulous		adj.	素晴らしい
fairy		n.	妖精
fathers		n.	父
focuses		n.	焦点
fold		v.	折る
freak		n.	変人
frustrated		adj.	いら立った
gambling		n.	賭博
gently		adv.	優しく
glorious		adj.	栄光ある
grief		n.	悲嘆
harrison		n.	ハリソン
historically		adv.	歴史的に
hub		n.	中心
hughes		n.	ヒューズ
inevitable		adj.	避けられない
investigating		v.	調査する
it'll		v.	だろう
labels		n.	ラベル
lacking		adj.	欠けている
laughs		n.	笑い
layout		n.	配置
lined		adj.	並んだ
lodge		n.	小屋
lords		n.	卿
merchant		n.	商人
merit		n.	利点
micro		n.	マイクロ
myth		n.	神話
nintendo		n.	任天堂
objectives		n.	目標
obsessed		adj.	夢中の
organised		adj.	組織的な
overwhelming		adj.	圧倒的な
pale		adj.	青白い
particles		n.	粒子
pastor		n.	牧師
penalties		n.	処罰
permanently		adv.	永久に
pets		n.	ペット
pockets		n.	ポケット
poison		n.	毒
predict		v.	予測する
presenting		v.	提示する
presidents		n.	大統領
pressing		adj.	差し迫った
prints		n.	印刷物
provincial		adj.	地方の
raped		v.	強姦する
realised		v.	気づく
rebel		n.	反逆者
repairs		n.	修理
rotation		n.	回転
separately		adv.	別々に
shaking		v.	揺れる
shaw		n.	ショー
societies		n.	社会
solved		v.	解決する
starring		v.	主演する
struggles		v.	闘う
struggles		n.	闘い
subtle		adj.	微妙の
tastes		n.	味
throws		v.	投げる
toll		n.	通行料
tooth		n.	歯
torn		v.	引き裂く
tragic		adj.	悲劇的な
trainer		n.	トレーナー
transformed		v.	変える
unbelievable		adj.	信じられない
underneath		prep.	～の下に
variation		n.	変化
viewing		n.	視聴
viral		adj.	バイラルの
warehouse		n.	倉庫
wears		v.	着る
widow		n.	未亡人
wives		n.	妻
adjust		v.	調整する
administrator		n.	管理者
affecting		v.	影響する
allied		adj.	同盟の
altogether		adv.	全く
animated		adj.	アニメの
answering		v.	答える
assess		v.	評価する
assumption		n.	仮定
assured		adj.	確信した
austria		n.	オーストリア
avoided		v.	避ける
avoiding		v.	避ける
basket		n.	かご
beard		n.	ひげ
bio		n.	経歴
blanket		n.	毛布
brains		n.	脳
bucket		n.	バケツ
burger		n.	ハンバーガー
capability		n.	能力
charming		adj.	魅力的
chiefs		n.	長
commented		v.	コメントする
computing		n.	計算
concentrate		v.	集中する
conducting		v.	行う
consequence		n.	結果
continent		n.	大陸
cookie		n.	クッキー
cruz		n.	クルーズ
curse		n.	呪い
displays		n.	ディスプレイ
drain		v.	排水する
emissions		n.	排出
ethical		adj.	倫理的
excellence		n.	卓越性
flame		n.	炎
forests		n.	森林
freely		adv.	自由に
fruits		n.	果物
grabbed		v.	つかむ
graduation		n.	卒業
he'd		pron.	彼は…した
hint		n.	ヒント
horizon		n.	地平线
hostile		adj.	敵対的な
imagined		v.	想像する
inhabitants		n.	住民
ink		n.	インク
inn		n.	宿屋
intel		n.	インテル
kicks		v.	蹴る
legends		n.	伝説
lucy		n.	ルーシー
magazines		n.	雑誌
matrix		n.	マトリックス
measuring		v.	測定する
miserable		adj.	悲惨な
momentum		n.	勢い
monkey		n.	猿
montreal		n.	モントリオール
motorcycle		n.	オートバイ
nationwide		adj.	全国的な
nest		n.	巣
newcastle		n.	ニューカッスル
nicely		adv.	上手に
ninth		num.	九番目
nomination		n.	指名
notable		adj.	顕著な
obligation		n.	義務
optical		adj.	光学の
outlook		n.	展望
penny		n.	セント
petty		adj.	些細な
phd		n.	博士号
ports		n.	港
preserved		v.	保存する
programmes		n.	番組
prospects		n.	見通し
publishers		n.	出版社
quantity		n.	量
quantum		n.	量子
rainbow		n.	虹
rebels		n.	反乱者
recognised		v.	認める
reed		n.	葦
reign		n.	統治
responding		v.	応答する
retained		v.	保持する
rises		v.	上昇する
saves		v.	救う
scan		v.	スキャンする
scare		v.	脅かす
sectors		n.	部門
shorts		n.	ショートパンツ
span		n.	スパン
specialized		adj.	専門の
spencer		n.	スペンサー
submission		n.	提出
sunny		adj.	晴れた
supporter		n.	支持者
testament		n.	証拠
toe		n.	つま先
tops		adv.	せいぜい
tremendous		adj.	ものすごい
valued		adj.	貴重な
wounds		n.	傷
accommodation		n.	宿泊
achievements		n.	達成
addressing		v.	扱う
adorable		adj.	愛らしい
allegedly		adv.	伝えられるところによると
ambulance		n.	救急車
ashamed		adj.	恥じた
assure		v.	保証する
bailey		n.	ベイリー
ballot		n.	投票用紙
batteries		n.	電池
blessing		n.	祝福
cemetery		n.	墓地
chambers		n.	部屋
cheat		v.	欺く
cheat		n.	詐欺師
cheer		v.	歓呼する
cheer		n.	歓呼
chile		n.	チリ
cigarette		n.	たばこ
compact		adj.	コンパクト
compact		n.	契約
completing		v.	完了する
consulting		n.	コンサルティング
cooling		n.	冷却
corners		n.	角
deficit		n.	赤字
demo		n.	デモ
demon		n.	悪魔
demonstration		n.	実演
demonstration		n.	デモ
detected		v.	検出する
detection		n.	検出
doll		n.	人形
donated		v.	寄付する
elaborate		adj.	入念な
elaborate		v.	詳しく述べる
elder		n.	年長者
elder		adj.	年上の
encountered		v.	遭遇する
expertise		n.	専門知識
exploring		v.	探検する
fiber		n.	繊維
filmed		v.	撮影する
fried		adj.	揚げた
grocery		n.	食料品
guided		adj.	案内された
guinea		n.	ギニア
halfway		adv.	途中で
happier		adj.	より幸せな
heels		n.	かかと
holmes		n.	ホームズ
hull		n.	船体
hull		n.	ハル
independently		adv.	独立して
indication		n.	指示
insisted		v.	主張する
instances		n.	実例
intensive		adj.	集中的
interactive		adj.	双方向的
intimate		adj.	親密な
laundry		n.	洗濯屋
laundry		n.	洗濯物
lifting		v.	持ち上げる
linda		n.	リンダ
martial		adj.	軍事の
nigerian		adj.	ナイジェリアの
northeast		n.	北東
observe		v.	観察する
packing		n.	荷造り
panels		n.	パネル
password		n.	パスワード
pokemon		n.	ポケモン
politically		adv.	政治的に
presumably		adv.	おそらく
priorities		n.	優先事項
pronounced		adj.	顕著な
pronounced		v.	発音する
prosecution		n.	起訴
proves		v.	証明する
pulse		n.	脈拍
purchasing		n.	購入
qualities		n.	質
queens		n.	女王
rational		adj.	合理的
realm		n.	領域
reforms		n.	改革
revenues		n.	収入
rides		n.	乗り物
rides		v.	乗る
ripped		v.	引き裂く
rope		n.	ロープ
shadows		n.	影
shout		v.	叫ぶ
shout		n.	叫び
sierra		n.	シエラ
smartphone		n.	スマートフォン
specified		v.	指定する
spectacular		adj.	壮観な
streak		n.	筋
streak		n.	連続
subscription		n.	購読
switching		v.	切り替え
technological		adj.	技術の
temporarily		adv.	一時的に
tolerance		n.	寛容
tourists		n.	観光客
traditionally		adv.	伝統的に
traveled		v.	旅行する
treats		v.	扱う
treats		n.	ご馳走
unhappy		adj.	不幸せな
whites		n.	白人
accomplish		v.	遂げる
adequate		adj.	十分な
alter		v.	変える
apology		n.	謝罪
arkansas		n.	アーカンソー州
attributed		v.	帰する
beg		v.	懇願する
belonging		n.	帰属
booked		v.	予約する
bout		n.	試合
bowling		n.	ボウリング
brass		n.	真鍮
buzz		n.	ブンブン音
buzz		n.	話題
clarke		n.	クラーク
comeback		n.	復帰
cos		conj.	なぜなら
crops		n.	作物
declare		v.	宣言する
designers		n.	デザイナー
detect		v.	検出する
diagnosed		v.	診断する
diesel		n.	ディーゼル
dimensions		n.	寸法
dimensions		n.	次元
dip		v.	浸す
dip		n.	低下
disturbing		adj.	不安な
dot		n.	点
dresses		n.	ドレス
dylan		n.	ディラン
effectiveness		n.	有効性
eliminated		v.	淘汰する
ellen		n.	エレン
exceptional		adj.	例外的
filing		n.	ファイリング
fled		v.	逃げる
foul		adj.	不正の
frankly		adv.	率直に
freezing		adj.	凍えるような
graph		n.	グラフ
hack		v.	ハッキングする
hannah		n.	ハンナ
hatred		n.	憎しみ
ignorant		adj.	無知な
influences		n.	影響
interact		v.	交流する
judging		v.	判断する
knights		n.	騎士
lamp		n.	ランプ
limitations		n.	制限
majesty		n.	陛下
measurement		n.	測定
measurements		n.	測定値
median		n.	中央値
medieval		adj.	中世の
milan		n.	ミラノ
mobility		n.	移動性
montana		n.	モンタナ州
murders		n.	殺人
nyc		n.	ニューヨーク市
orientation		n.	オリエンテーション
oven		n.	オーブン
owen		n.	オーウェン
passport		n.	パスポート
penis		n.	陰茎
pills		n.	錠剤
planets		n.	惑星
proceeds		n.	収益
rabbit		n.	ウサギ
raises		v.	上げる
ranges		n.	範囲
rats		n.	ネズミ
retire		v.	退職する
rhythm		n.	リズム
ruth		n.	ルース
savage		adj.	野蛮な
servers		n.	サーバー
shook		v.	振る
shooter		n.	射手
siblings		n.	兄弟姉妹
slim		adj.	ほっそりした
someday		adv.	いつか
sophisticated		adj.	洗練された
spam		n.	スパム
speeds		n.	速度
stack		n.	スタック
stance		n.	立場
static		adj.	静的な
subway		n.	地下鉄
supportive		adj.	支持的
surgical		adj.	外科の
symbols		n.	記号
tablet		n.	錠剤
tablet		n.	タブレット
tent		n.	テント
thesis		n.	論文
thesis		n.	命題
tide		n.	潮
travels		n.	旅行
travels		v.	旅行する
wallace		n.	ウォレス
warfare		n.	戦争
warming		n.	温暖化
weekends		n.	週末
withdraw		v.	撤回する
withdraw		v.	引き出す
withdrawal		n.	撤回
withdrawal		n.	引き出し
youngest		adj.	最年少の
aging		n.	老化
aging		v.	老いる
airline		n.	航空会社
alternatives		n.	代替案
anyways		adv.	とにかく
argues		v.	論じる
audit		n.	監査
audit		v.	監査する
authentic		adj.	本物の
ave		n.	大通り
backwards		adv.	後方へ
blonde		adj.	ブロンドの
blows		v.	吹く
bolt		n.	ボルト
bolt		n.	稲妻
brooks		n.	ブルックス
bugs		n.	虫
bugs		n.	バグ
bust		v.	壊す
bust		n.	胸像
clearing		n.	空き地
clips		n.	クリップ
collar		n.	襟
collar		n.	首輪
columbus		n.	コロンブス
comply		v.	遵守する
cope		v.	対処する
counted		v.	数える
crashed		v.	墜落する
creepy		adj.	不気味の
cum		prep.	～とともに
denmark		n.	デンマーク
divorced		adj.	離婚した
donate		v.	寄付する
drawings		n.	図面
dried		adj.	乾燥した
ebay		n.	イーベイ
echo		n.	こだま
editors		n.	編集者
edwards		n.	エドワーズ
emotionally		adv.	感情的に
enhance		v.	高める
experiencing		v.	経験する
extending		v.	延ばす
finale		n.	フィナーレ
flavor		n.	風味
floors		n.	床
floors		n.	階
gloves		n.	手袋
harper		n.	ハーパー
hart		n.	ハート
ignorance		n.	無知
ignoring		v.	無視する
immigrant		n.	移民
induced		v.	引き起こす
inspiring		adj.	感動的な
intermediate		adj.	中級の
invention		n.	発明
ip		n.	IP
jesse		n.	ジェシー
joins		v.	参加する
jrpg		n.	JRPG
lasvegas		n.	ラスベガス
likewise		adv.	同様に
lineup		n.	顔ぶれ
logan		n.	ローガン
magnificent		adj.	壮麗な
mathematical		adj.	数学的な
meantime		n.	その間
nails		n.	釘
nevada		n.	ネバダ州
newest		adj.	最新の
nonetheless		adv.	それでも
nut		n.	木の実
o'clock		adv.	時
opposing		adj.	反対の
origins		n.	起源
orlando		n.	オーランド
physicians		n.	医師
pipeline		n.	パイプライン
placement		n.	配置
planted		v.	植える
pricing		n.	価格設定
puerto		n.	プエルトリコ
questioning		v.	疑問に思う
recreation		n.	娯楽
renewed		adj.	更新された
resigned		v.	辞任する
shallow		adj.	浅い
shanghai		n.	上海
shitty		adj.	ひどい
singh		n.	シン
sins		n.	罪
sketch		n.	スケッチ
smells		v.	匂う
soda		n.	ソーダ
spite		n.	悪意
sponsor		n.	スポンサー
strengthen		v.	強化する
strings		n.	文字列
sunset		n.	日没
taiwan		n.	台湾
thanksgiving		n.	感謝祭
thermal		adj.	熱の
trades		n.	貿易
transform		v.	変える
witnessed		v.	目撃する
workplace		n.	職場
yorkshire		n.	ヨークシャー
achieving		v.	達成する
aliens		n.	エイリアン
amsterdam		n.	アムステルダム
analyst		n.	アナリスト
arabic		n.	アラビア語
arctic		adj.	北極の
assists		v.	アシストする
bennett		n.	ベネット
bristol		n.	ブリストル
burnt		v.	燃える
buyer		n.	買い手
calories		n.	カロリー
cannabis		n.	大麻
cease		v.	中止する
championships		n.	選手権
chapel		n.	礼拝堂
cloth		n.	布
conferences		n.	会議
considers		v.	考える
container		n.	容器
cowboys		n.	カウボーイ
crushed		v.	砕く
deployed		v.	展開する
differ		v.	異なる
dimensional		adj.	次元の
eager		adj.	熱心な
elect		v.	選挙する
elevated		adj.	高い
essence		n.	本質
executives		n.	幹部
flames		n.	炎
fork		n.	フォーク
fur		n.	毛皮
gps		n.	GPS
harold		n.	ハロルド
harvest		v.	収穫する
headline		n.	見出し
hudson		n.	ハドソン
hype		n.	宣伝
identifying		v.	識別する
impacts		n.	影響
insist		v.	主張する
junk		n.	がらくた
kenny		n.	ケニー
kidney		n.	腎臓
ladder		n.	はしご
lloyd		n.	ロイド
lobby		n.	ロビー
marc		n.	マルク
mechanisms		n.	メカニズム
mineral		n.	鉱物
mob		n.	暴徒
modest		adj.	謙虚な
motors		n.	モーター
navigation		n.	ナビゲーション
nicholas		n.	ニコラス
ntfs		n.	NTFS
orbit		n.	軌道
paragraph		n.	段落
passive		adj.	受動的な
passive		n.	受動態
peninsula		n.	半島
phillips		n.	フィリップス
pill		n.	錠剤
pork		n.	豚肉
portuguese		adj.	ポルトガルの
portuguese		n.	ポルトガル人
profitable		adj.	収益性のある
provinces		n.	州
ranch		n.	牧場
rays		n.	光線
reasonably		adv.	合理的に
reject		v.	拒絶する
remainder		n.	残余
schemes		n.	計画
screens		n.	画面
seized		v.	奪う
semester		n.	学期
sentiment		n.	感情
servants		n.	使用人
shipped		v.	出荷する
socks		n.	靴下
suited		adj.	適した
supplement		n.	補足
supplement		v.	補う
surviving		adj.	生き残った
thereby		adv.	それによって
threshold		n.	敷居
threshold		n.	しきい値
tin		n.	錫
tin		n.	缶
tires		n.	タイヤ
tribal		adj.	部族の
tribes		n.	部族
trunk		n.	幹
trunk		n.	トランク
uncertainty		n.	不確実さ
vampire		n.	吸血鬼
varied		adj.	多様な
verdict		n.	評決
abandon		v.	放棄する
accommodate		v.	収容する
accordingly		adv.	それゆえ
aesthetic		adj.	美的
algorithm		n.	アルゴリズム
altered		v.	変える
anchor		n.	錨
angela		n.	アンジェラ
arch		n.	アーチ
associations		n.	協会
audiences		n.	観客
axis		n.	軸
badge		n.	バッジ
bernard		n.	バーナード
bizarre		adj.	奇妙な
bounce		v.	跳ねる
broadcasting		n.	放送
bullets		n.	弾丸
buses		n.	バス
cannon		n.	大砲
carol		n.	キャロル
carriers		n.	運送業者
chairs		n.	椅子
cleaned		v.	cleanする
complexity		n.	複雑さ
confusing		adj.	紛らわしい
consultation		n.	相談
continental		adj.	大陸の
convenience		n.	便利
deliberately		adv.	故意に
diamonds		n.	ダイヤモンド
diana		n.	ダイアナ
dictionary		n.	辞書
dignity		n.	尊厳
dimension		n.	次元
disappointing		adj.	がっかりさせる
diving		n.	ダイビング
doug		n.	ダグ
duncan		n.	ダンカン
ego		n.	自我
enthusiasm		n.	熱意
environments		n.	環境
equation		n.	方程式
extract		v.	抽出
favorites		n.	お気に入り
ferry		n.	フェリー
fisher		n.	漁師
flexibility		n.	柔軟性
flowing		v.	流れる
fridge		n.	冷蔵庫
functioning		v.	機能する
fusion		n.	融合
gauge		n.	計器
goat		n.	ヤギ
graduates		n.	卒業生
gut		n.	腸
heck		int.	おや
helmet		n.	ヘルメット
holders		n.	保有者
ideology		n.	イデオロギー
idiots		n.	愚か者
inclusion		n.	包含
initiatives		n.	イニシアチブ
initiatives		n.	取り組み
innings		n.	イニング
insects		n.	昆虫
instructor		n.	インストラクター
isolation		n.	隔離
justified		adj.	正当化された
keeper		n.	飼育係
lamb		n.	子羊
liar		n.	嘘つき
machinery		n.	機械
mansion		n.	大邸宅
mega		adj.	メガの
mercury		n.	水銀
namely		adv.	すなわち
nbc		n.	NBC
needing		v.	必要とする
nerves		n.	神経
observations		n.	観察
ordering		v.	注文する
palmer		n.	パーマー
paths		n.	経路
peers		n.	同輩
pending		adj.	未決の
platinum		n.	プラチナ
possess		v.	所有する
praised		v.	賞賛する
premises		n.	建物
probability		n.	確率
questioned		v.	疑問を抱く
refuses		v.	拒否する
resignation		n.	辞職
rider		n.	乗り手
ritual		n.	儀式
ruins		n.	遺跡
shelf		n.	棚
slam		v.	叩きつける
stakes		n.	賭け金
starter		n.	スターター
sticking		v.	貼り付ける
subscribe		v.	購読する
superman		n.	スーパーマン
surfaces		n.	表面
territories		n.	領土
tire		n.	タイヤ
towers		n.	塔
transfers		v.	移す
utterly		adv.	完全に
voltage		n.	電圧
warn		v.	警告する
width		n.	幅
workout		n.	トレーニング
aa		n.	アルコール匿名会
activated		adj.	活性化した
adaptation		n.	適応
advisor		n.	顧問
aluminum		n.	アルミニウム
apartments		n.	アパート
attitudes		n.	態度
attorneys		n.	弁護士
bail		n.	保釈
barriers		n.	障壁
belonged		v.	属する
bradley		n.	ブラッドリー
brandon		n.	ブランドン
broader		adj.	より広い
buck		n.	ドル
caroline		n.	キャロライン
characterized		v.	特徴付ける
chiefexecutiveofficer		n.	最高経営責任者
civilization		n.	文明
congrats		int.	おめでとう
contractors		n.	請負業者
creativity		n.	創造力
dealers		n.	販売店
delicate		adj.	繊細な
den		n.	巣穴
derek		n.	デレク
desires		n.	欲望
disappointment		n.	失望
disk		n.	ディスク
enters		v.	入る
evaluate		v.	評価する
formally		adv.	正式に
frames		n.	フレーム
goddess		n.	女神
gov		n.	政府
hampshire		n.	ハンプシャー
harassment		n.	嫌がらせ
hats		n.	帽子
hugh		n.	ヒュー
insert		v.	挿入する
joan		n.	ジョーン
lebanon		n.	レバノン
leeds		n.	リーズ
leonard		n.	レナード
liquor		n.	酒
loser		n.	負けた人
malcolm		n.	マルコム
massage		n.	マッサージ
matched		v.	一致する
milwaukee		n.	ミルウォーキー
musician		n.	音楽家
nato		n.	北大西洋条約機構
nephew		n.	甥
notably		adv.	とりわけ
orchestra		n.	オーケストラ
packages		n.	小包
pad		n.	パッド
pakistani		adj.	パキスタンの
participated		v.	参加する
precision		n.	精度
preservation		n.	保存
priests		n.	司祭
privately		adv.	内密に
prizes		n.	賞
pulls		v.	引く
qualifying		v.	予選
reasoning		n.	推論
relaxed		adj.	くつろいだ
reporters		n.	記者
roses		n.	バラ
rumors		n.	噂
sail		v.	航行する
salmon		n.	鮭
secretly		adv.	秘密に
seller		n.	売り手
sheer		adj.	純然たる
shifts		n.	シフト
simpson		n.	シンプソン
smallest		adj.	一番小さい
specially		adv.	特に
stark		adj.	完全な
struggled		v.	もがく
sympathy		n.	同情
tan		n.	日焼け
teenagers		n.	ティーンエイジャー
theoretical		adj.	理論的な
thumb		n.	親指
timber		n.	木材
transparent		adj.	透明な
travis		n.	トラヴィス
upside		n.	良い面
urged		v.	促す
visitor		n.	訪問者
vitamin		n.	ビタミン
void		adj.	無効の
void		n.	空虚
voluntary		adj.	自発的な
wheat		n.	小麦
whip		v.	鞭打つ
whip		n.	鞭
wipe		v.	拭く
wolves		n.	オオカミ
wrist		n.	手首
zerotrust		n.	ゼロトラスト
abused		v.	乱用する
abused		adj.	虐待された
acute		adj.	深刻な
admiral		n.	提督
amanda		n.	アマンダ
arnold		n.	アーノルド
arrange		v.	手配する
arrange		v.	整える
banana		n.	バナナ
behave		v.	振る舞う
betting		n.	賭け
blair		n.	ブレア
borrow		v.	借りる
camping		n.	キャンプ
capitol		n.	国会議事堂
cctv		n.	中国中央テレビ
celtic		n.	ケルト
chan		n.	Chan
chin		n.	あご
chinacentraltelevision		n.	中国中央テレビ
civic		adj.	市民の
clerk		n.	事務員
conclusions		n.	結論
considerably		adv.	かなり
contacted		v.	連絡する
cottage		n.	コテージ
coup		n.	クーデター
criticized		v.	批判する
crude		adj.	粗雑な
crude		adj.	天然の
dash		v.	急ぐ
dash		n.	ダッシュ
decreased		v.	減少する
defended		v.	弁護する
demons		n.	悪魔
deposits		n.	預金
disclosure		n.	開示
disposal		n.	処分
distinctive		adj.	独特な
documented		adj.	記録された
donation		n.	寄付
dragged		v.	引く
encounters		n.	遭遇
ensuring		v.	確保する
enterprises		n.	企業
escort		n.	エスコート
exams		n.	試験
firmly		adv.	しっかりと
flour		n.	小麦粉
geneva		n.	ジュネーブ
hindu		n.	ヒンドゥー教徒
holdings		n.	持ち株会社
indie		adj.	インディー
indirect		adj.	間接的な
inspire		v.	鼓舞
institutional		adj.	制度の
interim		adj.	暫定の
interviewed		v.	面接する
java		n.	Java
jefferson		n.	ジェファーソン
jerk		n.	嫌な奴
karl		n.	カール
kindly		adv.	親切に
kindness		n.	親切
locals		n.	地元の人
lottery		n.	宝くじ
louise		n.	ルイーズ
magnitude		n.	規模
minus		prep.	マイナス
noting		v.	気づく
nude		adj.	裸の
organs		n.	器官
outlet		n.	コンセント
outlets		n.	コンセント
parameters		n.	パラメータ
pause		v.	一時停止する
pledge		n.	誓い
portal		n.	ポータル
prescription		n.	処方
protesters		n.	抗議者
proving		v.	証明する
publicity		n.	宣伝
punished		v.	罰する
puppy		n.	子犬
recruitment		n.	採用
screwed		adj.	台無しの
shades		n.	色合い
shakespeare		n.	シェイクスピア
silicon		n.	ケイ素
slice		n.	スライス
spelling		n.	つづり
spurs		n.	拍車
subscribers		n.	購読者
surveys		n.	調査
survivor		n.	生存者
telegraph		n.	電報
tits		n.	おっぱい
vaccine		n.	ワクチン
vinyl		n.	ビニール
westminster		n.	ウェストミンスター
wished		v.	願う
wonders		n.	奇跡
accurately		adv.	正確に
adelaide		n.	アデレード
affiliate		n.	系列会社
affiliate		v.	加盟させる
alfred		n.	アルフレッド
asylum		n.	亡命
asylum		n.	精神病院
barn		n.	納屋
bent		adj.	曲がった
bernie		n.	バーニー
brussels		n.	ブリュッセル
cathedral		n.	大聖堂
centered		adj.	中心の
clause		n.	条項
clause		n.	節
cluster		n.	集まり
cluster		v.	群がる
complained		v.	文句を言う
compounds		n.	化合物
consistency		n.	一貫性
cracked		adj.	ひび割れた
cylinder		n.	円柱
cylinder		n.	シリンダー
dancer		n.	ダンサー
deaf		adj.	耳の聞こえない
debts		n.	負債
denial		n.	否認
digging		v.	掘ること
dock		n.	波止場
dock		v.	接岸する
entrepreneur		n.	起業家
evident		adj.	明らかな
expectation		n.	期待
expedition		n.	遠征
expressing		v.	表現すること
extends		v.	広げる
facilitate		v.	促進する
failures		n.	失敗
feat		n.	偉業
fossil		n.	化石
founding		v.	創設する
freight		n.	貨物
generating		v.	生成する
goddamn		adj.	くそったるい
guides		n.	ガイド
honesty		n.	誠実
inappropriate		adj.	不適切な
infant		n.	乳児
initiated		v.	開始する
injection		n.	注射
instrumental		adj.	道具の
instrumental		n.	器楽曲
insult		n.	侮辱
interference		n.	干渉
interstate		adj.	州際の
julian		n.	ジュリアン
kong		n.	コン
launching		v.	発射する
liking		n.	好み
linux		n.	Linux
luis		n.	ルイス
mates		n.	仲間
mediterranean		n.	地中海
neat		adj.	きちんとした
negotiate		v.	交渉する
nicole		n.	ニコール
obligations		n.	義務
offset		n.	オフセット
outbreak		n.	発生
pal		n.	仲間
palestine		n.	パレスチナ
perfection		n.	完璧
pigs		n.	豚
pirates		n.	海賊
posters		n.	ポスター
practicing		v.	練習する
praying		v.	祈る
probe		n.	探査機
prohibited		adj.	禁止された
projected		adj.	予測された
propose		v.	提案する
quarterly		adj.	四半期の
recipes		n.	レシピ
recruiting		v.	採用する
refusing		v.	断る
rehabilitation		n.	リハビリ
reid		n.	リード
remix		n.	リミックス
resistant		adj.	抵抗性の
reynolds		n.	レイノルズ
riders		n.	乗り手
robots		n.	ロボット
rockets		n.	ロケット
roller		n.	ローラー
sailing		n.	セーリング
shapes		n.	形状
skinny		adj.	痩せた
slipped		v.	滑る
sneak		v.	忍び込む
solving		v.	解決する
sore		adj.	痛い
spark		n.	火花
speculation		n.	推測
steep		adj.	険しい
stevens		n.	スティーブンス
straw		n.	藁
successor		n.	後継者
targeting		v.	狙う
triggered		v.	引き起こす
troubles		n.	トラブル
uncertain		adj.	不確かな
upload		v.	アップロードする
usd		n.	米ドル
vector		n.	ベクトル
violations		n.	違反
weigh		v.	量る
whatsoever		adv.	いかなる
wicked		adj.	邪悪な
abraham		n.	アブラハム
absent		adj.	欠席の
acoustic		adj.	音響の
adapt		v.	適応する
ancestors		n.	先祖
archive		n.	アーカイブ
atomic		adj.	原子の
bean		n.	豆
bicycle		n.	自転車
bryan		n.	ブライアン
bump		n.	ぶつかり
bump		v.	ぶつかる
buttons		n.	ボタン
cart		n.	カート
circus		n.	サーカス
claire		n.	クレア
cocaine		n.	コカイン
cohen		n.	コーエン
colleague		n.	同僚
compelling		adj.	説得力のある
compiled		v.	コンパイルする
complications		n.	合併症
construct		v.	建設する
cord		n.	コード
crowded		adj.	混雑した
cyber		adj.	サイバー
dale		n.	谷
debates		n.	討論
defendant		n.	被告人
delays		n.	遅延
dense		adj.	密集した
desperately		adv.	必死に
doctrine		n.	主義
expose		v.	暴く
financially		adv.	財政的に
freshman		n.	新入生
furious		adj.	激怒した
gameplay		n.	ゲームプレイ
geography		n.	地理
gig		n.	ギグ
habitat		n.	生息地
harbour		n.	港
hazard		n.	危険
hydrogen		n.	水素
implies		v.	意味する
intact		adj.	無傷の
intake		n.	摂取量
irrelevant		adj.	無関係の
jaw		n.	あご
kitty		n.	子猫
lauren		n.	ローレン
lawn		n.	芝生
lmao		int.	爆笑
manufacture		v.	製造する
martha		n.	マーサ
medals		n.	メダル
mercedes		n.	メルセデス
mistaken		adj.	間違った
moses		n.	モーセ
nashville		n.	ナッシュビル
nebraska		n.	ネブラスカ州
needle		n.	針
organize		v.	組織する
ottawa		n.	オタワ
oval		adj.	楕円形の
pity		n.	残念
pond		n.	池
porter		n.	運搬人
porter		n.	門番
portions		n.	部分
portions		v.	分ける
prey		n.	獲物
prey		v.	捕食する
promax		n.	ProMax
prophet		n.	預言者
raymond		n.	レイモンド
recalled		v.	思い出す
recalled		v.	回収する
reduces		v.	減らす
referendum		n.	国民投票
refugee		n.	難民
regulated		v.	規制する
rounded		adj.	丸い
rounded		v.	丸める
ruby		n.	ルビー
ruby		n.	Ruby
rushed		v.	急ぐ
sanders		n.	サンダース
satisfy		v.	満たす
scales		n.	秤
scales		n.	鱗
scales		v.	よじ登る
seasonal		adj.	季節の
segments		n.	部分
sensible		adj.	賢明な
sequel		n.	続編
shifted		v.	移す
shifted		v.	変わる
shifting		v.	移す
shining		v.	輝く
shining		adj.	輝いている
slower		adj.	より遅い
slower		adv.	より遅く
spinning		v.	回転する
spinning		n.	紡績
stanford		n.	スタンフォード
stepping		v.	踏む
touches		v.	触れる
touches		n.	タッチ
township		n.	タウンシップ
travelled		v.	旅行する
twisted		v.	ねじる
twisted		adj.	ねじれた
usb		n.	USB
vienna		n.	ウィーン
wade		v.	歩いて渡る
whale		n.	鯨
writings		n.	著作
adc		n.	ADコンバータ
admire		v.	敬服
amber		n.	琥珀
ankle		n.	足首
armor		n.	鎧
autism		n.	自閉症
bachelor		n.	独身男性
bachelor		n.	学士
berry		n.	ベリー
billions		num.	数十億
brady		n.	ブレイディ
brisbane		n.	ブリスベン
bulls		n.	雄牛
bulls		v.	強引に進める
bullying		n.	いじめ
bullying		v.	いじめる
capitalism		n.	資本主義
caution		n.	用心
caution		v.	警告する
certification		n.	認定
characteristic		adj.	特有の
characteristic		n.	特徴
clan		n.	氏族
clash		v.	衝突する
clash		n.	衝突
columns		n.	柱
columns		n.	列
compatible		adj.	互換性のある
concerts		n.	コンサート
condemned		v.	非難する
configuration		n.	構成
continuously		adv.	継続的に
convincing		adj.	説得力のある
coupled		v.	連結する
curiosity		n.	好奇心
delight		n.	喜び
delight		v.	喜ばせる
determining		v.	決定する
entities		n.	実体
exceptions		n.	例外
explosive		adj.	爆発的な
flooding		n.	洪水
flooding		v.	氾濫する
fortunate		adj.	幸運な
fortunately		adv.	幸いにも
foundations		n.	基礎
frontier		n.	国境
frustrating		adj.	いらいらさせる
frustration		n.	いらだち
geographic		adj.	地理的な
glenn		n.	グレン
grande		n.	グランデ
grasp		v.	つかむ
grasp		v.	理解する
handy		adj.	便利な
hardcore		adj.	ハードコアの
harmful		adj.	有害な
headache		n.	頭痛
hers		pron.	彼女のもの
hispanic		adj.	ヒスパニックの
incentive		n.	インセンティ브
inclusive		adj.	包括的な
infections		n.	感染
jackie		n.	ジャッキー
joel		n.	ジョエル
kissing		v.	キスする
lanes		n.	車線
licence		n.	免許
lungs		n.	肺
madness		n.	狂気
mandate		n.	委任
manga		n.	マンガ
memorable		adj.	忘れられない
merger		n.	合併
minorities		n.	マイノリティ
occurring		v.	発生する
organizing		v.	組織する
performs		v.	実行する
ph		n.	pH
poker		n.	ポーカー
portable		adj.	携帯用の
priced		v.	値付けする
quebec		n.	ケベック
randomly		adv.	無作為に
rankings		n.	ランキング
realizing		v.	意識する
resign		v.	辞任する
revealing		adj.	明かす
revealing		v.	明らかにする
robbery		n.	強盗
rub		v.	こする
rub		n.	こすり
runners		n.	ランナー
sally		n.	出撃
scattered		adj.	散らばった
scout		n.	スカウト
searched		v.	捜す
sexuality		n.	セクシュアリティ
shouting		v.	叫ぶ
slap		v.	ひっぱたく
steak		n.	ステーキ
succession		n.	連続
superintendent		n.	管理者
suspicion		n.	疑い
sweep		v.	掃く
tactical		adj.	戦術的
talents		n.	才能
therapist		n.	セラピスト
thereafter		adv.	その後
thorough		adj.	徹底的
tuition		n.	授業料
tumor		n.	腫瘍
variables		n.	変数
varying		v.	変わる
wholesale		n.	卸売
administered		v.	管理する
affiliated		adj.	関連の
apples		n.	りんご
architectural		adj.	建築の
artillery		n.	砲兵
assembled		v.	組み立てる
bangladesh		n.	バングラデシュ
beaches		n.	浜
bees		n.	蜂
boarding		n.	搭乗
bothered		v.	悩ます
canvas		n.	キャンバス
canyon		n.	渓谷
casey		n.	ケーシー
cheek		n.	ほほ
chen		n.	チェン
cincinnati		n.	シンシナティ
circular		adj.	円形の
circulation		n.	循環
clearance		n.	撤去
closes		v.	閉じる
coincidence		n.	偶然の一致
commands		n.	命令
commissioned		v.	委託する
concentrated		adj.	濃縮された
concentrated		v.	集中する
conscience		n.	良心
coo		v.	鳩が鳴く
cooler		n.	クーラー
countless		adj.	無数の
curry		n.	カレー
dame		n.	貴婦人
deceased		adj.	亡くなった
dedication		n.	献身
defining		adj.	決定的
detention		n.	拘留
disputes		n.	争い
drake		n.	雄のカモ
employ		v.	雇用する
enforce		v.	実施する
explicit		adj.	明示的な
explicitly		adv.	明示的に
eyed		adj.	目の…
florence		n.	フィレンツェ
flu		n.	インフルエンザ
forbidden		adj.	禁じられた
fraction		n.	分数
fraction		n.	一部
infantry		n.	歩兵
integral		adj.	不可欠の
investor		n.	投資家
janet		n.	ジャネット
judged		v.	判断する
katie		n.	ケイティ
lectures		n.	講義
lightly		adv.	軽く
linking		v.	つなぐ
maintains		v.	維持する
marble		n.	大理石
maritime		adj.	海事の
melt		v.	溶ける
modes		n.	モード
monica		n.	モニカ
mumbai		n.	ムンバイ
nominee		n.	ノミネートされた人
oath		n.	誓い
offence		n.	犯罪
offence		n.	侮辱
packaging		n.	包装
patriots		n.	愛国者
pee		v.	小便をする
pillow		n.	枕
pirate		n.	海賊
polar		adj.	極地の
prediction		n.	予測
preview		n.	プレビュー
processed		adj.	加工された
pursuing		v.	追求する
puzzle		n.	パズル
rapper		n.	ラッパー
rebecca		n.	レベッカ
reconstruction		n.	復興
renowned		adj.	著名な
revelation		n.	啓示
sara		n.	サラ
scholar		n.	学者
sharks		n.	サメ
shoots		v.	撃つ
skirt		n.	スカート
socially		adv.	社会的に
spa		n.	スパ
spike		n.	スパイク
spike		v.	急増する
sprint		v.	全速で走る
sprint		n.	スプリント
stir		v.	かき混ぜる
stir		v.	かき立てる
stuffed		adj.	詰め込んだ
substantially		adv.	大幅に
suburbs		n.	郊外
superb		adj.	素晴らしい
supposedly		adv.	伝えられるところによると
tab		n.	タブ
tendency		n.	傾向
theirs		pron.	彼らのもの
toast		n.	トースト
toast		v.	乾杯する
toes		n.	つま先
touchdown		n.	タッチダウン
traits		n.	特徴
trek		n.	長い徒歩旅行
trek		v.	歩き旅をする
tricky		adj.	厄介な
triumph		n.	勝利
triumph		v.	勝利する
uber		prep.	超
underwear		n.	下着
unto		prep.	〜へ
viable		adj.	実行可能な
waist		n.	ウエスト
welcomed		v.	迎える
wit		n.	機知
wreck		n.	残骸
wreck		v.	破壊する
absurd		adj.	不条理な
accessories		n.	アクセサリー
adrian		n.	エイドリアン
advocates		v.	提唱する
advocates		n.	提唱者
ambitious		adj.	野心のある
amid		prep.	〜の最中に
annoyed		adj.	苛立った
appealing		adj.	魅力的な
appointments		n.	予約
assumptions		n.	仮定
ballet		n.	バレエ
bargain		n.	格安品
bargain		v.	値切る
binary		adj.	二進法の
binary		n.	バイナリ
blend		v.	混ぜる
blend		n.	ブレンド
blogs		n.	ブログ
brake		n.	ブレーキ
brake		v.	ブレーキをかける
builds		v.	築く
businessman		n.	実業家
cab		n.	タクシー
chi		n.	気
col		n.	峠
collision		n.	衝突
colombia		n.	コロンビア
compassion		n.	同情
consumed		v.	消費する
corrected		v.	訂正する
correction		n.	訂正
cough		v.	咳をする
cough		n.	咳
cousins		n.	いとこ
critic		n.	評論家
czech		adj.	チェコの
czech		n.	チェコ語
defenders		n.	防御者
denying		v.	否定する
depot		n.	倉庫
distress		n.	苦痛
documentation		n.	文書
doubts		n.	疑い
dramatically		adv.	劇的に
drank		v.	飲む
eats		v.	食べる
elegant		adj.	優雅な
elevator		n.	エレベーター
ellis		n.	エリス
exchanges		n.	交換
excuses		n.	言い訳
execute		v.	実行する
factories		n.	工場
feast		n.	宴
finland		n.	フィンランド
frederick		n.	フレデリック
frost		n.	霜
herald		n.	先駆
hike		v.	ハイキングする
hollow		adj.	中空の
homeland		n.	祖国
imported		adj.	輸入の
internationally		adv.	国際的に
iraqi		adj.	イラクの
itunes		n.	iTunes
kane		n.	ケイン
kissed		v.	キスする
lame		adj.	足の不自由な
licensing		n.	ライセンス
lily		n.	百合
limiting		adj.	制限する
locker		n.	ロッカー
mainland		n.	本土
marking		n.	印
meditation		n.	瞑想
messenger		n.	使者
metals		n.	金属
missiles		n.	ミサイル
munich		n.	ミュンヘン
norwegian		adj.	ノルウェーの
pencil		n.	鉛筆
philosophical		adj.	哲学的な
pierre		n.	ピエール
pipes		n.	パイプ
plasma		n.	プラズマ
plea		n.	懇願
punish		v.	罰する
purse		n.	財布
quarterback		n.	クォーターバック
reagan		n.	レーガン
relieved		adj.	安心した
replies		n.	返信
reservation		n.	予約
rhetoric		n.	修辞
rivals		n.	ライバル
rushing		v.	急ぐ
salvation		n.	救い
sanctions		n.	制裁
secular		adj.	世俗的
sensitivity		n.	感受性
shane		n.	シェーン
sigh		v.	ため息をつく
sigh		n.	ため息
sixteen		num.	十六
sovereign		n.	君主
sovereign		adj.	主権の
specifications		n.	仕様
spends		v.	使う
spouse		n.	配偶者
stat		adv.	直ちに
supervisor		n.	監督者
synthetic		adj.	合成の
teaches		v.	教える
tense		adj.	緊張した
tense		n.	時制
toyota		n.	トヨタ
tracked		v.	追跡する
traders		n.	商人
troy		n.	トロイ
varieties		n.	品種
vegan		n.	ビーガン
vegan		adj.	ビーガンの
waking		v.	目を覚ます
walmart		n.	ウォルマート
wilderness		n.	荒野
admits		v.	認める
adviser		n.	顧問
aggregate		n.	合計
aggregate		v.	合計する
anal		adj.	肛門の
anatomy		n.	解剖学
annie		n.	アニー
announces		v.	発表する
applicants		n.	出願者
automobile		n.	自動車
barnes		n.	バーンズ
breasts		n.	乳房
cement		n.	セメント
chess		n.	チェス
citing		v.	引用する
colonies		n.	植民地
composite		adj.	複合の
consequently		adv.	したがって
consist		v.	構成する
councils		n.	評議会
cox		n.	コックス
curtis		n.	カーティス
decorated		adj.	飾られた
decorated		v.	飾る
delegates		n.	代表
dreaming		v.	夢を見る
dull		adj.	単調な
dull		adj.	鈍い
enables		v.	可能にする
fare		n.	運賃
fashioned		adj.	~式の
feared		v.	恐れる
feared		adj.	恐れられた
float		v.	浮く
generator		n.	発電機
grind		v.	挽く
grinding		v.	挽く
grove		n.	木立ち
guessing		v.	推測する
gum		n.	ガム
gum		n.	樹脂
hobby		n.	趣味
hunters		n.	猟師
idol		n.	アイドル
illusion		n.	錯覚
incorrect		adj.	間違った
junction		n.	交差点
lance		n.	槍
leap		v.	跳ぶ
leap		n.	跳躍
locate		v.	見つける
locate		v.	位置する
locks		n.	錠
locks		v.	施錠する
lynch		v.	私刑を加える
manages		v.	管理する
manages		v.	なんとか～する
masses		n.	大衆
masses		n.	質量
medicare		n.	メディケア
modeling		n.	モデリング
modeling		v.	造形する
motive		n.	動機
nazis		n.	ナチス
neighbourhood		n.	近所
neighbourhood		n.	付近
networking		n.	ネットワーキング
newer		adj.	より新しい
newton		n.	ニュートン
oppose		v.	反対する
optimal		adj.	最適な
overtime		n.	残業
overtime		adv.	残業して
packs		n.	パック
packs		v.	詰める
permits		v.	許可する
permits		n.	許可証
playstation		n.	PlayStation
postal		adj.	郵便の
predictions		n.	予測
prep		n.	予備
profound		adj.	深い
prosecutor		n.	検察官
rebellion		n.	反乱
recipient		n.	受取人
refund		n.	返金
refund		v.	返金する
remembering		v.	覚える
rescued		v.	救助する
risky		adj.	危険な
robust		adj.	頑健な
scam		n.	詐欺
shareholders		n.	株主
sided		v.	支持する
simulation		n.	シミュレーション
sober		adj.	しらふの
spice		n.	香辛料
squeeze		v.	絞る
storms		n.	嵐
supervision		n.	監督
suspects		n.	容疑者
swap		v.	交換する
swept		v.	掃く
terrain		n.	地形
themed		adj.	テーマの
threaten		v.	脅す
thrilled		adj.	興奮した
towel		n.	タオル
trio		n.	三重奏
tubes		n.	管
unconscious		adj.	意識のない
varies		v.	異なる
vegetable		n.	野菜
verified		adj.	確認済みの
vibe		n.	雰囲気
virtue		n.	美徳
we'd		v.	だろう
wishing		v.	願う
workforce		n.	労働力
zombie		n.	ゾンビ
acre		n.	エーカー
airports		n.	空港
amen		int.	アーメン
andrews		n.	アンドリュース
arise		v.	生じる
ashes		n.	灰
automotive		adj.	自動車の
battlefield		n.	戦場
berkeley		n.	バークレー
bloom		v.	咲く
bore		v.	退屈させる
bundle		n.	束
butterfly		n.	蝶
buys		v.	買う
casualties		n.	死傷者
catches		v.	捕まえる
chad		n.	チャド
clown		n.	ピエロ
committees		n.	委員会
conjunction		n.	接続詞
costly		adj.	高価な
cows		n.	雌牛
cries		v.	泣く
cries		n.	叫び
cuban		adj.	キューバの
cycles		n.	周期
darker		adj.	より暗い
davies		n.	デイヴィス
descent		n.	下降
desktop		n.	デスクトップ
dial		v.	ダイヤルする
dial		n.	目盛り円盤
dial-up		n.	ダイヤルアップ
directory		n.	ディレクトリ
disabilities		n.	障害
discharge		v.	放出
discharge		n.	退院
discusses		v.	討論する
dodge		v.	避ける
downs		n.	丘陵地
drilling		v.	穴をあける
drums		n.	太鼓
elimination		n.	排除
enjoys		v.	楽しむ
espn		n.	ESPN
faq		n.	よくある質問
frequentlyaskedquestion		n.	よくある質問
ginger		n.	生姜
governors		n.	知事
guild		n.	ギルド
halt		v.	停止する
han		n.	漢
henderson		n.	ヘンダーソン
ibm		n.	アイビーエム
imaging		n.	画像処理
implied		adj.	暗黙の
impress		v.	感銘させる
inability		n.	無能
incoming		adj.	入ってくる
iphone		n.	アイフォーン
isaac		n.	アイザック
jar		n.	瓶
leicester		n.	レスター
liam		n.	リアム
litigation		n.	訴訟
mentor		n.	指導者
merchandise		n.	商品
minerals		n.	鉱物
miners		n.	鉱山労働者
monk		n.	僧侶
neighborhoods		n.	近隣
noah		n.	ノア
norm		n.	基準
obtaining		v.	得る
occupy		v.	占領する
offended		v.	怒らせる
orthodox		adj.	正統の
overhead		n.	オーバーヘッド
painter		n.	画家
perth		n.	パース
pierce		v.	貫く
pistol		n.	拳銃
printer		n.	プリンター
prone		adj.	うつぶせの
raiders		n.	襲撃者
readily		adv.	容易に
reflecting		v.	反射する
regiment		n.	連隊
remembers		v.	覚える
reunion		n.	再会
revival		n.	復興
sanctuary		n.	聖域
satan		n.	サタン
satisfying		adj.	満足な
seas		n.	海
securing		v.	確保する
sensors		n.	センサー
seoul		n.	ソウル
shells		n.	貝殻
siege		n.	包囲
sixty		num.	六十
sleeve		n.	袖
sonic		adj.	音速の
soundtrack		n.	サウンドトラック
speeches		n.	演説
spine		n.	背骨
steering		n.	操舵
substances		n.	物質
sullivan		n.	サリバン
sustain		v.	維持する
tenure		n.	在任期間
texture		n.	質感
thankful		adj.	感謝して
translate		v.	翻訳する
treasurer		n.	会計担当者
triangle		n.	三角形
unclear		adj.	不明確な
upgraded		v.	アップグレードする
venezuela		n.	ベネズエラ
venice		n.	ベネチア
vladimir		n.	ウラジーミル
wizard		n.	魔法使い
yankees		n.	ヤンキース
absorbed		adj.	没頭した
admin		n.	管理者
affection		n.	愛情
airplane		n.	飛行機
altitude		n.	高度
apfs		n.	APFS
athens		n.	アテネ
attributes		n.	属性
baked		adj.	焼いた
baking		n.	ベーキング
beautifully		adv.	美しく
betty		n.	ベティ
biblical		adj.	聖書の
bmw		n.	BMW
boo		int.	ブー
cardiff		n.	カーディフ
collapsed		v.	崩壊する
coloured		adj.	色づいた
competent		adj.	有能な
countryside		n.	田舎
cracking		n.	ひび
crane		n.	クレーン
debris		n.	がれき
delegation		n.	代表団
demographic		adj.	人口の
descriptions		n.	説明
donor		n.	ドナー
easiest		adj.	最も簡単な
educate		v.	教育する
enabling		v.	可能にする
enrolled		v.	登録する
enrollment		n.	入学登録
essex		n.	エセックス
exceed		v.	超える
excluding		prep.	～を除いて
expressions		n.	表現
fierce		adj.	激しい
gabriel		n.	ガブリエル
garlic		n.	ニンニク
gaza		n.	ガザ
gratitude		n.	感謝
hail		v.	呼びかける
heroin		n.	ヘロイン
honda		n.	ホンダ
hooked		adj.	夢中の
illustration		n.	挿絵
impose		v.	課す
indicator		n.	インジケーター
inequality		n.	不平等
interpreted		v.	解釈する
jamaica		n.	ジャマイカ
joey		n.	子供のカンガルー
joshua		n.	ジョシュア
journals		n.	学術誌
leisure		n.	余暇
lend		v.	貸す
lengths		n.	長さ
leon		n.	レオン
lounge		n.	ラウンジ
luckily		adv.	幸い
manuscript		n.	原稿
marco		n.	マルコ
marines		n.	海兵隊
mint		n.	ミント
mint		v.	造幣する
molecules		n.	分子
montgomery		n.	モンゴメリー
na		n.	ナトリウム
notification		n.	通知
nova		n.	新星
oakland		n.	オークランド
op		n.	操作
outline		n.	概要
outline		v.	概説する
pasta		n.	パスタ
pi		n.	円周率
polite		adj.	礼儀正しい
productions		n.	製作
professors		n.	教授
quicker		adj.	より速い
randy		adj.	好色な
receipt		n.	領収書
recognise		v.	認識する
reliability		n.	信頼性
researcher		n.	研究者
retailers		n.	小売業者
reviewing		v.	見直す
romans		n.	ローマ人
runway		n.	滑走路
runway		n.	ランウェイ
sculpture		n.	彫刻
senses		n.	感覚
sensor		n.	センサー
seth		n.	セツ
sharon		n.	シャロン
showcase		n.	陳列ケース
showcase		v.	展示する
smoked		adj.	燻製の
subsidiary		n.	子会社
tampa		n.	タンパ
tenth		num.	第十の
theology		n.	神学
topped		v.	載せる
trails		n.	小道
underwater		adj.	水中の
uploaded		v.	アップロードする
velocity		n.	速度
venues		n.	会場
wax		n.	蝋
wikipedia		n.	ウィキペディア
winston		n.	ウィンストン
accountability		n.	説明責任
aerial		adj.	空中の
aerial		n.	アンテナ
albeit		conj.	〜ではあるが
alcoholic		adj.	アルコールの
alcoholic		n.	アルコール依存症
amazed		adj.	驚いた
ambition		n.	野心
ammunition		n.	弾薬
anthem		n.	国歌
architects		n.	建築家
automated		adj.	自動化された
bake		v.	焼く
batch		n.	一括
borrowed		v.	borrowする
carson		n.	カーソン
catalog		n.	カタログ
catalogue		n.	カタログ
charitable		adj.	慈善的な
christine		n.	クリスティーヌ
clicking		v.	クリックする
collector		n.	収集家
compliment		n.	賛辞
consisted		v.	構成する
continually		adv.	絶えず
coordinator		n.	コーディネーター
damaging		adj.	有害な
danish		adj.	デンマークの
def		n.	定義
deployment		n.	展開
drafted		v.	起草する
enjoyable		adj.	楽しい
exotic		adj.	異国風の
exterior		n.	外観
feminine		adj.	女性的な
firearms		n.	銃器
fountain		n.	噴水
fury		n.	激怒
genocide		n.	大量虐殺
glance		n.	一瞥
glow		v.	輝く
hay		n.	干し草
headlines		n.	見出し
hebrew		n.	ヘブライ語
hometown		n.	故郷
humanitarian		adj.	人道主義の
hungary		n.	ハンガリー
idaho		n.	アイダホ州
immunity		n.	免疫
implementing		v.	実施する
inherited		v.	相続する
killers		n.	殺人者
labeled		v.	ラベルを付ける
liberation		n.	解放
likelihood		n.	見込み
lone		adj.	孤独の
massacre		n.	虐殺
meme		n.	ミーム
mitch		n.	ミッチ
mod		n.	モッド
nationalist		n.	ナショナリスト
nationals		n.	国民
necessity		n.	必要性
nickname		n.	ニックネーム
nixon		n.	ニクソン
observer		n.	観察者
offshore		adj.	沖合の
optional		adj.	任意の
papa		n.	パパ
parked		v.	駐車する
paste		v.	貼り付ける
pioneer		n.	開拓者
plaza		n.	広場
prescribed		v.	処方する
pressures		n.	圧力
prosperity		n.	繁栄
recreational		adj.	娯楽の
reds		n.	赤
refuge		n.	避難
religions		n.	宗教
renewable		adj.	再生可能な
richardson		n.	リチャードソン
ricky		n.	リッキー
rode		v.	乗る
ronald		n.	ロナルド
sack		n.	袋
settlements		n.	入植地
sheffield		n.	シェフィールド
shortage		n.	不足
skies		n.	空
smarter		adj.	より賢い
smiles		n.	笑顔
sphere		n.	球
sponsors		n.	スポンサー
stamps		n.	切手
stare		v.	見つめる
suburban		adj.	郊外の
sung		v.	歌う
suppliers		n.	供給業者
tablets		n.	錠剤
terribly		adv.	ひどく
territorial		adj.	領土の
thirds		n.	3分の1
thriller		n.	スリラー
toss		v.	投げる
transgender		adj.	トランスジェンダーの
troubled		adj.	悩んでいる
turtle		n.	亀
verbal		adj.	口頭の
violated		v.	違反する
vocals		n.	ボーカル
wool		n.	羊毛
yang		n.	陽
accountable		adj.	責任を負う
advocacy		n.	提唱
aftermath		n.	余波
aggression		n.	侵略
analyzed		v.	分析する
angles		n.	角度
arguably		adv.	おそらく
armies		n.	軍
armstrong		n.	アームストロング
assessed		v.	評価する
attractions		n.	名所
balloon		n.	風船
beers		n.	ビール
bells		n.	鐘
blamed		v.	責める
blunt		adj.	ぶっきらぼうな
boobs		n.	胸
bosses		n.	ボス
brakes		n.	ブレーキ
brigade		n.	旅団
bulgaria		n.	ブルガリア
burial		n.	埋葬
canceled		v.	キャンセルする
cardinal		n.	枢機卿
cardinal		adj.	主要な
champ		n.	チャンピオン
champagne		n.	シャンパン
chorus		n.	合唱
chrome		n.	クロム
clarity		n.	明瞭
classics		n.	古典
cleaner		n.	清掃員
combining		v.	結合する
conclude		v.	終える
conclude		v.	推論する
confidential		adj.	機密の
coordination		n.	調整
cracks		n.	ひび
dancers		n.	ダンサー
delaware		n.	デラウェア州
directing		v.	監督する
discretion		n.	慎重
discretion		n.	裁量
ditch		n.	溝
dome		n.	ドーム
drought		n.	干ばつ
ducks		n.	アヒル
dumped		v.	捨てる
elevation		n.	標高
entrepreneurs		n.	起業家
esteem		n.	尊敬
eva		n.	エヴァ
explored		v.	探検する
finances		n.	財政
finishes		v.	終える
fog		n.	霧
framed		v.	陥れる
framed		v.	枠に入れる
fucks		v.	やる
gesture		n.	身振い
ghana		n.	ガーナ
gibson		n.	ギブソン
gif		n.	GIF画像
gilbert		n.	ギルバート
gosh		int.	おや
griffin		n.	グリフォン
hadn't		v.	していなかった
historian		n.	歴史学者
horizontal		adj.	水平の
hospitality		n.	もてなし
hostage		n.	人質
hottest		adj.	最も熱い
individually		adv.	個別に
inevitably		adv.	避けられず
jeffrey		n.	ジェフリー
kenneth		n.	ケネス
lad		n.	少年
lakers		n.	レイカーズ
lasts		v.	続く
leagues		n.	リーグ
leslie		n.	レスリー
listings		n.	リスト
literacy		n.	識字
marriages		n.	結婚
migrants		n.	移住者
mins		n.	分
misleading		adj.	誤解を招く
moisture		n.	水分
monument		n.	記念碑
mortality		n.	死亡率
notices		n.	通知
obsession		n.	執着
particle		n.	粒子
peanut		n.	ピーナッツ
persistent		adj.	持続的な
personalities		n.	人物
petroleum		n.	石油
pharmaceutical		adj.	製薬の
progression		n.	進行
quinn		n.	クイン
rack		n.	棚
rebuild		v.	再建する
recordings		n.	録音
rejection		n.	拒絶
relaxing		adj.	リラックスできる
reservoir		n.	貯水池
respects		n.	敬意
riley		n.	ライリー
saudiarabia		n.	サウジアラビア
scrap		v.	廃棄する
sebastian		n.	セバスチャン
sensation		n.	感覚
shaft		n.	軸
shepherd		n.	羊飼い
shuttle		n.	シャトル
slope		n.	斜面
snack		n.	軽食
sounding		n.	測深
specialists		n.	専門家
spotlight		n.	スポットライト
stern		adj.	厳しい
stiff		adj.	硬い
sudan		n.	スーダン
sued		v.	訴える
sums		n.	金額
sworn		adj.	宣誓した
tel		n.	電話
terrific		adj.	すごい
titans		n.	巨人
tomatoes		n.	トマト
tory		n.	トーリー党員
trafficking		n.	人身売買
transparency		n.	透明性
trinity		n.	三位一体
unemployed		adj.	失業した
unite		v.	団結する
unlock		v.	解錠する
vault		n.	金庫
vet		n.	獣医
vince		n.	ヴィンス
wagon		n.	馬車
walt		n.	ウォルト
withdrawn		v.	撤回する
accessed		v.	アクセスする
adverse		adj.	不利な
aiming		v.	狙う
allah		n.	アッラー
alumni		n.	卒業生
ana		n.	アナ
awhile		adv.	しばらく
aye		int.	はい
bastard		n.	私生児
behaviors		n.	行動
bikes		n.	自転車
biography		n.	伝記
broker		n.	ブローカー
browser		n.	ブラウザ
bury		v.	埋める
cellular		adj.	細胞の
cocktail		n.	カクテル
cod		n.	タラ
conditioning		n.	調節
consuming		v.	消費する
contracted		v.	縮む
costumes		n.	衣装
counseling		n.	カウンセリング
crews		n.	乗組員
cubs		n.	子
dangers		n.	危険
designing		v.	設計する
destructive		adj.	破壊的な
develops		v.	発展する
dislike		v.	嫌う
doubled		v.	倍増する
doubles		v.	倍にする
economies		n.	経済
embedded		adj.	組み込まれた
emerge		v.	現れる
excluded		v.	除外する
expects		v.	期待する
farewell		n.	別れ
feeds		v.	飼う
fist		n.	こぶし
fond		adj.	好んだ
foolish		adj.	愚かな
frog		n.	カエル
fry		v.	揚げる
garcia		n.	ガルシア
gifted		adj.	才能のある
hacking		n.	ハッキング
hawks		n.	鷹
heir		n.	相続人
highlighted		v.	強調する
holocaust		n.	大虐殺
homer		n.	ホームラン
hon		n.	親愛なる人
hopkins		n.	ホプキンス
imprisonment		n.	投獄
indonesian		adj.	インドネシアの
indonesian		n.	インドネシア人
irs		n.	米内国歳入庁
jenny		n.	ジェニー
lacks		v.	欠く
landlord		n.	家主
landmark		n.	ランドマーク
landmark		adj.	画期的な
launches		v.	打ち上げる
launches		n.	発射
leaning		n.	傾き
liable		adj.	責任を負う
liable		adj.	しがちな
memphis		n.	メンフィス
midst		n.	ただ中
misery		n.	苦しみ
module		n.	モジュール
module		n.	区画
mommy		n.	ママ
monroe		n.	モンロー
mosque		n.	モスク
moss		n.	コケ
museums		n.	博物館
mvp		n.	最優秀選手
nursery		n.	保育園
nursery		n.	苗床
onion		n.	玉ねぎ
perspectives		n.	視点
peru		n.	ペルー
phrases		n.	句
plague		n.	ペスト
plague		v.	悩ませる
plains		n.	平野
positively		adv.	確実に
positively		adv.	前向きに
powell		n.	パウエル
prevents		v.	防ぐ
profiles		n.	プロフィール
pursued		v.	追い求める
recruit		v.	リクルートする
recruit		n.	新兵
resting		v.	休む
rex		n.	レックス
rogue		n.	ごろつき
rogue		adj.	ごろつきの
roosevelt		n.	ルーズベルト
salaries		n.	給料
seated		adj.	着席した
sharply		adv.	急激に
sharply		adv.	厳しく
shell		n.	貝殻
shell		n.	砲弾
shell		v.	殻を剥く
showers		n.	シャワー
showers		n.	にわか雨
sincerely		adv.	心から
sings		v.	歌う
solidarity		n.	連帯
specialty		n.	専門
specialty		n.	名産物
supernatural		adj.	超自然的な
surprises		n.	驚き
they'd		pron.	彼ら
thirteen		num.	十三
tomb		n.	墓
touring		v.	巡回する
traces		n.	痕跡
trademark		n.	商標
trademark		adj.	特徴的な
trim		v.	刈り込む
trim		adj.	すらりとした
trim		n.	縁飾り
umbrella		n.	傘
utilities		n.	公共事業
utilities		n.	ユーティリティ
voyage		n.	航海
weaker		adj.	より弱い
willie		n.	ウィリー
yields		v.	生み出す
yields		n.	収量
abbey		n.	修道院
accepts		v.	受け入れる
adjustment		n.	調整
adjustment		n.	順応
air-conditioning		n.	エアコン
andrea		n.	アンドレア
assignments		n.	課題
attachment		n.	添付ファイル
baron		n.	男爵
beatles		n.	ビートルズ
belfast		n.	ベルファスト
blah		int.	ブラフ
bomber		n.	爆撃機
bunny		n.	ウサギ
candle		n.	ろうそく
carved		v.	彫る
choir		n.	聖歌隊
clutch		v.	つかむ
coconut		n.	ココナッツ
committing		v.	犯す
comprising		v.	含む
confession		n.	告白
consume		v.	消費する
corridor		n.	廊下
credibility		n.	信頼性
credited		v.	認める
critically		adv.	批判的に
dolphins		n.	イルカ
estates		n.	不動産
ferguson		n.	ファーガソン
ferrari		n.	フェラーリ
filters		n.	フィルター
fools		n.	愚か者
fourteen		num.	十四
geometry		n.	幾何学
ghosts		n.	幽霊
gossip		n.	噂話
gossip		v.	噂をする
grandparents		n.	祖父母
haul		v.	引っ張る
haul		n.	戦利品
header		n.	ヘッダー
headphones		n.	ヘッドホン
highways		n.	幹線道路
holly		n.	ヒイラギ
immense		adj.	巨大な
imports		n.	輸入
imports		v.	輸入する
incentives		n.	インセンティブ
interfere		v.	干渉する
interfere		v.	妨げる
intersection		n.	交差点
investigators		n.	捜査員
juvenile		adj.	少年の
karma		n.	業
knocking		v.	叩く
kurt		n.	Kurt
leaks		n.	漏えい
leaks		v.	漏れる
leverage		n.	てこ効果
leverage		v.	活用する
lining		n.	裏地
luther		n.	Luther
manila		n.	マニラ
mankind		n.	人類
mapping		n.	地図作成
masks		n.	仮面
med		n.	医療
metric		adj.	メートル法の
militia		n.	民兵
naming		n.	命名
ncaa		n.	NCAA
nike		n.	ナイキ
node		n.	ノード
obstacles		n.	障害
opener		n.	開ける道具
overwhelmed		adj.	圧倒された
performers		n.	出演者
pointless		adj.	無意味な
poles		n.	柱
preferences		n.	好み
prompted		v.	促す
proximity		n.	近接
qualification		n.	資格
qualifications		n.	資格
ranger		n.	レンジャー
rendered		v.	もたらす
rented		v.	賃借する
reversed		v.	逆にする
sadness		n.	悲しみ
scenarios		n.	シナリオ
selective		adj.	選択的な
seniors		n.	年長者
shiny		adj.	光沢のある
socialism		n.	社会主義
sour		adj.	酸っぱい
spoon		n.	スプーン
stretched		v.	伸ばす
sucking		v.	吸う
teddy		n.	テディベ어
tenants		n.	賃借人
terrace		n.	テラス
thief		n.	泥棒
transported		v.	輸送する
tribunal		n.	法廷
undoubtedly		adv.	疑いなく
uniforms		n.	制服
verify		v.	確認する
whistle		n.	笛
workshops		n.	作業場
yale		n.	イェール大学
yearly		adj.	毎年の
yemen		n.	イエメン
abusive		adj.	虐待的な
alley		n.	路地
announcing		v.	発表する
appetite		n.	食欲
backyard		n.	裏庭
beth		n.	ベス
beverly		n.	ビバリー
bids		v.	入札する
billboard		n.	広告塔
blades		n.	刃
boris		n.	ボリス
bully		v.	いじめる
burke		n.	バーク
cables		n.	ケーブル
calculate		v.	計算する
calculations		n.	計算
chicks		n.	ひよこ
chicks		n.	妞
conceived		v.	思い付く
conceived		v.	怀孕
consult		v.	相談する
crashes		n.	墜落
crashes		v.	クラッシュする
crowds		n.	群衆
cunt		n.	女性の陰部
damned		adj.	嫌な
dissolved		v.	溶解する
dissolved		v.	解散する
distinguish		v.	区別する
dominate		v.	支配する
dynasty		n.	王朝
economist		n.	経済学者
ems		n.	国際郵便便
endorsed		v.	支持する
endorsed		v.	裏書する
europeans		n.	ヨーロッパ人
examining		v.	調べる
extensively		adv.	広範囲に
fda		n.	FDA
festivals		n.	祭り
forehead		n.	額
foreigners		n.	外国人
forgiveness		n.	許し
gem		n.	宝石
glen		n.	谷
graves		n.	墓
gregory		n.	グレゴリー
haunted		adj.	幽霊が出る
hayes		n.	ヘイズ
heather		n.	ヒース
hiking		n.	ハイキング
hypothesis		n.	仮説
illegally		adv.	違法に
illustrations		n.	挿絵
inclined		adj.	〜しがちな
informal		adj.	略式の
jew		n.	ユダヤ人
learnt		v.	学ぶ
lending		v.	貸す
lending		n.	貸付
marker		n.	マーカー
marsh		n.	沼
marshal		n.	元帥
maturity		n.	成熟
maya		n.	マヤ
messy		adj.	散らかった
minneapolis		n.	ミネアポリス
molly		n.	モリー
morrison		n.	モリソン
muhammad		n.	ムハンマド
neighboring		adj.	隣接した
neighbours		n.	隣人
ninja		n.	忍者
optimistic		adj.	楽観的な
outlined		v.	概説する
owl		n.	フクロウ
parenting		n.	子育て
peaks		n.	峰
pharmacy		n.	薬局
pools		n.	プール
pools		n.	共同出資
preparations		n.	準備
problematic		adj.	問題のある
proceeded		v.	続行する
processor		n.	プロセッサ
promotional		adj.	宣伝の
pros		n.	利点
prospective		adj.	見込みの
psychiatric		adj.	精神医学の
regulate		v.	調節する
renaissance		n.	ルネサンス
repeal		v.	廃止する
reuters		n.	ロイター
roast		v.	roastする
robertson		n.	ロバートソン
rubbish		n.	ゴミ
saga		n.	サガ
salon		n.	サロン
seventeen		num.	十七
shields		n.	盾
sliding		adj.	スライディングの
sodium		n.	ナトリウム
surplus		n.	余剰
swallow		v.	飲み込む
systematic		adj.	体系的
theaters		n.	劇場
transmitted		v.	伝送する
tuned		v.	調整する
unacceptable		adj.	受け入れられない
unaware		adj.	気づいていない
uncommon		adj.	珍しい
underway		adv.	進行中で
unified		adj.	統一された
unstable		adj.	不安定な
upstairs		adv.	上の階に
vague		adj.	曖昧な
wee		adj.	ちっちゃな
woo		v.	求愛する
zip		v.	チャックを閉める
abs		n.	腹筋
abundance		n.	豊富
advancing		v.	進む
alberta		n.	アルバータ
ant		n.	蟻
antique		n.	骨董品
autonomy		n.	自治
baptist		n.	バプテスト
behavioral		adj.	行動の
biden		n.	バイデン
booking		n.	予約
breeze		n.	そよ風
brett		n.	ブレット
browns		n.	茶色
canadians		n.	カナダ人
carnival		n.	カーニバル
commodity		n.	商品
congressman		n.	議員
containers		n.	コンテナ
cooperative		adj.	協同の
coral		n.	サンゴ
correlation		n.	相関
correspondent		n.	特派員
coupon		n.	クーポン
crosses		v.	交差する
crosses		n.	十字架
curtain		n.	カーテン
curves		n.	曲線
curves		v.	曲がる
defines		v.	定義する
delivers		v.	配達する
demonstrates		v.	実証する
dentist		n.	歯医者
dodgers		n.	ごまかす人
dough		n.	生地
dug		v.	掘る
endangered		adj.	絶滅危惧の
envelope		n.	封筒
exhibited		v.	展示する
fade		v.	色あせる
fade		v.	消えていく
fatigue		n.	疲労
fellowship		n.	友情
fictional		adj.	架空の
fragile		adj.	壊れやすい
fringe		n.	縁
fulfill		v.	果たす
gaps		n.	隙
granite		n.	花崗岩
greens		n.	青物
handbook		n.	ハンドブック
hardy		adj.	耐寒性の
honors		n.	名誉
insights		n.	洞察
instinct		n.	本能
inviting		adj.	魅力的な
irony		n.	皮肉
ivan		n.	イワン
joyce		n.	ジョイス
judgement		n.	判断
judgement		n.	判決
judiciary		n.	司法
jumps		v.	跳ぶ
legion		n.	軍団
lethal		adj.	致命的な
lime		n.	ライム
lively		adj.	活発な
logistics		n.	物流
lowered		v.	下げる
lynn		n.	リン
maid		n.	メイド
manning		v.	人員を配置する
manuel		n.	マヌエル
maple		n.	カエデ
mickey		n.	ミッキー
mistress		n.	愛人
monkeys		n.	猿
morality		n.	道徳
mortal		adj.	死すべき定めの
mounting		n.	据え付け
nonprofit		adj.	非営利の
oils		n.	油
operative		adj.	手術の
outs		n.	アウト
owed		v.	欠ける
panama		n.	パナマ
patches		n.	パッチ
pickup		n.	ピックアップ
portraits		n.	肖像画
pouring		v.	注ぐ
prestigious		adj.	名高い
prompt		adj.	迅速な
prompt		v.	促す
quantities		n.	量
radius		n.	半径
referee		n.	審判
relay		n.	リレー
relay		v.	中継する
rig		n.	リグ
rig		v.	不正操作する
risen		v.	上昇する
rows		n.	列
sacramento		n.	サクラメント
scroll		v.	スクロールする
scroll		n.	巻物
searches		v.	検索する
smiled		v.	微笑む
snacks		n.	スナック
snakes		n.	ヘビ
sovereignty		n.	主権
strips		n.	ストリップ
strips		v.	剥ぐ
stunt		n.	スタント
subjected		v.	さらす
sucked		v.	吸う
sunlight		n.	日光
surf		n.	波
surf		v.	サーフィンする
symbolic		adj.	象徴的な
sync		v.	同期する
taxpayer		n.	納税者
tempted		adj.	誘惑された
thrust		v.	押す
thrust		n.	スラスト
trevor		n.	トレバー
trilogy		n.	三部作
weights		n.	重り
wheelchair		n.	車椅子
whore		n.	売春婦
yahoo		n.	ヤフー
yourselves		pron.	あなた自身
accompanying		adj.	同行の
acids		n.	酸
administrators		n.	管理者
aired		v.	放送する
allowance		n.	手当
andre		n.	アンドレ
apologies		n.	謝罪
arbitrary		adj.	任意の
atm		n.	現金自動預け払い機
autonomous		adj.	自律的な
averaged		v.	平均する
bait		n.	餌
bark		n.	樹皮
bark		v.	吠える
bets		n.	賭け
blogger		n.	ブロガー
bra		n.	ブラジャー
brighton		n.	ブライトン
brotherhood		n.	兄弟愛
buddhist		n.	仏教徒
builder		n.	建設者
cakes		n.	ケーキ
carriage		n.	馬車
celebrations		n.	祝い
censorship		n.	検閲
clarify		v.	明らかにする
climbed		v.	登る
compilation		n.	編集
composer		n.	作曲家
comprises		v.	含む
constitute		v.	構成する
correspondence		n.	文通
cowboy		n.	カウボーイ
defendants		n.	被告人
desirable		adj.	望ましい
devastating		adj.	壊滅的な
diagram		n.	図表
dismiss		v.	解雇する
editions		n.	版
erected		v.	建てる
explorer		n.	探検家
farther		adv.	もっと遠く
favorable		adj.	好都合な
feminism		n.	フェミニズム
flaws		n.	欠点
forums		n.	フォーラム
freed		v.	解放する
galleries		n.	画廊
gasoline		n.	ガソリン
genesis		n.	起源
geographical		adj.	地理的な
governed		v.	統治する
governmental		adj.	政府の
halls		n.	ホール
handles		v.	処理する
heavier		adj.	もっと重い
herbert		n.	ハーバート
hints		n.	ヒント
incomplete		adj.	不完全な
incorporate		v.	組み込む
interrupted		v.	中断する
ivory		n.	象牙
kerry		n.	ケリー
kirk		n.	カーク
lengthy		adj.	長い
levy		v.	課す
manipulation		n.	操作
merchants		n.	商人
misses		v.	逃す
mock		v.	嘲笑する
necklace		n.	ネックレス
niche		n.	ニッチ
nina		n.	ニーナ
obscure		adj.	不明瞭な
peterson		n.	ピーターソン
popped		v.	弾ける
porch		n.	ポーチ
portrayed		v.	描写する
possessed		adj.	憑依された
princeton		n.	プリンストン
proposition		n.	命題
railways		n.	鉄道
readings		n.	読み取り
recession		n.	不況
richards		n.	リチャーズ
rim		n.	縁
seals		n.	アザラシ
secondly		adv.	第二に
sequences		n.	シーケンス
settling		v.	定住する
sherman		n.	シャーマン
spinal		adj.	脊椎の
spiral		adj.	螺旋の
spit		v.	吐く
splash		v.	はねる
stretching		v.	伸ばす
successive		adj.	連続した
superhero		n.	スーパーヒーロー
taxpayers		n.	納税者
therapeutic		adj.	治療の
threads		n.	スレッド
timely		adj.	タイムリーな
tomato		n.	トマト
undergraduate		n.	学部生
undertaken		v.	引き受ける
uranium		n.	ウラン
utter		v.	発する
vietnamese		n.	ベトナム語
volleyball		n.	バレーボール
walsh		n.	ウォルシュ
wires		n.	電線
yell		v.	叫ぶ
advertisement		n.	広告
analysts		n.	アナリスト
analyze		v.	分析する
atmospheric		adj.	大気の
bangkok		n.	バンコク
batting		v.	打撃
bitches		n.	牝犬
bracket		n.	括弧
branded		adj.	ブランドの
bryant		n.	ブライアント
cairo		n.	カイロ
cardiac		adj.	心臓の
catholics		n.	カトリック信者
commanding		v.	指揮する
confirms		v.	確認する
confronted		v.	立ち向かう
crashing		v.	墜落する
crawford		n.	クロフォード
creep		v.	這う
daylight		n.	昼光
dee		n.	Dee
devon		n.	Devon
disclose		v.	明らかにする
doe		n.	雌鹿
donna		n.	Donna
elbow		n.	肘
encourages		v.	励ます
enthusiastic		adj.	熱心な
envy		v.	羨む
envy		n.	羨望
establishments		n.	施設
exile		n.	亡命
exile		v.	追放する
exploitation		n.	搾取
felix		n.	Felix
futures		n.	先物
gel		n.	ゲル
genetics		n.	遺伝学
goose		n.	ガチョウ
grill		v.	焼く
grill		n.	グリル
grounded		adj.	地に足のついた
heel		n.	かかと
heroic		adj.	英雄的
hut		n.	小屋
inmates		n.	収容者
instructed		v.	指示する
jenkins		n.	Jenkins
johns		n.	Johns
knives		n.	ナイフ
louisville		n.	ルイビル
malaysian		adj.	マレーシアの
margins		n.	余白
margins		n.	利益率
marina		n.	マリーナ
mat		n.	マット
melissa		n.	Melissa
milton		n.	Milton
miranda		n.	Miranda
monopoly		n.	独占
nash		n.	Nash
nationally		adv.	全国的に
nobel		n.	Nobel
norfolk		n.	Norfolk
outrage		n.	憤り
outrage		v.	憤慨させる
owning		v.	所有する
pains		n.	痛み
paperwork		n.	書類仕事
peer-to-peer		adj.	ピアツーピアの
pitched		v.	投げる
poets		n.	詩人
poisoning		n.	中毒
promptly		adv.	すぐに
rains		v.	雨が降る
recovering		v.	回復する
renewal		n.	更新
repeating		v.	繰り返す
rifles		n.	ライフル
robbie		n.	Robbie
ruler		n.	支配者
ruler		n.	定規
screams		v.	叫ぶ
sellers		n.	販売者
sights		n.	視力
sights		n.	名所
sincere		adj.	誠実な
skating		n.	スケート
skiing		n.	スキー
slaughter		n.	虐殺
slaughter		v.	虐殺する
sperm		n.	精子
spill		v.	こぼす
spill		n.	こぼれ
steadily		adv.	着実に
stripped		v.	剥ぐ
supplier		n.	サプライヤー
swamp		n.	沼沢
swan		n.	白鳥
switches		n.	スイッチ
switches		v.	切り替える
synthesis		n.	合成
tasty		adj.	おいしい
tattoos		n.	刺青
testify		v.	証言する
tolerate		v.	許容する
tournaments		n.	トーナメント
travelers		n.	旅行者
treason		n.	反逆罪
trustees		n.	受託者
typing		n.	タイピング
urine		n.	尿
vanilla		n.	バニラ
vermont		n.	バーモント
violet		n.	スミレ
violet		adj.	紫色の
weighing		v.	計量する
wendy		n.	ウェンディ
activation		n.	活性化
afghan		n.	アフガン人
afghan		adj.	アフガンの
afterward		adv.	その後
agreeing		v.	同意する
ahmed		n.	アフマド
allocated		v.	割り当てる
appealed		v.	訴える
appealed		v.	上訴する
applause		n.	拍手
bald		adj.	禿げた
barrels		n.	樽
boil		v.	沸かす
borough		n.	区
boyd		n.	ボイド
breakthrough		n.	ブレークスルー
charities		n.	慈善団体
chinesebasketballassociation		n.	中国バスケットボール協会
chooses		v.	選ぶ
churchill		n.	チャーチル
cleanmymac		n.	CleanMyMac
combinations		n.	組み合わせ
commenting		v.	コメントする
competitions		n.	競争
cone		n.	円錐
connects		v.	つなぐ
convey		v.	伝える
critique		n.	批評
curved		adj.	曲がった
cyrus		n.	キュロス
decay		v.	腐る
decay		n.	腐敗
declining		v.	減る
depressing		adj.	憂鬱な
dessert		n.	デザート
destinations		n.	目的地
diagnostic		adj.	診断の
diane		n.	ダイアン
differential		n.	差動
discourse		n.	言説
distances		n.	距離
dominance		n.	優位
donors		n.	ドナー
downloaded		v.	ダウンロードする
economically		adv.	経済的に
entertain		v.	楽しませる
evaluated		v.	評価する
exploit		v.	利用する
fireworks		n.	花火
flown		v.	飛ぶ
floyd		n.	フロイド
founders		n.	創業者
freeman		n.	自由民
gandhi		n.	ガンジー
gateway		n.	ゲートウェイ
guarantees		n.	保証
humidity		n.	湿度
humour		n.	ユーモア
imagery		n.	像
imply		v.	暗示する
indicators		n.	指標
inherent		adj.	固有の
inland		n.	内陸
inning		n.	イニング
innocence		n.	無実
instagram		n.	インスタグラム
investigator		n.	調査員
isle		n.	小島
ivy		n.	ツタ
justification		n.	正当化
katherine		n.	キャサリン
lego		n.	レゴ
licenses		n.	ライセンス
livestock		n.	家畜
liz		n.	リズ
mafia		n.	マフィア
manners		n.	礼儀
merry		adj.	楽しい
mick		n.	ミック
missionary		n.	宣教師
nationalism		n.	ナショナリズム
naughty		adj.	いたずらな
nepal		n.	ネパール
newman		n.	ニューマン
notified		v.	通知する
notorious		adj.	悪名高い
obey		v.	従う
olivia		n.	オリビア
organizational		adj.	組織の
outfits		n.	服装
outright		adj.	完全な
overly		adv.	過度に
oversight		n.	見落とし
panthers		n.	ヒョウ
persian		adj.	ペルシャの
phases		n.	段階
photographers		n.	写真家
polling		n.	投票
prisons		n.	刑務所
prototype		n.	原型
pumpkin		n.	カボチャ
pumps		n.	ポンプ
ramp		n.	スロープ
rand		n.	ランド
reactor		n.	原子炉
reef		n.	礁
refined		adj.	精製された
refreshing		adj.	さわやかな
refusal		n.	拒絶
reinforced		adj.	補強された
remedies		n.	救済
reset		v.	リセットする
sage		n.	賢者
shave		v.	剃る
sickness		n.	病気
simpler		adj.	より簡単な
sinking		v.	沈む
slots		n.	スロット
sorted		adj.	分類された
staged		adj.	段階的な
startup		n.	スタートアップ
statute		n.	法令
stems		n.	茎
straightforward		adj.	単純な
strengths		n.	強み
suffers		v.	苦しむ
superstar		n.	スーパースター
telecommunications		n.	電気通信
thieves		n.	泥棒
thoughtful		adj.	思いやりのある
thru		prep.	〜を通じて
tissues		n.	組織
toddler		n.	幼児
utilized		v.	利用する
vicious		adj.	凶悪な
victories		n.	勝利
vikings		n.	ヴァイキング
vodka		n.	ウォッカ
wholly		adv.	完全に
zoom		v.	ズームする
accidental		adj.	偶然の
accounted		v.	説明する
addicted		adj.	中毒の
adjustments		n.	調整
apollo		n.	アポロ
archbishop		n.	大司教
assassination		n.	暗殺
athletics		n.	陸上競技
basics		n.	基礎
bats		n.	コウモリ
bats		v.	バットを振る
belgian		adj.	ベルギーの
bibliography		n.	参考文献
bot		n.	ボット
broadly		adv.	広く
calcium		n.	カルシウム
calvin		n.	カルヴァン
candles		n.	ろうそく
capita		n.	capita
certainty		n.	確実性
cheeks		n.	ほお
chickens		n.	鶏
christina		n.	クリスティーナ
citation		n.	引用
citation		n.	出頭命令
clues		n.	手がかり
collectively		adv.	集合的に
commercials		n.	コマーシャル
commissions		n.	手数料
commissions		n.	委員会
compression		n.	圧縮
comprised		v.	含む
confess		v.	告白する
confined		adj.	限られた
congregation		n.	会衆
consolidated		adj.	統合された
coordinate		v.	調整する
coordinate		n.	座標
coordinates		n.	座標
cube		n.	立方体
declaring		v.	宣言する
decoration		n.	装飾
decree		n.	法令
definitions		n.	定義
deliberate		adj.	故意の
deliberate		v.	審議する
despair		n.	絶望
discovering		v.	発見する
dividend		n.	配当
dragging		v.	引っ張る
drift		n.	漂流
dye		n.	染料
dye		v.	染める
eden		n.	エデン
educators		n.	教育者
electron		n.	電子
endure		v.	耐える
endure		v.	続く
enzyme		n.	酵素
evolutionary		adj.	進化の
exhibits		n.	展示品
exhibits		v.	示す
extensions		n.	拡張
fellows		n.	仲間
fellows		n.	研究員
fragments		n.	断片
fraser		n.	フレーザー
fuels		n.	燃料
geological		adj.	地質の
globally		adv.	世界的に
grams		n.	グラム
guru		n.	グル
hacked		v.	ハッキングする
hans		n.	ハンス
hatch		v.	孵化する
hatch		n.	ハッチ
hindi		n.	ヒンディー語
historians		n.	歴史家
hormone		n.	ホルモン
inadequate		adj.	不十分な
indianapolis		n.	インディアナポリス
infinity		n.	無限
intentionally		adv.	意図的に
joints		n.	関節
joints		n.	継ぎ目
kilometers		n.	キロメートル
labs		n.	実験室
lace		n.	レース
libya		n.	リビア
losers		n.	敗者
maiden		n.	乙女
maiden		adj.	初めての
marching		v.	行進
marketplace		n.	市場
membrane		n.	膜
metallic		adj.	金属の
methodology		n.	方法論
modifications		n.	修正
monitors		n.	モニター
monitors		v.	監視する
nap		n.	昼寝
nickel		n.	ニッケル
niece		n.	姪
nominations		n.	ノミネート
numbered		v.	番号を付ける
objective-c		n.	Objective-C
offerings		n.	供え物
offerings		n.	商品
overlooked		v.	見落とす
overlooked		v.	見下ろす
pardon		v.	許す
pardon		n.	容赦
partnerships		n.	提携
persuade		v.	説得する
pier		n.	埠頭
poured		v.	注ぐ
practiced		v.	練習する
predecessor		n.	前任者
premise		n.	前提
quiz		n.	クイズ
rainfall		n.	降雨
recipients		n.	受取人
reckless		adj.	無謀な
redemption		n.	贖い
relates		v.	関係する
relied		v.	頼る
remedy		n.	救済
remedy		v.	救う
replay		v.	再生する
replay		n.	再生
revision		n.	修正
rooted		adj.	根付いた
scent		n.	香り
slate		n.	スレート
spells		v.	綴る
spells		n.	呪文
stimulus		n.	刺激
strengthening		v.	強化する
structured		adj.	構造化された
sunrise		n.	日の出
surge		n.	急増
tagged		v.	タグ付けする
tags		n.	タグ
tapes		n.	テープ
tee		n.	ティー
testified		v.	証言する
timothy		n.	ティモシー
token		n.	トークン
token		n.	記号
tornado		n.	竜巻
tracy		n.	トレーシー
tunes		n.	曲
tunes		v.	調律する
tunnels		n.	トンネル
twilight		n.	夕暮れ
unprecedented		adj.	前例のない
vagina		n.	膣
vcd		n.	VCD
verses		n.	節
vocabulary		n.	語彙
wellington		n.	ウェリントン
willingness		n.	意欲
woody		adj.	木質の
yacht		n.	ヨット
z-library		n.	Z-Library
aberdeen		n.	アバディーン
absorb		v.	吸収する
accompany		v.	同行する
accord		n.	協定
accord		v.	与える
advancement		n.	進歩
albany		n.	オールバニ
algorithms		n.	アルゴリズム
alt		n.	Altキー
alternatively		adv.	あるいは
anglo		n.	アングロ
archer		n.	弓兵
assurance		n.	保証
barber		n.	理髪師
bash		v.	殴る
bash		n.	宴会
battalion		n.	大隊
bidding		n.	入札
boycott		v.	ボイコットする
bricks		n.	レンガ
bruno		n.	ブルーノ
buddies		n.	仲間
bulgarian		n.	ブルガリア語
carpenter		n.	大工
ceased		v.	中止する
chester		n.	チェスター
coding		n.	コーディング
competitor		n.	競争者
counter-strike		n.	カウンターストライク
creators		n.	クリエイター
cuisine		n.	料理
detained		v.	拘束する
dioxide		n.	二酸化物
dolls		n.	人形
doom		n.	破滅
dubbed		v.	吹き替えする
eclipse		n.	食
eighteen		num.	十八
eleanor		n.	エレノア
elephants		n.	象
enjoyment		n.	楽しみ
exhaust		v.	使い果たす
exhaust		n.	排気
expired		adj.	期限切れの
expired		v.	期限が切れる
flee		v.	逃げる
forbes		n.	フォーブス
forwards		adv.	前へ
fries		n.	フライドポテト
fundraising		n.	資金調達
gal		n.	娘
glimpse		n.	一瞥
glimpse		v.	ちらっと見る
hawk		n.	鷹
hawk		v.	売り歩く
healthier		adj.	より健康な
homemade		adj.	手製の
honorable		adj.	立派な
infectious		adj.	感染性の
inferior		adj.	劣った
injustice		n.	不公正
inquiries		n.	照会
insulin		n.	インスリン
interpret		v.	通訳する
interpret		v.	解釈する
intro		n.	イントロ
jackets		n.	ジャケット
jill		n.	ジル
kindle		v.	点火する
lid		n.	ふた
lindsay		n.	リンゼイ
logs		n.	丸太
logs		v.	記録する
manor		n.	荘園
masterpiece		n.	傑作
melody		n.	旋律
memo		n.	メモ
mic		n.	マイク
mirrors		n.	鏡
mirrors		v.	反映する
myanmar		n.	ミャンマー
narrator		n.	語り手
nets		n.	網
obesity		n.	肥満
partisan		n.	党派支持者
partisan		adj.	党派的な
planting		v.	植える
pony		n.	ポニー
posed		v.	ポーズをとる
posed		v.	提起する
possessions		n.	財産
privileged		adj.	特権のある
prolonged		adj.	長引いた
promo		n.	宣伝
protestant		n.	新教徒
pumping		v.	ポンプで汲む
pupil		n.	生徒
pupil		n.	瞳孔
recruited		v.	募集する
reliance		n.	依存
relies		v.	依存する
reluctant		adj.	いやがる
relying		v.	依存する
respiratory		adj.	呼吸の
retention		n.	保持
rewarded		v.	報いる
ribbon		n.	リボン
rochester		n.	ロチェスター
rodgers		n.	ロジャース
roommate		n.	ルームメイト
rotten		adj.	腐った
sands		n.	砂
schedules		n.	予定
selecting		v.	選択する
shawn		n.	ショーン
shotgun		n.	散弾銃
singers		n.	歌手
sofa		n.	ソファ
solomon		n.	ソロモン
southampton		n.	サウサンプトン
spoil		v.	台無しにする
spoiled		adj.	甘やかされた
stephanie		n.	ステファニー
submarine		n.	潜水艦
suburb		n.	郊外
surgeons		n.	外科医
sympathetic		adj.	同情的な
taxation		n.	課税
temper		n.	気性
undergo		v.	受ける
venus		n.	金星
weighed		v.	量る
acquiring		v.	取得する
additions		n.	追加
aligned		v.	整列させる
allan		n.	アラン
altar		n.	祭壇
amp		n.	アンプ
arrows		n.	矢
atlas		n.	地図帳
austrian		adj.	オーストリアの
automation		n.	自動化
awe		n.	畏敬
balancing		v.	均衡を保つ
banning		v.	禁止する
bishops		n.	司教
boeing		n.	ボーイング
broncos		n.	ブロンコ
builders		n.	建設業者
burton		n.	バートン
caesar		n.	カエサル
cans		n.	缶
carroll		n.	キャロル
cavalry		n.	騎兵
clara		n.	クララ
coffin		n.	棺
collectors		n.	収集家
colorful		adj.	色鮮やかな
combo		n.	コンボ
communism		n.	共産主義
conductor		n.	指揮者
confront		v.	立ち向かう
constraints		n.	制約
crow		n.	カラス
davidson		n.	デイビッドソン
decisive		adj.	決定的な
decorative		adj.	装飾的な
definitive		adj.	決定的な
disclosed		v.	開示する
displaced		v.	追いやられた
disturbed		adj.	動揺した
epidemic		n.	流行病
eternity		n.	永遠
eugene		n.	ユージン
evolve		v.	進化する
explode		v.	爆発する
extraction		n.	抽出
fatty		adj.	脂肪の
filthy		adj.	汚い
fletcher		n.	フレッチャー
flush		v.	流す
font		n.	フォント
freestyle		n.	フリースタイル
glue		n.	接着剤
hairy		adj.	毛だらけの
homicide		n.	殺人
horns		n.	角
ie		n.	すなわち
inheritance		n.	相続
inheritance		n.	遺産
introduces		v.	紹介する
ironic		adj.	皮肉な
lacked		v.	欠いている
luggage		n.	荷物
lyon		n.	リヨン
madame		n.	マダム
maggie		n.	マギー
marion		n.	マリオン
mel		n.	メル
melting		v.	溶ける
messaging		n.	メッセージング
microwave		n.	電子レンジ
midwest		n.	中西部
minimize		v.	最小化する
morocco		n.	モロッコ
natalie		n.	ナタリー
nlp		n.	自然言語処理
organisms		n.	生物
originated		v.	起源する
ounce		n.	オンス
pablo		n.	パブロ
peel		v.	皮を剥く
pensions		n.	年金
performer		n.	演奏者
picnic		n.	ピクニック
pins		n.	ピン
practitioners		n.	実務者
predominantly		adv.	主に
primitive		adj.	原始的
providence		n.	摂理
psychic		adj.	霊的な
psychologist		n.	心理学者
puppet		n.	人形
reproductive		adj.	生殖の
requesting		v.	要求する
responds		v.	応答する
restrict		v.	制限する
retiring		adj.	退職の
retrieved		v.	取得する
ribs		n.	あばら骨
righteous		adj.	正しい
rosa		n.	ローサ
royalty		n.	王室
royalty		n.	ロイヤリティ
sandra		n.	サンドラ
sausage		n.	ソーセージ
seize		v.	つかむ
seize		v.	奪取する
sim		n.	SIMカード
skeleton		n.	骨格
skeleton		n.	骨子
spicy		adj.	辛い
sticky		adj.	粘着する
sting		v.	刺す
sting		n.	刺傷
sufficiently		adv.	十分に
tick		n.	チェックマーク
tick		v.	チェックする
traced		v.	追跡する
trent		n.	トレント
trusts		n.	信託
trusts		v.	信頼する
tutorial		n.	チュートリアル
twentieth		num.	二十番目
unpleasant		adj.	不快な
unrelated		adj.	無関係の
ussr		n.	ソ連
vacant		adj.	空いている
vent		n.	通気口
vent		v.	発散する
vicinity		n.	近隣
wan		adj.	青白い
wandering		v.	放浪する
wardrobe		n.	ワードローブ
warmth		n.	温かさ
weaknesses		n.	弱点
wines		n.	ワイン
wired		adj.	ネット接続の
amendments		n.	修正
analyses		n.	分析
asses		n.	ロバ
assessments		n.	評価
assisting		v.	支援する
aws		n.	AWS
axe		n.	斧
backgrounds		n.	背景
baldwin		n.	ボールドウィン
belle		n.	美人
bites		v.	噛む
bites		n.	噛み傷
bombers		n.	爆撃機
bonuses		n.	ボーナス
bred		v.	繁殖する
bubbles		n.	気泡
buddha		n.	仏陀
bulletin		n.	公告
capitalist		n.	資本家
capitalist		adj.	資本主義の
cautious		adj.	慎重な
clinics		n.	診療所
commitments		n.	約束
companions		n.	仲間
comparisons		n.	比較
cooperate		v.	協力する
coordinated		v.	調整する
coordinated		adj.	整合した
copied		v.	コピーする
counselor		n.	カウンセラー
curb		v.	抑制する
curb		n.	縁石
dances		n.	ダンス
dances		v.	踊る
darren		n.	ダレン
deeds		n.	f行為
destined		adj.	運命づけられた
detached		adj.	分離した
devils		n.	悪魔
discounts		n.	割引
distribute		v.	配布する
dong		n.	ドン
edgar		n.	エドガー
efficiently		adv.	効率的に
eliminating		v.	排除する
elliott		n.	エリオット
encouragement		n.	励み
enforced		v.	施行する
evan		n.	エヴァン
explosives		n.	爆発物
faction		n.	派閥
feathers		n.	羽
fixtures		n.	備品
flooded		v.	浸水する
fuller		adj.	より満ちた
gamble		v.	賭ける
goalkeeper		n.	ゴールキーパー
grandchildren		n.	孫
guardians		n.	保護者
harmless		adj.	無害な
hearings		n.	公聴会
hesitate		v.	ためらう
hid		v.	隠す
hips		n.	腰
hopeful		adj.	有望な
horny		adj.	欲情した
hungarian		adj.	ハンガリーの
hygiene		n.	衛生
iceland		n.	アイスランド
imaginary		adj.	想像の
inconsistent		adj.	矛盾した
jared		n.	ジャレッド
johnston		n.	ジョンストン
judy		n.	ジュディ
kindergarten		n.	幼稚園
latino		n.	ラティーノ
lopez		n.	ロペス
mechanic		n.	整備士
megan		n.	ミーガン
modify		v.	修正する
neglect		v.	無視する
northwestern		adj.	北西の
offenders		n.	違反者
oppression		n.	抑圧
patriotic		adj.	愛国的な
phillip		n.	フィリップ
pictured		v.	描写する
pitcher		n.	ピッチャー
playground		n.	遊び場
populated		v.	住む
poses		v.	ポーズをとる
positioned		v.	位置させる
prejudice		n.	偏見
preston		n.	プレストン
probable		adj.	ありそうな
probation		n.	試用
projection		n.	投影
promotes		v.	促進する
pumped		v.	注入する
rails		n.	手すり
random-accessmemory		n.	ランダムアクセスメモリ
raven		n.	ワタリガラス
receptor		n.	受容体
rehab		n.	リハビリ
remake		n.	リメイク
rendering		n.	レンダリング
reproduction		n.	繁殖
res		n.	予約
reservations		n.	予約
rhode		n.	ロードアイランド
shrimp		n.	エビ
similarities		n.	類似点
skins		n.	皮膚
slopes		n.	斜面
spelled		v.	綴る
spokesman		n.	スポークスマン
springfield		n.	スプリングフィールド
stained		v.	染める
stall		n.	屋台
strap		n.	ストラップ
subjective		adj.	主観的な
surround		v.	囲む
surroundings		n.	環境
sweeping		v.	掃く
swinging		v.	振る
traumatic		adj.	外傷の
trillion		num.	兆
tucker		n.	タッカー
vatican		n.	バチカン
vendor		n.	売り手
watts		n.	ワット
abbott		n.	アボット
aboriginal		adj.	先住民の
academics		n.	学者
adopting		v.	採用する
alignment		n.	整列
allergic		adj.	アレルギーの
allison		n.	アリソン
amended		v.	改正する
apparatus		n.	装置
assumes		v.	仮定する
backpack		n.	バックパック
balcony		n.	バルコニー
banker		n.	銀行家
bliss		n.	至福
bodily		adj.	身体の
buffer		n.	バッファ
calgary		n.	カルガリー
chapman		n.	チャップマン
chopped		v.	切る
collaborative		adj.	協力的
commenced		v.	開始する
compensate		v.	償う
compromised		adj.	妥協した
constructive		adj.	建設的な
conventions		n.	慣習
cosmic		adj.	宇宙の
crystals		n.	クリスタル
daisy		n.	ヒナギク
definite		adj.	明確な
demonstrations		n.	デモ
demonstrations		n.	実演
departed		v.	出発する
departed		adj.	故い
depths		n.	深み
developmental		adj.	発達の
disco		n.	ディスコ
dom		n.	ドン
dorothy		n.	ドロシー
doses		n.	用量
drawer		n.	引き出し
durham		n.	ダラム
ecological		adj.	生態の
ecosystem		n.	生態系
elvis		n.	エルヴィス
euros		n.	ユーロ
exclude		v.	除外する
exempt		adj.	免除の
exempt		v.	免除する
exposing		v.	さらす
faint		adj.	かすかな
faint		v.	気絶する
fertility		n.	生殖力
fines		n.	罰金
finn		n.	フィンランド人
floods		n.	洪水
floods		v.	水浸しにする
flynn		n.	フリン
foam		n.	泡
folded		v.	折りたたむ
foremost		adj.	最も重要な
foremost		adv.	第一に
forge		v.	鍛える
forge		v.	偽造する
greenhouse		n.	温室
hears		v.	聞く
hierarchy		n.	階層
ideals		n.	理想
identities		n.	アイデンティティ
installations		n.	施設
invalid		adj.	無効の
jade		n.	ヒスイ
jointly		adv.	共同で
kits		n.	キット
lancaster		n.	ランカスター
lightweight		adj.	軽量の
lowering		v.	下げる
melted		v.	溶ける
metabolism		n.	新陳代謝
neglected		v.	無視する
negotiated		v.	交渉する
negotiating		v.	交渉する
negotiation		n.	交渉
newborn		n.	新生児
newborn		adj.	新生の
newport		n.	ニューポート
nodes		n.	ノード
notch		n.	切り欠き
omega		n.	オメガ
onions		n.	タマネギ
packers		n.	梱包業者
paired		adj.	対になった
parental		adj.	親の
parody		n.	パロディ
parole		n.	仮釈放
participant		n.	参加者
penguin		n.	ペンギン
phantom		n.	幻影
photoshop		n.	Photoshop
pitt		n.	Pitt
precedent		n.	前例
prevalent		adj.	流行している
prom		n.	プロム
promotions		n.	プロモーション
python		n.	ニシキヘビ
qatar		n.	カタール
questionable		adj.	疑わしい
queue		n.	待ち行列
regrets		v.	後悔する
render		v.	もたらす
respondents		n.	回答者
retaining		v.	保持する
romania		n.	ルーマニア
sailor		n.	船員
seventy		num.	七十
shouted		v.	叫ぶ
simmons		n.	Simmons
sims		n.	Sims
slides		n.	スライド
sociology		n.	社会学
somerset		n.	Somerset
specify		v.	指定する
splitting		v.	分割する
stab		v.	刺す
supermarket		n.	スーパー
sweater		n.	セーター
tenant		n.	賃借人
tensions		n.	緊張
thomson		n.	トムソン
tortured		v.	拷問する
traction		n.	牽引
tractor		n.	トラクター
trout		n.	マス
turnover		n.	売上高
uganda		n.	ウガンダ
unwanted		adj.	望まれない
upgrades		n.	アップグレード
variant		n.	変種
vegetarian		n.	ベジタリアン
vernon		n.	Vernon
visibility		n.	視界
warnings		n.	警告
wherein		conj.	その中で
whiskey		n.	ウイスキー
worms		n.	虫
wyoming		n.	ワイオミング
abundant		adj.	豊かな
alexandria		n.	アレクサンドリア
algebra		n.	代数
analytics		n.	分析
antenna		n.	アンテナ
attribute		v.	帰する
attribute		n.	属性
audition		n.	オーディション
bankers		n.	銀行家
biting		adj.	刺すような
branding		n.	ブランディング
bravo		int.	ブラボー
busted		adj.	逮捕された
cardinals		n.	枢機卿
carrie		n.	キャリー
certificates		n.	証明書
charleston		n.	チャールストン
chatting		v.	おしゃべりする
chop		v.	切る
circuits		n.	回路
clifford		n.	クリフォード
cody		n.	コーディ
coleman		n.	コールマン
commanded		v.	命じる
commissioners		n.	委員
communicating		v.	コミュニケーションする
comparative		adj.	比較の
complement		n.	補完
connor		n.	コナー
conquer		v.	征服する
conquest		n.	征服
contested		adj.	争われた
continuity		n.	連続性
cornwall		n.	コーンウォール
cpu		n.	中央処理装置
crawl		v.	這う
credible		adj.	信頼できる
cursed		adj.	呪われた
deepest		adj.	最も深い
defects		n.	欠陥
delightful		adj.	楽しい
depicted		v.	描く
determines		v.	決定する
digit		n.	数字
dinosaur		n.	恐竜
dns		n.	ドメインネームシステム
doomed		adj.	運命づけられた
drainage		n.	排水
drowning		v.	溺れる
equations		n.	方程式
evolving		v.	進化する
exploded		v.	爆発した
fairness		n.	公平
favored		adj.	好まれた
felony		n.	重罪
flats		n.	アパート
flint		n.	火打石
floral		adj.	花の
fortress		n.	要塞
fulfilled		v.	満たす
fundamentally		adv.	根本的に
guts		n.	内臓
hammond		n.	ハモンド
hearted		n.	心
herb		n.	ハーブ
herd		n.	群れ
husbands		n.	夫
ideological		adj.	イデオロギーの
immortal		adj.	不死の
incumbent		adj.	現職の
insider		n.	内部者
insufficient		adj.	不十分な
interval		n.	間隔
jelly		n.	ゼリー
kanye		n.	カニエ
kilometres		n.	キロメートル
lenses		n.	レンズ
lick		v.	舐める
literal		adj.	文字通りの
lunar		adj.	月の
maternal		adj.	母の
matthews		n.	マシューズ
maxwell		n.	マクスウェル
mccain		n.	マケイン
mcdonald		n.	マクドナルド
medicines		n.	薬
memoir		n.	回顧録
miguel		n.	ミゲル
modification		n.	修正
mold		n.	カビ
napoleon		n.	ナポレオン
neighbouring		adj.	隣接した
nigel		n.	ナイジェル
objection		n.	反対
obliged		adj.	感謝して
observers		n.	観察者
occurrence		n.	発生
offspring		n.	子孫
outrageous		adj.	途方もない
packet		n.	小包
pads		n.	パッド
patents		n.	特許
pathway		n.	小道
peach		n.	桃
plots		n.	陰謀
polo		n.	ポロ
presenter		n.	司会
proclaimed		v.	宣言する
prohibition		n.	禁止
prop		n.	小道具
recognizing		v.	認識する
recommends		v.	推薦する
registry		n.	登記所
relieve		v.	和らげる
remarkably		adv.	著しく
repaired		adj.	修理された
rotating		v.	回転する
sanchez		n.	サンチェス
sandwiches		n.	サンドイッチ
satellites		n.	衛星
scar		n.	傷跡
scouts		n.	スカウト
scripture		n.	聖典
seating		n.	座席
seminar		n.	ゼミナール
shores		n.	岸
silva		n.	森林
simplicity		n.	単純
softly		adv.	柔らかく
specimens		n.	標本
starbucks		n.	スターバックス
stereo		n.	ステレオ
supplements		n.	サプリメント
surrey		n.	サリー
sustainability		n.	持続可能性
symphony		n.	交響曲
textbook		n.	教科書
theological		adj.	神学の
trader		n.	商人
undercover		adj.	秘密の
valentine		n.	バレンタイン
vegetation		n.	植生
vein		n.	静脈
velvet		n.	ベルベット
vendors		n.	売り主
viewer		n.	視聴者
webb		n.	ウェッブ
welcoming		v.	迎える
welcoming		adj.	温かい
whales		n.	鯨
wheeler		n.	ウィーラー
worm		n.	虫
accountant		n.	会計士
activate		v.	活性化する
admissions		n.	入学
alison		n.	アリソン
amusing		adj.	面白い
aosp		n.	AOSP
arabs		n.	アラブ人
beams		n.	梁
behold		v.	見る
biased		adj.	偏った
bloggers		n.	ブロガー
brewing		v.	醸造する
brooke		n.	ブルック
bypass		n.	バイパス
calculation		n.	計算
cancellation		n.	取り消し
cane		n.	杖
capturing		v.	捕らえる
catalyst		n.	触媒
cedar		n.	ヒマラヤスギ
celebrates		v.	祝う
claude		n.	クロード
concentrations		n.	濃度
concludes		v.	終える
corpse		n.	死体
crab		v.	愚痴をこぼす
cruelty		n.	残酷
darwin		n.	ダーウィン
dawson		n.	ドーソン
decorations		n.	装飾
dementia		n.	認知症
demonstrating		v.	実証する
designation		n.	指定
dice		n.	サイコロ
diploma		n.	卒業証書
disasters		n.	災害
discharged		v.	解放する
dispatch		v.	派遣する
disputed		adj.	論争のある
dots		n.	点
economists		n.	経済学者
elders		n.	長老
exceeded		v.	超える
explanations		n.	説明
extinction		n.	絶滅
foil		n.	ホイル
formats		n.	形式
freddie		n.	フレディ
gardner		n.	ガードナー
geology		n.	地質学
gerald		n.	ジェラルド
graduating		v.	卒業する
gram		n.	グラム
greene		n.	グリーン
heath		n.	荒野
heavenly		adj.	天の
hormones		n.	ホルモン
hugo		n.	ユゴー
infants		n.	乳児
insect		n.	昆虫
iris		n.	アイリス
iris		n.	虹彩
issuing		v.	発行する
lifts		n.	エレベーター
lifts		v.	持ち上げる
liquidglass		n.	リキッドグラス
locking		v.	施錠する
logging		n.	伐採
maurice		n.	モーリス
medications		n.	薬物
metre		n.	メートル
miracles		n.	奇跡
nascar		n.	ナスカー
neural		adj.	神経の
newsletter		n.	ニュースレター
nineteenth		num.	十九番目
nitrogen		n.	窒素
norms		n.	規範
oceans		n.	海洋
ooh		int.	おお
patricia		n.	パトリシア
paulo		n.	パウロ
payroll		n.	給与支払名簿
philippine		adj.	フィリピンの
photographic		adj.	写真の
pinch		v.	つまむ
pinch		n.	つまみ
ping		n.	ピン
ping		v.	ピングを送る
polished		adj.	磨かれた, 艶出しの
pots		n.	鍋
predictable		adj.	予測できる
privileges		n.	特権
professionally		adv.	プロフェッショナルに
protocols		n.	プロトコル
pushes		v.	押す
queer		adj.	奇妙な
rebounds		n.	リバウンド
rebounds		v.	跳ね返る
reckon		v.	思う
recycling		n.	リサイクル
restriction		n.	制限
resumed		v.	再開した
resurrection		n.	復活
rover		n.	放浪者
scars		n.	傷跡
scholarships		n.	奨学金
shannon		n.	シャノン
shelves		n.	棚
shipment		n.	出荷
slut		n.	あばずれ, 売女
sparks		n.	火花
sparks		v.	火花を出す
spatial		adj.	空間的
stainless		adj.	ステンレスの
statutory		adj.	法定の
stellar		adj.	星の
stockholm		n.	ストックホルム
stripes		n.	縞
stubborn		adj.	頑固な
sussex		n.	サセックス
swords		n.	剣
syrup		n.	シロップ
tackles		v.	取り組む
tackles		n.	タックル
tamil		n.	タミル語
tamil		adj.	タミルの
tapping		v.	軽く叩く
teachings		n.	教え
tightly		adv.	きつく
tina		n.	ティナ
tones		n.	音調
transplant		v.	移植する
traps		n.	罠
turf		n.	芝
unlocked		v.	ロック解除する
unusually		adv.	異常に
unveiled		v.	発表する
username		n.	ユーザー名
vaccines		n.	ワクチン
veins		n.	静脈
ventures		n.	冒険
vip		n.	要人
visions		n.	視覚
volcano		n.	火山
warmer		adj.	より暖かい
webster		n.	ウェブスター
weddings		n.	結婚式
zach		n.	ザック
accelerated		v.	加速する
accomplishments		n.	成果
advertised		v.	宣伝する
advertisements		n.	広告
ark		n.	箱船
armour		n.	鎧
atoms		n.	原子
attach		v.	添付する
awaiting		v.	待つ
bind		v.	縛る
blessings		n.	祝福
bluetooth		n.	ブルートゥース
boiling		adj.	沸騰する
borrowing		v.	借りる
bowls		n.	ボウル
bradford		n.	ブラッドフォード
butcher		n.	肉屋
chandler		n.	チャンドラー
cheapest		adj.	最も安い
chloe		n.	クロエ
compares		v.	比較する
conception		n.	概念
congo		n.	コンゴ
counterparts		n.	対応するもの
cue		n.	手がかり
deed		n.	行為
disciplinary		adj.	懲戒の
dreamed		v.	夢を見る
dwarf		n.	小人
eighty		num.	八十
elena		n.	エレナ
eligibility		n.	資格
embraced		v.	抱擁する
enacted		v.	制定する
endorsement		n.	裏書
enlisted		v.	入隊する
finite		adj.	有限の
flagship		n.	旗艦
forensic		adj.	法医学の
forthcoming		adj.	近づく
gallon		n.	ガロン
gems		n.	宝石
glowing		adj.	輝く
glucose		n.	グルコース
gore		v.	突き殺す
gown		n.	ガウン
greedy		adj.	欲張りな
halo		n.	光輪
hilton		n.	ヒルトン
ideally		adv.	理想的には
identifies		v.	特定する
improves		v.	改善する
infamous		adj.	悪名高い
inspirational		adj.	心を奮い立たせる
internally		adv.	内部的に
kashmir		n.	カシミール
knox		n.	ノックス
lateral		adj.	側面の
leigh		n.	リー
lent		v.	貸した
lib		n.	ライブラリ
lifelong		adj.	生涯の
limestone		n.	石灰岩
liner		n.	定期船
majors		n.	専攻
maths		n.	数学
mentioning		v.	言及
merge		v.	統合
mesh		n.	網
migrant		n.	移住者
mohammed		n.	ムハンマド
monitored		v.	監視
mortar		n.	モルタル
myths		n.	神話
naive		adj.	単純な
nat		n.	ナット
norton		n.	ノートン
noticeable		adj.	顕著な
observing		v.	観察
omar		n.	オマル
opted		v.	選択
palestinians		n.	パレスチナ人
paula		n.	ポーラ
paypal		n.	ペイパル
pedro		n.	ペドロ
pens		n.	ペン
perfume		n.	香水
pitching		v.	投げる
pleasing		adj.	心地よい
premiums		n.	保険料
prestige		n.	威信
protects		v.	保護
pyramid		n.	ピラミッド
relevance		n.	関連性
remotely		adv.	遠隔で
resorts		n.	リゾート
retailer		n.	小売業者
rigid		adj.	硬直な
rita		n.	リタ
sailors		n.	船員
samantha		n.	サマンサ
sampling		n.	サンプリング
screenshot		n.	スクリーンショット
selfie		n.	自撮り
settlers		n.	入植者
shattered		v.	砕く
signatures		n.	署名
spacecraft		n.	宇宙船
specification		n.	仕様
spiders		n.	クモ
splendid		adj.	壮麗な
strokes		n.	脳卒中
successes		n.	成功
summers		n.	夏
sundays		n.	日曜日
supplying		v.	供給
telescope		n.	望遠鏡
temp		n.	臨時雇い
tended		v.	世話をする
terminated		v.	終了する
textile		n.	織物
thickness		n.	厚さ
threatens		v.	脅かす
tossed		v.	投げる
tray		n.	盆
unreasonable		adj.	不合理な
unsure		adj.	確信できない
upwards		adv.	上へ
utilize		v.	利用する
valuation		n.	評価
veterinary		adj.	獣医の
villagers		n.	村人
violate		v.	違反する
vivid		adj.	鮮やかな
aided		v.	援助する
alexis		n.	アレクシス
allocation		n.	配分
americas		n.	アメリカ大陸
amusement		n.	娯楽
antibiotics		n.	抗生物質
anticipation		n.	予期
appropriately		adv.	適切に
arrests		v.	逮捕する
arrogant		adj.	傲慢な
assessing		v.	評価する
authorization		n.	承認
auxiliary		adj.	補助の
baggage		n.	手荷物
beacon		n.	ビーコン
bella		n.	ベラ
belts		n.	ベルト
bitcoin		n.	ビットコイン
bounty		n.	賞金
boxer		n.	ボクサー
briefing		n.	ブリーフィング
brook		n.	小川
btc		n.	ビットコイン
budgets		n.	予算
canterbury		n.	カンタベリー
cartoons		n.	漫画
ceramic		n.	セラミック
cereal		n.	穀物
challenger		n.	挑戦者
chased		v.	追いかける
clergy		n.	聖職者
coats		n.	コート
cola		n.	コーラ
coma		n.	昏睡
comfortably		adv.	快適に
commanders		n.	指揮官
compass		n.	羅針盤
considerations		n.	配慮
consultants		n.	顧問
contempt		n.	軽蔑
contributes		v.	貢献する
credentials		n.	資格
croatia		n.	クロアチア
cured		v.	治す
disappearance		n.	消失
doyle		n.	ドイル
drying		n.	乾燥
dwelling		n.	住居
dwight		n.	ドワイト
ecology		n.	生態学
einstein		n.	アインシュタイン
elliot		n.	エリオット
emergence		n.	出現
enclosed		adj.	enclosed
endurance		n.	持久力
equals		v.	等しい
erotic		adj.	官能的な
evacuation		n.	避難
exceptionally		adv.	例外的に
exchanged		v.	交換する
expenditure		n.	支出
falcon		n.	ハヤブサ
favors		n.	好意
fernando		n.	フェルナンド
folder		n.	フォルダ
frequencies		n.	周波数
gavin		n.	ギャビン
groove		n.	溝
hbo		n.	HBO
hedge		n.	生け垣
hedge		v.	はぐらかす
homosexuality		n.	同性愛
icons		n.	アイコン
ingredient		n.	材料
initiate		v.	開始する
inserted		v.	挿入する
interventions		n.	介入
ironically		adv.	皮肉にも
istanbul		n.	イスタンブール
jacobs		n.	ジェイコブズ
jealousy		n.	嫉妬
jewellery		n.	宝石
joker		n.	道化
jonas		n.	ヨナス
kingston		n.	キングストン
kisses		n.	キス
laden		adj.	積んだ
learns		v.	学ぶ
limbs		n.	手足
lionel		n.	ライオネル
mccarthy		n.	マッカーシー
medicaid		n.	メディケイド
meta		n.	Meta
mil		n.	ミル
mit		n.	MIT
newark		n.	ニューアーク
nod		v.	うなずく
notebook		n.	ノート
objectstorageservice		n.	オブジェクトストレージ
offline		adj.	オフラインの
offs		n.	offs
oss		n.	オープンソース
overweight		adj.	太りすぎの
palette		n.	パレット
payne		n.	ペイン
phenomena		n.	現象
pneumonia		n.	肺炎
policeman		n.	警官
postponed		v.	延期
potent		adj.	強力な
preceding		adj.	前の
predators		n.	捕食者
psycho		n.	サイコ
rainy		adj.	雨の
rams		n.	雄羊
ranged		v.	範囲を含む
recognizes		v.	認識する
renovation		n.	改修
reverend		adj.	聖職者の
rewarding		adj.	やりがいのある
rust		n.	錆
scots		n.	スコットランド人
scrutiny		n.	綿密な調査
seizure		n.	押収
serum		n.	血清
singular		n.	単数
skate		v.	スケートをする
sofia		n.	ソフィア
stray		v.	迷う
stud		n.	スタッド
subsidies		n.	補助金
supper		n.	夕食
sweetheart		n.	恋人
systemic		adj.	全身の
tempo		n.	テンポ
thereof		adv.	その
thirsty		adj.	喉が渇いた
torch		n.	懐中電灯
transferring		v.	移す
turbo		n.	ターボ
unchanged		adj.	変わらない
understandable		adj.	理解できる
upright		adj.	直立した
vain		adj.	無駄な
vanity		n.	虚栄心
violin		n.	ヴァイオリン
whereby		conj.	それによって
whisper		v.	ささやく
worthwhile		adj.	やり甲斐のある
acceleration		n.	加速
aerospace		n.	航空宇宙
ak		n.	AK
aluminium		n.	アルミニウム
analog		adj.	アナログの
analytical		adj.	分析的な
anticipate		v.	予期する
arcade		n.	アーケード
arlington		n.	アーリントン
arose		v.	生じる
asthma		n.	喘息
aurora		n.	オーロラ
averaging		v.	平均する
bacterial		adj.	細菌の
bankrupt		adj.	倒産した
blink		v.	まばたきする
brighter		adj.	より明るい
carey		n.	ケリー
castro		n.	カストロ
ceremonies		n.	式典
chang		n.	チャン
childish		adj.	子供っぽい
chili		n.	チリ
clayton		n.	クレイトン
clearer		adj.	より明確な
coil		n.	コイル
coil		v.	巻く
combines		n.	コンバイン
combines		v.	結合する
commodities		n.	商品
constituents		n.	成分
constituents		n.	有権자
contention		n.	論争
converting		v.	変換する
covenant		n.	契約
crafts		n.	工芸
crafts		v.	丁寧に作る
denies		v.	否定する
devotion		n.	献身
dilemma		n.	ジレンマ
dis		v.	侮辱する
discoveries		n.	発見
disgrace		n.	不名誉
dixon		n.	ディクソン
emirates		n.	アラブ首長国連邦
employing		v.	雇用する
employs		v.	雇用する
ethiopia		n.	エチオピア
ethnicity		n.	民族
eventual		adj.	最終的な
excel		v.	優れる
exercising		v.	運動する
faded		v.	色あせる
firstly		adv.	まず
flavour		n.	味
flavour		v.	味をつける
flex		v.	曲げる
fluids		n.	液体
franco		n.	フランコ
gangs		n.	ギャング
gases		n.	気体
genus		n.	属
gloria		n.	グロリア
glove		n.	手袋
grabs		v.	つかむ
grapes		n.	ぶどう
greed		n.	貪欲
greet		v.	挨拶する
hank		n.	ハンク
hose		n.	ホース
impacted		adj.	影響を受けた
imposing		adj.	荘厳な
inflammation		n.	炎症
innovations		n.	革新
lambert		n.	ランベルト
lamps		n.	ランプ
lava		n.	溶岩
madonna		n.	マドンナ
magnet		n.	磁石
mann		n.	マン
metaphor		n.	メタファー
millionaire		n.	百万長者
motives		n.	動機
myers		n.	マイヤーズ
mysteries		n.	謎
negro		adj.	黒人の
notify		v.	通知する
null		adj.	ヌル
ole		int.	オレ！
oops		int.	おっと
oriental		adj.	東洋の
owing		adj.	未払いの
pact		n.	協定
paramount		adj.	最高の
paranoid		adj.	偏執的な
patriot		n.	愛国者
patron		n.	後援者
pearson		n.	ピアソン
popcorn		n.	ポップコーン
positioning		n.	ポジショニング
preserving		v.	保存する
proxy		n.	代理
quantitative		adj.	定量的
regain		v.	取り戻す
reminding		v.	思い出させる
renew		v.	更新する
resemble		v.	似ている
retro		adj.	レトロの
revolt		n.	反乱
rightly		adv.	正しく
roasted		adj.	焼いた
rumor		n.	噂
saddle		n.	鞍
schmidt		n.	シュミット
schooling		n.	学校教育
sherlock		n.	シャーロック
shirley		n.	シャーリー
shrine		n.	聖地
shrink		v.	縮む
sniper		n.	狙撃兵
solitary		adj.	孤独の
sorrow		n.	悲しみ
squares		n.	正方形
starters		n.	スターター
stoke		v.	火にくべる
sutton		n.	サットン
taller		adj.	より高い
termination		n.	終了
thames		n.	テムズ川
thigh		n.	太もも
thrive		v.	繁栄する
troll		n.	トロール
uncovered		adj.	覆いのない
undertake		v.	引き受ける
unpaid		adj.	未払いの
unsuccessful		adj.	失敗した
vest		n.	ベスト
vine		n.	蔓
violating		v.	違反する
viruses		n.	ウイルス
warns		v.	警告する
warranty		n.	保証
windsor		n.	ウィンザー
yen		n.	円
zimbabwe		n.	ジンバブエ
airways		n.	航空会社
aisle		n.	通路
almighty		adj.	全能の
amino		adj.	アミノの
ants		n.	アリ
apparel		n.	衣服
arbitration		n.	仲裁
arising		v.	生じる
artifacts		n.	人工物
ashton		n.	アシュトン
atom		n.	原子
auburn		adj.	赤褐色の
awakening		n.	覚醒
bedrooms		n.	寝室
bilateral		adj.	双務的な
bleed		v.	出血する
brace		n.	支柱
burgers		n.	ハンバーガー
caption		n.	キャプション
captures		v.	捕らえる
choke		v.	窒息させる
cholesterol		n.	コレステロール
classy		adj.	上品な
clicks		n.	クリック
clyde		n.	クライド
compelled		v.	強いる
concealed		v.	隠す
condemn		v.	非難する
confrontation		n.	対決
constitutes		v.	構成する
contributor		n.	貢献者
damon		n.	デイモン
deluxe		adj.	デラックスの
dinosaurs		n.	恐竜
disguise		n.	変装
dismissal		n.	解雇
domains		n.	領域
downstairs		adv.	階下に
ensemble		n.	アンサンブル
ernest		n.	アーネスト
feasible		adj.	実行可能な
flawed		adj.	欠陥のある
forged		v.	偽造する
generals		n.	将軍
genres		n.	ジャンル
goats		n.	ヤギ
grease		n.	グリース
greeks		n.	ギリシャ人
haiti		n.	ハイチ
harley		n.	ハーレー
heavens		n.	空
helicopters		n.	ヘリコプター
homosexual		adj.	同性愛の
hydraulic		adj.	油圧の
impulse		n.	衝動
incapable		adj.	無能な
indies		n.	インディーズ
inflammatory		adj.	扇動的な
insanity		n.	狂気
institutes		n.	研究所
integrate		v.	統合する
intentional		adj.	意図的な
jeep		n.	ジープ
knot		n.	結び目
knot		n.	ノット
laboratories		n.	実験室
landscapes		n.	風景
lebanese		adj.	レバノンの
lecturer		n.	講師
lust		n.	欲情
marilyn		n.	マリリン
markers		n.	マーカー
mayo		n.	マヨネーズ
michel		n.	ミシェル
microphone		n.	マイク
miniature		n.	縮図
monks		n.	僧侶
motto		n.	モットー
nationality		n.	国籍
natives		n.	先住民
nottingham		n.	ノッティンガム
obstacle		n.	障害
occupational		adj.	職業の
onset		n.	始まり
perceive		v.	知覚する
persecution		n.	迫害
petrol		n.	ガソリン
philosopher		n.	哲学者
photographed		v.	撮影する
pits		n.	穴
pixel		n.	ピクセル
plantation		n.	プランテーション
presently		adv.	現在
props		n.	小道具
prose		n.	散文
prostitution		n.	売春
pvp		n.	プレイヤー対戦
quoting		v.	引用する
radioactive		adj.	放射能の
rang		v.	鳴る
razor		n.	カミソリ
realization		n.	実現
realization		n.	悟り
reconciliation		n.	和解
removes		v.	取り除く
restoring		v.	復元する
rocking		v.	揺らす
royals		n.	王室
rug		n.	敷物
salvador		n.	エルサルバドル
scanning		v.	スキャンする
screamed		v.	叫ぶ
sdk		n.	ソフトウェア開発キット
shaping		v.	形作る
slogan		n.	スローガン
specimen		n.	標本
sponsorship		n.	スポンサー契約
steals		v.	盗む
steer		v.	操縦する
stefan		n.	シュテファン
strains		n.	株
strawberry		n.	イチゴ
strive		v.	努める
sunglasses		n.	サングラス
surfing		n.	サーフィン
tate		n.	テート
temptation		n.	誘惑
thrill		n.	スリル
tile		n.	タイル
tonnes		n.	トン
tow		v.	牽引する
trainers		n.	スニーカー
translations		n.	翻訳
turtles		n.	ウミガメ
unarmed		adj.	非武装の
undertaking		n.	事業
unfinished		adj.	未完成の
unlawful		adj.	違法
vanessa		n.	ヴァネッサ
vanished		v.	消える
verb		n.	動詞
volatile		adj.	揮発性の
voluntarily		adv.	自発的に
whitney		n.	ホイットニー
abnormal		adj.	異常な
accredited		adj.	公認の
accuse		v.	告発する
ada		n.	エイダ
adjusting		v.	調整する
ample		adj.	豊富な
analogy		n.	類推
analyzing		v.	分析する
apex		n.	頂点
apocalypse		n.	終末
appliances		n.	家電
backward		adv.	後方へ
barred		adj.	禁止された
beck		n.	ベック
bingo		int.	ビンゴ
blogging		n.	ブログ執筆
boiler		n.	ボイラー
boulder		n.	丸石
brock		n.	ブロック
calf		n.	子牛
cambodia		n.	カンボジア
clarence		n.	クラレンス
coating		n.	塗料
consolidation		n.	統合
continuation		n.	継続
convictions		n.	信念
cork		n.	コルク
cosmetic		adj.	化粧用の
cubic		adj.	立方の
cyprus		n.	キプロス
declares		v.	宣言する
defenses		n.	防御
dept		n.	部門
deputies		n.	代表
descendants		n.	子孫
detector		n.	検出器
digest		v.	消化する
digest		n.	摘要
diplomacy		n.	外交
directive		n.	指令
disadvantage		n.	不利
disruption		n.	混乱
distract		v.	気を散らす
downward		adv.	下向き
ebook		n.	電子書籍
emphasized		v.	強調する
energetic		adj.	元気な
engineered		v.	設計する
fest		n.	祭り
fills		v.	満たす
friction		n.	摩擦
fulfilling		adj.	やりがいのある
funk		n.	恐怖
grilled		adj.	グリルの
guiding		v.	導く
hackers		n.	ハッカー
hazardous		adj.	危険な
hk		n.	香港
hongkong		n.	香港
hooker		n.	娼婦
hourly		adv.	1時間ごと
illustrate		v.	説明する
impressions		n.	印象
indirectly		adv.	間接的に
induction		n.	帰納
infrared		adj.	赤外の
insists		v.	主張する
instability		n.	不安定
installing		v.	インストールする
invites		v.	招待する
irene		n.	アイリーン
irving		n.	アーヴィング
jacques		n.	ジャック
klein		n.	クライン
limitation		n.	制限
linguistic		adj.	言語の
listeners		n.	聴衆
litter		n.	ごみ
lump		n.	塊
macro		adj.	マクロの
mag		n.	雑誌
magistrate		n.	判事
marginal		adj.	限界の
masculine		adj.	男性の
milestone		n.	画期的な出来事
mug		n.	マグカップ
municipality		n.	自治体
mushrooms		n.	キノコ
neurons		n.	ニューロン
ninety		num.	九十
nutrients		n.	栄養素
observatory		n.	天文台
openings		n.	開口
outdoors		adv.	屋外で
pedestrian		n.	歩行者
penetration		n.	浸透
pod		n.	莢
posing		v.	ポーズを取る
predator		n.	捕食者
preferably		adv.	できれば
programmed		v.	プログラムする
projections		n.	予測
prophecy		n.	予言
proudly		adv.	誇らしげに
rebuilding		v.	再建する
recorder		n.	レコーダー
recurring		adj.	繰り返しの
relaxation		n.	リラックス
resembles		v.	似ている
respectable		adj.	立派한
respectful		adj.	礼儀正しい
richer		adj.	より豊かな
rodriguez		n.	ロドリゲス
roma		n.	ローマ
romeo		n.	ロミオ
routinely		adv.	定期的に
rubbing		v.	こする
sailed		v.	航海する
salute		v.	敬礼する
scripts		n.	スクリプト
serbia		n.	セルビア
severity		n.	深刻さ
shady		adj.	日陰の
sketches		n.	スケッチ
slack		adj.	緩んだ
sleeps		v.	眠る
slick		adj.	滑りやすい
slowed		v.	遅くなる
slowing		v.	遅くなること
spontaneous		adj.	自発的な
starred		v.	主演する
sticker		n.	シール
stove		n.	コンロ
submissions		n.	提出
tactic		n.	戦術
template		n.	テンプレート
teresa		n.	テレサ
theorem		n.	定理
theresa		n.	テレサ
tiles		n.	タイル
tract		n.	土地
treaties		n.	条約
tribune		n.	論壇
undergoing		v.	受ける
upward		adv.	上方へ
vista		n.	景色
vogue		n.	流行
volcanic		adj.	火山の
wagner		n.	ワーグナー
winding		n.	巻き付け
winding		adj.	曲がりくねった
acclaimed		adj.	高く評価された
accumulated		v.	蓄積する
adore		v.	敬愛する
akin		adj.	類似の
alphabet		n.	アルファベット
announcements		n.	発表
appoint		v.	任命する
apprentice		n.	弟子
auckland		n.	オークランド
bananas		n.	バナナ
baseline		n.	基準
beasts		n.	獣
benedict		n.	ベネディクト
beware		v.	注意する
bikini		n.	ビキニ
bisexual		adj.	両性愛の
bisexual		n.	両性愛者
boulevard		n.	大通り
bracelet		n.	ブレスレット
capsule		n.	カプセル
captive		n.	捕虜
captive		adj.	捕虜の
carr		n.	カー
christie		n.	クリスティ
chronicle		n.	年代記
cinnamon		n.	シナモン
comprehend		v.	理解する
compulsory		adj.	義務的な
confederate		n.	同盟者
contaminated		adj.	汚染された
contamination		n.	汚染
contests		n.	コンテスト
coping		v.	対処する
corey		n.	コーリー
counterpart		n.	対応するもの
creed		n.	信条
crisp		adj.	パリパリの
crust		n.	皮
cutter		n.	カッター
daring		adj.	大胆な
delegate		n.	代表
delegate		v.	委任する
deploy		v.	展開する
dietary		adj.	食事の
dissertation		n.	論文
dividends		n.	配当
domination		n.	支配
downloading		v.	ダウンロードする
emission		n.	排出
ethan		n.	イーサン
evaluating		v.	評価する
fin		n.	ひれ
fined		v.	罰金を科す
flora		n.	植物相
folding		adj.	折りたたみの
fracture		n.	骨折
fracture		v.	砕く
frances		n.	フランシス
functionality		n.	機能
gamma		n.	ガンマ
gays		n.	ゲイ
gaze		v.	見つめる
gaze		n.	凝視
genome		n.	ゲノム
grains		n.	穀物
grape		n.	ぶどう
gravel		n.	砂利
haired		adj.	髪のある
hangs		v.	吊るす
hastings		n.	ヘイスティング스
highland		n.	高地
histories		n.	歴史
hugs		v.	抱きしめる
hugs		n.	ハグ
hustle		v.	急いで動く
hyde		n.	ハイド
idle		adj.	遊んでいる
indictment		n.	起訴状
irregular		adj.	不規則な
juicy		adj.	ジューシーな
jumper		n.	セーター
limb		n.	手足
mack		n.	マック
mammals		n.	哺乳類
manually		adv.	手動で
meaningless		adj.	無意味な
millennium		n.	ミレニアム
modelling		v.	モデル化
modules		n.	モジュール
moody		adj.	気難しい
needles		n.	針
noodles		n.	麺
offender		n.	違反者
oracle		n.	神託
overlap		v.	重なる
overlap		n.	重複
patrons		n.	常連客
peek		v.	覗く
peek		n.	覗き見
pentagon		n.	ペンタゴン
peters		n.	ピーターズ
petersburg		n.	ピーターズバーグ
porsche		n.	ポルシェ
pos		n.	販売時点
pottery		n.	陶器
prairie		n.	プレーリー
prank		n.	いたずら
premature		adj.	早すぎる
psychiatrist		n.	精神科医
quad		n.	クアッド
quartz		n.	石英
residency		n.	居住
resolutions		n.	決議
resolutions		n.	解像度
responsive		adj.	反応の良い
richest		adj.	最も豊かな
roar		v.	咆哮する
ronnie		n.	ロニー
rot		v.	腐る
rulers		n.	支配者
rulers		n.	定規
salem		n.	セイラム
santos		n.	サントス
seahawks		n.	シーホークス
sidney		n.	Sidney
sleeves		n.	袖
songwriter		n.	ソングライター
sophia		n.	ソフィア
spear		n.	槍
spies		n.	スパイ
ssh		n.	SSH
stain		n.	しみ
stella		n.	ステラ
stimulation		n.	刺激
stranded		adj.	立ち往生の
stretches		v.	伸ばす
stylish		adj.	スタイリッシュな
subs		n.	潜水艦
sur		prep.	sur
technician		n.	技術者
temples		n.	こめかみ
tidal		adj.	潮の
transcript		n.	写本
treasures		n.	宝物
trench		n.	溝
trousers		n.	ズボン
unwilling		adj.	いやがる
uruguay		n.	ウルグアイ
utc		n.	UTC
validity		n.	有効性
variants		n.	変種
varsity		n.	大学代表チーム
verification		n.	検証
vows		n.	誓い
vpn		n.	VPN
vulnerability		n.	脆弱性
wesley		n.	ウェズリー
whichever		pron.	どれでも
whipped		v.	叩く
wrath		n.	怒り
yuan		n.	元
zen		n.	禅
abuses		n.	乱用
accomplishment		n.	達成
acquisitions		n.	買収
aide		n.	補佐官
allegiance		n.	忠誠
apt		adj.	適切な
attracting		v.	引き付ける
avatar		n.	アバター
bali		n.	バリ島
bangalore		n.	バンガロール
bans		v.	禁止する
beads		n.	ビーズ
beverage		n.	飲み物
blaze		n.	炎
brendan		n.	ブレンダン
brent		n.	ブレント
broadband		n.	ブロードバンド
bumper		n.	バンパー
butterflies		n.	蝶
carlo		n.	カルロ
caves		n.	洞窟
chalk		n.	チョーク
coaster		n.	コースター
coated		adj.	コーティングされた
constituency		n.	選挙区
contingent		n.	派遣団
cornell		n.	コーネル大学
corrections		n.	修正
costing		n.	原価計算
councillor		n.	議員
daniels		n.	ダニエルズ
deprived		adj.	欠かされた
disciplines		n.	学問分野
dos		n.	DOS
drained		adj.	疲れ果てた
emphasize		v.	強調する
entirety		n.	全体
everytime		adv.	いつも
exodus		n.	大移動
feather		n.	羽
federalbureauofinvestigation		n.	連邦捜査局
financed		v.	資金を供給する
firearm		n.	銃
fisheries		n.	漁業
flock		n.	群れ
flyers		n.	チラシ
forestry		n.	林業
ghetto		n.	ゲットー
googlecalendar		n.	Googleカレンダー
grim		adj.	厳しい
helpless		adj.	無力な
hemisphere		n.	半球
hides		n.	皮革
housed		v.	収容する
hyper		adj.	ハイな
inconvenience		n.	不便
incorporating		v.	組み込む
injected		v.	注射した
insured		adj.	保険に入った
intends		v.	意図する
intervals		n.	間隔
intriguing		adj.	興味をそそる
invasive		adj.	侵襲的な
irrigation		n.	灌漑
it'd		pron.	〜だろう
j-scope		n.	Jスコープ
lastly		adv.	最後に
liberties		n.	自由
lipstick		n.	口紅
macdonald		n.	マクドナルド
manipulate		v.	操作する
mart		n.	マート
martinez		n.	マルティネス
meyer		n.	マイヤー
midlands		n.	ミッドランズ
midway		adv.	中途で
minors		n.	未成年者
moist		adj.	湿った
monarch		n.	君主
monte		n.	モンテ
monuments		n.	記念碑
mortgages		n.	抵当
mourning		n.	喪
mu		n.	畝
mustard		n.	からし
negatively		adv.	消極的に
neighbour		n.	隣人
netflix		n.	ネットフリックス
nissan		n.	日産
norwich		n.	ノリッジ
objections		n.	異議
patterson		n.	パターソン
plaque		n.	額
plymouth		n.	プリマス
poetic		adj.	詩的な
preach		v.	説教する
preaching		v.	説教する
princes		n.	王子
proposing		v.	提案する
punjab		n.	パンジャーブ
purity		n.	純粋
rabbi		n.	ラビ
ramsey		n.	ラムジー
realism		n.	リアリズム
receipts		n.	領収書
retrieve		v.	取得する
rhodes		n.	ロードス島
scheduling		v.	日程を組む
scoop		n.	スクープ
scotch		n.	スコッチ
scrub		v.	こする
separating		v.	分ける
sewing		n.	裁縫
shin		n.	すね
simplified		adj.	簡略化された
solicitor		n.	弁護士
sophomore		n.	大学2年生
spreads		v.	広がる
squadron		n.	飛行隊
squirrel		n.	リス
srilanka		n.	スリランカ
stickers		n.	シール
stigma		n.	スティグマ
strengthened		v.	強化する
taco		n.	タコス
takeover		n.	買収
taliban		n.	タリバン
tapped		v.	叩く
thor		n.	トール
thumbs		n.	親指
titan		n.	タイタン
trait		n.	特徴
traitor		n.	裏切り者
troop		n.	部隊
truths		n.	真実
underestimate		v.	過小評価する
updating		v.	更新する
urges		v.	促す
vlan		n.	VLAN
wallpaper		n.	壁紙
watt		n.	ワット
weighs		v.	量る
willis		n.	ウィリス
willow		n.	柳
addict		n.	中毒者
ale		n.	エール
archaeological		adj.	考古学の
assistants		n.	アシスタント
bathing		n.	入浴
bending		v.	曲げる
bengal		n.	ベンガル
boiled		adj.	茹でた
bonding		n.	結合
bounds		n.	境界
breeds		v.	繁殖する
byron		n.	バイロン
cardiovascular		adj.	心血管の
chic		adj.	シックな
clone		n.	クローン
clusters		n.	集まり
communal		adj.	共有の
compliments		n.	賛辞
consortium		n.	コンソーシアム
controllers		n.	コントローラー
copying		v.	コピーする
countdown		n.	カウントダウン
courier		n.	配達員
danced		v.	踊る
decreasing		v.	減る
defect		n.	欠陥
disastrous		adj.	悲惨な
displaying		v.	表示する
drown		v.	溺れる
drummer		n.	ドラマー
durable		adj.	耐久性の
efficacy		n.	有効性
erin		n.	エリン
exclusion		n.	排除
exhibitions		n.	展示会
exploited		v.	搾取する
extracted		v.	抽出する
faults		n.	過ち
filipino		n.	フィリピン人
flashing		v.	点滅する
freelance		n.	フリーランス
gerard		n.	ジェラール
gin		n.	ジン
granting		v.	与える
greeting		n.	挨拶
hawaiian		n.	ハワイ人
headaches		n.	頭痛
honeymoon		n.	ハネムーン
ignition		n.	点火
impaired		adj.	障害された
incomes		n.	収入
investigative		adj.	調査の
jewel		n.	宝石
jupiter		n.	木星
leonardo		n.	レオナルド
manifest		n.	積荷目録
manifest		v.	現れる
manifest		adj.	明らかな
marx		n.	マルク스
mutually		adv.	相互に
nas		n.	NAS
navigate		v.	ナビゲートする
obese		adj.	肥満の
outreach		n.	アウトリーチ
outreach		v.	〜を超える
overlooking		v.	見下ろす
pandemic		adj.	パンデミックの
pandemic		n.	パンデミック
passages		n.	通路
passages		n.	一節
perceptions		n.	知覚
perimeter		n.	周囲長
pike		n.	パイク
piper		n.	パイパー
preacher		n.	説教者
preceded		v.	先行する
procurement		n.	調達
protector		n.	保護者
publicbeta		n.	パブリックベータ
pulp		n.	果肉
pulp		n.	パルプ
rabbits		n.	ウサギ
recruits		n.	新兵
recruits		v.	募集する
reel		n.	リール
reel		v.	巻き取る
rehearsal		n.	リハーサル
reinforce		v.	強化する
restart		v.	再起動する
revive		v.	蘇らせる
rigorous		adj.	厳格な
ringing		v.	鳴り響く
ringing		n.	耳鳴り
rna		n.	RNA
scarf		n.	スカーフ
scenery		n.	風景
selections		n.	選択
sensory		adj.	感覚の
shelters		n.	避難所
sidewalk		n.	歩道
skeptical		adj.	懐疑的な
skype		n.	Skype
sleepy		adj.	眠い
smoothly		adv.	順調に
speeding		v.	スピード違反
staple		n.	ホッチキスの針
staple		adj.	主要の
steelers		n.	スティーラーズ
stirring		v.	かき混ぜること
stirring		adj.	心を揺さぶる
strand		n.	より糸
strand		n.	海辺
suppression		n.	弾圧
sushi		n.	寿司
suspend		v.	停止する
swelling		n.	腫れ
tails		n.	しっぽ
terminology		n.	用語
theatrical		adj.	演劇の
timer		n.	タイマー
travellers		n.	旅行者
trustee		n.	受託者
turnout		n.	投票率
tying		v.	結ぶ
tying		n.	引き分け
unanimous		adj.	満場一致の
unpredictable		adj.	予測できない
urging		v.	促す
validation		n.	検証
vengeance		n.	復讐
verizon		n.	ベライゾン
visually		adv.	視覚的に
waits		v.	待つ
weighted		adj.	加重した
activism		n.	活動主義
advent		n.	出現
airborne		adj.	空中の
alas		int.	ああ
bakery		n.	パン屋
bathrooms		n.	浴室
baths		n.	入浴
believer		n.	信者
benefited		v.	利益を得る
blankets		n.	毛布
borne		v.	耐える
brokers		n.	仲介業者
bunker		n.	掩体
caffeine		n.	カフェイン
capped		v.	蓋をする
carlton		n.	カールトン
chaotic		adj.	混沌とした
chargers		n.	充電器
cite		v.	引用する
classrooms		n.	教室
commercially		adv.	商業的に
confirming		v.	確認する
confuse		v.	混乱させる
contributors		n.	寄稿者
copenhagen		n.	コペンハーゲン
cosmetics		n.	化粧品
coward		n.	臆病者
dell		n.	デル
dent		n.	へこみ
depart		v.	出発する
diminished		adj.	減少した
disappoint		v.	失望させる
dolphin		n.	イルカ
dove		n.	鳩
dove		v.	飛び込む
dumping		v.	投棄
dunn		n.	ダン
dusty		adj.	ほこりっぽい
enduring		adj.	永続する
enlightenment		n.	啓蒙
fibre		n.	繊維
finnish		adj.	フィンランドの
fixture		n.	備品
fixture		n.	試合
focal		adj.	焦点の
fucker		n.	クソ野郎
gala		n.	祝祭
gardening		n.	園芸
garrett		n.	ギャレット
garrison		n.	守備隊
gdp		n.	国内総生産
gears		n.	歯車
generates		v.	生成する
gladly		adv.	喜んで
goodwill		n.	善意
goodwill		n.	のれん
govern		v.	統治する
gradual		adj.	徐々の
greetings		int.	挨拶
groceries		n.	食料品
hacker		n.	ハッカー
harness		n.	馬具
harness		v.	利用する
hashtag		n.	ハッシュタグ
heartbeat		n.	心拍
highlighting		v.	強調表示する
holt		n.	ホルト
honourable		adj.	立派な
illnesses		n.	病気
imminent		adj.	差し迫った
inaugural		adj.	就任の
insulation		n.	断熱
intern		n.	実習生
jakarta		n.	ジャカルタ
johannesburg		n.	ヨハネスブルグ
judith		n.	ジュディス
kathy		n.	キャシー
lag		v.	遅れる
lays		v.	置く
lenders		n.	貸し手
locality		n.	場所
lure		v.	誘惑する
lure		n.	ルアー
malicious		adj.	悪意のある
mattress		n.	マットレス
meredith		n.	メリディス
merged		v.	統合する
merits		n.	利点
mist		n.	霧
mole		n.	もぐら
mole		n.	ほくろ
molecule		n.	分子
mormon		n.	モルモン教徒
muscular		adj.	筋肉の
nikki		n.	ニッキ
noisy		adj.	うるさい
orgasm		n.	オーガズム
otto		n.	オットー
panties		n.	パンツ
parcel		n.	小包
parcel		n.	区画
partition		n.	分割
peculiar		adj.	奇妙な
penguins		n.	ペンギン
prefers		v.	好む
proposes		v.	提案する
proprietary		adj.	独占の
prostate		n.	前立腺
puppies		n.	子犬
rafael		n.	ラファエル
randall		n.	ランドール
rant		v.	わめく
rant		n.	わめき
rash		n.	発疹
realities		n.	現実
recalls		v.	思い出す
recalls		n.	リコール
receivers		n.	レシーバー
referenced		v.	参照する
reflections		n.	反射
reflections		n.	省察
rejects		v.	拒絶する
replica		n.	レプリカ
representations		n.	表現
representations		n.	申述
reside		v.	居住する
richie		n.	リッチー
ripe		adj.	熟した
rituals		n.	儀式
riverside		n.	川辺
roberto		n.	ロベルト
rodney		n.	ロドニー
sac		n.	袋
sane		adj.	正気の
savior		n.	救い主
scenic		adj.	風景の
sip		v.	ひと口飲む
snail		n.	カタツムリ
somalia		n.	ソマリア
spun		v.	紡ぐ
statistically		adv.	統計的に
stimulate		v.	刺激する
surveyed		v.	調査する
susceptible		adj.	影響されやすい
theodore		n.	セオドア
thighs		n.	太もも
toby		n.	トビー
toilets		n.	トイレ
torres		n.	トレス
translates		v.	翻訳する
translator		n.	翻訳者
transmit		v.	伝送する
tuning		n.	チューニング
tutor		n.	家庭教師
unsafe		adj.	危険な
verge		n.	縁
vibrant		adj.	活気ある
wander		v.	歩き回る
yeast		n.	酵母
abdul		n.	アブドゥル
absorption		n.	吸収
accelerate		v.	加速する
acne		n.	にきび
advertise		v.	宣伝する
apologise		v.	謝る
aspirations		n.	大望
assign		v.	割り当てる
aston		n.	アストン
audi		n.	アウディ
balloons		n.	風船
believers		n.	信者
bonnie		n.	ボニー
brewery		n.	醸造所
bulb		n.	電球
cardboard		n.	段ボール
chartered		adj.	特許の
chew		v.	噛む
circumstance		n.	状況
cliffs		n.	崖
collateral		n.	担保
collateral		adj.	付随的な
congestion		n.	渋滞
courtney		n.	Courtney
creditors		n.	債権者
crossover		n.	交差
crunch		v.	噛み砕く
crunch		n.	危機
curtains		n.	カーテン
curtains		n.	終わり
daytime		n.	日中
debbie		n.	Debbie
deliveries		n.	配達
demise		n.	死亡
dependence		n.	依存
dictator		n.	独裁者
diets		n.	食事
differs		v.	異なる
digits		n.	数字
dime		n.	10セント硬貨
dire		adj.	切迫した
disagreement		n.	意見の相違
disciples		n.	弟子
disregard		v.	無視する
disregard		n.	無視
distributor		n.	販売店
dominion		n.	支配
downhill		adv.	下り坂で
downhill		n.	下り坂
drafting		n.	起案
dreadful		adj.	恐ろしい
drunken		adj.	酔った
earnest		adj.	真剣な
erase		v.	消す
extinct		adj.	絶滅した
fine-tuning		n.	微調整
forbid		v.	禁じる
freezer		n.	冷凍庫
genetically		adv.	遺伝的に
greeted		v.	迎える
hare		n.	野ウサギ
herein		adv.	これまでに
hoffman		n.	Hoffman
honorary		adj.	名誉の
imperative		adj.	不可欠な
imperative		n.	命令
ineffective		adj.	効果のない
interacting		v.	交流する
jess		n.	Jess
julius		n.	Julius
knit		v.	編む
kuwait		n.	クウェート
laps		n.	周回
lester		n.	Lester
marvin		n.	Marvin
maternity		n.	母性
meanings		n.	意味
misconduct		n.	不正行為
morale		n.	士気
mornings		n.	朝
mute		adj.	無音の
needless		adj.	不要な
nerd		n.	オタク
nokia		n.	ノキア
nominees		n.	ノミニー
notifications		n.	通知
novelty		n.	新奇
optimism		n.	楽観主義
optimization		n.	最適化
outdated		adj.	時代遅れの
oxide		n.	酸化物
paints		v.	絵を描く
peppers		n.	胡椒
perez		n.	ペレス
peripheral		n.	周辺機器
pinned		v.	固定する
pint		n.	パイント
poop		n.	うんち
pornography		n.	ポルノ
prepares		v.	準備する
prevalence		n.	流行
proceeding		v.	進行する
pronounce		v.	発音する
proportions		n.	割合
provisional		adj.	暫定の
ravens		n.	ワタリガラス
remark		n.	発言
remark		v.	コメントする
repay		v.	返済する
roland		n.	ローランド
ropes		n.	ロープ
rouge		n.	ルージュ
santiago		n.	サンティアゴ
saturated		adj.	飽和した
screened		v.	選別する
shaved		v.	剃る
shove		v.	押す
skipped		v.	スキップする
smashing		adj.	素晴らしい
sms		n.	ショートメール
softball		n.	ソフトボール
southeastern		adj.	南東の
spears		n.	槍
specials		n.	特売品
spur		n.	刺激
stevie		n.	スティービー
storytelling		n.	語り
suppress		v.	抑圧する
swings		n.	ブランコ
tangible		adj.	有形の
textbooks		n.	教科書
tilt		v.	傾ける
tougher		adj.	より丈夫な
trivial		adj.	些細な
turks		n.	トルコ人
unofficial		adj.	非公式の
veil		n.	ベール
veil		v.	覆う
versatile		adj.	多用途の
warsaw		n.	ワルシャワ
zoe		n.	ゾーイ
alec		n.	アレック
anthropology		n.	人類学
artery		n.	動脈
artery		n.	幹線
bamboo		n.	竹
basil		n.	バジル
blackberry		n.	ブラックベリー
bolton		n.	ボルトン
bombay		n.	ボンベイ
brennan		n.	ブレナン
bronx		n.	ブロンクス
caliber		n.	口径
caliber		n.	資質
cellphone		n.	携帯電話
chord		n.	和音
clare		n.	クレア
concessions		n.	譲歩
concessions		n.	フランチャイズ
contracting		v.	契約する
cooks		v.	料理する
courtyard		n.	中庭
crafted		v.	作る
crest		n.	頂上
crest		n.	紋章
cynthia		n.	シンシア
deception		n.	欺くこと
decor		n.	装飾
derivative		n.	派生物
derivative		adj.	模倣の
discomfort		n.	不快感
dominican		adj.	ドミニカの
driveway		n.	私道
duel		n.	決闘
edwin		n.	エドウィン
elf		n.	妖精
evenly		adv.	均等に
exemption		n.	免除
fashionable		adj.	流行の
fetch		v.	取ってくる
fishermen		n.	漁師
formidable		adj.	強大な
frankie		n.	フランキー
furnished		adj.	家具付きの
fuzzy		adj.	毛羽立った
fuzzy		adj.	ぼやけた
gibbs		n.	ギブス
gmt		n.	グリニッジ標準時
gothic		adj.	ゴシックの
graffiti		n.	落書き
grenade		n.	手榴弾
guitars		n.	ギター
hague		n.	ハーグ
hamlet		n.	小村
hamlet		n.	ハムレット
hampton		n.	ハンプトン
helm		n.	操舵装置
helm		n.	指導的地位
herbs		n.	ハーブ
herman		n.	ハーマン
higgins		n.	ヒギンズ
highlands		n.	高地
honours		n.	名誉
hooks		n.	フック
hypocrisy		n.	偽善
inaccurate		adj.	不正確な
inception		n.	開始
intervene		v.	介入
jerseys		n.	ジャージ
jessie		n.	ジェシー
jules		n.	ジュール
katy		n.	ケイティ
kin		n.	親族
kirby		n.	カービィ
kobe		n.	神戸
kris		n.	クリス
laurie		n.	ローリー
legislators		n.	立法者
lobster		n.	ロブスター
logged		v.	記録する
loops		n.	ループ
malaria		n.	マラリア
manifesto		n.	宣言
manuscripts		n.	原稿
maze		n.	迷路
methodist		n.	メソジスト
monaco		n.	モナコ
monastery		n.	修道院
mutations		n.	変異
naomi		n.	ナオミ
negligence		n.	過失
nexus		n.	連結
nightclub		n.	ナイトクラブ
numerical		adj.	数値の
obsolete		adj.	時代遅れの
offences		n.	犯罪
optic		adj.	視覚の
panda		n.	パンダ
panther		n.	ヒョウ
peas		n.	豆
perkins		n.	パーキンス
posture		n.	姿勢
prague		n.	プラハ
raging		adj.	猛烈な
receptors		n.	受容体
refresh		v.	更新する
resonance		n.	共鳴
ruthless		adj.	無慈悲な
salvage		v.	救出する
samurai		n.	侍
satire		n.	風刺
saul		n.	サウル
seafood		n.	シーフード
shakes		v.	揺らす
signaling		v.	合図する
simplest		adj.	最も単純な
slash		v.	斜線を入れる
slash		n.	スラッシュ
spaghetti		n.	スパゲッティ
speedy		adj.	速い
spying		v.	スパイ行為
staging		n.	段階
standpoint		n.	立場
statues		n.	像
stein		n.	ビールジョッキ
sway		v.	揺れる
tasting		n.	テイスティング
tempting		adj.	魅力的
terminate		v.	終了する
torque		n.	トルク
towels		n.	タオル
trailers		n.	トレーラー
transforming		v.	変える
trinidad		n.	トリニダード
undermine		v.	弱体化する
vacancy		n.	空き
veto		n.	拒否権
vocational		adj.	職業の
withstand		v.	耐える
woodland		n.	林
zinc		n.	亜鉛
accustomed		adj.	慣れた
adequately		adv.	十分に
ahmad		n.	アフマド
alicia		n.	アリシア
amazingly		adv.	驚くほど
applicant		n.	応募者
approximate		adj.	おおよその
assemble		v.	組み立てる
averages		n.	平均
baghdad		n.	バグダッド
ballots		n.	投票用紙
bam		int.	バン
bargaining		n.	交渉
barrett		n.	バレット
bates		n.	ベイツ
baton		n.	バトン
beginnings		n.	始まり
births		n.	出生
brew		v.	醸造する
bulldogs		n.	ブルドッグ
camel		n.	ラクダ
canberra		n.	キャンベラ
catering		n.	ケータリング
charger		n.	充電器
checkout		n.	チェックアウト
chefs		n.	シェフ
chronicles		n.	年代記
chunk		n.	かたまり
classmates		n.	クラスメート
coca		n.	コカ
cocoa		n.	ココア
comet		n.	彗星
compartment		n.	仕切り
compositions		n.	作品
conditioned		adj.	条件付きの
cooled		v.	冷やす
corpus		n.	コーパス
corpus		n.	全集
coupons		n.	クーポン
cove		n.	入り江
cozy		adj.	居心地の良い
culturally		adv.	文化的に
currents		n.	海流
currents		n.	電流
deficiency		n.	欠乏
deposited		v.	預金する
deposited		v.	堆積する
derivatives		n.	派生物
derivatives		n.	デリバティブ
dread		v.	恐れる
dread		n.	恐怖
dub		v.	吹き替える
dub		v.	〜と呼ぶ
dummy		n.	ダミー
dummy		n.	お人形
ecuador		n.	エクアドル
edmonton		n.	エドモントン
enhancing		v.	強化する
erosion		n.	浸食
erosion		n.	低下
explores		v.	探検する
expo		n.	万博
favourites		n.	お気に入り
fibers		n.	繊維
fitzgerald		n.	フィッツジェラルド
flank		n.	側面
flank		v.	側面に位置する
flare		n.	閃光
flare		v.	輝く
forex		n.	外国為替
gallons		n.	ガロン
gamers		n.	ゲーマー
generators		n.	発電機
geoffrey		n.	ジェフリー
gus		n.	ガス
handmade		adj.	手作りの
hartford		n.	ハートフォード
hawkins		n.	ホーキンス
hazards		n.	危険
incidence		n.	発生率
kat		n.	キャット
kerr		n.	カー
kitten		n.	子猫
koch		n.	コッホ
lan		n.	LAN
lender		n.	貸し手
leone		n.	レオネ
lever		n.	てこ
lisbon		n.	リスボン
marketed		v.	販売する
marty		n.	マーティ
mileage		n.	走行距離
morton		n.	モートン
multiplayer		adj.	マルチプレイヤーの
municipalities		n.	自治体
mutant		n.	ミュータント
mutation		n.	突然変異
mythology		n.	神話
neon		n.	ネオン
neon		adj.	ネオンの
nile		n.	ナイル川
nolan		n.	ノーラン
northeastern		adj.	北東の
nun		n.	修道女
nutritional		adj.	栄養の
pathways		n.	経路
pedal		n.	ペダル
pest		n.	害虫
pillar		n.	柱
plausible		adj.	もっともらしい
pledged		v.	誓う
poly		n.	ポリ
polymer		n.	重合体
precipitation		n.	降水
prosecutors		n.	検察官
protections		n.	保護
query		n.	照会
rapids		n.	急流
restraint		n.	自制
rests		v.	休む
retains		v.	保持
revived		v.	復活させる
salesman		n.	販売員
scarlet		adj.	緋色の
screws		n.	ねじ
sensing		v.	感知する
serena		n.	セレーナ
sewer		n.	下水道
shipments		n.	出荷
sonny		n.	坊や
southwestern		adj.	南西の
spokesperson		n.	報道官
standardized		adj.	標準化された
stitch		n.	縫い目
substrate		n.	基質
swell		v.	膨らむ
symptom		n.	症状
thanked		v.	感謝する
thirst		n.	喉の渇き
transitional		adj.	移行の
tuna		n.	マグロ
unused		adj.	未使用の
valleys		n.	谷
viewpoint		n.	視点
vinegar		n.	酢
wards		n.	病棟
warrants		n.	令状
wig		n.	かつら
accessory		n.	アクセサリー
advisors		n.	顧問
affiliation		n.	所属
align		v.	整列させる
allergies		n.	アレルギー
amnesty		n.	恩赦
angus		n.	アンガス
anita		n.	アニタ
assertion		n.	断言
astronomy		n.	天文学
attic		n.	屋根裏
attracts		v.	引き付ける
australians		n.	オーストラリア人
autobiography		n.	自伝
await		v.	待つ
becky		n.	ベッキー
buddhism		n.	仏教
buds		n.	つぼみ
buds		n.	仲間
cache		n.	キャッシュ
cache		n.	隠し場所
carmen		n.	カルメン
carrots		n.	にんじん
coherent		adj.	一貫した
condo		n.	分譲マンション
conflicting		adj.	相反する
conrad		n.	コンラッド
consulted		v.	相談する
criticize		v.	批判する
crooked		adj.	曲がった
crooked		adj.	不正の
cultivation		n.	耕作
cultivation		n.	培養
dads		n.	パパ
decreases		v.	減少する
dicks		n.	やろう
ding		n.	チン
discontinued		adj.	生産中止の
displacement		n.	変位
displacement		n.	置き換え
distorted		adj.	歪んだ
divers		n.	ダイバー
dividing		v.	分ける
downloads		n.	ダウンロード
drastic		adj.	抜本的な
edible		adj.	食用可能な
edmund		n.	エドマンド
emerson		n.	エマソン
endorse		v.	支持する
enhancement		n.	強化
evenings		n.	夕方
fax		n.	ファックス
fiat		n.	勅令
fiat		n.	フィアット
fiona		n.	フィオナ
firefighters		n.	消防士
flick		v.	弾く
fowler		n.	ファウラー
funky		adj.	ファンキーな
gag		n.	さるぐつわ
gag		v.	吐き気をもよおす
gee		int.	おや
gigantic		adj.	巨大な
gill		n.	えら
groom		v.	身だしなみを整える
groom		n.	花婿
guitarist		n.	ギタリスト
hamas		n.	ハマス
harriet		n.	ハリエット
hash		n.	刻み物
hash		n.	ハッシュ
helena		n.	ヘレナ
hip-hop		n.	ヒップホップ
hogan		n.	ホーガン
holden		n.	ホールデン
hydro		n.	水力
illustrates		v.	説明する
inactive		adj.	活動していない
inputs		n.	入力
inspect		v.	検査する
inspections		n.	検査
inspectors		n.	検査官
interpretations		n.	解釈
knots		n.	結び目
laurel		n.	月桂樹
lawsuits		n.	訴訟
legitimacy		n.	正当性
lizard		n.	トカゲ
lyric		n.	歌詞
maximize		v.	最大化する
mushroom		n.	キノコ
naples		n.	ナポリ
noel		n.	クリスマス
organizers		n.	主催者
owens		n.	オーエンス
paradox		n.	逆説
periodic		adj.	周期的
philly		n.	フィラデルフィア
plead		v.	懇願する
portray		v.	描く
practitioner		n.	開業医
ratios		n.	比率
redskins		n.	レッドスキンズ
reductions		n.	削減
refrain		v.	慎む
replaces		v.	置き換える
reproduce		v.	繁殖する
researching		v.	研究する
rite		n.	儀式
rum		n.	ラム酒
safari		n.	サファリ
saunders		n.	サンダース
scaling		v.	縮小拡大
seldom		adv.	めったに
shareholder		n.	株主
simone		n.	シモーヌ
sis		n.	姉
slices		n.	薄切り
soy		n.	大豆
squash		n.	カボチャ
stacked		adj.	積み重ねた
statewide		adj.	州全体の
stationary		adj.	静止した
styled		adj.	様式化された
subdivision		n.	分割
succeeding		v.	成功する
tar		n.	タール
tariffs		n.	関税
temporal		adj.	時間の
tracker		n.	トラッカー
turbine		n.	タービン
tyson		n.	タイソン
unavailable		adj.	利用不可の
universally		adv.	普遍的に
utilizing		v.	利用する
vomiting		n.	嘔吐
warp		n.	歪み
whisky		n.	ウイスキー
winters		n.	冬
yogurt		n.	ヨーグルト
algeria		n.	アルジェリア
alpine		adj.	高山の
ambient		adj.	周囲の
aquatic		adj.	水生の
argentine		adj.	アルゼンチンの
armored		adj.	装甲の
assert		v.	断言する
atheist		n.	無神論者
balances		n.	残高
bandwidth		n.	帯域幅
barbecue		n.	バーベキュー
beforehand		adv.	前もって
bipolar		adj.	双極性の
bladder		n.	膀胱
bladder		n.	袋
blossom		n.	花
bolts		n.	ボルト
canned		adj.	缶詰の
caravan		n.	キャラバン
carrot		n.	ニンジン
chevrolet		n.	シボレー
clive		n.	クライヴ
compressed		adj.	圧縮された
comprise		v.	含む
computational		adj.	計算の
conceptual		adj.	概念の
coolest		adj.	最もかっこいい
currencies		n.	通貨
damp		adj.	湿った
danielle		n.	ダニエル
databases		n.	データベース
debit		n.	借方
demolition		n.	解体
denis		n.	ドニー
detailing		n.	ディテーリング
differentiate		v.	区別する
dim		adj.	薄暗い
discovers		v.	発見する
donkey		n.	ロバ
downstream		adv.	下流
earrings		n.	イヤリング
earthquakes		n.	地震
empirical		adj.	経験的な
enlarged		adj.	拡大された
enzymes		n.	酵素
esther		n.	エスター
fantasies		n.	幻想
faulty		adj.	欠陥のある
fertile		adj.	肥沃な
formations		n.	編成
frankfurt		n.	フランクフルト
freedoms		n.	自由
furnace		n.	炉
fuse		n.	ヒューズ
fuss		n.	騒ぎ
gale		n.	強風
gamer		n.	ゲーマー
generosity		n.	寛大さ
gerry		n.	ゲリー
goodman		n.	グッドマン
gorilla		n.	ゴリラ
guatemala		n.	グアテマラ
hamburg		n.	ハンブルク
harvested		v.	収穫する
hath		v.	有する(古語)
heavyweight		n.	ヘビー級
humane		adj.	人情の
humanities		n.	人文学
interviewing		v.	面接する
jennings		n.	ジェニングス
journeys		n.	旅
labelled		v.	ラベルを貼る
lawful		adj.	合法的な
lawmakers		n.	立法者
leased		v.	賃借する
lena		n.	レナ
loosely		adv.	緩く
lotus		n.	蓮
luna		n.	ルナ
mails		n.	メール
mantle		n.	マント
metabolic		adj.	代謝の
meth		n.	メス
militant		adj.	過激な
missionaries		n.	宣教師
nicolas		n.	ニコラス
nostalgia		n.	郷愁
ottoman		n.	オスマン
paddy		n.	水田
paperback		n.	ペーパーバック
paved		v.	舗装する
pavilion		n.	亭
peasant		n.	農民
philosophers		n.	哲学者
pillars		n.	柱
pointer		n.	ポインタ
policing		v.	警察活動을 하다
predicting		v.	予測する
presume		v.	推定する
presumed		v.	推定する
printers		n.	プリンター
rebuilt		v.	再建する
rectangular		adj.	長方形の
regulator		n.	規制当局
renting		v.	賃借する
restructuring		v.	再編する
rudy		n.	ルーディ
samsung		n.	サムスン
sarcasm		n.	皮肉
savannah		n.	サバンナ
scans		v.	スキャンする
seekers		n.	探求者
sentencing		v.	量刑を言い渡す
shaving		v.	ひげを剃る
shutdown		n.	シャットダウン
stresses		v.	強調する
suffolk		n.	サフォーク
swansea		n.	スウォンジ
sweets		n.	菓子
syracuse		n.	シラキュース
tally		n.	集計
tally		v.	数える
tehran		n.	テヘラン
termed		v.	呼ぶ
timed		v.	計る
timed		adj.	定時の
trending		adj.	トレンドの
tumors		n.	腫瘍
ui		n.	UI
unanimously		adv.	一致して
unfamiliar		adj.	不慣れな
upgrading		v.	アップグレードする
vale		n.	谷
valencia		n.	バレンシア
wedge		n.	くさび
wedge		v.	押し込む
wisely		adv.	賢明に
wizards		n.	魔法使い
adaptive		adj.	適応的な
addictive		adj.	中毒性の
affinity		n.	親和性
alloy		n.	合金
alloy		v.	合金にする
arises		v.	生じる
arthritis		n.	関節炎
authorised		adj.	認可された
authorised		v.	認可する
barton		n.	バートン
beaver		n.	ビーバー
boasts		v.	自慢する
boasts		v.	誇る
brunswick		n.	ブラウンシュヴァイク
caller		n.	発信者
carnegie		n.	カーネギー
casualty		n.	死傷者
casualty		n.	救急処置室
cavity		n.	穴
cavity		n.	虫歯
chap		n.	男
cites		v.	引用する
colts		n.	子馬
conway		n.	コンウェイ
courthouse		n.	裁判所
crank		n.	クランク
crank		n.	変人
dante		n.	ダンテ
darn		int.	ちくしょう
deborah		n.	デボラ
decks		n.	甲板
decks		n.	デッキ
diaries		n.	日記
differing		adj.	異なる
disgust		n.	嫌悪
disgust		v.	嫌悪させる
dispatched		v.	派遣する
dissolution		n.	解散
dissolution		n.	溶解
disturbance		n.	騒動
disturbance		n.	妨害
dominic		n.	ドミニク
emerges		v.	現れる
enclosure		n.	囲い
enclosure		n.	添付物
evangelical		adj.	福音主義の
examinations		n.	試験
examinations		n.	検査
exceeding		v.	超える
expresses		v.	表す
exquisite		adj.	精巧な
factual		adj.	事実の
fading		v.	色あせる
famine		n.	飢饉
fares		n.	運賃
fiji		n.	フィジー
flavors		n.	味
fraudulent		adj.	詐欺の
freeway		n.	高速道路
freshly		adv.	新たに
gazette		n.	公報
geek		n.	オタク
geo		n.	地理
granny		n.	おばあちゃん
handicap		n.	ハンディキャップ
hansen		n.	Hansen
hmmm		int.	うーん
homo		n.	ホモ
hymn		n.	賛美歌
hypothetical		adj.	仮説の
informative		adj.	有益な
infringement		n.	侵害
internship		n.	インターンシップ
interrupt		v.	中断する
invade		v.	侵略する
jacksonville		n.	ジャクソンビル
jasmine		n.	ジャスミン
katrina		n.	カトリーナ
lantern		n.	提灯
linen		n.	リネン
lookout		n.	監視
moonlight		n.	月光
moose		n.	ヘラジカ
mosquito		n.	蚊
motel		n.	モーテル
motherfucker		n.	くそ野郎
noun		n.	名詞
oaks		n.	オーク
omaha		n.	オマハ
onwards		adv.	前へ
overthrow		v.	打倒する
paradigm		n.	パラダイム
pavement		n.	歩道
payday		n.	給料日
perpetual		adj.	永続的な
physiology		n.	生理学
pigeon		n.	鳩
plateau		n.	高原
playlist		n.	プレイリスト
possesses		v.	所有する
precinct		n.	選挙区
premiership		n.	首相の職
presentations		n.	プレゼンテーション
proliferation		n.	増殖
pseudo		adj.	偽の
pudding		n.	プリン
reformed		adj.	改革された
refrigerator		n.	冷蔵庫
regeneration		n.	再生
regina		n.	レジャイナ
remembrance		n.	追悼
remembrance		n.	記憶
reps		n.	代理人
reps		n.	反復
resin		n.	樹脂
resisted		v.	抵抗하다
rosie		n.	ロージー
rotary		n.	回転
rotary		adj.	回転の
rupert		n.	ルパート
rusty		adj.	錆びた
scarce		adj.	希少な
sibling		n.	兄弟姉妹
simulator		n.	シミュレーター
slippery		adj.	滑りやすい
slips		n.	ミス
slips		v.	滑る
snyder		n.	スナイダー
soak		v.	浸す
sock		n.	靴下
sorting		n.	ソート
spectacle		n.	光景
spectacle		n.	奇観
storey		n.	階
suv		n.	SUV
symposium		n.	シンポジウム
tabs		n.	タブ
tailor		n.	仕立て屋
tailor		v.	仕立てる
terminals		n.	端末
toughest		adj.	最も頑丈な
toughest		adj.	最も厳しい
trajectory		n.	軌道
triggers		n.	トリガー
triggers		v.	引き起こす
unidentified		adj.	正体不明の
unseen		adj.	見えない
utmost		adj.	最大の
waiter		n.	ウェイター
weary		adj.	疲れた
wiki		n.	ウィキ
wills		n.	遺言
willy		n.	ウィリー
wimbledon		n.	ウィンブルドン
witches		n.	魔女
youths		n.	若者
adapter		n.	アダプター
adjustable		adj.	調節可能な
advisers		n.	顧問
affiliates		n.	関連企業
agony		n.	苦悶
allergy		n.	アレルギー
armenian		adj.	アルメニアの
astronaut		n.	宇宙飛行士
attain		v.	達する
attendant		n.	係員
authenticity		n.	真正
avery		n.	エイブリー
backstage		adv.	舞台裏で
banners		n.	バナー
bedford		n.	ベッドフォード
benchmark		n.	ベンチマーク
benny		n.	ベニー
benson		n.	ベンソン
beverages		n.	飲み物
biscuits		n.	ビスケット
bouncing		v.	跳ねる
bourbon		n.	バーボン
breaker		n.	ブレーカー
breathtaking		adj.	息をのむような
browsing		v.	閲覧する
calculus		n.	微積分
cancers		n.	がん
capitals		n.	首都
cellar		n.	地下室
cerebral		adj.	脳の
champs		n.	チャンピオン
cheerful		adj.	陽気な
climax		n.	クライマックス
clippers		n.	バリカン
cockpit		n.	操縦席
cocktails		n.	カクテル
colon		n.	コロン
communion		n.	聖餐
condom		n.	コンドーム
consul		n.	領事
crimson		adj.	深紅色の
crypto		n.	暗号通貨
cultivated		adj.	栽培された
curly		adj.	巻き毛の
degradation		n.	劣化
dexter		n.	Dexter
discs		n.	ディスク
distributors		n.	販売店
dundee		n.	ダンディー
elaine		n.	エレイン
electrons		n.	電子
emerald		n.	エメラルド
ensures		v.	確保する
equilibrium		n.	均衡
europa		n.	エウロパ
evelyn		n.	イヴリン
evidently		adv.	明らかに
extras		n.	エキストラ
fargo		n.	ファーゴ
fences		n.	フェンス
fetus		n.	胎児
flaw		n.	欠陥
forrest		n.	フォレスト
gigs		n.	ギグ
grad		n.	卒業生
gymnastics		n.	体操
hale		adj.	健やかな
helmets		n.	ヘルメット
hercules		n.	ヘラクレス
hereby		adv.	これにより
honduras		n.	ホンジュラス
humorous		adj.	ユーモラスな
incurred		v.	被る
indications		n.	兆候
indoors		adv.	屋内で
intercourse		n.	性交
interestingly		adv.	興味深いことに
ipad		n.	iPad
isaiah		n.	イザヤ
isolate		v.	隔離する
isolate		n.	隔離されたもの
jurisdictions		n.	管轄権
kathleen		n.	キャスリーン
kendall		n.	ケンダル
lancashire		n.	ランカシャー
lawson		n.	ローソン
lesbians		n.	レズビアン
lindsey		n.	リンゼイ
mailing		n.	郵送
mailing		n.	メーリング
manipulated		v.	操作する
mare		n.	牝馬
marxist		n.	マルクス主義者
marxist		adj.	マルクス主義の
meadow		n.	牧草地
meadows		n.	牧草地
ministries		n.	省
motivate		v.	動機づける
mound		n.	塚
muddy		adj.	泥だらけの
mystic		n.	神秘主義者
ness		n.	岬
nominal		adj.	名目上の
norris		n.	ノリス
ordinance		n.	条例
osborne		n.	オズボーン
outlines		n.	輪郭
outlines		v.	概説する
outta		prep.	〜から
pam		n.	パム
parsons		n.	牧師
pertaining		v.	関連する
poke		v.	突く
poorer		adj.	より貧しい
portsmouth		n.	ポーツマス
presbyterian		n.	長老派
presbyterian		adj.	長老派の
prick		v.	刺す
prick		n.	刺し傷
prolific		adj.	多作な
proportional		adj.	比例した
prosperous		adj.	繁栄した
quarry		n.	採石場
quarry		n.	獲物
referral		n.	紹介
respecting		prep.	〜に関して
restless		adj.	落ち着かない
rugged		adj.	でこぼこの
rugged		adj.	頑丈な
sammy		n.	サミー
sap		n.	樹液
sap		v.	弱らせる
sarcastic		adj.	皮肉な
scholarly		adj.	学術的な
segregation		n.	人種隔離
seymour		n.	シーモア
sheikh		n.	シェイク
shines		v.	輝く
sinclair		n.	シンクレア
sinister		adj.	不吉な
stared		v.	凝視する
strait		n.	海峡
suppressed		v.	抑圧する
sylvia		n.	シルビア
teamed		v.	チームを組む
tents		n.	テント
testosterone		n.	テストステロン
thicker		adj.	より厚い
ventilation		n.	換気
viking		n.	ヴァイキング
weaver		n.	織工
weber		n.	ウェーバー
williamson		n.	ウィリアムソン
yankee		n.	ヤンキー
yarn		n.	糸
yarn		n.	話
abide		v.	耐える
abide		v.	従う
accumulation		n.	蓄積
admiration		n.	賞賛
aesthetics		n.	美学
agi		n.	汎用人工知能
altering		v.	変える
anton		n.	アントン
asserted		v.	断言する
attacker		n.	攻撃者
augusta		n.	オーガスタ
avail		v.	役に立つ
bahrain		n.	バーレーン
banquet		n.	宴会
barker		n.	呼び込み
bentley		n.	ベントレー
benz		n.	ベンツ
billed		v.	請求する
billing		n.	請求
booty		n.	戦利品
brackets		n.	括弧
bravery		n.	勇敢
brit		n.	ニシンの幼魚
browse		v.	閲覧する
buff		v.	強化する
buff		n.	愛好家
calorie		n.	カロリー
cdc		n.	疾病予防管理センター
claw		n.	爪
collects		v.	集める
coloring		n.	着色
commence		v.	始める
compatibility		n.	互換性
conditional		adj.	条件付きの
congratulate		v.	祝う
constructing		v.	建設する
converts		v.	変換する
coordinating		v.	調整する
cortex		n.	皮質
crusade		n.	十字軍
cynical		adj.	皮肉な
devised		v.	考案する
discarded		v.	捨てる
disrupt		v.	妨害する
donovan		n.	ドノバン
drills		n.	ドリル
drills		n.	練習
duplicate		v.	複製する
duplicate		adj.	重複した
dynamite		n.	ダイナマイト
echoes		n.	こだま
echoes		v.	響く
economical		adj.	経済的な
elastic		adj.	弾力のある
empowered		v.	権限を与える
examines		v.	検査する
exceeds		v.	超える
exposition		n.	博覧会
fetish		n.	フェチ
fixes		v.	直す
fixes		n.	修正
fluffy		adj.	ふわふわ
fundamentals		n.	基礎
fundraiser		n.	募金活動
gadgets		n.	ガジェット
garment		n.	衣類
geometric		adj.	幾何学的
goldman		n.	ゴールドマン
gracious		adj.	丁寧な
grin		v.	にやりと笑う
grin		n.	にやり笑
halifax		n.	ハリファックス
hanna		n.	ハンナ
happiest		adj.	最も幸せな
heap		n.	山
heap		v.	積む
highs		n.	高値
hum		v.	ハミングする
hum		n.	ハミング
inherently		adv.	本来
inventor		n.	発明家
jasper		n.	ジャスパー
jewels		n.	宝石
juliet		n.	ジュリエット
kurdish		adj.	クルドの
kurdish		n.	クルド語
leopard		n.	ヒョウ
librarian		n.	司書
lobbying		n.	ロビー活動
lumber		n.	木材
lydia		n.	リディア
mackenzie		n.	マッケンジー
madam		n.	奥様
marital		adj.	婚姻の
mayer		n.	マイヤー
multitude		n.	多数
muse		n.	ミューズ
muse		v.	物思いにふける
nanny		n.	ナニー
nineteen		num.	十九
nipples		n.	乳首
nucleus		n.	核
orbital		adj.	軌道の
organism		n.	生物
outgoing		adj.	退任する
outgoing		adj.	社交的な
outgoing		n.	支出
overhaul		v.	徹底的に修理する
overhaul		n.	見直し
periodically		adv.	定期的に
piles		n.	山
piles		n.	痔
plumbing		n.	配管
plumbing		n.	配管工事
poppy		n.	けし
pratt		n.	プラット
precautions		n.	予防策
raleigh		n.	ローリー
readiness		n.	準備ができていること
redundant		adj.	余分な
redundant		adj.	解雇された
regulators		n.	規制当局
regulators		n.	調整器
remarked		v.	述べる
resemblance		n.	類似
rib		n.	あばら骨
rods		n.	棒
roth		n.	ロス
sacks		n.	俸袋
sacks		v.	解雇
seizures		n.	発作
sermon		n.	説教
slender		adj.	細い
societal		adj.	社会的
spec		n.	仕様
sponge		n.	スポンジ
steele		n.	スティール
suns		n.	太陽
superiority		n.	優越
supervised		v.	監督する
tease		v.	からかう
tiffany		n.	ティファニー
titanic		n.	タイタニック
transitions		n.	移行
transmitter		n.	送信機
transporting		v.	輸送する
typhoon		n.	台風
unreal		adj.	非現実的
vaccination		n.	接種
valerie		n.	ヴァレリー
valves		n.	弁
vampires		n.	吸血鬼
vibration		n.	振動
vitamins		n.	ビタミン
weakest		adj.	最も弱い
winnipeg		n.	ウィニペグ
worcester		n.	ウースター
zurich		n.	チューリッヒ
abdominal		adj.	腹部の
adolescent		n.	青年
advertisers		n.	広告主
awaited		v.	待つ
backdrop		n.	背景
beau		n.	ボーイフレンド
bluff		v.	はったりをかける
bollywood		n.	ボリウッド
brushes		n.	ブラシ
cartel		n.	カルテル
casts		v.	投げる
casts		n.	配役
catastrophic		adj.	壊滅的な
caucus		n.	幹部会
charcoal		n.	木炭
cheryl		n.	シェリル
cindy		n.	シンディ
citrus		n.	柑橘
clad		adj.	覆われた
clocks		n.	時計
coded		adj.	符号化された
columnist		n.	コラムニスト
competence		n.	能力
constituent		n.	有権者
constituted		v.	構成する
contacting		v.	連絡する
contexts		n.	文脈
conveniently		adv.	都合よく
courtroom		n.	法廷
cushion		n.	クッション
cyclist		n.	自転車乗り
darkest		adj.	最も暗い
dictate		v.	口述する
dictate		v.	命じる
directs		v.	指導する
directs		adj.	直接の
discounted		v.	割引する
discounted		adj.	割引の
distributing		v.	配布する
doris		n.	ドリス
dorm		n.	寮
drafts		n.	草案
drafts		v.	起案する
drip		v.	滴る
drip		n.	滴
duct		n.	ダクト
eccentric		adj.	風変わりな
eccentric		n.	変人
educating		v.	教育する
electro		n.	エレクトロ
electromagnetic		adj.	電磁の
emblem		n.	紋章
expands		v.	拡大する
fabrics		n.	織物
falcons		n.	ハヤブサ
fats		n.	脂肪
fearful		adj.	恐ろしい
festive		adj.	祝祭の
flyer		n.	チラシ
flyer		n.	飛行する人
forecasts		n.	予報
forecasts		v.	予測する
foreman		n.	職長
foreman		n.	陪審長
framing		n.	フレーミング
framing		v.	組み立てる
gallagher		n.	ギャラガー
geared		v.	調整する
geoff		n.	ジェフ
giles		n.	ジャイルズ
gina		n.	ジーナ
glacier		n.	氷河
gomez		n.	ゴメス
hurricanes		n.	ハリケーン
improper		adj.	不適切な
informing		v.	知らせる
installment		n.	分割払い
installment		n.	（連載の）一話
isles		n.	小島
judaism		n.	ユダヤ教
keller		n.	ケラー
kernel		n.	核
kernel		n.	カーネル
larvae		n.	幼虫
lexington		n.	レキシントン
liaison		n.	連絡
lima		n.	リマ
masterbootrecord		n.	マスターブートレコード
mbr		n.	マスターブートレコード
memoirs		n.	回想録
miner		n.	鉱夫
mosaic		n.	モザイク
mustang		n.	マスタング
mustang		n.	マスタング（車）
needy		adj.	貧しい
nichols		n.	ニコルズ
offenses		n.	犯罪
offenses		n.	攻撃
optics		n.	光学
orphan		n.	孤児
orphan		v.	孤児にする
passions		n.	情熱
patty		n.	パティ
pies		n.	パイ
pineapple		n.	パイナップル
pissing		v.	放尿
plaintiffs		n.	原告
plastics		n.	プラスチック
potassium		n.	カリウム
reflective		adj.	反射する
rents		n.	家賃
residing		v.	居住する
romanian		adj.	ルーマニアの
rotate		v.	回転する
royce		n.	ロイス
sans		prep.	〜なし
saxon		n.	サクソン人
scissors		n.	はさみ
seaside		n.	海辺
shampoo		n.	シャンプー
shaun		n.	ショーン
silently		adv.	静かに
similarity		n.	類似性
staircase		n.	階段
stamped		v.	印章を押す
steroids		n.	ステロイド
subsidiaries		n.	子会社
tang		n.	風味
tango		n.	タンゴ
telecom		n.	通信
tolerant		adj.	寛容な
toxicity		n.	毒性
trumpet		n.	トランペット
tuberculosis		n.	結核
wrapping		n.	包み
accents		n.	アクセント
adhere		v.	付着する
adidas		n.	アディダス
advising		v.	助言する
affirmative		adj.	肯定的な
agnes		n.	アグネス
alarms		n.	警報
alliances		n.	同盟
alma		n.	アルマ
ambiguous		adj.	曖昧な
archaeology		n.	考古学
attained		v.	達する
baltic		adj.	バルト海の
berries		n.	ベリー
blitz		n.	電撃戦
bosnia		n.	ボスニア
brightness		n.	明るさ
bruins		n.	クマ
brushed		v.	刷る
burma		n.	ビルマ
calculating		v.	計算する
campuses		n.	キャンパス
cartridge		n.	カートリッジ
cashier		n.	レジ係
cigar		n.	葉巻
circa		prep.	約
citations		n.	引用
claudia		n.	クラウディア
cloak		n.	マント
cologne		n.	オーデコロン
colombian		adj.	コロンビアの
colt		n.	仔馬
combustion		n.	燃焼
comprehension		n.	理解
concession		n.	譲歩
condoms		n.	コンドーム
crescent		n.	三日月
crises		n.	危機
defective		adj.	欠陥のある
denise		n.	ドニーズ
discourage		v.	落胆させる
disgusted		adj.	嫌悪感を抱いた
disposable		adj.	使い捨ての
distressed		adj.	苦悩した
dover		n.	ドーバー
dungeon		n.	地下牢
dwell		v.	住む
edison		n.	エジソン
edith		n.	イーディス
enforcing		v.	施行する
entrepreneurship		n.	起業家精神
erie		n.	エリー
essentials		n.	必需品
fiery		adj.	炎のような
flux		n.	流動
georgetown		n.	ジョージタウン
gimme		v.	ちょうだい
hancock		n.	ハンコック
handwriting		n.	筆跡
hassle		n.	面倒
hector		n.	ヘクター
hicks		n.	ヒックス
hobbies		n.	趣味
hog		n.	豚
homeowners		n.	持ち主
ime		n.	入力メソッド
incorrectly		adv.	誤って
indicative		adj.	直説法の
indicative		adj.	示唆する
inexpensive		adj.	安価な
instructors		n.	講師
intercept		v.	迎撃する
intuitive		adj.	直感的な
invent		v.	発明する
irwin		n.	アーウィン
isabel		n.	イザベラ
jockey		n.	騎手
jolly		adj.	陽気な
jorge		n.	ホルヘ
kazakhstan		n.	カザフスタン
landlords		n.	家主
latitude		n.	緯度
lea		n.	草原
libertarian		adj.	自由至上主義の
luxembourg		n.	ルクセンブルク
majestic		adj.	威厳のある
mariners		n.	船員
mastery		n.	熟練
mats		n.	マット
mccoy		n.	マッコイ
metropolis		n.	大都市
mummy		n.	ミイラ
mummy		n.	マミー
neville		n.	ネヴィル
nominate		v.	指名する
offend		v.	怒らせる
orchard		n.	果樹園
organizer		n.	主催者
overdose		n.	過剰摂取
pamela		n.	パメラ
paragraphs		n.	段落
parameter		n.	パラメータ
passwords		n.	パスワード
pathology		n.	病理学
peggy		n.	ペギー
piercing		adj.	Piercingのような
piercing		n.	ピアス
plotting		v.	陰謀を企てる
plotting		v.	プロットする
poisonous		adj.	有毒の
pounding		v.	叩く
procession		n.	行列
relocation		n.	移転
rhino		n.	サイ
riches		n.	富
rosemary		n.	ローズマリー
sanitation		n.	衛生
satisfactory		adj.	満足な
scooter		n.	スクーター
sculptures		n.	彫刻
secrecy		n.	秘密
separates		v.	分ける
shameful		adj.	恥ずべき
shortest		adj.	最も短い
skipping		v.	スキップする
skirts		n.	スカート
sliced		v.	スライスする
soils		n.	土
springer		n.	スプリンガー
staples		n.	ホッチキスの針
stokes		v.	火にくべる
storing		v.	保管する
supervisors		n.	監督者
tanzania		n.	タンザニア
technicians		n.	技術者
tor		n.	トール
transformers		n.	トランスフォーマー
transformers		n.	トランス
traveler		n.	旅行者
tunisia		n.	チュニジア
unauthorized		adj.	無許可の
undo		v.	元に戻す
unnamed		adj.	名前のない
vans		n.	バン
venom		n.	毒液
vines		n.	つる
watering		v.	水をやる
wellness		n.	ウェルネス
windy		adj.	風の強い
wordpress		n.	WordPress
wraps		n.	包み
abby		n.	Abby
abdomen		n.	腹部
alerts		n.	警報
alerts		v.	警告する
alps		n.	アルプス
antarctic		n.	南極
antarctic		adj.	南極の
antibodies		n.	抗体
aquarium		n.	水族館
aquarium		n.	水槽
armenia		n.	アルメニア
barbie		n.	バービー
batter		n.	バター液
batter		v.	打ち続ける
baxter		n.	Baxter
bloomberg		n.	ブルームバーグ
blush		v.	赤面する
blush		n.	頬紅
booster		n.	ブースター
booster		n.	追加接種
braves		v.	立ち向かう
calculator		n.	電卓
catastrophe		n.	大惨事
chemotherapy		n.	化学療法
cherrystudio		n.	CherryStudio
cinemas		n.	映画館
circulating		v.	循環する
cleansing		n.	クレンジング
cleansing		adj.	浄化の
clears		v.	片付ける
clears		v.	晴れる
clicked		v.	クリックする
commute		v.	通勤する
commute		n.	通勤
complementary		adj.	補完的な
complementary		adj.	無料の
connectivity		n.	接続性
consulate		n.	領事館
contend		v.	競う
contend		v.	主張する
convict		v.	有罪判決を下す
convict		n.	受刑者
culinary		adj.	料理の
demographics		n.	人口統計
departing		v.	出発する
din		n.	騒音
discrete		adj.	離散的な
discrete		adj.	個別の
dissent		n.	異議
disturb		v.	妨げる
earns		v.	稼ぐ
emergencies		n.	緊急事態
eminent		adj.	著名な
encryption		n.	暗号化
endeavor		n.	努力
endeavor		v.	努める
enthusiasts		n.	愛好家
erica		n.	Erica
erica		n.	エリカ
escapes		v.	逃れる
escapes		n.	脱走
exported		v.	輸出する
fencing		n.	フェンシング
fencing		n.	柵
filtering		n.	フィルタリング
filtering		v.	ろ過する
flashes		n.	閃光
flashes		v.	瞬く
fleming		n.	Fleming
flop		n.	失敗作
follower		n.	フォロワー
franchises		n.	フランチャイズ
fraternity		n.	兄弟会
fraternity		n.	友愛
freaks		n.	変人
freaks		v.	動転させる
frogs		n.	カエル
fronts		n.	前面
fronts		v.	正面する
furry		adj.	毛皮の
glitter		v.	輝く
glitter		n.	きらめき
graveyard		n.	墓地
hardship		n.	苦難
harlem		n.	ハーレム
hen		n.	めす鳥
hoover		n.	フーヴァー
hoover		v.	掃除機をかける
implication		n.	含意
implication		n.	巻き込み
induce		v.	引き起こす
induce		v.	勧誘する
inventions		n.	発明
jaws		n.	あご
lamar		n.	ラマー
lennon		n.	レノン
lettuce		n.	レタス
liabilities		n.	負債
liabilities		n.	不利な点
lithium		n.	リチウム
lowe		n.	ロウ
macmillan		n.	マクミラン
malone		n.	マローン
managerial		adj.	経営の
mandated		v.	委任する
mango		n.	マンゴー
mister		n.	〜さん
moderately		adv.	適度に
mri		n.	MRI
multimedia		n.	マルチメディア
multinational		adj.	多国籍の
multinational		n.	多国籍企業
oasis		n.	オアシス
osaka		n.	大阪
outskirts		n.	郊外
overlapping		v.	重なる
paced		v.	歩く
pagan		n.	異教徒
pagan		adj.	異教の
painters		n.	画家
pals		n.	仲間
planetary		adj.	惑星の
playboy		n.	プレイボーイ
porcelain		n.	磁器
processors		n.	プロセッサ
processors		n.	加工業者
programmer		n.	プログラマー
promoter		n.	発起人
psalm		n.	詩篇
psychiatry		n.	精神医学
psychologists		n.	心理学者
pubs		n.	パブ
pursuant		adv.	従って
recycled		v.	リサイクルする
renovated		v.	改修する
repetitive		adj.	繰り返しの
researched		v.	研究する
reversal		n.	逆転
rhyme		n.	韻
rhyme		v.	韻を踏む
rue		v.	後悔する
saturdays		adv.	毎週土曜
savvy		adj.	抜け目ない
scanner		n.	スキャナー
schizophrenia		n.	統合失調症
scratching		v.	ひっかく
sheila		n.	シーラ
shelby		n.	シェルビー
sparkling		adj.	きらめく
spree		n.	どんちゃん騒ぎ
stafford		n.	スタッフォード
stakeholders		n.	ステークホルダー
stevenson		n.	スティーブンソン
submitting		v.	提出する
subsidy		n.	補助金
sup		v.	少量飲む
superficial		adj.	表面的
tailored		adj.	仕立ての
tame		adj.	おとなしい
tanner		n.	なめし職人
taps		n.	蛇口
thinner		adj.	より細い
tipping		v.	チップを払う
toni		n.	トニー
tracing		v.	追跡する
truman		n.	トルーマン
upstream		adv.	上流
vapor		n.	蒸気
veronica		n.	ベロニカ
vow		n.	誓い
waitress		n.	ウェイトレス
walnut		n.	クルミ
waterfront		n.	ウォーターフロント
winchester		n.	ウィンチェスター
witty		adj.	機知に富んだ
woven		v.	織る
wyatt		n.	ワイアット
acquaintance		n.	知人
add-ons		n.	アドオン
aires		n.	アイレス
amelia		n.	アメリア
amend		v.	修正する
arranging		v.	手配する
attendees		n.	出席者
audrey		n.	オードリー
aussie		n.	オージー
awaits		v.	待つ
baptism		n.	洗礼
beirut		n.	ベイルート
blond		adj.	金髪の
blur		n.	ぼやけ
boogie		v.	ブギを踊る
bowel		n.	腸
brightest		adj.	最も明るい
brow		n.	眉
budapest		n.	ブダペシュト
bulbs		n.	電球
bureaucracy		n.	官僚機構
cabbage		n.	キャベツ
canton		n.	カントン
cater		v.	ケータリングする
chimney		n.	煙突
chrysler		n.	クライスラー
circulated		v.	流通する
cloudy		adj.	曇り
compassionate		adj.	思いやりのある
comrade		n.	同志
concentrating		v.	集中する
continents		n.	大陸
convertible		n.	オープンカー
cory		n.	コリー
crater		n.	クレーター
cumulative		adj.	累積の
desperation		n.	絶望
diarrhea		n.	下痢
disposed		adj.	～の傾向がある
distortion		n.	歪み
doctoral		adj.	博士の
dramas		n.	ドラマ
educator		n.	教育者
entitlement		n.	権利
faux		adj.	人造の
fearless		adj.	勇敢な
finch		n.	フィンチ
fragment		n.	断片
fulfil		v.	果たす
galaxies		n.	銀河
gangster		n.	ギャング
garner		v.	得る
gil		n.	ギル
graphs		n.	グラフ
gypsy		n.	ジプシー
harassed		adj.	嫌がらせを受けた
heater		n.	ヒーター
humiliation		n.	屈辱
impairment		n.	障害
impatient		adj.	待ち遠しい
incorporates		v.	組み込む
indy		n.	インディー
intricate		adj.	複雑な
irvine		n.	アーバイン
jensen		n.	イェンセン
karate		n.	空手
kingdoms		n.	王国
kite		n.	凱
labeling		v.	ラベルを貼る
leasing		n.	リース
lighthouse		n.	灯台
longevity		n.	長寿
lore		n.	伝承
lush		adj.	青々とした
luxurious		adj.	豪華な
mba		n.	経営学修士
messiah		n.	救世主
ministerial		adj.	大臣の
monty		n.	モンティ
motions		n.	動き
mystical		adj.	神秘的
nu		n.	ニュー
obstruction		n.	妨害
odyssey		n.	オデッセイ
onboard		adj.	搭載の
oneself		pron.	自分自身
org		n.	組織
overcoming		v.	乗り越える
palms		n.	手のひら
penetrate		v.	貫通する
phelps		n.	フェルプス
phi		n.	ファイ
philippe		n.	フィリップ
pioneers		n.	開拓者
plaintiff		n.	原告
planners		n.	計画担当者
plum		n.	プラム
plural		n.	複数
poe		n.	ポー
prevail		v.	普及する
prevailing		adj.	優勢な
publishes		v.	出版する
puff		v.	吹く
puzzles		n.	パズル
rag		n.	ぼろ布
recommending		v.	推薦する
regulating		v.	調節する
repairing		v.	修理する
repeats		v.	繰り返す
rooting		v.	根を下ろす
routing		n.	ルーティング
safeguard		v.	保護する
scaled		v.	拡大縮小する
sedan		n.	セダン
sewage		n.	下水
shoppers		n.	買い物客
simpsons		n.	シンプソンズ
slang		n.	俗語
spices		n.	香辛料
spirited		adj.	元気な
spirituality		n.	スピリチュアリティ
spoiler		n.	ネタバレ
summon		v.	召喚する
sustaining		v.	持続する
tavern		n.	居酒屋
telegram		n.	電報
titanium		n.	チタン
trailing		v.	後ろに延びる
tuck		v.	押し込む
turbulence		n.	乱気流
ulster		n.	アルスター
unesco		n.	ユネスコ
urgency		n.	緊急性
virtualprivateserver		n.	仮想専用サーバー
voip		n.	VoIP
vps		n.	VPS
ware		n.	器物
waterproof		adj.	防水の
welcomes		v.	歓迎する
whining		v.	愚痴をこぼす
wonderfully		adv.	素晴らしく
wording		n.	言い回し
zelda		n.	ゼルダ
academia		n.	学術界
accreditation		n.	認定
administer		v.	管理
aforementioned		adj.	前述の
algae		n.	藻類
alterations		n.	変更
angelo		n.	アンジェロ
apache		n.	アパッチ
ariel		n.	アリエル
articulate		adj.	明晰な
articulate		v.	明確に表現する
asbestos		n.	石綿
avoidance		n.	回避
babylon		n.	バビロン
barney		n.	バーニー
bearings		n.	方位
bearings		n.	ベアリング
boutique		n.	ブティック
bowie		n.	ボウイ
brewer		n.	醸造者
buffet		n.	ビュッフェ
buffet		v.	打ちのめす
burner		n.	バーナー
cain		n.	カイン
catcher		n.	捕手
cathy		n.	キャシー
charms		n.	魅力
charms		n.	お守り
chassis		n.	シャーシ
chores		n.	雑用
clap		v.	拍手する
clarification		n.	明確化
colder		adj.	より寒い
concluding		adj.	結末の
consoles		n.	コンソール
corresponds		v.	一致する
counters		n.	カウンター
covert		adj.	秘密の
crosby		n.	クロスビー
cunningham		n.	カニンガム
dagger		n.	短剣
dealings		n.	取引
deferred		v.	延期する
descriptive		adj.	記述的な
dialect		n.	方言
dolly		n.	ドリー
downside		n.	欠点
dryer		n.	乾燥機
dunk		v.	ダンクする
elijah		n.	エリヤ
empowerment		n.	エンパワーメント
energies		n.	エネルギー
executing		v.	実行する
expire		v.	期限が切れる
fireplace		n.	暖炉
flair		n.	才覚
fossils		n.	化石
greenwich		n.	グリニッジ
hanson		n.	ハンソン
haunt		v.	付きまとう
hayden		n.	ヘイデン
hazel		n.	ハシバミ
hazel		adj.	淡褐色の
headset		n.	ヘッドセット
hernandez		n.	エルナンデス
homecoming		n.	ホームカミング
hussein		n.	フセイン
icy		adj.	氷のような
indulge		v.	ふける
inmate		n.	受刑者
interpreter		n.	通訳
intuition		n.	直感
invaluable		adj.	非常に貴重な
jenna		n.	ジェナ
kaiser		n.	皇帝
kettle		n.	やかん
kylie		n.	カイリー
laptops		n.	ノートパソコン
lara		n.	ララ
lasers		n.	レーザー
lax		adj.	緩い
lest		conj.	～しないように
levi		n.	リーバイス
lgbt		n.	性的少数者
lilly		n.	リリー
malta		n.	マルタ
markings		n.	標識
mcgregor		n.	マクレガー
menace		n.	脅威
methane		n.	メタン
mexicans		n.	メキシコ人
ming		n.	明
misuse		v.	乱用
mitigate		v.	緩和する
mona		n.	モナ
nairobi		n.	ナイロビ
nausea		n.	吐き気
neurological		adj.	神経の
optimum		adj.	最適な
ounces		n.	オンス
oyster		n.	カキ
pastoral		adj.	田園の
patented		adj.	特許取得の
pea		n.	エンドウ
pearls		n.	真珠
physiological		adj.	生理学の
pioneering		adj.	先駆的な
pleasures		n.	喜び
poultry		n.	家禽
prominence		n.	卓越
prophets		n.	預言者
prosecute		v.	起訴する
quartet		n.	カルテット
reactive		adj.	反応性の
reboot		v.	再起動する
renamed		v.	改名する
resides		v.	居住する
restrictive		adj.	制限的な
robotic		adj.	ロボットの
runaway		adj.	暴走した
saturn		n.	土星
sawyer		n.	ソーヤー
screenplay		n.	脚本
scriptures		n.	聖典
sect		n.	宗派
seismic		adj.	地震の
seminary		n.	神学校
sheldon		n.	シェルドン
shelley		n.	シェリー
shouts		v.	叫ぶ
sideways		adv.	横に
softer		adj.	より柔らかい
sonia		n.	ソニア
specs		n.	仕様
stash		n.	隠し場所
stephens		n.	スティーブンズ
stimulating		adj.	刺激的な
striped		adj.	縞模様の
stroll		v.	散歩する
texans		n.	テキサス人
theatres		n.	劇場
tolerated		v.	許容する
totp		n.	ワンタイムパスワード
transcription		n.	書き取り
tucson		n.	ツーソン
unicorn		n.	ユニコーン
uniquely		adv.	独特に
vase		n.	花瓶
vat		n.	大桶
vineyard		n.	ぶどう園
viola		n.	ビオラ
waterfall		n.	滝
weaving		n.	織物
welding		n.	溶接
yummy		adj.	おいしい
acknowledges		v.	認める
adobe		n.	アドビ
adolescents		n.	青年
alexandra		n.	アレクサンドラ
almond		n.	アーモンド
amenities		n.	設備
antarctica		n.	南極
arabian		adj.	アラビアの
asphalt		n.	アスファルト
aviv		n.	アヴィヴ
bach		n.	バッハ
backbone		n.	背骨
bahamas		n.	バハマ
beetle		n.	甲虫
blizzard		n.	吹雪
bolivia		n.	ボリビア
booklet		n.	小冊子
bottoms		n.	底
brawl		n.	乱闘
brittany		n.	ブルターニュ
bryce		n.	ブライス
burgess		n.	バージェス
butts		n.	吸い殻
camden		n.	カムデン
cameroon		n.	カメルーン
celestial		adj.	天の
characterization		n.	性格描写
chevy		n.	シボレー
clint		n.	クリント
communicated		v.	伝える
confessions		n.	告白
conform		v.	従う
conversely		adv.	逆に
creations		n.	創造物
crud		n.	垢
cues		n.	合図
customary		adj.	慣習的な
dalton		n.	ドルトン
declines		v.	断る
devote		v.	捧げる
dinners		n.	夕食
dispose		v.	処理する
distinctly		adv.	はっきりと
evacuate		v.	避難させる
everett		n.	エベレット
exits		n.	出口
exploits		n.	武勇伝
favourable		adj.	好都合な
ferdinand		n.	フェルディナント
flourish		v.	栄える
flowering		n.	開花
fractures		n.	骨折
fragrance		n.	香り
franz		n.	フランツ
fungus		n.	菌類
gloucester		n.	グロスター
griffith		n.	グリフィス
harvesting		v.	収穫する
havana		n.	ハバナ
heroine		n.	ヒロイン
hilary		n.	ヒラリー
impending		adj.	差し迫った
insignificant		adj.	取るに足らない
insurer		n.	保険者
intercepted		v.	迎撃する
jonah		n.	ヨナ
kerala		n.	ケーララ
knowledgeable		adj.	知識豊富な
lingerie		n.	ランジェリー
lite		adj.	ライト版
localities		n.	地域
locke		n.	ロック
logos		n.	ロゴ
madden		v.	狂わせる
magician		n.	魔術師
mali		n.	マリ
maneuver		n.	機動
marrow		n.	骨髄
marvelous		adj.	素晴らしい
medicinal		adj.	薬用の
melanie		n.	メラニー
mono		adj.	モノラル
numb		adj.	しびれた
omitted		v.	省略する
originals		n.	原物
overlook		v.	見落とす
pastry		n.	ペストリー
pediatric		adj.	小児科の
persist		v.	持続する
persist		v.	粘り強く続ける
personalized		adj.	カスタマイズされた
planner		n.	プランナー
plaster		n.	プラスター
playful		adj.	遊び心のある
professions		n.	職業
quota		n.	ノルマ
randolph		n.	ランドル프
rationale		n.	理論的根拠
reap		v.	刈り取る
rebound		n.	リバウンド
recess		n.	休憩
redeem		v.	償う
regimes		n.	体制
replacements		n.	交換
residue		n.	残留物
robotics		n.	ロボット工学
runoff		n.	流出
rwanda		n.	ルワンダ
salsa		n.	サルサ
scanned		v.	スキャンする
screenshots		n.	スクリーンショット
semiconductor		n.	半導体
sentimental		adj.	感傷的な
serbian		adj.	セルビアの
shocks		n.	衝撃
simultaneous		adj.	同時の
snatch		v.	ひったくる
spikes		n.	スパイク
squeezed		v.	絞る
staffing		n.	人員配置
stanton		n.	スタントン
stealth		n.	隠密
subscribed		v.	購読する
subset		n.	部分集合
suspense		n.	サスペンス
suzanne		n.	スザンヌ
syntax		n.	構文
tad		n.	少し
tandem		n.	タンデム
tasmania		n.	タスマニア
tertiary		adj.	第三の
thyroid		n.	甲状腺
tidy		adj.	きちんとした
timeless		adj.	永遠の
tokens		n.	トークン
usable		adj.	使用可能な
vanguard		n.	先駆け
vulgar		adj.	下品な
waiver		n.	放棄
walton		n.	ウォルトン
watershed		n.	分水嶺
weave		v.	織る
wilkinson		n.	ウィルキンソン
wiring		n.	配線
yan		n.	ヤン
adrenaline		n.	アドレナリン
alexa		n.	アレクサ
alleviate		v.	緩和する
amd		n.	AMD
anarchy		n.	無政府状態
ashore		adv.	岸へ
aura		n.	オーラ
ballroom		n.	舞踏場
beginner		n.	初心者
beginners		n.	初心者
bermuda		n.	バミューダ
bilingual		adj.	二か国語の
bombings		n.	爆撃
bonded		adj.	保税の
boyle		n.	ボイル
brenda		n.	ブレンダ
brewers		n.	醸造業者
briggs		n.	ブリッグス
buchanan		n.	ブキャナン
buckingham		n.	バッキンガム
bundles		n.	束
calcutta		n.	カルカッタ
canopy		n.	天蓋
chennai		n.	チェンナイ
cherish		v.	大切にする
comb		n.	くし
completes		v.	完了する
complexes		n.	複合体
conceal		v.	隠す
cores		n.	コア
cruiser		n.	巡洋艦
cruising		v.	巡航する
curl		v.	カールする
dart		v.	疾走する
denim		n.	デニム
dependency		n.	依存
detecting		v.	検出する
dew		n.	露
dickens		n.	ディケンズ
disable		v.	無効にする
disconnected		adj.	切断された
dosage		n.	用量
dysfunction		n.	機能不全
ecosystems		n.	生態系
encyclopedia		n.	百科事典
endowment		n.	基金
engraved		adj.	彫刻された
enrichment		n.	豊かにすること
erect		v.	建てる
erection		n.	勃起
examiner		n.	試験官
exercised		v.	行使する
exeter		n.	エクセター
expenditures		n.	支出
expires		v.	期限が切れる
fauna		n.	動物相
fidelity		n.	忠実
finely		adv.	細かく
fischer		n.	フィッシャー
flirt		v.	flirtする
flirt		n.	浮気者
fluent		adj.	流暢な
flute		n.	フルート
footprint		n.	足跡
fore		adj.	前部の
forefront		n.	最前線
formulated		v.	定式化する
freshwater		n.	淡水
grouped		v.	グループ化する
harden		v.	固まる
hardened		adj.	硬化した
henri		n.	アンリ
hepatitis		n.	肝炎
howe		n.	ハウ
huntington		n.	ハンティントン
inherit		v.	相続する
initiation		n.	開始
injections		n.	注射
integrating		v.	統合する
ions		n.	イオン
joanna		n.	ジョアンナ
kensington		n.	ケンジントン
lafayette		n.	ラファイエット
listener		n.	聴衆
lockdown		n.	封鎖
mandarin		n.	標準中国語
mast		n.	マスト
matte		adj.	艶消しの
mccartney		n.	マッカート니
middleton		n.	ミドルトン
mixes		v.	混ぜる
morse		n.	モールス
mounts		v.	登る
niagara		n.	ナイアガラ
nicotine		n.	ニコチン
nora		n.	ノラ
nordic		adj.	北欧の
notions		n.	観念
outward		adj.	外向の
packaged		v.	包装する
packets		n.	小包
paige		n.	ペイジ
peanuts		n.	ピーナッツ
pep		n.	元気
piracy		n.	海賊行為
practise		v.	練習する
presses		v.	押す
rave		v.	狂騒する
reeves		n.	リーブス
reno		n.	リノ
resembling		v.	似ている
residual		adj.	残留の
restricting		v.	制限する
robe		n.	ローブ
rye		n.	ライ麦
sails		n.	帆
sensational		adj.	Sensational
smokers		n.	喫煙者
socket		n.	ソケット
spanning		v.	スパンする
specifics		n.	詳細
spouses		n.	配偶者
starve		v.	飢える
stool		n.	スツール
stripping		v.	剥ぐこと
subscriber		n.	契約者
systematically		adv.	体系的に
tex		n.	Tex
tibet		n.	チベット
toledo		n.	トレド
tread		v.	踏む
tread		n.	トレッド
tsunami		n.	津波
typed		v.	タイプした
tyranny		n.	専制
tyres		n.	タイヤ
unfit		adj.	不適切な
uphold		v.	支持하다
vita		n.	履歴
volunteering		n.	ボランティア
warwick		n.	ウォリック
waterloo		n.	ワーテルロー
weeds		n.	雑草
weir		n.	堰
wonderland		n.	不思議の国
zoning		n.	ゾーニング
accessibility		n.	アクセシビリティ
airplanes		n.	飛行機
aloud		adv.	声を出して
angular		adj.	角のある
anterior		adj.	前の
appendix		n.	付録
appendix		n.	虫垂
approx		adv.	約
auditorium		n.	講堂
augustine		n.	アウグスティヌス
barking		v.	吠えること
bauer		n.	Bauer
benign		adj.	良性の
berkshire		n.	バークシャー
bios		n.	BIOS
bleach		v.	漂白する
boast		v.	自慢する
bowen		n.	Bowen
brandy		n.	ブランデー
brethren		n.	兄弟
carving		n.	彫刻
cecil		n.	セシル
chemist		n.	化学者
coastline		n.	海岸線
cobra		n.	コブラ
collaborate		v.	協力する
compensated		v.	補償した
cosmos		n.	宇宙
councillors		n.	議員
cuff		n.	カフ
curling		n.	カーリング
cyclone		n.	サイクロン
dedicate		v.	捧げる
deleting		v.	削除する
deposition		n.	堆積
deposition		n.	証言
derive		v.	導出する
derive		v.	由来する
descend		v.	降りる
descending		v.	降りる
diligence		n.	勤勉
discriminate		v.	差別する
distributions		n.	分布
diversion		n.	転換
doorway		n.	出入口
drilled		v.	穴を開ける
emailed		v.	メールを送る
empower		v.	権限を与える
ernst		n.	エルンスト
ethiopian		n.	エチオピア人
ethiopian		adj.	エチオピアの
excerpt		n.	抜粋
ezra		n.	エズラ
fabricated		v.	捏造する
filmmakers		n.	映画製作者
filtered		v.	ろ過する
gatherings		n.	集い
georgian		n.	グルジア人
georgian		adj.	グルジアの
getaway		n.	逃走
glamour		n.	魅力
humphrey		n.	ハンフリー
icp		n.	コンテンツプロバイダ
imap		n.	メールアクセスプロトコル
inbox		n.	受信箱
incidentally		adv.	ちなみに
infinitely		adv.	無限に
influenza		n.	インフルエンザ
informs		v.	知らせる
inspected		v.	検査する
instructional		adj.	教育の
introductory		adj.	入門の
jaguar		n.	ジャガー
judgments		n.	判断
laurent		n.	ローラン
licking		v.	舐める
ling		n.	リングアス
loft		n.	屋根裏
lois		n.	ロイス
mediated		v.	仲介する
mediation		n.	調停
merrill		n.	メリル
metrics		n.	指標
modular		adj.	モジュール式の
nutrient		n.	栄養素
oslo		n.	オスロ
outlaw		n.	無法者
outlaw		v.	違法とする
oversee		v.	監督する
parachute		n.	パラシュート
parasite		n.	寄生虫
perennial		adj.	多年生の
persistence		n.	粘り強さ
persistence		n.	永続性
porto		n.	ポルト
postage		n.	郵便料金
preschool		n.	幼稚園
procedural		adj.	手続きの
profoundly		adv.	深く
prohibit		v.	禁止する
pronunciation		n.	発音
quotation		n.	引用
registers		n.	レジスタ
repression		n.	弾圧
reprinted		v.	再版する
resolving		v.	解決する
roaring		adj.	うなり声の
salisbury		n.	ソールズベリー
seasoned		adj.	経験豊富な
sigma		n.	シグマ
simulations		n.	シミュレーション
specializing		v.	専門とする
spectator		n.	観客
stalls		n.	屋台
stripe		n.	縞
symmetry		n.	対称
syndicate		n.	シンジケート
thornton		n.	ソーントン
tibetan		adj.	チベットの
tighten		v.	締める
townsend		n.	タウンゼント
trustworthy		adj.	信頼できる
tyre		n.	タイヤ
ultrasound		n.	超音波
usher		n.	案内係
vacations		n.	休暇
vascular		adj.	血管の
vets		n.	獣医
watkins		n.	ワトキンス
weiss		n.	ワイス
wholesome		adj.	健康的
wiley		n.	ワイリー
yielded		v.	生み出す
absorbing		adj.	魅了的な
adjoining		adj.	隣接した
albuquerque		n.	アルバカーキ
alternating		adj.	交互の
ancestry		n.	先祖
annex		v.	併合する
antibiotic		n.	抗生物質
avenues		n.	大通り
avid		adj.	熱心な
avoids		v.	避ける
badges		n.	バッジ
barbados		n.	バルバドス
barge		n.	はしけ
bert		n.	バート
birch		n.	カバノキ
bland		adj.	味気ない
blended		adj.	混合した
bohemian		adj.	ボヘミアの
bounded		v.	境を接する
bows		n.	弓
breastfeeding		n.	母乳育児
bribe		n.	賄賂
bridal		adj.	花嫁の
broadcasts		v.	放送する
broadcasts		n.	放送
broccoli		n.	ブロッコリー
buckle		n.	バックル
buckle		v.	留め具で留める
burlington		n.	バーリントン
cannes		n.	カンヌ
canoe		n.	カヌー
centred		v.	中心に置く
chords		n.	コード
cider		n.	サイダー
cobb		n.	コブ
correlated		v.	相互関係がある
correspond		v.	一致する
correspond		v.	文通する
cradle		n.	ゆりかご
damien		n.	ダミアン
dayton		n.	デイトン
deficits		n.	赤字
despise		v.	軽蔑する
diocese		n.	教区
dispersed		v.	散らばる
docs		n.	ドキュメント
eliot		n.	エリオット
enriched		v.	豊かにする
equip		v.	装備する
foley		n.	フォーリー
fulton		n.	フルトン
garments		n.	衣類
goldberg		n.	ゴールドバーグ
growers		n.	栽培者
handler		n.	ハンドラ
havoc		n.	大混乱
hive		n.	巣箱
honolulu		n.	ホノルル
humid		adj.	湿った
hyderabad		n.	ハイデラバード
illuminated		v.	照らす
implants		n.	インプラント
influencing		v.	影響する
jackpot		n.	ジャックポット
kangaroo		n.	カンガルー
klaus		n.	クラウス
knowingly		adv.	わざと
lex		n.	レックス
liberia		n.	リベリア
lithuania		n.	リトアニア
litre		n.	リットル
locomotive		n.	機関車
longing		n.	憧れ
mailed		v.	郵送する
mapped		v.	地図にする
marcel		n.	マルセル
mating		v.	交尾する
mesa		n.	メサ
microscope		n.	顕微鏡
milky		adj.	乳白色の
mixer		n.	ミキサー
modeled		v.	モデル化する
multiply		v.	掛ける
narcotics		n.	麻薬
nuggets		n.	ナゲット
nuisance		n.	厄介なもの
obedience		n.	服従
obligated		adj.	義務のある
organise		v.	組織する
outing		n.	遠足
overdue		adj.	期限の過ぎた
overload		n.	過負荷
payable		adj.	支払可能の
picturesque		adj.	絵のように美しい
pillows		n.	枕
pivot		n.	軸
preventive		adj.	予防の
primer		n.	入門書
profitability		n.	収益性
provoke		v.	挑発する
pulmonary		adj.	肺の
rad		n.	ラド
raspberry		n.	ラズベリー
reconcile		v.	和解させる
regression		n.	回帰
roaming		n.	ローミング
router		n.	ルーター
routines		n.	ルーティン
ryder		n.	ライダー
sabbath		n.	安息日
schneider		n.	シュナイダー
schwartz		n.	シュワルツ
scouting		n.	スカウト
secretaries		n.	秘書
selfies		n.	自撮り
seminars		n.	セミナー
shortages		n.	不足
shovel		n.	シャベル
skinner		n.	スキナー
specializes		v.	専門とする
splits		v.	分割する
statutes		n.	法令
striving		v.	努力する
surname		n.	苗字
synonymous		adj.	同義の
tackling		v.	取り組む
tai		n.	タイ
tallest		adj.	最も背が高い
tedious		adj.	退屈な
toxins		n.	毒素
utilization		n.	利用
volkswagen		n.	フォルクスワーゲン
wink		v.	ウィンクする
woodward		n.	ウッドワード
yugoslavia		n.	ユーゴスラビア
actresses		n.	女優
adhd		n.	注意欠陥多動症
ancestor		n.	祖先
arbor		n.	アーバー
astronomical		adj.	天文の
authored		v.	執筆する
autograph		n.	サイン
automobiles		n.	自動車
axle		n.	車軸
barley		n.	大麦
beyonce		n.	ビヨンセ
botanical		adj.	植物の
bottled		v.	瓶詰めにする
braces		n.	矯正器具
brag		v.	自慢する
breakout		n.	脱走
chanel		n.	シャネル
cheque		n.	小切手
cisco		n.	シスコ
clarified		v.	明らかにする
cling		v.	しがみつく
coco		n.	ココ
coincide		v.	一致する
commemorate		v.	記念する
commits		v.	コミットする
concurrent		adj.	同時の
corrupted		adj.	破損した
coventry		n.	コヴェントリー
crocodile		n.	ワニ
derrick		n.	やぐら
diaper		n.	おむつ
differentiation		n.	区別
dine		v.	食事をする
disadvantaged		adj.	恵まれない
disadvantages		n.	欠点
dissolve		v.	溶かす
dubious		adj.	疑わしい
dudley		n.	ダドリー
elk		n.	ヘラジカ
expectancy		n.	期待
fielding		v.	守備する
fingerprint		n.	指紋
fisherman		n.	漁師
flap		n.	はたき
folklore		n.	民俗
galactic		adj.	銀河の
gardener		n.	庭師
getty		n.	ゲッティ
grassroots		n.	草の根
grazing		v.	放牧する
guinness		n.	ギネス
gunshot		n.	銃声
habitats		n.	生息地
hailed		v.	歓呼する
homestead		n.	農場
horsepower		n.	馬力
hue		n.	色相
insurers		n.	保険会社
intellect		n.	知性
interchange		n.	インターチェンジ
isabella		n.	イザベラ
jihad		n.	ジハード
knob		n.	つまみ
kristen		n.	クリステン
lapse		n.	lapse
lapse		v.	lapse
laundering		n.	マネーロンダリング
ledger		n.	元帳
loaf		n.	パン一本
loaf		v.	ぶらつく
lodged		v.	滞在する
login		n.	ログイン
loot		n.	戦利品
loot		v.	略奪する
lorenzo		n.	Lorenzo
magnesium		n.	マグネシウム
malware		n.	マルウェア
mclaren		n.	McLaren
motorcycles		n.	オートバイ
myriad		n.	無数
myriad		adj.	無数の
nan		n.	おばあちゃん
nasal		adj.	鼻の
nautical		adj.	航海の
northampton		n.	ノーサンプトン
noteworthy		adj.	注目に値する
odor		n.	臭い
oprah		n.	Oprah
organising		v.	組織する
overwatch		n.	監視
paddle		n.	パドル
paddle		v.	パドルを漕ぐ
parrot		n.	オウム
parrot		v.	そっくりそのまま言う
patel		n.	Patel
peg		n.	ペグ
peg		v.	固定する
pesticides		n.	農薬
pixels		n.	ピクセル
plunge		v.	急落する
plunge		n.	飛び込み
pragmatic		adj.	実用的
quasi		adj.	準
radiant		adj.	輝く
reese		n.	Reese
refinery		n.	製油所
revoked		v.	取り消す
rhymes		n.	韻
sanity		n.	正気
scandinavian		n.	スカンディナビア人
scandinavian		adj.	スカンディナビアの
scotia		n.	スコシア
scratched		v.	引っかく
sears		n.	Sears
showdown		n.	対決
shuffle		v.	シャッフルする
shuffle		n.	シャッフル
siding		n.	サイディング
simulated		adj.	シミュレーションの
skyline		n.	スカイライン
slab		n.	厚板
stacks		n.	スタック
stocking		n.	ストッキング
subscriptions		n.	サブスクリプション
suites		n.	スイート
supplemental		adj.	補足の
tariff		n.	関税
techno		n.	テクノ
teller		n.	銀行員
textiles		n.	繊維
therapies		n.	療法
trance		n.	トランス
translating		v.	翻訳する
traveller		n.	旅行者
unforgettable		adj.	忘れられない
vacancies		n.	空き
violates		v.	違反する
volatility		n.	変動
weaken		v.	弱める
webcam		n.	ウェブカメラ
wen		n.	脂肪腫
weston		n.	ウェストン
xavier		n.	ザビエル
yorker		n.	ヨーカー
abolish		v.	廃止する
accessing		v.	アクセスする
accommodations		n.	宿泊
accumulate		v.	蓄積する
ajax		n.	アヤックス
ama		n.	AMA
ammo		n.	弾薬
analysed		v.	分析する
andreas		n.	アンドレアス
angelina		n.	アンジェリーナ
anthology		n.	選集
antiques		n.	骨董品
anyhow		adv.	とにかく
arrivals		n.	到着
assemblies		n.	集会
auditor		n.	監査役
avalanche		n.	雪崩
azerbaijan		n.	アゼルバイジャン
badger		n.	アナグマ
ballistic		adj.	弾道の
becker		n.	ベッカー
bidder		n.	入札者
birthdays		n.	誕生日
blackburn		n.	ブラックバーン
blockbuster		n.	ヒット作
blueprint		n.	青写真
broadcasters		n.	放送局
byrne		n.	バーン
cadillac		n.	キャデラック
cameo		n.	カメオ出演
cassidy		n.	キャシディ
chromosome		n.	染色体
clarkson		n.	クラークソン
claus		n.	クラウス
comcast		n.	コムキャスト
commencement		n.	卒業式
concede		v.	認める
conducts		v.	行う
converse		v.	話す
correcting		v.	訂正する
corrosion		n.	腐食
crib		n.	ベビーベッド
crossroads		n.	交差点
deter		v.	阻止する
diner		n.	ダイナー
disneyland		n.	ディズニーランド
disposition		n.	性質
documentaries		n.	ドキュメンタリー
ecstasy		n.	恍惚
eliza		n.	エライザ
emphasizes		v.	強調する
empowering		v.	権限を与える
engagements		n.	婚約
envoy		n.	使節
estonia		n.	エストニア
expiration		n.	満了
expressly		adv.	明確に
fabrication		n.	捏造
facilitated		v.	促進する
fascination		n.	魅了
fir		n.	モミ
foreigner		n.	外国人
formulation		n.	定式化
francs		n.	フラン
frontal		adj.	正面の
fungi		n.	菌類
gonzalez		n.	ゴンサレス
gradient		n.	勾配
gwen		n.	グウェン
herring		n.	ニシン
hires		v.	雇用する
hopper		n.	ホッパー
hysterical		adj.	ヒステリーの
implant		n.	インプラント
incompatible		adj.	両立しない
injunction		n.	差し止め命令
jays		n.	カケス
jeremiah		n.	エレミヤ
jude		n.	ジュード
kathryn		n.	キャスリン
keynote		n.	基調講演
kidnap		v.	誘拐する
kiev		n.	キエフ
krishna		n.	クリシュナ
lama		n.	ラマ
lcd		n.	液晶
learners		n.	学習者
liquidcrystaldisplay		n.	液晶ディスプレイ
liquids		n.	液体
mclean		n.	マクレーン
meats		n.	肉類
michele		n.	ミシェル
motivational		adj.	動機づけの
natasha		n.	ナターシャ
nightly		adv.	毎晩
noir		n.	フィルム・ノワール
notwithstanding		prep.	にもかかわらず
originating		v.	起源する
pans		n.	フライパン
pauline		n.	ポーリン
paw		n.	肉球
pharmaceuticals		n.	医薬品
pianist		n.	ピアニスト
placebo		n.	プラセボ
podcasts		n.	ポッドキャスト
pointers		n.	ポインタ
postpone		v.	延期する
punt		v.	パントする
repetition		n.	繰り返し
retrospective		n.	回顧
revise		v.	改訂する
righteousness		n.	正義
rinse		v.	すすぐ
robbins		n.	ロビンズ
rss		n.	RSS
sal		n.	Sal
schultz		n.	シュルツ
scrolling		n.	スクロール
sealing		n.	密封
sheds		n.	小屋
shutter		n.	シャッター
smartest		adj.	最も賢い
spans		v.	及ぶ
sparrow		n.	スズメ
speculate		v.	推測する
spinach		n.	ホウレンソウ
stew		n.	シチュー
stirling		n.	スターリング
strauss		n.	シュトラウス
styling		n.	スタイリング
sublime		adj.	崇高な
subtitles		n.	字幕
teamwork		n.	チームワーク
terrestrial		adj.	陸の
textures		n.	質感
thorn		n.	刺
thug		n.	チンピラ
tit		n.	シジュウカラ
totals		n.	合計
tulsa		n.	タルサ
ufo		n.	未確認飛行物体
uncover		v.	暴く
usb-a		n.	USB-A
virtues		n.	美徳
volvo		n.	ボルボ
vouchers		n.	クーポン
waived		v.	放棄する
wharf		n.	波止場
wiser		adj.	より賢い
wrestle		v.	レスリングをする
yates		n.	イェイツ
accountants		n.	会計士
addison		n.	アディソン
alberto		n.	アルベルト
alto		n.	アルト
analyse		v.	分析する
anomaly		n.	異常
aperture		n.	絞り
apostles		n.	使徒
apprenticeship		n.	修業
aspire		v.	切望する
benches		n.	ベンチ
biodiversity		n.	生物多様性
biomedical		adj.	生物医学の
breadth		n.	幅
buster		n.	バスター
cascade		n.	滝
casinos		n.	カジノ
centralized		adj.	中央集権の
char		n.	文字
concord		n.	一致
connector		n.	コネクタ
connie		n.	コニー
consolidate		v.	統合する
containment		n.	封じ込め
coupling		n.	結合
crate		n.	木箱
dane		n.	デーン人
dillon		n.	ディロン
diluted		adj.	薄めた
eddy		n.	渦
establishes		v.	設立する
experimentation		n.	実験
extremes		n.	極端
flashback		n.	回想
fluctuations		n.	変動
forecasting		n.	予測
friedman		n.	フリードマン
ftp		n.	ファイル転送プロトコル
gail		n.	ゲイル
gloss		n.	光沢
grading		n.	採点
grips		n.	グリップ
horizons		n.	地平線
hush		v.	静める
ibn		n.	イブン
imitation		n.	模倣
immersion		n.	没入
interfaces		n.	インターフェース
intrinsic		adj.	固有の
joanne		n.	ジョアン
kittens		n.	子猫
landmarks		n.	ランドマーク
landslide		n.	地すべり
leah		n.	リア
makeover		n.	イメチェン
marcos		n.	マルコス
maureen		n.	モーリーン
melodies		n.	旋律
memorandum		n.	覚書
mercer		n.	服地商
mermaid		n.	人魚
moderation		n.	節度
moroccan		adj.	モロッコの
nano		n.	ナノ
notation		n.	記法
ordeal		n.	試練
paranormal		adj.	超常の
paso		n.	峠
pear		n.	梨
piston		n.	ピストン
plugs		n.	プラグ
pollen		n.	花粉
principals		n.	校長
reggae		n.	レゲエ
respectfully		adv.	丁重に
reviewer		n.	査読者
reviewers		n.	査読者
rewrite		v.	書き直す
rewrite		n.	書き直し
rodeo		n.	ロデオ
sheridan		n.	シェリダン
sherwood		n.	シャーウッド
shire		n.	州
sinks		n.	流し
sinks		v.	沈む
slit		n.	切れ目
stockings		n.	ストッキング
stuffing		n.	詰め物
substituted		v.	置き換える
sutherland		n.	サザーランド
taboo		n.	タブー
throttle		n.	スロットル
tides		n.	潮汐
trendy		adj.	流行の
trimmed		v.	刈り込む
trivia		n.	雑学
turbulent		adj.	乱暴な
underage		adj.	未成年の
unleashed		v.	解き放つ
visas		n.	ビザ
vortex		n.	渦
voucher		n.	証書
wand		n.	杖
warmed		v.	温まる
advert		n.	広告
afforded		v.	〜する余裕がある
alias		n.	別名
anaheim		n.	アナハイム
annoy		v.	悩ませる
antibody		n.	抗体
apostle		n.	使徒
applaud		v.	拍手する
arteries		n.	動脈
asians		n.	アジア人
belarus		n.	ベラルーシ
billie		n.	ビリー
bondage		n.	緊縛
boredom		n.	退屈
bowman		n.	弓兵
breeders		n.	繁殖者
brilliantly		adv.	見事に
brunch		n.	ブランチ
buckley		n.	バックリー
burgundy		n.	ブルゴーニュ
cabinets		n.	戸棚
carlisle		n.	カーライル
carolyn		n.	キャロリン
castles		n.	城
changer		n.	チェンジャー
chestnut		n.	栗
cleaners		n.	清掃員
cleanup		n.	掃除
clemson		n.	クレムソン
cocks		n.	雄鶏
cocks		v.	乱扱う
compose		v.	構成する
compose		v.	作曲する
concise		adj.	簡潔な
confinement		n.	監禁
confinement		n.	出産
consultancy		n.	コンサルティング
contraction		n.	収縮
contraction		n.	縮約形
convergence		n.	収束
criterion		n.	基準
cummings		n.	カミングズ
cylinders		n.	円柱
cylinders		n.	シリンダー
deduction		n.	推論
deduction		n.	控除
detectors		n.	検出器
dialog		n.	対話
digestive		adj.	消化の
diminish		v.	減らす
disclaimer		n.	免責事項
disconnect		v.	切断する
discriminatory		adj.	差別的な
dorset		n.	ドーセット
endlessly		adv.	果てしなく
enthusiast		n.	愛好家
epilepsy		n.	てんかん
estimation		n.	推定
ethanol		n.	エタノール
excavation		n.	発掘
feeder		n.	フィーダー
feeder		n.	支線
flashlight		n.	懐中電灯
garland		n.	花輪
globalization		n.	グローバル化
gpu		n.	グラフィック処理装置
graphical		adj.	図形の
grouping		n.	グループ化
harding		n.	ハーディング
iced		adj.	氷の
illustrator		n.	イラストレーター
imbalance		n.	不均衡
implicated		v.	巻き込む
initials		n.	イニシャル
instrumentation		n.	計測機器
instrumentation		n.	管弦楽法
kappa		n.	カッパ
ketchup		n.	ケチャップ
leukemia		n.	白血病
levine		n.	レヴァイン
lineage		n.	血統
liter		n.	リットル
lorraine		n.	ロレーヌ
lyons		n.	リヨン
manpower		n.	人的資源
marley		n.	マーリー
martyr		n.	殉教者
masturbation		n.	自慰
mitigation		n.	緩和
motorway		n.	高速道路
obscene		adj.	わいせつな
octopus		n.	タコ
onward		adv.	前へ
opium		n.	アヘン
ovarian		adj.	卵巣の
peck		v.	ついばむ
permitting		v.	許す
petals		n.	花弁
picasso		n.	ピカソ
pierced		v.	貫く
pistols		n.	拳銃
plight		n.	苦境
ponds		n.	池
presiding		v.	議長を務める
propulsion		n.	推進
registering		v.	登録する
rejoice		v.	喜ぶ
reproduced		v.	複製する
rihanna		n.	リアーナ
roam		v.	歩き回る
sandals		n.	サンダル
serpent		n.	蛇
sesame		n.	ゴマ
sicily		n.	シチリア
simplify		v.	簡略化する
siren		n.	サイレン
slater		n.	スレーター
sleeper		n.	寝台車
smear		v.	塗る
smear		n.	中傷
snowy		adj.	雪の
spectral		adj.	スペクトルの
spectral		adj.	幽霊の
spoilers		n.	ネタバレ
stains		n.	汚れ
stalk		n.	茎
stalk		v.	追跡する
standings		n.	順位
statesman		n.	政治家
subcommittee		n.	小委員会
suffice		v.	足りる
surrounds		v.	囲む
swat		v.	ひっぱたく
tram		n.	路面電車
tutorials		n.	チュートリアル
underwood		n.	アンダーウッド
underworld		n.	極道
underworld		n.	冥界
vectors		n.	ベクトル
vertically		adv.	垂直に
vigorous		adj.	力強い
yum		int.	うまい
zion		n.	シオン
alcoholism		n.	アルコール依存症
amplifier		n.	アンプ
auctions		n.	競売
audible		adj.	聞こえる
avocado		n.	アボカド
avon		n.	アヴォン
baskets		n.	かご
beep		n.	ビープ音
beneficiaries		n.	受益者
biscuit		n.	ビスケット
bitterness		n.	苦さ
brat		n.	小僧
bunk		n.	寝台
bunk		n.	でたらめ
candid		adj.	率直한
carts		n.	カート
ceilings		n.	天井
cervical		adj.	頸の
checklist		n.	チェックリスト
cherokee		n.	チェロキー
cheshire		n.	チェシャー
cinderella		n.	シンデレラ
clamp		n.	クランプ
clamp		v.	締め付ける
competitiveness		n.	競争力
composers		n.	作曲家
confidentiality		n.	機密性
configurations		n.	構成
contradiction		n.	矛盾
counselling		n.	カウンセリング
cracker		n.	クラッカー
cracker		n.	花火
crackers		n.	クラッカー
cumberland		n.	カンバーランド
cunning		adj.	狡猾한
cunning		n.	狡猾
daly		n.	デイリー
diabetic		adj.	糖尿病の
diabetic		n.	糖尿病患者
diaspora		n.	ディアスポラ
digitally		adv.	デジタルに
dorsal		adj.	背の
durability		n.	耐久性
endeavour		n.	努力
endeavour		v.	努力する
enroll		v.	登録する
ernie		n.	アーニー
evidenced		v.	証明する
extracts		n.	抽出物
extracts		v.	抽出する
farrell		n.	ファレル
forks		n.	フォーク
forks		n.	分岐
gadget		n.	ガジェット
gasp		v.	あえぐ
gasp		n.	あえぎ
genital		adj.	生殖器の
gong		n.	ゴング
graded		v.	段階化する
graders		n.	探点者
greasy		adj.	脂っこい
grooming		n.	身だしなみ
grooming		n.	グルーミング
hacks		n.	ハック
hamburger		n.	ハンバーガー
homepage		n.	ホームページ
hoops		n.	フープ
how's		adv.	いかが
howell		n.	ハウエル
imaginative		adj.	想像力に富んだ
implicit		adj.	暗黙の
inlet		n.	入江
inlet		n.	入口
insensitive		adj.	鈍感な
interpreting		v.	通訳する
islanders		n.	島民
jars		n.	瓶
keystone		n.	要石
knitting		n.	編み物
kramer		n.	クレイマー
layered		adj.	層になった
lieu		n.	場所
liquidity		n.	流動性
loch		n.	湖
lola		n.	ローラ
lotion		n.	ローション
lows		n.	低い値
lsp		n.	LSP
lucia		n.	ルーシャ
lutheran		n.	ルター派
mains		n.	主要な部分
mara		n.	マラ
marquis		n.	侯爵
mayhem		n.	大混乱
mens		n.	紳士物
merging		v.	合併
mould		n.	鋳型
neuroscience		n.	神経科学
niger		n.	ニジェール
nipple		n.	乳首
pasadena		n.	パサデナ
pearce		n.	ピアース
pinnacle		n.	頂点
plated		adj.	めっきした
pong		n.	ピンポン
poorest		adj.	最も貧しい
programmers		n.	プログラマー
prosper		v.	繁栄する
psi		n.	Psi（ギリシャ文字）
quake		n.	地震
quake		v.	震える
qualitative		adj.	定性的
queries		n.	質問
racer		n.	レーサー
radial		adj.	放射状の
realms		n.	領域
recap		v.	要約する
recognizable		adj.	認識できる
regent		n.	摂政
resumes		v.	再開する
resumes		n.	履歴書
revisions		n.	改訂
riodejaneiro		n.	リオデジャネイロ
roadside		n.	道端
saskatchewan		n.	サスカチュワン
scratches		v.	ひっかく
scratches		n.	傷
secretariat		n.	事務局
sew		v.	縫う
sham		n.	偽物
sham		adj.	偽の
slayer		n.	殺し屋
soothing		adj.	心を落ち着かせる
specialised		adj.	専門の
statistic		n.	統計値
steward		n.	客室乗務員
steward		n.	執事
stout		adj.	頑丈な
stripper		n.	ストリッパー
stump		n.	切り株
stump		v.	困らせる
subordinate		n.	部下
subordinate		adj.	従属の
tentative		adj.	暫定の
topical		adj.	時事の
transforms		v.	変換する
uneasy		adj.	不安な
unfold		v.	広げる
variance		n.	差異
vested		adj.	既得の
walters		n.	ウォルターズ
wavelength		n.	波長
workload		n.	仕事量
ageing		v.	老いる
aigc		n.	AIGC
aux		adj.	補助の
bead		n.	ビーズ
blackmail		n.	恐喝
blending		v.	混合
blindness		n.	盲目
cafeteria		n.	カフェテリア
canary		n.	カナリア
capacities		n.	能力
cardio		n.	有酸素運動
caucasian		adj.	白人の
ceramics		n.	陶磁器
cheats		v.	欺く
chilean		n.	チリ人
clauses		n.	条項
clumsy		adj.	不器用な
commuter		n.	通勤者
contingency		n.	不測の事態
cupboard		n.	食器棚
customized		adj.	カスタマイズされた
defences		n.	防御
deprivation		n.	欠乏
dewey		n.	デューイ
diversified		adj.	多様化した
documenting		v.	記録する
downing		v.	飲み干す
duly		adv.	適切に
dusk		n.	夕暮れ
edits		n.	編集
enchanted		adj.	魔法をかけられた
environmentally		adv.	環境的に
episcopal		adj.	主教の
everlasting		adj.	永遠の
feasibility		n.	実現可能性
federally		adv.	連邦的に
flavored		adj.	風味の
formulas		n.	公式
frenzy		n.	熱狂
fridays		adv.	毎週金曜日に
fuckers		n.	クソ野郎
fulfillment		n.	遂行
godfather		n.	ゴッドファーザー
gould		n.	グールド
gran		n.	おばあちゃん
groundwater		n.	地下水
heidi		n.	ハイジ
hyundai		n.	ヒュンダイ
illusions		n.	幻想
indifferent		adj.	無関心な
inject		v.	注射する
interiors		n.	内部
invariably		adv.	必ず
jams		n.	ジャム
jubilee		n.	記念祭
kia		n.	キア
kinetic		adj.	運動の
lam		n.	逃走
latvia		n.	ラトビア
laurence		n.	ローレンス
lavender		n.	ラベンダー
lodging		n.	宿泊
lowell		n.	ローウェル
malls		n.	ショッピングモール
mania		n.	熱狂
medically		adv.	医学的に
menus		n.	メニュー
mule		n.	ラバ
nathaniel		n.	ナサニエル
neutron		n.	中性子
newcomers		n.	新参者
nicaragua		n.	ニカラグア
nicholson		n.	ニコルソン
occupations		n.	職業
oecd		n.	OECD
orderly		adj.	整然とした
orderly		n.	伝令
orient		v.	方向付ける
orion		n.	オリオン
outset		n.	開始
patio		n.	パティオ
peacock		n.	クジャク
pepsi		n.	ペプシ
pines		n.	マツ
plugged		v.	差し込む
postcard		n.	葉書
pow		int.	ドン
precursor		n.	前兆
preferable		adj.	望ましい
preparatory		adj.	準備の
prism		n.	プリズム
questionnaire		n.	アンケート
reclaim		v.	取り戻す
redevelopment		n.	再開発
reflex		n.	反射
relocate		v.	移転する
renal		adj.	腎臓の
repayment		n.	返済
residences		n.	住居
rhythms		n.	リズム
riddle		n.	なぞなぞ
rivera		n.	リベラ
roach		n.	ゴキブリ
roe		n.	魚の卵
royalties		n.	ロイヤリティ
saddam		n.	サダム
santaclaus		n.	サンタクロース
sapphire		n.	サファイア
seam		n.	縫い目
sectional		adj.	断面の
servicing		n.	メンテナンス
shrinking		v.	縮む
simulate		v.	シミュレートする
sioux		n.	スー族
sloan		n.	スローン
sniff		v.	嗅ぐ
soaring		adj.	急上昇の
soaring		n.	舞い上がり
soluble		adj.	可溶性の
solvent		n.	溶媒
solvent		adj.	支払能力のある
spaced		adj.	間隔を置いた
squid		n.	イカ
stamford		n.	スタンフォード
stocked		adj.	在庫のある
sturdy		adj.	丈夫な
swarm		n.	群れ
swarm		v.	群がる
tanker		n.	タンカー
taxis		n.	タクシー
terra		n.	テラ
timetable		n.	時刻表
torpedo		n.	魚雷
trolley		n.	台車
vaginal		adj.	腟の
vance		n.	ヴァンス
verbs		n.	動詞
viability		n.	実行可能性
villas		n.	別荘
whispered		v.	ささやく
widening		v.	広げる
winged		adj.	翼のある
wrought		v.	鍛える
yearbook		n.	年鑑
ache		v.	痛む
ache		n.	痛み
advises		v.	助言する
afro		n.	アフロヘア
anchors		n.	錨
appraisal		n.	評価
aqua		n.	アクア
aspen		n.	ポプラ
atlantis		n.	アトランティス
augustus		n.	アウグストゥス
barnett		n.	バーネット
baylor		n.	ベイラー
bernstein		n.	バーンスタイン
bleak		adj.	荒涼とした
bleak		adj.	暗い
blender		n.	ミキサー
bogus		adj.	偽の
bridget		n.	ブリジット
burt		n.	バート
cages		n.	檻
caldwell		n.	コールドウェル
centric		adj.	中心の
chaired		v.	議長を務める
chlorine		n.	塩素
chow		n.	食べ物
chow		n.	チャウチャウ
chubby		adj.	ふっくらした
clement		n.	クレメント
contractual		adj.	契約上の
correctional		adj.	矯正の
corridors		n.	廊下
creamy		adj.	クリーミーな
cubes		n.	立方体
deterioration		n.	悪化
diapers		n.	おむつ
dirk		n.	短剣
discreet		adj.	慎重な
dizzy		adj.	めまいがする
dustin		n.	ダスティン
evaluations		n.	評価
everest		n.	エベレスト
exporting		v.	輸出する
expressive		adj.	表現的な
facilitating		v.	促進する
fiddle		n.	バイオリン
flaming		adj.	燃えている
folds		v.	折る
garfield		n.	ガーフィールド
generalized		adj.	一般化した
glossy		adj.	光沢のある
gregg		n.	グレッグ
grit		n.	砂利
harassing		v.	嫌がらせする
hectares		n.	ヘクタール
hobart		n.	ホバート
homelessness		n.	ホームレス状態
hostel		n.	ホステル
hound		n.	猟犬
illegitimate		adj.	違法の
illicit		adj.	違法の
importing		v.	輸入する
insomnia		n.	不眠症
interception		n.	迎撃
juniors		n.	後輩
karaoke		n.	カラオケ
kosovo		n.	コソボ
lagoon		n.	ラグーン
lesions		n.	病変
limp		adj.	弱々しい
linguistics		n.	言語学
locating		v.	位置を特定する
manitoba		n.	マニトバ
manufactures		v.	製造する
mastering		v.	習得する
mead		n.	蜂蜜酒
mergers		n.	合併
migrate		v.	移住する
miraculous		adj.	奇跡的な
moaning		v.	うめく
mourn		v.	悼む
nay		adv.	いいや
ngo		n.	NGO
nielsen		n.	ニールセン
obsessive		adj.	強迫的な
pendant		n.	ペンダント
petite		adj.	小柄な
petitions		n.	請願
pimp		n.	ポン引き
pipelines		n.	パイプライン
poised		adj.	落ち着いた
posterior		adj.	後部の
pouch		n.	ポーチ
predicts		v.	予測する
prescriptions		n.	処方
probes		n.	プローブ
proficiency		n.	熟練
reinforcement		n.	強化
repertoire		n.	レパートリー
repository		n.	リポジトリ
rumble		v.	ゴロゴロ鳴る
saloon		n.	サロン
sanction		n.	制裁
sexes		n.	性
shack		n.	小屋
sire		n.	陛下
smtp		n.	SMTP
stale		adj.	古くなった
stereotype		n.	ステレオタイプ
sterile		adj.	無菌の
stride		n.	歩幅
stringent		adj.	厳しい
sulfur		n.	硫黄
suzuki		n.	スズキ
therapists		n.	セラピスト
torrent		n.	急流
trainee		n.	研修生
transmitting		v.	伝送する
tummy		n.	お腹
uploading		v.	アップロードする
vaughan		n.	Vaughan
vivian		n.	Vivian
warehouses		n.	倉庫
whack		v.	強打する
wichita		n.	ウィチタ
wilmington		n.	ウィルミントン
wwdc		n.	WWDC
zambia		n.	ザンビア
accelerator		n.	アクセラレータ
acrylic		adj.	アクリルの
acrylic		n.	アクリル
ames		n.	エイムズ
anchorage		n.	アンカレッジ
approves		v.	承認する
atkinson		n.	アトキンソン
ballad		n.	バラード
basel		n.	バーゼル
bel		n.	ベル
betray		v.	裏切る
betsy		n.	ベッシー
biotechnology		n.	バイオテクノロジー
bookstore		n.	書店
boone		n.	ブーン
bots		n.	ボット
breakers		n.	ブレーカー
broom		n.	ほうき
browne		n.	ブラウン
buffy		n.	バフィ
cary		n.	ケーリー
catalan		n.	カタルーニャ語
chiefly		adv.	主に
childbirth		n.	出産
compliant		adj.	準拠した
continuum		n.	連続体
corona		n.	コロナ
cruises		n.	クルーズ
cultivate		v.	培養する
dealership		n.	販売店
decker		n.	デッカー
defy		v.	反抗する
della		n.	デラ
denotes		v.	示す
devoid		adj.	欠けている
diagrams		n.	図
dickinson		n.	ディキンソン
diva		n.	ディーヴァ
divert		v.	転換する
drawers		n.	引き出し
drawers		n.	ブリーフ
eater		n.	食べる人
eaton		n.	イートン
elegance		n.	優雅
encrypted		v.	暗号化された
escorts		v.	護衛する
extraordinarily		adv.	並外れて
farmhouse		n.	農家
fertilizer		n.	肥料
filler		n.	詰め物
fishes		n.	魚類
flea		n.	ノミ
footwear		n.	履物
fritz		n.	フリッツ
froze		v.	凍った
giovanni		n.	ジョヴァンニ
goodies		n.	良いもの
greenland		n.	グリーンランド
handbag		n.	ハンドバッグ
handicapped		adj.	障害のある
haze		n.	もや
headquartered		v.	本社を置く
helium		n.	ヘリウム
hemp		n.	麻
hitch		v.	ヒッチハイクする
hutchinson		n.	ハッチンソン
inhibitors		n.	阻害剤
intrusion		n.	侵入
inverse		adj.	逆の
inverted		adj.	逆さまの
irritation		n.	いら立ち
juices		n.	ジュース
julio		n.	フリオ
keywords		n.	キーワード
libyan		adj.	リビアの
livingston		n.	リビングストン
mansfield		n.	マンスフィールド
mckenzie		n.	マッケンジー
merlin		n.	マーリン
midland		n.	内陸
miscellaneous		adj.	雑多な
morrow		n.	翌日
moto		n.	バイク
mozart		n.	モーツァルト
mutants		n.	突然変異体
muted		adj.	消音の
noodle		n.	麺
nylon		n.	ナイロン
override		v.	上書きする
ozone		n.	オゾン
pac-man		n.	パックマン
papua		n.	パプア
paving		n.	鋪装
peruvian		adj.	ペルーの
phosphate		n.	リン酸塩
physicist		n.	物理学者
piping		n.	配管
prescott		n.	プレスコット
prohibits		v.	禁じる
proton		n.	陽子
redesign		v.	再設計する
rentals		n.	レンタル
reopen		v.	再開する
replication		n.	複製
rotor		n.	回転子
sediment		n.	堆積物
spacing		n.	間隔
standby		n.	待機
straps		n.	ストラップ
stumble		v.	つまずく
supermarkets		n.	スーパーマーケット
talbot		n.	タルボット
therein		adv.	そこに
triangular		adj.	三角の
ubiquitous		adj.	どこにでもある
vega		n.	ベガ
visionary		adj.	先見の
voodoo		n.	ブードゥー
wigan		n.	ウィガン
wilder		adj.	より野性的な
witchcraft		n.	妖術
agile		adj.	敏捷な
aides		n.	補佐官
aristotle		n.	アリストテレス
artifact		n.	人工物
axes		n.	軸
axes		n.	斧
beethoven		n.	ベートーヴェン
biking		v.	サイクリングする
boob		n.	胸
bouquet		n.	花束
browning		n.	ブラウニング
bullock		n.	去勢牛
cad		n.	卑劣な男
cartridges		n.	カートリッジ
carve		v.	彫る
clubhouse		n.	クラブハウス
coarse		adj.	粗い
collegiate		adj.	大学の
commonplace		adj.	平凡な
commonplace		n.	ありふれた言葉
compute		v.	計算する
conan		n.	コナン
constrained		adj.	制限された
contemplate		v.	熟考する
converter		n.	変換器
coop		n.	鶏小屋
coronary		adj.	冠動脈の
cottages		n.	コテージ
cucumber		n.	きゅうり
darts		n.	ダーツ
deco		n.	デコ
depict		v.	描く
diagnose		v.	診断する
directorate		n.	理事会
diver		n.	ダイバー
dora		n.	ドラ
dotted		adj.	点のある
embarrass		v.	恥ずかしくさせる
emmanuel		n.	エマニュエル
encompasses		v.	包含する
enquiry		n.	照会
evergreen		adj.	常緑の
excerpts		n.	抜粋
explorers		n.	探検家
fades		v.	色あせる
fedex		n.	フェデックス
figs		n.	イチジク
filth		n.	汚れ
firefox		n.	ファイアーフォックス
foliage		n.	葉
foreclosure		n.	差し押さえ
fortnight		n.	2週間
genie		n.	ジニー
georges		n.	ジョルジュ
goo		n.	ねばねば
goodwin		n.	グッドウィン
helper		n.	助手
hoop		n.	輪
hypertension		n.	高血圧
indefinite		adj.	不明確な
indices		n.	指数
insightful		adj.	洞察に富んだ
invitations		n.	招待
ipswich		n.	イプスウィッチ
irrespective		adv.	かかわらず
jacks		n.	ジャック
jeanne		n.	ジャンヌ
kyoto		n.	京都
leases		n.	賃貸契約
levin		n.	レヴィン
mackay		n.	マッケイ
marian		n.	マリアン
melts		v.	溶ける
michaels		n.	マイケルズ
moderator		n.	モデレーター
momma		n.	ママ
monstrous		adj.	巨大な
moran		n.	モラン
morphology		n.	形態学
nasdaq		n.	ナスダック
natal		adj.	出生の
nodded		v.	頷く
novice		n.	初心者
obituary		n.	訃報
olivier		n.	オリヴィエ
ordination		n.	叙任
owls		n.	フクロウ
parity		n.	同等
paterson		n.	パターソン
percentages		n.	パーセンテージ
pests		n.	害虫
philips		n.	フィリップス
proactive		adj.	先取りの
projector		n.	プロジェクター
prudent		adj.	慎重な
qualifier		n.	予選
quincy		n.	クインシー
radios		n.	ラジオ
refining		v.	精製する
regretted		v.	後悔する
reputable		adj.	評判の良い
revolving		v.	回転する
ricardo		n.	リカルド
ripple		n.	さざ波
salts		n.	塩
sampled		v.	サンプリングする
scrolls		n.	巻物
seeker		n.	探求者
sentinel		n.	歩哨
signalling		v.	信号を送る
slovenia		n.	スロベニア
solemn		adj.	厳粛な
spacious		adj.	広々とした
spheres		n.	球体
stacey		n.	ステイシー
substantive		adj.	実質的な
substitution		n.	置換
tobago		n.	トバゴ
torah		n.	トーラー
torso		n.	胴体
transcripts		n.	成績証明書
trojan		n.	トロイの木馬
tumble		v.	転ぶ
unpublished		adj.	未発表の
vitality		n.	活力
wc		n.	トイレ
windshield		n.	フロントガラス
wolfe		n.	ウルフ
zodiac		n.	黄道帯
accession		n.	就任
alvin		n.	アルヴィン
amateurs		n.	アマチュア
anders		n.	アンダース
archived		v.	アーカイブする
arithmetic		n.	算数
auditions		n.	オーディション
authoritative		adj.	権威ある
barren		adj.	不毛の
basal		adj.	基底の
bedding		n.	寝具
bender		n.	酒盛り
bethlehem		n.	ベツレヘム
bicycles		n.	自転車
bourgeois		adj.	ブルジョアの
braking		n.	ブレーキ
brunette		n.	ブロンドでない女性
cactus		n.	サボテン
carlson		n.	カールソン
cassette		n.	カセット
childcare		n.	育児
chocolates		n.	チョコレート
chronological		adj.	年代順の
cleavage		n.	分裂
clones		n.	クローン
cohort		n.	集団
commandments		n.	戒律
conceive		v.	思いつく
condensed		adj.	濃縮された
convened		v.	召集する
demos		n.	デモ
deviation		n.	逸脱
diffusion		n.	拡散
dildo		n.	ディルド
embark		v.	乗り出す
empires		n.	帝国
entrepreneurial		adj.	起業家の
ether		n.	エーテル
etiquette		n.	エチケット
exhibiting		v.	展示する
extravagant		adj.	贅沢な
familiarity		n.	熟知
fender		n.	フェンダー
ferris		n.	フェリス
fetal		adj.	胎児の
fiance		n.	婚約者
fittings		n.	取付具
flushing		v.	流す
flushing		v.	赤面する
fn		n.	関数
gorge		n.	峡谷
greenwood		n.	緑林
harp		n.	ハープ
hartley		n.	ハートレー
hoodie		n.	パーカー
housewife		n.	主婦
housewives		n.	主婦
hubs		n.	ハブ
incorporation		n.	合併
insure		v.	保険をかける
kelley		n.	ケリー
kimberly		n.	キンバリー
lacrosse		n.	ラクロス
lars		n.	ラース
latex		n.	ラテックス
localized		adj.	局所的な
lori		n.	ローリ
malibu		n.	マリブ
mammoth		n.	マンモス
modem		n.	モデム
motif		n.	モチーフ
openness		n.	開放性
opt		v.	選ぶ
optimized		v.	最適化する
oversized		adj.	特大の
paolo		n.	パオロ
patton		n.	パットン
peril		n.	危険
polly		n.	ポリー
posh		adj.	高級な
precaution		n.	予防
principally		adv.	主に
professionalism		n.	プロフェッショナリズム
puppets		n.	操り人形
rampage		v.	暴れ回る
recharge		v.	充電する
reliably		adv.	確実に
renovations		n.	改修
retina		n.	網膜
riff		n.	リフ
rosen		n.	ローゼン
rossi		n.	ロッシ
rutgers		n.	ラトガーズ大
sahara		n.	Sahara
scattering		n.	散乱
scrape		v.	削る
semantic		adj.	意味論的
shear		v.	せん断
sherry		n.	シェリー
silicone		n.	シリコーン
slovakia		n.	スロバキア
sly		adj.	ずるい
smiley		n.	スマイリー
smithsonian		n.	スミソニアン
snoop		v.	詮索する
sponsoring		v.	後援する
strands		n.	束
strife		n.	紛争
superheroes		n.	スーパーヒーロー
tenor		n.	テノール
thrift		n.	倹約
transformations		n.	変換
traverse		v.	横断する
turnaround		n.	転換
uterus		n.	子宮
validate		v.	検証する
warranted		adj.	正当な
wildcats		n.	ヤマネコ
yielding		v.	屈する
zebra		n.	シマウマ
aces		n.	エース
aft		adv.	船尾に
albion		n.	イングランド
anesthesia		n.	麻酔
appropriation		n.	流用
appropriation		n.	予算措置
aria		n.	アリア
articulated		v.	表明する
babes		n.	赤ん坊
barefoot		adj.	はだしの
bartlett		n.	バートレット
bethesda		n.	ベセスダ
blackpool		n.	ブラックプール
bournemouth		n.	ボーンマス
britney		n.	ブリトニー
bruised		v.	打撲する
cabins		n.	キャビン
checkpoint		n.	チェックポイント
chloride		n.	塩化物
classify		v.	分類する
clinically		adv.	臨床的に
coca-cola		n.	コカ・コーラ
cocky		adj.	生意気な
coefficient		n.	係数
collisions		n.	衝突
conditioner		n.	エアコン
consultations		n.	相談
conversions		n.	変換
cornerstone		n.	礎石
correctness		n.	正しさ
dentistry		n.	歯科
desks		n.	机
detainees		n.	被拘束者
dictated		v.	口述する
dino		n.	恐竜
disks		n.	ディスク
disks		n.	円盤
eff		int.	えっ
elton		n.	エルトン
encore		n.	アンコール
epstein		n.	エプスタイン
err		v.	過ちを犯す
espresso		n.	エスプレッソ
evade		v.	回避する
fab		adj.	すばらしい
fairs		n.	市
freshmen		n.	新入生
futile		adj.	無駄な
gloomy		adj.	陰気な
graceful		adj.	優雅な
hanoi		n.	ハノイ
heist		n.	強盗
hewitt		n.	ヒューイット
hinder		v.	妨げる
horseback		n.	馬上
hospice		n.	ホスピス
hotline		n.	ホットライン
inhibition		n.	抑制
integer		n.	整数
interdisciplinary		adj.	学際的な
intermittent		adj.	断続的な
iteration		n.	反復
kitchens		n.	台所
langley		n.	ラングリー
liners		n.	ライナー
madagascar		n.	マダガスカル
magnum		n.	マグナム
malay		n.	マライ語
mandates		n.	委託
maxim		n.	格言
melancholy		n.	憂鬱
meteorological		adj.	気象の
misty		adj.	霧の
modifying		v.	修正
mop		n.	モップ
multicultural		adj.	多文化の
negligible		adj.	無視できる
nesting		n.	入れ子
nudity		n.	裸体
oceanic		adj.	海洋の
ornaments		n.	装飾品
outpost		n.	前哨基地
outputs		n.	出力
overflow		v.	あふれる
oxidation		n.	酸化
panorama		n.	パノラマ
pascal		n.	パスカル
peep		v.	覗く
pencils		n.	鉛筆
pervasive		adj.	普及した
pickle		n.	ピクルス
pinky		n.	小指
predatory		adj.	捕食の
preface		n.	序文
prescribe		v.	処方する
rainforest		n.	熱帯雨林
raphael		n.	ラファエロ
reddish		adj.	赤みがかった
refurbished		adj.	再生した
reprint		v.	再版する
rockies		n.	ロッキー山脈
roommates		n.	ルームメイト
roulette		n.	ルーレット
rounding		n.	四捨五入
rowing		n.	ボート漕ぎ
rulings		n.	裁定
samoa		n.	サモア
samson		n.	サムソン
satin		n.	サテン
scatter		v.	散らす
scramble		v.	争奪する
scraps		n.	スクラップ
semantics		n.	意味論
skeletal		adj.	骨格の
slows		v.	遅くする
snapshot		n.	スナップショット
soar		v.	舞い上がる
soar		v.	急騰する
spherical		adj.	球形の
spotting		n.	発見
sprinkle		v.	振りかける
spruce		n.	トウヒ
spruce		adj.	きちんとした
squared		adj.	平方の
stacy		n.	ステイシー
standalone		adj.	スタンドアロンの
stimuli		n.	刺激
thinker		n.	思想家
troublesome		adj.	厄介な
tumour		n.	腫瘍
twain		n.	マーク・トウェイン
uncertainties		n.	不確実性
utopia		n.	ユートピア
vanish		v.	消える
visibly		adv.	目に見えて
waterways		n.	水路
wetlands		n.	湿地
whitman		n.	ホイットマン
abigail		n.	アビゲイル
abrupt		adj.	突然の
acronym		n.	頭字語
advertiser		n.	広告主
affidavit		n.	宣誓供述書
antony		n.	アントニー
asserts		v.	断言する
astrology		n.	占星術
attachments		n.	添付ファイル
authorize		v.	承認する
barrow		n.	一輪車
binds		v.	縛る
biographical		adj.	伝記の
biomass		n.	バイオマス
blouse		n.	ブラウス
borrowers		n.	借手
botany		n.	植物学
bras		n.	ブラジャー
bulldog		n.	ブルドッグ
caterpillar		n.	毛虫
censored		adj.	検閲された
chatter		n.	おしゃべり
compile		v.	コンパイルする
compressor		n.	コンプレッサー
compton		n.	コンプトン
conferred		v.	授与する
cooke		n.	クック
deadlines		n.	締め切り
deceive		v.	欺く
denny		n.	デニー
diminishing		adj.	減少する
directional		adj.	方向の
ditto		pron.	同上
doctorate		n.	博士号
doncaster		n.	ドンカスター
dues		n.	会費
dumbest		adj.	最も愚かな
dwellings		n.	住居
electrode		n.	電極
elemental		adj.	元素の
elevate		v.	高める
eliminates		v.	排除する
encoding		n.	エンコーディング
excludes		v.	除外する
exemplary		adj.	模範的な
fife		n.	フライフ
gemini		n.	双子座
gifs		n.	ジ GIF画像
gland		n.	腺
gotcha		n.	落とし穴
gutter		n.	側溝
hearty		adj.	心のこもった
hillside		n.	山腹
hovering		v.	浮く
impartial		adj.	公正な
imprint		n.	刻印
incremental		adj.	増分の
infused		v.	注ぐ
inhibitor		n.	抑制剤
initiating		v.	開始する
inquire		v.	尋ねる
insulated		adj.	断熱された
jogging		n.	ジョギング
jumbo		adj.	巨大な
katz		n.	カッツ
keyboards		n.	キーボード
kraft		n.	クラフト
lash		n.	まつ毛
latina		n.	ラティーナ
macrumors		n.	MacRumors
magnets		n.	磁石
manuals		n.	マニュアル
marianne		n.	マリアンヌ
meridian		n.	子午線
midi		n.	MIDI
misfortune		n.	不幸
mondays		n.	月曜日
mountainous		adj.	山が多い
newfoundland		n.	ニューファンドランド
olsen		n.	オルセン
pilgrim		n.	巡礼者
positives		n.	陽性
purdue		n.	パデュー大学
qualifies		v.	合格する
rake		n.	熊手
recalling		v.	思い出す
resent		v.	恨む
royale		n.	ロイヤル
rumour		n.	噂
safeguards		n.	保護策
senegal		n.	セネガル
sequencing		n.	配列決定
shapiro		n.	シャピロ
shea		n.	シア butter
shorten		v.	短くする
slime		n.	粘液
sow		v.	蒔く
sparkle		v.	きらめく
spawn		v.	産卵する
sql		n.	SQL
synopsis		n.	あらすじ
tanya		n.	ターニャ
toddlers		n.	幼児
tristan		n.	トリスタン
validated		v.	検証する
variability		n.	変動性
waltz		n.	ワルツ
wooded		adj.	樹木の繁った
adhesive		n.	接着剤
adorned		v.	飾る
affluent		adj.	裕福な
anguish		n.	苦悶
annals		n.	年代記
antitrust		adj.	反トラストの
arid		adj.	乾燥した
avg		n.	平均
bandit		n.	盗賊
bazaar		n.	バザール
beneficiary		n.	受益者
biker		n.	バイカー
birthplace		n.	出生地
bono		n.	ボノ
bracelets		n.	ブレスレット
brides		n.	花嫁
brochure		n.	パンフレット
brokerage		n.	仲介業
carpets		n.	絨毯
chats		n.	チャット
cigars		n.	葉巻
closures		n.	閉鎖
cobalt		n.	コバルト
collier		n.	炭鉱労働者
commodore		n.	代将
compiler		n.	コンパイラ
conserve		v.	保存する
constellation		n.	星座
contour		n.	輪郭
crispy		adj.	パリパリの
daytona		n.	デイトナ
decidedly		adv.	断然
depreciation		n.	減価償却
designate		v.	指名する
discard		v.	捨てる
div		n.	配当
dixie		n.	Dixie
dunes		n.	砂丘
dyke		n.	堤防
eclectic		adj.	折衷的な
eta		n.	イータ
eyebrow		n.	眉
firefighter		n.	消防士
fluorescent		adj.	蛍光の
francois		n.	フランソワ
hallmark		n.	特徴
hanover		n.	ハノーファー
harrington		n.	ハリントン
haste		n.	急ぎ
heathrow		n.	ヒースロー
identifiable		adj.	識別可能な
illiterate		adj.	無学の
improvised		adj.	即興の
inclination		n.	傾向
interpersonal		adj.	対人関係の
interracial		adj.	人種間の
inward		adj.	内向の
ipo		n.	新規株式公開
jarvis		n.	ジャーヴィス
johann		n.	ヨハン
jolie		n.	ジョリー
judd		n.	ジャッド
kaplan		n.	カプラン
kinky		adj.	変態の
lenny		n.	レニー
lessen		v.	減らす
longitudinal		adj.	縦の
loosen		v.	緩める
macedonia		n.	マケドニア
mandy		n.	マンディ
mcgee		n.	マギー
mcgraw		n.	マグロウ
microscopic		adj.	顕微鏡の
moan		n.	うめき
morphine		n.	モルヒネ
motorola		n.	モトローラ
nirvana		n.	涅槃
opaque		adj.	不透明の
originate		v.	起源する
otter		n.	カワウソ
percussion		n.	打楽器
pigment		n.	顔料
plato		n.	プラトン
predictive		adj.	予測の
proofs		n.	証明
pulses		n.	パルス
racks		n.	棚
refunds		n.	払い戻し
registrar		n.	登録官
rein		n.	手綱
retard		v.	遅らせる
reuse		v.	再利用する
reyes		n.	レイエス
ritchie		n.	リッチー
roadway		n.	車道
rustic		adj.	田舎の
rutherford		n.	ラザフォード
sanitary		adj.	衛生的な
saturation		n.	飽和
scams		n.	詐欺
scarcity		n.	希少性
scorpion		n.	サソリ
setback		n.	挫折
shrubs		n.	低木
slippers		n.	スリッパ
smoker		n.	喫煙者
soho		n.	ソーホー
squeezing		v.	絞る
stimulated		v.	刺激する
stun		v.	気絶させる
surpass		v.	超える
tack		n.	画鋲
tagging		v.	タグ付け
tart		n.	タルト
tart		adj.	酸っぱい
transformer		n.	変圧器
transient		adj.	一時的な
triumphant		adj.	勝利の
vending		v.	販売する
wallets		n.	財布
weep		v.	泣く
welch		v.	不払いをする
wi-fi		n.	ワイヤレス
woes		n.	苦悩
wrench		n.	レンチ
wretched		adj.	惨めな
adler		n.	アドラー
affirmed		v.	断言する
allowances		n.	手当
ammonia		n.	アンモニア
analogous		adj.	類似の
anglican		adj.	英国国教の
animations		n.	アニメーション
ant-man		n.	アントマン
appropriations		n.	支出
apron		n.	エプロン
archaic		adj.	古風な
attribution		n.	帰属
benton		n.	ベントン
biochemistry		n.	生化学
boise		n.	ボイシ
bop		v.	踊る
bordeaux		n.	ボルドー
burr		n.	バリ
carbs		n.	炭水化物
cavaliers		n.	騎士
censor		n.	検閲官
censor		v.	検閲する
centennial		n.	百年祭
cheney		n.	チェイニー
cher		n.	シェール
clover		n.	クローバー
coatings		n.	塗料
cookbook		n.	料理の本
corinthians		n.	コリント
cosmopolitan		adj.	国際的な
counselors		n.	相談役
covid		n.	コロナ
coyote		n.	コヨーテ
decorate		v.	飾る
decorating		v.	飾る
deductible		n.	控除額
diagonal		n.	対角線
diagonal		adj.	対角の
dresser		n.	鏡台
duff		adj.	粗悪な
ebooks		n.	電子書籍
elm		n.	ニレ
enquiries		n.	問い合わせ
equitable		adj.	公正な
estrogen		n.	エストロゲン
exert		v.	及ぼす
expeditions		n.	探検
faculties		n.	能力
faculties		n.	教員
fernandez		n.	フェルナンデス
feudal		adj.	封建的な
fins		n.	ひれ
flattened		adj.	平らにされた
fleece		n.	羊毛
fleece		v.	だまし取る
forwarded		v.	転送する
galloway		n.	ギャロウェイ
glare		n.	まぶしさ
glare		v.	にらむ
gourmet		n.	美食家
handheld		adj.	手持ちの
hayward		n.	ヘイワード
helsinki		n.	ヘルシンキ
herbal		adj.	ハーブの
horton		n.	ホートン
hump		n.	こぶ
implements		n.	道具
implements		v.	実施する
incest		n.	近親相姦
infect		v.	感染する
infect		v.	汚染する
insertion		n.	挿入
interruption		n.	中断
intrigue		n.	陰謀
intrigue		v.	陰謀を企てる
jacqueline		n.	ジャクリーン
joaquin		n.	ホアキン
lattice		n.	格子
leroy		n.	ルロイ
lowers		v.	下げる
materially		adv.	実質的に
metadata		n.	メタデータ
middlesex		n.	ミドルセックス
mischief		n.	いたずら
mischief		n.	損害
modernization		n.	近代化
necessities		n.	必需品
neptune		n.	海王星
occupancy		n.	占有
oman		n.	オマーン
oncology		n.	腫瘍学
outsourcing		n.	アウトソーシング
parcels		n.	小包
pasture		v.	放牧する
payload		n.	ペイロード
payout		n.	支払い
persia		n.	ペルシャ
pertinent		adj.	関連のある
plentiful		adj.	豊富な
plumber		n.	配管工
png		n.	PNG画像
porno		n.	ポルノ
portfolios		n.	ポートフォリオ
preserves		n.	ジャム
promoters		n.	発起人
purchaser		n.	購入者
realty		n.	不動産
reminders		n.	リマインダー
repealed		v.	廃止する
reptiles		n.	爬虫類
ribbons		n.	リボン
santo		n.	Santo
satirical		adj.	風刺的な
sensual		adj.	感覚的な
soften		v.	柔らかくする
sos		n.	SOS
souvenir		n.	記念品
spaceship		n.	宇宙船
sparse		adj.	まばらな
steamer		n.	蒸気船
suction		n.	吸引
sunflower		n.	ひまわり
supplementary		adj.	補足の
surveyor		n.	測量士
swallowing		n.	嚥下
tailed		adj.	尾のある
temperament		n.	気質
topless		adj.	トップレスの
torment		n.	苦悶
tyrant		n.	暴君
undesirable		adj.	好ましくない
url		n.	URL
vineyards		n.	ぶどう園
wastes		v.	浪費
wastes		n.	廃棄物
wastewater		n.	排水
webpage		n.	ウェブページ
wheeled		adj.	車輪付きの
whipping		n.	むち打ち
withheld		v.	差し控える
withholding		n.	源泉徴収
wreath		n.	花輪
akron		n.	アクロン
albania		n.	アルバニア
angie		n.	アンジー
annuity		n.	年金
appliance		n.	電化製品
authentication		n.	認証
azure		n.	青空
azure		adj.	紺碧の
berger		n.	ベルジェ
blowjob		n.	フェラチオ
braun		n.	ブラウン
breeder		n.	ブリーダー
cadet		n.	士官候補生
catfish		n.	ナマズ
clerical		adj.	事務の
clerical		adj.	聖職者の
collage		n.	コラージュ
complimentary		adj.	賛美の
complimentary		adj.	無料の
computation		n.	計算
conspicuous		adj.	目立つ
continual		adj.	絶え間ない
contradict		v.	反論する
cords		n.	ひも
cupcake		n.	カップケーキ
distinguishing		adj.	区別する
dyer		n.	染料職人
enamel		n.	ホーロー
escalate		v.	エスカレートする
exceedingly		adv.	非常に
excessively		adv.	過度に
fetched		v.	取ってきた
flashed		v.	閃いた
fostering		v.	育成
frontline		n.	最前線
genealogy		n.	系譜
geographically		adv.	地理的に
gibraltar		n.	ジブラルタル
giggle		v.	くすくす笑う
goggles		n.	ゴーグル
graphite		n.	黒鉛
gupta		n.	グプタ
haitian		adj.	ハイチの
heaviest		adj.	最も重い
herpes		n.	ヘルペス
hostess		n.	ホステス
iceberg		n.	氷山
ignite		v.	点火する
illumination		n.	照明
ingenious		adj.	巧妙な
janice		n.	ジャニス
landfill		n.	埋立地
larson		n.	ラーソン
learner		n.	学習者
maldives		n.	モルディブ
maroon		adj.	えび茶色の
marriott		n.	マリオット
masonry		n.	石積み
maui		n.	マウイ島
moor		v.	係留する
nigger		n.	ニガー（蔑称）
oily		adj.	脂っこい
parkway		n.	パークウェイ
pedestal		n.	台座
pedigree		n.	血統
phony		adj.	偽の
pleasantly		adv.	気持ちよく
pluto		n.	冥王星
ponder		v.	熟考する
ramon		n.	ラモン
rattle		v.	ガラガラ鳴らす
recycle		v.	リサイクルする
reimbursement		n.	払い戻し
renault		n.	ルノー
renee		n.	ルネ
revert		v.	復帰する
rolex		n.	ロレックス
rowe		n.	ロウ
rubin		n.	ルービン
saliva		n.	唾液
senseless		adj.	無意味な
sermons		n.	説教
shortcut		n.	近道
skye		n.	スカイ島
slay		v.	殺す
summarized		v.	要約する
sweeney		n.	スウィーニー
synth		n.	シンセ
tammy		n.	タミー
taxable		adj.	課税対象の
transmissions		n.	伝送
treadmill		n.	ランニングマシン
trucking		n.	トラック輸送
vie		v.	競う
wasp		n.	スズメ蜂
whores		n.	売春婦
yin		n.	陰
academies		n.	アカデミー
adherence		n.	遵守
adjective		n.	形容詞
adjourned		v.	休会する
amplified		v.	増幅する
angola		n.	アンゴラ
appellate		adj.	上訴の
approving		v.	承認する
ascension		n.	昇天
aspirin		n.	アスピリン
bard		n.	吟遊詩人
blends		v.	混ぜる
bog		n.	湿原
boxed		adj.	箱入りの
bungalow		n.	バンガロー
burglar		n.	泥棒
calibration		n.	校正
cams		n.	カム
capitalize		v.	大文字にする
charisma		n.	カリスマ
cheltenham		n.	チェルトナム
chesapeake		n.	チェサピーク
classmate		n.	クラスメート
cognition		n.	認知
cooker		n.	炊事用具
coupe		n.	クーペ
cylindrical		adj.	円柱形の
deem		v.	見なす
deficiencies		n.	欠乏
devout		adj.	敬虔な
dickson		n.	ディクソン
disturbances		n.	妨害
dracula		n.	ドラキュラ
ebony		n.	黒檀
eileen		n.	アイリーン
embroidered		adj.	刺繍された
embryo		n.	胚
eminem		n.	エミネム
fiesta		n.	祭り
friedrich		n.	フリードリヒ
gilmore		n.	ギルモア
glazed		adj.	光沢のある
griffiths		n.	グリフィス
hardwood		n.	広葉樹
hendrix		n.	ヘンドリックス
hinges		n.	蝶番
houghton		n.	ホートン
indispensable		adj.	不可欠な
ingram		n.	イングラム
inhibit		v.	抑制する
interstellar		adj.	星間の
intoxicated		adj.	酔った
involuntary		adj.	不随意の
issuance		n.	発行
itchy		adj.	かゆい
jojo		n.	ジョジョ
laos		n.	ラオス
latch		n.	掛け金
likeness		n.	類似
lofty		adj.	崇高な
loom		n.	織機
maharashtra		n.	マハーラーシュトラ
maize		n.	トウモロコシ
malice		n.	悪意
mazda		n.	マツダ
mcmahon		n.	マクマホン
melvin		n.	メルビン
milestones		n.	マイルストーン
milford		n.	ミルフォード
milling		n.	フライス加工
minnie		n.	ミニー
mitsubishi		n.	三菱
mods		n.	モッド
mongolia		n.	モンゴル
myrtle		n.	ギンバイカ
oop		n.	オブジェクト指向
originality		n.	独創性
orioles		n.	オリオールズ
ornamental		adj.	観賞用の
pancreatic		adj.	膵臓の
partnering		v.	提携する
pdf		n.	PDF
pebble		n.	小石
pharmacist		n.	薬剤師
phillies		n.	フィリーズ
picky		adj.	えり好みする
pistons		n.	ピストン
poole		n.	プール
pretoria		n.	プレトリア
profiling		n.	プロファイリング
prompts		n.	プロンプト
propagation		n.	伝播
psychedelic		adj.	幻覚剤の
radiator		n.	ラジエーター
randomized		adj.	無作為化された
regal		adj.	王の
relativity		n.	相対性理論
ridicule		n.	嘲笑
ridicule		v.	嘲笑する
rocker		n.	ロッカー
sculptor		n.	彫刻家
shalt		v.	〜すべきである
sleek		adj.	光沢のある
slew		v.	多数
sling		v.	投げる
sling		n.	スリング
solicitors		n.	弁護士
stockton		n.	ストックトン
stratford		n.	ストラトフォード
studs		n.	スタッド
sturgeon		n.	チョウザメ
syllabus		n.	シラバス
textual		adj.	テキストの
toad		n.	ヒキガエル
ventura		n.	ベンチュラ
visitation		n.	訪問
viva		int.	バンザーイ
washer		n.	ワッシャー
washer		n.	洗濯機
werner		n.	ウェルナー
wick		n.	芯
achieves		v.	達成する
additive		n.	添加物
advantageous		adj.	有利な
aero		adj.	航空の
agility		n.	敏捷性
alba		n.	アルバ
alteration		n.	変更
annoyance		n.	悩み
anon		adv.	まもなく
ante		prep.	…の前に
bdsm		n.	BDSM
belmont		n.	ベルモント
bidders		n.	入札者
blooms		n.	花
blooms		v.	咲く
boating		n.	ボート遊び
bonfire		n.	たき火
bookings		n.	予約
canine		adj.	犬の
canine		n.	犬歯
capsules		n.	カプセル
carb		n.	キャブレター
carb		n.	炭水化物
carver		n.	彫刻師
causal		adj.	因果の
centrally		adv.	中心的に
cheerleader		n.	チアリーダー
christy		n.	クリスティ
clifton		n.	クリフトン
corvette		n.	コルベット
dashboard		n.	ダッシュボード
deficient		adj.	欠乏した
degenerate		v.	退化する
degenerate		adj.	堕落した
demonic		adj.	悪魔の
dun		adj.	狐褐色の
envelopes		n.	封筒
estimating		v.	見積もる
excursion		n.	遠足
exemptions		n.	免除
exponential		adj.	指数の
flickr		n.	Flickr
fling		v.	投げる
fling		n.	奔放
frankenstein		n.	フランケンシュタイン
fudge		n.	ファッジ
fudge		v.	ごまかす
glide		v.	滑る
grieve		v.	悲しむ
gucci		n.	グッチ
harmonic		adj.	調和の
harmonic		n.	倍音
headlights		n.	ヘッドライト
holistic		adj.	全体論的な
ict		n.	情報通信技術
inhabit		v.	住む
invoke		v.	発動する
invoked		v.	発動する
josephine		n.	ジョゼフィーヌ
kiwi		n.	キウイ
kiwi		n.	キーウィ
licences		n.	ライセンス
limo		n.	リムジン
lulu		n.	ルル
lux		n.	ルクス
malawi		n.	マラウイ
malignant		adj.	悪性の
maverick		n.	異端児
mend		v.	直す
mentoring		n.	指導
microbial		adj.	微生物の
migraine		n.	片頭痛
monsoon		n.	モンスーン
montage		n.	モンタージュ
monterey		n.	モントレー
morales		n.	モラレス
nil		n.	ゼロ
norma		n.	ノーマ
optimize		v.	最適化する
pathogens		n.	病原体
persuasion		n.	説得
phyllis		n.	フィリス
plaid		n.	チェック
playback		n.	再生
plush		adj.	パイルの
plush		n.	パイル
precedence		n.	優先
previews		n.	プレビュー
pristine		adj.	原始の
prognosis		n.	予後
propeller		n.	プロペラ
racket		n.	ラケット
racket		n.	騒音
rajasthan		n.	ラージャスターン
reilly		n.	ライリー
reorganization		n.	再編
resembled		v.	似ている
retrieval		n.	検索
roundabout		n.	ラウンドアバウト
saline		adj.	食塩水の
scarcely		adv.	ほとんど~ない
scraping		n.	スクレイピング
siemens		n.	ジーメンス
smoky		adj.	煙たい
solids		n.	固体
spade		n.	スペード
staffordshire		n.	スタッフォードシャー
steroid		n.	ステロイド
supplemented		v.	補う
surveying		n.	測量
tata		int.	バイバイ
temps		n.	テンポラリ
thematic		adj.	テーマの
threesome		n.	スリーサム
toaster		n.	トースター
treble		adj.	三倍の
turquoise		n.	ターコイズ
ultraviolet		adj.	紫外の
unbiased		adj.	偏りのない
usefulness		n.	有用性
vandalism		n.	ヴァンダリズム
vibrating		v.	振動する
vowel		n.	母音
voyager		n.	ボイジャー
weirdo		n.	変人
weld		v.	溶接する
werewolf		n.	狼男
wrongful		adj.	不当の
acknowledgement		n.	承認
alligator		n.	アリゲーター
approximation		n.	近似
aromatic		adj.	芳香の
baroque		adj.	バロックの
bays		n.	湾
behavioural		adj.	行動の
belgrade		n.	ベオグラード
berg		n.	氷山
bergen		n.	ベルゲン
bethany		n.	ベタニヤ
binder		n.	バインダー
buggy		n.	バギー
bundled		v.	バンドルにする
burnett		n.	バーネット
calves		n.	子牛
canonical		adj.	正準の
celery		n.	セロリ
characterize		v.	特徴付ける
chinatown		n.	中華街
collaborations		n.	協力
collaborators		n.	協力者
commissioning		v.	委託する
cor		int.	おや
couture		n.	オートクチュール
croatian		n.	クロアチア語
cutie		n.	かわい子
dab		v.	軽く叩く
dentists		n.	歯医者
deploying		v.	配備する
dictates		v.	命じる
dion		n.	ディオン
diskutility		n.	ディスクユーティリティ
dissatisfaction		n.	不満
elective		adj.	選択の
eureka		int.	みつけた
exec		n.	実行
foundry		n.	鋳造所
fractions		n.	分数
fro		adv.	後ろへ
furnishings		n.	家具
giraffe		n.	キリン
gmail		n.	Gmail
grinder		n.	グラインダー
hardcover		n.	上製本
hinge		n.	蝶番
hubbard		n.	ハバード
hurley		n.	ハーレー
indexes		n.	索引
intestinal		adj.	腸の
intra		prep.	内部
irons		n.	アイロン
lifestyles		n.	ライフスタイル
ludwig		n.	ルートヴィッヒ
manifold		n.	多様
measurable		adj.	測定できる
medina		n.	メディナ
melon		n.	メロン
mojo		n.	魔術
napa		n.	ナパ
narration		n.	物語
nassau		n.	ナッソー
nip		v.	つまむ
nodeversionmanager		n.	バージョンマネージャ
nvm		n.	バージョンマネージャ
oblivion		n.	忘却
ornament		n.	装飾品
outpatient		n.	外来患者
pamphlet		n.	パンフレット
perish		v.	死ぬ
philanthropy		n.	慈善
photon		n.	光子
preparedness		n.	備え
psalms		n.	詩編
redundancy		n.	冗長
relish		v.	楽しむ
relish		n.	風味
reversible		adj.	可逆の
roche		n.	ロシュ
rowan		n.	ナナカマド
rudolph		n.	ルドルフ
shred		v.	細切りにする
skincare		n.	スキンケア
spokane		n.	スポケーン
staten		n.	スタテン
substitutes		n.	代用品
supervise		v.	監督する
supervising		v.	監督する
supervisory		adj.	監督の
swapping		v.	交換する
taipei		n.	台北
tees		n.	Tシャツ
titus		n.	テトス
towing		v.	牽引する
vaughn		n.	ボーン
visualization		n.	可視化
voicemail		n.	留守番電話
volt		n.	ボルト
wakefield		n.	ウェイクフィールド
wilkins		n.	ウィルキンス
winnie		n.	ウィニー
abnormalities		n.	異常
allocate		v.	割り当てる
analytic		adj.	分析的
ascending		adj.	上昇の
attributable		adj.	起因し得る
barb		n.	逆鉤
bastion		n.	砦
beaumont		n.	ボーモント
biopsy		n.	生検
blackwell		n.	ブラックウェル
briefs		n.	ブリーフ
categorized		v.	分類する
chopper		n.	斧
clerks		n.	事務員
cohesive		adj.	凝集的な
complication		n.	合併症
complication		n.	複雑化
computed		v.	計算する
contra		prep.	反対して
cosy		adj.	居心地の良い
delights		n.	喜び
derbyshire		n.	ダービーシャー
desserts		n.	デザート
digestion		n.	消化
docking		n.	ドッキング
dungeons		n.	地下牢
effected		v.	実施する
embodiment		n.	具体化
encoded		v.	符号化する
engraving		n.	彫刻
enhances		v.	強化する
explanatory		adj.	説明の
fairies		n.	妖精
filtration		n.	濾過
formatting		n.	書式設定
francesco		n.	フランチェスコ
fungal		adj.	真菌の
garth		n.	ガース
ghz		n.	ギガヘルツ
hamster		n.	ハムスター
hex		n.	妖術
incidental		adj.	偶然の
indigo		n.	藍
instruct		v.	指示する
intimidate		v.	脅かす
latency		n.	レイテンシ
linger		v.	立ち止まる
luncheon		n.	昼食会
mailbox		n.	郵便受け
mammal		n.	哺乳類
mcguire		n.	マクガイア
membranes		n.	膜
memorabilia		n.	記念品
midtown		n.	ミッドタウン
myspace		n.	MySpace
nurture		v.	育てる
oblivious		adj.	気づかない
ode		n.	頌歌
olson		n.	オルソン
palo		n.	パロ
penthouse		n.	ペントハウス
pious		adj.	敬虔な
presenters		n.	司会者
putnam		n.	パトナム
quarrel		n.	口論
raider		n.	襲撃者
rebate		n.	割戻し
roc		n.	ロック鳥
rollers		n.	ローラー
rooster		n.	雄鶏
routed		v.	送る
sakura		n.	桜
salads		n.	サラダ
sanskrit		n.	サンスクリット
scientology		n.	サイエントロジー
scooby		n.	スクービー
scuba		n.	スキューバ
seamless		adj.	継ぎ目のない
selects		v.	選ぶ
shoreline		n.	海岸線
siberian		adj.	シベリアの
silhouette		n.	シルエット
slug		n.	ナメクジ
soprano		n.	ソプラノ
specialties		n.	専門
spectroscopy		n.	分光法
spreadsheet		n.	表計算
steaks		n.	ステーキ
summaries		n.	要約
tanning		n.	日焼け
tnt		n.	時限爆弾
tracey		n.	トレーシー
tractors		n.	トラクター
turin		n.	トリノ
unanswered		adj.	答えられない
unethical		adj.	不道徳な
unix		n.	Unix
uptown		n.	上町
urinary		adj.	尿の
viper		n.	毒蛇
weekday		n.	平日
westwood		n.	ウェストウッド
wilhelm		n.	ヴィルヘルム
willard		n.	ウィラード
woe		n.	悲哀
abstraction		n.	抽象
adjunct		n.	付属
administering		v.	管理하다
asean		n.	ASEAN
atkins		n.	アトキンス
beige		adj.	ベージュの
blinds		n.	ブラインド
blueberry		n.	ブルーベリー
boar		n.	イノシシ
bosch		n.	ボッシュ
breathes		v.	呼吸する
broaden		v.	広げる
busch		n.	ブッシュ
calendars		n.	カレンダー
carbohydrates		n.	炭水化物
chateau		n.	シャトー
chavez		n.	チャベス
colleen		n.	コリーン
comedies		n.	喜劇
compiling		v.	コンパイルする
conservatory		n.	温室
conservatory		n.	音楽院
considerate		adj.	思いやりのある
cultured		adj.	教養のある
daycare		n.	保育所
debra		n.	デブラ
deductions		n.	控除
deductions		n.	推論
descendant		n.	子孫
disperse		v.	分散させる
ecommerce		n.	電子商取引
enrich		v.	豊かにする
epidemiology		n.	疫学
exhaustive		adj.	網羅的な
exporters		n.	輸出業者
externally		adv.	外部的に
fermentation		n.	発酵
flares		n.	フラッシュ
flops		n.	FLOPS
flores		n.	フローレス
fright		n.	恐怖
fruitful		adj.	実り多い
gastric		adj.	胃の
haynes		n.	ヘインズ
headphone		n.	ヘッドフォン
illuminate		v.	照らす
inaccessible		adj.	近づきがたい
incur		v.	負う
introductions		n.	紹介
introductions		n.	序論
inverness		n.	インヴァネス
jog		v.	ジョギングする
jug		n.	水がめ
knoxville		n.	ノックスビル
labrador		n.	ラブラドール
latte		n.	ラテ
leafy		adj.	葉の多い
masturbating		v.	自慰する
mcbride		n.	マクブライド
omission		n.	省略
orchid		n.	蘭
overtake		v.	追い越す
pax		n.	パックス
peat		n.	泥炭
peptide		n.	ペプチド
pickupartists		n.	ナンパ師
polarized		adj.	偏極した
portals		n.	ポータル
prelude		n.	前奏
prepaid		adj.	前払いの
pua		n.	PUA
reassure		v.	安心させる
remnant		n.	残り
renders		v.	もたらす
rosenberg		n.	Rosenberg
sanford		n.	Sanford
scented		adj.	香りのよい
sclerosis		n.	硬化症
serenity		n.	静けさ
shrug		v.	肩をすくめる
singled		v.	選び出す
sonar		n.	ソナー
stabilization		n.	安定
starch		n.	でん粉
stony		adj.	石の多い
surfer		n.	サーファー
taj		n.	Taj
taper		v.	先細りする
teaspoon		n.	ティースプーン
templates		n.	テンプレート
totaling		v.	合計する
trademarks		n.	商標
typo		n.	誤植
unresolved		adj.	未解決
unspecified		adj.	明示されていない
venetian		adj.	ヴェネツィアの
waffle		n.	ワッフル
wanda		n.	Wanda
winery		n.	ワイナリー
writ		n.	令状
yamaha		n.	Yamaha
zipper		n.	ファスナー
acclaim		v.	称賛する
acquires		v.	取得する
arrays		n.	配列
ascertain		v.	確認する
audits		n.	監査
bargains		n.	安売り品
boils		v.	沸騰する
cairns		n.	ケルン
cello		n.	チェロ
certifications		n.	認証
collide		v.	衝突する
complexion		n.	顔色
congenital		adj.	先天の
construed		v.	解釈する
corrective		adj.	是正の
costello		n.	Costello
crumble		v.	崩れる
denote		v.	示す
detox		n.	デトックス
differentiated		adj.	差別化された
discrepancy		n.	不一致
dishwasher		n.	食器洗い機
draper		n.	布屋
dyes		n.	染料
easton		n.	イーストン
electrodes		n.	電極
embryos		n.	胚
excite		v.	興奮させる
exporter		n.	輸出業者
extracting		v.	抽出
fountains		n.	噴水
frameworks		n.	フレームワーク
freezes		v.	凍る
grange		n.	農場
hasty		adj.	性急な
husky		adj.	かすれた
husky		n.	シベリアン・ハスキー
imitate		v.	模倣する
infusion		n.	注入
infusion		n.	点滴
jvm		n.	仮想マシン
kart		n.	カート
keyword		n.	キーワード
kpi		n.	業績指標
lincolnshire		n.	リンカンシャー
lipid		n.	脂質
mahogany		n.	マホガニー
mana		n.	マナ
manson		n.	マンソン
marin		n.	マリン
mediator		n.	調停者
mentors		n.	メンター
meow		int.	ニャー
minions		n.	手下
mirage		n.	蜃気楼
modulation		n.	変調
mozambique		n.	モザンビーク
muller		n.	ミュラー
narrower		adj.	より狭い
navigator		n.	航法士
nuke		v.	核攻撃する
nuke		n.	核兵器
occult		adj.	オカルトの
osama		n.	オサマ
pediatrics		n.	小児科
perch		n.	パーチ
perch		n.	止まり木
perch		v.	止まる
perpendicular		adj.	垂直の
pollutants		n.	汚染物質
pooh		int.	うんち
proficient		adj.	熟練した
punctuation		n.	句読点
purification		n.	精製
quotations		n.	引用
quotations		n.	見積り
readable		adj.	読みやすい
regimen		n.	養生法
removable		adj.	着脱可能な
retrospect		n.	回顧
roundup		n.	総まとめ
sensations		n.	感覚
sequential		adj.	連続的な
signifies		v.	意味する
skates		n.	スケート靴
skates		v.	スケートをする
sorta		adv.	ちょっと
specialization		n.	専門化
stationery		n.	文房具
tau		n.	タウ
tempest		n.	嵐
tights		n.	タイツ
trenton		n.	トレントン
tubing		n.	チュービング
tuesdays		adv.	毎火曜日
upscale		adj.	高級な
verde		n.	ベルデ
viewpoints		n.	視点
vinci		n.	ヴィンチ
wacky		adj.	风変わりな
wilcox		n.	ウィルコックス
wiltshire		n.	ウィルトシャー
xml		n.	XML
zeppelin		n.	ツェッペリン
amplitude		n.	振幅
analogue		n.	アナログ
annotated		adj.	注釈付きの
anomalies		n.	異常
archival		adj.	アーカイブの
arenas		n.	アリーナ
assay		v.	分析
assigning		v.	割り当て
assorted		adj.	各種の
axel		n.	アクセル
badminton		n.	バドミントン
brittle		adj.	もろい
buenosaires		n.	ブエノスアイレス
charters		n.	憲章
chatham		n.	チャタム
chiang		n.	チャン
clair		n.	クレア
compel		v.	強いる
conduit		n.	導管
constraint		n.	制約
cutters		n.	カッター
dashed		adj.	破線の
decimal		adj.	十進法の
degrade		v.	低下させる
denton		n.	デントン
departures		n.	出発
diablo		n.	ディアブロ
diffuse		v.	拡散する
dune		n.	砂丘
electronically		adv.	電子的に
entropy		n.	エントロピー
ethernet		n.	イーサネット
eyesight		n.	視力
finder		n.	ファインダー
flooring		n.	床材
frail		adj.	虚弱な
greenville		n.	グリーンビル
grizzly		n.	グリズリー
harass		v.	嫌がらせする
hooded		adj.	フード付きの
indexed		adj.	索引付きの
kaufman		n.	カウフマン
macau		n.	マカオ
medley		n.	メドレー
multiplied		v.	掛け算する
packard		n.	パッカード
pap		n.	パップ
participates		v.	参加する
plugin		n.	プラグイン
polishing		v.	磨く
polymers		n.	重合体
pore		n.	毛穴
postcards		n.	葉書
postgraduate		n.	大学院生
predominant		adj.	優勢な
proverbs		n.	ことわざ
ramps		n.	スロープ
recite		v.	暗唱する
refine		v.	精製する
regents		n.	評議員
resale		n.	転売
securely		adv.	安全に
shabby		adj.	薄汚い
sinus		n.	洞
spanking		adj.	すごい
spanking		adv.	とても
specialize		v.	専門とする
specialize		v.	特殊化する
splinter		n.	破片
splinter		v.	割れる
stills		n.	スチール
swimsuit		n.	水着
tacoma		n.	タコマ
tenders		n.	入札
terminator		n.	ターミネーター
timers		n.	タイマー
uno		n.	ウノ
uptake		n.	摂取
vantage		n.	優位
virgins		n.	処女
watchers		n.	監視者
whine		v.	めそめそ言う
withhold		v.	差し控える
yellowstone		n.	イエローストーン
yosemite		n.	ヨセミテ
zeal		n.	熱意
abort		v.	中止する
abound		v.	豊富にある
adversely		adv.	不利に
agendas		n.	議題
andersen		n.	アンデルセン
antennas		n.	アンテナ
banjo		n.	バンジョー
bbs		n.	電子掲示板
beech		n.	ブナ
benchmarks		n.	ベンチマーク
biz		n.	ビジネス
blazer		n.	ブレザー
blower		n.	送風機
cherries		n.	さくらんぼ
cheyenne		n.	シャイアン
colombo		n.	コロンボ
comma		n.	コンマ
competency		n.	能力
constructs		n.	構造物
constructs		v.	構築する
customize		v.	カスタマイズする
dartmouth		n.	ダートマス
dashing		adj.	颯爽とした
departmental		adj.	部門の
dialysis		n.	透析
disclosures		n.	開示
dupont		n.	デュポン
emory		n.	エモリー
evoke		v.	喚起する
facilitates		v.	促進する
fern		n.	シダ
fingertips		n.	指先
fixation		n.	固定
flatter		v.	お世辞を言う
flushed		adj.	赤面した
fret		v.	悩む
frontiers		n.	フロンティア
gastrointestinal		adj.	胃腸の
geeks		n.	オタク
hitchcock		n.	ヒッチコック
holloway		n.	ホロウェイ
impetus		n.	推進力
incense		n.	線香
injure		v.	傷つける
inserting		v.	挿入する
invoice		n.	請求書
johan		n.	ヨハン
kristin		n.	クリスティン
latent		adj.	潜在的な
leipzig		n.	ライプツィヒ
lexus		n.	レクサス
localization		n.	ローカリゼーション
lymphoma		n.	リンパ腫
martini		n.	マティーニ
merciful		adj.	慈悲深い
midget		n.	小人
midwife		n.	助産師
minimizing		v.	最小化する
mitochondrial		adj.	ミトコンドリアの
mobilization		n.	動員
nonlinear		adj.	非線形の
normalized		v.	正規化する
northumberland		n.	ノーサンバーランド
numbering		n.	番号付け
oakley		n.	オークリー
parsley		n.	パセリ
pendulum		n.	振り子
petit		adj.	プチ
placements		n.	配置
presley		n.	プレスリー
pretext		n.	口実
privatization		n.	民営化
proclaim		v.	宣言する
raccoon		n.	アライグマ
redistribution		n.	再分配
restrain		v.	抑制する
saver		n.	節約する人
scarborough		n.	スカーバラ
seminal		adj.	先駆的な
shaded		adj.	影のある
shrek		n.	シュレック
silica		n.	ケイ酸
sourcing		n.	調達
straighten		v.	まっすぐにする
sweaters		n.	セーター
syringe		n.	注射器
tesla		n.	テスラ
thursdays		adv.	毎週木曜日
timor		n.	ティモール
tinted		adj.	色付きの
tote		n.	トートバッグ
trainees		n.	研修生
transverse		adj.	横の
trojans		n.	トロイの木馬
tweak		v.	微調整する
ubuntu		n.	ウブントゥ
unlocking		n.	ロック解除
unrestricted		adj.	無制限の
utilizes		v.	利用する
vanderbilt		n.	ヴァンダービルト
vanishing		n.	消失
wasteful		adj.	浪費的な
wilkes		n.	ウィルクス
youngster		n.	若者
adverts		n.	広告
advisable		adj.	賢明な
artisan		n.	職人
assortment		n.	各種
auditing		n.	監査
basins		n.	洗面器
bayer		n.	バイエル
billings		n.	ビリングス
bison		n.	野牛
blacksmith		n.	鍛冶屋
blanks		n.	空欄
brothel		n.	売春宿
bytes		n.	バイト
camper		n.	キャンパー
camper		n.	キャンピングカー
carole		n.	キャロル
cartilage		n.	軟骨
chattanooga		n.	チャタヌーガ
christchurch		n.	クライストチャーチ
cleanliness		n.	清潔
commentaries		n.	解説
complicate		v.	複雑にする
concerto		n.	協奏曲
contraception		n.	避妊
convex		adj.	凸の
decomposition		n.	分解
discretionary		adj.	裁量の
dismay		n.	落胆
dissemination		n.	普及
dodger		n.	ごまかし者
electrician		n.	電気技師
equator		n.	赤道
excise		n.	物品税
expel		v.	追放する
exposures		n.	露出
fledged		adj.	羽ばたき
frown		v.	しかめっ面
gals		n.	女の子
gloucestershire		n.	グロスターシャー
golfers		n.	ゴルファー
guyana		n.	ガイアナ
hamper		v.	妨げる
hamper		n.	バスケット
helix		n.	螺旋
hierarchical		adj.	階層的
homie		n.	仲間
hover		v.	ホバーする
icelandic		n.	アイスランド語
internships		n.	インターン십
keynes		n.	ケインズ
kinase		n.	キナーゼ
kirsten		n.	キルステン
kodak		n.	コダック
kosher		adj.	コーシャー
lansing		n.	ランシング
libby		n.	リビー
librarians		n.	司書
lillian		n.	リリアン
liquidation		n.	清算
longitude		n.	経度
maestro		n.	巨匠
maxi		adj.	ロングの
mcgill		n.	マギル
meditate		v.	瞑想する
microscopy		n.	顕微鏡検査
minecraft		n.	マインクラフト
missy		n.	お嬢ちゃん
multiplication		n.	乗法
nav		n.	ナビ
nonfiction		n.	ノンフィクション
occurrences		n.	発生
olympia		n.	オリンピア
orb		n.	球
ordinarily		adv.	通常
orthodoxy		n.	正統
polarization		n.	偏極
projectile		n.	発射体
quay		n.	埠頭
recruiter		n.	採用担当者
reload		v.	再読み込みする
remuneration		n.	報酬
revoke		v.	取り消す
riviera		n.	リヴィエラ
scandinavia		n.	スカンジナビア
scanners		n.	スキャナー
sediments		n.	堆積物
serviced		v.	修理する
silky		adj.	絹のような
sinatra		n.	シナトラ
sirius		n.	シリウス
sorority		n.	女子社交クラブ
stair		n.	階段
subaru		n.	スバル
subdivisions		n.	区分
subdivisions		n.	住宅地
ter		n.	TER列車
translators		n.	翻訳者
twitch		v.	けいれん
twitch		n.	けいれん
typewriter		n.	タイプライター
uri		n.	URI
wolfgang		n.	ヴォルフガング
additives		n.	添加物
aggregation		n.	集約
albanian		n.	アルバニア人
albanian		adj.	アルバニアの
alkaline		adj.	アルカリ性の
anus		n.	肛門
appalachian		adj.	アパラチアの
archery		n.	弓術
arterial		adj.	動脈の
asparagus		n.	アスパラガス
athena		n.	アテナ
auditors		n.	監査人
auditory		adj.	聴覚の
ballard		n.	バラード
balm		n.	香膏
biennial		adj.	二年ごとの
bologna		n.	ボローニャ
bologna		n.	ボローニャソーセージ
bony		adj.	やせこけた
bony		adj.	骨の多い
borrower		n.	借り手
bridging		v.	ブリッジ
brighten		v.	明るくなる
brighten		v.	明るくする
brood		n.	ひな
brood		v.	考え込む
budgeting		n.	予算編成
campers		n.	キャンパー
cessation		n.	停止
charlottesville		n.	シャーロッツビル
charlton		n.	チャールトン
charmed		adj.	魅了された
codingpages		n.	コードページ
collagen		n.	コラーゲン
commencing		v.	開始する
commend		v.	称賛する
complied		v.	従う
crochet		n.	かぎ針編み
customization		n.	カスタマイズ
cypress		n.	糸杉
dal		n.	ダール
dependable		adj.	頼れる
dresden		n.	ドレスデン
emeritus		adj.	名誉退職の
emit		v.	放出
excursions		n.	遠足
ezekiel		n.	エゼキエル
flashy		adj.	はでな
floppy		adj.	ふにゃふにゃの
floppy		n.	フロッピー
geologic		adj.	地質の
goldstein		n.	ゴールドスタイン
gowns		n.	ガウン
gowns		n.	式服
greenberg		n.	グリーンバーグ
guam		n.	グアム
guideline		n.	指針
hawthorne		n.	ホーソーン
headmaster		n.	校長
heartland		n.	中心地
hedgehog		n.	ハリネズミ
hehe		int.	えへへ
hoe		n.	鍬
hypnosis		n.	催眠
icu		n.	集中治療室
immersive		adj.	没入型の
inbound		adj.	インバウンドの
inference		n.	推論
inflatable		adj.	膨張式の
inhale		v.	吸い込む
isp		n.	プロバイダー
jellyfish		n.	クラゲ
lefty		n.	左利き
malpractice		n.	医療過誤
melinda		n.	メリンダ
memberships		n.	会員資格
microbiology		n.	微生物学
migrating		v.	移動する
motherfuckers		n.	くそ野郎
namibia		n.	ナミビア
navajo		n.	ナバホ
nectar		n.	花蜜
nitrate		n.	硝酸塩
npm		n.	npm
nvidia		n.	エヌビディア
olympus		n.	オリンポス
one-liner		n.	一言ジョーク
pastel		n.	パステル
pessimistic		adj.	悲観的な
pesticide		n.	殺虫剤
phosphorus		n.	リン
prod		v.	突く
prototypes		n.	試作品
psychotherapy		n.	精神療法
quilt		n.	キルト
realtor		n.	不動産業者
regency		n.	摂政
reptile		n.	爬虫類
residues		n.	残留物
revisited		v.	再訪する
rowling		n.	ローリング
sauna		n.	サウナ
sharper		adj.	より鋭い
sluggish		adj.	緩慢な
slum		n.	貧民街
snare		n.	罠
snowflake		n.	雪片
spectra		n.	スペクトル
spines		n.	棘
stag		n.	雄鹿
strangest		adj.	最も奇妙な
subsection		n.	小節
suede		n.	スエード
sundance		n.	サンダンス
tabloid		n.	タブロイド紙
taurus		n.	牡牛座
teal		n.	青緑
thunderstorm		n.	雷雨
timid		adj.	臆病な
triathlon		n.	トライアスロン
trickle		v.	したたる
tweed		n.	ツイード
ultimatum		n.	最後通牒
uncut		adj.	未カットの
widen		v.	広げる
widest		adj.	最も広い
wigs		n.	かつら
yachts		n.	ヨット
amherst		n.	アマースト
annette		n.	アネット
ascend		v.	上る
bandage		n.	包帯
belize		n.	ベリーズ
blight		n.	疫病
botswana		n.	ボツワナ
byrd		n.	バード
cabaret		n.	キャバレー
caregivers		n.	介護者
centimeters		n.	センチ
chemically		adv.	化学的に
conscientious		adj.	良心的
critiques		n.	批評
crystalline		adj.	結晶の
deceit		n.	欺き
denounce		v.	非難する
durban		n.	Durban
eastward		adv.	東へ
elisabeth		n.	エリザベト
embroidery		n.	刺繍
emo		n.	エモ
equivalents		n.	同等物
fahrenheit		n.	華氏
firewall		n.	ファイアウォール
fluorescence		n.	蛍光
fonts		n.	フォント
forte		n.	得意
gaelic		n.	ゲール語
galveston		n.	ガルベストン
giorgio		n.	ジョルジョ
gmbh		n.	GmbH
grassy		adj.	草の多い
hanger		n.	ハンガー
hem		n.	すそ
hem		v.	縁を縫う
hobbs		n.	ホッブズ
housekeeping		n.	家事
inequalities		n.	不平等
jargon		n.	専門用語
kayak		n.	カヤック
kilograms		n.	キログラム
kneel		v.	ひざまずく
knowles		n.	ノールズ
ladders		n.	はしご
leakage		n.	漏れ
liberate		v.	解放する
luminous		adj.	光る
maori		n.	マオリ族
mayonnaise		n.	マヨネーズ
mcdowell		n.	マクドウェル
memorials		n.	記念碑
modesty		n.	謙虚
motherfucking		adj.	くそったれ
mugs		n.	マグカップ
nocturnal		adj.	夜行性の
nozzle		n.	ノズル
nudes		n.	ヌード
orgy		n.	乱痴気
overlay		v.	重ねる
peeing		v.	おしっこする
powerpoint		n.	パワーポイント
prerequisite		n.	前提条件
quantify		v.	定量化する
recon		n.	偵察
rectangle		n.	長方形
recurrent		adj.	反復性の
refill		v.	詰め替える
renewing		v.	更新する
requisite		adj.	必要な
revolve		v.	回転する
rewind		v.	巻き戻す
ripley		n.	リプリー
ritz		n.	リッツ
saddest		adj.	最も悲しい
seduce		v.	誘惑する
shadowy		adj.	陰鬱な
specifies		v.	指定する
strangled		v.	絞め殺す
susie		n.	スージー
sven		n.	スヴェン
tapestry		n.	タペストリー
terrier		n.	テリア
tester		n.	テスター
thistle		n.	アザミ
thumbnail		n.	サムネイル
tickle		v.	くすぐる
trays		n.	トレー
tubular		adj.	管状の
tumbling		v.	転がる
tumbling		n.	アクロバット
tumblr		n.	タンブラー
unload		v.	降ろす
urn		n.	骨壺
viagra		n.	バイアグラ
waive		v.	放棄する
wallis		n.	ウォリス
warmly		adv.	温かく
wednesdays		adv.	毎週水曜日
woodlands		n.	林地
alain		n.	アラン
annapolis		n.	アナポリス
annum		n.	年
aroma		n.	香り
arsenic		n.	ヒ素
assigns		v.	割り当てる
bestselling		adj.	ベストセラーの
biographies		n.	伝記
calhoun		n.	カルフーン
cloning		n.	クローン作成
darth		n.	ダース
declarations		n.	宣言
deletion		n.	削除
diligent		adj.	勤勉な
discern		v.	見分ける
domino		n.	ドミノ
downgrade		v.	格下げ
dreamy		adj.	夢のような
dukes		n.	公爵
dummies		n.	愚か者
dyson		n.	ダイソン
eel		n.	ウナギ
embryonic		adj.	胚の
endanger		v.	危うくする
equities		n.	株式
fakes		n.	偽物
fav		adj.	お気に入りの
firmware		n.	ファームウェア
formulate		v.	定式化する
fragmentation		n.	断片化
frederic		n.	フレデリック
goth		n.	ゴス
gracefully		adv.	優雅に
horde		n.	大群
humming		v.	鼻歌を歌う
imdb		n.	IMDb
ingenuity		n.	独創性
inorganic		adj.	無機の
itinerary		n.	旅程
lamborghini		n.	ランボルギーニ
lotto		n.	ロト
lynne		n.	リン
marino		n.	マリノ
molded		adj.	成形された
musicals		n.	ミュージカル
neurology		n.	神経学
newt		n.	イモリ
nitro		n.	ニトロ
notebooks		n.	ノート
overland		adj.	陸路の
pantry		n.	食料貯蔵室
paraguay		n.	パラグアイ
pedals		n.	ペダル
pesos		n.	ペソ
polk		n.	ポーク
prefix		n.	接頭辞
proto		adj.	プロト
pueblo		n.	プエブロ
pussies		n.	女性器
redhead		n.	赤毛の人
relational		adj.	関係の
ripper		n.	裂く人
roofing		n.	屋根葺
sega		n.	セガ
segmentation		n.	セグメンテーション
shaker		n.	シェイカー
sludge		n.	ヘドロ
speedway		n.	スピードウェイ
spongebob		n.	スポンジボブ
stricter		adj.	より厳しい
subtitle		n.	字幕
summarize		v.	要約する
telescopes		n.	望遠鏡
threaded		adj.	ねじ付き
torturing		v.	拷問する
transplantation		n.	移植
trimming		n.	刈り込み
unicef		n.	ユニセフ
uninsured		adj.	保険未加入の
untitled		adj.	無題の
uzbekistan		n.	ウズベキスタン
vernacular		n.	方言
vulnerabilities		n.	脆弱性
warcraft		n.	ウォークラフト
watercolor		n.	水彩画
wight		n.	Wight
wto		n.	WTO
alphabetical		adj.	アルファベット順の
bathe		v.	入浴する
bloomington		n.	ブルーミントン
breathed		v.	呼吸した
carbonate		n.	炭酸塩
carmel		n.	Carmel
catalytic		adj.	触媒の
cemeteries		n.	墓地
chases		v.	追いかける
cheerleaders		n.	チアリーダー
choral		adj.	合唱の
chronology		n.	年代記
clam		n.	ハマグリ
coefficients		n.	係数
coldest		adj.	最も寒い
configured		v.	構成した
convection		n.	対流
craftsman		n.	職人
cripple		v.	不具にする
crunchy		adj.	サクサクの
ctrl		n.	コントロール키
deflection		n.	たわみ
enactment		n.	制定
enlighten		v.	啓発する
erroneous		adj.	誤った
fashions		n.	ファッション
filings		n.	提出書類
fishery		n.	漁業
folders		n.	フォルダ
fuji		n.	富士
gage		n.	担保
galway		n.	Galway
granada		n.	グラナダ
handlers		n.	ハンドラー
heinz		n.	ハインツ
hentai		n.	ヘンタイ
homogeneous		adj.	均質の
inserts		v.	挿入する
intangible		adj.	無形の
interceptions		n.	インターセプト
ire		n.	怒り
landscaping		n.	造園
litres		n.	リットル
lodges		n.	ロッジ
madman		n.	狂人
mavericks		n.	異端児
melee		n.	乱戦
meteorology		n.	気象学
methyl		n.	メチル
mindless		adj.	無思考の
mislead		v.	誤導させる
negotiable		adj.	交渉可能な
northward		adv.	北へ
norwood		n.	ノーウッド
nyse		n.	NYSE
ovens		n.	オーブン
overturn		v.	覆す
padded		adj.	詰め物入りの
padres		n.	牧師
pictorial		adj.	絵のような
prospectus		n.	目論見書
puma		n.	ピューマ
reciprocal		adj.	相互の
redwood		n.	セコイア
reverence		n.	敬意
richter		n.	リヒター
rims		n.	縁
santana		n.	サンタナ
seduction		n.	誘惑
shatter		v.	砕く
signify		v.	意味する
specificity		n.	特異性
squirt		v.	噴出する
stewardship		n.	管理
synergy		n.	シナジー
tempt		v.	誘惑する
terri		n.	テリー
thermometer		n.	温度計
tint		n.	色合い
toulouse		n.	トゥールーズ
unveiling		n.	披露
vicki		n.	ヴィッキ
wilt		v.	しおれる
woodstock		n.	ウッドストック
alchemy		n.	錬金術
americana		n.	アメリカーナ
antigen		n.	抗原
biochemical		adj.	生化学の
bling		n.	ブリング
bose		n.	ボーズ
carcass		n.	死骸
chico		n.	チコ
christi		n.	クリスティ
clutter		n.	雑多なもの
clutter		v.	散らかす
complying		v.	従う
compost		n.	堆肥
cot		n.	簡易ベッド
croydon		n.	クロイドン
cumming		n.	カミング
detain		v.	拘留
diagnostics		n.	診断
directives		n.	指令
drawback		n.	欠点
elliptical		adj.	楕円の
eloquent		adj.	雄弁な
entail		v.	伴う
equatorial		adj.	赤道の
feeble		adj.	弱々しい
fend		v.	防ぐ
flake		n.	薄片
forwarding		v.	転送
fragrant		adj.	香りのある
generalization		n.	一般化
golfing		n.	ゴルフ
ionic		adj.	イオンの
jerking		v.	引っ張る
jingle		n.	チリンチリン
kilometre		n.	キロメートル
laguna		n.	ラグナ
lice		n.	シラミ
lorry		n.	トラック
magnolia		n.	モクレン
mauritius		n.	モーリシャス
mellon		n.	メロン
mingle		v.	交わる
mover		n.	引っ越し業者
movers		n.	引っ越し業者
organisers		n.	主催者
outback		n.	アウトバック
panoramic		adj.	パノラマの
parkinson		n.	パーキンソン
pave		v.	舗装する
playhouse		n.	プレイハウス
playhouse		n.	劇場
prada		n.	プラダ
prescribing		v.	処方する
probing		v.	探る
prolong		v.	延ばす
propane		n.	プロパン
recruiters		n.	採用担当者
redirect		v.	リダイレクト
redmond		n.	レッドモンド
reusable		adj.	再利用できる
sassy		adj.	生意気な
scoreboard		n.	スコアボード
sender		n.	送信者
seneca		n.	セネカ
septic		adj.	敗血症の
skateboard		n.	スケートボード
slider		n.	スライダー
soma		n.	ソーマ
staining		n.	染色
substrates		n.	基質
suggestive		adj.	暗示的な
suitability		n.	適合性
superstition		n.	迷信
surfers		n.	サーファー
symmetric		adj.	対称的な
synonyms		n.	同義語
theses		n.	論文
tic		n.	チック
timeout		n.	タイムアウト
tome		n.	大著
tramp		n.	放浪者
transistor		n.	トランジスタ
translucent		adj.	半透明の
trot		n.	速足
vertebrae		n.	椎骨
vertex		n.	頂点
wield		v.	操る
affirm		v.	断言する
alaskan		adj.	アラスカの
alloys		n.	合金
anecdote		n.	逸話
assassinate		v.	暗殺する
blocker		n.	ブロッカー
blowout		n.	バースト
brisk		adj.	爽やかな
casper		n.	カスパー
cauliflower		n.	カリフラワー
cheetah		n.	チーター
christensen		n.	クリステンセン
clockwise		adv.	時計回りに
conformity		n.	適合
correlate		v.	相互関係がある
courteous		adj.	礼儀正しい
crete		n.	クレタ
defer		v.	延期する
deplorable		adj.	嘆かわしい
diff		n.	差分
downtime		n.	ダウンタイム
enlarge		v.	拡大する
enlargement		n.	拡大
equestrian		adj.	乗馬の
ethereal		adj.	幽玄な
fireman		n.	消防士
flask		n.	フラスコ
fluff		n.	綿毛
footnotes		n.	脚注
fremont		n.	フリーモント
galileo		n.	ガリレオ
gatsby		n.	ギャツビー
germ		n.	病菌
gis		n.	地理情報システム
gnome		n.	ノーム
hades		n.	ハデス
hertfordshire		n.	ハートフォードシャー
homeowner		n.	持ち主
huskies		n.	ハスキー
hypotheses		n.	仮説
inventories		n.	在庫
janitor		n.	用務員
lange		n.	Lange
lien		n.	担保権
limousine		n.	リムジン
linden		n.	菩提樹
lithuanian		n.	リトアニア人
lyme		n.	ライム
lymph		n.	リンパ
manure		n.	肥料
mariah		n.	マライア
mccormick		n.	マコーミック
meteorite		n.	隕石
mildred		n.	ミルドレッド
mrna		n.	メッセンジャーRNA
newbie		n.	初心者
oblique		adj.	斜めの
odessa		n.	オデッサ
opal		n.	オパール
organisational		adj.	組織の
oxfordshire		n.	オックスフォードシャー
patti		n.	パティ
permissible		adj.	許容される
rancho		n.	ランチョ
recurrence		n.	再発
referrals		n.	紹介
refinement		n.	改良
relocating		v.	移転する
repel		v.	撃退する
rockwell		n.	ロックウェル
rodent		n.	齧歯類
satisfies		v.	満たす
scraped		v.	削る
sizing		n.	サイズ選び
skyscraper		n.	摩天楼
sockets		n.	ソケット
stuttgart		n.	シュトゥットガルト
synchronized		adj.	同期の
tahoe		n.	タホ
tallahassee		n.	タラハシー
topology		n.	トポロジー
tutoring		n.	家庭教師
unsolicited		adj.	未請求の
unveil		v.	発表する
utensils		n.	器具
vaults		n.	拱頂
vocation		n.	天職
volts		n.	ボルト
walden		n.	ウォールデン
warmest		adj.	最も暖かい
williamsburg		n.	ウィリアムズバーグ
aerobic		adj.	有酸素の
agitation		n.	動揺
agreeable		adj.	快い
algebraic		adj.	代数の
amaze		v.	驚かせる
analyzes		v.	分析する
augment		v.	増やす
avalon		n.	アヴァロン
bernardino		n.	ベルナルディーノ
browsers		n.	ブラウザ
brunei		n.	ブルネイ
carton		n.	パック
cayman		n.	ケイマン
cert		n.	証明書
chandelier		n.	シャンデリア
clot		n.	塊
confer		v.	協議する
copyrighted		adj.	著作権のある
cumbria		n.	カンブリア
cushions		n.	クッション
deepen		v.	深める
dependencies		n.	依存関係
deprive		v.	奪う
devise		v.	考案する
directories		n.	ディレクトリ
discrepancies		n.	不一致
drier		adj.	より乾いた
duane		n.	デュエイン
efficiencies		n.	効率
epoch		n.	時代
exaggerate		v.	誇張する
femme		n.	女性
glendale		n.	グレンデール
glossary		n.	用語集
gymnasium		n.	体育館
harrisburg		n.	ハリスバーグ
hays		n.	ヘイズ
implementations		n.	実装
indulgence		n.	放縦
indulgence		n.	楽しみ
iodine		n.	ヨウ素
ipod		n.	iPod
iq		n.	IQ
jameson		n.	ジェムソン
johannes		n.	ヨハネス
josef		n.	ヨーゼフ
kilometer		n.	キロメートル
kruger		n.	クルーガー
lettering		n.	レタリング
mammalian		adj.	哺乳類の
marcia		n.	マーシャ
molding		n.	成形
nuclei		n.	核
obedient		adj.	従順な
ogden		n.	オグデン
orgasms		n.	オーガズム
ornate		adj.	華麗な
perk		v.	特典を得る
perk		n.	特典
perverse		adj.	常軌を逸した
perverse		adj.	逆説的な
playlists		n.	プレイリスト
plume		n.	羽毛
plump		adj.	ふっくらした
prophetic		adj.	預言的な
purified		adj.	精製された
radiology		n.	放射線学
recorders		n.	レコーダー
relays		n.	リレー
reviving		v.	蘇らせる
rewritten		v.	書き直す
rotterdam		n.	ロッテルダム
rugs		n.	絨毯
sauces		n.	ソース
scholastic		adj.	学校の
seville		n.	セビリア
shopper		n.	買い物客
shrub		n.	低木
signage		n.	標識
skis		n.	スキー
sluts		n.	ふしだらな女
sneeze		v.	くしゃみをする
soaps		n.	石鹸
sulfate		n.	硫酸塩
swag		n.	盗品
sweatshirt		n.	スウェット
tori		n.	鳥居
transporter		n.	輸送機
turing		n.	チューリング
uniformly		adv.	一様に
vests		n.	ベスト
viet		n.	ベト
viz		adv.	すなわち
warms		v.	温める
watchdog		n.	監視役
watery		adj.	水っぽい
weasel		n.	イタチ
westfield		n.	ウェストフィールド
yukon		n.	ユーコン
zest		n.	熱意
zoology		n.	動物学
aborted		v.	中止する
adm		n.	ADM
aeroplane		n.	飛行機
allege		v.	主張する
alton		n.	オルトン
avi		n.	アビ
bagel		n.	ベーグル
barometer		n.	気圧計
basque		n.	バスク人
bigot		n.	頑迷な人
boa		n.	ボア
bruise		n.	あざ
bullion		n.	金塊
carp		n.	コイ
circumference		n.	円周
classifications		n.	分類
codex		n.	写本
collars		n.	襟
computerized		adj.	コンピュータ化された
demolish		v.	取り壊す
dictionaries		n.	辞書
dilute		v.	薄める
dispersion		n.	分散
draped		v.	垂らす
ferries		n.	フェリー
flannel		n.	フランネル
foresee		v.	予見する
gustav		n.	グスタフ
handbags		n.	ハンドバッグ
handkerchief		n.	ハンカチ
heaters		n.	ヒーター
hebrews		n.	ヘブル人への手紙
horticulture		n.	園芸
howl		v.	吠える
ibiza		n.	イビサ
indexing		n.	索引
infertility		n.	不妊
informational		adj.	情報の
inline		adj.	インライン
kimi		n.	Kimi
locus		n.	軌跡
lund		n.	ルンド
massey		n.	マッシー
masturbate		v.	自慰する
matrices		n.	行列
meade		n.	ミード
melanoma		n.	黒色腫
mobilize		v.	動員する
overdrive		n.	オーバードライ브
padding		n.	詰め物
pant		v.	あえぐ
periodicals		n.	定期刊行物
pharmacies		n.	薬局
plaques		n.	プラーク
polytechnic		n.	工業大学
rebates		n.	払い戻し
refrigeration		n.	冷凍
rename		v.	改名する
repulsive		adj.	嫌悪感を抱かせる
ret		v.	漬け込む
samba		n.	サンバ
shrunk		v.	縮む
slant		n.	傾き
souvenirs		n.	土産
stamping		n.	スタンプ
steiner		n.	シュタイナー
streamline		v.	流線型にする
sulphur		n.	硫黄
tablespoons		n.	大さじ
tampering		v.	改ざん
telephones		n.	電話
terminus		n.	終着駅
throughput		n.	スループット
tolkien		n.	トールキン
tout		v.	売り込む
transnational		adj.	多国籍の
tripod		n.	三脚
tulip		n.	チューリップ
wii		n.	Wii
xanax		n.	ザナックス
accolades		n.	称賛
anemia		n.	貧血
buick		n.	Buick
burbank		n.	Burbank
canteen		n.	売店
capacitor		n.	コンデンサ
carbohydrate		n.	炭水化物
cavalier		n.	騎士
circulate		v.	循環する
coliseum		n.	円形劇場
complimented		v.	褒める
conceivable		adj.	考えられる
concordia		n.	Concordia
connectors		n.	コネクタ
consecrated		v.	献じる
contaminants		n.	汚染物質
contiguous		adj.	隣接した
cranberry		n.	クランベリー
croft		n.	小農場
custard		n.	カスタード
darby		n.	Darby
defaults		n.	デフォルト
deflect		v.	そらす
denoted		v.	示す
desolate		adj.	荒れ果てた
devour		v.	貪り食う
digger		n.	掘削機
domesticated		adj.	飼い慣らされた
doughnut		n.	ドーナツ
duluth		n.	ダルース
elgin		n.	エルギン
embody		v.	体現する
equivalence		n.	等価
footnote		n.	脚注
garnet		n.	ガーネット
grate		v.	すりおろす
greyhound		n.	グレイハウンド
gyms		n.	ジム
hahn		n.	ハーン
helpers		n.	ヘルパー
hess		n.	ヘス
hotspot		n.	ホットスポット
huron		n.	ヒューロン
hyatt		n.	ハイアット
inertia		n.	慣性
juno		n.	ユノ
lauded		adj.	称賛された
laziness		n.	怠惰
leech		n.	ヒル
macquarie		n.	マッコーリー
meetup		n.	ミートアップ
milano		n.	ミラノ
moldova		n.	モルドバ
motorsport		n.	モータースポーツ
nemo		n.	ニモ
nifty		adj.	粋な
palladium		n.	パラジウム
particulars		n.	細目
passer-by		n.	通行人
personalised		adj.	個別化された
piazza		n.	広場
pranks		n.	悪ふざけ
pretentious		adj.	気取った
pronoun		n.	代名詞
rapture		n.	歓喜
rectify		v.	修正
seconded		v.	賛成した
seduced		v.	誘惑した
selector		n.	セレクター
shilling		n.	シリング
skim		v.	すくい取る
slovak		adj.	スロバキアの
solicitation		n.	懇願
specifying		v.	指定する
stupidest		adj.	最も愚かな
swirling		v.	渦巻く
teas		n.	茶
twinkle		v.	きらめく
uncharted		adj.	未調査の
unsigned		adj.	符号なしの
valet		n.	召使
alderman		n.	市会議員
amplify		v.	増幅する
attrition		n.	摩耗
biotech		n.	バイオテクノロジー
blackjack		n.	ブラックジャック
blockchain		n.	ブロックチェーン
bluegrass		n.	ブルーグラス
budgetary		adj.	予算の
carers		n.	介護者
cliche		n.	クリシェ
cockroach		n.	ゴキブリ
collaborator		n.	協力者
composites		n.	複合材料
curt		adj.	ぶっきらぼうな
cyclic		adj.	循環的な
deducted		v.	控除した
deformation		n.	変形
downloadable		adj.	ダウンロード可能な
duplication		n.	複製
dynamo		n.	発電機
elixir		n.	霊薬
enhancements		n.	拡張
fable		n.	寓話
fatality		n.	死亡
greenfield		n.	未開発地
greensboro		n.	グリーンズボロ
heidelberg		n.	ハイデルベルク
infer		v.	推論
inpatient		n.	入院患者
invitational		n.	招待試合
ithaca		n.	イサカ
kennel		n.	犬小屋
kern		n.	カーン
kualalumpur		n.	クアラルンプール
lighted		adj.	点灯された
menopause		n.	更年期
motherboard		n.	マザーボード
msg		n.	メッセージ
napkin		n.	ナプキン
nelly		n.	ネリー
opus		n.	作品
otc		n.	市販薬
pharmacists		n.	薬剤師
pixar		n.	ピクサー
prenatal		adj.	出生前の
probabilities		n.	確率
probate		n.	遺言認証
propel		v.	推進
reddit		n.	レディット
remodeling		n.	改造
retreats		n.	隠退
roadmap		n.	ロードマップ
rockford		n.	ロックフォード
shortcuts		n.	ショートカット
shorthand		n.	速記
sportsman		n.	スポーツマン
strippers		n.	ストリッパー
swirl		v.	渦を巻く
telecommunication		n.	電気通信
theta		n.	シータ
thong		n.	サンダル
transcribed		v.	書き写す
tycoon		n.	大立て者
uproar		n.	騒動
whistler		n.	ウィスラー
windmill		n.	風車
workflow		n.	ワークフロー
wrapper		n.	包み紙
abba		n.	ABBA
acetate		n.	酢酸塩
allure		n.	魅力
amps		n.	アンペア
anthrax		n.	炭疽
aqueous		adj.	水の
attainment		n.	到達
axial		adj.	軸の
barron		n.	バロン
bridgewater		n.	ブリッジウォーター
burkina		n.	ブルキナ
byte		n.	バイト
carat		n.	カラット
carcinoma		n.	癌
caviar		n.	キャビア
cbd		n.	カンナビジオール
cbd		n.	CBD
chairperson		n.	議長
chore		n.	雑用
clique		n.	派閥
conserved		v.	保存する
corolla		n.	花冠
deteriorate		v.	悪化する
dior		n.	ディオール
dogg		n.	ドッグ
drizzle		n.	霧雨
drizzle		v.	霧雨が降る
grievance		n.	不満
grunt		n.	うなり声
grunt		n.	うなり
hailing		v.	呼ぶ
harmonious		adj.	調和のとれた
hast		v.	持つ
hitherto		adv.	今までに
hitherto		adv.	今まで
hornet		n.	スズメバチ
humboldt		n.	フンボルト
impedance		n.	インピーダンス
incline		v.	傾く
intercontinental		adj.	大陸間の
jigsaw		n.	ジグソーパズル
jpeg		n.	JPEG画像
jpg		n.	JPG画像
juniper		n.	ジュニパー
juniper		n.	セイヨウネズ
labelling		v.	ラベルを貼る
larsen		n.	ラーセン
layouts		n.	レイアウト
lev		n.	レフ
lilies		n.	ユリ
lollipop		n.	ロリポップ
merchandising		n.	マーチャンダイジング
microphones		n.	マイク
misunderstand		v.	誤解する
monies		n.	資金
montenegro		n.	モンテネグロ
moo		v.	もうもう鳴く
movable		adj.	動かせる
movable		adj.	可動の
ms-dos		n.	MS-DOS
necklaces		n.	ネックレス
newsroom		n.	ニュース編集室
newsroom		n.	編集室
nightlife		n.	ナイトライフ
nightlife		n.	夜の街
omnibus		n.	選集
overwhelm		v.	圧倒する
pegasus		n.	ペガサス
peptides		n.	ペプチド
petersen		n.	ペーターセン
pharmacology		n.	薬理学
ply		v.	往復する
protectors		n.	保護者
protectors		n.	プロテクター
provost		n.	学寮長
provost		n.	学長
raptor		n.	猛禽類
raptor		n.	猛禽
regenerate		v.	再生する
sax		n.	サックス
saxophone		n.	サックス
scarves		n.	スカーフ
scorpio		n.	さそり座
sever		v.	切断する
sharpen		v.	研ぐ
shellfish		n.	貝類
skateboarding		n.	スケートボード
skips		v.	スキップする
snowboarding		n.	スノーボード
snuff		n.	嗅ぎタバコ
sonoma		n.	ソノマ
supersonic		adj.	超音速の
textured		adj.	質感のある
thrash		v.	打ちのめす
thresholds		n.	敷居
tombstone		n.	墓石
torches		n.	たいまつ
tuscany		n.	トスカーナ
tutors		n.	家庭教師
tweaks		v.	微調整する
unsecured		adj.	無担保の
zenith		n.	頂点
abbreviation		n.	略語
accrued		v.	発生する
acm		n.	ACM
adhesion		n.	接着
appropriated		v.	流用する
avert		v.	避ける
avian		adj.	鳥の
bern		n.	ベルン
bodybuilding		n.	ボディビル
branson		n.	ブランソン
briefings		n.	ブリーフィング
chime		n.	チャイム
chromium		n.	クロム
claimant		n.	請求人
collectible		n.	収集品
conductivity		n.	伝導率
contextual		adj.	文脈の
crossword		n.	クロスワード
decipher		v.	解読する
depletion		n.	枯渇
diss		v.	ディスる
downgraded		v.	格下げする
dumber		adj.	より愚かな
exfat		n.	exFAT
extendedfileallocationtable		n.	拡張ファイル割当テーブル
fave		n.	お気に入り
fellowships		n.	フェローシップ
furnish		v.	家具を備える
georg		n.	ゲオルク
growl		v.	唸る
habitual		adj.	習慣的な
hewlett		n.	ヒューレット
instantaneous		adj.	瞬間の
kellogg		n.	ケロッグ
kyrgyzstan		n.	キルギス
lark		n.	ヒバリ
linkage		n.	連関
moderated		adj.	穏健な
newsweek		n.	ニューズウィーク
oldham		n.	オールダム
ombudsman		n.	オンブズマン
ordinances		n.	条例
overtaken		v.	追い越す
peoria		n.	ピオリア
periodical		n.	定期刊行物
postings		n.	投稿
primate		n.	霊長類
proverb		n.	ことわざ
ratification		n.	批准
reclamation		n.	開墾
refute		v.	反論する
reverted		v.	元に戻る
saratoga		n.	サラトガ
showroom		n.	ショールーム
sightseeing		n.	観光
soggy		adj.	びしょびしょの
sorcerer		n.	魔法使い
spades		n.	スペード
speciality		n.	専門
stoop		v.	かがむ
stroking		v.	なでる
stuffs		v.	詰め込む
thrice		adv.	三度
tranquil		adj.	静かな
undergraduates		n.	学部学生
underwriting		n.	引受
wetland		n.	湿地
affiliations		n.	所属
amplifiers		n.	増幅器
approvals		n.	承認
aries		n.	牡羊座
audited		v.	監査する
bing		n.	ビング
blunder		n.	大失敗
brownish		adj.	褐色がかった
chaser		n.	追跡者
colchester		n.	コルチェスター
completeness		n.	完全性
concierge		n.	コンシェルジュ
diners		n.	食事客
doppler		n.	ドップラー
dowry		n.	持参金
duplex		n.	デュプレックス
epilogue		n.	エピローグ
firefly		n.	ホタル
foreword		n.	序文
garages		n.	車庫
hails		v.	呼びかける
hippo		n.	カバ
incubator		n.	孵化器
intravenous		adj.	静脈内の
kilo		n.	キロ
linkedin		n.	LinkedIn
luton		n.	ラトン
macon		n.	メイコン
mastercard		n.	マスターカード
maximizing		v.	最大化する
methodologies		n.	方法論
micah		n.	ミカ
millimeter		n.	ミリメートル
moans		n.	うめき
modal		adj.	モーダルの
parentheses		n.	括弧
pinning		v.	ピン留めする
pluck		v.	引き抜く
prophecies		n.	予言
puffy		adj.	ぱっくり膨れた
registrations		n.	登録
resonant		adj.	反響する
resultant		adj.	合成の
rgb		n.	RGB
schema		n.	スキーマ
schwarzenegger		n.	シュワルツェネッガー
scorn		n.	軽蔑
screwdriver		n.	ドライバー
skillful		adj.	熟練した
slowest		adj.	最も遅い
sonata		n.	ソナタ
synonym		n.	同義語
tanned		adj.	日焼けした
tele		n.	テレ
toxicology		n.	毒物学
uploads		n.	アップロード
urbana		n.	アーバナ
valentino		n.	ヴァレンティノ
verona		n.	ヴェローナ
viscosity		n.	粘度
wafer		n.	ウェハー
alta		n.	アルタ
altercation		n.	口論
amplification		n.	増幅
amuse		v.	楽しませる
armada		n.	艦隊
asheville		n.	アッシュビル
atv		n.	ATV
authorizing		v.	認可する
autographs		n.	サイン
autos		n.	自動車
backups		n.	バックアップ
bakersfield		n.	ベーカーズフィールド
barrie		n.	バリー
brunt		n.	衝撃
cashmere		n.	カシミヤ
cipher		n.	暗号
clarinet		n.	クラリネット
condos		n.	マンション
confluence		n.	合流
creme		n.	クリーム
custodian		n.	管理人
flared		adj.	広がった
freshness		n.	新鮮さ
gauges		n.	計器
gonzales		n.	ゴンザレス
groan		n.	うめき
grub		n.	幼虫
handouts		n.	配布資料
headers		n.	ヘッダー
hickory		n.	ヒッコリー
hives		n.	じんましん
hoist		v.	吊り上げる
hunk		n.	大きな塊
identifier		n.	識別子
increments		n.	増分
inhalation		n.	吸入
lasagna		n.	ラザニア
leaflet		n.	チラシ
markus		n.	マルクス
mckinney		n.	マッキニー
mediocrity		n.	平凡
motorized		adj.	動力付きの
muck		n.	泥
neonatal		adj.	新生児の
omen		n.	前兆
pallet		n.	パレット
partitions		n.	仕切り
piedmont		n.	ピエモンテ
pontiac		n.	ポンティアック
rants		v.	荒げて怒る
reels		n.	リール
rei		n.	REI
resolute		adj.	断固とした
schematic		n.	回路図
secs		n.	秒
shropshire		n.	シュロップシャー
snippet		n.	スニペット
strenuous		adj.	激しい
summarizes		v.	要約する
surcharge		n.	追加料金
tarot		n.	タロット
tungsten		n.	タングステン
vodafone		n.	ボーダフォン
woof		int.	ワンワン
wrinkle		n.	しわ
abstracts		n.	抄録
bethel		n.	ベセル
bonn		n.	ボン
bookshop		n.	書店
burberry		n.	バーバリー
celebs		n.	セレブ
chesterfield		n.	チェスターフィールド
collectibles		n.	コレクターズ品
fission		n.	核分裂
folio		n.	フォリ오
franc		n.	フラン
gainesville		n.	ゲインズビル
galore		adj.	豊富な
genomic		adj.	ゲノムの
groovy		adj.	いい感じの
gundam		n.	ガンダム
hereford		n.	ヘレフォード
hijack		v.	ハイジャックする
humankind		n.	人類
immunology		n.	免疫学
kiln		n.	窯
latvian		adj.	ラトビアの
lilac		n.	ライラック
lister		n.	リスト作成者
macaroni		n.	マカロニ
manganese		n.	マンガン
mantis		n.	カマキリ
mattresses		n.	マットレス
milligrams		n.	ミリグラム
omissions		n.	省略
participatory		adj.	参加型の
permissions		n.	権限
pfizer		n.	ファイザー
pneumatic		adj.	空気圧の
polyester		n.	ポリエステル
polynomial		n.	多項式
pyongyang		n.	平壌
quill		n.	羽根ペン
secretion		n.	分泌
shrewd		adj.	抜け目ない
smuggle		v.	密輸する
solder		n.	はんだ
spout		n.	注ぎ口
sprout		v.	芽を出す
stochastic		adj.	確率的の
sully		v.	汚す
synchronization		n.	同期
tajikistan		n.	タジキスタン
unknowingly		adv.	知らずに
vases		n.	花瓶
vibrator		n.	バイブ
wailing		n.	悲鳴
warwickshire		n.	ウォリックシャー
accountancy		n.	会計
acoustics		n.	音響
apis		n.	ミツバチ属
astoria		n.	アストリア
audiobook		n.	オーディオブック
baja		n.	Baja
bien		n.	ビエン
binoculars		n.	双眼鏡
burrow		n.	巣穴
cd-rw		n.	CD-RW
chameleon		n.	カメレオン
cheques		n.	小切手
clancy		n.	クランシー
clasp		n.	留め具
clit		n.	陰核
condominium		n.	コンドミニアム
confucius		n.	孔子
cordial		adj.	心からの子
creditor		n.	債権者
crypt		n.	地下納骨所
decatur		n.	ディケーター
delegated		v.	委任する
detects		v.	検知する
epoxy		n.	エポキシ
estonian		adj.	エストニアの
fiend		n.	悪魔
fledgling		n.	ひな鳥
fob		n.	キーホルダー
footer		n.	フッター
grille		n.	グリル
gust		n.	突風
happenings		n.	出来事
hearth		n.	暖炉
hereafter		adv.	今後
hoods		n.	フード
horoscope		n.	ホロスコープ
idealism		n.	理想主義
improvisation		n.	即興
intergovernmental		adj.	政府間の
ironing		n.	アイロンがけ
kathmandu		n.	カトマンズ
lakeside		n.	湖畔
lexicon		n.	辞書
loader		n.	ローダー
macintosh		n.	マッキントッシュ
medallion		n.	メダル
mot		n.	名言
multilateral		adj.	多国間の
nazism		n.	ナチズム
nord		n.	北
oblige		v.	強いる
pastime		n.	娯楽
pedophilia		n.	小児性愛
pinball		n.	ピンボール
plat		n.	区画図
plenary		adj.	全体の
plunder		v.	略奪する
postman		n.	郵便配達員
rebuke		v.	叱責する
rouse		v.	目覚めさせる
sampler		n.	サンプラー
schoolgirl		n.	女子学生
sedimentary		adj.	堆積の
skunk		n.	スカンク
sloth		n.	ナマケモノ
snapshots		n.	スナップ写真
snitch		v.	告げ口する
soups		n.	スープ
spindle		n.	スピンドル
stockholders		n.	株主
subtract		v.	引く
susceptibility		n.	感受性
tabletop		n.	テーブルトップ
tactile		adj.	触覚の
tangle		n.	もつれ
tiki		n.	ティキ
tonga		n.	トンガ
topeka		n.	トピカ
tort		n.	不法行為
trackers		n.	追跡者
transcend		v.	超越
underlined		adj.	下線付きの
aloha		int.	アロハ
arden		n.	アーデン
ares		n.	アレス
bhutan		n.	ブータン
bridgeport		n.	ブリッジポート
briefcase		n.	ブリーフケース
butte		n.	ビュート
camaro		n.	カマロ
cambridgeshire		n.	ケンブリッジシャー
cancellations		n.	取り消し
coherence		n.	一貫性
complainant		n.	原告
conforming		adj.	適合する
consonant		n.	子音
correlations		n.	相関
cursor		n.	カーソル
deduct		v.	控除する
dispensing		n.	調剤
doubtless		adv.	疑いなく
dunlop		n.	ダンロップ
enfield		n.	エンフィールド
enrolment		n.	登録
exclamation		n.	感嘆
filament		n.	フィラメント
glider		n.	グライダー
grime		n.	汚れ
harman		n.	ハーマン
impart		v.	伝える
interpreters		n.	通訳
invoices		n.	請求書
laminated		adj.	ラミネートされた
lug		n.	取っ手
luv		v.	愛
markup		n.	マークアップ
mixtures		n.	混合物
motley		adj.	まだらの
nottinghamshire		n.	ノッティンガムシャー
obstruct		v.	妨げる
orthopedic		adj.	整形外科の
pane		n.	窓ガラス
percentile		n.	パーセンタイル
piety		n.	敬虔
plough		n.	鋤
potentials		n.	可能性
propagate		v.	伝播する
redefine		v.	再定義する
remington		n.	レミントン
respondent		n.	回答者
retailing		n.	小売
revere		v.	敬う
saab		n.	サーブ
servings		n.	一人分
shrinks		v.	縮む
smeared		v.	塗る
soybean		n.	大豆
standardization		n.	標準化
swindon		n.	スウィンドン
toggle		v.	切り替える
ultrasonic		adj.	超音波の
unveils		v.	明らかにする
verifying		v.	確認する
watchful		adj.	用心深い
waterford		n.	ウォーターフォード
yoke		n.	軛
acorn		n.	どんぐり
alamo		n.	アラモ
antigua		n.	アンティグア
arcadia		n.	アルカディア
automate		v.	自動化する
barre		n.	バー
blaster		n.	ブラスター
brochures		n.	パンフレット
cartier		n.	カルティエ
catalogs		n.	カタログ
certify		v.	証明する
champaign		n.	シャンペーン
checker		n.	検査係
constants		n.	定数
debtor		n.	債務者
densities		n.	密度
dissolving		v.	溶かす
distort		v.	歪める
draught		n.	通風
duplicated		adj.	重複した
earring		n.	イヤリング
elsevier		n.	エルゼビア
enclosures		n.	添付
evaporation		n.	蒸発
foregoing		adj.	前述の
frighten		v.	怖がらせる
guernsey		n.	ガーンジー
haiku		n.	俳句
henceforth		adv.	今後
heterogeneous		adj.	異質の
housework		n.	家事
huddle		v.	身を寄せる
humiliate		v.	辱める
importer		n.	輸入業者
indignation		n.	憤り
irritate		v.	いらだたせる
jive		n.	ジルバ
llama		n.	リャマ
lullaby		n.	子守唄
machining		n.	機械加工
marquette		n.	マーケット
momentary		adj.	一瞬の
montague		n.	モンタギュー
moratorium		n.	支払猶予
naps		n.	昼寝
octave		n.	オクターブ
oldies		n.	懐メロ
plugins		n.	プラグイン
prudential		adj.	慎重な
remedial		adj.	補習の
runtime		n.	ランタイム
scottsdale		n.	スコッツデール
sentry		n.	歩哨
slimy		adj.	ぬるぬるした
slipper		n.	スリッパ
snout		n.	鼻先
spank		v.	お尻を叩く
storyteller		n.	語り手
stroller		n.	ベビーカー
stub		n.	切れ端
subgroup		n.	部分集合
supra		adv.	前述
tact		n.	気配り
taxonomy		n.	分類学
televisions		n.	テレビ
tinged		v.	色づく
tiresome		adj.	うんざりする
toolkit		n.	ツールキット
videotape		n.	ビデオテープ
webs		n.	クモの巣
willful		adj.	わがままな
worcestershire		n.	ウスターシャー
zeta		n.	ゼータ
alchemist		n.	錬金術師
alexandre		n.	アレクサンドル
ashland		n.	アッシュランド
backpacks		n.	バックパック
bos		n.	ウシ
busty		adj.	巨乳の
callous		adj.	無神経な
cardiology		n.	心臓病学
casserole		n.	キャセロール
cloves		n.	クローブ
compress		v.	圧縮する
compress		n.	湿布
comptroller		n.	監査役
creole		n.	クレオール語
creole		adj.	クレオールの
darlington		n.	ダーリントン
dolce		adj.	柔和に
equine		adj.	馬の
equine		n.	ウマ
faucet		n.	蛇口
feeders		n.	飼育係
fourier		n.	フーリエ
handset		n.	携帯電話
handset		n.	受話器
herzegovina		n.	ヘルツェゴビナ
holster		n.	ホルスター
holster		v.	ホルスターに収める
huntsville		n.	ハンツビル
issuer		n.	発行者
limerick		n.	リメリック
lolita		n.	ロリータ
mariana		n.	マリアナ
nouveau		adj.	ヌーヴォーの
objectionable		adj.	不快な
omit		v.	省略する
outlying		adj.	辺境の
pathfinder		n.	パスファインダー
pelican		n.	ペリカン
pembroke		n.	ペンブルック
planar		adj.	平面の
purses		n.	財布
quorum		n.	定足数
rascal		n.	悪童
roanoke		n.	ロアノーク
scripting		n.	スクリプト作成
shank		n.	すね
shortlist		n.	最終候補者名簿
sidebar		n.	サイドバー
stargate		n.	スターゲート
testimonial		n.	推薦状
thence		adv.	それゆえ
thyme		n.	タイム
toner		n.	トナー
tubs		n.	浴槽
tum		n.	おなか
unify		v.	統一する
vauxhall		n.	ボクスホール
verbatim		adv.	一字一句
virgo		n.	おとめ座
willfully		adv.	故意に
yawn		v.	あくびをする
yawn		n.	あくび
adrift		adj.	漂流した
almanac		n.	年鑑
aloe		n.	アロエ
analyzer		n.	分析器
ancillary		adj.	補助的な
antiquated		adj.	時代遅れの
aquarius		n.	みずがめ座
armani		n.	アルマーニ
averse		adj.	嫌う
beaded		adj.	ビーズの
beavers		n.	ビーバー
boomerang		n.	ブーメラン
brim		n.	縁
brim		v.	あふれる
calligraphy		n.	書道
capri		n.	カプリ島
chalet		n.	シャレー
curricular		adj.	カリキュラムの
curricular		adj.	課程の
deviate		v.	逸脱する
dialing		v.	ダイヤルする
diode		n.	ダイオード
discharges		v.	排出する
discharges		v.	解放する
dribble		v.	ドリブルする
dribble		v.	よだれを流す
endocrine		adj.	内分泌の
erickson		n.	エリクソン
executes		v.	実行する
fatter		adj.	より太った
fedora		n.	ソフト帽
flamingo		n.	フラミンゴ
flutter		v.	ひらひらする
flutter		n.	ひらひら
forrester		n.	フォレスター
frey		n.	フレイ
fuzz		n.	産毛
fuzz		n.	警察
hatching		v.	孵化する
hertz		n.	ヘルツ
hues		n.	色相
indestructible		adj.	破壊不可能な
inks		n.	インク
inns		n.	宿屋
institut		n.	研究所
islander		n.	島民
janis		n.	ヤニス
lambda		n.	ラムダ
lehigh		n.	リーハイ
leicestershire		n.	レスターシャー
linn		n.	リン
linus		n.	リーナス
lynx		n.	オオヤマネコ
mage		n.	魔術師
marketable		adj.	売り込み可能な
marlborough		n.	マールボロ
maximal		adj.	最大の
mime		n.	パントマイム
mobiles		n.	携帯電話
multidisciplinary		adj.	学際的な
nib		n.	ペン先
palatable		adj.	食べやすい
payouts		n.	支払い
pensacola		n.	ペンサコーラ
polarity		n.	極性
pompous		adj.	うぬぼれた
pundit		n.	専門家
purify		v.	浄化する
regenerative		adj.	再生の
ringer		n.	替え玉
rockville		n.	ロックビル
sata		n.	シリアルATA
saucer		n.	受皿
signup		n.	登録
snippets		n.	断片
stimulant		n.	興奮剤
subscribing		v.	購読する
sympathize		v.	同情する
townhouse		n.	タウンハウス
transferable		adj.	譲渡可能な
trish		n.	トリッシュ
vail		n.	ベイル
vibrate		v.	振動する
whatsapp		n.	WhatsApp
woodworking		n.	木工
worsen		v.	悪化する
acreage		n.	エーカー数
aquaculture		n.	養殖
argus		n.	アルゴス
asp		n.	クビキリガ
assimilate		v.	同化する
asterisk		n.	アスタリスク
augmentation		n.	増大
bacterium		n.	バクテリア
beet		n.	ビート
bistro		n.	ビストロ
bosom		n.	胸
calmer		adj.	より静かな
catalogues		n.	カタログ
catalogues		v.	カタログに載せる
clarendon		n.	クラレンドン
coldplay		n.	コールドプレイ
danville		n.	ダンビル
decoding		v.	デコードする
defenseless		adj.	無防備の
dilapidated		adj.	荒廃した
duplicates		n.	複製
emu		n.	エミュー
eritrea		n.	エリトリア
errand		n.	使い走り
exclaimed		v.	叫ぶ
fractional		adj.	小数の
globes		n.	地球儀
glorify		v.	賛美する
hiss		v.	シューッと鳴らす
insistent		adj.	しつこい
lakewood		n.	レイクウッド
ligand		n.	配位子
lubricant		n.	潤滑剤
macroeconomic		adj.	マクロ経済の
minimized		v.	最小化する
minion		n.	手下
overcast		adj.	曇天の
paragon		n.	模範
phenotype		n.	表現型
pico		n.	ピコ
pruning		v.	剪定する
quark		n.	クォーク
quizzes		n.	クイズ
radiohead		n.	レディオヘッド
regretting		v.	後悔する
renovate		v.	改修する
restores		v.	復元する
sheehan		n.	シーハン
shiver		v.	震える
smog		n.	スモッグ
stools		n.	スツール
subunit		n.	サブユニット
suffix		n.	接尾辞
surveyors		n.	測量士
swede		n.	スウェーデン人
sweepstakes		n.	富くじ
syndicated		adj.	供給された
tremor		n.	震え
wallpapers		n.	壁紙
wesleyan		n.	ウェスレヤン
wolverhampton		n.	ウルヴァーハンプトン
yokohama		n.	横浜
zig		n.	Zig
abbreviations		n.	略語
acupuncture		n.	鍼
admins		n.	管理者
argos		n.	アルゴス
bibles		n.	聖書
bloomfield		n.	ブルームフィールド
bookmark		n.	ブックマーク
bulletins		n.	公告
campground		n.	キャンプ場
clamps		n.	クランプ
convene		v.	召集
covington		n.	コビントン
curricula		n.	カリキュラム
demoted		v.	降格
derivation		n.	導出
deviations		n.	偏差
drool		v.	よだれを垂らす
ebb		v.	引き潮
emulation		n.	エミュレーション
escrow		n.	エスクロー
evaporated		v.	蒸発する
extinguish		v.	消す
fayetteville		n.	ファイエットビル
fiberglass		n.	グラスファイバー
garnish		v.	飾り付け
genealogical		adj.	系譜の
gnu		n.	ヌー
greenwichmeantime		n.	グリニッジ標準時
hershey		n.	ハーシー
hutch		n.	小屋
integrates		v.	統合する
intuitively		adv.	直感的
kawasaki		n.	川崎
koala		n.	コアラ
loren		n.	ローレン
marietta		n.	マリエッタ
millimeters		n.	ミリメートル
monde		n.	世界
obstetrics		n.	産科
obtuse		adj.	鈍い
particulate		n.	粒子状物質
petal		n.	花びら
plumbers		n.	配管工
poise		n.	落ち着き
provence		n.	プロヴァンス
rheumatoid		adj.	リウマチの
rupee		n.	ルピー
saltwater		n.	海水
scrabble		v.	手探りする
snipe		v.	狙撃する
spares		n.	予備品
stephan		n.	シュテファン
strangle		v.	絞め殺す
sus		adj.	怪しい
tahiti		n.	タヒチ
tenacious		adj.	粘り強い
toshiba		n.	東芝
tremble		v.	震える
undefined		adj.	未定義
wilton		n.	ウィルトン
workstation		n.	ワークステーション
yolk		n.	卵黄
aerosol		n.	エアゾール
aftermarket		n.	アフターマーケット
alphabetically		adv.	アルファベット順に
authorisation		n.	承認
benin		n.	ベナン
bookstores		n.	書店
brentwood		n.	ブレントウッド
buckinghamshire		n.	バッキンガムシャー
burners		n.	バーナー
clustering		n.	クラスタリング
configure		v.	設定する
consequential		adj.	結果としての
dataset		n.	データセット
deviant		adj.	異常な
discography		n.	ディスコグラフィ
dispenser		n.	ディスペンサー
dorado		n.	シイラ
dragonfly		n.	トンボ
dynamically		adv.	動的に
financials		n.	財務諸表
fingering		n.	運指
frauds		n.	詐欺
gallop		v.	疾駆する
grasshopper		n.	バッタ
hydrocarbon		n.	炭化水素
informatics		n.	情報学
innumerable		adj.	数えきれない
invariant		n.	不変量
licensee		n.	ライセンシー
locator		n.	ロケーター
magnetism		n.	磁性
maltese		adj.	マルタの
mariner		n.	船員
matthias		n.	マティアス
merck		n.	メルク
mixers		n.	ミキサー
mozilla		n.	Mozilla
multilingual		adj.	多言語の
nested		adj.	入れ子の
nourishment		n.	栄養
paintball		n.	ペイントボール
preclude		v.	妨げる
prickly		adj.	とげだらけの
programmable		adj.	プログラマブル
questionnaires		n.	アンケート
regularity		n.	規則性
remediation		n.	是正
reprints		n.	再版
resounding		adj.	鳴り響く
ripples		n.	さざ波
sarasota		n.	サラソタ
scion		n.	子孫
snooker		n.	スヌーカー
subversion		n.	転覆
tensor		n.	テンソル
ticker		n.	ティッカー
tiff		n.	口論
toil		v.	苦労する
toon		n.	カートゥーン
unidentifiedflyingobject		n.	未確認飛行物体
unregistered		adj.	未登録の
unsubscribe		v.	登録解除する
varnish		n.	ニス
wag		v.	振る
wlan		n.	無線LAN
yangon		n.	ヤンゴン
yugoslav		adj.	ユーゴスラビアの
alameda		n.	並木道
allocations		n.	割り当て
architectures		n.	アーキテクチャ
blackboard		n.	黒板
buffers		n.	バッファ
bylaws		n.	定款
carleton		n.	カールトン
catchment		n.	集水域
confuses		v.	混乱させる
consequent		adj.	結果としての
corrects		v.	訂正する
dazzle		v.	目をくらませる
decode		v.	解読する
duress		n.	強制
earthy		adj.	土の
editorials		n.	社説
ericsson		n.	エリクソン
erotica		n.	官能作品
escalator		n.	エスカレーター
furnishing		n.	家具
gambia		n.	ガンビア
gcc		n.	コンパイラ集
geophysical		adj.	地球物理の
graze		v.	草を食べる
grenada		n.	グレナダ
grower		n.	栽培者
hottie		n.	イケメン・美女
imbalances		n.	不均衡
improvise		v.	即興でやる
indistinct		adj.	不鮮明な
integers		n.	整数
intracellular		adj.	細胞内の
jukebox		n.	ジュークボックス
kayaking		n.	カヤック
knobs		n.	つまみ
leveraging		v.	活用する
macos		n.	macOS
magenta		n.	マゼンタ
marlboro		n.	マルボロ
middletown		n.	ミドルタウン
mince		v.	細かく切る
miniatures		n.	ミニチュア
monogram		n.	モノグラム
nanotechnology		n.	ナノテクノロジー
napping		v.	昼寝する
perfumes		n.	香水
phonetic		adj.	音声の
poodle		n.	プードル
redirected		v.	リダイレクトする
resuming		v.	再開する
retrieving		v.	取得する
sandbox		n.	サンドボックス
scooters		n.	スクーター
silo		n.	サイロ
sion		n.	シオン
soot		n.	煤煙
stoves		n.	コンロ
stylus		n.	スタイlus
subclass		n.	サブクラス
submits		v.	提出する
topographic		adj.	地形の
trekking		n.	トレッキング
umbilical		adj.	へその
vanishes		v.	消える
vapour		n.	蒸気
versace		n.	ヴェルサーチ
wheaton		n.	ウィートン
wither		v.	しぼむ
adorn		v.	飾る
amethyst		n.	アメジスト
bovine		adj.	牛の
braille		n.	点字
capricorn		n.	山羊座
centro		n.	チェントロ
chit		n.	用紙
cutlery		n.	食器
decal		n.	デカール
deciduous		adj.	落葉の
delphi		n.	デルファイ
detract		v.	傷つける
diminishes		v.	減る
distillation		n.	蒸留
dubs		v.	吹き替える
evaporate		v.	蒸発する
exhibitors		n.	出展者
exorbitant		adj.	法外な
expat		n.	海外移住者
experimentally		adv.	実験的に
florist		n.	花屋
formatted		v.	フォーマットする
glazing		n.	ガラス工事
grocer		n.	食料品店
headless		adj.	頭のない
hibernation		n.	冬眠
hindrance		n.	妨げ
immunization		n.	予防接種
inaccuracies		n.	不正確
kilogram		n.	キログラム
lohan		n.	羅漢
macy		n.	メイシー
marlin		n.	カジキ
meaty		adj.	肉の多い
mifflin		n.	ミフリン
moderators		n.	モデレーター
mutton		n.	マトン
newbury		n.	ニューベリー
numeric		adj.	数値の
ohm		n.	オーム
optimizing		v.	最適化する
overtaking		v.	追い越す
overtook		v.	追い越した
overture		n.	序曲
quart		n.	クォート
raisin		n.	レーズン
resistor		n.	抵抗器
rhapsody		n.	狂詩曲
rune		n.	ルーン文字
scala		n.	Scala
snowboard		n.	スノーボード
solitaire		n.	ソリティア
stakeholder		n.	利害関係者
subsided		v.	収まる
superannuation		n.	年金
swimwear		n.	水着
tec		n.	刑事
tempe		n.	テンペ
testers		n.	テスター
tumbled		v.	転がる
typography		n.	タイポグラフィ
ukulele		n.	ウクレレ
uncensored		adj.	検閲されていない
uranus		n.	天王星
usability		n.	ユーザビリティ
xerox		v.	コピーする
affective		adj.	感情の
amending		v.	修正する
armpit		n.	脇の下
backpacking		n.	バックパッキング
bartender		n.	バーテンダー
blissful		adj.	至福の
blondes		n.	ブロンドの女性
celeb		n.	セレブ
condominiums		n.	分譲マンション
coursework		n.	コースワーク
dissolves		v.	溶解する
embedding		v.	埋め込む
encased		v.	覆う
expiry		n.	満了
fowl		n.	家禽
fullerton		n.	フラートン
gelatin		n.	ゼラチン
gull		n.	カモメ
handout		n.	プリント
hitachi		n.	日立
isolates		v.	孤立させる
javascript		n.	JavaScript
kiosk		n.	売店
lisp		v.	舌足らずに話す
locust		n.	イナゴ
lubbock		n.	ラボック
moby		n.	モビー
monolithic		adj.	一枚岩の
motoring		n.	ドライブ
narcotic		n.	麻薬
nite		n.	夜
nucleotide		n.	ヌクレオチド
outbound		adj.	外向きの
peso		n.	ペソ
pilates		n.	ピラティス
pita		n.	ピタパン
portage		n.	陸揚げ
postcode		n.	郵便番号
pushy		adj.	押しつけがましい
reflector		n.	反射器
roswell		n.	ロズウェル
routers		n.	ルーター
salzburg		n.	ザルツブルク
savory		adj.	塩味の
sieve		n.	ふるい
snapper		n.	フエダイ
soleil		n.	太陽
spore		n.	胞子
succulent		adj.	多肉の
superfluous		adj.	余分な
synchronous		adj.	同期の
tenet		n.	信条
togo		n.	トーゴ
unisex		adj.	男女兼用の
wicker		n.	柳のかご
annotations		n.	注釈
apoptosis		n.	アポトーシス
assays		n.	アッセイ
astrophysics		n.	天体物理学
beanie		n.	ビーニー
blackened		adj.	黒くなった
blanca		n.	ブランカ
bremen		n.	ブレーメン
cajun		adj.	ケイジャンの
centimetres		n.	センチメートル
clog		n.	下駄
competencies		n.	能力
croix		n.	十字架
cyberspace		n.	サイバー空間
detach		v.	分離する
deutsch		adj.	ドイツ語の
eject		v.	取り出す
emblems		n.	紋章
examiners		n.	試験官
figurines		n.	置物
fleshy		adj.	肉質の
fluctuate		v.	変動する
fluttering		v.	はためく
footpath		n.	小道
frustrate		v.	落胆させる
ged		n.	GED
genomics		n.	ゲノミク스
goof		n.	ミス
grafton		n.	グラフトン
hardening		n.	硬化
hostels		n.	ホステル
ingestion		n.	摂取
kalamazoo		n.	カラマズー
largo		n.	ラルゴ
larva		n.	幼虫
lira		n.	リラ
livid		adj.	青白い
looser		adj.	より緩い
mainframe		n.	メインフレーム
mobil		n.	モービル
molar		n.	臼歯
molar		adj.	モルの
motorsports		n.	モータースポーツ
musk		n.	麝香
navigational		adj.	航法の
normalization		n.	正規化
nous		n.	ヌース
oahu		n.	オアフ島
oceania		n.	オセアニア
onyx		n.	オニックス
osteoporosis		n.	骨粗鬆症
phosphorylation		n.	リン酸化
phuket		n.	プーケット
preside		v.	議長を務める
retriever		n.	レトリバー
ringtone		n.	着信音
sars		n.	重症急性呼吸器症候群
sedative		n.	鎮静剤
slush		n.	雪どけ
sora		n.	ソラ
soundtracks		n.	サウンドトラック
swivel		n.	回転軸
swivel		v.	回転する
tearful		adj.	涙にぬれた
toolbox		n.	道具箱
transsexual		n.	性転換者
transsexual		adj.	性転換の
unsupported		adj.	サポートされていない
whirlpool		n.	渦
whitish		adj.	白っぽい
wholesalers		n.	卸売業者
wishlist		n.	ウィッシュリスト
apricot		n.	アプリコット
atari		n.	アタリ
bestow		v.	授ける
calculators		n.	電卓
checkmate		n.	チェックメ이트
checkmate		v.	チェックメイトする
constellations		n.	星座
converters		n.	コンバーター
copyrights		n.	著作権
docker		n.	ドック労働者
docket		n.	事件表
expedited		v.	促進する
fasten		v.	締める
fizz		n.	シュワシュワー
fizz		v.	発泡する
flatten		v.	平らにする
flopped		v.	失敗する
flopped		v.	ばったり倒れる
gasket		n.	パッキン
gemstone		n.	宝石
hatchback		n.	ハッチバック
hoisted		v.	吊り上げる
hustler		n.	詐欺師
img		n.	画像
jamestown		n.	ジェームズタウン
kernels		n.	カーネル
leeway		n.	余地
lob		v.	ロブ
locale		n.	ロケール
maserati		n.	マセラ티
memos		n.	メモ
networked		adj.	ネットワーク接続の
orthogonal		adj.	直交する
parse		v.	構文解析する
pinterest		n.	ピンタレスト
remover		n.	除去剤
simplification		n.	単純化
stupidly		adv.	愚かに
tiara		n.	ティアラ
tranny		n.	トランス
ugliest		adj.	最も醜い
underline		v.	下線を引く
visor		n.	バイザー
weighting		n.	重み付け
werewolves		n.	狼男
allowable		adj.	許容できる
amex		n.	アメックス
amortization		n.	償却
aniston		n.	アニストン
ashford		n.	アシュフォード
bib		n.	ビブ
bumble		v.	へまをする
cabo		n.	カボ
claremont		n.	クレアモント
coordinators		n.	コーディネーター
cote		n.	小屋
deduce		v.	推論する
displace		v.	置き換える
doge		n.	ドージコイン
erupt		v.	噴火する
evaluates		v.	評価する
executor		n.	遺言執行者
facsimile		n.	複製
fillet		n.	フィレ
gleam		v.	輝く
handel		n.	ヘンデル
hasbro		n.	ハスブロ
headsets		n.	ヘッドセット
idiom		n.	慣用句
intoxicating		adj.	酔わせるような
iota		n.	イオタ
kafka		n.	カフカ
msn		n.	エムエスエヌ
pacemaker		n.	ペースメーカー
panty		n.	パンティ
paraphernalia		n.	用具
perl		n.	Perl
projectors		n.	プロジェクター
rutland		n.	ラトランド
sapiens		n.	サピエンス
savers		n.	貯蓄家
shanks		n.	すね
shreveport		n.	シュリーブポート
sociable		adj.	社交的な
soiled		adj.	汚れた
thrillers		n.	スリラー
trombone		n.	トロンボーン
vertebrate		n.	脊椎動物
warehousing		n.	倉庫保管
watermark		n.	透かし
webcast		n.	ネット中継
westport		n.	ウェストポート
yearn		v.	憧れる
alibaba		n.	アリババ
avatars		n.	アバター
breakfasts		n.	朝食
burundi		n.	ブルンジ
chimpanzee		n.	チンパンジー
communicator		n.	伝達者
complies		v.	従う
cymru		n.	ウェールズ
diabolical		adj.	悪魔的な
disintegrated		v.	崩壊する
dolby		n.	ドルビー
factoring		n.	因数分解
farmington		n.	ファーミントン
fennel		n.	ウイキョウ
fetching		adj.	魅力的
firework		n.	花火
forked		adj.	又な
handover		n.	引き継ぎ
hummingbird		n.	ハチドリ
impotence		n.	無力
increment		n.	増分
invertebrates		n.	無脊椎動物
jester		n.	道化
northamptonshire		n.	ノーサンプトンシャー
odour		n.	匂い
oscillation		n.	振動
overpass		n.	立体交差
patagonia		n.	パタゴニア
persevere		v.	やり抜く
pisces		n.	うお座
polymerase		n.	ポリメラーゼ
prerequisites		n.	前提条件
prune		n.	プルーン
prune		v.	刈り込む
putative		adj.	推定の
pyjamas		n.	パジャマ
radiate		v.	放射する
raton		n.	ラトン
refrigerators		n.	冷蔵庫
regrettable		adj.	残念な
serials		n.	連載物
shakira		n.	シャキーラ
sonnet		n.	ソネット
spurious		adj.	偽の
swingers		n.	スワッパー
tensile		adj.	引張りの
toothless		adj.	歯のない
troubleshooting		n.	トラブルシューティング
turkmenistan		n.	トルクメニスタン
vertices		n.	頂点
whirl		v.	回転する
whirl		n.	回転
widget		n.	ウィジェット
zucchini		n.	ズッキーニ
aguilera		n.	アギレラ
audubon		n.	オーボン
auth		n.	認証
bayesian		adj.	ベイズの
boolean		adj.	ブールの
caledonia		n.	カレドニア
chromatography		n.	クロマトグラフィー
clitoris		n.	陰核
coriander		n.	コリアンダー
couches		n.	ソファ
darfur		n.	ダルフール
discord		n.	不和
dissipate		v.	消える
elapsed		v.	経過する
encode		v.	符号化する
freebies		n.	無料品
globalisation		n.	グローバル化
goddamned		adj.	ったく
guidebook		n.	ガイドブック
hereinafter		adv.	以下において
hotspots		n.	ホットスポット
importers		n.	輸入業者
installs		v.	インストールする
lightest		adj.	最も軽い
loudspeaker		n.	スピーカー
marketer		n.	マーケター
monotonous		adj.	単調な
navel		n.	へそ
newbies		n.	初心者
obsidian		n.	黒曜石
paging		n.	ポケットベル呼び
perky		adj.	元気な
phishing		n.	フィッシング
priestess		n.	女祭司
quotient		n.	商
realtors		n.	不動産業者
sadder		adj.	より悲しい
saws		n.	のこぎり
secreted		v.	分泌する
siena		n.	シエナ
stashed		v.	隠す
subspecies		n.	亜種
tampered		v.	改ざんする
uninstall		v.	アンインストールする
vac		n.	真空
valium		n.	バリウム
vcr		n.	ビデオデッキ
alkali		n.	アルカリ
andover		n.	アンドーヴァー
baht		n.	バーツ
caress		n.	愛撫
chewy		adj.	歯ごたえのある
creeper		n.	這うもの
customizable		adj.	カスタマイズ可能な
dependant		n.	扶養家族
diagonally		adv.	対角線上に
dram		n.	少量
embed		v.	埋め込む
emulator		n.	エミュレータ
envoys		n.	使節
etymology		n.	語源
exasperated		adj.	苛立った
excalibur		n.	エクスカリバー
exorcist		n.	エクソシスト
fayette		n.	ファイエット
federated		adj.	連合した
gaussian		adj.	ガウスの
gratis		adv.	無料で
guiana		n.	ギアナ
headings		n.	見出し
householder		n.	世帯主
hurrah		int.	万歳
immerse		v.	浸す
indemnity		n.	賠償
installer		n.	インストーラー
interoperability		n.	相互運用性
mailer		n.	郵送物
mercedes-benz		n.	メルセデス・ベンツ
metallurgy		n.	冶金
misc		n.	その他
mushy		adj.	どろどろの
nauru		n.	ナウル
newsletters		n.	ニュースレター
ontology		n.	オントロジー
origami		n.	折り紙
ovary		n.	卵巣
palma		n.	パルマ
possum		n.	ポッサム
potted		adj.	鉢植えの
preset		n.	プリセット
recombinant		adj.	組み換えの
refreshment		n.	軽食
reproach		v.	責める
retractable		adj.	引き込み式の
sander		n.	サンダー
scorecard		n.	スコアカード
silos		n.	サイロ
slideshow		n.	スライドショー
struts		n.	支柱
tangerine		n.	ミカン
upholstery		n.	家具の張り地
viscous		adj.	粘性の
ablaze		adj.	燃えて
amphetamine		n.	アンフェタミン
aruba		n.	アルバ
authenticated		adj.	認証された
chiropractic		n.	カイロプラクティック
chopsticks		n.	箸
colloquial		adj.	口語の
cramer		n.	クレーマー
dermatology		n.	皮膚学
dictating		v.	口述する
dominica		n.	ドミニカ
endpoint		n.	エンドポイント
englewood		n.	エングルウッド
fireplaces		n.	暖炉
hasten		v.	急ぐ
identifiers		n.	識別子
impair		v.	損なう
kinetics		n.	動力学
layman		n.	素人
layup		n.	レイアップ
libra		n.	天秤座
myocardial		adj.	心筋の
narnia		n.	ナルニア
oblong		adj.	長方形の
ophthalmology		n.	眼科学
orca		n.	シャチ
panzer		n.	装甲車
pomegranate		n.	ザクロ
promiscuous		adj.	ふしだらな
reproductions		n.	複製品
revocation		n.	撤回
richland		n.	リッチランド
scalable		adj.	拡張可能な
scalar		n.	スカラー
scrapbook		n.	スクラップブック
semiconductors		n.	半導体
separator		n.	セパレータ
sheraton		n.	シェラトン
stingray		n.	アカエイ
symbiotic		adj.	共生の
tetris		n.	テトリス
thereto		adv.	それに
tickling		n.	くすぐり
trifle		n.	些事
twink		n.	若い美男子
ventricular		adj.	心室の
vivo		n.	vivo
weymouth		n.	ウェイマス
worksheet		n.	ワークシート
wyndham		n.	ワインダム
antigens		n.	抗原
ascii		n.	ASCII
bookshelf		n.	本棚
boron		n.	ホウ素
bugle		n.	ビューグル
bumblebee		n.	マルハナバチ
clarion		n.	クラリオン
compilations		n.	コンピレーション
confine		v.	限定
constructor		n.	コンストラクタ
coolers		n.	クーラー
copycat		n.	物真似をする人
cosplay		n.	コスプレ
cur		n.	雑種犬
deutschland		n.	ドイツ
durango		n.	デュランゴ
ejaculation		n.	射精
facilitation		n.	促進
freeport		n.	フリーポート
gabon		n.	ガボン
garmin		n.	ガーミン
inhaler		n.	吸入器
jacuzzi		n.	ジャグザー
lacquer		n.	漆
lakeland		n.	レイクランド
liquefied		adj.	液化した
microprocessor		n.	マイクロプロセッサ
murmur		n.	つぶやき
murmur		v.	つぶやく
musings		n.	物思い
onsite		adj.	現場の
plunger		n.	ピストン
presto		int.	見て
printable		adj.	印刷可能な
pulley		n.	滑車
rechargeable		adj.	充電可能な
refinance		v.	借り換える
saskatoon		n.	サスカトーン
selenium		n.	セレン
slovenian		adj.	スロベニアの
slovenian		n.	スロベニア語
soulmate		n.	ソウルメイト
stefani		n.	ステファニー
taxa		n.	分類群
techs		n.	技術者
velcro		n.	ベルクロ
waltham		n.	ウォルサム
warranties		n.	保証書
washers		n.	洗濯機
washers		n.	ワッシャー
withered		adj.	しぼんだ
aphrodite		n.	アプロディーテ
applicability		n.	適用性
cameos		n.	カメオ
clove		n.	クローブ
clove		n.	片
crackling		n.	ぱちぱち音
cryptography		n.	暗号学
deere		n.	ディア
determinants		n.	決定要因
determinants		n.	行列式
drapes		n.	カーテン
dynamical		adj.	力学の
electra		n.	エレクトラ
enquire		v.	尋ねる
forsake		v.	見捨てる
gatwick		n.	ガトウィック
gecko		n.	ヤモリ
generalize		v.	一般化する
grills		n.	グリル
handcrafted		adj.	手作りの
helpline		n.	相談窓口
hurl		v.	投げつける
involuntarily		adv.	不随意に
lathe		n.	旋盤
macbook		n.	MacBook
mcafee		n.	McAfee
merges		v.	統合する
nucleic		adj.	核の
octagon		n.	八角形
pectoral		adj.	胸の
polaroid		n.	ポラロイド
pungent		adj.	刺激的な
putter		n.	パター
reeve		n.	代官
refinancing		n.	借換
roaches		n.	ゴキブリ
salomon		n.	Salomon
sandal		n.	サンダル
scat		v.	出ていけ
seaport		n.	港
seychelles		n.	セーシェル
sharpest		adj.	最も鋭い
spacex		n.	SpaceX
structuredquerylanguage		n.	構造化照会言어
teapot		n.	ティーポット
tuner		n.	チューナー
vaginas		n.	膣
wetter		adj.	より濡れた
wifiscanner		n.	WiFiスキャナー
albatross		n.	アホウドリ
antivirus		n.	アンチウイルス
arouse		v.	喚起する
autographed		adj.	サイン入りの
banff		n.	Banff
bindings		n.	バインディング
calc		n.	計算機
coed		adj.	男女共学の
corning		n.	Corning
crutch		n.	松葉杖
cursive		adj.	筆記体の
dandelion		n.	タンポポ
decals		n.	デカール
emitter		n.	エミッタ
emporium		n.	百貨店
expend		v.	費やす
facilitator		n.	ファシリテーター
flagstaff		n.	旗竿
gagged		v.	猿ぐつわをされる
gartner		n.	Gartner
groundhog		n.	ウッドチャック
heave		v.	持ち上げる
homely		adj.	家庭的な
homely		adj.	平凡な
incase		n.	Incase
insecticide		n.	殺虫剤
joplin		n.	Joplin
knoll		n.	小丘
kungfu		n.	カンフー
landlady		n.	大家主
lavatory		n.	トイレ
mbp		n.	MBP
metering		n.	計量
motels		n.	モーテル
nourish		v.	養う
numbing		adj.	しびれさせる
obscenity		n.	猥褻
obsess		v.	取り憑く
pk		n.	プレイヤーキラー
portability		n.	移植性
predation		n.	捕食
rectal		adj.	直腸の
recursive		adj.	再帰的
reverting		v.	戻す
shemale		n.	シーメール
shrank		v.	縮む
slimmer		adj.	よりほっそりした
sportswear		n.	スポーツウェア
succinct		adj.	簡潔な
testimonials		n.	推薦状
thoughtless		adj.	思慮のない
valence		n.	原子価
virtuoso		n.	名手
wail		v.	泣き叫ぶ
watertown		n.	ウォータータウン
whitewater		n.	急流
whiz		n.	達人
xenon		n.	キセノン
acme		n.	絶頂
addendum		n.	付録
adhesives		n.	接着剤
annotation		n.	注釈
authorizes		v.	承認する
avril		n.	アヴリル
barcode		n.	バーコード
cassettes		n.	カセット
centimeter		n.	センチ
cilantro		n.	コリアンダー
clementine		n.	クレメンタイン
clipboard		n.	クリップボード
crosse		n.	クロス
dag		n.	ダグ
debugging		v.	デバッグ
disputing		v.	論争する
divination		n.	占い
emigrate		v.	移住する
exorcism		n.	悪魔払い
fabricate		v.	でっち上げる
fluctuation		n.	変動
gauze		n.	ガーゼ
geometrical		adj.	幾何学的な
hallucination		n.	幻覚
hovered		v.	舞う
jacking		v.	ジャッキで上げる
mississauga		n.	ミシサガ
modifier		n.	修飾語
nerf		v.	弱体化する
oar		n.	櫂
playwright		n.	劇作家
quench		v.	消す
quench		v.	渇きをいやす
radon		n.	ラドン
retardation		n.	遅延
retort		v.	言い返す
runes		n.	ルーン文字
shogun		n.	将軍
shrinkage		n.	収縮
snowstorm		n.	吹雪
spouting		v.	噴出する
surnames		n.	姓
tamper		v.	改ざんする
telephony		n.	電話技術
tenerife		n.	テネリフェ
zaire		n.	ザイール
assessor		n.	評価者
asynchronous		adj.	非同期の
cabernet		n.	カベルネ
calico		n.	キャラコ
canoeing		n.	カヌー
clapton		n.	クラプトン
conspicuously		adv.	目立って
darken		v.	暗くなる
debian		n.	Debian
depositing		v.	預ける
disintegrate		v.	崩壊する
disparaging		adj.	軽蔑的な
drosophila		n.	ショウジョウバエ
epsilon		n.	イプシロン
esc		n.	エスケープキー
faqs		n.	よくある質問
frock		n.	ワンピース
goblet		n.	ゴブレット
hysteria		n.	ヒステリー
kauai		n.	カウアイ島
kona		n.	コナ
mailman		n.	郵便配達員
manus		n.	手
maven		n.	専門家
milliseconds		n.	ミリ秒
nagoya		n.	名古屋
neuter		adj.	中性の
ophelia		n.	オフィーリア
oppress		v.	虐げる
originator		n.	創始者
outfitters		n.	アウトフィッター
phoebe		n.	フィービー
porcupine		n.	ヤマアラシ
scopes		n.	範囲
shakespearean		adj.	シェイクスピアの
shopkeeper		n.	店主
splitter		n.	スプリッター
subside		v.	収まる
telepathy		n.	テレパシー
thesaurus		n.	シソーラス
trina		n.	トリーナ
widescreen		adj.	ワイドスクリーンの
ack		int.	了解
acronyms		n.	頭字語
amarillo		n.	アマリロ
ansi		n.	ANSI
armpits		n.	脇の下
audiobooks		n.	オーディオブック
bedfordshire		n.	ベッドフォードシャー
blowjobs		n.	フェラチオ
bootstrap		n.	ブートストラップ
bouquets		n.	ブーケ
cnet		n.	CNET
comstock		n.	コムストック
dashes		n.	ダッシュ
dehydrogenase		n.	デヒドロゲナーゼ
fairmont		n.	フェアモント
flaky		adj.	ボロボロの
glistening		adj.	きらめく
gopher		n.	リス
hamsters		n.	ハムスター
inasmuch		conj.	なぜなら
jackal		n.	ジャッカル
jokers		n.	ジョーカー
jolla		n.	ヨッラ
joystick		n.	ジョイスティック
kelp		n.	昆布
laminate		v.	ラミネートする
launcher		n.	ランチャー
leek		n.	リーキ
lifecycle		n.	ライフサイクル
macros		n.	マクロ
mauritania		n.	モーリタニア
medford		n.	メッドフォード
nox		n.	窒素酸化物
oedipus		n.	エディプス
prawn		n.	エビ
receptacle		n.	容器
regs		n.	規制
sagittarius		n.	いて座
sauvignon		n.	ソーヴィニヨン
searchable		adj.	検索可能な
seething		v.	煮えたぎる
shamrock		n.	シャムロック
shelving		n.	棚
smut		n.	わいせつ
subsystem		n.	サブシステム
topaz		n.	トパーズ
torino		n.	トリノ
vigour		n.	活力
volte		n.	VoLTE
wagging		v.	振る
wisest		adj.	最も賢い
adapters		n.	アダプタ
anode		n.	陽極
arafat		n.	アラファト
argon		n.	アルゴン
astonishment		n.	驚き
backend		n.	バックエンド
beryllium		n.	ベリリウム
billiard		n.	ビリヤード
booksellers		n.	書店
capacitance		n.	キャパシタンス
carlsbad		n.	カールスバッド
complimenting		v.	褒める
debug		v.	デバッグする
depress		v.	落ち込ませる
evansville		n.	エバンズビル
exe		n.	実行ファイル
git		n.	ジット
glassware		n.	ガラス器
gooey		adj.	ねばねばした
habitually		adv.	習慣的に
hdtv		n.	高精細テレビ
hep		adj.	詳しい
hist		int.	しー
hokkaido		n.	北海道
indignant		adj.	憤慨した
lesotho		n.	レソト
logitech		n.	ロジテック
lookup		n.	検索
mildew		n.	カビ
parsing		v.	構文解析
peripherals		n.	周辺機器
petitioner		n.	請願者
pinkie		n.	小指
pollute		v.	汚染する
precede		v.	先行する
quicken		v.	速める
raspberrypi		n.	ラズベリーパイ
rfid		n.	RFID
rove		v.	徘徊する
scrapes		v.	削る
smears		v.	塗る
sofas		n.	ソファ
spreadsheets		n.	表計算
strangling		v.	絞め殺す
stroked		v.	撫でる
thrifty		adj.	倹約な
thunderbird		n.	サンダーバード
tiling		n.	タイル張り
tyrosine		n.	チロシン
unicode		n.	ユニコード
wholesaler		n.	卸売業者
adequacy		n.	適切性
benzene		n.	ベンゼン
cadmium		n.	カドミウム
callaway		n.	キャラウェイ
carnivorous		adj.	肉食の
chimera		n.	キメラ
cleave		v.	割る
crayfish		n.	ザリガニ
czechs		n.	チェコ人
defraud		v.	詐取する
dit		n.	ドット符号
falkland		n.	フォークランド
ferment		v.	発酵させる
figurine		n.	フィギュア
freshen		v.	新鮮にする
interceptor		n.	迎撃機
linkages		n.	連結
malaga		n.	malaga
micron		n.	ミクロン
monoclonal		adj.	モノクローナル
omelette		n.	オムレツ
omnipotent		adj.	全能の
predicate		n.	述語
ramble		v.	漫歩する
realtime		adj.	リアルタイム
reebok		n.	リーボック
refrained		v.	自制する
rhinoceros		n.	サイ
rollover		n.	ロールオーバー
shithead		n.	クソ野郎
sudbury		n.	サドベリー
tumbler		n.	コップ
uglier		adj.	より醜い
vex		v.	悩ませる
waveform		n.	波形
workbook		n.	ワークブック
workspace		n.	ワークスペース
aliases		n.	別名
amiable		adj.	愛想の良い
billiards		n.	ビリヤード
biosynthesis		n.	生合成
carnivores		n.	肉食動物
cascading		v.	連鎖する
colosseum		n.	コロッセオ
datasets		n.	データセット
decoder		n.	デコーダー
devilish		adj.	悪魔的な
elon		n.	イーロン
enclosing		v.	囲む
enron		n.	エンロン
erectile		adj.	勃起の
flopping		v.	倒れる
fragrances		n.	香水
gaol		n.	刑務所
grainy		adj.	粒状の
heighten		v.	高める
implicate		v.	巻き込む
implore		v.	懇願する
intonation		n.	イントネーション
inversely		adv.	逆に
johnwick		n.	ジョン・ウィック
keypad		n.	テンキー
lubricants		n.	潤滑剤
merriam		n.	メリリアム
necessitate		v.	必要とする
o'reilly		n.	オライリー
pantyhose		n.	パンティストッキング
parametric		adj.	パラメトリックの
pornstar		n.	ポルノスター
practicable		adj.	実行可能な
quiver		n.	矢筒
quiver		v.	震える
rougher		adj.	より粗い
sentinels		n.	歩哨
strictest		adj.	最も厳しい
teak		n.	チーク
tortures		n.	拷問
tortures		v.	拷問する
turnip		n.	カブ
veritas		n.	真実
acapulco		n.	アカプルコ
adieu		int.	さようなら
airfare		n.	航空運賃
ashcroft		n.	アッシュクロフト
contaminate		v.	汚染する
corsair		n.	海賊
costco		n.	コストコ
diverge		v.	分岐する
doughty		adj.	勇ましい
downpour		n.	土砂降り
eloquence		n.	雄弁
gateways		n.	ゲートウェイ
halogen		n.	ハロゲン
icpc		n.	ICPC
ingest		v.	摂取する
insulate		v.	断熱する
interconnection		n.	相互接続
licensees		n.	ライセンス取得者
musty		adj.	かび臭い
mysql		n.	MySQL
nevis		n.	ネイビス
nikon		n.	ニコン
nourished		v.	栄養を与える
nourishing		adj.	栄養のある
obituaries		n.	訃報
overestimate		v.	過大評価する
peninsular		adj.	半島の
punctual		adj.	時間に正確な
rafting		n.	ラフティング
satisfactorily		adv.	満足に
savanna		n.	サバンナ
sleet		n.	みぞれ
snarky		adj.	皮肉な
supplementing		v.	補充する
swab		n.	綿棒
swab		v.	拭く
testicle		n.	睾丸
tinge		n.	色合い
tinge		v.	色付かせる
trample		v.	踏みつける
tropic		n.	熱帯
untrustworthy		adj.	信頼できない
westerns		n.	西部劇
wretch		n.	哀れな人
yakima		n.	ヤキマ
airbnb		n.	Airbnb
alfalfa		n.	アルファルファ
appellant		n.	控訴人
ashanti		n.	アシャンティ
australasia		n.	オーストララシア
baguette		n.	バゲット
bioinformatics		n.	バイオインフォマティクス
cobbler		n.	靴修理職人
columnists		n.	コラムニスト
constrain		v.	制限する
cookbooks		n.	料理本
defenceless		adj.	無防備の
diggs		n.	ディッグス
exclaim		v.	叫ぶ
frightful		adj.	恐ろしい
geforce		n.	GeForce
heisenberg		n.	ハイゼンベルク
infuse		v.	注入する
interplanetary		adj.	惑星間の
irreverent		adj.	不敬な
linens		n.	リネン類
outpouring		n.	噴出
placeholder		n.	プレースホルダー
pogo		n.	ポゴ
predisposition		n.	素因
prettier		adj.	より可愛い
receivable		adj.	未払の
scarface		n.	スカーフェイス
scrolled		v.	スクロールする
stagger		v.	よろめく
subtext		n.	サブテキスト
swaziland		n.	スワジランド
woodpecker		n.	キツツキ
workstations		n.	ワークステーション
zigzag		v.	ジグザグに進む
acura		n.	アキュラ
bookmarks		n.	ブックマーク
ciao		int.	チャオ
comforter		n.	掛け布団
commissary		n.	売店
compilers		n.	コンパイラ
daemon		n.	デーモン
descriptor		n.	記述子
dynamism		n.	躍動
gauteng		n.	ハウテン州
gigabit		n.	ギガビット
girdle		n.	ガードル
hark		v.	聞け
homies		n.	仲間
igneous		adj.	火成の
intercepts		v.	迎撃する
intrude		v.	侵入する
jumble		v.	混乱させる
lengthen		v.	長くする
mallorca		n.	マヨルカ島
monolith		n.	モノリス
nudist		n.	ヌーディスト
orgies		n.	乱交
partitioning		n.	パーティショニング
savoury		adj.	塩味の
scold		v.	しかる
seducing		v.	誘惑する
smearing		v.	塗る
sweatshirts		n.	スウェット
switchboard		n.	交換機
telecoms		n.	電気通信
unix-like		adj.	Unix系の
urology		n.	泌尿器科
vibrates		v.	振動する
viennese		adj.	ウィーンの
whitewash		n.	粉飾
whitewash		v.	石灰水を塗る
aggravate		v.	悪化させる
appraisals		n.	評価
appraiser		n.	鑑定人
arboretum		n.	植物園
argent		n.	銀
beaker		n.	ビーカー
bezel		n.	ベゼル
carats		n.	カラット
craps		n.	クラップス
creatine		n.	クレアチン
cypher		n.	暗号
deploys		v.	配備する
dermal		adj.	皮膚の
digimon		n.	デジモン
dramatist		n.	劇作家
executable		adj.	実行可能な
firmness		n.	堅さ
foreclosures		n.	差し押さえ
gibbon		n.	テナガザル
gimp		n.	びっこ
grumble		v.	愚痴をこぼす
hardback		n.	ハードカバー
immaturity		n.	未熟
impostor		n.	詐欺師
intercepting		v.	迎撃する
kilowatt		n.	キロワット
kilowatt-hour		n.	キロワット時
kilowatt-hours		n.	キロワット時
legible		adj.	判読できる
lowercase		n.	小文字
macao		n.	マカオ
moaned		v.	うめく
orangutan		n.	オランウータン
pendants		n.	ペンダント
quilts		n.	キルト
rancid		adj.	腐った
revives		v.	復活させる
sculpt		v.	彫る
siri		n.	Siri
syndication		n.	シンジケーション
terrify		v.	怯えさせる
trite		adj.	陳腐な
widgets		n.	ウィジェット
actuarial		adj.	保険数理の
bonsai		n.	盆栽
bushel		n.	ブッシェル
callback		n.	コールバック
cation		n.	陽イオン
celsius		adj.	摂氏の
centipede		n.	ムカデ
chiffon		n.	シフォン
chloroform		n.	クロロホルム
coaxial		adj.	同軸の
conch		n.	ホラガイ
conditioners		n.	コンディショナー
demarcation		n.	境界画定
desktops		n.	デスクトップ
determinations		n.	決定
dildos		n.	ディルド
euler		n.	オイラー
ewe		n.	雌羊
ferrous		adj.	鉄を含む
frieze		n.	フリーズ
industrious		adj.	勤勉な
layoff		n.	レイオフ
leica		n.	ライカ
lido		n.	屋外プール
megapixel		n.	メガピクセル
mondo		adj.	ものすごい
muddle		n.	混乱
omnipresent		adj.	遍在の
overhang		n.	突出物
oxley		n.	オクスリー
pail		n.	バケツ
persecute		v.	迫害する
phat		adj.	最高の
pornstars		n.	ポルノスター
rejuvenation		n.	若返り
reseller		n.	転売業者
softest		adj.	最も柔らかい
squeezes		v.	絞る
stereotyped		adj.	定型化した
superlative		n.	最上級
swarovski		n.	スワロフスキー
tabby		n.	トラ猫
thorium		n.	トリウム
tomboy		n.	おてんば
unclassified		adj.	未分類の
urchin		n.	わんぱく小僧
vandal		n.	野蛮人
watertight		adj.	防水の
wavering		v.	揺れ動く
aerosmith		n.	エアロスミス
appetizers		n.	前菜
appreciable		adj.	顕著な
aural		adj.	聴覚の
barracuda		n.	バラクダ
bridle		n.	手綱
crackle		v.	ぱちぱち鳴る
croissant		n.	クロワッサン
dupe		n.	騙された人
electronica		n.	エレクトロニカ
elongate		v.	伸ばす
eyewear		n.	眼鏡
geisha		n.	芸者
gemstones		n.	宝石
hannover		n.	ハノーファー
hummer		n.	ハマー
inverter		n.	インバーター
kfc		n.	ケンタッキー
ligature		n.	リガチャー
mambo		n.	マンボ
martinique		n.	マルティニーク
millimetres		n.	ミリメートル
optionally		adv.	任意で
oscillating		v.	振動する
overlaid		v.	重ねる
pewter		n.	ピューター
popup		n.	ポップアップ
punchline		n.	オチ
radish		n.	ラディッシュ
scoff		v.	あざける
spires		n.	尖塔
telstra		n.	テルストラ
thongs		n.	ビーチサンダル
uptime		n.	アップタイム
vagabond		n.	放浪者
vanuatu		n.	バヌアツ
webcams		n.	ウェブカメラ
ablation		n.	アブレーション
bankruptcies		n.	倒産
blighted		adj.	枯れた
carrera		n.	カレラ
djibouti		n.	ジブチ
driest		adj.	最も乾いた
dubbing		n.	吹き替え
enclose		v.	囲む
entree		n.	メインディッシュ
flavoring		n.	香料
generative		adj.	生成的
intelligible		adj.	理解できる
krypton		n.	クリプトン
lenovo		n.	レノボ
lichen		n.	地衣
liechtenstein		n.	リヒテンシュタイン
loki		n.	ロキ
magellan		n.	マゼラン
magnify		v.	拡大する
mutter		v.	ぶつぶつ言う
omens		n.	前兆
overcoat		n.	オーバーコート
pansy		n.	パンジー
prescriptive		adj.	規定の
redistribute		v.	再配分する
redistributed		v.	再配分する
splatter		v.	飛び散る
squirting		v.	噴出する
swinger		n.	スインガー
thereon		adv.	その上に
vertebra		n.	椎骨
wasabi		n.	わさび
wettest		adj.	濡れた
whines		v.	弱音を吐く
wilful		adj.	わがままな
aggregator		n.	アグリゲーター
anabolic		adj.	同化の
backstreet		n.	裏通り
bridegroom		n.	新郎
ciara		n.	シアラ
convening		v.	開催する
cyberpunk		n.	サイバーパンク
dryers		n.	乾燥機
encrypt		v.	暗号化する
energize		v.	活性化する
ginseng		n.	高麗人参
haskell		n.	ハスケル
hibiscus		n.	ハイビスカス
improvising		v.	即興でやる
infiniti		n.	インフィニティ
inhabitant		n.	住民
keychain		n.	キーホルダー
licensure		n.	免許
mythos		n.	神話
offload		v.	荷下ろしする
pillage		v.	略奪する
pillage		n.	略奪
polynesia		n.	ポリネシア
ravenous		adj.	空腹の
rind		n.	外皮
rumsfeld		n.	ラムズフェルド
salamander		n.	サンショウウオ
solaris		n.	Solaris
storytellers		n.	語り部
sundae		n.	サンデー
transitive		adj.	他動の
unrecognizable		adj.	見分けのつかない
vagrant		n.	浮浪者
antilles		n.	アンティル諸島
ascribe		v.	帰属させる
binaries		n.	バイナリ
cashiers		n.	レジ係
clothe		v.	服を着せる
credential		n.	証明書
crunches		v.	ガリガリ噛む
crunches		n.	クランチ
decompose		v.	分解する
dingo		n.	ディンゴ
fasteners		n.	留め具
flattening		v.	平らにする
franchising		n.	フランチャイズ
guile		n.	狡猾
homey		adj.	家庭的
loin		n.	腰
paralegal		n.	パラリーガル
piranha		n.	ピラニア
postscript		n.	追伸
pussycat		n.	猫
refundable		adj.	返金可能な
renews		v.	更新
restful		adj.	安らかな
scallop		n.	ホタテ
seedling		n.	苗
shrew		n.	トガリネズミ
snowmobile		n.	スノーモービル
traditionalist		n.	伝統主義者
utilisation		n.	利用
waver		v.	揺らぐ
wring		v.	絞る
authoring		n.	オーサリング
benchmarking		n.	ベンチマーク
camcorder		n.	ビデオカメラ
castrated		v.	去勢する
chipmunk		n.	シマリス
conceiving		v.	思う
customised		adj.	カスタマイズされた
deadpool		n.	デッドプール
drape		v.	垂らす
droplet		n.	飛沫
electives		n.	選択科目
flaring		v.	燃え立つ
fora		n.	フォーラム
handsets		n.	携帯電話
huckleberry		n.	ハックルベリー
iguana		n.	イグアナ
insulator		n.	絶縁体
invert		v.	反転させる
invertebrate		n.	無脊椎動物
iridium		n.	イリジウム
kitts		n.	セントクリストファー
korn		n.	コーン
lemma		n.	補題
mesothelioma		n.	中皮腫
mire		n.	泥沼
modulate		v.	変調する
molybdenum		n.	モリブデン
murakami		n.	ムラカミ
mussel		n.	ムール貝
qq		n.	QQ
radeon		n.	Radeon
ramblings		n.	とりとめのない話
refills		n.	詰め替え用
rosette		n.	ロゼット
serendipity		n.	セレンディピティ
squander		v.	浪費
vulva		n.	外陰部
wikimedia		n.	Wikimedia
abatement		n.	軽減
amiga		n.	Amiga
archiving		n.	アーカイブ
astro		n.	Astro
asus		n.	ASUS
baboon		n.	ヒヒ
bounding		v.	跳ね回る
browned		v.	茶色になる
caterer		n.	ケータリング業者
congratulation		n.	お祝い
cordless		adj.	コードレス
countrywide		adj.	全国的な
diffused		v.	拡散する
emoji		n.	絵文字
ergonomic		adj.	人間工学的
exemplify		v.	例証する
handjob		n.	手コキ
hastened		v.	急ぐ
hovers		v.	ホバーする
hyacinth		n.	ヒヤシンス
italic		adj.	イタリックの
loitering		v.	ぶらつくこと
misnomer		n.	誤称
nebula		n.	星雲
obstinate		adj.	頑固な
optimisation		n.	最適化
philology		n.	文献学
qa		n.	品質保証
revoking		v.	取り消す
scorch		v.	焦がす
scribble		v.	走り書きする
sentries		n.	歩哨
tera		num.	テラ
toolbar		n.	ツールバー
vaccinate		v.	ワクチンを接種する
vestibule		n.	玄関
wagering		n.	賭け
acrobat		n.	曲芸師
ambien		n.	アンビエン
assoc		n.	協会
baffle		v.	当惑させる
cobble		v.	石を敷く
conferencing		n.	会議
disintegrating		v.	崩壊する
drivel		n.	たわごた
effeminate		adj.	女々しい
expandable		adj.	拡張可能な
extractor		n.	換気扇
extractor		n.	エクストラクター
geophysics		n.	地球物理学
headlong		adv.	真っ逆さまに
nunavut		n.	ヌナブト
okey		int.	オーケー
prescribes		v.	処方する
prozac		n.	プロザック
ramones		n.	ラモーンズ
secretarial		adj.	秘書の
secrete		v.	分泌する
stormwater		n.	雨水
unselfish		adj.	無欲の
weezer		n.	ウィーザー
allegro		adv.	アレグロ
barium		n.	バリウム
bestsellers		n.	ベストセラー
calibre		n.	口径
compressing		v.	圧縮する
condense		v.	凝縮する
cyan		n.	シアン
dictation		n.	書き取り
doh		int.	あらら
entitle		v.	権利を与える
epinephrine		n.	アドレナリン
ethereum		n.	イーサリアム
halibut		n.	オヒョウ
lavigne		n.	ラヴィーン
loins		n.	腰
modems		n.	モデム
normans		n.	ノルマン人
omniscient		adj.	全知の
opengl		n.	OpenGL
pacer		n.	ペースメーカー
placard		n.	プラカード
promiscuity		n.	乱交
provisioning		n.	プロビジョニング
recede		v.	後退する
reverts		v.	元に戻る
savant		n.	学者
scrawny		adj.	やせこけた
slop		n.	汚水
spyware		n.	スパイウェア
stocky		adj.	ずんぐりした
subsidence		n.	沈下
swirls		v.	渦を巻く
symbiosis		n.	共生
synchronize		v.	同期させる
thicken		v.	濃くなる
thumbnails		n.	サムネイル
unread		adj.	未読の
wolfram		n.	タングステン
workaround		n.	回避策
armadillo		n.	アルマジロ
bacillus		n.	桿菌
bloodhound		n.	ブラッドハウンド
bromide		n.	臭化物
chipset		n.	チップセット
cobblestone		n.	石畳
condiment		n.	調味料
demotion		n.	降格
envisage		v.	想定する
eon		n.	永年
fluorine		n.	フッ素
glyph		n.	グリフ
gramophone		n.	蓄音機
hibernate		n.	冬眠
hibernate		v.	冬眠する
icann		n.	ICANN
interconnect		v.	相互接続する
labia		n.	陰唇
louisvuitton		n.	ルイ・ヴィトン
milli		num.	ミリ
narrowest		adj.	最も狭い
outermost		adj.	最も外側の
paperbacks		n.	文庫本
prefixes		n.	接頭辞
reproducible		adj.	再現可能な
rippling		v.	さざ波が立つ
seiko		n.	セイコー
shockwave		n.	衝撃波
snapdragon		n.	キンギョソウ
sorcerers		n.	魔法使い
troublemaker		n.	トラブルメーカー
advisories		n.	お知らせ
andorra		n.	アンドラ
assembler		n.	アセンブラ
assembler		n.	組立工
bibliographic		adj.	書誌の
caicos		n.	カイコス
changeover		n.	切り替え
classifieds		n.	広告
cuticle		n.	甘皮
despatch		v.	派遣
despatch		n.	派遣
embellishment		n.	飾り
fortran		n.	Fortran
huffman		n.	ハフマン
impurity		n.	不純物
moldy		adj.	カビた
ochre		n.	黄土
ochre		adj.	黄土色の
overlays		n.	オーバーレイ
overlays		v.	重ねる
personalize		v.	個人化する
phoney		adj.	偽の
platypus		n.	カモノハシ
pollutant		n.	汚染物質
prankster		n.	いたずら者
recollect		v.	思い出す
scalability		n.	スケーラビリティ
spud		n.	ジャガイモ
startle		v.	ぎょっとさせる
tardy		adj.	遅い
velvety		adj.	ビロードのような
accesses		n.	アクセス
adsense		n.	アドセンス
analgesic		n.	鎮痛剤
bmp		n.	BMP
caching		n.	キャッシュ
campgrounds		n.	キャンプ場
carnivore		n.	肉食動物
decrypt		v.	復号する
disgusts		v.	嫌悪させる
encoder		n.	エンコーダー
firewalls		n.	ファイアウォール
gist		n.	要点
github		n.	GitHub
grope		v.	手探りする
gutenberg		n.	グーテンベルク
haughty		adj.	傲慢な
hoisting		v.	吊り上げる
horseradish		n.	ホースラディッシュ
inlay		n.	象嵌
naively		adv.	無邪気に
palau		n.	パラオ
panasonic		n.	パナソニック
pikachu		n.	ピカチュウ
quilting		n.	キルティング
shins		n.	すね
ulysses		n.	ユリシーズ
underlie		v.	基礎をなす
virginian		adj.	バージニアの
voyeur		n.	覗き魔
wisp		n.	一筋
zeiss		n.	Zeiss
bissau		n.	ビサウ
cabling		n.	配線
codec		n.	コーデック
consumables		n.	消耗品
copier		n.	複写機
defrauded		v.	詐欺する
deprecated		adj.	非推奨の
dimmer		n.	調光器
effluent		n.	排水
exhibitor		n.	出展者
imperium		n.	支配権
liens		n.	留置権
longhorn		n.	ロングホーン
podcasting		n.	ポッドキャスト
radishes		n.	大根
resellers		n.	販売業者
seduces		v.	誘惑する
segregate		v.	分離する
spammers		n.	スパマー
swirled		v.	渦巻く
thinnest		adj.	最も薄い
timeliness		n.	適時性
tivoli		n.	ティヴォリ
wavered		v.	揺れる
westin		n.	ウェスティン
abalone		n.	アワビ
airsoft		n.	エアソフト
alzheimer		n.	アルツハイマー
bismuth		n.	ビスマス
classifier		n.	分類器
fallback		n.	フォールバック
faroe		n.	フェロー
filename		n.	ファイル名
fraudsters		n.	詐欺師
hoarse		adj.	しわがれた
intensify		v.	強める
launchpad		n.	発射台
nonverbal		adj.	非言語的
prophesy		v.	予言する
sardine		n.	イワシ
slipknot		n.	スリップノット
snorkeling		n.	シュノーケリング
splint		n.	副木
stethoscope		n.	聴診器
superstore		n.	大型スーパー
svg		n.	SVG
swagger		v.	威張って歩く
swagger		n.	横柄
twinks		n.	ツインク
wags		v.	揺らす
youtuber		n.	ユーチューバー
celluloid		n.	セルロイド
colic		n.	疝痛
collectable		adj.	収集価値のある
epidermal		adj.	表皮の
facials		n.	フェイシャル
fattest		adj.	太った
gigabyte		n.	ギガバイト
indented		adj.	ギザギザの
jeeves		n.	Jeeves
medallions		n.	メダル
mongrel		n.	雑種犬
octagonal		adj.	八角形の
overhear		v.	聞き込む
paralyze		v.	麻痺させる
recur		v.	再発する
recursion		n.	再帰
redirects		v.	リダイレクトする
resets		v.	リセットする
scheduler		n.	スケジューラ
stewed		adj.	煮込んだ
stews		v.	煮込む
suffixes		n.	接尾辞
synthase		n.	シンターゼ
toughen		v.	強化する
vignette		n.	ビネット
adaptor		n.	アダプタ
agitate		v.	かき混ぜる
agitate		v.	扇動する
append		v.	追加する
birding		n.	バードウォッチング
condensing		v.	凝縮する
decried		v.	非難する
doze		v.	うたた寝する
dreamcast		n.	Dreamcast
exoskeleton		n.	外骨格
filial		adj.	孝行の
fisting		v.	フィスティング
florists		n.	花屋
freezers		n.	冷凍庫
hardens		v.	固くなる
hyphen		n.	ハイフン
indentation		n.	インデント
insipid		adj.	味気ない
kenwood		n.	ケンウッド
naturals		n.	自然なもの
noncommercial		adj.	非営利の
outgrowth		n.	結果
pacifier		n.	おしゃぶり
prunes		n.	プルーン
puffer		n.	フグ
ripen		v.	熟する
scooby-doo		n.	スクービー・ドゥー
serif		n.	セリフ
spiny		adj.	棘だらけの
subsides		v.	収まる
sudoku		n.	数独
symantec		n.	シマンテック
tambourine		n.	タンバリン
tilapia		n.	ティラピア
tuber		n.	塊茎
unabridged		adj.	完全版の
affix		v.	付加する
affix		n.	接辞
alicante		n.	アリカンテ
appendices		n.	付録
biloxi		n.	ビロクシ
clang		n.	ガチャンという音
compresses		v.	圧縮する
escherichia		n.	エシェリキア
flatbed		n.	フラットベッド
fume		n.	煙
guadeloupe		n.	グアドループ
liposuction		n.	脂肪吸引
microbe		n.	微生物
moonlit		adj.	月明かりの
nickelback		n.	Nickelback
novelties		n.	新機軸
okra		n.	オクラ
omelet		n.	オムレツ
pager		n.	ポケベル
parser		n.	パーサー
permeate		v.	浸透する
prometheus		n.	プロメテウス
shrunken		adj.	縮んだ
skittish		adj.	気まぐれな
strontium		n.	ストロンチウム
timeshare		n.	タイムシェア
transvestite		n.	異性装者
turismo		n.	ツーリズモ
typist		n.	タイピスト
weblog		n.	ウェブログ
bernadette		n.	ベルナデット
bestiality		n.	獣姦
chives		n.	チャイブ
citroen		n.	シトロエン
clink		v.	チャリと鳴る
configuring		v.	設定する
esperanto		n.	エスペラント
eval		v.	評価する
expedia		n.	エクスペディア
morty		n.	モーティ
oomph		n.	元気
preposition		n.	前置詞
servicesetidentifier		n.	サービスセット識別子
shimano		n.	シマノ
snarl		v.	うなる
ssid		n.	SSID
suriname		n.	スリナム
thickest		adj.	最も厚い
timestamp		n.	タイムスタンプ
tivo		n.	TiVo
tradesman		n.	商人
variegated		adj.	斑の
vel		conj.	または
walkman		n.	ウォークマン
anglophone		n.	英語話者
annealing		n.	焼きなまし
antler		n.	鹿の角
aromatherapy		n.	アロマセラピー
clack		v.	カタカタ鳴る
clicker		n.	クリッカー
diazepam		n.	ジアゼパム
drudge		v.	こき使われる
dwindle		v.	減少する
env		n.	環境変数
etiology		n.	病因学
gangbang		n.	集団レイプ
immigrate		v.	移住する
implicating		v.	巻き込む
micrograms		n.	マイクログラム
micronesia		n.	ミクロネシア
mikes		n.	マイク
misdirection		n.	誤導
newzealander		n.	ニュージーランド人
outkast		n.	Outkast
registrant		n.	登記者
washable		adj.	洗える
antecedent		n.	前例
antecedent		n.	先行詞
cached		v.	キャッシュする
choker		n.	チョーカー
cialis		n.	シアリス
decry		v.	非難する
discordant		adj.	不調和な
django		n.	Django
dropbox		n.	Dropbox
exalt		v.	高める
faultless		adj.	完璧な
halve		v.	半減する
laud		v.	賞賛する
louse		n.	シラミ
millimetre		n.	ミリメートル
nederland		n.	オランダ
postulate		v.	仮定する
postulate		n.	仮説
radisson		n.	Radisson
shania		n.	Shania
strollers		n.	ベビーカー
submerge		v.	沈める
tints		n.	色合い
wilted		v.	萎れる
workpiece		n.	工作物
wrangle		v.	言い争う
ashlee		n.	アシュリー
callus		n.	胼胝
clearinghouse		n.	決済機関
cmos		n.	CMOS
downgrading		v.	格下げ
enumeration		n.	列挙
epson		n.	エプソン
fastener		n.	留め具
filesystem		n.	ファイルシステム
horoscopes		n.	ホロスコープ
mandrake		n.	マンドラゴラ
millisecond		n.	ミリ秒
montserrat		n.	モントセラト
nary		adj.	少しも…ない
optimizations		n.	最適化
qrcode		n.	QRコード
recherche		adj.	珍奇な
reiki		n.	レイキ
rickandmorty		n.	リック・アンド・モーティ
sans-serif		adj.	セリフなし
sedona		n.	セドナ
sepals		n.	がく片
squabble		v.	言い争う
worksheets		n.	ワークシート
aaliyah		n.	アリーヤ
albumin		n.	アルブミン
anchovy		n.	アンチョビ
cookware		n.	調理器具
customizing		v.	カスタマイズする
diatribe		n.	痛撃
dinar		n.	ディナール
disparage		v.	貶める
durian		n.	ドリアン
feign		v.	装う
irrigate		v.	灌漑する
melodious		adj.	美しい旋律の
middleware		n.	ミドルウェア
occupier		n.	占領者
orthography		n.	正書法
overtakes		v.	追い越す
pentagram		n.	ペンタグラム
purifier		n.	浄化器
rampaging		v.	暴れ回る
timberland		n.	森林地
tomcat		n.	雄猫
waddle		v.	よちよち歩く
whined		v.	泣き言を言う
wombat		n.	ウォンバット
brioche		n.	ブリオッシュ
brutish		adj.	野蛮な
cookers		n.	調理器具
defrauding		v.	詐取する
employability		n.	就業能力
enchant		v.	魅了する
freeware		n.	フリーウェア
inaugurate		v.	就任させる
ingots		n.	インゴット
irregularity		n.	不規則
jogged		v.	ジョギングする
latinas		n.	ラティーナ
linker		n.	リンカー
multicast		n.	マルチキャスト
outerwear		n.	アウターウェア
phonetics		n.	音声学
pruned		v.	刈り込む
retry		v.	再試行する
sadism		n.	サディズム
saturate		v.	飽和させる
shortcoming		n.	欠点
vibrators		n.	バイブレーター
ameliorate		v.	改善する
depresses		v.	落ち込ませる
gnaw		v.	かじる
grenadines		n.	グレナデンシロップ
hippopotamus		n.	カバ
initialization		n.	初期化
lucent		adj.	透明な
metacritic		n.	Metacritic
miser		n.	けち
moslem		n.	イスラム教徒
personals		n.	個人広告
pierrot		n.	ピエロ
sftp		n.	SFTP
timezone		n.	タイムゾーン
tuft		n.	房毛
unwrap		v.	包みを開く
vanadium		n.	バナジウム
whisker		n.	ひげ
adorning		v.	飾る
adverb		n.	副詞
centimetre		n.	センチメートル
cumshot		n.	射精シーン
embellish		v.	飾る
hypertext		n.	ハイパーテキスト
impertinent		adj.	無礼な
languish		v.	衰える
limousines		n.	リムジン
mastodon		n.	マストドン
meritocracy		n.	実力主義
necktie		n.	ネクタイ
quinta		n.	キンタ
screensaver		n.	スクリーンセーバー
subsist		v.	生活する
antimony		n.	アンチモン
coronet		n.	コロネット
cynically		adv.	皮肉に
emoticons		n.	顔文字
faucets		n.	蛇口
gannett		n.	ガネット
hilfiger		n.	ヒルフィガー
honeybee		n.	ミツバチ
hunks		n.	男前
intranet		n.	イントラネット
languid		adj.	無気力な
motherboards		n.	マザーボード
newswire		n.	通信社
persimmon		n.	柿
polygon		n.	多角形
quantization		n.	量子化
ribosomal		adj.	リボソームの
rosetta		n.	ロゼッタ
snafu		n.	混乱
threesomes		n.	スリーサム
vicodin		n.	ビコディン
autodesk		n.	オートデスク
cuttlefish		n.	コウイカ
defame		v.	名誉を毀損する
directx		n.	DirectX
guid		n.	GUID
javaruntimeenvironment		n.	Java実行環境
jre		n.	JRE
listless		adj.	うつろな
logger		n.	伐採者
namespace		n.	名前空間
newsfeed		n.	ニュースフィード
obscenities		n.	わいせつな言葉
preteen		n.	思春期前の子供
preteen		adj.	思春期前の
rhodium		n.	ロジウム
righty		n.	右利き
sharpener		n.	研削器
stapler		n.	ホッチキス
subroutine		n.	サブルーチン
sumatra		n.	スマトラ
tcl		n.	Tcl
thessalonians		n.	テサロニケ人への手紙
webbed		adj.	水かきのある
zirconia		n.	ジルコニア
zoloft		n.	ゾロフト
arabidopsis		n.	シロイヌナズナ
chequered		adj.	市松模様の
collectables		n.	コレクターズアイテム
datum		n.	データ
earthenware		n.	陶器
harington		n.	ハリントン
incubus		n.	夢魔
inkjet		adj.	インクジェット
inuyasha		n.	犬夜叉
patreon		n.	Patreon
pecker		n.	キツツキ
principe		n.	王子
prion		n.	プリオン
roughest		adj.	最も粗い
spayed		v.	避妊手術をする
stringy		adj.	繊維質の
struct		n.	構造体
tableware		n.	食器
telnet		n.	Telnet
toons		n.	カートゥーン
trended		v.	トレンドになる
utensil		n.	道具
acquaint		v.	知らせる
aquamarine		n.	アクアマリン
astringent		adj.	渋い
bayes		n.	ベイズ
brokeback		adj.	ブロークバック
conformance		n.	適合
countable		adj.	可算の
couplet		n.	連句
fascinate		v.	魅了する
femdom		n.	フェムドム
giga		num.	ギガ
insertions		n.	挿入
ligation		n.	結紮
masturbates		v.	自慰する
nought		num.	ゼロ
oneplus		n.	ワンプラス
ptr		n.	ポインタ
sooty		adj.	すすだらけの
sublimation		n.	昇華
switcher		n.	切り替え装置
unknowing		adj.	知らない
untie		v.	ほどく
airmail		n.	航空郵便
alchemical		adj.	錬金術の
chars		n.	文字
concordance		n.	コンコルダンス
decrying		v.	非難する
deform		v.	変形させる
downbeat		n.	弱拍
downbeat		adj.	ふさぎ込んだ
encloses		v.	囲む
infusing		v.	注入する
kiribati		n.	キリバス
lauds		v.	賛美する
mojave		n.	モハーベ
peculiarity		n.	特異性
qualcomm		n.	クアルコム
rime		n.	霜
sakai		n.	堺
taxon		n.	分類群
tumbles		v.	転ぶ
uuid		n.	UUID
watersports		n.	ウォータースポーツ
akon		n.	アコン
annoyances		n.	悩み
capsicum		n.	トウガラシ
configurable		adj.	設定可能な
cron		n.	cron
drumsticks		n.	ドラムスティック
fellatio		n.	フェラチオ
fraudster		n.	詐欺師
geckos		n.	ヤモリ
jekyll		n.	ジキル
safaris		n.	サファリ
stupider		adj.	愚かだ
subwoofer		n.	サブウーファー
tuners		n.	チューナー
convenes		v.	開催する
decoupling		v.	デカップリング
decoupling		n.	デカップリング
downgrades		v.	格下げ
downgrades		n.	格下げ
eason		n.	イーソン
fetches		v.	取ってくる
fpga		n.	FPGA
freebsd		n.	FreeBSD
frontend		n.	フロントエンド
hematite		n.	赤鉄礦
hums		v.	ハミングする
hums		n.	ハミング
idleness		n.	無為
mcu		n.	マイコン
microsystems		n.	マイクロシステムズ
mitten		n.	ミトン
nanometers		n.	ナノメートル
ordain		v.	命じる
outwit		v.	出し抜く
refraining		v.	控える
resize		v.	サイズ変更
semicolon		n.	セミコロン
shoppe		n.	ショップ
soulmates		n.	ソウルメイト
anaconda		n.	アナコンダ
astonish		v.	驚かせる
awakenings		n.	覚醒
baccarat		n.	バカラ
capper		n.	キャッパー
centigrade		adj.	摂氏の
chapped		adj.	ひび割れた
copilot		n.	副操縦士
debugger		n.	デバッガ
distill		v.	蒸留する
emacs		n.	エディタ
getaways		n.	旅行
implicates		v.	巻き込む
kissimmee		n.	キシミー
omnipotence		n.	全知全能
opossum		n.	オポッサム
penne		n.	ペンネ
polonium		n.	ポロニウム
subsections		n.	小節
sumatrapdf		n.	ビューア
uppercase		adj.	大文字の
adorns		v.	飾る
altman		n.	アルトマン
belkin		n.	ベルキン
cesium		n.	セシウム
detracts		v.	そしる
fantastical		adj.	幻想的な
haptic		adj.	触覚の
humidifier		n.	加湿器
incubate		v.	孵卵する
janitorial		adj.	清掃の
kinect		n.	キネクト
leu		n.	レウ
mpls		n.	MPLS
reverent		adj.	敬虔な
tether		v.	繋ぐ
valhalla		n.	ヴァルハラ
worldcat		n.	WorldCat
backgammon		n.	バックギャモン
calyx		n.	萼
clef		n.	音部記号
deplored		v.	嘆く
disclaimers		n.	免責事項
effusive		adj.	熱烈な
faxes		n.	ファックス
initialize		v.	初期化する
keeling		v.	転覆する
kilowatts		n.	キロワット
maxilla		n.	上顎
milligram		n.	ミリグラム
nylons		n.	ナイロンストッキング
ringtones		n.	着メロ
tannin		n.	タンニン
tantalum		n.	タンタル
ubisoft		n.	Ubisoft
valance		n.	装飾垂れ
wails		v.	号哭する
zirconium		n.	ジルコニウム
alkaloid		n.	アルカロイド
bromine		n.	臭素
calving		v.	子を産む
customise		v.	カスタマイズする
cve		n.	CVE
indent		v.	インデントする
indium		n.	インジウム
ladyboy		n.	レディーボーイ
larks		n.	ヒバリ
masturbated		v.	オナニーする
orbiter		n.	オービター
phoneme		n.	音素
phonemic		adj.	音素の
pkg		n.	パッケージ
rockport		n.	ロックポート
sandisk		n.	サンディスク
stinker		n.	嫌な奴
technics		n.	テクニクス
torchlight		n.	たいまつの光
uncountable		adj.	不可算の
whatcha		pron.	なにを
zookeeper		n.	動物園の飼育員
acknowledgements		n.	謝辞
borland		n.	ボーランド
cerevisiae		n.	酵母
commutation		n.	交換
deplore		v.	非難する
disillusion		v.	幻滅させる
ellipsis		n.	省略
endow		v.	寄付する
germanium		n.	ゲルマニウム
hotmail		n.	Hotmail
imbalanced		adj.	不均衡の
keno		n.	キノ
lubricate		v.	潤滑にする
micrometers		n.	マイクロメートル
mouldy		adj.	かびた
oppenheimer		n.	オッペンハイマー
piedpiper		n.	ハメルンの笛吹き男
quasar		n.	クエーサー
refrains		n.	リフレイン
refrains		v.	控える
rippled		v.	さざ波が立つ
rippled		adj.	さざ波状の
soonest		adv.	最も早く
spay		v.	避妊手術をする
testis		n.	精巣
transliteration		n.	音訳
trudged		v.	重い足取りで歩く
wailed		v.	泣き叫ぶ
wma		n.	WMAファイル
arabica		n.	アラビカ
bitmap		n.	ビットマップ
consecrate		v.	聖別する
corrector		n.	訂正者
fluttered		v.	はためく
highbrow		adj.	知識階級の
hyperlink		n.	ハイパーリンク
masochism		n.	マゾヒズム
oscillate		v.	振動する
trudging		v.	重い足取りで歩く
unadorned		adj.	装飾のない
vesicle		n.	小胞
vite		adv.	迅速に
aborting		v.	中断する
alito		n.	アリート
aubergine		n.	ナス
barbuda		n.	バーブーダ
biochem		n.	生化学
bungle		v.	しくじる
colonnade		n.	列柱
diffusing		v.	拡散する
disintegrates		v.	崩壊する
disparaged		v.	貶める
dota		n.	DOTA
exorcise		v.	悪霊を払う
fetishism		n.	フェチ
filmography		n.	出演作品
helpdesk		n.	ヘルプデスク
marsupial		n.	有袋類
peal		n.	鐘の音
peal		v.	鳴り響く
polyphonic		adj.	複音の
sarbanes		n.	Sarbanes
scrapbooking		n.	スクラップブッキング
secreting		v.	分泌する
secreting		v.	隠す
slushy		adj.	ぬかるんだ
slushy		n.	スラッシュ
whiten		v.	白くなる
whiten		v.	漂白する
wilting		v.	しおれる
adiabatic		adj.	断熱の
arduino		n.	アルドゥイーノ
copycats		n.	物まね屋
corrode		v.	腐食する
defamed		v.	名誉を毀損する
downcast		adj.	落胆した
exasperating		adj.	苛立たしい
fainter		adj.	よりかすかな
gradation		n.	階調
hackneyed		adj.	陳腐な
labial		adj.	唇音の
malformed		adj.	奇形の
markdown		n.	値下げ
mealy		adj.	粉質の
needn't		v.	必要ない
oscilloscope		n.	オシロスコープ
rasp		n.	やすり
reticle		n.	レティクル
rhizome		n.	根茎
slaver		v.	よだれを垂らす
spatter		v.	はねかける
thanos		n.	サノス
trudge		v.	重足で歩く
aleph		n.	アレフ
aphid		n.	アブラムシ
baste		v.	仮縫いする
checkbox		n.	チェックボックス
demarcated		v.	境界を定める
diadem		n.	王冠
draping		n.	ドレーピング
florid		adj.	はでな
foreshadow		v.	予兆する
gamespot		n.	GameSpot
hydrocodone		n.	ヒドロコドン
laotian		adj.	ラオスの
nanometer		n.	ナノメートル
ovum		n.	卵細胞
pranksters		n.	悪戯者
putty		n.	パテ
ramada		n.	涼しいあずまや
rapacious		adj.	貪欲な
shortcake		n.	ショートケーキ
softcover		n.	ソフトカバー
synchronizing		v.	同期する
webmaster		n.	ウェブマスター
ati		n.	ATI
bonobo		n.	ボノボ
cavitation		n.	キャビテーション
flutters		v.	はためく
gamecube		n.	GameCube
hoists		v.	吊り上げる
ingot		n.	インゴット
loiter		v.	ぶらつく
maintainer		n.	メンテナー
megapixels		n.	メガピクセル
stewing		v.	煮込む
toilette		n.	身支度
umami		n.	うまみ
airfares		n.	航空運賃
ankh		n.	アンク
citrix		n.	Citrix
clanging		v.	カンカン鳴る
condenses		v.	凝縮する
decoupled		adj.	分離した
defaming		v.	中傷する
disclaims		v.	否認する
forklift		n.	フォークリフト
gentoo		n.	ジェンツーペンギン
housewares		n.	家庭用品
hummed		v.	ハミングする
inauthentic		adj.	本物でない
jogs		v.	ジョギングする
linea		n.	線
logon		n.	ログオン
microchip		n.	マイクロチップ
molt		v.	換羽
nonstandard		adj.	非標準の
novell		n.	ノベル
peekaboo		n.	いないいないばあ
perversely		adv.	逆上って
pranking		v.	悪ふざけする
prisma		n.	プリズ마
rapidity		n.	速さ
varnished		v.	ニスを塗った
vue		n.	Vue
addressable		adj.	アドレス指定可能な
asic		n.	ASIC
bedspread		n.	ベッドスプレッド
braked		v.	ブレーキをかけた
buf		n.	バッファ
comoros		n.	コモロ
esthetic		adj.	美的
flattens		v.	平らにする
imac		n.	iMac
lesbos		n.	レスボス島
manicures		n.	マニキュア
mustn't		v.	〜してはいけない
nanosecond		n.	ナノ秒
notepad		n.	ノートパッド
npp		n.	NPP
oxidize		v.	酸化する
reorder		v.	再注文する
shallot		n.	エシャロット
symbian		n.	Symbian
thespian		n.	役者
areola		n.	乳輪
brunet		adj.	浅黒いの
devops		n.	DevOps
evanescence		n.	消えること
imminently		adv.	今にも
indentations		n.	くぼみ
interdict		v.	禁じる
kraken		n.	クラーケン
monad		n.	モナド
omicron		n.	オミクロン
pitcairn		n.	ピトケアン
pranked		v.	いたずらする
salesforce		n.	Salesforce
seance		n.	降霊会
seducer		n.	誘惑者
sennheiser		n.	Sennheiser
shemales		n.	ニューハーフ
storekeeper		n.	店主
subcategories		n.	サブカテゴリ
vmware		n.	VMware
wilts		v.	しぼむ
xperia		n.	Xperia
alienware		n.	Alienware
arboreal		adj.	樹木の
arial		n.	Arial
asin		n.	ASIN
breathy		adj.	息声の
glamor		n.	魅力
italicized		v.	イタリックにする
kaleidoscope		n.	万華鏡
multifunction		adj.	多機能の
mutagenesis		n.	変異誘発
niobium		n.	ニオブ
ostracism		n.	排斥
sebaceous		adj.	皮脂の
subzero		adj.	氷点下の
telex		n.	テレックス
unrated		adj.	無評価の
westlife		n.	Westlife
arthropod		n.	節足動物
castrate		v.	去勢する
macaw		n.	コンゴウインコ
stashing		v.	隠す
wsl		n.	WSL
alkalinity		n.	アルカリ度
attentiondeficithyperactivitydisorder		n.	注意欠陥多動症
chevelle		n.	シェベル
cluck		v.	コケコッコーと鳴く
cosponsors		n.	共同提案者
deface		v.	傷つける
engadget		n.	Engadget
entreat		v.	懇願する
freq		n.	周波数
hemispherical		adj.	半球の
intransitive		adj.	自動詞の
lacuna		n.	欠落
lauding		v.	称賛する
micrometer		n.	マイクロメートル
nextel		n.	Nextel
niue		n.	ニウエ
nourishes		v.	養う
sequoia		n.	セコイア
tramadol		n.	トラマドール
applet		n.	アプレット
ativan		n.	ロラゼパム
bukkake		n.	ぶっかけ
cartilaginous		adj.	軟骨の
daewoo		n.	ダウ
facetime		n.	ビデオ通話
ferric		adj.	鉄(III)の
flasher		n.	方向指示器
flasher		n.	露出狂
lozenge		n.	トローチ
lozenge		n.	菱形
lozenges		n.	トローチ
lozenges		n.	菱形
medline		n.	Medline
nodule		n.	結節
overlaying		v.	オーバーレイする
polyphony		n.	ポリフォニー
rho		n.	ロー
strangles		v.	絞める
tailwind		n.	追い風
taxman		n.	税務官
tencent		n.	テンセント
tuvalu		n.	ツバル
upskirt		n.	スカートの中
waitlist		n.	キャンセル待ち
arcadian		adj.	田園の
argentx		n.	ArgentX
chatbot		n.	チャットボット
extol		v.	褒め称える
filamentous		adj.	糸状の
harasses		v.	嫌がらせする
hastening		v.	急がせる
microseconds		n.	マイクロ秒
napped		v.	居眠りする
norah		n.	ノーラ
photoelectric		adj.	光電の
tetrahedron		n.	四面体
woodchuck		n.	ウッドチャック
annotate		v.	注釈する
anther		n.	葯
blowfish		n.	フグ
cannibalistic		adj.	同類食の
cloying		adj.	甘ったるい
demote		v.	降格させる
indole		n.	インドール
maintainers		n.	メンテナー
matlab		n.	Matlab
secretes		v.	分泌する
sparc		n.	SPARC
uncategorized		adj.	未分類の
ventilate		v.	換気する
waken		v.	目覚めさせる
changelog		n.	変更履歴
inspiron		n.	インスピロン
misplace		v.	置き忘れる
morpheme		n.	形態素
pizzazz		n.	パッとはずむ感じ
shareware		n.	シェアウェア
stargazer		n.	星を眺める人
subtotal		n.	小計
umbilicus		n.	へそ
venerate		v.	崇拝する
wechat		n.	WeChat
wombats		n.	ウォンバット
checksum		n.	チェックサム
decries		v.	非難する
diecast		adj.	ダイカストの
echidna		n.	ハリモグラ
magnifier		n.	拡大鏡
parasitism		n.	寄生
reconditioned		adj.	再生した
resound		v.	響き渡る
subchapter		n.	小章
timekeeper		n.	時間係
tinting		n.	着色
vexatious		adj.	悩ませるsuch
vibrated		v.	振動する
acknowledgments		n.	謝辞
bonjour		int.	こんにちは
footstep		n.	足音
heil		int.	ハイル
indolent		adj.	怠惰な
jabber		v.	早口でまくし立てる
julienne		n.	千切り
legibility		n.	読みやすさ
lts		n.	LTS
pentium		n.	Pentium
subsiding		v.	収まる
thallium		n.	タリウム
wavers		v.	揺らぐ
arbour		n.	あずまや
blacken		v.	黒くなる
enya		n.	エンヤ
firewire		n.	FireWire
glisten		v.	きらめく
glutinous		adj.	ねばねばした
handjobs		n.	手コキ
json		n.	JSON
kyocera		n.	Kyocera
lunchroom		n.	食堂
moisten		v.	湿らせる
neoplasm		n.	新生物
rajesh		n.	ラジェシュ
readability		n.	可読性
spittle		n.	唾
whois		n.	Whois
conceives		v.	思いつく
educ		v.	教育する
lesbo		n.	レズ
mutagen		n.	変異原
nudists		n.	ヌーディスト
octet		n.	八重奏
robusta		n.	ロブスタ
sailfish		n.	バショウカジキ
sanyo		n.	三洋
speller		n.	スペルチェッカー
synthetically		adv.	合成的に
talkback		n.	インターホン
tautology		n.	トートロジー
truncate		v.	切り捨てる
wayland		n.	Wayland
capsid		n.	カプシド
casio		n.	カシオ
diffuses		v.	拡散する
espanol		n.	スペイン語
ignorantly		adv.	無知に
omnidirectional		adj.	全方向の
piquant		adj.	ピリッとした
pulpy		adj.	パルプ状の
quic		n.	QUIC
theseus		n.	テセウス
asics		n.	アシックス
codices		n.	写本
detracted		v.	貶める
detracting		v.	貶める
dinnerware		n.	食器
exorcised		v.	悪霊を払う
oscillates		v.	振動する
recapitulation		n.	要約
retentive		adj.	記憶力の良い
revokes		v.	取り消す
subsisting		v.	生活する
svelte		adj.	ほっそりした
varnishes		n.	ワニス
wellbutrin		n.	Wellbutrin
workgroup		n.	ワークグループ
amphora		n.	アンフォラ
chive		n.	チャイブ
keychains		n.	キーホルダー
necromancy		n.	死霊術
posix		n.	POSIX
sachet		n.	サシェ
suse		n.	SUSE
transvestites		n.	女装愛好者
airpods		n.	AirPods
chromebook		n.	Chromebook
cortana		n.	Cortana
disjunction		n.	分離
dreamweaver		n.	Dreamweaver
infuses		v.	注ぎ込む
jquery		n.	jQuery
litecoin		n.	ライトコ인
nginx		n.	nginx
papillae		n.	乳頭
soothsayer		n.	予言者
suppressant		n.	抑制剤
thresh		v.	脱穀する
xeon		n.	Xeon
corel		n.	Corel
deplores		v.	非難する
lua		n.	Lua
oppo		n.	Oppo
tilde		n.	チルダ
tubercle		n.	結節
vandalize		v.	荒らす
vim		n.	Vim
adaptors		n.	アダプタ
adios		int.	さようなら
assignee		n.	受讓人
contrive		v.	工夫する
datasheet		n.	データシート
encumbrance		n.	負担
linguine		n.	リングイネ
liquefy		v.	液化する
miscarry		v.	流産する
nanoseconds		n.	ナノ秒
netgear		n.	NETGEAR
regex		n.	正規表現
revivalist		n.	リバイバリスト
rubidium		n.	ルビジウム
seethe		v.	湯気が出る
seethe		v.	怒りを抑える
sportsbook		n.	スポーツブック
transexual		n.	トランスセクシャル
adware		n.	アドウェア
barroom		n.	酒場
calloused		adj.	胼胝の
hyphens		n.	ハイフン
maeve		n.	Maeve
microsecond		n.	マイクロ秒
mongoose		n.	マングース
overstock		v.	仕入れ過多
powerpc		n.	PowerPC
pushchair		n.	ベビーカー
slobber		v.	よだれをたらす
stabiliser		n.	安定装置
strapon		n.	ストラップオン
tannic		adj.	タンニンの
whitespace		n.	空白
annealed		v.	焼きなましする
authenticator		n.	認証器
gpt		n.	GPT
hasselblad		n.	ハッセルブラッド
homebrew		n.	自家醸造
kook		n.	変人
meritocratic		adj.	能力主義の
nightwish		n.	ナイトウィッシュ
openbsd		n.	OpenBSD
ruthenium		n.	ルテニウム
stashes		v.	隠す
stashes		n.	隠し場所
subparagraph		n.	小節
tellurium		n.	テルル
camcorders		n.	ビデオカメラ
capybara		n.	カピバラ
cheesecloth		n.	ガーゼ
copiers		n.	複写機
feinberg		n.	ファインバーグ
fettuccine		n.	フェットチーネ
illicitly		adv.	違法に
juxtapose		v.	並置する
mutagenic		adj.	変異原性の
percolate		v.	浸透する
percolate		v.	コーヒーを淹れる
rampages		v.	暴れ回る
sebum		n.	皮脂
sublimated		v.	昇華する
wearied		adj.	疲れた
beeper		n.	ポケベル
binance		n.	バイナンス
choco		n.	チョコ
encasing		v.	覆う
enum		n.	列挙型
imessage		n.	iMessage
lightbox		n.	ライトボックス
logout		n.	ログアウト
netscape		n.	Netscape
oedipal		adj.	エディプス的
perplexity		n.	困惑
pubg		n.	PUBG
showtimes		n.	上映時間
slimmest		adj.	一番スリムな
travelodge		n.	Travelodge
websphere		n.	WebSphere
yttrium		n.	イットリウム
benq		n.	BenQ
decouple		v.	分離する
drafty		adj.	隙間風の
efi		n.	EFI
girdles		n.	コルセット
ipsec		n.	IPsec
lipitor		n.	リピトール
newsgroup		n.	ニュースグループ
skynet		n.	Skynet
solidity		n.	固体性
trivium		n.	トリウィウム
vermicelli		n.	ビーフン
bleat		v.	鳴く
closeout		n.	在庫一掃
everquest		n.	エバークエスト
instep		n.	足の甲
macworld		n.	Macworld
nederlands		n.	オランダ語
newsgroups		n.	ニュースグループ
pacman		n.	パックマン
salivate		v.	よだれを流す
snmp		n.	SNMP
wps		n.	WPS
clipart		n.	クリップアート
covetous		adj.	貪欲な
godot		n.	ゴドー
maracas		n.	マラカス
shopify		n.	Shopify
alprazolam		n.	アルプラゾラム
femtosecond		n.	フェムト秒
omnipresence		n.	遍在
weblogs		n.	ウェブログ
blackening		v.	黒くなる
blights		n.	疫病
blights		v.	枯らす
castrating		v.	去勢する
domesticate		v.	飼い慣らす
encase		v.	覆う
invidious		adj.	不快な
lexmark		n.	Lexmark
octahedron		n.	八面体
paralyse		v.	麻痺させる
perianth		n.	花被
philologist		n.	文献学者
puppeteer		n.	人形遣い
puppeteer		v.	操る
retried		v.	再審する
ruminant		n.	反芻動物
squiggle		n.	波状線
wagged		v.	振る
waggon		n.	荷馬車
backslash		n.	バックスラッシュ
camisole		n.	キャミソール
cwe		n.	CWE
dejavu		n.	既視感
homophones		n.	同音異義語
indolence		n.	怠惰
kijiji		n.	Kijiji
masturbator		n.	自慰する人
mayotte		n.	マヨット
mcp		n.	MCP
pedicel		n.	小花柄
phonies		n.	偽物
reword		v.	言い換える
sybase		n.	Sybase
vivaldi		n.	ヴィヴァルディ
aborts		v.	中止
consonance		n.	調和
delphic		adj.	曖昧な
focaccia		n.	フォカッチャ
harking		v.	耳を傾ける
harks		v.	耳を傾ける
overripe		adj.	熟しすぎた
personalization		n.	パーソナライズ
ricoh		n.	リコー
airdrop		v.	空中投下
airdrop		n.	空中投下
civilize		v.	文明化する
cumshots		n.	顔射
doorkeeper		n.	門番
epub		n.	EPUB
fujifilm		n.	フジフイルム
internationalization		n.	国際化
involution		n.	内巻き
leafless		adj.	葉のない
mockup		n.	モックアップ
papery		adj.	紙のような
quitter		n.	逃げる人
severest		adj.	厳しい
technetium		n.	テクネチウム
webcasts		n.	ウェブキャスト
albumen		n.	卵白
crotchety		adj.	気難しい
downie		n.	ダウン症患者
exif		n.	EXIF
guyot		n.	ギヨー
hostname		n.	ホスト名
macromedia		n.	Macromedia
netware		n.	NetWare
osmium		n.	オスミウム
quantifier		n.	数量詞
scallion		n.	ネギ
terming		v.	呼ぶ
upsilon		n.	ウプシロン
valine		n.	バリン
ampoule		n.	アンプル
containerized		v.	コンテナ化する
demarcate		v.	境界を定める
ezine		n.	電子雑誌
handbrake		n.	ハンドブレーキ
hastens		v.	急がせる
ladyboys		n.	ニューハーフ
miquelon		n.	ミクロン
mutualism		n.	相利共生
obstinately		adv.	頑固に
ocher		n.	黄土
oscillated		v.	振動する
servlet		n.	サーブレット
subpart		n.	部分
ulaanbaatar		n.	ウランバートル
watermarking		n.	透かし
applets		n.	アプレット
caduceus		n.	杖
elapse		v.	経過する
endive		n.	エンダイブ
handhelds		n.	携帯端末
handoff		n.	引き渡し
mojito		n.	モヒート
nakedly		adv.	あからさまに
subsisted		v.	生計を立てる
swallowtail		n.	燕尾
collocation		n.	連語
infuser		n.	浸し器
localhost		n.	ローカルホスト
minimax		n.	ミニマックス
permalink		n.	パーマリンク
pinkies		n.	小指
sadomasochism		n.	サドマゾヒズム
solidus		n.	スラッシュ
castanets		n.	カスタネット
ciabatta		n.	チャバッタ
dogecoin		n.	ドージコイン
indents		v.	インデントする
iptv		n.	IPテレビ
neologism		n.	新語
quadruped		n.	四足動物
resounded		v.	響き渡る
spaying		v.	避妊手術
webmasters		n.	ウェブマスター
demoting		v.	降格させる
irretrievable		adj.	取り返しのつかない
meteora		n.	メテオラ
stamen		n.	おしべ
stargazers		n.	スターゲイザー
sublimate		v.	昇華させる
util		n.	ユーティリティ
asclepius		n.	アスクレピオス
bacilli		n.	桿菌
tessellation		n.	タイル張り
bellhop		n.	ベルボーイ
correctable		adj.	訂正可能な
exorcising		v.	悪魔払い
fledge		v.	羽生えする
gloryhole		n.	栄光の穴
glossaries		n.	用語集
groundhogs		n.	ウッドチャック
mencius		n.	孟子
pagerank		n.	ページランク
pufferfish		n.	フグ
ryzen		n.	Ryzen
adjoin		v.	隣接する
cingular		n.	Cingular
imgur		n.	Imgur
industrialize		v.	工業化する
orbitz		n.	Orbitz
ovules		n.	胚珠
trackball		n.	トラックボール
verdigris		n.	緑青
abramoff		n.	Abramoff
calve		v.	出産する
destructible		adj.	破壊可能な
diatomic		adj.	二原子の
divx		n.	DivX
icq		n.	ICQ
openoffice		n.	OpenOffice
papilla		n.	乳頭
revivalism		n.	リバイバル主義
tiktok		n.	TikTok
tpm		n.	TPM
antonym		n.	反対語
dodecahedron		n.	十二面体
exorbitantly		adv.	法外に
loosest		adj.	最も緩い
stickier		adj.	より粘着性のある
tokelau		n.	トケラウ
zippo		n.	Zippo
cloudflare		n.	Cloudflare
coagulate		v.	凝固する
extern		prep.	外部
helvetica		n.	ヘルベチカ
intoxicate		v.	酔わせる
masturbatory		adj.	自慰の
tabulate		v.	表にする
blighting		v.	枯らす
curio		n.	骨董品
draughty		adj.	隙間風の
mediawiki		n.	MediaWiki
peatland		n.	泥炭地
resounds		v.	響く
sudo		n.	sudo
trae		n.	Trae
unary		adj.	単一の
attr		n.	属性
cuda		n.	CUDA
mantises		n.	カマキリ
mayen		n.	Mayen
onedrive		n.	OneDrive
pigsty		n.	豚小屋
scrivener		n.	代書人
seamount		n.	海山
seethed		v.	煮えたつ
utf		n.	UTF
xray-core		n.	Xrayコア
carplay		n.	CarPlay
deploring		v.	嘆く
diachronic		adj.	通時的な
metamorphose		v.	変態する
pistil		n.	雌蕊
sauropod		n.	竜脚類
wearying		adj.	疲れさせる
antigravity		n.	反重力
captcha		n.	キャプチャ
corundum		n.	鋼玉
exasperate		v.	苛立たせる
ferrum		n.	鉄
gank		v.	待ち伏せする
hafnium		n.	ハフニウム
handsfree		adj.	ハンズフリー
inboard		adj.	船内の
languorous		adj.	気だるい
protuberance		n.	隆起
remortgage		v.	借り換え
rhenium		n.	レニウム
schemata		n.	スキーマ
seductions		n.	誘惑
subsists		v.	生活する
tamiflu		n.	タミフル
disparages		v.	貶める
goodby		int.	さようなら
lanthanide		n.	ランタニド
pedlar		n.	行商人
predicative		adj.	述語の
datatype		n.	データ型
deprecate		v.	非難する
grok		v.	完全に理解する
keygen		n.	キージェネレーター
legibly		adv.	判読できるように
millipede		n.	ヤスデ
onenote		n.	OneNote
perplex		v.	困惑させる
recapitulate		v.	要約する
risc		n.	RISC
solana		n.	Solana
toefl		n.	TOEFL
warez		n.	ウェアズ
xcode		n.	Xcode
bilberry		n.	ビルベリー
bouvet		n.	Bouvet
checkboxes		n.	チェックボックス
corba		n.	CORBA
futuna		n.	Futuna
homophone		n.	同音語
picosecond		n.	ピコ秒
verisign		n.	VeriSign
woodchucks		n.	ウッドチャック
carpel		n.	心皮
guestbook		n.	ゲストブック
icosahedron		n.	二十面体
indenting		v.	インデントする
marvell		n.	Marvell
monophonic		adj.	モノフォニックの
scandium		n.	スカンジウム
synchronic		adj.	共時的な
consecrating		v.	奉献する
merchantability		n.	商品性
postfix		n.	接尾辞
rampaged		v.	暴れ回る
switchfoot		n.	Switchfoot
attributive		adj.	連体修飾の
broadcom		n.	Broadcom
hogtied		v.	四肢を縛る
majordomo		n.	執事頭
mapquest		n.	MapQuest
nonmetallic		adj.	非金属の
bract		n.	苞
celexa		n.	Celexa
jsp		n.	JSP
mongodb		n.	MongoDB
pantograph		n.	パントグラフ
okey-dokey		int.	オーケー
technorati		n.	Technorati
hughie		n.	Hughie
improvises		v.	即興する
integument		n.	外皮
involute		adj.	内転の
larking		v.	ふざける
phytosanitary		adj.	植物検疫の
propecia		n.	プロペシア
sepal		n.	がく片
assignees		n.	譲受人
jboss		n.	JBoss
palmistry		n.	手相術
perquisite		n.	特典
strongbox		n.	金庫
synchronizes		v.	同期させる
erlang		n.	Erlang
geralt		n.	ゲラルト
pomelo		n.	ブンタン
screensavers		n.	スクリーンセーバー
sugababes		n.	Sugababes
tampers		v.	改ざんする
arxiv		n.	arXiv
deafen		v.	耳を聾らせる
icelander		n.	アイスランド人
kazaa		n.	Kazaa
microgram		n.	マイクログラム
monero		n.	Monero
refactoring		n.	リファクタリング
varnishing		n.	塗装
alembic		n.	蒸留器
clojure		n.	Clojure
cygwin		n.	Cygwin
decipherment		n.	解読
demarcating		v.	画定する
demotions		n.	降格
laravel		n.	Laravel
pcmcia		n.	PCカード
rubato		adv.	ルバート
ultraman		n.	ウルトラマン
yandex		n.	Yandex
angiosperm		n.	被子植物
chocolatey		n.	Chocolatey
containerization		n.	コンテナ化
girdled		v.	囲む
obliviously		adv.	忘我の様に
ovule		n.	胚珠
timeshares		n.	タイムシェア
athlon		n.	Athlon
dimmest		adj.	薄暗い
infocus		n.	InFocus
kubernetes		n.	Kubernetes
licensors		n.	ライセンサー
lycos		n.	Lycos
mothra		n.	モスラ
overfitting		v.	過学習
bewilder		v.	当惑させる
draconic		adj.	竜の
facesitting		n.	顔騎
highfalutin		adj.	大言壮語の
paraphilia		n.	性倒錯
terraria		n.	テラリウム
troublemaking		n.	トラブル起こし
troublemaking		adj.	問題起こしの
debuff		n.	デバフ
diffs		n.	差分
finepix		n.	FinePix
homepages		n.	ホームページ
metaverse		n.	メタバース
torpid		adj.	鈍い
uteri		n.	子宮
centos		n.	CentOS
destine		v.	運命づける
encases		v.	包む
gradle		n.	Gradle
ifttt		n.	IFTTT
loitered		v.	ぶらつく
openid		n.	OpenID
candlewick		n.	ろうそくの芯
celebrex		n.	セレコックス
ideographic		adj.	表意の
lexisnexis		n.	LexisNexis
seethes		v.	煮えたぎる
seethes		v.	立腹する
sendmail		n.	Sendmail
tauri		n.	Tauri
toothsome		adj.	美味しい
vandalise		v.	荒らす
zzz		int.	いびき
anneal		v.	焼きなまし
celeron		n.	Celeron
correctors		n.	修正器
deepmind		n.	DeepMind
liquefies		v.	液化する
panamera		n.	パナメーラ
shan't		v.	〜しないだろう
tinges		n.	色合い
cardano		n.	カルダノ
drupe		n.	核果
fusilli		n.	フジッリ
libreoffice		n.	LibreOffice
liquefying		v.	液化する
mediatek		n.	メディアテック
pustule		n.	膿疱
tokenization		n.	トークン化
vioxx		n.	vioxx
backspace		n.	バックスペース
salsify		n.	ポロギク
twiki		n.	TWiki
webkit		n.	WebKit
consecrates		v.	聖別する
levitra		n.	レビトラ
lockscreen		n.	ロック画面
makefile		n.	makeファイル
systemd		n.	systemd
vulkan		n.	Vulkan
bitfinex		n.	Bitfinex
calved		v.	出産する
fusty		adj.	かび臭い
hevc		n.	HEVC
lacquerware		n.	漆器
lividity		n.	死斑
nft		n.	NFT
observability		n.	オブザーバビリティ
serviette		n.	ナプキン
tailwinds		n.	追い風
ecards		n.	電子カード
maraca		n.	マラカ스
zoophilia		n.	獣姦
byword		n.	代名詞
extirpate		v.	根絶する
gramme		n.	グラム
homekit		n.	HomeKit
indymedia		n.	Indymedia
nvme		n.	NVMe
piquancy		n.	ピリッとした味
predaceous		adj.	肉食性の
vonage		n.	Vonage
appal		v.	戦かせる
chequer		n.	チェッカー
dewlap		n.	垂れ肉
masturbators		n.	オナホール
mightn't		v.	〜しないだろう
retrying		v.	再試行する
demarcates		v.	境界を定める
derogate		v.	毀損する
diathesis		n.	素因
ideogram		n.	表意文字
activex		n.	ActiveX
encarta		n.	Encarta
fhd		n.	FHD
harked		v.	思いを巡らす
meridia		n.	メリディア
mockups		n.	モックアップ
netbsd		n.	NetBSD
sublimating		v.	昇華する
trudges		v.	重い足で歩く
adiabatically		adv.	断熱的に
hived		v.	巣に群れる
ielts		n.	IELTS
passkey		n.	パスキー
roguelike		n.	ローグライク
seducers		n.	誘惑者
speedrun		n.	スピードラン
stablecoin		n.	ステーブルコイン
suppertime		n.	夕食の時間
temptingly		adv.	魅惑的に
affectively		adv.	感情的に
clanged		v.	ガンガン鳴る
coppermine		n.	カッパーマイン
defames		v.	中傷する
tailcoat		n.	テールコート
zoomorphic		adj.	動物形の
despoil		v.	略奪する
kotlin		n.	Kotlin
tensorflow		n.	TensorFlow
virtualbox		n.	VirtualBox
aeron		n.	Aeron
aeronchair		n.	Aeronチェア
argentum		n.	argentum
corpuscle		n.	小体
ecard		n.	電子カード
jinja		n.	神社
koopa		n.	クッパ
retries		n.	再試行
teamviewer		n.	TeamViewer
argv		n.	引数
clangs		n.	ガンガン言う音
filesize		n.	ファイルサイズ
jennies		n.	雌ろば
pantie		n.	パンティ
pappardelle		n.	パッパルデッレ
aave		n.	Aave
backpropagation		n.	誤差逆伝播
demotes		v.	降格する
evite		v.	回避する
findlaw		n.	FindLaw
girdling		v.	帯状に囲む
infineon		n.	インフィニオン
labium		n.	唇
opensuse		n.	openSUSE
phoniness		n.	偽り
spuriously		adv.	偽りの
sqlite		n.	SQLite
trello		n.	Trello
webrtc		n.	WebRTC
daren't		v.	あえて~ない
fyne		n.	Fyne
hearten		v.	元気づける
loquat		n.	ビワ
mildewed		adj.	かびた
sublimates		v.	昇華する
transliterate		v.	音訳する
fermentative		adj.	発酵性の
ffmpeg		n.	FFmpeg
indestructibility		n.	不滅
tabbies		n.	トラ猫
bethink		v.	思い出す
castrates		v.	去勢する
perplexities		n.	困惑
smilies		n.	スマイリー
viscid		adj.	粘質の
blackens		v.	黒くなる
stickiest		adj.	粘着性の
terraform		v.	地球化する
upskirts		n.	スカート内
aesculapius		n.	アスクレピオス
astatine		n.	アスタチン
attosecond		n.	アト秒
cloy		v.	飽きさせる
requiescat		n.	安魂祈願
excrescence		n.	贅生物
hiving		v.	巣に入れる
decouples		v.	分離する
defrauds		v.	詐取する
keycard		n.	カードキー
tessellate		v.	貼り詰める
vitelline		adj.	卵黄の
ablate		v.	除去する
exasperates		v.	苛立たせる
closeouts		n.	在庫一掃
endnote		n.	後注
farfalle		n.	ファルファッレ
spiritless		adj.	気力のない
hotkey		n.	ショートカット
rapine		n.	略奪
zyban		n.	Zyban
duckduckgo		n.	DuckDuckGo
mantes		n.	蟷螂
twiztid		n.	Twiztid
blogroll		n.	ブログロール
ciguatera		n.	シガテラ中毒
lutetium		n.	ルテチウム
monospaced		adj.	等幅の
cigaret		n.	たばこ
rdio		n.	Rdio
verilog		n.	Verilog
webpack		n.	Webpack
adaptec		n.	Adaptec
coindesk		n.	CoinDesk
metasearch		n.	メタ検索
pitaya		n.	ピタヤ
wearies		v.	疲れさせる
homepod		n.	HomePod
oauth		n.	OAuth
refactor		v.	リファクタリングする
saucony		n.	Saucony
soothsaying		n.	占い
stablecoins		n.	ステーブルコイン
wireshark		n.	Wireshark
dogsbody		n.	雑用係
hynix		n.	Hynix
gitlab		n.	GitLab
ligate		v.	結紮する
nonverbally		adv.	非言語的に
ocaml		n.	OCaml
oughtn't		v.	すべきでない
pixiv		n.	pixiv
pungently		adv.	刺激的に
weirdoes		n.	変人
homeliness		n.	質朴
orecchiette		n.	オレキエッテ
bibtex		n.	BibTeX
carisoprodol		n.	カリソプロドール
gymnosperm		n.	裸子植物
snappish		adj.	イライラした
starlink		n.	Starlink
chainlink		n.	チェーンリンク
gists		n.	要旨
magsafe		n.	MagSafe
prognosticate		v.	予言する
capellini		n.	カッペリーニ
disjunctions		n.	選言
canva		n.	Canva
everglade		n.	湿原
incrustation		n.	外皮
loiters		v.	ぶらつく
monospace		adj.	等幅
exorcises		v.	祓う
natrium		n.	ナトリウム
gynoecium		n.	雌蕊群
raddle		n.	代赭
hoverfly		n.	ハナアブ
mutex		n.	ミューテックス
homier		adj.	居心地の良い
cockily		adv.	うぬぼれて
copycatting		v.	真似をする
irreproducible		adj.	再現できない
bethought		v.	思う
capslock		n.	キャップスロック
diaeresis		n.	分音符号
plumbum		n.	鉛
goldmark		n.	Goldmark
lortab		n.	Lortab
cisc		n.	CISC
cmake		n.	CMake
dapps		n.	分散型アプリ
figma		n.	Figma
istat		n.	iStat
keras		n.	Keras
comodo		n.	Comodo
ebullition		n.	沸騰
infusers		n.	浸出器
mappa		n.	Mappa
mariadb		n.	MariaDB
predacious		adj.	肉食性の
severer		adj.	より厳しい
strongboxes		n.	金庫
teleflora		n.	Teleflora
giphy		n.	Giphy
iqiyi		n.	iQIYI
openwrt		n.	OpenWrt
papillose		adj.	乳頭状の
dropzone		n.	投下地域
fallbacks		n.	フォールバック
impressum		n.	会社情報
kucoin		n.	KuCoin
papule		n.	丘疹
procumbent		adj.	匍匐の
arthas		n.	Arthas
cavitary		adj.	空洞の
docbook		n.	DocBook
graphql		n.	GraphQL
huobi		n.	Huobi
trackback		n.	トラックバック
webdav		n.	WebDAV
windsurf		n.	Windsurf
nabla		n.	ナブラ
nutlets		n.	小堅果
polkadot		n.	水玉模様
submodule		n.	サブモジュール
guiles		n.	欺き
variegate		v.	変える
webassembly		n.	WebAssembly
websocket		n.	ウェブソケット
glyphic		adj.	碑銘の
hibernators		n.	冬眠動物
openai		n.	OpenAI
physiopathology		n.	病態生理学
pythonic		adj.	Pythonic
disqus		n.	Disqus
garena		n.	Garena
kalium		n.	カリウム
opencv		n.	OpenCV
overfit		v.	過学習する
rimworld		n.	RimWorld
spays		v.	避妊手術をする
chromeos		n.	ChromeOS
collocate		v.	共起する
hono		n.	Hono
jetbrains		n.	JetBrains
openjdk		n.	OpenJDK
esim		n.	eSIM
hackintosh		n.	ハッキントッシュ
mccafe		n.	マクドナルドのカフェ
avira		n.	Avira
decoupler		n.	デカップラー
engineman		n.	機関士
flink		n.	Flink
fuckity		int.	くそっ
ibus		n.	IBus
weblogic		n.	WebLogic
gboard		n.	Gboard
gpib		n.	GPIB
homeys		n.	相棒
papillate		adj.	乳頭のある
caruncle		n.	肉阜
dism		n.	DISM
cheatsheet		n.	チートシート
citysearch		n.	Citysearch
esata		n.	eSATA
noria		n.	水車
apnic		n.	APNIC
androecium		n.	雄蕊群
manjaro		n.	Manjaro
namecheap		n.	Namecheap
phpbb		n.	phpBB
livecam		n.	ライブカメラ
vertebras		n.	椎骨
hexahedron		n.	六面体
niconico		n.	Niconico
winget		n.	Winget
submodules		n.	サブモジュール
alibris		n.	Alibris
anneals		v.	焼きなます
antonymous		adj.	対生の
basename		n.	ベース名
bethinking		v.	思い考える
bethinks		v.	思い考える
bitpipe		n.	BitPipe
blastodisc		n.	胚盤
cavitate		v.	キャビテーションを起こす
chalaza		n.	カラザ
containerize		v.	コンテナ化する
copycatted		v.	模倣する
decrier		n.	非難する人
decriers		n.	非難する人
demux		v.	逆多重化する
destructibility		n.	破壊可能性
dilapidate		v.	荒廃させる
dossal		n.	ドッサル
drupelet		n.	小核果
fledges		v.	羽ばたく
flocculi		n.	小団
flocculus		n.	小片
floccus		n.	綿毛状のもの
fungous		adj.	菌の
gomoku		n.	五目並べ
guiled		v.	欺く
guiling		v.	欺く
headlessness		n.	無頭状態
hibernations		n.	冬眠
hibernator		n.	冬眠する動物
homelier		adj.	家庭的な
homeliest		adj.	家庭적인
homeyness		n.	住み心地の良さ
homiest		adj.	家庭的な
hyphened		v.	ハイフンでつなぐ
hyphening		v.	ハイフンでつなぐ
indestructibleness		n.	破壊不可能さ
indestructibly		adv.	破壊不可能に
interceptive		adj.	迎撃の
jelsoft		n.	Jelsoft
labiate		adj.	シソ科の
larked		v.	ふざける
larker		n.	冗談家
larkers		n.	冗談家
larkish		adj.	冗談好きの
larkishly		adv.	冗談めかして
larkishness		n.	おどけ
linter		n.	解析器
lividities		n.	青黒さ
lividly		adv.	激怒して
lividness		n.	激怒
mosquitocide		n.	殺蚊剤
nutlet		n.	小堅果
omnisciently		adv.	全知的に
phalanger		n.	フクロネズミ
phoneys		n.	にせ者
phonier		adj.	偽の
phoniest		adj.	偽の
phonily		adv.	わざとらしく
polyphone		n.	多音字
powerpack		n.	パワーパック
predacity		n.	捕食性
preedit		v.	前編集
punctuator		n.	句読師
punctuators		n.	句読師
qomolangma		n.	エベレスト
sentineled		v.	歩哨を務める
sentineling		v.	歩哨を務める
sentinelled		v.	歩哨を務める
sentinelling		v.	歩哨を務める
serifed		adj.	セリフ付きの
seriffed		adj.	セリフ付きの
simplifier		n.	簡略器
soothsay		v.	予言する
spuriousness		n.	偽性
stibium		n.	アンチモン
virgule		n.	スラッシュ
viscidity		n.	粘性
webhook		n.	ウェブフック
permute		v.	置換する
sideload		v.	サイドロードする
zotero		n.	Zotero
moom		n.	Moom
metamask		n.	MetaMask
webp		n.	WebP
epyc		n.	EPYC
imore		n.	iMore
keka		n.	Keka
coreos		n.	CoreOS
cloudfront		n.	CloudFront
factorio		n.	Factorio
lineageos		n.	LineageOS
memcached		n.	memcached
pycharm		n.	PyCharm
bilibili		n.	ビリビリ
referer		n.	リファラー
innodb		n.	InnoDB
omnifocus		n.	OmniFocus
webstorm		n.	WebStorm
karabiner		n.	Karabiner
pytorch		n.	PyTorch
rabbitmq		n.	RabbitMQ
gogs		n.	Gogs
iqos		n.	IQOS
sideloading		n.	サイドローディング
textmate		n.	TextMate
clamav		n.	ClamAV
pixelmator		n.	Pixelmator
grafana		n.	Grafana
synthesia		n.	Synthesia
ipados		n.	iPadOS
deepin		n.	deepin
storj		n.	Storj
deepl		n.	DeepL
hexo		n.	Hexo
pandoc		n.	Pandoc
wordle		n.	Wordle
eslint		n.	ESLint
unclutter		v.	片付ける
gitbook		n.	GitBook
gitbucket		n.	GitBucket
gitbutler		n.	GitButler
gitea		n.	Gitea
gitee		n.	Gitee
goagentx		n.	GoAgentX
goframe		n.	GoFrame
goroutine		n.	ゴルーチン
goroutines		n.	ゴルーチン
noita		n.	Noita
noizio		n.	Noizio
notebooklm		n.	NotebookLM
novelai		n.	NovelAI
nuxt		n.	Nuxt
nvalt		n.	nvalt
oceanbase		n.	OceanBase
octocat		n.	Octocat
odysee		n.	Odysee
okx		n.	OKX
ollama		n.	Ollama
omarchy		n.	Omarchy
ommwriter		n.	OmmWriter
omnigraffle		n.	OmniGraffle
omnioutliner		n.	OmniOutliner
omniplan		n.	OmniPlan
onekey		n.	OneKey
opencat		n.	OpenCat
opencc		n.	OpenCC
openclash		n.	OpenClash
openclaw		n.	OpenClaw
opencode		n.	OpenCode
openfeign		n.	OpenFeign
openrouter		n.	OpenRouter
opensea		n.	OpenSea
opensearch		n.	OpenSearch
opentofu		n.	OpenTofu
originos		n.	OriginOS
oschina		n.	OSCHINA
oxc		n.	Oxc
paddleocr		n.	PaddleOCR
paintcode		n.	PaintCode
palworld		n.	Palworld
panews		n.	PANews
papermod		n.	PaperMod
passwall		n.	PassWall
picatext		n.	PicaText
pingwest		n.	PingWest
pionex		n.	Pionex
pixijs		n.	PixiJS
plantuml		n.	PlantUML
polymarket		n.	Polymarket
popclip		n.	PopClip
posthog		n.	PostHog
privoxy		n.	Privoxy
protobuf		n.	Protobuf
shadowsocks		n.	Shadowsocks
sharex		n.	ShareX
shitwork		n.	つらーい仕事
shottr		n.	Shottr
sigmaos		n.	SigmaOS
slicy		n.	Slicy
snagit		n.	Snagit
sogouspider		n.	ソゴウスパイダー
solidjs		n.	SolidJS
solscan		n.	Solscan
