# en-ko: English candidates -> Korean. Generated; edit corrections/en-ko.tsv instead (see CONTRIBUTING.md).
word	reading	pos	translation
the		det.	정관사
to		prep.	에
and		conj.	그리고
of		prep.	의
in		prep.	안에
is		v.	이다
for		prep.	위해
that		conj.	그
you		pron.	당신
it		pron.	그것
on		prep.	위에
with		prep.	와
this		pron.	이것
was		v.	이었다
be		v.	이다
as		prep.	로서
are		v.	이다
have		v.	가지다
at		prep.	에서
he		pron.	그
not		adv.	않다
by		prep.	에 의해
but		conj.	그러나
from		prep.	부터
my		pron.	내
or		conj.	또는
we		pron.	우리
your		pron.	너의
all		adj.	모든
so		conj.	그래서
his		pron.	그의
they		pron.	그들
me		pron.	나
if		conj.	만약
one		num.	일
can		v.	할 수 있다
will		v.	것이다
just		adv.	그저
like		prep.	같이
about		prep.	관하여
up		adv.	위로
out		adv.	밖으로
what		pron.	무엇
has		v.	가지다
when		conj.	언제
more		adv.	더
do		v.	하다
no		adv.	아니오
were		v.	이었다
who		pron.	누구
had		v.	가졌다
it's		pron.	그것
their		pron.	그들의
there		adv.	거기
her		pron.	그녀의
which		pron.	어느
time		n.	시간
get		v.	얻다
been		v.	이었던
would		v.	것이다
she		pron.	그녀
new		adj.	새로운
people		n.	사람
how		adv.	어떻게
how-to		n.	가이드
some		pron.	몇몇
also		adv.	또한
them		pron.	그들
now		adv.	지금
all-in-one		adj.	올인원
other		adj.	다른
our		pron.	우리의
than		conj.	보다
good		adj.	좋은
only		adv.	만
after		prep.	…후에
first		num.	첫 번째
him		pron.	그를
into		prep.	…안으로
know		v.	알다
see		v.	보다
two		num.	둘
make		v.	만들다
over		prep.	…위에
think		v.	생각하다
any		pron.	어떤
then		adv.	그리고
could		v.	할 수 있다
back		n.	등
these		pron.	이것들
us		pron.	우리을
want		v.	원하다
because		conj.	때문에
go		v.	가다
well		adv.	잘
well		n.	우물
good-by		int.	안녕히 가세요
said		v.	말하다
way		n.	방법
most		adv.	가장
much		adv.	많이
very		adv.	매우
where		adv.	어디
even		adv.	심지어
should		v.	해야 한다
may		v.	가능성이 있다
here		adv.	여기
need		v.	필요하다
really		adv.	정말
did		v.	했다
right		adj.	올바른
work		v.	일하다
year		n.	해
years		n.	해
being		v.	존재하다
day		n.	날
too		adv.	또
going		v.	가다
before		prep.	…전에
off		adv.	끄다
why		adv.	왜
made		v.	만들다
still		adv.	아직
take		v.	가져가다
got		v.	얻다
many		adj.	많은
never		adv.	결코
those		pron.	그것들
life		n.	삶
say		v.	말하다
world		n.	세계
down		adv.	아래로
great		adj.	위대한
through		prep.	통하여
last		adj.	마지막의
that's		pron.	그것은
while		conj.	~하는 동안
best		adj.	가장 좋은
such		adj.	그런
love		v.	사랑하다
man		n.	남자
home		n.	집
long		adj.	긴
look		v.	보다
something		pron.	무언가
use		v.	사용하다
can't		v.	할 수 없다
same		adj.	같은
used		v.	사용하다
both		pron.	둘 다
every		det.	모든
am		v.	이다
come		v.	오다
part		n.	부분
state		n.	상태
three		num.	삼
around		prep.	주위에
between		prep.	사이에
always		adv.	항상
better		adj.	더 나은
find		v.	찾다
help		v.	돕다
high		adj.	높은
little		adj.	작은
old		adj.	늙은
since		conj.	~이래로
another		pron.	다른 하나
does		v.	하다
own		adj.	자신의
things		n.	것
under		prep.	아래에
during		prep.	동안
game		n.	게임
thing		n.	것
give		v.	주다
house		n.	집
place		n.	장소
place		v.	놓다
school		n.	학교
again		adv.	다시
next		adj.	다음
next		adv.	다음에
each		pron.	각각
without		prep.	없이
against		prep.	반대하여
didn't		v.	하지 않았다
end		n.	끝
found		v.	찾다
found		v.	설립하다
must		v.	~해야 한다
show		v.	보여주다
show		n.	쇼
big		adj.	큰
feel		v.	느끼다
sure		adj.	확실한
team		n.	팀
ever		adv.	지금까지
family		n.	가족
keep		v.	유지하다
might		n.	힘
please		v.	기쁘게 하다
please		int.	부디
put		v.	놓다
i'm		pron.	나는~이다
money		n.	돈
free		adj.	자유로운
free		adj.	무료의
second		num.	두 번째
second		n.	초
someone		pron.	누군가
away		adv.	떨어져
left		adj.	왼쪽의
left		v.	떠나다
number		n.	수
city		n.	도시
days		n.	날
lot		n.	많은
name		n.	이름
night		n.	밤
play		v.	놀다
play		n.	연극
until		prep.	까지
company		n.	회사
doing		v.	하다
few		adj.	몇 안 되는
he's		pron.	그는~이다
let		v.	~하게 하다
real		adj.	진짜
called		v.	부르다
different		adj.	다른
having		v.	갖다
set		v.	설정하다
set		n.	세트
thought		n.	생각
thought		v.	생각하다
done		adj.	끝난
however		adv.	그러나
getting		v.	얻다
god		n.	신
government		n.	정부
group		n.	그룹
looking		v.	보다
public		adj.	공공의
public		n.	대중
top		n.	꼭대기
women		n.	여성
business		n.	사업
care		n.	관심
care		v.	신경 쓰다
start		v.	시작하다
system		n.	시스템
times		n.	번
week		n.	주간
already		adv.	이미
anything		pron.	아무것
case		n.	경우
nothing		pron.	아무것도
person		n.	사람
today		n.	오늘
change		v.	변하다
change		n.	변화
enough		adj.	충분한
everything		pron.	모든 것
full		adj.	가득한
live		v.	살다
making		v.	만들다
point		n.	점
read		v.	읽다
so-called		adj.	이른바
told		v.	말하다
yet		adv.	아직
bad		adj.	나쁜
four		num.	사
hard		adj.	어려운
mean		v.	의미하다
once		adv.	한 번
support		v.	지지하다
tell		v.	말하다
including		prep.	포함하여
music		n.	음악
power		n.	힘
seen		v.	보다
states		n.	주
stop		v.	멈추다
water		n.	물
based		adj.	기반의
believe		v.	믿다
call		v.	부르다
head		n.	머리
men		n.	남자
national		adj.	국가의
small		adj.	작은
took		v.	가져가다
white		adj.	흰
came		v.	오다
far		adv.	멀리
job		n.	일
side		n.	옆
though		conj.	그러나
try		v.	시도하다
went		v.	가다
yes		int.	네
actually		adv.	실제로
american		adj.	미국의
later		adv.	나중に
less		adv.	더 적게
line		n.	선
order		n.	순서
party		n.	정당
run		v.	달리다
run		n.	달리기
says		v.	말하다
service		n.	서비스
service		v.	정비하다
country		n.	국가
country		n.	시곌
open		adj.	열린
open		v.	열다
season		n.	계절
shit		int.	젠장
shit		n.	똥
thank		v.	감사하다
children		n.	아이들
everyone		pron.	모두
general		adj.	일반적인
general		n.	장군
trying		v.	시도하다
united		adj.	연합된
using		v.	사용하다
area		n.	지역
black		adj.	검은
following		adj.	다음의
following		n.	다음
law		n.	법
makes		v.	만들다
together		adv.	함께
war		n.	전쟁
whole		adj.	전체의
car		n.	자동차
face		n.	얼굴
face		v.	직면하다
five		num.	오
kind		n.	종류
kind		adj.	친절한
maybe		adv.	어쩌면
per		prep.	마다
president		n.	대통령
story		n.	이야기
working		v.	일하다
working		adj.	작동하는
course		n.	과정
course		n.	물론
games		n.	게임
health		n.	건강
hope		v.	희망하다
hope		n.	희망
important		adj.	중요한
least		adv.	가장 적게
means		v.	의미하다
means		n.	수단
news		n.	뉴스
within		prep.	이내
able		adj.	할 수 있는
book		n.	책
book		v.	예약하다
early		adj.	이른
early		adv.	일찍
friends		n.	친구
information		n.	정보
local		adj.	지역의
post		n.	게시물
post		v.	게시하다
thanks		int.	고마워
thanks		n.	감사
video		n.	동영상
young		adj.	젊은
ago		adv.	전에
btw		adv.	그건 그렇고
others		pron.	다른 사람들
social		adj.	사회적인
talk		v.	이야기하다
talk		n.	대화
court		n.	법원
fact		n.	사실
given		adj.	주어진
given		prep.	…을 고려하면
guys		n.	여러분
half		num.	반
hand		n.	손
isn't		v.	아니다
level		n.	수준
mind		n.	마음
often		adv.	자주
single		adj.	단일한
become		v.	되다
body		n.	몸
coming		v.	오다
control		v.	통제하다
death		n.	죽음
food		n.	음식
guy		n.	년
hours		n.	시간
office		n.	사무실
pay		v.	지불하다
problem		n.	문제
south		n.	남
true		adj.	진짜
almost		adv.	거의
fuck		v.	좆하다
history		n.	역사
known		adj.	알려진
large		adj.	큰
lost		adj.	잃어버린
research		n.	연구
room		n.	방
several		num.	몇
started		v.	시작했다
taking		v.	가지다
university		n.	대학
win		v.	이기다
wrong		adj.	잘못된
along		prep.	따라
anyone		pron.	누구든
else		adv.	다른
girl		n.	소녀
john		n.	존
matter		n.	문제
pretty		adv.	꽤
remember		v.	기억하다
air		n.	공기
bit		n.	약간
friend		n.	친구
hit		v.	치다
needs		v.	필요하다
nice		adj.	좋은
playing		v.	놀다
probably		adv.	아마
saying		v.	말하다
understand		v.	이해하다
yeah		int.	응
york		n.	요크
you're		pron.	너는
class		n.	반
close		v.	닫다
comes		v.	오다
idea		n.	아이디어
international		adj.	국제적인
looks		n.	외모
past		n.	과거
past		prep.	지나서
possible		adj.	가능한
wanted		v.	원하다
cause		n.	원인
due		adj.	기한의
happy		adj.	행복한
human		n.	인간
members		n.	멤버
months		n.	월
move		v.	움직이다
question		n.	질문
series		n.	시리즈
wait		v.	기다리다
woman		n.	여성
ask		v.	묻다
community		n.	커뮤니티
data		n.	데이터
late		adj.	늦은
leave		v.	떠나다
north		n.	북쪽
saw		v.	보다
special		adj.	특별한
watch		v.	보다
won't		v.	~하지 않을 것이다
either		conj.	혹은
fucking		adj.	빌어먹을
fucking		adv.	엄청
future		n.	미래
light		n.	빛
low		adj.	낮은
million		num.	백만
morning		n.	아침
police		n.	경찰
short		adj.	짧은
stay		v.	머무르다
taken		v.	가져가다
age		n.	나이
buy		v.	사다
deal		n.	거래
rather		adv.	차라리
reason		n.	이유
red		adj.	빨간
report		n.	보고
soon		adv.	곧
third		num.	셋째
turn		v.	돌리다
whether		conj.	인지
among		prep.	사이에
check		v.	확인하다
development		n.	발전
form		n.	형태
further		adv.	더
further		adj.	추가의
heart		n.	마음
minutes		n.	분
myself		pron.	나 자신
services		n.	서비스
yourself		pron.	너 자신
act		v.	행동하다
although		conj.	비록
asked		v.	묻다
child		n.	아이
fire		n.	불
fire		v.	해고하다
fun		n.	재미
living		adj.	살아 있는
living		n.	생활
major		adj.	주요한
major		n.	전공
media		n.	미디어
phone		n.	전화
players		n.	선수
players		n.	플레이어
well-known		adj.	유명한
art		n.	예술
behind		prep.	~의 뒤에
behind		adv.	뒤에
building		n.	건물
easy		adj.	쉬운
gonna		v.	~할 것이다
market		n.	시장
near		prep.	~근처에
near		adj.	가까운
plan		n.	계획
plan		v.	계획하다
political		adj.	정치적인
quite		adv.	꽤
six		num.	여섯
talking		v.	말하다
west		n.	서
works		n.	작품
works		v.	일하다
according		prep.	~에 따라
available		adj.	이용 가능한
education		n.	교육
final		adj.	최종의
former		adj.	이전의
front		n.	앞
kids		n.	아이
list		n.	목록
ready		adj.	준비된
sometimes		adv.	때때ր
son		n.	아들
street		n.	거리
bring		v.	가져오다
college		n.	대학
current		adj.	현재의
example		n.	예
experience		n.	경험
experience		v.	경험하다
heard		v.	듣다
london		n.	런던
meet		v.	만나다
program		n.	프로그램
type		n.	유형
type		v.	타자를 치다
baby		n.	아기
chance		n.	기회
father		n.	아버지
march		v.	행진하다
process		n.	과정
song		n.	노래
study		v.	공부하다
study		n.	공부
word		n.	단어
across		prep.	~를 가로질러
action		n.	행동
clear		adj.	분명한
gave		v.	주다
gets		v.	얻다
himself		pron.	그 스스로
month		n.	달
outside		prep.	밖에
self		n.	자아
students		n.	학생
words		n.	단어
board		n.	판
cost		n.	비용
cost		v.	들다
cut		v.	자르다
field		n.	분야
field		n.	밭
held		v.	개최하다
instead		adv.	대신에
main		adj.	주요한
moment		n.	순간
mother		n.	어머니
road		n.	도로
seems		v.	~처럼 보이다
thinking		n.	사고
thinking		v.	생각하다
town		n.	마을
wants		v.	원하다
department		n.	부서
energy		n.	에너지
fight		v.	싸우다
fight		n.	투쟁
fine		adj.	좋은
fine		n.	벌금
force		n.	힘
force		v.	강요하다
hear		v.	듣다
issue		n.	문제
played		v.	놀다
points		n.	요점
points		num.	점
price		n.	가격
rest		n.	휴식
rest		v.	쉬다
results		n.	결과
running		n.	달리기
running		v.	달리다
shows		v.	보여주다
shows		n.	쇼
space		n.	공간
space		n.	우주
summer		n.	여름
term		n.	용어
term		n.	학기
wife		n.	아내
america		n.	미국
beautiful		adj.	아름다운
date		n.	날짜
date		n.	데이트
goes		v.	가다
i've		pron.	나는 이미
killed		v.	죽이다
land		n.	토지
land		v.	착륙하다
miss		n.	아가씨
project		n.	프로젝트
sex		n.	성
shot		n.	사격
shot		v.	쏘다
site		n.	장지
site		n.	사이트
strong		adj.	강한
account		n.	계좌
account		n.	설명
especially		adv.	특히
eyes		n.	눈
include		v.	포함하다
june		n.	6월
parents		n.	부모
period		n.	기간
position		n.	위치
record		n.	기록
similar		adj.	유사한
total		adj.	전체의
above		prep.	~위에
club		n.	클럽
common		adj.	흔한
died		v.	죽다
film		n.	영화
happened		v.	일어나다
knew		v.	알다
lead		v.	이끌다
lead		n.	납
likely		adj.	가능성 있는
military		n.	군대
military		adj.	군사의
perfect		adj.	완벽한
personal		adj.	개인의
second-hand		adj.	중고의
security		n.	안전
share		v.	나누다
share		n.	주식
tv		n.	텔레비전
what's		pron.	무엇이
won		v.	이기다
april		n.	4월
center		n.	중심
county		n.	카운티
couple		n.	한 쌍
dead		adj.	죽은
english		n.	영어
fifo		n.	선입선출
happen		v.	일어나다
hold		v.	잡다
industry		n.	산업
inside		prep.	~안에
issues		n.	문제
online		adj.	온라인의
player		n.	플레이어
private		adj.	개인의
problems		n.	문제
return		v.	돌아가다
rights		n.	권리
sense		n.	감각
star		n.	별
test		n.	테스트
up-to-date		adj.	최신의
view		n.	관점
weeks		n.	주
break		v.	깨다
british		adj.	영국의
companies		n.	회사
event		n.	행사
higher		adj.	더 높은
hour		n.	시간
member		n.	멤버
middle		n.	중앙
needed		v.	필요하다
present		n.	선물
present		adj.	출석한
result		n.	결과
sorry		adj.	미안한
takes		v.	취하다
training		n.	훈련
wish		v.	바라다
wish		n.	소망
answer		n.	대답
answer		v.	대답하다
boy		n.	소년
design		n.	디자인
design		v.	디자인하다
finally		adv.	마침내
girls		n.	소녀
gold		n.	금
gold		adj.	금으로 된
gone		v.	가다
guess		v.	추측하다
interest		n.	흥미
july		n.	7월
king		n.	왕
learn		v.	배우다
policy		n.	정책
society		n.	사회
added		v.	추가하다
alone		adj.	혼자의
average		n.	평균
bank		n.	은행
brought		v.	가져오다
certain		adj.	확실한
church		n.	교회
east		n.	동쪽
hands		n.	손
hot		adj.	뜨거운
let's		v.	~하자
longer		adj.	더 긴
medical		adj.	의학의
movie		n.	영화
original		adj.	원래의
park		n.	공원
performance		n.	공연
press		v.	누르다
received		v.	받다
role		n.	역할
sent		v.	보내다
themselves		pron.	그들 자신
tried		v.	시도하다
worked		v.	일하다
worth		adj.	~의 가치가 있는
areas		n.	지역
became		v.	되다
bill		n.	청구서
books		n.	책
cool		adj.	멋진
director		n.	감독
exactly		adv.	정확히
giving		v.	주다
ground		n.	땅
meeting		n.	회의
provide		v.	제공하다
questions		n.	질문
relationship		n.	관계
september		n.	9월
sound		n.	소리
source		n.	출처
usually		adv.	보통
value		n.	가치
evidence		n.	증거
follow		v.	따르다
lives		n.	생명
official		adj.	공식의
ok		int.	좋아
production		n.	생산
rate		n.	비율
reading		n.	독서
round		adj.	둥근
save		v.	저장하다
stand		v.	서다
stand		n.	가판대
stuff		n.	물
tax		n.	세금
whatever		pron.	무엇이든
whatever		conj.	어쨌든
amount		n.	양
blue		adj.	파란
countries		n.	국가
david		n.	데이비드
drive		v.	운전하다
eat		v.	먹다
fall		v.	떨어지다
fast		adj.	빠른
federal		adj.	연방의
feeling		n.	느낌
felt		v.	느끼다
green		adj.	초록의
league		n.	리그
management		n.	경영
match		n.	시합
model		n.	모델
picture		n.	사진
size		n.	크기
step		n.	단계
trust		v.	신뢰하다
central		adj.	중앙의
changes		v.	바꾸다
england		n.	잉글랜드
follow-up		n.	후속
forward		adv.	앞으로
groups		n.	그룹
hey		int.	이봐
key		n.	열쇠
mom		n.	엄마
page		n.	페이지
paid		v.	지불하다
range		n.	범위
review		n.	리뷰
science		n.	과학
trade		n.	무역
uk		n.	영국
upon		prep.	위에
various		adj.	다양한
attention		n.	주의
brother		n.	형제
cannot		v.	할 수 없다
character		n.	캐릭터
chief		n.	우두머리
chief		adj.	수석의
cup		n.	컵
football		n.	축구
hate		v.	미워하다
james		n.	제임스
led		v.	이끌다
looked		v.	보다
lower		v.	낮추다
lower		adj.	낮은
natural		adj.	자연적인
october		n.	10월
property		n.	재산
property		n.	속성
quality		n.	품질
send		v.	보내다
style		n.	스타일
vote		v.	투표하다
vote		n.	표
wysiwyg		n.	위지위그
amazing		adj.	놀라운
august		adj.	위엄 있는
blood		n.	혈액
china		n.	도자기
complete		adj.	완전한
complete		v.	완성하
dog		n.	개
e-business		n.	전자상거래
economic		adj.	경제의
first-rate		adj.	일류의
hell		n.	지옥
involved		adj.	관련된
itself		pron.	그 자체
language		n.	언어
lord		n.	영주
november		n.	11월
oil		n.	기름
oil		n.	석유
related		adj.	관련된
serious		adj.	심각한
stage		n.	단계
terms		n.	조건
title		n.	제목
add		v.	추가하다
article		n.	기사
attack		v.	공격하다
attack		n.	공격
born		v.	태어나다
damn		int.	젠장
decided		v.	결정하다
decision		n.	결정
enjoy		v.	즐기다
entire		adj.	전체의
french		adj.	프랑스의
french		n.	프랑스어
january		n.	1월
kill		v.	죽이다
met		v.	만나다
perhaps		adv.	아마
poor		adj.	가난한
release		v.	출시하다
situation		n.	상황
technology		n.	기술
turned		v.	돌리다
website		n.	웹사이트
written		adj.	서면의
add-on		n.	애드온
choice		n.	선택
code		n.	코드
considered		adj.	숙고된
continue		v.	계속하다
council		n.	이사회
cover		v.	덮다
cover		n.	표지
currently		adv.	현재
door		n.	문
election		n.	선거
european		adj.	유럽의
events		n.	사건
financial		adj.	재정의
foreign		adj.	외국의
hair		n.	머리카락
increase		v.	증가하다
increase		n.	증가
legal		adj.	합법적인
lose		v.	잃다
michael		n.	마이클
pick		v.	고르다
race		n.	인종
race		n.	경주
seem		v.	~처럼 보이다
seven		num.	일곱
sign		n.	표지판
sign		v.	서명하다
simple		adj.	간단한
simply		adv.	단지
staff		n.	직원
super		adj.	훌륭한
union		n.	연합
walk		v.	걷다
walk		n.	산책
washington		n.	워싱턴
bed		n.	침대
began		v.	시작하다
built		v.	짓다
career		n.	경력
changed		v.	바꾸다
crazy		adj.	미친
daily		adj.	매일의
daughter		n.	딸
december		n.	12월
die		v.	죽다
difficult		adj.	어려운
figure		n.	숫자
figure		n.	인물
hospital		n.	병원
knows		v.	알다
loss		n.	손실
modern		adj.	현대의
ones		pron.	것
paper		n.	종이
parts		n.	부분
popular		adj.	인기 있는
published		v.	출판하다
safe		adj.	안전한
starting		v.	시작하다
systems		n.	시스템
version		n.	버전
voice		n.	목소리
whose		pron.	누구의
writing		n.	쓰기
army		n.	군대
australia		n.	호주
earth		n.	지구
earth		n.	흙
forget		v.	잊다
goal		n.	목표
goal		n.	골
huge		adj.	거대한
internet		n.	인터넷
listen		v.	듣다
okay		int.	좋아
practice		n.	연습
practice		v.	연습하다
rules		n.	규칙
sea		n.	바다
sir		n.	선생님
success		n.	성공
towards		prep.	〜쪽으로
waiting		v.	기다리다
ways		n.	방법
ways		n.	길
access		n.	접근
base		n.	기초
below		adv.	아래에
created		v.	만들다
deep		adj.	깊은
followed		v.	따르다
mark		n.	표시
missing		adj.	없어진
offer		v.	제공하다
pass		v.	통과하다
professional		adj.	전문적인
released		v.	출시하다
risk		n.	위험
schools		n.	학교
sleep		v.	자다
sleep		n.	수면
table		n.	탁자
ten		num.	십
truth		n.	진실
ball		n.	공
box		n.	상자
build		v.	짓다
card		n.	카드
cases		n.	경우
dark		adj.	어두운
district		n.	지역
europe		n.	유럽
george		n.	조지
india		n.	인도
mine		pron.	나의
mine		n.	광산
minister		n.	장관
note		n.	노트
percent		n.	퍼센t
piece		n.	조각
products		n.	제품
recent		adj.	최근의
seeing		v.	보다
straight		adj.	곧은
visit		v.	방문하다
visit		n.	방문
wall		n.	벽
wanna		v.	하고 싶다
wrote		v.	쓰다
allowed		adj.	허용된
boys		n.	소년
culture		n.	문화
etc		adv.	기타
fans		n.	팬
february		n.	2월
gives		v.	주다
growth		n.	성장
included		v.	포함하다
married		adj.	기혼의
officer		n.	장교
pain		n.	통증
paul		n.	폴
places		n.	장소
respect		n.	존경
response		n.	응답
river		n.	강
rock		n.	바위
shall		v.	~할 것이다
speak		v.	말하다
specific		adj.	구체적인
standard		n.	표준
tonight		adv.	오늘 밤
write		v.	쓰다
album		n.	앨범
century		n.	세기
charge		v.	청구하다
cold		adj.	추운
create		v.	창조하다
effect		n.	효과
eight		num.	여덟
except		prep.	~을 제외하고
eye		n.	눈
funny		adj.	재미있는
limited		adj.	제한된
moving		adj.	움직이는
network		n.	네트워크
peace		n.	평화
provided		conj.	만약
recently		adv.	최근에
required		adj.	필수의
sales		n.	판매
spent		v.	쓰다
store		n.	상점
student		n.	학생
tomorrow		n.	내일
track		n.	트랙
via		prep.	경유하여
watching		v.	보다
weight		n.	무게
addition		n.	덧셈
ahead		adv.	앞으로
allow		v.	허용하다
anti		prep.	반대
association		n.	협회
beat		v.	때리다
brown		n.	갈색
capital		n.	수도
chinese		adj.	중국의
committee		n.	위원회
conference		n.	회의
difference		n.	차이
double		v.	두 배로 하다
expect		v.	기대하다
gas		n.	가스
gas		n.	휘발유
island		n.	섬
moved		v.	움직이다
moved		v.	감동시키다
normal		adj.	정상의
normal		n.	정상
plans		n.	계획
population		n.	인구
potential		adj.	잠재적인
potential		n.	잠재력
pressure		n.	압력
radio		n.	라디오
russian		adj.	러시아의
station		n.	역
station		n.	방송국
text		n.	텍스트
treatment		n.	치료
treatment		n.	대우
western		adj.	서양의
ass		n.	엉덩이
ass		n.	당나귀
beginning		n.	시작
california		n.	캘리포니아
campaign		n.	운동
campaign		n.	선전 캠페인
certainly		adv.	물론
completely		adv.	완전히
content		n.	콘텐츠
content		adj.	만족한
credit		n.	신용
credit		n.	학점
cross		v.	건너다
cross		n.	십자가
described		v.	묘사하다
despite		prep.	에도 불구하고
female		adj.	여성의
female		n.	여성
focus		v.	집중하다
focus		n.	초점
hi		int.	안녕
husband		n.	남편
ice		n.	얼음
individual		adj.	개인의
individual		n.	개인
interesting		adj.	흥미로운
join		v.	가입하다
kept		v.	유지하다
leading		adj.	주요한
loved		v.	사랑하다
message		n.	메시지
miles		n.	마일
nearly		adv.	거의
particular		adj.	특별한
previous		adj.	이전の
quickly		adv.	빠르identally
region		n.	지역
reported		v.	보도하다
section		n.	부분
sort		n.	종류
sort		v.	분류하다
speed		n.	속도
travel		v.	여행하다
travel		n.	여행
consider		v.	고려하다
contact		n.	연락
contact		v.	연락하다
drop		v.	떨어지다
drop		n.	물방울
fair		adj.	공정한
fair		n.	장터
feet		n.	발
jesus		n.	예수
kid		n.	아이
link		n.	링크
positive		adj.	긍정적인
positive		adj.	양성의
post-training		n.	후속 훈련
sale		n.	판매
throughout		prep.	전체에 걸쳐
tour		n.	tour
welcome		v.	환영하다
absolutely		adv.	절대로
additional		adj.	추가의
beyond		prep.	넘어
conditions		n.	조건
earlier		adv.	더 일찍
extra		adj.	추가의
forces		n.	힘
immediately		adv.	즉시
jobs		n.	일
leaving		v.	떠나다
minute		n.	분
nature		n.	자연
numbers		n.	숫자
quick		adj.	빠른
sell		v.	팔다
significant		adj.	중요한
studies		n.	연구
unless		conj.	~이 아닌 한
winning		v.	이기다
agree		v.	동의하다
canada		n.	캐나다
clean		adj.	깨끗한
computer		n.	컴퓨터
construction		n.	건설
episode		n.	에피소드
favorite		adj.	가장 좋아하는
income		n.	수입
justice		n.	정의
levels		n.	수준
manager		n.	매니저
movement		n.	운동
photo		n.	사진
posted		v.	게시하다
safety		n.	안전
scene		n.	장면
sold		v.	팔다
sounds		n.	소리
spend		v.	쓰다
statement		n.	성명
sun		n.	해
teams		n.	팀
they're		pron.	그들은
ability		n.	능력
announced		v.	발표하다
asking		v.	묻다
calling		v.	전화하다
coach		n.	코치
collection		n.	컬렉션
continued		v.	계속되다
costs		n.	비용
definitely		adv.	확실히
designed		v.	설계하다
expected		v.	예상하다
friday		n.	금요일
gun		n.	총
happens		v.	일어나다
heavy		adj.	무거운
includes		v.	포함하다
knowledge		n.	지식
particularly		adv.	특히
search		v.	검색하다
subject		n.	주제
train		n.	기차
wide		adj.	넓은
wow		int.	우와
author		n.	저자
centre		n.	중심
claim		v.	주장하다
dad		n.	아빠
developed		adj.	발달된
fear		n.	두려움
fit		adj.	건강한
fit		v.	맞다
generally		adv.	보통
german		adj.	독일의
global		adj.	글로벌한
goals		n.	목표
gotta		v.	해야 하다
hotel		n.	호텔
interested		adj.	관심 있는
judge		n.	판사
lady		n.	숙녀
leader		n.	지도자
letter		n.	편지
lines		n.	행
material		n.	재료
named		v.	이름 붙이다
nobody		pron.	아무도~없다
opportunity		n.	기회
plus		prep.	더하기
product		n.	제품
regular		adj.	정기적인
secretary		n.	비서
sister		n.	자매
stories		n.	이야기
unit		n.	단위
workers		n.	노동자
annual		adj.	연간의
anymore		adv.	더 이상~않다
bar		n.	술집
battle		n.	전투
brain		n.	뇌
by-product		n.	부산물
contract		n.	계약
degree		n.	정도
families		n.	가족
features		n.	특징
finished		v.	끝내다
floor		n.	바닥
france		n.	프랑스
growing		v.	성장하다
hurt		v.	상처 입히다
image		n.	이미지
insurance		n.	보험
majority		n.	다수
meant		v.	의미하다
opening		n.	개막
opinion		n.	의견
physical		adj.	물리적인
pro		n.	프로
reach		v.	닿다
rule		n.	규칙
seriously		adv.	진지하게
sports		n.	스포츠
stupid		adj.	어리석은
successful		adj.	성공적인
active		adj.	활동적인
administration		n.	관리
approach		n.	접근방식
australian		adj.	호주의
biggest		adj.	가장 큰
cancer		n.	암
civil		adj.	시민의
dance		v.	춤추다
defense		n.	방어
direction		n.	방향
ill		adj.	아픈
independent		adj.	독립적인
master		n.	주인
none		pron.	아무도~않다
reasons		n.	이유
russia		n.	러시아
ship		n.	배
stock		n.	주식
trump		n.	트럼프
weekend		n.	주말
wonder		v.	궁금해하다
worst		adj.	가장 나쁜
africa		n.	아프리카
awesome		adj.	멋진
band		n.	밴드
beach		n.	해변
cash		n.	현금
clearly		adv.	명확히
commercial		adj.	상업의
compared		v.	비교하다
effort		n.	노력
ended		v.	끝나다
fan		n.	팬
fighting		v.	싸우다
imagine		v.	상상하다
impact		n.	영향
lack		n.	부족
latest		adj.	최신의
learning		n.	학습
multiple		adj.	다수의
older		adj.	나이가 많은
operation		n.	수술
organization		n.	조직
passed		v.	통과하다
pictures		n.	사진
protect		v.	보호하다
secret		n.	비밀
secret		adj.	비밀의
senior		adj.	선배의
spring		n.	봄
sunday		n.	일요일
telling		v.	말하다
wear		v.	입다
activities		n.	활동
address		n.	주소
address		v.	연설하다
analysis		n.	분석
anyway		adv.	어쨌든
bought		v.	사다
calls		n.	전화
choose		v.	선택하다
christmas		n.	크리스마스
color		n.	색
commission		n.	위원회
competition		n.	경쟁
details		n.	세부 사항
direct		adj.	직접적인
direct		v.	지휘하다
dream		n.	꿈
easily		adv.	쉽게
finish		v.	끝내다
grand		adj.	웅장한
increased		adj.	증가한
indian		adj.	인도의
literally		adv.	문자 그대로
luck		n.	운
marriage		n.	결혼
names		n.	이름
necessary		adj.	필요한
patients		n.	환자
resources		n.	자원
rich		adj.	부유한
skin		n.	피부
speaking		v.	말하다
supposed		adj.	가정된
sweet		adj.	달콤한
sweet		n.	사탕
thus		adv.	따라서
touch		v.	만지다
yesterday		n.	어제
caught		v.	잡다
closed		adj.	닫힌
congress		n.	국회
damage		n.	손해
directly		adv.	직접
disease		n.	질병
doctor		n.	의사
doubt		n.	의심
drink		v.	마시다
driving		v.	운전하다
established		adj.	설립된
feels		v.	느끼다
fish		n.	생선
gay		adj.	게이의
germany		n.	독일
glad		adj.	기쁜
greater		adj.	더 큰
grow		v.	자라다
largest		adj.	가장 큰
machine		n.	기계
notice		v.	알아차리다
notice		n.	통지
overall		adj.	전체적인
overall		adv.	전반적으로
overall		n.	작업복
planning		v.	계획하다
professor		n.	교수
programs		n.	프로그램
records		n.	기록
reports		n.	보고
reports		v.	보도하다
shown		v.	보여주다
sit		v.	앉다
trip		n.	여행
trip		v.	걸리다
we're		pron.	우리는~이다
associated		v.	연관짓다
associated		adj.	연관된
basic		adj.	기본적인
captain		n.	주장
carry		v.	나르다
cars		n.	자동차
crime		n.	범죄
effective		adj.	효과적인
effects		n.	효과
explain		v.	설명하다
front-page		adj.	1면의
fully		adv.	완전히
fyi		int.	참고로
highly		adv.	매우
holding		v.	쥐다
holding		n.	지분
japan		n.	일본
laws		n.	법률
male		adj.	남성의
male		n.	남자
parties		n.	파티
parties		n.	정당
plant		n.	식물
plant		n.	공장
plant		v.	심다
reality		n.	현실
smith		n.	스미스
spot		n.	장소
spot		v.	발견하다
texas		n.	텍사스
winter		n.	겨울
worse		adj.	더 나쁜
advice		n.	조언
agreement		n.	합의
award		n.	상
award		v.	수여하다
block		n.	블록
block		v.	막다
block		n.	덩어리
broken		adj.	부서진
caused		v.	초래하다
challenge		n.	도전
challenge		v.	도전하다
characters		n.	문자
characters		n.	등장인물
christian		n.	기독교도
christian		adj.	기독교의
comment		n.	논평
comment		v.	논평하다
equipment		n.	장비
eventually		adv.	결국
helped		v.	도왔다
holy		adj.	거룩한
killing		n.	죽임
killing		v.	죽이다
killing		adj.	치명적인
lived		v.	살다
lots		n.	많은 많이
lots		n.	다량
nation		n.	국가
otherwise		adv.	그렇지 않으면
peter		v.	잦아들다
prices		n.	가격
primary		adj.	주요한
purpose		n.	목적
rates		n.	요금
rates		n.	비율
responsible		adj.	책임 있는
shop		n.	가장
shop		v.	쇼핑하다
showing		v.	보여주다
showing		n.	상영
sick		adj.	아픈
teacher		n.	교사
theory		n.	이론
uses		v.	사용하다
uses		n.	용도
william		n.	윌리엄
agency		n.	기관
avoid		v.	피하다
camera		n.	카메라
catch		v.	잡다
catch		n.	함정
cell		n.	세포
cell		n.	감방
coast		n.	해안
comments		n.	댓글
drug		n.	약
drug		n.	마약
economy		n.	경제
environment		n.	환경
executive		n.	임원
executive		adj.	경영의
foot		n.	발
foot		n.	피트
hall		n.	홀
mass		n.	질량
mass		n.	대량
meaning		n.	의미
mission		n.	사명
nine		num.	아홉
officers		n.	장교
operations		n.	운영
operations		n.	수술
politics		n.	정치
pop		v.	터지다
pop		n.	팝
produced		v.	생산하다
ran		v.	달리다
ran		v.	경영하다
saturday		n.	토요일
self-attention		n.	자기 어텐션
status		n.	지위
status		n.	상태
therefore		adv.	그러므로
trial		n.	재판
trial		n.	시험
truly		adv.	정말로
weather		n.	날씨
activity		n.	활동
app		n.	앱
application		n.	응용
application		n.	신청
claims		v.	주장하다
claims		n.	청구
coffee		n.	커피
complex		adj.	복잡한
complex		n.	단지
condition		n.	조건
condition		n.	상태
division		n.	부서
division		n.	나눗셈
evening		n.	저녁
flight		n.	항공편
flight		n.	비행
freedom		n.	자유
google		n.	구글
heat		n.	열
highest		adj.	가장 높은
interview		n.	면접
interview		n.	인터뷰
library		n.	도서관
located		v.	위치하다
location		n.	위치
murder		v.	살해하다
murder		n.	살인
offered		v.	제공하다
pop-up		adj.	팝업
pop-up		n.	팝업
putting		v.	놓다
queen		n.	여왕
queen		n.	왕비
seconds		n.	초
showed		v.	보여주다
sitting		n.	앉기
standing		n.	서 있음
stars		n.	별
walking		v.	걷기
accept		v.	받아들이다
actual		adj.	실제의
appear		v.	나타나다
attempt		v.	시도하다
broke		adj.	파산한
channel		n.	채널
distance		n.	거리
eating		v.	먹기
exchange		n.	교환
fat		adj.	뚱뚱한
fell		v.	떨어지다
finding		n.	발견
glass		n.	유리
learned		adj.	학식 있는
losing		v.	잃음
mobile		adj.	이동식의
northern		adj.	북쪽의
opened		v.	열다
placed		v.	놓다
placed		n.	장소
powerful		adj.	강력한
prior		adj.	사전의
protection		n.	보호
reached		v.	도달하다
receive		v.	받다
religious		adj.	종교적인
ride		v.	타다
robert		n.	로버트
royal		adj.	왕실의
screen		n.	화면
serve		v.	봉사하다
signed		v.	서명한
slow		adj.	느린
species		n.	종
speech		n.	연설
traffic		n.	교통
tree		n.	나무
types		n.	유형
wearing		v.	입기
whom		pron.	누구
wonderful		adj.	훌륭한
wtf		int.	뭐야
agreed		adj.	동의한
airport		n.	공항
animals		n.	동물
appears		v.	나타나다
begin		v.	시작하다
benefits		n.	이익
bottom		n.	바닥
cities		n.	도시
demand		v.	요구하다
engine		n.	엔진
everybody		pron.	모두
famous		adj.	유명한
ideas		n.	생각
investment		n.	투자
keeping		n.	보관
lie		v.	눕다
lie		v.	거짓말하다
lie		n.	거짓말
notes		n.	노트
partner		n.	파트너
plays		v.	놀다
plays		n.	연극
raised		v.	올리다
runs		v.	달리다
runs		v.	경영하다
sad		adj.	슬픈
solution		n.	해결책
solution		n.	용액
songs		n.	노래
sources		n.	출처
southern		adj.	남쪽의
square		n.	정사각형
square		adj.	제곱의
square		n.	광장
stopped		v.	멈추다
structure		n.	구조
thomas		n.	토머스
traditional		adj.	전통적인
twice		adv.	두 번
wind		n.	바람
worry		v.	걱정하다
worry		n.	걱정
americans		n.	미국인
appeared		v.	나타나다
becomes		v.	되다
brand		n.	브랜드
bus		n.	버스
cent		n.	센트
chicago		n.	시카고
count		v.	세다
count		v.	중요하다
covered		v.	덮다
critical		adj.	중요한
critical		adj.	비판적인
digital		adj.	디지털의
forced		v.	강요하다
fourth		num.	네 번째
fresh		adj.	신선한
lake		n.	호수
mental		adj.	정신의
mentioned		v.	언급하다
missed		v.	놓치다
mostly		adv.	주로
mouth		n.	입
owner		n.	소유자
photos		n.	사진
previously		adv.	이전에
realize		v.	깨닫다
remain		v.	남다
scale		n.	규모
scale		n.	눈금
score		n.	점수
score		v.	득점하다
separate		adj.	따로의
smart		adj.	똑똑한
starts		v.	시작하다
surface		n.	표면
throw		v.	던지다
tom		n.	톰
totally		adv.	완전히
views		n.	견해
wedding		n.	결혼식
acting		n.	연기
actions		n.	행동
african		adj.	아프리카의
arms		n.	무기
arms		n.	팔
benefit		n.	이익
benefit		n.	수당
budget		n.	예산
click		v.	클릭하다
click		n.	딸깍 소리
estate		n.	부동산
estate		n.	장원
failed		v.	실패하다
faith		n.	신앙
faith		n.	신뢰
fashion		n.	패션
fashion		n.	방식
feature		n.	특징
feature		n.	특집
fund		n.	펀드
fund		v.	지원하다
generation		n.	세대
generation		n.	생성
hearing		n.	청각
hearing		n.	청문회
hill		n.	언덕
jack		n.	잭
larger		adj.	더 큰
livehouse		n.	라이브 하우
louis		n.	루이
metal		n.	금속
metal		n.	헤비메탈
mid		adj.	중간의
paris		n.	파리
profile		n.	프로필
profile		n.	측면
pull		v.	당기다
pull		n.	당김
push		v.	밀다
push		n.	밀기
returned		v.	돌아가다
returned		v.	돌려주다
rose		v.	오르다
seat		n.	좌석
seat		v.	앉히다
seemed		v.	~처럼 보이다
sexual		adj.	성적인
target		n.	목표
target		v.	겨눈다
understanding		n.	이해
understanding		adj.	이해심 많은
village		n.	마을
wwi		n.	제1차 세계 대전
agent		n.	대리인
agent		n.	첩보원
animal		n.	동물
apply		v.	신청하다
apply		v.	적용하다
authority		n.	권위
authority		n.	당국
basis		n.	기초
becoming		v.	~이 되다
chris		n.	크리스
draw		v.	그리다
draw		v.	끌다
draw		n.	무승부
dude		n.	친구
employees		n.	직원
enter		v.	들어가다
enter		v.	입력하다
follows		v.	따르다
foundation		n.	기초
foundation		n.	재단
gain		v.	얻다
gain		n.	이익
individuals		n.	개인
japanese		adj.	일본의
japanese		n.	일본어
leaders		n.	지도자
memory		n.	기억
memory		n.	메모리
prime		adj.	주요한
projects		n.	프로젝트
ring		n.	반지
ring		n.	고리
rise		v.	상승하다
selling		v.	팔다
served		v.	섬기다
silver		n.	은
soul		n.	영혼
spread		v.	퍼뜨리다
supply		n.	공급
supply		v.	공급하다
waste		v.	낭비하다
waste		n.	쓰레기
weird		adj.	이상한
adult		n.	어른
apparently		adv.	보아하니
artist		n.	예술가
chairman		n.	의장
edition		n.	판
engineering		n.	공학
grade		n.	등급
grade		n.	학년
happening		n.	사건
healthy		adj.	건강한
institute		n.	연구소
method		n.	방법
mike		n.	마이크
monday		n.	월요일
nations		n.	국가
obviously		adv.	명백히
option		n.	선택 옵션
prison		n.	감옥
provides		v.	제공하다
remains		n.	유해
remains		v.	머무르다
senate		n.	상원
smaller		adj.	더 작은
somebody		pron.	누군가
stone		n.	돌
strength		n.	힘
users		n.	사용자
wild		adj.	야생의
window		n.	창문
winner		n.	승자
arrived		v.	도착하다
bag		n.	가방
bet		v.	내기하다
camp		n.	야영
cast		v.	던지다
cast		n.	출연진
christ		n.	그리스도
continues		v.	계속되다
correct		adj.	올바른
correct		v.	고치다
dangerous		adj.	위험한
extremely		adv.	극도로
firm		n.	회사
firm		adj.	단단한
greatest		adj.	가장 위대한
handle		v.	처리하다
handle		n.	손잡이
improve		v.	개선하다
indeed		adv.	정말
leaves		n.	잎
leaves		v.	떠나다
movies		n.	영화
negative		adj.	부정적인
prevent		v.	막다
removed		v.	제거하다
richard		n.	리처드
spirit		n.	정신
television		n.	텔레비전
till		prep.	까지
trouble		n.	곤란
usa		n.	미국
videos		n.	비디오
advantage		n.	이점
apart		adv.	떨어져
aware		adj.	인식하는
cat		n.	고양이
customers		n.	고객
decide		v.	결정하다
dinner		n.	저녁
dollars		n.	달러
eastern		adj.	동쪽의
fifth		num.	다섯째
function		n.	기능
gift		n.	선물
helping		v.	돕다
herself		pron.	그녀 자신
impossible		adj.	불가능한
influence		n.	영향
items		n.	항목
joe		n.	조
marketing		n.	마케팅
mary		n.	메어리
materials		n.	재료
nor		conj.	~도 아니다
produce		v.	생산하다
progress		n.	진보
proud		adj.	자랑스러운
require		v.	요구하다
shooting		n.	사격
shut		v.	닫다
standards		n.	기준
tells		v.	말하다
thinks		v.	생각하다
van		n.	밴
wasn't		v.	아니었다
wood		n.	나무
background		n.	배경
birth		n.	출생
bridge		n.	다리
carried		v.	나르다
charles		n.	찰스
classes		n.	수업
completed		v.	완료하다
concept		n.	개념
copy		v.	복사하다
dear		adj.	사랑하는
dogs		n.	개
drugs		n.	약
efforts		n.	노력
garden		n.	정원
host		n.	호스트
housing		n.	주택
israel		n.	이스라엘
journal		n.	저널
labor		n.	노동
leadership		n.	지도력
length		n.	길い
lucky		adj.	운이 좋은
neither		conj.	~도 아니다
neither		pron.	둘 다 아니다
onto		prep.	~위에
patient		n.	환자
possibly		adv.	아마도
prove		v.	증명하다
rare		adj.	드문
setting		n.	환경
skills		n.	기술
software		n.	소프트웨어
thousands		num.	수천
tough		adj.	힘든
units		n.	단위
alive		adj.	살아 있는
apple		n.	사과
balance		n.	균형
birthday		n.	생일
bitch		n.	못된 여자
boss		n.	상사
cards		n.	카드
changing		v.	바꾸다
connection		n.	연결
diy		n.	셀프DIY
dress		n.	원피스
easier		adj.	더 쉬운
fellow		n.	녀석
florida		n.	플로리다
horse		n.	말
knowing		v.	알다
liked		v.	좋아했다
magic		n.	마법
managed		v.	관리하다
map		n.	지도
mar		v.	손상시키д
net		n.	그물
owned		v.	소유하다
request		n.	요청
she's		pron.	그녀
stick		n.	막대
turns		v.	돌다
vehicle		n.	차량
volume		n.	음량
wake		v.	깨어나다
aid		n.	지원
beauty		n.	아름다움
believed		v.	믿었다
billion		num.	십억
busy		adj.	바쁜
buying		v.	사다
cells		n.	세포
concerned		adj.	걱정하는
conversation		n.	대회
corner		n.	모두
criminal		n.	범죄자
cultural		adj.	문화적인
develop		v.	발전하다
driver		n.	운전사
ends		v.	끝나다
existing		adj.	기존의
farm		n.	농장
file		n.	파일
fix		v.	수리하다
fly		n.	파리
fly		v.	날다
frank		adj.	솔직한
guide		n.	안내서
guide		v.	안내하다
images		n.	이미지
investigation		n.	수사
mexico		n.	멕시코
operating		adj.	운영의
paying		v.	지불하다
presented		v.	제시하다
raise		v.	올리다
responsibility		n.	책임
roll		v.	굴리다
roll		n.	롤
slightly		adv.	약간
suggest		v.	제안하다
surprise		n.	놀람
surprise		v.	놀라게 하다
technical		adj.	기술의
thoughts		n.	생각
treat		v.	대우하다
treat		v.	치료하다
unique		adj.	유일한
variety		n.	다양
violence		n.	폭력
weapons		n.	무기
yours		pron.	너의 것
youth		n.	청년
appreciate		v.	감사하다
bigger		adj.	더 큰
breaking		v.	깨다
discovered		v.	발견하다
dry		adj.	건조한
edge		n.	가장자리
evil		adj.	악한
excited		adj.	흥분한
forever		adv.	영원히
funds		n.	자금
helps		v.	돕다
henry		n.	헨리
injury		n.	부상
iron		n.	철
lovely		adj.	사랑스러운
mad		adj.	미친
magazine		n.	잡지
martin		n.	마틴
models		n.	모델
offers		v.	제공하다
ordered		v.	주문하다
parliament		n.	의회
prepared		adj.	준비된
reference		n.	참고
religion		n.	종교
sites		n.	장지
somewhere		adv.	어딘가
stated		v.	진술하
strategy		n.	전략
teachers		n.	교사
web		n.	웹
wine		n.	와인
accounts		n.	계좌
arm		n.	팔
audience		n.	청중
bay		n.	만
blog		n.	블로그
closer		adj.	더 가까운
core		n.	핵심
democratic		adj.	민주적인
description		n.	묘사
dropped		v.	떨어지다
excellent		adj.	훌륭한
exist		v.	존재하다
figures		n.	숫자
forms		n.	형태
guard		v.	지키다
honest		adj.	정직한
issued		v.	발행하다
joined		v.	합류하다
jones		n.	존스
lee		n.	이
lies		v.	눕다
likes		v.	좋아하다
medicine		n.	약
mention		v.	언급하다
mountain		n.	산
nuclear		adj.	핵의
orders		n.	주문
port		n.	항구
presence		n.	존재
reaction		n.	반응
reduce		v.	줄이다
shoot		v.	쏘다
sides		n.	면
solid		adj.	고체의
spanish		n.	스페인어
sport		n.	스포츠
steps		n.	단계
stress		n.	스트레스
taste		n.	맛
tea		n.	차
victory		n.	승리
afternoon		n.	오후
assistant		n.	조수
britain		n.	영국
citizens		n.	시민
classic		adj.	고전적인
clothes		n.	옷
decisions		n.	결정
electric		adj.	전기의
emergency		n.	비상
entered		v.	들어가다
entirely		adv.	완전히
facts		n.	사실
failure		n.	실패
festival		n.	축제
flat		adj.	평평한
fuel		n.	연료
harry		n.	해리
hello		int.	안녕하세요
houses		n.	집
initial		adj.	최초의
introduced		v.	소개하다
johnson		n.	존슨
kick		v.	차다
links		n.	링크
mail		n.	우편
massive		adj.	거대한
matters		n.	일
matters		v.	중요하다
pair		n.	한 쌍
picked		v.	고르다
pieces		n.	조각
plane		n.	비행기
plenty		n.	많음
prince		n.	왕자
proper		adj.	적절한
providing		conj.	~라는 조건으로
quarter		n.	4분의 1
regional		adj.	지역의
scott		n.	스콧
session		n.	세션
shape		n.	모양
sky		n.	하늘
teaching		n.	교수
toward		prep.	~쪽으로
transfer		v.	옮기다
upper		adj.	위의
useful		adj.	유용한
valley		n.	계곡
watched		v.	보다
willing		adj.	기꺼이 ~하는
windows		n.	윈도우
you'll		pron.	너는 ~할 것이다
zone		n.	지역
accident		n.	사고
advanced		adj.	고급의
alternative		n.	대안
alternative		adj.	대안의
anywhere		adv.	어디든
articles		n.	기사
awards		n.	상
bear		n.	곰
bear		v.	견디다
boat		n.	배
bringing		v.	가져오다
capacity		n.	용량
capacity		n.	능력
cheap		adj.	싼
climate		n.	기후
communities		n.	커뮤니티
discussion		n.	토론
drinking		v.	마시다
duty		n.	의무
fantastic		adj.	훌륭한
feelings		n.	감정
flying		v.	날다
governor		n.	주지사
hundred		num.	백
industrial		adj.	공업의
joint		n.	관절
joint		adj.	공동의
mix		v.	섞다
museum		n.	박물관
options		n.	옵션
path		n.	경로
plants		n.	식물
policies		n.	정책
promise		v.	약속하다
promise		n.	약속
proposed		adj.	제안된
proposed		v.	제안하다
purchase		v.	구매하다
purchase		n.	구매
rain		n.	비
rain		v.	비가 오다
remove		v.	제거하 retir
signs		n.	표지판
signs		v.	서명하다
spending		n.	지출
steel		n.	강철
steve		n.	스티브
supporting		adj.	지원하는
terrible		adj.	끔찍한
tired		adj.	피곤한
treated		v.	대우하다
turning		v.	돌리다
vice		n.	부
vice		n.	악습
warm		adj.	따뜻한
warm		v.	따뜻하게 하다
afraid		adj.	무서운
arts		n.	예술
beer		n.	맥주
border		n.	국경
canadian		adj.	캐나다의
command		n.	명령
command		v.	명령하다
crew		n.	승무원
crowd		n.	군중
dating		v.	데이트하다
dick		n.	딕
elements		n.	요소
enemy		n.	적
ensure		v.	보장하다
environmental		adj.	환경의
filled		adj.	가득 찬
filled		v.	채우다
fixed		adj.	고정된
fixed		v.	고치다
forest		n.	숲
intelligence		n.	지능
intelligence		n.	정보
intended		adj.	의도된
labour		n.	노동
limit		n.	한계
limit		v.	제한하다
moon		n.	달
ocean		n.	대양
powers		n.	힘
powers		n.	권력
profit		n.	이익
proof		n.	증명
republican		n.	공화당원
republican		adj.	공화의
soldiers		n.	군인
suit		n.	양복
suit		v.	맞다
wins		v.	이기다
women's		n.	여성의
appearance		n.	외모
appearance		n.	등장
apr		n.	4월
asian		adj.	아시아의
asian		n.	아시아인
attorney		n.	변호사
banks		n.	은행
behavior		n.	행동
ben		n.	벤
bodies		n.	몸
brothers		n.	형제
buildings		n.	건물
chair		n.	의자
chair		n.	회장장
creating		v.	창조하다
debt		n.	빚
domestic		adj.	국내의
domestic		adj.	가정용의
expensive		adj.	비싼
grew		v.	자라다
grew		v.	증가하다
historical		adj.	역사적인
homes		n.	집
homes		n.	주택
honestly		adv.	정직하게
honor		n.	명예
honor		v.	존경하다
jump		v.	뛰다
jump		n.	도약
launch		v.	발사하다
launch		v.	출시하다
listed		adj.	상장된
listed		v.	나열하다
minimum		n.	최소치
minimum		adj.	최소의
native		adj.	토착의
noted		adj.	유명한
originally		adv.	원래
planned		adj.	계획된
ray		n.	광선
sets		n.	집합
suddenly		adv.	갑자기
supreme		adj.	최고의
survey		n.	설문
survey		v.	조사하다
tech		n.	기술
trees		n.	나무
unitedstates		n.	미국
update		v.	업데이트하다
update		n.	업데이트
user		n.	사용자
writer		n.	작가
yellow		adj.	노란색의
yellow		n.	노란색
younger		adj.	더 어린
ancient		adj.	고대의
attacks		n.	공격
attacks		v.	공격하다
charges		n.	고발
charges		v.	요금을 청구하다
combined		adj.	결합된
combined		v.	결합하다
communication		n.	의사 소통
connected		adj.	연결된
connected		v.	연결하다
contains		v.	포함하다
download		v.	다운로드하다
download		n.	다운로드
email		n.	이메일
ending		n.	결말
exercise		n.	운동
exercise		v.	운동하다
express		v.	표현하다
express		adj.	급행의
express		n.	급행
flow		n.	흐름
flow		v.	흐르다
formed		v.	형성하다
girlfriend		n.	여자 친구
hero		n.	영웅
illegal		adj.	불법의
increasing		adj.	증가하는
joke		n.	농담
joke		v.	농담하다
loan		n.	대출
loan		v.	빌려주다
methods		n.	방법
officials		n.	관료
omg		int.	어머
performed		v.	공연하다
performed		v.	수행하다
planet		n.	행성
relationships		n.	관계
restaurant		n.	식당
scotland		n.	스코틀랜드
selected		adj.	선정된
shared		adj.	공유된
shopping		n.	쇼핑
shopping		v.	쇼핑하다
soft		adj.	부드러운
stuck		adj.	움직이지 못하는
sugar		n.	설탕
suggested		v.	제안한
supported		v.	지지한
surprised		adj.	놀란
taught		v.	가르쳤다
transport		n.	수송
wouldn't		v.	~하지 않을 것이다
accepted		v.	받아들인
adding		v.	추가하다
affairs		n.	사무
allows		v.	허용하다
appeal		n.	호소
applied		v.	적용한
appropriate		adj.	적절한
artists		n.	예술가
boston		n.	보스턴
confirmed		v.	확인한
device		n.	장치
drama		n.	드라마
entry		n.	항목
era		n.	시대
factor		n.	요인
feed		n.	피드
golden		adj.	금색의
grant		n.	보조금
grown		v.	성장한
heads		n.	머리
hoping		v.	희망하다
keeps		v.	유지하다
lawyer		n.	변호사
legs		n.	다리
lying		v.	눕다
measures		n.	조치
mistake		n.	실수
muslim		n.	무슬림
organizations		n.	조직
platform		n.	플랫폼
pool		n.	수영장
pulled		v.	당긴
regarding		prep.	~에 관해
relations		n.	관계
requires		v.	요구하다
route		n.	경로
saved		v.	저장한
schedule		n.	일정
scientific		adj.	과학적인
shoes		n.	신발
smoke		n.	연기
squad		n.	분대
teach		v.	가르치다
testing		n.	테스트
tests		n.	테스트
values		n.	가치관
walked		v.	걷다
williams		n.	윌리엄스
abuse		n.	학대
abuse		v.	남용
angry		adj.	화난
businesses		n.	기업
candidate		n.	후보
comfortable		adj.	편안한
concern		v.	관련되다
concern		n.	우려
developing		adj.	발도하는
discuss		v.	논의하다
elections		n.	선거
emotional		adj.	감정적인
everywhere		adv.	어디에나
facilities		n.	시설
falling		v.	떨어지다
fox		n.	여우
grown-up		n.	어른
guns		n.	총
hole		n.	구멍
holiday		n.	휴가
interests		n.	관심
internal		adj.	내부의
ireland		n.	아일랜드
italian		adj.	이탈리아의
italy		n.	이탈리아
jersey		n.	저지 운동복
laugh		v.	웃다
leg		n.	다리
letters		n.	편지
liberal		adj.	자유주의적인
listening		v.	듣다
loves		v.	사랑하다
lunch		n.	점심
max		n.	최대
milk		n.	우유
pack		v.	포장하다
payment		n.	지불
perform		v.	공연하다
recorded		v.	기록하다
relatively		adv.	비교적
sector		n.	부문
sharing		v.	공유하다
snow		n.	눈
storm		n.	폭풍
streets		n.	거리
strike		v.	파업하다
studio		n.	스튜디오
sub		n.	대체자
weak		adj.	약한
actor		n.	배우
advance		v.	전진하다
apartment		n.	아파트
asia		n.	아시아
chain		n.	사슬
chapter		n.	장
committed		v.	약속하다
confidence		n.	자신감
cook		v.	요리하다
cute		adj.	귀여운
equal		adj.	같은
equal		v.	같다
fake		adj.	가짜의
fake		n.	가짜
finance		n.	재정
finance		v.	자금을 대다
focused		adj.	집중된
hits		n.	히트
identity		n.	정체성
journey		n.	여행
kitchen		n.	부엌
korea		n.	한국
leads		v.	이끌다
leads		n.	단서
maintain		v.	유지하다
measure		v.	측정하다
measure		n.	조치
numerous		adj.	많은
owners		n.	소유자
posts		n.	게시물
posts		v.	게시하다
properties		n.	특성
properties		n.	재산
quiet		adj.	조용한
revealed		v.	드러내다
sept		n.	9월
specifically		adv.	특히
split		v.	나누다
split		n.	분열
task		n.	과제
taxes		n.	세금
taylor		n.	테일러
twenty		num.	이십
urban		adj.	도시의
acts		v.	행동하다
acts		n.	행위
affected		adj.	영향을 받은
aircraft		n.	항공기
applications		n.	신청
applications		n.	애플리케이션
approved		adj.	승인된
approximately		adv.	약
argument		n.	논점
argument		n.	논쟁
arrested		v.	체포하다
claimed		v.	주장하다
conflict		n.	분쟁
considering		prep.	…을 고려하면
corporate		adj.	기업의
debate		n.	논쟁
debate		v.	토론하다
determined		adj.	결연한
distribution		n.	배포
documents		n.	문서
escape		v.	탈출하다
escape		n.	탈출
extended		adj.	연장된
factors		n.	요인
faster		adj.	더 빠른
faster		adv.	더 빨리
fault		n.	과실
fill		v.	채우다
films		n.	영화
flowers		n.	꽃
friendly		adj.	우호적인
ladies		n.	숙녀
lay		v.	놓다
lights		n.	불
millions		num.	백만
mixed		adj.	혼합된
phase		n.	단계
properly		adv.	적절히
pure		adj.	순수한
reduced		adj.	감소된
requirements		n.	요구 사항
residents		n.	주민
revenue		n.	수입
sam		n.	샴
sat		v.	앉다
secure		adj.	안전한
smile		v.	미소 짓다
strange		adj.	이상한
talent		n.	재능
temperature		n.	온도
thousand		num.	천
tony		n.	토니
troops		n.	군대
truck		n.	트럭
votes		n.	표
authorities		n.	당국
basically		adv.	기본적으로
besides		prep.	~외에
bird		n.	새
blame		v.	비난하다
bob		n.	밥
bowl		n.	그릇
causes		n.	원인
chicken		n.	닭
collected		v.	수집하다
context		n.	맥락
coverage		n.	보도
determine		v.	결정하다
display		v.	표시하다
dying		v.	죽다
elected		adj.	선출된
examples		n.	예제
experienced		adj.	경험이 풍부한
falls		n.	폭포
false		adj.	거짓의
fired		v.	해고하다
forgot		v.	잊다
funding		n.	자금
identified		v.	식별하다
incredible		adj.	믿을 수 없는
inspired		v.	영감을 주다
launched		v.	발사하다
meat		n.	고기
ministry		n.	부처
mode		n.	모드
neck		n.	목
noticed		v.	알아차리다
novel		n.	소설
obvious		adj.	명백한
passing		n.	통과
positions		n.	위치
remaining		adj.	남은
scored		v.	득점하다
shirt		n.	셔츠
shots		n.	발사
slowly		adv.	천천히
stadium		n.	경기장
stores		n.	가게
stores		v.	저장하다
surgery		n.	외과 수술
trading		n.	무역
tuesday		n.	화요일
vision		n.	시각
vision		n.	비전
whenever		conj.	언제든
worried		adj.	걱정하는
you've		pron.	~했다
zero		num.	영
alex		n.	알렉스
allowing		v.	허용하다
begins		v.	시작하다
champion		n.	챔피언
charged		v.	요금을 청구하다
cream		n.	크림
crisis		n.	위기
daniel		n.	다니엘
delivered		v.	배달하다
editor		n.	편집자
estimated		v.	추정하다
giant		adj.	거대한
giant		n.	거인
iran		n.	이란
jail		n.	감옥
jim		n.	짐
kingdom		n.	왕국
literature		n.	문학
mayor		n.	시장
minor		adj.	작은
moments		n.	순간
opposite		adj.	반대의
opposite		prep.	맞은편에
orange		n.	오렌지
ourselves		pron.	우리 자신
pages		n.	페이지
remained		v.	머무르다
selection		n.	선택
serving		n.	1인분
serving		v.	봉사하다
signal		n.	신호
stream		n.	개울
stream		v.	스트리밍하다
struggle		v.	발버둥치다
suicide		n.	자살
talked		v.	이야기하다
theme		n.	주제
thursday		n.	목요일
tiny		adj.	작은
typically		adv.	보통
unfortunately		adv.	유감스럽게도
usual		adj.	평소의
vehicles		n.	차량
virginia		n.	버지니아
voted		v.	투표하다
voting		n.	투표
walls		n.	벽
wave		n.	파도
wave		v.	손을 흔들다
alcohol		n.	알코올
assembly		n.	집회
breakfast		n.	아침 식사
bright		adj.	밝은
brings		v.	가져오다
capable		adj.	유능한
carrying		v.	나르다
chosen		adj.	선택된
combination		n.	조합
conservative		adj.	보수적인
customer		n.	고객
cutting		v.	자르다
desire		n.	욕망
destroyed		v.	파괴하다
draft		n.	초안
drunk		adj.	취한
essential		adj.	필수적인
fail		v.	실패하다
familiar		adj.	익숙한
finds		v.	찾다
granted		v.	부여하다
guilty		adj.	유죄의
humans		n.	인간
hundreds		num.	수백
improved		v.	개선하다
jewish		adj.	유대인의
largely		adv.	주로
laughing		v.	웃다
markets		n.	시장
medium		n.	매체
ohio		n.	오하이오주
opportunities		n.	기회
papers		n.	서류
perfectly		adv.	완벽하게
recommend		v.	추천하다
referred		v.	언급하다
relevant		adj.	관련 있는
seek		v.	추구하다
sending		v.	보내다
solo		adj.	단독의
spoke		v.	말하다
stands		v.	서다
talks		n.	회담
ticket		n.	티켓
unable		adj.	할 수 없는
upset		adj.	속상한
wing		n.	날개
answers		n.	답
birds		n.	새
bomb		n.	폭탄
creative		adj.	창의적인
cycle		n.	순환
dealing		v.	다루다
directed		v.	감독하다
don		v.	입다
educational		adj.	교육적인
entertainment		n.	오락
extreme		adj.	극단적인
facility		n.	시설
fields		n.	밭
goods		n.	상품
hang		v.	걸다
holds		v.	쥐다
info		n.	정보
mainly		adv.	주로
maximum		n.	최대
maximum		adj.	최대의
newspaper		n.	신문
nov		n.	11월
offering		n.	제공
painting		n.	그림
republic		n.	공화국
reserve		v.	예약하다
reserve		n.	비축
returns		n.	수익
row		n.	줄
salt		n.	소금
scared		adj.	무서워하는
scottish		adj.	스코틀랜드의
shares		n.	주식
statistics		n.	통계학
switch		n.	스위치
switch		v.	전환하다
territory		n.	영토
threat		n.	위협
tickets		n.	티켓
wales		n.	웨일스
adults		n.	어른
affect		v.	영향을 미치다
appointed		v.	임명하다
armed		adj.	무장한
aside		adv.	옆에
assistance		n.	지원
bell		n.	종
blow		v.	불다
bond		n.	채권
boyfriend		n.	남자 친구
careful		adj.	조심하는
circumstances		n.	상황
communications		n.	통신
concerns		n.	우려
controlled		v.	제어하다
corporation		n.	기업
couldn't		v.	할 수 없었다
cry		v.	울다
danger		n.	위험
deals		n.	거래
delivery		n.	배달
deserve		v.	받을 만하다
devices		n.	장치
dollar		n.	달러
dreams		n.	꿈
empty		adj.	빈
enjoyed		v.	즐기다
explained		v.	설명하다
faces		n.	얼굴
folks		n.	사람들
fucked		v.	좆다
gender		n.	성별
instance		n.	사례
jan		n.	1월
kim		n.	김
kinda		adv.	좀
matches		n.	시합
mile		n.	마일
motion		n.	움직임
moves		v.	움직이다
nick		n.	흠집
pacific		adj.	태평양의
prize		n.	상
realized		v.	실현하다
reasonable		adj.	합리적인
receiving		v.	받다
register		v.	등록하다
resolution		n.	결의
resolution		n.	해상도
rural		adj.	농촌의
ryan		n.	라이언
saving		n.	절약
sees		v.	보다
singing		v.	노래하다
spain		n.	스페인
tools		n.	도구
typical		adj.	전형적인
universe		n.	우주
warning		n.	경고
wars		n.	전쟁
wednesday		n.	수요일
admit		v.	인정하다
attitude		n.	태도
branch		n.	가지
branch		n.	지점
brazil		n.	브라질
conducted		v.	수행하다
decades		n.	수십 년
dedicated		adj.	전용의
definition		n.	정의
drawing		n.	그림
favor		n.	호의
flag		n.	깃발
frame		n.	틀
guest		n.	손님
heaven		n.	천국
independence		n.	독립
institutions		n.	기관
jackson		n.	잭슨
kiss		v.	키스하다
load		n.	하중
plot		n.	줄거리
possibility		n.	가능성
random		adj.	무작위의
recovery		n.	회복
rent		n.	월세
replace		v.	대체하다
represent		v.	대표하다
reviews		n.	리뷰
scenes		n.	장면
seeking		v.	찾다
senator		n.	상원 의원
sentence		n.	문장
sentence		n.	형
teeth		n.	이
tips		n.	팁
trained		adj.	훈련된
understood		v.	이해하다
academic		adj.	학술의
academy		n.	학원
academy		n.	연구원
accurate		adj.	정확한
achieve		v.	달성하다
adam		n.	아담
afford		v.	여유가 있다
andrew		n.	앤드루
assume		v.	가정하다
assume		v.	맡다
bbc		n.	BBC
bottle		n.	병
bunch		n.	다발
bunch		n.	무리
category		n.	범주
chat		v.	잡담하다
chat		n.	잡담
cheese		n.	치즈
chemical		adj.	화학의
chemical		n.	화학 약품
clinton		n.	클린턴
competitive		adj.	경쟁의
dec		n.	12월
detail		n.	세부 사항
detail		v.	상세히 설명하다
diet		n.	식이
diet		n.	다이어트
favourite		adj.	가장 좋아하는
favourite		n.	즐겨찾기
fruit		n.	과일
harder		adj.	더 어려운
harder		adv.	더 열심히
index		n.	색인
index		n.	지수
item		n.	항목
item		n.	물품
lane		n.	골목
lane		n.	차선
mess		n.	엉망
mess		v.	어지럽히다
navy		n.	해군
normally		adv.	보통
occurred		v.	발생했다
opposition		n.	반대
opposition		n.	야당
parent		n.	부모
permanent		adj.	영구적인
personally		adv.	직접
pleasure		n.	기쁨
prefer		v.	더 좋아하하다
programme		n.	프로그램
programme		n.	계획
representative		n.	대표
representative		adj.	대표적인
scheme		n.	계획
scheme		n.	방안
shift		v.	옮기다
shift		n.	교대
stood		v.	서다
storage		n.	저장
tank		n.	탱크
tank		n.	수조
tend		v.	〜하는 경향이 있다
tend		v.	돌보다
tight		adj.	꽉 끼는
tight		adj.	엄격한
transportation		n.	수송
ultimately		adv.	궁극적으로
unlike		prep.	~와 달리
unlike		adj.	다른
weekly		adj.	주간의
weekly		adv.	매주
x-ray		n.	X선
yard		n.	마당
yard		n.	야드
anybody		pron.	누구든
assets		n.	자산
basketball		n.	농구
button		n.	버튼
button		n.	단추
candidates		n.	후보
combat		n.	전투
combat		v.	싸우다
constitution		n.	헌법
constitution		n.	체질
consumer		n.	소비자
counter		n.	카운터
counter		v.	반박하다
counter		n.	계수기
creation		n.	창조
crown		n.	왕관
crying		v.	울다
defined		v.	정의하다
depending		v.	달리다
depression		n.	우울증
describe		v.	묘사하다
drivers		n.	운전사
employment		n.	고용
exclusive		adj.	독점적인
excuse		n.	핑계
expert		n.	전문가
frequently		adv.	자주
gameboy		n.	게임보이
golf		n.	골프
grace		n.	우아
hopefully		adv.	바라건대
identify		v.	식별하다
importance		n.	중요성
kevin		n.	케빈
laid		v.	놓다
latter		adj.	후자의
manufacturing		n.	제조업
mining		n.	채광
object		n.	물체
partners		n.	파트너
pattern		n.	패턴
performing		v.	공연하다
personnel		n.	인원
perspective		n.	관점
pregnant		adj.	임신한
premier		adj.	수석의
promote		v.	촉진하다
revolution		n.	혁명
rooms		n.	방
severe		adj.	심각한
sleeping		v.	자다
suppose		v.	가정하다
tool		n.	도구
tournament		n.	토너먼트
turkey		n.	터키
victim		n.	피해자
victims		n.	피해자
agents		n.	대리인
amazon		n.	아마존
aren't		v.	아니다
arrest		v.	체포하다
attend		v.	참석하다
ban		v.	금지하다
brilliant		adj.	훌륭한
carbon		n.	탄소
catholic		adj.	가톨릭의
chose		v.	선택하다
circle		n.	원
concert		n.	콘서트
crash		v.	추락하다
declared		v.	선언하다
deliver		v.	배달하다
depth		n.	깊이
deputy		n.	대리
dirty		adj.	더러운
doctors		n.	의사
earned		v.	벌다
electronic		adj.	전자의
error		n.	오류
existence		n.	존재
experiences		n.	경험
expression		n.	표현
factory		n.	공장
headed		v.	향하다
interior		n.	내부
joy		n.	기쁨
legislation		n.	입법
maintenance		n.	유지
manner		n.	방식
mate		n.	친구
matt		n.	매트
nearby		adj.	근처의
noise		n.	소음
origin		n.	기원
pakistan		n.	파키스탈
panel		n.	패널
personality		n.	개성
plate		n.	접시
practices		n.	실천
prepare		v.	준비하다
relief		n.	안도
replaced		v.	대체하다
resistance		n.	저항
retail		n.	소매
rice		n.	쌀
roads		n.	도로
roof		n.	지붕
shame		n.	수치심
ships		n.	배
somewhat		adv.	다소
staying		v.	머무르다
stronger		adj.	더 강한
surely		adv.	틀림없이
tip		n.	팁
updated		v.	업데이트하다
writers		n.	작가
absolute		adj.	절대적인
advertising		n.	광고
agencies		n.	기관
baseball		n.	야구
bathroom		n.	욕실
bible		n.	성경
cable		n.	케이블
calm		adj.	침착한
championship		n.	선수권
checked		v.	확인하다
client		n.	고객
constant		adj.	끊임없는
dates		n.	날짜
degrees		n.	도
democrats		n.	민주당원
doors		n.	문
driven		v.	구동
dumb		adj.	멍청한
empire		n.	제국
exciting		adj.	신나는
expansion		n.	확장
heavily		adv.	무겁게
hide		v.	숨기다
incident		n.	사건
irish		adj.	아일랜드의
linked		v.	연결하다
manage		v.	관리하다
messages		n.	메시지
michigan		n.	미시간
politicians		n.	정치인
print		v.	인쇄하다
quit		v.	그만두다
refused		v.	거부하다
reporting		v.	보도하다
sight		n.	시력
significantly		adv.	현저히
sing		v.	노래하다
soviet		adj.	소련의
we've		v.	가지다
weapon		n.	무기
wet		adj.	젖은
widely		adv.	널리
worldwide		adj.	전 세계의
ages		n.	나이
anniversary		n.	기념일
attractive		adj.	매력적인
bike		n.	자전거
broad		adj.	넓은
burn		v.	타다
cake		n.	케이크
causing		v.	초래하나
closely		adv.	밀접하게
constantly		adv.	끊임없이
contest		n.	콘테스트
deaths		n.	죽음
depends		v.	의존하다
drawn		v.	그리다
feb		n.	2월
fees		n.	수수료
francisco		n.	프란시스코
haha		int.	하하
hardly		adv.	거의 ~않다
hat		n.	모자
height		n.	높이
hidden		adj.	숨겨진
invited		v.	초대하다
letting		v.	~하게 하다
loud		adj.	큰
manchester		n.	맨체스터
marine		adj.	해양의
motor		n.	모터
officially		adv.	공식적으로
onepiece		n.	원피스
pc		n.	개인용 컴퓨터
peak		n.	봉우리
peak		v.	정점에 이르다
portion		n.	부분
pounds		n.	파운드
princess		n.	공주
protein		n.	단백질
puts		v.	놓다
raw		adj.	익히지 않은
reform		v.	개혁하다
reform		n.	개혁
regions		n.	지역
represented		v.	대표하다
respond		v.	응답하다
retirement		n.	은퇴
sample		n.	표본
sample		v.	표본을 추출하다
seats		n.	좌석
secondary		adj.	2차의
solar		adj.	태양의
somehow		adv.	어떻게든
stayed		v.	머무르다
suffering		n.	고통
sydney		n.	시드니
today's		n.	오늘의
tries		v.	시도하다
ultimate		adj.	궁극적인
unknown		adj.	알려지지 않은
wilson		n.	윌슨
wondering		v.	궁금해하다
asap		adv.	가능한 한 빨리
attached		v.	첨부하다
attacked		v.	공격하다
automatically		adv.	자동으로
balls		n.	공
balls		n.	무도회
battery		n.	배터리
bills		n.	청구서
blind		adj.	눈이 먼
breath		n.	호흡
brief		adj.	간략한
carolina		n.	캐롤라이나
chest		n.	가슴
conduct		v.	수행하다
conduct		n.	행동
debut		n.	데뷔
decade		n.	10년
destroy		v.	파괴하다
differences		n.	차이
edward		n.	에드워드
engaged		adj.	약혼한
experts		n.	전문가
expressed		v.	표현하다
external		adj.	외부의
fantasy		n.	환상
grab		v.	잡다
hollywood		n.	할리우드
immediate		adj.	즉각적인
introduction		n.	소개
joseph		n.	요셉
license		n.	면허
paint		n.	페인트
paint		v.	칠하다
pilot		n.	조종사
pink		adj.	분홍색의
presidential		adj.	대통령의
principal		adj.	주요한
recognize		v.	알아보다
recognized		adj.	인정받는
registered		adj.	등록된
regularly		adv.	정기적으로
representatives		n.	대표
rising		n.	상승
seasons		n.	계절
shipping		n.	해운
singer		n.	가수
smoking		n.	흡연
steam		n.	증기
suffered		v.	겪다
survive		v.	생존하다
tall		adj.	키가 큰
theatre		n.	극장
therapy		n.	치료
witness		n.	증인
adopted		adj.	입양된
aim		v.	겨누다
campus		n.	캠퍼스
cap		n.	모자
chances		n.	기회
childhood		n.	유년기
clinical		adj.	임상의
clubs		n.	클럽
comedy		n.	코미디
commander		n.	지휘관
comparison		n.	비교
covers		v.	덮다
defeat		v.	패배시키다
defence		n.	방어
democracy		n.	민주주의
detailed		adj.	상세한
entitled		adj.	자격이 있는
exact		adj.	정확한
exposed		adj.	노출된
fed		v.	먹이다
fee		n.	수수료
injured		adj.	부상당한
jordan		n.	요르단
kinds		n.	종류
loans		n.	대출
lock		v.	잠그다
musical		adj.	음악의
musical		n.	뮤지컬
nose		n.	코
objects		n.	사물
opposed		adj.	반대하는
organized		adj.	조직된
plastic		n.	플라스틱
protected		adj.	보호받는
purposes		n.	목적
quote		v.	인용하다
recording		n.	녹음
semi		n.	세미
semi		n.	세미트레일러
statements		n.	성명
suspect		v.	의심하다
swear		v.	맹세하다
techniques		n.	기법
tie		v.	묶다
tim		n.	팀
trend		n.	추세
valuable		adj.	귀중한
wealth		n.	부
wise		adj.	현명한
yards		n.	야드
aged		adj.	늙은
approval		n.	승인
aspects		n.	측면
attempts		n.	시도
bread		n.	빵
burning		adj.	타는
champions		n.	챔피언
contain		v.	포함하다
convention		n.	대회
dancing		n.	춤
document		n.	문서
eggs		n.	계란
employee		n.	직원
engineer		n.	엔지니어
equivalent		adj.	동등한
facing		prep.	마주하여
fairly		adv.	꽤
fingers		n.	손가락
ford		n.	포드
founded		v.	설립하다
functions		n.	기능
gang		n.	갱
graduate		n.	졸업생
greek		adj.	그리스의
hanging		v.	걸다
hanging		n.	걸기
inner		adj.	내부의
islands		n.	섬
lift		v.	들다
lift		n.	엘리베이터
lift		n.	갈아타기
marked		adj.	현저한
memories		n.	추억
miller		n.	제분업자
monthly		adj.	매월의
monthly		adv.	매달
mountains		n.	산
neighborhood		n.	동네
nsfw		n.	직장 부적합
operate		v.	조작하다
operate		v.	운영하다
outstanding		adj.	탁월한
outstanding		adj.	미지불의
permission		n.	허가
porn		n.	포르노
racing		v.	경주하다
racing		n.	레이싱
recommended		v.	추천하다
regulations		n.	규정
reply		v.	답하다
reply		n.	답장
republicans		n.	공화당원
rid		v.	없애다
roman		n.	로마인
scientists		n.	과학자
shoulder		n.	어깨
shoulder		v.	짊어지다
shower		n.	샤워
shower		n.	소나기
solutions		n.	해결책
solutions		n.	용액
sons		n.	아들
stations		n.	역
stations		n.	방송국
stephen		n.	스티븐
tower		n.	탑
tradition		n.	전통
type-c		n.	타입-C
visited		v.	방문하다
visual		adj.	시각의
wheel		n.	바퀴
wheel		n.	핸들
zealand		n.	질랜드
achieved		v.	달성하다
achieved		v.	이루다
admitted		v.	인정하다
admitted		v.	들어가다
appointment		n.	약속
appointment		n.	임명
authors		n.	저자
barely		adv.	거의
bush		n.	관목
bush		n.	부시
cabinet		n.	내각
cabinet		n.	장
celebrate		v.	축하하다
challenges		n.	도전
chocolate		n.	초콜릿
coal		n.	석탄
colour		n.	색
contemporary		adj.	현대의
criticism		n.	비평
davis		n.	데이비스
dna		n.	DNA
effectively		adv.	효과적으로
effectively		adv.	실질적으로
eric		n.	에릭
extensive		adj.	광범위한
faced		v.	직면하다
filed		v.	제출하다
filed		v.	파일하다
formation		n.	형성
fought		v.	싸우다
gained		v.	얻다
gallery		n.	갤러리
highway		n.	고속도록
historic		adj.	역사적인
hunt		v.	사냥하다
improvement		n.	개선
inch		n.	인치
initially		adv.	처음에
junior		adj.	연하의
junior		n.	후배
jury		n.	배심
korean		adj.	한국의
korean		n.	한국인
marks		n.	점수
marks		n.	마르크
monster		n.	괴물
newzealand		n.	뉴질랜드
obtained		v.	얻다
olympic		adj.	올림픽의
philosophy		n.	철학
pride		n.	자부심
promised		v.	약속하다
repeat		v.	반복하다
returning		v.	돌아가다
riding		v.	타다
riding		n.	승마
rough		adj.	거친
rough		adj.	대략의
santa		n.	산타
settlement		n.	정착촌
settlement		n.	합의
smell		v.	냄새가 나다
smell		n.	냄새
sought		v.	추구하다
sought		adj.	원하는
speaker		n.	연설자
speaker		n.	스피커
studied		v.	공부하다
suggests		v.	제안하다
tone		n.	어조
tone		n.	음조
topic		n.	주제
toronto		n.	토론토
universal		adj.	보편적인
vast		adj.	광대한
visitors		n.	방문자
wanting		adj.	부족한
auto		n.	자동차
consistent		adj.	일관된
continuing		v.	계속하다
earn		v.	벌다
exists		v.	존재하다
finger		n.	손가락
grey		adj.	회색의
guitar		n.	기타
heading		n.	표제
howard		n.	하워드
ignore		v.	무시하다
involving		v.	관련하다
latin		n.	라틴어
lewis		n.	루이스
meal		n.	식사
meanwhile		adv.	그동안
meetings		n.	회의
naturally		adv.	자연스럽게
necessarily		adv.	필연적으로
offices		n.	사무실
pants		n.	바지
partnership		n.	파트너십
payments		n.	지불
percentage		n.	백분율
pocket		n.	주머니
practical		adj.	실용적인
primarily		adv.	주로
proved		v.	증명하다
rape		v.	강간하다
regardless		adv.	에도 불구하고
relative		n.	친척
relative		adj.	상대적인
represents		v.	대표하다
rescue		v.	구조하다
resulting		adj.	결과적인
rush		v.	서두르다
rush		n.	급함
sarah		n.	사라
sessions		n.	세션
sharp		adj.	날카로운
simon		n.	사이먼
soccer		n.	축구
stable		adj.	안정된
stable		n.	마구간
structures		n.	구조
supplies		n.	보급품
symptoms		n.	증상
temporary		adj.	임시의
tested		v.	테스트하다
trick		n.	속임수
attended		v.	참석하다
audio		n.	오디오
bone		n.	뼈
brian		n.	브라이언
bullshit		n.	헛소리
chamber		n.	의원·회의실
chart		n.	차트
circuit		n.	회로
clothing		n.	의류
complicated		adj.	복잡한
confused		adj.	혼란스러운
consequences		n.	결과
defend		v.	방어하다
divided		adj.	분열된
elizabeth		n.	엘리자베스
everyday		adj.	일상의
extent		n.	정도
fishing		n.	낚시
format		n.	형식
gap		n.	격차
gate		n.	문
gotten		v.	얻다
harm		n.	해
healthcare		n.	의료
household		n.	가정
immigration		n.	이민
impressive		adj.	인상적인
jews		n.	유대인
joining		v.	가입하다
killer		n.	살인자
lesson		n.	수업
limits		n.	한계
loving		adj.	사랑이 깊은
managers		n.	매니저
membership		n.	회원 자격
miami		n.	마이애미
mirror		n.	거울
mount		v.	오르다
nights		n.	밤
occur		v.	발생하다
off-topic		adj.	주제에서 벗어난
parking		n.	주차
proposal		n.	제안
province		n.	도
purchased		v.	구매하다
recognition		n.	인정
reputation		n.	평판
rolling		v.	굴러가다
shortly		adv.	곧
situations		n.	상황
strongly		adv.	강하게
tears		n.	눈물
technique		n.	기술
thin		adj.	얇은
tied		v.	묶다
accused		v.	고발하다
adventure		n.	모험
argue		v.	논쟁하다
assessment		n.	평가
atmosphere		n.	대기
atmosphere		n.	분위기
awful		adj.	끔찍한
bedroom		n.	침실
belief		n.	믿음
belief		n.	신앙
bound		adj.	반드시 ~할
bound		v.	뛰다
breaks		v.	부수다
breaks		n.	휴식
carefully		adv.	신중히
cats		n.	고양이
ceo		n.	최고경영자
choices		n.	선택
closing		n.	마감
closing		adj.	마감의
cloud		n.	구름
cloud		n.	클라우드
colorado		n.	콜로라도주
colors		n.	색
contrast		n.	대비
contrast		v.	대조하다
courses		n.	과정
courses		n.	경로
courts		n.	법원
courts		n.	코트
donald		n.	도널드
drew		v.	그리다
egg		n.	달걀
element		n.	원소
element		n.	요소
elsewhere		adv.	다른 곳에
establish		v.	설립하다
establish		v.	확립하다
extension		n.	확장
files		n.	파일
founder		n.	창립자
fri		n.	금요일
gear		n.	기어
gear		n.	장비
georgia		n.	조지아
georgia		n.	조지아주
hills		n.	언덕
hip		n.	엉덩이
hitting		v.	치다
increases		v.	증가하다
increases		n.	증가
infrastructure		n.	인프라
jason		n.	제이슨
locations		n.	위치
loose		adj.	느슨한
machines		n.	기계
moral		adj.	도덕적인
moral		n.	교훈
offensive		adj.	무례한
offensive		adj.	공격적인
package		n.	소포
package		n.	패키지
pointed		adj.	뾰족한
poverty		n.	빈곤
processes		n.	과정
processes		v.	처리하다
processing		n.	처리
qos		n.	서비스 품질
qualified		adj.	자격 있는
qualityofservice		n.	서비스 품질
railway		n.	철도
reaching		v.	도달하다
ridiculous		adj.	터무니없는
sensitive		adj.	민감한
server		n.	서버
shock		n.	충격
shock		v.	충격을 주다
silence		n.	침묵
silence		v.	침묵시키다
soldier		n.	병사
superior		adj.	더 나은
superior		n.	상사
supporters		n.	지지자
thick		adj.	두꺼운
threw		v.	던지다
tons		n.	톤
transition		n.	전환
violent		adj.	폭력적인
voters		n.	유권자
wash		v.	씻다
acid		n.	산
actress		n.	여배우
administrative		adj.	행정의
alan		n.	앨런
alongside		prep.	~곁에
angel		n.	천사
anxiety		n.	불안
babies		n.	아기
bars		n.	막대
bonus		n.	보너스
castle		n.	성
charity		n.	자선
clients		n.	고객
compare		v.	비교하다
contained		v.	담다
cooking		n.	요리
covering		n.	덮개
curious		adj.	호기심 많은
directors		n.	이사
discovery		n.	발견
discussed		v.	논의하다
duke		n.	공작
egypt		n.	이집트
encourage		v.	격려하다
enforcement		n.	집행
featuring		v.	출연하다
finals		n.	결승
flash		n.	섬광
formal		adj.	정식의
formula		n.	공식
fort		n.	요새
governments		n.	정부
gray		n.	회색
gross		adj.	총의
horses		n.	말
hungry		adj.	배고픈
informed		adj.	박식한
innocent		adj.	무죄의
jeff		n.	제프
losangeles		n.	로스앤젤레스
losses		n.	손실
luke		n.	루크
mac		n.	맥
math		n.	수학
minds		n.	마음
mistakes		n.	실수
mystery		n.	미스터リー
networks		n.	네트워크
olympics		n.	올림픽
palace		n.	궁전
passes		n.	패스
penalty		n.	처벌
pet		n.	애완동물
phones		n.	전화
photography		n.	사진
producing		v.	생산하다
protest		n.	항의
protest		v.	항의하다
publication		n.	출판
rating		n.	평점
refer		v.	언급하다
respectively		adv.	각각
rome		n.	로마
scheduled		v.	예정하다
select		v.	선택하다
silent		adj.	조용한
spoken		adj.	구두의
successfully		adv.	성공적으로
suffer		v.	괴로워하다
temple		n.	사원
tracks		n.	궤도
trail		n.	오솔길
uncle		n.	삼촌
unusual		adj.	드문
waters		n.	수역
woods		n.	숲
arrival		n.	도착
asks		v.	묻다
assault		n.	습격
awareness		n.	인식
badly		adv.	심하게
bath		n.	목욕
captured		v.	포획하다
chase		v.	쫓다
components		n.	부품
concrete		n.	콘크리트
concrete		adj.	구체적인
dave		n.	데이브
deeply		adv.	깊이
expectations		n.	기대
explanation		n.	설명
exposure		n.	노출
featured		adj.	주요한
fiction		n.	소설
guarantee		v.	보장하다
guarantee		n.	보장
happiness		n.	행복
harris		n.	해리스
hearts		n.	마음
horrible		adj.	무서운
ideal		adj.	이상적인
illinois		n.	일리노이
injuries		n.	부상
islamic		adj.	이슬람의
jimmy		n.	지미
kelly		n.	켈리
legend		n.	전설
lieutenant		n.	중위
mediaplayer		n.	미디어 플레이eur
mini		adj.	미니
mood		n.	기분
muscle		n.	근육
muslims		n.	무슬림
passion		n.	열정
picking		v.	고르다
pleased		adj.	기쁜
procedure		n.	절차
producer		n.	제작자
pushing		v.	밀다
rank		n.	계급
rank		v.	순위를 매기다
replacement		n.	교체
retired		adj.	은퇴한
roles		n.	역할
sand		n.	모래
savings		n.	저축
settled		v.	정착하다
settled		adj.	안정된
shadow		n.	그림자
singles		n.	단식
tag		n.	태그
tape		n.	테이프
thread		n.	실
thread		n.	스레드
victoria		n.	빅토리아
visiting		v.	방문하다
wage		n.	임금
wings		n.	날개
andy		n.	앤디
avenue		n.	대로
bags		n.	가방
beating		v.	때리다
believes		v.	믿다
blocks		n.	블록
boring		adj.	지루한
charlie		n.	찰리
checking		v.	확인하다
clock		n.	시계
commissioner		n.	위원
commitment		n.	약속
confident		adj.	자신 있는
containing		v.	포함하다
copies		n.	사본
crimes		n.	범죄
custom		n.	풍습
denied		v.	부인하다
desk		n.	책상
drinks		n.	음료
ear		n.	귀
electricity		n.	전기
episodes		n.	회
farmers		n.	농부
fbi		n.	연방수사국
grounds		n.	부지
gym		n.	체육관
helpful		adj.	도움이 되는
horror		n.	공포
iraq		n.	이라크
label		n.	라벨
label		v.	라벨을 붙이다
liverpool		n.	리버풀
locked		v.	잠그다
opens		v.	열다
output		n.	출력
persons		n.	사람
pitch		n.	구장
pitch		v.	던지다
pizza		n.	피자
plain		adj.	단순한
plain		adj.	무늬 없는
pushed		v.	밀다
raising		v.	올리다
raising		n.	모금
rear		n.	뒤
rear		adj.	뒤의
reveal		v.	드러내다
romantic		adj.	낭만적인
scores		n.	점수
scores		n.	스코어
sisters		n.	자매들
speaks		v.	말하다
stages		n.	단계
stages		n.	무대
strategic		adj.	전략적인
swimming		n.	수영
welfare		n.	복지
winners		n.	승자
wire		n.	전선
worker		n.	노동자
afterwards		adv.	나중に
alright		adj.	괜찮은
android		n.	안드로이드
anger		n.	분노
architecture		n.	건축
assist		v.	돕다
attempted		v.	시도하다
behalf		n.	대신
belt		n.	벨트
capture		v.	포획하다
centers		n.	센터
ceremony		n.	의식
comic		adj.	코믹한
comic		n.	만화
cops		n.	경찰들
cuts		v.	자르다
dallas		n.	달라스
designer		n.	디자이ナー
diamond		n.	다이아몬드
disappointed		adj.	실망한
dressed		v.	옷을 입다
economics		n.	경제학
efficient		adj.	효율적인
electrical		adj.	전기의
employed		v.	고용하다
enjoying		v.	즐기다
entering		v.	들어가다
essentially		adv.	본질적으로
establishment		n.	기관
establishment		n.	설립
expecting		v.	기대하다
explains		v.	설명하다
flower		n.	꽃
ghost		n.	유령
guests		n.	손님들
handed		v.	건네다
hockey		n.	하키
houston		n.	휴스턴
hunting		n.	사냥
industries		n.	산업
islam		n.	이슬람교
jane		n.	제인
judges		n.	판사
kit		n.	키트
lab		n.	실험실
languages		n.	언어
maps		n.	지도
min		n.	분
morgan		n.	모건
moscow		n.	모스크바
nervous		adj.	긴장한
newly		adv.	새로
odd		adj.	이상한
ordinary		adj.	보통의
participate		v.	참가하다
philadelphia		n.	필라델피아
prayer		n.	기도
principles		n.	원칙
racist		adj.	인종차별주의의
rarely		adv.	드물게
references		n.	참고
sexy		adj.	섹시한
skill		n.	기술
soil		n.	토양
solve		v.	해결하다
stomach		n.	위
struck		v.	치다
studying		v.	공부하다
suck		v.	빨다
supports		v.	지지하다
trash		n.	쓰레기
ugly		adj.	못생긴
vegas		n.	베가스
virus		n.	바이러스
walker		n.	보행자
whoever		pron.	누구든
amounts		n.	양
anthony		n.	앤서니
arthur		n.	아서
aspect		n.	측면
banned		v.	금지하다
boost		v.	높이다
bureau		n.	국
colonel		n.	대령
comfort		n.	편안함
controls		v.	제어하다
cousin		n.	사촌
crack		v.	깨지다
deck		n.	갑판
demands		n.	요구
dies		v.	죽다
dragon		n.	용
dramatic		adj.	극적인
dust		n.	먼지
dutch		adj.	네덜란드의
engineers		n.	기술자
evolution		n.	진화
foods		n.	식품
hired		v.	고용하다
illness		n.	병
inspiration		n.	영감
institution		n.	기관
kings		n.	왕
knife		n.	나이프
lately		adv.	최근
lowest		adj.	가장 낮은
memorial		n.	기념비
memorial		adj.	추모의
mexican		adj.	멕시코의
minority		n.	소수
mum		n.	엄마
opinions		n.	의견
patterns		n.	패턴
presents		n.	선물
presents		v.	제출하다
priority		n.	우선
promotion		n.	승진
promotion		n.	판촉
rail		n.	레일
readers		n.	독자
remote		adj.	먼
remote		n.	리모컨
repair		v.	수리하다
repair		n.	수리
root		n.	뿌리
saint		n.	성인
steal		v.	훔치다
stolen		v.	훔치다
telephone		n.	전화
tho		conj.	〜지만
titles		n.	제목
trans		adj.	트랜스의
ups		n.	기복
whereas		conj.	반면에
abandoned		adj.	버려진
acquired		v.	획득하다
actors		n.	배우
alexander		n.	알렉산더
alliance		n.	동맹
annoying		adj.	짜증나는
bid		n.	입찰
bid		v.	입찰하다
bro		n.	형제
buddy		n.	친구
buried		v.	묻다
butter		n.	버터
cares		v.	신경 쓰다
columbia		n.	콜롬비아
conclusion		n.	결론
confirm		v.	확인하다
congratulations		int.	축하합니다
contracts		n.	계약
convinced		adj.	확신하는
crap		n.	개뿔
crystal		n.	수정
dean		n.	학장
decent		adj.	괜찮은
decline		v.	감소하다
decline		v.	거절하다
delay		v.	지연하다
delay		n.	지연
describes		v.	묘사하다
desert		n.	사막
downtown		n.	시내
earlyaccess		n.	얼리 액세스
elite		n.	엘리트
enemies		n.	적
facebook		n.	페이스북
forgotten		v.	잊다
forth		adv.	앞으로
gods		n.	신
hire		v.	고용하다
hop		v.	뛰다
hopes		n.	희망
insane		adj.	미친
installed		v.	설치하다
israeli		adj.	이스라엘의
landing		n.	착륙
layer		n.	층
managing		v.	경영하다
marry		v.	결혼하다
nowhere		adv.	어디에도
nurse		n.	간호사
obtain		v.	얻다
organic		adj.	유기의
ownership		n.	소유권
participants		n.	참가자
pennsylvania		n.	펜실베이니아주
poetry		n.	시
pot		n.	냄비
pray		v.	기도하다
printed		v.	인쇄하다
recall		v.	상기하다
recall		v.	회수하다
rugby		n.	럭비
sanfrancisco		n.	샌프란시스코
sheet		n.	침대시트
signing		v.	서명하다
smooth		adj.	매끄러운
spiritual		adj.	정신적인
stops		v.	멈추다
string		n.	문자열
sudden		adj.	갑작스러운
sweden		n.	스웨덲
syria		n.	시리아
throwing		v.	던지다
thrown		v.	던지다
vacation		n.	휴가
abroad		adv.	해외에
arab		adj.	아랍의
assigned		v.	할당하다
associate		v.	연상하다
assumed		v.	가정하다
atlantic		n.	대서양
bench		n.	벤치
bother		v.	괴롭히다
broadcast		v.	방송하다
bye		int.	안녕
cambridge		n.	케임브리지
citizen		n.	시민
cleaning		n.	청소
compete		v.	경쟁하д
consists		v.	이루어지다
consumers		n.	소비자
contributed		v.	기여하다
cricket		n.	크리켓
critics		n.	평론가
damaged		v.	손상되다
disaster		n.	재난
discover		v.	발견하다
disney		n.	디즈니
entrance		n.	입구
entrance		v.	매혹시키다
equally		adv.	똑같이
fallen		v.	떨어지다
fallen		adj.	넘어진
figured		v.	생각하다
fitness		n.	건강
francis		n.	프랜시스
friendship		n.	우정
gary		n.	게리
handling		n.	취급
idiot		n.	바보
intense		adj.	강렬한
keys		n.	열쇠
lawyers		n.	변호사
lifetime		n.	평생
liquid		n.	액체
liquid		adj.	액체의
makeup		n.	화장
medal		n.	메달
mortgage		n.	모기지
narrative		n.	서사
narrow		adj.	좁은
nba		n.	NBA
observed		v.	관찰하다
occasionally		adv.	가끔
pan		n.	팬
physics		n.	물리학
posting		n.	게시물
potentially		adv.	잠재적으로
reduction		n.	감소
reflect		v.	반영하다
reflect		v.	성찰하다
refuse		v.	거절하다
researchers		n.	연구자
resource		n.	자원
roger		n.	로저
roger		int.	알겠습니다
ross		n.	로스
sciences		n.	과학
seattle		n.	시애틀
serves		v.	섬기다
serves		v.	제공하다
silly		adj.	바보 같은
subsequent		adj.	이후의
towns		n.	마을
translation		n.	번역
visible		adj.	보이는
yep		int.	응
adds		v.	더하다
ain't		v.	아니다
allen		n.	앨런
amendment		n.	수정안
angle		n.	각도
arizona		n.	애리조나
arrive		v.	도착하다
belong		v.	속하다
berlin		n.	베를린
bishop		n.	주교
bishop		n.	비숍
channels		n.	채널
clark		n.	클라크
commonly		adv.	보통
connect		v.	연결하다
defensive		adj.	방어적인
designs		v.	설계하다
efficiency		n.	효율
enterprise		n.	기업
experiment		n.	실험
experiment		v.	실험하다
females		n.	여성
findings		n.	발견
firms		n.	회사
forum		n.	포럼
gifts		n.	선물
grass		n.	풀
hence		adv.	그러므로
increasingly		adv.	점점 더
incredibly		adv.	믿을 수 없을 만큼
jay		n.	어치
journalist		n.	기자
kicked		v.	차다
lessons		n.	수업
lessons		n.	교훈
lists		n.	목록
maintained		v.	유지하다
mill		n.	제분소
occasion		n.	경우
oxford		n.	옥스퍼드
pace		n.	속도
passenger		n.	승객
pen		n.	펜
pope		n.	교황
possession		n.	소유
races		n.	경주
rapid		adj.	빠른
regulation		n.	규정
resident		n.	주민
rocks		n.	바위
roleplayinggame		n.	롤플레잉 게임
rpg		n.	롤플레잉 게임
shaped		adj.	모양의
sixth		num.	여섯 번째
spin		v.	회전하다
styles		n.	스타일
subjects		n.	주제
subjects		n.	과목
sucks		v.	별로이다
suitable		adj.	적합한
thirty		num.	서른
timemachine		n.	타임머신
valid		adj.	유효한
vital		adj.	필수적인
whilst		conj.	동안
agriculture		n.	농업
alleged		adj.	피력된
anna		n.	안나
atlanta		n.	애틀랜타
bands		n.	밴드
christians		n.	기독교인
collect		v.	수집하다
commerce		n.	상업
cop		n.	경찰
creek		n.	시내
currency		n.	통화
emotions		n.	감정
exhibition		n.	전시회
fraud		n.	사기
funeral		n.	장례식
genuine		adj.	진짜의
gordon		n.	고든
honey		n.	꿀
honour		n.	명예
hook		n.	갈고리
hunter		n.	사냥꾼
immigrants		n.	이민자
improving		v.	개선하다
instructions		n.	지시
introduce		v.	소개하다
kansas		n.	캔자스 주
lands		n.	토지
legacy		n.	유산
log		n.	통나무
matthew		n.	매슈
merely		adv.	단지
monitor		n.	모니터
patrick		n.	패트릭
phil		n.	필
prisoners		n.	수감자
programming		n.	프로그래밍
publishing		n.	출판
ratio		n.	비율
regret		v.	후회하다
rejected		v.	거절하다
remind		v.	상기시키다
resort		n.	휴양지
resort		v.	의지하다
resulted		v.	결과로 생기다
reverse		v.	거꾸로 하다
routine		n.	일과
scary		adj.	무서운
seed		n.	씨
settle		v.	해결하다
sin		n.	죄
spell		v.	철자하다
summary		n.	요약
survival		n.	생존
sword		n.	검
tongue		n.	혀
ward		n.	병동
waves		n.	파도
wayne		n.	웨인
achievement		n.	성취
anderson		n.	앤더슨
argued		v.	논쟁하다
asleep		adj.	잠든
austin		n.	오스틴
automatic		adj.	자동의
begun		v.	시작하다
behaviour		n.	행동
cd		n.	CD
cents		n.	센트
coat		n.	코트
comprehensive		adj.	포괄적인
consent		n.	동의
daddy		n.	아빠
destruction		n.	파괴
diego		n.	디에고
diseases		n.	질병
divorce		n.	이혼
divorce		v.	이혼하다
doc		n.	문서
drove		v.	운전하다
ears		n.	귀
engage		v.	종사하다
extraordinary		adj.	비범한
fate		n.	운명
frequency		n.	주파수
gaming		n.	게임
gene		n.	유전자
glory		n.	영광
headquarters		n.	본사
heritage		n.	유산
initiative		n.	제안
interviews		n.	인터뷰
interviews		v.	인터뷰하다
jean		n.	장
juice		n.	주스
landscape		n.	풍경
logic		n.	논리
meets		v.	만나다
melbourne		n.	멜버른
microsoft		n.	마이크로소프트
objective		n.	목표
objective		adj.	객관적인
organisation		n.	조직
privacy		n.	프라이버시
procedures		n.	절차
profits		n.	이익
reducing		v.	줄이다
regard		v.	간주하다
representing		v.	대표하다
residence		n.	거주
roughly		adv.	대략
salary		n.	봉급
scoring		n.	득점
scoring		v.	득점하기
script		n.	대본
script		n.	문자
searching		v.	검색하다
sections		n.	부분
strip		v.	벗기다
strip		n.	띠
surrounded		adj.	둘러싸인
surrounded		v.	둘러쌌다
threatened		v.	위협하다
transferred		v.	옮기다
tube		n.	관
tube		n.	지하철
universities		n.	대학교
walter		n.	월터
wisconsin		n.	위스콘신
writes		v.	쓰다
ambassador		n.	대사
ann		n.	앤
apps		n.	앱
awarded		v.	수여하다
banking		n.	은행업
breast		n.	가슴
cant		n.	은어
cant		v.	기울다
carter		n.	마부
chelsea		n.	첼시
chemistry		n.	화학
chemistry		n.	케미스트리
concluded		v.	결론짓다
consumption		n.	소비
corruption		n.	부패
cotton		n.	면
crossed		v.	건너다
detroit		n.	디트로이트
discount		n.	할인
dozen		num.	다스
engines		n.	엔진
epic		adj.	서사시의
exception		n.	예외
exit		n.	출구
exit		v.	퇴장하다
expand		v.	확대하다
fancy		adj.	화려한
gorgeous		adj.	화려한
grateful		adj.	감사하는
heroes		n.	영웅
holes		n.	구멍
impression		n.	인상
inches		n.	인치
indicate		v.	나타내다
input		n.	입력
johnny		n.	조니
josh		v.	장난하다
knock		v.	노크하다
leather		n.	가죽
lips		n.	입술
luxury		n.	사치
lyrics		n.	가사
manufacturers		n.	제조업체
masters		n.	석사
movements		n.	운동
operated		v.	조작하다
ought		v.	~해야 한다
outcome		n.	결과
painted		v.	그리다
poll		n.	여론조상
preferred		adj.	선호하는
pulling		v.	당기다
pulling		n.	견인
ranked		v.	순위를 매기다
referring		v.	언급하다
removal		n.	제거
rep		n.	대표
reporter		n.	기자
risks		n.	위험
rob		v.	강도질하다
screaming		v.	비명을 지르다
sequence		n.	순서
singapore		n.	싱가포르
stretch		v.	늘리다
tear		n.	눈물
tear		v.	찢다
tennis		n.	테니스
terrorist		n.	테러범
theater		n.	극장
ties		n.	넥타이
twelve		num.	열두
versions		n.	버전
virgin		n.	처녀
voices		n.	목소리
who's		pron.	누가
wishes		n.	소원
wishes		v.	바라다
wolf		n.	늑대
absence		n.	부재
agricultural		adj.	농업의
asshole		n.	등신
ate		v.	먹다
athletes		n.	운동선수
bears		v.	견디다
bears		n.	곰
blues		n.	우울
blues		n.	블루스
boxes		n.	상자
bruce		n.	브루스
bull		n.	황소
cameras		n.	카메라
commonwealth		n.	연방
contribute		v.	기여하
contribution		n.	기여
contributions		n.	기여
couples		n.	커플
delicious		adj.	맛있는
deny		v.	부인하
deserves		v.	값하
ease		n.	용이함
ease		v.	완화하
extend		v.	연장하
fame		n.	명성
flood		n.	홍수
flood		v.	침수시키
generated		v.	생성하
genetic		adj.	유전의
glasses		n.	안경
impressed		v.	감명을 주
indicated		v.	나타내
instant		adj.	즉각의
instant		n.	순간
investors		n.	투자자
involves		v.	관련되
kate		n.	케이트
kills		v.	죽이
liberty		n.	자유
maria		n.	마리아
ministers		n.	장관
monitoring		n.	모니터링
occurs		v.	발생하
passengers		n.	승객
photographs		n.	사진
principle		n.	원칙
producers		n.	생산자
progressive		adj.	진보적인
punishment		n.	처벌
rally		n.	집회
rally		v.	결집하
rapidly		adv.	빠르게
reader		n.	독자
representation		n.	대표
representation		n.	표현
restaurants		n.	식당
reveals		v.	드러내
roots		n.	뿌리
samples		n.	샘플
shops		n.	상점
sum		n.	합
swing		v.	흔들리
swing		n.	그네
tail		n.	꼬리
texts		n.	텍스트
twin		n.	쌍둥이
upcoming		adj.	다가오는
veterans		n.	참전용사
wwii		n.	제2차 세계대전
alert		adj.	경계하는
alert		n.	경보
arena		n.	아레나
arguments		n.	논거
billy		n.	빌리
boom		n.	호황
boom		v.	급증하다
boots		n.	부츠
brave		adj.	용감한
claiming		v.	주장하다
column		n.	기둥
column		n.	칼럼
commit		v.	저지르다
compensation		n.	보상
composition		n.	작문
composition		n.	구성
computers		n.	컴퓨터
conservation		n.	보존
constitutional		adj.	헌법의
crossing		n.	교차로
defending		v.	방어하다
density		n.	밀도
difficulty		n.	어려움
dropping		v.	떨어뜨리다
drops		n.	물방똔
drops		v.	떨어지다
elementary		adj.	초등의
ethnic		adj.	민족의
expenses		n.	비용
fleet		n.	함대
foster		v.	키우다
foster		adj.	위탁의
fundamental		adj.	기본적인
gen		n.	정보
genius		n.	천재
greatly		adv.	크게
guidance		n.	지도
hospitals		n.	병원
infection		n.	감염
intention		n.	의도
iowa		n.	아이오와
jokes		n.	농담
knee		n.	무릎
mechanical		adj.	기계적인
nigeria		n.	나이지리아
parks		n.	공원
parks		v.	주차하다
participation		n.	참여
periods		n.	기간
periods		n.	마침표
precious		adj.	귀중한
pregnancy		n.	임신
premium		n.	보험료
preparing		v.	준비하다
pretend		v.	가장하다
priest		n.	신부
prominent		adj.	저명한
proven		adj.	입증된
radical		adj.	과격한
remembered		v.	기억하다
requested		v.	요청하다
residential		adj.	주거의
reward		n.	보상
rings		n.	반지
rings		v.	울리다
robin		n.	울새
russell		n.	러셀
satellite		n.	위성
shake		v.	흔들다
shake		n.	흔들기
shore		n.	해안
spots		n.	장소
spots		n.	반점
stats		n.	통계
struggling		v.	발버둥치다
substantial		adj.	상당한
teen		n.	십대
temperatures		n.	기온
transmission		n.	전송
trap		n.	덫
trap		v.	가두다
twitter		n.	트위터
uniform		n.	제복
wildlife		n.	야생 동물
wooden		adj.	나무의
you'd		pron.	~할 것이다
aggressive		adj.	공격적인
anne		n.	앤
answered		v.	대답하다
apparent		adj.	명백한
bang		n.	쾅
bang		v.	세게 치다
blast		n.	폭발
blast		v.	폭파하다
bones		n.	뼈
brands		n.	브랜드
centuries		n.	세기
communist		n.	공산주의자
complaint		n.	불만
component		n.	부품
connections		n.	연결
courage		n.	용기
cure		v.	치유하다
cure		n.	치료법
desperate		adj.	절박한
diversity		n.	다양성
dragonball		n.	드래곤볼
duties		n.	의무
encouraged		v.	격려하다
eve		n.	전야
faculty		n.	교수진
feedback		n.	피드백
fighter		n.	투사
frozen		adj.	얼어붙은
guards		n.	경비원
hiding		v.	숨다
humanity		n.	인류
ian		n.	이언
innovation		n.	혁신
instruments		n.	기구
invest		v.	투자하다
jacket		n.	재킷
justin		n.	저스틴
legislative		adj.	입법의
listing		n.	목록
manual		n.	매뉴얼
manual		adj.	수동의
mothers		n.	어머니
murdered		v.	살해하다
nursing		n.	간호
occupied		adj.	사용 중인
ongoing		adj.	진행 중인
operator		n.	조작자
painful		adj.	아픈
pound		n.	파운드
pound		v.	세게 치다
preparation		n.	준비
punch		v.	주먹으로 치다
punch		n.	펀치
purple		adj.	보라색의
railroad		n.	철도
registration		n.	등록
releases		v.	출시하다
releases		n.	릴리스
rick		n.	건초 더미
romance		n.	로맨스
shouldn't		v.	~하면 안 된다
submitted		v.	제출하다
sufficient		adj.	충분한
survived		v.	생존하다
suspended		v.	정지하다
technologies		n.	기술
tissue		n.	조직
tissue		n.	티슈
trailer		n.	트레일러
trailer		n.	예고편
trends		n.	추세
trials		n.	시험
trials		n.	재판
ukraine		n.	우크라이나
underground		adj.	지하의
underground		n.	지하철
vcs		n.	버전 관리 시스템
versioncontrolsystem		n.	버전 관리 시스템
versus		prep.	대
virtual		adj.	가상의
walks		v.	걷다
wounded		adj.	부상당한
ali		n.	알리
amongst		prep.	~가운데
announcement		n.	공지
arranged		v.	준비하다
arsenal		n.	병기고
attending		v.	참석하다
attracted		v.	끌다
biological		adj.	생물학적인
bite		v.	물다
blocked		v.	막다
blocked		adj.	차단된
boards		n.	판
boards		n.	위원회
burned		v.	타다
categories		n.	범주
checks		v.	확인하다
checks		n.	수표
chip		n.	칩
concerning		prep.	~에 관하여
dare		v.	감히~하다
database		n.	데이터베이스
define		v.	정의하다
discrimination		n.	차별
disorder		n.	장애
distributed		v.	배포하다
districts		n.	지구
documentary		n.	다큐멘터리
domain		n.	영역
domain		n.	도메인
dynamic		adj.	동적인
edited		v.	편집하다
engagement		n.	참여
engagement		n.	약혼
explore		v.	탐험하다
favour		n.	호의
fewer		adj.	더 적은
footage		n.	영상
giants		n.	거인
grave		n.	무덤
grave		adj.	심각한
hamilton		n.	해밀턴
implementation		n.	구현
indiana		n.	인디애나주
investigate		v.	조사하다
jazz		n.	재즈
jon		n.	존
jonathan		n.	조나단
laboratory		n.	실험실
lawrence		n.	로런스
lincoln		n.	링컨
literary		adj.	문학적인
mask		n.	가면
massachusetts		n.	매사추세츠주
midnight		n.	자정
minnesota		n.	미네소타주
mouse		n.	쥐
mouse		n.	마우스
oscar		n.	오스카
packed		adj.	가득 찬
piano		n.	피아노
praise		v.	칭찬하다
presentation		n.	프레젠테이션
psychology		n.	심리학
relation		n.	관계
restrictions		n.	제한
rocket		n.	로켓
ruin		v.	망치다
sean		n.	숀
sec		n.	초
secrets		n.	비밀
slave		n.	노예
stability		n.	안정
steady		adj.	안정적인
stones		n.	돌
symbol		n.	기호
terminal		n.	터미널
toilet		n.	화장실
treaty		n.	조약
triple		adj.	삼배의
unlikely		adj.	일어나지 않을
updates		n.	업데이트
vietnam		n.	베트남
viewed		v.	보다
affair		n.	일
affair		n.	불륜
agenda		n.	의제
bat		n.	박쥐
bat		n.	배트
bow		n.	활
bow		v.	절하다
calendar		n.	달력
cape		n.	곶
collective		adj.	집단적인
conversations		n.	대화
cooperation		n.	협력
craft		n.	공예
darkness		n.	어둠
deeper		adj.	더 깊은
devil		n.	악마
edit		v.	편집하다
enable		v.	활성화하다
equity		n.	공평
equity		n.	지분
estimates		v.	추정하다
failing		n.	결점
finishing		n.	마감
fortune		n.	재산
fortune		n.	운
gates		n.	대문
goodbye		int.	안녕히 가세요
graham		n.	그레이엄
hardware		n.	하드웨어
hardware		n.	철물
hillary		n.	힐러리
hurts		v.	아프다
intellectual		adj.	지적인
invite		v.	초대하다
involvement		n.	연루
kentucky		n.	켄터키주
madrid		n.	마드리드
nuts		n.	견과
oregon		n.	오리건주
partly		adv.	부분적으로
petition		n.	청원
phrase		n.	구
physically		adv.	신체적으로
protecting		v.	보호하다
racial		adj.	인종의
rated		v.	평가하다
regime		n.	정권
rivers		n.	강
rounds		n.	라운드
ruled		v.	통치하다
sauce		n.	소스
seal		n.	물개
seal		v.	봉인하다
separated		adj.	분리된
shield		n.	방패
similarly		adv.	유사하게
slide		v.	미끄러지다
stem		n.	줄기
summit		n.	정상회담
summit		n.	정상
talented		adj.	재능 있는
throat		n.	목
tiger		n.	호랑이
touched		v.	만지다
toy		n.	장난감
visits		v.	방문하다
warriors		n.	전사
wisdom		n.	지혜
accounting		n.	회계
alien		n.	외계인
attacking		v.	공격하다
awkward		adj.	어색한
beast		n.	야수
beef		n.	쇠고기
candy		n.	사탕
carrier		n.	운반체
carrier		n.	항공사
celebration		n.	축하
celebrity		n.	유명인
certificate		n.	증명서
cited		v.	인용하다
clay		n.	점토
coaching		n.	코칭
colleagues		n.	동료
constructed		v.	건설하다
dated		adj.	구식의
default		n.	기본값
delhi		n.	델리
derived		v.	유래하다
dialogue		n.	대화
disabled		adj.	장애인의
distinct		adj.	뚜렷한
drag		v.	끌다
educated		adj.	교육받은
eligible		adj.	자격 있는
estimate		v.	추정하다
execution		n.	실행
existed		v.	존재하다
fifty		num.	오십
followers		n.	팔로워
fool		n.	바보
framework		n.	프레임워크
franchise		n.	프랜차이즈
funded		v.	자금을 대다
furniture		n.	가구
generations		n.	세대
guaranteed		v.	보장하다
integrated		adj.	통합된
intelligent		adj.	지적인
interaction		n.	상호 작용
jet		n.	제트기
journalists		n.	기자
lifestyle		n.	라이프스타イル
lighting		n.	조명
lisa		n.	리사
loop		n.	루프
mall		n.	쇼핑몰
newdelhi		n.	뉴델리
overseas		adj.	해외의
performances		n.	공연
philippines		n.	필리핀
polish		v.	닦다
polish		adj.	폴란드의
recommendations		n.	추천
recover		v.	회복하다
regarded		v.	여기다
relax		v.	긴장을 풀다
reliable		adj.	믿을 수 있는
rely		v.	의지하다
remarkable		adj.	탁월한
responses		n.	응답
ruling		n.	판결
sacrifice		n.	희생
sole		adj.	유일한
stopping		v.	멈추다
strategies		n.	전략
succeed		v.	성공하다
succeed		v.	계승하다
tables		n.	탁자
tables		n.	표
tale		n.	이야기
targets		n.	목표
targets		v.	격냥하다
timing		n.	타이밍
ton		n.	톤
volunteers		n.	자원봉사자
witnesses		n.	증인
witnesses		v.	목격하다
wore		v.	입다
worship		v.	숭배하다
worship		n.	예배
worthy		adj.	가치 있는
acted		v.	연기하다
acted		v.	행동하다
alarm		n.	경보
bass		n.	베이스
bloody		adj.	피투성이의
breathing		n.	호흡
butt		n.	엉덩이
characteristics		n.	특성
cnn		n.	CNN
collaboration		n.	협력
con		prep.	~로
consideration		n.	고려
counts		v.	세다
counts		n.	카운트
creates		v.	만들다
crucial		adj.	결정적인
daughters		n.	딸
dependent		adj.	의존하는
discussions		n.	토론
drives		n.	드라이브
drives		v.	운전하다
dual		adj.	이중의
edinburgh		n.	에든버러
equipped		adj.	장비를 갖춘
expanded		v.	확대하다
experimental		adj.	실험적인
feeding		n.	급식
filter		n.	필터
galaxy		n.	은하
globe		n.	지구
grades		n.	성적
grades		n.	학년
greece		n.	그리스
gulf		n.	만
highlights		n.	하이라이트
hoped		v.	희망하다
intent		n.	의도
involve		v.	관련시키다
judgment		n.	판단
kennedy		n.	케네디
knight		n.	기사
larry		n.	래리
logo		n.	로고
malaysia		n.	말레이시아
mature		adj.	성숙한
moore		n.	무어
nazi		n.	나치
netherlands		n.	네덜란드
odds		n.	가능성
peaceful		adj.	평화로운
philip		n.	필립
photographer		n.	사진사
pin		n.	핀
pin		v.	고정하다
prevention		n.	예방
printing		v.	인쇄하다
promoting		v.	촉진
publicly		adv.	공공연히
pump		n.	펌프
pump		v.	퍼 올리다
repeated		adj.	반복되는
replied		v.	답하다
requests		n.	요청
requests		v.	요청하다
revenge		n.	복수
satisfied		adj.	만족한
seeds		n.	씨
signals		n.	신호
signals		v.	신호를 보내다
slip		v.	미끄러지다
spaces		n.	공간
spaces		v.	간격을 두다
spare		adj.	예비의
spare		v.	아끼다
specialist		n.	전문가
stocks		n.	주식
stranger		n.	낯선 사람
submit		v.	제출하다
surprising		adj.	놀라운
tap		v.	두드리다
tap		n.	수도꼭지
thompson		n.	톰슨
threats		n.	위협
tourism		n.	관광
turkish		adj.	터키의
volunteer		n.	자원봉사자
volunteer		v.	자원하다
acceptable		adj.	허용할 만한
allies		n.	동맹
attempting		v.	시도하다
auction		n.	경매
bonds		n.	채권
bonds		n.	유대
challenging		adj.	도전적인
chaos		n.	혼란
churches		n.	교회
cleveland		n.	클리블랜드
composed		adj.	침착한
composed		v.	작곡하다
concentration		n.	집중
concentration		n.	농도
copper		n.	구리
corp		n.	회사
corps		n.	군단
counting		v.	세다
credits		n.	학점
credits		n.	공로
dawn		n.	새벽
dispute		n.	분쟁
earnings		n.	수익
editing		v.	편집하다
executed		v.	처형하다
executed		v.	실행하다
firing		v.	해고하다
firing		v.	발포하다
fits		v.	맞다
fits		n.	발작
frequent		adj.	빈번한
gardens		n.	정원
gathered		v.	모으다
hilarious		adj.	웃긴
huh		int.	어
ignored		v.	무시하다
improvements		n.	개선
investments		n.	투자
isis		n.	이슬람국
isis		n.	이시스
margin		n.	여백
margin		n.	마진
mars		n.	화성
maryland		n.	메릴랜드주
mechanism		n.	기제
moderate		adj.	온건한
murray		n.	머레이
oklahoma		n.	오클라호마주
opera		n.	오페라
overcome		v.	극복하다
parallel		adj.	평행한
passage		n.	통로
pit		n.	구덩이
psychological		adj.	심리적인
publications		n.	출판물
quest		n.	탐구
radiation		n.	방사선
shocked		v.	충격받은
sized		adj.	크기의
stroke		n.	뇌졸중
stunning		adj.	놀라운
tanks		n.	탱크
tokyo		n.	도쿄
topics		n.	주제
trains		n.	기차
traveling		v.	여행하다
treating		v.	치료하다
tune		n.	곡
utility		n.	효용
vessel		n.	선박
weed		n.	잡초
wherever		conj.	어디서든
acquisition		n.	인수
addressed		v.	처리하다
alabama		n.	앨라배마주
alice		n.	앨리스
angels		n.	천사
anime		n.	애니메
announce		v.	발표하다
autumn		n.	가을
backed		v.	지지하다
barry		n.	배리
bold		adj.	대담한
borders		n.	국경
breathe		v.	숨쉬다
cameron		n.	캐머런
choosing		v.	선택하다
classical		adj.	고전적인
classified		adj.	기밀의
clip		n.	클립
coaches		n.	코치
coins		n.	동전
concepts		n.	개념
conspiracy		n.	음모
controversy		n.	논쟁
convince		v.	설득하다
cooper		n.	쿠퍼
disappeared		v.	사라지다
encounter		v.	만나다
equality		n.	평등
exam		n.	시험
examination		n.	검사
examination		n.	시험
fails		v.	실패하다
federation		n.	연방
fiscal		adj.	재정의
guardian		n.	보호자
homeless		adj.	노숙자의
instrument		n.	악기
instrument		n.	도구
intervention		n.	개입
jerry		n.	제리
lover		n.	연인
mainstream		n.	주류
menu		n.	메뉴
missouri		n.	미주리
mounted		v.	타다
mounted		adj.	장착된
mutual		adj.	상호의
nope		int.	아니
occasions		n.	경우
offense		n.	무례
offense		n.	범죄
oral		adj.	구두의
panic		n.	공황
pays		v.	지불하다
peoples		n.	민족
pursue		v.	추구하다
realise		v.	깨닫다
realise		v.	실현하다
refugees		n.	난민
removing		v.	제거하다
requirement		n.	요구
responded		v.	응답하다
rip		v.	찢다
ruined		adj.	파괴된
ruined		v.	망치다
sandiego		n.	샌디에이고
scope		n.	범위
scope		n.	망원경
segment		n.	부분
spectrum		n.	스펙트럼
stays		v.	머물다
ted		n.	테드
terror		n.	테러
they've		pron.	그들은 ~했다
venture		n.	벤처
virtually		adv.	사실상
waited		v.	기다리다
warren		n.	워런
worn		adj.	닳은
yea		int.	그래
accompanied		v.	동행하다
adams		n.	애덤스
aids		n.	에이즈
aimed		v.	격노하다
alpha		n.	알파
appleone		n.	AppleOne
approaches		v.	접근하다
approaches		n.	접근 방식
arguing		v.	논쟁하다
arrangement		n.	준비
arrangement		n.	배열
beliefs		n.	신념
boats		n.	배
boundaries		n.	경계
brick		n.	벽돌
brooklyn		n.	브루클린
colleges		n.	대학
considerable		adj.	상당한
conventional		adj.	전통적인
danny		n.	대니
designated		v.	지정하다
dvd		n.	DVD
emperor		n.	황제
employers		n.	고용주
enormous		adj.	거대한
errors		n.	오류
focusing		v.	초점을 맞추다
forgive		v.	용서하다
gains		n.	이익
garage		n.	차고
gathering		n.	모임
guidelines		n.	지침
handled		v.	처리하다
hosted		v.	주최하다
indians		n.	인도인
indonesia		n.	인도네시아
inquiry		n.	질의
inspector		n.	검사관
jumped		v.	뛰다
khan		n.	칸
lion		n.	사자
loaded		v.	싣다
lonely		adj.	외로운
maintaining		v.	유지하다
measured		adj.	측정된
measured		v.	측정하다
mercy		n.	자비
nevertheless		adv.	그러나
newspapers		n.	신문
outer		adj.	외부의
oxygen		n.	산소
pipe		n.	파이프
pissed		adj.	화난
poem		n.	시
powder		n.	가루
powered		v.	동력을 공급하다
promises		n.	약속
quotes		n.	인용
racism		n.	인종주의
ratings		n.	시청률
reads		v.	읽다
recovered		v.	회복하다
refers		v.	언급하다
roy		n.	로이
rude		adj.	무례한
screw		n.	나사
seventh		num.	일곱 번째의
shelter		n.	피난처
signature		n.	서명
sooner		adv.	더 일찍
spider		n.	거미
stewart		n.	스튜어트
strikes		v.	치다
suggesting		v.	제안하다
suits		n.	정장
toys		n.	장난감
tracking		n.	추적
tribute		n.	공물
trigger		n.	방아쇠
trigger		v.	촉발하다
vary		v.	다르다
venue		n.	장소
wages		n.	임금
wells		n.	우물
wheels		n.	바퀴
abortion		n.	낙태
accuracy		n.	정확성
albert		n.	알버트
applying		v.	지원하다
artificial		adj.	인공의
belongs		v.	속하다
beneath		prep.	아래에
bullet		n.	총알
burns		v.	타다
carl		n.	칼
celebrated		adj.	저명한
consistently		adv.	일관되게
conversion		n.	전환
copyright		n.	저작권
counties		n.	카운티
democrat		n.	민주당원
deposit		n.	예금
deposit		v.	예치하다
destination		n.	목적지
dirt		n.	흙
diverse		adj.	다양한
divine		adj.	신성한
emails		n.	이메일
exclusively		adv.	오로지
export		v.	수출하다
fastest		adj.	가장 빠른
formerly		adv.	이전에
functional		adj.	기능적인
gather		v.	모으다
grandfather		n.	할아버지
habit		n.	습관
harvard		n.	하버드 대학
indicates		v.	나타내다
isolated		adj.	고립된
jealous		adj.	질투하는
knocked		v.	두드리다
landed		v.	착륙하다
laughed		v.	웃다
laura		n.	로라
lazy		adj.	게으른
marshall		n.	마셜
mitchell		n.	미첼
modified		v.	수정하다
municipal		adj.	시의
naval		adj.	해군의
neighbors		n.	이웃
nelson		n.	넬슨
neutral		adj.	중립적인
noble		adj.	고귀한
oldest		adj.	가장 오래된
pat		v.	가볍게 두드리따
picks		v.	고르다
poland		n.	폴란드
popularity		n.	인기
professionals		n.	전문가
pussy		n.	고양이
reactions		n.	반응
relate		v.	관련되다
robot		n.	로봇
sacred		adj.	신성한
securities		n.	증권
shoe		n.	신발
speakers		n.	스피커
spider-man		n.	스파이더맨
springs		n.	스프링
spy		n.	스파이
steven		n.	스티븐
suggestions		n.	제안
supplied		v.	공급하다
susan		n.	수잔
suspension		n.	정지
terrorism		n.	테러리즘
terry		n.	테리
toxic		adj.	유독한
treasury		n.	재무부
tunnel		n.	터널
unions		n.	노조
upgrade		v.	업그레이드하다
warrant		n.	영장
wider		adj.	더 넓은
wound		n.	상처
aaron		n.	아론
actively		adv.	적극적으로
afghanistan		n.	아프가니스탄
ai		n.	인공지능
applies		v.	적용하다
arrangements		n.	준비
asset		n.	자산
assuming		conj.	가정하자
backing		n.	지지
baker		n.	빵 굽는 사람
barcelona		n.	바르셀로나
blessed		adj.	축복받은
brazilian		adj.	브라질의
brush		n.	붓
burden		n.	부담
campbell		n.	캠벨
carries		v.	나르다
casual		adj.	캐주얼한
certified		adj.	인증된
charter		n.	헌장
chef		n.	셰프
civilian		n.	민간인
coalition		n.	연합
cock		n.	수탉
complain		v.	불평하다
complaints		n.	불만
controversial		adj.	논란이 되는
denver		n.	덴버
describing		v.	묘사하다
differently		adv.	다르게
directions		n.	방향
discipline		n.	규율
discussing		v.	논의하다
disgusting		adj.	역겨운
dj		n.	디제이
dominant		adj.	지배적인
earning		v.	벌다
emma		n.	엠마
essay		n.	에세이
expense		n.	비용
explaining		v.	설명하다
furthermore		conj.	게다가
graphic		adj.	그래픽의
greg		n.	그렉
healing		v.	치유하다
hiring		v.	고용하다
hosts		n.	호스트
implemented		v.	구현하다
instantly		adv.	즉시
invasion		n.	침략
jacob		n.	제이콥
jumping		v.	뛰다
laptop		n.	노트북
legendary		adj.	전설적인
leo		n.	레오
maker		n.	제작자
margaret		n.	마가렛
mario		n.	마리오
opponents		n.	상대
outdoor		adj.	야외의
palm		n.	손바닥
parker		n.	파커
photograph		n.	사진
pole		n.	극
pub		n.	펍
quarters		n.	4분의 1
queensland		n.	퀸즐랜드
rangers		n.	레인저
ranks		n.	계급
reception		n.	접수
recipe		n.	레시피
regulatory		adj.	규제의
reviewed		v.	검토하다
rolls		v.	구르다
rubber		n.	고무
secured		v.	확보하다
serial		adj.	연속의
settings		n.	설정
shed		n.	헛 Campe
snake		n.	뱀
sponsored		adj.	스폰서의
stealing		v.	훔치다
strict		adj.	엄격한
subsequently		adv.	이후
substance		n.	물질
substance		n.	실질
suggestion		n.	제안
switzerland		n.	스위스
syndrome		n.	증후군
tasks		n.	과제
trips		n.	여행
ultra		adj.	극단의
unexpected		adj.	뜻밖의
usage		n.	용법
utah		n.	유타 주
worlds		n.	세계
accidentally		adv.	우연히
affordable		adj.	부담 없는
amateur		n.	아마추어
appeals		v.	호소하다
argentina		n.	아르헨티나
baltimore		n.	볼티모어
batman		n.	배트맨
bearing		n.	베어링
beats		v.	이기다
bin		n.	쓰레기통
biology		n.	생물학
bobby		n.	경찰
briefly		adv.	간략히
canal		n.	운하
cancelled		v.	취소하다
charlotte		n.	샬럿
cheaper		adj.	더 싼
christopher		n.	크리스토퍼
climb		v.	오르다
competing		adj.	경쟁하는
completion		n.	완료
cruise		n.	크루즈
custody		n.	감호
delete		v.	삭제하다
demonstrated		v.	증명하다
departure		n.	출발
developers		n.	개발자
developments		n.	발전
dig		v.	파다
eagles		n.	독수리
employer		n.	고용주
evans		n.	에반스
explosion		n.	폭발
fever		n.	열
fluid		n.	유체
folk		n.	민중
generate		v.	생성하다
handsome		adj.	잘생긴
ho		int.	호
holidays		n.	휴일
hotels		n.	호텔
imagination		n.	상상력
integration		n.	통합
integrity		n.	성실
interpretation		n.	해석
leaf		n.	잎
legitimate		adj.	합법적인
lightning		n.	번개
loads		n.	하중
longest		adj.	가장 긴
magical		adj.	마법의
mills		n.	제분소
motivation		n.	동기
mtv		n.	뮤직티비
musictelevision		n.	음악 텔레비전
nasty		adj.	역겨운
oliver		n.	올리버
outfit		n.	복장
pension		n.	연금
permit		v.	허가하다
permit		n.	허가증
perry		n.	페리
plates		n.	접시
pleasant		adj.	유쾌한
portrait		n.	초상
productive		adj.	생산적인
read-onlymemory		n.	읽기 전용 메모리
reminds		v.	상기시키다
reserves		n.	비축
rom		n.	ROM
ron		n.	론
safely		adv.	안전하게
shirts		n.	셔츠
shorter		adj.	더 짧은
slight		adj.	약간의
socialist		n.	사회주의자
streaming		n.	스트리밍
sue		v.	고소하다
sue		n.	수
targeted		adj.	표적화된
tension		n.	긴장
thailand		n.	태국
theories		n.	이론
touching		adj.	감동적인
touching		v.	접촉하다
transactions		n.	거래
twist		v.	비틀다
twist		n.	비틀림
unemployment		n.	실업
unity		n.	통일
useless		adj.	쓸모없는
viewers		n.	시청자
winds		n.	바람
woke		adj.	각성된
woke		v.	깨다
abilities		n.	능력
adultvideo		n.	성인 비디오
advocate		v.	옹호하다
advocate		n.	옹호자
aims		n.	목표
arc		n.	호
av		n.	성인물
backup		n.	백업
beaten		adj.	패배한
bitter		adj.	쓴
blown		adj.	불어난
blown		v.	불다
branches		n.	가지
campaigns		n.	캠페인
chips		n.	감자칩
chips		n.	칩
cia		n.	중앙정보국
clever		adj.	영리한
clinic		n.	클리닉
closest		adj.	가장 가까운
collections		n.	컬렉션
continuous		adj.	연속적인
converted		v.	변환하다
correctly		adv.	정확히
creator		n.	창작자
creatures		n.	생물
criteria		n.	기준
declined		v.	거절하다
declined		v.	감소하다
detective		n.	탐정
difficulties		n.	어려움
disability		n.	장애
dish		n.	요리
dish		n.	접시
douglas		n.	더글러스
duck		n.	오리
egyptian		adj.	이집트의
evaluation		n.	평가
excess		n.	과잉
farming		n.	농업
fence		n.	울타리
fifa		n.	FIFA
fighters		n.	투사
flights		n.	항공편
forcing		v.	강요하다
forming		v.	형성하다
franklin		n.	프랭클린
fred		n.	프레드
gradually		adv.	점차
gravity		n.	중력
habits		n.	습관
hasn't		v.	없다
hawaii		n.	하와이
highlight		v.	강조하다
holder		n.	소지자
hood		n.	후드
hung		v.	걸다
identical		adj.	동일한
imperial		adj.	제국의
investigations		n.	조사
jose		n.	호세
legally		adv.	합법적으로
lied		v.	거짓말하다
listened		v.	듣다
llm		n.	대규모 언어 모델
males		n.	남성
manufacturer		n.	제조업체
meters		n.	미터
nail		n.	못
nail		n.	손톱
nasa		n.	NASA
negotiations		n.	협상
nonsense		n.	터무니없는 말
ontario		n.	온타리오
operational		adj.	운영의
orleans		n.	오를레앙
owns		v.	소유하다
phoenix		n.	불사조
playoffs		n.	플레이오프
poet		n.	시인
quoted		v.	인용하다
relating		v.	관련되다
repeatedly		adv.	반복해서
robinson		n.	로빈슨
rolled		v.	굴리다
scientist		n.	과학자
sink		n.	싱크대
sink		v.	가라앉다
skip		v.	건너뛰다
slavery		n.	노예제
snap		v.	부러뜨리다
sorts		n.	종류
sorts		v.	분류하다
souls		n.	영혼
stole		v.	훔치다
swedish		adj.	스웨덴의
swim		v.	수영하다
swiss		adj.	스위스의
tennessee		n.	테네시
they'll		pron.	그들은 ~할 것이다
transaction		n.	거래
transformation		n.	변혁
veteran		n.	참전용사
veteran		adj.	베테랑의
vulnerable		adj.	취약한
wealthy		adj.	부유한
additionally		adv.	게다가
amy		n.	에이미
attract		v.	끌다
barbara		n.	바버라
beta		n.	베타
beta		n.	베타 버전
blowing		v.	불다
bored		adj.	지루한
bronze		n.	청동
bronze		n.	동메달
bug		n.	벌레
bug		n.	버그
caring		adj.	따뜻한
catching		v.	잡다
cave		n.	동굴
cheating		v.	부정행위를 하다
chronic		adj.	만성의
cleared		v.	치우다
communicate		v.	소통하다
convicted		v.	유죄를 선고하다
cultures		n.	문화
dealt		v.	다루다
delayed		v.	지연시키다
demonstrate		v.	증명하다
demonstrate		v.	시위하다
departments		n.	부서
depend		v.	의존하다
developer		n.	개발자
diagnosis		n.	진단
dismissed		v.	해산하다
dismissed		v.	일축하다
distinguished		adj.	뛰어난
dose		n.	용량
dose		v.	복용하다
eighth		num.	여덟 번째
experiments		n.	실험
experiments		v.	실험하다
flesh		n.	살
flip		v.	뒤집다
forty		num.	사십
generous		adj.	관대한
germans		n.	독일인
hated		v.	미워하다
implement		v.	실행하다
implement		n.	도구
incorporated		v.	통합하다
influenced		v.	영향을 미치다
isbn		n.	ISBN
jerusalem		n.	예루살렘
kidding		v.	놀리다
laser		n.	레이저
loyal		adj.	충성스러운
marijuana		n.	대마
mentally		adv.	정신적으로
missions		n.	임무
missions		n.	사절단
occupation		n.	직업
occupation		n.	점령
opponent		n.	상대
paintings		n.	회화
patch		n.	패치
patch		v.	수선하다
patience		n.	인내
pic		n.	사진
pointing		v.	가리키다
pollution		n.	오염
precisely		adv.	정확히
prisoner		n.	죄수
privilege		n.	특권
proposals		n.	제안
protests		n.	항의
protests		v.	항의하다
punk		n.	펑크
radar		n.	레이더
regards		n.	안부
relatives		n.	친척
resist		v.	저항하다
solely		adv.	오로지
stepped		v.	걸다
striking		adj.	현저한
striking		v.	때리다
terrorists		n.	테러범
tourist		n.	관광객
transit		n.	수송
trucks		n.	트럭
trusted		v.	신뢰하다
vessels		n.	배
vessels		n.	혈관
villa		n.	별장
volumes		n.	권
volumes		n.	부피
websites		n.	웹사이트
wireless		adj.	무선의
wondered		v.	궁금해하다
wrap		v.	포장하다
wright		n.	장인
yoga		n.	요가
adopt		v.	입양하다
airlines		n.	항공사
alaska		n.	알래스카
albums		n.	앨범
anytime		adv.	언제든지
bacteria		n.	세균
beings		n.	존재
beside		prep.	~옆에
blade		n.	칼날
boot		n.	부츠
bottles		n.	병
bucks		n.	달러
bulk		n.	대량
camps		n.	야영
cargo		n.	화물
census		n.	인구 조사
christianity		n.	기독교
coastal		adj.	연안의
coin		n.	동전
colored		adj.	색이 있는
commentary		n.	해설
confusion		n.	혼란
congressional		adj.	의회의
corn		n.	옥수수
cried		v.	울다
customs		n.	세관
dealer		n.	판매상
deemed		v.	여기다
destiny		n.	운명
distant		adj.	먼
electronics		n.	전자 제품
emerging		adj.	신흥의
emotion		n.	감정
emphasis		n.	강조
ethics		n.	윤리학
excitement		n.	흥분
exploration		n.	탐험
fights		n.	싸움
filling		n.	충전재
filming		v.	촬영하다
fomo		n.	놓치는 공포
glasgow		n.	글래스고
graphics		n.	그래픽
helen		n.	헬렌
hi-fi		adj.	하이파이
humor		n.	유머
insight		n.	통찰
invested		v.	투자하다
jennifer		n.	제니퍼
lit		adj.	불붙은
louisiana		n.	루이지애나
marie		n.	마리
meals		n.	식사
mississippi		n.	미시시피
nerve		n.	신경
nightmare		n.	악몽
operators		n.	운영자
operators		n.	연산자
os		n.	운영체제
overnight		adv.	하룻밤에
partially		adv.	부분적으로
participating		v.	참가하다
pie		n.	파이
platforms		n.	플랫폼
populations		n.	인구
poster		n.	포스터
practically		adv.	거의
preserve		v.	보호하다
preserve		n.	잼
produces		v.	생산하다
qualify		v.	자격을 얻다
raid		n.	기습
ram		v.	세게 부딪치다
ranging		v.	걸쳐 있다
ranking		n.	순위
receives		v.	받다
respective		adj.	각각의
restricted		adj.	제한된
routes		n.	경로
samuel		n.	새뮤얼
sandy		n.	샌디
scenario		n.	시나리오
sheep		n.	양
situated		v.	위치하다
slaves		n.	노예
sony		n.	소니
spotted		v.	발견하다
spotted		adj.	얼룩덜룩한
spreading		v.	퍼지다
stanley		n.	스탠리
sustainable		adj.	지속 가능한
sustained		adj.	지속적인
taxi		n.	택시
themes		n.	주제
threatening		v.	위협하다
tobacco		n.	담배
trace		n.	흔적
trace		v.	추적하다
trapped		v.	가두다
turner		n.	터너
uncomfortable		adj.	불편한
wasted		adj.	낭비된
weakness		n.	약점
widespread		adj.	광범위한
xbox		n.	Xbox
accepting		v.	받아들이다
accessible		adj.	접근하기 쉬운
acknowledge		v.	인정하다
advised		v.	조언하다
advisory		adj.	자문의
animation		n.	애니메이션
assignment		n.	과제
balanced		adj.	균형 잡힌
bare		adj.	벌거벗은
basement		n.	지하실
bases		n.	기지
bases		n.	기초
battles		n.	전투
bias		n.	편견
birmingham		n.	버밍엄
bits		n.	비트
cancel		v.	취소하다
carpet		n.	양탄자
ceiling		n.	천장
cherry		n.	체리
chill		v.	차갑게 하다
classification		n.	분류
clue		n.	단서
codes		n.	코드
cole		n.	유채
collapse		v.	무너지다
collecting		v.	수집하다
compound		adj.	복합의
conscious		adj.	의식하는
consecutive		adj.	연속적인
contents		n.	내용
costume		n.	의상
craig		n.	크레이그
deleted		v.	삭제된
devoted		adj.	헌신적인
displayed		v.	표시된
dominated		v.	지배된
earl		n.	백작
endless		adj.	끝없는
escaped		v.	도주한
examine		v.	검사하다
floating		adj.	떠 있는
garbage		n.	쓰레기
gospel		n.	복음
grain		n.	곡물
grid		n.	격자
grows		v.	자라다
heating		n.	난방
identification		n.	식별
knees		n.	무릎
lap		n.	무릎 위
lions		n.	사자
liver		n.	간
metro		n.	지하철
metropolitan		adj.	대도시의
mines		n.	광산
mixture		n.	혼합물
nominated		v.	지명된
oak		n.	참나무
parliamentary		adj.	의회의
patent		n.	특허
perception		n.	지각
physician		n.	의사
portland		n.	포틀랜드
proceed		v.	계속하다
proceedings		n.	소송
pupils		n.	학생
reserved		adj.	예약된
restore		v.	복구하다
rifle		n.	소총
rival		n.	라이벌
rival		v.	경쟁하다
runner		n.	달리는 사람
runner		n.	러너
sadly		adv.	슬프게
shoulders		n.	어깨
significance		n.	의의
sits		v.	앉다
sizes		n.	크기
slept		v.	자다
soap		n.	비누
spray		n.	스프레이
spray		v.	뿌리다
stored		v.	저장하다
stressed		adj.	스트레스받는
structural		adj.	구조적인
suite		n.	스위트
tropical		adj.	열대의
ukrainian		adj.	우크라이나의
unnecessary		adj.	불필요한
verse		n.	연
victor		n.	승자
vintage		adj.	빈티지의
vintage		n.	빈티지밀리시유
warned		v.	경고하다
watson		n.	왓슨
weren't		v.	아니었다
acres		n.	에이커
adapted		adj.	각색된
adapted		v.	적응하다
adoption		n.	입양
adoption		n.	도입
anonymous		adj.	익명의
antonio		n.	안토니오
approaching		v.	다가오다
artistic		adj.	예술적인
attendance		n.	출석
aviation		n.	항공
barrel		n.	통
beds		n.	침대
beloved		adj.	사랑받는
bless		v.	축복하다
boxing		n.	복싱
celebrating		v.	축하하다
charging		v.	충전하다
chemicals		n.	화학물질
chuck		v.	던지다
cinema		n.	영화관
cinema		n.	영화
colonial		adj.	식민지의
comics		n.	만화
compliance		n.	준수
contrary		adj.	반대의
contrary		n.	반대
controlling		v.	제어하다
corporations		n.	회사
couch		n.	소파
crush		v.	으스러뜨리다
crush		n.	짝사랑
dam		n.	댐
decrease		v.	감소하다
decrease		n.	감소
defeated		v.	패배시키다
diabetes		n.	당뇨병
dressing		n.	드레싱
dressing		n.	옷입기
expanding		v.	확장하다
fears		n.	두려워
fears		v.	두려워하다
fires		n.	화재
fires		v.	해고하다
genre		n.	장르
gentle		adj.	부드러운
grammar		n.	문법
hiv		n.	HIV
illustrated		adj.	삽화가 있는
invented		v.	발명하다
jake		n.	제이크
jam		n.	잼
jamie		n.	제이미
jessica		n.	제시카
keith		n.	키스
kent		n.	켄트
layers		n.	층
lease		n.	임대차
lens		n.	렌즈
licensed		adj.	면허를 받은
loyalty		n.	충성
madison		n.	매디슨
magnetic		adj.	자기의
metres		n.	미터
monsters		n.	괴물
mysterious		adj.	신비로운
notion		n.	개념
partial		adj.	부분적인
piss		n.	소변
placing		v.	놓다
propaganda		n.	선전
rat		n.	쥐
reflection		n.	반사
reminded		v.	상기시키다
resolve		v.	해결하다
revolutionary		adj.	혁명적인
scandal		n.	스캔들
shine		v.	빛나다
simultaneously		adv.	동시に
substitute		n.	대체품
surveillance		n.	감시
tactics		n.	전술
testimony		n.	증언
thai		adj.	태국의
treasure		n.	보물
trophy		n.	트로피
tweet		v.	트윗하다
tyler		n.	틸러
underlying		adj.	근본적인
unfair		adj.	불공평한
villages		n.	마을
acceptance		n.	수락
accidents		n.	사고
affects		v.	영향을 미치다
annually		adv.	매년
apologize		v.	사과하다
appreciated		v.	감사하다
approached		v.	다가가다
arriving		v.	도착하다
ash		n.	재
aunt		n.	이모
benjamin		n.	벤자민
blake		n.	블레이크
bubble		n.	거품
bubble		v.	거품이 일다
buyers		n.	구매자
casino		n.	카지노
charts		n.	차트
clouds		n.	구름
connecting		v.	연결하다
counsel		n.	법률 고문
counsel		v.	조언하다
creature		n.	생물
deadly		adj.	치명적인
decides		v.	결정하다
desired		adj.	바라는
desired		v.	원하다
determination		n.	결의
determination		n.	결정
embrace		v.	포용하다
embrace		v.	받아들이다
emerged		v.	나타나다
exhibit		n.	전시품
exhibit		v.	전시하다
flew		v.	날다
gentleman		n.	신사
halloween		n.	핼러윈
hammer		n.	망치
hammer		v.	두드리다
hitler		n.	히틀러
hosting		v.	주최하다
hosting		n.	호스팅
icon		n.	아이콘
icon		n.	우상
imposed		v.	부과하다
indigenous		adj.	토착의
infinite		adj.	무한한
installation		n.	설치
installation		n.	설치물
inter		prep.	사이
interactions		n.	상호 작용
introducing		v.	소개하다
iranian		adj.	이란의
kicking		v.	차다
laying		v.	놓다
laying		v.	알을 낳다
legislature		n.	입법부
liability		n.	책임
maine		n.	메인주
makers		n.	제조업체
manhattan		n.	맨해튼
marathon		n.	마라톤
marvel		n.	경이
marvel		v.	경탄하다
michelle		n.	미셸
moreover		adv.	게다가
neil		n.	닐
organisations		n.	조직
ours		pron.	우리의 것
parade		n.	퍼레이드
parade		v.	행진하다
paradise		n.	낙원
perceived		v.	지각하다
planes		n.	비행기
politician		n.	정치가
preliminary		adj.	예비의
premiere		n.	초연
presidency		n.	대통령직
reaches		v.	도달하다
react		v.	반응하다
realistic		adj.	현실적인
remarks		n.	발언
retain		v.	유지하다
roberts		n.	로버츠
rocky		adj.	바위가 많은
russians		n.	러시아인
saints		n.	성인
satisfaction		n.	만족
scratch		v.	긁다
scratch		n.	긁힌 자국
shade		n.	그늘
shade		n.	색조
sheets		n.	시트
sheets		n.	장
sheriff		n.	보안관
shy		adj.	수줍은
sometime		adv.	언젠가
spirits		n.	기분
spirits		n.	양주
sporting		adj.	스포츠의
strictly		adv.	엄격히
sunshine		n.	햇빛
teens		n.	십대
thou		pron.	그대
tier		n.	등급
tommy		n.	토미
travelling		v.	여행하다
vancouver		n.	밴쿠버
vocal		adj.	목소리의
vocal		adj.	솔직한
warrior		n.	전사
worries		v.	걱정하다
worries		n.	걱정
yield		v.	굴복하다
yield		v.	산출하다
yield		n.	수확량
youtube		n.	유튜브
accomplished		adj.	완성된
accomplished		adj.	능숙한
admission		n.	입장
admission		n.	입장료
adventures		n.	모험
aka		adv.	일명
appearing		v.	나타나다
bacon		n.	베이컨
barrier		n.	장벽
belgium		n.	벨기에
believing		v.	믿다
blacks		n.	흑인
bombs		n.	폭탄
burst		v.	터지다
burst		n.	분출
caps		n.	모자
casting		n.	캐스팅
casting		v.	주조하다
cattle		n.	소
classroom		n.	교실
collins		n.	콜린스
colours		n.	색
compromise		n.	타협
compromise		v.	타협하다
convenient		adj.	편리한
costa		n.	해안
criminals		n.	범죄자
crop		n.	농작물
crop		n.	수확
earthquake		n.	지향
elderly		adj.	연장자의
eliminate		v.	제거하다
embarrassing		adj.	곤란한
farmer		n.	농부
finest		adj.	가장 좋은
grants		n.	보조금
grants		v.	수여하다
harbor		n.	항구
harvey		n.	하비
hates		v.	미워하다
incidents		n.	사건
inform		v.	알리다
ion		n.	이이
jeremy		n.	제레미
lesbian		adj.	레즈비언의
lovers		n.	연인
mathematics		n.	수학
medication		n.	약
minded		adj.	…을 생각하는
morris		n.	모리스
norway		n.	노르웨이
par		n.	표준
podcast		n.	팟캐스트
portfolio		n.	포트폴리오
productivity		n.	생산성
promoted		v.	승진시키다
protocol		n.	프로토콜
quietly		adv.	조용히
rachel		n.	레이첼
replacing		v.	대체하다
responsibilities		n.	책임
salad		n.	샐러드
scholarship		n.	장학금
screening		n.	검진
sends		v.	보내다
smiling		v.	미소 짓다
soup		n.	수프
southeast		n.	남동
stake		n.	지분
stating		v.	진술하다
strain		n.	부담
suspected		v.	의심하다
swift		adj.	신속한
tackle		v.	다루다
tigers		n.	호랑iger
timeline		n.	타임라인
torture		n.	고문
traded		v.	거래하다
translated		v.	번역하다
tricks		n.	트릭
twins		n.	쌍둥이
urgent		adj.	긴급한
vegetables		n.	채소
vertical		adj.	수직의
violation		n.	위반
wallet		n.	지갑
welsh		adj.	웨일스의
workshop		n.	작업장
wrapped		v.	포장하다
aboard		adv.	탑승하여
abstract		adj.	추상적인
accent		n.	억양
addiction		n.	중독
associates		n.	동료
awake		adj.	깬
beam		n.	들보
beans		n.	콩
binding		n.	제본
blank		adj.	빈
buffalo		n.	물소
commons		n.	공유지
conservatives		n.	보수파
contacts		n.	연락처
conviction		n.	유죄 판결
corrupt		adj.	부패한
cow		n.	암소
curve		n.	곡선
depressed		adj.	우울한
deserved		adj.	마땅한
dining		n.	식사
disorders		n.	장애
duration		n.	기간
eddie		n.	에디
emily		n.	에밀리
encouraging		adj.	고무적인
farms		n.	농장
fifteen		num.	십오
flows		v.	흐르
genes		n.	유전자
graduated		v.	졸업하
grandmother		n.	할머니
harsh		adj.	가혹한
heights		n.	높이
horn		n.	뿔
hurry		v.	서두르
immune		adj.	면역의
inflation		n.	인플레이션
ingredients		n.	재료
inspection		n.	검사
install		v.	설치하
instruction		n.	지시
intensity		n.	강도
inventory		n.	재고
investigated		v.	조사한
invitation		n.	초대
judicial		adj.	사법의
justify		v.	정당화하
lakes		n.	호수
lean		v.	기울다
lecture		n.	강의
libraries		n.	도서관
logical		adj.	논리적인
mason		n.	석공
meaningful		adj.	의미 있는
migration		n.	이동
missile		n.	미사일
motivated		adj.	동기 부여된
muscles		n.	근육
nancy		n.	낸시
norman		n.	노먼
northwest		n.	북서
nurses		n.	간호사
organ		n.	기관
patrol		n.	순찰
patrol		v.	순찰하다
pearl		n.	진주
peer		n.	또래
peer		v.	응시하다
pepper		n.	후추
pig		n.	돼지
pile		n.	더미
plug		n.	플러그
plug		v.	꽂다
provision		n.	공급
provision		n.	조항
releasing		v.	방출하다
requiring		v.	필요로 하다
revised		adj.	수정된
revised		v.	수정하다
rod		n.	막대
scream		v.	비명을 지르다
scream		n.	비명
stairs		n.	계단
staring		v.	응시하다
statistical		adj.	통계적인
sticks		n.	막대
sticks		v.	붙이다
strangers		n.	낯선 사람
succeeded		v.	성공하다
sweat		n.	땀
sweat		v.	땀을 흘리다
switched		v.	전환하다
syrian		adj.	시리아의
tattoo		n.	문신
tattoo		v.	문신하다
teenage		adj.	10대의
thunder		n.	천둥
tours		n.	여행
tours		v.	여행하다
tragedy		n.	비극
trauma		n.	외상
vincent		n.	빈센트
wrestling		n.	레슬링
zoo		n.	동물원
accordance		n.	일치
acquire		v.	획득하다
activist		n.	활동가
activists		n.	활동가
addresses		n.	주소
addresses		v.	다루다
alike		adj.	비슷한
alike		adv.	마찬가지로
applicable		adj.	적용 가능한
arrow		n.	화살
availability		n.	가용성
bend		v.	구부리다
boundary		n.	경계
breach		n.	위반
breach		v.	위반하다
cabin		n.	오두막
cabin		n.	기내
cage		n.	우리
chancellor		n.	수상
cheers		int.	건배
circles		n.	원
circles		v.	회전하다
closet		n.	벽장
combine		v.	결합하다
companion		n.	동반자
comparing		v.	비교하다
consciousness		n.	의식
consultant		n.	컨설턴트
controller		n.	컨트롤러
controller		n.	관리자
corresponding		adj.	상응하는
courtesy		n.	예의
cuba		n.	쿠바
damages		n.	손해배상
demanding		adj.	까다로운
disc		n.	디스크
dishes		n.	요리
dozens		num.	수십
eagle		n.	독수리
eaten		v.	먹다
embassy		n.	대사관
engaging		adj.	매력적인
fascinating		adj.	매혹적인
financing		n.	자금 조달
fitted		adj.	장착된
flexible		adj.	유연한
gaining		v.	얻다
gentlemen		n.	신사들
goodness		n.	선량
guilt		n.	죄책감
haven		n.	안식처
helicopter		n.	헬리콥터
homework		n.	숙제
households		n.	가구
infected		adj.	감염된
keen		adj.	열심인
kenya		n.	케냐
lesser		adj.	더 작은
liberals		n.	자유주의자
lip		n.	입술
mandatory		adj.	의무적인
manufactured		v.	제조하다
mechanics		n.	역학
mere		adj.	단순한
miracle		n.	기적
mud		n.	진흙
murphy		n.	머피
nathan		n.	네이선
observation		n.	관찰
operates		v.	운영하다
owe		v.	빚지다
permitted		v.	허용하다
phenomenon		n.	현상
pittsburgh		n.	피츠버그
playoff		n.	플레이오프
precise		adj.	정확한
profession		n.	직업
prospect		n.	전망
protective		adj.	보호하는
providers		n.	제공자
publisher		n.	출판사
putin		n.	푸틴
reportedly		adv.	전해진 바에 따르면
retreat		n.	철수
rookie		n.	신입
sandwich		n.	샌드위치
seeks		v.	추구하다
sentences		n.	문장
separation		n.	분리
sexually		adv.	성적으로
ski		v.	스키를 타다
skilled		adj.	숙련된
sterling		n.	파운드
sterling		adj.	훌륭한
stuart		n.	스튜어트
surgeon		n.	외과의
theft		n.	절도
understands		v.	이해하다
valve		n.	밸브
visa		n.	비자
washing		n.	세탁
adjacent		adj.	인접한
agreements		n.	협정
appreciation		n.	감사
arabia		n.	아라비아
athletic		adj.	운동의
authorized		adj.	공인된
banner		n.	배너
beijing		n.	베이징
blew		v.	불다
blocking		v.	차단하다
brad		n.	브래드
caribbean		adj.	카리브의
charm		n.	매력
charm		v.	매혹하다
chasing		v.	추격하다
climbing		v.	등반하다
colony		n.	식민지
complaining		v.	불평하다
cookies		n.	쿠키
cruel		adj.	잔인한
curriculum		n.	교육과정
deadline		n.	마감일
deer		n.	사슴
delta		n.	삼각주
demanded		v.	요구하다
dive		v.	다이빙하다
divide		v.	나누다
easter		n.	부활절
electoral		adj.	선거의
eleven		num.	십일
entity		n.	개체
excessive		adj.	과도한
exercises		n.	연습
exercises		v.	운동하다
feminist		n.	페미니스트
feminist		adj.	페미니즘의
governing		adj.	통치하는
governing		v.	통치하다
ham		n.	햄
heal		v.	치유하다
interface		n.	인터페이스
ios		n.	iOS
jewelry		n.	보석
journalism		n.	저널리즘
juan		n.	후안
julia		n.	줄리아
jungle		n.	정글
linear		adj.	선형의
occasional		adj.	이따금의
oriented		adj.	지향하는
pete		n.	피트
pilots		n.	파일럿
prayers		n.	기도
predicted		v.	예측하다
pressed		v.	누르다
preventing		v.	방지하다
provisions		n.	조항
provisions		n.	식량
pursuit		n.	추구
pursuit		n.	오락
rap		n.	랩
rap		v.	두드리다
reflected		v.	반영하다
reminder		n.	알림
restored		v.	복원하다
resume		v.	재개하다
resume		n.	이력서
rev		v.	회전시키다
richmond		n.	리치먼드
ridge		n.	산등성이
scholars		n.	학자
sealed		v.	봉인하다
sounded		v.	들리다
streams		n.	개울
streams		n.	스트림
strongest		adj.	가장 강한
tends		v.	~하는 경향이 있다
thu		n.	목요일
thurs		n.	목요일
traditionalchinese		n.	번체자
tribe		n.	부족
unfortunate		adj.	불행한
variable		n.	변수
variable		adj.	가변적인
victorian		adj.	빅토리아 시대의
worrying		adj.	걱정되는
xi		n.	서
zones		n.	지역
ace		n.	에이스
adjusted		v.	조정하다
alternate		adj.	교대의
alternate		v.	교대하다
arrives		v.	도착하다
artwork		n.	아트워크
ashley		n.	애슐리
athlete		n.	운동선수
attraction		n.	매력
attraction		n.	명소
babe		n.	자기
bankruptcy		n.	파산
canon		n.	캐논
canon		n.	정전
capabilities		n.	능력
cared		v.	관심을 두다
catherine		n.	캐서린
chains		n.	사슬
closure		n.	폐쇄
cognitive		adj.	인지의
competitors		n.	경쟁자
connecticut		n.	코네티컷
convert		v.	변환하다
cooked		v.	요리하다
cups		n.	컵
deciding		v.	결정하다
defender		n.	수비수
dental		adj.	치과의
diplomatic		adj.	외교의
divisions		n.	부서
divisions		n.	분할
drum		n.	북
editorial		n.	사설
editorial		adj.	편집의
enabled		v.	활성화하다
entertaining		adj.	재미있는
entertaining		v.	접대하다
establishing		v.	설립하다
eternal		adj.	영원한
freeze		v.	동결하다
freeze		n.	동결
generic		adj.	일반적인
grandma		n.	할머니
grip		v.	쥐다
grip		n.	움켂
handful		n.	한 줌
happily		adv.	행복하게
harmony		n.	조화
hmm		int.	음
humble		adj.	겸손한
hurting		v.	아프다
hybrid		n.	하이브리드
hybrid		adj.	혼합의
intentions		n.	의도
investing		v.	투자하다
keyboard		n.	키보드
lasting		adj.	지속되는
locally		adv.	지역적으로
loses		v.	잃다
mild		adj.	온화한
minimal		adj.	최소한의
mixing		v.	섞다
molecular		adj.	분자의
nearest		adj.	가장 가까운
neighbor		n.	이웃
noon		n.	정오
nowadays		adv.	요즘
openly		adv.	공공연히
overview		n.	개요
paas		n.	서비스형 플랫폼
pairs		n.	짝
palestinian		adj.	팔레스타인의
parish		n.	교구
pathetic		adj.	불쌍한
poems		n.	시
possibilities		n.	가능성
potato		n.	감자
potter		n.	도공
preference		n.	선호
promising		adj.	유망한
proportion		n.	비율
purchases		n.	구입
rage		n.	격노
reflects		v.	반영하다
respected		adj.	존경받는
restoration		n.	복원
selfish		adj.	이기적인
sergeant		n.	중사
silk		n.	비단
stamp		n.	우표
stamp		v.	도장을 찍다
throne		n.	왕좌
urge		v.	촉구하다
urge		n.	충동
voter		n.	유권자
warner		n.	경고자
wasting		v.	낭비하다
witch		n.	마녀
advantages		n.	이점
ally		n.	동맹
archives		n.	기록 보관소
array		n.	배열
assisted		adj.	지원된
backs		n.	등
belly		n.	배
booth		n.	부스
breakdown		n.	고장
bridges		n.	다리
brutal		adj.	잔인한
calculated		adj.	계산된
cam		n.	캠
centres		n.	센터
cfo		n.	최고재무책임자
chapters		n.	장
chieftechnologyofficer		n.	최고기술책임자
citizenship		n.	시민권
civilians		n.	민간인
cliff		n.	절
conflicts		n.	분쟁
consensus		n.	합의
cto		n.	최고기술책임자
cycling		n.	사이클링
declaration		n.	선언
dennis		n.	데니스
derby		n.	더비
distinction		n.	구별
donations		n.	기부
dragons		n.	용
draws		v.	그리다
examined		v.	검사했다
facial		adj.	얼굴의
faithful		adj.	충실한
fatal		adj.	치명적인
fig		n.	무화과
fitting		n.	피팅
genuinely		adv.	진정으로
hardest		adj.	가장 어려운
holland		n.	네덜란드
honored		adj.	영광스러운
hunger		n.	기아
hurricane		n.	허리케인
implications		n.	영향
import		v.	수입하다
innovative		adj.	혁신적인
jurisdiction		n.	관할권
laughter		n.	웃음
lemon		n.	레몬
lifted		v.	들어올렸다
loading		n.	로딩
lung		n.	폐
matching		adj.	일치하는
mighty		adj.	강력한
monetary		adj.	통화의
novels		n.	소설
nutrition		n.	영양
ore		n.	광석
outcomes		n.	결과
pine		n.	소나무
polls		n.	여론조출
poorly		adv.	못하게
portugal		n.	포르투갈
pose		v.	포즈를 취하다
pose		n.	포즈
pour		v.	붓다
proteins		n.	단백질
provider		n.	제공자
publish		v.	출판하다
purely		adv.	순전히
ralph		n.	랄프
rental		n.	임대
resolved		v.	해결하다
rewards		n.	보상
sang		v.	노래하다
seemingly		adv.	겉보기에
senators		n.	상원의원
severely		adv.	심하게
shark		n.	상어
shocking		adj.	충격적인
southwest		n.	남서
studios		n.	스튜디о
survivors		n.	생존자
tales		n.	이야기
technically		adv.	기술적으로
titled		v.	제목이 ~인
traditions		n.	전통
unlimited		adj.	무제한의
washed		v.	씻다
watches		n.	시계
watches		v.	보다
advise		v.	조언하다
anxious		adj.	불안한
appearances		n.	외관
bee		n.	벌
bombing		n.	폭격
cafe		n.	카페
carlos		n.	카를로스
challenged		v.	도전하다
cigarettes		n.	담배
colin		n.	콜린
consisting		v.	구성하다
cult		n.	사이비 종교
dairy		n.	유제품
dakota		n.	다코타
darling		n.	자기
delighted		adj.	기쁜
delivering		v.	배달하다
destroying		v.	파괴하다
diary		n.	일기
disagree		v.	동의하지 않다
disappear		v.	사라지다
drill		n.	드릴
earliest		adj.	가장 이른
edges		n.	가장자리
entries		n.	항목
euro		n.	유로
evolved		v.	진화하다
exports		n.	수출
fixing		v.	수리하다
flags		n.	깃발
flies		v.	날다
flies		n.	파리
forecast		n.	예보
governance		n.	통치
heated		adj.	가열된
heated		adj.	격렬한
hug		v.	포옹하다
hug		n.	포옹
importantly		adv.	중요하게
indicating		v.	나타내다
indoor		adj.	실내의
influential		adj.	영향력 있는
intend		v.	의도하다
intend		v.	~하려고 하다
invisible		adj.	보이지 않는
jeans		n.	청바지
jets		n.	제트기
jets		n.	제트 기류
julie		n.	줄리
karen		n.	캐런
lasted		v.	지속되다
lawsuit		n.	소송
leak		v.	새다
leak		n.	누출
lighter		n.	라이터
lighter		adj.	더 가벼운
lucas		n.	루카스
marcus		n.	마커스
mentions		v.	언급하다
meter		n.	미터
meter		n.	계기
mice		n.	쥐
mice		n.	마우스
musicians		n.	음악가
olive		n.	올리브
passionate		adj.	열정적인
potatoes		n.	감자
prevented		v.	막다
receiver		n.	수신기
receiver		n.	수화기
recommendation		n.	권고
riot		n.	폭동
rogers		n.	로저스
roster		n.	명단
safer		adj.	더 안전한
sells		v.	팔다
sentenced		v.	선고하다
servant		n.	하인
setup		n.	설정
setup		n.	장치
skull		n.	두개골
slot		n.	슬롯
slot		n.	시간대
smash		v.	부수다
smash		v.	스매시하다
statue		n.	상
surprisingly		adv.	놀랍게도
surrender		v.	항복하다
surrender		v.	포기하다
suspicious		adj.	수상한
teenager		n.	청소년
tender		adj.	부드러운
tender		n.	입찰
thoroughly		adv.	철저히
todd		n.	토드
treatments		n.	치료
treatments		n.	처리
vacuum		n.	진공
vacuum		n.	청소기
variations		n.	변화
wed		v.	결혼하다
wont		adj.	익숙한
acknowledged		v.	인정하다
advances		n.	진보
advances		v.	전진하다
agrees		v.	동의하다
agrees		v.	일치하다
allegations		n.	혐의
anticipated		v.	예상하다
approve		v.	승인하다
approve		v.	찬성하다
architect		n.	건축가
basin		n.	대야
beneficial		adj.	유익한
bleeding		n.	출혈
bleeding		v.	출혈하다
breed		v.	번식하다
breed		n.	품종
breeding		n.	번식
bride		n.	신부
broadway		n.	브로드웨이
bros		n.	형제들
bud		n.	꽃봉오리
butler		n.	집사
careers		n.	직업
cartoon		n.	만화
celebrities		n.	유명인
chick		n.	병아리
coke		n.	콜라
coke		n.	코크스
comparable		adj.	필적하는
confirmation		n.	확인
console		n.	콘솔
console		v.	위로하다
contractor		n.	도급업자
contributing		v.	기여하다
diameter		n.	직경
dubai		n.	두바이
dublin		n.	더블린
dump		v.	버리다
dump		n.	쓰레기 처리장
duo		n.	듀오
dynamics		n.	다이내믹스
elephant		n.	코끼리
enhanced		adj.	강화된
essays		n.	수필
exhausted		adj.	지친
fabric		n.	천
fabulous		adj.	훌륭한
fairy		n.	요정
fathers		n.	아버지
focuses		n.	초점
fold		v.	접다
freak		n.	괴인
frustrated		adj.	좌절한
gambling		n.	도박
gently		adv.	부드럽게
glorious		adj.	영광스러운
grief		n.	비통
harrison		n.	해리슨
historically		adv.	역사적으로
hub		n.	중심
hughes		n.	휴스
inevitable		adj.	피할 수 없는
investigating		v.	조사하다
it'll		v.	~할 것이다
labels		n.	라벨
lacking		adj.	부족한
laughs		n.	웃음
layout		n.	배치
lined		adj.	줄지은
lodge		n.	오두막
lords		n.	귀족
merchant		n.	상인
merit		n.	장점
micro		n.	마이크로
myth		n.	신화
nintendo		n.	닌텐도
objectives		n.	목표
obsessed		adj.	집착하는
organised		adj.	조직적인
overwhelming		adj.	압도적인
pale		adj.	창백한
particles		n.	입자
pastor		n.	목사
penalties		n.	처벌
permanently		adv.	영구히
pets		n.	애완동물
pockets		n.	주머니
poison		n.	독
predict		v.	예측하다
presenting		v.	제시하다
presidents		n.	대통령
pressing		adj.	긴급한
prints		n.	인쇄물
provincial		adj.	지방의
raped		v.	강간하다
realised		v.	깨닫다
rebel		n.	반역자
repairs		n.	수리
rotation		n.	회전
separately		adv.	따로
shaking		v.	흔들다
shaw		n.	쇼
societies		n.	사회
solved		v.	해결하다
starring		v.	주연하다
struggles		v.	투쟁하다
struggles		n.	투쟁
subtle		adj.	미묘한
tastes		n.	맛
throws		v.	던지다
toll		n.	통행료
tooth		n.	이
torn		v.	찢다
tragic		adj.	비극적인
trainer		n.	트레이너
transformed		v.	변형하다
unbelievable		adj.	믿을 수 없는
underneath		prep.	아래에
variation		n.	변화
viewing		n.	시청
viral		adj.	바이러스의
warehouse		n.	창고
wears		v.	입다
widow		n.	과부
wives		n.	아내
adjust		v.	조정하다
administrator		n.	관리자
affecting		v.	영향을 미치다
allied		adj.	동맹의
altogether		adv.	전부
animated		adj.	애니메이션의
answering		v.	대답하다
assess		v.	평가하다
assumption		n.	가정
assured		adj.	확신하는
austria		n.	오스트리아
avoided		v.	피하다
avoiding		v.	피하다
basket		n.	바구니
beard		n.	수염
bio		n.	약력
blanket		n.	담요
brains		n.	두뇌
bucket		n.	양동이
burger		n.	햄버거
capability		n.	능력
charming		adj.	매력적인
chiefs		n.	수장
commented		v.	논평하다
computing		n.	컴퓨팅
concentrate		v.	집중하하다
conducting		v.	수행하다
consequence		n.	결과
continent		n.	대륙
cookie		n.	쿠키
cruz		n.	크루즈
curse		n.	저주
displays		n.	디스플레이
drain		v.	배수하다
emissions		n.	배출
ethical		adj.	윤리적인
excellence		n.	탁월함
flame		n.	불꽃
forests		n.	숲
freely		adv.	자유롭게
fruits		n.	과일
grabbed		v.	움켜쥐다
graduation		n.	졸업
he'd		pron.	그는…했다
hint		n.	힌트
horizon		n.	수평선
hostile		adj.	적대적인
imagined		v.	상상하다
inhabitants		n.	주민
ink		n.	잉크
inn		n.	여관
intel		n.	인텔
kicks		v.	차다
legends		n.	전설
lucy		n.	루시
magazines		n.	잡지
matrix		n.	행렬
measuring		v.	측정하다
miserable		adj.	비참한
momentum		n.	기세
monkey		n.	원숭i
montreal		n.	몬트리올
motorcycle		n.	오토바이
nationwide		adj.	전국의
nest		n.	둥지
newcastle		n.	뉴캐슬
nicely		adv.	좋게
ninth		num.	아홉 번째
nomination		n.	지명
notable		adj.	저명한
obligation		n.	의무
optical		adj.	광학의
outlook		n.	전망
penny		n.	센트
petty		adj.	사소한
phd		n.	박사
ports		n.	항구
preserved		v.	보존하다
programmes		n.	프로그램
prospects		n.	전망
publishers		n.	출판사
quantity		n.	수량
quantum		n.	양자
rainbow		n.	무지개
rebels		n.	반란자
recognised		v.	인정하다
reed		n.	갈대
reign		n.	통치
responding		v.	응답하다
retained		v.	유지하다
rises		v.	상승하nąć
saves		v.	구하다
scan		v.	스캔하다
scare		v.	겁주다
sectors		n.	부문
shorts		n.	반바지
span		n.	기간
specialized		adj.	전문의
spencer		n.	스펜서
submission		n.	제출
sunny		adj.	화창한
supporter		n.	지지자
testament		n.	증거
toe		n.	발가락
tops		adv.	기껏해야
tremendous		adj.	굉장한
valued		adj.	소중한
wounds		n.	상처
accommodation		n.	숙소
achievements		n.	성취
addressing		v.	다루다
adorable		adj.	사랑스러운
allegedly		adv.	주장에 따르면
ambulance		n.	구급차
ashamed		adj.	부끄러워하는
assure		v.	보장하다
bailey		n.	베일리
ballot		n.	투표용지
batteries		n.	전지
blessing		n.	축복
cemetery		n.	묘지
chambers		n.	방
cheat		v.	속이다
cheat		n.	사기꾼
cheer		v.	환호하다
cheer		n.	환호
chile		n.	칠레
cigarette		n.	담배
compact		adj.	컴팩트한
compact		n.	계약
completing		v.	완료하다
consulting		n.	컨설팅
cooling		n.	냉각
corners		n.	모서리
deficit		n.	적자
demo		n.	데모
demon		n.	악마
demonstration		n.	시연
demonstration		n.	시위
detected		v.	감지하다
detection		n.	감지
doll		n.	인형
donated		v.	기부하다
elaborate		adj.	정교한
elaborate		v.	상세히 설명하다
elder		n.	연장자
elder		adj.	연장의
encountered		v.	마주치다
expertise		n.	전문 지식
exploring		v.	탐험하다
fiber		n.	섬유
filmed		v.	촬영하다
fried		adj.	튀긴
grocery		n.	식료품
guided		adj.	안내된
guinea		n.	기니
halfway		adv.	도중에
happier		adj.	더 행복한
heels		n.	발뒤꿈치
holmes		n.	홈즈
hull		n.	선체
hull		n.	헐
independently		adv.	독립적으로
indication		n.	지시
insisted		v.	주장하다
instances		n.	실례
intensive		adj.	집중적인
interactive		adj.	상호작용하는
intimate		adj.	친밀한
laundry		n.	세탁소
laundry		n.	세탁물
lifting		v.	들어올리다
linda		n.	린다
martial		adj.	군사의
nigerian		adj.	나이지리아의
northeast		n.	북동
observe		v.	관찰하다
packing		n.	포장
panels		n.	패널
password		n.	비밀번호
pokemon		n.	포켓몬
politically		adv.	정치적으로
presumably		adv.	아마도
priorities		n.	우선순위
pronounced		adj.	뚜렷한
pronounced		v.	발음하다
prosecution		n.	기소
proves		v.	증명하다
pulse		n.	맥박
purchasing		n.	구매
qualities		n.	품질
queens		n.	여왕
rational		adj.	이성적인
realm		n.	영역
reforms		n.	개혁
revenues		n.	수입
rides		n.	놀이기구
rides		v.	타다
ripped		v.	찢다
rope		n.	밧줄
shadows		n.	그림자
shout		v.	외치다
shout		n.	외침
sierra		n.	시에라
smartphone		n.	스마트폰
specified		v.	지정하다
spectacular		adj.	굉장한
streak		n.	줄무늬
streak		n.	연속
subscription		n.	구독
switching		v.	전환
technological		adj.	기술의
temporarily		adv.	일시적으로
tolerance		n.	관용
tourists		n.	관광객
traditionally		adv.	전통적으로
traveled		v.	여행하다
treats		v.	대우하다
treats		n.	간식
unhappy		adj.	불행한
whites		n.	백인
accomplish		v.	완수하다
adequate		adj.	충분한
alter		v.	바꾸다
apology		n.	사과
arkansas		n.	아칸소주
attributed		v.	돌리다
beg		v.	구걸하다
belonging		n.	소속감
booked		v.	예약하다
bout		n.	라운드
bowling		n.	볼링
brass		n.	황동
buzz		n.	윙윙거림
buzz		n.	화제
clarke		n.	클라크
comeback		n.	컴백
cos		conj.	왜냐하면
crops		n.	작물
declare		v.	선언하다
designers		n.	디자이너
detect		v.	감지하다
diagnosed		v.	진단하다
diesel		n.	디젤
dimensions		n.	치수
dimensions		n.	차원
dip		v.	담그다
dip		n.	하락
disturbing		adj.	불안한
dot		n.	점
dresses		n.	원피스
dylan		n.	딜런
effectiveness		n.	효과성
eliminated		v.	탈락시키다
ellen		n.	엘렌
exceptional		adj.	탁월한
filing		n.	서류 제출
fled		v.	도망치다
foul		adj.	반칙의
frankly		adv.	솔직히
freezing		adj.	얼어붙는
graph		n.	그래프
hack		v.	해킹하다
hannah		n.	한나
hatred		n.	증오
ignorant		adj.	무지한
influences		n.	영향
interact		v.	상호작용하다
judging		v.	판단하다
knights		n.	기사
lamp		n.	램프
limitations		n.	제한
majesty		n.	폐하
measurements		n.	측정값
median		n.	중앙값
medieval		adj.	중세의
milan		n.	밀라노
mobility		n.	이동성
montana		n.	몬태나
murders		n.	살인
nyc		n.	뉴욕
orientation		n.	방향
oven		n.	오븐
owen		n.	오언
passport		n.	여권
penis		n.	음경
pills		n.	알약
planets		n.	행성
proceeds		n.	수익
rabbit		n.	토끼
raises		v.	올리다
ranges		n.	범위
rats		n.	쥐
retire		v.	퇴직하다
rhythm		n.	리듬
ruth		n.	루스
savage		adj.	야만적인
servers		n.	서버
shook		v.	흔들다
shooter		n.	사수
siblings		n.	형제자매
slim		adj.	날씬한
someday		adv.	언젠가
sophisticated		adj.	정교한
spam		n.	스팸
speeds		n.	속도
stack		n.	스택
stance		n.	입장
static		adj.	정적인
subway		n.	지하철
supportive		adj.	지지하는
surgical		adj.	외과의
symbols		n.	기호
tablet		n.	정제
tablet		n.	태블릿
tent		n.	텐트
thesis		n.	논문
thesis		n.	논지
tide		n.	조석
travels		n.	여행
travels		v.	여행하다
wallace		n.	월리스
warfare		n.	전쟁
warming		n.	온난화
weekends		n.	주말
withdraw		v.	철회하다
withdraw		v.	인출하다
withdrawal		n.	철회
withdrawal		n.	인출
youngest		adj.	막내의
aging		n.	노화
aging		v.	늙어가다
airline		n.	항공사
alternatives		n.	대안
anyways		adv.	어쨌든
argues		v.	논쟁하다
audit		n.	감사
audit		v.	감사하다
authentic		adj.	진짜의
ave		n.	대로
backwards		adv.	뒤로
blonde		adj.	금발의
blows		v.	불다
bolt		n.	볼트
bolt		n.	번개
brooks		n.	브룩스
bugs		n.	벌레
bugs		n.	버그
bust		v.	부수다
bust		n.	흉상
clearing		n.	텃밭
clips		n.	클립
collar		n.	옷깃
collar		n.	목걸이
columbus		n.	콜럼버스
comply		v.	준수하다
cope		v.	대처하다
counted		v.	세다
crashed		v.	추락하다
creepy		adj.	소름 끼치는
cum		prep.	및
denmark		n.	덴마크
divorced		adj.	이혼한
donate		v.	기부하
drawings		n.	그림
dried		adj.	말린
ebay		n.	이베이
echo		n.	메아리
editors		n.	편집자
edwards		n.	에드워즈
emotionally		adv.	감정적으로
enhance		v.	강화하다
experiencing		v.	경험하다
extending		v.	연장하다
finale		n.	피날레
flavor		n.	맛
floors		n.	바닥
floors		n.	층
gloves		n.	장갑
harper		n.	하퍼
hart		n.	하트
ignorance		n.	무지
ignoring		v.	무시하다
immigrant		n.	이민자
induced		v.	유발하다
inspiring		adj.	감동적인
intermediate		adj.	중급의
invention		n.	발명
ip		n.	IP
jesse		n.	제시
joins		v.	합류하다
jrpg		n.	JRPG
lasvegas		n.	라스베이거스
likewise		adv.	마찬가지로
lineup		n.	라인업
logan		n.	로건
magnificent		adj.	장려한
mathematical		adj.	수학적인
meantime		n.	그 동안
nails		n.	못
nevada		n.	네바다
newest		adj.	가장 새로운
nonetheless		adv.	그럼에도
nut		n.	견과
o'clock		adv.	시
opposing		adj.	반대하는
origins		n.	기원
orlando		n.	올랜도
physicians		n.	의사
pipeline		n.	파이프라인
placement		n.	배치
planted		v.	심다
pricing		n.	가격 책정
puerto		n.	푸에르토리코
questioning		v.	의문을 제기하다
recreation		n.	오락
renewed		adj.	갱신된
resigned		v.	사임하다
shallow		adj.	얕은
shanghai		n.	상하이
shitty		adj.	형편없는
singh		n.	싱
sins		n.	죄
sketch		n.	스케치
smells		v.	냄새가 나다
soda		n.	소다
spite		n.	악의
sponsor		n.	스폰서
strengthen		v.	강화하다
strings		n.	문자열
sunset		n.	일몰
taiwan		n.	대만
thanksgiving		n.	추수감사절
thermal		adj.	열의
trades		n.	무역
transform		v.	변형하다
witnessed		v.	목격하다
workplace		n.	직장
yorkshire		n.	요크셔
achieving		v.	달성하다
aliens		n.	외계인
amsterdam		n.	암스테르담
analyst		n.	분석가
arabic		n.	아랍어
arctic		adj.	북극의
assists		v.	어시스트하다
bennett		n.	베네트
bristol		n.	브리스톨
burnt		v.	타다
buyer		n.	구매자
calories		n.	칼로리
cannabis		n.	대마
cease		v.	중지하다
championships		n.	선수권
chapel		n.	예배당
cloth		n.	천
conferences		n.	회의
considers		v.	고려하다
container		n.	용기
cowboys		n.	카우보이
crushed		v.	으깨다
deployed		v.	배치하다
differ		v.	다르다
dimensional		adj.	차원의
eager		adj.	열망하는
elect		v.	선출하다
elevated		adj.	높아진
essence		n.	본질
executives		n.	경영진
flames		n.	화염
fork		n.	포크
fur		n.	모피
gps		n.	GPS
harold		n.	해럴드
harvest		v.	수확하다
headline		n.	헤드라인
hudson		n.	허드슨
hype		n.	과대 홍보
identifying		v.	식별하다
impacts		n.	영향
insist		v.	주장하다
junk		n.	잡동사니
kenny		n.	케니
kidney		n.	콩팥
ladder		n.	사다리
lloyd		n.	로이드
lobby		n.	로비
marc		n.	마르크
mechanisms		n.	메커니즘
mineral		n.	광물
mob		n.	폭도
modest		adj.	겸손한
motors		n.	모터
navigation		n.	내비게이션
nicholas		n.	니콜라스
ntfs		n.	NTFS
orbit		n.	궤도
paragraph		n.	단락
passive		adj.	수동의
passive		n.	수동태
peninsula		n.	반도
phillips		n.	필립스
pill		n.	알약
pork		n.	돼지고기
portuguese		adj.	포르투갈의
portuguese		n.	포르투갈인
profitable		adj.	수익성 있는
provinces		n.	주
ranch		n.	목장
rays		n.	광선
reasonably		adv.	합리적으로
reject		v.	거절하다
remainder		n.	나머지
schemes		n.	계획
screens		n.	화면
seized		v.	장악하다
semester		n.	학기
sentiment		n.	감정
servants		n.	하인
shipped		v.	선적하다
socks		n.	양말
suited		adj.	적합한
supplement		n.	보충
supplement		v.	보충하다
surviving		adj.	생존한
thereby		adv.	그로 인해
threshold		n.	문지방
threshold		n.	임계값
tin		n.	주석
tin		n.	통조림
tires		n.	타이어
tribal		adj.	부족의
tribes		n.	부족
trunk		n.	줄기
trunk		n.	트렁크
uncertainty		n.	불확실성
vampire		n.	뱀파이어
varied		adj.	다양한
verdict		n.	판결
abandon		v.	버리다
accommodate		v.	수용하다
accordingly		adv.	그러므ろ
aesthetic		adj.	미적인
algorithm		n.	알고리즘
altered		v.	바꾸다
anchor		n.	닻
angela		n.	안젤라
arch		n.	아치
associations		n.	협회
audiences		n.	관객
axis		n.	축
badge		n.	배지
bernard		n.	버나드
bizarre		adj.	기괴한
bounce		v.	튀다
broadcasting		n.	방송
bullets		n.	총알
buses		n.	버스
cannon		n.	대포
carol		n.	캐럴
carriers		n.	운송업체
chairs		n.	의자
cleaned		v.	청소하다
complexity		n.	복잡성
confusing		adj.	혼란스러운
consultation		n.	상담
continental		adj.	대륙의
convenience		n.	편의
deliberately		adv.	일부러
diamonds		n.	다이아몬드
diana		n.	다이애나
dictionary		n.	사전
dignity		n.	존엄
dimension		n.	차원
disappointing		adj.	실망스러운
diving		n.	다이빙
doug		n.	더그
duncan		n.	던컨
ego		n.	자아
enthusiasm		n.	열정
environments		n.	환경
equation		n.	방정식
extract		v.	추출하다
favorites		n.	즐겨찾기
ferry		n.	페리
fisher		n.	어부
flexibility		n.	유연성
flowing		v.	흐르다
fridge		n.	냉장교
functioning		v.	작동하다
fusion		n.	융합
gauge		n.	계기
goat		n.	염소
graduates		n.	졸업생
gut		n.	장
heck		int.	이런
helmet		n.	헬멧
holders		n.	보유자
ideology		n.	이념
idiots		n.	바보
inclusion		n.	포함
initiatives		n.	주도권
initiatives		n.	조치
innings		n.	이닝
insects		n.	곤충
instructor		n.	강사
isolation		n.	고립
justified		adj.	정당화된
keeper		n.	관리인
lamb		n.	어린양
liar		n.	거짓말쟁이
machinery		n.	기계
mansion		n.	맨션
mega		adj.	메가의
mercury		n.	수은
namely		adv.	즉
nbc		n.	NBC
needing		v.	필요하다
nerves		n.	신경
observations		n.	관찰
ordering		v.	주문하다
palmer		n.	팔머
paths		n.	경로
peers		n.	또래
pending		adj.	미결의
platinum		n.	백금
possess		v.	소유하다
praised		v.	칭찬하다
premises		n.	건물
probability		n.	확률
questioned		v.	의문을 제기하다
refuses		v.	거부하다
resignation		n.	사임
rider		n.	기수
ritual		n.	의식
ruins		n.	폐허
shelf		n.	선반
slam		v.	세게 때리다
stakes		n.	도박
starter		n.	시동기
sticking		v.	붙다
subscribe		v.	구독하다
superman		n.	슈퍼맨
surfaces		n.	표면
territories		n.	영토
tire		n.	타이어
towers		n.	탑
transfers		v.	이전하다
utterly		adv.	완전히
voltage		n.	전압
warn		v.	경고하다
width		n.	폭
workout		n.	운동
aa		n.	알코올중독자익명회
activated		adj.	활성화된
adaptation		n.	적응
advisor		n.	고문
aluminum		n.	알루미늄
apartments		n.	아파트
attitudes		n.	태도
attorneys		n.	변호사
bail		n.	보석
barriers		n.	장벽
belonged		v.	속하다
bradley		n.	브래들리
brandon		n.	브랜던
broader		adj.	더 넓은
buck		n.	달러
caroline		n.	캐롤라인
characterized		v.	특징지어지다
chiefexecutiveofficer		n.	최고경영자
civilization		n.	문명
congrats		int.	축하합니다
contractors		n.	도급업자
creativity		n.	창의력
dealers		n.	판매상
delicate		adj.	섬세한
den		n.	굴
derek		n.	데렉
desires		n.	욕망
disappointment		n.	실망
disk		n.	디스크
enters		v.	들어가다
evaluate		v.	평가하다
formally		adv.	정식으로
frames		n.	프레임
goddess		n.	여신
gov		n.	정부
hampshire		n.	햄프셔
harassment		n.	괴롭힘
hats		n.	모자
hugh		n.	휴
insert		v.	삽입하다
joan		n.	조앤
lebanon		n.	레바논
leeds		n.	리즈
leonard		n.	레너드
liquor		n.	술
loser		n.	패자
malcolm		n.	맬컴
massage		n.	마사지
matched		v.	일치하다
milwaukee		n.	밀워키
musician		n.	음악가
nato		n.	북대서양조약기구
nephew		n.	조카
notably		adv.	특히
orchestra		n.	관현악단
packages		n.	소포
pad		n.	패드
pakistani		adj.	파키스탄의
participated		v.	참가하다
precision		n.	정밀
preservation		n.	보존
priests		n.	사제
privately		adv.	은밀히
prizes		n.	상
pulls		v.	당기다
qualifying		v.	예선
reasoning		n.	추론
relaxed		adj.	편안한
reporters		n.	기자
roses		n.	장미
rumors		n.	소문
sail		v.	항해하다
salmon		n.	연어
secretly		adv.	몰래
seller		n.	판매자
sheer		adj.	순전한
shifts		n.	교대
simpson		n.	심슨
smallest		adj.	가장 작은
specially		adv.	특별히
stark		adj.	완전한
struggled		v.	발버둥치다
sympathy		n.	동정
tan		n.	황갈색
teenagers		n.	청소년
theoretical		adj.	이론적인
thumb		n.	엄지
timber		n.	목재
transparent		adj.	투명한
travis		n.	트래비스
upside		n.	긍정적 측면
urged		v.	촉구하다
visitor		n.	방문자
vitamin		n.	비타민
void		adj.	무효의
void		n.	공허
voluntary		adj.	자원의
wheat		n.	밀
whip		v.	채찍질하다
whip		n.	채찍
wipe		v.	닦다
wolves		n.	늑대
wrist		n.	손목
zerotrust		n.	제로트러스트
abused		v.	학대하다
abused		adj.	학대받는
acute		adj.	심각한
admiral		n.	제독
amanda		n.	아만다
arnold		n.	아놀드
arrange		v.	마련하다
arrange		v.	정리하다
banana		n.	바나나
behave		v.	행동하다
betting		n.	도박
blair		n.	블레어
borrow		v.	빌리다
camping		n.	캠핑
capitol		n.	의사당
cctv		n.	중앙텔레비전
celtic		n.	켈트
chan		n.	Chan
chin		n.	턱
chinacentraltelevision		n.	중국중앙텔레비전
civic		adj.	시민의
clerk		n.	점원
conclusions		n.	결론
considerably		adv.	상당히
contacted		v.	연락하다
cottage		n.	오두막
coup		n.	쿠데타
criticized		v.	비판하다
crude		adj.	조잡한
crude		adj.	원유의
dash		v.	돌진하다
dash		n.	대시
decreased		v.	감소하다
defended		v.	변호하다
demons		n.	악마
deposits		n.	예금
disclosure		n.	공개
disposal		n.	처분
distinctive		adj.	독특한
documented		adj.	기록된
donation		n.	기부
dragged		v.	끌다
encounters		n.	조우
ensuring		v.	보장하다
enterprises		n.	기업
escort		n.	호위
exams		n.	시험
firmly		adv.	굳게
flour		n.	밀가루
geneva		n.	제네바
hindu		n.	힌두교도
holdings		n.	지주회사
indie		adj.	인디
indirect		adj.	간접적인
inspire		v.	고무하다
institutional		adj.	제도의
interim		adj.	임시의
interviewed		v.	인터뷰하다
java		n.	자바
jefferson		n.	제퍼슨
jerk		n.	멍청이
karl		n.	칼
kindly		adv.	친절히
kindness		n.	친절
locals		n.	현지인
lottery		n.	복권
louise		n.	루이즈
magnitude		n.	규모
minus		prep.	마이너스
noting		v.	알아차리다
nude		adj.	누드의
organs		n.	기기
outlet		n.	콘센트
outlets		n.	콘센트
parameters		n.	매개변수
pause		v.	일시 중지하다
pledge		n.	서약
portal		n.	포털
prescription		n.	처방
protesters		n.	시위자
proving		v.	증명하다
publicity		n.	홍보
punished		v.	처벌하다
puppy		n.	강아지
recruitment		n.	채용
screwed		adj.	망친
shades		n.	색조
shakespeare		n.	셰익스피어
silicon		n.	규소
slice		n.	조각
spelling		n.	철자
spurs		n.	박차
subscribers		n.	구독자
surveys		n.	설문
survivor		n.	생존자
telegraph		n.	전보
tits		n.	가슴
vaccine		n.	백신
vinyl		n.	비닐
westminster		n.	웨스트민스터
wished		v.	바라다
wonders		n.	경이
accurately		adv.	정확히
adelaide		n.	애들레이드
affiliate		n.	계열사
affiliate		v.	가입시키다
alfred		n.	알프레드
asylum		n.	망명
asylum		n.	정신병원
barn		n.	헛간
bent		adj.	구부러진
bernie		n.	버니
brussels		n.	브뤼셀
cathedral		n.	대성당
centered		adj.	중심의
clause		n.	조항
clause		n.	절
cluster		n.	군집
cluster		v.	무리지다
complained		v.	불평하다
compounds		n.	화합물
consistency		n.	일관성
cracked		adj.	갈라진
cylinder		n.	원기둥
cylinder		n.	실린더
dancer		n.	무용수
deaf		adj.	귀머거운
debts		n.	부채
denial		n.	부인
digging		v.	파기
dock		n.	부두
dock		v.	접안하다
entrepreneur		n.	기업가
evident		adj.	분명한
expectation		n.	기대
expedition		n.	탐험
expressing		v.	표현
extends		v.	확장하다
facilitate		v.	촉진하다
failures		n.	실패
feat		n.	위업
fossil		n.	화석
founding		v.	설립하다
freight		n.	화물
generating		v.	생성하다
goddamn		adj.	빌어먹을
guides		n.	안내서
honesty		n.	정직
inappropriate		adj.	부적절한
infant		n.	유아
initiated		v.	시작하다
injection		n.	주사
instrumental		adj.	도구의
instrumental		n.	기악곡
insult		n.	모욕
interference		n.	간섭
interstate		adj.	주간의
julian		n.	줄리안
kong		n.	콩
launching		v.	발사하다
liking		n.	호항
linux		n.	리눅스
luis		n.	루이스
mates		n.	친구
mediterranean		n.	지중해
neat		adj.	단정한
negotiate		v.	협상하다
nicole		n.	니콜
obligations		n.	의무
offset		n.	오프셋
outbreak		n.	발발
pal		n.	친구
palestine		n.	팔레스타인
perfection		n.	완벽
pigs		n.	돼지
pirates		n.	해적
posters		n.	포스터
practicing		v.	연습하다
praying		v.	기도하다
probe		n.	탐사선
prohibited		adj.	금지된
projected		adj.	예상되는
propose		v.	제안하다
quarterly		adj.	분기의
recipes		n.	레시피
recruiting		v.	채용하다
refusing		v.	거절하다
rehabilitation		n.	재활
reid		n.	리드
remix		n.	리믹스
resistant		adj.	저항성의
reynolds		n.	레이놀즈
riders		n.	기수
robots		n.	로봇
rockets		n.	로켓
roller		n.	롤러
sailing		n.	요트 타기
shapes		n.	모양
skinny		adj.	말라있는
slipped		v.	미끄러지다
sneak		v.	몰래 들어가다
solving		v.	해결하다
sore		adj.	아픈
spark		n.	불꽃
speculation		n.	추측
steep		adj.	가파른
stevens		n.	스티븐스
straw		n.	짚
successor		n.	후계자
targeting		v.	표적으로 삼다
triggered		v.	촉발하다
troubles		n.	곤란
uncertain		adj.	불확실한
upload		v.	업로드하다
usd		n.	미국 달러
vector		n.	벡터
violations		n.	위반
weigh		v.	무게를 재다
whatsoever		adv.	조금도도
wicked		adj.	사악한
abraham		n.	아브라함
absent		adj.	부재의
acoustic		adj.	음향의
adapt		v.	적응하다
ancestors		n.	조상
archive		n.	아카이브
atomic		adj.	원자의
bean		n.	콩
bicycle		n.	자전거
bryan		n.	브라이언
bump		n.	부딪힘
bump		v.	부딪히다
buttons		n.	단추
cart		n.	수레
circus		n.	서커스
claire		n.	클레어
cocaine		n.	코카인
cohen		n.	코언
colleague		n.	동료
compelling		adj.	설득력 있는
compiled		v.	컴파일하다
complications		n.	합병증
construct		v.	건설하다
cord		n.	끈
crowded		adj.	붐비는
cyber		adj.	사이버
dale		n.	계곡
debates		n.	논쟁
defendant		n.	피고
delays		n.	지연
dense		adj.	빽빽한
desperately		adv.	절박하게
doctrine		n.	교의
expose		v.	폭로하다
financially		adv.	재정적으로
freshman		n.	신입생
furious		adj.	격분한
gameplay		n.	게임플레이
geography		n.	지리
gig		n.	공연
habitat		n.	서식지
harbour		n.	항구
hazard		n.	위험
hydrogen		n.	수소
implies		v.	암시하다
intact		adj.	온전한
intake		n.	섭취량
irrelevant		adj.	무관한
jaw		n.	턱
kitty		n.	고양이
lauren		n.	로런
lawn		n.	잔디밭
lmao		int.	웃기다
manufacture		v.	제조하다
martha		n.	마사
medals		n.	메달
mercedes		n.	메르세데스
mistaken		adj.	잘못된
moses		n.	모세
nashville		n.	내슈빌
nebraska		n.	네브래스카주
needle		n.	바이올린
organize		v.	조직하다
ottawa		n.	오타와
oval		adj.	타원형의
pity		n.	유감
pond		n.	연못
porter		n.	짐꾼
porter		n.	문지기
portions		n.	부분
portions		v.	나누다
prey		n.	먹이
prey		v.	포식하다
promax		n.	프로맥스
prophet		n.	예언자
raymond		n.	레이몬드
recalled		v.	상기하다
recalled		v.	회수하다
reduces		v.	줄이다
referendum		n.	국민투표
refugee		n.	난민
regulated		v.	규제하다
rounded		adj.	둥근
rounded		v.	둥글게 하다
ruby		n.	루비
rushed		v.	서두르다
sanders		n.	샌더스
satisfy		v.	만족시키다
scales		n.	저울
scales		n.	비늘
scales		v.	오르다
seasonal		adj.	계절의
segments		n.	부분
sensible		adj.	분별 있는
sequel		n.	속편
shifted		v.	이동하다
shifted		v.	변하다
shifting		v.	이동하다
shining		v.	빛나다
shining		adj.	빛나는
slower		adj.	더 느린
slower		adv.	더 느리게
spinning		v.	회전하다
spinning		n.	방적
stanford		n.	스탠퍼드
stepping		v.	밟다
touches		v.	만지다
touches		n.	터치
township		n.	타운십
travelled		v.	여행하다
twisted		v.	비틀다
twisted		adj.	비틀린
usb		n.	USB
vienna		n.	빈
wade		v.	물을 건너다
whale		n.	고래
writings		n.	저작
adc		n.	아날로그변환기
admire		v.	감탄하다
amber		n.	호박
ankle		n.	발목
armor		n.	갑옷
autism		n.	자폐증
bachelor		n.	총각
bachelor		n.	학사
berry		n.	베리
billions		num.	수십억
brady		n.	브래디
brisbane		n.	브리즈번
bulls		n.	수소
bulls		v.	밀어붙이다
bullying		n.	괴롭힘
bullying		v.	괴롭히다
capitalism		n.	자본주의
caution		n.	주의
caution		v.	경고하다
certification		n.	인증
characteristic		adj.	특유의
characteristic		n.	특징
clan		n.	씨족
clash		v.	충돌하다
clash		n.	충돌
columns		n.	기둥
columns		n.	열
compatible		adj.	호환되는
concerts		n.	콘서트
condemned		v.	비난하다
configuration		n.	구성
continuously		adv.	지속적으로
convincing		adj.	설득력 있는
coupled		v.	연결하다
curiosity		n.	호기심
delight		n.	기쁨
delight		v.	기쁘게 하다
determining		v.	결정하다
entities		n.	개체
exceptions		n.	예외
explosive		adj.	폭발적인
flooding		n.	홍수
flooding		v.	침수하다
fortunate		adj.	운이 좋은
fortunately		adv.	다행히
foundations		n.	기초
frontier		n.	국경
frustrating		adj.	답답하게 하는
frustration		n.	좌절
geographic		adj.	지리적인
glenn		n.	글렌
grande		n.	그란데
grasp		v.	잡다
grasp		v.	이해하다
handy		adj.	편리한
hardcore		adj.	하드코어의
harmful		adj.	해로운
headache		n.	두통
hers		pron.	그녀의 것
hispanic		adj.	히스패닉의
incentive		n.	인센티브
inclusive		adj.	포괄적인
infections		n.	감염
jackie		n.	재키
joel		n.	조엘
kissing		v.	키스하다
lanes		n.	차선
licence		n.	면허
lungs		n.	폐
madness		n.	광기
mandate		n.	위임
manga		n.	만화
memorable		adj.	잊을 수 없는
merger		n.	합병
minorities		n.	소수자
occurring		v.	발생하다
organizing		v.	조직하다
performs		v.	수행하다
ph		n.	pH
poker		n.	포커
portable		adj.	휴대용의
priced		v.	가격을 정하다
quebec		n.	퀘벡
randomly		adv.	무작위로
rankings		n.	순위
realizing		v.	자각하다
resign		v.	사임하다
revealing		adj.	폭로하는
revealing		v.	폭로하다
robbery		n.	강도
rub		v.	문지르다
rub		n.	문지르기
runners		n.	주자
sally		n.	돌출
scattered		adj.	흩어진
scout		n.	정찰병
searched		v.	수색하다
sexuality		n.	섹슈얼리티
shouting		v.	외치다
slap		v.	따귀를 치다
steak		n.	스테이크
succession		n.	연속
superintendent		n.	감독관
suspicion		n.	의심
sweep		v.	쓸다
tactical		adj.	전술적인
talents		n.	재능
therapist		n.	치료사
thereafter		adv.	그 이후
thorough		adj.	철저한
tuition		n.	수업료
tumor		n.	종양
variables		n.	변수
varying		v.	다르다
wholesale		n.	도매
administered		v.	관리하다
affiliated		adj.	제휴된
apples		n.	사과
architectural		adj.	건축의
artillery		n.	포병
assembled		v.	조립하다
bangladesh		n.	방글라데시
beaches		n.	해변
bees		n.	벌
boarding		n.	탑승
bothered		v.	괴롭히다
canvas		n.	캔버스
canyon		n.	협곡
casey		n.	케이시
cheek		n.	볼
chen		n.	첸
cincinnati		n.	신시내티
circular		adj.	원형의
circulation		n.	순환
clearance		n.	제거
closes		v.	닫다
coincidence		n.	우연
commands		n.	명령
commissioned		v.	위탁하다
concentrated		adj.	농축된
concentrated		v.	집중하다
conscience		n.	양심
coo		v.	구구 울다
cooler		n.	쿨러
countless		adj.	무수한
curry		n.	커리
dame		n.	귀부인
deceased		adj.	죽은
dedication		n.	헌신
defining		adj.	결정적인
detention		n.	구류
disputes		n.	분쟁
drake		n.	수컷 오리
employ		v.	고용하다
enforce		v.	집행하다
explicit		adj.	명시적인
explicitly		adv.	명시적으로
eyed		adj.	…눈의
florence		n.	피렌체
flu		n.	독감
forbidden		adj.	금지된
fraction		n.	분수
fraction		n.	일부
infantry		n.	보병
integral		adj.	필수적인
investor		n.	투자자
janet		n.	자닛
judged		v.	판단하다
katie		n.	케이티
lectures		n.	강연
lightly		adv.	가볍게
linking		v.	연결하다
maintains		v.	유지하다
marble		n.	대리석
maritime		adj.	해사의
melt		v.	녹다
modes		n.	모드
monica		n.	모니카
mumbai		n.	뭄바이
nominee		n.	피지명자
oath		n.	서약
offence		n.	범죄
offence		n.	무례
packaging		n.	포장
patriots		n.	애국자
pee		v.	소변을 보다
pillow		n.	베개
pirate		n.	해적
polar		adj.	극지의
prediction		n.	예측
preview		n.	미리 보기
processed		adj.	가공된
pursuing		v.	추구하다
puzzle		n.	퍼즐
rapper		n.	래퍼
rebecca		n.	레베카
reconstruction		n.	재건
renowned		adj.	유명한
revelation		n.	계시
sara		n.	사라
scholar		n.	학자
sharks		n.	상어
shoots		v.	쏘다
skirt		n.	치마
socially		adv.	사회적으로
spa		n.	스파
spike		n.	스파이크
spike		v.	급증하다
sprint		v.	전력 질주하다
sprint		n.	스프린트
stir		v.	젓다
stir		v.	자극하다
stuffed		adj.	가득 찬
substantially		adv.	상당히
suburbs		n.	교외
superb		adj.	훌륭한
supposedly		adv.	전하기로는
tab		n.	탭
tendency		n.	경향
theirs		pron.	그들의 것
toast		n.	토스트
toast		v.	건배하다
toes		n.	발가락
touchdown		n.	터치다운
traits		n.	특성
trek		n.	장거리 여행
trek		v.	트레킹하다
tricky		adj.	까다로운
triumph		n.	승리
triumph		v.	승리하다
uber		prep.	초
underwear		n.	속옷
unto		prep.	~에게
viable		adj.	실행 가능한
waist		n.	허리
welcomed		v.	환영하다
wit		n.	재치
wreck		n.	잔해
wreck		v.	파괴하다
absurd		adj.	터무니없는
accessories		n.	액세서리
adrian		n.	에이드리안
advocates		v.	옹호하다
advocates		n.	옹호자
ambitious		adj.	야심 찬
amid		prep.	~가운데
annoyed		adj.	짜증 난
appealing		adj.	매력적인
appointments		n.	약속
assumptions		n.	가정
ballet		n.	발레
bargain		n.	싸고 좋은 물건
bargain		v.	흥정하다
binary		adj.	이진법의
binary		n.	바이너리
blend		v.	섞다
blend		n.	블렌드
blogs		n.	블로그
brake		n.	브레이크
brake		v.	브레이크를 걸다
builds		v.	짓다
businessman		n.	사업가
cab		n.	택시
chi		n.	기
col		n.	고개
collision		n.	충돌
colombia		n.	콜롬비아
compassion		n.	연민
consumed		v.	소비하다
corrected		v.	수정하다
correction		n.	수정
cough		v.	기침하다
cough		n.	기침
cousins		n.	사촌
critic		n.	비평가
czech		adj.	체코의
czech		n.	체코어
defenders		n.	수비자
denying		v.	부인하다
depot		n.	창고
distress		n.	고통
documentation		n.	문서
doubts		n.	의심
dramatically		adv.	극적으로
drank		v.	마시다
eats		v.	먹다
elegant		adj.	우아한
elevator		n.	엘리베이터
ellis		n.	엘리스
exchanges		n.	교환
excuses		n.	핑계
execute		v.	실행하다
factories		n.	공장
feast		n.	연회
finland		n.	핀란드
frederick		n.	프레더릭
frost		n.	서리
herald		n.	선구
hike		v.	하이킹하다
hollow		adj.	빈
homeland		n.	조국
imported		adj.	수입의
internationally		adv.	국제적으로
iraqi		adj.	이라크의
itunes		n.	iTunes
kane		n.	케인
kissed		v.	키스하다
lame		adj.	절뚝거리는
licensing		n.	라이선스
lily		n.	백합
limiting		adj.	제한하는
locker		n.	사물함
mainland		n.	본토
marking		n.	표시
meditation		n.	명상
messenger		n.	전달자
metals		n.	금속
missiles		n.	미사일
munich		n.	뮌헨
norwegian		adj.	노르웨이의
pencil		n.	연필
philosophical		adj.	철학적인
pierre		n.	피에르
pipes		n.	파이프
plasma		n.	플라스마
plea		n.	탄원
punish		v.	벌하다
purse		n.	지갑
quarterback		n.	쿼터백
reagan		n.	레이건
relieved		adj.	안도한
replies		n.	회신
reservation		n.	예약
rhetoric		n.	수사
rivals		n.	경쟁자
rushing		v.	서두르다
salvation		n.	구원
sanctions		n.	제재
secular		adj.	세속적인
sensitivity		n.	민감성
shane		n.	셰인
sigh		v.	한숨쉬다
sigh		n.	한숨
sixteen		num.	십육
sovereign		n.	군주
sovereign		adj.	주권의
specifications		n.	사양
spends		v.	쓰다
spouse		n.	배우자
stat		adv.	즉시
supervisor		n.	감독자
synthetic		adj.	합성의
teaches		v.	가르치다
tense		adj.	긴장한
tense		n.	시제
toyota		n.	토요타
tracked		v.	추적하다
traders		n.	상인
troy		n.	트로이
varieties		n.	품종
vegan		n.	비건
vegan		adj.	비건의
waking		v.	깨어나다
walmart		n.	월마트
wilderness		n.	황야
admits		v.	인정하다
adviser		n.	고문
aggregate		n.	총계
aggregate		v.	합산하다
anal		adj.	항문의
anatomy		n.	해부학
annie		n.	애니
announces		v.	발표하다
applicants		n.	신청자
automobile		n.	자동차
barnes		n.	반스
breasts		n.	가슴
cement		n.	시멘트
chess		n.	체스
citing		v.	인용하다
colonies		n.	식민지
composite		adj.	복합의
consequently		adv.	따라서
consist		v.	구성되다
councils		n.	평의회
cox		n.	콕스
curtis		n.	커티스
decorated		adj.	장식된
decorated		v.	장식하다
delegates		n.	대표
dreaming		v.	꿈꾸다
dull		adj.	단조로운
dull		adj.	둔한
enables		v.	가능하게 하다
fare		n.	요금
fashioned		adj.	~식의
feared		v.	두려워하다
feared		adj.	두려운
float		v.	떠다니다
generator		n.	발전기
grind		v.	갈다
grinding		v.	갈다
grove		n.	수림
guessing		v.	추측하다
gum		n.	껌
gum		n.	수지
hobby		n.	취미
hunters		n.	사냥꾼
idol		n.	아이돌
illusion		n.	환상
incorrect		adj.	잘못된
junction		n.	교차로
lance		n.	창
leap		v.	뛰어오르다
leap		n.	도약
locate		v.	찾다
locate		v.	위치하다
locks		n.	자물쇠
locks		v.	잠그다
lynch		v.	린치하다
manages		v.	관리하다
manages		v.	어떻게든 하다
masses		n.	대중
masses		n.	질량
medicare		n.	메디케어
modeling		n.	모델링
modeling		v.	조형하다
motive		n.	동동
nazis		n.	나치
neighbourhood		n.	동네
neighbourhood		n.	부근
networking		n.	네트워킹
newer		adj.	더 새로운
newton		n.	뉴턴
oppose		v.	반대하다
optimal		adj.	최적의
overtime		n.	초과 근무
overtime		adv.	초과 근무로
packs		n.	팩
packs		v.	포장하다
permits		v.	허가하다
permits		n.	허가증
playstation		n.	플레이스테이션
postal		adj.	우편의
predictions		n.	예측
prep		n.	예비
profound		adj.	심원한
prosecutor		n.	검찰관
rebellion		n.	반란
recipient		n.	수취인
refund		n.	환불
refund		v.	환불하다
remembering		v.	기억하다
rescued		v.	구조하다
risky		adj.	위험한
robust		adj.	강건한
scam		n.	사기
shareholders		n.	주주
sided		v.	지지하다
simulation		n.	시뮬레이션
spice		n.	향신료
squeeze		v.	짜다
storms		n.	폭풍
supervision		n.	감독
suspects		n.	용의자
swap		v.	교환하다
swept		v.	쓸다
terrain		n.	지형
themed		adj.	테마의
threaten		v.	위협하다
thrilled		adj.	신난
towel		n.	수건
trio		n.	트리오
tubes		n.	관
unconscious		adj.	의식을 잃은
varies		v.	다르다
vegetable		n.	채소
verified		adj.	검증된
vibe		n.	분위기
virtue		n.	미덕
we'd		v.	~할 것이다
wifi		n.	와이파이
wishing		v.	바라다
workforce		n.	노동력
zombie		n.	좀비
acre		n.	에이커
airports		n.	공항
amen		int.	아멘
andrews		n.	앤드루스
arise		v.	발생하다
ashes		n.	재
automotive		adj.	자동차의
battlefield		n.	전장
berkeley		n.	버클리
bloom		v.	피다
bore		v.	지루하게 하다
bundle		n.	묶음
butterfly		n.	나비
buys		v.	사다
casualties		n.	사상자
catches		v.	잡다
chad		n.	차드
clown		n.	광대
committees		n.	위원회
conjunction		n.	접속사
costly		adj.	비싼
cows		n.	암소
cries		v.	울다
cries		n.	외침
cuban		adj.	쿠바의
cycles		n.	주기
darker		adj.	더 어두운
davies		n.	데이비스
descent		n.	하강
desktop		n.	데스크톱
dial		v.	전화를 걸다
dial		n.	눈금 dial
dial-up		n.	전화 접속
directory		n.	디렉터리
disabilities		n.	장애
discharge		v.	배출하
discharge		n.	퇴원
discusses		v.	논의하다
dodge		v.	피하다
downs		n.	구릉지
drilling		v.	구멍을 뚫다
drums		n.	북
elimination		n.	탈 elimination
enjoys		v.	즐기дать
espn		n.	ESPN
faq		n.	자주 묻는 질문
frequentlyaskedquestion		n.	자주 묻는 질문
ginger		n.	생강
governors		n.	주지사
guild		n.	길드
halt		v.	정지하다
han		n.	한
henderson		n.	헨더슨
ibm		n.	아이비엠
imaging		n.	영상
implied		adj.	암시된
impress		v.	감동시키자
inability		n.	무능
incoming		adj.	들어오는
iphone		n.	아이폰
isaac		n.	아이작
jar		n.	단지
leicester		n.	레스터
liam		n.	리엄
litigation		n.	소송
mentor		n.	멘토
merchandise		n.	상품
minerals		n.	광물
miners		n.	광부
monk		n.	수도사
neighborhoods		n.	이웃
noah		n.	노아
norm		n.	기준
obtaining		v.	얻기
occupy		v.	점령하다
offended		v.	화나게 하다
orthodox		adj.	정통의
overhead		n.	오버헤드
painter		n.	화가
perth		n.	퍼스
pierce		v.	꿰뚫다
pistol		n.	권총
printer		n.	프린터
prone		adj.	엎드린
raiders		n.	습격자
readily		adv.	쉽게
reflecting		v.	반사하기
regiment		n.	연대
remembers		v.	기억하다
reunion		n.	재회
revival		n.	부활
sanctuary		n.	성역
satan		n.	사탄
satisfying		adj.	만족스러운
seas		n.	바다
securing		v.	확보하기
sensors		n.	센서
seoul		n.	서울
shells		n.	껍데기
siege		n.	포위
sixty		num.	육십
sleeve		n.	소매
sonic		adj.	음속의
soundtrack		n.	사운드트랙
speeches		n.	연설
spine		n.	척추
steering		n.	조향
substances		n.	물질
sullivan		n.	설리번
sustain		v.	지속하다
tenure		n.	임기
texture		n.	질감
thankful		adj.	감사하는
translate		v.	번역하다
treasurer		n.	회계담당자
triangle		n.	삼각형
unclear		adj.	불명확한
upgraded		v.	업그레이드하다
venezuela		n.	베네수엘라
venice		n.	베네치아
vladimir		n.	블라디미르
wizard		n.	마법사
yankees		n.	양키스
absorbed		adj.	몰입한
admin		n.	관리자
affection		n.	애정
airplane		n.	비행기
altitude		n.	고도
apfs		n.	APFS
athens		n.	아테네
attributes		n.	속성
baked		adj.	구운
baking		n.	베이킹
beautifully		adv.	아름답게
betty		n.	베티
biblical		adj.	성경의
bmw		n.	BMW
boo		int.	부우
cardiff		n.	카디프
collapsed		v.	무너지다
coloured		adj.	색이 있는
competent		adj.	유능한
countryside		n.	시곌
cracking		n.	균열
crane		n.	크레인
debris		n.	잔해
delegation		n.	대표단
demographic		adj.	인구의
descriptions		n.	묘사
donor		n.	기부자
easiest		adj.	가장 쉬운
educate		v.	교육하다
enabling		v.	가능하게 하다
enrolled		v.	등록하다
enrollment		n.	등록
essex		n.	에식스
exceed		v.	초과하다
excluding		prep.	제외하고
expressions		n.	표현
fierce		adj.	격렬한
gabriel		n.	가브리엘
garlic		n.	마을
gaza		n.	가자
gratitude		n.	감사
hail		v.	부르다
heroin		n.	헤로인
honda		n.	혼다
hooked		adj.	빠진
illustration		n.	삽화
impose		v.	부과하다
indicator		n.	지시기
inequality		n.	불평등
interpreted		v.	해석하다
jamaica		n.	자메이카
joey		n.	아기 캥거루
joshua		n.	조슈아
journals		n.	학술지
leisure		n.	여가
lend		v.	빌려주다
lengths		n.	길이
leon		n.	레옹
lounge		n.	라운지
luckily		adv.	다행히
manuscript		n.	원고
marco		n.	마르코
