# en-zh: English candidates -> Chinese. Generated; edit corrections/en-zh.tsv instead (see CONTRIBUTING.md).
word	reading	pos	translation
the		det.	定冠词
to		prep.	到
and		conj.	和
of		prep.	的
in		prep.	在
is		v.	是
for		prep.	为了
that		conj.	那个
you		pron.	你
it		pron.	它
on		prep.	在
with		prep.	和
this		pron.	这
was		v.	是
be		v.	是
as		prep.	作为
are		v.	是
have		v.	有
at		prep.	在
he		pron.	他
not		adv.	不
by		prep.	通过
but		conj.	但是
from		prep.	从
my		pron.	我的
or		conj.	或者
we		pron.	我们
your		pron.	你的
all		adj.	全部的
so		conj.	所以
his		pron.	他的
they		pron.	他们
me		pron.	我
if		conj.	如果
one		num.	一
can		v.	能
will		v.	将要
just		adv.	只是
like		prep.	像
about		prep.	关于
up		adv.	向上
out		adv.	出去
what		pron.	什么
has		v.	有
when		conj.	何时
more		adv.	更
do		v.	做
no		adv.	不
were		v.	是
who		pron.	谁
had		v.	有
it's		pron.	它
their		pron.	他们的
there		adv.	那里
her		pron.	她的
which		pron.	哪个
time		n.	时间
get		v.	得到
been		v.	是
would		v.	将会
she		pron.	她
new		adj.	新的
people		n.	人
how		adv.	怎么
how-to		n.	指南
some		pron.	一些
also		adv.	也
them		pron.	他们
now		adv.	现在
all-in-one		adj.	一体化的
other		adj.	其他的
our		pron.	我们的
than		conj.	比
good		adj.	好的
only		adv.	只
after		prep.	在…之后
first		num.	第一
him		pron.	他
into		prep.	到…里
know		v.	知道
see		v.	看见
two		num.	二
make		v.	做
over		prep.	在…上方
think		v.	想
any		pron.	任何
then		adv.	然后
could		v.	能够
back		n.	背
these		pron.	这些
us		pron.	我们
want		v.	想要
because		conj.	因为
go		v.	去
well		adv.	好
well		n.	井
good-by		int.	再见
said		v.	说
way		n.	方法
most		adv.	最
much		adv.	非常
very		adv.	非常
where		adv.	哪里
even		adv.	甚至
should		v.	应该
may		v.	可能
here		adv.	这里
need		v.	需要
really		adv.	真的
did		v.	做
right		adj.	正确的
work		v.	工作
year		n.	年
years		n.	年
being		v.	存在
day		n.	日
too		adv.	也
going		v.	去
before		prep.	在…之前
off		adv.	关
why		adv.	为什么
made		v.	制作
still		adv.	仍然
take		v.	拿
got		v.	得到
many		adj.	许多
never		adv.	从不
those		pron.	那些
life		n.	生活
say		v.	说
world		n.	世界
down		adv.	向下
great		adj.	伟大的
through		prep.	通过
last		adj.	最后的
that's		pron.	那是
while		conj.	当…时
best		adj.	最好的
such		adj.	这样的
love		v.	爱
man		n.	男人
home		n.	家
long		adj.	长的
look		v.	看
something		pron.	某物
use		v.	使用
can't		v.	不能
same		adj.	相同的
used		v.	使用
both		pron.	两者
every		det.	每一
am		v.	是
come		v.	来
part		n.	部分
state		n.	状态
three		num.	三
around		prep.	围绕
between		prep.	在…之间
always		adv.	总是
better		adj.	更好的
find		v.	找到
help		v.	帮助
high		adj.	高的
little		adj.	小的
old		adj.	老的
since		conj.	自从
another		pron.	另一个
does		v.	做
own		adj.	自己的
things		n.	东西
under		prep.	在…下面
during		prep.	在…期间
game		n.	游戏
thing		n.	东西
give		v.	给
house		n.	房子
place		n.	地方
place		v.	放置
school		n.	学校
again		adv.	再び
next		adj.	下一个
next		adv.	接着
each		pron.	每个
without		prep.	没有
against		prep.	反对
didn't		v.	没有
end		n.	结束
found		v.	找到
found		v.	创立
must		v.	必须
show		v.	展示
show		n.	演出
big		adj.	大的
feel		v.	感觉
sure		adj.	确信的
team		n.	团队
ever		adv.	曾经
family		n.	家庭
keep		v.	保持
might		n.	力量
please		v.	使高兴
please		int.	请
put		v.	放
i'm		pron.	我是
money		n.	钱
free		adj.	自由的
free		adj.	免费的
second		num.	第二
second		n.	秒
someone		pron.	某人
away		adv.	离开
left		adj.	左边的
left		v.	离开
number		n.	数字
city		n.	城市
days		n.	天
lot		n.	许多
name		n.	名字
night		n.	夜晚
play		v.	玩
play		n.	戏剧
until		prep.	直到
company		n.	公司
doing		v.	做
few		adj.	很少的
he's		pron.	他是
let		v.	让
real		adj.	真实的
called		v.	称为
different		adj.	不同的
having		v.	有
set		v.	设置
set		n.	一套
thought		n.	想法
thought		v.	认为
done		adj.	完成的
however		adv.	然而
getting		v.	得到
god		n.	神
government		n.	政府
group		n.	小组
looking		v.	看
public		adj.	公共的
public		n.	公众
top		n.	顶部
women		n.	女人
business		n.	生意
care		n.	关心
care		v.	在意
start		v.	开始
system		n.	系统
times		n.	次数
week		n.	星期
already		adv.	已经
anything		pron.	任何事物
case		n.	情况
nothing		pron.	没有东西
person		n.	人
today		n.	今天
change		v.	改变
change		n.	变化
enough		adj.	足够的
everything		pron.	一切
full		adj.	满的
live		v.	生活
making		v.	制作
point		n.	点
read		v.	阅读
so-called		adj.	所谓的
told		v.	告诉
yet		adv.	还
bad		adj.	坏的
four		num.	四
hard		adj.	困难的
mean		v.	意味着
once		adv.	一次
support		v.	支持
tell		v.	告诉
including		prep.	包括
music		n.	音乐
power		n.	力量
seen		v.	看见
states		n.	州
stop		v.	停止
water		n.	水
based		adj.	基于的
believe		v.	相信
call		v.	呼叫
head		n.	头
men		n.	男人
national		adj.	国家的
small		adj.	小的
took		v.	拿
white		adj.	白色的
came		v.	来
far		adv.	远
job		n.	工作
side		n.	边
though		conj.	虽然
try		v.	尝试
went		v.	去
yes		int.	是
actually		adv.	实际上
american		adj.	美国的
later		adv.	后来
less		adv.	更少
line		n.	线
order		n.	顺序
party		n.	党
run		v.	跑
run		n.	跑步
says		v.	说
service		n.	服务
service		v.	维修
country		n.	国家
country		n.	乡村
open		adj.	打开的
open		v.	打开
season		n.	季节
shit		int.	该死
shit		n.	粪便
thank		v.	感谢
children		n.	孩子
everyone		pron.	每个人
general		adj.	一般的
general		n.	将军
trying		v.	尝试
united		adj.	联合的
using		v.	使用
area		n.	地区
black		adj.	黑色的
following		adj.	下列的
following		n.	下列
law		n.	法律
makes		v.	使
together		adv.	一起
war		n.	战争
whole		adj.	整个的
car		n.	汽车
face		n.	脸
face		v.	面对
five		num.	五
kind		n.	种类
kind		adj.	友善的
maybe		adv.	也许
per		prep.	每
president		n.	总统
story		n.	故事
working		v.	工作
working		adj.	运作的
course		n.	课程
games		n.	游戏
health		n.	健康
hope		v.	希望
hope		n.	希望
important		adj.	重要的
least		adv.	最少
means		v.	意味着
means		n.	手段
news		n.	新闻
within		prep.	在…之内
able		adj.	能够的
book		n.	书
book		v.	预订
early		adj.	早的
early		adv.	早早
friends		n.	朋友
information		n.	信息
local		adj.	当地的
post		n.	帖子
post		v.	发布
thanks		int.	谢谢
thanks		n.	感谢
video		n.	视频
young		adj.	年轻的
ago		adv.	以前
btw		adv.	顺便说一句
others		pron.	其他人
social		adj.	社会的
talk		v.	谈话
talk		n.	谈话
court		n.	法院
fact		n.	事实
given		adj.	给定的
given		prep.	考虑到
guys		n.	家伙们
half		num.	一半
hand		n.	手
isn't		v.	不是
level		n.	水平
mind		n.	头脑
often		adv.	经常
single		adj.	单一的
become		v.	成为
body		n.	身体
coming		v.	来
control		v.	控制
death		n.	死亡
food		n.	食物
guy		n.	家伙
hours		n.	小时
office		n.	办公室
pay		v.	支付
problem		n.	问题
south		n.	南方
true		adj.	真的
almost		adv.	几乎
fuck		v.	操
history		n.	历史
known		adj.	已知的
large		adj.	大的
lost		adj.	迷失的
research		n.	研究
room		n.	房间
several		num.	几个
started		v.	开始
taking		v.	拿
university		n.	大学
win		v.	赢
wrong		adj.	错误的
along		prep.	沿着
anyone		pron.	任何人
else		adv.	其他
girl		n.	女孩
john		n.	约翰
matter		n.	事情
pretty		adv.	相当
remember		v.	记得
air		n.	空气
bit		n.	一点
friend		n.	朋友
hit		v.	打
needs		v.	需要
nice		adj.	好的
playing		v.	玩
probably		adv.	大概
saying		v.	说
understand		v.	理解
yeah		int.	是的
york		n.	约克
you're		pron.	你是
class		n.	班级
close		v.	关闭
comes		v.	来
idea		n.	主意
international		adj.	国际的
looks		n.	样子
past		n.	过去
past		prep.	经过
possible		adj.	可能的
wanted		v.	想要
cause		n.	原因
due		adj.	到期的
happy		adj.	快乐的
human		n.	人类
members		n.	成员
months		n.	月
move		v.	移动
question		n.	问题
series		n.	系列
wait		v.	等待
woman		n.	女人
ask		v.	问
community		n.	社区
data		n.	数据
late		adj.	晚的
leave		v.	离开
north		n.	北方
saw		v.	看见
special		adj.	特别的
watch		v.	观看
won't		v.	不会
either		conj.	或者
fucking		adj.	该死的
fucking		adv.	非常
future		n.	未来
light		n.	光
low		adj.	低的
million		num.	百万
morning		n.	早晨
police		n.	警察
short		adj.	短的
stay		v.	停留
taken		v.	拿
age		n.	年龄
buy		v.	买
deal		n.	交易
rather		adv.	宁可
reason		n.	原因
red		adj.	红色的
report		n.	报告
soon		adv.	不久
third		num.	第三
turn		v.	转动
whether		conj.	是否
among		prep.	在……之中
check		v.	检查
development		n.	发展
form		n.	形式
further		adv.	进一步
further		adj.	进一步的
heart		n.	心
minutes		n.	分钟
myself		pron.	我自己
services		n.	服务
yourself		pron.	你自己
act		v.	行动
although		conj.	虽然
asked		v.	问
child		n.	孩子
fire		n.	火
fire		v.	解雇
fun		n.	乐趣
living		adj.	活的
living		n.	生活
major		adj.	主要的
major		n.	专业
media		n.	媒体
phone		n.	电话
players		n.	运动员
players		n.	播放器
well-known		adj.	著名的
art		n.	艺术
behind		prep.	在……后面
behind		adv.	在后面
building		n.	建筑物
easy		adj.	容易的
gonna		v.	将要
market		n.	市场
near		prep.	在……附近
near		adj.	近的
plan		n.	计划
plan		v.	计划
political		adj.	政治的
quite		adv.	相当
six		num.	六
talking		v.	说话
west		n.	西
works		n.	作品
works		v.	工作
according		prep.	根据
available		adj.	可获得的
education		n.	教育
final		adj.	最后的
former		adj.	以前的
front		n.	前面
kids		n.	孩子
list		n.	列表
ready		adj.	准备好的
sometimes		adv.	有时
son		n.	儿子
street		n.	街道
bring		v.	带来
college		n.	学院
current		adj.	当前的
example		n.	例子
experience		n.	经验
experience		v.	经历
heard		v.	听见
london		n.	伦敦
meet		v.	遇见
program		n.	程序
program		n.	节目
type		n.	类型
type		v.	打字
baby		n.	婴儿
chance		n.	机会
father		n.	父亲
march		v.	行军
process		n.	过程
song		n.	歌曲
study		v.	学习
study		n.	学习
word		n.	单词
across		prep.	穿过
action		n.	行动
clear		adj.	清晰的
gave		v.	给
gets		v.	得到
himself		pron.	他自己
month		n.	月
outside		prep.	在外面
self		n.	自我
students		n.	学生
words		n.	词
board		n.	板
cost		n.	成本
cost		v.	花费
cut		v.	切
field		n.	领域
field		n.	田地
held		v.	举行
instead		adv.	代替
main		adj.	主要的
moment		n.	时刻
mother		n.	母亲
road		n.	路
seems		v.	似乎
thinking		n.	思考
thinking		v.	想
town		n.	城镇
wants		v.	想要
department		n.	部门
energy		n.	能量
fight		v.	战斗
fight		n.	斗争
fine		adj.	好的
fine		n.	罚款
force		n.	力量
force		v.	强迫
hear		v.	听见
issue		n.	问题
played		v.	玩
points		n.	要点
points		num.	分
price		n.	价格
rest		n.	休息
rest		v.	休息
results		n.	结果
running		n.	跑步
running		v.	跑
shows		v.	展示
shows		n.	节目
space		n.	空间
space		n.	太空
summer		n.	夏天
term		n.	术语
term		n.	学期
wife		n.	妻子
america		n.	美国
beautiful		adj.	美丽的
date		n.	日期
date		n.	约会
goes		v.	去
i've		pron.	我已经
killed		v.	杀
land		n.	土地
land		v.	降落
miss		n.	小姐
project		n.	项目
sex		n.	性
shot		n.	射击
shot		v.	射击
site		n.	地点
site		n.	网站
strong		adj.	强壮的
account		n.	账户
account		n.	描述
especially		adv.	尤其
eyes		n.	眼睛
include		v.	包括
june		n.	六月
parents		n.	父母
period		n.	时期
position		n.	位置
record		n.	记录
similar		adj.	相似的
total		adj.	总的
above		prep.	在……上面
club		n.	俱乐部
common		adj.	常见的
died		v.	死
film		n.	电影
happened		v.	发生
knew		v.	知道
lead		v.	带领
lead		n.	铅
likely		adj.	可能的
military		n.	军队
military		adj.	军事的
perfect		adj.	完美的
personal		adj.	个人的
second-hand		adj.	二手的
security		n.	安全
share		v.	分享
share		n.	份额
tv		n.	电视
what's		pron.	什么是
won		v.	赢
april		n.	四月
center		n.	中心
county		n.	县
couple		n.	一对
dead		adj.	死的
english		n.	英语
fifo		n.	先进先出
happen		v.	发生
hold		v.	握住
industry		n.	工业
inside		prep.	在……里面
issues		n.	问题
online		adj.	在线的
player		n.	播放器
private		adj.	私人的
problems		n.	问题
return		v.	返回
rights		n.	权利
sense		n.	感觉
star		n.	星
test		n.	测试
up-to-date		adj.	最新的
view		n.	观点
weeks		n.	星期
break		v.	打破
british		adj.	英国的
companies		n.	公司
event		n.	事件
higher		adj.	更高的
hour		n.	小时
member		n.	成员
middle		n.	中间
needed		v.	需要
present		n.	礼物
present		adj.	在场的
result		n.	结果
sorry		adj.	抱歉的
takes		v.	拿取
training		n.	训练
wish		v.	希望
wish		n.	愿望
answer		n.	回答
answer		v.	回答
boy		n.	男孩
design		n.	设计
design		v.	设计
finally		adv.	终于
girls		n.	女孩
gold		n.	黄金
gold		adj.	金制的
gone		v.	去
guess		v.	猜测
interest		n.	兴趣
july		n.	七月
king		n.	国王
learn		v.	学习
policy		n.	政策
society		n.	社会
added		v.	添加
alone		adj.	单独的
average		n.	平均
bank		n.	银行
brought		v.	带来
certain		adj.	确定的
church		n.	教堂
east		n.	东方
hands		n.	手
hot		adj.	热的
let's		v.	让我们
longer		adj.	更长的
medical		adj.	医学的
movie		n.	电影
original		adj.	原始的
park		n.	公园
performance		n.	表演
press		v.	按
received		v.	收到
role		n.	角色
sent		v.	发送
themselves		pron.	他们自己
tried		v.	尝试
worked		v.	工作
worth		adj.	值…的
areas		n.	地区
became		v.	成为
bill		n.	账单
books		n.	书
cool		adj.	酷的
director		n.	导演
exactly		adv.	确切地
giving		v.	给
ground		n.	地面
meeting		n.	会议
provide		v.	提供
questions		n.	问题
relationship		n.	关系
september		n.	九月
sound		n.	声音
source		n.	来源
usually		adv.	通常
value		n.	价值
evidence		n.	证据
follow		v.	跟随
lives		n.	生命
official		adj.	官方的
ok		int.	好的
production		n.	生产
rate		n.	率
reading		n.	阅读
round		adj.	圆的
save		v.	保存
stand		v.	站立
stand		n.	摊位
stuff		n.	东西
tax		n.	税
whatever		pron.	无论什么
whatever		conj.	不管怎样
amount		n.	数量
blue		adj.	蓝色的
countries		n.	国家
david		n.	大卫
drive		v.	驾驶
eat		v.	吃
fall		v.	落下
fast		adj.	快的
federal		adj.	联邦的
feeling		n.	感觉
felt		v.	感觉
green		adj.	绿色的
league		n.	联盟
management		n.	管理
match		n.	比赛
model		n.	模型
picture		n.	图片
size		n.	大小
step		n.	步骤
trust		v.	信任
central		adj.	中心的
changes		v.	改变
england		n.	英格兰
follow-up		n.	后续跟进
forward		adv.	向前
groups		n.	组
hey		int.	嘿
key		n.	钥匙
mom		n.	妈妈
page		n.	页
paid		v.	支付
range		n.	范围
review		n.	评论
science		n.	科学
trade		n.	贸易
uk		n.	英国
upon		prep.	在…之上
various		adj.	各种的
attention		n.	注意
brother		n.	兄弟
cannot		v.	不能
character		n.	角色
chief		n.	首领
chief		adj.	首要的
cup		n.	杯子
football		n.	足球
hate		v.	恨
james		n.	詹姆斯
led		v.	引导
looked		v.	看
lower		v.	降低
lower		adj.	较低的
natural		adj.	自然的
october		n.	十月
property		n.	财产
property		n.	性质
quality		n.	质量
send		v.	发送
style		n.	风格
vote		v.	投票
vote		n.	选票
wysiwyg		n.	所见即所得
amazing		adj.	令人惊奇的
august		adj.	威严的
blood		n.	血
china		n.	瓷器
complete		adj.	完整的, 完全的
complete		v.	完成, 完成
dog		n.	狗
e-business		n.	电子商务
economic		adj.	经济的
first-rate		adj.	一流的
hell		n.	地狱
involved		adj.	涉及的
itself		pron.	它自己
language		n.	语言
lord		n.	领主
november		n.	十一月
oil		n.	油
oil		n.	石油
related		adj.	有关的
serious		adj.	严重的
stage		n.	阶段
terms		n.	条款
title		n.	标题
add		v.	添加
article		n.	文章
attack		v.	攻击
attack		n.	攻击
born		v.	出生
damn		int.	该死
decided		v.	决定
decision		n.	决定
enjoy		v.	享受
entire		adj.	整个的
french		adj.	法国的
french		n.	法语
january		n.	一月
kill		v.	杀死
met		v.	遇见
perhaps		adv.	也许
poor		adj.	贫穷的
release		v.	发布
situation		n.	情况
technology		n.	技术
turned		v.	转向
website		n.	网站
written		adj.	书面的
add-on		n.	插件
choice		n.	选择
code		n.	代码
considered		adj.	经过考虑的
continue		v.	继续
council		n.	委员会
cover		v.	覆盖
cover		n.	封面
currently		adv.	目前
door		n.	门
election		n.	选举
european		adj.	欧洲的
events		n.	事件
financial		adj.	财务的
foreign		adj.	外国的
hair		n.	头发
increase		v.	增加
increase		n.	增加
legal		adj.	合法的
lose		v.	失去
michael		n.	迈克尔
pick		v.	挑选
race		n.	种族
race		n.	赛跑
seem		v.	似乎
seven		num.	七
sign		n.	标志
sign		v.	签名
simple		adj.	简单的
simply		adv.	仅仅
staff		n.	员工
super		adj.	极好的
union		n.	联盟
walk		v.	走路
walk		n.	散步
washington		n.	华盛顿
bed		n.	床
began		v.	开始
built		v.	建造
career		n.	生涯
changed		v.	改变
crazy		adj.	疯狂的
daily		adj.	每日的
daughter		n.	女儿
december		n.	十二月
die		v.	死
difficult		adj.	困难的
figure		n.	数字
figure		n.	人物
hospital		n.	医院
knows		v.	知道
loss		n.	损失
modern		adj.	现代的
ones		pron.	一个
paper		n.	纸
parts		n.	部分
popular		adj.	受欢迎的
published		v.	出版
safe		adj.	安全的
starting		v.	开始
systems		n.	系统
version		n.	版本
voice		n.	声音
whose		pron.	谁的
writing		n.	写作
army		n.	军队
australia		n.	澳大利亚
earth		n.	地球
earth		n.	土
forget		v.	忘记
goal		n.	目标
goal		n.	进球
huge		adj.	巨大的
internet		n.	互联网
listen		v.	听
okay		int.	好的
practice		n.	练习
practice		v.	练习
rules		n.	规则
sea		n.	海
sir		n.	先生
success		n.	成功
towards		prep.	朝向
waiting		v.	等待
ways		n.	方法
ways		n.	道路
access		n.	访问
base		n.	基础
below		adv.	在下面
created		v.	创造
deep		adj.	深的
followed		v.	跟随
lol		int.	哈哈
mark		n.	标记
missing		adj.	丢失的
offer		v.	提供
pass		v.	通过
professional		adj.	专业的
released		v.	发布
risk		n.	风险
schools		n.	学校
sleep		v.	睡觉
sleep		n.	睡眠
table		n.	桌子
ten		num.	十
truth		n.	真相
ball		n.	球
box		n.	盒子
build		v.	建造
card		n.	卡片
cases		n.	情况
dark		adj.	黑暗的
district		n.	地区
europe		n.	欧洲
george		n.	乔治
india		n.	印度
mine		pron.	我的
mine		n.	矿山
minister		n.	部长
note		n.	笔记
percent		n.	百分比
piece		n.	片
products		n.	产品
recent		adj.	最近的
seeing		v.	看见
straight		adj.	直的
visit		v.	参观
visit		n.	访问
wall		n.	墙
wanna		v.	想要
wrote		v.	写
allowed		adj.	被允许的
boys		n.	男孩
culture		n.	文化
etc		adv.	等等
fans		n.	粉丝
february		n.	二月
gives		v.	给
growth		n.	增长
included		v.	包括
married		adj.	已婚的
officer		n.	军官
pain		n.	疼痛
paul		n.	保罗
places		n.	地方
respect		n.	尊重
response		n.	回答
river		n.	河流
rock		n.	岩石
shall		v.	将要
speak		v.	说话
specific		adj.	具体的
standard		n.	标准
tonight		adv.	今晚
write		v.	写
album		n.	专辑
century		n.	世纪
charge		v.	收费
cold		adj.	冷的
create		v.	创造
effect		n.	效果
eight		num.	八
except		prep.	除…之外
eye		n.	眼睛
funny		adj.	有趣的
limited		adj.	有限的
moving		adj.	移动的
network		n.	网络
peace		n.	和平
provided		conj.	假如
recently		adv.	最近
required		adj.	必需的
sales		n.	销售
spent		v.	花费
store		n.	商店
student		n.	学生
tomorrow		n.	明天
track		n.	轨道
via		prep.	通过
watching		v.	观看
weight		n.	重量
addition		n.	加法
ahead		adv.	向前
allow		v.	允许
anti		prep.	反对
association		n.	协会
beat		v.	打
brown		n.	棕色
capital		n.	首都
chinese		adj.	中国的
committee		n.	委员会
conference		n.	会议
difference		n.	差异
double		v.	加倍
expect		v.	期待
gas		n.	气体
gas		n.	汽油
island		n.	岛
moved		v.	移动
moved		v.	感动
normal		adj.	正常的
normal		n.	常态
plans		n.	计划
population		n.	人口
potential		adj.	潜在的
potential		n.	潜力
pressure		n.	压力
radio		n.	收音机
russian		adj.	俄罗斯的
station		n.	车站
station		n.	站
text		n.	文本
treatment		n.	治疗
treatment		n.	对待
western		adj.	西方的
ass		n.	屁股
ass		n.	驴
beginning		n.	开始
california		n.	加利福尼亚
campaign		n.	运动
campaign		n.	战役
certainly		adv.	当然
completely		adv.	完全地
content		n.	内容
content		adj.	满足的
credit		n.	信用
credit		n.	学分
cross		v.	穿过
cross		n.	十字
described		v.	描述
despite		prep.	尽管
female		adj.	女性的
female		n.	女性
focus		v.	集中
focus		n.	焦点
hi		int.	嗨
husband		n.	丈夫
ice		n.	冰
individual		adj.	个人的
individual		n.	个人
interesting		adj.	有趣的
join		v.	加入
kept		v.	保持
leading		adj.	主要的
loved		v.	爱
message		n.	消息
miles		n.	英里
nearly		adv.	几乎
particular		adj.	特别的
previous		adj.	以前的
quickly		adv.	迅速地
region		n.	地区
reported		v.	报道
section		n.	部分
sort		n.	种类
sort		v.	分类
speed		n.	速度
travel		v.	旅行
travel		n.	旅行
consider		v.	考虑
contact		n.	联系
contact		v.	联系
drop		v.	落下
drop		n.	水滴
fair		adj.	公平的
fair		n.	集市
feet		n.	脚
jesus		n.	耶稣
kid		n.	小孩
link		n.	链接
positive		adj.	积极的
positive		adj.	阳性的
post-training		n.	后训练
sale		n.	销售
throughout		prep.	遍及
tour		n.	旅行
welcome		v.	欢迎
absolutely		adv.	绝对
additional		adj.	额外的
beyond		prep.	超过
conditions		n.	条件
earlier		adv.	更早
extra		adj.	额外的
forces		n.	力量
immediately		adv.	立即
jobs		n.	工作
leaving		v.	离开
minute		n.	分钟
nature		n.	自然
numbers		n.	数字
quick		adj.	快的
sell		v.	卖
significant		adj.	重要的
studies		n.	研究
unless		conj.	除非
winning		v.	赢
agree		v.	同意
canada		n.	加拿大
clean		adj.	干净的
computer		n.	电脑
construction		n.	建设
episode		n.	集
favorite		adj.	最喜欢的
income		n.	收入
justice		n.	正义
levels		n.	水平
manager		n.	经理
movement		n.	运动
photo		n.	照片
posted		v.	发布
safety		n.	安全
scene		n.	场景
sold		v.	卖
sounds		n.	声音
spend		v.	花（钱）
statement		n.	声明
sun		n.	太阳
teams		n.	队伍
they're		pron.	他们是
ability		n.	能力
announced		v.	宣布
asking		v.	问
calling		v.	打电话
coach		n.	教练
collection		n.	收藏
continued		v.	继续
costs		n.	成本
definitely		adv.	肯定
designed		v.	设计
expected		v.	预料
friday		n.	星期五
gun		n.	枪
happens		v.	发生
heavy		adj.	重的
includes		v.	包括
knowledge		n.	知识
particularly		adv.	尤其
search		v.	搜索
subject		n.	主题
train		n.	火车
wide		adj.	宽的
wow		int.	哇
author		n.	作者
centre		n.	中心
claim		v.	声称
dad		n.	爸爸
developed		adj.	发达的
fear		n.	恐惧
fit		adj.	健康的
fit		v.	适合
generally		adv.	通常
german		adj.	德国的
global		adj.	全球的
goals		n.	目标
gotta		v.	必须
hotel		n.	旅馆
interested		adj.	感兴趣的
judge		n.	法官
lady		n.	女士
leader		n.	领导
letter		n.	信
lines		n.	行
material		n.	材料
named		v.	命名
nobody		pron.	没有人
opportunity		n.	机会
plus		prep.	加上
product		n.	产品
regular		adj.	常规的
secretary		n.	秘书
sister		n.	姐妹
stories		n.	故事
unit		n.	单位
workers		n.	工人
annual		adj.	每年的
anymore		adv.	不再
bar		n.	酒吧
battle		n.	战斗
brain		n.	大脑
by-product		n.	副产品
contract		n.	合同
degree		n.	程度
families		n.	家庭
features		n.	特征
finished		v.	完成
floor		n.	地板
france		n.	法国
growing		v.	成长
hurt		v.	伤害
image		n.	图像
insurance		n.	保险
majority		n.	多数
meant		v.	意味着
opening		n.	开幕
opinion		n.	意见
physical		adj.	物理的
pro		n.	专业人士
reach		v.	到达
rule		n.	规则
seriously		adv.	认真地
sports		n.	运动
stupid		adj.	愚蠢的
successful		adj.	成功的
active		adj.	活跃的
administration		n.	管理
approach		n.	方法
australian		adj.	澳大利亚的
biggest		adj.	最大的
cancer		n.	癌症
civil		adj.	平民的
dance		v.	跳舞
defense		n.	防御
direction		n.	方向
ill		adj.	生病的
independent		adj.	独立的
master		n.	主人
none		pron.	没有一个
reasons		n.	原因
russia		n.	俄罗斯
ship		n.	船
stock		n.	股票
trump		n.	王牌
weekend		n.	周末
wonder		v.	想知道
worst		adj.	最差的
africa		n.	非洲
awesome		adj.	极好的
band		n.	乐队
beach		n.	海滩
cash		n.	现金
clearly		adv.	清楚地
commercial		adj.	商业的
compared		v.	比较
effort		n.	努力
ended		v.	结束
fan		n.	粉丝
fighting		v.	战斗
imagine		v.	想象
impact		n.	影响
lack		n.	缺乏
latest		adj.	最新的
learning		n.	学习
multiple		adj.	多个的
older		adj.	年长的
operation		n.	手术
organization		n.	组织
passed		v.	通过
pictures		n.	图片
protect		v.	保护
secret		n.	秘密
secret		adj.	秘密的
senior		adj.	年长的
spring		n.	春天
sunday		n.	星期日
telling		v.	告诉
wear		v.	穿
activities		n.	活动
address		n.	地址
address		v.	致词
analysis		n.	分析
anyway		adv.	不管怎样
bought		v.	买
calls		n.	电话
choose		v.	选择
christmas		n.	圣诞节
color		n.	颜色
commission		n.	委员会
competition		n.	竞争
details		n.	细节
direct		adj.	直接的
direct		v.	指导
dream		n.	梦
easily		adv.	容易地
finish		v.	完成
grand		adj.	宏大的
increased		adj.	增加的
indian		adj.	印度的
literally		adv.	字面上地
luck		n.	运气
marriage		n.	婚姻
names		n.	名字
necessary		adj.	必要的
patients		n.	病人
resources		n.	资源
rich		adj.	富有的
skin		n.	皮肤
speaking		v.	说话
supposed		adj.	假定的
sweet		adj.	甜的
sweet		n.	糖果
thus		adv.	因此
touch		v.	触摸
yesterday		n.	昨天
caught		v.	抓住
closed		adj.	关闭的
congress		n.	国会
damage		n.	损害
directly		adv.	直接地
disease		n.	疾病
doctor		n.	医生
doubt		n.	怀疑
drink		v.	喝
driving		v.	驾驶
established		adj.	既有的
feels		v.	感觉
fish		n.	鱼
gay		adj.	同性恋的
germany		n.	德国
glad		adj.	高兴的
greater		adj.	更大的
grow		v.	生长
largest		adj.	最大的
machine		n.	机器
notice		v.	注意到
notice		n.	通知
overall		adj.	全面的
overall		adv.	总体上
overall		n.	罩衫
planning		v.	计划
professor		n.	教授
programs		n.	程序
records		n.	记录
reports		n.	报告
reports		v.	报道
shown		v.	显示
sit		v.	坐
trip		n.	旅行
trip		v.	绊倒
we're		pron.	我们是
associated		v.	联系
associated		adj.	有关联的
basic		adj.	基本的
captain		n.	队长
carry		v.	携带
cars		n.	汽车
crime		n.	犯罪
effective		adj.	有效的
effects		n.	效果
explain		v.	解释
front-page		adj.	头版的
fully		adv.	完全地
fyi		int.	仅供参考
highly		adv.	高度地
holding		v.	握住
holding		n.	持股
japan		n.	日本
laws		n.	法律
male		adj.	男性的
male		n.	男性
parties		n.	聚会
parties		n.	政党
plant		n.	植物
plant		n.	工厂
plant		v.	种植
reality		n.	现实
smith		n.	史密斯
spot		n.	地点
spot		v.	发现
texas		n.	得克萨斯
winter		n.	冬天
worse		adj.	更糟的
advice		n.	建议
agreement		n.	协议
award		n.	奖
award		v.	授予
block		n.	街区
block		v.	阻塞
block		n.	块
broken		adj.	坏的
caused		v.	引起
challenge		n.	挑战
challenge		v.	挑战
characters		n.	字符
characters		n.	角色
christian		n.	基督徒
christian		adj.	基督教的
comment		n.	评论
comment		v.	评论
equipment		n.	设备
eventually		adv.	最终
helped		v.	帮助
holy		adj.	神圣的
killing		n.	杀
killing		v.	杀
killing		adj.	致命的
lived		v.	生活
lots		n.	许多
lots		n.	大量
nation		n.	国家
otherwise		adv.	否则
peter		v.	逐渐减弱
prices		n.	价格
primary		adj.	主要的
purpose		n.	目的
rates		n.	价格
rates		n.	比率
responsible		adj.	负责的
shop		n.	商店
shop		v.	购物
showing		v.	显示
showing		n.	展示
sick		adj.	生病的
teacher		n.	老师
theory		n.	理论
uses		v.	使用
uses		n.	用途
william		n.	威廉
agency		n.	机构
avoid		v.	避免
camera		n.	相机
catch		v.	抓住
catch		n.	陷阱
cell		n.	细胞
cell		n.	牢房
coast		n.	海岸
comments		n.	评论
drug		n.	药
drug		n.	毒品
economy		n.	经济
environment		n.	环境
executive		n.	主管
executive		adj.	行政的
foot		n.	脚
foot		n.	英尺
hall		n.	大厅
mass		n.	质量
mass		n.	大量
meaning		n.	意思
mission		n.	使命
nine		num.	九
officers		n.	官员
operations		n.	运营
operations		n.	手术
politics		n.	政治
pop		v.	爆开
pop		n.	流行音乐
produced		v.	生产
ran		v.	跑
ran		v.	经营
saturday		n.	星期六
self-attention		n.	自注意力
status		n.	地位
status		n.	状态
therefore		adv.	因此
trial		n.	审判
trial		n.	试验
truly		adv.	真正地
weather		n.	天气
activity		n.	活动
app		n.	应用程序
application		n.	应用
application		n.	申请
claims		v.	声称
claims		n.	索赔
coffee		n.	咖啡
complex		adj.	复杂的
complex		n.	综合体
condition		n.	条件
condition		n.	状态
division		n.	分部
division		n.	除法
evening		n.	晚上
flight		n.	航班
flight		n.	飞行
freedom		n.	自由
google		n.	谷歌
heat		n.	热
highest		adj.	最高的
interview		n.	面试
interview		n.	采访
library		n.	图书馆
located		v.	位于
location		n.	位置
murder		v.	谋杀
murder		n.	谋杀
offered		v.	提供
pop-up		adj.	弹出的
pop-up		n.	弹出窗口
putting		v.	放
queen		n.	女王
queen		n.	王后
seconds		n.	秒
showed		v.	展示
sitting		n.	坐
standing		n.	站立
stars		n.	星星
walking		v.	行走
accept		v.	接受
actual		adj.	实际的
appear		v.	出现
attempt		v.	尝试
broke		adj.	破产的
channel		n.	频道
distance		n.	距离
eating		v.	吃
exchange		n.	交换
fat		adj.	胖的
fell		v.	跌倒
finding		n.	发现
glass		n.	玻璃
learned		adj.	有学问的
losing		v.	失去
mobile		adj.	移动的
northern		adj.	北方的, 北部的
opened		v.	打开
placed		v.	放置
placed		n.	地点
powerful		adj.	强大的
prior		adj.	先前的
protection		n.	保护
reached		v.	到达
receive		v.	收到
religious		adj.	宗教的
ride		v.	骑
robert		n.	罗伯特
royal		adj.	皇家的
screen		n.	屏幕
serve		v.	服务
signed		v.	签署
slow		adj.	慢的
species		n.	物种
speech		n.	演讲
traffic		n.	交通
tree		n.	树
types		n.	类型
wearing		v.	穿
whom		pron.	谁
wonderful		adj.	精彩的
wtf		int.	搞什么
agreed		adj.	同意的
airport		n.	机场
animals		n.	动物
appears		v.	出现
begin		v.	开始
benefits		n.	好处
bottom		n.	底部
cities		n.	城市
demand		v.	要求
engine		n.	发动机
everybody		pron.	每个人
famous		adj.	著名的
ideas		n.	想法
investment		n.	投资
keeping		n.	保管
lie		v.	躺
lie		v.	说谎
lie		n.	谎言
notes		n.	笔记
partner		n.	伙伴
plays		v.	玩
plays		n.	戏剧
raised		v.	举起
runs		v.	跑
runs		v.	经营
sad		adj.	悲伤的
solution		n.	解决方案
solution		n.	溶液
songs		n.	歌曲
sources		n.	来源
southern		adj.	南方的
square		n.	正方形
square		adj.	平方的
square		n.	广场
stopped		v.	停止
structure		n.	结构
thomas		n.	托马斯
traditional		adj.	传统的
twice		adv.	两次
wind		n.	风
worry		v.	担心
worry		n.	担忧
americans		n.	美国人
appeared		v.	出现
becomes		v.	变成
brand		n.	品牌
bus		n.	公共汽车
cent		n.	分
chicago		n.	芝加哥
count		v.	数
count		v.	重要
covered		v.	覆盖
critical		adj.	关键的
critical		adj.	批评的
digital		adj.	数字的
forced		v.	强迫
fourth		num.	第四
fresh		adj.	新鲜的
lake		n.	湖
mental		adj.	精神的
mentioned		v.	提到
missed		v.	错过
mostly		adv.	主要地
mouth		n.	嘴
owner		n.	所有者
photos		n.	照片
previously		adv.	以前
realize		v.	意识到
remain		v.	保持
scale		n.	规模
scale		n.	刻度
score		n.	分数
score		v.	得分
separate		adj.	分开的
smart		adj.	聪明的
starts		v.	开始
surface		n.	表面
throw		v.	投
tom		n.	汤姆
totally		adv.	完全地
views		n.	观点
wedding		n.	婚礼
acting		n.	表演
actions		n.	行动
african		adj.	非洲的
arms		n.	武器
arms		n.	手臂
benefit		n.	好处
benefit		n.	津贴
budget		n.	预算
click		v.	点击
click		n.	点击声
estate		n.	房地产
estate		n.	庄园
failed		v.	失败
faith		n.	信仰
faith		n.	信任
fashion		n.	时尚
fashion		n.	方式
feature		n.	特征
feature		n.	专题
fund		n.	基金
fund		v.	资助
generation		n.	一代
generation		n.	产生
hearing		n.	听觉
hearing		n.	听证会
hill		n.	小山
jack		n.	杰克
larger		adj.	更大的
livehouse		n.	现场演出场所
louis		n.	路易
metal		n.	金属
metal		n.	重金属音乐
mid		adj.	中间的
paris		n.	巴黎
profile		n.	简介
profile		n.	侧面
pull		v.	拉
pull		n.	拉力
push		v.	推
push		n.	推
returned		v.	返回
returned		v.	归还
rose		v.	上升
seat		n.	座位
seat		v.	使就座
seemed		v.	似乎
sexual		adj.	性的
target		n.	目标
target		v.	瞄准
understanding		n.	理解
understanding		adj.	善解人意的
village		n.	村庄
wwi		n.	第一次世界大战
agent		n.	代理人
agent		n.	特工
animal		n.	动物
apply		v.	申请
apply		v.	应用
authority		n.	权威
authority		n.	当局
basis		n.	基础
becoming		v.	变成
chris		n.	克里斯
draw		v.	画
draw		v.	吸引
draw		n.	平局
dude		n.	老兄
employees		n.	员工
enter		v.	进入
enter		v.	输入
follows		v.	跟随
foundation		n.	基础
foundation		n.	基金会
gain		v.	获得
gain		n.	收益
individuals		n.	个人
japanese		adj.	日本的
japanese		n.	日语
leaders		n.	领导人
memory		n.	记忆
memory		n.	存储器
prime		adj.	首要的
projects		n.	项目
ring		n.	戒指
ring		n.	环
rise		v.	上升
selling		v.	卖
served		v.	服务
silver		n.	银
soul		n.	灵魂
spread		v.	传播
supply		n.	供应
supply		v.	提供
waste		v.	浪费
waste		n.	废物
weird		adj.	奇怪的
adult		n.	成年人
apparently		adv.	显然
artist		n.	艺术家
chairman		n.	主席
edition		n.	版本
engineering		n.	工程
grade		n.	等级
grade		n.	年级
happening		n.	事件
healthy		adj.	健康的
institute		n.	研究所
method		n.	方法
mike		n.	麦克风
monday		n.	星期一
nations		n.	国家
obviously		adv.	显然
option		n.	选项
prison		n.	监狱
provides		v.	提供
remains		n.	遗骸
remains		v.	保持
senate		n.	参议院
smaller		adj.	更小的
somebody		pron.	某人
stone		n.	石头
strength		n.	力量
users		n.	用户
wild		adj.	野生的
window		n.	窗户
winner		n.	获胜者
arrived		v.	到达
bag		n.	包
bet		v.	打赌
camp		n.	营地
cast		v.	投掷
cast		n.	演员阵容
christ		n.	基督
continues		v.	继续
correct		adj.	正确的
correct		v.	改正
dangerous		adj.	危险的
extremely		adv.	极其
firm		n.	公司
firm		adj.	坚固的
greatest		adj.	最伟大的
handle		v.	处理
handle		n.	把手
improve		v.	改善
indeed		adv.	确实
leaves		n.	叶子
leaves		v.	离开
movies		n.	电影
negative		adj.	消极的
prevent		v.	防止
removed		v.	移除
richard		n.	理查德
spirit		n.	精神
television		n.	电视
till		prep.	直到
trouble		n.	麻烦
usa		n.	美国
videos		n.	视频
advantage		n.	优势
apart		adv.	分开
aware		adj.	意识到的
cat		n.	猫
customers		n.	顾客
decide		v.	决定
dinner		n.	晚餐
dollars		n.	美元
eastern		adj.	东方的
fifth		num.	第五
function		n.	功能
gift		n.	礼物
helping		v.	帮助
herself		pron.	她自己
impossible		adj.	不可能的
influence		n.	影响
items		n.	物品
joe		n.	乔
marketing		n.	营销
mary		n.	玛丽
materials		n.	材料
nor		conj.	也不
produce		v.	生产
progress		n.	进步
proud		adj.	自豪的
require		v.	需要
shooting		n.	射击
shut		v.	关闭
standards		n.	标准
tells		v.	告诉
thinks		v.	思考
van		n.	货车
wasn't		v.	不是
wood		n.	木头
background		n.	背景
birth		n.	出生
bridge		n.	桥
carried		v.	携带
charles		n.	查尔斯
classes		n.	班级
completed		v.	完成
concept		n.	概念
copy		v.	复制
dear		adj.	亲爱的
dogs		n.	狗
drugs		n.	药物
efforts		n.	努力
garden		n.	花园
host		n.	主人
housing		n.	住房
israel		n.	以色列
journal		n.	期刊
labor		n.	劳动
leadership		n.	领导
length		n.	长度
lucky		adj.	幸运的
neither		conj.	也不
neither		pron.	两者都不
onto		prep.	到...之上
patient		n.	病人
possibly		adv.	可能
prove		v.	证明
rare		adj.	罕见的
setting		n.	环境
skills		n.	技能
software		n.	软件
thousands		num.	数千
tough		adj.	艰难的
units		n.	单位
alive		adj.	活着的
apple		n.	苹果
balance		n.	平衡
birthday		n.	生日
bitch		n.	坏女人
boss		n.	老板
cards		n.	卡片
changing		v.	改变
connection		n.	连接
diy		n.	自己动手
dress		n.	连衣裙
easier		adj.	更容易的
fellow		n.	家伙
florida		n.	佛罗里达
horse		n.	马
knowing		v.	知道
liked		v.	喜欢
magic		n.	魔法
managed		v.	管理
map		n.	地图
mar		v.	破坏
net		n.	网
owned		v.	拥有
request		n.	请求
she's		pron.	她
stick		n.	棍子
turns		v.	转向
vehicle		n.	车辆
volume		n.	音量
wake		v.	醒来
aid		n.	援助
beauty		n.	美
believed		v.	相信
billion		num.	十亿
busy		adj.	忙碌的
buying		v.	购买
cells		n.	细胞
concerned		adj.	担心的
conversation		n.	对话
corner		n.	角落
criminal		n.	罪犯
cultural		adj.	文化的
develop		v.	发展
driver		n.	司机
ends		v.	结束
existing		adj.	现有的
farm		n.	农场
file		n.	文件
fix		v.	修理
fly		n.	苍蝇
fly		v.	飞
frank		adj.	坦率的
guide		n.	指南
guide		v.	引导
images		n.	图像
investigation		n.	调查
mexico		n.	墨西哥
operating		adj.	运行的
paying		v.	支付
presented		v.	提出
raise		v.	提高
responsibility		n.	责任
roll		v.	滚动
roll		n.	卷
slightly		adv.	稍微
suggest		v.	建议
surprise		n.	惊奇
surprise		v.	使惊讶
technical		adj.	技术的
thoughts		n.	想法
treat		v.	对待
treat		v.	治疗
unique		adj.	独特的
variety		n.	多样
violence		n.	暴力
weapons		n.	武器
yours		pron.	你的（东西）
youth		n.	青年
appreciate		v.	感激
bigger		adj.	更大的
breaking		v.	打破
discovered		v.	发现
dry		adj.	干燥的
edge		n.	边缘
evil		adj.	邪恶的
excited		adj.	兴奋的
forever		adv.	永远
funds		n.	资金
helps		v.	帮助
henry		n.	亨利
injury		n.	伤害
iron		n.	铁
lovely		adj.	可爱的
mad		adj.	疯狂的
magazine		n.	杂志
martin		n.	马丁
models		n.	模型
offers		v.	提供
ordered		v.	订购
parliament		n.	议会
prepared		adj.	准备好的
reference		n.	参考
religion		n.	宗教
sites		n.	地点
somewhere		adv.	在某处
stated		v.	声明
strategy		n.	战略
teachers		n.	教师
web		n.	网络
wine		n.	葡萄酒
accounts		n.	账户
arm		n.	手臂
audience		n.	观众
bay		n.	海湾
blog		n.	博客
closer		adj.	更近的
core		n.	核心
democratic		adj.	民主的
description		n.	描述
dropped		v.	落下
excellent		adj.	优秀的
exist		v.	存在
figures		n.	数字
forms		n.	形式
guard		v.	守卫
honest		adj.	诚实的
issued		v.	发布
joined		v.	加入
jones		n.	琼斯
lee		n.	李
lies		v.	躺
likes		v.	喜欢
medicine		n.	药
mention		v.	提到
mountain		n.	山
nuclear		adj.	核的
orders		n.	订单
port		n.	港口
presence		n.	在场
reaction		n.	反应
reduce		v.	减少
shoot		v.	射击
sides		n.	边
solid		adj.	固体的
spanish		n.	西班牙语
sport		n.	运动
steps		n.	步骤
stress		n.	压力
taste		n.	味道
tea		n.	茶
victory		n.	胜利
afternoon		n.	下午
assistant		n.	助手
britain		n.	英国
citizens		n.	公民
classic		adj.	经典的
clothes		n.	衣服
decisions		n.	决定
electric		adj.	电的
emergency		n.	紧急情况
entered		v.	进入
entirely		adv.	完全地
facts		n.	事实
failure		n.	失败
festival		n.	节日
flat		adj.	平的
fuel		n.	燃料
harry		n.	哈里
hello		int.	你好
houses		n.	房子
initial		adj.	最初的
introduced		v.	介绍
johnson		n.	约翰逊
kick		v.	踢
links		n.	链接
mail		n.	邮件
massive		adj.	巨大的
matters		n.	事情
matters		v.	要紧
pair		n.	一对
picked		v.	挑选
pieces		n.	碎片
plane		n.	飞机
plenty		n.	大量
prince		n.	王子
proper		adj.	适当的
providing		conj.	只要
quarter		n.	四分之一
regional		adj.	地区的
scott		n.	斯科特
session		n.	会议
shape		n.	形状
sky		n.	天空
teaching		n.	教学
toward		prep.	朝
transfer		v.	转移
upper		adj.	上面的
useful		adj.	有用的
valley		n.	山谷
watched		v.	观看
willing		adj.	愿意的
windows		n.	窗口
you'll		pron.	你将
zone		n.	区域
accident		n.	事故
advanced		adj.	先进的
alternative		n.	替代选择
alternative		adj.	替代的
anywhere		adv.	任何地方
articles		n.	文章
awards		n.	奖
bear		n.	熊
bear		v.	承受
boat		n.	船
bringing		v.	带来
capacity		n.	容量
capacity		n.	能力
cheap		adj.	便宜的
climate		n.	气候
communities		n.	社区
discussion		n.	讨论
drinking		v.	喝
duty		n.	责任
fantastic		adj.	极好的
feelings		n.	感情
flying		v.	飞
governor		n.	州长
hundred		num.	一百
industrial		adj.	工业的
joint		n.	关节
joint		adj.	联合的
mix		v.	混合, 混合
mix		n.	混合物
museum		n.	博物馆
options		n.	选项
path		n.	路径
plants		n.	植物
policies		n.	政策
promise		v.	承诺
promise		n.	承诺
proposed		adj.	提议的
proposed		v.	提议
purchase		v.	购买
purchase		n.	购买
rain		n.	雨
rain		v.	下雨
remove		v.	移除
signs		n.	标志
signs		v.	签署
spending		n.	支出
steel		n.	钢
steve		n.	史蒂夫
supporting		adj.	支持的
terrible		adj.	糟糕的
tired		adj.	疲倦的
treated		v.	对待
turning		v.	转向
vice		n.	副
vice		n.	恶习
warm		adj.	温暖的
warm		v.	使温暖
afraid		adj.	害怕的
arts		n.	艺术
beer		n.	啤酒
border		n.	边界
canadian		adj.	加拿大的
command		n.	命令
command		v.	命令
crew		n.	船员
crowd		n.	人群
dating		v.	约会
dick		n.	迪克
elements		n.	要素
enemy		n.	敌人
ensure		v.	确保
environmental		adj.	环境的
filled		adj.	充满的
filled		v.	装满
fixed		adj.	固定的
fixed		v.	修理
forest		n.	森林
intelligence		n.	智力
intelligence		n.	情报
intended		adj.	预期的
labour		n.	劳动
limit		n.	限制
limit		v.	限制
moon		n.	月亮
ocean		n.	海洋
powers		n.	力量
powers		n.	权力
profit		n.	利润
proof		n.	证明
republican		n.	共和党人
republican		adj.	共和的
soldiers		n.	士兵
suit		n.	西装
suit		v.	适合
wins		v.	获胜
women's		n.	女性的
appearance		n.	外貌
appearance		n.	出现
apr		n.	四月
asian		adj.	亚洲的
asian		n.	亚洲人
attorney		n.	律师
banks		n.	银行
behavior		n.	行为
ben		n.	本
bodies		n.	身体
brothers		n.	兄弟
buildings		n.	建筑物
chair		n.	椅子
chair		n.	主席
creating		v.	创造
debt		n.	债务
domestic		adj.	国内的
domestic		adj.	家用的
expensive		adj.	昂贵的
grew		v.	生长
grew		v.	增长
historical		adj.	历史的
homes		n.	家
homes		n.	住宅
honestly		adv.	诚实地
honor		n.	荣誉
honor		v.	尊敬
jump		v.	跳
jump		n.	跳跃
launch		v.	发射
launch		v.	推出
listed		adj.	上市的
listed		v.	列出
minimum		n.	最小值
minimum		adj.	最小的
native		adj.	本地的
noted		adj.	著名的
originally		adv.	最初
planned		adj.	计划中的
ray		n.	光线
sets		n.	集合
suddenly		adv.	突然
supreme		adj.	最高的
survey		n.	调查
survey		v.	调查
tech		n.	科技
trees		n.	树
unitedstates		n.	美国
update		v.	更新
update		n.	更新
user		n.	用户
writer		n.	作者
yellow		adj.	黄色的
yellow		n.	黄色
younger		adj.	更年轻的
ancient		adj.	古代的
attacks		n.	攻击
attacks		v.	攻击
charges		n.	指控
charges		v.	收费
combined		adj.	组合的
combined		v.	结合
communication		n.	交流
connected		adj.	连接的
connected		v.	连接
contains		v.	包含
download		v.	下载
download		n.	下载
email		n.	电子邮件
ending		n.	结尾
exercise		n.	锻炼
exercise		v.	锻炼
express		v.	表达
express		adj.	快速的
express		n.	快车
flow		n.	流动
flow		v.	流动
formed		v.	形成
girlfriend		n.	女朋友
hero		n.	英雄
illegal		adj.	非法的
increasing		adj.	增长的
joke		n.	笑话
joke		v.	开玩笑
loan		n.	贷款
loan		v.	借出
methods		n.	方法
officials		n.	官员
omg		int.	天哪
performed		v.	表演
performed		v.	执行
planet		n.	行星
relationships		n.	关系
restaurant		n.	餐馆
scotland		n.	苏格兰
selected		adj.	选定的
shared		adj.	共享的
shopping		n.	购物
shopping		v.	购物
soft		adj.	软的
stuck		adj.	卡住的
sugar		n.	糖
suggested		v.	建议
supported		v.	支持
surprised		adj.	惊讶的
taught		v.	教
transport		n.	运输
wouldn't		v.	不会
accepted		v.	接受
adding		v.	添加
affairs		n.	事务
allows		v.	允许
appeal		n.	呼吁
applied		v.	应用
appropriate		adj.	适当的
artists		n.	艺术家
boston		n.	波士顿
confirmed		v.	确认
device		n.	设备
drama		n.	戏剧
entry		n.	条目
era		n.	时代
factor		n.	因素
feed		n.	动态
golden		adj.	金色的
grant		n.	拨款
grown		v.	成长
heads		n.	头
hoping		v.	希望
keeps		v.	保持
lawyer		n.	律师
legs		n.	腿
lying		v.	躺
measures		n.	措施
mistake		n.	错误
muslim		n.	穆斯林
organizations		n.	组织
platform		n.	平台
pool		n.	泳池
pulled		v.	拉
regarding		prep.	关于
relations		n.	关系
requires		v.	需要
route		n.	路线
saved		v.	保存
schedule		n.	日程
scientific		adj.	科学的
shoes		n.	鞋
smoke		n.	烟
squad		n.	小队
teach		v.	教
testing		n.	测试
tests		n.	测试
values		n.	价值观
walked		v.	走
williams		n.	威廉姆斯
abuse		n.	虐待
abuse		v.	滥用
angry		adj.	愤怒的
businesses		n.	企业
candidate		n.	候选人
comfortable		adj.	舒适的
concern		v.	涉及
concern		n.	担忧
developing		adj.	发展中的
discuss		v.	讨论
elections		n.	选举
emotional		adj.	情感的
everywhere		adv.	到处
facilities		n.	设施
falling		v.	落下
fox		n.	狐狸
grown-up		n.	成年人
guns		n.	枪
hole		n.	洞
holiday		n.	假期
interests		n.	兴趣
internal		adj.	内部的
ireland		n.	爱尔兰
italian		adj.	意大利的
italy		n.	意大利
jersey		n.	运动衫
laugh		v.	笑
leg		n.	腿
letters		n.	信
liberal		adj.	自由的
listening		v.	听
loves		v.	爱
lunch		n.	午餐
max		n.	最大值
milk		n.	牛奶
pack		v.	打包
payment		n.	付款
perform		v.	表演
recorded		v.	记录
relatively		adv.	相对地
sector		n.	部门
sharing		v.	分享
snow		n.	雪
storm		n.	暴风雨
streets		n.	街道
strike		v.	罢工
studio		n.	工作室
sub		n.	替代者
weak		adj.	虚弱的
actor		n.	演员
advance		v.	前进
apartment		n.	公寓
asia		n.	亚洲
chain		n.	链
chapter		n.	章节
committed		v.	承诺
confidence		n.	信心
cook		v.	烹饪
cute		adj.	可爱的
equal		adj.	相等的
equal		v.	等于
fake		adj.	假的
fake		n.	赝品
finance		n.	财政
finance		v.	资助
focused		adj.	专注的
hits		n.	打击
identity		n.	身份
journey		n.	旅程
kitchen		n.	厨房
korea		n.	韩国
leads		v.	带领
leads		n.	线索
maintain		v.	维持
measure		v.	测量
measure		n.	措施
numerous		adj.	众多的
owners		n.	所有者
posts		n.	帖子
posts		v.	发布
properties		n.	性质
properties		n.	财产
quiet		adj.	安静的
revealed		v.	揭示
sept		n.	九月
specifically		adv.	专门地
split		v.	分裂
split		n.	分裂
task		n.	任务
taxes		n.	税
taylor		n.	泰勒
twenty		num.	二十
urban		adj.	城市的
acts		v.	行动
acts		n.	行为
affected		adj.	受影响的
aircraft		n.	飞机
applications		n.	申请
applications		n.	应用
approved		adj.	被批准的
approximately		adv.	大约
argument		n.	论点
argument		n.	争论
arrested		v.	逮捕
claimed		v.	声称
conflict		n.	冲突
considering		prep.	考虑到
corporate		adj.	公司的
debate		n.	辩论
debate		v.	辩论
determined		adj.	坚决的
distribution		n.	分配
documents		n.	文件
escape		v.	逃跑
escape		n.	逃跑
extended		adj.	延长的
factors		n.	因素
faster		adj.	更快的
faster		adv.	更快
fault		n.	过错
fill		v.	装满
films		n.	电影
flowers		n.	花
friendly		adj.	友好的
ladies		n.	女士
lay		v.	放置
lights		n.	灯
millions		num.	百万
mixed		adj.	混合的
phase		n.	阶段
properly		adv.	适当地
pure		adj.	纯的
reduced		adj.	减少的
requirements		n.	要求
residents		n.	居民
revenue		n.	收入
sam		n.	萨姆
sat		v.	坐
secure		adj.	安全的
smile		v.	微笑
strange		adj.	奇怪的
talent		n.	才能
temperature		n.	温度
thousand		num.	千
tony		n.	托尼
troops		n.	军队
truck		n.	卡车
votes		n.	选票
authorities		n.	当局
basically		adv.	基本上
besides		prep.	除…之外
bird		n.	鸟
blame		v.	责备
bob		n.	鲍勃
bowl		n.	碗
causes		n.	原因
chicken		n.	鸡
collected		v.	收集
context		n.	语境
coverage		n.	覆盖范围
determine		v.	决定
display		v.	显示
dying		v.	死亡
elected		adj.	当选的
examples		n.	例子
experienced		adj.	有经验的
falls		n.	瀑布
false		adj.	假的
fired		v.	解雇
forgot		v.	忘记
funding		n.	资金
identified		v.	识别
incredible		adj.	难以置信的
inspired		v.	启发
launched		v.	发射
meat		n.	肉
ministry		n.	部
mode		n.	模式
neck		n.	脖子
noticed		v.	注意到
novel		n.	小说
obvious		adj.	明显的
passing		n.	经过
positions		n.	位置
remaining		adj.	剩余的
scored		v.	得分
shirt		n.	衬衫
shots		n.	射击
slowly		adv.	缓慢地
stadium		n.	体育场
stores		n.	商店
stores		v.	储备
surgery		n.	外科手术
trading		n.	贸易
tuesday		n.	星期二
vision		n.	视觉
vision		n.	愿景
whenever		conj.	无论何时
worried		adj.	担心的
you've		pron.	你已
zero		num.	零
alex		n.	亚历克斯
allowing		v.	允许
begins		v.	开始
champion		n.	冠军
charged		v.	收费
cream		n.	奶油
crisis		n.	危机
daniel		n.	丹尼尔
delivered		v.	递送
editor		n.	编辑
estimated		v.	估计
giant		adj.	巨大的
giant		n.	巨人
iran		n.	伊朗
jail		n.	监狱
jim		n.	吉姆
kingdom		n.	王国
literature		n.	文学
mayor		n.	市长
minor		adj.	较小的
moments		n.	时刻
opposite		adj.	相反的
opposite		prep.	在…对面
orange		n.	橙子
ourselves		pron.	我们自己
pages		n.	页
remained		v.	保持
selection		n.	选择
serving		n.	一份
serving		v.	服务
signal		n.	信号
stream		n.	溪流
stream		v.	流播
struggle		v.	挣扎
suicide		n.	自杀
talked		v.	说话
theme		n.	主题
thursday		n.	星期四
tiny		adj.	极小的
typically		adv.	通常
unfortunately		adv.	遗憾地
usual		adj.	通常的
vehicles		n.	车辆
virginia		n.	弗吉尼亚
voted		v.	投票
voting		n.	投票
walls		n.	墙
wave		n.	波
wave		v.	挥手
alcohol		n.	酒精
assembly		n.	集会
breakfast		n.	早餐
bright		adj.	明亮的
brings		v.	带来
capable		adj.	有能力的
carrying		v.	携带
chosen		adj.	选中的
combination		n.	组合
conservative		adj.	保守的
customer		n.	顾客
cutting		v.	切割
desire		n.	欲望
destroyed		v.	破坏
draft		n.	草稿
drunk		adj.	喝醉的
essential		adj.	必不可少的
fail		v.	失败
familiar		adj.	熟悉的
finds		v.	找到
granted		v.	授予
guilty		adj.	有罪的
humans		n.	人类
hundreds		num.	数百
improved		v.	改进
jewish		adj.	犹太的
largely		adv.	很大程度上
laughing		v.	笑
markets		n.	市场
medium		n.	媒介
ohio		n.	俄亥俄州
opportunities		n.	机会
papers		n.	文件
perfectly		adv.	完美地
recommend		v.	推荐
referred		v.	提及
relevant		adj.	相关的
seek		v.	寻求
sending		v.	发送
solo		adj.	单独的
spoke		v.	说话
stands		v.	站立
talks		n.	会谈
ticket		n.	票
unable		adj.	不能的
upset		adj.	心烦的
wing		n.	翅膀
answers		n.	答案
birds		n.	鸟
bomb		n.	炸弹
creative		adj.	有创造力的
cycle		n.	循环
dealing		v.	处理
directed		v.	执导
don		v.	穿上
educational		adj.	教育的
entertainment		n.	娱乐
extreme		adj.	极端的
facility		n.	设施
fields		n.	田地
goods		n.	货物
hang		v.	悬挂
holds		v.	握住
info		n.	信息
mainly		adv.	主要地
maximum		n.	最大值
maximum		adj.	最大的
newspaper		n.	报纸
nov		n.	十一月
offering		n.	提供
painting		n.	绘画
republic		n.	共和国
reserve		v.	预订
reserve		n.	储备
returns		n.	回报
row		n.	排
salt		n.	盐
scared		adj.	害怕的
scottish		adj.	苏格兰的
shares		n.	股份
statistics		n.	统计学
switch		n.	开关
switch		v.	转换
territory		n.	领土
threat		n.	威胁
tickets		n.	票
wales		n.	威尔士
adults		n.	成人
affect		v.	影响
appointed		v.	任命
armed		adj.	武装的
aside		adv.	在旁边
assistance		n.	援助
bell		n.	铃
blow		v.	吹
bond		n.	债券
boyfriend		n.	男朋友
careful		adj.	小心的
circumstances		n.	情况
communications		n.	通信
concerns		n.	担忧
controlled		v.	控制
corporation		n.	公司
couldn't		v.	不能
cry		v.	哭
danger		n.	危险
deals		n.	交易
delivery		n.	递送
deserve		v.	应得
devices		n.	设备
dollar		n.	美元
dreams		n.	梦
empty		adj.	空的
enjoyed		v.	享受
explained		v.	解释
faces		n.	脸
folks		n.	人们
fucked		v.	操
gender		n.	性别
instance		n.	实例
jan		n.	一月
kim		n.	金
kinda		adv.	有点
matches		n.	比赛
mile		n.	英里
motion		n.	运动
moves		v.	移动
nick		n.	刻痕
pacific		adj.	太平洋的
prize		n.	奖赏
realized		v.	实现
reasonable		adj.	合理的
receiving		v.	接收
register		v.	登记
resolution		n.	决议
resolution		n.	分辨率
rural		adj.	农村的
ryan		n.	瑞安
saving		n.	节省
sees		v.	看见
singing		v.	唱歌
spain		n.	西班牙
tools		n.	工具
typical		adj.	典型的
universe		n.	宇宙
warning		n.	警告
wars		n.	战争
wednesday		n.	星期三
admit		v.	承认
attitude		n.	态度
branch		n.	树枝
branch		n.	分支机构
brazil		n.	巴西
conducted		v.	进行
decades		n.	数十年
dedicated		adj.	专用的
definition		n.	定义
drawing		n.	绘画
favor		n.	恩惠
flag		n.	旗帜
frame		n.	框架
guest		n.	客人
heaven		n.	天堂
independence		n.	独立
institutions		n.	机构
jackson		n.	杰克逊
kiss		v.	亲吻
load		n.	负荷
plot		n.	情节
possibility		n.	可能性
random		adj.	随机的
recovery		n.	恢复
rent		n.	租金
replace		v.	替换
represent		v.	代表
reviews		n.	评论
scenes		n.	场景
seeking		v.	寻找
senator		n.	参议员
sentence		n.	句子
sentence		n.	刑罚
teeth		n.	牙齿
tips		n.	小费
trained		adj.	受训的
understood		v.	理解
academic		adj.	学术的
academy		n.	学院
academy		n.	研究院
accurate		adj.	准确的
achieve		v.	实现
adam		n.	亚当
afford		v.	负担得起
andrew		n.	安德鲁
assume		v.	假定
assume		v.	承担
bbc		n.	英国广播公司
bottle		n.	瓶子
bunch		n.	一束
bunch		n.	一群
category		n.	类别
chat		v.	聊天
chat		n.	聊天
cheese		n.	奶酪
chemical		adj.	化学的
chemical		n.	化学品
clinton		n.	克林顿
competitive		adj.	竞争的
dec		n.	十二月
detail		n.	细节
detail		v.	详述
diet		n.	饮食
diet		n.	节食
favourite		adj.	最喜欢的
favourite		n.	最爱
fruit		n.	水果
harder		adj.	更难的
harder		adv.	更努力地
index		n.	索引
index		n.	指数
item		n.	项目
item		n.	物品
lane		n.	小巷
lane		n.	车道
mess		n.	混乱
mess		v.	弄乱
navy		n.	海军
normally		adv.	通常
occurred		v.	发生
opposition		n.	反对
opposition		n.	反对党
parent		n.	父母
permanent		adj.	永久的
personally		adv.	亲自
pleasure		n.	快乐
prefer		v.	更喜欢
programme		n.	节目
programme		n.	计划
representative		n.	代表
representative		adj.	有代表性的
scheme		n.	计划
scheme		n.	方案
shift		v.	转移
shift		n.	轮班
stood		v.	站立
storage		n.	储存
tank		n.	坦克
tank		n.	水箱
tend		v.	倾向
tend		v.	照料
tight		adj.	紧的
tight		adj.	严格的
transportation		n.	运输
ultimately		adv.	最终
unlike		prep.	不像
unlike		adj.	不同的
weekly		adj.	每周的
weekly		adv.	每周
x-ray		n.	X光
yard		n.	院子
yard		n.	码
anybody		pron.	任何人
assets		n.	资产
basketball		n.	篮球
button		n.	按钮
button		n.	纽扣
candidates		n.	候选人
combat		n.	战斗
combat		v.	打击
constitution		n.	宪法
constitution		n.	体质
consumer		n.	消费者
counter		n.	柜台
counter		v.	反驳
counter		n.	计数器
creation		n.	创造
crown		n.	王冠
crying		v.	哭
defined		v.	定义
depending		v.	取决于
depression		n.	抑郁
describe		v.	描述
drivers		n.	司机
employment		n.	就业
exclusive		adj.	独有的
excuse		n.	借口
expert		n.	专家
frequently		adv.	频繁地
golf		n.	高尔夫球
grace		n.	优雅
hopefully		adv.	希望如此
identify		v.	识别
importance		n.	重要性
kevin		n.	凯文
laid		v.	放置
latter		adj.	后者的
manufacturing		n.	制造业
mining		n.	采矿
object		n.	物体
partners		n.	伙伴
pattern		n.	模式
performing		v.	表演
personnel		n.	人员
perspective		n.	视角
pregnant		adj.	怀孕的
premier		adj.	首要的
promote		v.	促进
revolution		n.	革命
rooms		n.	房间
severe		adj.	严重的
sleeping		v.	睡觉
suppose		v.	假设
tool		n.	工具
tournament		n.	锦标赛
turkey		n.	土耳其
victim		n.	受害者
victims		n.	受害者
agents		n.	代理人
amazon		n.	亚马逊
aren't		v.	不是
arrest		v.	逮捕
attend		v.	出席
ban		v.	禁止
brilliant		adj.	杰出的
carbon		n.	碳
catholic		adj.	天主教的
chose		v.	选择
circle		n.	圆
concert		n.	音乐会
crash		v.	坠毁
declared		v.	宣布
deliver		v.	递送
depth		n.	深度
deputy		n.	副手
dirty		adj.	脏的
doctors		n.	医生
earned		v.	挣得
electronic		adj.	电子的
error		n.	错误
existence		n.	存在
experiences		n.	经验
expression		n.	表达
factory		n.	工厂
headed		v.	前往
interior		n.	内部
joy		n.	喜悦
legislation		n.	立法
maintenance		n.	维护
manner		n.	方式
mate		n.	伙伴
matt		n.	马特
nearby		adj.	附近的
noise		n.	噪音
origin		n.	起源
pakistan		n.	巴基斯坦
panel		n.	面板
personality		n.	个性
plate		n.	盘子
practices		n.	实践
prepare		v.	准备
relief		n.	宽慰
replaced		v.	取代
resistance		n.	抵抗
retail		n.	零售
rice		n.	大米
roads		n.	道路
roof		n.	屋顶
shame		n.	羞耻
ships		n.	船
somewhat		adv.	有点
staying		v.	停留
stronger		adj.	更强的
surely		adv.	肯定地
tip		n.	小费
updated		v.	更新
writers		n.	作家
absolute		adj.	绝对的
advertising		n.	广告
agencies		n.	机构
baseball		n.	棒球
bathroom		n.	浴室
bible		n.	圣经
cable		n.	电缆
calm		adj.	平静的
championship		n.	锦标赛
checked		v.	检查
client		n.	客户
constant		adj.	持续的
dates		n.	日期
degrees		n.	度
democrats		n.	民主党人
doors		n.	门
driven		v.	驱动
dumb		adj.	哑的
empire		n.	帝国
exciting		adj.	令人兴奋的
expansion		n.	扩张
heavily		adv.	沉重地
hide		v.	隐藏
incident		n.	事件
irish		adj.	爱尔兰的
linked		v.	连接
manage		v.	管理
messages		n.	消息
michigan		n.	密歇根
politicians		n.	政治家
print		v.	打印
quit		v.	退出
refused		v.	拒绝
reporting		v.	报道
sight		n.	视力
significantly		adv.	显著地
sing		v.	唱歌
soviet		adj.	苏联的
we've		v.	有
weapon		n.	武器
wet		adj.	湿的
widely		adv.	广泛地
worldwide		adj.	全世界的
ages		n.	年龄
anniversary		n.	周年纪念日
attractive		adj.	有吸引力的
bike		n.	自行车
broad		adj.	宽的
burn		v.	燃烧
cake		n.	蛋糕
causing		v.	引起
closely		adv.	密切地
constantly		adv.	不断地
contest		n.	比赛
deaths		n.	死亡
depends		v.	取决于
drawn		v.	画
feb		n.	二月
fees		n.	费用
francisco		n.	弗朗西斯科
haha		int.	哈哈
hardly		adv.	几乎不
hat		n.	帽子
height		n.	高度
hidden		adj.	隐藏的
invited		v.	邀请
letting		v.	让
loud		adj.	响亮的
manchester		n.	曼彻斯特
marine		adj.	海洋的
motor		n.	发动机
officially		adv.	正式地
onepiece		n.	海贼王
pc		n.	个人电脑
peak		n.	山峰
peak		v.	达到高峰
portion		n.	部分
pounds		n.	磅
pounds		n.	英镑
princess		n.	公主
protein		n.	蛋白质
puts		v.	放
raw		adj.	生的
reform		v.	改革
reform		n.	改革
regions		n.	地区
represented		v.	代表
respond		v.	回应
retirement		n.	退休
sample		n.	样本
sample		v.	抽样
seats		n.	座位
secondary		adj.	次要的
solar		adj.	太阳的
somehow		adv.	不知怎么地
stayed		v.	停留
suffering		n.	痛苦
sydney		n.	悉尼
today's		n.	今天的
tries		v.	尝试
ultimate		adj.	最终的
unknown		adj.	未知的
wilson		n.	威尔逊
wondering		v.	想知道
asap		adv.	尽快
attached		v.	附上
attacked		v.	攻击
automatically		adv.	自动地
balls		n.	球
balls		n.	舞会
battery		n.	电池
bills		n.	账单
blind		adj.	盲的
breath		n.	呼吸
brief		adj.	简短的
carolina		n.	卡罗来纳
chest		n.	胸
conduct		v.	进行
conduct		n.	行为
debut		n.	首次亮相
decade		n.	十年
destroy		v.	摧毁
differences		n.	差异
edward		n.	爱德华
engaged		adj.	已订婚的
experts		n.	专家
expressed		v.	表达
external		adj.	外部的
fantasy		n.	幻想
grab		v.	抓住
hollywood		n.	好莱坞
immediate		adj.	立即的
introduction		n.	介绍
joseph		n.	约瑟夫
license		n.	执照
paint		n.	油漆
paint		v.	粉刷
pilot		n.	飞行员
pink		adj.	粉红色的
presidential		adj.	总统的
principal		adj.	主要的
recognize		v.	认出
recognized		adj.	公认的
registered		adj.	注册的
regularly		adv.	定期地
representatives		n.	代表
rising		n.	上升
seasons		n.	季节
shipping		n.	航运
singer		n.	歌手
smoking		n.	吸烟
steam		n.	蒸汽
suffered		v.	遭受
survive		v.	生存
tall		adj.	高的
theatre		n.	剧院
therapy		n.	治疗
witness		n.	证人
adopted		adj.	收养的
aim		v.	瞄准
campus		n.	校园
cap		n.	帽子
chances		n.	机会
childhood		n.	童年
clinical		adj.	临床的
clubs		n.	俱乐部
comedy		n.	喜剧
commander		n.	指挥官
comparison		n.	比较
covers		v.	覆盖
defeat		v.	打败
defence		n.	防御
democracy		n.	民主
detailed		adj.	详细的
entitled		adj.	有权…的
exact		adj.	精确的
exposed		adj.	暴露的
fed		v.	喂
fee		n.	费用
injured		adj.	受伤的
jordan		n.	约旦
kinds		n.	种类
loans		n.	贷款
lock		v.	锁
musical		adj.	音乐的
musical		n.	音乐剧
nose		n.	鼻子
objects		n.	物体
opposed		adj.	反对的
organized		adj.	有组织的
plastic		n.	塑料
protected		adj.	受保护的
purposes		n.	目的
quote		v.	引用
recording		n.	录音
semi		n.	半
semi		n.	半挂卡车
statements		n.	声明
suspect		v.	怀疑
swear		v.	发誓
techniques		n.	技术
tie		v.	系
tim		n.	蒂姆
trend		n.	趋势
valuable		adj.	宝贵的
wealth		n.	财富
wise		adj.	明智的
yards		n.	码
aged		adj.	年老的
approval		n.	批准
aspects		n.	方面
attempts		n.	尝试
bread		n.	面包
burning		adj.	燃烧的
champions		n.	冠军
contain		v.	包含
convention		n.	大会
dancing		n.	跳舞
document		n.	文件
eggs		n.	鸡蛋
employee		n.	雇员
engineer		n.	工程师
equivalent		adj.	等同的
facing		prep.	面对
fairly		adv.	相当地
fingers		n.	手指
ford		n.	福特
founded		v.	创立
functions		n.	功能
gang		n.	团伙
graduate		n.	毕业生
greek		adj.	希腊的
hanging		v.	悬挂
hanging		n.	悬挂
inner		adj.	内部的
islands		n.	岛屿
lift		v.	举起
lift		n.	电梯
lift		n.	搭便车
marked		adj.	显著的
memories		n.	回忆
miller		n.	磨坊主
monthly		adj.	每月的
monthly		adv.	每月
mountains		n.	山
neighborhood		n.	街区
nsfw		n.	不宜上班内容
operate		v.	操作
operate		v.	运营
outstanding		adj.	杰出的
outstanding		adj.	未付的
permission		n.	许可
porn		n.	色情作品
racing		v.	赛跑
racing		n.	竞速
recommended		v.	推荐
regulations		n.	规定
reply		v.	回复
reply		n.	回复
republicans		n.	共和党人
rid		v.	使摆脱
roman		n.	罗马人
scientists		n.	科学家
shoulder		n.	肩膀
shoulder		v.	承担
shower		n.	淋浴
shower		n.	阵雨
solutions		n.	解决方案
solutions		n.	溶液
sons		n.	儿子
stations		n.	车站
stations		n.	站
stephen		n.	史蒂芬
tower		n.	塔
tradition		n.	传统
type-c		n.	Type-C接口
visited		v.	参观
visited		v.	拜访
visual		adj.	视觉的
wheel		n.	轮子
wheel		n.	方向盘
zealand		n.	西兰
achieved		v.	实现
achieved		v.	取得
admitted		v.	承认
admitted		v.	准许进入
appointment		n.	预约, 约会
authors		n.	作者
barely		adv.	几乎不
bush		n.	灌木
bush		n.	布什
cabinet		n.	内阁
cabinet		n.	橱柜
celebrate		v.	庆祝
challenges		n.	挑战
chocolate		n.	巧克力
coal		n.	煤
colour		n.	颜色
contemporary		adj.	当代的
criticism		n.	批评
davis		n.	戴维斯
dna		n.	DNA
effectively		adv.	有效地
effectively		adv.	实际上
eric		n.	埃里克
extensive		adj.	广泛的
faced		v.	面对
filed		v.	提交
filed		v.	归档
formation		n.	形成
fought		v.	战斗
gained		v.	获得
gallery		n.	画廊
highway		n.	公路
historic		adj.	历史的
hunt		v.	狩猎
improvement		n.	改进
inch		n.	英寸
initially		adv.	最初
junior		adj.	年少的
junior		n.	晚辈
jury		n.	陪审团
korean		adj.	韩国的
korean		n.	韩国人
marks		n.	分数
marks		n.	马克
monster		n.	怪物
newzealand		n.	新西兰
obtained		v.	获得
olympic		adj.	奥运会的
philosophy		n.	哲学
pride		n.	自豪
promised		v.	承诺
repeat		v.	重复
returning		v.	返回
riding		v.	骑
riding		n.	骑马
rough		adj.	粗糙的
rough		adj.	大致的
santa		n.	圣诞老人
settlement		n.	定居点
settlement		n.	和解
smell		v.	闻起来
smell		n.	气味
sought		v.	寻求
sought		adj.	被寻求的
speaker		n.	演讲者
speaker		n.	扬声器
studied		v.	学习
suggests		v.	建议
surrounding		adj.	周围的, 环境的
tone		n.	语气
tone		n.	音调
topic		n.	话题
toronto		n.	多伦多
universal		adj.	普遍的
vast		adj.	巨大的
visitors		n.	访客
wanting		adj.	欠缺的
auto		n.	汽车
consistent		adj.	一致的
continuing		v.	继续
earn		v.	赚取
exists		v.	存在
finger		n.	手指
grey		adj.	灰色的
guitar		n.	吉他
heading		n.	标题
howard		n.	霍华德
ignore		v.	忽视
involving		v.	涉及
latin		n.	拉丁语
lewis		n.	刘易斯
meal		n.	一餐
meanwhile		adv.	同时
meetings		n.	会议
naturally		adv.	自然地
necessarily		adv.	必然地
offices		n.	办公室
pants		n.	裤子
partnership		n.	伙伴关系
payments		n.	付款
percentage		n.	百分比
pocket		n.	口袋
practical		adj.	实际的
primarily		adv.	主要地
proved		v.	证明
rape		v.	强奸
regardless		adv.	不顾
relative		n.	亲戚
relative		adj.	相对的
represents		v.	代表
rescue		v.	营救
resulting		adj.	由此产生的
rush		v.	冲
rush		n.	匆忙
sarah		n.	莎拉
sessions		n.	会议
sharp		adj.	锋利的
simon		n.	西蒙
soccer		n.	足球
stable		adj.	稳定的
stable		n.	马厩
structures		n.	结构
supplies		n.	供应品
symptoms		n.	症状
temporary		adj.	暂时的
tested		v.	测试
trick		n.	把戏
attended		v.	出席
audio		n.	音频
bone		n.	骨头
brian		n.	布莱恩
bullshit		n.	胡说
chamber		n.	房间・议院
chart		n.	图表
circuit		n.	电路・巡回
clothing		n.	服装
complicated		adj.	复杂的
confused		adj.	困惑的
consequences		n.	后果
defend		v.	保卫
divided		adj.	分裂的
elizabeth		n.	伊丽莎白
everyday		adj.	日常的
extent		n.	程度
fishing		n.	钓鱼
format		n.	格式
gap		n.	差距
gate		n.	大门
gotten		v.	得到
harm		n.	伤害
healthcare		n.	医疗保健
household		n.	家庭
immigration		n.	移民
impressive		adj.	令人印象深刻的
jews		n.	犹太人
joining		v.	加入
killer		n.	杀手
lesson		n.	课
limits		n.	限制
loving		adj.	深情的
managers		n.	经理
membership		n.	会员资格
miami		n.	迈阿密
mirror		n.	镜子
mount		v.	登上
nights		n.	夜晚
occur		v.	发生
off-topic		adj.	跑题的
parking		n.	停车
proposal		n.	提议
province		n.	省
purchased		v.	购买
recognition		n.	认可
reputation		n.	名声
rolling		v.	滚动
shortly		adv.	不久
situations		n.	情况
strongly		adv.	强烈地
tears		n.	眼泪
technique		n.	技术
thin		adj.	瘦的・薄的
tied		v.	系・打平
accused		v.	指控
adventure		n.	冒险
argue		v.	争论
assessment		n.	评估
atmosphere		n.	大气
atmosphere		n.	气氛
awful		adj.	糟糕的
bedroom		n.	卧室
belief		n.	信念
belief		n.	信仰
bound		adj.	一定的
bound		v.	跳跃
breaks		v.	打破
breaks		n.	间歇
carefully		adv.	仔细地
cats		n.	猫
ceo		n.	首席执行官
choices		n.	选择
closing		n.	结束
closing		adj.	结束的
cloud		n.	云
cloud		n.	云端
colorado		n.	科罗拉多州
colors		n.	颜色
contrast		n.	对比
contrast		v.	对比
courses		n.	课程
courses		n.	路线
courts		n.	法院
courts		n.	球场
donald		n.	唐纳德
drew		v.	画
egg		n.	鸡蛋
element		n.	元素
element		n.	要素
elsewhere		adv.	在别处
establish		v.	建立
establish		v.	确立
extension		n.	扩展
files		n.	文件
founder		n.	创始人
fri		n.	星期五
gear		n.	齿轮
gear		n.	装备
georgia		n.	格鲁吉亚
georgia		n.	佐治亚州
hills		n.	山丘
hip		n.	臀部
hitting		v.	打
increases		v.	增加
increases		n.	增加
infrastructure		n.	基础设施
jason		n.	杰森
locations		n.	位置
loose		adj.	松的
machines		n.	机器
moral		adj.	道德的
moral		n.	寓意
offensive		adj.	冒犯的
offensive		adj.	进攻的
package		n.	包裹
package		n.	软件包
pointed		adj.	尖的
poverty		n.	贫困
processes		n.	过程
processes		v.	处理
processing		n.	处理
qos		n.	服务质量
qualified		adj.	合格的
qualityofservice		n.	服务质量
railway		n.	铁路
reaching		v.	到达
ridiculous		adj.	荒谬的
sensitive		adj.	敏感的
server		n.	服务器
shock		n.	震惊
shock		v.	震惊
silence		n.	沉默
silence		v.	使沉默
soldier		n.	士兵
superior		adj.	更好的
superior		n.	上级
supporters		n.	支持者
thick		adj.	厚的
threw		v.	扔
tons		n.	吨
transition		n.	过渡
violent		adj.	暴力的
voters		n.	选民
wash		v.	洗
acid		n.	酸
actress		n.	女演员
administrative		adj.	行政的
alan		n.	艾伦
alongside		prep.	在旁边
angel		n.	天使
anxiety		n.	焦虑
babies		n.	婴儿
bars		n.	条
bonus		n.	奖金
castle		n.	城堡
charity		n.	慈善
clients		n.	客户
compare		v.	比较
contained		v.	包含
cooking		n.	烹饪
covering		n.	覆盖物
curious		adj.	好奇的
directors		n.	董事
discovery		n.	发现
discussed		v.	讨论
duke		n.	公爵
egypt		n.	埃及
encourage		v.	鼓励
enforcement		n.	执行
featuring		v.	以…为特色
finals		n.	决赛
flash		n.	闪光
formal		adj.	正式的
formula		n.	公式
fort		n.	要塞
governments		n.	政府
gray		n.	灰色
gross		adj.	总的
horses		n.	马
hungry		adj.	饥饿的
informed		adj.	消息灵通的
innocent		adj.	无辜的
jeff		n.	杰夫
losangeles		n.	洛杉矶
losses		n.	损失
luke		n.	卢克
mac		n.	麦金塔电脑
math		n.	数学
minds		n.	头脑
mistakes		n.	错误
mystery		n.	神秘
networks		n.	网络
olympics		n.	奥运会
palace		n.	宫殿
passes		n.	通行证
penalty		n.	处罚
pet		n.	宠物
phones		n.	电话
photography		n.	摄影
producing		v.	生产
protest		n.	抗议
protest		v.	抗议
publication		n.	出版
rating		n.	评分
refer		v.	提及
respectively		adv.	分别
rome		n.	罗马
scheduled		v.	安排
select		v.	选择
silent		adj.	沉默
spoken		adj.	口头的
successfully		adv.	成功地
suffer		v.	受苦
temple		n.	寺庙
tracks		n.	轨道
trail		n.	小径
uncle		n.	叔叔
unusual		adj.	不寻常
waters		n.	水域
woods		n.	树林
arrival		n.	到达
asks		v.	问
assault		n.	袭击
awareness		n.	意识
badly		adv.	严重地
bath		n.	洗澡
captured		v.	捕获
chase		v.	追逐
components		n.	部件
concrete		n.	混凝土
concrete		adj.	具体的
dave		n.	戴夫
deeply		adv.	深深地
expectations		n.	期望
explanation		n.	解释
exposure		n.	曝光
featured		adj.	精选的
fiction		n.	虚构
guarantee		v.	保证
guarantee		n.	保证
happiness		n.	幸福
harris		n.	哈里斯
hearts		n.	心
horrible		adj.	可怕
ideal		adj.	理想的
illinois		n.	伊利诺伊
injuries		n.	伤害
islamic		adj.	伊斯兰的
jimmy		n.	吉米
kelly		n.	凯莉
legend		n.	传说
lieutenant		n.	中尉
mediaplayer		n.	媒体播放器
mini		adj.	迷你
mood		n.	心情
muscle		n.	肌肉
muslims		n.	穆斯林
passion		n.	激情
picking		v.	挑选
pleased		adj.	高兴的
procedure		n.	程序
producer		n.	制作人
pushing		v.	推
rank		n.	等级
rank		v.	排名
replacement		n.	替换
retired		adj.	退休的
roles		n.	角色
sand		n.	沙
savings		n.	储蓄
settled		v.	定居
settled		adj.	稳定的
shadow		n.	影子
singles		n.	单打
tag		n.	标签
tape		n.	磁带
thread		n.	线
thread		n.	帖子
victoria		n.	维多利亚
visiting		v.	参观
wage		n.	工资
wings		n.	翅膀
andy		n.	安迪
avenue		n.	大街
bags		n.	包
beating		v.	打
believes		v.	相信
blocks		n.	街区
boring		adj.	无聊的
charlie		n.	查理
checking		v.	检查
clock		n.	时钟
commissioner		n.	专员
commitment		n.	承诺
confident		adj.	自信的
containing		v.	包含
copies		n.	副本
crimes		n.	犯罪
custom		n.	习俗
denied		v.	否认
desk		n.	书桌
drinks		n.	饮料
ear		n.	耳朵
electricity		n.	电
episodes		n.	集
farmers		n.	农民
fbi		n.	联邦调查局
grounds		n.	场地
gym		n.	体育馆
helpful		adj.	有帮助的
horror		n.	恐怖
iraq		n.	伊拉克
label		n.	标签
label		v.	贴标签
liverpool		n.	利物浦
locked		v.	锁上
naked		adj.	裸体的, 赤裸的
opens		v.	打开
output		n.	输出
persons		n.	人
pitch		n.	球场
pitch		v.	投球
pizza		n.	比萨饼
plain		adj.	简单的
plain		adj.	朴素的
pushed		v.	推
raising		v.	提高
raising		n.	筹集
rear		n.	后面
rear		adj.	后面的
reveal		v.	揭示
romantic		adj.	浪漫的
scores		n.	分数
scores		n.	二十
sisters		n.	姐妹
speaks		v.	说话
stages		n.	阶段
stages		n.	舞台
strategic		adj.	战略的
swimming		n.	游泳
welfare		n.	福利
winners		n.	获胜者
wire		n.	电线
worker		n.	工人
afterwards		adv.	然后
alright		adj.	可以的
android		n.	机器人
anger		n.	愤怒
architecture		n.	建筑学
assist		v.	协助
attempted		v.	企图
behalf		n.	代表
belt		n.	腰带
capture		v.	捕获
centers		n.	中心
ceremony		n.	典礼
comic		adj.	喜剧的
comic		n.	漫画
cops		n.	警察
cuts		v.	切
dallas		n.	dallas
designer		n.	设计师
diamond		n.	钻石
disappointed		adj.	失望的
dressed		v.	穿衣
economics		n.	经济学
efficient		adj.	高效的
electrical		adj.	电的
employed		v.	雇用
enjoying		v.	享受
entering		v.	进入
essentially		adv.	本质上
establishment		n.	机构
establishment		n.	建立
expecting		v.	预料
explains		v.	解释
flower		n.	花
ghost		n.	幽灵
guests		n.	客人
handed		v.	递
hockey		n.	冰球
houston		n.	houston
hunting		n.	狩猎
industries		n.	产业
islam		n.	伊斯兰教
jane		n.	jane
judges		n.	法官
kit		n.	成套工具
lab		n.	实验室
languages		n.	语言
maps		n.	地图
min		n.	分钟
morgan		n.	摩根
moscow		n.	莫斯科
nervous		adj.	紧张的
newly		adv.	新近
odd		adj.	奇怪的
ordinary		adj.	普通的
participate		v.	参加
philadelphia		n.	费城
prayer		n.	祈祷
principles		n.	原则
racist		adj.	种族主义的
rarely		adv.	很少
references		n.	参考
sexy		adj.	性感的
skill		n.	技能
soil		n.	土壤
solve		v.	解决
stomach		n.	胃
struck		v.	打击
studying		v.	学习
suck		v.	吮吸
supports		v.	支持
trash		n.	垃圾
ugly		adj.	丑的
vegas		n.	维加斯
virus		n.	病毒
walker		n.	步行者
whoever		pron.	无论谁
amounts		n.	数量
anthony		n.	安东尼
arthur		n.	亚瑟
aspect		n.	方面
banned		v.	禁止
boost		v.	提升
bureau		n.	局
colonel		n.	上校
comfort		n.	舒适
controls		v.	控制
cousin		n.	堂兄弟
crack		v.	破裂
deck		n.	甲板
demands		n.	要求
dies		v.	死亡
dragon		n.	龙
dramatic		adj.	戏剧性的
dust		n.	灰尘
dutch		adj.	荷兰的
engineers		n.	工程师
evolution		n.	进化
foods		n.	食品
hired		v.	雇用
illness		n.	疾病
inspiration		n.	灵感
institution		n.	机构
kings		n.	国王
knife		n.	刀
lately		adv.	最近
lowest		adj.	最低的
memorial		n.	纪念碑
memorial		adj.	悼念的
mexican		adj.	墨西哥的
minority		n.	少数
mum		n.	妈妈
opinions		n.	意见
patterns		n.	模式
presents		n.	礼物
presents		v.	提出
priority		n.	优先
promotion		n.	晋升
promotion		n.	促销
rail		n.	铁轨
readers		n.	读者
remote		adj.	遥远的
remote		n.	遥控器
repair		v.	修理
repair		n.	修理
root		n.	根
saint		n.	圣人
steal		v.	偷
stolen		v.	偷（过去分词）
telephone		n.	电话
tho		conj.	虽然
titles		n.	标题
trans		adj.	跨性别的
ups		n.	起伏
whereas		conj.	然而
abandoned		adj.	被遗弃的
acquired		v.	获得
actors		n.	演员
alexander		n.	亚历山大
alliance		n.	联盟
annoying		adj.	烦人的
bid		n.	出价
bid		v.	出价
bro		n.	兄弟
buddy		n.	伙伴
buried		v.	埋葬
butter		n.	黄油
cares		v.	在意
columbia		n.	哥伦比亚
conclusion		n.	结论
confirm		v.	确认
congratulations		int.	恭喜
contracts		n.	合同
convinced		adj.	确信的
crap		n.	废话
crystal		n.	水晶
dean		n.	院长
decent		adj.	体面的
decline		v.	下降
decline		v.	婉拒
delay		v.	延误
delay		n.	延误
describes		v.	描述
desert		n.	沙漠
downtown		n.	市中心
earlyaccess		n.	抢先体验
elite		n.	精英
enemies		n.	敌人
facebook		n.	Facebook
forgotten		v.	忘记
forth		adv.	向前
gods		n.	神
hire		v.	雇用
hop		v.	跳跃
hopes		n.	希望
insane		adj.	疯狂的
installed		v.	安装
israeli		adj.	以色列的
landing		n.	降落
layer		n.	层
managing		v.	管理
marry		v.	结婚
nowhere		adv.	无处
nurse		n.	护士
obtain		v.	获得
organic		adj.	有机的
ownership		n.	所有权
participants		n.	参与者
pennsylvania		n.	宾夕法尼亚州
poetry		n.	诗
pot		n.	锅
pray		v.	祈祷
printed		v.	打印
recall		v.	回忆起
recall		v.	召回
rugby		n.	橄榄球
sake		n.	缘故, 目的
sanfrancisco		n.	旧金山
sheet		n.	床单
signing		v.	签署
smooth		adj.	光滑的
spiritual		adj.	精神的
stops		v.	停止
string		n.	字符串
sudden		adj.	突然的
sweden		n.	瑞典
syria		n.	叙利亚
throwing		v.	投掷
thrown		v.	投掷
vacation		n.	假期
abroad		adv.	在国外
arab		adj.	阿拉伯的
assigned		v.	分配
associate		v.	联想
assumed		v.	假定
atlantic		n.	大西洋
bench		n.	长凳
bother		v.	打扰
broadcast		v.	广播
bye		int.	再见
cambridge		n.	剑桥
citizen		n.	公民
cleaning		n.	清洁
compete		v.	竞争
consists		v.	由…组成
consumers		n.	消费者
contributed		v.	贡献
cricket		n.	板球
critics		n.	评论家
damaged		v.	损坏
disaster		n.	灾难
discover		v.	发现
disney		n.	迪士尼
entrance		n.	入口
entrance		v.	使着迷
equally		adv.	同样地
fallen		v.	落下
fallen		adj.	倒下的
figured		v.	认为
fitness		n.	健康
francis		n.	弗朗西斯
friendship		n.	友谊
gary		n.	加里
handling		n.	处理
idiot		n.	白痴
intense		adj.	强烈的
keys		n.	钥匙
lawyers		n.	律师
lifetime		n.	一生
liquid		n.	液体
liquid		adj.	液态的
makeup		n.	化妆品
medal		n.	奖牌
mortgage		n.	抵押贷款
narrative		n.	叙述
narrow		adj.	狭窄的
nba		n.	NBA
observed		v.	观察
occasionally		adv.	偶尔
pan		n.	平底锅
physics		n.	物理学
posting		n.	帖子
potentially		adv.	可能地
reduction		n.	减少
reflect		v.	反映
reflect		v.	反思
refuse		v.	拒绝
researchers		n.	研究人员
resource		n.	资源
roger		n.	罗杰
roger		int.	收到
ross		n.	罗斯
sciences		n.	科学
seattle		n.	西雅图
serves		v.	服务
serves		v.	供应
silly		adj.	愚蠢的
subsequent		adj.	随后的
towns		n.	城镇
translation		n.	翻译
visible		adj.	可见的
yep		int.	是
adds		v.	添加
ain't		v.	不是
allen		n.	艾伦
amendment		n.	修正案
angle		n.	角度
arizona		n.	亚利桑那
arrive		v.	到达
belong		v.	属于
berlin		n.	柏林
bishop		n.	主教
bishop		n.	象
channels		n.	频道
clark		n.	克拉克
commonly		adv.	通常
connect		v.	连接
defensive		adj.	防御的
designs		v.	设计
efficiency		n.	效率
enterprise		n.	企业
experiment		n.	实验
experiment		v.	做实验
females		n.	女性
findings		n.	发现
firms		n.	公司
forum		n.	论坛
gifts		n.	礼物
grass		n.	草
hence		adv.	因此
increasingly		adv.	越来越
incredibly		adv.	难以置信地
jay		n.	松鸦
journalist		n.	记者
kicked		v.	踢
lessons		n.	课
lessons		n.	教训
lists		n.	名单
maintained		v.	维持
mill		n.	磨坊
occasion		n.	场合
oxford		n.	牛津
pace		n.	速度
passenger		n.	乘客
pen		n.	钢笔
pope		n.	教皇
possession		n.	拥有
races		n.	比赛
rapid		adj.	快速的
regulation		n.	规章
resident		n.	居民
rocks		n.	岩石
roleplayinggame		n.	角色扮演游戏
rpg		n.	角色扮演游戏
shaped		adj.	成形的
sixth		num.	第六
spin		v.	旋转
styles		n.	风格
subjects		n.	主题
subjects		n.	科目
sucks		v.	糟糕
suitable		adj.	合适的
thirty		num.	三十
timemachine		n.	时间机器
valid		adj.	有效的
vital		adj.	至关重要的
whilst		conj.	而
agriculture		n.	农业
alleged		adj.	所谓的
anna		n.	安娜
atlanta		n.	亚特兰大
bands		n.	乐队
christians		n.	基督徒
collect		v.	收集
commerce		n.	商业
cop		n.	警察
creek		n.	小溪
currency		n.	货币
emotions		n.	情绪
exhibition		n.	展览
fraud		n.	欺诈
funeral		n.	葬礼
genuine		adj.	真正的
gordon		n.	戈登
honey		n.	蜂蜜
honour		n.	荣誉
hook		n.	钩子
hunter		n.	猎人
immigrants		n.	移民
improving		v.	改进
instructions		n.	指示
introduce		v.	介绍
kansas		n.	堪萨斯州
lands		n.	土地
legacy		n.	遗产
log		n.	原木
matthew		n.	马修
merely		adv.	仅仅
monitor		n.	显示器
patrick		n.	帕特里克
phil		n.	菲尔
prisoners		n.	囚犯
programming		n.	编程
publishing		n.	出版
ratio		n.	比率
regret		v.	后悔
rejected		v.	拒绝
remind		v.	提醒
resort		n.	胜地
resort		v.	诉诸
resulted		v.	导致
reverse		v.	逆转
routine		n.	例行公事
scary		adj.	可怕的
seed		n.	种子
settle		v.	解决
sin		n.	罪
spell		v.	拼写
summary		n.	摘要
survival		n.	生存
sword		n.	剑
tongue		n.	舌头
ward		n.	病房
waves		n.	波浪
wayne		n.	韦恩
achievement		n.	成就
anderson		n.	安德森
argued		v.	争论
asleep		adj.	睡着的
austin		n.	奥斯汀
automatic		adj.	自动的
begun		v.	开始
behaviour		n.	行为
cd		n.	光盘
cents		n.	分
coat		n.	外套
comprehensive		adj.	全面的
consent		n.	同意
daddy		n.	爸爸
destruction		n.	破坏
diego		n.	迭戈
diseases		n.	疾病
divorce		n.	离婚
divorce		v.	离婚
doc		n.	文档
drove		v.	驾驶
ears		n.	耳朵
engage		v.	从事
extraordinary		adj.	非凡
fate		n.	命运
frequency		n.	频率
gaming		n.	游戏
gene		n.	基因
glory		n.	荣耀
headquarters		n.	总部
heritage		n.	遗产
initiative		n.	倡议
interviews		n.	采访
interviews		v.	采访
jean		n.	让
juice		n.	果汁
landscape		n.	风景
logic		n.	逻辑
meets		v.	遇见
melbourne		n.	墨尔本
microsoft		n.	微软
objective		n.	目标
objective		adj.	客观的
organisation		n.	组织
privacy		n.	隐私
procedures		n.	程序
profits		n.	利润
reducing		v.	减少
regard		v.	看待
representing		v.	代表
residence		n.	住所
roughly		adv.	大约
salary		n.	工资
scoring		n.	得分, 评分
script		n.	剧本
script		n.	文字体系
searching		v.	搜索
sections		n.	部分
strip		v.	剥去
strip		n.	条带
surrounded		adj.	被包围的
threatened		v.	威胁
transferred		v.	转移
tube		n.	管
tube		n.	地铁
universities		n.	大学
walter		n.	沃尔特
wisconsin		n.	威斯康星州
writes		v.	写
ambassador		n.	大使
ann		n.	安
apps		n.	应用程序
awarded		v.	授予
banking		n.	银行业
breast		n.	乳房
cant		n.	行话
cant		v.	倾斜
carter		n.	运货马车夫
chelsea		n.	切尔西
chemistry		n.	化学
chemistry		n.	化学反应
concluded		v.	结束
consumption		n.	消费
corruption		n.	腐败
cotton		n.	棉花
crossed		v.	穿过
detroit		n.	底特律
discount		n.	折扣
dozen		num.	一打
engines		n.	发动机
epic		adj.	史诗的
exception		n.	例外
exit		n.	出口
exit		v.	退出
expand		v.	扩大
fancy		adj.	花哨的
gorgeous		adj.	华丽的
grateful		adj.	感激的
heroes		n.	英雄
holes		n.	洞
impression		n.	印象
inches		n.	英寸
indicate		v.	表明
input		n.	输入
johnny		n.	约翰尼
josh		v.	开玩笑
knock		v.	敲
leather		n.	皮革
lips		n.	嘴唇
luxury		n.	奢侈
lyrics		n.	歌词
manufacturers		n.	制造商
masters		n.	硕士
movements		n.	运动
operated		v.	操作
ought		v.	应该
outcome		n.	结果
painted		v.	绘画
poll		n.	投票
preferred		adj.	更喜欢的
pulling		v.	拉, 拽
ranked		v.	排名
referring		v.	提及
removal		n.	去除
rep		n.	代表
reporter		n.	记者
risks		n.	风险
rob		v.	抢劫
screaming		v.	尖叫
sequence		n.	顺序
singapore		n.	新加坡
stretch		v.	伸展
tear		n.	眼泪
tear		v.	撕裂
tennis		n.	网球
terrorist		n.	恐怖分子
theater		n.	剧院
ties		n.	领带
twelve		num.	十二
versions		n.	版本
virgin		n.	处女
voices		n.	声音
who's		pron.	谁是
wishes		n.	愿望
wishes		v.	希望
wolf		n.	狼
absence		n.	缺席
agricultural		adj.	农业的
asshole		n.	混蛋
ate		v.	吃
athletes		n.	运动员
bears		v.	承受
bears		n.	熊
blues		n.	忧郁
blues		n.	布鲁斯音乐
boxes		n.	盒子
bruce		n.	布鲁斯
bull		n.	公牛
cameras		n.	相机
commonwealth		n.	联邦
contribute		v.	贡献
contribution		n.	贡献
contributions		n.	贡献
couples		n.	情侣
delicious		adj.	美味的
deny		v.	否认
deserves		v.	应得
ease		n.	容易
ease		v.	缓解
extend		v.	延长
fame		n.	名声
flood		n.	洪水
flood		v.	淹没
generated		v.	生成
genetic		adj.	遗传的
glasses		n.	眼镜
impressed		v.	印象深刻
indicated		v.	表明
instant		adj.	立即的
instant		n.	瞬间
investors		n.	投资者
involves		v.	涉及
kate		n.	凯特
kills		v.	杀死
liberty		n.	自由
maria		n.	玛丽亚
ministers		n.	部长
monitoring		n.	监测
occurs		v.	发生
passengers		n.	乘客
photographs		n.	照片
principle		n.	原则
producers		n.	生产者
progressive		adj.	进步的
punishment		n.	惩罚
rally		n.	集会
rally		v.	集结
rapidly		adv.	迅速地
reader		n.	读者
representation		n.	代表
representation		n.	表现
restaurants		n.	餐馆
reveals		v.	揭示
roots		n.	根
samples		n.	样品
shops		n.	商店
sum		n.	总和
swing		v.	摇摆
swing		n.	秋千
tail		n.	尾巴
texts		n.	文本
twin		n.	双胞胎
upcoming		adj.	即将到来的
veterans		n.	退伍军人
wwii		n.	第二次世界大战
alert		adj.	警觉的
alert		n.	警报
arena		n.	竞技场
arguments		n.	论点
billy		n.	比利
boom		n.	繁荣
boom		v.	激增
boots		n.	靴子
brave		adj.	勇敢的
claiming		v.	声称
column		n.	柱
column		n.	专栏
commit		v.	犯（罪）
compensation		n.	补偿
composition		n.	作文
composition		n.	构成
computers		n.	计算机
conservation		n.	保护
constitutional		adj.	宪法的
crossing		n.	十字路口
defending		v.	保卫
density		n.	密度
difficulty		n.	困难
dropping		v.	落下
drops		n.	滴
drops		v.	落下
elementary		adj.	初级的
ethnic		adj.	民族的
expenses		n.	费用
fleet		n.	舰队
foster		v.	培养
foster		adj.	寄养的
fundamental		adj.	基本的
gen		n.	信息
genius		n.	天才
greatly		adv.	大大地
guidance		n.	指导
hospitals		n.	医院
infection		n.	感染
intention		n.	意图
iowa		n.	艾奥瓦州
jokes		n.	笑话
knee		n.	膝盖
mechanical		adj.	机械的
nigeria		n.	尼日利亚
parks		n.	公园
parks		v.	停车
participation		n.	参与
periods		n.	时期
periods		n.	句号
precious		adj.	珍贵的
pregnancy		n.	怀孕
premium		n.	保险费
preparing		v.	准备
pretend		v.	假装
priest		n.	神父
prominent		adj.	杰出的
proven		adj.	证实的
radical		adj.	激进的
remembered		v.	记得
requested		v.	请求
residential		adj.	住宅的
reward		n.	奖励
rings		n.	戒指
rings		v.	鸣响
robin		n.	知更鸟
russell		n.	拉塞尔
satellite		n.	卫星
shake		v.	摇动
shake		n.	摇晃
shore		n.	岸
spots		n.	地点
spots		n.	斑点
stats		n.	统计数据
struggling		v.	挣扎
substantial		adj.	大量的
teen		n.	青少年
temperatures		n.	温度
transmission		n.	传输
trap		n.	陷阱
trap		v.	困住
twitter		n.	推特
uniform		n.	制服
wildlife		n.	野生动物
wooden		adj.	木制的
you'd		pron.	你将
aggressive		adj.	好斗的
anne		n.	安妮
answered		v.	回答
apparent		adj.	明显的
bang		n.	砰
bang		v.	猛击
blast		n.	爆炸
blast		v.	炸毁
bones		n.	骨头
brands		n.	品牌
centuries		n.	世纪
communist		n.	共产主义者
complaint		n.	投诉
component		n.	部件
connections		n.	联系
courage		n.	勇气
cure		v.	治愈
cure		n.	疗法
desperate		adj.	绝望的
diversity		n.	多样性
dragonball		n.	龙珠
duties		n.	职责
encouraged		v.	鼓励
eve		n.	前夜
faculty		n.	全体教员
feedback		n.	反馈
fighter		n.	战士
frozen		adj.	冷冻的
guards		n.	警卫
hiding		v.	躲藏
humanity		n.	人类
ian		n.	伊恩
innovation		n.	创新
instruments		n.	仪器
invest		v.	投资
jacket		n.	夹克
justin		n.	贾斯廷
legislative		adj.	立法的
listing		n.	列表
manual		n.	手册
manual		adj.	手动的
mothers		n.	母亲
murdered		v.	谋杀
nursing		n.	护理
occupied		adj.	被占用的
ongoing		adj.	进行中的
operator		n.	操作员
painful		adj.	疼痛的
pound		n.	英镑
pound		v.	猛击
preparation		n.	准备
punch		v.	拳击
punch		n.	拳击
purple		adj.	紫色的
railroad		n.	铁路
registration		n.	登记
releases		v.	发布
releases		n.	发布
rick		n.	干草堆
romance		n.	浪漫
shouldn't		v.	不应该
submitted		v.	提交
sufficient		adj.	足够的
survived		v.	幸存
suspended		v.	暂停
technologies		n.	技术
tissue		n.	组织
tissue		n.	纸巾
trailer		n.	拖车
trailer		n.	预告片
trends		n.	趋势
trials		n.	试验
trials		n.	审判
ukraine		n.	乌克兰
underground		adj.	地下的
underground		n.	地铁
vcs		n.	版本控制系统
versioncontrolsystem		n.	版本控制系统
versus		prep.	对
virtual		adj.	虚拟的
walks		v.	步行
wounded		adj.	受伤的
ali		n.	阿里
amongst		prep.	在…之中
announcement		n.	公告
arranged		v.	安排
arsenal		n.	兵工厂
attending		v.	出席
attracted		v.	吸引
biological		adj.	生物的
bite		v.	咬
blocked		v.	阻止
blocked		adj.	被封锁的
boards		n.	板
boards		n.	委员会
burned		v.	燃烧
categories		n.	类别
checks		v.	检查
checks		n.	支票
chip		n.	芯片
concerning		prep.	关于
dare		v.	敢于
database		n.	数据库
define		v.	定义
discrimination		n.	歧视
disorder		n.	紊乱
distributed		v.	分发
districts		n.	地区
documentary		n.	纪录片
domain		n.	领域
domain		n.	域名
dynamic		adj.	动态的
edited		v.	编辑
engagement		n.	参与
engagement		n.	订婚
explore		v.	探索
favour		n.	恩惠
fewer		adj.	更少
footage		n.	镜头素材
giants		n.	巨人
grave		n.	坟墓
grave		adj.	严重的
hamilton		n.	汉密尔顿
implementation		n.	实施
indiana		n.	印第安纳州
investigate		v.	调查
jazz		n.	爵士乐
jon		n.	乔恩
jonathan		n.	乔纳森
laboratory		n.	实验室
lawrence		n.	劳伦斯
lincoln		n.	林肯
literary		adj.	文学的
mask		n.	面具
massachusetts		n.	马萨诸塞州
midnight		n.	午夜
minnesota		n.	明尼苏达州
mouse		n.	老鼠
mouse		n.	鼠标
oscar		n.	奥斯卡
packed		adj.	挤满的
piano		n.	钢琴
praise		v.	赞扬
presentation		n.	演示
psychology		n.	心理学
relation		n.	关系
restrictions		n.	限制
rocket		n.	火箭
ruin		v.	毁坏
saudi		adj.	沙特的
sean		n.	肖恩
sec		n.	秒
secrets		n.	秘密
slave		n.	奴隶
stability		n.	稳定
steady		adj.	稳定的
stones		n.	石头
symbol		n.	符号
terminal		n.	终端
terminal		n.	航站楼
toilet		n.	厕所
treaty		n.	条约
triple		adj.	三倍的
unlikely		adj.	不太可能的
updates		n.	更新
vietnam		n.	越南
viewed		v.	观看
affair		n.	事务
affair		n.	外遇
agenda		n.	议程
bat		n.	蝙蝠
bat		n.	球棒
bow		n.	弓
bow		v.	鞠躬
calendar		n.	日历
cape		n.	海角
collective		adj.	集体的
conversations		n.	对话
cooperation		n.	合作
craft		n.	工艺
darkness		n.	黑暗
deeper		adj.	更深的
devil		n.	魔鬼
edit		v.	编辑
enable		v.	启用
equity		n.	公平
equity		n.	股权
estimates		v.	估计
failing		n.	缺点
finishing		n.	完成
fortune		n.	财富
fortune		n.	运气
gates		n.	大门
goodbye		int.	再见
graham		n.	格雷厄姆
hardware		n.	硬件
hardware		n.	五金
hillary		n.	希拉里
hurts		v.	疼痛
intellectual		adj.	智力的
invite		v.	邀请
involvement		n.	参与
kentucky		n.	肯塔基州
madrid		n.	马德里
nuts		n.	坚果
oregon		n.	俄勒冈州
partly		adv.	部分地
petition		n.	请愿
phrase		n.	短语
physically		adv.	身体上
protecting		v.	保护
racial		adj.	种族的
rated		v.	评级
regime		n.	政权
rivers		n.	河流
rounds		n.	回合
ruled		v.	统治
sauce		n.	酱
seal		n.	海豹
seal		v.	密封
separated		adj.	分开的
shield		n.	盾
similarly		adv.	类似地
slide		v.	滑动
stem		n.	茎
summit		n.	峰会
summit		n.	山顶
talented		adj.	有才华的
throat		n.	喉咙
tiger		n.	老虎
touched		v.	触摸
toy		n.	玩具
visits		v.	拜访
warriors		n.	战士
wisdom		n.	智慧
accounting		n.	会计
alien		n.	外星人
attacking		v.	攻击
awkward		adj.	尴尬的
beast		n.	野兽
beef		n.	牛肉
candy		n.	糖果
carrier		n.	载体
carrier		n.	航空公司
celebration		n.	庆祝
celebrity		n.	名人
certificate		n.	证书
cited		v.	引用
clay		n.	黏土
coaching		n.	辅导
colleagues		n.	同事
constructed		v.	建造
dated		adj.	过时的
default		n.	默认
delhi		n.	德里
derived		v.	派生
dialogue		n.	对话
disabled		adj.	残疾的
distinct		adj.	明显的
drag		v.	拖
educated		adj.	受过教育的
eligible		adj.	有资格的
estimate		v.	估计
execution		n.	执行
existed		v.	存在
fifty		num.	五十
followers		n.	粉丝
fool		n.	傻瓜
framework		n.	框架
franchise		n.	特许经营权
funded		v.	资助
furniture		n.	家具
generations		n.	一代
guaranteed		v.	保证
integrated		adj.	集成的
intelligent		adj.	智能的
interaction		n.	互动
jet		n.	喷气式飞机
journalists		n.	记者
lifestyle		n.	生活方式
lighting		n.	照明
lisa		n.	丽莎
loop		n.	循环
mall		n.	购物中心
newdelhi		n.	新德里
overseas		adj.	海外的
performances		n.	表演
philippines		n.	菲律宾
polish		v.	擦亮
polish		adj.	波兰的
recommendations		n.	推荐
recover		v.	恢复
regarded		v.	看待
relax		v.	放松
reliable		adj.	可靠的
rely		v.	依赖
remarkable		adj.	非凡的
responses		n.	回应
ruling		n.	裁决
sacrifice		n.	牺牲
sole		adj.	唯一的
stopping		v.	停止
strategies		n.	战略
succeed		v.	成功
succeed		v.	继承
tables		n.	桌子
tables		n.	表格
tale		n.	故事
targets		n.	目标
targets		v.	瞄准
timing		n.	时机
ton		n.	吨
volunteers		n.	志愿者
witnesses		n.	证人
witnesses		v.	目击
wore		v.	穿
worship		v.	崇拜
worship		n.	礼拜
worthy		adj.	值得的
acted		v.	表演
acted		v.	行动
alarm		n.	警报
bass		n.	低音
bloody		adj.	血腥的
breathing		n.	呼吸
butt		n.	屁股
characteristics		n.	特征
cnn		n.	CNN
collaboration		n.	合作
con		prep.	以 凭借
consideration		n.	考虑
counts		v.	数 计算
counts		n.	计数
creates		v.	创造
crucial		adj.	关键的
daughters		n.	女儿
dependent		adj.	依赖的
discussions		n.	讨论
drives		n.	驱动器
drives		v.	驾驶
dual		adj.	双重的
edinburgh		n.	爱丁堡
equipped		adj.	装备的
expanded		v.	扩大
experimental		adj.	实验的
feeding		n.	喂养 给食
filter		n.	过滤器
galaxy		n.	星系 银河
globe		n.	地球 球体
grades		n.	成绩
grades		n.	年级
greece		n.	希腊
gulf		n.	海湾
highlights		n.	亮点 精华
hoped		v.	希望
intent		n.	意图
involve		v.	涉及 包含
judgment		n.	判断
kennedy		n.	肯尼迪
knight		n.	骑士
larry		n.	拉里
logo		n.	标志
malaysia		n.	马来西亚
mature		adj.	成熟的
moore		n.	摩尔
nazi		n.	纳粹
netherlands		n.	荷兰
odds		n.	可能性 胜率
peaceful		adj.	和平的 平静的
philip		n.	菲利普
photographer		n.	摄影师
pin		n.	大头针
pin		v.	钉住
prevention		n.	预防
printing		v.	打印
promoting		v.	促进
publicly		adv.	公开地
pump		n.	泵
pump		v.	抽水
repeated		adj.	重复的
replied		v.	回答
requests		n.	请求
requests		v.	请求
revenge		n.	报复
satisfied		adj.	满意的
seeds		n.	种子
signals		n.	信号
signals		v.	发信号
slip		v.	滑倒
spaces		n.	空间
spaces		v.	留间隔
spare		adj.	备用的
spare		v.	节省
specialist		n.	专家
stocks		n.	股票
stranger		n.	陌生人
submit		v.	提交
surprising		adj.	令人惊讶的
tap		v.	轻拍
tap		n.	水龙头
thompson		n.	汤普森
threats		n.	威胁
tourism		n.	旅游
turkish		adj.	土耳其的
volunteer		n.	志愿者
volunteer		v.	自愿做
acceptable		adj.	可接受的
allies		n.	盟友
attempting		v.	试图
auction		n.	拍卖
bonds		n.	债券
bonds		n.	纽带
challenging		adj.	具有挑战性的
chaos		n.	混乱
churches		n.	教堂
cleveland		n.	克利夫兰
composed		adj.	镇定的
composed		v.	创作
concentration		n.	专注
concentration		n.	浓度
copper		n.	铜
corp		n.	公司
corps		n.	军团
counting		v.	数数
credits		n.	学分
credits		n.	功劳
dawn		n.	黎明
dispute		n.	争议
earnings		n.	收益
editing		v.	编辑
executed		v.	处决
executed		v.	执行
firing		v.	解雇
firing		v.	开火
fits		v.	适合
fits		n.	发作
frequent		adj.	频繁的
gardens		n.	花园
gathered		v.	聚集
hilarious		adj.	滑稽的
huh		int.	嗯
ignored		v.	忽视
improvements		n.	改进
investments		n.	投资
isis		n.	伊斯兰国
isis		n.	伊西斯
margin		n.	边缘
margin		n.	差额
mars		n.	火星
maryland		n.	马里兰州
mechanism		n.	机制
moderate		adj.	温和的
murray		n.	默里
oklahoma		n.	俄克拉何马州
opera		n.	歌剧
overcome		v.	克服
parallel		adj.	平行的
passage		n.	通道
pit		n.	坑
psychological		adj.	心理的
publications		n.	出版物
quest		n.	追求
radiation		n.	辐射
shocked		v.	震惊
sized		adj.	大小的
stroke		n.	中风
stunning		adj.	惊艳的
tanks		n.	坦克
tokyo		n.	东京
topics		n.	话题
trains		n.	火车
traveling		v.	旅行
treating		v.	治疗
tune		n.	曲调
utility		n.	效用
vessel		n.	船
weed		n.	杂草
wherever		conj.	无论哪里
acquisition		n.	收购
addressed		v.	处理
alabama		n.	亚拉巴马州
alice		n.	爱丽丝
angels		n.	天使
anime		n.	动漫
announce		v.	宣布
autumn		n.	秋天
backed		v.	支持
barry		n.	巴里
bold		adj.	大胆的
borders		n.	边界
breathe		v.	呼吸
cameron		n.	卡梅伦
choosing		v.	选择
classical		adj.	古典的
classified		adj.	机密的
clip		n.	夹子
coaches		n.	教练
coins		n.	硬币
concepts		n.	概念
conspiracy		n.	阴谋
controversy		n.	争议
convince		v.	说服
cooper		n.	库珀
disappeared		v.	消失
encounter		v.	遇到
equality		n.	平等
exam		n.	考试
examination		n.	检查
examination		n.	考试
fails		v.	失败
federation		n.	联邦
fiscal		adj.	财政的
guardian		n.	监护人
homeless		adj.	无家可归的
instrument		n.	乐器
instrument		n.	工具
intervention		n.	干预
jerry		n.	杰瑞
lover		n.	爱人
mainstream		n.	主流
menu		n.	菜单
missouri		n.	密苏里
mounted		v.	骑
mounted		adj.	安装好的
mutual		adj.	相互的
nope		int.	不
occasions		n.	场合
offense		n.	冒犯
offense		n.	犯罪
oral		adj.	口头的
panic		n.	恐慌
pays		v.	支付
peoples		n.	民族
pursue		v.	追求
realise		v.	意识到
realise		v.	实现
refugees		n.	难民
removing		v.	移除
requirement		n.	要求
responded		v.	回应
rip		v.	撕裂
ruined		adj.	毁坏的
ruined		v.	毁坏
sandiego		n.	圣迭戈
scope		n.	范围
scope		n.	望远镜
segment		n.	部分
spectrum		n.	光谱
stays		v.	停留
ted		n.	特德
terror		n.	恐怖
they've		pron.	他们已经
venture		n.	风险投资
virtually		adv.	实际上
waited		v.	等待
warren		n.	沃伦
worn		adj.	磨损的
yea		int.	是的
accompanied		v.	陪伴
adams		n.	亚当斯
aids		n.	艾滋病
aimed		v.	瞄准
alpha		n.	阿尔法
appleone		n.	AppleOne
approaches		v.	接近
approaches		n.	方法
arguing		v.	争论
arrangement		n.	安排
arrangement		n.	排列
beliefs		n.	信念
boats		n.	船
boundaries		n.	边界
brick		n.	砖
brooklyn		n.	布鲁克林
colleges		n.	学院
considerable		adj.	相当大的
conventional		adj.	传统的
danny		n.	丹尼
designated		v.	指定
dvd		n.	数字视频光盘
emperor		n.	皇帝
employers		n.	雇主
enormous		adj.	巨大的
errors		n.	错误
focusing		v.	聚焦
forgive		v.	原谅
gains		n.	收益
garage		n.	车库
gathering		n.	聚会
guidelines		n.	指导方针
handled		v.	处理
hosted		v.	主办
indians		n.	印度人
indonesia		n.	印度尼西亚
inquiry		n.	询问
inspector		n.	检查员
jumped		v.	跳
khan		n.	可汗
lion		n.	狮子
loaded		v.	装载
lonely		adj.	孤独的
maintaining		v.	维持
measured		adj.	测量的
measured		v.	测量
mercy		n.	仁慈
nevertheless		adv.	然而
newspapers		n.	报纸
outer		adj.	外部的
oxygen		n.	氧
pipe		n.	管子
pissed		adj.	生气的
poem		n.	诗
powder		n.	粉末
powered		v.	提供动力
promises		n.	承诺
quotes		n.	引文
racism		n.	种族主义
ratings		n.	收视率
reads		v.	阅读
recovered		v.	恢复
refers		v.	提及
roy		n.	罗伊
rude		adj.	粗鲁的
screw		n.	螺丝
seventh		num.	第七
shelter		n.	庇护所
signature		n.	签名
sooner		adv.	更早
spider		n.	蜘蛛
stewart		n.	斯图尔特
strikes		v.	打击
suggesting		v.	建议
suits		n.	西装
toys		n.	玩具
tracking		n.	跟踪
tribute		n.	贡品
trigger		n.	扳机
trigger		v.	触发
vary		v.	变化
venue		n.	场馆
wages		n.	工资
wells		n.	井
wheels		n.	轮子
abortion		n.	堕胎
accuracy		n.	准确性
albert		n.	艾伯特
applying		v.	申请
artificial		adj.	人工的
belongs		v.	属于
beneath		prep.	在下面
bullet		n.	子弹
burns		v.	燃烧
carl		n.	卡尔
celebrated		adj.	著名的
consistently		adv.	一贯地
conversion		n.	转换
copyright		n.	版权
counties		n.	县
democrat		n.	民主党人
deposit		n.	存款
deposit		v.	存放
destination		n.	目的地
dirt		n.	泥土
diverse		adj.	多样的
divine		adj.	神圣的
emails		n.	电子邮件
exclusively		adv.	专门地
export		v.	出口
fastest		adj.	最快的
formerly		adv.	以前
functional		adj.	功能的
gather		v.	聚集
grandfather		n.	祖父
habit		n.	习惯
harvard		n.	哈佛大学
indicates		v.	表明
isolated		adj.	孤立的
jealous		adj.	嫉妒的
knocked		v.	敲
landed		v.	着陆
laughed		v.	笑
laura		n.	劳拉
lazy		adj.	懒惰的
marshall		n.	马歇尔
mitchell		n.	米切尔
modified		v.	修改
municipal		adj.	市政的
naval		adj.	海军的
neighbors		n.	邻居
nelson		n.	纳尔逊
neutral		adj.	中立的
noble		adj.	高尚的
oldest		adj.	最老的
pat		v.	轻拍
picks		v.	挑选
poland		n.	波兰
popularity		n.	受欢迎
professionals		n.	专业人士
pussy		n.	猫
reactions		n.	反应
relate		v.	涉及
robot		n.	机器人
sacred		adj.	神圣的
securities		n.	证券
shoe		n.	鞋
speakers		n.	扬声器
spider-man		n.	蜘蛛人
springs		n.	弹簧
spy		n.	间谍
steven		n.	史蒂文
suggestions		n.	建议
supplied		v.	供应
susan		n.	苏珊
suspension		n.	暂停
terrorism		n.	恐怖主义
terry		n.	特里
toxic		adj.	有毒的
treasury		n.	财政部
tunnel		n.	隧道
unions		n.	工会
upgrade		v.	升级
warrant		n.	令状
wider		adj.	更宽的
wound		n.	伤口
aaron		n.	亚伦
actively		adv.	积极地
afghanistan		n.	阿富汗
ai		n.	人工智能
applies		v.	应用
arrangements		n.	安排
asset		n.	资产
assuming		conj.	假设
backing		n.	支持
baker		n.	面包师
barcelona		n.	巴塞罗那
blessed		adj.	有福的
brazilian		adj.	巴西的
brush		n.	刷子
burden		n.	负担
campbell		n.	坎贝尔
carries		v.	携带
casual		adj.	随意的
certified		adj.	认证的
charter		n.	章程
chef		n.	厨师
civilian		n.	平民
coalition		n.	联盟
cock		n.	公鸡
complain		v.	抱怨
complaints		n.	投诉
controversial		adj.	有争议的
denver		n.	丹佛
describing		v.	描述
differently		adv.	不同地
directions		n.	方向
discipline		n.	纪律
discussing		v.	讨论
disgusting		adj.	令人厌恶的
dj		n.	唱片骑师
dominant		adj.	占主导地位的
earning		v.	赚得
emma		n.	艾玛
essay		n.	文章
expense		n.	费用
explaining		v.	解释
furthermore		conj.	此外
graphic		adj.	图示的
greg		n.	格雷格
healing		v.	治愈
hiring		v.	雇用
hosts		n.	主持人
implemented		v.	实施
instantly		adv.	立即
invasion		n.	入侵
jacob		n.	雅各布
jumping		v.	跳
laptop		n.	笔记本电脑
legendary		adj.	传奇的
leo		n.	利奥
maker		n.	制造者
margaret		n.	玛格丽特
mario		n.	马里奥
opponents		n.	对手
outdoor		adj.	户外的
palm		n.	手掌
parker		n.	帕克
photograph		n.	照片
pole		n.	极
pub		n.	酒吧
quarters		n.	四分之一
queensland		n.	昆士兰
rangers		n.	游骑兵
ranks		n.	等级
reception		n.	接待
recipe		n.	食谱
regulatory		adj.	监管的
reviewed		v.	评论
rolls		v.	滚动
rubber		n.	橡胶
secured		v.	获得
serial		adj.	连续的
settings		n.	设置
shed		n.	棚
snake		n.	蛇
sponsored		adj.	赞助的
stealing		v.	偷窃
strict		adj.	严格的
subsequently		adv.	随后
substance		n.	物质
substance		n.	实质
suggestion		n.	建议
switzerland		n.	瑞士
syndrome		n.	综合征
tasks		n.	任务
trips		n.	旅行
ultra		adj.	极端的
unexpected		adj.	意外的
usage		n.	用法
utah		n.	犹他州
worlds		n.	世界
accidentally		adv.	意外地
affordable		adj.	负担得起的
amateur		n.	业余爱好者
appeals		v.	呼吁
argentina		n.	阿根廷
baltimore		n.	巴尔的摩
batman		n.	蝙蝠侠
bearing		n.	轴承
beats		v.	打败
bin		n.	垃圾箱
biology		n.	生物学
bobby		n.	警察
briefly		adv.	简短地
canal		n.	运河
cancelled		v.	取消
charlotte		n.	夏洛特
cheaper		adj.	更便宜的
christopher		n.	克里斯托弗
climb		v.	爬
competing		adj.	竞争的
completion		n.	完成
cruise		n.	巡航
custody		n.	监护
delete		v.	删除
demonstrated		v.	证明
departure		n.	出发
developers		n.	开发者
developments		n.	发展
dig		v.	挖
eagles		n.	鹰
employer		n.	雇主
evans		n.	埃文斯
explosion		n.	爆炸
fever		n.	发烧
fluid		n.	流体
folk		n.	民间
generate		v.	生成
handsome		adj.	英俊的
ho		int.	嗬
holidays		n.	假期
hotels		n.	酒店
imagination		n.	想象力
integration		n.	整合
integrity		n.	正直
interpretation		n.	解释
leaf		n.	叶子
legitimate		adj.	合法的
lightning		n.	闪电
loads		n.	负荷
longest		adj.	最长的
magical		adj.	神奇的
mills		n.	磨坊
motivation		n.	动力
mtv		n.	音乐电视
musictelevision		n.	音乐电视
nasty		adj.	讨厌的
oliver		n.	奥利弗
outfit		n.	全套服装
pension		n.	养老金
permit		v.	允许
permit		n.	许可证
perry		n.	佩里
plates		n.	盘子
pleasant		adj.	愉快的
portrait		n.	肖像
productive		adj.	多产的
read-onlymemory		n.	只读存储器
reminds		v.	提醒
reserves		n.	储备
rom		n.	只读存储器
ron		n.	罗恩
safely		adv.	安全地
shirts		n.	衬衫
shorter		adj.	更短的
slight		adj.	轻微的
socialist		n.	社会主义者
streaming		n.	流媒体
sue		v.	起诉
sue		n.	苏珊
targeted		adj.	有针对性的
tension		n.	紧张
thailand		n.	泰国
theories		n.	理论
touching		adj.	感人的
touching		v.	接触
transactions		n.	交易
twist		v.	扭转
twist		n.	扭转
unemployment		n.	失业
unity		n.	统一
useless		adj.	无用的
viewers		n.	观众
winds		n.	风
woke		adj.	觉醒的
woke		v.	醒来
abilities		n.	能力
adultvideo		n.	成人视频
advocate		v.	提倡
advocate		n.	提倡者
aims		n.	目标
arc		n.	弧
av		n.	成人视频
backup		n.	备份
beaten		adj.	被打败的
bitter		adj.	苦的
blown		adj.	吹坏的
blown		v.	吹
branches		n.	分支
campaigns		n.	运动
chips		n.	薯条
chips		n.	芯片
cia		n.	中情局
clever		adj.	聪明的
clinic		n.	诊所
closest		adj.	最近的
collections		n.	收藏
continuous		adj.	连续的
converted		v.	转换
correctly		adv.	正确地
creator		n.	创造者
creatures		n.	生物
criteria		n.	标准
declined		v.	拒绝
declined		v.	下降
detective		n.	侦探
difficulties		n.	困难
disability		n.	残疾
dish		n.	菜肴
dish		n.	盘子
douglas		n.	道格拉斯
duck		n.	鸭子
egyptian		adj.	埃及的
evaluation		n.	评估
excess		n.	过量
farming		n.	农业
fence		n.	栅栏
fifa		n.	国际足联
fighters		n.	战士
flights		n.	航班
forcing		v.	强迫
forming		v.	形成
franklin		n.	富兰克林
fred		n.	弗雷德
gradually		adv.	逐渐地
gravity		n.	重力
habits		n.	习惯
hasn't		v.	没有
hawaii		n.	夏威夷
highlight		v.	突出显示
holder		n.	持有者
hood		n.	兜帽
hung		v.	悬挂
identical		adj.	完全相同的
imperial		adj.	帝国的
investigations		n.	调查
jose		n.	何塞
legally		adv.	合法地
lied		v.	说谎
listened		v.	听
llm		n.	大语言模型
males		n.	男性
manufacturer		n.	制造商
meters		n.	米
nail		n.	钉子
nail		n.	指甲
nasa		n.	美国宇航局
negotiations		n.	谈判
nonsense		n.	胡说
ontario		n.	安大略
operational		adj.	运行的
orleans		n.	奥尔良
owns		v.	拥有
phoenix		n.	凤凰
playoffs		n.	季后赛
poet		n.	诗人
quoted		v.	引用
relating		v.	有关
repeatedly		adv.	反复地
robinson		n.	罗宾逊
rolled		v.	滚动
scientist		n.	科学家
sink		n.	水槽
sink		v.	下沉
skip		v.	跳过
slavery		n.	奴隶制
snap		v.	折断
sorts		n.	种类
sorts		v.	分类
souls		n.	灵魂
stole		v.	偷
swedish		adj.	瑞典的
swim		v.	游泳
swiss		adj.	瑞士的
tennessee		n.	田纳西
they'll		pron.	他们将
transaction		n.	交易
transformation		n.	变革
veteran		n.	老兵
veteran		adj.	资深的
vulnerable		adj.	脆弱的
wealthy		adj.	富有的
additionally		adv.	此外
amy		n.	艾米
attract		v.	吸引
barbara		n.	芭芭拉
beta		n.	贝塔
beta		n.	测试版
blowing		v.	吹
bored		adj.	无聊的
bronze		n.	青铜
bronze		n.	铜牌
bug		n.	虫子
bug		n.	程序错误
caring		adj.	有爱心的
catching		v.	捕捉
cave		n.	洞穴
cheating		v.	作弊
chronic		adj.	慢性的
cleared		v.	清除
communicate		v.	交流
convicted		v.	定罪
cultures		n.	文化
dealt		v.	处理
delayed		v.	延迟
demonstrate		v.	证明
demonstrate		v.	演示
departments		n.	部门
depend		v.	依靠
developer		n.	开发者
diagnosis		n.	诊断
dismissed		v.	解散
dismissed		v.	不予理会
distinguished		adj.	杰出的
dose		n.	剂量
dose		v.	服药
eighth		num.	第八
experiments		n.	实验
experiments		v.	做实验
flesh		n.	肉
flip		v.	翻转
forty		num.	四十
generous		adj.	慷慨的
germans		n.	德国人
hated		v.	憎恨
implement		v.	实施
implement		n.	工具
incorporated		v.	并入
influenced		v.	影响
isbn		n.	国际标准书号
jerusalem		n.	耶路撒冷
kidding		v.	开玩笑
laser		n.	激光
loyal		adj.	忠诚的
marijuana		n.	大麻
mentally		adv.	精神上
missions		n.	使命
missions		n.	使团
occupation		n.	职业
occupation		n.	占领
opponent		n.	对手
paintings		n.	绘画作品
patch		n.	补丁
patch		v.	修补
patience		n.	耐心
pic		n.	照片
pointing		v.	指向
pollution		n.	污染
precisely		adv.	精确地
prisoner		n.	囚犯
privilege		n.	特权
proposals		n.	提议
protests		n.	抗议
protests		v.	抗议
punk		n.	朋克
radar		n.	雷达
regards		n.	问候
relatives		n.	亲戚
resist		v.	抵抗
solely		adv.	仅仅
stepped		v.	迈步
striking		adj.	显著的
striking		v.	打击
terrorists		n.	恐怖分子
tourist		n.	游客
transit		n.	运输
trucks		n.	卡车
trusted		v.	信任
vessels		n.	船只
vessels		n.	血管
villa		n.	别墅
volumes		n.	卷
volumes		n.	体积
websites		n.	网站
wireless		adj.	无线的
wondered		v.	想知道
wrap		v.	包裹
wright		n.	工匠
yoga		n.	瑜伽
adopt		v.	收养
airlines		n.	航空公司
alaska		n.	阿拉斯加
albums		n.	专辑
anytime		adv.	随时
bacteria		n.	细菌
beings		n.	存在
beside		prep.	在旁边
blade		n.	刀刃
boot		n.	靴子
bottles		n.	瓶子
bucks		n.	美元（口语）
bulk		n.	大量
camps		n.	营地
cargo		n.	货物
census		n.	人口普查
christianity		n.	基督教
coastal		adj.	沿海的
coin		n.	硬币
colored		adj.	彩色的
commentary		n.	解说
confusion		n.	混乱
congressional		adj.	国会的
corn		n.	玉米
cried		v.	哭
customs		n.	海关
dealer		n.	经销商
deemed		v.	认为
destiny		n.	命运
distant		adj.	遥远的
electronics		n.	电子产品
emerging		adj.	新兴的
emotion		n.	情感
emphasis		n.	强调
ethics		n.	伦理学
excitement		n.	兴奋
exploration		n.	探索
fights		n.	战斗
filling		n.	填充物
filming		v.	拍摄
fomo		n.	错失恐惧症
glasgow		n.	格拉斯哥
graphics		n.	图形
helen		n.	海伦
hi-fi		adj.	高保真的
humor		n.	幽默
insight		n.	洞察
invested		v.	投资
jennifer		n.	詹妮弗
lit		adj.	点燃的
louisiana		n.	路易斯安那
marie		n.	玛丽
meals		n.	餐食
mississippi		n.	密西西比
nerve		n.	神经
nightmare		n.	噩梦
operators		n.	操作员
operators		n.	运算符
os		n.	操作系统
overnight		adv.	一夜之间
partially		adv.	部分地
participating		v.	参加
pie		n.	馅饼
platforms		n.	平台
populations		n.	人口
poster		n.	海报
practically		adv.	几乎
preserve		v.	保护
preserve		n.	果酱
produces		v.	生产, 制作
qualify		v.	使合格
raid		n.	突袭
ram		v.	猛击
ranging		v.	变动
ranking		n.	排名
receives		v.	收到
respective		adj.	各自的
restricted		adj.	受限制的
routes		n.	路线
samuel		n.	塞缪尔
sandy		n.	桑迪
scenario		n.	场景
sheep		n.	羊
situated		v.	位于
slaves		n.	奴隶
sony		n.	索尼
spotted		v.	发现
spotted		adj.	有斑点的
spreading		v.	传播
stanley		n.	斯坦利
sustainable		adj.	可持续的
sustained		adj.	持续的
taxi		n.	出租车
themes		n.	主题
threatening		v.	威胁
tobacco		n.	烟草
trace		n.	痕迹
trace		v.	追踪
trapped		v.	困住
turner		n.	特纳
uncomfortable		adj.	不舒服的
wasted		adj.	浪费的
weakness		n.	弱点
widespread		adj.	广泛的
xbox		n.	Xbox
accepting		v.	接受
accessible		adj.	可接近的
acknowledge		v.	承认
advised		v.	建议
advisory		adj.	顾问的
animation		n.	动画
assignment		n.	任务
balanced		adj.	平衡的
bare		adj.	赤裸的
basement		n.	地下室
bases		n.	基地
bases		n.	基础
battles		n.	战役
bias		n.	偏见
birmingham		n.	伯明翰
bits		n.	比特
cancel		v.	取消
carpet		n.	地毯
ceiling		n.	天花板
cherry		n.	樱桃
chill		v.	使变凉
classification		n.	分类
clue		n.	线索
codes		n.	代码
cole		n.	油菜
collapse		v.	倒塌
collecting		v.	收集
compound		n.	化合物, 复合物
compound		v.	混合, 复合
conscious		adj.	有意识的
consecutive		adj.	连续的
contents		n.	内容
costume		n.	服装
craig		n.	克雷格
deleted		v.	删除
devoted		adj.	忠诚的
displayed		v.	显示
dominated		v.	支配
earl		n.	伯爵
endless		adj.	无尽的
escaped		v.	逃跑
examine		v.	检查
floating		adj.	浮动的
garbage		n.	垃圾
gospel		n.	福音
grain		n.	谷物
grid		n.	网格
grows		v.	生长
heating		n.	供暖
identification		n.	识别
knees		n.	膝盖
lap		n.	膝盖部
lions		n.	狮子
liver		n.	肝脏
metro		n.	地铁
metropolitan		adj.	大都市的
mines		n.	矿山
mixture		n.	混合物
nominated		v.	提名
oak		n.	橡树
parliamentary		adj.	议会的
patent		n.	专利
perception		n.	感知
physician		n.	内科医生
portland		n.	波特兰
proceed		v.	继续
proceedings		n.	诉讼
pupils		n.	学生
reserved		adj.	保留的
restore		v.	恢复
rifle		n.	步枪
rival		n.	对手
rival		v.	与…竞争
runner		n.	跑步者
runner		n.	滑条
sadly		adv.	悲伤地
shoulders		n.	肩膀
significance		n.	意义
sits		v.	坐
sizes		n.	尺寸
slept		v.	睡觉
soap		n.	肥皂
spray		n.	喷雾
spray		v.	喷洒
stored		v.	储存
stressed		adj.	有压力的
structural		adj.	结构的
suite		n.	套房
tropical		adj.	热带的
ukrainian		adj.	乌克兰的
unnecessary		adj.	不必要的
verse		n.	诗节
victor		n.	胜利者
vintage		adj.	复古的
vintage		n.	年份酒
warned		v.	警告
watson		n.	沃森
weren't		v.	不是
acres		n.	英亩
adapted		adj.	改编的
adapted		v.	适应
adoption		n.	收养
adoption		n.	采用
anonymous		adj.	匿名的
antonio		n.	安东尼奥
approaching		v.	接近
artistic		adj.	艺术的
attendance		n.	出席
aviation		n.	航空
barrel		n.	桶
beds		n.	床
beloved		adj.	心爱的
bless		v.	祝福
boxing		n.	拳击
celebrating		v.	庆祝
charging		v.	充电
chemicals		n.	化学品
chuck		v.	扔
cinema		n.	电影院
cinema		n.	电影
colonial		adj.	殖民的
comics		n.	漫画
compliance		n.	遵守
contrary		adj.	相反的
contrary		n.	相反
controlling		v.	控制
corporations		n.	公司
couch		n.	沙发
crush		v.	压碎
crush		n.	迷恋
dam		n.	水坝
decrease		v.	减少
decrease		n.	减少
defeated		v.	打败
diabetes		n.	糖尿病
dressing		n.	调料
dressing		n.	穿衣
expanding		v.	扩展
fears		n.	恐惧
fears		v.	害怕
fires		n.	火灾
fires		v.	解雇
genre		n.	体裁
gentle		adj.	温和的
grammar		n.	语法
hiv		n.	艾滋病病毒
illustrated		adj.	有插图的
invented		v.	发明
jake		n.	杰克
jam		n.	果酱
jamie		n.	杰米
jessica		n.	杰西卡
keith		n.	基思
kent		n.	肯特
layers		n.	层
lease		n.	租约
lens		n.	镜头
licensed		adj.	持证的
loyalty		n.	忠诚
madison		n.	麦迪逊
magnetic		adj.	磁性的
metres		n.	米
monsters		n.	怪物
mysterious		adj.	神秘的
notion		n.	概念
partial		adj.	部分的
piss		n.	尿
placing		v.	放置
propaganda		n.	宣传
rat		n.	老鼠
reflection		n.	反射
reminded		v.	提醒
resolve		v.	解决
revolutionary		adj.	革命的
scandal		n.	丑闻
shine		v.	照耀
simultaneously		adv.	同时
substitute		n.	替代品
surveillance		n.	监控
tactics		n.	战术
testimony		n.	证词
thai		adj.	泰国的
treasure		n.	珍宝
trophy		n.	奖杯
tweet		v.	发推
tyler		n.	泰勒
underlying		adj.	潜在的
unfair		adj.	不公平的
villages		n.	村庄
acceptance		n.	接受
accidents		n.	事故
affects		v.	影响
annually		adv.	每年
apologize		v.	道歉
appreciated		v.	感激
approached		v.	接近
arriving		v.	到达
ash		n.	灰
aunt		n.	姑妈
benjamin		n.	本杰明
blake		n.	布莱克
bubble		n.	气泡
bubble		v.	起泡
buyers		n.	买家
casino		n.	赌场
charts		n.	图表
clouds		n.	云
connecting		v.	连接
counsel		n.	法律顾问
counsel		v.	劝告
creature		n.	生物
deadly		adj.	致命的
decides		v.	决定
desired		adj.	期望的
desired		v.	想要
determination		n.	决心
determination		n.	确定
embrace		v.	拥抱
embrace		v.	接受
emerged		v.	出现
exhibit		n.	展品
exhibit		v.	展出
flew		v.	飞
gentleman		n.	绅士
halloween		n.	万圣节前夜
hammer		n.	锤子
hammer		v.	锤打
hitler		n.	希特勒
hosting		v.	主办
hosting		n.	托管
icon		n.	图标
icon		n.	偶像
imposed		v.	强制实行
indigenous		adj.	本土的
infinite		adj.	无限的
installation		n.	安装
installation		n.	装置
inter		prep.	之间
interactions		n.	互动
introducing		v.	介绍
iranian		adj.	伊朗的
kicking		v.	踢
laying		v.	放置
laying		v.	下蛋
legislature		n.	立法机构
liability		n.	责任
maine		n.	缅因州
makers		n.	制造商
manhattan		n.	曼哈顿
marathon		n.	马拉松
marvel		n.	奇迹
marvel		v.	惊叹
michelle		n.	米歇尔
moreover		adv.	此外
neil		n.	尼尔
organisations		n.	组织
ours		pron.	我们的
parade		n.	游行
parade		v.	游行
paradise		n.	天堂
perceived		v.	感知
planes		n.	飞机
politician		n.	政治家
preliminary		adj.	初步的
premiere		n.	首映
presidency		n.	总统任期
reaches		v.	到达
react		v.	反应
realistic		adj.	现实的
remarks		n.	言论
retain		v.	保留
roberts		n.	罗伯茨
rocky		adj.	多岩石的
russians		n.	俄罗斯人
saints		n.	圣人
satisfaction		n.	满意
scratch		v.	抓
scratch		n.	抓痕
shade		n.	阴凉处
shade		n.	色度
sheets		n.	床单
sheets		n.	一张纸
sheriff		n.	县治安官
shy		adj.	害羞的
sometime		adv.	某个时候
spirits		n.	情绪
spirits		n.	烈酒
sporting		adj.	体育运动的
strictly		adv.	严格地
sunshine		n.	阳光, 阳光充足
teens		n.	青少年
thou		pron.	你
tier		n.	等级
tommy		n.	汤米
travelling		v.	旅行
vancouver		n.	温哥华
vocal		adj.	声音的
vocal		adj.	直言的
warrior		n.	战士
worries		v.	担心
worries		n.	烦恼
yield		v.	屈服
yield		v.	产出
yield		n.	产量
youtube		n.	YouTube
accomplished		adj.	完成的
accomplished		adj.	有造诣的
admission		n.	准许进入
admission		n.	入场费
adventures		n.	冒险
aka		adv.	又名
appearing		v.	出现
bacon		n.	培根
barrier		n.	障碍
belgium		n.	比利时
believing		v.	相信
blacks		n.	黑人
bombs		n.	炸弹
burst		v.	爆裂
burst		n.	爆发
caps		n.	帽子
casting		n.	选角
casting		v.	铸造
cattle		n.	牛
classroom		n.	教室
collins		n.	柯林斯
colours		n.	颜色
compromise		n.	妥协
compromise		v.	妥协
convenient		adj.	方便的
costa		n.	海岸
criminals		n.	罪犯
crop		n.	庄稼
crop		n.	收成
earthquake		n.	地震
elderly		adj.	年长的
eliminate		v.	消除
embarrassing		adj.	令人尴尬的
farmer		n.	农民
finest		adj.	最好的
grants		n.	拨款
grants		v.	授予
harbor		n.	港口
harvey		n.	哈维
hates		v.	恨
incidents		n.	事件
inform		v.	通知
ion		n.	离子
jeremy		n.	杰里米
lesbian		adj.	女同性恋的
lovers		n.	恋人
mathematics		n.	数学
medication		n.	药物
minded		adj.	有…思维的
morris		n.	莫里斯
norway		n.	挪威
par		n.	标准
podcast		n.	播客
portfolio		n.	作品集
productivity		n.	生产力
promoted		v.	晋升
protocol		n.	协议
quietly		adv.	安静地
rachel		n.	雷切尔
replacing		v.	替换
responsibilities		n.	职责
salad		n.	沙拉
scholarship		n.	奖学金
screening		n.	筛查
sends		v.	发送
smiling		v.	微笑
soup		n.	汤
southeast		n.	东南
stake		n.	股份
stating		v.	声称
strain		n.	压力
suspected		v.	怀疑
swift		adj.	迅速的
tackle		v.	处理
tigers		n.	老虎
timeline		n.	时间表
torture		n.	酷刑
traded		v.	交易
translated		v.	翻译
tricks		n.	把戏
twins		n.	双胞胎
urgent		adj.	紧急的
vegetables		n.	蔬菜
vertical		adj.	垂直的
violation		n.	违反
wallet		n.	钱包
welsh		adj.	威尔士的
workshop		n.	车间
wrapped		v.	包裹
aboard		adv.	在船上
abstract		adj.	抽象的
accent		n.	口音
addiction		n.	上瘾
associates		n.	同事
awake		adj.	醒着的
beam		n.	横梁
beans		n.	豆
binding		n.	装订
blank		adj.	空白的
buffalo		n.	水牛
commons		n.	公共用地
conservatives		n.	保守派
contacts		n.	联系人
conviction		n.	定罪
corrupt		adj.	腐败的
cow		n.	母牛
curve		n.	曲线
depressed		adj.	沮丧的
deserved		adj.	应得的
dining		n.	用餐
disorders		n.	失调
duration		n.	持续时间
eddie		n.	埃迪
emily		n.	埃米莉
encouraging		adj.	鼓舞人心的
farms		n.	农场
fifteen		num.	十五
flows		v.	流动
genes		n.	基因
graduated		v.	毕业
grandmother		n.	祖母
harsh		adj.	严厉的
heights		n.	高度
horn		n.	角
hurry		v.	匆忙
immune		adj.	免疫的
inflation		n.	通货膨胀
ingredients		n.	原料
inspection		n.	检查
install		v.	安装
instruction		n.	指示
intensity		n.	强度
inventory		n.	库存
investigated		v.	调查
invitation		n.	邀请
judicial		adj.	司法的
justify		v.	证明正当
lakes		n.	湖
lean		v.	倾斜
lecture		n.	讲座
libraries		n.	图书馆
logical		adj.	合逻辑的
mason		n.	石匠
meaningful		adj.	有意义的
migration		n.	迁移
missile		n.	导弹
motivated		adj.	有积极性的
muscles		n.	肌肉
nancy		n.	南希
norman		n.	诺曼
northwest		n.	西北
nurses		n.	护士
organ		n.	器官
patrol		n.	巡逻
patrol		v.	巡逻
pearl		n.	珍珠
peer		n.	同龄人
peer		v.	凝视
pepper		n.	胡椒
pig		n.	猪
pile		n.	堆
plug		n.	插头
plug		v.	插入
provision		n.	供应
provision		n.	条款
releasing		v.	释放
requiring		v.	需要
revised		adj.	修订的
revised		v.	修订
rod		n.	杆
scream		v.	尖叫
scream		n.	尖叫
stairs		n.	楼梯
staring		v.	凝视
statistical		adj.	统计的
sticks		n.	棍
sticks		v.	粘贴
strangers		n.	陌生人
succeeded		v.	成功
sweat		n.	汗
sweat		v.	出汗
switched		v.	切换
syrian		adj.	叙利亚的
tattoo		n.	纹身
tattoo		v.	纹身
teenage		adj.	青少年的
thunder		n.	雷
tours		n.	旅行
tours		v.	观光旅行
tragedy		n.	悲剧
trauma		n.	创伤
vincent		n.	文森特
wrestling		n.	摔跤
zoo		n.	动物园
accordance		n.	一致
acquire		v.	获得
activist		n.	活动家
activists		n.	活动家
addresses		n.	地址
addresses		v.	处理
alike		adj.	相似的
alike		adv.	同样地
applicable		adj.	适用的
arrow		n.	箭
availability		n.	可用性
bend		v.	弯曲
boundary		n.	边界
breach		n.	违反
breach		v.	违反
cabin		n.	小屋
cabin		n.	机舱
cage		n.	笼子
chancellor		n.	总理
cheers		int.	干杯
circles		n.	圆
circles		v.	盘旋
closet		n.	壁橱
combine		v.	结合
companion		n.	同伴
comparing		v.	比较
consciousness		n.	意识
consultant		n.	顾问
controller		n.	控制器
controller		n.	管理员
corresponding		adj.	相应的
courtesy		n.	礼貌
cuba		n.	古巴
damages		n.	损害赔偿
demanding		adj.	要求高的
disc		n.	光盘
dishes		n.	菜餚
dozens		num.	数十
eagle		n.	鹰
eaten		v.	吃
embassy		n.	大使馆
engaging		adj.	迷人的
fascinating		adj.	迷人的
financing		n.	融资
fitted		adj.	安装好的
flexible		adj.	灵活的
gaining		v.	获得
gentlemen		n.	先生们
goodness		n.	善良
guilt		n.	内疚
haven		n.	避风港
helicopter		n.	直升机
homework		n.	作业
households		n.	家庭
infected		adj.	感染的
keen		adj.	热衷的
kenya		n.	肯尼亚
lesser		adj.	较小的
liberals		n.	自由主义者
lip		n.	嘴唇
mandatory		adj.	强制的
manufactured		v.	制造
mechanics		n.	力学
mere		adj.	仅仅的
miracle		n.	奇迹
mud		n.	泥
murphy		n.	墨菲
nathan		n.	内森
observation		n.	观察
operates		v.	运营
owe		v.	欠
permitted		v.	允许
phenomenon		n.	现象
pittsburgh		n.	匹兹堡
playoff		n.	季后赛
precise		adj.	精确的
profession		n.	职业
prospect		n.	前景
protective		adj.	保护的
providers		n.	提供者
publisher		n.	出版商
putin		n.	普京
reportedly		adv.	据报道
retreat		n.	撤退
rookie		n.	新手
sandwich		n.	三明治
seeks		v.	寻求
sentences		n.	句子
separation		n.	分离
sexually		adv.	性方面地
ski		v.	滑雪
skilled		adj.	熟练的
sterling		adj.	英镑的, 纯银的
sterling		n.	英镑
stuart		n.	斯图尔特
surgeon		n.	外科医生
theft		n.	盗窃
understands		v.	理解
valve		n.	阀门
visa		n.	签证
washing		n.	洗涤
adjacent		adj.	邻近的
agreements		n.	协议
appreciation		n.	感激
arabia		n.	阿拉伯
athletic		adj.	运动的
authorized		adj.	经授权的
banner		n.	横幅
beijing		n.	北京
blew		v.	吹
blocking		v.	阻挡
brad		n.	布拉德
caribbean		adj.	加勒比的
charm		n.	魅力
charm		v.	使着迷
chasing		v.	追逐
climbing		v.	攀登
colony		n.	殖民地
complaining		v.	抱怨
cookies		n.	饼干
cruel		adj.	残酷的
curriculum		n.	课程
deadline		n.	截止日期
deer		n.	鹿
delta		n.	三角洲
demanded		v.	要求
dive		v.	跳水
divide		v.	分开
easter		n.	复活节
electoral		adj.	选举的
eleven		num.	十一
entity		n.	实体
excessive		adj.	过度的
exercises		n.	练习
exercises		v.	锻炼
feminist		n.	女权主义者
feminist		adj.	女权主义的
governing		adj.	执政的
governing		v.	统治
ham		n.	火腿
heal		v.	治愈
interface		n.	界面
ios		n.	iOS
jewelry		n.	珠宝
journalism		n.	新闻业
juan		n.	胡安
julia		n.	茱莉亚
jungle		n.	丛林
linear		adj.	线性的
occasional		adj.	偶尔的
oriented		adj.	以…为导向的
pete		n.	皮特
pilots		n.	飞行员
prayers		n.	祈祷
predicted		v.	预测
pressed		v.	按
preventing		v.	防止
provisions		n.	条款
provisions		n.	食物供应
pursuit		n.	追求
pursuit		n.	娱乐
rap		n.	说唱
rap		v.	敲击
reflected		v.	反映
reminder		n.	提醒
restored		v.	恢复
resume		v.	恢复
resume		n.	简历
rev		v.	加速
richmond		n.	里士满
ridge		n.	山脊
scholars		n.	学者
sealed		v.	密封
sounded		v.	听起来
streams		n.	溪流
streams		n.	流
strongest		adj.	最强的
tends		v.	倾向于
thu		n.	周四
thurs		n.	周四
traditionalchinese		n.	繁体中文
tribe		n.	部落
unfortunate		adj.	不幸的
variable		n.	变量
variable		adj.	可变的
victorian		adj.	维多利亚时代的
worrying		adj.	令人担忧的
xi		n.	西
zones		n.	区域
ace		n.	王牌
adjusted		v.	调整
alternate		adj.	交替的
alternate		v.	交替
arrives		v.	到达
artwork		n.	艺术作品
ashley		n.	阿什莉
athlete		n.	运动员
attraction		n.	吸引
attraction		n.	景点
babe		n.	宝贝
bankruptcy		n.	破产
canon		n.	佳能
canon		n.	正典
capabilities		n.	能力
cared		v.	关心
catherine		n.	凯瑟琳
chains		n.	链条
closure		n.	关闭
cognitive		adj.	认知的
competitors		n.	竞争者
connecticut		n.	康涅狄格州
convert		v.	转换
cooked		v.	烹饪
cups		n.	杯子
deciding		v.	决定
defender		n.	防御者
dental		adj.	牙科的
diplomatic		adj.	外交的
divisions		n.	部门
divisions		n.	分割
drum		n.	鼓
editorial		n.	社论
editorial		adj.	编辑的
enabled		v.	启用
entertaining		adj.	有趣的
entertaining		v.	招待
establishing		v.	建立
eternal		adj.	永恒的
freeze		v.	冻结
freeze		n.	冰冻
generic		adj.	通用
grandma		n.	奶奶
grip		v.	紧握
grip		n.	握力
handful		n.	一把
happily		adv.	快乐地
harmony		n.	和谐
hmm		int.	嗯
humble		adj.	谦虚的
hurting		v.	疼痛
hybrid		n.	混合物
hybrid		adj.	混合的
intentions		n.	意图
investing		v.	投资
keyboard		n.	键盘
lasting		adj.	持久的
locally		adv.	本地
loses		v.	失去
mild		adj.	温和的
minimal		adj.	最小的
mixing		v.	混合
molecular		adj.	分子的
nearest		adj.	最近的
neighbor		n.	邻居
noon		n.	中午
nowadays		adv.	如今
openly		adv.	公开地
overview		n.	概述
paas		n.	平台即服务
pairs		n.	一对
palestinian		adj.	巴勒斯坦的
parish		n.	教区
pathetic		adj.	可悲的
poems		n.	诗
possibilities		n.	可能性
potato		n.	土豆
potter		n.	陶工
preference		n.	偏好
promising		adj.	有前途的
proportion		n.	比例
purchases		n.	购买
rage		n.	愤怒
reflects		v.	反映
respected		adj.	受尊敬的
restoration		n.	恢复
selfish		adj.	自私的
sergeant		n.	中士
silk		n.	丝绸
stamp		n.	邮票
stamp		v.	盖章
throne		n.	王座
urge		v.	敦促
urge		n.	冲动
voter		n.	选民
warner		n.	警告者
wasting		v.	浪费
witch		n.	女巫
advantages		n.	优势
ally		n.	盟友
archives		n.	档案
array		n.	数组
assisted		adj.	辅助的
backs		n.	背部
belly		n.	腹部
booth		n.	摊位
breakdown		n.	故障
bridges		n.	桥梁
brutal		adj.	残忍的
calculated		adj.	计算出的
cam		n.	凸轮
centres		n.	中心
cfo		n.	首席财务官
chapters		n.	章节
chieftechnologyofficer		n.	首席技术官
citizenship		n.	公民身份
civilians		n.	平民
cliff		n.	悬崖
conflicts		n.	冲突
consensus		n.	共识
cto		n.	首席技术官
cycling		n.	骑行
declaration		n.	声明
dennis		n.	丹尼斯
derby		n.	德比
distinction		n.	区别
donations		n.	捐款
dragons		n.	龙
draws		v.	绘制
examined		v.	检查
facial		adj.	面部的
faithful		adj.	忠实的
fatal		adj.	致命的
fig		n.	无花果
fitting		n.	配件
genuinely		adv.	真正地
hardest		adj.	最难的
holland		n.	荷兰
honored		adj.	荣幸的
hunger		n.	饥饿
hurricane		n.	飓风
implications		n.	影响
import		v.	进口
innovative		adj.	创新的
jurisdiction		n.	管辖权
laughter		n.	笑声
lemon		n.	柠檬
lifted		v.	举起
loading		n.	加载
lung		n.	肺
matching		adj.	匹配的
mighty		adj.	强大的
monetary		adj.	货币的
novels		n.	小说
nutrition		n.	营养
ore		n.	矿石
outcomes		n.	结果
pine		n.	松树
polls		n.	民意调查
poorly		adv.	糟糕地
portugal		n.	葡萄牙
pose		v.	摆姿势
pose		n.	姿势
pour		v.	倒
proteins		n.	蛋白质
provider		n.	提供者
publish		v.	出版
purely		adv.	纯粹地
ralph		n.	拉尔夫
rental		n.	租赁
resolved		v.	解决
rewards		n.	奖励
sang		v.	唱
seemingly		adv.	表面上
senators		n.	参议员
severely		adv.	严重地
shark		n.	鲨鱼
shocking		adj.	令人震惊的
southwest		n.	西南
studios		n.	工作室
survivors		n.	幸存者
tales		n.	故事
technically		adv.	技术上
titled		v.	题为
traditions		n.	传统
unlimited		adj.	无限的
washed		v.	洗
watches		n.	手表
watches		v.	观看
advise		v.	建议
anxious		adj.	焦虑的
appearances		n.	外观
bee		n.	蜜蜂
bombing		n.	轰炸
cafe		n.	咖啡馆
carlos		n.	卡洛斯
challenged		v.	挑战
cigarettes		n.	香烟
colin		n.	科林
consisting		v.	由…组成
cult		n.	邪教
dairy		n.	乳制品
dakota		n.	达科他
darling		n.	亲爱的
delighted		adj.	高兴的
delivering		v.	递送
destroying		v.	破坏
diary		n.	日记
disagree		v.	不同意
disappear		v.	消失
drill		n.	钻头
earliest		adj.	最早的
edges		n.	边缘
entries		n.	条目
euro		n.	欧元
evolved		v.	进化
exports		n.	出口
fixing		v.	修理
flags		n.	旗帜
flies		v.	飞
flies		n.	苍蝇
forecast		n.	预测
governance		n.	治理
heated		adj.	加热的
heated		adj.	激烈的
hug		v.	拥抱
hug		n.	拥抱
importantly		adv.	重要地
indicating		v.	表明
indoor		adj.	室内的
influential		adj.	有影响力的
intend		v.	打算
intend		v.	想要
invisible		adj.	看不见的
jeans		n.	牛仔裤
jets		n.	喷气式飞机
jets		n.	喷射流
julie		n.	朱莉
karen		n.	凯伦
lasted		v.	持续
lawsuit		n.	诉讼
leak		v.	泄漏
leak		n.	泄漏
lighter		n.	打火机
lighter		adj.	更轻的
lucas		n.	卢卡斯
marcus		n.	马库斯
mentions		v.	提到
meter		n.	米
meter		n.	仪表
mice		n.	老鼠
mice		n.	鼠标
musicians		n.	音乐家
olive		n.	橄榄
passionate		adj.	热情的
potatoes		n.	土豆
prevented		v.	阻止
receiver		n.	接收器
receiver		n.	听筒
recommendation		n.	建议
riot		n.	暴动
rogers		n.	罗杰斯
roster		n.	名册
safer		adj.	更安全的
sells		v.	卖
sentenced		v.	判刑
servant		n.	仆人
setup		n.	设置
setup		n.	装置
skull		n.	头骨
slot		n.	槽
slot		n.	时段
smash		v.	打碎
smash		v.	猛扣
statue		n.	雕像
surprisingly		adv.	惊人地
surrender		v.	投降
surrender		v.	放弃
suspicious		adj.	可疑的
teenager		n.	青少年
tender		adj.	温柔的
tender		n.	投标
thoroughly		adv.	彻底地
todd		n.	托德
treatments		n.	治疗
treatments		n.	处理
vacuum		n.	真空
vacuum		n.	吸尘器
variations		n.	变化
wed		v.	结婚
wont		adj.	习惯于
acknowledged		v.	承认
advances		n.	进步
advances		v.	前进
agrees		v.	同意
agrees		v.	一致
allegations		n.	指控
anticipated		v.	预期
approve		v.	批准
approve		v.	赞成
architect		n.	建筑师
basin		n.	盆
beneficial		adj.	有益的
bleeding		n.	出血
bleeding		v.	流血
breed		v.	繁殖
breed		n.	品种
breeding		n.	繁殖
bride		n.	新娘
broadway		n.	百老汇
bros		n.	兄弟
bud		n.	芽
butler		n.	管家
careers		n.	职业
cartoon		n.	卡通
celebrities		n.	名人
chick		n.	小鸡
coke		n.	可乐
coke		n.	焦炭
comparable		adj.	可比较的
confirmation		n.	确认
console		n.	控制台
console		v.	安慰
contractor		n.	承包商
contributing		v.	贡献
diameter		n.	直径
dubai		n.	迪拜
dublin		n.	都柏林
dump		v.	倾倒
dump		n.	垃圾场
duo		n.	二重奏
dynamics		n.	动力学
elephant		n.	象
enhanced		adj.	增强的
essays		n.	文章
exhausted		adj.	精疲力竭的
fabric		n.	织物
fabulous		adj.	极好的
fairy		n.	仙子
fathers		n.	父亲
focuses		n.	焦点
fold		v.	折叠
freak		n.	怪人
frustrated		adj.	沮丧的
gambling		n.	赌博
gently		adv.	轻轻地
glorious		adj.	光荣的
grief		n.	悲痛
harrison		n.	哈里森
historically		adv.	历史上
hub		n.	中心
hughes		n.	休斯
inevitable		adj.	不可避免的
investigating		v.	调查
it'll		v.	将
labels		n.	标签
lacking		adj.	缺乏的
laughs		n.	笑
layout		n.	布局
lined		adj.	排成行的
lodge		n.	小屋
lords		n.	勋爵
merchant		n.	商人
merit		n.	优点
micro		n.	微型
myth		n.	神话
nintendo		n.	任天堂
objectives		n.	目标
obsessed		adj.	着迷的
organised		adj.	有组织的
overwhelming		adj.	压倒性的
pale		adj.	苍白的
particles		n.	粒子
pastor		n.	牧师
penalties		n.	处罚
permanently		adv.	永久地
pets		n.	宠物
pockets		n.	口袋
poison		n.	毒
predict		v.	预测
presenting		v.	展示
presidents		n.	总统
pressing		adj.	紧迫的
prints		n.	印刷品
provincial		adj.	省的
raped		v.	强奸
realised		v.	意识到
rebel		n.	反叛者
repairs		n.	修理
rotation		n.	旋转
separately		adv.	分别地
shaking		v.	摇晃
shaw		n.	肖
societies		n.	社会
solved		v.	解决
starring		v.	主演
struggles		v.	斗争
struggles		n.	斗争
subtle		adj.	微妙的
tastes		n.	味道
throws		v.	扔
toll		n.	通行费
tooth		n.	牙齿
torn		v.	撕裂
tragic		adj.	悲剧的
trainer		n.	教练
transformed		v.	转变
unbelievable		adj.	难以置信的
underneath		prep.	在下面
variation		n.	变化
viewing		n.	观看
viral		adj.	病毒的
warehouse		n.	仓库
wears		v.	穿
widow		n.	寡妇
wives		n.	妻子
adjust		v.	调整
administrator		n.	管理员
affecting		v.	影响
allied		adj.	结盟的
altogether		adv.	总共
animated		adj.	动画的
answering		v.	回答
assess		v.	评估
assumption		n.	假设
assured		adj.	确定的
austria		n.	奥地利
avoided		v.	避免
avoiding		v.	避免
basket		n.	篮子
beard		n.	胡须
bio		n.	简历
blanket		n.	毯子
brains		n.	大脑
bucket		n.	桶
burger		n.	汉堡包
capability		n.	能力
charming		adj.	迷人的
chiefs		n.	首领
commented		v.	评论
computing		n.	计算
concentrate		v.	集中
conducting		v.	进行
consequence		n.	后果
continent		n.	大陆
cookie		n.	饼干
cruz		n.	克鲁斯
curse		n.	诅咒
displays		n.	显示器
drain		v.	排水
emissions		n.	排放
ethical		adj.	道德的
excellence		n.	卓越
flame		n.	火焰
forests		n.	森林
freely		adv.	自由地
fruits		n.	水果
grabbed		v.	抓住
graduation		n.	毕业
he'd		pron.	他已
hint		n.	提示
horizon		n.	地平线
hostile		adj.	敌对的
imagined		v.	想象
inhabitants		n.	居民
ink		n.	墨水
inn		n.	小旅馆
intel		n.	英特尔
kicks		v.	踢
legends		n.	传说
lucy		n.	露西
magazines		n.	杂志
matrix		n.	矩阵
measuring		v.	测量
miserable		adj.	悲惨的
momentum		n.	势头
monkey		n.	猴子
montreal		n.	蒙特利尔
motorcycle		n.	摩托车
nationwide		adj.	全国的
nest		n.	巢
newcastle		n.	纽卡斯尔
nicely		adv.	好地
ninth		num.	第九
nomination		n.	提名
notable		adj.	显著的
obligation		n.	义务
optical		adj.	光的
outlook		n.	前景
penny		n.	分
petty		adj.	琐碎的
phd		n.	博士
ports		n.	港口
preserved		v.	保存
programmes		n.	节目
prospects		n.	前景
publishers		n.	出版商
quantity		n.	数量
quantum		n.	量子
rainbow		n.	彩虹
rebels		n.	叛乱者
recognised		v.	承认
reed		n.	芦苇
reign		n.	统治
responding		v.	回应
retained		v.	保留
rises		v.	上升
saves		v.	拯救
scan		v.	扫描
scare		v.	惊吓
sectors		n.	部门
shorts		n.	短裤
span		n.	跨度
specialized		adj.	专门的
spencer		n.	斯宾塞
submission		n.	提交
sunny		adj.	晴朗的
supporter		n.	支持者
testament		n.	证明
toe		n.	脚趾
tops		adv.	至多
tremendous		adj.	巨大的
valued		adj.	受重视的
wounds		n.	伤口
accommodation		n.	住处
achievements		n.	成就
addressing		v.	处理
adorable		adj.	可爱的
allegedly		adv.	据称
ambulance		n.	救护车
ashamed		adj.	羞愧的
assure		v.	保证
bailey		n.	贝利
ballot		n.	选票
batteries		n.	电池
blessing		n.	祝福
cemetery		n.	墓地
chambers		n.	房间
cheat		v.	欺骗
cheat		n.	骗子
cheer		v.	欢呼
cheer		n.	欢呼
chile		n.	智利
cigarette		n.	香烟
compact		adj.	紧凑的
compact		n.	契约
completing		v.	完成
consulting		n.	咨询
cooling		n.	冷却
corners		n.	角落
deficit		n.	赤字
demo		n.	演示
demon		n.	恶魔
demonstration		n.	示范
demonstration		n.	示威
detected		v.	检测
detection		n.	检测
doll		n.	玩偶
donated		v.	捐赠
elaborate		adj.	精心制作的
elaborate		v.	详述
elder		n.	长者
elder		adj.	年长的
encountered		v.	遭遇
expertise		n.	专业知识
exploring		v.	探索
fiber		n.	纤维
filmed		v.	拍摄
fried		adj.	油炸的
grocery		n.	食品杂货
guided		adj.	有指导的
guinea		n.	几内亚
halfway		adv.	在中途
happier		adj.	更幸福的
heels		n.	脚后跟
holmes		n.	福尔摩斯
hull		n.	船体
hull		n.	赫尔
independently		adv.	独立地
indication		n.	指示
insisted		v.	坚持
instances		n.	实例
intensive		adj.	强化的
interactive		adj.	交互的
intimate		adj.	亲密的
laundry		n.	洗衣店
laundry		n.	待洗的衣物
lifting		v.	举起
linda		n.	琳达
martial		adj.	军事的
nigerian		adj.	尼日利亚的
northeast		n.	东北
observe		v.	观察
packing		n.	包装
panels		n.	面板
password		n.	密码
pokemon		n.	宝可梦
politically		adv.	政治上
presumably		adv.	大概
priorities		n.	优先事项
pronounced		adj.	明显的
pronounced		v.	发音
prosecution		n.	起诉
proves		v.	证明
pulse		n.	脉搏
purchasing		n.	购买
qualities		n.	质量
queens		n.	王后
rational		adj.	理性的
realm		n.	领域
reforms		n.	改革
revenues		n.	收入
rides		n.	乘坐
rides		v.	骑
ripped		v.	撕
rope		n.	绳
shadows		n.	影子
shout		v.	喊
shout		n.	喊声
sierra		n.	塞拉
smartphone		n.	智能手机
specified		v.	指定
spectacular		adj.	壮观的
streak		n.	条纹
streak		n.	连续
subscription		n.	订阅
switching		v.	切换
technological		adj.	技术的
temporarily		adv.	暂时
tolerance		n.	容忍
tourists		n.	游客
traditionally		adv.	传统上
traveled		v.	旅行
treats		v.	对待
treats		n.	款待
unhappy		adj.	不快乐的
whites		n.	白人
accomplish		v.	完成
adequate		adj.	足够的
alter		v.	改变
apology		n.	道歉
arkansas		n.	阿肯色州
attributed		v.	归因于
beg		v.	乞求
belonging		n.	归属
booked		v.	预订
bout		n.	回合
bowling		n.	保龄球
brass		n.	黄铜
buzz		n.	嗡嗡声
buzz		n.	话题
clarke		n.	克拉克
comeback		n.	复出
cos		conj.	因为
crops		n.	庄稼
declare		v.	宣布
designers		n.	设计师
detect		v.	察觉
diagnosed		v.	诊断
diesel		n.	柴油
dimensions		n.	尺寸
dimensions		n.	维度
dip		v.	蘸
dip		n.	下降
disturbing		adj.	令人不安的
dot		n.	点
dresses		n.	连衣裙
dylan		n.	迪伦
effectiveness		n.	有效性
eliminated		v.	淘汰
ellen		n.	埃伦
exceptional		adj.	卓越的
filing		n.	归档
fled		v.	逃走
foul		adj.	恶劣的
frankly		adv.	坦率地
freezing		adj.	极冷的
graph		n.	图表
hack		v.	非法入侵
hannah		n.	汉娜
hatred		n.	憎恨
ignorant		adj.	无知的
influences		n.	影响
interact		v.	互动
judging		v.	判断
knights		n.	骑士
lamp		n.	灯
limitations		n.	限制
majesty		n.	陛下
measurement		n.	测量
measurements		n.	测量结果
median		n.	中位数
medieval		adj.	中世纪的
milan		n.	米兰
mobility		n.	流动性
montana		n.	蒙大拿州
murders		n.	谋杀
nyc		n.	纽约市
orientation		n.	方向
oven		n.	烤箱
owen		n.	欧文
passport		n.	护照
penis		n.	阴茎
pills		n.	药丸
planets		n.	行星
proceeds		n.	收益
rabbit		n.	兔子
raises		v.	提高
ranges		n.	范围
rats		n.	老鼠
retire		v.	退休
rhythm		n.	节奏
ruth		n.	露丝
savage		adj.	野蛮的
servers		n.	服务器
shook		v.	摇动
shooter		n.	射手
siblings		n.	兄弟姐妹
slim		adj.	苗条的
someday		adv.	将来某天
sophisticated		adj.	先进的
spam		n.	垃圾邮件
speeds		n.	速度
stack		n.	堆
stance		n.	立场
static		adj.	静止的
subway		n.	地铁
supportive		adj.	支持的
surgical		adj.	外科的
symbols		n.	符号
tablet		n.	药片
tablet		n.	平板电脑
tent		n.	帐篷
thesis		n.	论文
thesis		n.	论点
tide		n.	潮汐
travels		n.	旅行
travels		v.	旅行
wallace		n.	华莱士
warfare		n.	战争
warming		n.	变暖
weekends		n.	周末
withdraw		v.	撤回
withdraw		v.	取款
withdrawal		n.	撤回
withdrawal		n.	取款
youngest		adj.	最小的
aging		n.	老化
aging		v.	变老
airline		n.	航空公司
alternatives		n.	替代方案
anyways		adv.	不管怎样
argues		v.	争论
audit		n.	审计
audit		v.	审计
authentic		adj.	真正的
ave		n.	大街
backwards		adv.	向后
blonde		adj.	金发的
blows		v.	吹
bolt		n.	螺栓
bolt		n.	闪电
brooks		n.	布鲁克斯
bugs		n.	虫子
bugs		n.	漏洞
bust		v.	打破
bust		n.	半身像
clearing		n.	空地
clips		n.	夹子
collar		n.	衣领
collar		n.	项圈
columbus		n.	哥伦布
comply		v.	遵守
cope		v.	应对
counted		v.	数
crashed		v.	坠毁
creepy		adj.	令人毛骨悚然的
cum		prep.	连同
denmark		n.	丹麦
divorced		adj.	离婚的
donate		v.	捐赠
drawings		n.	图画
dried		adj.	干的
ebay		n.	易贝
echo		n.	回声
editors		n.	编辑
edwards		n.	爱德华兹
emotionally		adv.	情感上
enhance		v.	增强
experiencing		v.	经历
extending		v.	延伸
finale		n.	终场
flavor		n.	味道
floors		n.	地板
floors		n.	楼层
gloves		n.	手套
harper		n.	哈珀
hart		n.	哈特
ignorance		n.	无知
ignoring		v.	忽视
immigrant		n.	移民
induced		v.	引起
inspiring		adj.	鼓舞人心的
intermediate		adj.	中间的
invention		n.	发明
ip		n.	网际协议
jesse		n.	杰西
joins		v.	加入
jrpg		n.	日式角色扮演游戏
lasvegas		n.	拉斯维加斯
likewise		adv.	同样地
lineup		n.	阵容
logan		n.	洛根
magnificent		adj.	壮丽的
mathematical		adj.	数学的
meantime		n.	其间
nails		n.	钉子
nevada		n.	内华达州
newest		adj.	最新的
nonetheless		adv.	尽管如此
nut		n.	坚果
o'clock		adv.	点钟
opposing		adj.	相反的
origins		n.	起源
orlando		n.	奥兰多
physicians		n.	医生
pipeline		n.	管道
placement		n.	安置
planted		v.	种植
pricing		n.	定价
puerto		n.	波多黎各
questioning		v.	质疑
recreation		n.	娱乐
renewed		adj.	更新的
resigned		v.	辞职
shallow		adj.	浅的
shanghai		n.	上海
shitty		adj.	糟糕的
singh		n.	辛格
sins		n.	罪
sketch		n.	素描
smells		v.	闻起来
soda		n.	苏打水
spite		n.	恶意
sponsor		n.	赞助商
strengthen		v.	加强
strings		n.	字符串
sunset		n.	日落
taiwan		n.	台湾
thanksgiving		n.	感恩节
thermal		adj.	热的
trades		n.	贸易
transform		v.	转变
witnessed		v.	目击
workplace		n.	工作场所
yorkshire		n.	约克郡
achieving		v.	实现
aliens		n.	外星人
amsterdam		n.	阿姆斯特丹
analyst		n.	分析师
arabic		n.	阿拉伯语
arctic		adj.	北极的
assists		v.	协助
bennett		n.	贝内特
bristol		n.	布里斯托尔
burnt		v.	燃烧
buyer		n.	买方
calories		n.	卡路里
cannabis		n.	大麻
cease		v.	停止
championships		n.	锦标赛
chapel		n.	小教堂
cloth		n.	布
conferences		n.	会议
considers		v.	考虑
container		n.	容器
cowboys		n.	牛仔
crushed		v.	压碎
deployed		v.	部署
differ		v.	不同
dimensional		adj.	维度的
eager		adj.	渴望的
elect		v.	选举
elevated		adj.	升高的
essence		n.	本质
executives		n.	高管
flames		n.	火焰
fork		n.	叉子
fur		n.	毛皮
gps		n.	全球定位系统
harold		n.	哈罗德
harvest		v.	收获
headline		n.	标题
hudson		n.	哈德逊
hype		n.	炒作
identifying		v.	识别
impacts		n.	影响
insist		v.	坚持
junk		n.	垃圾
kenny		n.	肯尼
kidney		n.	肾
ladder		n.	梯子
lloyd		n.	劳埃德
lobby		n.	大堂
marc		n.	马克
mechanisms		n.	机制
mineral		n.	矿物
mob		n.	暴民
modest		adj.	谦虚的
motors		n.	发动机
navigation		n.	导航
nicholas		n.	尼古拉斯
ntfs		n.	NTFS文件系统
orbit		n.	轨道
paragraph		n.	段落
passive		adj.	被动的
passive		n.	被动语态
peninsula		n.	半岛
phillips		n.	菲利普斯
pill		n.	药丸
pork		n.	猪肉
portuguese		adj.	葡萄牙的
portuguese		n.	葡萄牙人
profitable		adj.	有利可图的
provinces		n.	省
ranch		n.	牧场
rays		n.	光线
reasonably		adv.	合理地
reject		v.	拒绝
remainder		n.	剩余部分
schemes		n.	计划
screens		n.	屏幕
seized		v.	夺取
semester		n.	学期
sentiment		n.	情绪
servants		n.	仆人
shipped		v.	装运
socks		n.	袜子
suited		adj.	适合的
supplement		n.	补充
supplement		v.	补充
surviving		adj.	幸存的
thereby		adv.	从而
threshold		n.	门槛
threshold		n.	阈值
tin		n.	锡
tin		n.	罐头
tires		n.	轮胎
tribal		adj.	部落的
tribes		n.	部落
trunk		n.	树干
trunk		n.	行李箱
uncertainty		n.	不确定性
vampire		n.	吸血鬼
varied		adj.	多样的
verdict		n.	判决
abandon		v.	放弃
accommodate		v.	容纳
accordingly		adv.	因此
aesthetic		adj.	审美的
algorithm		n.	算法
altered		v.	改变
anchor		n.	锚
angela		n.	安杰拉
arch		n.	拱
associations		n.	协会
audiences		n.	观众
axis		n.	轴
badge		n.	徽章
bernard		n.	伯纳德
bizarre		adj.	怪异的
bounce		v.	弹跳
broadcasting		n.	广播
bullets		n.	子弹
buses		n.	公共汽车
cannon		n.	大炮
carol		n.	颂歌
carriers		n.	承运人
chairs		n.	椅子
cleaned		v.	清洁
complexity		n.	复杂性
confusing		adj.	令人困惑的
consultation		n.	咨询
continental		adj.	大陆的
convenience		n.	便利
deliberately		adv.	故意地
diamonds		n.	钻石
diana		n.	戴安娜
dictionary		n.	词典
dignity		n.	尊严
dimension		n.	维度
disappointing		adj.	令人失望的
diving		n.	跳水
doug		n.	道格
duncan		n.	邓肯
ego		n.	自我
enthusiasm		n.	热情
environments		n.	环境
equation		n.	方程
extract		v.	提取
favorites		n.	最爱
ferry		n.	渡轮
fisher		n.	渔夫
flexibility		n.	灵活性
flowing		v.	流动
fridge		n.	冰箱
functioning		v.	运转
fusion		n.	融合
gauge		n.	仪表
goat		n.	山羊
graduates		n.	毕业生
gut		n.	肠道
heck		int.	哎呀
helmet		n.	头盔
holders		n.	持有者
ideology		n.	意识形态
idiots		n.	白痴
inclusion		n.	包含
initiatives		n.	倡议
initiatives		n.	措施
innings		n.	回合
insects		n.	昆虫
instructor		n.	教练
isolation		n.	隔离
justified		adj.	有正当理由的
keeper		n.	看守人
lamb		n.	羊羔
liar		n.	说谎者
machinery		n.	机械
mansion		n.	大厦
mega		adj.	巨大的
mercury		n.	水银
namely		adv.	即
nbc		n.	全国广播公司
needing		v.	需要
nerves		n.	神经
observations		n.	观察
ordering		v.	订购
palmer		n.	帕尔默
paths		n.	路径
peers		n.	同龄人
pending		adj.	未决的
platinum		n.	铂
possess		v.	拥有
praised		v.	赞扬
premises		n.	房屋
probability		n.	概率
questioned		v.	质疑
refuses		v.	拒绝
resignation		n.	辞职
rider		n.	骑手
ritual		n.	仪式
ruins		n.	废墟
shelf		n.	架子
slam		v.	猛击
stakes		n.	赌注
starter		n.	起动机
sticking		v.	粘
subscribe		v.	订阅
superman		n.	超人
surfaces		n.	表面
territories		n.	领土
tire		n.	轮胎
towers		n.	塔
transfers		v.	转移
utterly		adv.	完全地
voltage		n.	电压
warn		v.	警告
width		n.	宽度
workout		n.	锻炼
aa		n.	字母Aa
activated		adj.	激活的
adaptation		n.	适应
advisor		n.	顾问
aluminum		n.	铝
apartments		n.	公寓
attitudes		n.	态度
attorneys		n.	律师
bail		n.	保释
barriers		n.	障碍
belonged		v.	属于
bradley		n.	布拉德利
brandon		n.	布兰登
broader		adj.	更广泛的
buck		n.	美元
caroline		n.	卡罗琳
characterized		v.	描述特征
chiefexecutiveofficer		n.	首席执行官
civilization		n.	文明
congrats		int.	祝贺
contractors		n.	承包商
creativity		n.	创造力
dealers		n.	经销商
delicate		adj.	精致的
den		n.	兽穴
derek		n.	德里克
desires		n.	欲望
disappointment		n.	失望
disk		n.	磁盘
enters		v.	进入
evaluate		v.	评估
formally		adv.	正式地
frames		n.	框架
goddess		n.	女神
gov		n.	政府
hampshire		n.	汉普郡
harassment		n.	骚扰
hats		n.	帽子
hugh		n.	休
insert		v.	插入
joan		n.	琼
lebanon		n.	黎巴嫩
leeds		n.	利兹
leonard		n.	伦纳德
liquor		n.	酒
loser		n.	失败者
malcolm		n.	马尔科姆
massage		n.	按摩
matched		v.	匹配
milwaukee		n.	密尔沃基
musician		n.	音乐家
nato		n.	北约
nephew		n.	侄子
notably		adv.	尤其
orchestra		n.	管弦乐队
packages		n.	包裹
pad		n.	垫
pakistani		adj.	巴基斯坦的
participated		v.	参加
precision		n.	精确
preservation		n.	保存
priests		n.	牧师
privately		adv.	私下地
prizes		n.	奖
pulls		v.	拉
qualifying		v.	取得资格
reasoning		n.	推理
relaxed		adj.	放松的
reporters		n.	记者
roses		n.	玫瑰
rumors		n.	谣言
sail		v.	航行
salmon		n.	鲑鱼
secretly		adv.	秘密地
seller		n.	卖家
sheer		adj.	纯粹的
shifts		n.	轮班
simpson		n.	辛普森
smallest		adj.	最小的
specially		adv.	特别地
stark		adj.	完全的
struggled		v.	挣扎
sympathy		n.	同情
tan		n.	棕褐色
teenagers		n.	青少年
theoretical		adj.	理论的
thumb		n.	拇指
timber		n.	木材
transparent		adj.	透明的
travis		n.	特拉维斯
upside		n.	积极面
urged		v.	敦促
visitor		n.	访客
vitamin		n.	维生素
void		adj.	无效的
void		n.	空虚
voluntary		adj.	自愿的
wheat		n.	小麦
whip		v.	鞭打
whip		n.	鞭子
wipe		v.	擦
wolves		n.	狼
wrist		n.	手腕
zerotrust		n.	零信任
abused		v.	虐待
abused		adj.	受虐的
acute		adj.	严重的
admiral		n.	海军上将
amanda		n.	阿曼达
arnold		n.	阿诺德
arrange		v.	安排
arrange		v.	整理
banana		n.	香蕉
behave		v.	表现
betting		n.	打赌
blair		n.	布莱尔
borrow		v.	借
camping		n.	露营
capitol		n.	国会大厦
cctv		n.	中央电视台
celtic		n.	凯尔特人
chan		n.	Chan
chin		n.	下巴
chinacentraltelevision		n.	中国中央电视台
civic		adj.	市民的
clerk		n.	职员
conclusions		n.	结论
considerably		adv.	相当
contacted		v.	联系
cottage		n.	小屋
coup		n.	政变
criticized		v.	批评
crude		adj.	粗糙的
crude		adj.	天然的
dash		v.	猛冲
dash		n.	破折号
decreased		v.	减少
defended		v.	辩护
demons		n.	恶魔
deposits		n.	存款
disclosure		n.	披露
disposal		n.	处置
distinctive		adj.	独特的
documented		adj.	有记录的
donation		n.	捐款
dragged		v.	拖
encounters		n.	遭遇
ensuring		v.	确保
enterprises		n.	企业
escort		n.	护卫
exams		n.	考试
firmly		adv.	坚定地
flour		n.	面粉
geneva		n.	日内瓦
hindu		n.	印度教徒
holdings		n.	控股公司
indie		adj.	独立的
indirect		adj.	间接的
inspire		v.	激励
institutional		adj.	机构的
interim		adj.	临时的
interviewed		v.	面试
java		n.	Java语言
jefferson		n.	杰斐逊
jerk		n.	混蛋
karl		n.	卡尔
kindly		adv.	亲切地
kindness		n.	善意
locals		n.	当地人
lottery		n.	彩票
louise		n.	路易丝
magnitude		n.	规模
minus		prep.	减去
noting		v.	注意到
nude		adj.	裸体的
organs		n.	器官
outlet		n.	插座
outlets		n.	插座
parameters		n.	参数
pause		v.	暂停
pledge		n.	誓言
portal		n.	门户
prescription		n.	处方
protesters		n.	抗议者
proving		v.	证明
publicity		n.	宣传
punished		v.	惩罚
puppy		n.	小狗
recruitment		n.	招聘
screwed		adj.	搞砸的
shades		n.	色调
shakespeare		n.	莎士比亚
silicon		n.	硅
slice		n.	薄片
spelling		n.	拼写
spurs		n.	马刺
subscribers		n.	订阅者
surveys		n.	调查
survivor		n.	幸存者
telegraph		n.	电报
tits		n.	乳房
vaccine		n.	疫苗
vinyl		n.	乙烯基
westminster		n.	威斯敏斯特
wished		v.	希望
wonders		n.	奇迹
accurately		adv.	准确地
adelaide		n.	阿德莱德
affiliate		n.	分支机构
affiliate		v.	使隶属
alfred		n.	阿尔弗雷德
asylum		n.	庇护
asylum		n.	精神病院
barn		n.	谷仓
bent		adj.	弯曲的
bernie		n.	伯尼
brussels		n.	布鲁塞尔
cathedral		n.	大教堂
centered		adj.	居中的
clause		n.	条款
clause		n.	从句
cluster		n.	群
cluster		v.	聚集
complained		v.	抱怨
compounds		n.	化合物
consistency		n.	一致性
cracked		adj.	破裂的
cylinder		n.	圆柱
cylinder		n.	气缸
dancer		n.	舞者
deaf		adj.	聋的
debts		n.	债务
denial		n.	否认
digging		v.	挖掘
dock		n.	码头
dock		v.	靠岸
entrepreneur		n.	企业家
evident		adj.	明显的
expectation		n.	期待
expedition		n.	远征
expressing		v.	表达
extends		v.	延伸
facilitate		v.	促进
failures		n.	失败
feat		n.	壮举
fossil		n.	化石
founding		v.	创建
freight		n.	货运
generating		v.	产生
goddamn		adj.	该死的
guides		n.	指南
honesty		n.	诚实
inappropriate		adj.	不恰当的
infant		n.	婴儿
initiated		v.	发起
injection		n.	注射
instrumental		adj.	工具的
instrumental		n.	器乐曲
insult		n.	侮辱
interference		n.	干扰
interstate		adj.	州际的
julian		n.	朱利安
kong		n.	Kong
launching		v.	发射
liking		n.	喜爱
linux		n.	Linux
luis		n.	路易斯
mates		n.	伙伴
mediterranean		n.	地中海
neat		adj.	整洁的
negotiate		v.	谈判
nicole		n.	妮可
obligations		n.	义务
offset		n.	偏移
outbreak		n.	爆发
pal		n.	伙伴
palestine		n.	巴勒斯坦
perfection		n.	完美
pigs		n.	猪
pirates		n.	海盗
posters		n.	海报
practicing		v.	练习
praying		v.	祈祷
probe		n.	探测器
prohibited		adj.	被禁止的
projected		adj.	预计的
propose		v.	提议
quarterly		adj.	季度的
recipes		n.	食谱
recruiting		v.	招聘
refusing		v.	拒绝
rehabilitation		n.	康复
reid		n.	里德
remix		n.	混音版
resistant		adj.	抵抗的
reynolds		n.	雷诺兹
riders		n.	骑手
robots		n.	机器人
rockets		n.	火箭
roller		n.	滚筒
sailing		n.	帆船运动
shapes		n.	形状
skinny		adj.	皮包骨的
slipped		v.	滑倒
sneak		v.	偷偷溜
solving		v.	解决
sore		adj.	疼痛的
spark		n.	火花
speculation		n.	推测
steep		adj.	陡峭的
stevens		n.	史蒂文斯
straw		n.	稻草
successor		n.	继任者
targeting		v.	以…为目标
triggered		v.	触发
troubles		n.	麻烦
uncertain		adj.	不确定的
upload		v.	上传
usd		n.	美元
vector		n.	向量
violations		n.	违规
weigh		v.	称重
whatsoever		adv.	丝毫
wicked		adj.	邪恶的
abraham		n.	亚伯拉罕
absent		adj.	缺席的
acoustic		adj.	声学的
adapt		v.	适应
ancestors		n.	祖先
archive		n.	档案
atomic		adj.	原子的
bean		n.	豆
bicycle		n.	自行车
bryan		n.	布莱恩
bump		n.	碰撞
bump		v.	碰撞
buttons		n.	按钮
cart		n.	手推车
circus		n.	马戏团
claire		n.	克莱尔
cocaine		n.	可卡因
cohen		n.	科恩
colleague		n.	同事
compelling		adj.	令人信服的
compiled		v.	编译
complications		n.	并发症
construct		v.	建造
cord		n.	绳索
crowded		adj.	拥挤的
cyber		adj.	网络的
dale		n.	山谷
debates		n.	辩论
defendant		n.	被告
delays		n.	延误
dense		adj.	密集的
desperately		adv.	绝望地
doctrine		n.	主义
expose		v.	揭露
financially		adv.	财政上
freshman		n.	新生
furious		adj.	狂怒的
gameplay		n.	玩法
geography		n.	地理
gig		n.	演出
habitat		n.	栖息地
harbour		n.	港口
hazard		n.	危险
hydrogen		n.	氢
implies		v.	暗示
intact		adj.	完好无损的
intake		n.	摄入量
irrelevant		adj.	不相关的
jaw		n.	颌
kitty		n.	小猫
lauren		n.	劳伦
lawn		n.	草坪
lmao		int.	笑死
manufacture		v.	制造
martha		n.	玛莎
medals		n.	奖牌
mercedes		n.	梅赛德斯
mistaken		adj.	错误的
moses		n.	摩西
nashville		n.	纳什维尔
nebraska		n.	内布拉斯加州
needle		n.	针
organize		v.	组织
ottawa		n.	渥太华
oval		adj.	椭圆形的
pity		n.	遗憾
pond		n.	池塘
porter		n.	搬运工
porter		n.	门房
portions		n.	部分
portions		v.	分配
prey		n.	猎物
prey		v.	捕食
promax		n.	ProMax
prophet		n.	先知
raymond		n.	雷蒙德
recalled		v.	回忆
recalled		v.	召回
reduces		v.	减少
referendum		n.	公投
refugee		n.	难民
regulated		v.	管理
rounded		adj.	圆形的
rounded		v.	弄圆
ruby		n.	红宝石
ruby		n.	Ruby语言
rushed		v.	匆忙行事
sanders		n.	桑德斯
satisfy		v.	满足
scales		n.	秤
scales		n.	鳞
scales		v.	攀登
seasonal		adj.	季节性的
segments		n.	部分
sensible		adj.	明智的
sequel		n.	续集
shifted		v.	移动
shifted		v.	改变
shifting		v.	移动
shining		v.	发光
shining		adj.	光亮的
slower		adj.	更慢的
slower		adv.	更慢
spinning		v.	旋转
spinning		n.	纺纱
stanford		n.	斯坦福
stepping		v.	踏
touches		v.	触摸
touches		n.	触感
township		n.	镇区
travelled		v.	旅行
twisted		v.	扭曲
twisted		adj.	扭曲的
usb		n.	USB
vienna		n.	维也纳
wade		v.	涉水
whale		n.	鲸
writings		n.	作品
adc		n.	模数转换器
admire		v.	钦佩
amber		n.	琥珀
ankle		n.	脚踝
armor		n.	盔甲
autism		n.	自闭症
bachelor		n.	单身汉
bachelor		n.	学士
berry		n.	浆果
billions		num.	数十亿
brady		n.	布雷迪
brisbane		n.	布里斯班
bulls		n.	公牛
bulls		v.	强行
bullying		n.	欺凌
bullying		v.	欺负
capitalism		n.	资本主义
caution		n.	小心
caution		v.	警告
certification		n.	认证
characteristic		adj.	特有的
characteristic		n.	特征
clan		n.	氏族
clash		v.	冲突
clash		n.	冲突
columns		n.	柱
columns		n.	列
compatible		adj.	兼容
concerts		n.	音乐会
condemned		v.	谴责
configuration		n.	配置
continuously		adv.	连续地
convincing		adj.	有说服力的
coupled		v.	连接
curiosity		n.	好奇心
delight		n.	高兴
delight		v.	使高兴
determining		v.	确定
entities		n.	实体
exceptions		n.	例外
explosive		adj.	爆炸性的
flooding		n.	洪水
flooding		v.	淹没
fortunate		adj.	幸运的
fortunately		adv.	幸运地
foundations		n.	基础
frontier		n.	边界
frustrating		adj.	令人沮丧的
frustration		n.	挫折
geographic		adj.	地理的
glenn		n.	格伦
grande		n.	格兰德
grasp		v.	抓住
grasp		v.	理解
handy		adj.	方便的
hardcore		adj.	硬核的
harmful		adj.	有害的
headache		n.	头痛
hers		pron.	她的（东西）
hispanic		adj.	西班牙裔的
incentive		n.	激励
inclusive		adj.	包含的
infections		n.	感染
jackie		n.	杰基
joel		n.	乔尔
kissing		v.	接吻
lanes		n.	车道
licence		n.	许可证
lungs		n.	肺
madness		n.	疯狂
mandate		n.	授权
manga		n.	漫画
memorable		adj.	难忘的
merger		n.	合并
minorities		n.	少数群体
occurring		v.	发生
organizing		v.	组织
performs		v.	执行
ph		n.	pH值
poker		n.	扑克
portable		adj.	便携的
priced		v.	定价
quebec		n.	魁北克
randomly		adv.	随机地
rankings		n.	排名
realizing		v.	意识到
resign		v.	辞职
revealing		adj.	揭露的
revealing		v.	揭露
robbery		n.	抢劫
rub		v.	擦
rub		n.	摩擦
runners		n.	跑步者
sally		n.	出击
scattered		adj.	分散的
scout		n.	侦察员
searched		v.	搜索
sexuality		n.	性
shouting		v.	喊叫
slap		v.	拍打
steak		n.	牛排
succession		n.	连续
superintendent		n.	监督人
suspicion		n.	怀疑
sweep		v.	打扫
tactical		adj.	战术的
talents		n.	才能
therapist		n.	治疗师
thereafter		adv.	此后
thorough		adj.	彻底的
tuition		n.	学费
tumor		n.	肿瘤
variables		n.	变量
varying		v.	变化
wholesale		n.	批发
administered		v.	管理
affiliated		adj.	附属的
apples		n.	苹果
architectural		adj.	建筑的
artillery		n.	火炮
assembled		v.	组装
bangladesh		n.	孟加拉国
beaches		n.	海滩
bees		n.	蜜蜂
boarding		n.	登机
bothered		v.	打扰
canvas		n.	帆布
canyon		n.	峡谷
casey		n.	凯西
cheek		n.	脸颊
chen		n.	陈
cincinnati		n.	辛辛那提
circular		adj.	圆形的
circulation		n.	循环
clearance		n.	清除
closes		v.	关闭
coincidence		n.	巧合
commands		n.	命令
commissioned		v.	委托
concentrated		adj.	浓缩的
concentrated		v.	集中
conscience		n.	良心
coo		v.	咕咕叫
cooler		n.	冷却器
countless		adj.	无数的
curry		n.	咖喱
dame		n.	夫人
deceased		adj.	已故的
dedication		n.	奉献
defining		adj.	决定性的
detention		n.	拘留
disputes		n.	争议
drake		n.	公鸭
employ		v.	雇用
enforce		v.	执行
explicit		adj.	明确的
explicitly		adv.	明确地
eyed		adj.	有…眼睛的
florence		n.	佛罗伦萨
flu		n.	流感
forbidden		adj.	被禁止的
fraction		n.	分数
fraction		n.	小部分
infantry		n.	步兵
integral		adj.	必不可少的
investor		n.	投资者
janet		n.	珍妮特
judged		v.	判断
katie		n.	凯蒂
lectures		n.	讲座
lightly		adv.	轻轻地
linking		v.	连接
maintains		v.	维持
marble		n.	大理石
maritime		adj.	海事的
melt		v.	融化
modes		n.	模式
monica		n.	莫妮卡
mumbai		n.	孟买
nominee		n.	被提名者
oath		n.	誓言
offence		n.	犯罪
offence		n.	冒犯
packaging		n.	包装
patriots		n.	爱国者
pee		v.	小便
pillow		n.	枕头
pirate		n.	海盗
polar		adj.	极地的
prediction		n.	预测
preview		n.	预览
processed		adj.	加工过的
pursuing		v.	追求
puzzle		n.	谜题
rapper		n.	说唱歌手
rebecca		n.	丽贝卡
reconstruction		n.	重建
renowned		adj.	著名的
revelation		n.	启示
sara		n.	萨拉
scholar		n.	学者
sharks		n.	鲨鱼
shoots		v.	射击
skirt		n.	裙子
socially		adv.	社交上
spa		n.	水疗
spike		n.	尖钉
spike		v.	激增
sprint		v.	冲刺
sprint		n.	冲刺
stir		v.	搅拌
stir		v.	激起
stuffed		adj.	塞满的
substantially		adv.	大幅地
suburbs		n.	郊区
superb		adj.	极好的
supposedly		adv.	据说
tab		n.	标签页
tendency		n.	倾向
theirs		pron.	他们的
toast		n.	吐司
toast		v.	敬酒
toes		n.	脚趾
touchdown		n.	着陆
traits		n.	特征
trek		n.	跋涉
trek		v.	跋涉
tricky		adj.	棘手的
triumph		n.	胜利
triumph		v.	获胜
uber		prep.	超级
underwear		n.	内衣
unto		prep.	到
viable		adj.	可行的
waist		n.	腰
welcomed		v.	欢迎
wit		n.	机智
wreck		n.	残骸
wreck		v.	毁坏
absurd		adj.	荒谬的
accessories		n.	配件
adrian		n.	阿德里安
advocates		v.	提倡
advocates		n.	拥护者
ambitious		adj.	有雄心的
amid		prep.	在…之中
annoyed		adj.	恼怒的
appealing		adj.	有吸引力的
appointments		n.	预约
assumptions		n.	假设
ballet		n.	芭蕾
bargain		n.	便宜货
bargain		v.	讨价还价
binary		adj.	二进制的
binary		n.	二进制
blend		v.	混合
blend		n.	混合物
blogs		n.	博客
brake		n.	刹车
brake		v.	刹车
builds		v.	建造
businessman		n.	商人
cab		n.	出租车
chi		n.	气
col		n.	山口
collision		n.	碰撞
colombia		n.	哥伦比亚
compassion		n.	同情
consumed		v.	消耗
corrected		v.	改正
correction		n.	更正
cough		v.	咳嗽
cough		n.	咳嗽
cousins		n.	堂(表)兄弟姐妹
critic		n.	评论家
czech		adj.	捷克的
czech		n.	捷克语
defenders		n.	防御者
denying		v.	否认
depot		n.	仓库
distress		n.	痛苦
documentation		n.	文件
doubts		n.	怀疑
dramatically		adv.	显著地
drank		v.	喝
eats		v.	吃
elegant		adj.	优雅的
elevator		n.	电梯
ellis		n.	埃利斯
exchanges		n.	交换
excuses		n.	借口
execute		v.	执行
factories		n.	工厂
feast		n.	盛宴
finland		n.	芬兰
frederick		n.	弗雷德里克
frost		n.	霜
herald		n.	先驱
hike		v.	远足
hollow		adj.	空的
homeland		n.	祖国
imported		adj.	进口的
internationally		adv.	在国际上
iraqi		adj.	伊拉克的
itunes		n.	iTunes
kane		n.	凯恩
kissed		v.	吻
lame		adj.	跛的
licensing		n.	许可
lily		n.	百合
limiting		adj.	限制的
locker		n.	储物柜
mainland		n.	大陆
marking		n.	标记
meditation		n.	冥想
messenger		n.	信使
metals		n.	金属
missiles		n.	导弹
munich		n.	慕尼黑
norwegian		adj.	挪威的
pencil		n.	铅笔
philosophical		adj.	哲学的
pierre		n.	皮埃尔
pipes		n.	管道
plasma		n.	等离子体
plea		n.	恳求
punish		v.	惩罚
purse		n.	钱包
quarterback		n.	四分卫
reagan		n.	里根
relieved		adj.	放心的
replies		n.	回复
reservation		n.	预订
rhetoric		n.	修辞
rivals		n.	对手
rushing		v.	冲
salvation		n.	拯救
sanctions		n.	制裁
secular		adj.	世俗的
sensitivity		n.	敏感性
shane		n.	谢恩
sigh		v.	叹气
sigh		n.	叹气
sixteen		num.	十六
sovereign		n.	君主
sovereign		adj.	主权的
specifications		n.	规格
spends		v.	花费
spouse		n.	配偶
stat		adv.	立即
supervisor		n.	监督者
synthetic		adj.	合成的
teaches		v.	教
tense		adj.	紧张的
tense		n.	时态
toyota		n.	丰田
tracked		v.	跟踪
traders		n.	商人
troy		n.	特洛伊
varieties		n.	品种
vegan		n.	纯素食者
vegan		adj.	纯素的
waking		v.	醒来
walmart		n.	沃尔玛
wilderness		n.	荒野
admits		v.	承认
adviser		n.	顾问
aggregate		n.	总计
aggregate		v.	合计
anal		adj.	肛门的
anatomy		n.	解剖学
annie		n.	安妮
announces		v.	宣布
applicants		n.	申请人
automobile		n.	汽车
barnes		n.	巴恩斯
breasts		n.	乳房
cement		n.	水泥
chess		n.	国际象棋
citing		v.	引用
colonies		n.	殖民地
composite		adj.	复合的
consequently		adv.	因此
consist		v.	由组成
councils		n.	委员会
cox		n.	考克斯
curtis		n.	柯蒂斯
decorated		adj.	装饰过的
decorated		v.	装饰
delegates		n.	代表
dreaming		v.	做梦
dull		adj.	单调的
dull		adj.	钝的
enables		v.	使能够
fare		n.	车费
fashioned		adj.	……式的
feared		v.	害怕
feared		adj.	可怕的
float		v.	漂浮
generator		n.	发电机
grind		v.	磨
grinding		v.	磨碎
grove		n.	小树林
guessing		v.	猜测
gum		n.	口香糖
gum		n.	树胶
hobby		n.	爱好
hunters		n.	猎人
idol		n.	偶像
illusion		n.	幻觉
incorrect		adj.	错误的
junction		n.	交叉点
lance		n.	长矛
leap		v.	跳跃
leap		n.	跳跃
locate		v.	找到
locate		v.	位于
locks		n.	锁
locks		v.	锁上
lynch		v.	私刑处死
manages		v.	管理
manages		v.	设法做到
masses		n.	群众
masses		n.	质量
medicare		n.	医疗保险
modeling		n.	建模
modeling		v.	塑造
motive		n.	动机
nazis		n.	纳粹
neighbourhood		n.	街区
neighbourhood		n.	附近
networking		n.	社交
newer		adj.	更新的
newton		n.	牛顿
oppose		v.	反对
optimal		adj.	最佳的
overtime		n.	加班
overtime		adv.	加班地
packs		n.	包
packs		v.	打包
permits		v.	允许
permits		n.	许可证
postal		adj.	邮政的
predictions		n.	预测
prep		n.	预备
profound		adj.	深刻的
prosecutor		n.	检察官
rebellion		n.	叛乱
recipient		n.	接受者
refund		n.	退款
refund		v.	退款
remembering		v.	记得
rescued		v.	营救
risky		adj.	有风险的
robust		adj.	强健的
scam		n.	骗局
shareholders		n.	股东
sided		v.	支持
simulation		n.	模拟
sober		adj.	清醒的
spice		n.	香料
squeeze		v.	挤压
storms		n.	暴风雨
supervision		n.	监督
suspects		n.	嫌疑人
swap		v.	交换
swept		v.	扫
terrain		n.	地形
themed		adj.	主题的
threaten		v.	威胁
thrilled		adj.	兴奋的
towel		n.	毛巾
trio		n.	三重奏
tubes		n.	管子
unconscious		adj.	失去知觉的
varies		v.	变化
vegetable		n.	蔬菜
verified		adj.	经过验证的
vibe		n.	氛围
virtue		n.	美德
we'd		v.	会
wifi		n.	无线网络
wishing		v.	希望
workforce		n.	劳动力
zombie		n.	僵尸
acre		n.	英亩
airports		n.	机场
amen		int.	阿门
andrews		n.	安德鲁斯
arise		v.	出现
ashes		n.	灰烬
automotive		adj.	汽车的
battlefield		n.	战场
berkeley		n.	伯克利
bloom		v.	开花
bore		v.	使厌烦
bundle		n.	捆
butterfly		n.	蝴蝶
buys		v.	买
casualties		n.	伤亡人员
catches		v.	抓住
chad		n.	乍得
clown		n.	小丑
committees		n.	委员会
conjunction		n.	连词
costly		adj.	昂贵的
cows		n.	母牛
cries		v.	哭
cries		n.	喊叫声
cuban		adj.	古巴的
cycles		n.	循环
darker		adj.	更暗的
davies		n.	戴维斯
descent		n.	下降
desktop		n.	桌面
dial		v.	拨号
dial		n.	刻度盘
dial-up		n.	拨号上网
directory		n.	目录
disabilities		n.	残疾
discharge		v.	排出
discharge		n.	出院
discusses		v.	讨论
dodge		v.	躲避
downs		n.	丘陵草原
drilling		v.	钻孔
drums		n.	鼓
elimination		n.	淘汰
enjoys		v.	享受
espn		n.	ESPN
faq		n.	常见问题
frequentlyaskedquestion		n.	常见问题
ginger		n.	姜
governors		n.	州长
guild		n.	行会
halt		v.	停止
han		n.	汉
henderson		n.	亨德森
ibm		n.	国际商用机器公司
imaging		n.	成像
implied		adj.	暗示的
impress		v.	使印象深刻
inability		n.	无能
incoming		adj.	进来的
iphone		n.	苹果手机
isaac		n.	艾萨克
jar		n.	罐子
leicester		n.	莱斯特
liam		n.	利亚姆
litigation		n.	诉讼
mentor		n.	导师
merchandise		n.	商品
minerals		n.	矿物
miners		n.	矿工
monk		n.	僧侣
neighborhoods		n.	街区
noah		n.	诺亚
norm		n.	准则
obtaining		v.	获得
occupy		v.	占领
offended		v.	冒犯
orthodox		adj.	正统的
overhead		n.	开销
painter		n.	画家
perth		n.	珀斯
pierce		v.	刺穿
pistol		n.	手枪
printer		n.	打印机
prone		adj.	俯卧的
raiders		n.	袭击者
readily		adv.	容易地
reflecting		v.	反射
regiment		n.	团
remembers		v.	记得
reunion		n.	团聚
revival		n.	复兴
sanctuary		n.	避难所
satan		n.	撒旦
satisfying		adj.	令人满意的
seas		n.	海
securing		v.	确保
sensors		n.	传感器
seoul		n.	首尔
shells		n.	贝壳
siege		n.	围攻
sixty		num.	六十
sleeve		n.	袖子
sonic		adj.	音速的
soundtrack		n.	原声带
speeches		n.	演讲
spine		n.	脊柱
steering		n.	转向
substances		n.	物质
sullivan		n.	沙利文
sustain		v.	维持
tenure		n.	任期
texture		n.	质地
thankful		adj.	感激的
translate		v.	翻译
treasurer		n.	司库
triangle		n.	三角形
unclear		adj.	不清楚的
upgraded		v.	升级
venezuela		n.	委内瑞拉
venice		n.	威尼斯
vladimir		n.	弗拉基米尔
wizard		n.	男巫
yankees		n.	洋基队
absorbed		adj.	全神贯注的
admin		n.	管理员
affection		n.	喜爱
airplane		n.	飞机
altitude		n.	高度
apfs		n.	APFS
athens		n.	雅典
attributes		n.	属性
baked		adj.	烤的
baking		n.	烘烤
beautifully		adv.	美丽地
betty		n.	贝蒂
biblical		adj.	圣经的
bmw		n.	宝马
boo		int.	嘘
cardiff		n.	加的夫
collapsed		v.	倒塌
coloured		adj.	有色的
competent		adj.	胜任的
countryside		n.	乡村
cracking		n.	裂纹
crane		n.	起重机
debris		n.	碎片
delegation		n.	代表团
demographic		adj.	人口的
descriptions		n.	描述
donor		n.	捐赠者
easiest		adj.	最容易的
educate		v.	教育
enabling		v.	使能够
enrolled		v.	注册
enrollment		n.	注册
essex		n.	埃塞克斯
exceed		v.	超过
excluding		prep.	不包括
expressions		n.	表达
fierce		adj.	激烈的
gabriel		n.	加布里埃尔
garlic		n.	大蒜
gaza		n.	加沙
gratitude		n.	感激
hail		v.	招呼
heroin		n.	海洛因
honda		n.	本田
hooked		adj.	上瘾的
illustration		n.	插图
impose		v.	强制实行
indicator		n.	指示器
inequality		n.	不平等
interpreted		v.	解释
jamaica		n.	牙买加
joey		n.	幼兽
joshua		n.	约书亚
journals		n.	期刊
leisure		n.	闲暇
lend		v.	借出
lengths		n.	长度
leon		n.	莱昂
lounge		n.	休息室
luckily		adv.	幸运地
manuscript		n.	手稿
marco		n.	马可
marines		n.	海军陆战队
mint		n.	薄荷
mint		v.	铸造
molecules		n.	分子
montgomery		n.	蒙哥马利
na		n.	钠
notification		n.	通知
nova		n.	新星
oakland		n.	奥克兰
op		n.	操作
outline		n.	大纲
outline		v.	概述
pasta		n.	意大利面
pi		n.	圆周率
polite		adj.	有礼貌的
productions		n.	制作
professors		n.	教授
quicker		adj.	更快的
randy		adj.	好色的
receipt		n.	收据
recognise		v.	认出
reliability		n.	可靠性
researcher		n.	研究员
retailers		n.	零售商
reviewing		v.	审查
romans		n.	罗马人
runway		n.	跑道
runway		n.	天桥
sculpture		n.	雕塑
senses		n.	感觉
sensor		n.	传感器
seth		n.	塞特
sharon		n.	莎伦
showcase		n.	展示柜
showcase		v.	展示
smoked		adj.	烟熏的
subsidiary		n.	子公司
tampa		n.	坦帕
tenth		num.	第十
theology		n.	神学
topped		v.	加顶
trails		n.	小径
underwater		adj.	水下的
uploaded		v.	上传
velocity		n.	速度
venues		n.	场馆
wax		n.	蜡
wikipedia		n.	维基百科
winston		n.	温斯顿
accountability		n.	问责
aerial		adj.	空中的
aerial		n.	天线
albeit		conj.	尽管
alcoholic		adj.	酒精的
alcoholic		n.	酗酒者
amazed		adj.	惊讶的
ambition		n.	抱负
ammunition		n.	弹药
anthem		n.	国歌
architects		n.	建筑师
automated		adj.	自动化的
bake		v.	烤
batch		n.	批次
borrowed		v.	借
carson		n.	卡森
catalog		n.	目录
catalogue		n.	目录
charitable		adj.	慈善的
christine		n.	克里斯蒂娜
clicking		v.	点击
collector		n.	收藏家
compliment		n.	赞美
consisted		v.	由……组成
continually		adv.	不断地
coordinator		n.	协调员
damaging		adj.	有害的
danish		adj.	丹麦的
def		n.	定义
deployment		n.	部署
drafted		v.	起草
enjoyable		adj.	令人愉快的
exotic		adj.	异国情调的
exterior		n.	外观
feminine		adj.	女性化的
firearms		n.	枪械
fountain		n.	喷泉
fury		n.	狂怒
genocide		n.	种族灭绝
glance		n.	一瞥
glow		v.	发光
hay		n.	干草
headlines		n.	头条
hebrew		n.	希伯来语
hometown		n.	家乡
humanitarian		adj.	人道主义的
hungary		n.	匈牙利
idaho		n.	爱达荷州
immunity		n.	免疫力
implementing		v.	实施
inherited		v.	继承
killers		n.	凶手
labeled		v.	贴标签
liberation		n.	解放
likelihood		n.	可能性
lone		adj.	孤单的
massacre		n.	大屠杀
meme		n.	梗
mitch		n.	米奇
mod		n.	模组
nationalist		n.	民族主义者
nationals		n.	国民
necessity		n.	必要性
nickname		n.	昵称
nixon		n.	尼克松
observer		n.	观察者
offshore		adj.	近海的
optional		adj.	可选的
papa		n.	爸爸
parked		v.	停车
paste		v.	粘贴
pioneer		n.	先驱
plaza		n.	广场
prescribed		v.	开处方
pressures		n.	压力
prosperity		n.	繁荣
recreational		adj.	娱乐的
reds		n.	红色
refuge		n.	避难
religions		n.	宗教
renewable		adj.	可再生的
richardson		n.	理查德森
ricky		n.	里基
rode		v.	骑
ronald		n.	罗纳德
sack		n.	麻袋
settlements		n.	定居点
sheffield		n.	谢菲尔德
shortage		n.	短缺
skies		n.	天空
smarter		adj.	更聪明的
smiles		n.	微笑
sphere		n.	球
sponsors		n.	赞助商
stamps		n.	邮票
stare		v.	凝视
suburban		adj.	郊区的
sung		v.	唱
suppliers		n.	供应商
tablets		n.	药片
terribly		adv.	非常
territorial		adj.	领土的
thirds		n.	三分之一
thriller		n.	惊悚片
toss		v.	扔
transgender		adj.	跨性别的
troubled		adj.	困扰的
turtle		n.	龟
verbal		adj.	口头的
violated		v.	违反
vocals		n.	声乐
wool		n.	羊毛
yang		n.	阳
accountable		adj.	负有责任的
advocacy		n.	倡导
aftermath		n.	后果
aggression		n.	侵略
analyzed		v.	分析
angles		n.	角度
arguably		adv.	可论证地
armies		n.	军队
armstrong		n.	阿姆斯特朗
assessed		v.	评估
attractions		n.	景点
balloon		n.	气球
beers		n.	啤酒
bells		n.	钟
blamed		v.	责怪
blunt		adj.	直率的
boobs		n.	乳房
bosses		n.	老板
brakes		n.	刹车
brigade		n.	旅
bulgaria		n.	保加利亚
burial		n.	埋葬
canceled		v.	取消
cardinal		n.	红衣主教
cardinal		adj.	主要的
champ		n.	冠军
champagne		n.	香槟
chorus		n.	合唱
chrome		n.	铬
clarity		n.	清晰
classics		n.	古典作品
cleaner		n.	清洁工
combining		v.	结合
conclude		v.	结束
conclude		v.	推断
confidential		adj.	机密的
coordination		n.	协调
cracks		n.	裂缝
dancers		n.	舞者
delaware		n.	特拉华州
directing		v.	导演
discretion		n.	谨慎
discretion		n.	自由决定权
ditch		n.	沟渠
dome		n.	圆屋顶
drought		n.	干旱
ducks		n.	鸭子
dumped		v.	丢弃
elevation		n.	海拔
entrepreneurs		n.	企业家
esteem		n.	尊重
eva		n.	伊娃
explored		v.	探索
finances		n.	财务
finishes		v.	完成
fog		n.	雾
framed		v.	陷害
framed		v.	装框
fucks		v.	操
gesture		n.	手势
ghana		n.	加纳
gibson		n.	吉布森
gif		n.	GIF图像
gilbert		n.	吉尔伯特
gosh		int.	天哪
griffin		n.	狮鹫
hadn't		v.	没有
historian		n.	历史学家
horizontal		adj.	水平的
hospitality		n.	好客
hostage		n.	人质
hottest		adj.	最热的
individually		adv.	单独地
inevitably		adv.	不可避免地
jeffrey		n.	杰弗里
kenneth		n.	肯尼思
lad		n.	少年
lakers		n.	湖人队
lasts		v.	持续
leagues		n.	联盟
leagues		n.	里格
leslie		n.	莱斯利
listings		n.	列表
literacy		n.	识字
marriages		n.	婚姻
migrants		n.	移民
mins		n.	分钟
misleading		adj.	误导性的
moisture		n.	水分
monument		n.	纪念碑
mortality		n.	死亡率
notices		n.	通知
obsession		n.	痴迷
particle		n.	粒子
peanut		n.	花生
persistent		adj.	持续的
personalities		n.	人物
petroleum		n.	石油
pharmaceutical		adj.	制药的
progression		n.	进展
quinn		n.	奎因
rack		n.	架子
rebuild		v.	重建
recordings		n.	录音
rejection		n.	拒绝
relaxing		adj.	轻松的
reservoir		n.	水库
respects		n.	敬意
riley		n.	赖利
saudiarabia		n.	沙特阿拉伯
scrap		v.	废弃
sebastian		n.	塞巴斯蒂安
sensation		n.	感觉
shaft		n.	轴
shepherd		n.	牧羊人
shuttle		n.	航天飞机
slope		n.	斜坡
snack		n.	零食
sounding		n.	探测
specialists		n.	专家
spotlight		n.	聚光灯
stern		adj.	严厉的
stiff		adj.	僵硬的
sudan		n.	苏丹
sued		v.	起诉
sums		n.	金额
sworn		adj.	宣誓的
tel		n.	电话
terrific		adj.	极好的
titans		n.	巨人
tomatoes		n.	番茄
tory		n.	保守党党员
trafficking		n.	非法交易
transparency		n.	透明度
trinity		n.	三位一体
unemployed		adj.	失业的
unite		v.	团结
unlock		v.	解锁
vault		n.	金库
vet		n.	兽医
vince		n.	文斯
wagon		n.	四轮马车
walt		n.	沃尔特
withdrawn		v.	撤回
accessed		v.	访问
adverse		adj.	不利的
aiming		v.	瞄准
allah		n.	真主
alumni		n.	校友
ana		n.	安娜
awhile		adv.	片刻
aye		int.	是的
bastard		n.	私生子
behaviors		n.	行为
bikes		n.	自行车
biography		n.	传记
broker		n.	经纪人
browser		n.	浏览器
bury		v.	埋葬
cellular		adj.	细胞的
cocktail		n.	鸡尾酒
cod		n.	鳕鱼
conditioning		n.	调节
consuming		v.	消耗
contracted		v.	收缩
costumes		n.	服装
counseling		n.	咨询
crews		n.	全体船员
cubs		n.	幼兽
dangers		n.	危险
designing		v.	设计
destructive		adj.	破坏性的
develops		v.	发展
dislike		v.	不喜欢
doubled		v.	加倍
doubles		v.	加倍
economies		n.	经济
embedded		adj.	嵌入的
emerge		v.	出现
excluded		v.	排除
expects		v.	期待
farewell		n.	告别
feeds		v.	喂养
fist		n.	拳头
fond		adj.	喜爱的
foolish		adj.	愚蠢的
frog		n.	青蛙
fry		v.	油炸
garcia		n.	加西亚
gifted		adj.	有天赋的
hacking		n.	黑客行为
hawks		n.	鹰
heir		n.	继承人
highlighted		v.	强调
holocaust		n.	大屠杀
homer		n.	本垒打
hon		n.	亲爱的
hopkins		n.	霍普金斯
imprisonment		n.	监禁
indonesian		adj.	印度尼西亚的
indonesian		n.	印度尼西亚人
irs		n.	美国国税局
jenny		n.	珍妮
lacks		v.	缺乏
landlord		n.	房东
landmark		n.	地标
landmark		adj.	里程碑式的
launches		v.	发射
launches		n.	发射
leaning		n.	倾向
liable		adj.	有责任的
liable		adj.	易于……的
memphis		n.	孟菲斯
midst		n.	中间
misery		n.	痛苦
module		n.	模块
module		n.	舱
mommy		n.	妈妈
monroe		n.	梦露
mosque		n.	清真寺
moss		n.	苔藓
museums		n.	博物馆
mvp		n.	最有价值球员
nationalbasketballassociation		n.	美国职业篮球联赛
nursery		n.	托儿所
nursery		n.	苗圃
onion		n.	洋葱
perspectives		n.	视角
peru		n.	秘鲁
phrases		n.	短语
plague		n.	瘟疫
plague		v.	困扰
plains		n.	平原
positively		adv.	肯定地
positively		adv.	积极地
powell		n.	鲍威尔
prevents		v.	阻止
profiles		n.	简介
pursued		v.	追求
recruit		v.	招募
recruit		n.	新兵
resting		v.	休息
rex		n.	雷克斯
rogue		n.	流氓
rogue		adj.	流氓的
roosevelt		n.	罗斯福
salaries		n.	薪水
seated		adj.	就座的
sharply		adv.	急剧地
sharply		adv.	严厉地
shell		n.	壳
shell		n.	炮弹
shell		v.	去壳
showers		n.	淋浴
showers		n.	阵雨
sincerely		adv.	真诚地
sings		v.	唱歌
solidarity		n.	团结
specialty		n.	专业
specialty		n.	特产
supernatural		adj.	超自然的
surprises		n.	惊喜
they'd		pron.	他们
thirteen		num.	十三
tomb		n.	坟墓
touring		v.	巡回
traces		n.	痕迹
trademark		n.	商标
trademark		adj.	标志性的
trim		v.	修剪
trim		adj.	苗条的
trim		n.	装饰边
umbrella		n.	雨伞
utilities		n.	公用事业
utilities		n.	实用程序
voyage		n.	航行
weaker		adj.	较弱的
willie		n.	威利
yields		v.	产生
yields		n.	产量
abbey		n.	修道院
accepts		v.	接受
adjustment		n.	调整
adjustment		n.	适应
air-conditioning		n.	空调
andrea		n.	安德烈娅
assignments		n.	任务
attachment		n.	附件
baron		n.	男爵
beatles		n.	披头士
belfast		n.	贝尔法斯特
blah		int.	废话
bomber		n.	轰炸机
bunny		n.	兔子
candle		n.	蜡烛
carved		v.	雕刻
choir		n.	唱诗班
clutch		v.	抓住
coconut		n.	椰子
committing		v.	犯（罪）
comprising		v.	包括
confession		n.	忏悔
consume		v.	消耗
corridor		n.	走廊
credibility		n.	可信度
credited		v.	归功于
critically		adv.	批评地
dolphins		n.	海豚
estates		n.	地产
ferguson		n.	弗格森
ferrari		n.	法拉利
filters		n.	过滤器
fools		n.	傻瓜
fourteen		num.	十四
geometry		n.	几何
ghosts		n.	鬼
gossip		n.	八卦
gossip		v.	说闲话
grandparents		n.	祖父母
haul		v.	拖
haul		n.	一批赃物
header		n.	页眉
headphones		n.	耳机
highways		n.	公路
holly		n.	冬青
immense		adj.	巨大的
imports		n.	进口
imports		v.	进口
incentives		n.	激励
interfere		v.	干涉
interfere		v.	妨碍
internationalbusinessmachines		n.	国际商业机器公司
intersection		n.	交叉口
investigators		n.	调查员
juvenile		adj.	青少年的
karma		n.	业
knocking		v.	敲
kurt		n.	库尔特
leaks		n.	泄漏
leaks		v.	泄漏
leverage		n.	杠杆作用
leverage		v.	利用
lining		n.	衬里
luther		n.	路德
manila		n.	马尼拉
mankind		n.	人类
mapping		n.	绘图
masks		n.	面具
med		n.	医学
metric		adj.	公制的
militia		n.	民兵
naming		n.	命名
ncaa		n.	全美大学体育协会
nike		n.	耐克
node		n.	节点
obstacles		n.	障碍
opener		n.	开启工具
overwhelmed		adj.	不知所措的
performers		n.	表演者
pointless		adj.	无意义的
poles		n.	杆
preferences		n.	偏好
prompted		v.	促使
proximity		n.	接近
qualification		n.	资格
qualifications		n.	资格
ranger		n.	护林员
rendered		v.	使成为
rented		v.	租用
reversed		v.	颠倒
sadness		n.	悲伤
scenarios		n.	情景
selective		adj.	选择性的
seniors		n.	长者
shiny		adj.	闪亮的
socialism		n.	社会主义
sour		adj.	酸的
spoon		n.	匙
stretched		v.	伸展
sucking		v.	吸
teddy		n.	泰迪熊
tenants		n.	租户
terrace		n.	平台
thief		n.	贼
transported		v.	运输
tribunal		n.	法庭
undoubtedly		adv.	无疑地
uniforms		n.	制服
verify		v.	核实
whistle		n.	哨子
workshops		n.	车间
yale		n.	耶鲁大学
yearly		adj.	每年的
yemen		n.	也门
abusive		adj.	辱骂的
alley		n.	小巷
announcing		v.	宣布
appetite		n.	食欲
backyard		n.	后院
beth		n.	贝丝
beverly		n.	贝弗利
bids		v.	出价
billboard		n.	广告牌
blades		n.	刀刃
boris		n.	鲍里斯
bully		v.	欺负
burke		n.	伯克
cables		n.	电缆
calculate		v.	计算
calculations		n.	计算
chicks		n.	小鸡
chicks		n.	年轻女子
conceived		v.	设想
conceived		v.	怀孕
consult		v.	咨询
crashes		n.	坠毁
crashes		v.	崩溃
crowds		n.	人群
cunt		n.	女性阴部
damned		adj.	该死的
dissolved		v.	溶解
dissolved		v.	解散
distinguish		v.	区分
dominate		v.	支配
dynasty		n.	王朝
economist		n.	经济学家
ems		n.	快递
endorsed		v.	支持
endorsed		v.	背书
europeans		n.	欧洲人
examining		v.	检查
extensively		adv.	广泛地
fda		n.	食药监局
festivals		n.	节日
forehead		n.	额头
foreigners		n.	外国人
forgiveness		n.	宽恕
gem		n.	宝石
glen		n.	峡谷
graves		n.	坟墓
gregory		n.	格雷戈里
haunted		adj.	闹鬼的
hayes		n.	海斯
heather		n.	石楠花
hiking		n.	徒步旅行
hypothesis		n.	假设
illegally		adv.	非法地
illustrations		n.	插图
inclined		adj.	倾向于
informal		adj.	非正式的
jew		n.	犹太人
learnt		v.	学习
lending		v.	出借
lending		n.	放贷
marker		n.	记号笔
marsh		n.	沼泽
marshal		n.	元帅
maturity		n.	成熟
maya		n.	玛雅
messy		adj.	凌乱的
minneapolis		n.	明尼阿波利斯
molly		n.	莫莉
morrison		n.	莫里森
muhammad		n.	穆罕默德
neighboring		adj.	邻近的
neighbours		n.	邻居
ninja		n.	忍者
optimistic		adj.	乐观的
outlined		v.	概述
owl		n.	猫头鹰
parenting		n.	养育
peaks		n.	山峰
pharmacy		n.	药店
pools		n.	游泳池
pools		n.	联营
preparations		n.	准备
problematic		adj.	有问题的
proceeded		v.	继续
processor		n.	处理器
promotional		adj.	促销的
pros		n.	优点
prospective		adj.	预期的
psychiatric		adj.	精神病的
regulate		v.	调节
renaissance		n.	复兴
repeal		v.	废除
reuters		n.	路透社
roast		v.	烤
robertson		n.	罗伯逊
rubbish		n.	垃圾
saga		n.	传说
salon		n.	沙龙
seventeen		num.	十七
shields		n.	盾
sliding		adj.	滑动的
sodium		n.	钠
surplus		n.	盈余
swallow		v.	吞下
systematic		adj.	系统的
theaters		n.	剧院
transmitted		v.	传输
tuned		v.	调谐
unacceptable		adj.	不可接受的
unaware		adj.	不知道的
uncommon		adj.	罕见的
underway		adv.	进行中
unified		adj.	统一的
unstable		adj.	不稳定的
upstairs		adv.	楼上
vague		adj.	模糊的
wee		adj.	极小的
woo		v.	追求
zip		v.	拉上拉链
abs		n.	腹肌
abundance		n.	丰富
advancing		v.	前进
alberta		n.	艾伯塔
ant		n.	蚂蚁
antique		n.	古董
autonomy		n.	自治
baptist		n.	浸信会教徒
behavioral		adj.	行为的
biden		n.	拜登
booking		n.	预订
breeze		n.	微风
brett		n.	布雷特
browns		n.	褐色
canadians		n.	加拿大人
carnival		n.	狂欢节
commodity		n.	商品
congressman		n.	议员
containers		n.	集装箱
cooperative		adj.	合作的
coral		n.	珊瑚
correlation		n.	相关
correspondent		n.	通讯员
coupon		n.	优惠券
crosses		v.	交叉
crosses		n.	十字架
curtain		n.	窗帘
curves		n.	曲线
curves		v.	弯曲
defines		v.	定义
delivers		v.	递送
demonstrates		v.	演示
dentist		n.	牙医
dodgers		n.	躲避者
dough		n.	面团
dug		v.	挖
endangered		adj.	濒危的
envelope		n.	信封
exhibited		v.	展出
fade		v.	褪色
fade		v.	逐渐消失
fatigue		n.	疲劳
fellowship		n.	友谊
fictional		adj.	虚构的
fragile		adj.	易碎的
fringe		n.	边缘
fulfill		v.	履行
gaps		n.	缺口
granite		n.	花岗岩
greens		n.	蔬菜
handbook		n.	手册
hardy		adj.	耐寒的
honors		n.	荣誉
insights		n.	洞见
instinct		n.	本能
inviting		adj.	诱人的
irony		n.	讽刺
ivan		n.	伊万
joyce		n.	乔伊斯
judgement		n.	判断
judgement		n.	判决
judiciary		n.	司法
jumps		v.	跳跃
legion		n.	军团
lethal		adj.	致命的
lime		n.	酸橙
lively		adj.	活泼的
logistics		n.	物流
lowered		v.	降低
lynn		n.	琳
maid		n.	女仆
manning		v.	配备人员
manuel		n.	曼努埃尔
maple		n.	枫树
mickey		n.	米奇
microsofttodo		n.	微软待办
mistress		n.	情妇
monkeys		n.	猴子
morality		n.	道德
mortal		adj.	终有一死的
mounting		n.	支架
nonprofit		adj.	非营利的
oils		n.	油
operative		adj.	手术的
outs		n.	出局
owed		v.	欠
panama		n.	巴拿马
patches		n.	补丁
pickup		n.	拾起
portraits		n.	肖像
pouring		v.	倒
prestigious		adj.	有声望的
prompt		adj.	迅速的
prompt		v.	提示
quantities		n.	数量
radius		n.	半径
referee		n.	裁判
relay		n.	接力
relay		v.	转播
rig		n.	钻探平台
rig		v.	操纵
risen		v.	上升
rows		n.	排
sacramento		n.	萨克拉门托
scroll		v.	滚动
scroll		n.	卷轴
searches		v.	搜索
smiled		v.	微笑
snacks		n.	零食
snakes		n.	蛇
sovereignty		n.	主权
strips		n.	条
strips		v.	剥离
stunt		n.	特技
subjected		v.	使遭受
sucked		v.	吸
sunlight		n.	阳光
surf		n.	浪花
surf		v.	冲浪
symbolic		adj.	象征的
sync		v.	同步
taxpayer		n.	纳税人
tempted		adj.	受诱惑的
thrust		v.	推
thrust		n.	推力
trevor		n.	特雷弗
trilogy		n.	三部曲
weights		n.	重物
wheelchair		n.	轮椅
whore		n.	妓女
yahoo		n.	雅虎
yourselves		pron.	你们自己
accompanying		adj.	伴随的
acids		n.	酸
administrators		n.	管理员
aired		v.	播出
allowance		n.	津贴
andre		n.	安德烈
apologies		n.	道歉
arbitrary		adj.	任意的
atm		n.	自动取款机
autonomous		adj.	自主的
averaged		v.	平均
bait		n.	诱饵
bark		n.	树皮
bark		v.	吠
bets		n.	赌注
blogger		n.	博主
bra		n.	胸罩
brighton		n.	布莱顿
brotherhood		n.	兄弟情谊
buddhist		n.	佛教徒
builder		n.	建设者
cakes		n.	蛋糕
carriage		n.	四轮马车
celebrations		n.	庆祝
censorship		n.	审查制度
clarify		v.	澄清
climbed		v.	攀登
compilation		n.	汇编
composer		n.	作曲家
comprises		v.	包含
constitute		v.	构成
correspondence		n.	通信
cowboy		n.	牛仔
defendants		n.	被告
desirable		adj.	理想的
devastating		adj.	毁灭性的
diagram		n.	图表
dismiss		v.	解雇
editions		n.	版本
erected		v.	建造
explorer		n.	探险家
farther		adv.	更远
favorable		adj.	有利的
feminism		n.	女权主义
flaws		n.	缺陷
forums		n.	论坛
freed		v.	释放
galleries		n.	画廊
gasoline		n.	汽油
genesis		n.	起源
geographical		adj.	地理的
governed		v.	统治
governmental		adj.	政府的
halls		n.	大厅
handles		v.	处理
heavier		adj.	更重的
herbert		n.	赫伯特
hints		n.	提示
incomplete		adj.	不完全的
incorporate		v.	合并
interrupted		v.	中断
ivory		n.	象牙
kerry		n.	凯里
kirk		n.	柯克
lengthy		adj.	漫长的
levy		v.	征收
manipulation		n.	操纵
merchants		n.	商人
misses		v.	错过
mock		v.	嘲笑
necklace		n.	项链
niche		n.	利基
nina		n.	妮娜
obscure		adj.	模糊的
peterson		n.	彼得森
popped		v.	弹出
porch		n.	门廊
portrayed		v.	描绘
possessed		adj.	着魔的
princeton		n.	普林斯顿
proposition		n.	命题
railways		n.	铁路
readings		n.	读数
recession		n.	衰退
richards		n.	理查兹
rim		n.	边缘
seals		n.	海豹
secondly		adv.	其次
sequences		n.	序列
settling		v.	定居
sherman		n.	谢尔曼
spinal		adj.	脊柱的
spiral		adj.	螺旋的
spit		v.	吐
splash		v.	溅
stretching		v.	伸展
successive		adj.	连续的
superhero		n.	超级英雄
taxpayers		n.	纳税人
therapeutic		adj.	治疗的
threads		n.	线程
timely		adj.	及时的
tomato		n.	番茄
undergraduate		n.	本科生
undertaken		v.	从事
uranium		n.	铀
utter		v.	说出
vietnamese		n.	越南语
volleyball		n.	排球
walsh		n.	沃尔什
wires		n.	电线
yell		v.	喊叫
advertisement		n.	广告
analysts		n.	分析师
analyze		v.	分析
atmospheric		adj.	大气的
bangkok		n.	曼谷
batting		v.	击球
bitches		n.	母狗
bracket		n.	括号
branded		adj.	品牌的
bryant		n.	布莱恩特
cairo		n.	开罗
cardiac		adj.	心脏的
catholics		n.	天主教徒
commanding		v.	指挥
confirms		v.	确认
confronted		v.	面对
crashing		v.	坠毁
crawford		n.	克劳福德
creep		v.	爬行
daylight		n.	日光
dee		n.	Dee
devon		n.	Devon
disclose		v.	披露
doe		n.	母鹿
donna		n.	Donna
elbow		n.	肘
encourages		v.	鼓励
enthusiastic		adj.	热情的
envy		v.	嫉妒
envy		n.	嫉妒
establishments		n.	机构
exile		n.	流亡
exile		v.	流放
exploitation		n.	剥削
felix		n.	Felix
futures		n.	期货
gel		n.	凝胶
genetics		n.	遗传学
goose		n.	鹅
grill		v.	烧烤
grill		n.	烤架
grounded		adj.	踏实的
heel		n.	脚跟
heroic		adj.	英勇的
hut		n.	小屋
inmates		n.	囚犯
instructed		v.	指示
jenkins		n.	Jenkins
johns		n.	Johns
knives		n.	刀
louisville		n.	路易斯维尔
malaysian		adj.	马来西亚的
margins		n.	边缘
margins		n.	利润率
marina		n.	游艇码头
mat		n.	垫子
melissa		n.	Melissa
milton		n.	Milton
miranda		n.	Miranda
monopoly		n.	垄断
nash		n.	Nash
nationally		adv.	全国性地
nobel		n.	Nobel
norfolk		n.	Norfolk
outrage		n.	愤怒
outrage		v.	激怒
owning		v.	拥有
pains		n.	疼痛
paperwork		n.	文书工作
peer-to-peer		adj.	点对点的
pitched		v.	投掷
poets		n.	诗人
poisoning		n.	中毒
promptly		adv.	迅速地
rains		v.	下雨
recovering		v.	康复
renewal		n.	更新
repeating		v.	重复
rifles		n.	步枪
robbie		n.	Robbie
ruler		n.	统治者
ruler		n.	尺子
screams		v.	尖叫
sellers		n.	卖家
sights		n.	视力
sights		n.	景点
sincere		adj.	真诚的
skating		n.	滑冰
skiing		n.	滑雪
slaughter		n.	屠杀
slaughter		v.	屠杀
sperm		n.	精子
spill		v.	溢出
spill		n.	溢出
steadily		adv.	稳定地
stripped		v.	剥去
supplier		n.	供应商
swamp		n.	沼泽
swan		n.	天鹅
switches		n.	开关
switches		v.	转换
synthesis		n.	合成
tasty		adj.	美味的
tattoos		n.	纹身
testify		v.	作证
tolerate		v.	容忍
tournaments		n.	锦标赛
travelers		n.	旅行者
treason		n.	叛国罪
trustees		n.	受托人
typing		n.	打字
urine		n.	尿
vanilla		n.	香草
vermont		n.	佛蒙特
violet		n.	紫罗兰
violet		adj.	紫色的
weighing		v.	称重
wendy		n.	温迪
activation		n.	激活
afghan		n.	阿富汗人
afghan		adj.	阿富汗的
afterward		adv.	之后
agreeing		v.	同意
ahmed		n.	艾哈迈德
allocated		v.	分配
appealed		v.	呼吁
appealed		v.	上诉
applause		n.	掌声
bald		adj.	秃头的
barrels		n.	桶
boil		v.	煮沸
borough		n.	自治区
boyd		n.	博伊德
breakthrough		n.	突破
charities		n.	慈善机构
chinesebasketballassociation		n.	中国篮球协会
chooses		v.	选择
churchill		n.	丘吉尔
combinations		n.	组合
commenting		v.	评论
competitions		n.	比赛
cone		n.	圆锥
connects		v.	连接
convey		v.	传达
critique		n.	批评
curved		adj.	弯曲的
cyrus		n.	赛勒斯
decay		v.	腐烂
decay		n.	腐烂
declining		v.	下降
depressing		adj.	令人沮丧的
dessert		n.	甜点
destinations		n.	目的地
diagnostic		adj.	诊断的
diane		n.	黛安
differential		n.	差别
discourse		n.	话语
distances		n.	距离
dominance		n.	支配
donors		n.	捐赠者
downloaded		v.	下载
economically		adv.	经济上
entertain		v.	娱乐
evaluated		v.	评估
exploit		v.	利用
fireworks		n.	烟花
flown		v.	飞
floyd		n.	弗洛伊德
founders		n.	创始人
freeman		n.	自由民
gandhi		n.	甘地
gateway		n.	网关
guarantees		n.	保证
humidity		n.	湿度
humour		n.	幽默
imagery		n.	意象
imply		v.	暗示
indicators		n.	指标
inherent		adj.	固有的
inland		n.	内地
inning		n.	局
innocence		n.	清白
instagram		n.	照片墙
investigator		n.	调查员
isle		n.	小岛
ivy		n.	常春藤
justification		n.	理由
katherine		n.	凯瑟琳
lego		n.	乐高
licenses		n.	许可证
livestock		n.	牲畜
liz		n.	莉兹
mafia		n.	黑手党
manners		n.	礼貌
merry		adj.	愉快的
mick		n.	米克
missionary		n.	传教士
nationalism		n.	民族主义
naughty		adj.	调皮的
nepal		n.	尼泊尔
newman		n.	纽曼
notified		v.	通知
notorious		adj.	臭名昭著的
obey		v.	服从
olivia		n.	奥利维亚
organizational		adj.	组织的
outfits		n.	服装
outright		adj.	完全的
overly		adv.	过度
oversight		n.	疏忽
panthers		n.	豹
persian		adj.	波斯的
phases		n.	阶段
photographers		n.	摄影师
polling		n.	投票
prisons		n.	监狱
prototype		n.	原型
pumpkin		n.	南瓜
pumps		n.	泵
ramp		n.	坡道
rand		n.	兰特
reactor		n.	反应堆
reef		n.	礁
refined		adj.	精炼的
refreshing		adj.	清爽的
refusal		n.	拒绝
reinforced		adj.	加强的
remedies		n.	补救
reset		v.	重置
sage		n.	贤人
shave		v.	剃须
sickness		n.	疾病
simpler		adj.	更简单的
sinking		v.	下沉
slots		n.	槽
sorted		adj.	分类的
staged		adj.	分阶段的
startup		n.	初创公司
statute		n.	法令
stems		n.	茎
straightforward		adj.	直接的
strengths		n.	优势
suffers		v.	遭受
superstar		n.	超级明星
telecommunications		n.	电信
thieves		n.	小偷
thoughtful		adj.	体贴的
thru		prep.	通过
tissues		n.	组织
toddler		n.	幼儿
utilized		v.	利用
vicious		adj.	恶毒的
victories		n.	胜利
vikings		n.	维京人
vodka		n.	伏特加
wholly		adv.	完全地
zoom		v.	缩放
accidental		adj.	偶然的
accounted		v.	解释
addicted		adj.	上瘾的
adjustments		n.	调整
apollo		n.	阿波罗
archbishop		n.	大主教
assassination		n.	暗杀
athletics		n.	田径
basics		n.	基础
bats		n.	蝙蝠
bats		v.	（棒球）挥棒
belgian		adj.	比利时的
bibliography		n.	参考文献
bot		n.	机器人程序
broadly		adv.	广义上
calcium		n.	钙
calvin		n.	卡尔文
candles		n.	蜡烛
capita		n.	人均
certainty		n.	确定性
cheeks		n.	脸颊
chickens		n.	鸡
christina		n.	克里斯蒂娜
citation		n.	引文
citation		n.	传票
clues		n.	线索
collectively		adv.	集体地
commercials		n.	广告
commissions		n.	佣金
commissions		n.	委员会
compression		n.	压缩
comprised		v.	包含
confess		v.	坦白
confined		adj.	受限的
congregation		n.	会众
consolidated		adj.	合并的
coordinate		v.	协调
coordinate		n.	坐标
coordinates		n.	坐标
cube		n.	立方体
declaring		v.	宣布
decoration		n.	装饰
decree		n.	法令
definitions		n.	定义
deliberate		adj.	故意的
deliberate		v.	商议
despair		n.	绝望
discovering		v.	发现
dividend		n.	股息
dragging		v.	拖
drift		n.	漂流
dye		n.	染料
dye		v.	染色
eden		n.	伊甸
educators		n.	教育工作者
electron		n.	电子
endure		v.	忍受
endure		v.	持续
enzyme		n.	酶
epicgames		n.	游戏公司
evolutionary		adj.	进化的
exhibits		n.	展品
exhibits		v.	展示
extensions		n.	扩展
fellows		n.	同伴
fellows		n.	研究员
fragments		n.	碎片
fraser		n.	弗雷泽
fuels		n.	燃料
geological		adj.	地质的
globally		adv.	全球地
grams		n.	克
guru		n.	大师
hacked		v.	入侵
hans		n.	汉斯
hatch		v.	孵化
hatch		n.	舱口
hindi		n.	印地语
historians		n.	历史学家
hormone		n.	激素
inadequate		adj.	不足的
indianapolis		n.	印第安纳波利斯
infinity		n.	无穷
intentionally		adv.	故意地
joints		n.	关节
joints		n.	接合处
kilometers		n.	公里
labs		n.	实验室
lace		n.	蕾丝
libya		n.	利比亚
losers		n.	失败者
maiden		n.	少女
maiden		adj.	首次的
marching		v.	行进
marketplace		n.	市场
membrane		n.	膜
metallic		adj.	金属的
methodology		n.	方法论
microsoftoffice		n.	微软Office
modifications		n.	修改
monitors		n.	显示器
monitors		v.	监视
nap		n.	小睡
nickel		n.	镍
niece		n.	侄女
nominations		n.	提名
numbered		v.	编号
offerings		n.	供品
offerings		n.	产品
overlooked		v.	忽视
overlooked		v.	俯瞰
pardon		v.	原谅
pardon		n.	原谅
partnerships		n.	合伙
persuade		v.	说服
pier		n.	码头
poured		v.	倒
practiced		v.	练习
predecessor		n.	前任
premise		n.	前提
quiz		n.	测验
rainfall		n.	降雨
recipients		n.	接受者
reckless		adj.	鲁莽的
redemption		n.	救赎
relates		v.	有关
relied		v.	依赖
remedy		n.	补救办法
remedy		v.	补救
replay		v.	重放
replay		n.	重放
revision		n.	修订
rooted		adj.	根源的
scent		n.	气味
slate		n.	石板
spells		v.	拼写
spells		n.	咒语
stimulus		n.	刺激
strengthening		v.	加强
structured		adj.	结构化的
sunrise		n.	日出
surge		n.	激增
tagged		v.	标记
tags		n.	标签
tapes		n.	磁带
tee		n.	球座
testified		v.	作证
timothy		n.	蒂莫西
token		n.	代币
token		n.	标志
tornado		n.	龙卷风
tracy		n.	特蕾西
tunes		n.	曲调
tunes		v.	调音
tunnels		n.	隧道
twilight		n.	黄昏
unprecedented		adj.	前所未有的
vagina		n.	阴道
vcd		n.	光盘
verses		n.	诗节
vocabulary		n.	词汇
wellington		n.	惠灵顿
willingness		n.	意愿
woody		adj.	木质的
yacht		n.	游艇
z-library		n.	Z图书馆
aberdeen		n.	阿伯丁
absorb		v.	吸收
accompany		v.	陪同
accord		n.	协议
accord		v.	给予
advancement		n.	进步
albany		n.	奥尔巴尼
algorithms		n.	算法
alt		n.	Alt键
alternatively		adv.	或者
anglo		n.	盎格鲁
archer		n.	弓箭手
assurance		n.	保证
barber		n.	理发师
bash		v.	猛击
bash		n.	狂欢
battalion		n.	营
bidding		n.	投标
boycott		v.	抵制
bricks		n.	砖
bruno		n.	布鲁诺
buddies		n.	伙伴
bulgarian		n.	保加利亚语
carpenter		n.	木匠
ceased		v.	停止
chester		n.	切斯特
coding		n.	编码
competitor		n.	竞争者
counter-strike		n.	反恐精英
creators		n.	创作者
cuisine		n.	菜肴
detained		v.	拘留
dioxide		n.	二氧化物
dolls		n.	玩偶
doom		n.	厄运
dubbed		v.	配音
eclipse		n.	食
eighteen		num.	十八
eleanor		n.	埃莉诺
elephants		n.	象
enjoyment		n.	享受
exhaust		v.	耗尽
exhaust		n.	排气
expired		adj.	过期的
expired		v.	过期
flee		v.	逃跑
forbes		n.	福布斯
forwards		adv.	向前
fries		n.	薯条
fundraising		n.	筹款
gal		n.	姑娘
glimpse		n.	一瞥
glimpse		v.	瞥见
hawk		n.	鹰
hawk		v.	兜售
healthier		adj.	更健康的
homemade		adj.	自制的
honorable		adj.	可敬的
infectious		adj.	传染性的
inferior		adj.	较差的
injustice		n.	不公正
inquiries		n.	询问
insulin		n.	胰岛素
interpret		v.	口译
interpret		v.	解释
intro		n.	简介
jackets		n.	夹克
jill		n.	吉尔
kindle		v.	点燃
lid		n.	盖子
lindsay		n.	林赛
logs		n.	原木
logs		v.	记录
manor		n.	庄园
masterpiece		n.	杰作
melody		n.	旋律
memo		n.	备忘录
mic		n.	麦克风
mirrors		n.	镜子
mirrors		v.	反映
myanmar		n.	缅甸
narrator		n.	叙述者
nets		n.	网
obesity		n.	肥胖
partisan		n.	党派支持者
partisan		adj.	党派的
planting		v.	种植
pony		n.	小马
posed		v.	摆姿势
posed		v.	提出
possessions		n.	财产
privileged		adj.	有特权的
prolonged		adj.	持久的
promo		n.	促销
protestant		n.	新教徒
pumping		v.	泵送
pupil		n.	学生
pupil		n.	瞳孔
recruited		v.	招募
reliance		n.	依赖
relies		v.	依赖
reluctant		adj.	不情愿的
relying		v.	依赖
respiratory		adj.	呼吸的
retention		n.	保留
rewarded		v.	奖励
ribbon		n.	丝带
rochester		n.	罗切斯特
rodgers		n.	罗杰斯
roommate		n.	室友
rotten		adj.	腐烂的
sands		n.	沙滩
schedules		n.	日程
selecting		v.	选择
shawn		n.	肖恩
shotgun		n.	猎枪
singers		n.	歌手
sofa		n.	沙发
solomon		n.	所罗门
southampton		n.	南安普顿
spoil		v.	破坏
spoiled		adj.	被宠坏的
stephanie		n.	斯蒂芬妮
submarine		n.	潜艇
suburb		n.	郊区
surgeons		n.	外科医生
sympathetic		adj.	同情的
taxation		n.	征税
temper		n.	脾气
undergo		v.	经历
venus		n.	金星
weighed		v.	称重
acquiring		v.	获得
additions		n.	增加
aligned		v.	对齐
allan		n.	艾伦
altar		n.	祭坛
amp		n.	放大器
arrows		n.	箭
atlas		n.	地图集
austrian		adj.	奥地利的
automation		n.	自动化
awe		n.	敬畏
balancing		v.	平衡
banning		v.	禁止
bishops		n.	主教
boeing		n.	波音
broncos		n.	野马
builders		n.	建筑工人
burton		n.	伯顿
caesar		n.	凯撒
cans		n.	罐头
carroll		n.	卡罗尔
cavalry		n.	骑兵
clara		n.	克拉拉
coffin		n.	棺材
collectors		n.	收藏家
colorful		adj.	丰富多彩的
combo		n.	组合
communism		n.	共产主义
conductor		n.	指挥
confront		v.	面对
constraints		n.	限制
crow		n.	乌鸦
davidson		n.	戴维森
decisive		adj.	决定性的
decorative		adj.	装饰性的
definitive		adj.	权威的
disclosed		v.	披露
displaced		v.	使流离失所
disturbed		adj.	不安的
epidemic		n.	流行病
eternity		n.	永恒
eugene		n.	尤金
evolve		v.	进化
explode		v.	爆炸
extraction		n.	提取
fatty		adj.	肥胖的
filthy		adj.	肮脏的
fletcher		n.	弗莱彻
flush		v.	冲洗
font		n.	字体
freestyle		n.	自由式
glue		n.	胶水
hairy		adj.	多毛的
homicide		n.	杀人
horns		n.	角
ie		n.	即
inheritance		n.	继承
inheritance		n.	遗产
introduces		v.	介绍
ironic		adj.	讽刺的
lacked		v.	缺乏
luggage		n.	行李
lyon		n.	里昂
madame		n.	夫人
maggie		n.	玛吉
marion		n.	玛丽昂
mel		n.	梅尔
melting		v.	融化
messaging		n.	消息传递
microwave		n.	微波炉
midwest		n.	中西部
minimize		v.	最小化
morocco		n.	摩洛哥
natalie		n.	娜塔莉
nlp		n.	自然语言处理
organisms		n.	生物
originated		v.	起源
ounce		n.	盎司
pablo		n.	巴勃罗
peel		v.	削皮
pensions		n.	养老金
performer		n.	表演者
picnic		n.	野餐
pins		n.	别针
practitioners		n.	从业者
predominantly		adv.	主要地
primitive		adj.	原始的
providence		n.	天意
psychic		adj.	通灵的
psychologist		n.	心理学家
puppet		n.	木偶
reproductive		adj.	生殖的
requesting		v.	请求
responds		v.	回应
restrict		v.	限制
retiring		adj.	退休的
retrieved		v.	检索
ribs		n.	肋骨
righteous		adj.	正直的
rosa		n.	罗莎
royalty		n.	王室
royalty		n.	版税
sandra		n.	桑德拉
sausage		n.	香肠
seize		v.	抓住
seize		v.	夺取
sim		n.	SIM卡
skeleton		n.	骨架
skeleton		n.	纲要
spicy		adj.	辣的
sticky		adj.	黏的
sting		v.	刺
sting		n.	叮咬
sufficiently		adv.	足够地
tick		n.	勾号
tick		v.	打勾
traced		v.	追踪
trent		n.	特伦特
trusts		n.	信托
trusts		v.	信任
tutorial		n.	教程
twentieth		num.	第二十
unpleasant		adj.	不愉快的
unrelated		adj.	无关的
ussr		n.	苏联
vacant		adj.	空的
vent		n.	通风口
vent		v.	发泄
vicinity		n.	附近
wan		adj.	苍白的
wandering		v.	漫游
wardrobe		n.	衣柜
warmth		n.	温暖
weaknesses		n.	弱点
wines		n.	葡萄酒
wired		adj.	联网的
amendments		n.	修正
analyses		n.	分析
asses		n.	驴
assessments		n.	评估
assisting		v.	协助
aws		n.	AWS
axe		n.	斧头
backgrounds		n.	背景
baldwin		n.	鲍德温
belle		n.	美女
bites		v.	咬
bites		n.	咬伤
bombers		n.	轰炸机
bonuses		n.	奖金
bred		v.	繁殖
bubbles		n.	气泡
buddha		n.	佛陀
bulletin		n.	公告
capitalist		n.	资本家
capitalist		adj.	资本主义的
cautious		adj.	谨慎的
clinics		n.	诊所
commitments		n.	承诺
companions		n.	同伴
comparisons		n.	比较
cooperate		v.	合作
coordinated		v.	协调
coordinated		adj.	协调的
copied		v.	复制
counselor		n.	顾问
curb		v.	抑制
curb		n.	路缘
dances		n.	舞蹈
dances		v.	跳舞
darren		n.	达伦
deeds		n.	行为
destined		adj.	注定的
detached		adj.	分离的
devils		n.	魔鬼
discounts		n.	折扣
distribute		v.	分发
dong		n.	盾（越南货币）
edgar		n.	埃德加
efficiently		adv.	高效地
eliminating		v.	消除
elliott		n.	埃利奥特
encouragement		n.	鼓励
enforced		v.	强制执行
evan		n.	埃文
explosives		n.	炸药
faction		n.	派系
feathers		n.	羽毛
fixtures		n.	固定装置
flooded		v.	淹没
fuller		adj.	更满的
gamble		v.	赌博
goalkeeper		n.	守门员
grandchildren		n.	孙辈
guardians		n.	监护人
harmless		adj.	无害的
hearings		n.	听证会
hesitate		v.	犹豫
hid		v.	隐藏
hips		n.	臀部
hopeful		adj.	充满希望的
horny		adj.	性欲亢进的
hungarian		adj.	匈牙利的
hygiene		n.	卫生
iceland		n.	冰岛
imaginary		adj.	想象的
inconsistent		adj.	不一致的
jared		n.	贾里德
johnston		n.	约翰斯顿
judy		n.	朱迪
kindergarten		n.	幼儿园
latino		n.	拉丁裔
lopez		n.	洛佩斯
mechanic		n.	机械师
megan		n.	梅根
modify		v.	修改
neglect		v.	忽视
northwestern		adj.	西北的
offenders		n.	违法者
oppression		n.	压迫
patriotic		adj.	爱国的
phillip		n.	菲利普
pictured		v.	描绘
pitcher		n.	投手
playground		n.	游乐场
populated		v.	居住于
poses		v.	摆姿势
positioned		v.	定位
prejudice		n.	偏见
preston		n.	普雷斯顿
probable		adj.	很可能的
probation		n.	试用期
projection		n.	投影
promotes		v.	促进
pumped		v.	用泵抽送
rails		n.	栏杆
random-accessmemory		n.	随机存取存储器
raven		n.	渡鸦
receptor		n.	受体
rehab		n.	康复治疗
remake		n.	翻拍
rendering		n.	渲染
reproduction		n.	繁殖
res		n.	保留
reservations		n.	预订
rhode		n.	罗德岛
shrimp		n.	虾
similarities		n.	相似之处
skins		n.	皮肤
slopes		n.	斜坡
spelled		v.	拼写
spokesman		n.	发言人
springfield		n.	斯普林菲尔德
stained		v.	染色
stall		n.	摊位
strap		n.	带子
subjective		adj.	主观的
surround		v.	包围
surroundings		n.	环境
sweeping		v.	清扫
swinging		v.	摆动
traumatic		adj.	创伤的
trillion		num.	万亿
tucker		n.	塔克
vatican		n.	梵蒂冈
vendor		n.	小贩
watts		n.	瓦特
abbott		n.	阿博特
aboriginal		adj.	土著的
academics		n.	学者
adopting		v.	采用
alignment		n.	对齐
allergic		adj.	过敏的
allison		n.	艾莉森
amended		v.	修改
apparatus		n.	设备
assumes		v.	假定
backpack		n.	背包
balcony		n.	阳台
banker		n.	银行家
bliss		n.	极乐
bodily		adj.	身体的
buffer		n.	缓冲
calgary		n.	卡尔加里
chapman		n.	查普曼
chopped		v.	切
collaborative		adj.	合作的
commenced		v.	开始
compensate		v.	补偿
compromised		adj.	妥协的
constructive		adj.	建设性的
conventions		n.	惯例
cosmic		adj.	宇宙的
crystals		n.	水晶
daisy		n.	雏菊
definite		adj.	确定的
demonstrations		n.	示威
demonstrations		n.	演示
departed		v.	离开
departed		adj.	已故的
depths		n.	深处
developmental		adj.	发展的
disco		n.	迪斯科
dom		n.	先生
dorothy		n.	多萝西
doses		n.	剂量
drawer		n.	抽屉
durham		n.	达勒姆
ecological		adj.	生态的
ecosystem		n.	生态系统
elvis		n.	埃尔维斯
euros		n.	欧元
exclude		v.	排除
exempt		adj.	免除的
exempt		v.	免除
exposing		v.	暴露
faint		adj.	微弱的
faint		v.	晕倒
fertility		n.	生育力
fines		n.	罚款
finn		n.	芬兰人
floods		n.	洪水
floods		v.	淹没
flynn		n.	弗林
foam		n.	泡沫
folded		v.	折叠
foremost		adj.	首要的
foremost		adv.	首先
forge		v.	锻造
forge		v.	伪造
greenhouse		n.	温室
hears		v.	听见
hierarchy		n.	等级制度
ideals		n.	理想
identities		n.	身份
installations		n.	设施
invalid		adj.	无效的
jade		n.	玉
jointly		adv.	共同地
kits		n.	成套工具
lancaster		n.	兰开斯特
lightweight		adj.	轻便的
lowering		v.	降低
melted		v.	融化
metabolism		n.	新陈代谢
microsoftaccess		n.	微软Access
neglected		v.	忽视
negotiated		v.	谈判
negotiating		v.	谈判
negotiation		n.	谈判
newborn		n.	新生儿
newborn		adj.	新生的
newport		n.	纽波特
nodes		n.	节点
notch		n.	槽口
omega		n.	欧米伽
onions		n.	洋葱
packers		n.	包装工
paired		adj.	成对的
parental		adj.	父母的
parody		n.	戏仿
parole		n.	假释
participant		n.	参与者
penguin		n.	企鹅
phantom		n.	幽灵
pitt		n.	皮特
precedent		n.	先例
prevalent		adj.	流行的
prom		n.	舞会
promotions		n.	促销
python		n.	蟒蛇
qatar		n.	卡塔尔
questionable		adj.	可疑的
queue		n.	队列
regrets		v.	后悔
render		v.	使成为
respondents		n.	受访者
retaining		v.	保留
romania		n.	罗马尼亚
sailor		n.	水手
seventy		num.	七十
shouted		v.	喊叫
simmons		n.	西蒙斯
sims		n.	模拟人生
slides		n.	幻灯片
sociology		n.	社会学
somerset		n.	萨默塞特
specify		v.	指定
splitting		v.	分裂
stab		v.	刺
supermarket		n.	超市
sweater		n.	毛衣
tenant		n.	租户
tensions		n.	紧张
thomson		n.	汤姆森
tortured		v.	拷打
traction		n.	牵引
tractor		n.	拖拉机
trout		n.	鳟鱼
turnover		n.	营业额
uganda		n.	乌干达
unwanted		adj.	不需要的
upgrades		n.	升级
variant		n.	变种
vegetarian		n.	素食者
vernon		n.	弗农
visibility		n.	能见度
warnings		n.	警告
wherein		conj.	其中
whiskey		n.	威士忌
worms		n.	蠕虫
wyoming		n.	怀俄明州
abundant		adj.	丰富的
alexandria		n.	亚历山大
algebra		n.	代数
analytics		n.	分析
antenna		n.	天线
attribute		v.	归因于
attribute		n.	属性
audition		n.	试镜
bankers		n.	银行家
biting		adj.	刺骨的
branding		n.	品牌塑造
bravo		int.	好极了
busted		adj.	被捕的
cardinals		n.	红衣主教
carrie		n.	卡丽
certificates		n.	证书
charleston		n.	查尔斯顿
chatting		v.	聊天
chop		v.	砍
circuits		n.	电路
clifford		n.	克利福德
cody		n.	科迪
coleman		n.	科尔曼
commanded		v.	命令
commissioners		n.	专员
communicating		v.	交流
comparative		adj.	比较的
complement		n.	补充
connor		n.	康纳
conquer		v.	征服
conquest		n.	征服
contested		adj.	有争议的
continuity		n.	连续性
cornwall		n.	康沃尔
cpu		n.	中央处理器
crawl		v.	爬
credible		adj.	可信的
cursed		adj.	被诅咒的
deepest		adj.	最深的
defects		n.	缺陷
delightful		adj.	令人愉快的
depicted		v.	描绘
determines		v.	决定
digit		n.	数字
dinosaur		n.	恐龙
dns		n.	域名系统
doomed		adj.	注定失败的
drainage		n.	排水
drowning		v.	溺水
equations		n.	方程
evolving		v.	演变
exploded		v.	爆炸
fairness		n.	公平
favored		adj.	受青睐的
felony		n.	重罪
flats		n.	公寓
flint		n.	燧石
floral		adj.	花的
fortress		n.	要塞
fulfilled		v.	履行
fundamentally		adv.	根本上
guts		n.	内脏
hammond		n.	哈蒙德
hearted		n.	心
herb		n.	香草
herd		n.	兽群
husbands		n.	丈夫
ideological		adj.	意识形态的
immortal		adj.	不朽的
incumbent		adj.	现任的
insider		n.	内部人士
insufficient		adj.	不足的
interval		n.	间隔
jelly		n.	果冻
kanye		n.	坎耶
kilometres		n.	千米
lenses		n.	镜头
lick		v.	舔
literal		adj.	字面的
lunar		adj.	月亮的
maternal		adj.	母亲的
matthews		n.	马修斯
maxwell		n.	麦克斯韦
mccain		n.	麦凯恩
mcdonald		n.	麦当劳
medicines		n.	药
memoir		n.	回忆录
miguel		n.	米格尔
modification		n.	修改
mold		n.	霉菌
napoleon		n.	拿破仑
neighbouring		adj.	邻近的
nigel		n.	奈杰尔
objection		n.	反对
obliged		adj.	感激的
observers		n.	观察者
occurrence		n.	发生
offspring		n.	后代
outrageous		adj.	骇人的
packet		n.	小包
pads		n.	垫
patents		n.	专利
pathway		n.	小路
peach		n.	桃
plots		n.	阴谋
polo		n.	马球
presenter		n.	主持人
proclaimed		v.	宣告
prohibition		n.	禁令
prop		n.	道具
recognizing		v.	认出
recommends		v.	推荐
registry		n.	登记处
relieve		v.	缓解
remarkably		adv.	显著地
repaired		adj.	修好的
rotating		v.	旋转
sanchez		n.	桑切斯
sandwiches		n.	三明治
satellites		n.	卫星
scar		n.	伤疤
scouts		n.	侦察员
scripture		n.	经文
seating		n.	座位
seminar		n.	研讨会
shores		n.	岸
silva		n.	森林
simplicity		n.	简单
softly		adv.	轻柔地
specimens		n.	标本
starbucks		n.	星巴克
stereo		n.	立体声
supplements		n.	补充物
surrey		n.	萨里
sustainability		n.	可持续性
symphony		n.	交响乐
textbook		n.	教科书
theological		adj.	神学的
trader		n.	商人
undercover		adj.	秘密的
valentine		n.	情人
vegetation		n.	植被
vein		n.	静脉
velvet		n.	天鹅绒
vendors		n.	小贩
viewer		n.	观看者
webb		n.	韦布
welcoming		v.	欢迎
welcoming		adj.	热情的
whales		n.	鲸
wheeler		n.	惠勒
worm		n.	虫
accountant		n.	会计
activate		v.	激活
admissions		n.	录取
alison		n.	艾莉森
amusing		adj.	有趣的
aosp		n.	AOSP
arabs		n.	阿拉伯人
beams		n.	梁
behold		v.	看
biased		adj.	有偏见的
bloggers		n.	博主
brewing		v.	酿造
brooke		n.	布鲁克
bypass		n.	旁路
calculation		n.	计算
cancellation		n.	取消
cane		n.	手杖
capturing		v.	捕获
catalyst		n.	催化剂
cedar		n.	雪松
celebrates		v.	庆祝
claude		n.	克劳德
concentrations		n.	浓度
concludes		v.	结束
corpse		n.	尸体
crab		v.	发牢骚
cruelty		n.	残忍
darwin		n.	达尔文
dawson		n.	道森
decorations		n.	装饰
dementia		n.	痴呆
demonstrating		v.	演示
designation		n.	指定
dice		n.	骰子
diploma		n.	文凭
disasters		n.	灾难
discharged		v.	释放
dispatch		v.	派遣
disputed		adj.	有争议的
dots		n.	点
economists		n.	经济学家
elders		n.	长者
exceeded		v.	超过
explanations		n.	解释
extinction		n.	灭绝
foil		n.	箔
formats		n.	格式
freddie		n.	弗雷迪
gardner		n.	加德纳
geology		n.	地质学
gerald		n.	杰拉尔德
graduating		v.	毕业
gram		n.	克
greene		n.	格林
heath		n.	荒野
heavenly		adj.	天堂的
hormones		n.	激素
hugo		n.	雨果
infants		n.	婴儿
insect		n.	昆虫
iris		n.	鸢尾
iris		n.	虹膜
issuing		v.	发行
lifts		n.	电梯
lifts		v.	举起
liquidglass		n.	液态玻璃
locking		v.	锁
logging		n.	伐木
maurice		n.	莫里斯
medications		n.	药物
metre		n.	米
miracles		n.	奇迹
nascar		n.	纳斯卡
neural		adj.	神经的
newsletter		n.	新闻通讯
nineteenth		num.	第十九
nitrogen		n.	氮
norms		n.	规范
oceans		n.	海洋
ooh		int.	哦
patricia		n.	帕特丽夏
paulo		n.	保罗
payroll		n.	工资单
philippine		adj.	菲律宾的
photographic		adj.	摄影的
pinch		v.	捏
pinch		n.	捏
ping		n.	乒
ping		v.	发送声脉冲
polished		adj.	磨光的, 擦亮的
pots		n.	锅
predictable		adj.	可预测的
privileges		n.	特权
professionally		adv.	专业地
protocols		n.	协议
pushes		v.	推
queer		adj.	奇怪的
rebounds		n.	篮板球
rebounds		v.	反弹
reckon		v.	认为
recycling		n.	回收利用
restriction		n.	限制
resumed		v.	恢复
resurrection		n.	复活
rover		n.	流浪者
scars		n.	伤疤
scholarships		n.	奖学金
shannon		n.	香农（人名）
shelves		n.	架子
shipment		n.	装运
slut		n.	荡妇
sparks		n.	火花
sparks		v.	发出火花
spatial		adj.	空间的
stainless		adj.	不锈钢的
statutory		adj.	法定的
stellar		adj.	星的
stockholm		n.	斯德哥尔摩
stripes		n.	条纹
stubborn		adj.	固执的
sussex		n.	萨塞克斯
swords		n.	剑
syrup		n.	糖浆
tackles		v.	处理
tackles		n.	擒抱
tamil		n.	泰米尔语
tamil		adj.	泰米尔的
tapping		v.	轻敲
teachings		n.	教义
tightly		adv.	紧紧地
tina		n.	蒂娜
tones		n.	音调
transplant		v.	移植
traps		n.	陷阱
turf		n.	草皮
unlocked		v.	解锁
unusually		adv.	异常地
unveiled		v.	揭幕
username		n.	用户名
vaccines		n.	疫苗
veins		n.	静脉
ventures		n.	冒险
vip		n.	贵宾
visions		n.	视觉
volcano		n.	火山
warmer		adj.	更暖和的
webster		n.	韦伯斯特
weddings		n.	婚礼
zach		n.	扎克
accelerated		v.	加速
accomplishments		n.	成就
advertised		v.	做广告
advertisements		n.	广告
ark		n.	方舟
armour		n.	盔甲
atoms		n.	原子
attach		v.	附上
awaiting		v.	等待
bind		v.	捆绑
blessings		n.	祝福
bluetooth		n.	蓝牙
boiling		adj.	沸腾的
borrowing		v.	借
bowls		n.	碗
bradford		n.	布拉德福德
butcher		n.	屠夫
chandler		n.	钱德勒
cheapest		adj.	最便宜的
chloe		n.	克洛伊
compares		v.	比较
conception		n.	概念
congo		n.	刚果
counterparts		n.	对应物
cue		n.	提示
deed		n.	行为
disciplinary		adj.	纪律的
dreamed		v.	做梦
dwarf		n.	矮人
eighty		num.	八十
elena		n.	埃莱娜
eligibility		n.	资格
embraced		v.	拥抱
enacted		v.	制定
endorsement		n.	背书
enlisted		v.	入伍
finite		adj.	有限的
flagship		n.	旗舰
forensic		adj.	法医的
forthcoming		adj.	即将到来的
gallon		n.	加仑
gems		n.	宝石
glowing		adj.	发光的
glucose		n.	葡萄糖
gore		v.	顶伤
gown		n.	长袍
greedy		adj.	贪婪的
halo		n.	光环
hilton		n.	希尔顿
ideally		adv.	理想地
identifies		v.	识别
improves		v.	改善
infamous		adj.	声名狼藉的
inspirational		adj.	鼓舞人心的
internally		adv.	内部地
kashmir		n.	克什米尔
knox		n.	诺克斯
lateral		adj.	侧面的
leigh		n.	利
lent		v.	借出
lib		n.	库
lifelong		adj.	终身的
limestone		n.	石灰岩
liner		n.	班轮
majors		n.	专业
maths		n.	数学
mentioning		v.	提及
merge		v.	合并
mesh		n.	网
migrant		n.	移民
mohammed		n.	穆罕默德
monitored		v.	监测
mortar		n.	砂浆
myths		n.	神话
naive		adj.	天真的
nat		n.	纳特
norton		n.	诺顿
noticeable		adj.	明显的
observing		v.	观察
omar		n.	奥马尔
opted		v.	选择
palestinians		n.	巴勒斯坦人
paula		n.	葆拉
paypal		n.	贝宝
pedro		n.	佩德罗
pens		n.	钢笔
perfume		n.	香水
pitching		v.	投球
pleasing		adj.	令人愉快的
premiums		n.	保费
prestige		n.	威望
protects		v.	保护
pyramid		n.	金字塔
relevance		n.	相关性
remotely		adv.	远程地
resorts		n.	度假胜地
retailer		n.	零售商
rigid		adj.	僵硬的
rita		n.	丽塔
sailors		n.	水手
samantha		n.	萨曼莎
sampling		n.	抽样
screenshot		n.	截图
selfie		n.	自拍
settlers		n.	定居者
shattered		v.	打碎
signatures		n.	签名
spacecraft		n.	航天器
specification		n.	规格
spiders		n.	蜘蛛
splendid		adj.	壮丽的
strokes		n.	中风
successes		n.	成功
summers		n.	夏天
sundays		n.	星期日
supplying		v.	供应
telescope		n.	望远镜
temp		n.	临时工
tended		v.	照料
terminated		v.	终止
textile		n.	纺织品
thickness		n.	厚度
threatens		v.	威胁
tossed		v.	扔
tray		n.	托盘
unreasonable		adj.	不合理的
unsure		adj.	不确定的
upwards		adv.	向上
utilize		v.	利用
valuation		n.	估值
veterinary		adj.	兽医的
villagers		n.	村民
violate		v.	违反
vivid		adj.	生动的
aided		v.	帮助
alexis		n.	亚历克西斯
allocation		n.	分配
americas		n.	美洲
amusement		n.	娱乐
antibiotics		n.	抗生素
anticipation		n.	预期
appropriately		adv.	适当地
arrests		v.	逮捕
arrogant		adj.	傲慢的
assessing		v.	评估
authorization		n.	授权
auxiliary		adj.	辅助的
baggage		n.	行李
beacon		n.	信标
bella		n.	贝拉
belts		n.	腰带
bitcoin		n.	比特币
bounty		n.	赏金
boxer		n.	拳击手
briefing		n.	简报
brook		n.	小溪
btc		n.	比特币
budgets		n.	预算
canterbury		n.	坎特伯雷
cartoons		n.	卡通
ceramic		n.	陶瓷
cereal		n.	谷物
challenger		n.	挑战者
chased		v.	追赶
clergy		n.	神职人员
coats		n.	外套
cola		n.	可乐
coma		n.	昏迷
comfortably		adv.	舒适地
commanders		n.	指挥官
compass		n.	指南针
considerations		n.	考虑
consultants		n.	顾问
contempt		n.	蔑视
contributes		v.	贡献
credentials		n.	资格证书
croatia		n.	克罗地亚
cured		v.	治愈
disappearance		n.	消失
doyle		n.	道尔
drying		n.	干燥
dwelling		n.	住所
dwight		n.	德怀特
ecology		n.	生态学
einstein		n.	爱因斯坦
elliot		n.	埃利奥特
emergence		n.	出现
enclosed		adj.	enclosed
endurance		n.	耐力
equals		v.	等于
erotic		adj.	色情的
evacuation		n.	撤离
exceptionally		adv.	异常地
exchanged		v.	交换
expenditure		n.	支出
falcon		n.	猎鹰
favors		n.	恩惠
fernando		n.	费尔南多
folder		n.	文件夹
frequencies		n.	频率
gavin		n.	加文
groove		n.	凹槽
hbo		n.	HBO
hedge		n.	树篱
hedge		v.	回避
homosexuality		n.	同性恋
icons		n.	图标
ingredient		n.	成分
initiate		v.	发起
inserted		v.	插入
interventions		n.	干预
ironically		adv.	讽刺地
istanbul		n.	伊斯坦布尔
jacobs		n.	雅各布斯
jealousy		n.	嫉妒
jewellery		n.	珠宝
joker		n.	小丑
jonas		n.	约纳斯
kingston		n.	金斯敦
kisses		n.	吻
laden		adj.	装满的
learns		v.	学习
limbs		n.	四肢
lionel		n.	莱昂内尔
mccarthy		n.	麦卡锡
medicaid		n.	医疗补助
meta		n.	Meta
mil		n.	密耳
mit		n.	麻省理工
newark		n.	纽瓦克
nod		v.	点头
notebook		n.	笔记本
objectstorageservice		n.	对象存储服务
offline		adj.	离线的
offs		n.	offs
oss		n.	开源软件
overweight		adj.	超重的
palette		n.	调色板
payne		n.	佩恩
phenomena		n.	现象
pneumonia		n.	肺炎
policeman		n.	警察
postponed		v.	推迟
potent		adj.	有效的
preceding		adj.	在前的
predators		n.	捕食者
psycho		n.	精神病患者
rainy		adj.	下雨的
rams		n.	公羊
ranged		v.	排列
recognizes		v.	认出
renovation		n.	翻新
reverend		adj.	可尊敬的
rewarding		adj.	有益的
rust		n.	锈
scots		n.	苏格兰人
scrutiny		n.	仔细审查
seizure		n.	扣押
serum		n.	血清
singular		n.	单数
skate		v.	滑冰
sofia		n.	索菲亚
stray		v.	走失
stud		n.	饰钉
subsidies		n.	补贴
supper		n.	晚餐
sweetheart		n.	爱人
systemic		adj.	全身的
tempo		n.	速度
thereof		adv.	由此
thirsty		adj.	口渴的
torch		n.	手电筒
transferring		v.	转移
turbo		n.	涡轮
unchanged		adj.	不变的
understandable		adj.	可以理解的
upright		adj.	直立的
vain		adj.	徒劳的
vanity		n.	虚荣
violin		n.	小提琴
whereby		conj.	借此
whisper		v.	低声说
worthwhile		adj.	值得的
acceleration		n.	加速
aerospace		n.	航空航天
ak		n.	AK步枪
aluminium		n.	铝
analog		adj.	模拟的
analytical		adj.	分析的
anticipate		v.	预期
arcade		n.	拱廊
arlington		n.	阿灵顿
arose		v.	出现
asthma		n.	哮喘
aurora		n.	极光
averaging		v.	平均为
bacterial		adj.	细菌的
bankrupt		adj.	破产的
blink		v.	眨眼
brighter		adj.	更明亮的
carey		n.	凯里
castro		n.	卡斯特罗
ceremonies		n.	典礼
chang		n.	张
childish		adj.	幼稚的
chili		n.	辣椒
clayton		n.	克莱顿
clearer		adj.	更清晰的
coil		n.	线圈
coil		v.	盘绕
combines		n.	联合收割机
combines		v.	结合
commodities		n.	商品
constituents		n.	成分
constituents		n.	选民
contention		n.	争论
converting		v.	转换
covenant		n.	契约
crafts		n.	手工艺
crafts		v.	精心制作
denies		v.	否认
devotion		n.	奉献
dilemma		n.	困境
dis		v.	羞辱
discoveries		n.	发现
disgrace		n.	耻辱
dixon		n.	狄克逊
emirates		n.	阿联酋
employing		v.	雇用
employs		v.	雇用
ethiopia		n.	埃塞俄比亚
ethnicity		n.	种族
eventual		adj.	最终的
excel		v.	擅长
exercising		v.	锻炼
faded		v.	褪色
firstly		adv.	首先
flavour		n.	味道
flavour		v.	调味
flex		v.	弯曲
fluids		n.	液体
franco		n.	佛朗哥
gangs		n.	帮派
gases		n.	气体
genus		n.	属
gloria		n.	格洛丽亚
glove		n.	手套
grabs		v.	抓住
grapes		n.	葡萄
greed		n.	贪婪
greet		v.	问候
hank		n.	汉克
hose		n.	软管
impacted		adj.	受影响的
imposing		adj.	壮观的
inflammation		n.	炎症
innovations		n.	创新
lambert		n.	兰伯特
lamps		n.	灯
lava		n.	熔岩
madonna		n.	麦当娜
magnet		n.	磁铁
mann		n.	曼
metaphor		n.	隐喻
millionaire		n.	百万富翁
motives		n.	动机
myers		n.	迈尔斯
mysteries		n.	谜
negro		adj.	黑人的
notify		v.	通知
null		adj.	空的
ole		int.	好样的
oops		int.	哎呀
oriental		adj.	东方的
owing		adj.	应付的
pact		n.	条约
paramount		adj.	至上的
paranoid		adj.	偏执的
patriot		n.	爱国者
patron		n.	赞助人
pearson		n.	皮尔逊
popcorn		n.	爆米花
positioning		n.	定位
preserving		v.	保存
proxy		n.	代理
quantitative		adj.	定量的
regain		v.	恢复
reminding		v.	提醒
renew		v.	更新
resemble		v.	像
retro		adj.	复古的
revolt		n.	起义
rightly		adv.	正确地
roasted		adj.	烤的
rumor		n.	谣言
saddle		n.	马鞍
schmidt		n.	施密特
schooling		n.	学校教育
sherlock		n.	夏洛克
shirley		n.	雪莉
shrine		n.	圣地
shrink		v.	收缩
sniper		n.	狙击手
solitary		adj.	孤独的
sorrow		n.	悲伤
squares		n.	正方形
starters		n.	起动机
stoke		v.	添燃料
sutton		n.	萨顿
taller		adj.	更高的
termination		n.	终止
thames		n.	泰晤士河
thigh		n.	大腿
thrive		v.	繁荣
troll		n.	怪物
uncovered		adj.	无遮盖的
undertake		v.	承担
unpaid		adj.	未付的
unsuccessful		adj.	不成功的
vest		n.	背心
vine		n.	藤
violating		v.	违反
viruses		n.	病毒
warns		v.	警告
warranty		n.	保修
windsor		n.	温莎
yen		n.	日元
zimbabwe		n.	津巴布韦
airways		n.	航空公司
aisle		n.	过道
almighty		adj.	全能的
amino		adj.	氨基酸的
ants		n.	蚂蚁
apparel		n.	服装
arbitration		n.	仲裁
arising		v.	出现
artifacts		n.	人工制品
ashton		n.	阿什顿
atom		n.	原子
auburn		adj.	赤褐色的
awakening		n.	觉醒
bedrooms		n.	卧室
bilateral		adj.	双边的
bleed		v.	流血
brace		n.	支架
burgers		n.	汉堡包
caption		n.	标题
captures		v.	捕获
choke		v.	窒息
cholesterol		n.	胆固醇
classy		adj.	有格调的
clicks		n.	点击
clyde		n.	克莱德
compelled		v.	强迫
concealed		v.	隐藏
condemn		v.	谴责
confrontation		n.	对抗
constitutes		v.	构成
contributor		n.	贡献者
damon		n.	达蒙
deluxe		adj.	豪华的
dinosaurs		n.	恐龙
disguise		n.	伪装
dismissal		n.	解雇
domains		n.	领域
downstairs		adv.	楼下
ensemble		n.	整体
ernest		n.	欧内斯特
feasible		adj.	可行的
flawed		adj.	有缺陷的
forged		v.	伪造
generals		n.	将军
genres		n.	类型
goats		n.	山羊
grease		n.	油脂
greeks		n.	希腊人
haiti		n.	海地
harley		n.	哈雷
heavens		n.	天空
helicopters		n.	直升机
homosexual		adj.	同性恋的
hydraulic		adj.	液压的
impulse		n.	冲动
incapable		adj.	无能的
indies		n.	独立音乐
inflammatory		adj.	煽动性的
insanity		n.	精神错乱
institutes		n.	学院
integrate		v.	整合
intentional		adj.	故意的
jeep		n.	吉普车
knot		n.	结
knot		n.	节（速度单位）
laboratories		n.	实验室
landscapes		n.	风景
lebanese		adj.	黎巴嫩的
lecturer		n.	讲师
lust		n.	欲望
marilyn		n.	玛丽莲
markers		n.	记号笔
mayo		n.	蛋黄酱
michel		n.	米歇尔
microphone		n.	麦克风
miniature		n.	缩影
monks		n.	僧侣
motto		n.	座右铭
nationality		n.	国籍
natives		n.	本地人
nottingham		n.	诺丁汉
obstacle		n.	障碍
occupational		adj.	职业的
onset		n.	开始
perceive		v.	感知
persecution		n.	迫害
petrol		n.	汽油
philosopher		n.	哲学家
photographed		v.	拍照
pits		n.	坑
pixel		n.	像素
plantation		n.	种植园
presently		adv.	目前
props		n.	道具
prose		n.	散文
prostitution		n.	卖淫
pvp		n.	玩家对战
quoting		v.	引用
radioactive		adj.	放射性的
rang		v.	鸣响
razor		n.	剃刀
realization		n.	实现
realization		n.	领悟
reconciliation		n.	和解
removes		v.	去除
restoring		v.	恢复
rocking		v.	摇摆
royals		n.	王室成员
rug		n.	小地毯
salvador		n.	萨尔瓦多
scanning		v.	扫描
screamed		v.	尖叫
sdk		n.	软件开发工具包
shaping		v.	塑造
slogan		n.	口号
specimen		n.	标本
sponsorship		n.	赞助
steals		v.	偷
steer		v.	驾驶
stefan		n.	斯特凡
strains		n.	菌株
strawberry		n.	草莓
strive		v.	努力
sunglasses		n.	太阳镜
surfing		n.	冲浪
tate		n.	泰特
temptation		n.	诱惑
thrill		n.	刺激
tile		n.	瓷砖
tonnes		n.	吨
tow		v.	拖
trainers		n.	运动鞋
translations		n.	翻译
turtles		n.	海龟
unarmed		adj.	unarmed
undertaking		n.	事业
unfinished		adj.	未完成的
unlawful		adj.	非法的
vanessa		n.	瓦妮莎
vanished		v.	消失
verb		n.	动词
volatile		adj.	易挥发的
voluntarily		adv.	自愿地
whitney		n.	惠特尼
abnormal		adj.	反常的
accredited		adj.	公认的
accuse		v.	指控
ada		n.	艾达
adjusting		v.	调整
ample		adj.	充足的
analogy		n.	类比
analyzing		v.	分析
apex		n.	顶点
apocalypse		n.	启示
appliances		n.	家用电器
backward		adv.	向后
barred		adj.	被禁止的
beck		n.	贝克
bingo		int.	宾果
blogging		n.	写博客
boiler		n.	锅炉
boulder		n.	巨石
brock		n.	布罗克
calf		n.	小牛
cambodia		n.	柬埔寨
clarence		n.	克拉伦斯
coating		n.	涂层
consolidation		n.	合并
continuation		n.	继续
convictions		n.	信念
cork		n.	软木
cosmetic		adj.	化妆用的
cubic		adj.	立方的
cyprus		n.	塞浦路斯
declares		v.	宣布
defenses		n.	防御
dept		n.	部门
deputies		n.	代表
descendants		n.	后代
detector		n.	探测器
digest		v.	消化
digest		n.	摘要
diplomacy		n.	外交
directive		n.	指令
disadvantage		n.	劣势
disruption		n.	中断
distract		v.	分散注意力
downward		adv.	向下
ebook		n.	电子书
emphasized		v.	强调
energetic		adj.	精力充沛的
engineered		v.	设计
fest		n.	节日
fills		v.	填充
friction		n.	摩擦
fulfilling		adj.	令人满足的
funk		n.	恐惧
grilled		adj.	烤的
guiding		v.	引导
hackers		n.	黑客
hazardous		adj.	危险的
hk		n.	香港
hongkong		n.	香港
hooker		n.	妓女
hourly		adv.	每小时
illustrate		v.	说明
impressions		n.	印象
indirectly		adv.	间接地
induction		n.	归纳
infrared		adj.	红外的
insists		v.	坚持
instability		n.	不稳定
installing		v.	安装
invites		v.	邀请
irene		n.	艾琳
irving		n.	欧文
jacques		n.	雅克
klein		n.	克莱因
limitation		n.	限制
linguistic		adj.	语言的
listeners		n.	听众
litter		n.	垃圾
lump		n.	块
macro		adj.	宏观的
mag		n.	杂志
magistrate		n.	地方法官
marginal		adj.	边际的
masculine		adj.	男性的
microsoftedge		n.	微软Edge
milestone		n.	里程碑
mug		n.	马克杯
municipality		n.	市政当局
mushrooms		n.	蘑菇
neurons		n.	神经元
ninety		num.	九十
nutrients		n.	营养素
observatory		n.	天文台
openings		n.	开口
outdoors		adv.	在户外
pedestrian		n.	行人
penetration		n.	渗透
pod		n.	豆荚
posing		v.	摆姿势
predator		n.	捕食者
preferably		adv.	最好
programmed		v.	编程
projections		n.	预测
prophecy		n.	预言
proudly		adv.	自豪地
rebuilding		v.	重建
recorder		n.	录音机
recurring		adj.	反复出现的
relaxation		n.	放松
resembles		v.	像
respectable		adj.	体面的
respectful		adj.	恭敬的
richer		adj.	更富有的
rodriguez		n.	罗德里格斯
roma		n.	罗马
romeo		n.	罗密欧
routinely		adv.	例行地
rubbing		v.	摩擦
sailed		v.	航行
salute		v.	敬礼
scripts		n.	脚本
serbia		n.	塞尔维亚
severity		n.	严重性
shady		adj.	背阴的
sketches		n.	素描
slack		adj.	松弛的
sleeps		v.	睡觉
slick		adj.	光滑的
slowed		v.	减速
slowing		v.	减速
spontaneous		adj.	自发的
starred		v.	主演
sticker		n.	贴纸
stove		n.	炉子
submissions		n.	提交
tactic		n.	战术
template		n.	模板
teresa		n.	特蕾莎
theorem		n.	定理
theresa		n.	特蕾莎
tiles		n.	瓷砖
tract		n.	大片土地
treaties		n.	条约
tribune		n.	论坛
undergoing		v.	经历
upward		adv.	向上
vista		n.	景色
vogue		n.	时尚
volcanic		adj.	火山的
wagner		n.	瓦格纳
winding		n.	缠绕
winding		adj.	曲折的
acclaimed		adj.	广受赞誉的
accumulated		v.	积累
adore		v.	热爱
akin		adj.	类似的
alphabet		n.	字母表
announcements		n.	公告
appoint		v.	任命
apprentice		n.	学徒
auckland		n.	奥克兰
bananas		n.	香蕉
baseline		n.	基线
beasts		n.	野兽
benedict		n.	本尼迪克特
beware		v.	当心
bikini		n.	比基尼
bisexual		adj.	双性的
bisexual		n.	双性恋者
boulevard		n.	大街
bracelet		n.	手镯
capsule		n.	胶囊
captive		n.	俘虏
captive		adj.	被俘的
carr		n.	卡尔
christie		n.	克里斯蒂
chronicle		n.	编年史
cinnamon		n.	肉桂
comprehend		v.	理解
compulsory		adj.	强制的
confederate		n.	同盟者
contaminated		adj.	被污染的
contamination		n.	污染
contests		n.	竞赛
coping		v.	应对
corey		n.	科里
counterpart		n.	对应的人或物
creed		n.	信条
crisp		adj.	酥脆的
crust		n.	外壳
cutter		n.	切割工具
daring		adj.	大胆的
delegate		n.	代表
delegate		v.	委派
deploy		v.	部署
dietary		adj.	饮食的
dissertation		n.	论文
dividends		n.	股息
domination		n.	支配
downloading		v.	下载
emission		n.	排放
ethan		n.	伊桑
evaluating		v.	评估
fin		n.	鳍
fined		v.	罚款
flora		n.	植物群
folding		adj.	可折叠的
fracture		n.	骨折
fracture		v.	断裂
frances		n.	弗朗西丝
functionality		n.	功能
gamma		n.	伽马
gays		n.	同性恋者
gaze		v.	凝视
gaze		n.	凝视
genome		n.	基因组
grains		n.	谷物
grape		n.	葡萄
gravel		n.	砾石
haired		adj.	有头发的
hangs		v.	悬挂
hastings		n.	黑斯廷斯
highland		n.	高地
histories		n.	历史
hugs		v.	拥抱
hugs		n.	拥抱
hustle		v.	奔忙
hyde		n.	海德
idle		adj.	闲置的
indictment		n.	起诉书
irregular		adj.	不规则的
juicy		adj.	多汁的
jumper		n.	毛衣
limb		n.	肢体
mack		n.	马克
mammals		n.	哺乳动物
manually		adv.	手动地
meaningless		adj.	无意义的
millennium		n.	千年
modelling		v.	建模
modules		n.	模块
moody		adj.	情绪化的
needles		n.	针
noodles		n.	面条
offender		n.	罪犯
oracle		n.	神谕
overlap		v.	重叠
overlap		n.	重叠
patrons		n.	顾客
peek		v.	窥视
peek		n.	一瞥
pentagon		n.	五角大楼
peters		n.	彼得斯
petersburg		n.	彼得堡
porsche		n.	保时捷
pos		n.	销售点
pottery		n.	陶器
prairie		n.	草原
prank		n.	恶作剧
premature		adj.	过早的
psychiatrist		n.	精神科医生
quad		n.	四边形
quartz		n.	石英
residency		n.	居住
resolutions		n.	决议
resolutions		n.	分辨率
responsive		adj.	反应灵敏的
richest		adj.	最富有的
roar		v.	咆哮
ronnie		n.	罗尼
rot		v.	腐烂
rulers		n.	统治者
rulers		n.	尺
salem		n.	塞勒姆
santos		n.	桑托斯
seahawks		n.	海鹰
sidney		n.	悉尼
sleeves		n.	袖子
songwriter		n.	词曲作者
sophia		n.	索菲娅
spear		n.	矛
spies		n.	间谍
ssh		n.	安全外壳协议
stain		n.	污渍
stella		n.	斯特拉
stimulation		n.	刺激
stranded		adj.	搁浅的
stretches		v.	伸展
stylish		adj.	时髦的
subs		n.	潜艇
sur		prep.	在…上
technician		n.	技术员
temples		n.	太阳穴
tidal		adj.	潮汐的
transcript		n.	抄本
treasures		n.	珍宝
trench		n.	沟渠
trousers		n.	裤子
unwilling		adj.	不愿意的
uruguay		n.	乌拉圭
utc		n.	协调世界时
validity		n.	有效性
variants		n.	变体
varsity		n.	大学代表队
verification		n.	核实
vows		n.	誓言
vpn		n.	虚拟专用网络
vulnerability		n.	漏洞
wesley		n.	韦斯利
whichever		pron.	无论哪个
whipped		v.	鞭打
wrath		n.	愤怒
yuan		n.	元
zen		n.	禅
abuses		n.	滥用
accomplishment		n.	成就
acquisitions		n.	收购
aide		n.	助手
allegiance		n.	忠诚
apt		adj.	恰当的
attracting		v.	吸引
avatar		n.	化身
bali		n.	巴厘岛
bangalore		n.	班加罗尔
bans		v.	禁止
beads		n.	珠子
beverage		n.	饮料
blaze		n.	火焰
brendan		n.	布伦丹
brent		n.	布伦特
broadband		n.	宽带
bumper		n.	保险杠
butterflies		n.	蝴蝶
carlo		n.	卡洛
caves		n.	洞穴
chalk		n.	粉笔
coaster		n.	杯垫
coated		adj.	涂层的
constituency		n.	选区
contingent		n.	代表团
cornell		n.	康奈尔大学
corrections		n.	改正
costing		n.	成本核算
councillor		n.	议员
daniels		n.	丹尼尔斯
deprived		adj.	贫困的
disciplines		n.	学科
dos		n.	磁盘操作系统
drained		adj.	耗尽的
emphasize		v.	强调
entirety		n.	整体
everytime		adv.	每次
exodus		n.	大批离开
feather		n.	羽毛
federalbureauofinvestigation		n.	联邦调查局
financed		v.	提供资金
firearm		n.	火器
fisheries		n.	渔业
flock		n.	群
flyers		n.	传单
forestry		n.	林业
ghetto		n.	贫民区
googlecalendar		n.	谷歌日历
grim		adj.	严峻的
helpless		adj.	无助的
hemisphere		n.	半球
hides		n.	兽皮
housed		v.	为…提供住所
hyper		adj.	亢奋的
inconvenience		n.	不便
incorporating		v.	包含
injected		v.	注射
insured		adj.	已投保的
intends		v.	打算
intervals		n.	间隔
intriguing		adj.	有趣的
invasive		adj.	侵入性的
irrigation		n.	灌溉
it'd		pron.	它将
j-scope		n.	J型示波器
lastly		adv.	最后
liberties		n.	自由
lipstick		n.	口红
macdonald		n.	麦克唐纳
manipulate		v.	操纵
mart		n.	商场
martinez		n.	马丁内斯
meyer		n.	迈耶
midlands		n.	英格兰中部
midway		adv.	在中途
minors		n.	未成年人
moist		adj.	潮湿的
monarch		n.	君主
monte		n.	蒙特
monuments		n.	纪念碑
mortgages		n.	抵押
mourning		n.	哀悼
mu		n.	亩
mustard		n.	芥末
negatively		adv.	消极地
neighbour		n.	邻居
netflix		n.	网飞
nissan		n.	日产
norwich		n.	诺里奇
objections		n.	异议
patterson		n.	帕特森
plaque		n.	匾
plymouth		n.	普利茅斯
poetic		adj.	诗意的
preach		v.	布道
preaching		v.	布道
princes		n.	王子
proposing		v.	提议
punjab		n.	旁遮普
purity		n.	纯洁
rabbi		n.	拉比
ramsey		n.	拉姆齐
realism		n.	现实主义
receipts		n.	收据
retrieve		v.	取回
rhodes		n.	罗得岛
scheduling		v.	安排日程
scoop		n.	勺
scotch		n.	苏格兰威士忌
scrub		v.	擦洗
separating		v.	分开
sewing		n.	缝纫
shin		n.	胫
simplified		adj.	简化的
solicitor		n.	律师
sophomore		n.	大学二年级学生
spreads		v.	传播
squadron		n.	中队
squirrel		n.	松鼠
srilanka		n.	斯里兰卡
stickers		n.	贴纸
stigma		n.	污名
strengthened		v.	加强
taco		n.	塔可
takeover		n.	收购
taliban		n.	塔利班
tapped		v.	轻敲
thor		n.	托尔
thumbs		n.	拇指
titan		n.	泰坦
trait		n.	特征
traitor		n.	叛徒
troop		n.	部队
truths		n.	真理
underestimate		v.	低估
updating		v.	更新
urges		v.	敦促
vlan		n.	虚拟局域网
wallpaper		n.	壁纸
watt		n.	瓦
weighs		v.	称重
willis		n.	威利斯
willow		n.	柳树
addict		n.	上瘾者
ale		n.	麦芽酒
archaeological		adj.	考古的
assistants		n.	助理
bathing		n.	沐浴
bending		v.	弯曲
bengal		n.	孟加拉
boiled		adj.	煮沸的
bonding		n.	结合
bounds		n.	界限
breeds		v.	繁殖
byron		n.	拜伦
cardiovascular		adj.	心血管的
chic		adj.	时髦的
clone		n.	克隆
clusters		n.	群
communal		adj.	公共的
compliments		n.	赞美
consortium		n.	财团
controllers		n.	控制器
copying		v.	复制
countdown		n.	倒计时
courier		n.	信使
danced		v.	跳舞
decreasing		v.	减少
defect		n.	缺陷
disastrous		adj.	灾难性的
displaying		v.	显示
drown		v.	溺水
drummer		n.	鼓手
durable		adj.	耐用的
efficacy		n.	功效
erin		n.	埃琳
exclusion		n.	排除
exhibitions		n.	展览
exploited		v.	剥削
extracted		v.	提取
faults		n.	过错
filipino		n.	菲律宾人
flashing		v.	闪烁
freelance		n.	自由职业
gerard		n.	杰拉德
gin		n.	杜松子酒
granting		v.	授予
greeting		n.	问候
hawaiian		n.	夏威夷人
headaches		n.	头痛
honeymoon		n.	蜜月
ignition		n.	点火
impaired		adj.	受损的
incomes		n.	收入
investigative		adj.	调查的
jewel		n.	宝石
jupiter		n.	木星
leonardo		n.	莱昂纳多
manifest		n.	舱单
manifest		v.	显示
manifest		adj.	明显的
marx		n.	马克思
mutually		adv.	相互地
nas		n.	网络附属存储
navigate		v.	导航
networkattachedstorage		n.	网络附加存储
obese		adj.	肥胖的
outreach		n.	外展服务
outreach		v.	outreach
overlooking		v.	俯瞰
pandemic		adj.	流行病的
pandemic		n.	大流行病
passages		n.	通道
passages		n.	章节
perceptions		n.	感知
perimeter		n.	周长
pike		n.	长矛
piper		n.	吹笛人
preacher		n.	传道者
preceded		v.	在先
procurement		n.	采购
protector		n.	保护者
publicbeta		n.	公测版
pulp		n.	果肉
pulp		n.	纸浆
rabbits		n.	兔子
recruits		n.	新兵
recruits		v.	招募
reel		n.	卷轴
reel		v.	卷绕
rehearsal		n.	排练
reinforce		v.	加强
restart		v.	重启
revive		v.	复活
rigorous		adj.	严格的
ringing		v.	响铃
ringing		n.	耳鸣
rna		n.	核糖核酸
scarf		n.	围巾
scenery		n.	风景
selections		n.	选择
sensory		adj.	感觉的
shelters		n.	避难所
sidewalk		n.	人行道
skeptical		adj.	怀疑的
skype		n.	斯凯普
sleepy		adj.	困的
smoothly		adv.	顺利地
speeding		v.	超速行驶
staple		n.	订书钉
staple		adj.	主要的
steelers		n.	钢人队
stirring		v.	搅拌
stirring		adj.	激动人心的
strand		n.	股
strand		n.	海滨
suppression		n.	镇压
sushi		n.	寿司
suspend		v.	暂停
swelling		n.	肿胀
tails		n.	尾巴
terminology		n.	术语
theatrical		adj.	戏剧的
timer		n.	计时器
travellers		n.	旅行者
trustee		n.	受托人
turnout		n.	投票率
tying		v.	系
tying		n.	平局
unanimous		adj.	一致的
unpredictable		adj.	不可预测的
urging		v.	敦促
validation		n.	确认
vengeance		n.	复仇
verizon		n.	威瑞森
visually		adv.	视觉上
waits		v.	等待
weighted		adj.	加权的
activism		n.	行动主义
advent		n.	出现
airborne		adj.	空降的
alas		int.	唉
bakery		n.	面包店
bathrooms		n.	卫生间
baths		n.	沐浴
believer		n.	信徒
benefited		v.	受益
blankets		n.	毯子
borne		v.	承受
brokers		n.	经纪人
bunker		n.	地堡
caffeine		n.	咖啡因
capped		v.	加盖
carlton		n.	卡尔顿
chaotic		adj.	混乱的
chargers		n.	充电器
cite		v.	引用
classrooms		n.	教室
commercially		adv.	商业上
confirming		v.	确认
confuse		v.	使困惑
contributors		n.	贡献者
copenhagen		n.	哥本哈根
cosmetics		n.	化妆品
coward		n.	懦夫
dell		n.	戴尔
dent		n.	凹痕
depart		v.	离开
diminished		adj.	减少了的
disappoint		v.	使失望
dolphin		n.	海豚
dove		n.	鸽子
dove		v.	潜水
dumping		v.	倾倒
dunn		n.	邓恩
dusty		adj.	布满灰尘的
enduring		adj.	持久的
enlightenment		n.	启蒙
fibre		n.	纤维
finnish		adj.	芬兰的
fixture		n.	固定装置
fixture		n.	比赛
focal		adj.	焦点的
fucker		n.	混蛋
gala		n.	庆典
gardening		n.	园艺
garrett		n.	加勒特
garrison		n.	驻军
gdp		n.	国内生产总值
gears		n.	齿轮
generates		v.	生成
gladly		adv.	乐意地
goodwill		n.	善意
goodwill		n.	商誉
govern		v.	统治
gradual		adj.	逐渐的
greetings		int.	问候
groceries		n.	食品杂货
hacker		n.	黑客
harness		n.	马具
harness		v.	利用
hashtag		n.	话题标签
heartbeat		n.	心跳
highlighting		v.	突出显示
holt		n.	霍尔特
honourable		adj.	可敬的
illnesses		n.	疾病
imminent		adj.	迫近的
inaugural		adj.	就职的
insulation		n.	隔热
intern		n.	实习生
jakarta		n.	雅加达
johannesburg		n.	约翰内斯堡
judith		n.	朱迪思
kathy		n.	凯西
lag		v.	滞后
lays		v.	放置
lenders		n.	贷款人
locality		n.	地点
lure		v.	引诱
lure		n.	诱饵
malicious		adj.	恶意的
mattress		n.	床垫
meredith		n.	梅雷迪思
merged		v.	合并
merits		n.	优点
mist		n.	薄雾
mole		n.	鼹鼠
mole		n.	痣
molecule		n.	分子
mormon		n.	摩门教徒
muscular		adj.	肌肉的
nikki		n.	妮基
noisy		adj.	嘈杂的
orgasm		n.	高潮
otto		n.	奥托
panties		n.	内裤
parcel		n.	包裹
parcel		n.	一块（地）
partition		n.	划分
peculiar		adj.	奇怪的
penguins		n.	企鹅
prefers		v.	更喜欢
proposes		v.	提议
proprietary		adj.	专有的
prostate		n.	前列腺
puppies		n.	小狗
rafael		n.	拉斐尔
randall		n.	兰德尔
rant		v.	咆哮
rant		n.	咆哮
rash		n.	皮疹
realities		n.	现实
recalls		v.	回忆起
recalls		n.	召回
receivers		n.	接收器
referenced		v.	引用
reflections		n.	倒影
reflections		n.	思考
rejects		v.	拒绝
replica		n.	复制品
representations		n.	表示
representations		n.	陈述
reside		v.	居住
richie		n.	里奇
ripe		adj.	成熟的
rituals		n.	仪式
riverside		n.	河岸
roberto		n.	罗伯托
rodney		n.	罗德尼
sac		n.	囊
sane		adj.	明智的
savior		n.	救世主
scenic		adj.	风景优美的
sip		v.	啜饮
snail		n.	蜗牛
somalia		n.	索马里
spun		v.	纺
statistically		adv.	统计上
stimulate		v.	刺激
surveyed		v.	调查
susceptible		adj.	易受影响的
theodore		n.	西奥多
thighs		n.	大腿
toby		n.	托比
toilets		n.	厕所
torres		n.	托雷斯
translates		v.	翻译
translator		n.	翻译者
transmit		v.	传输
tuning		n.	调音
tutor		n.	家庭教师
unsafe		adj.	不安全的
verge		n.	边缘
vibrant		adj.	充满活力的
wander		v.	漫步
yeast		n.	酵母
abdul		n.	阿卜杜勒
absorption		n.	吸收
accelerate		v.	加速
acne		n.	痤疮
advertise		v.	做广告
apologise		v.	道歉
aspirations		n.	抱负
assign		v.	分配
aston		n.	阿斯顿
audi		n.	奥迪
balloons		n.	气球
believers		n.	信徒
bonnie		n.	邦妮
brewery		n.	啤酒厂
bulb		n.	灯泡
cardboard		n.	硬纸板
chartered		adj.	特许的
chew		v.	咀嚼
circumstance		n.	情况
cliffs		n.	悬崖
collateral		n.	抵押品
collateral		adj.	附属的
congestion		n.	拥堵
courtney		n.	考特妮
creditors		n.	债权人
crossover		n.	交叉
crunch		v.	嘎吱嚼
crunch		n.	危机时刻
curtains		n.	窗帘
curtains		n.	落幕
daytime		n.	白天
debbie		n.	黛比
deliveries		n.	递送
demise		n.	死亡
dependence		n.	依赖
dictator		n.	独裁者
diets		n.	饮食
differs		v.	不同
digits		n.	数字
dime		n.	一角硬币
dire		adj.	危急的
disagreement		n.	分歧
disciples		n.	门徒
disregard		v.	忽视
disregard		n.	漠视
distributor		n.	经销商
dominion		n.	统治权
downhill		adv.	下坡地
downhill		n.	下坡
drafting		n.	起草
dreadful		adj.	可怕的
drunken		adj.	醉的
earnest		adj.	认真的
erase		v.	擦除
extinct		adj.	灭绝的
fine-tuning		n.	微调
forbid		v.	禁止
freezer		n.	冰柜
genetically		adv.	从基因上
greeted		v.	迎接
hare		n.	野兔
herein		adv.	在此
hoffman		n.	霍夫曼
honorary		adj.	名誉的
imperative		adj.	必要的
imperative		n.	命令
ineffective		adj.	无效的
interacting		v.	互动
jess		n.	杰丝
julius		n.	尤利乌ス
knit		v.	编织
kuwait		n.	科威特
laps		n.	一圈
lester		n.	莱斯特
marvin		n.	马文
maternity		n.	母性
meanings		n.	意义
misconduct		n.	不当行为
morale		n.	士气
mornings		n.	早晨
mute		adj.	静音的
needless		adj.	不必要的
nerd		n.	书呆子
nokia		n.	诺基亚
nominees		n.	被提名人
notifications		n.	通知
novelty		n.	新奇
optimism		n.	乐观
optimization		n.	优化
outdated		adj.	过时的
oxide		n.	氧化物
paints		v.	绘画
peppers		n.	辣椒
perez		n.	佩雷斯
peripheral		n.	外围设备
pinned		v.	固定
pint		n.	品脱
poop		n.	大便
pornography		n.	色情作品
prepares		v.	准备
prevalence		n.	流行
proceeding		v.	进行
pronounce		v.	发音
proportions		n.	比例
provisional		adj.	临时的
ravens		n.	渡鸦
remark		n.	评论
remark		v.	评论
repay		v.	偿还
roland		n.	罗兰
ropes		n.	绳索
rouge		n.	胭脂
santiago		n.	圣地亚哥
saturated		adj.	饱和的
screened		v.	筛选
shaved		v.	剃须
shove		v.	推
skipped		v.	跳过
smashing		adj.	极好的
sms		n.	短信
softball		n.	垒球
southeastern		adj.	东南的
spears		n.	矛
specials		n.	特价商品
spur		n.	刺激
stevie		n.	史蒂维
storytelling		n.	讲故事
suppress		v.	镇压
swings		n.	秋千
tangible		adj.	有形的
textbooks		n.	教科书
tilt		v.	倾斜
tougher		adj.	更坚韧的
trivial		adj.	琐碎的
turks		n.	土耳其人
unofficial		adj.	非官方的
veil		n.	面纱
veil		v.	遮盖
versatile		adj.	多才多艺的
warsaw		n.	华沙
zoe		n.	佐伊
alec		n.	亚历克
anthropology		n.	人类学
artery		n.	动脉
artery		n.	干道
bamboo		n.	竹
basil		n.	罗勒
blackberry		n.	黑莓
bolton		n.	博尔顿
bombay		n.	孟买
brennan		n.	布伦南
bronx		n.	布朗克斯
caliber		n.	口径
caliber		n.	才干
cellphone		n.	手机
chord		n.	和弦
clare		n.	克莱尔
concessions		n.	让步
concessions		n.	特许经营权
contracting		v.	订合同
cooks		v.	烹饪
courtyard		n.	庭院
crafted		v.	精心制作
crest		n.	顶部
crest		n.	纹章
cynthia		n.	辛西娅
deception		n.	欺骗
decor		n.	装饰
derivative		n.	衍生物
derivative		adj.	缺乏原创性的
discomfort		n.	不适
dominican		adj.	多米尼加的
driveway		n.	私家车道
duel		n.	决斗
edwin		n.	埃德温
elf		n.	精灵
evenly		adv.	均匀地
exemption		n.	免除
fashionable		adj.	时髦的
fetch		v.	取来
fishermen		n.	渔民
formidable		adj.	强大的
frankie		n.	弗兰基
furnished		adj.	带家具的
fuzzy		adj.	毛茸茸的
fuzzy		adj.	模糊的
gibbs		n.	吉布斯
gmt		n.	格林尼治标准时间
gothic		adj.	哥特式的
graffiti		n.	涂鸦
grenade		n.	手榴弹
guitars		n.	吉他
hague		n.	海牙
hamlet		n.	小村庄
hamlet		n.	哈姆雷特
hampton		n.	汉普顿
helm		n.	舵
helm		n.	领导地位
herbs		n.	香草
herman		n.	赫尔曼
higgins		n.	希金斯
highlands		n.	高地
honours		n.	荣誉
hooks		n.	钩子
hypocrisy		n.	虚伪
inaccurate		adj.	不准确的
inception		n.	开始
intervene		v.	干预
jerseys		n.	运动衫
jessie		n.	杰西
jules		n.	朱尔
katy		n.	凯蒂
kin		n.	亲属
kirby		n.	柯比
kobe		n.	神户
kris		n.	克里斯
laurie		n.	劳丽
legislators		n.	立法者
lobster		n.	龙虾
logged		v.	记录
loops		n.	循环
malaria		n.	疟疾
manifesto		n.	宣言
manuscripts		n.	手稿
maze		n.	迷宫
methodist		n.	卫理公会教徒
monaco		n.	摩纳哥
monastery		n.	修道院
mutations		n.	突变
naomi		n.	娜奥米
negligence		n.	过失
nexus		n.	连接
nightclub		n.	夜总会
numerical		adj.	数字的
obsolete		adj.	过时的
offences		n.	犯罪
optic		adj.	视觉的
panda		n.	熊猫
panther		n.	豹
peas		n.	豌豆
perkins		n.	珀金斯
posture		n.	姿势
prague		n.	布拉格
raging		adj.	狂暴的
receptors		n.	受体
refresh		v.	刷新
resonance		n.	共鸣
ruthless		adj.	无情的
salvage		v.	打捞
samurai		n.	武士
satire		n.	讽刺
saul		n.	扫罗
seafood		n.	海鲜
shakes		v.	摇动
signaling		v.	发信号
simplest		adj.	最简单的
slash		v.	切开
slash		n.	斜杠
spaghetti		n.	意大利面
speedy		adj.	快速的
spying		v.	间谍活动
staging		n.	舞台布置
standpoint		n.	立场
statues		n.	雕像
stein		n.	啤酒杯
sway		v.	摇摆
tasting		n.	品鉴会
tempting		adj.	诱人的
terminate		v.	终止
torque		n.	扭矩
towels		n.	毛巾
trailers		n.	拖车
transforming		v.	转变
trinidad		n.	特立尼达
undermine		v.	破坏
vacancy		n.	空缺
veto		n.	否决
vocational		adj.	职业的
withstand		v.	承受
woodland		n.	林地
zinc		n.	锌
accustomed		adj.	习惯的
adequately		adv.	充分地
ahmad		n.	艾哈迈德
alicia		n.	艾丽西亚
amazingly		adv.	惊人地
applicant		n.	申请人
approximate		adj.	大致的
assemble		v.	组装
averages		n.	平均值
baghdad		n.	巴格达
ballots		n.	选票
bam		int.	砰
bargaining		n.	讨价还价
barrett		n.	巴雷特
bates		n.	贝茨
baton		n.	接力棒
beginnings		n.	开端
births		n.	出生
brew		v.	酿造
bulldogs		n.	斗牛犬
camel		n.	骆驼
canberra		n.	堪培拉
catering		n.	餐饮服务
charger		n.	充电器
checkout		n.	结账
chefs		n.	厨师
chronicles		n.	编年史
chunk		n.	大块
classmates		n.	同学
coca		n.	古柯
cocoa		n.	可可
comet		n.	彗星
compartment		n.	隔间
compositions		n.	作品
conditioned		adj.	有条件的
cooled		v.	冷却
corpus		n.	语料
corpus		n.	全集
coupons		n.	优惠券
cove		n.	小海湾
cozy		adj.	温暖的
culturally		adv.	文化上
currents		n.	水流
currents		n.	电流
deficiency		n.	缺乏
deposited		v.	存款
deposited		v.	沉积
derivatives		n.	衍生物
derivatives		n.	金融衍生品
dread		v.	畏惧
dread		n.	恐惧
dub		v.	配音
dub		v.	把…称为
dummy		n.	假人
dummy		n.	哑巴
ecuador		n.	厄瓜多尔
edmonton		n.	埃德蒙顿
enhancing		v.	增强
erosion		n.	侵蚀
erosion		n.	削弱
explores		v.	探索
expo		n.	博览会
favourites		n.	最爱
fibers		n.	纤维
fitzgerald		n.	菲茨杰拉德
flank		n.	侧翼
flank		v.	位于侧面
flare		n.	闪光
flare		v.	闪耀
forex		n.	外汇
gallons		n.	加仑
gamers		n.	玩家
generators		n.	发电机
geoffrey		n.	杰弗里
gus		n.	加斯
handmade		adj.	手工的
hartford		n.	哈特福德
hawkins		n.	霍金斯
hazards		n.	危险
incidence		n.	发生率
kat		n.	凯特
kerr		n.	克尔
kitten		n.	小猫
koch		n.	科赫
lan		n.	局域网
lender		n.	贷方
leone		n.	利昂
lever		n.	杠杆
lisbon		n.	里斯本
marketed		v.	营销
marty		n.	马蒂
mileage		n.	里程
morton		n.	莫顿
multiplayer		adj.	多人游戏的
municipalities		n.	市镇
mutant		n.	突变体
mutation		n.	突变
mythology		n.	神话
neon		n.	氖
neon		adj.	霓虹的
nile		n.	尼罗河
nolan		n.	诺兰
northeastern		adj.	东北的
nun		n.	修女
nutritional		adj.	营养的
pathways		n.	路径
pedal		n.	踏板
pest		n.	害虫
pillar		n.	支柱
plausible		adj.	貌似合理的
pledged		v.	保证
poly		n.	多
polymer		n.	聚合物
precipitation		n.	降水
prosecutors		n.	检察官
protections		n.	保护
query		n.	查询
rapids		n.	急流
restraint		n.	克制
rests		v.	休息
retains		v.	保留
revived		v.	复兴
salesman		n.	销售员
scarlet		adj.	猩红的
screws		n.	螺丝
sensing		v.	感知
serena		n.	Serena
sewer		n.	下水道
shipments		n.	装运
sonny		n.	小伙子
southwestern		adj.	西南的
spokesperson		n.	发言人
standardized		adj.	标准化的
stitch		n.	针脚
substrate		n.	基底
swell		v.	膨胀
symptom		n.	症状
thanked		v.	感谢
thirst		n.	口渴
transitional		adj.	过渡的
tuna		n.	金枪鱼
unused		adj.	未使用的
valleys		n.	山谷
viewpoint		n.	观点
vinegar		n.	醋
wards		n.	病房
warrants		n.	逮捕令
wig		n.	假发
accessory		n.	配饰
advisors		n.	顾问
affiliation		n.	隶属
align		v.	对齐
allergies		n.	过敏
amnesty		n.	大赦
angus		n.	Angus
anita		n.	Anita
assertion		n.	断言
astronomy		n.	天文学
attic		n.	阁楼
attracts		v.	吸引
australians		n.	澳大利亚人
autobiography		n.	自传
await		v.	等待
becky		n.	Becky
buddhism		n.	佛教
buds		n.	芽
buds		n.	伙伴
cache		n.	缓存
cache		n.	隐藏物
carmen		n.	卡门
carrots		n.	胡萝卜
coherent		adj.	连贯的
condo		n.	公寓
conflicting		adj.	冲突的
conrad		n.	康拉德
consulted		v.	咨询
criticize		v.	批评
crooked		adj.	弯曲的
crooked		adj.	不诚实的
cultivation		n.	耕作
cultivation		n.	培养
dads		n.	爸爸
decreases		v.	减少
dicks		n.	家伙
ding		n.	叮声
discontinued		adj.	停产的
displacement		n.	移位
displacement		n.	取代
distorted		adj.	扭曲的
divers		n.	潜水员
dividing		v.	分开
downloads		n.	下载
drastic		adj.	激烈的
edible		adj.	可食用的
edmund		n.	埃德蒙
emerson		n.	爱默生
endorse		v.	赞同
enhancement		n.	增强
evenings		n.	晚上
fax		n.	传真
fiat		n.	法令
fiat		n.	菲亚特
fiona		n.	菲奥娜
firefighters		n.	消防员
flick		v.	轻弹
fowler		n.	福勒
funky		adj.	时髦的
gag		n.	封口布
gag		v.	作呕
gee		int.	哎呀
gigantic		adj.	巨大的
gill		n.	鳃
groom		v.	打扮
groom		n.	新郎
guitarist		n.	吉他手
hamas		n.	哈马斯
harriet		n.	哈丽特
hash		n.	切碎的食物
hash		n.	哈希
helena		n.	海伦娜
hip-hop		n.	嘻哈
hogan		n.	霍根
holden		n.	霍尔顿
hydro		n.	水电
illustrates		v.	说明
inactive		adj.	不活跃的
inputs		n.	输入
inspect		v.	检查
inspections		n.	检查
inspectors		n.	检查员
interpretations		n.	解释
knots		n.	结
laurel		n.	月桂树
lawsuits		n.	诉讼
legitimacy		n.	合法性
lizard		n.	蜥蜴
lyric		n.	歌词
maximize		v.	使最大化
mushroom		n.	蘑菇
naples		n.	那不勒斯
noel		n.	圣诞节
organizers		n.	组织者
owens		n.	欧文斯
paradox		n.	悖论
periodic		adj.	周期的
philly		n.	费城
plead		v.	恳求
portray		v.	描绘
practitioner		n.	从业者
ratios		n.	比率
redskins		n.	红皮人
reductions		n.	减少
refrain		v.	克制
replaces		v.	替换
reproduce		v.	繁殖
researching		v.	研究
rite		n.	仪式
rum		n.	朗姆酒
safari		n.	游猎
saunders		n.	桑德斯
scaling		v.	缩放
seldom		adv.	很少
shareholder		n.	股东
simone		n.	西蒙妮
sis		n.	姐姐
slices		n.	薄片
soy		n.	大豆
squash		n.	南瓜
stacked		adj.	堆叠的
statewide		adj.	全州的
stationary		adj.	静止的
styled		adj.	有样式的
subdivision		n.	细分
succeeding		v.	成功
tar		n.	焦油
tariffs		n.	关税
temporal		adj.	时间的
tracker		n.	追踪器
turbine		n.	涡轮机
tyson		n.	泰森
unavailable		adj.	不可用的
universally		adv.	普遍地
utilizing		v.	利用
vomiting		n.	呕吐
warp		n.	弯曲
whisky		n.	威士忌
winters		n.	冬季
yogurt		n.	酸奶
algeria		n.	阿尔及利亚
alpine		adj.	高山的
ambient		adj.	环境的
aquatic		adj.	水生的
argentine		adj.	阿根廷的
armored		adj.	装甲的
assert		v.	断言
atheist		n.	无神论者
balances		n.	余额
bandwidth		n.	带宽
barbecue		n.	烧烤
beforehand		adv.	事先
bipolar		adj.	双极的
bladder		n.	膀胱
bladder		n.	囊
blossom		n.	花
bolts		n.	螺栓
canned		adj.	罐装的
caravan		n.	房车
carrot		n.	胡萝卜
chevrolet		n.	雪佛兰
clive		n.	克莱夫
compressed		adj.	压缩的
comprise		v.	包含
computational		adj.	计算的
conceptual		adj.	概念的
coolest		adj.	最酷的
currencies		n.	货币
damp		adj.	潮湿的
danielle		n.	丹妮尔
databases		n.	数据库
debit		n.	借方
demolition		n.	拆除
denis		n.	丹尼斯
detailing		n.	细节处理
differentiate		v.	区分
dim		adj.	昏暗的
discovers		v.	发现
donkey		n.	驴
downstream		adv.	下游
earrings		n.	耳环
earthquakes		n.	地震
empirical		adj.	经验的
enlarged		adj.	扩大的
enzymes		n.	酶
esther		n.	埃丝特
fantasies		n.	幻想
faulty		adj.	有故障的
fertile		adj.	肥沃的
formations		n.	编队
frankfurt		n.	法兰克福
freedoms		n.	自由
furnace		n.	炉子
fuse		n.	保险丝
fuss		n.	大惊小怪
gale		n.	大风
gamer		n.	游戏玩家
generosity		n.	慷慨
gerry		n.	格里
goodman		n.	古德曼
gorilla		n.	大猩猩
guatemala		n.	危地马拉
hamburg		n.	汉堡
harvested		v.	收获
hath		v.	有（古语）
heavyweight		n.	重量级
humane		adj.	仁慈的
humanities		n.	人文学
interviewing		v.	面试
jennings		n.	詹宁斯
journeys		n.	旅程
labelled		v.	贴标签
lawful		adj.	合法的
lawmakers		n.	立法者
leased		v.	租用
lena		n.	莉娜
loosely		adv.	松散地
lotus		n.	莲花
luna		n.	月神
mails		n.	邮件
mantle		n.	披风
metabolic		adj.	新陈代谢的
meth		n.	甲基苯丙胺
militant		adj.	激进的
missionaries		n.	传教士
nicolas		n.	尼古拉斯
nostalgia		n.	怀旧
ottoman		n.	奥斯曼
paddy		n.	稻田
paperback		n.	平装书
paved		v.	铺路
pavilion		n.	亭
peasant		n.	农民
philosophers		n.	哲学家
pillars		n.	支柱
pointer		n.	指针
policing		v.	维持治安
predicting		v.	预测
presume		v.	推定
presumed		v.	推定
printers		n.	打印机
rebuilt		v.	重建
rectangular		adj.	长方形的
regulator		n.	监管者
renting		v.	租
restructuring		v.	重组
rudy		n.	鲁迪
samsung		n.	三星
sarcasm		n.	讽刺
savannah		n.	稀树草原
scans		v.	扫描
seekers		n.	寻求者
sentencing		v.	判刑
shaving		v.	刮胡子
shutdown		n.	停机
stresses		v.	强调
suffolk		n.	萨福克
swansea		n.	斯旺西
sweets		n.	糖果
syracuse		n.	锡拉丘兹
tally		n.	计数
tally		v.	计算
tehran		n.	德黑兰
termed		v.	称为
timed		v.	计时
timed		adj.	定时的
trending		adj.	趋势
tumors		n.	肿瘤
ui		n.	界面
unanimously		adv.	一致地
unfamiliar		adj.	陌生的
upgrading		v.	升级
vale		n.	山谷
valencia		n.	瓦伦西亚
wedge		n.	楔子
wedge		v.	挤入
wisely		adv.	明智地
wizards		n.	巫师
adaptive		adj.	适应的
addictive		adj.	上瘾的
affinity		n.	亲和力
alloy		n.	合金
alloy		v.	熔合
arises		v.	出现
arthritis		n.	关节炎
authorised		adj.	授权的
authorised		v.	授权
barton		n.	巴顿
beaver		n.	河狸
boasts		v.	夸耀
boasts		v.	拥有
brunswick		n.	不伦瑞克
caller		n.	来电者
carnegie		n.	卡内基
casualty		n.	伤亡人员
casualty		n.	急诊室
cavity		n.	洞
cavity		n.	龋齿
chap		n.	小伙子
cites		v.	引用
colts		n.	驹
conway		n.	康威
courthouse		n.	法院
crank		n.	曲柄
crank		n.	怪人
dante		n.	但丁
darn		int.	该死
deborah		n.	黛博拉
decks		n.	甲板
decks		n.	卡座
diaries		n.	日记
differing		adj.	不同的
disgust		n.	厌恶
disgust		v.	使厌恶
dispatched		v.	派遣
dissolution		n.	解散
dissolution		n.	溶解
disturbance		n.	骚乱
disturbance		n.	干扰
dominic		n.	多米尼克
emerges		v.	出现
enclosure		n.	围场
enclosure		n.	附件
evangelical		adj.	福音派的
examinations		n.	考试
examinations		n.	检查
exceeding		v.	超过
expresses		v.	表达
exquisite		adj.	精致的
factual		adj.	事实的
fading		v.	褪色
famine		n.	饥荒
fares		n.	票价
fiji		n.	斐济
flavors		n.	味道
fraudulent		adj.	欺诈的
freeway		n.	高速公路
freshly		adv.	新近
gazette		n.	公报
geek		n.	极客
geo		n.	地理
granny		n.	奶奶
handicap		n.	障碍
hansen		n.	汉森
hmmm		int.	嗯
homo		n.	同性恋者
hymn		n.	赞美诗
hypothetical		adj.	假设的
informative		adj.	信息丰富的
infringement		n.	侵犯
internship		n.	实习
interrupt		v.	中断
invade		v.	入侵
jacksonville		n.	杰克逊维尔
jasmine		n.	茉莉
katrina		n.	卡特里娜
lantern		n.	灯笼
linen		n.	亚麻布
lookout		n.	瞭望
moonlight		n.	月光
moose		n.	驼鹿
mosquito		n.	蚊子
motel		n.	汽车旅馆
motherfucker		n.	混蛋
mueller		n.	米勒
noun		n.	名词
oaks		n.	橡树
omaha		n.	奥马哈
onwards		adv.	向前
overthrow		v.	推翻
paradigm		n.	范式
pavement		n.	人行道
payday		n.	发薪日
perpetual		adj.	永久的
physiology		n.	生理学
pigeon		n.	鸽子
plateau		n.	高原
playlist		n.	播放列表
possesses		v.	拥有
precinct		n.	选区
premiership		n.	首相职位
presentations		n.	演示
proliferation		n.	增殖
pseudo		adj.	伪的
pudding		n.	布丁
reformed		adj.	改革的
refrigerator		n.	冰箱
regeneration		n.	再生
regina		n.	里贾纳
remembrance		n.	纪念
remembrance		n.	记忆
reps		n.	代表
reps		n.	重复
resin		n.	树脂
resisted		v.	抵抗
rosie		n.	罗茜
rotary		n.	旋转
rotary		adj.	旋转的
rupert		n.	鲁珀特
rusty		adj.	生锈的
rusty		adj.	生疏的
scarce		adj.	稀缺的
sibling		n.	兄弟姐妹
simulator		n.	模拟器
slippery		adj.	滑的
slips		n.	失误
slips		v.	滑倒
snyder		n.	斯奈德
soak		v.	浸泡
sock		n.	袜子
sorting		n.	排序
spectacle		n.	景象
spectacle		n.	奇观
storey		n.	楼层
suv		n.	运动型多用途车
symposium		n.	研讨会
tabs		n.	标签页
tailor		n.	裁缝
tailor		v.	定制
terminals		n.	终端
toughest		adj.	最坚韧的
toughest		adj.	最艰难的
trajectory		n.	轨迹
triggers		n.	触发器
triggers		v.	触发
unidentified		adj.	身份不明的
unseen		adj.	看不见的
utmost		adj.	最大的
waiter		n.	服务员
weary		adj.	疲惫的
wiki		n.	维基
wills		n.	遗嘱
willy		n.	威利
wimbledon		n.	温布尔登
witches		n.	女巫
youths		n.	青年
adapter		n.	适配器
adjustable		adj.	可调节的
advisers		n.	顾问
affiliates		n.	分支机构
agony		n.	极度痛苦
allergy		n.	过敏
armenian		adj.	亚美尼亚的
astronaut		n.	宇航员
attain		v.	达到
attendant		n.	服务员
authenticity		n.	真实性
avery		n.	埃弗里
backstage		adv.	在后台
banners		n.	横幅
bedford		n.	贝德福德
benchmark		n.	基准
benny		n.	本尼
benson		n.	本森
beverages		n.	饮料
biscuits		n.	饼干
bouncing		v.	弹跳
bourbon		n.	波本威士忌
breaker		n.	断路器
breathtaking		adj.	惊人的
browsing		v.	浏览
calculus		n.	微积分
cancers		n.	癌症
capitals		n.	首都
cellar		n.	地窖
cerebral		adj.	大脑的
champs		n.	冠军
cheerful		adj.	快乐的
climax		n.	高潮
clippers		n.	剪刀
cockpit		n.	驾驶舱
cocktails		n.	鸡尾酒
colon		n.	冒号
communion		n.	圣餐
condom		n.	避孕套
consul		n.	领事
crimson		adj.	深红色的
crypto		n.	加密货币
cultivated		adj.	栽培的
curly		adj.	卷曲的
degradation		n.	退化
dexter		n.	德克斯特
discs		n.	光盘
distributors		n.	经销商
dundee		n.	邓迪
elaine		n.	伊莱恩
electrons		n.	电子
emerald		n.	祖母绿
ensures		v.	确保
equilibrium		n.	平衡
europa		n.	欧罗巴
evelyn		n.	伊芙琳
evidently		adv.	显然
extras		n.	临时演员
fargo		n.	法戈
fences		n.	栅栏
fetus		n.	胎儿
flaw		n.	缺陷
forrest		n.	福雷斯特
gigs		n.	演唱会
grad		n.	毕业生
gymnastics		n.	体操
hale		adj.	健壮的
helmets		n.	头盔
hercules		n.	大力神
hereby		adv.	特此
honduras		n.	洪都拉斯
humorous		adj.	幽默的
incurred		v.	遭受
indications		n.	迹象
indoors		adv.	在室内
intercourse		n.	性交
interestingly		adv.	有趣的是
ipad		n.	iPad
isaiah		n.	以赛亚
isolate		v.	隔离
isolate		n.	隔离者
jurisdictions		n.	司法管辖区
kathleen		n.	凯瑟琳
kendall		n.	肯德尔
lancashire		n.	兰开夏郡
lawson		n.	劳森
lesbians		n.	女同性恋者
lindsey		n.	林赛
mailing		n.	邮寄
mailing		n.	邮件列表
manipulated		v.	操纵
mare		n.	母马
marxist		n.	马克思主义者
marxist		adj.	马克思主义的
meadow		n.	草地
meadows		n.	草地
ministries		n.	部
motivate		v.	激励
mound		n.	土墩
muddy		adj.	泥泞的
mystic		n.	神秘主义者
ness		n.	海角
nominal		adj.	名义上的
norris		n.	诺里斯
ordinance		n.	法令
osborne		n.	奥斯本
outlines		n.	轮廓
outlines		v.	概述
outta		prep.	出自
pam		n.	帕姆
parsons		n.	牧师
pertaining		v.	与…有关
poke		v.	戳
poorer		adj.	更穷的
portsmouth		n.	朴次茅斯
presbyterian		n.	长老会教徒
presbyterian		adj.	长老会的
prick		v.	刺
prick		n.	刺
prolific		adj.	多产的
proportional		adj.	成比例的
prosperous		adj.	繁荣的
quarry		n.	采石场
quarry		n.	猎物
referral		n.	转介
respecting		prep.	关于
restless		adj.	焦躁不安的
rugged		adj.	崎岖的
rugged		adj.	结实的
sammy		n.	萨米
sap		n.	树液
sap		v.	削弱
sarcastic		adj.	讽刺的
scholarly		adj.	学术的
segregation		n.	种族隔离
seymour		n.	西摩
sheikh		n.	谢赫
shines		v.	发光
sinclair		n.	辛克莱
sinister		adj.	邪恶的
stared		v.	凝视
strait		n.	海峡
suppressed		v.	镇压
sylvia		n.	西尔维娅
teamed		v.	组队
tents		n.	帐篷
testosterone		n.	睾酮
thicker		adj.	更厚的
ventilation		n.	通风
viking		n.	维京人
weaver		n.	织工
weber		n.	韦伯
williamson		n.	威廉姆森
yankee		n.	美国北方人
yarn		n.	纱线
yarn		n.	故事
abide		v.	忍受
abide		v.	遵守
accumulation		n.	积累
admiration		n.	钦佩
aesthetics		n.	美学
agi		n.	通用人工智能
altering		v.	改变
anton		n.	安东
asserted		v.	断言
attacker		n.	攻击者
augusta		n.	奥古斯塔
avail		v.	有助于
bahrain		n.	巴林
banquet		n.	宴会
barker		n.	叫卖者
bentley		n.	宾利
benz		n.	奔驰
billed		v.	给…开账单
billing		n.	计费
booty		n.	战利品
brackets		n.	括号
bravery		n.	勇敢
brit		n.	幼鲱
browse		v.	浏览
buff		v.	增强
buff		n.	爱好者
calorie		n.	卡路里
cdc		n.	疾病控制中心
claw		n.	爪
collects		v.	收集
coloring		n.	着色
commence		v.	开始
compatibility		n.	兼容性
conditional		adj.	有条件的
congratulate		v.	祝贺
constructing		v.	建造
converts		v.	转换
coordinating		v.	协调
cortex		n.	皮层
crusade		n.	十字军东征
cynical		adj.	愤世嫉俗的
devised		v.	设计
discarded		v.	丢弃
disrupt		v.	扰乱
donovan		n.	多诺万
drills		n.	钻头
drills		n.	练习
duplicate		v.	复制
duplicate		adj.	重复的
dynamite		n.	炸药
echoes		n.	回声
echoes		v.	呼应
economical		adj.	经济的
elastic		adj.	有弹性的
empowered		v.	赋权
examines		v.	检查
exceeds		v.	超过
exposition		n.	博览会
fetish		n.	迷恋
fixes		v.	修理
fixes		n.	修复
fluffy		adj.	毛茸茸的
fundamentals		n.	基本原理
fundraiser		n.	募捐活动
gadgets		n.	小玩意
garment		n.	衣服
geometric		adj.	几何的
goldman		n.	戈德曼
gracious		adj.	亲切的
grin		v.	咧嘴笑
grin		n.	咧嘴笑
halifax		n.	哈利法克斯
hanna		n.	汉娜
happiest		adj.	最幸福的
heap		n.	堆
heap		v.	堆积
highs		n.	高点
hum		v.	哼唱
hum		n.	嗡嗡声
inherently		adv.	固有地
inventor		n.	发明家
jasper		n.	贾斯珀
jewels		n.	珠宝
juliet		n.	朱丽叶
kurdish		adj.	库尔德的
kurdish		n.	库尔德语
leopard		n.	豹
librarian		n.	图书管理员
lobbying		n.	游说
lumber		n.	木材
lydia		n.	莉迪娅
mackenzie		n.	麦肯齐
madam		n.	夫人
marital		adj.	婚姻的
mayer		n.	迈耶
multitude		n.	大量
muse		n.	缪斯
muse		v.	沉思
nanny		n.	保姆
nineteen		num.	十九
nipples		n.	乳头
nucleus		n.	核心
orbital		adj.	轨道的
organism		n.	生物
outgoing		adj.	即将离任的
outgoing		adj.	外向的
outgoing		n.	支出
overhaul		v.	检修
overhaul		n.	大修
periodically		adv.	定期地
piles		n.	堆
piles		n.	痔疮
plumbing		n.	管道系统
plumbing		n.	管道工程
poppy		n.	罂粟
pratt		n.	普拉特
precautions		n.	预防措施
raleigh		n.	罗利
readiness		n.	准备就绪
redundant		adj.	多余的
redundant		adj.	被裁员的
regulators		n.	监管机构
regulators		n.	调节器
remarked		v.	评论
resemblance		n.	相似
rib		n.	肋骨
rods		n.	杆
roth		n.	罗斯
sacks		n.	麻袋
sacks		v.	解雇
seizures		n.	癫痫发作
sermon		n.	布道
slender		adj.	苗条的
societal		adj.	社会的
spec		n.	规格
sponge		n.	海绵
steele		n.	斯蒂尔
suns		n.	太阳
superiority		n.	优越
supervised		v.	监督
tease		v.	取笑
tiffany		n.	蒂芙尼
titanic		n.	泰坦尼克号
transitions		n.	过渡
transmitter		n.	发射机
transporting		v.	运输
typhoon		n.	台风
unreal		adj.	不真实的
vaccination		n.	接种疫苗
valerie		n.	瓦莱丽
valves		n.	阀门
vampires		n.	吸血鬼
vibration		n.	振动
vitamins		n.	维生素
weakest		adj.	最弱的
winnipeg		n.	温尼伯
worcester		n.	伍斯特
zurich		n.	苏黎世
abdominal		adj.	腹部的
adolescent		n.	青少年
advertisers		n.	广告商
awaited		v.	等待
backdrop		n.	背景
beau		n.	男朋友
bluff		v.	虚张声势
bollywood		n.	宝莱坞
brushes		n.	刷子
cartel		n.	卡特尔
casts		v.	投掷
casts		n.	演员表
catastrophic		adj.	灾难性的
caucus		n.	核心会议
charcoal		n.	木炭
cheryl		n.	谢丽尔
cindy		n.	辛迪
citrus		n.	柑橘
clad		adj.	覆盖的
clocks		n.	时钟
coded		adj.	编码的
columnist		n.	专栏作家
competence		n.	能力
constituent		n.	选民
constituted		v.	组成
contacting		v.	联系
contexts		n.	语境
conveniently		adv.	便利地
courtroom		n.	法庭
cushion		n.	坐垫
cyclist		n.	骑自行车的人
darkest		adj.	最黑暗的
dictate		v.	口述
dictate		v.	命令
directs		v.	指导
directs		adj.	直接的
discounted		v.	打折
discounted		adj.	打折的
distributing		v.	分发
doris		n.	多丽丝
dorm		n.	宿舍
drafts		n.	草稿
drafts		v.	起草
drip		v.	滴落
drip		n.	水滴
duct		n.	管道
eccentric		adj.	古怪的
eccentric		n.	古怪的人
educating		v.	教育
electro		n.	电子音乐
electromagnetic		adj.	电磁的
emblem		n.	徽章
expands		v.	扩大
fabrics		n.	织物
falcons		n.	隼
fats		n.	脂肪
fearful		adj.	可怕的
festive		adj.	节日的
flyer		n.	传单
flyer		n.	飞行者
forecasts		n.	预报
forecasts		v.	预报
foreman		n.	工头
foreman		n.	陪审团团长
framing		n.	取景
framing		v.	构筑
gallagher		n.	加拉格尔
geared		v.	调整以适应
geoff		n.	杰夫
giles		n.	贾尔斯
gina		n.	吉娜
glacier		n.	冰川
gomez		n.	戈麦斯
hurricanes		n.	飓风
improper		adj.	不当的
informing		v.	通知
installment		n.	分期付款
installment		n.	（连载的）一集
isles		n.	小岛
judaism		n.	犹太教
keller		n.	凯勒
kernel		n.	核心
kernel		n.	内核
larvae		n.	幼虫
lexington		n.	列克星敦
liaison		n.	联络
lima		n.	利马
masterbootrecord		n.	主引导记录
mbr		n.	主引导记录
memoirs		n.	回忆录
miner		n.	矿工
mosaic		n.	马赛克
mustang		n.	野马
mustang		n.	野马（汽车品牌）
needy		adj.	贫困的
nichols		n.	尼科尔斯
offenses		n.	犯罪
offenses		n.	进攻（体育）
optics		n.	光学
orphan		n.	孤儿
orphan		v.	使成为孤儿
passions		n.	激情
patty		n.	肉饼
patty		n.	帕蒂
pies		n.	馅饼
pineapple		n.	菠萝
pissing		v.	撒尿
plaintiffs		n.	原告
plastics		n.	塑料
potassium		n.	钾
reflective		adj.	反光的
rents		n.	租金
residing		v.	居住
romanian		adj.	罗马尼亚的
rotate		v.	旋转
royce		n.	罗伊斯
sans		prep.	没有
saxon		n.	撒克逊人
scissors		n.	剪刀
seaside		n.	海边
shampoo		n.	洗发水
shaun		n.	肖恩
silently		adv.	沉默地
similarity		n.	相似性
staircase		n.	楼梯
stamped		v.	盖章
steroids		n.	类固醇
subsidiaries		n.	子公司
tang		n.	味道
tango		n.	探戈
telecom		n.	电信
tolerant		adj.	宽容的
toxicity		n.	毒性
trumpet		n.	小号
tuberculosis		n.	结核病
wrapping		n.	包装材料
accents		n.	口音
adhere		v.	粘附
adidas		n.	阿迪达斯
advising		v.	建议
affirmative		adj.	肯定的
agnes		n.	阿格尼丝
alarms		n.	警报
alliances		n.	联盟
alma		n.	阿尔玛
ambiguous		adj.	模糊的
archaeology		n.	考古学
attained		v.	达到
baltic		adj.	波罗的海的
berries		n.	浆果
blitz		n.	闪击战
bosnia		n.	波斯尼亚
brightness		n.	亮度
bruins		n.	棕熊
brushed		v.	刷
burma		n.	缅甸
calculating		v.	计算
campuses		n.	校园
cartridge		n.	墨盒
cashier		n.	收银员
cigar		n.	雪茄
circa		prep.	大约
citations		n.	引用
claudia		n.	克劳迪娅
cloak		n.	斗篷
cologne		n.	古龙水
colombian		adj.	哥伦比亚的
colt		n.	小马驹
combustion		n.	燃烧
comprehension		n.	理解
concession		n.	让步
condoms		n.	避孕套
crescent		n.	新月
crises		n.	危机
defective		adj.	有缺陷的
denise		n.	丹妮丝
discourage		v.	使气馁
disgusted		adj.	厌恶的
disposable		adj.	一次性的
distressed		adj.	痛苦的
dover		n.	多佛
dungeon		n.	地牢
dwell		v.	居住
edison		n.	爱迪生
edith		n.	伊迪丝
enforcing		v.	执行
entrepreneurship		n.	创业精神
erie		n.	伊利
essentials		n.	必需品
fiery		adj.	火热的
flux		n.	流动
georgetown		n.	乔治敦
gimme		v.	给我
hancock		n.	汉考克
handwriting		n.	笔迹
hassle		n.	麻烦
hector		n.	赫克托
hicks		n.	希克斯
hobbies		n.	爱好
hog		n.	猪
homeowners		n.	房主
ime		n.	输入法
incorrectly		adv.	错误地
indicative		adj.	陈述的
indicative		adj.	表明的
inexpensive		adj.	便宜的
instructors		n.	教练
intercept		v.	拦截
intuitive		adj.	直观的
invent		v.	发明
irwin		n.	欧文
isabel		n.	伊莎贝尔
jockey		n.	骑师
jolly		adj.	快活的
jorge		n.	豪尔赫
kazakhstan		n.	哈萨克斯坦
landlords		n.	房东
latitude		n.	纬度
lea		n.	草原
libertarian		adj.	自由意志主义的
luxembourg		n.	卢森堡
majestic		adj.	雄伟的
mariners		n.	水手
mastery		n.	精通
mats		n.	垫子
mccoy		n.	麦科伊
metropolis		n.	大都市
mummy		n.	木乃伊
mummy		n.	妈妈
neville		n.	内维尔
nominate		v.	提名
offend		v.	冒犯
orchard		n.	果园
organizer		n.	组织者
overdose		n.	用药过量
pamela		n.	帕梅拉
paragraphs		n.	段落
parameter		n.	参数
passwords		n.	密码
pathology		n.	病理学
peggy		n.	佩吉
piercing		adj.	刺穿的
piercing		n.	穿孔
plotting		v.	密谋
plotting		v.	绘图
poisonous		adj.	有毒的
pounding		v.	猛击
procession		n.	队伍
relocation		n.	搬迁
rhino		n.	犀牛
riches		n.	财富
rosemary		n.	迷迭香
rosemary		n.	罗斯玛丽
sanitation		n.	卫生
satisfactory		adj.	令人满意的
scooter		n.	滑板车
sculptures		n.	雕塑
secrecy		n.	保密
separates		v.	分开
shameful		adj.	可耻的
shortest		adj.	最短的
skipping		v.	跳过
skirts		n.	裙子
sliced		v.	切片
soils		n.	土壤
springer		n.	跳脱的马
staples		n.	订书钉
stokes		v.	拨旺
storing		v.	储存
supervisors		n.	主管
tanzania		n.	坦桑尼亚
technicians		n.	技术人员
tor		n.	石山
transformers		n.	变形金刚
transformers		n.	变压器
traveler		n.	旅行者
tunisia		n.	突尼斯
unauthorized		adj.	未经授权的
undo		v.	撤销
unnamed		adj.	未命名的
vans		n.	厢式货车
venom		n.	毒液
vines		n.	藤蔓
watering		v.	浇水
wellness		n.	健康
windy		adj.	有风的
wraps		n.	包裹
abby		n.	Abby
abdomen		n.	腹部
alerts		n.	警报
alerts		v.	警告
alps		n.	阿尔卑斯山
antarctic		n.	南极
antarctic		adj.	南极的
antibodies		n.	抗体
aquarium		n.	水族馆
aquarium		n.	鱼缸
armenia		n.	亚美尼亚
barbie		n.	芭比
batter		n.	面糊
batter		v.	连续猛击
baxter		n.	Baxter
bloomberg		n.	彭博
blush		v.	脸红
blush		n.	腮红
booster		n.	助推器
booster		n.	加强针
braves		v.	勇敢面对
calculator		n.	计算器
catastrophe		n.	灾难
chemotherapy		n.	化疗
cinemas		n.	电影院
circulating		v.	循环
cleansing		n.	清洁
cleansing		adj.	净化的
clears		v.	清除
clears		v.	放晴
clicked		v.	点击
commute		v.	通勤
commute		n.	通勤
complementary		adj.	互补的
complementary		adj.	免费的
connectivity		n.	连接性
consulate		n.	领事馆
contend		v.	竞争
contend		v.	主张
convict		v.	定罪
convict		n.	囚犯
culinary		adj.	烹饪的
demographics		n.	人口统计
departing		v.	出发
din		n.	喧嚣
discrete		adj.	离散的
discrete		adj.	分离的
dissent		n.	异议
disturb		v.	打扰
earns		v.	赚取
emergencies		n.	紧急情况
eminent		adj.	卓越的
encryption		n.	加密
endeavor		n.	努力
endeavor		v.	努力
enthusiasts		n.	爱好者
erica		n.	Erica
erica		n.	欧石楠
escapes		v.	逃脱
escapes		n.	逃脱
exported		v.	出口
fencing		n.	击剑
fencing		n.	栅栏
filtering		n.	过滤
filtering		v.	过滤
flashes		n.	闪光
flashes		v.	闪光
fleming		n.	Fleming
flop		n.	失败之作
follower		n.	追随者
franchises		n.	特许经营
fraternity		n.	兄弟会
fraternity		n.	友爱
freaks		n.	怪人
freaks		v.	使惊慌
frogs		n.	青蛙
fronts		n.	前面
fronts		v.	面向
furry		adj.	毛皮的
glitter		v.	闪耀
glitter		n.	闪光
graveyard		n.	墓地
hardship		n.	困苦
harlem		n.	哈莱姆
hen		n.	母鸡
hoover		n.	胡佛
hoover		v.	用吸尘器清扫
implication		n.	含义
implication		n.	牵连
induce		v.	引起
induce		v.	劝诱
inventions		n.	发明
jaws		n.	颌
lamar		n.	拉马尔
lennon		n.	列侬
lettuce		n.	莴苣
liabilities		n.	债务
liabilities		n.	不利条件
lithium		n.	锂
lowe		n.	洛
macmillan		n.	麦克米伦
malone		n.	马龙
managerial		adj.	管理的
mandated		v.	授权
mango		n.	芒果
mister		n.	先生
moderately		adv.	适度地
mri		n.	核磁共振
multimedia		n.	多媒体
multinational		adj.	跨国的
multinational		n.	跨国公司
oasis		n.	绿洲
osaka		n.	大阪
outskirts		n.	郊区
overlapping		v.	重叠
paced		v.	踱步
pagan		n.	异教徒
pagan		adj.	异教的
painters		n.	画家
pals		n.	伙伴
planetary		adj.	行星的
playboy		n.	花花公子
porcelain		n.	瓷器
processors		n.	处理器
processors		n.	加工者
programmer		n.	程序员
promoter		n.	发起人
psalm		n.	诗篇
psychiatry		n.	精神病学
psychologists		n.	心理学家
pubs		n.	酒馆
pursuant		adv.	依照
recycled		v.	回收利用
renovated		v.	翻新
repetitive		adj.	重复的
researched		v.	研究
reversal		n.	逆转
rhyme		n.	韵
rhyme		v.	押韵
rue		v.	后悔
saturdays		adv.	每星期六
savvy		adj.	精明的
scanner		n.	扫描仪
schizophrenia		n.	精神分裂症
scratching		v.	抓
sheila		n.	Sheila
shelby		n.	谢尔比
sparkling		adj.	闪耀的
spree		n.	狂欢
stafford		n.	斯塔福德
stakeholders		n.	利益相关者
stevenson		n.	史蒂文森
submitting		v.	提交
subsidy		n.	补贴
sup		v.	呷
superficial		adj.	肤浅的
tailored		adj.	量身定制的
tame		adj.	温顺的
tanner		n.	制革工
taps		n.	水龙头
thinner		adj.	更瘦的
tipping		v.	给小费
toni		n.	托妮
tracing		v.	追踪
truman		n.	杜鲁门
upstream		adv.	上游
vapor		n.	蒸气
veronica		n.	维罗妮卡
vow		n.	誓言
waitress		n.	女服务员
walnut		n.	核桃
waterfront		n.	滨水区
winchester		n.	温彻斯特
witty		adj.	机智的
woven		v.	编织
wyatt		n.	怀亚特
acquaintance		n.	熟人
add-ons		n.	附加组件
aires		n.	艾雷斯
amelia		n.	阿米莉亚
amend		v.	修改
arranging		v.	安排
attendees		n.	与会者
audrey		n.	奥黛丽
aussie		n.	澳大利亚人
awaits		v.	等待
baptism		n.	洗礼
beirut		n.	贝鲁特
blond		adj.	金发的
blur		n.	模糊
boogie		v.	跳布吉舞
bowel		n.	肠
brightest		adj.	最亮的
brow		n.	眉毛
budapest		n.	布达佩斯
bulbs		n.	灯泡
bureaucracy		n.	官僚机构
cabbage		n.	卷心菜
canton		n.	州
cater		v.	提供餐饮
chimney		n.	烟囱
chrysler		n.	克莱斯勒
circulated		v.	流传
cloudy		adj.	多云的
compassionate		adj.	富有同情心的
comrade		n.	同志
concentrating		v.	集中
continents		n.	大陆
convertible		n.	敞篷车
cory		n.	科里（人名）
crater		n.	火山口
cumulative		adj.	累积的
desperation		n.	绝望
diarrhea		n.	腹泻
disposed		adj.	愿意的
distortion		n.	扭曲
doctoral		adj.	博士的
dramas		n.	戏剧
educator		n.	教育工作者
entitlement		n.	应得权益
faux		adj.	人造的
fearless		adj.	无畏的
finch		n.	雀
fragment		n.	碎片
fulfil		v.	履行
galaxies		n.	星系
gangster		n.	匪徒
garner		v.	获得
gil		n.	吉尔（人名）
graphs		n.	图表
gypsy		n.	吉普赛人
harassed		adj.	被骚扰的
heater		n.	加热器
humiliation		n.	羞辱
impairment		n.	损伤
impatient		adj.	不耐烦的
incorporates		v.	包含
indy		n.	印地
intricate		adj.	复杂的
irvine		n.	欧文
jensen		n.	詹森
karate		n.	空手道
kingdoms		n.	王国
kite		n.	风筝
labeling		v.	贴标签
leasing		n.	租赁
lighthouse		n.	灯塔
longevity		n.	长寿
lore		n.	传说
lush		adj.	茂盛的
luxurious		adj.	豪华的
mba		n.	工商管理硕士
messiah		n.	救世主
ministerial		adj.	部长的
monty		n.	蒙提（人名）
motions		n.	动作
mystical		adj.	神秘的
nu		n.	努（希腊字母）
obstruction		n.	阻碍
odyssey		n.	奥德赛
onboard		adj.	车载的
oneself		pron.	自己
org		n.	组织
overcoming		v.	克服
palms		n.	手掌
penetrate		v.	渗透
phelps		n.	菲尔普斯
phi		n.	希腊字母φ
philippe		n.	菲利普
pioneers		n.	先驱
plaintiff		n.	原告
planners		n.	规划者
plum		n.	李子
plural		n.	复数
poe		n.	坡
prevail		v.	盛行
prevailing		adj.	盛行的
publishes		v.	出版
puff		v.	吹气
puzzles		n.	谜
rag		n.	破布
recommending		v.	推荐
regulating		v.	调节
repairing		v.	修理
repeats		v.	重复
rooting		v.	扎根
routing		n.	路由
safeguard		v.	保护
scaled		v.	缩放
sedan		n.	轿车
sewage		n.	污水
shoppers		n.	购物者
simpsons		n.	辛普森一家
slang		n.	俚语
spices		n.	香料
spirited		adj.	活泼的
spirituality		n.	灵性
spoiler		n.	剧透
summon		v.	召唤
sustaining		v.	维持
tavern		n.	酒馆
telegram		n.	电报
titanium		n.	钛
trailing		v.	拖尾
tuck		v.	塞进
turbulence		n.	湍流
ulster		n.	阿尔斯特
unesco		n.	联合国教科文组织
urgency		n.	紧迫
virtualprivateserver		n.	虚拟专用服务器
voip		n.	网络电话
vps		n.	虚拟专用服务器
ware		n.	器皿
waterproof		adj.	防水的
welcomes		v.	欢迎
whining		v.	抱怨
wonderfully		adv.	精彩地
wording		n.	措辞
zelda		n.	塞尔达
academia		n.	学术界
accreditation		n.	认证
administer		v.	管理
aforementioned		adj.	上述的
algae		n.	藻类
alterations		n.	变更
angelo		n.	安杰洛
apache		n.	阿帕奇
ariel		n.	爱丽儿
articulate		adj.	口齿清晰的
articulate		v.	清楚表达
asbestos		n.	石棉
avoidance		n.	回避
babylon		n.	巴比伦
barney		n.	巴尼
bearings		n.	方位
bearings		n.	轴承
boutique		n.	精品店
bowie		n.	鲍伊
brewer		n.	酿酒者
buffet		n.	自助餐
buffet		v.	连续打击
burner		n.	炉子
cain		n.	该隐
catcher		n.	接手
cathy		n.	凯茜
charms		n.	魅力
charms		n.	护身符
chassis		n.	底盘
chores		n.	家务杂事
clap		v.	拍手
clarification		n.	澄清
colder		adj.	更冷的
concluding		adj.	结束的
consoles		n.	控制台
corresponds		v.	符合
counters		n.	柜台
covert		adj.	隐蔽的
crosby		n.	克罗斯比
cunningham		n.	坎宁安
dagger		n.	匕首
dealings		n.	往来
deferred		v.	推迟
descriptive		adj.	描述性的
dialect		n.	方言
dolly		n.	多莉
downside		n.	缺点
dryer		n.	干衣机
dunk		v.	扣篮
elijah		n.	以利亚
empowerment		n.	赋权
energies		n.	能量
executing		v.	执行
expire		v.	到期
fireplace		n.	壁炉
flair		n.	天赋
fossils		n.	化石
greenwich		n.	格林尼治
hanson		n.	汉森
haunt		v.	萦绕
hayden		n.	海登
hazel		n.	榛子
hazel		adj.	淡褐色的
headset		n.	耳机
hernandez		n.	埃尔南德斯
homecoming		n.	返校
hussein		n.	侯赛因
icy		adj.	冰冷的
indulge		v.	放纵
inmate		n.	囚犯
interpreter		n.	口译员
intuition		n.	直觉
invaluable		adj.	极其宝贵的
jenna		n.	珍娜
kaiser		n.	皇帝
kettle		n.	水壶
kylie		n.	凯莉
laptops		n.	笔记本电脑
lara		n.	劳拉
lasers		n.	激光
lax		adj.	松弛的
lest		conj.	以免
levi		n.	利维
lgbt		n.	性少数群体
lilly		n.	莉莉
malta		n.	马耳他
markings		n.	标记
mcgregor		n.	麦格雷戈
menace		n.	威胁
methane		n.	甲烷
mexicans		n.	墨西哥人
ming		n.	明
misuse		v.	滥用
mitigate		v.	减轻
mona		n.	莫娜
nairobi		n.	内罗毕
nausea		n.	恶心
neurological		adj.	神经的
optimum		adj.	最佳的
ounces		n.	盎司
oyster		n.	牡蛎
pastoral		adj.	田园的
patented		adj.	获得专利的
pea		n.	豌豆
pearls		n.	珍珠
physiological		adj.	生理的
pioneering		adj.	开创性的
pleasures		n.	快乐
poultry		n.	家禽
prominence		n.	突出
prophets		n.	先知
prosecute		v.	起诉
quartet		n.	四重奏
reactive		adj.	反应的
reboot		v.	重启
renamed		v.	改名
resides		v.	居住
restrictive		adj.	限制性的
robotic		adj.	机器人的
runaway		adj.	失控的
saturn		n.	土星
sawyer		n.	索耶
screenplay		n.	剧本
scriptures		n.	经文
sect		n.	宗派
seismic		adj.	地震的
seminary		n.	神学院
sheldon		n.	谢尔顿
shelley		n.	雪莱
shouts		v.	喊叫
sideways		adv.	侧向地
softer		adj.	更柔软的
sonia		n.	索妮娅
specs		n.	规格
stash		n.	藏匿处
stephens		n.	斯蒂芬斯
stimulating		adj.	刺激性的
striped		adj.	有条纹的
stroll		v.	散步
texans		n.	得克萨斯人
theatres		n.	剧院
tolerated		v.	容忍
totp		n.	动态口令
transcription		n.	转录
tucson		n.	图森
unicorn		n.	独角兽
uniquely		adv.	独特地
vase		n.	花瓶
vat		n.	大桶
vineyard		n.	葡萄园
viola		n.	中提琴
waterfall		n.	瀑布
weaving		n.	编织
welding		n.	焊接
yummy		adj.	好吃的
acknowledges		v.	承认
adobe		n.	Adobe
adolescents		n.	青少年
alexandra		n.	亚历山德拉
almond		n.	杏仁
amenities		n.	便利设施
antarctica		n.	南极洲
arabian		adj.	阿拉伯的
asphalt		n.	沥青
aviv		n.	Aviv
bach		n.	巴赫
backbone		n.	脊梁
bahamas		n.	巴哈马
beetle		n.	甲虫
blizzard		n.	暴风雪
bolivia		n.	玻利维亚
booklet		n.	小册子
bottoms		n.	底部
brawl		n.	斗殴
brittany		n.	布列塔尼
bryce		n.	布莱斯
burgess		n.	伯吉斯
butts		n.	烟蒂
camden		n.	卡姆登
cameroon		n.	喀麦隆
celestial		adj.	天的
characterization		n.	人物刻画
chevy		n.	雪佛兰
clint		n.	克林特
communicated		v.	交流
confessions		n.	供认
conform		v.	符合
conversely		adv.	相反地
creations		n.	创造物
crud		n.	污垢
cues		n.	提示
customary		adj.	习惯的
dalton		n.	道尔顿
declines		v.	拒绝
devote		v.	奉献
dinners		n.	晚餐
dispose		v.	处理
distinctly		adv.	清楚地
evacuate		v.	撤离
everett		n.	埃弗雷特
exits		n.	出口
exploits		n.	功绩
favourable		adj.	有利的
ferdinand		n.	费迪南
flourish		v.	繁荣
flowering		n.	开花
fractures		n.	骨折
fragrance		n.	香气
franz		n.	弗朗茨
fungus		n.	真菌
gloucester		n.	格洛斯特
griffith		n.	格里菲斯
harvesting		v.	收割
havana		n.	哈瓦那
heroine		n.	女英雄
hilary		n.	希拉里
impending		adj.	迫近的
insignificant		adj.	微不足道的
insurer		n.	保险公司
intercepted		v.	拦截
jonah		n.	约拿
kerala		n.	喀拉拉邦
knowledgeable		adj.	博学的
lingerie		n.	内衣
lite		adj.	低配置的
localities		n.	地方
locke		n.	洛克
logos		n.	标志
madden		v.	使发疯
magician		n.	魔术师
mali		n.	马里
maneuver		n.	机动
marrow		n.	骨髓
marvelous		adj.	了不起的
medicinal		adj.	药用的
melanie		n.	梅拉妮
mono		adj.	单声道的
numb		adj.	麻木的
omitted		v.	省略
originals		n.	原作
overlook		v.	忽视
pastry		n.	糕点
pediatric		adj.	儿科的
persist		v.	坚持
persist		v.	坚持到底
personalized		adj.	个性化的
planner		n.	规划者
plaster		n.	灰泥
playful		adj.	顽皮的
professions		n.	职业
quota		n.	配额
randolph		n.	伦道夫
rationale		n.	基本原理
reap		v.	收割
rebound		n.	反弹
recess		n.	休会
redeem		v.	兑换
regimes		n.	政权
replacements		n.	替代品
residue		n.	残留物
robotics		n.	机器人学
runoff		n.	径流
rwanda		n.	卢旺达
salsa		n.	莎莎酱
scanned		v.	扫描
screenshots		n.	截图
semiconductor		n.	半导体
sentimental		adj.	感伤的
serbian		adj.	塞尔维亚的
shocks		n.	冲击
simultaneous		adj.	同时的
snatch		v.	抢夺
spikes		n.	尖峰
squeezed		v.	挤压
staffing		n.	人员配备
stanton		n.	斯坦顿
stealth		n.	秘密行动
subscribed		v.	订阅
subset		n.	子集
suspense		n.	悬念
suzanne		n.	苏珊
syntax		n.	语法
tad		n.	一点儿
tandem		n.	tandem
tasmania		n.	塔斯马尼亚
tertiary		adj.	第三的
thyroid		n.	甲状腺
tidy		adj.	整洁的
timeless		adj.	永恒的
tokens		n.	代币
usable		adj.	可用的
vanguard		n.	先锋
vulgar		adj.	粗俗的
waiver		n.	弃权
walton		n.	沃尔顿
watershed		n.	分水岭
weave		v.	编织
wilkinson		n.	威尔金森
wiring		n.	布线
yan		n.	燕
adrenaline		n.	肾上腺素
alexa		n.	亚历克萨
alleviate		v.	减轻
amd		n.	超威
anarchy		n.	无政府状态
ashore		adv.	上岸
aura		n.	气场
ballroom		n.	舞厅
beginner		n.	初学者
beginners		n.	初学者
bermuda		n.	百慕大
bilingual		adj.	双语的
bombings		n.	轰炸
bonded		adj.	保税的
boyle		n.	博伊尔
brenda		n.	布伦达
brewers		n.	酿酒者
briggs		n.	布里格斯
buchanan		n.	布坎南
buckingham		n.	白金汉
bundles		n.	束
calcutta		n.	加尔各答
canopy		n.	天篷
chennai		n.	金奈
cherish		v.	珍惜
comb		n.	梳子
completes		v.	完成
complexes		n.	复合体
conceal		v.	隐藏
cores		n.	核心
cruiser		n.	巡洋舰
cruising		v.	巡航
curl		v.	卷曲
dart		v.	飞奔
denim		n.	牛仔布
dependency		n.	依赖
detecting		v.	探测
dew		n.	露
dickens		n.	狄更斯
disable		v.	禁用
disconnected		adj.	断开的
dosage		n.	剂量
dysfunction		n.	功能障碍
ecosystems		n.	生态系统
encyclopedia		n.	百科全书
endowment		n.	捐赠基金
engraved		adj.	雕刻的
enrichment		n.	丰富
erect		v.	建造
erection		n.	勃起
examiner		n.	主考官
exercised		v.	行使
exeter		n.	埃克塞特
expenditures		n.	支出
expires		v.	到期
fauna		n.	动物群
fidelity		n.	忠实
finely		adv.	精细地
fischer		n.	菲舍尔
flirt		v.	调情
flirt		n.	调情者
fluent		adj.	流利的
flute		n.	长笛
footprint		n.	足迹
fore		adj.	前部的
forefront		n.	最前线
formulated		v.	阐述
freshwater		n.	淡水
grouped		v.	分组
harden		v.	变硬
hardened		adj.	hardened
henri		n.	亨利
hepatitis		n.	肝炎
howe		n.	豪
huntington		n.	亨廷顿
inherit		v.	继承
initiation		n.	开始
injections		n.	注射
integrating		v.	集成
ions		n.	离子
joanna		n.	乔安娜
kensington		n.	肯辛顿
lafayette		n.	拉法耶特
listener		n.	听众
lockdown		n.	封锁
mandarin		n.	普通话
mast		n.	桅杆
matte		adj.	无光泽的
mccartney		n.	麦卡特尼
middleton		n.	米德尔顿
mixes		v.	混合
morse		n.	摩尔斯
mounts		v.	登上
niagara		n.	尼亚加拉
nicotine		n.	尼古丁
nora		n.	诺拉
nordic		adj.	北欧的
notions		n.	观念
outward		adj.	向外的
packaged		v.	包装
packets		n.	小包
paige		n.	佩奇
peanuts		n.	花生
pep		n.	活力
piracy		n.	盗版
practise		v.	练习
presses		v.	按压
rave		v.	咆哮
reeves		n.	里夫ス
reno		n.	里诺
resembling		v.	像似
residual		adj.	剩余的
restricting		v.	限制
robe		n.	长袍
rye		n.	黑麦
sails		n.	帆
sensational		adj.	轰动的
smokers		n.	吸烟者
socket		n.	插座
spanning		v.	跨越
specifics		n.	细节
spouses		n.	配偶
starve		v.	挨饿
stool		n.	凳子
stripping		v.	剥离
subscriber		n.	订户
systematically		adv.	系统地
tex		n.	Tex
tibet		n.	西藏
toledo		n.	托莱多
tread		v.	踩
tread		n.	胎面
tsunami		n.	海啸
typed		v.	打字
tyranny		n.	暴政
tyres		n.	轮胎
unfit		adj.	不适宜的
uphold		v.	维护
vita		n.	履历
volunteering		n.	志愿服务
warwick		n.	沃里克
waterloo		n.	滑铁卢
weeds		n.	杂草
weir		n.	堰
wonderland		n.	仙境
zoning		n.	分区
accessibility		n.	无障碍
airplanes		n.	飞机
aloud		adv.	大声地
angular		adj.	有角的
anterior		adj.	前面的
appendix		n.	附录
appendix		n.	阑尾
approx		adv.	大约
auditorium		n.	礼堂
augustine		n.	奥古斯丁
barking		v.	吠叫
bauer		n.	鲍尔
benign		adj.	良性的
berkshire		n.	伯克郡
bios		n.	BIOS
bleach		v.	漂白
boast		v.	自夸
bowen		n.	鲍恩
brandy		n.	白兰地
brethren		n.	弟兄
carving		n.	雕刻
cecil		n.	塞西尔
chemist		n.	化学家
coastline		n.	海岸线
cobra		n.	眼镜蛇
collaborate		v.	合作
compensated		v.	补偿
cosmos		n.	宇宙
councillors		n.	议员
cuff		n.	袖口
curling		n.	冰壶
cyclone		n.	气旋
dedicate		v.	献身
deleting		v.	删除
deposition		n.	沉积
deposition		n.	证词
derive		v.	推导
derive		v.	起源于
descend		v.	下降
descending		v.	下降
diligence		n.	勤奋
discriminate		v.	歧视
distributions		n.	分布
diversion		n.	转移
doorway		n.	门口
drilled		v.	钻
emailed		v.	发电子邮件
empower		v.	授权
ernst		n.	恩斯特
ethiopian		n.	埃塞俄比亚人
ethiopian		adj.	埃塞俄比亚的
excerpt		n.	摘录
ezra		n.	以斯拉
fabricated		v.	捏造
filmmakers		n.	电影制片人
filtered		v.	过滤
gatherings		n.	集会
georgian		n.	格鲁吉亚人
georgian		adj.	格鲁吉亚的
getaway		n.	逃走
glamour		n.	魅力
humphrey		n.	汉弗莱
icp		n.	内容提供商
imap		n.	邮件访问协议
inbox		n.	收件箱
incidentally		adv.	顺便
infinitely		adv.	无限地
influenza		n.	流感
informs		v.	通知
inspected		v.	检查
instructional		adj.	教学的
introductory		adj.	介绍的
jaguar		n.	美洲豹
judgments		n.	判断
laurent		n.	洛朗
licking		v.	舔
ling		n.	长鳍鳕
loft		n.	阁楼
lois		n.	洛伊丝
mediated		v.	调解
mediation		n.	调解
merrill		n.	美林
metrics		n.	度量
modular		adj.	模块化的
nutrient		n.	营养物
oslo		n.	奥斯陆
outlaw		n.	亡命之徒
outlaw		v.	宣布非法
oversee		v.	监督
parachute		n.	降落伞
parasite		n.	寄生虫
perennial		adj.	多年生的
persistence		n.	坚持
persistence		n.	持久性
porto		n.	波尔图
postage		n.	邮资
preschool		n.	幼儿园
procedural		adj.	程序上的
profoundly		adv.	深深地
prohibit		v.	禁止
pronunciation		n.	发音
quotation		n.	引用
registers		n.	寄存器
repression		n.	镇压
reprinted		v.	重印
resolving		v.	解决
roaring		adj.	轰鸣的
salisbury		n.	索尔兹伯里
seasoned		adj.	经验丰富的
sigma		n.	西格马
simulations		n.	模拟
specializing		v.	专门从事
spectator		n.	观众
stalls		n.	摊位
stripe		n.	条纹
symmetry		n.	对称
syndicate		n.	辛迪加
thornton		n.	桑顿
tibetan		adj.	西藏的
tighten		v.	收紧
townsend		n.	汤森
trustworthy		adj.	值得信赖的
tyre		n.	轮胎
ultrasound		n.	超声波
usher		n.	引座员
vacations		n.	假期
vascular		adj.	血管的
vets		n.	兽医
watkins		n.	沃特金斯
weiss		n.	魏斯
wholesome		adj.	有益健康的
wiley		n.	威利
yielded		v.	产生
absorbing		adj.	引人入胜的
adjoining		adj.	毗邻的
albuquerque		n.	阿尔伯克基
alternating		adj.	交替的
ancestry		n.	祖先
annex		v.	吞并
antibiotic		n.	抗生素
avenues		n.	大街
avid		adj.	热切的
avoids		v.	避免
badges		n.	徽章
barbados		n.	巴巴多斯
barge		n.	驳船
bert		n.	伯特
birch		n.	桦树
bland		adj.	平淡的
blended		adj.	混合的
bohemian		adj.	波希米亚的
bounded		v.	以…为界
bows		n.	弓
breastfeeding		n.	母乳喂养
bribe		n.	贿赂
bridal		adj.	新娘的
broadcasts		v.	播送
broadcasts		n.	广播节目
broccoli		n.	西兰花
buckle		n.	带扣
buckle		v.	扣上
burlington		n.	伯灵顿
cannes		n.	戛纳
canoe		n.	独木舟
centred		v.	居中
chords		n.	和弦
cider		n.	苹果酒
cobb		n.	科布
correlated		v.	关联
correspond		v.	符合
correspond		v.	通信
cradle		n.	摇篮
damien		n.	达米安
dayton		n.	代顿
deficits		n.	赤字
despise		v.	鄙视
diocese		n.	教区
dispersed		v.	分散
docs		n.	文档
eliot		n.	艾略特
enriched		v.	使丰富
equip		v.	装备
foley		n.	福莱
fulton		n.	富尔顿
garments		n.	服装
goldberg		n.	戈德堡
growers		n.	种植者
handler		n.	处理程序
havoc		n.	浩劫
hive		n.	蜂巢
honolulu		n.	檀香山
humid		adj.	潮湿的
hyderabad		n.	海得拉巴
illuminated		v.	照亮
implants		n.	植入物
influencing		v.	影响
jackpot		n.	头奖
kangaroo		n.	袋鼠
klaus		n.	克劳斯
knowingly		adv.	故意地
lex		n.	莱克斯
liberia		n.	利比里亚
lithuania		n.	立陶宛
litre		n.	升
locomotive		n.	火车头
longing		n.	渴望
mailed		v.	邮寄
mapped		v.	绘制地图
marcel		n.	马塞尔
mating		v.	交配
mesa		n.	梅萨
microscope		n.	显微镜
milky		adj.	乳白的
mixer		n.	搅拌机
modeled		v.	建模
multiply		v.	乘
narcotics		n.	麻醉品
nuggets		n.	块
nuisance		n.	讨厌的东西
obedience		n.	服从
obligated		adj.	有义务的
organise		v.	组织
outing		n.	远足
overdue		adj.	逾期的
overload		n.	超载
payable		adj.	应付的
picturesque		adj.	如画的
pillows		n.	枕头
pivot		n.	支点
preventive		adj.	预防性的
primer		n.	入门书
profitability		n.	盈利能力
provoke		v.	激怒
pulmonary		adj.	肺的
rad		n.	拉德
raspberry		n.	树莓
reconcile		v.	调和
regression		n.	回归
roaming		n.	漫游
router		n.	路由器
routines		n.	常规
ryder		n.	赖德
sabbath		n.	安息日
schneider		n.	施耐德
schwartz		n.	施瓦茨
scouting		n.	侦察
secretaries		n.	秘书
selfies		n.	自拍
seminars		n.	研讨会
shortages		n.	短缺
shovel		n.	铲子
skinner		n.	斯金纳
specializes		v.	专门从事
splits		v.	分裂
statutes		n.	法规
striving		v.	努力
surname		n.	姓
synonymous		adj.	同义的
tackling		v.	处理
tai		n.	泰
tallest		adj.	最高的
tedious		adj.	乏味的
toxins		n.	毒素
utilization		n.	利用
volkswagen		n.	大众
wink		v.	眨眼
woodward		n.	伍德沃德
yugoslavia		n.	南斯拉夫
actresses		n.	女演员
adhd		n.	注意缺陷多动障碍
ancestor		n.	祖先
arbor		n.	乔木
astronomical		adj.	天文的
authored		v.	撰写
autograph		n.	亲笔签名
automobiles		n.	汽车
axle		n.	轮轴
barley		n.	大麦
beyonce		n.	碧昂丝
botanical		adj.	植物的
bottled		v.	装瓶
braces		n.	牙套
brag		v.	吹嘘
breakout		n.	突破
chanel		n.	香奈儿
cheque		n.	支票
cisco		n.	思科
clarified		v.	澄清
cling		v.	紧贴
coco		n.	可可
coincide		v.	巧合
commemorate		v.	纪念
commits		v.	提交
concurrent		adj.	同时的
corrupted		adj.	损坏的
coventry		n.	考文垂
crocodile		n.	鳄鱼
derrick		n.	井架
diaper		n.	尿布
differentiation		n.	区分
dine		v.	进餐
disadvantaged		adj.	弱势的
disadvantages		n.	缺点
dissolve		v.	溶解
dubious		adj.	可疑的
dudley		n.	达德利
elk		n.	麋鹿
expectancy		n.	预期
fielding		v.	守备
fingerprint		n.	指纹
fisherman		n.	渔民
flap		n.	拍打
folklore		n.	民俗
galactic		adj.	银河的
gardener		n.	园丁
getty		n.	盖蒂
grassroots		n.	基层
grazing		v.	放牧
guinness		n.	吉尼斯
gunshot		n.	枪声
habitats		n.	栖息地
hailed		v.	欢呼
homestead		n.	宅地
horsepower		n.	马力
hue		n.	色调
insurers		n.	保险公司
intellect		n.	智力
interchange		n.	互通式立交桥
isabella		n.	伊莎贝拉
jihad		n.	圣战
knob		n.	旋钮
kristen		n.	克尔斯滕
lapse		n.	失误
lapse		v.	失效
laundering		n.	洗钱
ledger		n.	分类账
loaf		n.	一条面包
loaf		v.	游荡
lodged		v.	寄住
login		n.	登录
loot		n.	战利品
loot		v.	掠夺
lorenzo		n.	洛伦佐
magnesium		n.	镁
malware		n.	恶意软件
mclaren		n.	迈凯伦
motorcycles		n.	摩托车
myriad		n.	无数
myriad		adj.	无数的
nan		n.	奶奶
nasal		adj.	鼻的
nautical		adj.	航海的
northampton		n.	北安普顿
noteworthy		adj.	值得注意的
odor		n.	气味
oprah		n.	奥普拉
organising		v.	组织
overwatch		n.	守望
paddle		n.	桨
paddle		v.	划桨
parrot		n.	鹦鹉
parrot		v.	鹦鹉学舌
patel		n.	帕特尔
peg		n.	木钉
peg		v.	固定
pesticides		n.	杀虫剂
pixels		n.	像素
plunge		v.	暴跌
plunge		n.	跳入
pragmatic		adj.	务实的
quasi		adj.	quasi
radiant		adj.	光芒四射的
reese		n.	里斯
refinery		n.	炼油厂
revoked		v.	撤销
rhymes		n.	押韵
sanity		n.	理智
scandinavian		n.	斯堪的纳维亚人
scandinavian		adj.	斯堪的纳维亚的
scotia		n.	斯科舍
scratched		v.	抓伤
sears		n.	西尔斯
showdown		n.	对决
shuffle		v.	洗牌
shuffle		n.	洗牌
siding		n.	侧板
simulated		adj.	模拟的
skyline		n.	天际线
slab		n.	板
stacks		n.	堆
stocking		n.	长袜
subscriptions		n.	订阅
suites		n.	套房
supplemental		adj.	补充的
tariff		n.	关税
techno		n.	铁克诺音乐
teller		n.	出纳员
textiles		n.	纺织品
therapies		n.	疗法
trance		n.	恍惚
translating		v.	翻译
traveller		n.	旅行者
unforgettable		adj.	难忘的
vacancies		n.	空缺
violates		v.	违反
volatility		n.	波动性
weaken		v.	削弱
webcam		n.	网络摄像头
wen		n.	皮脂囊肿
weston		n.	韦斯顿
xavier		n.	泽维尔
yorker		n.	约克球
abolish		v.	废除
accessing		v.	访问
accommodations		n.	住宿
accumulate		v.	积累
ajax		n.	阿贾克斯
ama		n.	AMA
ammo		n.	弹药
analysed		v.	分析
andreas		n.	安德烈亚斯
angelina		n.	安吉丽娜
anthology		n.	选集
antiques		n.	古董
anyhow		adv.	无论如何
arrivals		n.	到达者
assemblies		n.	集会
auditor		n.	审计员
avalanche		n.	雪崩
azerbaijan		n.	阿塞拜疆
badger		n.	獾
ballistic		adj.	弹道的
becker		n.	贝克尔
bidder		n.	投标人
birthdays		n.	生日
blackburn		n.	布莱克本
blockbuster		n.	大片
blueprint		n.	蓝图
broadcasters		n.	广播公司
byrne		n.	伯恩
cadillac		n.	凯迪拉克
cameo		n.	客串
cassidy		n.	卡西迪
chromosome		n.	染色体
clarkson		n.	克拉克森
claus		n.	克劳斯
comcast		n.	康卡斯特
commencement		n.	毕业典礼
concede		v.	承认
conducts		v.	进行
converse		v.	交谈
correcting		v.	纠正
corrosion		n.	腐蚀
crib		n.	婴儿床
crossroads		n.	十字路口
deter		v.	阻止
diner		n.	小餐馆
disneyland		n.	迪士尼乐园
disposition		n.	性情
documentaries		n.	纪录片
ecstasy		n.	狂喜
eliza		n.	伊莱莎
emphasizes		v.	强调
empowering		v.	赋权
engagements		n.	婚约
envoy		n.	使者
estonia		n.	爱沙尼亚
expiration		n.	到期
expressly		adv.	明确地
fabrication		n.	捏造
facilitated		v.	促进
fascination		n.	着迷
fir		n.	冷杉
foreigner		n.	外国人
formulation		n.	表述
francs		n.	法郎
frontal		adj.	正面的
fungi		n.	真菌
gonzalez		n.	冈萨雷斯
gradient		n.	梯度
gwen		n.	格温
herring		n.	鲱鱼
hires		v.	雇用
hopper		n.	料斗
hysterical		adj.	歇斯底里的
implant		n.	植入物
incompatible		adj.	不兼容的
injunction		n.	禁令
jays		n.	松鸦
jeremiah		n.	耶利米
jude		n.	裘德
kathryn		n.	凯瑟琳
keynote		n.	主旨演讲
kidnap		v.	绑架
kiev		n.	基辅
krishna		n.	克里希那
lama		n.	喇嘛
lcd		n.	液晶
learners		n.	学习者
liquidcrystaldisplay		n.	液晶显示器
liquids		n.	液体
mclean		n.	麦克莱恩
meats		n.	肉类
michele		n.	米歇尔
motivational		adj.	激励的
natasha		n.	娜塔莎
nightly		adv.	每晚
noir		n.	黑色电影
notwithstanding		prep.	尽管
originating		v.	起源
pans		n.	平底锅
pauline		n.	波琳
paw		n.	爪子
pharmaceuticals		n.	药品
pianist		n.	钢琴家
placebo		n.	安慰剂
podcasts		n.	播客
pointers		n.	指针
postpone		v.	推迟
punt		v.	踢悬空球
repetition		n.	重复
retrospective		n.	回顾
revise		v.	修订
righteousness		n.	正义
rinse		v.	冲洗
robbins		n.	罗宾斯
rss		n.	RSS
sal		n.	萨尔
schultz		n.	舒尔茨
scrolling		n.	滚动
sealing		n.	密封
sheds		n.	棚屋
shutter		n.	百叶窗
smartest		adj.	最聪明的
spans		v.	跨越
sparrow		n.	麻雀
speculate		v.	推测
spinach		n.	菠菜
stew		n.	炖菜
stirling		n.	斯特灵
strauss		n.	施特劳斯
styling		n.	造型
sublime		adj.	崇高的
subtitles		n.	字幕
teamwork		n.	团队合作
terrestrial		adj.	陆地的
textures		n.	纹理
thorn		n.	刺
thug		n.	暴徒
tit		n.	山雀
totals		n.	总计
tulsa		n.	塔尔萨
ufo		n.	不明飞行物
uncover		v.	揭露
usb-a		n.	USB-A
virtues		n.	美德
volvo		n.	沃尔沃
vouchers		n.	代金券
waived		v.	放弃
wharf		n.	码头
wiser		adj.	更明智的
wrestle		v.	摔跤
yates		n.	耶茨
accountants		n.	会计师
addison		n.	艾迪生
alberto		n.	阿尔贝托
alto		n.	女低音
analyse		v.	分析
anomaly		n.	异常
aperture		n.	光圈
apostles		n.	使徒
apprenticeship		n.	学徒期
aspire		v.	渴望
benches		n.	长凳
biodiversity		n.	生物多样性
biomedical		adj.	生物医学的
breadth		n.	宽度
buster		n.	破坏者
cascade		n.	瀑布
casinos		n.	赌场
centralized		adj.	集中的
char		n.	字符
concord		n.	一致
connector		n.	连接器
connie		n.	康妮
consolidate		v.	巩固
containment		n.	遏制
coupling		n.	耦合
crate		n.	板条箱
dane		n.	丹麦人
dillon		n.	狄龙
diluted		adj.	稀释的
eddy		n.	涡流
establishes		v.	建立
experimentation		n.	实验
extremes		n.	极端
flashback		n.	倒叙
fluctuations		n.	波动
forecasting		n.	预测
friedman		n.	弗里德曼
ftp		n.	文件传输协议
gail		n.	盖尔
gloss		n.	光泽
grading		n.	评分
grips		n.	握把
horizons		n.	地平线
hush		v.	使安静
ibn		n.	伊本
imitation		n.	模仿
immersion		n.	沉浸
interfaces		n.	接口
intrinsic		adj.	固有的
joanne		n.	乔安妮
kittens		n.	小猫
landmarks		n.	地标
landslide		n.	山体滑坡
leah		n.	利亚
makeover		n.	改头换面
marcos		n.	马科斯
maureen		n.	莫琳
melodies		n.	旋律
memorandum		n.	备忘录
mercer		n.	布商
mermaid		n.	美人鱼
moderation		n.	适度
moroccan		adj.	摩洛哥的
nano		n.	纳米
notation		n.	记号法
ordeal		n.	严峻考验
paranormal		adj.	超自然的
paso		n.	山口
pear		n.	梨
piston		n.	活塞
plugs		n.	插头
pollen		n.	花粉
principals		n.	校长
reggae		n.	雷鬼
respectfully		adv.	恭敬地
reviewer		n.	审稿人
reviewers		n.	审稿人
rewrite		v.	重写
rewrite		n.	改写
rodeo		n.	竞技表演
sheridan		n.	谢里丹
sherwood		n.	舍伍德
shire		n.	郡
sinks		n.	水槽
sinks		v.	下沉
slit		n.	裂缝
stockings		n.	长袜
stuffing		n.	填料
substituted		v.	代替
sutherland		n.	萨瑟兰
taboo		n.	禁忌
throttle		n.	节流阀
tides		n.	潮汐
trendy		adj.	时髦的
trimmed		v.	修剪
trivia		n.	琐事
turbulent		adj.	动荡的
underage		adj.	未成年的
unleashed		v.	释放
visas		n.	签证
vortex		n.	漩涡
voucher		n.	凭证
wand		n.	魔杖
warmed		v.	变暖
advert		n.	广告
afforded		v.	负担得起
alias		n.	别名
anaheim		n.	阿纳海姆
annoy		v.	使恼怒
antibody		n.	抗体
apostle		n.	使徒
applaud		v.	鼓掌
arteries		n.	动脉
asians		n.	亚洲人
belarus		n.	白俄罗斯
billie		n.	比利
bondage		n.	束缚
boredom		n.	无聊
bowman		n.	弓箭手
breeders		n.	饲养员
brilliantly		adv.	出色地
brunch		n.	早午餐
buckley		n.	巴克利
burgundy		n.	勃艮第
cabinets		n.	橱柜
carlisle		n.	卡莱尔
carolyn		n.	卡罗琳
castles		n.	城堡
changer		n.	转换器
chestnut		n.	栗子
cleaners		n.	清洁工
cleanup		n.	清理
clemson		n.	克莱姆森
cocks		n.	公鸡
cocks		v.	粗暴对待
compose		v.	组成
compose		v.	创作
concise		adj.	简洁的
confinement		n.	监禁
confinement		n.	分娩
consultancy		n.	咨询
contraction		n.	收缩
contraction		n.	缩写
convergence		n.	汇聚
criterion		n.	标准
cummings		n.	卡明斯
cylinders		n.	圆柱
cylinders		n.	气缸
deduction		n.	推论
deduction		n.	扣除
detectors		n.	探测器
dialog		n.	对话
digestive		adj.	消化的
diminish		v.	减少
disclaimer		n.	免责声明
disconnect		v.	断开
discriminatory		adj.	歧视性的
dorset		n.	多塞特
dvds		n.	DVD光盘
endlessly		adv.	无尽地
enthusiast		n.	爱好者
epilepsy		n.	癫痫
estimation		n.	估计
ethanol		n.	乙醇
excavation		n.	挖掘
feeder		n.	饲养器
feeder		n.	支线
flashlight		n.	手电筒
garland		n.	花环
globalization		n.	全球化
gpu		n.	图形处理器
graphical		adj.	图形的
grouping		n.	分组
harding		n.	哈丁
iced		adj.	冰镇的
illustrator		n.	插画家
imbalance		n.	失衡
implicated		v.	牵连
initials		n.	姓名首字母
instrumentation		n.	仪器
instrumentation		n.	配器
kappa		n.	卡帕
ketchup		n.	番茄酱
leukemia		n.	白血病
levine		n.	莱文
lineage		n.	血统
liter		n.	升
lorraine		n.	洛林
lyons		n.	里昂
manpower		n.	人力
marley		n.	马利
martyr		n.	烈士
masturbation		n.	手淫
mitigation		n.	缓解
motorway		n.	高速公路
obscene		adj.	淫秽的
octopus		n.	章鱼
onward		adv.	向前
opium		n.	鸦片
ovarian		adj.	卵巢的
peck		v.	啄
permitting		v.	允许
petals		n.	花瓣
picasso		n.	毕加索
pierced		v.	刺穿
pistols		n.	手枪
plight		n.	困境
ponds		n.	池塘
presiding		v.	主持
propulsion		n.	推进
registering		v.	登记
rejoice		v.	欢喜
reproduced		v.	复制
rihanna		n.	蕾哈娜
roam		v.	漫游
sandals		n.	凉鞋
serpent		n.	蛇
sesame		n.	芝麻
sicily		n.	西西里岛
simplify		v.	简化
siren		n.	警报器
slater		n.	斯莱特
sleeper		n.	卧铺
smear		v.	涂抹
smear		n.	诽谤
snowy		adj.	下雪的
spectral		adj.	光谱的
spectral		adj.	幽灵般的
spoilers		n.	剧透
stains		n.	污渍
stalk		n.	茎
stalk		v.	跟踪
standings		n.	排名
statesman		n.	政治家
subcommittee		n.	小组委员会
suffice		v.	足够
surrounds		v.	包围
swat		v.	拍打
tram		n.	有轨电车
tutorials		n.	教程
underwood		n.	安德伍德
underworld		n.	黑社会
underworld		n.	阴间
vectors		n.	向量
vertically		adv.	垂直地
vigorous		adj.	有力的
yum		int.	好吃
zion		n.	锡安
alcoholism		n.	酗酒
amplifier		n.	放大器
auctions		n.	拍卖
audible		adj.	听得见的
avocado		n.	牛油果
avon		n.	雅芳
baskets		n.	篮子
beep		n.	哔声
beneficiaries		n.	受益人
biscuit		n.	饼干
bitterness		n.	苦味
brat		n.	顽童
bunk		n.	铺位
bunk		n.	胡说
candid		adj.	坦率的
carts		n.	手推车
ceilings		n.	天花板
cervical		adj.	颈的
checklist		n.	清单
cherokee		n.	切罗基
cheshire		n.	柴郡
cinderella		n.	灰姑娘
clamp		n.	夹具
clamp		v.	夹紧
competitiveness		n.	竞争力
composers		n.	作曲家
confidentiality		n.	保密性
configurations		n.	配置
contradiction		n.	矛盾
counselling		n.	咨询
cracker		n.	饼干
cracker		n.	爆竹
crackers		n.	饼干
cumberland		n.	坎伯兰
cunning		adj.	狡猾的
cunning		n.	狡猾
daly		n.	戴利
diabetic		adj.	糖尿病的
diabetic		n.	糖尿病患者
diaspora		n.	散居
digitally		adv.	数字地
dorsal		adj.	背的
durability		n.	耐久性
endeavour		n.	努力
endeavour		v.	努力
enroll		v.	注册
ernie		n.	厄尼
evidenced		v.	证明
extracts		n.	提取物
extracts		v.	提取
farrell		n.	法雷尔
forks		n.	叉子
forks		n.	分岔
gadget		n.	小玩意
gasp		v.	喘气
gasp		n.	喘息
genital		adj.	生殖器的
gong		n.	锣
graded		v.	分级
graders		n.	评分者
greasy		adj.	油腻的
grooming		n.	修饰
grooming		n.	美容护理
hacks		n.	黑客手段
hamburger		n.	汉堡包
homepage		n.	主页
hoops		n.	圈
how's		adv.	怎么样は
howell		n.	豪厄尔
imaginative		adj.	富有想象力的
implicit		adj.	含蓄的
inlet		n.	小湾
inlet		n.	入口
insensitive		adj.	不敏感的
interpreting		v.	口译
islanders		n.	岛民
jars		n.	罐子
keystone		n.	基石
knitting		n.	编织
kramer		n.	克雷默
layered		adj.	分层的
lieu		n.	场所
liquidity		n.	流动性
loch		n.	湖
lola		n.	萝拉
lotion		n.	洗剂
lows		n.	低点
lsp		n.	LSP
lucia		n.	露西亚
lutheran		n.	路德宗信徒
mains		n.	电源
mara		n.	玛拉
marquis		n.	侯爵
mayhem		n.	混乱
mens		n.	男装
merging		v.	合并
mould		n.	模具
neuroscience		n.	神经科学
niger		n.	尼日尔
nipple		n.	乳头
pasadena		n.	帕萨迪纳
pearce		n.	皮尔斯
pinnacle		n.	顶峰
plated		adj.	镀层的
pong		n.	乒乓
poorest		adj.	最穷的
programmers		n.	程序员
prosper		v.	繁荣
psi		n.	Psi希腊字母
quake		n.	地震
quake		v.	颤抖
qualitative		adj.	定性的
queries		n.	查询
racer		n.	赛车手
radial		adj.	径向的
realms		n.	领域
recap		v.	概括
recognizable		adj.	可识别的
regent		n.	摄政者
resumes		v.	恢复
resumes		n.	简历
revisions		n.	修订
riodejaneiro		n.	里约热内卢
roadside		n.	路边
saskatchewan		n.	萨斯喀彻温
scratches		v.	抓伤
scratches		n.	划痕
secretariat		n.	秘书处
sew		v.	缝纫
sham		n.	假货
sham		adj.	假的
slayer		n.	杀手
soothing		adj.	安抚的
specialised		adj.	专门的
statistic		n.	统计数值
steward		n.	乘务员
steward		n.	管家
stout		adj.	结实的
stripper		n.	脱衣舞者
stump		n.	树桩
stump		v.	难住
subordinate		n.	下属
subordinate		adj.	次要的
tentative		adj.	试探性的
topical		adj.	时下关注的
transforms		v.	转变
uneasy		adj.	不安的
unfold		v.	展开
variance		n.	差异
vested		adj.	既得的
walters		n.	沃尔特斯
wavelength		n.	波长
workload		n.	工作量
ageing		v.	变老
aigc		n.	人工智能生成内容
aux		adj.	辅助的
bead		n.	珠子
blackmail		n.	敲诈
blending		v.	混合
blindness		n.	失明
cafeteria		n.	自助餐厅
canary		n.	金丝雀
capacities		n.	能力
cardio		n.	有氧运动
caucasian		adj.	白人的
ceramics		n.	陶瓷
cheats		v.	欺骗
chilean		n.	智利人
clauses		n.	条款
clumsy		adj.	笨拙的
commuter		n.	通勤者
contingency		n.	意外事故
cupboard		n.	橱柜
customized		adj.	定制的
defences		n.	防御
deprivation		n.	剥夺
dewey		n.	杜威
diversified		adj.	多样化的
documenting		v.	记录
downing		v.	击倒
duly		adv.	适当地
dusk		n.	黄昏
edits		n.	编辑
enchanted		adj.	被施魔法的
environmentally		adv.	在环境方面
episcopal		adj.	主教的
everlasting		adj.	永恒的
feasibility		n.	可行性
federally		adv.	联邦地
flavored		adj.	调味的
formulas		n.	公式
frenzy		n.	狂乱
fridays		adv.	每周五
fuckers		n.	混蛋
fulfillment		n.	履行
godfather		n.	教父
gould		n.	古尔德
gran		n.	奶奶
groundwater		n.	地下水
heidi		n.	海蒂
hyundai		n.	现代
illusions		n.	幻觉
indifferent		adj.	漠不关心的
inject		v.	注射
interiors		n.	内部
invariably		adv.	始终
jams		n.	果酱
jubilee		n.	禧年
kia		n.	起亚
kinetic		adj.	动力学的
lam		n.	逃走
latvia		n.	拉脱维亚
laurence		n.	劳伦斯
lavender		n.	薰衣草
lodging		n.	住宿
lowell		n.	洛厄尔
malls		n.	购物中心
mania		n.	狂热
medically		adv.	医学上
menus		n.	菜单
mule		n.	骡子
nathaniel		n.	纳撒尼尔
neutron		n.	中子
newcomers		n.	新来者
nicaragua		n.	尼加拉瓜
nicholson		n.	尼科尔森
occupations		n.	职业
oecd		n.	经合组织
orderly		adj.	整齐的
orderly		n.	勤务兵
orient		v.	确定方向
orion		n.	猎户座
outset		n.	开始
patio		n.	露台
peacock		n.	孔雀
pepsi		n.	百事
pines		n.	松树
plugged		v.	插入
postcard		n.	明信片
pow		int.	砰
precursor		n.	先兆
preferable		adj.	更可取的
preparatory		adj.	预备的
prism		n.	棱镜
questionnaire		n.	问卷
reclaim		v.	收回
redevelopment		n.	再开发
reflex		n.	反射
relocate		v.	搬迁
renal		adj.	肾的
repayment		n.	偿还
residences		n.	住所
rhythms		n.	节奏
riddle		n.	谜语
rivera		n.	里维拉
roach		n.	蟑螂
roe		n.	鱼卵
royalties		n.	版税
saddam		n.	萨达姆
santaclaus		n.	圣诞老人
sapphire		n.	蓝宝石
seam		n.	接缝
sectional		adj.	截面的
servicing		n.	维修服务
shrinking		v.	缩小
simulate		v.	模拟
sioux		n.	苏族
sloan		n.	斯隆
sniff		v.	嗅
soaring		adj.	飙升的
soaring		n.	翱翔
soluble		adj.	可溶的
solvent		n.	溶剂
solvent		adj.	有偿付能力的
spaced		adj.	隔开的
squid		n.	鱿鱼
stamford		n.	斯坦福
stocked		adj.	备有现货的
sturdy		adj.	结实的
swarm		n.	蜂群
swarm		v.	涌向
tanker		n.	油轮
taxis		n.	出租车
terra		n.	特拉
timetable		n.	时刻表
torpedo		n.	鱼雷
trolley		n.	手推车
vaginal		adj.	阴道的
vance		n.	万斯
verbs		n.	动词
viability		n.	可行性
villas		n.	别墅
whispered		v.	低语
widening		v.	加宽
winged		adj.	有翼的
wrought		v.	锻造
yearbook		n.	年鉴
ache		v.	疼痛
ache		n.	疼痛
advises		v.	建议
afro		n.	爆炸头
anchors		n.	锚
appraisal		n.	评价
aqua		n.	水色
aspen		n.	白杨
atlantis		n.	亚特兰蒂斯
augustus		n.	奥古斯都
barnett		n.	巴内特
baylor		n.	贝勒
bernstein		n.	伯恩斯坦
bleak		adj.	荒凉的
bleak		adj.	暗淡的
blender		n.	搅拌机
bogus		adj.	假的
bridget		n.	布丽姬特
burt		n.	伯特
cages		n.	笼子
caldwell		n.	考德威尔
centric		adj.	以…为中心的
chaired		v.	主持
chlorine		n.	氯
chow		n.	食物
chow		n.	松狮犬
chubby		adj.	圆润的
clement		n.	克莱门特
contractual		adj.	合同的
correctional		adj.	惩教的
corridors		n.	走廊
creamy		adj.	奶油般的
cubes		n.	立方体
deterioration		n.	恶化
diapers		n.	尿布
dirk		n.	匕首
discreet		adj.	谨慎的
dizzy		adj.	头晕的
dustin		n.	达斯汀
evaluations		n.	评估
everest		n.	珠穆朗玛峰
exporting		v.	出口
expressive		adj.	富有表现力的
facilitating		v.	促进
fiddle		n.	小提琴
flaming		adj.	燃烧的
folds		v.	折叠
garfield		n.	加菲猫
generalized		adj.	广义的
glossy		adj.	光滑的
gregg		n.	格雷格
grit		n.	砂砾
harassing		v.	骚扰
hectares		n.	公顷
hobart		n.	霍巴特
homelessness		n.	无家可归
hostel		n.	青年旅舍
hound		n.	猎犬
illegitimate		adj.	非法的
illicit		adj.	违禁的
importing		v.	进口
insomnia		n.	失眠
interception		n.	拦截
juniors		n.	后辈
karaoke		n.	卡拉OK
kosovo		n.	科索沃
lagoon		n.	潟湖
lesions		n.	损伤
limp		adj.	软弱的
linguistics		n.	语言学
locating		v.	定位
manitoba		n.	马尼托巴
manufactures		v.	制造
mastering		v.	掌握
mead		n.	蜂蜜酒
mergers		n.	合并
migrate		v.	迁徙
miraculous		adj.	奇迹般的
moaning		v.	呻吟
mourn		v.	哀悼
nay		adv.	不然
ngo		n.	非政府组织
nielsen		n.	尼尔森
obsessive		adj.	强迫性的
pendant		n.	吊坠
petite		adj.	娇小的
petitions		n.	请愿
pimp		n.	皮条客
pipelines		n.	管道
poised		adj.	镇定的
posterior		adj.	后面的
pouch		n.	小袋
predicts		v.	预测
prescriptions		n.	处方
probes		n.	探针
proficiency		n.	熟练
reinforcement		n.	强化
repertoire		n.	曲目
repository		n.	仓库
rumble		v.	发出隆隆声
saloon		n.	酒馆
sanction		n.	制裁
sexes		n.	性别
shack		n.	棚屋
sire		n.	陛下
smtp		n.	简单邮件传输协议
stale		adj.	陈旧的
stereotype		n.	刻板印象
sterile		adj.	无菌的
stride		n.	大步
stringent		adj.	严格的
sulfur		n.	硫
suzuki		n.	铃木
therapists		n.	治疗师
torrent		n.	激流
trainee		n.	实习生
transmitting		v.	传输
tummy		n.	肚子
uploading		v.	上传
vaughan		n.	沃恩
vivian		n.	薇薇安
warehouses		n.	仓库
whack		v.	重击
wichita		n.	威奇托
wilmington		n.	威尔明顿
wwdc		n.	苹果开发者大会
zambia		n.	赞比亚
accelerator		n.	加速器
acrylic		adj.	丙烯酸的
acrylic		n.	丙烯酸
ames		n.	埃姆斯
anchorage		n.	安克雷奇
approves		v.	批准
atkinson		n.	阿特金森
ballad		n.	民谣
basel		n.	巴塞尔
bel		n.	贝尔
betray		v.	背叛
betsy		n.	贝茜
biotechnology		n.	生物技术
bookstore		n.	书店
boone		n.	布恩
bots		n.	机器人
breakers		n.	断路器
broom		n.	扫帚
browne		n.	布朗
buffy		n.	巴菲
cary		n.	卡里
catalan		n.	加泰罗尼亚语
chiefly		adv.	主要地
childbirth		n.	分娩
compliant		adj.	合规的
continuum		n.	连续体
corona		n.	冠状物
corona		n.	日冕
cruises		n.	巡航
cultivate		v.	培养
dealership		n.	经销店
decker		n.	双层结构
defy		v.	违抗
della		n.	德拉
denotes		v.	表示
devoid		adj.	缺乏的
diagrams		n.	图表
dickinson		n.	狄金森
diva		n.	歌剧女主角
divert		v.	转移
drawers		n.	抽屉
drawers		n.	内裤
eater		n.	食者
eaton		n.	伊顿
elegance		n.	优雅
encrypted		v.	加密
escorts		v.	护送
extraordinarily		adv.	格外
farmhouse		n.	农舍
fertilizer		n.	肥料
filler		n.	填充物
fishes		n.	鱼类
flea		n.	跳蚤
footwear		n.	鞋类
fritz		n.	弗里茨
froze		v.	冻结
giovanni		n.	乔瓦尼
goodies		n.	好东西
greenland		n.	格陵兰
handbag		n.	手提包
handicapped		adj.	残障的
haze		n.	霾
headquartered		v.	总部设于
helium		n.	氦
hemp		n.	大麻
hitch		v.	搭便车
hutchinson		n.	哈钦森
inhibitors		n.	抑制剂
intrusion		n.	侵入
inverse		adj.	相反的
inverted		adj.	倒置的
irritation		n.	恼怒
juices		n.	果汁
julio		n.	胡里奥
keywords		n.	关键词
libyan		adj.	利比亚的
livingston		n.	利文斯顿
mansfield		n.	曼斯菲尔德
mckenzie		n.	麦肯齐
merlin		n.	梅林
midland		n.	内地
miscellaneous		adj.	各种各样的
morrow		n.	次日
moto		n.	摩托车
mozart		n.	莫扎特
mutants		n.	变种人
muted		adj.	静音的
noodle		n.	面条
nylon		n.	尼龙
override		v.	覆盖
ozone		n.	臭氧
pac-man		n.	吃豆人
papua		n.	巴布亚
paving		n.	铺路
peruvian		adj.	秘鲁的
phosphate		n.	磷酸盐
physicist		n.	物理学家
piping		n.	管道
prescott		n.	普雷斯科ット
prohibits		v.	禁止
proton		n.	质子
redesign		v.	重新设计
rentals		n.	租赁
reopen		v.	重新开放
replication		n.	复制
rotor		n.	转子
sediment		n.	沉积物
spacing		n.	间距
standby		n.	待机
straps		n.	带子
stumble		v.	绊倒
supermarkets		n.	超市
talbot		n.	塔尔博特
therein		adv.	在其中
triangular		adj.	三角形的
ubiquitous		adj.	无处不在的
vega		n.	织女星
visionary		adj.	有远见的
voodoo		n.	巫毒教
wigan		n.	维冈
wilder		adj.	更狂野的
witchcraft		n.	巫术
agile		adj.	敏捷的
aides		n.	助手
aristotle		n.	亚里士多德
artifact		n.	人工制品
axes		n.	轴
axes		n.	斧
beethoven		n.	贝多芬
biking		v.	骑自行车
boob		n.	胸部
bouquet		n.	花束
browning		n.	布朗宁
bullock		n.	阉牛
cad		n.	卑鄙之徒
cartridges		n.	弹药筒
carve		v.	雕刻
clubhouse		n.	会所
coarse		adj.	粗糙的
collegiate		adj.	学院的
commonplace		adj.	平凡的
commonplace		n.	老生常谈
compute		v.	计算
conan		n.	柯南
constrained		adj.	受限的
contemplate		v.	沉思
converter		n.	转换器
coop		n.	鸡笼
coronary		adj.	冠状动脉的
cottages		n.	村舍
cucumber		n.	黄瓜
darts		n.	飞镖
deco		n.	装饰艺术
depict		v.	描绘
diagnose		v.	诊断
directorate		n.	董事会
diver		n.	潜水员
dora		n.	朵拉
dotted		adj.	有点的
embarrass		v.	使尴尬
emmanuel		n.	伊曼纽尔
encompasses		v.	包含
enquiry		n.	询问
evergreen		adj.	常绿的
excerpts		n.	摘录
explorers		n.	探险家
fades		v.	褪色
fedex		n.	联邦快递
figs		n.	无花果
filth		n.	污秽
firefox		n.	火狐浏览器
foliage		n.	叶子
foreclosure		n.	止赎
fortnight		n.	两星期
genie		n.	精灵
georges		n.	乔治
goo		n.	黏糊物
goodwin		n.	古德温
helper		n.	帮手
hoop		n.	箍
hypertension		n.	高血压
indefinite		adj.	不确定的
indices		n.	指数
insightful		adj.	有洞察力的
invitations		n.	邀请
ipswich		n.	伊普斯威奇
irrespective		adv.	不顾
jacks		n.	抓子游戏
jeanne		n.	珍妮
kyoto		n.	京都
leases		n.	租约
levin		n.	莱文
mackay		n.	麦凯
marian		n.	玛丽安
melts		v.	融化
michaels		n.	迈克尔斯
moderator		n.	主持人
momma		n.	妈妈
monstrous		adj.	巨大的
moran		n.	莫兰
morphology		n.	形态学
nasdaq		n.	纳斯达克
natal		adj.	出生的
nodded		v.	点头
novice		n.	新手
obituary		n.	讣告
olivier		n.	奥利维尔
ordination		n.	授圣职礼
owls		n.	猫头鹰
parity		n.	同等
paterson		n.	帕特森
percentages		n.	百分比
pests		n.	害虫
philips		n.	飞利浦
proactive		adj.	积极主动的
projector		n.	投影仪
prudent		adj.	谨慎的
qualifier		n.	预选赛
quincy		n.	昆西
radios		n.	收音机
refining		v.	提炼
regretted		v.	后悔
reputable		adj.	有声望的
revolving		v.	旋转
ricardo		n.	里卡多
ripple		n.	涟漪
salts		n.	盐
sampled		v.	采样
scrolls		n.	卷轴
seeker		n.	寻求者
sentinel		n.	哨兵
signalling		v.	发信号
slovenia		n.	斯洛文尼亚
solemn		adj.	庄严的
spacious		adj.	宽敞的
spheres		n.	球体
stacey		n.	史黛西
substantive		adj.	实质性的
substitution		n.	替换
tobago		n.	多巴哥
torah		n.	妥拉
torso		n.	躯干
transcripts		n.	成绩单
trojan		n.	木马
tumble		v.	跌倒
unpublished		adj.	未发表的
vitality		n.	活力
wc		n.	厕所
windshield		n.	挡风玻璃
wolfe		n.	沃尔夫
zodiac		n.	黄道带
accession		n.	就任
alvin		n.	阿尔文
amateurs		n.	业余爱好者
anders		n.	安德斯
archived		v.	存档
arithmetic		n.	算术
auditions		n.	试演
authoritative		adj.	权威的
barren		adj.	贫瘠的
basal		adj.	基础的
bedding		n.	床上用品
bender		n.	狂饮
bethlehem		n.	伯利恒
bicycles		n.	自行车
bourgeois		adj.	资产阶级的
braking		n.	刹车
brunette		n.	黑发女子
cactus		n.	仙人掌
carlson		n.	卡尔森
cassette		n.	磁带盒
childcare		n.	儿童保育
chocolates		n.	巧克力
chronological		adj.	按时间顺序的
cleavage		n.	劈开
clones		n.	克隆
cohort		n.	同群组
commandments		n.	诫命
conceive		v.	构想
condensed		adj.	浓缩的
convened		v.	召集
demos		n.	演示
deviation		n.	偏离
diffusion		n.	扩散
dildo		n.	假阴茎
embark		v.	上船
empires		n.	帝国
entrepreneurial		adj.	创业的
ether		n.	以太
etiquette		n.	礼节
exhibiting		v.	展出
extravagant		adj.	奢侈的
familiarity		n.	熟悉
fender		n.	挡泥板
ferris		n.	费里斯
fetal		adj.	胎儿的
fiance		n.	未婚夫
fittings		n.	配件
flushing		v.	冲洗
flushing		v.	脸红
fn		n.	函数
gorge		n.	峡谷
greenwood		n.	绿林
harp		n.	竖琴
hartley		n.	哈特利
hoodie		n.	连帽衫
housewife		n.	家庭主妇
housewives		n.	家庭主妇
hubs		n.	枢纽
incorporation		n.	合并
insure		v.	投保
kelley		n.	凯利
kimberly		n.	金伯莉
lacrosse		n.	长曲棍球
lars		n.	拉尔斯
latex		n.	乳胶
localized		adj.	局部的
lori		n.	洛里
malibu		n.	马里布
mammoth		n.	猛犸象
modem		n.	调制解调器
motif		n.	主题
openness		n.	开放
opt		v.	选择
optimized		v.	优化
oversized		adj.	过大的
paolo		n.	保罗
patton		n.	巴顿
peril		n.	危险
polly		n.	波莉
posh		adj.	豪华的
precaution		n.	预防措施
principally		adv.	主要地
professionalism		n.	专业精神
puppets		n.	木偶
rampage		v.	横冲直撞
recharge		v.	充电
reliably		adv.	可靠地
renovations		n.	翻新
retina		n.	视网膜
riff		n.	反复乐句
rosen		n.	罗森
rossi		n.	罗西
rutgers		n.	罗格斯大学
sahara		n.	撒哈拉沙漠
scattering		n.	散射
scrape		v.	刮
semantic		adj.	语义的
shear		v.	剪切
sherry		n.	雪利酒
silicone		n.	硅胶
slovakia		n.	斯洛伐ック
sly		adj.	狡猾的
smiley		n.	笑脸
smithsonian		n.	史密森尼
snoop		v.	窥探
sponsoring		v.	赞助
strands		n.	股、缕
strife		n.	纷争
superheroes		n.	超级英雄
tenor		n.	男高音
thrift		n.	节约
transformations		n.	变换
traverse		v.	穿越
turnaround		n.	好转、周转
uterus		n.	子宫
validate		v.	验证
warranted		adj.	有根据的
wildcats		n.	野猫
yielding		v.	屈服
zebra		n.	斑马
aces		n.	王牌
aft		adv.	在船尾
albion		n.	英格兰
anesthesia		n.	麻醉
appropriation		n.	挪用
appropriation		n.	拨款
aria		n.	咏叹调
articulated		v.	表达
babes		n.	婴儿
barefoot		adj.	赤脚的
bartlett		n.	巴特利特
bethesda		n.	贝塞斯达
blackpool		n.	布莱克浦
bournemouth		n.	伯恩茅斯
britney		n.	布兰妮
bruised		v.	挫伤
cabins		n.	小屋
checkpoint		n.	检查站
chloride		n.	氯化物
classify		v.	分类
clinically		adv.	临床上
coca-cola		n.	可口可乐
cocky		adj.	自大的
coefficient		n.	系数
collisions		n.	碰撞
conditioner		n.	空调
consultations		n.	咨询
conversions		n.	转换
cornerstone		n.	基石
correctness		n.	正确性
dentistry		n.	牙科
desks		n.	书桌
detainees		n.	被拘留者
dictated		v.	口述
dino		n.	恐龙
disks		n.	磁盘
disks		n.	圆盘
eff		int.	呃
elton		n.	埃尔顿
encore		n.	安可
epstein		n.	爱泼斯坦
err		v.	犯错
espresso		n.	浓缩咖啡
evade		v.	逃避
fab		adj.	极好的
fairs		n.	集市
freshmen		n.	新生
futile		adj.	徒劳的
gloomy		adj.	阴暗的
graceful		adj.	优雅的
hanoi		n.	河内
heist		n.	抢劫
hewitt		n.	休伊特
hinder		v.	阻碍
horseback		n.	马背
hospice		n.	临终关怀医院
hotline		n.	热线
inhibition		n.	抑制
integer		n.	整数
interdisciplinary		adj.	跨学科的
intermittent		adj.	间歇的
iteration		n.	迭代
kitchens		n.	厨房
langley		n.	兰利
liners		n.	班轮
madagascar		n.	马达加斯加
magnum		n.	大酒瓶
malay		n.	马来语
mandates		n.	授权
maxim		n.	格言
melancholy		n.	忧郁
meteorological		adj.	气象的
misty		adj.	有雾的
modifying		v.	修改
mop		n.	拖把
multicultural		adj.	多元文化的
negligible		adj.	可忽略的
nesting		n.	嵌套
nudity		n.	裸体
oceanic		adj.	海洋的
ornaments		n.	装饰品
outpost		n.	前哨
outputs		n.	输出
overflow		v.	溢出
oxidation		n.	氧化
panorama		n.	全景
pascal		n.	帕斯卡
peep		v.	偷看
pencils		n.	铅笔
pervasive		adj.	普遍的
pickle		n.	泡菜
pinky		n.	小指
predatory		adj.	掠食的
preface		n.	序言
prescribe		v.	开处方
rainforest		n.	雨林
raphael		n.	拉斐尔
reddish		adj.	微红的
refurbished		adj.	翻新的
reprint		v.	再版
rockies		n.	落基山脉
roommates		n.	室友
roulette		n.	轮盘
rounding		n.	舍入
rowing		n.	划船
rulings		n.	裁定
samoa		n.	萨摩亚
samson		n.	参孙
satin		n.	缎子
scatter		v.	散布
scramble		v.	争夺
scraps		n.	碎片
semantics		n.	语义学
skeletal		adj.	骨骼的
slows		v.	减慢
snapshot		n.	快照
soar		v.	翱翔
soar		v.	猛增
spherical		adj.	球形的
spotting		n.	发现
sprinkle		v.	洒
spruce		n.	云杉
spruce		adj.	整洁的
squared		adj.	平方的
stacy		n.	斯泰西
standalone		adj.	独立的
stimuli		n.	刺激
thinker		n.	思想家
troublesome		adj.	麻烦的
tumour		n.	肿瘤
twain		n.	马克·吐温
uncertainties		n.	不确定性
utopia		n.	乌托邦
vanish		v.	消失
visibly		adv.	明显地
waterways		n.	水道
wetlands		n.	湿地
whitman		n.	惠特曼
abigail		n.	阿比盖尔
abrupt		adj.	突然的
acronym		n.	首字母缩略词
advertiser		n.	广告商
affidavit		n.	宣誓书
antony		n.	安东尼
asserts		v.	断言
astrology		n.	占星术
attachments		n.	附件
authorize		v.	授权
barrow		n.	手推车
binds		v.	捆绑
biographical		adj.	传记的
biomass		n.	生物质
blouse		n.	女衬衫
borrowers		n.	借款人
botany		n.	植物学
bras		n.	胸罩
bulldog		n.	斗牛犬
caterpillar		n.	毛虫
censored		adj.	被审查的
chatter		n.	闲聊
compile		v.	编译
compressor		n.	压缩机
compton		n.	康普顿
conferred		v.	授予
cooke		n.	库克
deadlines		n.	截止日期
deceive		v.	欺骗
denny		n.	丹尼
diminishing		adj.	递减的
directional		adj.	方向的
ditto		pron.	同上
doctorate		n.	博士学位
doncaster		n.	唐卡斯特
dues		n.	会费
dumbest		adj.	最蠢的
dwellings		n.	住宅
electrode		n.	电极
elemental		adj.	元素的
elevate		v.	提升
eliminates		v.	消除
encoding		n.	编码
excludes		v.	排除
exemplary		adj.	典范的
fife		n.	横笛
gemini		n.	双子座
gifs		n.	动图
gland		n.	腺
gotcha		n.	陷阱
gutter		n.	排水沟
hearty		adj.	热情的
hillside		n.	山坡
hovering		v.	盘旋
impartial		adj.	公正的
imprint		n.	印记
incremental		adj.	增量的
infused		v.	注入
inhibitor		n.	抑制剂
initiating		v.	发起
inquire		v.	询问
insulated		adj.	绝缘的
jogging		n.	慢跑
jumbo		adj.	巨大的
katz		n.	卡茨
keyboards		n.	键盘
kraft		n.	卡夫
lash		n.	睫毛
latina		n.	拉丁裔女性
magnets		n.	磁铁
manuals		n.	手册
marianne		n.	玛丽安娜
meridian		n.	子午线
midi		n.	MIDI
misfortune		n.	不幸
mondays		n.	星期一
mountainous		adj.	多山的
newfoundland		n.	纽芬兰
olsen		n.	奥尔森
pilgrim		n.	朝圣者
positives		n.	正面
purdue		n.	普渡大学
qualifies		v.	合格
rake		n.	耙子
recalling		v.	回忆
resent		v.	怨恨
royale		n.	皇家
rumour		n.	谣言
safeguards		n.	保障
senegal		n.	塞内加尔
sequencing		n.	测序
shapiro		n.	夏皮罗
shea		n.	乳木果
shorten		v.	缩短
slime		n.	黏液
sow		v.	播种
sparkle		v.	闪耀
spawn		v.	产卵
sql		n.	结构化查询语言
synopsis		n.	概要
tanya		n.	塔尼娅
toddlers		n.	幼儿
tristan		n.	特里斯坦
validated		v.	验证
variability		n.	变异性
waltz		n.	华尔兹
wooded		adj.	树木繁茂的
adhesive		n.	粘合剂
adorned		v.	装饰
affluent		adj.	富裕的
anguish		n.	极度痛苦
annals		n.	编年史
antitrust		adj.	反垄断的
arid		adj.	干旱的
avg		n.	平均值
bandit		n.	强盗
bazaar		n.	集市
beneficiary		n.	受益人
biker		n.	摩托车手
birthplace		n.	出生地
bono		n.	博诺
bracelets		n.	手镯
brides		n.	新娘
brochure		n.	小册子
brokerage		n.	经纪业务
carpets		n.	地毯
chats		n.	聊天
cigars		n.	雪茄
closures		n.	关闭
cobalt		n.	钴
collier		n.	矿工
commodore		n.	海军准将
compiler		n.	编译器
conserve		v.	保存
constellation		n.	星座
contour		n.	轮廓
crispy		adj.	酥脆的
daytona		n.	代托纳
decidedly		adv.	坚决地
depreciation		n.	折旧
designate		v.	指定
discard		v.	丢弃
div		n.	分红
dixie		n.	迪克西
dunes		n.	沙丘
dyke		n.	堤坝
eclectic		adj.	折中的
eta		n.	希腊字母η
eyebrow		n.	眉毛
firefighter		n.	消防员
fluorescent		adj.	荧光的
francois		n.	弗朗索瓦
hallmark		n.	特征
hanover		n.	汉诺威
harrington		n.	哈灵顿
haste		n.	匆忙
heathrow		n.	希思罗
identifiable		adj.	可识别的
illiterate		adj.	文盲的
improvised		adj.	即兴的
inclination		n.	倾向
interpersonal		adj.	人际的
interracial		adj.	跨种族的
inward		adj.	向内的
ipo		n.	首次公开募股
jarvis		n.	贾维斯
johann		n.	约翰
jolie		n.	朱莉
judd		n.	贾德
kaplan		n.	卡普兰
kinky		adj.	古怪的
lenny		n.	莱尼
lessen		v.	减少
longitudinal		adj.	纵向的
loosen		v.	放松
macedonia		n.	马其顿
mandy		n.	曼迪
mcgee		n.	麦吉
mcgraw		n.	麦格劳
microscopic		adj.	微观的
moan		n.	呻吟
morphine		n.	吗啡
motorola		n.	摩托罗拉
nirvana		n.	涅槃
opaque		adj.	不透明的
originate		v.	起源
otter		n.	水獭
percussion		n.	打击乐
pigment		n.	颜料
plato		n.	柏拉图
predictive		adj.	预测的
proofs		n.	证明
pulses		n.	脉冲
racks		n.	架子
refunds		n.	退款
registrar		n.	登记员
rein		n.	缰绳
retard		v.	阻碍
reuse		v.	再利用
reyes		n.	雷耶斯
ritchie		n.	里奇
roadway		n.	车行道
rustic		adj.	乡村的
rutherford		n.	卢瑟福
sanitary		adj.	卫生的
saturation		n.	饱和
scams		n.	骗局
scarcity		n.	稀缺
scorpion		n.	蝎子
setback		n.	挫折
shrubs		n.	灌木
slippers		n.	拖鞋
smoker		n.	吸烟者
soho		n.	苏荷区
squeezing		v.	挤
stimulated		v.	刺激
stun		v.	使昏迷
surpass		v.	超过
tack		n.	图钉
tagging		v.	标记
tart		n.	水果挞
tart		adj.	酸的
transformer		n.	变压器
transient		adj.	短暂的
triumphant		adj.	胜利的
vending		v.	贩卖
wallets		n.	钱包
weep		v.	哭泣
welch		v.	赖账
wi-fi		n.	无线网络
woes		n.	苦恼
wrench		n.	扳手
wretched		adj.	可怜的
adler		n.	阿德勒
affirmed		v.	肯定
allowances		n.	津贴
ammonia		n.	氨
analogous		adj.	类似的
anglican		adj.	英国国教的
animations		n.	动画
ant-man		n.	蚁人
appropriations		n.	拨款
apron		n.	围裙
archaic		adj.	古旧的
attribution		n.	归因
benton		n.	本顿
biochemistry		n.	生物化学
boise		n.	博伊西
bop		v.	跳舞
bordeaux		n.	波尔多
burr		n.	毛刺
carbs		n.	碳水化合物
cavaliers		n.	骑士
censor		n.	审查员
censor		v.	审查
centennial		n.	百年
cheney		n.	切尼
cher		n.	雪儿
clover		n.	三叶草
coatings		n.	涂层
cookbook		n.	食谱
corinthians		n.	哥林多书
cosmopolitan		adj.	世界性的
counselors		n.	顾问
covid		n.	新冠
coyote		n.	郊狼
decorate		v.	装饰
decorating		v.	装饰
deductible		n.	免赔额
diagonal		n.	对角线
diagonal		adj.	对角的
dresser		n.	梳妆台
duff		adj.	劣质的
ebooks		n.	电子书
elm		n.	榆树
enquiries		n.	询问
equitable		adj.	公平的
estrogen		n.	雌激素
exert		v.	施加
expeditions		n.	探险
faculties		n.	能力
faculties		n.	全体教员
fernandez		n.	费尔南德斯
feudal		adj.	封建的
fins		n.	鳍
flattened		adj.	压平的
fleece		n.	羊毛
fleece		v.	敲诈
forwarded		v.	转发
galloway		n.	加洛韦
glare		n.	强光
glare		v.	怒视
gourmet		n.	美食家
handheld		adj.	手持的
hayward		n.	海沃德
helsinki		n.	赫尔辛基
herbal		adj.	草药的
horton		n.	霍顿
hump		n.	驼峰
implements		n.	工具
implements		v.	实施
incest		n.	乱伦
infect		v.	感染
infect		v.	污染
insertion		n.	插入
interruption		n.	中断
intrigue		n.	阴谋
intrigue		v.	密谋
jacqueline		n.	杰奎琳
joaquin		n.	华金
lattice		n.	格子
leroy		n.	勒罗伊
lowers		v.	降低
materially		adv.	实质上
metadata		n.	元数据
middlesex		n.	米德尔塞克斯
mischief		n.	恶作剧
mischief		n.	损害
modernization		n.	现代化
necessities		n.	必需品
neptune		n.	海王星
occupancy		n.	占用
oman		n.	阿曼
oncology		n.	肿瘤学
outsourcing		n.	外包
parcels		n.	包裹
pasture		v.	放牧
payload		n.	有效载荷
payout		n.	支出
persia		n.	波斯
pertinent		adj.	相关的
plentiful		adj.	丰富的
plumber		n.	水管工
png		n.	PNG图像
porno		n.	色情作品
portfolios		n.	投资组合
preserves		n.	果酱
promoters		n.	发起人
purchaser		n.	买主
realty		n.	房地产
reminders		n.	提醒
repealed		v.	废除
reptiles		n.	爬行动物
ribbons		n.	丝带
santo		n.	桑托
satirical		adj.	讽刺的
sensual		adj.	感官的
soften		v.	软化
sos		n.	求救信号
souvenir		n.	纪念品
spaceship		n.	宇宙飞船
sparse		adj.	稀疏的
steamer		n.	汽船
suction		n.	吸
sunflower		n.	向日葵
supplementary		adj.	补充的
surveyor		n.	测量员
swallowing		n.	吞咽
tailed		adj.	有尾巴的
temperament		n.	气质
topless		adj.	上空的
torment		n.	痛苦
tyrant		n.	暴君
undesirable		adj.	不受欢迎的
url		n.	网址
vineyards		n.	葡萄园
wastes		v.	浪费
wastes		n.	废物
wastewater		n.	废水
webpage		n.	网页
wheeled		adj.	有轮的
whipping		n.	鞭打
withheld		v.	扣留
withholding		n.	扣缴
wreath		n.	花环
akron		n.	阿克伦
albania		n.	阿尔巴尼亚
angie		n.	安吉
annuity		n.	年金
appliance		n.	电器
authentication		n.	身份验证
azure		n.	蔚蓝
azure		adj.	天蓝色的
berger		n.	贝尔热
blowjob		n.	口交
braun		n.	博朗
breeder		n.	饲养员
cadet		n.	军校学员
catfish		n.	鲶鱼
clerical		adj.	文书上的
clerical		adj.	教士的
collage		n.	拼贴画
complimentary		adj.	赞美的
complimentary		adj.	免费的
computation		n.	计算
conspicuous		adj.	显眼的
continual		adj.	不断的
contradict		v.	反驳
cords		n.	绳索
cupcake		n.	纸杯蛋糕
distinguishing		adj.	区别性的
dyer		n.	染工
enamel		n.	搪瓷
escalate		v.	升级
exceedingly		adv.	极其
excessively		adv.	过度
fetched		v.	取来
flashed		v.	闪光
fostering		v.	培养
frontline		n.	前线
genealogy		n.	家系
geographically		adv.	地理上
gibraltar		n.	直布罗陀
giggle		v.	咯咯笑
goggles		n.	护目镜
graphite		n.	石墨
gupta		n.	古普塔
haitian		adj.	海地的
heaviest		adj.	最重的
herpes		n.	疱疹
hostess		n.	女主人
iceberg		n.	冰山
ignite		v.	点燃
illumination		n.	照明
ingenious		adj.	巧妙的
janice		n.	珍妮丝
landfill		n.	垃圾填埋场
larson		n.	拉尔森
learner		n.	学习者
maldives		n.	马尔代夫
maroon		adj.	褐红色的
marriott		n.	万豪
masonry		n.	砌筑
maui		n.	毛伊岛
moor		v.	系泊
nigger		n.	黑鬼（蔑称）
oily		adj.	油腻的
parkway		n.	景观道路
pedestal		n.	基座
pedigree		n.	血统
phony		adj.	假的
pleasantly		adv.	愉快地
pluto		n.	冥王星
ponder		v.	思考
ramon		n.	拉蒙
rattle		v.	发出咯咯声
recycle		v.	回收利用
reimbursement		n.	报销
renault		n.	雷诺
renee		n.	勒妮
revert		v.	恢复
rolex		n.	劳力士
rowe		n.	罗威
rubin		n.	鲁宾
saliva		n.	唾液
senseless		adj.	无意义的
sermons		n.	布道
shortcut		n.	捷径
skye		n.	斯凯岛
slay		v.	杀死
summarized		v.	总结
sweeney		n.	斯威尼
synth		n.	合成器
tammy		n.	塔米
taxable		adj.	应纳税的
transmissions		n.	传输
treadmill		n.	跑步机
trucking		n.	卡车运输
vie		v.	竞争
wasp		n.	黄蜂
whores		n.	妓女
yin		n.	阴
academies		n.	学院
adherence		n.	遵守
adjective		n.	形容词
adjourned		v.	休会
amplified		v.	放大
angola		n.	安哥拉
appellate		adj.	上诉的
approving		v.	批准
ascension		n.	升天
aspirin		n.	阿司匹林
bard		n.	吟游诗人
blends		v.	混合
bog		n.	沼泽
boxed		adj.	盒装的
bungalow		n.	平房
burglar		n.	窃贼
calibration		n.	校准
cams		n.	凸轮
capitalize		v.	大写
charisma		n.	魅力
cheltenham		n.	切尔滕纳姆
chesapeake		n.	切萨皮克
classmate		n.	同学
cognition		n.	认知
cooker		n.	炊具
coupe		n.	双门轿车
cylindrical		adj.	圆柱形的
deem		v.	认为
deficiencies		n.	缺乏
devout		adj.	虔诚的
dickson		n.	迪克森
disturbances		n.	干扰
dracula		n.	德古拉
ebony		n.	乌木
eileen		n.	艾琳
embroidered		adj.	刺绣的
embryo		n.	胚胎
eminem		n.	埃米纳姆
fiesta		n.	庆典
friedrich		n.	弗里德里希
gilmore		n.	吉尔摩
glazed		adj.	上釉的
griffiths		n.	格里菲斯
hardwood		n.	硬木
hendrix		n.	亨德里克斯
hinges		n.	铰链
houghton		n.	霍顿
indispensable		adj.	不可缺少的
ingram		n.	英格拉姆
inhibit		v.	抑制
interstellar		adj.	星际的
intoxicated		adj.	醉酒的
involuntary		adj.	不自主的
issuance		n.	发行
itchy		adj.	痒的
jojo		n.	乔乔
laos		n.	老挝
latch		n.	门闩
likeness		n.	相似
lofty		adj.	崇高的
loom		n.	织布机
maharashtra		n.	马哈拉施特拉
maize		n.	玉米
malice		n.	恶意
mazda		n.	马自达
mcmahon		n.	麦克马洪
melvin		n.	梅尔文
milestones		n.	里程碑
milford		n.	米尔福德
milling		n.	铣削
minnie		n.	米妮
mitsubishi		n.	三菱
mods		n.	模组
mongolia		n.	蒙古
myrtle		n.	桃金娘
object-orientedprogramming		n.	面向对象编程
oop		n.	面向对象编程
originality		n.	独创性
orioles		n.	金莺队
ornamental		adj.	装饰的
pancreatic		adj.	胰腺的
partnering		v.	合作
pdf		n.	PDF文件
pebble		n.	卵石
pharmacist		n.	药剂师
phillies		n.	费城人队
picky		adj.	挑剔的
pistons		n.	活塞
poole		n.	普尔
pretoria		n.	比勒陀利亚
profiling		n.	剖析
prompts		n.	提示
propagation		n.	传播
psychedelic		adj.	迷幻的
radiator		n.	散热器
randomized		adj.	随机的
regal		adj.	帝王的
relativity		n.	相对论
ridicule		n.	嘲笑
ridicule		v.	嘲笑
rocker		n.	摇杆
sculptor		n.	雕塑家
shalt		v.	应当
sleek		adj.	光滑的
slew		v.	大量
sling		v.	投掷
sling		n.	吊带
solicitors		n.	律师
stockton		n.	斯托克顿
stratford		n.	斯特拉特福
studs		n.	饰钉
sturgeon		n.	鲟鱼
syllabus		n.	教学大纲
textual		adj.	文本的
toad		n.	蟾蜍
ventura		n.	文图拉
visitation		n.	探访
viva		int.	万岁
washer		n.	垫圈
washer		n.	洗衣机
werner		n.	维尔纳
wick		n.	灯芯
achieves		v.	实现
additive		n.	添加剂
advantageous		adj.	有利的
aero		adj.	航空的
agility		n.	敏捷
alba		n.	阿尔巴
alteration		n.	变更
annoyance		n.	烦恼
anon		adv.	不久
ante		prep.	在…之前
bdsm		n.	捆绑调教
belmont		n.	贝尔蒙特
bidders		n.	投标人
blooms		n.	花
blooms		v.	开花
boating		n.	划船
bonfire		n.	篝火
bookings		n.	预订
canine		adj.	犬的
canine		n.	犬牙
capsules		n.	胶囊
carb		n.	化油器
carb		n.	碳水化合物
carver		n.	雕刻师
causal		adj.	因果的
centrally		adv.	中央地
cheerleader		n.	拉拉队长
christy		n.	克里斯蒂
clifton		n.	克利夫顿
corvette		n.	巡洋舰
dashboard		n.	仪表盘
deficient		adj.	缺乏的
degenerate		v.	退化
degenerate		adj.	堕落的
demonic		adj.	恶魔的
dun		adj.	暗褐色的
envelopes		n.	信封
estimating		v.	估计
excursion		n.	远足
exemptions		n.	豁免
exponential		adj.	指数的
flickr		n.	Flickr
fling		v.	投掷
fling		n.	放纵
frankenstein		n.	弗兰肯斯坦
fudge		n.	软糖
fudge		v.	搪塞
glide		v.	滑行
grieve		v.	悲伤
gucci		n.	古驰
harmonic		adj.	和谐的
harmonic		n.	泛音
headlights		n.	前灯
holistic		adj.	整体的
ict		n.	信息通信技术
inhabit		v.	居住
invoke		v.	援引
invoked		v.	援引
josephine		n.	约瑟芬
kiwi		n.	猕猴桃
kiwi		n.	几维鸟
licences		n.	许可证
limo		n.	豪华轿车
lulu		n.	露露
lux		n.	勒克斯
malawi		n.	马拉维
malignant		adj.	恶性的
maverick		n.	特立独行者
mend		v.	修补
mentoring		n.	指导
microbial		adj.	微生物的
migraine		n.	偏头痛
monsoon		n.	季风
montage		n.	蒙太奇
monterey		n.	蒙特雷
morales		n.	莫拉莱斯
nil		n.	零
norma		n.	诺玛
optimize		v.	优化
pathogens		n.	病原体
persuasion		n.	说服
phyllis		n.	菲莉斯
plaid		n.	格纹
playback		n.	回放
plush		adj.	长毛绒的
plush		n.	长毛绒
precedence		n.	优先
previews		n.	预览
pristine		adj.	原始的
prognosis		n.	预后
propeller		n.	螺旋桨
racket		n.	球拍
racket		n.	喧闹
rajasthan		n.	拉贾斯坦
reilly		n.	赖利
reorganization		n.	重组
resembled		v.	像
retrieval		n.	检索
roundabout		n.	环岛
saline		adj.	含盐的
scarcely		adv.	几乎不
scraping		n.	刮削
siemens		n.	西门子
smoky		adj.	多烟的
solids		n.	固体
spade		n.	铁锹
staffordshire		n.	斯塔福德郡
steroid		n.	类固醇
supplemented		v.	补充
surveying		n.	测量
tata		int.	再见
temps		n.	临时工
thematic		adj.	主题的
threesome		n.	三人一组
toaster		n.	烤面包机
treble		adj.	三倍的
turquoise		n.	绿松石
ultraviolet		adj.	紫外的
unbiased		adj.	公正的
usefulness		n.	有用性
vandalism		n.	故意破坏
vibrating		v.	振动
vowel		n.	元音
voyager		n.	旅行者
weirdo		n.	怪人
weld		v.	焊接
werewolf		n.	狼人
wrongful		adj.	不当的
acknowledgement		n.	确认
alligator		n.	短吻鳄
approximation		n.	近似
aromatic		adj.	芳香的
baroque		adj.	巴洛克式的
bays		n.	海湾
behavioural		adj.	行为的
belgrade		n.	贝尔格莱德
berg		n.	冰山
bergen		n.	卑尔根
bethany		n.	伯大尼
binder		n.	装订机
buggy		n.	婴儿车
bundled		v.	捆绑
burnett		n.	伯内特
calves		n.	小牛
canonical		adj.	规范的
celery		n.	芹菜
characterize		v.	描绘特性
chinatown		n.	唐人街
collaborations		n.	合作
collaborators		n.	合作者
commissioning		v.	委托
cor		int.	哎呀
couture		n.	高级时装
croatian		n.	克罗地亚语
cutie		n.	可爱的人
dab		v.	轻触
dentists		n.	牙医
deploying		v.	部署
dictates		v.	规定
dion		n.	迪翁
diskutility		n.	磁盘工具
dissatisfaction		n.	不满
elective		adj.	选修的
eureka		int.	我发现了
exec		n.	执行
foundry		n.	铸造厂
fractions		n.	分数
fro		adv.	向后
furnishings		n.	家具
giraffe		n.	长颈鹿
gmail		n.	Gmail
grinder		n.	研磨机
hardcover		n.	精装书
hinge		n.	铰链
hubbard		n.	哈伯德
hurley		n.	赫尔利
indexes		n.	索引
intestinal		adj.	肠的
intra		prep.	在内
irons		n.	熨斗
lifestyles		n.	生活方式
ludwig		n.	路德维希
manifold		n.	多种
measurable		adj.	可测量的
medina		n.	麦地那
melon		n.	瓜
mojo		n.	魔力
napa		n.	纳帕
narration		n.	叙述
nassau		n.	拿骚
nip		v.	夹
nodeversionmanager		n.	版本管理器
nvm		n.	版本管理器
oblivion		n.	遗忘
ornament		n.	装饰物
outpatient		n.	门诊病人
pamphlet		n.	小册子
perish		v.	死亡
philanthropy		n.	慈善
photon		n.	光子
preparedness		n.	准备
psalms		n.	诗篇
redundancy		n.	冗余
relish		v.	享受
relish		n.	风味
reversible		adj.	可逆的
roche		n.	罗氏
rowan		n.	花楸
rudolph		n.	鲁道夫
shred		v.	切碎
skincare		n.	护肤
spokane		n.	斯波坎
staten		n.	斯塔滕
substitutes		n.	替代品
supervise		v.	监督
supervising		v.	监督
supervisory		adj.	监督的
swapping		v.	交换
taipei		n.	台北
tees		n.	T恤
titus		n.	提多书
towing		v.	拖拽
vaughn		n.	沃恩
visualization		n.	可视化
voicemail		n.	语音留言
volt		n.	伏特
wakefield		n.	韦克菲尔德
wilkins		n.	威尔金斯
winnie		n.	温妮
abnormalities		n.	异常
allocate		v.	分配
analytic		adj.	分析的
ascending		adj.	上升的
attributable		adj.	可归因的
barb		n.	倒钩
bastion		n.	堡垒
beaumont		n.	博蒙特
biopsy		n.	活检
blackwell		n.	布莱克韦尔
briefs		n.	内裤
categorized		v.	分类
chopper		n.	斧头
clerks		n.	职员
cohesive		adj.	有凝聚力的
complication		n.	并发症
complication		n.	复杂
computed		v.	计算
contra		prep.	反对
cosy		adj.	温馨的
delights		n.	乐趣
derbyshire		n.	德比郡
desserts		n.	甜点
digestion		n.	消化
docking		n.	对接
dungeons		n.	地牢
effected		v.	实现
embodiment		n.	体现
encoded		v.	编码
engraving		n.	雕刻
enhances		v.	增强
explanatory		adj.	解释性的
fairies		n.	仙女
filtration		n.	过滤
formatting		n.	格式化
francesco		n.	弗朗切斯科
fungal		adj.	真菌的
garth		n.	加思
ghz		n.	千兆赫
hamster		n.	仓鼠
hex		n.	妖术
incidental		adj.	偶然的
indigo		n.	靛蓝
instruct		v.	指示
intimidate		v.	恐吓
latency		n.	延迟
linger		v.	徘徊
luncheon		n.	午宴
mailbox		n.	邮箱
mammal		n.	哺乳动物
mcguire		n.	麦圭尔
membranes		n.	膜
memorabilia		n.	纪念品
midtown		n.	市中心地区
myspace		n.	MySpace
nurture		v.	养育
oblivious		adj.	不知的
ode		n.	颂歌
olson		n.	奥尔森
palo		n.	帕洛
penthouse		n.	顶层公寓
pious		adj.	虔诚的
presenters		n.	主持人
putnam		n.	帕特南
quarrel		n.	争吵
raider		n.	袭击者
rebate		n.	回扣
roc		n.	大鹏
rollers		n.	滚筒
rooster		n.	公鸡
routed		v.	发送
sakura		n.	樱花
salads		n.	沙拉
sanskrit		n.	梵语
scientology		n.	山达基
scooby		n.	史酷比
scuba		n.	水肺
seamless		adj.	无缝的
selects		v.	选择
shoreline		n.	海岸线
siberian		adj.	西伯利亚的
silhouette		n.	剪影
slug		n.	蛞蝓
soprano		n.	女高音
specialties		n.	专业
spectroscopy		n.	光谱学
spreadsheet		n.	电子表格
steaks		n.	牛排
summaries		n.	摘要
tanning		n.	晒黑
tnt		n.	TNT
tracey		n.	特蕾西
tractors		n.	拖拉机
turin		n.	都灵
unanswered		adj.	未回答的
unethical		adj.	不道德的
unix		n.	Unix
uptown		n.	住宅区
urinary		adj.	尿的
viper		n.	毒蛇
weekday		n.	工作日
westwood		n.	韦斯特伍德
wilhelm		n.	威廉
willard		n.	威拉德
woe		n.	悲哀
abstraction		n.	抽象
adjunct		n.	附属
administering		v.	管理
asean		n.	东盟
atkins		n.	阿特金斯
beige		adj.	米色的
blinds		n.	百叶窗
blueberry		n.	蓝莓
boar		n.	野猪
bosch		n.	博世
breathes		v.	呼吸
broaden		v.	拓宽
busch		n.	布希
calendars		n.	日历
carbohydrates		n.	碳水化合物
chateau		n.	城堡
chavez		n.	查韦斯
colleen		n.	科琳
comedies		n.	喜剧
compiling		v.	编译
conservatory		n.	温室
conservatory		n.	音乐学院
considerate		adj.	体贴的
cultured		adj.	有教养的
daycare		n.	托儿所
debra		n.	黛布拉
deductions		n.	扣除
deductions		n.	推论
descendant		n.	后裔
disperse		v.	分散
ecommerce		n.	电子商务
enrich		v.	充实
epidemiology		n.	流行病学
exhaustive		adj.	详尽的
exporters		n.	出口商
externally		adv.	外部地
fermentation		n.	发酵
flares		n.	闪光
flops		n.	flop运算
flores		n.	弗洛雷斯
fright		n.	惊吓
fruitful		adj.	富有成效的
gastric		adj.	胃的
haynes		n.	海恩斯
headphone		n.	耳机
illuminate		v.	照亮
inaccessible		adj.	难以接近的
incur		v.	招致
introductions		n.	介绍
introductions		n.	引言
inverness		n.	因弗内斯
jog		v.	慢跑
jug		n.	壶
knoxville		n.	诺克斯维尔
labrador		n.	拉布拉多
latte		n.	拿铁
leafy		adj.	多叶的
masturbating		v.	自慰
mcbride		n.	麦克布莱德
omission		n.	遗漏
orchid		n.	兰花
overtake		v.	超过
pax		n.	和平
peat		n.	泥炭
peptide		n.	肽
pickupartists		n.	搭讪艺术家
polarized		adj.	极化的
portals		n.	门户
prelude		n.	前奏
prepaid		adj.	预付的
pua		n.	搭讪艺术家
reassure		v.	使安心
remnant		n.	残余
renders		v.	使成为
rosenberg		n.	罗森堡
sanford		n.	桑福德
scented		adj.	有香味的
sclerosis		n.	硬化症
serenity		n.	宁静
shrug		v.	耸肩
singled		v.	挑出
sonar		n.	声呐
stabilization		n.	稳定
starch		n.	淀粉
stony		adj.	多石的
surfer		n.	冲浪者
taj		n.	泰姬
taper		v.	逐渐变细
teaspoon		n.	茶匙
templates		n.	模板
totaling		v.	总计
trademarks		n.	商标
typo		n.	排版错误
unresolved		adj.	未解决的
unspecified		adj.	未指明的
venetian		adj.	威尼斯的
waffle		n.	华夫饼
wanda		n.	万达
winery		n.	葡萄酒厂
writ		n.	令状
yamaha		n.	雅马哈
zipper		n.	拉链
acclaim		v.	称赞
acquires		v.	获得
arrays		n.	数组
ascertain		v.	查明
audits		n.	审计
bargains		n.	便宜货
boils		v.	沸腾
cairns		n.	石堆标
cello		n.	大提琴
certifications		n.	认证
collide		v.	碰撞
complexion		n.	肤色
congenital		adj.	先天的
construed		v.	解释
corrective		adj.	矫正的
costello		n.	科斯特洛
crumble		v.	崩溃
denote		v.	表示
detox		n.	排毒
differentiated		adj.	差异化的
discrepancy		n.	差异
dishwasher		n.	洗碗机
draper		n.	布商
dyes		n.	染料
easton		n.	伊斯顿
electrodes		n.	电极
embryos		n.	胚胎
excite		v.	使兴奋
exporter		n.	出口商
extracting		v.	提取
fountains		n.	喷泉
frameworks		n.	框架
freezes		v.	冻结
grange		n.	农庄
hasty		adj.	匆忙的
husky		adj.	沙哑的
husky		n.	哈士奇
imitate		v.	模仿
infusion		n.	注入
infusion		n.	输液
jvm		n.	虚拟机
kart		n.	卡丁车
keyword		n.	关键词
kpi		n.	绩效指标
lincolnshire		n.	林肯郡
lipid		n.	脂质
mahogany		n.	桃花心木
mana		n.	法力
manson		n.	曼森
marin		n.	马林
mediator		n.	调解人
mentors		n.	导师
meow		int.	喵
minions		n.	走狗
mirage		n.	海市蜃楼
modulation		n.	调制
mozambique		n.	莫桑比克
muller		n.	穆勒
narrower		adj.	更窄的
navigator		n.	领航员
nuke		v.	核攻击
nuke		n.	核武器
occult		adj.	神秘的
osama		n.	奥萨马
pediatrics		n.	儿科
perch		n.	鲈鱼
perch		n.	栖木
perch		v.	栖息
perpendicular		adj.	垂直的
pollutants		n.	污染物
pooh		int.	呸
proficient		adj.	熟练的
punctuation		n.	标点
purification		n.	净化
quotations		n.	引用
quotations		n.	报价
readable		adj.	易读的
regimen		n.	养生法
removable		adj.	可拆卸的
retrospect		n.	回顾
roundup		n.	综述
sensations		n.	感觉
sequential		adj.	顺序的
signifies		v.	表示
skates		n.	溜冰鞋
skates		v.	溜冰
sorta		adv.	有点
specialization		n.	专业化
stationery		n.	文具
tau		n.	希腊字母τ
tempest		n.	暴风雨
tights		n.	紧身裤袜
trenton		n.	特伦顿
tubing		n.	管道
tuesdays		adv.	每逢星期二
upscale		adj.	高档的
verde		n.	弗德
viewpoints		n.	观点
vinci		n.	芬奇
wacky		adj.	古怪的
wilcox		n.	威尔科克斯
wiltshire		n.	威尔特郡
xml		n.	可扩展标记语言
zeppelin		n.	齐柏林飞艇
amplitude		n.	振幅
analogue		n.	类似物
annotated		adj.	有注释的
anomalies		n.	异常
archival		adj.	档案的
arenas		n.	竞技场
assay		v.	化验
assigning		v.	分配
assorted		adj.	各式各样的
axel		n.	阿克塞尔跳
badminton		n.	羽毛球
brittle		adj.	脆的
buenosaires		n.	布宜诺斯艾利斯
charters		n.	宪章
chatham		n.	查塔姆
chiang		n.	蒋
clair		n.	克莱尔
compel		v.	强迫
conduit		n.	导管
constraint		n.	约束
cutters		n.	切割器
dashed		adj.	虚线的
decimal		adj.	十进制的
degrade		v.	降低
denton		n.	登顿
departures		n.	出发
diablo		n.	暗黑破坏神
diffuse		v.	扩散
dune		n.	沙丘
electronically		adv.	电子地
entropy		n.	熵
ethernet		n.	以太网
eyesight		n.	视力
finder		n.	发现者
flooring		n.	地板
frail		adj.	虚弱的
greenville		n.	格林维尔
grizzly		n.	灰熊
harass		v.	骚扰
hooded		adj.	戴兜帽的
indexed		adj.	索引的
kaufman		n.	考夫曼
macau		n.	澳门
medley		n.	混合
multiplied		v.	乘
packard		n.	帕卡德
pap		n.	软食
participates		v.	参加
plugin		n.	插件
polishing		v.	抛光
polymers		n.	聚合物
pore		n.	毛孔
postcards		n.	明信片
postgraduate		n.	研究生
predominant		adj.	主要的
proverbs		n.	谚语
ramps		n.	坡道
recite		v.	背诵
refine		v.	精炼
regents		n.	董事
resale		n.	转售
securely		adv.	安全地
shabby		adj.	破旧的
sinus		n.	窦
spanking		adj.	了不起
spanking		adv.	非常
specialize		v.	专门从事
specialize		v.	特化
splinter		n.	碎片
splinter		v.	分裂
stills		n.	剧照
swimsuit		n.	泳装
tacoma		n.	塔科马
tenders		n.	投标
terminator		n.	终结者
timers		n.	计时器
uno		n.	乌诺
uptake		n.	摄取
vantage		n.	优势
virgins		n.	处女
watchers		n.	观察者
whine		v.	哀鸣
withhold		v.	扣留
yellowstone		n.	黄石
yosemite		n.	约塞米蒂
zeal		n.	热情
abort		v.	中止
abound		v.	充满
adversely		adv.	不利地
agendas		n.	议程
andersen		n.	安徒生
antennas		n.	天线
banjo		n.	班卓琴
bbs		n.	电子公告板
beech		n.	山毛榉
benchmarks		n.	基准测试
biz		n.	商业
blazer		n.	西装外套
blower		n.	鼓风机
cherries		n.	樱桃
cheyenne		n.	夏延
colombo		n.	科伦坡
comma		n.	逗号
competency		n.	能力
constructs		n.	构造物
constructs		v.	建造
customize		v.	定制
dartmouth		n.	达特茅斯
dashing		adj.	潇洒的
departmental		adj.	部门的
dialysis		n.	透析
disclosures		n.	披露
dupont		n.	杜邦
emory		n.	埃默里
evoke		v.	唤起
facilitates		v.	促进
fern		n.	蕨
fingertips		n.	指尖
fixation		n.	固定
flatter		v.	奉承
flushed		adj.	脸红的
fret		v.	烦恼
frontiers		n.	前沿
gastrointestinal		adj.	胃肠的
geeks		n.	极客
hitchcock		n.	希区柯克
holloway		n.	霍洛韦
impetus		n.	推动力
incense		n.	香
injure		v.	伤害
inserting		v.	插入
invoice		n.	发票
johan		n.	约翰
kristin		n.	克里斯廷
latent		adj.	潜在的
leipzig		n.	莱比锡
lexus		n.	雷克萨斯
localization		n.	本地化
lymphoma		n.	淋巴瘤
martini		n.	马提尼
merciful		adj.	仁慈的
midget		n.	侏儒
midwife		n.	助产士
minimizing		v.	最小化
mitochondrial		adj.	线粒体的
mobilization		n.	动员
nonlinear		adj.	非线性的
normalized		v.	标准化
northumberland		n.	诺森伯兰
numbering		n.	编号
oakley		n.	奥克利
parsley		n.	欧芹
pendulum		n.	钟摆
petit		adj.	小的
placements		n.	安置
presley		n.	普雷斯利
pretext		n.	借口
privatization		n.	私有化
proclaim		v.	宣告
raccoon		n.	浣熊
redistribution		n.	再分配
restrain		v.	抑制
saver		n.	节省者
scarborough		n.	斯卡伯勒
seminal		adj.	开创性的
shaded		adj.	有阴影的
shrek		n.	史莱克
silica		n.	二氧化硅
sourcing		n.	采购
straighten		v.	弄直
sweaters		n.	毛衣
syringe		n.	注射器
tesla		n.	特斯拉
thursdays		adv.	每星期四
timor		n.	帝汶
tinted		adj.	着色的
tote		n.	托特包
trainees		n.	实习生
transverse		adj.	横向的
trojans		n.	木马
tweak		v.	微调
ubuntu		n.	乌班图
unlocking		n.	解锁
unrestricted		adj.	不受限制的
utilizes		v.	利用
vanderbilt		n.	范德比尔特
vanishing		n.	消失
wasteful		adj.	浪费的
wilkes		n.	威尔克斯
youngster		n.	年轻人
adverts		n.	广告
advisable		adj.	明智的
artisan		n.	工匠
assortment		n.	花色品种
auditing		n.	审计
basins		n.	盆
bayer		n.	拜耳
billings		n.	比灵斯
bison		n.	野牛
blacksmith		n.	铁匠
blanks		n.	空白
brothel		n.	妓院
bytes		n.	字节
camper		n.	露营者
camper		n.	露营车
carole		n.	卡罗尔
cartilage		n.	软骨
chattanooga		n.	查塔努加
christchurch		n.	克赖斯特彻奇
cleanliness		n.	清洁
commentaries		n.	解说
complicate		v.	使复杂化
concerto		n.	协奏曲
contraception		n.	避孕
convex		adj.	凸的
decomposition		n.	分解
discretionary		adj.	自由裁量的
dismay		n.	沮丧
dissemination		n.	传播
dodger		n.	骗子
electrician		n.	电工
equator		n.	赤道
excise		n.	消费税
expel		v.	驱逐
exposures		n.	曝光
fledged		adj.	羽翼丰满的
frown		v.	皱眉
gals		n.	姑娘
gloucestershire		n.	格洛斯特郡
golfers		n.	高尔夫球手
guyana		n.	圭亚那
hamper		v.	妨碍
hamper		n.	食物篮
helix		n.	螺旋
hierarchical		adj.	等级制的
homie		n.	好友
hover		v.	盘旋
icelandic		n.	冰岛语
internships		n.	实习
keynes		n.	凯恩斯
kinase		n.	激酶
kirsten		n.	Kirsten
kodak		n.	柯达
kosher		adj.	合犹太教规的
lansing		n.	兰辛
libby		n.	Libby
librarians		n.	图书管理员
lillian		n.	莉莲
liquidation		n.	清算
longitude		n.	经度
maestro		n.	大师
maxi		adj.	长款的
mcgill		n.	McGill
meditate		v.	冥想
microscopy		n.	显微术
minecraft		n.	我的世界
missy		n.	小姑娘
multiplication		n.	乘法
nav		n.	导航
nonfiction		n.	非虚构作品
occurrences		n.	出现
olympia		n.	奥林匹亚
orb		n.	球体
ordinarily		adv.	通常
orthodoxy		n.	正统
polarization		n.	极化
projectile		n.	抛射体
quay		n.	码头
recruiter		n.	招聘者
reload		v.	重新加载
remuneration		n.	报酬
revoke		v.	撤销
riviera		n.	里维埃拉
scandinavia		n.	斯堪的纳维亚
scanners		n.	扫描仪
sediments		n.	沉积物
serviced		v.	维修
silky		adj.	柔滑的
sinatra		n.	辛纳屈
sirius		n.	天狼星
sorority		n.	女生联谊会
stair		n.	楼梯
subaru		n.	斯巴鲁
subdivisions		n.	细分
subdivisions		n.	住宅小区
ter		n.	TER列车
translators		n.	翻译者
twitch		v.	抽搐
twitch		n.	抽搐
typewriter		n.	打字机
uri		n.	统一资源标识符
wolfgang		n.	沃尔夫冈
additives		n.	添加剂
aggregation		n.	聚合
albanian		n.	阿尔巴尼亚人
albanian		adj.	阿尔巴尼亚的
alkaline		adj.	碱性的
anus		n.	肛门
appalachian		adj.	阿巴拉契亚的
archery		n.	射箭
arterial		adj.	动脉的
asparagus		n.	芦笋
athena		n.	雅典娜
auditors		n.	审计员
auditory		adj.	听觉的
ballard		n.	巴拉德
balm		n.	香膏
biennial		adj.	两年一次的
bologna		n.	博洛尼亚
bologna		n.	博洛尼亚香肠
bony		adj.	骨瘦如柴的
bony		adj.	多骨的
borrower		n.	借款人
bridging		v.	架桥
brighten		v.	变亮
brighten		v.	使高兴
brood		n.	一窝雏鸟
brood		v.	沉思
budgeting		n.	预算编制
campers		n.	露营者
cessation		n.	停止
charlottesville		n.	夏洛茨维尔
charlton		n.	查尔顿
charmed		adj.	着迷的
codingpages		n.	编码页
collagen		n.	胶原蛋白
commencing		v.	开始
commend		v.	赞扬
complied		v.	遵从
crochet		n.	钩针编织
customization		n.	定制
cypress		n.	柏树
dal		n.	扁豆糊
dependable		adj.	可靠的
dresden		n.	德累斯顿
emeritus		adj.	荣誉退休的
emit		v.	发出
excursions		n.	远足
ezekiel		n.	以西结
flashy		adj.	俗艳的
floppy		adj.	松软的
floppy		n.	软盘
geologic		adj.	地质的
goldstein		n.	戈德斯坦
gowns		n.	长袍
gowns		n.	礼服
greenberg		n.	格林伯格
guam		n.	关岛
guideline		n.	指导方针
hawthorne		n.	霍桑
headmaster		n.	校长
heartland		n.	中心地带
hedgehog		n.	刺猬
hehe		int.	呵呵
hoe		n.	锄头
hypnosis		n.	催眠
icu		n.	重症监护室
immersive		adj.	沉浸式的
inbound		adj.	入境的
inference		n.	推断
inflatable		adj.	可充气的
inhale		v.	吸入
isp		n.	互联网服务提供商
jellyfish		n.	水母
lefty		n.	左撇子
malpractice		n.	医疗事故
melinda		n.	梅琳达
memberships		n.	会员资格
microbiology		n.	微生物学
migrating		v.	迁移
motherfuckers		n.	混蛋
namibia		n.	纳米比亚
navajo		n.	纳瓦霍人
nectar		n.	花蜜
nitrate		n.	硝酸盐
nodepackagemanager		n.	Node包管理器
npm		n.	npm包管理器
nvidia		n.	英伟达
olympus		n.	奥林匹斯
one-liner		n.	一句话笑话
pastel		n.	粉彩色
pessimistic		adj.	悲观的
pesticide		n.	杀虫剂
phosphorus		n.	磷
prod		v.	戳
prototypes		n.	原型
psychotherapy		n.	心理治疗
quilt		n.	被子
realtor		n.	房产经纪人
regency		n.	摄政
reptile		n.	爬行动物
residues		n.	残留物
revisited		v.	重访
rowling		n.	罗琳
sauna		n.	桑拿
sharper		adj.	更锐利的
sluggish		adj.	迟缓的
slum		n.	贫民窟
snare		n.	陷阱
snowflake		n.	雪花
spectra		n.	光谱
spines		n.	刺
stag		n.	雄鹿
strangest		adj.	最奇怪的
subsection		n.	小节
suede		n.	麂皮
sundance		n.	圣丹斯
tabloid		n.	小报
taurus		n.	金牛座
teal		n.	水鸭色
thunderstorm		n.	雷暴
timid		adj.	胆怯的
triathlon		n.	铁人三项
trickle		v.	滴流
tweed		n.	花呢
ultimatum		n.	最后通牒
uncut		adj.	未剪切的
widen		v.	加宽
widest		adj.	最宽的
wigs		n.	假发
yachts		n.	游艇
amherst		n.	阿默斯特
annette		n.	安妮特
ascend		v.	上升
bandage		n.	绷带
belize		n.	伯利兹
blight		n.	枯萎病
botswana		n.	博茨瓦纳
byrd		n.	伯德
cabaret		n.	歌舞表演
caregivers		n.	护理人员
centimeters		n.	厘米
chemically		adv.	化学上
conscientious		adj.	尽责的
critiques		n.	评论
crystalline		adj.	水晶般的
deceit		n.	欺骗
denounce		v.	谴责
durban		n.	德班
eastward		adv.	向东
elisabeth		n.	伊丽莎白
embroidery		n.	刺绣
emo		n.	情绪摇滚
equivalents		n.	等价物
fahrenheit		n.	华氏度
firewall		n.	防火墙
fluorescence		n.	荧光
fonts		n.	字体
forte		n.	长处
gaelic		n.	盖尔语
galveston		n.	加尔维斯顿
giorgio		n.	乔治
gmbh		n.	有限责任公司
grassy		adj.	长满草的
hanger		n.	衣架
hem		n.	边缘
hem		v.	缝边
hobbs		n.	霍布斯
housekeeping		n.	家务管理
inequalities		n.	不平等
jargon		n.	行话
kayak		n.	皮划艇
kilograms		n.	千克
kneel		v.	跪下
knowles		n.	诺尔斯
ladders		n.	梯子
leakage		n.	泄漏
liberate		v.	解放
luminous		adj.	发光的
maori		n.	毛利人
mayonnaise		n.	蛋黄酱
mcdowell		n.	麦克道尔
memorials		n.	纪念碑
modesty		n.	谦虚
motherfucking		adj.	他妈的
mugs		n.	马克杯
nocturnal		adj.	夜间活动的
nozzle		n.	喷嘴
nudes		n.	裸体画
orgy		n.	狂欢
overlay		v.	覆盖
peeing		v.	撒尿
powerpoint		n.	幻灯片软件
prerequisite		n.	先决条件
quantify		v.	量化
recon		n.	侦察
rectangle		n.	长方形
recurrent		adj.	复发的
refill		v.	再注满
renewing		v.	更新
requisite		adj.	必需的
revolve		v.	旋转
rewind		v.	倒带
ripley		n.	里普利
ritz		n.	丽兹酒店
saddest		adj.	最悲伤的
seduce		v.	诱惑
shadowy		adj.	阴暗的
specifies		v.	指定
strangled		v.	勒死
susie		n.	苏茜
sven		n.	斯文
tapestry		n.	挂毯
terrier		n.	梗犬
tester		n.	测试员
thistle		n.	蓟
thumbnail		n.	缩略图
tickle		v.	挠痒
trays		n.	托盘
tubular		adj.	管状的
tumbling		v.	翻滚
tumbling		n.	翻腾动作
tumblr		n.	汤博乐
unload		v.	卸货
urn		n.	骨灰瓮
viagra		n.	伟哥
waive		v.	放弃
wallis		n.	沃利斯
warmly		adv.	热情地
wednesdays		adv.	每周三
woodlands		n.	林地
alain		n.	阿兰
annapolis		n.	安纳波利斯
annum		n.	每年
aroma		n.	香气
arsenic		n.	砷
assigns		v.	分配
bestselling		adj.	畅销的
biographies		n.	传记
calhoun		n.	卡尔霍恩
cloning		n.	克隆
darth		n.	达斯
declarations		n.	声明
deletion		n.	删除
diligent		adj.	勤奋的
discern		v.	辨别
domino		n.	多米诺
downgrade		v.	降级
dreamy		adj.	梦幻的
dukes		n.	公爵
dummies		n.	傻瓜
dyson		n.	戴森
eel		n.	鳗鱼
embryonic		adj.	胚胎的
endanger		v.	危及
equities		n.	股票
fakes		n.	假货
fav		adj.	最喜欢的
firmware		n.	固件
formulate		v.	制定
fragmentation		n.	碎片化
frederic		n.	弗雷德里克
goth		n.	哥特
gracefully		adv.	优雅地
horde		n.	大群
humming		v.	哼唱
imdb		n.	互联网电影数据库
ingenuity		n.	独创性
inorganic		adj.	无机的
itinerary		n.	行程
lamborghini		n.	兰博基尼
lotto		n.	彩票
lynne		n.	琳恩
marino		n.	马里诺
molded		adj.	模制的
musicals		n.	音乐剧
neurology		n.	神经学
newt		n.	蝾螈
nitro		n.	硝基
notebooks		n.	笔记本
overland		adj.	陆路的
pantry		n.	食品储藏室
paraguay		n.	巴拉圭
pedals		n.	踏板
pesos		n.	比索
polk		n.	波尔克
prefix		n.	前缀
proto		adj.	原始的
pueblo		n.	普韦布洛
pussies		n.	阴户
redhead		n.	红发的人
relational		adj.	关系的
ripper		n.	撕裂者
roofing		n.	盖屋顶
sega		n.	世嘉
segmentation		n.	分割
shaker		n.	摇动器
sludge		n.	污泥
speedway		n.	赛车跑道
spongebob		n.	海绵宝宝
stricter		adj.	更严格的
subtitle		n.	字幕
summarize		v.	总结
telescopes		n.	望远镜
threaded		adj.	有螺纹的
torturing		v.	拷打
transplantation		n.	移植
trimming		n.	修剪
unicef		n.	联合国儿童基金会
uninsured		adj.	未保险的
untitled		adj.	无标题的
uzbekistan		n.	乌兹别克斯坦
vernacular		n.	方言
vulnerabilities		n.	漏洞
warcraft		n.	魔兽
watercolor		n.	水彩画
wight		n.	怀特岛
wto		n.	世界贸易组织
alphabetical		adj.	按字母顺序的
bathe		v.	洗澡
bloomington		n.	布卢明顿
breathed		v.	呼吸
carbonate		n.	碳酸盐
carmel		n.	卡梅尔
catalytic		adj.	催化的
cemeteries		n.	墓地
chases		v.	追逐
cheerleaders		n.	啦啦队员
choral		adj.	合唱的
chronology		n.	年表
clam		n.	蛤
coefficients		n.	系数
coldest		adj.	最冷的
configured		v.	配置
convection		n.	对流
craftsman		n.	工匠
cripple		v.	使残废
crunchy		adj.	酥脆的
ctrl		n.	控制键
deflection		n.	偏转
enactment		n.	制定
enlighten		v.	启发
erroneous		adj.	错误的
fashions		n.	时尚
filings		n.	文件
fishery		n.	渔业
folders		n.	文件夹
fuji		n.	富士
gage		n.	抵押
galway		n.	戈尔韦
granada		n.	格拉纳达
handlers		n.	处理者
heinz		n.	海因茨
hentai		n.	变态
homogeneous		adj.	同质的
inserts		v.	插入
intangible		adj.	无形的
interceptions		n.	拦截
ire		n.	愤怒
landscaping		n.	景观美化
litres		n.	升
lodges		n.	小屋
madman		n.	疯子
mavericks		n.	特立独行者
melee		n.	混战
meteorology		n.	气象学
methyl		n.	甲基
mindless		adj.	无脑的
mislead		v.	误导
negotiable		adj.	可协商的
northward		adv.	向北
norwood		n.	诺伍德
nyse		n.	纽交所
ovens		n.	烤箱
overturn		v.	推翻
padded		adj.	有衬垫的
padres		n.	教士
pictorial		adj.	图画般的
prospectus		n.	招股说明书
puma		n.	美洲狮
reciprocal		adj.	互惠的
redwood		n.	红杉
reverence		n.	崇敬
richter		n.	里克特
rims		n.	边缘
santana		n.	桑塔纳
seduction		n.	诱惑
shatter		v.	打碎
signify		v.	表示
specificity		n.	特异性
squirt		v.	喷出
stewardship		n.	管理
synergy		n.	协同效应
tempt		v.	引诱
terri		n.	特里
thermometer		n.	温度计
tint		n.	色调
toulouse		n.	图卢兹
unveiling		n.	揭幕
vicki		n.	薇琪
wilt		v.	枯萎
woodstock		n.	伍德斯托克
alchemy		n.	炼金术
americana		n.	美国文物
antigen		n.	抗原
biochemical		adj.	生物化学的
bling		n.	闪耀饰品
bose		n.	博士(音响品牌)
carcass		n.	尸体
chico		n.	奇科
christi		n.	克里斯蒂
clutter		n.	杂物
clutter		v.	弄乱
complying		v.	遵守
compost		n.	堆肥
cot		n.	帆布床
croydon		n.	克罗伊登
cumming		n.	卡明
detain		v.	拘留
diagnostics		n.	诊断
directives		n.	指令
drawback		n.	缺点
elliptical		adj.	椭圆的
eloquent		adj.	雄辩的
entail		v.	必然引起
equatorial		adj.	赤道的
feeble		adj.	虚弱的
fend		v.	抵挡
flake		n.	小薄片
forwarding		v.	转发
fragrant		adj.	芳香的
generalization		n.	概括
golfing		n.	打高尔夫
ionic		adj.	离子的
jerking		v.	猛拉
jingle		n.	叮当声
kilometre		n.	千米
laguna		n.	拉古纳
lice		n.	虱子
lorry		n.	卡车
magnolia		n.	木兰
mauritius		n.	毛里求斯
mellon		n.	梅隆
mingle		v.	交往
mover		n.	搬家工人
movers		n.	搬家工人
organisers		n.	组织者
outback		n.	内陆
panoramic		adj.	全景的
parkinson		n.	帕金森
pave		v.	铺路
playhouse		n.	儿童游戏房
playhouse		n.	剧院
prada		n.	普拉达
prescribing		v.	开处方
probing		v.	探查
prolong		v.	延长
propane		n.	丙烷
recruiters		n.	招聘人员
redirect		v.	重定向
redmond		n.	雷德蒙德
reusable		adj.	可重复使用的
sassy		adj.	时髦的
scoreboard		n.	记分牌
sender		n.	发件人
seneca		n.	塞内卡
septic		adj.	败血性的
skateboard		n.	滑板
slider		n.	滑块
soma		n.	身体
staining		n.	染色
substrates		n.	底物
suggestive		adj.	暗示的
suitability		n.	适合性
superstition		n.	迷信
surfers		n.	冲浪者
symmetric		adj.	对称的
synonyms		n.	同义词
theses		n.	论文
tic		n.	抽搐
timeout		n.	超时
tome		n.	大部头书
tramp		n.	流浪汉
transistor		n.	晶体管
translucent		adj.	半透明的
trot		n.	小跑
vertebrae		n.	椎骨
vertex		n.	顶点
wield		v.	使用
affirm		v.	断言
alaskan		adj.	阿拉斯加的
alloys		n.	合金
anecdote		n.	轶事
assassinate		v.	暗杀
blocker		n.	阻断者
blowout		n.	爆裂
brisk		adj.	轻快的
casper		n.	卡斯珀
cauliflower		n.	花椰菜
cheetah		n.	猎豹
christensen		n.	克里斯坦森
clockwise		adv.	顺时针地
conformity		n.	符合
correlate		v.	关联
courteous		adj.	有礼的
crete		n.	克里特
defer		v.	推迟
deplorable		adj.	糟糕的
diff		n.	差异
downtime		n.	停机时间
enlarge		v.	扩大
enlargement		n.	扩大
equestrian		adj.	骑马的
ethereal		adj.	飘渺的
fireman		n.	消防员
flask		n.	烧瓶
fluff		n.	绒毛
footnotes		n.	脚注
fremont		n.	弗里蒙特
galileo		n.	伽利略
gatsby		n.	盖茨比
germ		n.	病菌
gis		n.	地理信息系统
gnome		n.	地精
hades		n.	哈迪斯
hertfordshire		n.	赫特福德郡
homeowner		n.	房主
huskies		n.	哈士奇
hypotheses		n.	假设
inventories		n.	库存
janitor		n.	门卫
lange		n.	朗格
lien		n.	留置权
limousine		n.	豪华轿车
linden		n.	菩提树
lithuanian		n.	立陶宛人
lyme		n.	莱姆
lymph		n.	淋巴
manure		n.	肥料
mariah		n.	玛丽亚
mccormick		n.	麦考密克
meteorite		n.	陨石
mildred		n.	米尔德里德
mrna		n.	信使核糖核酸
newbie		n.	新手
oblique		adj.	斜的
odessa		n.	敖德萨
opal		n.	蛋白石
organisational		adj.	组织的
oxfordshire		n.	牛津郡
patti		n.	帕蒂
permissible		adj.	可允许的
rancho		n.	大牧场
recurrence		n.	复发
referrals		n.	转介
refinement		n.	改进
relocating		v.	搬迁
repel		v.	击退
rockwell		n.	罗克韦尔
rodent		n.	啮齿动物
satisfies		v.	满足
scraped		v.	刮
sizing		n.	尺寸
skyscraper		n.	摩天大楼
sockets		n.	插座
stuttgart		n.	斯图加特
synchronized		adj.	同步的
tahoe		n.	太浩湖
tallahassee		n.	塔拉哈西
topology		n.	拓扑
tutoring		n.	辅导
unsolicited		adj.	未经请求的
unveil		v.	揭幕
utensils		n.	器具
vaults		n.	拱顶
vocation		n.	职业
volts		n.	伏特
walden		n.	瓦尔登
warmest		adj.	最温暖的
williamsburg		n.	威廉斯堡
aerobic		adj.	有氧的
agitation		n.	激动
agreeable		adj.	令人愉快的
algebraic		adj.	代数的
amaze		v.	使惊奇
analyzes		v.	分析
augment		v.	增加
avalon		n.	阿瓦隆
bernardino		n.	贝尔纳迪诺
browsers		n.	浏览器
brunei		n.	文莱
carton		n.	纸箱
cayman		n.	开曼
cert		n.	证书
chandelier		n.	枝形吊灯
clot		n.	凝块
confer		v.	商讨
copyrighted		adj.	受版权保护的
cumbria		n.	坎布里亚
cushions		n.	坐垫
deepen		v.	加深
dependencies		n.	依赖
deprive		v.	剥夺
devise		v.	设计
directories		n.	目录
discrepancies		n.	差异
drier		adj.	更干燥的
duane		n.	杜安
efficiencies		n.	效率
epoch		n.	时代
exaggerate		v.	夸大
femme		n.	女人
glendale		n.	格伦代尔
glossary		n.	词汇表
gymnasium		n.	体育馆
harrisburg		n.	哈里斯堡
hays		n.	海斯
implementations		n.	实现
indulgence		n.	放纵
indulgence		n.	嗜好
iodine		n.	碘
ipod		n.	iPod
iq		n.	智商
jameson		n.	詹姆森
johannes		n.	约翰内斯
josef		n.	约瑟夫
kilometer		n.	千米
kruger		n.	克鲁格
lettering		n.	字体绘制
mammalian		adj.	哺乳动物的
marcia		n.	玛西娅
molding		n.	成型
nuclei		n.	核心
obedient		adj.	服从的
ogden		n.	奥格登
orgasms		n.	高潮
ornate		adj.	华丽的
perk		v.	得到好处
perk		n.	津贴
perverse		adj.	任性的
perverse		adj.	反常的
playlists		n.	播放列表
plume		n.	羽毛
plump		adj.	丰满的
prophetic		adj.	预言的
purified		adj.	净化的
radiology		n.	放射学
recorders		n.	录音机
relays		n.	继电器
reviving		v.	复活
rewritten		v.	重写
rotterdam		n.	鹿特丹
rugs		n.	小地毯
sauces		n.	酱
scholastic		adj.	学校的
seville		n.	塞维利亚
shopper		n.	购物者
shrub		n.	灌木
signage		n.	标识
skis		n.	滑雪板
sluts		n.	荡妇
sneeze		v.	打喷嚏
soaps		n.	肥皂
sulfate		n.	硫酸盐
swag		n.	赃物
sweatshirt		n.	运动衫
tori		n.	鸟居
transporter		n.	运输车
turing		n.	图灵
uniformly		adv.	均匀地
vests		n.	背心
viet		n.	越
viz		adv.	即
warms		v.	加热
watchdog		n.	看门狗
watery		adj.	水的
weasel		n.	黄鼠狼
westfield		n.	韦斯特菲尔德
yukon		n.	育空
zest		n.	热情
zoology		n.	动物学
aborted		v.	中止
adm		n.	ADM
aeroplane		n.	飞机
allege		v.	断言
alton		n.	奥尔顿
avi		n.	阿维
bagel		n.	贝果
barometer		n.	气压计
basque		n.	巴斯克人
bigot		n.	偏执者
boa		n.	蚺蛇
bruise		n.	瘀伤
bullion		n.	金条
carp		n.	鲤鱼
circumference		n.	周长
classifications		n.	分类
codex		n.	手抄本
collars		n.	衣领
computerized		adj.	计算机化的
demolish		v.	拆除
dictionaries		n.	词典
dilute		v.	稀释
dispersion		n.	分散
draped		v.	悬挂
ferries		n.	渡轮
flannel		n.	法兰绒
foresee		v.	预见
gustav		n.	古斯塔夫
handbags		n.	手提包
handkerchief		n.	手帕
heaters		n.	加热器
hebrews		n.	希伯来书
horticulture		n.	园艺
howl		v.	嚎叫
ibiza		n.	伊维萨岛
indexing		n.	索引
infertility		n.	不孕
informational		adj.	信息的
inline		adj.	内联的
kimi		n.	Kimi
locus		n.	轨迹
lund		n.	隆德
massey		n.	梅西
masturbate		v.	自慰
matrices		n.	矩阵
meade		n.	米德
melanoma		n.	黑素瘤
mobilize		v.	动员
overdrive		n.	超速档
padding		n.	填充
pant		v.	喘气
periodicals		n.	期刊
pharmacies		n.	药房
plaques		n.	斑块
polytechnic		n.	理工大学
rebates		n.	返利
refrigeration		n.	制冷
rename		v.	重命名
repulsive		adj.	令人厌恶的
ret		v.	浸水剥皮
samba		n.	桑巴
shrunk		v.	收缩
slant		n.	倾斜
souvenirs		n.	纪念品
stamping		n.	冲压
steiner		n.	施泰纳
streamline		v.	使流线型
sulphur		n.	硫
tablespoons		n.	汤匙
tampering		v.	篡改
telephones		n.	电话
terminus		n.	终点站
throughput		n.	吞吐量
tolkien		n.	托尔金
tout		v.	兜售
transnational		adj.	跨国的
tripod		n.	三脚架
tulip		n.	郁金香
wii		n.	Wii游戏机
xanax		n.	阿普唑仑
accolades		n.	荣誉
anemia		n.	贫血
buick		n.	别克
burbank		n.	伯班克
canteen		n.	食堂
capacitor		n.	电容器
carbohydrate		n.	碳水化合物
cavalier		n.	骑士
circulate		v.	循环
coliseum		n.	竞技场
complimented		v.	称赞
conceivable		adj.	可想象的
concordia		n.	康科迪亚
connectors		n.	连接器
consecrated		v.	奉献
contaminants		n.	污染物
contiguous		adj.	毗邻的
cranberry		n.	蔓越莓
croft		n.	小农田
custard		n.	蛋奶冻
darby		n.	达比
defaults		n.	违约
deflect		v.	使偏转
denoted		v.	表示
desolate		adj.	荒凉的
devour		v.	吞食
digger		n.	挖掘机
domesticated		adj.	驯养的
doughnut		n.	甜甜圈
duluth		n.	德卢斯
elgin		n.	埃尔金
embody		v.	体现
equivalence		n.	等价
footnote		n.	脚注
garnet		n.	石榴石
grate		v.	磨碎
greyhound		n.	灵缇犬
gyms		n.	健身房
hahn		n.	哈恩
helpers		n.	助手
hess		n.	黑斯
hotspot		n.	热点
huron		n.	休伦湖
hyatt		n.	凯悦
inertia		n.	惯性
juno		n.	朱诺
lauded		adj.	受赞颂的
laziness		n.	懒惰
leech		n.	水蛭
macquarie		n.	麦考瑞
meetup		n.	聚会
milano		n.	米兰
moldova		n.	摩尔多瓦
motorsport		n.	赛车运动
nemo		n.	尼莫
nifty		adj.	俏皮的
palladium		n.	钯
particulars		n.	细节
passer-by		n.	行人
personalised		adj.	个性化的
piazza		n.	广场
pranks		n.	恶作剧
pretentious		adj.	自命不凡的
pronoun		n.	代词
rapture		n.	狂喜
rectify		v.	纠正
seconded		v.	附议
seduced		v.	诱惑
selector		n.	选择器
shilling		n.	先令
skim		v.	撇去
slovak		adj.	斯洛伐克的
solicitation		n.	恳求
specifying		v.	指定
stupidest		adj.	最愚蠢的
swirling		v.	旋动
teas		n.	茶
twinkle		v.	闪烁
uncharted		adj.	未绘制的
unsigned		adj.	无符号的
valet		n.	男仆
alderman		n.	市议员
amplify		v.	放大
attrition		n.	消耗
biotech		n.	生物技术
blackjack		n.	二十一点
blockchain		n.	区块链
bluegrass		n.	蓝草音乐
budgetary		adj.	预算的
carers		n.	护理人员
cliche		n.	陈词滥调
cockroach		n.	蟑螂
collaborator		n.	合作者
composites		n.	复合材料
curt		adj.	简短无礼的
cyclic		adj.	循环的
deducted		v.	扣除
deformation		n.	变形
downloadable		adj.	可下载的
duplication		n.	复制
dynamo		n.	发电机
elixir		n.	灵丹妙药
enhancements		n.	增强
fable		n.	寓言
fatality		n.	死亡
greenfield		n.	未开发地
greensboro		n.	格林斯伯勒
heidelberg		n.	海德堡
infer		v.	推断
inpatient		n.	住院病人
invitational		n.	邀请赛
ithaca		n.	伊萨卡
kennel		n.	狗窝
kern		n.	字核
kualalumpur		n.	吉隆坡
lighted		adj.	点亮的
menopause		n.	更年期
motherboard		n.	主板
msg		n.	消息
napkin		n.	餐巾
nelly		n.	内莉
opus		n.	作品
otc		n.	非处方药
pharmacists		n.	药剂师
pixar		n.	皮克斯
prenatal		adj.	产前的
probabilities		n.	概率
probate		n.	遗嘱认证
propel		v.	推进
reddit		n.	红迪
remodeling		n.	改造
retreats		n.	静修
roadmap		n.	路线图
rockford		n.	罗克福德
shortcuts		n.	快捷方式
shorthand		n.	速记
sportsman		n.	运动员
strippers		n.	脱衣舞者
swirl		v.	打旋
telecommunication		n.	电信
theta		n.	西塔
thong		n.	人字拖
transcribed		v.	转录
tycoon		n.	大亨
uproar		n.	骚动
whistler		n.	惠斯勒
windmill		n.	风车
workflow		n.	工作流
wrapper		n.	包装纸
abba		n.	阿巴乐队
acetate		n.	醋酸盐
allure		n.	魅力
amps		n.	安培
anthrax		n.	炭疽
aqueous		adj.	水的
attainment		n.	成就
axial		adj.	轴的
barron		n.	巴伦
bridgewater		n.	布里奇沃特
burkina		n.	布基纳
byte		n.	字节
carat		n.	克拉
carcinoma		n.	癌
caviar		n.	鱼子酱
cbd		n.	大麻二酚
chairperson		n.	主席
chore		n.	家务杂事
chore		n.	杂务
clique		n.	小圈子
conserved		v.	保存
corolla		n.	花冠
deteriorate		v.	恶化
dior		n.	迪奥
dogg		n.	多格
drizzle		n.	毛毛雨
drizzle		v.	下毛毛雨
grievance		n.	不满
grunt		n.	咕哝声
grunt		n.	咕哝
hailing		v.	招呼
harmonious		adj.	和谐的
hast		v.	有
hitherto		adv.	迄今
hornet		n.	大黄蜂
humboldt		n.	洪堡
impedance		n.	阻抗
incline		v.	倾斜
intercontinental		adj.	洲际的
jigsaw		n.	拼图
jpeg		n.	JPEG图像
jpg		n.	JPG图像
juniper		n.	杜松
labelling		v.	贴标签
larsen		n.	拉森
layouts		n.	布局
lev		n.	列弗
lilies		n.	百合
lollipop		n.	棒棒糖
merchandising		n.	商品销售
microphones		n.	麦克风
misunderstand		v.	误解
monies		n.	款项
montenegro		n.	黑山
moo		v.	哞哞叫
movable		adj.	可移动的
ms-dos		n.	MS-DOS
necklaces		n.	项链
newsroom		n.	新闻编辑室
nightlife		n.	夜生活
omnibus		n.	选集
omnibus		n.	文集
overwhelm		v.	压倒
pegasus		n.	飞马
peptides		n.	肽
petersen		n.	彼得森
pharmacology		n.	药理学
ply		v.	往返
protectors		n.	保护者
protectors		n.	保护装置
provost		n.	教务长
raptor		n.	猛禽
regenerate		v.	再生
sax		n.	萨克斯
saxophone		n.	萨克斯管
scarves		n.	围巾
scorpio		n.	天蝎座
sever		v.	切断
sharpen		v.	削尖
shellfish		n.	贝类
skateboarding		n.	滑板运动
skips		v.	跳过
snowboarding		n.	单板滑雪
snuff		n.	鼻烟
sonoma		n.	索诺马
supersonic		adj.	超音速的
textured		adj.	有纹理的
thrash		v.	痛打
thresholds		n.	门槛
tombstone		n.	墓碑
torches		n.	火把
tuscany		n.	托斯卡纳
tutors		n.	导师
tweaks		v.	微调
unsecured		adj.	无担保的
zenith		n.	顶点
abbreviation		n.	缩写
accrued		v.	累积
acm		n.	计算机协会
adhesion		n.	粘附
appropriated		v.	挪用
avert		v.	避免
avian		adj.	鸟类的
bern		n.	伯尔尼
bodybuilding		n.	健美
branson		n.	布兰森
briefings		n.	简报
chime		n.	钟声
chromium		n.	铬
claimant		n.	索赔人
collectible		n.	收藏品
conductivity		n.	导电性
contextual		adj.	语境的
crossword		n.	填字游戏
decipher		v.	破译
depletion		n.	耗尽
diss		v.	贬损
downgraded		v.	下调
dumber		adj.	更笨的
exfat		n.	扩展文件分配表
extendedfileallocationtable		n.	扩展文件分配表
fave		n.	最爱
fellowships		n.	奖学金
furnish		v.	布置家具
georg		n.	格奥尔格
growl		v.	咆哮
habitual		adj.	习惯性的
hewlett		n.	休利特
instantaneous		adj.	瞬间的
kellogg		n.	凯洛格
kyrgyzstan		n.	吉尔吉斯斯坦
lark		n.	云雀
linkage		n.	联系
moderated		adj.	温和的
newsweek		n.	新闻周刊
oldham		n.	奥尔德姆
ombudsman		n.	监察专员
ordinances		n.	法令
overtaken		v.	超过
peoria		n.	皮奥里亚
periodical		n.	期刊
postings		n.	帖子
primate		n.	灵长类动物
proverb		n.	谚语
ratification		n.	批准
reclamation		n.	开垦
refute		v.	反驳
reverted		v.	恢复
saratoga		n.	萨拉托加
showroom		n.	陈列室
sightseeing		n.	观光
soggy		adj.	湿透的
sorcerer		n.	巫师
spades		n.	黑桃
speciality		n.	专业
stoop		v.	弯腰
stroking		v.	抚摸
stuffs		v.	填塞
thrice		adv.	三次
tranquil		adj.	宁静的
undergraduates		n.	大学生
underwriting		n.	承保
wetland		n.	湿地
affiliations		n.	隶属关系
amplifiers		n.	放大器
approvals		n.	批准
aries		n.	白羊座
audited		v.	审计
bing		n.	必应
blunder		n.	大错
brownish		adj.	带褐色的
chaser		n.	追逐者
colchester		n.	科尔切斯特
completeness		n.	完整性
concierge		n.	门房
diners		n.	用餐者
doppler		n.	多普勒
dowry		n.	嫁妆
duplex		n.	复式住宅
epilogue		n.	尾声
firefly		n.	萤火虫
foreword		n.	前言
garages		n.	车库
hails		v.	招呼
hippo		n.	河马
incubator		n.	孵化器
intravenous		adj.	静脉内的
kilo		n.	千克
linkedin		n.	领英
luton		n.	卢顿
macon		n.	梅肯
mastercard		n.	万事达
maximizing		v.	使最大化
methodologies		n.	方法论
micah		n.	弥迦
millimeter		n.	毫米
moans		n.	呻吟
modal		adj.	模态的
newbing		n.	新版Bing
parentheses		n.	括号
pinning		v.	钉住
pluck		v.	拔
prophecies		n.	预言
puffy		adj.	肿胀的
registrations		n.	注册
resonant		adj.	共鸣的
resultant		adj.	合成的
rgb		n.	RGB色彩
schema		n.	模式
schwarzenegger		n.	施瓦辛格
scorn		n.	轻蔑
screwdriver		n.	螺丝刀
skillful		adj.	熟练的
slowest		adj.	最慢的
sonata		n.	奏鸣曲
synonym		n.	同义词
tanned		adj.	晒黑的
tele		n.	电视
toxicology		n.	毒理学
uploads		n.	上传
urbana		n.	厄巴纳
valentino		n.	华伦天奴
verona		n.	维罗纳
viscosity		n.	粘度
wafer		n.	晶圆
alta		n.	阿尔塔
altercation		n.	争执
amplification		n.	放大
amuse		v.	逗乐
armada		n.	舰队
asheville		n.	阿什维尔
atv		n.	全地形车
authorizing		v.	授权
autographs		n.	亲笔签名
autos		n.	汽车
backups		n.	备份
bakersfield		n.	贝克斯菲尔德
barrie		n.	巴里
brunt		n.	冲击
cashmere		n.	羊绒
cipher		n.	密码
clarinet		n.	单簧管
condos		n.	公寓
confluence		n.	汇流
creme		n.	奶油
custodian		n.	管理人
flared		adj.	喇叭状的
freshness		n.	新鲜
gauges		n.	仪表
gonzales		n.	冈萨雷斯
groan		n.	呻吟
grub		n.	幼虫
handouts		n.	讲义
headers		n.	页眉
hickory		n.	山核桃木
hives		n.	荨麻疹
hoist		v.	吊起
hunk		n.	大块
identifier		n.	标识符
increments		n.	增量
inhalation		n.	吸入
lasagna		n.	千层面
leaflet		n.	传单
markus		n.	马库斯
mckinney		n.	麦金尼
mediocrity		n.	平庸
motorized		adj.	机动的
muck		n.	淤泥
neonatal		adj.	新生儿的
omen		n.	预兆
pallet		n.	托盘
partitions		n.	隔断
piedmont		n.	皮埃蒙特
pontiac		n.	庞蒂亚克
rants		v.	怒斥
reels		n.	卷轴
rei		n.	REI
resolute		adj.	坚决的
schematic		n.	示意图
secs		n.	秒
shropshire		n.	什罗普郡
snippet		n.	片段
strenuous		adj.	费力的
summarizes		v.	总结
surcharge		n.	附加费
tarot		n.	塔罗牌
tungsten		n.	钨
vodafone		n.	沃达丰
woof		int.	汪
wrinkle		n.	皱纹
abstracts		n.	摘要
bethel		n.	贝瑟尔
bonn		n.	波恩
bookshop		n.	书店
burberry		n.	博柏利
celebs		n.	名人
chesterfield		n.	切斯特菲尔德
collectibles		n.	收藏品
fission		n.	裂变
folio		n.	对开本
franc		n.	法郎
gainesville		n.	盖恩斯维尔
galore		adj.	丰富的
genomic		adj.	基因组的
groovy		adj.	绝妙的
gundam		n.	高达
hereford		n.	海福特牛
hijack		v.	劫持
humankind		n.	人类
immunology		n.	免疫学
kiln		n.	窑
latvian		adj.	拉脱维亚的
lilac		n.	丁香
lister		n.	列表者
macaroni		n.	通心粉
manganese		n.	锰
mantis		n.	螳螂
mattresses		n.	床垫
milligrams		n.	毫克
omissions		n.	遗漏
participatory		adj.	参与式的
permissions		n.	权限
pfizer		n.	辉瑞
pneumatic		adj.	气动的
polyester		n.	聚酯
polynomial		n.	多项式
pyongyang		n.	平壤
quill		n.	羽毛笔
secretion		n.	分泌
shrewd		adj.	精明的
smuggle		v.	走私
solder		n.	焊料
spout		n.	喷口
sprout		v.	发芽
stochastic		adj.	随机的
sully		v.	玷污
synchronization		n.	同步
tajikistan		n.	塔吉克斯坦
unknowingly		adv.	不知不觉地
vases		n.	花瓶
vibrator		n.	振动器
wailing		n.	哀嚎
warwickshire		n.	沃里克郡
accountancy		n.	会计
acoustics		n.	声学
apis		n.	蜜蜂属
astoria		n.	阿斯托里亚
audiobook		n.	有声书
baja		n.	下加州
bien		n.	bien
binoculars		n.	双筒望远镜
burrow		n.	洞穴
cd-rw		n.	可重写光盘
chameleon		n.	变色龙
cheques		n.	支票
clancy		n.	克兰西
clasp		n.	搭扣
clit		n.	阴蒂
condominium		n.	共管公寓
confucius		n.	孔子
cordial		adj.	热忱的
creditor		n.	债权人
crypt		n.	地窖
decatur		n.	迪凯特
delegated		v.	委托
detects		v.	察觉
epoxy		n.	环氧树脂
estonian		adj.	爱沙尼亚的
fiend		n.	恶魔
fledgling		n.	雏鸟
fob		n.	表坠
footer		n.	页脚
grille		n.	格栅
gust		n.	阵风
happenings		n.	发生的事
hearth		n.	壁炉
hereafter		adv.	今后
hoods		n.	风帽
horoscope		n.	占星
idealism		n.	理想主义
improvisation		n.	即兴创作
intergovernmental		adj.	政府间的
ironing		n.	熨烫
kathmandu		n.	加德满都
lakeside		n.	湖畔
lexicon		n.	词典
loader		n.	装载器
macintosh		n.	麦金塔
medallion		n.	大奖章
mot		n.	妙语
multilateral		adj.	多边的
nazism		n.	纳粹主义
nord		n.	北
oblige		v.	强制
pastime		n.	消遣
pedophilia		n.	恋童癖
pinball		n.	弹球机
plat		n.	地图
plenary		adj.	全体出席的
plunder		v.	掠夺
postman		n.	邮递员
rebuke		v.	训斥
rouse		v.	唤醒
sampler		n.	取样器
schoolgirl		n.	女学生
sedimentary		adj.	沉积的
skunk		n.	臭鼬
sloth		n.	树懒
snapshots		n.	快照
snitch		v.	告密
soups		n.	汤
spindle		n.	纺锤
stockholders		n.	股东
subtract		v.	减去
susceptibility		n.	敏感性
tabletop		n.	桌面
tactile		adj.	触觉的
tangle		n.	纠缠
tiki		n.	提基
tonga		n.	汤加
topeka		n.	托皮卡
tort		n.	侵权行为
trackers		n.	追踪者
transcend		v.	超越
underlined		adj.	带下划线的
aloha		int.	阿罗哈
arden		n.	阿登
ares		n.	阿瑞斯
bhutan		n.	不丹
bridgeport		n.	布里奇波特
briefcase		n.	公文包
butte		n.	孤丘
camaro		n.	卡马罗
cambridgeshire		n.	剑桥郡
cancellations		n.	取消
coherence		n.	连贯性
complainant		n.	原告
conforming		adj.	符合的
consonant		n.	辅音
correlations		n.	相关性
cursor		n.	光标
deduct		v.	扣除
dispensing		n.	配药
doubtless		adv.	无疑
dunlop		n.	邓禄普
enfield		n.	恩菲尔德
enrolment		n.	注册
exclamation		n.	感叹
filament		n.	灯丝
glider		n.	滑翔机
grime		n.	污垢
harman		n.	哈曼
impart		v.	传授
interpreters		n.	口译员
invoices		n.	发票
laminated		adj.	层压的
lug		n.	把手
luv		v.	爱
markup		n.	标记
mixtures		n.	混合物
motley		adj.	杂色的
nottinghamshire		n.	诺丁汉郡
obstruct		v.	阻碍
orthopedic		adj.	骨科的
pane		n.	窗格
percentile		n.	百分位数
piety		n.	虔诚
plough		n.	犁
potentials		n.	潜力
propagate		v.	传播
redefine		v.	重新定义
remington		n.	雷明登
respondent		n.	被告
retailing		n.	零售
revere		v.	尊敬
saab		n.	萨博
servings		n.	一份食物
shrinks		v.	收缩
smeared		v.	涂抹
soybean		n.	大豆
standardization		n.	标准化
swindon		n.	斯温顿
toggle		v.	切换
ultrasonic		adj.	超声波的
unveils		v.	揭示
verifying		v.	核实
watchful		adj.	警惕的
waterford		n.	沃特福德
yoke		n.	轭
acorn		n.	橡子
alamo		n.	阿拉莫
antigua		n.	安提瓜
arcadia		n.	阿卡迪亚
automate		v.	使自动化
barre		n.	把杆
blaster		n.	爆破者
brochures		n.	小册子
cartier		n.	卡地亚
catalogs		n.	目录
certify		v.	证明
champaign		n.	尚佩恩
checker		n.	检验员
constants		n.	常数
debtor		n.	债务人
densities		n.	密度
dissolving		v.	溶解
distort		v.	歪曲
draught		n.	通风流
duplicated		adj.	重复的
earring		n.	耳环
elsevier		n.	爱思唯尔
enclosures		n.	附件
evaporation		n.	蒸发
foregoing		adj.	前述的
frighten		v.	吓唬
guernsey		n.	根西岛
haiku		n.	俳句
henceforth		adv.	从今以后
heterogeneous		adj.	异构的
housework		n.	家务活
huddle		v.	挤在一起
humiliate		v.	羞辱
importer		n.	进口商
indignation		n.	愤慨
irritate		v.	激怒
jive		n.	摇摆舞
llama		n.	美洲驼
lullaby		n.	摇篮曲
machining		n.	机械加工
marquette		n.	马凯特
momentary		adj.	短暂的
montague		n.	蒙塔古
moratorium		n.	暂停
naps		n.	小睡
octave		n.	八度
oldies		n.	老歌
plugins		n.	插件
prudential		adj.	谨慎的
remedial		adj.	补救的
runtime		n.	运行时
scottsdale		n.	斯科茨代尔
sentry		n.	哨兵
slimy		adj.	黏滑的
slipper		n.	拖鞋
snout		n.	口鼻
spank		v.	打屁股
storyteller		n.	讲故事的人
stroller		n.	婴儿车
stub		n.	残根
subgroup		n.	子群
supra		adv.	在上
tact		n.	圆滑
taxonomy		n.	分类学
televisions		n.	电视
tinged		v.	染色
tiresome		adj.	烦人的
toolkit		n.	工具包
videotape		n.	录像带
webs		n.	网
willful		adj.	任性的
worcestershire		n.	伍斯特郡
zeta		n.	泽塔
alchemist		n.	炼金术士
alexandre		n.	亚历山大
ashland		n.	阿什兰
backpacks		n.	背包
bos		n.	牛属
busty		adj.	大胸的
callous		adj.	无情的
cardiology		n.	心脏病学
casserole		n.	砂锅菜
cloves		n.	丁香
compress		v.	压缩
compress		n.	敷布
comptroller		n.	审计长
creole		n.	克里奥尔语
creole		adj.	克里奥尔式的
darlington		n.	达灵顿
dolce		adj.	柔和地
equine		adj.	马的
equine		n.	马
faucet		n.	水龙头
feeders		n.	饲养员
fourier		n.	傅里叶
handset		n.	手机
handset		n.	听筒
herzegovina		n.	黑塞哥维那
holster		n.	枪套
holster		v.	收枪
huntsville		n.	亨茨维尔
issuer		n.	发行方
limerick		n.	打油诗
lolita		n.	洛丽塔
mariana		n.	玛丽安娜
nouveau		adj.	新艺术派的
objectionable		adj.	令人反感的
omit		v.	省略
outlying		adj.	边远的
pathfinder		n.	探路者
pelican		n.	鹈鹕
pembroke		n.	彭布罗克
planar		adj.	平面的
purses		n.	钱包
quorum		n.	法定人数
rascal		n.	流氓
roanoke		n.	罗阿诺克
scripting		n.	脚本编写
shank		n.	胫
shortlist		n.	入围名单
sidebar		n.	侧边栏
stargate		n.	星际之门
testimonial		n.	证明书
thence		adv.	从那时起
thyme		n.	百里香
toner		n.	墨粉
tubs		n.	浴缸
tum		n.	肚子
unify		v.	统一
vauxhall		n.	沃克斯豪尔
verbatim		adv.	逐字地
virgo		n.	处女座
willfully		adv.	故意地
yawn		v.	打哈欠
yawn		n.	哈欠
adrift		adj.	漂流的
almanac		n.	年鉴
aloe		n.	芦荟
analyzer		n.	分析仪
ancillary		adj.	辅助的
antiquated		adj.	过时的
aquarius		n.	水瓶座
armani		n.	阿玛尼
averse		adj.	反对的
beaded		adj.	珠状的
beavers		n.	海狸
boomerang		n.	回旋镖
brim		n.	边缘
brim		v.	满溢
calligraphy		n.	书法
capri		n.	卡普里岛
chalet		n.	小木屋
curricular		adj.	课程的
deviate		v.	偏离
dialing		v.	拨号
diode		n.	二极管
discharges		v.	排放
discharges		v.	释放
dribble		v.	运球
dribble		v.	流口水
endocrine		adj.	内分泌的
erickson		n.	埃里克森
executes		v.	执行
fatter		adj.	更胖的
fedora		n.	软呢帽
flamingo		n.	火烈鸟
flutter		v.	飘动
flutter		n.	飘动
forrester		n.	福雷斯特
frey		n.	弗雷
fuzz		n.	绒毛
fuzz		n.	警察
hatching		v.	孵化
hertz		n.	赫兹
hues		n.	色调
indestructible		adj.	坚不可摧的
inks		n.	墨水
inns		n.	小旅馆
institut		n.	学院
islander		n.	岛民
janis		n.	贾尼斯
lambda		n.	拉姆达
lehigh		n.	利哈伊
leicestershire		n.	莱斯特郡
linn		n.	琳
linus		n.	莱纳斯
lynx		n.	猞猁
mage		n.	法师
marketable		adj.	有市场的
marlborough		n.	马尔伯勒
maximal		adj.	最大的
mime		n.	哑剧
mobiles		n.	手机
multidisciplinary		adj.	多学科的
nib		n.	笔尖
palatable		adj.	可口的
payouts		n.	支出
pensacola		n.	彭萨科拉
polarity		n.	极性
pompous		adj.	自负的
pundit		n.	权威人士
purify		v.	净化
regenerative		adj.	再生的
ringer		n.	冒名顶替者
rockville		n.	罗克维尔
sata		n.	串行接口
saucer		n.	茶托
signup		n.	注册
snippets		n.	片段
stimulant		n.	兴奋剂
subscribing		v.	订阅
sympathize		v.	同情
townhouse		n.	联排别墅
transferable		adj.	可转让的
trish		n.	特里什
vail		n.	韦尔
vibrate		v.	振动
whatsapp		n.	WhatsApp
woodworking		n.	木工
worsen		v.	恶化
acreage		n.	英亩数
aquaculture		n.	水产养殖
argus		n.	阿耳戈斯
asp		n.	蝰蛇
assimilate		v.	同化
asterisk		n.	星号
augmentation		n.	增加
bacterium		n.	细菌
beet		n.	甜菜
bistro		n.	小酒馆
bosom		n.	胸
calmer		adj.	更平静的
catalogues		n.	目录
catalogues		v.	编目
clarendon		n.	克拉伦登
coldplay		n.	酷玩乐队
danville		n.	丹维尔
decoding		v.	解码
defenseless		adj.	无防备的
dilapidated		adj.	破旧的
duplicates		n.	复制品
emu		n.	鸸鹋
eritrea		n.	厄立特里亚
errand		n.	差事
exclaimed		v.	呼喊
fractional		adj.	分数的
globes		n.	地球仪
glorify		v.	赞美
hiss		v.	发嘶嘶声
insistent		adj.	坚持的
lakewood		n.	莱克伍德
ligand		n.	配体
lubricant		n.	润滑剂
macroeconomic		adj.	宏观经济的
minimized		v.	最小化
minion		n.	走狗
overcast		adj.	阴天的
paragon		n.	典范
phenotype		n.	表型
pico		n.	皮可
pruning		v.	修剪
quark		n.	夸克
quizzes		n.	测验
radiohead		n.	电台司令乐队
regretting		v.	后悔
renovate		v.	翻新
restores		v.	恢复
sheehan		n.	希汉
shiver		v.	颤抖
smog		n.	烟雾
stools		n.	凳子
subunit		n.	亚单位
suffix		n.	后缀
surveyors		n.	测量员
swede		n.	瑞典人
sweepstakes		n.	抽奖
syndicated		adj.	多报联合发表的
tremor		n.	震颤
wallpapers		n.	壁纸
wesleyan		n.	卫理公会教徒
wolverhampton		n.	伍尔弗汉普顿
yokohama		n.	横滨
zig		n.	Zig
abbreviations		n.	缩写
acupuncture		n.	针灸
admins		n.	管理员
argos		n.	阿戈斯
bibles		n.	圣经
bloomfield		n.	布卢姆菲尔德
bookmark		n.	书签
bulletins		n.	公报
campground		n.	营地
clamps		n.	夹具
convene		v.	召集
covington		n.	科文顿
curricula		n.	课程
demoted		v.	降职
derivation		n.	推导
deviations		n.	偏差
drool		v.	流口水
ebb		v.	退潮
emulation		n.	仿真
escrow		n.	第三方托管
evaporated		v.	蒸发
extinguish		v.	熄灭
fayetteville		n.	费耶特维尔
fiberglass		n.	玻璃纤维
garnish		v.	装饰
genealogical		adj.	家谱的
gnu		n.	牛羚
greenwichmeantime		n.	格林尼治标准时间
hershey		n.	好时
hutch		n.	笼
integrates		v.	集成
intuitively		adv.	直观地
kawasaki		n.	川崎
koala		n.	考拉
loren		n.	洛伦
marietta		n.	玛丽埃塔
millimeters		n.	毫米
monde		n.	世界
obstetrics		n.	产科
obtuse		adj.	钝的
particulate		n.	颗粒物
petal		n.	花瓣
plumbers		n.	水管工
poise		n.	沉着
provence		n.	普罗旺斯
rheumatoid		adj.	类风湿的
rupee		n.	卢比
saltwater		n.	海水
scrabble		v.	摸索
snipe		v.	狙击
spares		n.	备件
stephan		n.	斯特凡
strangle		v.	扼死
sus		adj.	可疑的
tahiti		n.	塔希提
tenacious		adj.	顽强的
toshiba		n.	东芝
tremble		v.	颤抖
undefined		adj.	未定义的
wilton		n.	威尔顿
workstation		n.	工作站
yolk		n.	蛋黄
aerosol		n.	气雾剂
aftermarket		n.	售后市场
alphabetically		adv.	按字母顺序
authorisation		n.	授权
benin		n.	贝宁
bookstores		n.	书店
brentwood		n.	布伦特伍德
buckinghamshire		n.	白金汉郡
burners		n.	燃烧器
clustering		n.	聚类
configure		v.	配置
consequential		adj.	随之而来的
dataset		n.	数据集
deviant		adj.	异常的
discography		n.	唱片目录
dispenser		n.	分配器
dorado		n.	剑鱼
dragonfly		n.	蜻蜓
dynamically		adv.	动态地
financials		n.	财务报表
fingering		n.	指法
frauds		n.	欺诈
gallop		v.	飞驰
grasshopper		n.	蚱蜢
hydrocarbon		n.	烃
informatics		n.	信息学
innumerable		adj.	无数的
invariant		n.	不变量
licensee		n.	被许可人
locator		n.	定位器
magnetism		n.	磁性
maltese		adj.	马耳他的
mariner		n.	水手
matthias		n.	马蒂亚斯
merck		n.	默克
mixers		n.	搅拌机
mozilla		n.	Mozilla
multilingual		adj.	多语的
nested		adj.	嵌套的
nourishment		n.	营养
paintball		n.	彩弹射击
preclude		v.	排除
prickly		adj.	多刺的
programmable		adj.	可编程的
questionnaires		n.	问卷
regularity		n.	规律性
remediation		n.	补救
reprints		n.	重印本
resounding		adj.	响亮的
ripples		n.	涟漪
sarasota		n.	萨拉索塔
scion		n.	后代
snooker		n.	斯诺克
subversion		n.	颠覆
tensor		n.	张量
ticker		n.	股票行情显示器
tiff		n.	口角
toil		v.	苦干
toon		n.	卡通人物
unidentifiedflyingobject		n.	不明飞行物
unregistered		adj.	未注册的
unsubscribe		v.	取消订阅
varnish		n.	清漆
wag		v.	摇摆
wlan		n.	无线局域网
yangon		n.	仰光
yugoslav		adj.	南斯拉夫的
alameda		n.	林荫大道
allocations		n.	分配
architectures		n.	架构
blackboard		n.	黑板
buffers		n.	缓冲区
bylaws		n.	章程
carleton		n.	卡尔顿
catchment		n.	集水区
confuses		v.	使困惑
consequent		adj.	随之而来的
corrects		v.	改正
dazzle		v.	使目眩
decode		v.	解码
duress		n.	胁迫
earthy		adj.	泥土的
editorials		n.	社论
ericsson		n.	爱立信
erotica		n.	情色作品
escalator		n.	自动扶梯
furnishing		n.	家具陈设
gambia		n.	冈比亚
gcc		n.	编译器集合
geophysical		adj.	地球物理的
graze		v.	吃草
grenada		n.	格林纳达
grower		n.	种植者
hottie		n.	辣妹
imbalances		n.	失衡
improvise		v.	即兴创作
indistinct		adj.	模糊的
integers		n.	整数
intracellular		adj.	细胞内的
jukebox		n.	自动点唱机
kayaking		n.	皮划艇运动
knobs		n.	旋钮
leveraging		v.	利用
macos		n.	苹果操作系统
magenta		n.	品红色
marlboro		n.	万宝路
middletown		n.	米德尔敦
mince		v.	切碎
miniatures		n.	微缩模型
monogram		n.	字母组合图案
nanotechnology		n.	纳米技术
napping		v.	打瞌睡
perfumes		n.	香水
phonetic		adj.	语音的
poodle		n.	贵宾犬
redirected		v.	重定向
resuming		v.	恢复
retrieving		v.	取回
sandbox		n.	沙箱
scooters		n.	滑板车
silo		n.	筒仓
sion		n.	锡永
soot		n.	煤烟
stoves		n.	炉子
stylus		n.	触控笔
subclass		n.	子类
submits		v.	提交
topographic		adj.	地形的
trekking		n.	徒步旅行
umbilical		adj.	脐的
vanishes		v.	消失
vapour		n.	蒸气
versace		n.	范思哲
wheaton		n.	惠顿
wither		v.	枯萎
adorn		v.	装饰
amethyst		n.	紫水晶
bovine		adj.	牛的
braille		n.	盲文
capricorn		n.	摩羯座
centro		n.	森特罗
chit		n.	便条
cutlery		n.	餐具
decal		n.	贴花
deciduous		adj.	落叶的
delphi		n.	德尔福
detract		v.	贬低
diminishes		v.	减少
distillation		n.	蒸馏
dubs		v.	配音
evaporate		v.	蒸发
exhibitors		n.	参展者
exorbitant		adj.	过高的
expat		n.	侨民
experimentally		adv.	实验性地
florist		n.	花商
formatted		v.	格式化
glazing		n.	玻璃装配
grocer		n.	食品杂货商
headless		adj.	无头的
hibernation		n.	冬眠
hindrance		n.	障碍
immunization		n.	免疫接种
inaccuracies		n.	不准确
kilogram		n.	千克
lohan		n.	罗汉
macy		n.	梅西
marlin		n.	枪鱼
meaty		adj.	多肉的
mifflin		n.	米夫林
moderators		n.	版主
mutton		n.	羊肉
newbury		n.	纽伯里
numeric		adj.	数值的
ohm		n.	欧姆
optimizing		v.	优化
overtaking		v.	超车
overtook		v.	超过
overture		n.	序曲
quart		n.	夸脱
raisin		n.	葡萄干
resistor		n.	电阻器
rhapsody		n.	狂想曲
rune		n.	卢恩字母
scala		n.	Scala语言
snowboard		n.	滑雪板
solitaire		n.	单纸牌接龙
stakeholder		n.	利益相关者
subsided		v.	平息
superannuation		n.	退休金
swimwear		n.	泳装
tec		n.	侦探
tempe		n.	天贝
testers		n.	测试员
tumbled		v.	翻滚
typography		n.	排版
ukulele		n.	尤克里里
uncensored		adj.	未经审查的
uranus		n.	天王星
usability		n.	可用性
xerox		v.	复印
affective		adj.	情感的
amending		v.	修正
armpit		n.	腋窝
backpacking		n.	背包旅行
bartender		n.	酒保
blissful		adj.	极乐的
blondes		n.	金发女郎
celeb		n.	名人
condominiums		n.	公寓
coursework		n.	课程作业
dissolves		v.	溶解
embedding		v.	嵌入
encased		v.	包住
expiry		n.	到期
fowl		n.	家禽
fullerton		n.	富勒顿
gelatin		n.	明胶
gull		n.	海鸥
handout		n.	讲义
hitachi		n.	日立
isolates		v.	隔离
kiosk		n.	售货亭
lisp		v.	咬舌
locust		n.	蝗虫
lubbock		n.	拉伯克
moby		n.	Moby
monolithic		adj.	单片的
motoring		n.	驾驶汽车
narcotic		n.	麻醉药
nite		n.	夜晚
nucleotide		n.	核苷酸
outbound		adj.	出境的
peso		n.	比索
pilates		n.	普拉提
pita		n.	皮塔饼
portage		n.	搬运
postcode		n.	邮政编码
pushy		adj.	爱出风头的
reflector		n.	反射器
roswell		n.	罗斯威尔
routers		n.	路由器
salzburg		n.	萨尔茨堡
savory		adj.	咸味的
sieve		n.	筛子
snapper		n.	笛鲷
soleil		n.	太阳
spore		n.	孢子
succulent		adj.	多汁的
superfluous		adj.	多余的
synchronous		adj.	同步的
tenet		n.	信条
togo		n.	多哥
unisex		adj.	男女通用的
wicker		n.	柳条
annotations		n.	注解
apoptosis		n.	细胞凋亡
assays		n.	化验
astrophysics		n.	天体物理学
beanie		n.	无檐便帽
blackened		adj.	烧黑的
blanca		n.	布兰卡
bremen		n.	不来梅
cajun		adj.	卡津的
centimetres		n.	厘米
clog		n.	木屐
competencies		n.	能力
croix		n.	十字
cyberspace		n.	网络空间
detach		v.	分离
deutsch		adj.	德语的
eject		v.	弹出
emblems		n.	徽章
examiners		n.	考官
figurines		n.	小雕像
fleshy		adj.	多肉的
fluctuate		v.	波动
fluttering		v.	飘动
footpath		n.	小径
frustrate		v.	使沮丧
ged		n.	普通教育文凭
genomics		n.	基因组学
goof		n.	愚蠢的错误
grafton		n.	格拉夫顿
hardening		n.	硬化
hostels		n.	青年旅舍
ingestion		n.	摄入
kalamazoo		n.	卡拉马祖
largo		n.	广板
larva		n.	幼虫
lira		n.	里拉
livid		adj.	青灰色的
looser		adj.	更宽松的
mainframe		n.	大型机
mobil		n.	美孚
molar		n.	臼齿
molar		adj.	摩尔的
motorsports		n.	赛车运动
musk		n.	麝香
navigational		adj.	导航的
normalization		n.	规范化
nous		n.	理智
oahu		n.	瓦胡岛
oceania		n.	大洋洲
onyx		n.	玛瑙
osteoporosis		n.	骨质疏松症
phosphorylation		n.	磷酸化
phuket		n.	普吉
preside		v.	主持
retriever		n.	寻回犬
ringtone		n.	铃声
sars		n.	非典
sedative		n.	镇静剂
slush		n.	雪泥
sora		n.	索拉
soundtracks		n.	原声带
swivel		n.	转环
swivel		v.	旋转
tearful		adj.	含泪的
toolbox		n.	工具箱
transsexual		n.	变性人
transsexual		adj.	变性的
unsupported		adj.	不受支持的
whirlpool		n.	漩涡
whitish		adj.	发白的
wholesalers		n.	批发商
wishlist		n.	愿望清单
apricot		n.	杏
atari		n.	雅达利
bestow		v.	授予
calculators		n.	计算器
checkmate		n.	将死
checkmate		v.	将死
constellations		n.	星座
converters		n.	转换器
copyrights		n.	版权
docker		n.	码头工人
docket		n.	案卷
expedited		v.	加快
fasten		v.	固定
fizz		n.	嘶嘶声
fizz		v.	冒泡
flatten		v.	压平
flopped		v.	失败
flopped		v.	瘫倒
gasket		n.	垫圈
gemstone		n.	宝石
hatchback		n.	掀背车
hoisted		v.	吊起
hustler		n.	骗子
img		n.	图像
jamestown		n.	詹姆斯敦
kernels		n.	内核
leeway		n.	余地
lob		v.	挑高球
locale		n.	场所
maserati		n.	玛莎拉蒂
memos		n.	备忘录
networked		adj.	联网的
orthogonal		adj.	正交的
parse		v.	解析
pinterest		n.	拼趣
remover		n.	去除剂
simplification		n.	简化
stupidly		adv.	愚蠢地
tiara		n.	头冠
tranny		n.	变性者
ugliest		adj.	最丑的
underline		v.	下划线
visor		n.	面罩
weighting		n.	权重
werewolves		n.	狼人
allowable		adj.	允许的
amex		n.	美国运通
amortization		n.	摊销
aniston		n.	安妮斯顿
ashford		n.	阿什福德
bib		n.	围嘴
bumble		v.	笨手笨脚
cabo		n.	卡波
claremont		n.	克莱蒙特
coordinators		n.	协调人
cote		n.	棚舍
deduce		v.	推断
displace		v.	取代
doge		n.	狗狗币
erupt		v.	爆发
evaluates		v.	评估
executor		n.	执行者
facsimile		n.	复制品
fillet		n.	鱼片
gleam		v.	发光
handel		n.	亨德尔
hasbro		n.	孩之宝
headsets		n.	耳机
idiom		n.	习语
intoxicating		adj.	令人陶醉的
iota		n.	微量
kafka		n.	卡夫卡
msn		n.	微软网络
pacemaker		n.	起搏器
panty		n.	内裤
paraphernalia		n.	随身用具
perl		n.	Perl语言
projectors		n.	投影仪
rutland		n.	拉特兰
sapiens		n.	智人
savers		n.	储户
shanks		n.	小腿
shreveport		n.	什里夫波特
sociable		adj.	好交际的
soiled		adj.	脏的
thrillers		n.	惊悚作品
trombone		n.	长号
vertebrate		n.	脊椎动物
warehousing		n.	仓储
watermark		n.	水印
webcast		n.	网络直播
westport		n.	韦斯特波特
yearn		v.	渴望
alibaba		n.	阿里巴巴
avatars		n.	头像
breakfasts		n.	早餐
burundi		n.	布隆迪
chimpanzee		n.	黑猩猩
communicator		n.	交流者
complies		v.	遵守
cymru		n.	威尔士
diabolical		adj.	邪恶的
disintegrated		v.	解体
dolby		n.	杜比
factoring		n.	因式分解
farmington		n.	法明顿
fennel		n.	茴香
fetching		adj.	迷人的
firework		n.	烟火
forked		adj.	分叉的
handover		n.	移交
hummingbird		n.	蜂鸟
impotence		n.	无能
increment		n.	增量
invertebrates		n.	无脊椎动物
jester		n.	弄臣
northamptonshire		n.	北安普顿郡
odour		n.	气味
oscillation		n.	振荡
overpass		n.	立交桥
patagonia		n.	巴塔哥尼亚
persevere		v.	坚持
pisces		n.	双鱼座
polymerase		n.	聚合酶
prerequisites		n.	前提条件
prune		n.	西梅干
prune		v.	修剪
putative		adj.	推定的
pyjamas		n.	睡衣
radiate		v.	辐射
raton		n.	拉顿
refrigerators		n.	冰箱
regrettable		adj.	令人遗憾的
serials		n.	期刊
shakira		n.	夏奇拉
sonnet		n.	十四行诗
spurious		adj.	假的
swingers		n.	换偶者
tensile		adj.	张力的
toothless		adj.	无牙的
troubleshooting		n.	故障排除
turkmenistan		n.	土库曼斯坦
vertices		n.	顶点
whirl		v.	旋转
whirl		n.	旋转
widget		n.	小部件
zucchini		n.	西葫芦
aguilera		n.	阿奎莱拉
audubon		n.	奥杜邦
auth		n.	认证
bayesian		adj.	贝叶斯的
boolean		adj.	布尔的
caledonia		n.	喀里多尼亚
chromatography		n.	色谱法
clitoris		n.	阴蒂
coriander		n.	香菜
couches		n.	沙发
darfur		n.	达尔富尔
discord		n.	不和
dissipate		v.	消散
elapsed		v.	过去
encode		v.	编码
freebies		n.	赠品
globalisation		n.	全球化
goddamned		adj.	该死的
guidebook		n.	指南
hereinafter		adv.	以下
hotspots		n.	热点
importers		n.	进口商
installs		v.	安装
lightest		adj.	最轻的
loudspeaker		n.	扬声器
marketer		n.	营销人员
monotonous		adj.	单调的
navel		n.	肚脐
newbies		n.	新手
obsidian		n.	黑曜石
paging		n.	寻呼
perky		adj.	活泼的
phishing		n.	网络钓鱼
priestess		n.	女祭司
quotient		n.	商
realtors		n.	房地产经纪人
sadder		adj.	更悲伤的
saws		n.	锯
secreted		v.	分泌
siena		n.	锡耶纳
stashed		v.	藏匿
subspecies		n.	亚种
tampered		v.	篡改
uninstall		v.	卸载
vac		n.	真空
valium		n.	安定
vcr		n.	录像机
alkali		n.	碱
andover		n.	安多弗
baht		n.	泰铢
caress		n.	爱抚
chewy		adj.	有嚼劲的
creeper		n.	爬行者
customizable		adj.	可定制的
dependant		n.	受抚养人
diagonally		adv.	对角地
dram		n.	少量
embed		v.	嵌入
emulator		n.	模拟器
envoys		n.	使节
etymology		n.	词源
exasperated		adj.	恼怒的
excalibur		n.	王者之剑
exorcist		n.	驱魔人
fayette		n.	费耶特
federated		adj.	联合的
gaussian		adj.	高斯的
gratis		adv.	免费
guiana		n.	圭亚那
headings		n.	标题
householder		n.	户主
hurrah		int.	万岁
immerse		v.	沉浸
indemnity		n.	赔偿
installer		n.	安装程序
interoperability		n.	互操作性
mailer		n.	邮寄者
mercedes-benz		n.	梅赛德斯-奔驰
metallurgy		n.	冶金
misc		n.	杂项
mushy		adj.	糊状的
nauru		n.	瑙鲁
newsletters		n.	通讯
ontology		n.	本体论
origami		n.	折纸
ovary		n.	卵巢
palma		n.	帕尔马
possum		n.	负鼠
potted		adj.	盆栽的
preset		n.	预设
recombinant		adj.	重组的
refreshment		n.	茶点
reproach		v.	责备
retractable		adj.	可伸缩的
sander		n.	打磨机
scorecard		n.	记分卡
silos		n.	筒仓
slideshow		n.	幻灯片放映
struts		n.	支柱
tangerine		n.	橘子
upholstery		n.	室内装潢
viscous		adj.	黏稠的
ablaze		adj.	燃烧的
amphetamine		n.	安非他明
aruba		n.	阿鲁巴
authenticated		adj.	经认证的
chiropractic		n.	脊椎按摩疗法
chopsticks		n.	筷子
colloquial		adj.	口语的
cramer		n.	克拉默
dermatology		n.	皮肤病学
dictating		v.	口述
dominica		n.	多米尼克
endpoint		n.	端点
englewood		n.	恩格尔伍德
fireplaces		n.	壁炉
hasten		v.	加快
identifiers		n.	标识符
impair		v.	损害
kinetics		n.	动力学
layman		n.	外行
layup		n.	上篮
libra		n.	天秤座
myocardial		adj.	心肌的
narnia		n.	纳尼亚
oblong		adj.	长方形的
ophthalmology		n.	眼科学
orca		n.	虎鲸
panzer		n.	装甲车
pomegranate		n.	石榴
promiscuous		adj.	滥交的
reproductions		n.	复制品
revocation		n.	撤销
richland		n.	里奇兰
scalable		adj.	可扩展的
scalar		n.	标量
scrapbook		n.	剪贴簿
semiconductors		n.	半导体
separator		n.	分隔符
sheraton		n.	喜来登
stingray		n.	魟鱼
symbiotic		adj.	共生的
tetris		n.	俄罗斯方块
thereto		adv.	据此
tickling		n.	挠痒
trifle		n.	琐事
twink		n.	小白脸
ventricular		adj.	心室的
vivo		n.	vivo
weymouth		n.	韦茅斯
worksheet		n.	工作表
wyndham		n.	温德姆
antigens		n.	抗原
ascii		n.	ASCII
bookshelf		n.	书架
boron		n.	硼
bugle		n.	军号
bumblebee		n.	大黄蜂
clarion		n.	号角
compilations		n.	合辑
confine		v.	限制
constructor		n.	构造函数
coolers		n.	冷却器
copycat		n.	模仿者
cosplay		n.	角色扮演
cur		n.	杂狗
deutschland		n.	德国
durango		n.	杜兰戈
ejaculation		n.	射精
facilitation		n.	促进
freeport		n.	自由港
gabon		n.	加蓬
garmin		n.	佳明
inhaler		n.	吸入器
jacuzzi		n.	按摩浴缸
lacquer		n.	漆
lakeland		n.	湖区
liquefied		adj.	液化的
microprocessor		n.	微处理器
murmur		n.	低语声
murmur		v.	低语
musings		n.	沉思
onsite		adj.	现场的
plunger		n.	柱塞
presto		int.	瞧
printable		adj.	可打印的
pulley		n.	滑轮
rechargeable		adj.	可充电的
refinance		v.	再融资
saskatoon		n.	萨斯卡通
selenium		n.	硒
slovenian		adj.	斯洛文尼亚的
slovenian		n.	斯洛文尼亚语
soulmate		n.	灵魂伴侣
stefani		n.	斯特凡妮
taxa		n.	分类单元
techs		n.	技术人员
velcro		n.	维可牢
waltham		n.	沃尔瑟ム
warranties		n.	保修单
washers		n.	洗衣机
washers		n.	垫圈
withered		adj.	枯萎的
aphrodite		n.	阿佛洛狄忒
applicability		n.	适用性
cameos		n.	浮雕
clove		n.	丁香
clove		n.	瓣
crackling		n.	爆裂声
cryptography		n.	密码学
deere		n.	迪尔
determinants		n.	决定因素
determinants		n.	行列式
drapes		n.	窗帘
dynamical		adj.	动力学的
electra		n.	伊莱克特拉
enquire		v.	询问
forsake		v.	抛弃
gatwick		n.	盖特威克
gecko		n.	壁虎
generalize		v.	概括
grills		n.	烤架
handcrafted		adj.	手工制作的
helpline		n.	服务热线
hurl		v.	猛投
involuntarily		adv.	不由自主地
lathe		n.	车床
macbook		n.	MacBook
mcafee		n.	迈克菲
merges		v.	合并
nucleic		adj.	核的
octagon		n.	八角形
pectoral		adj.	胸的
polaroid		n.	宝丽来
pungent		adj.	刺鼻的
putter		n.	推杆
reeve		n.	地方长官
refinancing		n.	再融资
roaches		n.	蟑螂
salomon		n.	萨洛蒙
sandal		n.	凉鞋
scat		v.	走开
seaport		n.	海港
seychelles		n.	塞舌尔
sharpest		adj.	最锋利的
spacex		n.	SpaceX
structuredquerylanguage		n.	结构化查询语言
teapot		n.	茶壶
tuner		n.	调谐器
vaginas		n.	阴道
wetter		adj.	更湿的
wifiscanner		n.	WiFi扫描器
albatross		n.	信天翁
antivirus		n.	杀毒软件
arouse		v.	唤起
autographed		adj.	签名的
banff		n.	班夫
bindings		n.	绑定
calc		n.	计算器
coed		adj.	男女同校的
corning		n.	康宁
crutch		n.	拐杖
cursive		adj.	草书的
dandelion		n.	蒲公英
decals		n.	贴纸
emitter		n.	发射器
emporium		n.	商场
expend		v.	花费
facilitator		n.	推动者
flagstaff		n.	旗杆
gagged		v.	堵住嘴
gartner		n.	高德纳
groundhog		n.	土拨鼠
heave		v.	用力举起
homely		adj.	温馨的
homely		adj.	平庸的
incase		n.	Incase
insecticide		n.	杀虫剂
joplin		n.	乔普林
knoll		n.	小丘
kungfu		n.	功夫
landlady		n.	女房东
lavatory		n.	厕所
mbp		n.	MBP
metering		n.	计量
motels		n.	汽车旅馆
nourish		v.	滋养
numbing		adj.	麻木的
obscenity		n.	淫秽
obsess		v.	使痴迷
pk		n.	玩家杀手
portability		n.	可移植性
predation		n.	捕食
rectal		adj.	直肠的
recursive		adj.	递归的
reverting		v.	恢复
shemale		n.	变性女人
shrank		v.	收缩
slimmer		adj.	更苗条的
sportswear		n.	运动服装
succinct		adj.	简洁的
testimonials		n.	推荐信
thoughtless		adj.	欠考虑的
valence		n.	化合价
virtuoso		n.	名家
wail		v.	哀号
watertown		n.	沃特敦
whitewater		n.	激流
whiz		n.	奇才
xenon		n.	氙
acme		n.	顶点
addendum		n.	附录
adhesives		n.	粘合剂
annotation		n.	注释
authorizes		v.	授权
avril		n.	艾薇儿
barcode		n.	条形码
cassettes		n.	盒式磁带
centimeter		n.	厘米
cilantro		n.	香菜
clementine		n.	克莱门氏小柑橘
clipboard		n.	剪贴板
crosse		n.	曲棍球棒
dag		n.	达格
debugging		v.	调试
disputing		v.	争议
divination		n.	占卜
emigrate		v.	移居外国
exorcism		n.	驱魔
fabricate		v.	捏造
fluctuation		n.	波动
gauze		n.	纱布
geometrical		adj.	几何的
hallucination		n.	幻觉
hovered		v.	盘旋
jacking		v.	千斤顶抬起
mississauga		n.	密西沙加
modifier		n.	修饰语
nerf		v.	削弱
oar		n.	桨
playwright		n.	剧作家
quench		v.	扑灭
quench		v.	解渴
radon		n.	氡
retardation		n.	迟缓
retort		v.	反驳
runes		n.	卢恩字母
shogun		n.	幕府将军
shrinkage		n.	收缩
snowstorm		n.	暴风雪
spouting		v.	喷出
surnames		n.	姓
tamper		v.	篡改
telephony		n.	电话技术
tenerife		n.	特内里费
zaire		n.	扎伊尔
assessor		n.	评估员
asynchronous		adj.	异步的
cabernet		n.	赤霞珠
calico		n.	印花布
canoeing		n.	划独木舟
clapton		n.	克莱普顿
conspicuously		adv.	显眼地
darken		v.	变暗
debian		n.	Debian系统
depositing		v.	存放
disintegrate		v.	瓦解
disparaging		adj.	贬低的
drosophila		n.	果蝇
epsilon		n.	希腊字母ε
esc		n.	退出键
faqs		n.	常见问题
frock		n.	连衣裙
goblet		n.	高脚杯
hysteria		n.	歇斯底里
kauai		n.	考艾岛
kona		n.	科纳
mailman		n.	邮递员
manus		n.	手
maven		n.	行家
milliseconds		n.	毫秒
nagoya		n.	名古屋
neuter		adj.	中性的
ophelia		n.	奥菲莉娅
oppress		v.	压迫
originator		n.	创始人
outfitters		n.	户外用品店
phoebe		n.	菲比
porcupine		n.	豪猪
scopes		n.	范围
shakespearean		adj.	莎士比亚的
shopkeeper		n.	店主
splitter		n.	分流器
subside		v.	平息
telepathy		n.	心灵感应
thesaurus		n.	同义词词典
trina		n.	特里娜
widescreen		adj.	宽屏幕的
ack		int.	收到
acronyms		n.	首字母缩略词
amarillo		n.	阿马里洛
ansi		n.	美国国家标准协会
armpits		n.	腋窝
audiobooks		n.	有声读物
bedfordshire		n.	贝德福德郡
blowjobs		n.	口交
bootstrap		n.	引导程序
bouquets		n.	花束
cnet		n.	CNET
comstock		n.	康斯托克
dashes		n.	破折号
dehydrogenase		n.	脱氢酶
fairmont		n.	费尔蒙特
flaky		adj.	易剥落的
glistening		adj.	闪亮的
gopher		n.	地鼠
hamsters		n.	仓鼠
inasmuch		conj.	由于
jackal		n.	豺
jokers		n.	爱开玩笑的人
jolla		n.	卓拉
joystick		n.	操纵杆
kelp		n.	巨藻
laminate		v.	压合
launcher		n.	发射器
leek		n.	韭葱
lifecycle		n.	生命周期
macros		n.	宏
mauritania		n.	毛里塔尼亚
medford		n.	梅德福
nox		n.	氮氧化物
oedipus		n.	俄狄浦斯
prawn		n.	对虾
receptacle		n.	容器
regs		n.	规章
sagittarius		n.	射手座
sauvignon		n.	长相思
searchable		adj.	可搜索的
seething		v.	沸腾
shamrock		n.	三叶草
shelving		n.	搁架
smut		n.	淫秽内容
subsystem		n.	子系统
topaz		n.	黄玉
torino		n.	都灵
vigour		n.	活力
volte		n.	VoLTE
wagging		v.	摇摆
wisest		adj.	最聪明的
adapters		n.	适配器
anode		n.	阳极
arafat		n.	阿拉法特
argon		n.	氩
astonishment		n.	惊讶
backend		n.	后端
beryllium		n.	铍
billiard		n.	台球
booksellers		n.	书商
capacitance		n.	电容
carlsbad		n.	卡尔斯巴德
complimenting		v.	称赞
debug		v.	调试
depress		v.	使沮丧
evansville		n.	埃文斯维尔
exe		n.	可执行文件
git		n.	Git
glassware		n.	玻璃器皿
gooey		adj.	黏糊糊的
habitually		adv.	习惯性地
hdtv		n.	高清电视
hep		adj.	通晓的
hist		int.	嘘
hokkaido		n.	北海道
indignant		adj.	义愤的
lesotho		n.	莱索托
logitech		n.	罗技
lookup		n.	查找
mildew		n.	霉
parsing		v.	解析
peripherals		n.	外围设备
petitioner		n.	请愿人
pinkie		n.	小指
pollute		v.	污染
precede		v.	在先
quicken		v.	加快
raspberrypi		n.	树莓派
rfid		n.	射频识别
rove		v.	漫游
scrapes		v.	刮
smears		v.	涂抹
sofas		n.	沙发
spreadsheets		n.	电子表格
strangling		v.	勒死
stroked		v.	抚摸
thrifty		adj.	节俭的
thunderbird		n.	雷鸟
tiling		n.	贴瓷砖
tyrosine		n.	酪氨酸
unicode		n.	统一码
wholesaler		n.	批发商
adequacy		n.	充分
benzene		n.	苯
cadmium		n.	镉
callaway		n.	卡拉威
carnivorous		adj.	食肉的
chimera		n.	奇美拉
cleave		v.	劈开
crayfish		n.	小龙虾
czechs		n.	捷克人
defraud		v.	诈骗
dit		n.	点信号
falkland		n.	福克兰
ferment		v.	发酵
figurine		n.	小雕像
freshen		v.	使新鲜
interceptor		n.	拦截者
linkages		n.	连动装置
malaga		n.	马拉加酒
micron		n.	微米
monoclonal		adj.	单克隆的
omelette		n.	煎蛋卷
omnipotent		adj.	全能的
predicate		n.	谓语
ramble		v.	漫步
realtime		adj.	实时的
reebok		n.	锐步
refrained		v.	克制
rhinoceros		n.	犀牛
rollover		n.	翻转
shithead		n.	蠢货
sudbury		n.	萨德伯里
tumbler		n.	玻璃杯
uglier		adj.	更丑的
vex		v.	使烦恼
waveform		n.	波形
workbook		n.	练习册
workspace		n.	工作区
aliases		n.	别名
amiable		adj.	和蔼的
billiards		n.	台球
biosynthesis		n.	生物合成
carnivores		n.	食肉动物
cascading		v.	级联
colosseum		n.	罗马斗兽场
datasets		n.	数据集
decoder		n.	解码器
devilish		adj.	恶魔般的
elon		n.	伊隆
enclosing		v.	围住
enron		n.	安然公司
erectile		adj.	勃起的
flopping		v.	猛躺
fragrances		n.	香水
gaol		n.	监狱
grainy		adj.	颗粒状的
heighten		v.	提高
implicate		v.	牵连
implore		v.	恳求
intonation		n.	语调
inversely		adv.	相反地
johnwick		n.	约翰·威克
keypad		n.	小键盘
lubricants		n.	润滑剂
merriam		n.	梅里亚姆
necessitate		v.	使成为必要
o'reilly		n.	奥赖利
pantyhose		n.	连裤袜
parametric		adj.	参数的
pornstar		n.	色情明星
practicable		adj.	可行的
quiver		n.	箭袋
quiver		v.	颤抖
rougher		adj.	更粗糙的
sentinels		n.	哨兵
strictest		adj.	最严格的
teak		n.	柚木
tortures		n.	酷刑
tortures		v.	拷打
turnip		n.	芜菁
veritas		n.	真相
acapulco		n.	阿卡普尔科
adieu		int.	告别
airfare		n.	机票价格
ashcroft		n.	阿什克罗夫特
contaminate		v.	污染
corsair		n.	海盗
costco		n.	好市多
diverge		v.	分歧
doughty		adj.	勇敢的
downpour		n.	倾盆大雨
eloquence		n.	雄辩
gateways		n.	网关
halogen		n.	卤素
icpc		n.	ICPC
ingest		v.	摄入
insulate		v.	隔热
interconnection		n.	互联
licensees		n.	持证人
musty		adj.	发霉的
mysql		n.	MySQL
nevis		n.	尼维斯
nikon		n.	尼康
nourished		v.	滋养
nourishing		adj.	有营养的
obituaries		n.	讣告
overestimate		v.	高估
peninsular		adj.	半岛的
punctual		adj.	准时的
rafting		n.	漂流
satisfactorily		adv.	令人满意地
savanna		n.	稀树草原
sleet		n.	雨夹雪
snarky		adj.	刻薄的
supplementing		v.	补充
swab		n.	棉签
swab		v.	擦拭
testicle		n.	睾丸
tinge		n.	色调
tinge		v.	使带色调
trample		v.	践踏
tropic		n.	热带
untrustworthy		adj.	不可信的
westerns		n.	西部片
wretch		n.	可怜的人
yakima		n.	亚基马
airbnb		n.	Airbnb
alfalfa		n.	苜蓿
appellant		n.	上诉人
ashanti		n.	阿散蒂
australasia		n.	澳大拉西亚
baguette		n.	长棍面包
bioinformatics		n.	生物信息学
cobbler		n.	补鞋匠
columnists		n.	专栏作家
constrain		v.	限制
cookbooks		n.	食谱
defenceless		adj.	无防备的
diggs		n.	迪格斯
exclaim		v.	呼喊
frightful		adj.	可怕的
geforce		n.	GeForce
heisenberg		n.	海森堡
infuse		v.	注入
interplanetary		adj.	行星间的
irreverent		adj.	不敬的
linens		n.	亚麻制品
outpouring		n.	流露
placeholder		n.	占位符
pogo		n.	弹簧单高跷
predisposition		n.	易患体质
prettier		adj.	更漂亮的
receivable		adj.	应收的
scarface		n.	疤面煞星
scrolled		v.	滚动
stagger		v.	蹒跚
subtext		n.	潜台词
swaziland		n.	斯威士兰
woodpecker		n.	啄木鸟
workstations		n.	工作站
zigzag		v.	曲折前进
acura		n.	讴歌
bookmarks		n.	书签
ciao		int.	你好
comforter		n.	被子
commissary		n.	食堂
compilers		n.	编译器
daemon		n.	守护进程
descriptor		n.	描述符
dynamism		n.	活力
gauteng		n.	豪登省
gigabit		n.	千兆比特
girdle		n.	腰带
hark		v.	听
homies		n.	死党
igneous		adj.	火成的
intercepts		v.	拦截
intrude		v.	侵入
jumble		v.	混乱
lengthen		v.	加长
mallorca		n.	马略卡岛
monolith		n.	独石
nudist		n.	裸体主义者
orgies		n.	纵欲
partitioning		n.	分区
savoury		adj.	咸味的
scold		v.	责骂
seducing		v.	诱惑
smearing		v.	涂抹
sweatshirts		n.	运动衫
switchboard		n.	总机
telecoms		n.	电信
unix-like		adj.	类Unix的
urology		n.	泌尿学
vibrates		v.	振动
viennese		adj.	维也纳的
whitewash		n.	粉饰
whitewash		v.	粉刷
aggravate		v.	加重
appraisals		n.	评估
appraiser		n.	评估师
arboretum		n.	植物园
argent		n.	银
beaker		n.	烧杯
bezel		n.	边框
carats		n.	克拉
craps		n.	掷骰子赌博
creatine		n.	肌酸
cypher		n.	密码
deploys		v.	部署
dermal		adj.	皮肤的
digimon		n.	数码宝贝
dramatist		n.	剧作家
executable		adj.	可执行的
firmness		n.	坚固
foreclosures		n.	止赎
gibbon		n.	长臂猿
gimp		n.	瘸子
grumble		v.	抱怨
hardback		n.	精装书
immaturity		n.	不成熟
impostor		n.	冒名顶替者
intercepting		v.	拦截
kilowatt		n.	千瓦
kilowatt-hour		n.	千瓦时
kilowatt-hours		n.	千瓦时
legible		adj.	清晰可读的
lowercase		n.	小写
macao		n.	澳门
moaned		v.	呻吟
orangutan		n.	猩猩
pendants		n.	吊坠
quilts		n.	被子
rancid		adj.	腐臭的
revives		v.	复活
sculpt		v.	雕刻
siri		n.	Siri
syndication		n.	辛迪加
terrify		v.	使恐惧
trite		adj.	陈腐的
widgets		n.	小部件
actuarial		adj.	保险精算的
bonsai		n.	盆栽
bushel		n.	蒲式耳
callback		n.	回调
cation		n.	阳离子
celsius		adj.	摄氏的
centipede		n.	蜈蚣
chiffon		n.	雪纺绸
chloroform		n.	氯仿
coaxial		adj.	同轴的
conch		n.	海螺
conditioners		n.	护发素
demarcation		n.	划界
desktops		n.	台式机
determinations		n.	测定
dildos		n.	假阳具
euler		n.	欧拉
ewe		n.	母羊
ferrous		adj.	含铁的
frieze		n.	饰带
industrious		adj.	勤劳的
layoff		n.	裁员
leica		n.	徕卡
lido		n.	露天泳池
megapixel		n.	百万像素
mondo		adj.	极好的
muddle		n.	混乱
omnipresent		adj.	无所不在的
overhang		n.	悬垂
oxley		n.	奥克斯利
pail		n.	桶
persecute		v.	迫害
phat		adj.	很棒的
pornstars		n.	色情明星
rejuvenation		n.	年轻化
reseller		n.	转售商
softest		adj.	最软的
squeezes		v.	挤压
stereotyped		adj.	老套的
superlative		n.	最高级
swarovski		n.	施华洛世奇
tabby		n.	虎斑猫
thorium		n.	钍
tomboy		n.	假小子
unclassified		adj.	未分类的
urchin		n.	顽童
vandal		n.	破坏公物者
watertight		adj.	不透水的
wavering		v.	摇摆
aerosmith		n.	史密斯飞船
appetizers		n.	开胃菜
appreciable		adj.	可观的
aural		adj.	听觉的
barracuda		n.	梭子鱼
bridle		n.	笼头
crackle		v.	噼啪作响
croissant		n.	羊角面包
dupe		n.	受骗者
electronica		n.	电子音乐
elongate		v.	拉长
eyewear		n.	眼镜
geisha		n.	艺伎
gemstones		n.	宝石
hannover		n.	汉诺威
hummer		n.	悍马
inverter		n.	逆变器
kfc		n.	肯德基
ligature		n.	连线
mambo		n.	曼波舞
martinique		n.	马提尼克
millimetres		n.	毫米
optionally		adv.	可选地
oscillating		v.	摆动
overlaid		v.	覆盖
pewter		n.	白镴
popup		n.	弹出窗口
punchline		n.	妙语
radish		n.	萝卜
scoff		v.	嘲笑
spires		n.	尖顶
telstra		n.	澳洲电信
thongs		n.	人字拖
uptime		n.	正常运行时间
vagabond		n.	流浪者
vanuatu		n.	瓦努阿图
webcams		n.	网络摄像头
ablation		n.	消融
bankruptcies		n.	破产
blighted		adj.	枯萎的
carrera		n.	carrera
djibouti		n.	吉布提
driest		adj.	最干燥的
dubbing		n.	配音
enclose		v.	围住
entree		n.	主菜
flavoring		n.	调味料
generative		adj.	生成的
intelligible		adj.	可理解的
krypton		n.	氪
lenovo		n.	联想
lichen		n.	地衣
liechtenstein		n.	列支敦士登
loki		n.	洛基
magellan		n.	麦哲伦
magnify		v.	放大
mutter		v.	咕哝
omens		n.	预兆
overcoat		n.	大衣
pansy		n.	三色堇
prescriptive		adj.	规定的
redistribute		v.	重新分配
redistributed		v.	重新分配
splatter		v.	溅泼
squirting		v.	喷出
swinger		n.	换偶者
thereon		adv.	在其上
vertebra		n.	椎骨
wasabi		n.	山葵
wettest		adj.	湿的
whines		v.	哀鸣
wilful		adj.	固执的
aggregator		n.	聚合器
anabolic		adj.	合成代谢的
backstreet		n.	后街
bridegroom		n.	新郎
ciara		n.	席亚拉
convening		v.	召集
cyberpunk		n.	赛博朋克
dryers		n.	烘干机
encrypt		v.	加密
energize		v.	使充满活力
ginseng		n.	人参
haskell		n.	哈斯克尔
hibiscus		n.	木槿
improvising		v.	即兴
infiniti		n.	英菲尼迪
inhabitant		n.	居民
keychain		n.	钥匙链
licensure		n.	执照许可
mythos		n.	神话
offload		v.	卸载
pillage		v.	掠夺
pillage		n.	掠夺
polynesia		n.	波利尼西亚
ravenous		adj.	极饥饿的
rind		n.	外皮
rumsfeld		n.	拉姆斯菲尔德
salamander		n.	蝾螈
solaris		n.	Solaris
storytellers		n.	讲故事的人
sundae		n.	圣代
transitive		adj.	及物的
unrecognizable		adj.	无法辨认的
vagrant		n.	流浪者
antilles		n.	安的列斯群岛
ascribe		v.	归因于
binaries		n.	二进制文件
cashiers		n.	出纳员
clothe		v.	给…穿衣
credential		n.	凭证
crunches		v.	嘎吱嚼
crunches		n.	仰卧起坐
decompose		v.	分解
dingo		n.	野犬
fasteners		n.	紧固件
flattening		v.	弄平
franchising		n.	特许经营
guile		n.	狡诈
homey		adj.	舒适的
loin		n.	腰部
paralegal		n.	律师助理
piranha		n.	水虎鱼
postscript		n.	附言
pussycat		n.	猫咪
refundable		adj.	可退还的
renews		v.	更新
restful		adj.	宁静的
scallop		n.	扇贝
seedling		n.	秧苗
shrew		n.	鼩鼱
snowmobile		n.	雪地摩托
traditionalist		n.	传统主义者
utilisation		n.	利用
waver		v.	动摇
wring		v.	拧
authoring		n.	创作
benchmarking		n.	基准测试
camcorder		n.	摄像机
castrated		v.	阉割
chipmunk		n.	花栗鼠
conceiving		v.	构想
customised		adj.	定制的
deadpool		n.	死侍
drape		v.	悬挂
droplet		n.	小滴
electives		n.	选修课
flaring		v.	闪耀
fora		n.	论坛
handsets		n.	手机
huckleberry		n.	越橘
iguana		n.	鬣蜥
insulator		n.	绝缘体
invert		v.	使反转
invertebrate		n.	无脊椎动物
iridium		n.	铱
kitts		n.	圣基茨
korn		n.	科恩
lemma		n.	引理
mesothelioma		n.	间皮瘤
mire		n.	泥潭
modulate		v.	调制
molybdenum		n.	钼
murakami		n.	村上
mussel		n.	贻贝
qq		n.	QQ
radeon		n.	镭龙
ramblings		n.	漫谈
refills		n.	补充装
rosette		n.	玫瑰花饰
serendipity		n.	意外发现珍宝
squander		v.	浪费
vulva		n.	外阴
wikimedia		n.	维基媒体
abatement		n.	减少
amiga		n.	阿米加
archiving		n.	归档
astro		n.	天文
asus		n.	华硕
baboon		n.	狒狒
bounding		v.	跳跃前进
browned		v.	变褐
caterer		n.	酒席承办人
congratulation		n.	祝贺
cordless		adj.	无绳
countrywide		adj.	全国的
diffused		v.	扩散
emoji		n.	表情符号
ergonomic		adj.	人体工学的
exemplify		v.	例证
handjob		n.	手淫
hastened		v.	赶紧
hovers		v.	盘旋
hyacinth		n.	风信子
italic		adj.	斜体的
loitering		v.	闲荡
misnomer		n.	用词不当
nebula		n.	星云
obstinate		adj.	固执的
optimisation		n.	优化
philology		n.	文献学
qa		n.	质量保证
revoking		v.	撤销
scorch		v.	烧焦
scribble		v.	乱涂
sentries		n.	哨兵
tera		num.	太
toolbar		n.	工具栏
vaccinate		v.	接种疫苗
vestibule		n.	门厅
wagering		n.	打赌
acrobat		n.	杂技演员
ambien		n.	安必恩
assoc		n.	协会
baffle		v.	使困惑
cobble		v.	铺石块
conferencing		n.	视频会议
disintegrating		v.	瓦解
drivel		n.	胡话
effeminate		adj.	娘娘腔的
expandable		adj.	可扩展的
extractor		n.	抽油烟机
extractor		n.	提取器
geophysics		n.	地球物理学
headlong		adv.	头向前地
nunavut		n.	努纳武特
okey		int.	好的
prescribes		v.	开处方
prozac		n.	百忧解
ramones		n.	雷蒙斯乐队
secretarial		adj.	秘书的
secrete		v.	分泌
stormwater		n.	雨水
unselfish		adj.	无私的
weezer		n.	威瑟乐队
allegro		adv.	快板
barium		n.	钡
bestsellers		n.	畅销书
calibre		n.	口径
compressing		v.	压缩
condense		v.	凝结
cyan		n.	青色
dictation		n.	听写
doh		int.	哎呀
entitle		v.	使有权
epinephrine		n.	肾上腺素
ethereum		n.	以太坊
halibut		n.	大比目鱼
lavigne		n.	拉维尼
loins		n.	腰部
modems		n.	调制解调器
normans		n.	诺曼人
omniscient		adj.	全知的
opengl		n.	开放图形库
pacer		n.	领跑者
placard		n.	标语牌
promiscuity		n.	滥交
provisioning		n.	配置
recede		v.	后退
reverts		v.	恢复
savant		n.	学者
scrawny		adj.	瘦骨嶙峋的
slop		n.	污水
spyware		n.	间谍软件
stocky		adj.	矮壮的
subsidence		n.	下沉
swirls		v.	打旋
symbiosis		n.	共生
synchronize		v.	同步
thicken		v.	变厚
thumbnails		n.	缩略图
unread		adj.	未读的
wolfram		n.	钨
workaround		n.	变通办法
armadillo		n.	犰狳
bacillus		n.	杆菌
bloodhound		n.	猎血犬
bromide		n.	溴化物
chipset		n.	芯片组
cobblestone		n.	鹅卵石
condiment		n.	调味品
demotion		n.	降职
envisage		v.	设想
eon		n.	万古年
eon		n.	永世
fluorine		n.	氟
glyph		n.	字形
gramophone		n.	留声机
hibernate		n.	冬眠
hibernate		v.	冬眠
icann		n.	ICANN
interconnect		v.	互连
labia		n.	阴唇
louisvuitton		n.	路易威登
milli		num.	毫
narrowest		adj.	最窄的
outermost		adj.	最外面的
paperbacks		n.	平装书
prefixes		n.	前缀
reproducible		adj.	可再现的
rippling		v.	起涟漪
seiko		n.	精工
shockwave		n.	冲击波
snapdragon		n.	金鱼草
sorcerers		n.	巫师
troublemaker		n.	捣乱者
advisories		n.	公告
andorra		n.	安道尔
assembler		n.	汇编程序
assembler		n.	装配工
bibliographic		adj.	书目的
caicos		n.	凯科斯
changeover		n.	转换
classifieds		n.	分类广告
cuticle		n.	表皮
despatch		v.	派遣
despatch		n.	派遣
embellishment		n.	修饰
fortran		n.	Fortran
huffman		n.	霍夫曼
impurity		n.	杂质
moldy		adj.	发霉的
ochre		n.	赭石
ochre		adj.	赭色的
overlays		n.	覆盖层
overlays		v.	覆盖
personalize		v.	个性化
phoney		adj.	假的
platypus		n.	鸭嘴兽
pollutant		n.	污染物
prankster		n.	恶作剧者
recollect		v.	回忆
scalability		n.	可扩展性
spud		n.	土豆
startle		v.	使吃惊
tardy		adj.	迟到的
velvety		adj.	柔软光滑的
accesses		n.	访问
adsense		n.	谷歌广告
analgesic		n.	止痛药
bmp		n.	位图文件
caching		n.	缓存
campgrounds		n.	营地
carnivore		n.	食肉动物
decrypt		v.	解密
disgusts		v.	使厌恶
encoder		n.	编码器
firewalls		n.	防火墙
gist		n.	要点
github		n.	GitHub
grope		v.	摸索
gutenberg		n.	古腾堡
haughty		adj.	傲慢的
hoisting		v.	吊起
horseradish		n.	辣根
inlay		n.	镶嵌
naively		adv.	天真地
palau		n.	帕劳
panasonic		n.	松下
pikachu		n.	皮卡丘
quilting		n.	绗缝
shins		n.	胫
ulysses		n.	尤利西斯
underlie		v.	构成基础
virginian		adj.	弗吉尼亚的
voyeur		n.	偷窥者
wisp		n.	小缕
zeiss		n.	蔡司
bissau		n.	比绍
cabling		n.	布线
codec		n.	编解码器
consumables		n.	耗材
copier		n.	复印机
defrauded		v.	欺诈
deprecated		adj.	弃用的
dimmer		n.	调光器
effluent		n.	污水
exhibitor		n.	参展者
imperium		n.	绝对权力
liens		n.	留置权
longhorn		n.	长角牛
podcasting		n.	播客
radishes		n.	萝卜
resellers		n.	经销商
seduces		v.	诱惑
segregate		v.	隔离
spammers		n.	垃圾邮件发送者
swirled		v.	旋转
thinnest		adj.	最薄的
timeliness		n.	及时性
tivoli		n.	蒂沃利
wavered		v.	摇摆
westin		n.	威斯汀
abalone		n.	鲍鱼
airsoft		n.	气枪运动
alzheimer		n.	阿尔茨海默病
bismuth		n.	铋
classifier		n.	分类器
fallback		n.	后备方案
faroe		n.	法罗群岛
filename		n.	文件名
fraudsters		n.	骗子
hoarse		adj.	嘶哑的
intensify		v.	加剧
launchpad		n.	发射台
nonverbal		adj.	非语言的
prophesy		v.	预言
sardine		n.	沙丁鱼
slipknot		n.	活结
snorkeling		n.	浮潜
splint		n.	夹板
stethoscope		n.	听诊器
superstore		n.	大型超市
svg		n.	SVG
swagger		v.	大摇大摆
swagger		n.	狂妄
twinks		n.	花样美男
wags		v.	摇摆
youtuber		n.	油管博主
celluloid		n.	赛璐珞
colic		n.	绞痛
collectable		adj.	可收藏的
epidermal		adj.	表皮的
facials		n.	面部护理
fattest		adj.	胖的
gigabyte		n.	千兆字节
indented		adj.	锯齿状的
jeeves		n.	吉维斯
medallions		n.	大奖章
mongrel		n.	杂种狗
octagonal		adj.	八边形的
overhear		v.	偷听到
paralyze		v.	使瘫痪
recur		v.	复发
recursion		n.	递归
redirects		v.	重定向
resets		v.	重置
scheduler		n.	调度程序
stewed		adj.	炖的
stews		v.	炖
suffixes		n.	后缀
synthase		n.	合酶
toughen		v.	使坚韧
vignette		n.	晕影
adaptor		n.	适配器
agitate		v.	搅动
agitate		v.	鼓动
append		v.	追加
birding		n.	观鸟
condensing		v.	冷凝
decried		v.	谴责
doze		v.	打瞌睡
dreamcast		n.	世嘉DC
exoskeleton		n.	外骨骼
filial		adj.	孝顺的
fisting		v.	拳交
florists		n.	花商
freezers		n.	冰柜
hardens		v.	变硬
hyphen		n.	连字符
indentation		n.	缩进
insipid		adj.	乏味的
kenwood		n.	Kenwood
naturals		n.	自然的事物
noncommercial		adj.	非商业的
outgrowth		n.	结果
pacifier		n.	安抚奶嘴
prunes		n.	西梅干
puffer		n.	河豚
ripen		v.	成熟
scooby-doo		n.	史酷比
serif		n.	衬线
spiny		adj.	多刺的
subsides		v.	减弱
sudoku		n.	数独
symantec		n.	Symantec
tambourine		n.	铃鼓
tilapia		n.	罗非鱼
tuber		n.	块茎
unabridged		adj.	未删节的
affix		v.	附加
affix		n.	词缀
alicante		n.	Alicante
appendices		n.	附录
biloxi		n.	Biloxi
clang		n.	叮当声
compresses		v.	压缩
escherichia		n.	埃希氏菌属
flatbed		n.	平板
fume		n.	烟雾
guadeloupe		n.	瓜德罗普
liposuction		n.	抽脂
microbe		n.	微生物
moonlit		adj.	月光照耀的
novelties		n.	新奇小玩意
okra		n.	秋葵
omelet		n.	煎蛋卷
pager		n.	传呼机
parser		n.	分析器
permeate		v.	渗透
prometheus		n.	普罗米修斯
shrunken		adj.	缩小的
skittish		adj.	易受惊的
strontium		n.	锶
timeshare		n.	分时度假
transvestite		n.	异装者
turismo		n.	旅游
typist		n.	打字员
weblog		n.	博客
bernadette		n.	贝尔纳黛特
bestiality		n.	兽奸
chives		n.	细香葱
citroen		n.	雪铁龙
clink		v.	叮当作响
configuring		v.	配置
esperanto		n.	世界语
eval		v.	求值
expedia		n.	亿客行
morty		n.	莫蒂
oomph		n.	活力
preposition		n.	介词
servicesetidentifier		n.	服务集标识
shimano		n.	禧玛诺
snarl		v.	咆哮
ssid		n.	服务集标识
suriname		n.	苏里南
thickest		adj.	最厚的
timestamp		n.	时间戳
tivo		n.	TiVo录像机
tradesman		n.	商人
variegated		adj.	杂色的
vel		conj.	或
walkman		n.	随身听
anglophone		n.	说英语的人
annealing		n.	退火
antler		n.	鹿角
aromatherapy		n.	芳香疗法
clack		v.	啪嗒作响
clicker		n.	遥控器
diazepam		n.	地西泮
drudge		v.	做苦工
dwindle		v.	减少
env		n.	环境变量
etiology		n.	病因学
gangbang		n.	轮奸
immigrate		v.	移民
implicating		v.	牵连
micrograms		n.	微克
micronesia		n.	密克罗尼西亚
mikes		n.	麦克风
misdirection		n.	误导
moc		n.	元对象编译器
newzealander		n.	新西兰人
outkast		n.	Outkast
registrant		n.	登记人
washable		adj.	可洗的
antecedent		n.	前事
antecedent		n.	先行词
cached		v.	缓存
choker		n.	颈链
cialis		n.	希爱力
decry		v.	谴责
discordant		adj.	不和谐的
django		n.	Django
dropbox		n.	Dropbox
exalt		v.	提升
faultless		adj.	无缺点的
halve		v.	减半
laud		v.	赞美
louse		n.	虱
millimetre		n.	毫米
nederland		n.	荷兰
postulate		v.	假定
postulate		n.	假设
radisson		n.	Radisson
shania		n.	Shania
strollers		n.	婴儿推车
submerge		v.	淹没
tints		n.	色彩
wilted		v.	枯萎
workpiece		n.	工件
wrangle		v.	争论
ashlee		n.	阿什莉
callus		n.	老茧
clearinghouse		n.	清算所
cmos		n.	CMOS
downgrading		v.	降级
enumeration		n.	列举
epson		n.	爱普生
fastener		n.	紧固件
filesystem		n.	文件系统
horoscopes		n.	星座运势
mandrake		n.	曼德拉草
millisecond		n.	毫秒
montserrat		n.	蒙特塞拉特
nary		adj.	一个也没有的
optimizations		n.	优化
qrcode		n.	二维码
recherche		adj.	罕有的
reiki		n.	灵气疗法
rickandmorty		n.	瑞克和莫蒂
sans-serif		adj.	无衬线的
sedona		n.	塞多纳
sepals		n.	萼片
squabble		v.	争吵
worksheets		n.	工作表
aaliyah		n.	艾莉雅
albumin		n.	白蛋白
anchovy		n.	凤尾鱼
cookware		n.	炊具
customizing		v.	定制
diatribe		n.	抨击
dinar		n.	第纳尔
disparage		v.	蔑视
durian		n.	榴莲
feign		v.	假装
irrigate		v.	灌溉
melodious		adj.	悦耳的
middleware		n.	中间件
occupier		n.	占领者
orthography		n.	拼写法
overtakes		v.	超越
pentagram		n.	五角星
purifier		n.	净化器
rampaging		v.	横冲直撞
timberland		n.	林地
tomcat		n.	雄猫
waddle		v.	摇摆地走
whined		v.	哀叫
wombat		n.	袋熊
brioche		n.	奶油面包
brutish		adj.	野蛮的
cookers		n.	炊具
defrauding		v.	欺诈
employability		n.	就业能力
enchant		v.	使着迷
freeware		n.	免费软件
inaugurate		v.	使就职
ingots		n.	锭
irregularity		n.	不规则
jogged		v.	慢跑
latinas		n.	拉丁裔女子
linker		n.	链接器
multicast		n.	组播
outerwear		n.	外套
phonetics		n.	语音学
pruned		v.	修剪
retry		v.	重试
sadism		n.	虐待狂
saturate		v.	使饱和
shortcoming		n.	缺点
vibrators		n.	振动器
ameliorate		v.	改善
depresses		v.	使沮丧
gnaw		v.	咬
grenadines		n.	石榴糖浆
hippopotamus		n.	河马
initialization		n.	初始化
lucent		adj.	光亮的
miser		n.	吝啬鬼
moslem		n.	穆斯林
personals		n.	个人广告
pierrot		n.	丑角
sftp		n.	SFTP协议
timezone		n.	时区
tuft		n.	一簇
unwrap		v.	打开包装
vanadium		n.	钒
whisker		n.	胡须
adorning		v.	装饰
adverb		n.	副词
centimetre		n.	厘米
cumshot		n.	射精镜头
embellish		v.	装饰
hypertext		n.	超文本
impertinent		adj.	无礼的
languish		v.	凋萎
limousines		n.	豪华轿车
mastodon		n.	乳齿象
meritocracy		n.	精英管理制
necktie		n.	领带
quinta		n.	庄园
screensaver		n.	屏幕保护程序
subsist		v.	维持生活
antimony		n.	锑
coronet		n.	冠状头饰
cynically		adv.	愤世嫉俗地
emoticons		n.	表情符号
faucets		n.	水龙头
gannett		n.	甘尼特公司
hilfiger		n.	希尔费格
honeybee		n.	蜜蜂
hunks		n.	健壮男子
intranet		n.	内联网
languid		adj.	倦怠的
motherboards		n.	主板
newswire		n.	新闻通讯社
persimmon		n.	柿子
polygon		n.	多边形
quantization		n.	量化
ribosomal		adj.	核糖体的
rosetta		n.	罗塞塔
snafu		n.	混乱
threesomes		n.	三人组
vicodin		n.	维柯丁
autodesk		n.	欧特克
cuttlefish		n.	乌贼
defame		v.	诽谤
directx		n.	DirectX
guid		n.	全局唯一标识符
javaruntimeenvironment		n.	Java运行环境
jre		n.	Java运行环境
listless		adj.	无精打采
logger		n.	伐木工
namespace		n.	命名空间
newsfeed		n.	新闻推送
obscenities		n.	淫秽词语
preteen		n.	青春期前的孩子
preteen		adj.	青春期前的
rhodium		n.	铑
righty		n.	右撇子
sharpener		n.	磨具
stapler		n.	订书机
subroutine		n.	子程序
sumatra		n.	苏门答腊
tcl		n.	Tcl语言
thessalonians		n.	帖撒罗尼迦前书
webbed		adj.	有蹼的
zirconia		n.	氧化锆
zoloft		n.	左洛复
arabidopsis		n.	拟南芥
chequered		adj.	方格花纹的
collectables		n.	收藏品
datum		n.	数据
earthenware		n.	陶器
harington		n.	哈灵顿
incubus		n.	梦魇
inkjet		adj.	喷墨的
inuyasha		n.	犬夜叉
patreon		n.	Patreon
pecker		n.	啄木鸟
principe		n.	王子
prion		n.	朊病毒
roughest		adj.	最粗糙的
spayed		v.	切除卵巢
stringy		adj.	纤维状的
struct		n.	结构体
tableware		n.	餐具
telnet		n.	远程登录
toons		n.	卡通角色
trended		v.	成为趋势
utensil		n.	器具
acquaint		v.	使熟悉
aquamarine		n.	海蓝宝石
astringent		adj.	收敛性的
bayes		n.	贝叶斯
brokeback		adj.	断背的
conformance		n.	一致性
countable		adj.	可数的
couplet		n.	对联
fascinate		v.	使着迷
femdom		n.	女性主导
giga		num.	十亿
insertions		n.	插入
ligation		n.	结扎
masturbates		v.	手淫
nought		num.	零
oneplus		n.	一加
ptr		n.	指针
sooty		adj.	乌黑的
sublimation		n.	升华
switcher		n.	切换者
unknowing		adj.	不知情的
untie		v.	解开
airmail		n.	航空邮件
alchemical		adj.	炼金术的
chars		n.	字符
concordance		n.	语汇索引
decrying		v.	谴责
deform		v.	使变形
downbeat		n.	弱拍
downbeat		adj.	沮丧的
encloses		v.	围住
infusing		v.	注入
kiribati		n.	基里巴斯
lauds		v.	赞美
mojave		n.	莫哈韦
peculiarity		n.	特性
qualcomm		n.	高通
rime		n.	白霜
sakai		n.	堺
taxon		n.	分类单元
tumbles		v.	跌倒
uuid		n.	通用唯一识别码
watersports		n.	水上运动
akon		n.	阿肯
annoyances		n.	烦恼
capsicum		n.	辣椒
configurable		adj.	可配置的
cron		n.	定时任务调度程序
drumsticks		n.	鼓槌
fellatio		n.	口交
fraudster		n.	骗子
geckos		n.	壁虎
jekyll		n.	杰基尔
safaris		n.	游猎
stupider		adj.	愚蠢的
subwoofer		n.	低音炮
tuners		n.	调谐器
convenes		v.	召开
decoupling		v.	解耦
decoupling		n.	解耦
downgrades		v.	降级
downgrades		n.	降级
eason		n.	伊森
fetches		v.	取来
fpga		n.	现场可编程门阵列
freebsd		n.	FreeBSD
frontend		n.	前端
hematite		n.	赤铁矿
hums		v.	哼唱
hums		n.	嗡嗡声
idleness		n.	懒惰
mcu		n.	微控制器
microsystems		n.	微系统
mitten		n.	连指手套
nanometers		n.	纳米
ordain		v.	任命
outwit		v.	智胜
refraining		v.	克制
resize		v.	调整大小
semicolon		n.	分号
shoppe		n.	商店
soulmates		n.	灵魂伴侣
anaconda		n.	水蟒
astonish		v.	使惊讶
awakenings		n.	觉醒
baccarat		n.	百家乐
capper		n.	加盖者
centigrade		adj.	摄氏的
chapped		adj.	皲裂的
copilot		n.	副驾驶
debugger		n.	调试器
distill		v.	蒸馏
emacs		n.	编辑器
getaways		n.	度假
implicates		v.	牵连
kissimmee		n.	基西米
omnipotence		n.	全能
opossum		n.	负鼠
penne		n.	通心粉
polonium		n.	钋
subsections		n.	小节
sumatrapdf		n.	阅读器
uppercase		adj.	大写的
adorns		v.	装饰
altman		n.	奥尔特曼
belkin		n.	贝尔金
cesium		n.	铯
detracts		v.	贬低
fantastical		adj.	奇幻的
haptic		adj.	触觉的
humidifier		n.	加湿器
incubate		v.	孵化
janitorial		adj.	清洁的
kinect		n.	体感设备
leu		n.	列伊
mpls		n.	多协议标签交换
reverent		adj.	虔诚的
tether		v.	拴系
valhalla		n.	瓦尔哈拉
worldcat		n.	WorldCat
backgammon		n.	西洋双陆棋
calyx		n.	花萼
clef		n.	谱号
deplored		v.	谴责
disclaimers		n.	免责声明
effusive		adj.	感情奔放的
faxes		n.	传真
initialize		v.	初始化
keeling		v.	倾覆
kilowatts		n.	千瓦
maxilla		n.	上颌骨
milligram		n.	毫克
nylons		n.	尼龙丝袜
ringtones		n.	铃声
tannin		n.	单宁
tantalum		n.	钽
ubisoft		n.	Ubisoft
valance		n.	帷幔
wails		v.	恸哭
zirconium		n.	锆
alkaloid		n.	生物碱
bromine		n.	溴
calving		v.	产犊
customise		v.	定制
cve		n.	CVE
indent		v.	缩进
indium		n.	铟
ladyboy		n.	人妖
larks		n.	云雀
masturbated		v.	自慰
orbiter		n.	轨道飞行器
phoneme		n.	音素
phonemic		adj.	音位的
pkg		n.	软件包
rockport		n.	罗克波特
sandisk		n.	闪迪
stinker		n.	讨厌鬼
technics		n.	技术
torchlight		n.	火把光
uncountable		adj.	不可数的
whatcha		pron.	你什么
zookeeper		n.	动物园管理员
acknowledgements		n.	致谢
borland		n.	宝兰公司
cerevisiae		n.	酿酒酵母
commutation		n.	交换
deplore		v.	谴责
disillusion		v.	使幻灭
ellipsis		n.	省略
endow		v.	捐赠
germanium		n.	锗
hotmail		n.	Hotmail
imbalanced		adj.	失衡的
keno		n.	基诺彩票
lubricate		v.	润滑
micrometers		n.	微米
mouldy		adj.	发霉的
oppenheimer		n.	奥本海默
piedpiper		n.	花衣魔笛手
quasar		n.	类星体
refrains		n.	叠句
refrains		v.	克制
rippled		v.	起波纹
rippled		adj.	有波纹的
soonest		adv.	最快
spay		v.	切除卵巢
testis		n.	睾丸
transliteration		n.	音译
trudged		v.	跋涉
wailed		v.	哀号
wma		n.	WMA文件
arabica		n.	阿拉比卡咖啡
bitmap		n.	位图
consecrate		v.	奉献
corrector		n.	矫正者
fluttered		v.	飘动
highbrow		adj.	高雅的
hyperlink		n.	超链接
masochism		n.	受虐狂
oscillate		v.	振荡
trudging		v.	跋涉
unadorned		adj.	朴素的
vesicle		n.	囊泡
vite		adv.	迅速
aborting		v.	中止
alito		n.	阿利托
aubergine		n.	茄子
barbuda		n.	巴布达
biochem		n.	生物化学
bungle		v.	笨拙地做
colonnade		n.	柱廊
diffusing		v.	扩散
disintegrates		v.	解体
disparaged		v.	贬低
dota		n.	DOTA
exorcise		v.	驱邪
fetishism		n.	恋物癖
filmography		n.	影壇作品列表
helpdesk		n.	服务台
marsupial		n.	有袋动物
peal		n.	响亮的钟声
peal		v.	鸣响
polyphonic		adj.	复调的
sarbanes		n.	Sarbanes
scrapbooking		n.	剪贴簿制作
secreting		v.	分泌
secreting		v.	隐藏
slushy		adj.	泥泞的
slushy		n.	冰沙饮料
whiten		v.	变白
whiten		v.	漂白
wilting		v.	枯萎
adiabatic		adj.	绝热的
arduino		n.	阿尔杜伊诺开发板
copycats		n.	模仿者
corrode		v.	腐蚀
defamed		v.	诽谤
downcast		adj.	沮丧的
exasperating		adj.	令人恼怒的
fainter		adj.	更微弱的
gradation		n.	渐变
hackneyed		adj.	陈腐的
labial		adj.	唇音的
malformed		adj.	畸形的
markdown		n.	降价
mealy		adj.	粉质的
needn't		v.	不必
oscilloscope		n.	示波器
rasp		n.	锉刀
reticle		n.	分划板
rhizome		n.	根茎
slaver		v.	流口水
spatter		v.	溅
thanos		n.	灭霸
trudge		v.	跋涉
aleph		n.	希伯来字母阿列夫
aphid		n.	蚜虫
baste		v.	粗缝
checkbox		n.	复选框
demarcated		v.	划界
diadem		n.	王冠
draping		n.	悬垂
florid		adj.	绚丽的
foreshadow		v.	预示
gamespot		n.	GameSpot
hydrocodone		n.	氢可酮
laotian		adj.	老挝的
nanometer		n.	纳米
ovum		n.	卵细胞
pranksters		n.	恶作剧者
putty		n.	腻子
ramada		n.	凉棚
rapacious		adj.	贪婪的
shortcake		n.	奶油蛋糕
softcover		n.	平装本
synchronizing		v.	同步
webmaster		n.	网站管理员
ati		n.	ATI
bonobo		n.	倭黑猩猩
cavitation		n.	空化
flutters		v.	飘动
gamecube		n.	GameCube
hoists		v.	吊起
ingot		n.	锭
loiter		v.	闲逛
maintainer		n.	维护者
megapixels		n.	百万像素
stewing		v.	炖
toilette		n.	梳妆
umami		n.	鲜味
airfares		n.	机票费
ankh		n.	安卡十字
citrix		n.	思杰
clanging		v.	铿锵作响
condenses		v.	凝结
decoupled		adj.	解耦的
defaming		v.	诽谤
disclaims		v.	否认
forklift		n.	叉车
gentoo		n.	巴布亚企鹅
housewares		n.	家用器物
hummed		v.	哼唱
inauthentic		adj.	不真实的
jogs		v.	慢跑
linea		n.	线
logon		n.	登录
microchip		n.	微芯片
molt		v.	换毛
nonstandard		adj.	非标准的
novell		n.	诺威尔
peekaboo		n.	躲猫猫
perversely		adv.	反常地
pranking		v.	恶作剧
prisma		n.	棱镜
rapidity		n.	迅速
varnished		v.	上清漆
vue		n.	Vue框架
addressable		adj.	可寻址的
asic		n.	专用集成电路
bedspread		n.	床罩
braked		v.	刹车
buf		n.	缓冲区
comoros		n.	科摩罗
esthetic		adj.	审美的
flattens		v.	压平
imac		n.	iMac电脑
lesbos		n.	莱斯博斯岛
manicures		n.	美甲
mustn't		v.	禁止
nanosecond		n.	纳秒
notepad		n.	记事本
npp		n.	NPP(用语)
oxidize		v.	氧化
reorder		v.	重新订购
shallot		n.	火葱
symbian		n.	塞班系统
thespian		n.	演员
areola		n.	乳晕
brunet		adj.	深色头发的
devops		n.	开发运维
evanescence		n.	消逝
imminently		adv.	迫近地
indentations		n.	凹痕
interdict		v.	禁止
kraken		n.	挪威海怪
monad		n.	单子
omicron		n.	奥密克戎
pitcairn		n.	皮特凯恩
pranked		v.	恶作剧
salesforce		n.	赛富时
seance		n.	降神会
seducer		n.	诱惑者
sennheiser		n.	森海塞尔
shemales		n.	变性人
storekeeper		n.	店主
subcategories		n.	子类别
vmware		n.	威睿
wilts		v.	枯萎
xperia		n.	Xperia
alienware		n.	外星人
arboreal		adj.	树木的
arial		n.	Arial
asin		n.	亚马逊编号
breathy		adj.	带呼吸声的
glamor		n.	魅力
italicized		v.	用斜体
kaleidoscope		n.	万花筒
multifunction		adj.	多功能的
mutagenesis		n.	诱变
niobium		n.	铌
ostracism		n.	排斥
sebaceous		adj.	皮脂的
subzero		adj.	零下的
telex		n.	电传
unrated		adj.	未分级的
westlife		n.	西域男孩
arthropod		n.	节肢动物
castrate		v.	阉割
macaw		n.	金刚鹦鹉
stashing		v.	藏匿
wsl		n.	WSL
alkalinity		n.	碱度
attentiondeficithyperactivitydisorder		n.	注意缺陷多动障碍
chevelle		n.	Chevelle
cluck		v.	咯咯叫
cosponsors		n.	共同提案人
deface		v.	污损
engadget		n.	瘾科技
entreat		v.	恳求
freq		n.	频率
hemispherical		adj.	半球的
intransitive		adj.	不及物的
lacuna		n.	空隙
lauding		v.	赞美
micrometer		n.	微米
nextel		n.	耐克斯特尔
niue		n.	纽埃
nourishes		v.	滋养
sequoia		n.	红杉
tramadol		n.	曲马多
applet		n.	小程序
ativan		n.	劳拉西泮
bukkake		n.	淋酱
cartilaginous		adj.	软骨的
daewoo		n.	大宇
facetime		n.	视频通话
ferric		adj.	三价铁的
flasher		n.	转向灯
flasher		n.	露阴者
lozenge		n.	含片
lozenge		n.	菱形
lozenges		n.	含片
lozenges		n.	菱形
medline		n.	Medline
nodule		n.	结节
overlaying		v.	覆盖
polyphony		n.	复调
rho		n.	希腊字母ρ
strangles		v.	勒死
tailwind		n.	顺风
taxman		n.	收税员
tencent		n.	腾讯
tuvalu		n.	图瓦卢
upskirt		n.	裙底偷拍
waitlist		n.	候补名单
arcadian		adj.	田园牧歌式的
argentx		n.	ArgentX
chatbot		n.	聊天机器人
extol		v.	颂扬
filamentous		adj.	丝状的
harasses		v.	骚扰
hastening		v.	加快
microseconds		n.	微秒
napped		v.	打盹
norah		n.	诺拉
photoelectric		adj.	光电
tetrahedron		n.	四面体
woodchuck		n.	土拨鼠
annotate		v.	注释
anther		n.	花药
blowfish		n.	河豚
cannibalistic		adj.	食同类的
cloying		adj.	甜得腻人的
demote		v.	使降职
indole		n.	吲哚
maintainers		n.	维护者
matlab		n.	Matlab软件
secretes		v.	分泌
sparc		n.	SPARC架构
uncategorized		adj.	未分类的
ventilate		v.	使通风
waken		v.	唤醒
changelog		n.	变更日志
inspiron		n.	灵越
misplace		v.	误放
morpheme		n.	词素
pizzazz		n.	活力
shareware		n.	共享软件
stargazer		n.	占星师
subtotal		n.	小计
umbilicus		n.	脐
urls		n.	网址
venerate		v.	崇敬
wechat		n.	微信
wechatpay		n.	微信支付
wombats		n.	袋熊
checksum		n.	校验和
decries		v.	谴责
diecast		adj.	压铸的
echidna		n.	针鼹
magnifier		n.	放大镜
parasitism		n.	寄生
reconditioned		adj.	修复的
resound		v.	回响
subchapter		n.	小节
timekeeper		n.	计时员
tinting		n.	着色
vexatious		adj.	恼人的
vibrated		v.	振动
acknowledgments		n.	致谢
bonjour		int.	你好
footstep		n.	脚步
heil		int.	万岁
indolent		adj.	懒惰的
jabber		v.	急促含混地说话
julienne		n.	丝状切菜
legibility		n.	易读性
lts		n.	长期支持版
pentium		n.	奔腾
subsiding		v.	平息
thallium		n.	铊
wavers		v.	摇摆
arbour		n.	凉棚
blacken		v.	变黑
enya		n.	恩雅
firewire		n.	火线接口
glisten		v.	闪光
glutinous		adj.	黏的
handjobs		n.	手淫
json		n.	JSON格式
kyocera		n.	京瓷
lunchroom		n.	食堂
moisten		v.	使湿润
neoplasm		n.	肿瘤
rajesh		n.	拉杰什
readability		n.	可读性
spittle		n.	唾液
whois		n.	Whois查询
conceives		v.	构想
educ		v.	教育
lesbo		n.	女同性恋
mutagen		n.	诱变剂
nudists		n.	裸体主义者
octet		n.	八重奏
robusta		n.	罗布斯塔咖啡
sailfish		n.	旗鱼
sanyo		n.	三洋
speller		n.	拼写程序
synthetically		adv.	合成地
talkback		n.	对讲系统
tautology		n.	同义反复
truncate		v.	截断
wayland		n.	Wayland
capsid		n.	衣壳
casio		n.	卡西欧
diffuses		v.	扩散
espanol		n.	西班牙语
ignorantly		adv.	无知地
omnidirectional		adj.	全方向的
piquant		adj.	辛辣的
pulpy		adj.	果肉状的
quic		n.	QUIC
theseus		n.	忒修斯
asics		n.	亚瑟士
codices		n.	手抄本
detracted		v.	贬低
detracting		v.	贬低
dinnerware		n.	餐具
exorcised		v.	驱邪
oscillates		v.	摆动
recapitulation		n.	概括
retentive		adj.	保持的
revokes		v.	撤销
subsisting		v.	维持生活
svelte		adj.	苗条的
varnishes		n.	清漆
wellbutrin		n.	安非他酮
workgroup		n.	工作组
amphora		n.	双耳瓶
chive		n.	细香葱
keychains		n.	钥匙链
necromancy		n.	巫术
posix		n.	POSIX
sachet		n.	小袋
suse		n.	SUSE
transvestites		n.	易装者
airpods		n.	AirPods
cortana		n.	Cortana
disjunction		n.	分离
dreamweaver		n.	网页设计软件
infuses		v.	注入
jquery		n.	jQuery
litecoin		n.	莱特币
nginx		n.	nginx
papillae		n.	乳头
soothsayer		n.	预言者
suppressant		n.	抑制剂
thresh		v.	脱粒
xeon		n.	Xeon
corel		n.	Corel
deplores		v.	谴责
lua		n.	Lua
oppo		n.	Oppo
tilde		n.	波浪号
tubercle		n.	结节
vandalize		v.	肆意破坏
vim		n.	Vim
adaptors		n.	转接器
adios		int.	再见
assignee		n.	受让人
contrive		v.	设法做到
datasheet		n.	数据表
encumbrance		n.	负担
linguine		n.	扁面条
liquefy		v.	液化
miscarry		v.	流产
nanoseconds		n.	纳秒
netgear		n.	NETGEAR
regex		n.	正则表达式
revivalist		n.	复兴运动者
rubidium		n.	铷
seethe		v.	沸腾
seethe		v.	生闷气
sportsbook		n.	体育博彩公司
transexual		n.	变性者
adware		n.	广告软件
barroom		n.	酒吧
calloused		adj.	结茧的
hyphens		n.	连字符
maeve		n.	Maeve
microsecond		n.	微秒
mongoose		n.	獴
overstock		v.	进货过多
powerpc		n.	PowerPC
pushchair		n.	婴儿推车
slobber		v.	流口水
stabiliser		n.	稳定器
strapon		n.	假阳具
tannic		adj.	单宁的
whitespace		n.	空白
annealed		v.	退火
authenticator		n.	验证器
gpt		n.	GPT
hasselblad		n.	哈苏
homebrew		n.	自酿啤酒
kook		n.	怪人
meritocratic		adj.	精英主义的
nightwish		n.	夜愿
openbsd		n.	OpenBSD
ruthenium		n.	钌
stashes		v.	贮藏
stashes		n.	贮藏物
subparagraph		n.	小节
tellurium		n.	碲
camcorders		n.	摄像机
capybara		n.	水豚
cheesecloth		n.	粗棉布
copiers		n.	复印机
feinberg		n.	范伯格
fettuccine		n.	意大利宽面
illicitly		adv.	非法地
juxtapose		v.	并列
mutagenic		adj.	诱变的
percolate		v.	渗透
percolate		v.	煮咖啡
rampages		v.	横冲直撞
sebum		n.	皮脂
sublimated		v.	升华
wearied		adj.	疲惫的
beeper		n.	传呼机
binance		n.	币安
choco		n.	巧克力
encasing		v.	包住
enum		n.	枚举
imessage		n.	iMessage
lightbox		n.	灯箱
logout		n.	登出
netscape		n.	网景
oedipal		adj.	恋母的
perplexity		n.	困惑
pubg		n.	绝地求生
showtimes		n.	放映时间
slimmest		adj.	最苗条的
travelodge		n.	旅屋酒店
yttrium		n.	钇
benq		n.	明基
decouple		v.	解耦
drafty		adj.	通风的
efi		n.	可扩展固件接口
girdles		n.	束腰
ipsec		n.	网际协议安全
lipitor		n.	立普妥
newsgroup		n.	新闻组
skynet		n.	天网
solidity		n.	固体性
trivium		n.	三学
vermicelli		n.	粉丝
bleat		v.	咩咩叫
closeout		n.	清仓甩卖
everquest		n.	无尽的任务
instep		n.	足背
macworld		n.	Macworld
nederlands		n.	荷兰语
newsgroups		n.	新闻组
pacman		n.	吃豆人
salivate		v.	分泌唾液
snmp		n.	简单网络管理协议
wps		n.	WPS办公软件
clipart		n.	剪贴画
covetous		adj.	贪婪的
godot		n.	戈多
maracas		n.	沙锤
shopify		n.	Shopify
alprazolam		n.	阿普唑仑
femtosecond		n.	飞秒
omnipresence		n.	无处不在
weblogs		n.	博客
blackening		v.	变黑
blights		n.	枯萎病
blights		v.	使枯萎
castrating		v.	阉割
domesticate		v.	驯养
encase		v.	包住
invidious		adj.	招人嫉妒的
lexmark		n.	利盟
octahedron		n.	八面体
paralyse		v.	使瘫痪
perianth		n.	花被
philologist		n.	语言学家
puppeteer		n.	木偶戏演员
puppeteer		v.	操纵
retried		v.	重审
ruminant		n.	反刍动物
squiggle		n.	波形曲线
wagged		v.	摇摆
waggon		n.	四轮运货马车
backslash		n.	反斜杠
camisole		n.	女式吊带背心
cwe		n.	通用缺陷枚举
dejavu		n.	似曾相识
homophones		n.	同音异义词
indolence		n.	懒惰
kijiji		n.	Kijiji
masturbator		n.	自慰者
mayotte		n.	马约特
mcp		n.	MCP协议
pedicel		n.	花梗
phonies		n.	骗子
reword		v.	改写措辞
sybase		n.	Sybase
vivaldi		n.	维瓦尔第
aborts		v.	中止
consonance		n.	和谐
delphic		adj.	隐晦的
focaccia		n.	佛卡夏
harking		v.	倾听
harks		v.	倾听
overripe		adj.	过熟的
personalization		n.	个性化
ricoh		n.	理光
airdrop		v.	空投
airdrop		n.	空投
civilize		v.	使文明
cumshots		n.	射精镜头
doorkeeper		n.	门房
epub		n.	EPUB
fujifilm		n.	富士胶片
internationalization		n.	国际化
involution		n.	内卷
leafless		adj.	无叶的
mockup		n.	样机
papery		adj.	纸状的
quitter		n.	半途而废的人
severest		adj.	严厉的
technetium		n.	锝
webcasts		n.	网络广播
albumen		n.	蛋白
crotchety		adj.	古怪的
downie		n.	唐氏综合征患者
exif		n.	EXIF
guyot		n.	平顶海山
hostname		n.	主机名
netware		n.	NetWare
osmium		n.	锇
quantifier		n.	量词
scallion		n.	葱
terming		v.	称为
upsilon		n.	宇普西龙
valine		n.	缬氨酸
ampoule		n.	安瓿
containerized		v.	容器化
demarcate		v.	划界
ezine		n.	电子杂志
handbrake		n.	手刹
hastens		v.	加速
ladyboys		n.	人妖
miquelon		n.	米克朗
mutualism		n.	互利共生
obstinately		adv.	固执地
ocher		n.	赭石
oscillated		v.	摆动
servlet		n.	服务器小程序
subpart		n.	子部分
ulaanbaatar		n.	乌兰巴托
watermarking		n.	水印
applets		n.	小程序
caduceus		n.	蛇杖
elapse		v.	流逝
endive		n.	菊苣
handhelds		n.	掌上设备
handoff		n.	移交
mojito		n.	莫吉托
nakedly		adv.	赤裸裸地
subsisted		v.	维持生活
swallowtail		n.	燕尾
collocation		n.	搭配
infuser		n.	浸泡器
localhost		n.	本地主机
minimax		n.	极小化极大
permalink		n.	永久链接
pinkies		n.	小指
sadomasochism		n.	施虐受虐狂
solidus		n.	斜线
castanets		n.	响板
ciabatta		n.	恰巴塔
dogecoin		n.	狗狗币
indents		v.	缩进
iptv		n.	网络电视
neologism		n.	新词
quadruped		n.	四足动物
resounded		v.	回响
spaying		v.	切除卵巢
webmasters		n.	网站管理员
demoting		v.	降职
irretrievable		adj.	无法挽回的
meteora		n.	迈泰奥拉
stamen		n.	雄蕊
stargazers		n.	观星者
sublimate		v.	升华
util		n.	实用工具
asclepius		n.	阿斯克勒庇俄斯
bacilli		n.	杆菌
tessellation		n.	镶嵌
bellhop		n.	行李员
correctable		adj.	可纠正的
exorcising		v.	驱邪
fledge		v.	长羽毛
gloryhole		n.	光荣洞
glossaries		n.	词汇表
groundhogs		n.	土拨鼠
mencius		n.	孟子
pagerank		n.	网页排名
pufferfish		n.	河豚
ryzen		n.	Ryzen
adjoin		v.	邻接
cingular		n.	Cingular
imgur		n.	Imgur
industrialize		v.	工业化
orbitz		n.	Orbitz
ovules		n.	胚珠
trackball		n.	轨迹球
verdigris		n.	铜绿
abramoff		n.	Abramoff
calve		v.	产犊
destructible		adj.	可破坏的
diatomic		adj.	双原子的
divx		n.	DivX
icq		n.	ICQ
papilla		n.	乳头
revivalism		n.	复兴主义
tiktok		n.	TikTok
tpm		n.	可信平台模块
antonym		n.	反义词
dodecahedron		n.	十二面体
exorbitantly		adv.	过分地
loosest		adj.	最松的
stickier		adj.	更黏的
tokelau		n.	托克劳
zippo		n.	Zippo
coagulate		v.	凝固
extern		prep.	外部
helvetica		n.	海尔维提卡体
intoxicate		v.	使中毒
masturbatory		adj.	自慰的
tabulate		v.	制表
blighting		v.	摧毁
curio		n.	古玩
draughty		adj.	通风的
peatland		n.	泥炭地
resounds		v.	回响
sudo		n.	sudo命令
trae		n.	Trae
unary		adj.	一元的
attr		n.	属性
cuda		n.	CUDA
mantises		n.	螳螂
mayen		n.	马延
onedrive		n.	OneDrive
pigsty		n.	猪圈
scrivener		n.	代书人
seamount		n.	海山
seethed		v.	沸腾
utf		n.	UTF编码
xray-core		n.	Xray核心
carplay		n.	CarPlay
deploring		v.	痛惜
diachronic		adj.	历时的
metamorphose		v.	变态
pistil		n.	雌蕊
sauropod		n.	蜥脚类恐龙
wearying		adj.	令人疲倦的
antigravity		n.	反重力
captcha		n.	验证码
corundum		n.	刚玉
exasperate		v.	激怒
ferrum		n.	铁
gank		v.	偷袭
hafnium		n.	铪
handsfree		adj.	免提
inboard		adj.	船内的
languorous		adj.	倦怠的
protuberance		n.	突起
remortgage		v.	转按揭
rhenium		n.	铼
schemata		n.	模式
seductions		n.	诱惑
subsists		v.	维持生活
tamiflu		n.	达菲
disparages		v.	贬低
goodby		int.	再见
lanthanide		n.	镧系元素
pedlar		n.	小贩
predicative		adj.	表语的
datatype		n.	数据类型
deprecate		v.	反对
grok		v.	深刻理解
keygen		n.	注册机
legibly		adv.	清晰地
millipede		n.	千足虫
onenote		n.	OneNote
perplex		v.	使困惑
recapitulate		v.	概括
risc		n.	精简指令集
solana		n.	Solana
toefl		n.	托福
warez		n.	盗版软件
xcode		n.	Xcode
bilberry		n.	欧洲越橘
bouvet		n.	布韦
checkboxes		n.	复选框
corba		n.	CORBA
futuna		n.	富图纳
homophone		n.	同音词
picosecond		n.	皮秒
verisign		n.	VeriSign
woodchucks		n.	土拨鼠
carpel		n.	心皮
guestbook		n.	留言簿
icosahedron		n.	二十面体
indenting		v.	缩进
marvell		n.	Marvell
monophonic		adj.	单声道的
scandium		n.	钪
synchronic		adj.	共时的
consecrating		v.	奉献
merchantability		n.	适销性
postfix		n.	后缀
rampaged		v.	横冲直撞
attributive		adj.	定语的
broadcom		n.	Broadcom
hogtied		v.	捆绑手脚
majordomo		n.	管家
mapquest		n.	MapQuest
nonmetallic		adj.	非金属的
bract		n.	苞叶
celexa		n.	Celexa
jsp		n.	JSP
mongodb		n.	MongoDB
pantograph		n.	缩放仪
okey-dokey		int.	好的
hughie		n.	休伊
improvises		v.	即兴创作
integument		n.	外皮
involute		adj.	内旋的
larking		v.	嬉戏
phytosanitary		adj.	植物检疫的
propecia		n.	保法止
sepal		n.	萼片
assignees		n.	受让人
jboss		n.	JBoss
palmistry		n.	手相术
perquisite		n.	津贴
strongbox		n.	保险箱
synchronizes		v.	同步
erlang		n.	Erlang
geralt		n.	杰洛特
pomelo		n.	柚子
screensavers		n.	屏幕保护程序
tampers		v.	篡改
arxiv		n.	arXiv
deafen		v.	使聋
icelander		n.	冰岛人
kazaa		n.	Kazaa
microgram		n.	微克
monero		n.	门罗币
refactoring		n.	重构
varnishing		n.	上漆
alembic		n.	蒸馏器
clojure		n.	Clojure
cygwin		n.	Cygwin
decipherment		n.	破译
demarcating		v.	划界
demotions		n.	降职
laravel		n.	Laravel
pcmcia		n.	PC卡
rubato		adv.	弹性速度
ultraman		n.	奥特曼
yandex		n.	Yandex
angiosperm		n.	被子植物
containerization		n.	集装箱化
girdled		v.	束腰
obliviously		adv.	健忘地
ovule		n.	胚珠
timeshares		n.	分时度假产权
athlon		n.	Athlon
dimmest		adj.	昏暗的
infocus		n.	InFocus
licensors		n.	许可方
lycos		n.	Lycos
mothra		n.	Mothra
overfitting		v.	过拟合
bewilder		v.	使困惑
draconic		adj.	龙的
facesitting		n.	坐脸
highfalutin		adj.	华而不实的
paraphilia		n.	性变态
terraria		n.	生态缸
troublemaking		n.	捣乱
troublemaking		adj.	捣乱的
debuff		n.	减益
diffs		n.	差异
finepix		n.	FinePix
homepages		n.	主页
metaverse		n.	元宇宙
torpid		adj.	迟钝的
uteri		n.	子宫
centos		n.	CentOS
destine		v.	命定
encases		v.	包裹
gradle		n.	Gradle
ifttt		n.	IFTTT
loitered		v.	闲逛
openid		n.	OpenID
candlewick		n.	烛芯
celebrex		n.	Celebrex
ideographic		adj.	表意的
lexisnexis		n.	律商联讯
seethes		v.	沸腾
seethes		v.	恼怒
sendmail		n.	Sendmail
tauri		n.	Tauri
toothsome		adj.	美味的
vandalise		v.	破坏
zzz		int.	呼噜声
anneal		v.	退火
celeron		n.	Celeron
correctors		n.	校正器
deepmind		n.	DeepMind
liquefies		v.	液化
panamera		n.	Panamera
shan't		v.	将不
tinges		n.	色调
cardano		n.	Cardano
drupe		n.	核果
fusilli		n.	螺旋面
liquefying		v.	液化
mediatek		n.	MediaTek
pustule		n.	脓疱
tokenization		n.	分词
vioxx		n.	万络
backspace		n.	退格
salsify		n.	婆罗门参
twiki		n.	TWiki
webkit		n.	WebKit
consecrates		v.	使圣化
levitra		n.	乐威壮
lockscreen		n.	锁屏
makefile		n.	make文件
systemd		n.	systemd
vulkan		n.	Vulkan
bitfinex		n.	BitFinex
calved		v.	产崽
fusty		adj.	霉臭的
hevc		n.	高效率视频编码
lacquerware		n.	漆器
lividity		n.	尸斑
nft		n.	非同质化代币
observability		n.	可观测性
serviette		n.	餐巾
tailwinds		n.	顺风
ecards		n.	电子贺卡
maraca		n.	沙锤
zoophilia		n.	恋兽癖
byword		n.	代名词
extirpate		v.	根除
gramme		n.	克
homekit		n.	HomeKit
indymedia		n.	独立媒体中心
nvme		n.	非易失性内存
piquancy		n.	辛辣
predaceous		adj.	食肉的
vonage		n.	Vonage
appal		v.	使惊骇
chequer		n.	方格图案
dewlap		n.	垂肉
masturbators		n.	自慰器
mightn't		v.	不会
retrying		v.	重试
demarcates		v.	划界
derogate		v.	贬低
diathesis		n.	素质
ideogram		n.	表意文字
activex		n.	ActiveX
encarta		n.	Encarta
fhd		n.	全高清
harked		v.	回想
meridia		n.	西布曲明
mockups		n.	模型
netbsd		n.	NetBSD
sublimating		v.	升华
trudges		v.	跋涉
adiabatically		adv.	绝热地
hived		v.	入蜂巢
ielts		n.	雅思
passkey		n.	通行密钥
roguelike		n.	肉鸽游戏
seducers		n.	诱惑者
speedrun		n.	速通
stablecoin		n.	稳定币
suppertime		n.	晚饭时间
temptingly		adv.	诱人地
affectively		adv.	情感上
clanged		v.	铿锵作响
coppermine		n.	科珀曼
defames		v.	诽谤
tailcoat		n.	燕尾服
zoomorphic		adj.	兽形的
despoil		v.	掠夺
kotlin		n.	Kotlin
aeron		n.	Aeron座椅
aeronchair		n.	Aeron座椅
argentum		n.	银
corpuscle		n.	细胞
ecard		n.	电子贺卡
jinja		n.	神社
koopa		n.	库巴龟
retries		n.	重试
argv		n.	命令行参数
clangs		n.	铿锵声
filesize		n.	文件大小
jennies		n.	母驴
pantie		n.	女式内裤
pappardelle		n.	宽面
aave		n.	Aave
backpropagation		n.	反向传播
demotes		v.	降职
evite		v.	回避
findlaw		n.	FindLaw
girdling		v.	环绕
infineon		n.	英飞凌
labium		n.	唇
opensuse		n.	openSUSE
phoniness		n.	虚伪
spuriously		adv.	虚假地
sqlite		n.	SQLite
trello		n.	Trello
webrtc		n.	WebRTC
daren't		v.	不敢
fyne		n.	Fyne
hearten		v.	鼓舞
loquat		n.	枇杷
mildewed		adj.	发霉的
sublimates		v.	升华
transliterate		v.	音译
fermentative		adj.	发酵的
ffmpeg		n.	FFmpeg
indestructibility		n.	坚不可摧
tabbies		n.	虎斑猫
bethink		v.	思量
castrates		v.	阉割
perplexities		n.	困惑
smilies		n.	笑脸
viscid		adj.	黏的
blackens		v.	变黑
stickiest		adj.	黏的
terraform		v.	改造行星
upskirts		n.	裙底
aesculapius		n.	医神
astatine		n.	砹
attosecond		n.	阿秒
cloy		v.	使厌腻
requiescat		n.	安魂祈祷
excrescence		n.	赘生物
hiving		v.	入巢
decouples		v.	解耦
defrauds		v.	诈骗
keycard		n.	门禁卡
tessellate		v.	镶嵌
vitelline		adj.	蛋黄的
ablate		v.	烧蚀
exasperates		v.	激怒
closeouts		n.	清仓
endnote		n.	尾注
farfalle		n.	蝴蝶面
spiritless		adj.	无精打采
hotkey		n.	快捷键
rapine		n.	掠夺
zyban		n.	Zyban
duckduckgo		n.	搜索引擎
mantes		n.	螳螂
twiztid		n.	Twiztid
blogroll		n.	博客链接
ciguatera		n.	雪卡毒素中毒
lutetium		n.	镥
monospaced		adj.	等宽的
cigaret		n.	香烟
rdio		n.	Rdio
verilog		n.	Verilog
webpack		n.	Webpack
adaptec		n.	Adaptec
coindesk		n.	CoinDesk
metasearch		n.	元搜索
pitaya		n.	火龙果
wearies		v.	使疲倦
homepod		n.	HomePod
oauth		n.	OAuth
refactor		v.	重构
saucony		n.	Saucony
soothsaying		n.	占卜
stablecoins		n.	稳定币
dogsbody		n.	打杂的人
hynix		n.	Hynix
gitlab		n.	GitLab
ligate		v.	结扎
nonverbally		adv.	非语言地
ocaml		n.	OCaml
oughtn't		v.	不应该
pixiv		n.	pixiv
pungently		adv.	刺鼻地
weirdoes		n.	怪人
homeliness		n.	朴素
orecchiette		n.	猫耳朵面
bibtex		n.	BibTeX
carisoprodol		n.	卡利普多
gymnosperm		n.	裸子植物
snappish		adj.	脾气暴躁的
starlink		n.	Starlink
chainlink		n.	链式链接
gists		n.	要点
magsafe		n.	MagSafe
prognosticate		v.	预言
capellini		n.	天使细面
disjunctions		n.	分离
canva		n.	Canva
everglade		n.	沼泽地
incrustation		n.	硬壳
loiters		v.	游荡
monospace		adj.	等宽
exorcises		v.	驱邪
natrium		n.	钠
gynoecium		n.	雌蕊群
raddle		n.	赭石
hoverfly		n.	食蚜蝇
mutex		n.	互斥锁
homier		adj.	舒适温馨
cockily		adv.	得意地
copycatting		v.	模仿
irreproducible		adj.	不可再现的
bethought		v.	想起
capslock		n.	大写锁定
diaeresis		n.	分音符
plumbum		n.	铅
goldmark		n.	Goldmark
lortab		n.	Lortab
cisc		n.	CISC
cmake		n.	CMake
dapps		n.	去中心化应用
figma		n.	Figma
istat		n.	iStat
keras		n.	Keras
comodo		n.	Comodo
ebullition		n.	沸腾
infusers		n.	茶壶
mappa		n.	Mappa
mariadb		n.	MariaDB
predacious		adj.	食肉的
severer		adj.	更严重的
strongboxes		n.	保险箱
giphy		n.	Giphy
iqiyi		n.	爱奇艺
openwrt		n.	OpenWrt
papillose		adj.	乳突状的
dropzone		n.	投放区
fallbacks		n.	后备方案
impressum		n.	版权声明
kucoin		n.	KuCoin
papule		n.	丘疹
procumbent		adj.	匍匐的
arthas		n.	阿尔萨斯
cavitary		adj.	空洞性的
docbook		n.	DocBook
graphql		n.	GraphQL
huobi		n.	火币
trackback		n.	引用通告
webdav		n.	WebDAV
windsurf		n.	Windsurf
nabla		n.	纳布拉算子
nutlets		n.	小坚果
polkadot		n.	波尔卡圆点
submodule		n.	子模块
guiles		n.	诡计
variegate		v.	使多样化
websocket		n.	网络套接字
glyphic		adj.	铭文的
hibernators		n.	冬眠动物
openai		n.	OpenAI
physiopathology		n.	病理生理学
pythonic		adj.	Python式的
disqus		n.	Disqus
garena		n.	Garena
kalium		n.	钾
opencv		n.	OpenCV
overfit		v.	过拟合
rimworld		n.	RimWorld
spays		v.	切除卵巢
chromeos		n.	ChromeOS
collocate		v.	搭配
hono		n.	Hono
openjdk		n.	OpenJDK
esim		n.	eSIM
hackintosh		n.	黑苹果
mccafe		n.	麦咖啡
avira		n.	Avira
decoupler		n.	解耦器
engineman		n.	机车司机
flink		n.	Flink
fuckity		int.	该死
ibus		n.	IBus
weblogic		n.	WebLogic
gboard		n.	Gboard
gpib		n.	GPIB
homeys		n.	好友
papillate		adj.	有乳突的
caruncle		n.	肉阜
dism		n.	DISM
cheatsheet		n.	速查表
esata		n.	eSATA
noria		n.	水车
apnic		n.	APNIC
androecium		n.	雄蕊群
manjaro		n.	Manjaro
phpbb		n.	phpBB
livecam		n.	网络摄像头
vertebras		n.	椎骨
hexahedron		n.	六面体
niconico		n.	Niconico
winget		n.	Winget
submodules		n.	子模块
webhooks		n.	网络钩子
alibris		n.	Alibris
anneals		v.	退火
antonymous		adj.	对生的
basename		n.	基本文件名
bethinking		v.	思考
bethinks		v.	思考
bitpipe		n.	BitPipe
blastodisc		n.	胚盘
cavitate		v.	空化
chalaza		n.	卵系带
containerize		v.	集装箱化
copycatted		v.	模仿
decrier		n.	诋毁者
decriers		n.	诋毁者
demux		v.	解复用
destructibility		n.	可毁坏性
dilapidate		v.	使荒废
dossal		n.	帷幔
drupelet		n.	小核果
fledges		v.	长飞羽
flocculi		n.	小团
flocculus		n.	绒球
floccus		n.	绒毛丛
fungous		adj.	真菌的
gomoku		n.	五子棋
guiled		v.	欺骗
guiling		v.	欺骗
headlessness		n.	无头
hibernations		n.	冬眠
hibernator		n.	冬眠者
homelier		adj.	家常的
homeliest		adj.	家常的
homeyness		n.	温馨
homiest		adj.	家常的
hyphened		v.	用连字符连接
hyphening		v.	用连字符连接
indestructibleness		n.	不可破坏性
indestructibly		adv.	不可破坏地
interceptive		adj.	拦截的
jelsoft		n.	Jelsoft
labiate		adj.	唇形科的
larked		v.	嬉戏
larker		n.	嬉闹者
larkers		n.	嬉闹者
larkish		adj.	嬉戏的
larkishly		adv.	戏谑地
larkishness		n.	戏谑
linter		n.	检查器
lividities		n.	青紫
lividly		adv.	铁青地
lividness		n.	铁青
mosquitocide		n.	灭蚊剂
nutlet		n.	小坚果
omnisciently		adv.	全知地
phalanger		n.	袋貂
phoneys		n.	骗子
phonier		adj.	假的
phoniest		adj.	假的
phonily		adv.	虚假地
polyphone		n.	多音字
powerpack		n.	电源组
predacity		n.	掠夺性
preedit		v.	预编辑
punctuator		n.	加标点者
punctuators		n.	加标点者
qomolangma		n.	珠峰
sentineled		v.	布哨
sentineling		v.	布哨
sentinelled		v.	布哨
sentinelling		v.	布哨
serifed		adj.	有衬线的
seriffed		adj.	有衬线的
simplifier		n.	简化器
soothsay		v.	预言
spuriousness		n.	虚假性
stibium		n.	锑
virgule		n.	斜线号
viscidity		n.	黏性
webhook		n.	网络钩子
permute		v.	置换
sideload		v.	侧载
zotero		n.	Zotero
moom		n.	Moom
metamask		n.	MetaMask
webp		n.	WebP
epyc		n.	EPYC
imore		n.	iMore
keka		n.	Keka
coreos		n.	CoreOS
factorio		n.	异星工厂
fedoracoreos		n.	操作系统
pycharm		n.	PyCharm
bilibili		n.	哔哩哔哩
referer		n.	引荐来源
innodb		n.	InnoDB
webstorm		n.	WebStorm
pytorch		n.	PyTorch
rabbitmq		n.	RabbitMQ
gogs		n.	Gogs
iqos		n.	IQOS
sideloading		n.	侧载
textmate		n.	TextMate
clamav		n.	ClamAV
grafana		n.	Grafana
ipados		n.	iPadOS
deepin		n.	深度系统
storj		n.	Storj
deepl		n.	DeepL
hexo		n.	Hexo
pandoc		n.	Pandoc
wordle		n.	Wordle
eslint		n.	ESLint
unclutter		v.	清理
gitbook		n.	GitBook
gitea		n.	Gitea
gitee		n.	Gitee
giteepages		n.	Gitee页
goagentx		n.	GoAgentX
goframe		n.	GoFrame
goroutine		n.	协程
goroutines		n.	协程
noita		n.	noita
noizio		n.	Noizio
novelai		n.	NovelAI
nuxt		n.	Nuxt
nvalt		n.	nvalt
nvim		n.	nvim
octocat		n.	Octocat
odysee		n.	Odysee
okx		n.	OKX
ollama		n.	Ollama
omarchy		n.	Omarchy
omniplan		n.	OmniPlan
onekey		n.	OneKey
opencat		n.	OpenCat
opencc		n.	OpenCC
openclaw		n.	OpenClaw
opencode		n.	OpenCode
opensea		n.	OpenSea
opentofu		n.	OpenTofu
originos		n.	OriginOS
oschina		n.	开源中国
oxc		n.	Oxc
palworld		n.	幻兽帕鲁
panews		n.	PANews
papermod		n.	PaperMod
passwall		n.	PassWall
picatext		n.	PicaText
pingwest		n.	品玩
pionex		n.	Pionex
pixijs		n.	PixiJS
plantuml		n.	PlantUML
popclip		n.	PopClip
posthog		n.	PostHog
privoxy		n.	Privoxy
protobuf		n.	Protobuf
sharex		n.	ShareX
shitwork		n.	繁重的工作
shottr		n.	Shottr
sigmaos		n.	SigmaOS
slicy		n.	Slicy
snagit		n.	Snagit
sogouspider		n.	搜狗爬虫
solidjs		n.	SolidJS
solscan		n.	Solscan
