# zh-de: Chinese candidates -> German. Generated; edit corrections/zh-de.tsv instead (see CONTRIBUTING.md).
word	reading	pos	translation
的	de	part.	Partikel des Besitzes
一	yi	num.	eins
是	shi	v.	sein
我	wo	pron.	ich
江泽民	jiang:ze:min	n.	Jiang Zemin
江泽民同志	jiang:ze:min:tong:zhi	n.	Genosse Jiang Zemin
在	zai	v.	sich befinden
在	zai	adv.	gerade bei
人	ren	n.	Mensch
有	you	v.	haben
这	zhe	pron.	dieser
这	zhei	pron.	dieser (gesprochen)
他	ta	pron.	er
来	lai	v.	kommen
个	ge	mw.	allgemeines Zählwort
版权	ban:quan	n.	Urheberrecht
三国群英传	san:guo:qun:ying:zhuan	n.	Heroes of the Three Kingdoms
说	shuo	v.	sagen
说	shuo	n.	Rede
上	shang	v.	steigen
上	shang	n.	Oberseite
到	dao	v.	ankommen
到	dao	prep.	bis
就	jiu	adv.	dann
就	jiu	v.	annähern
大	da	adj.	groß
那	na	pron.	das
也	ye	adv.	auch
嗯	eng	int.	hmm
嗯	en	int.	ja
吗	ma	part.	Fragesatz-Partikel
或	huo	conj.	oder
或	huo	adv.	etwa
地	de	part.	Adverbial-Partikel
地	di	n.	Erde
地	di	n.	Ort
子	zi	n.	Kind
子	zi	n.	Sohn
请	qing	v.	einladen
下	xia	v.	heruntergehen
时	shi	n.	Zeit
看	kan	v.	sehen
看	kan	v.	lesen
要	yao	v.	wollen
要	yao	part.	werden
她	ta	pron.	sie
放	fang	v.	legen
中	zhong	n.	Mitte
没	mei	adv.	nicht
但	dan	conj.	aber
然	ran	adv.	so
里	li	n.	innen
为	wei	prep.	für
过	guo	part.	Partikel der Erfahrung
自	zi	prep.	selbst
好	hao	adj.	gut
得	de	part.	Partikel des Ergebnisses
得	dei	v.	müssen
去	qu	v.	gehen
会	hui	v.	können
会	hui	n.	Versammlung
天	tian	n.	Himmel
天	tian	n.	Tag
还	hai	adv.	noch
后	hou	n.	hinten
以	yi	prep.	mit
小	xiao	adj.	klein
和	he	conj.	und
对	dui	adj.	richtig
对	dui	prep.	nach
想	xiang	v.	denken
级	ji	n.	Stufe
起	qi	v.	sich erheben
房地产	fang:di:chan	n.	Immobilien
神	shen	n.	Gott
神	shen	adj.	erstaunlich
深	shen	adj.	tief
啊	a	part.	Ausrufepartikel
啊	a	int.	ah
制度	zhi:du	n.	System
集	ji	v.	sammeln
集	ji	n.	Sammlung
手	shou	n.	Hand
而	er	conj.	und
只	zhi	adv.	nur
只	zhi	mw.	(Zählwort für Tiere)
生	sheng	v.	geboren werden
生	sheng	n.	Leben
头	tou	n.	Kopf
事	shi	n.	Sache
多	duo	adj.	viel
模式	mo:shi	n.	Muster
家	jia	n.	Haus
家	jia	n.	Experte
面	mian	n.	Gesicht
改革	gai:ge	n.	Reform
改革	gai:ge	v.	reformieren
知	zhi	v.	wissen
开	kai	v.	öffnen
如	ru	v.	wie
权利	quan:li	n.	Recht
无	wu	v.	ohne
很	hen	adv.	sehr
点	dian	n.	Punkt
点	dian	mw.	etwas
前	qian	n.	vorne
发	fa	v.	senden
经	jing	v.	durchfahren
按	an	prep.	laut
按	an	v.	drücken
把	ba	n.	Griff
把	ba	mw.	Griff
老	lao	adj.	alt
些	xie	mw.	einige
话	hua	n.	Worte
已	yi	adv.	bereits
又	you	adv.	wieder
声	sheng	n.	Klang
意	yi	n.	Bedeutung
啦	la	part.	Ausrufepartikel
回	hui	v.	zurückkehren
回	hui	mw.	(Zählwort für Male)
笑	xiao	v.	lachen
哦	o	int.	oh
所	suo	n.	Ort
眼	yan	n.	Auge
了	le	part.	Partikel der Vollendung
成	cheng	v.	werden
年	nian	n.	Jahr
见	jian	v.	sehen
当	dang	v.	dienen als
当	dang	adv.	wenn
监督	jian:du	v.	überwachen
女	nv	n.	Frau
真	zhen	adj.	wahr
两	liang	num.	zwei
力	li	n.	Kraft
做	zuo	v.	machen
规范	gui:fan	n.	Norm
规范	gui:fan	v.	regeln
气	qi	n.	Luft
气	qi	n.	Ärger
从	cong	prep.	ab / von
用	yong	v.	benutzen
长	chang	adj.	lang
长	zhang	v.	wachsen
长	zhang	adj.	älter
动	dong	v.	sich bewegen
间	jian	n.	Zimmer
国	guo	n.	Land
守法	shou:fa	v.	das Gesetz einhalten
晒	shai	v.	sonnen
走	zou	v.	gehen
让	rang	v.	lassen
被	bei	part.	Passivmarkierung
不	bu	adv.	nicht
给	gei	v.	geben
正	zheng	adj.	gerade
问	wen	v.	fragen
打	da	v.	schlagen
明	ming	adj.	hell
儿	er	n.	Kind
法	fa	n.	Gesetz
才	cai	adv.	erst
几	ji	num.	einige
行	hang	n.	Reihe
行	xing	adj.	in Ordnung
三	san	num.	3
定	ding	v.	beschließen
此	ci	pron.	dieses
进	jin	v.	eintreten
再	zai	adv.	wieder
种	zhong	mw.	Art
将	jiang	prep.	Futurmarkierung
实	shi	adj.	echt
实	shi	adj.	fest
实	shi	n.	Wahrheit
同	tong	adj.	gleich
最	zui	adv.	am meisten
本	ben	mw.	Band (Bücher)
向	xiang	prep.	nach
法院	fa:yuan	n.	Gericht
分	fen	v.	teilen
十	shi	num.	10
学	xue	v.	lernen
高	gao	adj.	hoch
第	di	part.	Ordnungszahl-Präfix
感	gan	v.	fühlen
怎	zen	pron.	wie
侵犯	qin:fan	v.	verletzen
连	lian	conj.	sogar
听	ting	v.	hören
边	bian	n.	Seite
作	zuo	v.	machen
其	qi	pron.	sein
吧	ba	part.	Suggestionspartikel
却	que	adv.	doch
口	kou	n.	Mund
觉	jue	v.	fühlen
因	yin	conj.	denn
白	bai	adj.	weiß
五个亿	wu:ge:yi	num.	500 Millionen
次	ci	mw.	Mal
出	chu	v.	ausgehen
洗	xi	v.	waschen
外	wai	adj.	außen
新	xin	adj.	neu
光	guang	n.	Licht
风	feng	n.	Wind
住	zhu	v.	wohnen
果	guo	n.	Frucht
果	guo	n.	Ergebnis
与	yu	prep.	mit
与	yu	conj.	und
全	quan	adj.	ganz
全	quan	adv.	völlig
收购	shou:gou	v.	übernehmen
收购	shou:gou	n.	Übernahme
二	er	num.	zwei
候	hou	v.	warten
非法	fei:fa	adj.	illegal
公	gong	adj.	öffentlich
相	xiang	adv.	gegenseitig
相	xiang	n.	Äußeres
等	deng	v.	warten
等	deng	adj.	gleich
等	deng	pron.	etc.
别	bie	adv.	nicht
别	bie	adj.	ander
色	se	n.	Farbe
死	si	v.	sterben
死	si	adj.	tot
张	zhang	mw.	(CL: flache Gegenstände)
部	bu	n.	Abteilung
部	bu	mw.	Zähleinheit für Werke
太	tai	adv.	zu
日	ri	n.	Tag
日	ri	n.	Sonne
少	shao	adj.	wenig
少	shao	v.	fehlen
发展	fa:zhan	v.	sich entwickeln
发展	fa:zhan	n.	Entwicklung
理	li	n.	Vernunft
理	li	v.	verwalten
直	zhi	adj.	gerade
直	zhi	adv.	direkt
重	zhong	adj.	schwer
重	zhong	adj.	wichtig
王	wang	n.	König
像	xiang	v.	ähneln
像	xiang	n.	Bild
上市公司	shang:shi:gong:si	n.	börsennotiertes Unternehmen
脸	lian	n.	Gesicht
比	bi	prep.	als
比	bi	v.	vergleichen
快	kuai	adj.	schnell
快	kuai	adj.	froh
及	ji	conj.	und
及	ji	v.	erreichen
何	he	pron.	was
水	shui	n.	Wasser
名	ming	n.	Name
名	ming	mw.	Zähleinheit für Personen
东	dong	n.	Osten
叫	jiao	v.	heißen
叫	jiao	v.	rufen
西	xi	n.	Westen
土豆	tu:dou	n.	Kartoffel
应	ying	v.	sollen
违法	wei:fa	v.	das Gesetz verletzen
违法	wei:fa	adj.	gesetzwidrig
便	bian	adv.	dann
便	bian	adj.	bequem
马	ma	n.	Pferd
难	nan	adj.	schwierig
难	nan	adj.	unangenehm
轻	qing	adj.	leicht
部门	bu:men	n.	Abteilung
更	geng	adv.	mehr
美	mei	adj.	schön
美	mei	n.	Amerika
位	wei	mw.	zählwort für Personen
关	guan	v.	schließen
关	guan	v.	ausschalten
机	ji	n.	Maschine
接	jie	v.	empfangen
接	jie	v.	verbinden
先	xian	adv.	zuerst
文	wen	n.	Text
处	chu	n.	Ort
并	bing	conj.	und
并	bing	adv.	gleichzeitig
望	wang	v.	hoffen
望	wang	v.	blicken
常	chang	adv.	oft
完	wan	v.	beenden
完	wan	adv.	völlig
政府	zheng:fu	n.	Regierung
着	zhe	part.	Aspektmarker des Verlaufs
于	yu	prep.	in
四	si	num.	vier
飞	fei	v.	fliegen
飞	fei	adj.	schnell
师	shi	n.	Meister
师	shi	n.	Lehrer
者	zhe	part.	Person, die
清	qing	adj.	klar
清	qing	v.	aufräumen
刚	gang	adv.	gerade
心	xin	n.	Herz
心	xin	n.	Gemüt
跟	gen	prep.	mit
跟	gen	v.	folgen
信	xin	n.	Brief
信	xin	v.	glauben
山	shan	n.	Berg
爱	ai	v.	lieben
爱	ai	n.	Liebe
内	nei	n.	Innen
龙	long	n.	Drache
空	kong	adj.	leer
空	kong	n.	Himmel
带	dai	v.	mitbringen
找	zhao	v.	suchen
原	yuan	n.	Original
入	ru	v.	eintreten
李	li	n.	Pflaume
吃	chi	v.	essen
场	chang	n.	Ort
平	ping	adj.	flat
思	si	v.	denken
林	lin	n.	Wald
变	bian	v.	sich ändern
轿车	jiao:che	n.	Limousine
轿车	jiao:che	n.	Auto
你	ni	pron.	du
使	shi	v.	benutzen
由	you	prep.	von
经济	jing:ji	n.	Wirtschaft
翻	fan	v.	umdrehen
受	shou	v.	erhalten
亲	qin	adj.	nahe
服务	fu:wu	v.	dienen
命	ming	n.	Leben
目	mu	n.	Auge
执法	zhi:fa	v.	Recht sprechen
强	qiang	adj.	stark
屎	shi	n.	Kot
男	nan	n.	männlich
任	ren	v.	ernennen
该	gai	pron.	dieser
该	gai	part.	sollen
有关部门	you:guan:bu:men	n.	zuständige Stellen
路	lu	n.	Weg
车	che	n.	Fahrzeug
今	jin	n.	jetzt
海	hai	n.	See
加	jia	v.	hinzufügen
公司	gong:si	n.	Firma
远	yuan	adj.	weit
活	huo	v.	leben
特	te	adv.	besonders
解	jie	v.	lösen
电	dian	n.	Strom
世	shi	n.	Welt
性	xing	n.	Naturaleza
性	xing	n.	Geschlecht
表	biao	n.	Tabelle
表	biao	n.	Uhr
许	xu	v.	erlauben
它	ta	pron.	es
立	li	v.	stehen
黑	hei	adj.	schwarz
金	jin	n.	Gold
债券	zhai:quan	n.	Anleihe
红	hong	adj.	rot
花	hua	n.	Blume
转	zhuan	v.	drehen
总	zong	adj.	gesamt
算	suan	v.	berechnen
披露	pi:lu	v.	offenlegen
城	cheng	n.	Stadt
队	dui	n.	Team
孩	hai	n.	Kind
反	fan	adj.	gegenläufig
工	gong	n.	Arbeit
始	shi	v.	beginnen
满	man	adj.	voll
兵	bing	n.	Soldat
物	wu	n.	Ding
离	li	v.	verlassen
非	fei	n.	Falschheit
虽	sui	conj.	obwohl
云	yun	n.	Wolke
似	si	v.	ähneln
似	si	prep.	wie
万	wan	num.	10.000
至	zhi	v.	ankommen
干	gan	adj.	trocken
专利	zhuan:li	n.	Patent
通	tong	v.	durchfahren
通	tong	adj.	durchgehend
通	tong	v.	verbinden
认	ren	v.	erkennen
失	shi	v.	verlieren
火	huo	n.	Feuer
哥	ge	n.	älterer Bruder
士	shi	n.	Herr
之	zhi	part.	von
五	wu	num.	fünf
惊	jing	v.	erschrecken
现	xian	v.	erscheinen
魔	mo	n.	Dämon
竟	jing	adv.	unerwartet
竟	jing	v.	vollenden
姐	jie	n.	ältere Schwester
乎	hu	part.	von
主	zhu	n.	Herr
剑	jian	n.	Schwert
苹果	ping:guo	n.	Apfel
往	wang	prep.	nach
量	liang	n.	Menge
早	zao	adj.	früh
董事长	dong:shi:zhang	n.	Vorsitzender
结	jie	v.	knüpfen
北京	bei:jing	n.	Peking
怕	pa	v.	fürchten
流	liu	v.	fließen
二手车	er:shou:che	n.	Gebrauchtwagen
删	shan	v.	löschen
湿	shi	adj.	nass
突	tu	v.	überragen
坐	zuo	v.	sitzen
斯	si	pron.	dies
音	yin	n.	Klang
紧	jin	adj.	straff
指	zhi	v.	zeigen
半	ban	num.	Halbheit
记	ji	v.	erinnern
记	ji	n.	Aufzeichnung
且	qie	conj.	außerdem
利	li	n.	Nutzen
利	li	adj.	scharf
合	he	v.	verbinden
倒	dao	v.	umfallen
倒	dao	adv.	umgekehrt
书	shu	n.	Buch
微	wei	adj.	mikroskopisch
步	bu	n.	Schritt
们	men	part.	Pluralzeichen
教	jiao	v.	lehren
教	jiao	n.	Religion
喜	xi	v.	mögen
喜	xi	n.	Freude
可	ke	part.	können
越	yue	v.	überschreiten
越	yue	adv.	immer mehr
影	ying	n.	Schatten
谁	shei	pron.	wer
谁	shui	pron.	wer
冷	leng	adj.	kalt
道	dao	n.	Weg
道	dao	v.	sagen
实现	shi:xian	v.	verwirklichen
告	gao	v.	melden
落	luo	v.	fallen
市场	shi:chang	n.	Markt
象	xiang	n.	Elefant
容	rong	v.	enthalten
容	rong	n.	Aussehen
怪	guai	adj.	seltsam
怪	guai	v.	vorwerfen
传	chuan	v.	übertragen
传	chuan	n.	Biographie
钱	qian	n.	Geld
季	ji	n.	Jahreszeit
提	ti	v.	tragen
提	ti	v.	erwähnen
言	yan	n.	Wort
言	yan	v.	sagen
招标	zhao:biao	v.	Ausschreibung schreiben
养	yang	v.	ziehen
随	sui	v.	folgen
每	mei	pron.	jeder
双	shuang	mw.	Paar
服	fu	n.	Kleidung
服	fu	v.	dienen
击	ji	v.	schlagen
急	ji	adj.	dringend
鸡	ji	n.	Huhn
挤	ji	v.	drücken
武	wu	adj.	militärisch
哪	na	pron.	welcher
换	huan	v.	wechseln
数	shu	num.	Zahl
数	shu	v.	zählen
站	zhan	v.	stehen
站	zhan	n.	Bahnhof
签约	qian:yue	v.	einen Vertrag abschließen
微信	wei:xin	n.	WeChat
奇	qi	adj.	seltsam
房	fang	n.	Haus
安	an	adj.	friedlich
管	guan	v.	verwalten
管	guan	n.	Röhren
刻	ke	mw.	Viertelstunde
刻	ke	v.	gravieren
啥	sha	pron.	was (ugs.)
题	ti	n.	Frage
题	ti	n.	Titel
衣	yi	n.	Kleidung
周	zhou	n.	Woche
周	zhou	adj.	gründlich
样	yang	n.	Art
静	jing	adj.	ruhig
伤	shang	v.	verletzen
百	bai	num.	(hundert)
哇	wa	int.	wow
拿	na	v.	nehmen
妈	ma	n.	Mama
办	ban	v.	besorgen
星	xing	n.	Stern
化	hua	v.	sich verwandeln
功	gong	n.	Verdienst
绝	jue	v.	abschneiden
令	ling	v.	befehlen
系	ji	v.	binden
系	xi	v.	sein
般	ban	part.	Art von
必	bi	adv.	gewiss
业	ye	n.	Geschäft
尔	er	pron.	du
件	jian	mw.	Stück
血	xie	n.	Blut
血	xue	n.	Blut
代	dai	n.	Generation
精	jing	adj.	fein
只会	zhi:hui	adv.	nur können
弟	di	n.	jüngerer Bruder
终	zhong	adv.	finally
评论	ping:lun	n.	Kommentar
近	jin	adj.	nah
条	tiao	mw.	Strich
战	zhan	n.	Krieg
值	zhi	v.	wert sein
猥琐	wei:suo	adj.	echt
搭理	da:li	v.	beachten
青	qing	adj.	grün
界	jie	n.	Welt
司	si	n.	Behörde
整	zheng	adj.	ganz
字	zi	n.	Zeichen
晚	wan	adj.	spät
民	min	n.	Volk
帮	bang	v.	helfen
只是	zhi:shi	adv.	nur
切	qie	v.	schneiden
即	ji	conj.	also
忙	mang	adj.	besetzt
交	jiao	v.	übergeben
支持	zhi:chi	v.	unterstützen
暗	an	adj.	dunkel
夫	fu	n.	Mann
员	yuan	n.	Mitglied
根	gen	mw.	Wurzel
石	shi	n.	Stein
哈	ha	onom.	ha
灵	ling	adj.	wirksam
夜	ye	n.	Nacht
父	fu	n.	Vater
制	zhi	v.	herstellen
友	you	n.	Freund
阿	a	part.	Präfix
美国	mei:guo	n.	USA
息	xi	n.	Atem
欺诈	qi:zha	v.	betrügen
冲	chong	v.	stürmen
九	jiu	num.	neun
保	bao	v.	schützen
片	pian	mw.	Scheibe
形	xing	n.	Form
阵	zhen	mw.	Schwall
冷静	leng:jing	adj.	ruhig
南	nan	n.	Süden
决	jue	v.	entcheiden
各	ge	pron.	jeder
报	bao	v.	berichten
兴	xing	n.	Begeisterung
既	ji	adv.	bereits
阳	yang	n.	Sonne
院长	yuan:zhang	n.	Direktor
语	yu	n.	Sprache
亿	yi	num.	Hundert Million
错	cuo	adj.	falsch
超	chao	v.	überschreiten
协商	xie:shang	v.	verhandeln
刘	liu	n.	Liu
极	ji	adv.	extrem
度	du	mw.	Grad
识	shi	v.	kennen
新车	xin:che	n.	Neuwagen
备	bei	v.	vorbereiten
慢	man	adj.	langsam
雪	xue	n.	Schnee
蛋糕	dan:gao	n.	Kuchen
机构	ji:gou	n.	Institution
苦	ku	adj.	bitter
若	ruo	conj.	falls
领	ling	v.	führen
收	shou	v.	erhalten
底	di	n.	Boden
尽	jin	v.	ausschöpfen
准	zhun	adj.	genau
能力	neng:li	n.	Fähigkeit
资源	zi:yuan	n.	Ressource
计划	ji:hua	n.	Plan
华	hua	n.	China
体	ti	n.	Körper
答	da	v.	antworten
众	zhong	n.	Menge
千	qian	num.	Tausend
消	xiao	v.	verschwinden
筛	shai	v.	sieben
视	shi	v.	sehen
罗	luo	n.	Gaze
敢	gan	v.	wagen
留	liu	v.	bleiben
克	ke	mw.	Gramm
系统	xi:tong	n.	System
乐	le	n.	Musik
省委	sheng:wei	n.	Provinzausschuss
够	gou	v.	reichen
梨	li	n.	Birne
跑	pao	v.	laufen
显	xian	adj.	auffällig
嘴	zui	n.	Mund
官	guan	n.	Beamter
断	duan	v.	brechen
未	wei	adv.	noch aún
势	shi	n.	Kraft
巨	ju	adj.	riesig
求	qiu	v.	suchen
计	ji	v.	berechnen
论	lun	v.	diskutieren
证券	zheng:quan	n.	Wertpapier
达	da	v.	erreichen
则	ze	conj.	dann
害	hai	v.	schaden
八	ba	num.	acht
单	dan	adj.	einzeln
有限责任公司	you:xian:ze:ren:gong:si	n.	GmbH
酒	jiu	n.	Alkohol
脚	jiao	n.	Fuß
德	de	n.	Tugend
元	yuan	n.	Yuan
脑	nao	n.	Gehirn
楚	chu	adj.	klar
雨	yu	n.	Regen
睛	jing	n.	Auge
响	xiang	v.	klingen
刀	dao	n.	Messer
分享	fen:xiang	v.	teilen
确	que	adj.	sicher
玉	yu	n.	Jade
产品	chan:pin	n.	Produkt
沉	chen	v.	sinken
北	bei	n.	Norden
格	ge	n.	Norm
停	ting	v.	anhalten
陈	chen	adj.	alt
市	shi	n.	Stadt
朝	chao	prep.	gegenüber
门户网站	men:hu:wang:zhan	n.	Portalseite
牛奶	niu:nai	n.	Milch
喝	he	v.	trinken
组	zu	v.	organisieren
江	jiang	n.	Fluss
债务	zhai:wu	n.	Schuld
团	tuan	n.	Gruppe
母	mu	n.	Mutter
章	zhang	n.	Kapitel
保险公司	bao:xian:gong:si	n.	Versicherungsgesellschaft
装	zhuang	v.	installieren
判决	pan:jue	n.	Urteil
亮	liang	adj.	hell
举	ju	v.	heben
客	ke	n.	Gast
照	zhao	v.	beleuchten
乱	luan	adj.	chaotisch
汇报	hui:bao	v.	berichten
易	yi	adj.	leicht
极其	ji:qi	adv.	äußerst
足	zu	n.	Fuß
依	yi	v.	abhängen
黄	huang	adj.	gelb
修	xiu	v.	reparieren
破	po	adj.	kaputt
台	tai	mw.	Maßwort für Geräte
球	qiu	n.	Ball
呀	ya	part.	Ausrufepartikel
院	yuan	n.	Hof
送	song	v.	schicken
包	bao	n.	Tasche
义	yi	n.	Gerechtigkeit
诉	su	v.	erzählen
攻	gong	v.	angreifen
网络	wang:luo	n.	Netzwerk
丝	si	n.	Seide
围	wei	v.	umgeben
玩	wan	v.	spielen
待	dai	v.	warten
复	fu	v.	wiederholen
况	kuang	n.	Zustand
楼	lou	n.	Gebäude
丽	li	adj.	schön
痛	tong	adj.	schmerzhaft
梦	meng	n.	Traum
呼	hu	v.	rufen
摇	yao	v.	schütteln
期	qi	n.	Periode
英	ying	n.	England
低	di	adj.	niedrig
帝	di	n.	Kaiser
承包	cheng:bao	v.	beauftragen
兄	xiong	n.	älterer Bruder
背	bei	n.	Rücken
提升	ti:sheng	v.	anheben
持	chi	v.	halten
爷	ye	n.	Herr
皇	huang	n.	Kaiser
七	qi	num.	sieben
摩托车	mo:tuo:che	n.	Motorrad
六	liu	num.	sechs
穿	chuan	v.	tragen
都	dou	adv.	alle
杨	yang	n.	Pappel
政	zheng	n.	Politik
运	yun	v.	transportieren
叶	ye	n.	Blatt
热	re	adj.	heiß
校	xiao	n.	Schule
谢	xie	v.	danken
曾	ceng	adv.	einst
古	gu	adj.	alt
生效	sheng:xiao	v.	in Kraft treten
市场经济	shi:chang:jing:ji	n.	Marktwirtschaft
细	xi	adj.	dünn
产	chan	v.	produzieren
睡	shui	v.	schlafen
希	xi	v.	hoffen
速	su	n.	Geschwindigkeit
室	shi	n.	Zimmer
报告	bao:gao	v.	berichten
报告	bao:gao	n.	Bericht
旁	pang	n.	Seite
另	ling	adj.	anderes
拆迁	chai:qian	v.	abbrücken und abreißen
露	lu	v.	zeigen
露	lu	n.	Tau
精神	jing:shen	n.	Geist
精神	jing:shen	adj.	geistig
饿	e	adj.	hungrig
异	yi	adj.	verschieden
写	xie	v.	schreiben
鬼	gui	n.	Geist
娘	niang	n.	Mutter
取	qu	v.	nehmen
式	shi	n.	Art
指的是	zhi:de:shi	v.	bezeichnen
除	chu	prep.	außer
除	chu	v.	entfernen
建	jian	v.	bauen
愿	yuan	v.	wünschen
愿	yuan	part.	bereit
查处	cha:chu	v.	untersuchen und ahnden
招	zhao	v.	anwerben
招	zhao	v.	parieren
面包	mian:bao	n.	Brot
饭	fan	n.	Reis
饭	fan	n.	Mahlzeit
布	bu	n.	Stoff
续	xu	v.	fortsetzen
程	cheng	n.	Strecke
程	cheng	mw.	Maß
首	shou	n.	Kopf
首	shou	num.	erstes
观	guan	v.	betrachten
观	guan	n.	Weltanschauung
务	wu	n.	Angelegenheit
掉	diao	v.	fallen
掉	diao	v.	verlieren
赶	gan	v.	einholen
忽	hu	adv.	plötzlich
注	zhu	v.	gießen
注	zhu	v.	achten
身	shen	n.	Körper
产业	chan:ye	n.	Industrie
医院	yi:yuan	n.	Krankenhaus
检查	jian:cha	v.	prüfen
检查	jian:cha	n.	Kontrolle
术	shu	n.	Technik
标注	biao:zhu	v.	beschriften
甚	shen	adv.	sehr
用车	yong:che	n.	Fahrzeugnutzung
差	cha	adj.	schlecht
差	cha	v.	fehlen
呵	he	onom.	oh
展	zhan	v.	ausstellen
展	zhan	v.	entfalten
争	zheng	v.	kämpfen
品	pin	n.	Produkt
宝	bao	n.	Schatz
香	xiang	adj.	duftend
斗	dou	v.	kämpfen
斗	dou	mw.	Maß
故	gu	n.	Grund
故	gu	n.	Verstorbener
雷	lei	n.	Donner
念	nian	v.	lesen
念	nian	v.	denken
段	duan	mw.	Absatz
顿	dun	mw.	Mal
顿	dun	v.	aussetzen
角	jiao	n.	Horn
角	jiao	n.	Ecke
疑	yi	v.	zweifeln
章程	zhang:cheng	n.	Satzung
护	hu	v.	schützen
缺陷	que:xian	n.	Mangel
闪	shan	v.	ausweichen
闪	shan	v.	blitzen
执行	zhi:xing	v.	vollstrecken
木	mu	n.	Holz
熊猫	xiong:mao	n.	Panda
月	yue	n.	Mond
戒指	jie:zhi	n.	Ring
需	xu	v.	brauchen
调	diao	v.	versetzen
调	tiao	v.	einstellen
类	lei	n.	Art
妹	mei	n.	jüngere Schwester
爸	ba	n.	Papa
线	xian	n.	Faden
左	zuo	n.	links
游	you	v.	schwimmen
派	pai	n.	Fraktion
谈	tan	v.	sprechen
行业	hang:ye	n.	Branche
激	ji	adj.	heftig
呃	e	int.	äh
冰	bing	n.	Eis
敌	di	n.	Feind
跳	tiao	v.	springen
支	zhi	mw.	Zählwort für Stäbe
默认	mo:ren	v.	standardmäßig festlegen
宏观调控	hong:guan:tiao:kong	n.	makroökonomische Steuerung
居	ju	v.	wohnen
约	yue	v.	etwa
学校	xue:xiao	n.	Schule
巴	ba	v.	klammern
您	nin	pron.	Sie (höflich)
顾	gu	v.	achten auf
肯	ken	v.	bereit sein
醒	xing	v.	aufwachen
铁	tie	n.	Eisen
抱	bao	v.	umarmen
抱	bao	v.	halten
需求	xu:qiu	n.	Nachfrage
淡	dan	adj.	mild
造	zao	v.	machen
伙	huo	n.	Kumpan
资	zi	n.	Kapital
群	qun	mw.	Gruppe
联	lian	v.	vereinigen
商	shang	n.	Handel
号	hao	n.	Nummer
调整	tiao:zheng	v.	anpassen
豆腐	dou:fu	n.	Tofu
节	jie	n.	Fest
键	jian	n.	Taste
讲	jiang	v.	sprechen
事实	shi:shi	n.	Tatsache
掌	zhang	n.	Handfläche
我们	wo:men	pron.	wir
一个	yi:ge	num.	ein
赵	zhao	n.	Zhao (Familienname)
自己	zi:ji	pron.	selbst
注册	zhu:ce	v.	registrieren
进行	jin:xing	v.	durchführen
工作	gong:zuo	n.	Arbeit
企业	qi:ye	n.	Unternehmen
密	mi	adj.	dicht
久	jiu	adj.	lange
病	bing	n.	Krankheit
病	bing	v.	krank sein
中国	zhong:guo	n.	China
可以	ke:yi	v.	können
积分	ji:fen	n.	Punkte
如果	ru:guo	conj.	falls
没有	mei:you	v.	nicht haben
没有	mei:you	adv.	nicht
时间	shi:jian	n.	Zeit
问题	wen:ti	n.	Frage
问题	wen:ti	n.	Problem
使用	shi:yong	v.	benutzen
使用	shi:yong	n.	Benutzung
信息	xin:xi	n.	Information
他们	ta:men	pron.	sie
或者	huo:zhe	conj.	oder
或者	huo:zhe	adv.	vielleicht
要求	yao:qiu	v.	verlangen
要求	yao:qiu	n.	Forderung
卫	wei	v.	beschützen
通过	tong:guo	prep.	durch
通过	tong:guo	v.	passieren
文章	wen:zhang	n.	Artikel
米	mi	n.	Reis
米	mi	mw.	Meter
就是	jiu:shi	adv.	genau
就是	jiu:shi	v.	gerade sein
威	wei	n.	Macht
这个	zhe:ge	pron.	dieses
等级	deng:ji	n.	Rang
管理	guan:li	v.	verwalten
管理	guan:li	n.	Verwaltung
论坛	lun:tan	n.	Forum
提供	ti:gong	v.	bereitstellen
遗产	yi:chan	n.	Erbe
作者	zuo:zhe	n.	Autor
精华	jing:hua	n.	Essenz
状态	zhuang:tai	n.	Zustand
需要	xu:yao	v.	brauchen
同时	tong:shi	adv.	gleichzeitig
同时	tong:shi	conj.	zugleich
以及	yi:ji	conj.	sowie
继	ji	v.	fortsetzen
一些	yi:xie	num.	einige
现在	xian:zai	n.	jetzt
渐	jian	adv.	allmählich
这样	zhe:yang	pron.	so
内容	nei:rong	n.	Inhalt
以上	yi:shang	n.	oben genannte
统	tong	v.	vereinigen
因为	yin:wei	conj.	weil
规定	gui:ding	v.	bestimmen
规定	gui:ding	n.	Vorschrift
时候	shi:hou	n.	Zeit
但是	dan:shi	conj.	aber
所以	suo:yi	conj.	deshalb
国家	guo:jia	n.	Staat
技术	ji:shu	n.	Technik
这些	zhe:xie	pron.	diese
价格	jia:ge	n.	Preis
帖子	tie:zi	n.	publication
网站	wang:zhan	n.	Website
用户	yong:hu	n.	Benutzer
活动	huo:dong	n.	Aktivität
活动	huo:dong	v.	sich betätigen
电话	dian:hua	n.	Telefon
项目	xiang:mu	n.	Projekt
已经	yi:jing	adv.	bereits
目前	mu:qian	n.	gegenwärtig
具有	ju:you	v.	besitzen
所有	suo:you	pron.	alle
学生	xue:sheng	n.	Student
其他	qi:ta	adj.	anderer
其他	qi:ta	n.	anderes
根据	gen:ju	prep.	gemäß
根据	gen:ju	v.	sich stützen
根据	gen:ju	n.	Grundlage
建设	jian:she	v.	bauen
建设	jian:she	n.	Bau
方式	fang:shi	n.	Art
单位	dan:wei	n.	Einheit
单位	dan:wei	n.	Dienststelle
选择	xuan:ze	v.	wählen
选择	xuan:ze	n.	Wahl
专业	zhuan:ye	n.	Hauptfach
专业	zhuan:ye	adj.	fachlich
专业	zhuan:ye	n.	Profession
这种	zhe:zhong	pron.	diese Art
作为	zuo:wei	prep.	als
作为	zuo:wei	v.	betrachten als
由于	you:yu	prep.	aufgrund
威望	wei:wang	n.	Ansehen
什么	shen:me	pron.	was
功能	gong:neng	n.	Funktion
开始	kai:shi	v.	beginnen
开始	kai:shi	n.	Anfang
还是	hai:shi	adv.	immer noch
还是	hai:shi	conj.	oder
必须	bi:xu	v.	müssen
追	zhui	v.	verfolgen
追	zhui	v.	nachgehen
一种	yi:zhong	num.	eine Art
包括	bao:kuo	v.	einschließen
我的	wo:de	pron.	mein
设计	she:ji	v.	entwerfen
设计	she:ji	n.	Design
组织	zu:zhi	v.	organisieren
组织	zu:zhi	n.	Organisation
应当	ying:dang	v.	sollen
情况	qing:kuang	n.	Lage
对于	dui:yu	prep.	hinsichtlich
因此	yin:ci	conj.	deshalb
你的	ni:de	pron.	dein
任何	ren:he	pron.	irgendein
学习	xue:xi	v.	lernen
学习	xue:xi	n.	Lernen
软件	ruan:jian	n.	Software
最后	zui:hou	adv.	zuletzt
最后	zui:hou	adj.	letzte
地址	di:zhi	n.	Adresse
本站	ben:zhan	n.	diese Website
而且	er:qie	conj.	außerdem
方法	fang:fa	n.	Methode
标准	biao:zhun	n.	Norm
标准	biao:zhun	adj.	Standard-
上海	shang:hai	n.	Shanghai
亚	ya	n.	Asien
亚	ya	adj.	zweitweig
其中	qi:zhong	pron.	davon
主要	zhu:yao	adj.	Haupt-
会员	hui:yuan	n.	Mitglied
下载	xia:zai	v.	herunterladen
下载	xia:zai	n.	Download
研究	yan:jiu	v.	forschen
研究	yan:jiu	n.	Forschung
来自	lai:zi	v.	stammen aus
提高	ti:gao	v.	erhöhen
提高	ti:gao	v.	verbessern
相关	xiang:guan	adj.	verwandt
相关	xiang:guan	v.	in Beziehung stehen
他的	ta:de	pron.	sein
门派	men:pai	n.	Gruppierung
全国	quan:guo	n.	ganzes Land
生产	sheng:chan	v.	produzieren
生产	sheng:chan	n.	Produktion
商品	shang:pin	n.	Ware
教育	jiao:yu	n.	Bildung
教育	jiao:yu	v.	bilden
成为	cheng:wei	v.	default
成为	cheng:wei	v.	a werden
万元	wan:yuan	n.	zehntausend Yuan
简	jian	adj.	einfach
简	jian	v.	vereinfachen
影响	ying:xiang	v.	beeinflussen
影响	ying:xiang	n.	Einfluss
一般	yi:ban	adj.	allgemein
一般	yi:ban	adv.	im Allgemeinen
有关	you:guan	v.	betreffen
阅读权限	yue:du:quan:xian	n.	Leseberechtigung
登录	deng:lu	v.	sich anmelden
生活	sheng:huo	n.	Leben
生活	sheng:huo	v.	leben
主题	zhu:ti	n.	Thema
还有	hai:you	adv.	außerdem
发现	fa:xian	v.	entdecken
发现	fa:xian	n.	Entdeckung
各种	ge:zhong	adj.	verschiedenarten
个人	ge:ren	n.	Individuum
个人	ge:ren	adj.	persönlich
这是	zhe:shi	pron.	cela ist
人员	ren:yuan	n.	Personal
品牌	pin:pai	n.	Marke
地区	di:qu	n.	Region
关于	guan:yu	prep.	über
不能	bu:neng	v.	nicht können
直接	zhi:jie	adj.	direkt
直接	zhi:jie	adv.	direkt
离线	li:xian	v.	offline
那么	na:me	conj.	dann
只有	zhi:you	adv.	nur
回复	hui:fu	v.	antworten
回复	hui:fu	n.	Antwort
虽然	sui:ran	conj.	obwohl
之间	zhi:jian	adv.	zwischen
之后	zhi:hou	adv.	danach
之后	zhi:hou	n.	nachher
认为	ren:wei	v.	glauben
方面	fang:mian	n.	Aspekt
采用	cai:yong	v.	einsetzen
您的	nin:de	pron.	Ihr
是否	shi:fou	adv.	ob
经验	jing:yan	n.	Erfahrung
小时	xiao:shi	n.	Stunde
大家	da:jia	pron.	alle
按照	an:zhao	prep.	gemäß
部分	bu:fen	n.	Teil
负责	fu:ze	v.	verantwortlich sein
文化	wen:hua	n.	Kultur
资料	zi:liao	n.	Daten
中心	zhong:xin	n.	Zentrum
出现	chu:xian	v.	erscheinen
一样	yi:yang	adj.	gleich
不是	bu:shi	v.	nicht sein
设备	she:bei	n.	Ausrüstung
然后	ran:hou	conj.	dann
很多	hen:duo	adj.	viele
地方	di:fang	n.	Ort
业务	ye:wu	n.	Geschäft
能够	neng:gou	v.	können
环境	huan:jing	n.	Umwelt
文件	wen:jian	n.	Datei
文件	wen:jian	n.	Dokument
广告	guang:gao	n.	Werbung
不过	bu:guo	conj.	jedoch
作用	zuo:yong	n.	Wirkung
建立	jian:li	v.	gründen
有限公司	you:xian:gong:si	n.	GmbH
名称	ming:cheng	n.	Name
销售	xiao:shou	v.	verkaufen
销售	xiao:shou	n.	Verkauf
图片	tu:pian	n.	Bild
分析	fen:xi	v.	analysieren
分析	fen:xi	n.	Analyse
可能	ke:neng	v.	können
可能	ke:neng	adj.	möglich
申请	shen:qing	v.	beantragen
行为	xing:wei	n.	Verhalten
加强	jia:qiang	v.	stärken
记者	ji:zhe	n.	Journalist
比较	bi:jiao	v.	vergleichen
处理	chu:li	v.	bearbeiten
实施	shi:shi	v.	durchführen
工程	gong:cheng	n.	Technik
进入	jin:ru	v.	eintreten
客户	ke:hu	n.	Kunde
游戏	you:xi	n.	Spiel
效果	xiao:guo	n.	Wirkung
如何	ru:he	adv.	wie
决定	jue:ding	v.	entscheiden
手机	shou:ji	n.	Handy
关系	guan:xi	n.	Beziehung
孩子	hai:zi	n.	Kind
投资	tou:zi	v.	investieren
设置	she:zhi	v.	einstellen
我国	wo:guo	n.	unser Land
国际	guo:ji	adj.	international
城市	cheng:shi	n.	Stadt
一定	yi:ding	adj.	gewiss
培训	pei:xun	v.	schulen
世界	shi:jie	n.	Welt
一下	yi:xia	adv.	ein bisschen
说明	shuo:ming	v.	erklären
市场价	shi:chang:jia	n.	Marktpreis
朋友	peng:you	n.	Freund
推荐	tui:jian	v.	empfehlen
形成	xing:cheng	v.	bilden
发帖	fa:tie	v.	posten
安全	an:quan	adj.	sicher
无门无派	wu:men:wu:pai	adj.	unabhängig
两个	liang:ge	num.	zwei
非常	fei:chang	adv.	sehr
一次	yi:ci	num.	einmal
利用	li:yong	v.	nutzen
希望	xi:wang	v.	hoffen
程序	cheng:xu	n.	Programm
看到	kan:dao	v.	sehen
表示	biao:shi	v.	ausdrücken
完成	wan:cheng	v.	vollenden
不同	bu:tong	adj.	unterschiedlich
增加	zeng:jia	v.	zunehmen
参加	can:jia	v.	teilnehmen
更多	geng:duo	adj.	mehr
联系	lian:xi	v.	kontaktieren
介绍	jie:shao	v.	vorstellen
教师	jiao:shi	n.	Lehrer
结果	jie:guo	n.	Ergebnis
提出	ti:chu	v.	vorbringen
造成	zao:cheng	v.	verursachen
金钱	jin:qian	n.	Geld
拥有	yong:you	v.	besitzen
发布	fa:bu	v.	veröffentlichen
人们	ren:men	n.	Menschen
质量	zhi:liang	n.	Qualität
条件	tiao:jian	n.	Bedingung
材料	cai:liao	n.	Material
版主	ban:zhu	n.	Forenmoderator
许多	xu:duo	adj.	viele
其实	qi:shi	adv.	tatsächlich
感觉	gan:jue	v.	fühlen
感觉	gan:jue	n.	Gefühl
级别	ji:bie	n.	Rang
练	lian	v.	üben
开发	kai:fa	v.	entwickeln
达到	da:dao	v.	erreichen
数据	shu:ju	n.	Daten
日期	ri:qi	n.	Datum
在线	zai:xian	adj.	online
甚至	shen:zhi	adv.	sogar
的话	de:hua	part.	falls
系列	xi:lie	n.	Serie
当前	dang:qian	adj.	aktuell
这里	zhe:li	pron.	hier
之一	zhi:yi	n.	eines
标题	biao:ti	n.	Titel
新的	xin:de	adj.	neu
会员价	hui:yuan:jia	n.	Mitgliederpreis
合作	he:zuo	v.	kooperieren
建议	jian:yi	v.	vorschlagen
建议	jian:yi	n.	Vorschlag
代表	dai:biao	v.	vertreten
代表	dai:biao	n.	Vertreter
开展	kai:zhan	v.	durchführen
继续	ji:xu	v.	fortsetzen
产生	chan:sheng	v.	hervorbringen
今年	jin:nian	n.	dieses Jahr
存在	cun:zai	v.	existieren
存在	cun:zai	n.	Existenz
今天	jin:tian	n.	heute
发表	fa:biao	v.	veröffentlichen
基本	ji:ben	adj.	basisch
显示	xian:shi	v.	anzeigen
目标	mu:biao	n.	Ziel
类型	lei:xing	n.	Typ
不得	bu:de	part.	darf nicht
知道	zhi:dao	v.	wissen
保护	bao:hu	v.	schützen
保护	bao:hu	n.	Schutz
这一	zhe:yi	pron.	dies
全部	quan:bu	n.	Ganzes
全部	quan:bu	adj.	gesamt
得到	de:dao	v.	erhalten
以后	yi:hou	n.	nach
最大	zui:da	adj.	maximal
操作	cao:zuo	v.	bedienen
操作	cao:zuo	n.	Bedienung
保证	bao:zheng	v.	garantieren
保证	bao:zheng	n.	Garantie
控制	kong:zhi	v.	kontrollieren
控制	kong:zhi	n.	Kontrolle
国内	guo:nei	n.	Inland
东西	dong:xi	n.	Ding
作品	zuo:pin	n.	Werk
才能	cai:neng	v.	können
才能	cai:neng	n.	Begabung
考试	kao:shi	n.	Prüfung
解决	jie:jue	v.	lösen
经过	jing:guo	v.	passieren
经过	jing:guo	prep.	über
如下	ru:xia	adj.	wie folgt
集团	ji:tuan	n.	Gruppe
空间	kong:jian	n.	Raum
水平	shui:ping	n.	Niveau
点击	dian:ji	v.	klicken
确定	que:ding	v.	bestätigen
确定	que:ding	adj.	gewiss
具体	ju:ti	adj.	konkret
先生	xian:sheng	n.	Herr
最新	zui:xin	adj.	neueste
当然	dang:ran	adv.	natürlich
当然	dang:ran	adj.	selbstverständlich
无法	wu:fa	v.	nicht können
应用	ying:yong	n.	Anwendung
应用	ying:yong	v.	anwenden
你们	ni:men	pron.	ihr
那些	na:xie	pron.	jene
左右	zuo:you	n.	links und rechts
左右	zuo:you	v.	beeinflussen
来源	lai:yuan	n.	Quelle
政策	zheng:ce	n.	Politik
有些	you:xie	adv.	etwas
有些	you:xie	pron.	einige
起来	qi:lai	part.	anfangen zu
帮助	bang:zhu	v.	helfen
帮助	bang:zhu	n.	Hilfe
免费	mian:fei	adj.	kostenlos
通知	tong:zhi	v.	benachrichtigen
通知	tong:zhi	n.	Benachrichtigung
成功	cheng:gong	v.	erfolgreich sein
成功	cheng:gong	n.	Erfolg
应该	ying:gai	v.	sollen
一切	yi:qie	pron.	alles
原因	yuan:yin	n.	Ursache
金币	jin:bi	n.	Goldmünze
专家	zhuan:jia	n.	Experte
及时	ji:shi	adj.	rechtzeitig
及时	ji:shi	adv.	rechtzeitig
真正	zhen:zheng	adj.	wirklich
传真	chuan:zhen	n.	Fax
传真	chuan:zhen	v.	faxen
购买	gou:mai	v.	kaufen
法律	fa:lv	n.	Gesetz
查看	cha:kan	v.	ansehen
注意	zhu:yi	v.	aufpassen
消费者	xiao:fei:zhe	n.	Verbraucher
正在	zheng:zai	adv.	gerade
导致	dao:zhi	v.	führen zu
随着	sui:zhe	prep.	mit
不断	bu:duan	adv.	ständig
接受	jie:shou	v.	akzeptieren
另外	ling:wai	conj.	außerdem
另外	ling:wai	adv.	anderweitig
注册时间	zhu:ce:shi:jian	n.	Registrierungszeit
办理	ban:li	v.	abwickeln
音乐	yin:yue	n.	Musik
费用	fei:yong	n.	Kosten
形式	xing:shi	n.	Form
基础	ji:chu	n.	Grundlage
编辑	bian:ji	v.	bearbeiten
编辑	bian:ji	n.	Redakteur
经营	jing:ying	v.	betreiben
人才	ren:cai	n.	Talent
变化	bian:hua	n.	Veränderung
变化	bian:hua	v.	sich ändern
一直	yi:zhi	adv.	ständig
可是	ke:shi	conj.	aber
完善	wan:shan	adj.	vollkommen
完善	wan:shan	v.	vervollkommnen
喜欢	xi:huan	v.	mögen
特别	te:bie	adv.	besonders
特别	te:bie	adj.	besonders
结构	jie:gou	n.	Struktur
社区	she:qu	n.	Gemeinschaft
办法	ban:fa	n.	Methode
头衔	tou:xian	n.	Titel
了解	liao:jie	v.	verstehen
不要	bu:yao	v.	nicht
分钟	fen:zhong	n.	Minute
位置	wei:zhi	n.	Position
发生	fa:sheng	v.	geschehen
教学	jiao:xue	v.	unterrichten
员工	yuan:gong	n.	Angestellte
过程	guo:cheng	n.	Prozess
简单	jian:dan	adj.	einfach
简单	jian:dan	adv.	einfach
类别	lei:bie	n.	Kategorie
从事	cong:shi	v.	nachgehen
原则	yuan:ze	n.	Prinzip
怎么	zen:me	pron.	wie
进一步	jin:yi:bu	adv.	weiter
进一步	jin:yi:bu	v.	weitergehen
历史	li:shi	n.	Geschichte
那个	na:ge	pron.	jener
特点	te:dian	n.	Merkmal
参与	can:yu	v.	teilnehmen
网上	wang:shang	n.	online
制作	zhi:zuo	v.	herstellen
制作	zhi:zuo	n.	Herstellung
并且	bing:qie	conj.	und
坚持	jian:chi	v.	beharren
交流	jiao:liu	v.	austauschen
交流	jiao:liu	n.	Austausch
数量	shu:liang	n.	Menge
她的	ta:de	pron.	ihr
重点	zhong:dian	n.	Schwerpunkt
意见	yi:jian	n.	Meinung
健康	jian:kang	n.	Gesundheit
健康	jian:kang	adj.	gesund
整个	zheng:ge	adj.	ganz
努力	nu:li	v.	sich bemühen
努力	nu:li	n.	Anstrengung
旅游	lv:you	v.	reisen
旅游	lv:you	n.	Tourismus
领导	ling:dao	v.	führen
领导	ling:dao	n.	Führung
只要	zhi:yao	conj.	solange
当时	dang:shi	adv.	damals
资金	zi:jin	n.	Kapitel
工具	gong:ju	n.	Werkzeug
实行	shi:xing	v.	durchführen
保持	bao:chi	v.	beibehalten
服务器	fu:wu:qi	n.	Server
男人	nan:ren	n.	Mann
现金	xian:jin	n.	Bargeld
女人	nv:ren	n.	Frau
普通	pu:tong	adj.	gewöhnlich
第一	di:yi	num.	erste
超过	chao:guo	v.	überschreiten
电脑	dian:nao	n.	Computer
安装	an:zhuang	v.	installieren
促进	cu:jin	v.	fördern
文字	wen:zi	n.	Text
浏览	liu:lan	v.	durchsuchen
搜索	sou:suo	v.	suchen
搜索	sou:suo	n.	Suche
页面	ye:mian	n.	Seite
咨询	zi:xun	v.	konsultieren
咨询	zi:xun	n.	Beratung
传统	chuan:tong	n.	Tradition
传统	chuan:tong	adj.	traditionell
领域	ling:yu	n.	Bereich
相应	xiang:ying	adj.	entsprechend
相应	xiang:ying	adv.	entsprechend
重要	zhong:yao	adj.	wichtig
于是	yu:shi	conj.	also
计算机	ji:suan:ji	n.	Computer
责任	ze:ren	n.	Verantwortung
汽车	qi:che	n.	Auto
首页	shou:ye	n.	Startseite
大量	da:liang	adj.	groß
大量	da:liang	adv.	in großen Mengen
规划	gui:hua	v.	planen
规划	gui:hua	n.	Planung
完全	wan:quan	adv.	vollständig
完全	wan:quan	adj.	vollständig
首先	shou:xian	adv.	zunächst
不会	bu:hui	adv.	no können
联系人	lian:xi:ren	n.	Kontakt
准备	zhun:bei	v.	vorbereiten
准备	zhun:bei	n.	Vorbereitung
不同的	bu:tong:de	adj.	verschieden
自然	zi:ran	adj.	natürlich
自然	zi:ran	n.	Natur
是一个	shi:yi:ge	v.	sein eins
每个	mei:ge	pron.	jeder
任务	ren:wu	n.	Aufgabe
实际	shi:ji	adj.	tatsächlich
编号	bian:hao	n.	Nummer
编号	bian:hao	v.	nummerieren
取得	qu:de	v.	erhalten
觉得	jue:de	v.	finden
为什么	wei:shen:me	adv.	warum
一起	yi:qi	adv.	zusammen
别人	bie:ren	n.	Andere
风格	feng:ge	n.	Stil
科技	ke:ji	n.	Technologie
香港	xiang:gang	n.	Hong Kong
出来	chu:lai	v.	herauskommen
事情	shi:qing	n.	Sache
范围	fan:wei	n.	Bereich
加入	jia:ru	v.	beitreten
宣传	xuan:chuan	v.	propagieren
宣传	xuan:chuan	n.	Werbung
管理员	guan:li:yuan	n.	Administrator
联系电话	lian:xi:dian:hua	n.	Telefonnummer
平台	ping:tai	n.	Plattform
发布时间	fa:bu:shi:jian	n.	Veröffentlichungszeit
广州	guang:zhou	n.	Guangzhou
结合	jie:he	v.	verbinden
全面	quan:mian	adj.	umfassend
如此	ru:ci	adv.	so
删除	shan:chu	v.	löschen
记录	ji:lu	v.	aufzeichnen
记录	ji:lu	n.	Aufzeichnung
有的	you:de	pron.	einige
关注	guan:zhu	v.	beachten
关注	guan:zhu	n.	Aufmerksamkeit
综合	zong:he	v.	synthetisieren
综合	zong:he	adj.	umfassend
机会	ji:hui	n.	Gelegenheit
协议	xie:yi	n.	Vereinbarung
协议	xie:yi	n.	Protokoll
深圳	shen:zhen	n.	Shenzhen
语言	yu:yan	n.	Sprache
现象	xian:xiang	n.	Phänomen
创新	chuang:xin	v.	innovieren
创新	chuang:xin	n.	Innovation
声音	sheng:yin	n.	Laut
声音	sheng:yin	n.	Stimme
分别	fen:bie	v.	trennen
分别	fen:bie	adv.	beziehungsweise
会议	hui:yi	n.	Besprechung
课程	ke:cheng	n.	Kurs
阅读	yue:du	v.	lesen
理论	li:lun	n.	Theorie
一点	yi:dian	num.	ein wenig
密码	mi:ma	n.	Passwort
欢迎	huan:ying	v.	begrüßen
欢迎	huan:ying	adj.	willkommen
用于	yong:yu	v.	verwendet werden
价值	jia:zhi	n.	Wert
也有	ye:you	v.	auch haben
有效	you:xiao	adj.	wirksam
下面	xia:mian	n.	unten
下面	xia:mian	n.	folgendes
属于	shu:yu	v.	gehören
输入	shu:ru	v.	eingeben
输入	shu:ru	n.	Eingabe
改变	gai:bian	v.	ändern
采取	cai:qu	v.	ergreifen
正常	zheng:chang	adj.	normal
培养	pei:yang	v.	kultivieren
自动	zi:dong	adj.	automatisch
自动	zi:dong	adv.	automatisch
它的	ta:de	pron.	sein
谢谢	xie:xie	v.	danken
之前	zhi:qian	n.	vor
积极	ji:ji	adj.	aktiv
对象	dui:xiang	n.	Ziel
新闻	xin:wen	n.	Nachrichten
不仅	bu:jin	conj.	nicht nur
大学	da:xue	n.	Universität
各类	ge:lei	adj.	verschiedenartig
指导	zhi:dao	v.	anleiten
共同	gong:tong	adj.	gemeinsam
访问	fang:wen	v.	besuchen
科学	ke:xue	n.	Wissenschaft
他们的	ta:men:de	pron.	ihr
即可	ji:ke	adv.	sofort
酒店	jiu:dian	n.	Hotel
治疗	zhi:liao	v.	behandeln
比如	bi:ru	v.	zum Beispiel
交易	jiao:yi	n.	Geschäft
维护	wei:hu	v.	wahren
等等	deng:deng	conj.	und so weiter
最好	zui:hao	adv.	am besten
给予	ji:yu	v.	geben
测试	ce:shi	n.	Test
每天	mei:tian	n.	jeden Tag
期间	qi:jian	n.	Zeitraum
修改	xiu:gai	v.	ändern
安排	an:pai	v.	arrangieren
家庭	jia:ting	n.	Familie
农民	nong:min	n.	Bauer
新股	xin:gu	n.	neue Aktie
从而	cong:er	conj.	somit
简介	jian:jie	n.	Kurzeinführung
目的	mu:di	n.	Zweck
承担	cheng:dan	v.	übernehmen
农村	nong:cun	n.	Land
同样	tong:yang	adj.	gleichbar
带来	dai:lai	v.	bringen
依法	yi:fa	adv.	gesetzmäßig
增长	zeng:zhang	v.	wachsen
针对	zhen:dui	prep.	gegen
查询	cha:xun	v.	abfragen
好的	hao:de	adj.	in Ordnung
引用	yin:yong	v.	zitieren
思想	si:xiang	n.	Gedanke
体系	ti:xi	n.	System
优势	you:shi	n.	Vorteil
并不	bing:bu	adv.	überhaupt nicht
连接	lian:jie	v.	verbinden
掌握	zhang:wo	v.	bebehren
楼主	lou:zhu	n.	Threadersteller
留言	liu:yan	v.	eine Nachricht hinterlassen
身体	shen:ti	n.	Körper
优秀	you:xiu	adj.	ausgezeichnet
成本	cheng:ben	n.	Kosten
而是	er:shi	conj.	plötzlich
过去	guo:qu	n.	die Vergangenheit
过去	guo:qu	v.	vergehen
银行	yin:hang	n.	Bank
考生	kao:sheng	n.	Prüfling
运行	yun:xing	v.	betreiben
建筑	jian:zhu	n.	Gebäude
建筑	jian:zhu	v.	bauen
分类	fen:lei	v.	einordnen
分类	fen:lei	n.	Klassifikation
方向	fang:xiang	n.	Richtung
快速	kuai:su	adj.	schnell
几个	ji:ge	num.	einige
理解	li:jie	v.	verstehen
表现	biao:xian	v.	zeigen
表现	biao:xian	n.	Leistung
减少	jian:shao	v.	abnehmen
减少	jian:shao	n.	Rückgang
长期	chang:qi	n.	langfristig
后来	hou:lai	adv.	später
平方米	ping:fang:mi	n.	Quadratmeter
方案	fang:an	n.	Plan
速度	su:du	n.	Geschwindigkeit
这么	zhe:me	adv.	so
只能	zhi:neng	adv.	nur können
电影	dian:ying	n.	Film
以前	yi:qian	n.	früher
批准	pi:zhun	v.	genehmigen
评价	ping:jia	v.	bewerten
评价	ping:jia	n.	Bewertung
区域	qu:yu	n.	Region
措施	cuo:shi	n.	Maßnahme
大小	da:xiao	n.	Größe
利益	li:yi	n.	Nutzen
推进	tui:jin	v.	vorantreiben
考虑	kao:lv	v.	erwägen
网友	wang:you	n.	Netzbürger
这次	zhe:ci	n.	dieses Mal
合同	he:tong	n.	Vertrag
计算	ji:suan	v.	berechnen
计算	ji:suan	n.	Berechnung
贡献值	gong:xian:zhi	n.	Beitragswert
特别是	te:bie:shi	adv.	besonders
例如	li:ru	v.	zum Beispiel
职业	zhi:ye	n.	Beruf
丰富	feng:fu	adj.	reich
机关	ji:guan	n.	Behörde
更新	geng:xin	v.	aktualisieren
更新	geng:xin	n.	Aktualisierung
讨论	tao:lun	v.	diskutieren
讨论	tao:lun	n.	Diskussion
每年	mei:nian	adv.	jedes Jahr
办公室	ban:gong:shi	n.	Büro
协会	xie:hui	n.	Verein
然而	ran:er	conj.	jedoch
以来	yi:lai	conj.	seit
因素	yin:su	n.	Faktor
英语	ying:yu	n.	Englisch
电子	dian:zi	n.	Elektronik
经常	jing:chang	adv.	oft
原来	yuan:lai	adv.	ursprünglich
不少	bu:shao	adj.	deutlich viele
时代	shi:dai	n.	Zeitalter
互联网	hu:lian:wang	n.	Internet
生命	sheng:ming	n.	Leben
艺术	yi:shu	n.	Kunst
情况下	qing:kuang:xia	n.	un den Umständen
十分	shi:fen	adv.	vollständig
收入	shou:ru	n.	Einkommen
更加	geng:jia	adv.	noch mehr
现场	xian:chang	n.	Live-Kulisse
发挥	fa:hui	v.	entfalten
终于	zhong:yu	adv.	endlich
组成	zu:cheng	v.	bilden
调查	diao:cha	v.	untersuchen
满足	man:zu	v.	zufriedenstellen
全球	quan:qiu	n.	fühlen
全球	quan:qiu	n.	Globus
媒体	mei:ti	n.	Medien
现代	xian:dai	adj.	modern
新手上路	xin:shou:shang:lu	n.	Anfänger auf der Straße
找到	zhao:dao	v.	finden
证明	zheng:ming	v.	beweisen
证明	zheng:ming	n.	Beweis
颜色	yan:se	n.	Farbe
大型	da:xing	adj.	groß
引起	yin:qi	v.	verursachen
认识	ren:shi	v.	erkennen
认识	ren:shi	v.	kennen
打开	da:kai	v.	öffnen
推广	tui:guang	v.	fördern
故事	gu:shi	n.	Geschichte
面积	mian:ji	n.	Fläche
做好	zuo:hao	v.	gut machen
北京市	bei:jing:shi	n.	Peking
面对	mian:dui	v.	gegenüberstehen
立即	li:ji	adv.	unmittelbar
对方	dui:fang	n.	lage Gegenpart
投入	tou:ru	v.	einsetzen
投入	tou:ru	n.	Einsatz
运动	yun:dong	n.	Sport
运动	yun:dong	v.	sich bewegen
突然	tu:ran	adj.	plötzlich
享受	xiang:shou	v.	genießen
享受	xiang:shou	n.	Genuss
学院	xue:yuan	n.	Institut
共有	gong:you	v.	gemeinsam besitzen
力量	li:liang	n.	Kraft
明确	ming:que	adj.	klar
明确	ming:que	v.	klären
比赛	bi:sai	n.	Wettbewerb
人民政府	ren:min:zheng:fu	n.	Volksregierung
最近	zui:jin	adv.	letztlich
认证	ren:zheng	v.	zertifizieren
认证	ren:zheng	n.	Zertifizierung
配置	pei:zhi	n.	Konfiguration
配置	pei:zhi	v.	zuordnen
工业	gong:ye	n.	Industrie
游客	you:ke	n.	Tourist
代理	dai:li	n.	Agentur
代理	dai:li	v.	vertreten
确认	que:ren	v.	bestätigen
广东	guang:dong	n.	Guangdong
正式	zheng:shi	adj.	formell
当地	dang:di	n.	Locality
位于	wei:yu	v.	sich befinden
一年	yi:nian	n.	ein Jahr
土地	tu:di	n.	Boden
本人	ben:ren	n.	ich selbst
也许	ye:xu	adv.	vielleicht
整体	zheng:ti	n.	Ganzes
农业	nong:ye	n.	landwirtschaft
女性	nv:xing	n.	Frau
有人	you:ren	pron.	jemand
支付	zhi:fu	v.	bezahlen
教授	jiao:shou	n.	Professor
特殊	te:shu	adj.	besonders
比例	bi:li	n.	Verhältnis
三个	san:ge	num.	drei
特色	te:se	n.	Besonderheit
阳光	yang:guang	n.	Sonnenlicht
下午	xia:wu	n.	Nachmittag
供应	gong:ying	v.	liefern
独立	du:li	adj.	unabhängig
增强	zeng:qiang	v.	stärken
爱情	ai:qing	n.	Liebe
形象	xing:xiang	n.	Image
成绩	cheng:ji	n.	Leistung
上述	shang:shu	adj.	obengenannt
规模	gui:mo	n.	Umfang
国务院	guo:wu:yuan	n.	Staatsrat
推出	tui:chu	v.	einführen
呵呵	he:he	onom.	hihi
错误	cuo:wu	n.	Fehler
父母	fu:mu	n.	Eltern
阶段	jie:duan	n.	Phase
所谓	suo:wei	adj.	sogenannt
双方	shuang:fang	n.	beide Seiten
本帖	ben:tie	n.	dieser Beitrag
事业	shi:ye	n.	Karriere
在线时间	zai:xian:shi:jian	n.	Online-Zeit
最高	zui:gao	adj.	höchst
基金	ji:jin	n.	Fonds
数字	shu:zi	n.	Zahl
似乎	si:hu	adv.	offenbar
添加	tian:jia	v.	hinzufügen
照片	zhao:pian	n.	Foto
房屋	fang:wu	n.	Häuser
运用	yun:yong	v.	anwenden
最终	zui:zhong	adv.	endlich
告诉	gao:su	v.	sagen
同学	tong:xue	n.	Mitschüler
风险	feng:xian	n.	Risiko
本文	ben:wen	n.	dieser Text
方便	fang:bian	adj.	bequem
确保	que:bao	v.	gewährleisten
往往	wang:wang	adv.	oft
多种	duo:zhong	adj.	vielerlei
观点	guan:dian	n.	Sichtpunkt
统计	tong:ji	v.	Statistik erstellen
加工	jia:gong	v.	verarbeiten
容易	rong:yi	adj.	einfach
回答	hui:da	v.	antworten
机制	ji:zhi	n.	Mechanismus
里面	li:mian	n.	Innenseite
下列	xia:lie	adj.	folgend
降低	jiang:di	v.	senken
提交	ti:jiao	v.	einreichen
否则	fou:ze	conj.	sonst
未来	wei:lai	n.	Zukunft
代码	dai:ma	n.	Code
总是	zong:shi	adv.	immer
出版社	chu:ban:she	n.	Verlag
怎样	zen:yang	pron.	wie
限制	xian:zhi	v.	beschränken
那样	na:yang	pron.	so
一条	yi:tiao	mw.	ein (lang)
高级	gao:ji	adj.	fortgeschritten
交通	jiao:tong	n.	Verkehr
手段	shou:duan	n.	Mittel
详细	xiang:xi	adj.	detailliert
一句	yi:ju	mw.	ein Satz
不错	bu:cuo	adj.	nicht schlecht
消费	xiao:fei	v.	konsumieren
改善	gai:shan	v.	verbessern
政治	zheng:zhi	n.	Politik
登记	deng:ji	v.	registrieren
描述	miao:shu	v.	beschreiben
人类	ren:lei	n.	Menschheit
此外	ci:wai	conj.	außerdem
明显	ming:xian	adj.	offensichtlich
都会	dou:hui	adv.	können alle
都会	du:hui	n.	Großstadt
您是	nin:shi	pron.	Sie sind
姓名	xing:ming	n.	FullName
很好	hen:hao	adj.	sehr gut
指出	zhi:chu	v.	aufzeigen
患者	huan:zhe	n.	Patient
年龄	nian:ling	n.	Alter
营销	ying:xiao	n.	Marketing
根本	gen:ben	adv.	grundsätzlich
我想	wo:xiang	v.	ich möchte
保障	bao:zhang	v.	garantieren
规格	gui:ge	n.	Spezifikation
在中国	zai:zhong:guo	prep.	in China
身上	shen:shang	n.	am Körper
推动	tui:dong	v.	vorantreiben
重要的	zhong:yao:de	adj.	wichtig
尽管	jin:guan	conj.	obwohl
党员	dang:yuan	n.	Parteimitglied
公布	gong:bu	v.	veröffentlichen
公里	gong:li	mw.	Kilometer
台湾	tai:wan	n.	Taiwan
概念	gai:nian	n.	Konzept
开放	kai:fang	v.	öffnen
人民	ren:min	n.	Volk
不知道	bu:zhi:dao	v.	nicht wissen
各地	ge:di	n.	local überall
集中	ji:zhong	v.	konzentrieren
让我	rang:wo	v.	lass mich
制造	zhi:zao	v.	herstellen
再次	zai:ci	adv.	erneut
战略	zhan:lve	n.	Strategie
人民币	ren:min:bi	n.	Renminbi
压力	ya:li	n.	Druck
即使	ji:shi	conj.	sogar wenn
性能	xing:neng	n.	Leistung
意义	yi:yi	n.	Bedeutung
之中	zhi:zhong	n.	unter
世纪	shi:ji	n.	Jahrhundert
数据库	shu:ju:ku	n.	Datenbank
一家	yi:jia	num.	ein (Betrieb)
职工	zhi:gong	n.	Belegschaft
相对	xiang:dui	adj.	relativ
成员	cheng:yuan	n.	Mitglied
商业	shang:ye	n.	Handel
公告	gong:gao	n.	Ankündigung
链接	lian:jie	n.	Link
视频	shi:pin	n.	Video
设立	she:li	v.	gründen
创造	chuang:zao	v.	schaffen
事件	shi:jian	n.	Ereignis
成立	cheng:li	v.	gründen
性别	xing:bie	n.	Geschlecht
落实	luo:shi	v.	umsetzen
收藏	shou:cang	v.	sammeln
相当	xiang:dang	adv.	ziefach bastante
出口	chu:kou	n.	Ausgang
同意	tong:yi	v.	zustimmen
越来越	yue:lai:yue	adv.	immer mehr
状况	zhuang:kuang	n.	Lage
地点	di:dian	n.	Ort
美丽	mei:li	adj.	schön
年代	nian:dai	n.	Jahrzehnt
自由	zi:you	adj.	frei
本身	ben:shen	pron.	selbst
负责人	fu:ze:ren	n.	Verantwortlicher
内部	nei:bu	n.	Innere
包装	bao:zhuang	n.	Verpackung
适合	shi:he	v.	passen
报名	bao:ming	v.	anmelden
进口	jin:kou	n.	Import
稳定	wen:ding	adj.	stabil
一是	yi:shi	conj.	erstens
年度	nian:du	n.	Jahres-
第一次	di:yi:ci	num.	das erste Mal
看看	kan:kan	v.	schauen
连续	lian:xu	adj.	fortlaufend
检测	jian:ce	v.	erfassen
中央	zhong:yang	n.	Zentrum
技能	ji:neng	n.	Fähigkeit
相信	xiang:xin	v.	glauben
实践	shi:jian	n.	Praxis
一天	yi:tian	num.	ein Tag
行动	xing:dong	n.	Aktion
型号	xing:hao	n.	Typennummer
版本	ban:ben	n.	Version
设施	she:shi	n.	Einrichtung
群众	qun:zhong	n.	Massen
转载	zhuan:zai	v.	nachdrucken
就业	jiu:ye	n.	Beschäftigung
德国	de:guo	n.	Deutschland
审核	shen:he	v.	prüfen
感到	gan:dao	v.	fühlen
解释	jie:shi	v.	erklären
举办	ju:ban	v.	veranstalten
举行	ju:xing	v.	abhalten
迅速	xun:su	adj.	schnell
召开	zhao:kai	v.	einberufen
母亲	mu:qin	n.	Mutter
报道	bao:dao	n.	Bericht
加快	jia:kuai	v.	beschleunigen
委员会	wei:yuan:hui	n.	Ausschuss
处于	chu:yu	v.	sich befinden
快乐	kuai:le	adj.	glücklich
时尚	shi:shang	n.	Mode
眼睛	yan:jing	n.	Auge
浙江	zhe:jiang	n.	Zhejiang
多少	duo:shao	pron.	wie viel
填写	tian:xie	v.	ausfüllen
违反	wei:fan	v.	verletzen
目录	mu:lu	n.	Verzeichnis
车辆	che:liang	n.	Fahrzeug
广大	guang:da	adj.	groß
妈妈	ma:ma	n.	Mama
强调	qiang:diao	v.	betonten
各项	ge:xiang	pron.	jeder Posten
鼓励	gu:li	v.	ermutigen
考核	kao:he	v.	beurteilen
卫生	wei:sheng	n.	Hygiene
动作	dong:zuo	n.	Bewegung
创建	chuang:jian	v.	gründen
英国	ying:guo	n.	Großbritannien
人生	ren:sheng	n.	Leben
意识	yi:shi	n.	Bewusstsein
现有	xian:you	adj.	bestehend
父亲	fu:qin	n.	Vater
扩大	kuo:da	v.	erweitern
沟通	gou:tong	v.	kommunizieren
关键	guan:jian	n.	Schlüssel
认真	ren:zhen	adj.	ernst
下来	xia:lai	v.	herunterkommen
保存	bao:cun	v.	speichern
更新时间	geng:xin:shi:jian	n.	Aktualisierungszeit
格式	ge:shi	n.	Format
联系方式	lian:xi:fang:shi	n.	Kontaktdaten
一份	yi:fen	mw.	ein Exemplar
予以	yu:yi	v.	gewähren
贷款	dai:kuan	n.	Darlehen
公开	gong:kai	adj.	öffentlich
一个人	yi:ge:ren	n.	eine Person
本公司	ben:gong:si	n.	unser Unternehmen
共享	gong:xiang	v.	teilen
去年	qu:nian	n.	letztes Jahr
移动	yi:dong	v.	sich bewegen
顾客	gu:ke	n.	Kunde
招聘	zhao:pin	v.	einstellen
专门	zhuan:men	adj.	spezial
不足	bu:zu	adj.	unzureichend
多个	duo:ge	num.	mehrere
生的	sheng:de	adj.	roh
离开	li:kai	v.	verlassen
美元	mei:yuan	n.	US-Dollar
追求	zhui:qiu	v.	streben nach
皮肤	pi:fu	n.	Haut
等方面	deng:fang:mian	n.	und so weiter
法规	fa:gui	n.	Vorschriften
做到	zuo:dao	v.	schaffen
贡献	gong:xian	n.	Beitrag
属性	shu:xing	n.	Attribut
玩家	wan:jia	n.	Spieler
引导	yin:dao	v.	anleiten
这时	zhe:shi	n.	in diesem Moment
儿童	er:tong	n.	Kind
经理	jing:li	n.	Geschäftsführer
涉及	she:ji	v.	betreffen
杭州	hang:zhou	n.	Hangzhou
列表	lie:biao	n.	Liste
无论	wu:lun	conj.	gleichgültig ob
一旦	yi:dan	adv.	sobald
韩国	han:guo	n.	Korea
程度	cheng:du	n.	Grad
具备	ju:bei	v.	besitzen
联合	lian:he	v.	vereinigen
启动	qi:dong	v.	starten
上面	shang:mian	n.	oben
重新	chong:xin	adv.	erneut
授权	shou:quan	v.	autorisieren
不限	bu:xian	v.	ohne Grenze
仍然	reng:ran	adv.	immer noch
晚上	wan:shang	n.	Abend
训练	xun:lian	v.	trainieren
严重	yan:zhong	adj.	st graveeig
也就	ye:jiu	adv.	damit
中文	zhong:wen	n.	Chinesisch
收到后	shou:dao:hou	v.	nach Erhalt
存款	cun:kuan	n.	Einlage
关闭	guan:bi	v.	schließen
两人	liang:ren	num.	zwei Personen
收到	shou:dao	v.	erhalten
月份	yue:fen	n.	Monat
重视	zhong:shi	v.	gewichten
出版	chu:ban	v.	veröffentlichen
基地	ji:di	n.	Basis
通常	tong:chang	adv.	gewöhnlich
消息	xiao:xi	n.	Nachricht
有着	you:zhe	v.	besitzen
距离	ju:li	n.	Distanz
民族	min:zu	n.	Nation
相同	xiang:tong	adj.	identisch
至少	zhi:shao	adv.	mindestens
版权所有	ban:quan:suo:you	n.	Urheberrecht
永远	yong:yuan	adv.	für immer
竞争	jing:zheng	v.	wettbewerben
上午	shang:wu	n.	Vormittag
国外	guo:wai	n.	Ausland
命令	ming:ling	n.	Befehl
主管部门	zhu:guan:bu:men	n.	zuständige Behörde
团队	tuan:dui	n.	Team
附件	fu:jian	n.	Anhang
教材	jiao:cai	n.	Lehrmaterial
人气	ren:qi	n.	Beliebtheit
正是	zheng:shi	adv.	gerade
规则	gui:ze	n.	Regel
色彩	se:cai	n.	Farbe
准确	zhun:que	adj.	präzise
不知	bu:zhi	v.	nicht wissen
干部	gan:bu	n.	Kaderfunktionär
阅读者	yue:du:zhe	n.	Leser
平均	ping:jun	adj.	durchschnittlich
曾经	ceng:jing	adv.	einst
天津	tian:jin	n.	Tianjin
有点	you:dian	adv.	ein wenig
发送	fa:song	v.	senden
展示	zhan:shi	v.	präsentieren
老板	lao:ban	n.	Chef
在这里	zai:zhe:li	adv.	hier
资产	zi:chan	n.	Vermögenswert
地位	di:wei	n.	Stellung
所在	suo:zai	n.	Lage
避免	bi:mian	v.	vermeiden
女孩	nv:hai	n.	Mädchen
缺乏	que:fa	v.	mangeln
最佳	zui:jia	adj.	optimal
评估	ping:gu	v.	bewerten
熟悉	shou:xi	v.	vertraut sein
熟悉	shu:xi	adj.	vertraut
依照	yi:zhao	prep.	gemäß
允许	yun:xu	v.	erlauben
此时	ci:shi	n.	dieser Moment
保密	bao:mi	v.	geheim halten
人物	ren:wu	n.	Figur
资格	zi:ge	n.	Qualifikation
工作人员	gong:zuo:ren:yuan	n.	Personal
损失	sun:shi	n.	Verlust
无关	wu:guan	adj.	unrelated
不再	bu:zai	adv.	nicht mehr
出售	chu:shou	v.	verkaufen
很快	hen:kuai	adv.	sehr schnell
品种	pin:zhong	n.	Sorte
人士	ren:shi	n.	Person
网址	wang:zhi	n.	Webadresse
证书	zheng:shu	n.	Zertifikat
不可	bu:ke	adv.	niemand darf
成都	cheng:du	n.	Chengdu
角度	jiao:du	n.	Winkel
心中	xin:zhong	n.	im Herzen
标签	biao:qian	n.	Etikett
创业	chuang:ye	v.	ein Unternehmen gründen
答案	da:an	n.	Antwort
面议	mian:yi	v.	persönlich verhandeln
相比	xiang:bi	v.	vergleichen
配合	pei:he	v.	koordinieren
强大	qiang:da	adj.	mächtig
而言	er:yan	part.	was ... betrifft
每次	mei:ci	pron.	jedes Mal
协调	xie:tiao	v.	abstimmen
心里	xin:li	n.	im Herzen
名字	ming:zi	n.	Name
身份	shen:fen	n.	Identität
时期	shi:qi	n.	Periode
相关图片	xiang:guan:tu:pian	n.	verwandtes Bild
保留	bao:liu	v.	beibehalten
青年	qing:nian	n.	Jugend
加大	jia:da	v.	vergrößern
结束	jie:shu	v.	beenden
做出	zuo:chu	v.	leisten
面前	mian:qian	n.	vor
山东	shan:dong	n.	Shandong
对此	dui:ci	pron.	hierzu
收费	shou:fei	v.	Gebühren erheben
成果	cheng:guo	n.	Ergebnis
服装	fu:zhuang	n.	Kleidung
有权	you:quan	v.	das Recht haben
主动	zhu:dong	adj.	aktiv
完整	wan:zheng	adj.	vollständig
工艺	gong:yi	n.	Handwerk
几乎	ji:hu	adv.	beinahe
下降	xia:jiang	v.	sinken
尺寸	chi:cun	n.	Größe
独特	du:te	adj.	einzigartig
多年	duo:nian	n.	viele Jahre
感受	gan:shou	n.	Gefühl
那种	na:zhong	pron.	diese Art von
医生	yi:sheng	n.	Arzt
博客	bo:ke	n.	Blog
重庆	chong:qing	n.	Chongqing
寻找	xun:zhao	v.	suchen
自治区	zi:zhi:qu	n.	autonomes Gebiet
药品	yao:pin	n.	Arzneimittel
防止	fang:zhi	v.	verhindern
特征	te:zheng	n.	Merkmal
性质	xing:zhi	n.	Beschaffenheit
遇到	yu:dao	v.	treffen
高度	gao:du	n.	Höhe
利润	li:run	n.	Gewinn
小姐	xiao:jie	n.	Fräulein
恢复	hui:fu	v.	sich erholen
强化	qiang:hua	v.	verstärken
持续	chi:xu	v.	fortsetzen
上海市	shang:hai:shi	n.	Shanghai
装备	zhuang:bei	n.	Ausrüstung
攻击	gong:ji	v.	angreifen
禁止	jin:zhi	v.	verbieten
升级	sheng:ji	v.	aufrüsten
一项	yi:xiang	num.	ein (Posten)
反应	fan:ying	n.	Reaktion
道路	dao:lu	n.	Straße
话题	hua:ti	n.	thema
学会	xue:hui	v.	erlernen
看来	kan:lai	adv.	offenbar
体现	ti:xian	v.	verkörpern
传播	chuan:bo	v.	verbreiten
绝对	jue:dui	adj.	absolut
习惯	xi:guan	n.	Gewohnheit
习惯	xi:guan	v.	gewohnt sein
一张	yi:zhang	mw.	ein (Blatt)
感情	gan:qing	n.	Gefühl
电视	dian:shi	n.	Fernsehen
基于	ji:yu	prep.	auf Grundlage
幸福	xing:fu	n.	Glück
暂无	zan:wu	v.	vorläufig nicht verfügbar
两种	liang:zhong	num.	zwei Arten
病毒	bing:du	n.	Virus
打造	da:zao	v.	schaffen
立场	li:chang	n.	Standpunkt
申报	shen:bao	v.	angeben
硬盘	ying:pan	n.	Festplatte
自行	zi:xing	adv.	selbst
观察	guan:cha	v.	beobachten
万人	wan:ren	n.	zehntausend Menschen
构成	gou:cheng	v.	bilden
广泛	guang:fan	adj.	weit verbreitet
心情	xin:qing	n.	Stimmung
此次	ci:ci	pron.	dieses Mal
当事人	dang:shi:ren	n.	Beteiligter
读者	du:zhe	n.	Leser
联盟	lian:meng	n.	Bündnis
总结	zong:jie	v.	zusammenfassen
检验	jian:yan	v.	prüfen
核心	he:xin	n.	Kern
网页	wang:ye	n.	Webseite
当年	dang:nian	n.	in jenen Jahren
绿色	lv:se	n.	Grün
马上	ma:shang	adv.	sofort
实际上	shi:ji:shang	adv.	tatsächlich
素质	su:zhi	n.	Qualität
态度	tai:du	n.	Haltung
动物	dong:wu	n.	Tier
环保	huan:bao	n.	Umweltschutz
全新	quan:xin	adj.	ganz neu
施工	shi:gong	v.	Bauarbeiten ausführen
委托	wei:tuo	v.	beauftragen
档案	dang:an	n.	Akte
深圳市	shen:zhen:shi	n.	Shenzhen
自身	zi:shen	pron.	selbst
第一个	di:yi:ge	num.	der erste
发出	fa:chu	v.	absenden
上市	shang:shi	v.	gelistet werden
他人	ta:ren	pron.	Andere
域名	yu:ming	n.	Domainname
保险	bao:xian	n.	Versicherung
有时	you:shi	adv.	manchmal
承诺	cheng:nuo	v.	versprechen
窗口	chuang:kou	n.	Fenster
奖励	jiang:li	v.	belohnen
江苏	jiang:su	n.	Jiangsu
节目	jie:mu	n.	Sendung
理念	li:nian	n.	Konzept
理由	li:you	n.	Grund
欧洲	ou:zhou	n.	Europa
之外	zhi:wai	n.	außerhalb
人数	ren:shu	n.	Personenzahl
邮件	you:jian	n.	Post
组合	zu:he	n.	Kombination
参数	can:shu	n.	Parameter
工资	gong:zi	n.	Gehalt
经典	jing:dian	n.	Klassiker
身边	shen:bian	n.	de Seite
儿子	er:zi	n.	Sohn
律师	lv:shi	n.	Anwalt
日前	ri:qian	adv.	vor Kurzem
我市	wo:shi	n.	unsere Stadt
来到	lai:dao	v.	ankommen
投资者	tou:zi:zhe	n.	Investor
用的	yong:de	part.	gebraucht
变得	bian:de	v.	sich verwandeln in
发言	fa:yan	v.	sprechen
发言	fa:yan	n.	Äußerung
观念	guan:nian	n.	Anschauung
实验	shi:yan	n.	Experiment
正确	zheng:que	adj.	richtig
指标	zhi:biao	n.	Indikator
拒绝	ju:jue	v.	ablehnen
商务	shang:wu	n.	Geschäft
在一起	zai:yi:qi	adv.	zusammen
备案	bei:an	v.	zur Registrierung anmelden
标志	biao:zhi	n.	Zeichen
标志	biao:zhi	v.	anzeigen
法国	fa:guo	n.	Frankreich
家长	jia:zhang	n.	Eltern
直到	zhi:dao	prep.	bis
指数	zhi:shu	n.	Index
本科	ben:ke	n.	Bachelor
某些	mou:xie	pron.	gewisse
全省	quan:sheng	n.	ganze Provinz
天下	tian:xia	n.	Welt
专用	zhuan:yong	adj.	speziell
专用	zhuan:yong	v.	widmen
附近	fu:jin	n.	Nähe
各级	ge:ji	pron.	alle Ebenen
判断	pan:duan	v.	beurteilen
判断	pan:duan	n.	Beurteilung
装修	zhuang:xiu	v.	renovieren
技巧	ji:qiao	n.	Technik
加上	jia:shang	v.	hinzufügen
授权方式	shou:quan:fang:shi	n.	Authorisierungsmethode
第三	di:san	num.	dritte
经历	jing:li	v.	erleben
经历	jing:li	n.	Erfahrung
就像	jiu:xiang	v.	gerade sein wie
体验	ti:yan	n.	Erlebnis
文明	wen:ming	n.	Zivilisation
小学	xiao:xue	n.	Grundschule
学历	xue:li	n.	Schulbildung
重大	zhong:da	adj.	schwerwiegend
发行	fa:xing	v.	veröffentlichen
改造	gai:zao	v.	umbauen
就要	jiu:yao	adv.	gleich
表明	biao:ming	v.	zeigen
播放	bo:fang	v.	ausstrahlen
一边	yi:bian	n.	eine Seite
岗位	gang:wei	n.	Posten
突出	tu:chu	adj.	hervorragend
变成	bian:cheng	v.	werden
审查	shen:cha	v.	prüfen
短信	duan:xin	n.	Kurznachricht
财富	cai:fu	n.	Reichtum
复杂	fu:za	adj.	komplex
合理	he:li	adj.	vernünftig
角色	jue:se	n.	Rolle
拍摄	pai:she	v.	filmen
审批	shen:pi	v.	genehmigen
大学生	da:xue:sheng	n.	Student
品质	pin:zhi	n.	Qualität
突破	tu:po	v.	durchbrechen
突破	tu:po	n.	Durchbruch
超级	chao:ji	adj.	Super-
金额	jin:e	n.	Betrag
成熟	cheng:shu	adj.	reif
困难	kun:nan	adj.	schwierig
困难	kun:nan	n.	Schwierigkeit
万吨	wan:dun	num.	10.000 Tonnen
事项	shi:xiang	n.	Angelegenheit
维修	wei:xiu	v.	warten
一批	yi:pi	mw.	eine Charge
原创	yuan:chuang	adj.	Original-
出租	chu:zu	v.	vermieten
手续	shou:xu	n.	Formalität
约定	yue:ding	v.	vereinbaren
约定	yue:ding	n.	Vereinbarung
中间	zhong:jian	n.	Mitte
或是	huo:shi	conj.	oder
上网	shang:wang	v.	ins Internet gehen
物品	wu:pin	n.	Gegenstand
有效的	you:xiao:de	adj.	wirksam
栏目	lan:mu	n.	Rubrik
成长	cheng:zhang	v.	wachsen
货物	huo:wu	n.	Ware
内存	nei:cun	n.	Speicher
适应	shi:ying	v.	sich anpassen
说的	shuo:de	part.	gesagt
欣赏	xin:shang	v.	schätzen
欣赏	xin:shang	v.	bewundern
运行环境	yun:xing:huan:jing	n.	Ausführungsumgebung
参考	can:kao	v.	konsultieren
参考	can:kao	n.	Referenz
动态	dong:tai	n.	Dynamik
动态	dong:tai	adj.	dynamisch
感谢	gan:xie	v.	danken
你可以	ni:ke:yi	pron.	du kannst
不到	bu:dao	v.	weniger als
个性	ge:xing	n.	Persönlichkeit
所属	suo:shu	n.	Zugehörigkeit
渠道	qu:dao	n.	Kanal
也没有	ye:mei:you	adv.	auch nicht
一片	yi:pian	mw.	ein Stück
逐渐	zhu:jian	adv.	allmählich
主体	zhu:ti	n.	Hauptteil
优惠	you:hui	n.	präferentiell
杂志	za:zhi	n.	Zeitschrift
指定	zhi:ding	v.	bestimmen
如今	ru:jin	n.	heutzutage
选项	xuan:xiang	n.	Option
学员	xue:yuan	n.	Kurs participant
预计	yu:ji	v.	erwarten
整合	zheng:he	v.	integrieren
策略	ce:lve	n.	Strategie
还可以	hai:ke:yi	adv.	noch in Ordnung
认定	ren:ding	v.	feststellen
本次	ben:ci	pron.	diesmal
补充	bu:chong	v.	ergänzen
影片	ying:pian	n.	Film
周围	zhou:wei	n.	Umgebung
报价	bao:jia	n.	Preisangebot
操作系统	cao:zuo:xi:tong	n.	Betriebssystem
肯定	ken:ding	adj.	sicher
肯定	ken:ding	adv.	bestimmt
义务	yi:wu	n.	Pflicht
包含	bao:han	v.	enthalten
定位	ding:wei	v.	positionieren
家里	jia:li	n.	Zuhause
商家	shang:jia	n.	Händler
武汉	wu:han	n.	Wuhan
一名	yi:ming	mw.	ein(e)
有关规定	you:guan:gui:ding	n.	einschlägige Vorschriften
又是	you:shi	adv.	schon wieder
执行时间	zhi:xing:shi:jian	n.	Ausführungszeit
不用	bu:yong	v.	nicht brauchen
队伍	dui:wu	n.	Reihe
改进	gai:jin	v.	verbessern
留下	liu:xia	v.	zurücklassen
提醒	ti:xing	v.	erinnern
药物	yao:wu	n.	Arzneimittel
不好	bu:hao	adj.	schlecht
会有	hui:you	v.	es wird geben
强烈	qiang:lie	adj.	heftig
商标	shang:biao	n.	Warenzeichen
死亡	si:wang	n.	Tod
这位	zhe:wei	pron.	diese Person
罚款	fa:kuan	n.	Geldstrafe
依然	yi:ran	adv.	immer noch
优化	you:hua	v.	optimieren
转让	zhuan:rang	v.	übertragen
广场	guang:chang	n.	Platz
深入	shen:ru	v.	eindringen
思考	si:kao	v.	nachdenken
先后	xian:hou	adv.	nacheinander
观众	guan:zhong	n.	Publikum
客人	ke:ren	n.	Gast
三年	san:nian	num.	drei Jahre
一段	yi:duan	mw.	ein Abschnitt
担任	dan:ren	v.	innehaben
食物	shi:wu	n.	Lebensmittel
动力	dong:li	n.	Antriebskraft
机器	ji:qi	n.	Maschine
那里	na:li	pron.	dort
听到	ting:dao	v.	hören
遵守	zun:shou	v.	einhalten
昨天	zuo:tian	n.	gestern
说话	shuo:hua	v.	sprechen
中学	zhong:xue	n.	Mittelschule
逐步	zhu:bu	adv.	schrittweise
诚信	cheng:xin	n.	Integrität
良好	liang:hao	adj.	gut
随时	sui:shi	adv.	jederzeit
温度	wen:du	n.	Temperatur
衣服	yi:fu	n.	Kleidung
充分	chong:fen	adj.	ausreichend
租赁	zu:lin	v.	mieten
多次	duo:ci	adv.	mehrfach
公路	gong:lu	n.	Landstraße
确实	que:shi	adv.	tatsächlich
人口	ren:kou	n.	Bevölkerung
在此	zai:ci	adv.	hier
站点	zhan:dian	n.	Station
和谐	he:xie	adj.	harmonisch
机械	ji:xie	n.	Maschinen
普遍	pu:bian	adj.	universell
首次	shou:ci	adv.	erstmals
所需	suo:xu	adj.	erforderlich
一套	yi:tao	mw.	ein Satz
广东省	guang:dong:sheng	n.	Guangdong
后面	hou:mian	n.	hinten
美女	mei:nv	n.	Schönheit
社会主义	she:hui:zhu:yi	n.	Sozialismus
愿意	yuan:yi	v.	bereit sein
论文	lun:wen	n.	Abhandlung
人家	ren:jia	pron.	ich
行政	xing:zheng	n.	Verwaltung
英文	ying:wen	n.	Englisch
自我	zi:wo	n.	Selbst
做法	zuo:fa	n.	Vorgehensweise
病人	bing:ren	n.	Patient
热情	re:qing	adj.	begeistert
图书	tu:shu	n.	Bücher
物流	wu:liu	n.	Logistik
成功的	cheng:gong:de	adj.	erfolgreich
难以	nan:yi	v.	schwer zu
先进	xian:jin	adj.	fortschrittlich
众多	zhong:duo	adj.	zahllich
设定	she:ding	v.	festlegen
挑战	tiao:zhan	n.	Herausforderung
总数	zong:shu	n.	Gesamtzahl
返回	fan:hui	v.	zurückkehren
哈哈	ha:ha	onom.	haha
俱乐部	ju:le:bu	n.	Club
矛盾	mao:dun	n.	Widerspruch
毕业生	bi:ye:sheng	n.	Absolvent
到达	dao:da	v.	ankommen
过来	guo:lai	v.	herüberkommen
今后	jin:hou	n.	künftig
配套	pei:tao	adj.	als Set passend
运输	yun:shu	n.	Transport
好像	hao:xiang	v.	scheinen
公务员	gong:wu:yuan	n.	Beamte
趋势	qu:shi	n.	Trend
一场	yi:chang	mw.	ein Mal (Veranst.)
预防	yu:fang	v.	vorbeugen
在于	zai:yu	v.	liegen in
复制	fu:zhi	v.	kopieren
排名	pai:ming	v.	einstufen
实在	shi:zai	adv.	wirklich
用户名	yong:hu:ming	n.	Benutzername
尊重	zun:zhong	v.	respektieren
不够	bu:gou	adj.	nicht genug
定义	ding:yi	n.	Definition
情感	qing:gan	n.	Gefühl
生物	sheng:wu	n.	Lebewesen
最多	zui:duo	adv.	höchstens
厂商	chang:shang	n.	Hersteller
合格	he:ge	adj.	qualifiziert
等待	deng:dai	v.	warten
市民	shi:min	n.	Bürger
创作	chuang:zuo	v.	schaffen
房间	fang:jian	n.	Zimmer
数学	shu:xue	n.	Mathematik
编制	bian:zhi	n.	Stellenplan
编制	bian:zhi	v.	flechten
表面	biao:mian	n.	Oberfläche
歌曲	ge:qu	n.	Lied
每一个	mei:yi:ge	pron.	jeder
难道	nan:dao	adv.	newentlich
一部分	yi:bu:fen	n.	ein Teil
正确的	zheng:que:de	adj.	richtig
按钮	an:niu	n.	Knopf
大部分	da:bu:fen	n.	der Großteil
探索	tan:suo	v.	erforschen
给你	gei:ni	v.	dir geben
家具	jia:ju	n.	Möbel
会计	kuai:ji	n.	Buchhaltung
令人	ling:ren	v.	jemanden machen
这就是	zhe:jiu:shi	v.	das ist
职责	zhi:ze	n.	Pflicht
声明	sheng:ming	v.	erklären
变更	bian:geng	v.	ändern
变更	bian:geng	n.	Änderung
大会	da:hui	n.	Versammlung
大会	da:hui	n.	Kongress
巨大的	ju:da:de	adj.	riesig
老人	lao:ren	n.	alter Mann
年轻	nian:qing	adj.	jung
实力	shi:li	n.	Stärke
四个	si:ge	num.	vier
各个	ge:ge	pron.	jeder
金属	jin:shu	n.	Metall
投票	tou:piao	v.	abstimmen
投票	tou:piao	n.	Abstimmung
吸引	xi:yin	v.	anziehen
厦门	xia:men	n.	Xiamen
预测	yu:ce	v.	vorhersagen
预测	yu:ce	n.	Prognose
注重	zhu:zhong	v.	legen Wert auf
装置	zhuang:zhi	n.	Vorrichtung
各位	ge:wei	pron.	liebe Anwesende
公斤	gong:jin	n.	Kilogram
购物	gou:wu	v.	einkaufen
接触	jie:chu	v.	berühren
接触	jie:chu	n.	Kontakt
小区	xiao:qu	n.	residentiales Wohnviertel
学科	xue:ke	n.	Disziplin
样子	yang:zi	n.	Aussehen
整理	zheng:li	v.	ordnen
职务	zhi:wu	n.	Position
画面	hua:mian	n.	Bild
输出	shu:chu	v.	ausgeben
输出	shu:chu	n.	Ausgabe
投诉	tou:su	v.	sich beschweren
引进	yin:jin	v.	einführen
电子邮件	dian:zi:you:jian	n.	E-Mail
毕业	bi:ye	v.	absolvieren
打印	da:yin	v.	drucken
刚刚	gang:gang	adv.	gerade eben
关心	guan:xin	v.	sich kümmern
关心	guan:xin	n.	Anteilnahme
近年来	jin:nian:lai	n.	letzte Jahre
权限	quan:xian	n.	Berechtigung
四川	si:chuan	n.	Sichuan
作业	zuo:ye	n.	Hausaufgaben
放弃	fang:qi	v.	aufgeben
环节	huan:jie	n.	Glied
医疗	yi:liao	n.	Medizinische Versorgung
特性	te:xing	n.	Eigenschaft
邮箱	you:xiang	n.	Postfach
展开	zhan:kai	v.	entfalten
女子	nv:zi	n.	Frau
破坏	po:huai	v.	zerstören
前面	qian:mian	n.	Vorderseite
黑色	hei:se	n.	Schwarz
疾病	ji:bing	n.	Krankheit
轻松	qing:song	adj.	entspannt
为此	wei:ci	adv.	dafür
字体	zi:ti	n.	Schriftart
专题	zhuan:ti	n.	Spezialthema
进程	jin:cheng	n.	Prozess
停止	ting:zhi	v.	anhalten
物质	wu:zhi	n.	Materie
至今	zhi:jin	adv.	bis jetzt
至于	zhi:yu	v.	in Bezug auf
经销商	jing:xiao:shang	n.	Händler
未经	wei:jing	prep.	ohne
情绪	qing:xu	n.	Gefühl
收取	shou:qu	v.	einziehen
财产	cai:chan	n.	Vermögen
看见	kan:jian	v.	sehen
体育	ti:yu	n.	Sport
金融	jin:rong	n.	Finanzwesen
是以	shi:yi	conj.	deshalb
翻译	fan:yi	v.	übersetzen
股东	gu:dong	n.	Aktionär
精品	jing:pin	n.	Vorzugserzeugnis
收集	shou:ji	v.	sammeln
唯一	wei:yi	adj.	einzig
许可	xu:ke	v.	erlauben
宠物	chong:wu	n.	Haustier
空调	kong:tiao	n.	Klimaanlage
频道	pin:dao	n.	Kanal
面试	mian:shi	n.	Vorstellungsgespräch
热线	re:xian	n.	Hotline
始终	shi:zhong	adv.	ständig
下一页	xia:yi:ye	n.	nächste Seite
相互	xiang:hu	adv.	gegenseitig
兴趣	xing:qu	n.	Interesse
兄弟	xiong:di	n.	Brüder
房子	fang:zi	n.	Haus
取消	qu:xiao	v.	absagen
尚未	shang:wei	adv.	noch nicht
责任编辑	ze:ren:bian:ji	n.	Verantwortlicher Redakteur
电子商务	dian:zi:shang:wu	n.	E-Commerce
加盟	jia:meng	v.	beitreten
情形	qing:xing	n.	Lage
想法	xiang:fa	n.	Idee
一块	yi:kuai	n.	ein Yuan
一块	yi:kuai	adv.	zusammen
公民	gong:min	n.	Bürger
笔者	bi:zhe	n.	der Verfasser
担心	dan:xin	v.	sich sorgen
基层	ji:ceng	n.	die Basis
平时	ping:shi	n.	normalerweise
让我们	rang:wo:men	v.	lasset uns
文学	wen:xue	n.	Literatur
漂亮	piao:liang	adj.	schön
现实	xian:shi	n.	Realität
动画	dong:hua	n.	Animation
获取	huo:qu	v.	erhalten
较大	jiao:da	adj.	verhältnismäßig groß
录入	lu:ru	v.	eingeben
面临	mian:lin	v.	konfrontiert sein mit
信息化	xin:xi:hua	n.	Informatisierung
植物	zhi:wu	n.	Pflanze
固定	gu:ding	v.	befestigen
股票	gu:piao	n.	Aktie
集体	ji:ti	n.	Kollektiv
进步	jin:bu	v.	fortschreiten
居民	ju:min	n.	Bewohner
劳动	lao:dong	v.	arbeiten
试验	shi:yan	n.	Versuch
像素	xiang:su	n.	Pixel
一级	yi:ji	n.	erste Stufe
浏览器	liu:lan:qi	n.	Browser
商城	shang:cheng	n.	Einkaufszentrum
依据	yi:ju	prep.	laut
不敢	bu:gan	v.	sich nicht trauen
贸易	mao:yi	n.	Handel
详细信息	xiang:xi:xin:xi	n.	detaillierte Informationen
小说	xiao:shuo	n.	Roman
有利于	you:li:yu	v.	zuträglich sein
值得	zhi:de	v.	lohnen
宝宝	bao:bao	n.	Baby
河南	he:nan	n.	Henan
人民法院	ren:min:fa:yuan	n.	Volksgericht
收藏本页	shou:cang:ben:ye	v.	Seite speichern
损害	sun:hai	v.	schädigen
提前	ti:qian	v.	vorverlegen
不但	bu:dan	conj.	nicht nur
称为	cheng:wei	v.	bezeichnet werden als
定期	ding:qi	adj.	regelmäßig
妇女	fu:nv	n.	Frau
妻子	qi:zi	n.	Ehefrau
伤害	shang:hai	v.	verletzen
主管	zhu:guan	n.	Vorgesetzter
博士	bo:shi	n.	Doktor
当中	dang:zhong	n.	unter
分配	fen:pei	v.	zuteilen
歌手	ge:shou	n.	Sänger
受理	shou:li	v.	annehmen
表情	biao:qing	n.	Gesichtsausdruck
流行	liu:xing	adj.	modisch
满意	man:yi	adj.	zufrieden
行政主管	xing:zheng:zhu:guan	n.	Verwaltungsleiter
白色	bai:se	n.	Weiß
表演	biao:yan	v.	auftreten
收益	shou:yi	n.	Erlös
图像	tu:xiang	n.	Bild
意思	yi:si	n.	Bedeutung
营养	ying:yang	n.	Ernährung
直辖市	zhi:xia:shi	n.	regierungsunmittelbare Stadt
住宅	zhu:zhai	n.	Wohnhaus
刺激	ci:ji	v.	reizen
电池	dian:chi	n.	Batterie
好了	hao:le	int.	gut
鉴定	jian:ding	v.	begutachten
另一个	ling:yi:ge	pron.	ein anderer
驱动	qu:dong	v.	antreiben
日子	ri:zi	n.	Tag
申请人	shen:qing:ren	n.	Antragsteller
亚洲	ya:zhou	n.	Asien
重量	zhong:liang	n.	Gewicht
策划	ce:hua	v.	planen
而已	er:yi	part.	nur mehr
结婚	jie:hun	v.	heiraten
竟然	jing:ran	adv.	unerwartet
理想	li:xiang	n.	Ideal
请求	qing:qiu	v.	erbitten
信号	xin:hao	n.	Signal
层次	ceng:ci	n.	Ebene
流程	liu:cheng	n.	Ablauf
切实	qie:shi	adj.	tatsächlich
时刻	shi:ke	n.	Moment
运作	yun:zuo	v.	funktionieren
厂家	chang:jia	n.	Hersteller
上升	shang:sheng	v.	steigen
多媒体	duo:mei:ti	n.	Multimedia
男性	nan:xing	n.	männlich
数据查询	shu:ju:cha:xun	n.	Datenabfrage
想到	xiang:dao	v.	einfallen
好评度	hao:ping:du	n.	Bewertung
决策	jue:ce	n.	Entscheidung
太多	tai:duo	adj.	viele
因而	yin:er	conj.	deshalb
电源	dian:yuan	n.	Stromquelle
发布日期	fa:bu:ri:qi	n.	Veröffentlichungsdatum
情节	qing:jie	n.	Handlung
宣布	xuan:bu	v.	verkünden
股份有限公司	gu:fen:you:xian:gong:si	n.	Aktiengesellschaft
练习	lian:xi	v.	üben
期限	qi:xian	n.	Frist
人体	ren:ti	n.	menschlicher Körper
新型	xin:xing	adj.	neuartig
邀请	yao:qing	v.	einladen
一系列	yi:xi:lie	num.	eine Reihe von
转变	zhuan:bian	v.	sich wandeln
玻璃	bo:li	n.	Glas
充满	chong:man	v.	füllen
构建	gou:jian	v.	aufbauen
近期	jin:qi	n.	nächste Zeit
软件类别	ruan:jian:lei:bie	n.	Softwarekategorie
事故	shi:gu	n.	Unfall
特定	te:ding	adj.	bestimmt
也就是	ye:jiu:shi	conj.	das heißt
本网站	ben:wang:zhan	n.	diese Website
广州市	guang:zhou:shi	n.	Guangzhou
大多数	da:duo:shu	n.	Mehrheit
工程师	gong:cheng:shi	n.	Ingenieur
国内外	guo:nei:wai	n.	In- und Ausland
湖南	hu:nan	n.	Hunan
每月	mei:yue	adv.	monatlich
调节	tiao:jie	v.	regulieren
主持	zhu:chi	v.	leiten
背景	bei:jing	n.	Hintergrund
表达	biao:da	v.	ausdrücken
业绩	ye:ji	n.	Leistung
原理	yuan:li	n.	Prinzip
战争	zhan:zheng	n.	Krieg
案例	an:li	n.	Fall
宾馆	bin:guan	n.	Hotel
电信	dian:xin	n.	Telekommunikation
感染	gan:ran	v.	infizieren
还没	hai:mei	adv.	noch nicht
手中	shou:zhong	n.	in der Hand
树立	shu:li	v.	bilden
未知	wei:zhi	adj.	unbekannt
纷纷	fen:fen	adv.	einer nach dem anderen
明天	ming:tian	n.	Morgen
下去	xia:qu	v.	weitermachen
言论	yan:lun	n.	Äußerungen
订单	ding:dan	n.	Bestellung
东方	dong:fang	n.	Osten
机场	ji:chang	n.	Flughafen
尽量	jin:liang	adv.	möglichst
平衡	ping:heng	n.	Gleichgewicht
财政	cai:zheng	n.	Finanzen
大专	da:zhuan	n.	Fachhochschule
供应商	gong:ying:shang	n.	Lieferant
界面	jie:mian	n.	Schnittstelle
业主	ye:zhu	n.	Eigentümer
装饰	zhuang:shi	v.	dekorieren
仓库	cang:ku	n.	Lager
场所	chang:suo	n.	Ort
福建	fu:jian	n.	Fujian
上一页	shang:yi:ye	n.	vorherige Seite
新疆	xin:jiang	n.	Xinjiang
住房	zhu:fang	n.	Wohnung
红色	hong:se	n.	Rot
生态	sheng:tai	n.	Ökologie
思维	si:wei	n.	Denken
常常	chang:chang	adv.	oft
回家	hui:jia	v.	nach Hause gehen
回来	hui:lai	v.	zurückkehren
回来	hui:lai	n.	Rückkehr
立刻	li:ke	adv.	sofort
效益	xiao:yi	n.	Ertrag
本地	ben:di	n.	lokal
待遇	dai:yu	n.	Behandlung
待遇	dai:yu	n.	Vergütung
导演	dao:yan	n.	Regisseur
导演	dao:yan	v.	Regie führen
估计	gu:ji	v.	schätzen
审计	shen:ji	n.	Audit
说法	shuo:fa	n.	Aussage
说法	shuo:fa	n.	Darstellung
天然	tian:ran	adj.	natürlich
研发	yan:fa	v.	entwickeln
研发	yan:fa	n.	Forschung und Entwicklung
严重的	yan:zhong:de	adj.	schwerwiegend
本书	ben:shu	n.	dieses Buch
大大	da:da	adv.	erheblich
科研	ke:yan	n.	wissenschaftliche Forschung
效率	xiao:lv	n.	Effizienz
模块	mo:kuai	n.	Modul
显得	xian:de	v.	erscheinen
优质	you:zhi	adj.	hochwertig
重复	chong:fu	v.	wiederholen
重复	chong:fu	adj.	wiederholt
刚才	gang:cai	adv.	eben soeben
高中	gao:zhong	n.	Highschool
含有	han:you	v.	enthalten
所在地	suo:zai:di	n.	Standort
想要	xiang:yao	v.	wollen
转移	zhuan:yi	v.	übertragen
不管	bu:guan	conj.	ganz gleich Sinclair
车型	che:xing	n.	Fahrzeugmodell
发动机	fa:dong:ji	n.	Motor
记得	ji:de	v.	erinnern
监管	jian:guan	v.	überwachen
类似	lei:si	adj.	ähnlich
明白	ming:bai	v.	verstehen
手术	shou:shu	n.	Operation
通信	tong:xin	n.	Kommunikation
休闲	xiu:xian	n.	Freizeit
以便	yi:bian	conj.	damit
有所	you:suo	adv.	etwas
规律	gui:lv	n.	Gesetzmäßigkeit
很少	hen:shao	adv.	selten
权力	quan:li	n.	Macht
新增	xin:zeng	v.	neu hinzufügen
研究所	yan:jiu:suo	n.	Forschungsinstitut
点击数	dian:ji:shu	n.	Klickanzahl
互动	hu:dong	v.	interagieren
客服	ke:fu	n.	Kundendienst
空气	kong:qi	n.	Luft
另一方面	ling:yi:fang:mian	conj.	andererseits
条款	tiao:kuan	n.	Klausel
条例	tiao:li	n.	Verordnung
消除	xiao:chu	v.	beseitigen
尤其	you:qi	adv.	besonders
毕竟	bi:jing	adv.	schließlich
道德	dao:de	n.	Moral
或许	huo:xu	adv.	vielleicht
力度	li:du	n.	Intensität
能否	neng:fou	v.	können
批发	pi:fa	v.	großhandeln
体制	ti:zhi	n.	System
演出	yan:chu	n.	Aufführung
英雄	ying:xiong	n.	Held
责令	ze:ling	v.	anordnen
中华	zhong:hua	n.	China
资讯	zi:xun	n.	Information
物业	wu:ye	n.	Hausverwaltung
协助	xie:zhu	v.	unterstützen
一方面	yi:fang:mian	conj.	einerseits
印刷	yin:shua	v.	drucken
著名	zhu:ming	adj.	berühmt
步骤	bu:zhou	n.	Schritt
慢慢	man:man	adv.	langsam
原料	yuan:liao	n.	Rohstoff
临时	lin:shi	adj.	vorübergehend
太阳	tai:yang	n.	Sonne
委员	wei:yuan	n.	Ausschussmitglied
花园	hua:yuan	n.	Garten
尽快	jin:kuai	adv.	möglichst bald
性格	xing:ge	n.	Charakter
光盘	guang:pan	n.	optische Disc
广西	guang:xi	n.	Guangxi
失败	shi:bai	v.	scheitern
浙江省	zhe:jiang:sheng	n.	Provinz Zhejiang
走向	zou:xiang	v.	gehen Richtung
租房	zu:fang	v.	Wohnung mieten
飞机	fei:ji	n.	Flugzeug
危害	wei:hai	v.	schädigen
围绕	wei:rao	v.	umschließen
围绕	wei:rao	prep.	rund um
污染	wu:ran	v.	verschmutzen
用人单位	yong:ren:dan:wei	n.	Arbeitgeber
云南	yun:nan	n.	Yunnan
主机	zhu:ji	n.	Hauptrechner
不对	bu:dui	adj.	falsch
差异	cha:yi	n.	Unterschied
反对	fan:dui	v.	gegen etw. sein
梦想	meng:xiang	n.	Traum
区别	qu:bie	n.	Unterschied
全体	quan:ti	n.	alle Gesamtheit
上传	shang:chuan	v.	hochladen
与其	yu:qi	conj.	statt...vielmehr
资本	zi:ben	n.	Kapital
对比	dui:bi	v.	kontrastieren
江苏省	jiang:su:sheng	n.	Provinz Jiangsu
思路	si:lu	n.	Gedankengang
出发	chu:fa	v.	abfahren
更为	geng:wei	adv.	noch mehr
观看	guan:kan	v.	ansehen
简历	jian:li	n.	Lebenslauf
数码	shu:ma	n.	digital
一款	yi:kuan	num.	ein
总经理	zong:jing:li	n.	Geschäftsführer
备注	bei:zhu	n.	Anmerkung
常用	chang:yong	adj.	geläufig
运营	yun:ying	v.	betreiben
招生	zhao:sheng	v.	Studenten werben
真实性	zhen:shi:xing	n.	Echtheit
出去	chu:qu	v.	inausgehen
分公司	fen:gong:si	n.	Zweigstelle
化学	hua:xue	n.	Chemie
记忆	ji:yi	n.	Erinnerung
某个	mou:ge	pron.	irgendein
印度	yin:du	n.	Indien
总体	zong:ti	n.	Gesamtheit
最低	zui:di	adj.	Mindest-
分布	fen:bu	n.	Verteilung
高速	gao:su	adj.	Schnell-
模型	mo:xing	n.	Modell
佚名	yi:ming	n.	anonym
居然	ju:ran	adv.	unerwartet
内置	nei:zhi	v.	eingebaut
芯片	xin:pian	n.	Chip
幼儿园	you:er:yuan	n.	Kindergarten
优先	you:xian	v.	Vorrang geben
元素	yuan:su	n.	Element
开发商	kai:fa:shang	n.	Entwickler
评分	ping:fen	n.	Bewertung
由此	you:ci	adv.	dadurch
诊断	zhen:duan	v.	diagnostizieren
安徽	an:hui	n.	Anhui
大师	da:shi	n.	Meister
河北	he:bei	n.	Hebei
见到	jian:dao	v.	treffen
接近	jie:jin	v.	sich nähern
细胞	xi:bao	n.	Zelle
以为	yi:wei	v.	glauben
症状	zheng:zhuang	n.	Symptom
处罚	chu:fa	v.	bestrafen
年底	nian:di	n.	Jahresende
事实上	shi:shi:shang	adv.	tatsächlich
学者	xue:zhe	n.	Wissenschaftler
别的	bie:de	pron.	anderer
更大	geng:da	adj.	größer
工厂	gong:chang	n.	Fabrik
严格	yan:ge	adj.	streng
建成	jian:cheng	v.	fertigstellen
可爱	ke:ai	adj.	niedlich
细节	xi:jie	n.	Detail
造型	zao:xing	n.	Formung
站长	zhan:zhang	n.	Bahnhofsvorsteher
昨日	zuo:ri	n.	gestern
财务	cai:wu	n.	Finanzwesen
超市	chao:shi	n.	Supermarkt
地图	di:tu	n.	Karte
发放	fa:fang	v.	austeilen
更换	geng:huan	v.	tauschen
经费	jing:fei	n.	Mittel
厘米	li:mi	mw.	Zentimeter
生存	sheng:cun	v.	existieren
展览	zhan:lan	n.	Ausstellung
并非	bing:fei	adv.	keineswegs
低于	di:yu	v.	unter etw. liegen
能源	neng:yuan	n.	Energie
最为	zui:wei	adv.	am meisten
家族	jia:zu	n.	Familie
解决方案	jie:jue:fang:an	n.	Lösung
设计师	she:ji:shi	n.	Designer
享有	xiang:you	v.	genießen
小组	xiao:zu	n.	Gruppe
意大利	yi:da:li	n.	Italien
种类	zhong:lei	n.	Art
转换	zhuan:huan	v.	umwandeln
称号	cheng:hao	n.	Titel
紧张	jin:zhang	adj.	angespannt
期待	qi:dai	v.	erwarten
一阵	yi:zhen	mw.	ein Weilchen
硬件	ying:jian	n.	Hardware
俄罗斯	e:luo:si	n.	Russland
监控	jian:kong	v.	überwachen
节省	jie:sheng	v.	sparen
旅行社	lv:xing:she	n.	Reisebüro
市政府	shi:zheng:fu	n.	Stadtverwaltung
武器	wu:qi	n.	Waffe
乡镇	xiang:zhen	n.	Gemeinden
营造	ying:zao	v.	schaffen
丈夫	zhang:fu	n.	Ehemann
到底	dao:di	adv.	schließlich
敌人	di:ren	n.	Feind
经济发展	jing:ji:fa:zhan	n.	Wirtschaftsentwicklung
境内	jing:nei	n.	im Inland
两年	liang:nian	num.	zwei Jahre
配件	pei:jian	n.	Zubehör
搜索引擎	sou:suo:yin:qing	n.	Suchmaschine
痛苦	tong:ku	adj.	schmerzhaft
透露	tou:lu	v.	offenbaren
途径	tu:jing	n.	Weg
西方	xi:fang	n.	Okzident
大陆	da:lu	n.	festes Land
基本上	ji:ben:shang	adv.	grundsätzlich
接着	jie:zhe	conj.	dann
签订	qian:ding	v.	abschließen
验收	yan:shou	v.	abnehmen
测量	ce:liang	v.	messen
含量	han:liang	n.	Gehalt
机动车	ji:dong:che	n.	Kraftfahrzeug
肌肤	ji:fu	n.	Haut
监测	jian:ce	v.	überwachen
课题	ke:ti	n.	Forschungsthema
心灵	xin:ling	n.	Seele
行政部门	xing:zheng:bu:men	n.	Verwaltungsabteilung
邮政编码	you:zheng:bian:ma	n.	Postleitzahl
哲学	zhe:xue	n.	Philosophie
摄影	she:ying	n.	Fotografie
有没有	you:mei:you	v.	haben oder nicht
招商	zhao:shang	v.	Investitionen anziehen
这类	zhe:lei	pron.	c diese Art
大连	da:lian	n.	Dalian
关键词	guan:jian:ci	n.	Schlüsselwort
黄金	huang:jin	n.	Gold
即将	ji:jiang	adv.	bald
年前	nian:qian	n.	vor dem Neujahrsfest
签名	qian:ming	v.	unterschreiben
热门	re:men	adj.	beliebt
随后	sui:hou	adv.	unmittelbar danach
通讯	tong:xun	n.	Kommunikation
校园	xiao:yuan	n.	Campus
种子	zhong:zi	n.	Samen
其次	qi:ci	adv.	secondens
实验室	shi:yan:shi	n.	Laboratorium
主人	zhu:ren	n.	Meister
尝试	chang:shi	v.	versuchen
订购	ding:gou	v.	bestellen
合法权益	he:fa:quan:yi	n.	legitime Rechte
集成	ji:cheng	v.	integrieren
蔬菜	shu:cai	n.	Gemüse
危险	wei:xian	adj.	gefahr
详情	xiang:qing	n.	Details
主办	zhu:ban	v.	veranstalten
注明	zhu:ming	v.	clbezeichnen
不必	bu:bi	adv.	nicht müssen
创意	chuang:yi	n.	idee
精彩	jing:cai	adj.	wunderhaft
每日	mei:ri	n.	jeden Tag
暂时	zan:shi	adv.	vorläufig
成就	cheng:jiu	n.	Leistung
好友	hao:you	n.	guter Freund
湖北	hu:bei	n.	Hubei
纳入	na:ru	v.	einbeziehen
男子	nan:zi	n.	Mann
研究生	yan:jiu:sheng	n.	Doktorand
智慧	zhi:hui	n.	Weisheit
地上	di:shang	n.	auf dem Boden
清楚	qing:chu	adj.	klar
日志	ri:zhi	n.	Protokoll
完美	wan:mei	adj.	vollkommen
休息	xiu:xi	v.	sich ausruhen
电力	dian:li	n.	Elektrizität
激情	ji:qing	n.	Leidenschaft
科目	ke:mu	n.	Fach
扩展	kuo:zhan	v.	erweitern
显然	xian:ran	adv.	offensichtlich
现状	xian:zhuang	n.	gegenwärtiger Zustand
优点	you:dian	n.	Vorteil
争取	zheng:qu	v.	anstreben
的确	di:que	adv.	tatsächlich
加速	jia:su	v.	beschleunigen
累计	lei:ji	v.	akkumulieren
前往	qian:wang	v.	sich begeben
三个代表	san:ge:dai:biao	n.	Drei Repräsentationen
苏州	su:zhou	n.	Suzhou
用来	yong:lai	v.	verwendet werden
账号	zhang:hao	n.	Konto
忽然	hu:ran	adv.	plötzlich
基	ji	n.	Basis
插入	cha:ru	v.	einfügen
同步	tong:bu	v.	synchronisieren
意味着	yi:wei:zhe	v.	bedeuten
上下	shang:xia	n.	auf und ab
选	xuan	v.	wählen
办公	ban:gong	v.	büroarbeiten
之下	zhi:xia	n.	unter
跨越	kua:yue	v.	überschreiten
持有	chi:you	v.	halten
推	tui	v.	schieben
房产	fang:chan	n.	Immobilie
天使	tian:shi	n.	Engel
旁边	pang:bian	n.	daneben
噢	o	int.	oh
物理	wu:li	n.	Physik
教育部	jiao:yu:bu	n.	Bildungsministerium
街道	jie:dao	n.	Straße
改	gai	v.	ändern
承担责任	cheng:dan:ze:ren	v.	Verantwortung tragen
治理	zhi:li	v.	regieren
一把	yi:ba	mw.	eine Handvoll
上涨	shang:zhang	v.	steigen
萝卜	luo:bo	n.	Rettich
充分发挥	chong:fen:fa:hui	v.	voll ausschöpfen
退	tui	v.	zurücktreten
缴纳	jiao:na	v.	einzahlen
镜头	jing:tou	n.	Objektiv
著名的	zhu:ming:de	adj.	berühmt
点券	dian:quan	n.	Punktgutschein
三星	san:xing	n.	Samsung
味	wei	n.	Geschmack
发表时间	fa:biao:shi:jian	n.	Veröffentlichungszeitpunkt
份	fen	mw.	Portion
味道	wei:dao	n.	Geschmack
失去	shi:qu	v.	verlieren
婚姻	hun:yin	n.	Ehe
示	shi	v.	zeigen
忍	ren	v.	ertragen
天气	tian:qi	n.	Wetter
足够	zu:gou	adj.	ausreichend
超级版主	chao:ji:ban:zhu	n.	Supermoderator
沈阳	shen:yang	n.	Shenyang
较为	jiao:wei	adv.	relativemente
印象	yin:xiang	n.	Eindruck
历	li	n.	Kalender
任意	ren:yi	adj.	beliebig
读书	du:shu	v.	lesen
展会	zhan:hui	n.	Messe
通道	tong:dao	n.	Durchgang
目光	mu:guang	n.	Blick
文档	wen:dang	n.	Dokument
青少年	qing:shao:nian	n.	Jugendliche
主板	zhu:ban	n.	Mainboard
承认	cheng:ren	v.	zugeben
器	qi	n.	Gerät
恐	kong	v.	fürchten
引	yin	v.	ziehen
折扣	zhe:kou	n.	Rabatt
这款	zhe:kuan	pron.	dieses Modell
公共	gong:gong	adj.	öffentlich
试	shi	v.	versuchen
垃圾	la:ji	n.	Müll
端口	duan:kou	n.	Port
高手	gao:shou	n.	Meister
不想	bu:xiang	v.	nicht wollen
公园	gong:yuan	n.	Park
自身的	zi:shen:de	adj.	eigen
面向	mian:xiang	v.	richten
面向	mian:xiang	prep.	gerichtet auf
爸爸	ba:ba	n.	Papa
皮	pi	n.	Haut
皮	pi	n.	Leder
定价	ding:jia	n.	Festpreis
定价	ding:jia	v.	den Preis festlegen
既然	ji:ran	conj.	da
打击	da:ji	v.	schlagen
打击	da:ji	n.	Schlag
证据	zheng:ju	n.	Beweis
寄	ji	v.	senden
习	xi	v.	üben
电视台	dian:shi:tai	n.	Fernsehsender
认可	ren:ke	v.	genehmigen
认可	ren:ke	n.	Zustimmung
靠	kao	v.	sich anlehnen
靠	kao	v.	sich verlassen auf
导	dao	v.	führen
安全生产	an:quan:sheng:chan	n.	Produktionssicherheit
眼前	yan:qian	n.	vor den Augen
人群	ren:qun	n.	Menschenmenge
存	cun	v.	speichern
存	cun	v.	existieren
莫	mo	adv.	nicht
志	zhi	n.	Aspiration
志	zhi	n.	Zeitschrift
区	qu	n.	Bezirk
彻底	che:di	adj.	gründlich
早已	zao:yi	adv.	bereits
不可能	bu:ke:neng	adj.	unmöglich
明星	ming:xing	n.	Star
汉	han	n.	Chinesisch
汉	han	n.	Han
江西	jiang:xi	n.	Jiangxi
维持	wei:chi	v.	aufrechterhalten
城镇	cheng:zhen	n.	Stadt
右	you	n.	Rechts
失误	shi:wu	n.	Fehler
覆盖	fu:gai	v.	bedecken
复印件	fu:yin:jian	n.	Kopie
群体	qun:ti	n.	Gruppe
写作	xie:zuo	v.	schreiben
什	shen	pron.	was
生成	sheng:cheng	v.	erzeugen
写字楼	xie:zi:lou	n.	Bürogebäude
顺利	shun:li	adj.	glatt
求职	qiu:zhi	v.	eine Stelle suchen
严	yan	adj.	streng
医药	yi:yao	n.	Medizin
对手	dui:shou	n.	Gegner
合租	he:zu	v.	eine Wohnung teilen
信心	xin:xin	n.	Vertrauen
许可证	xu:ke:zheng	n.	Lizenz
地面	di:mian	n.	Boden
不如	bu:ru	v.	nicht so gut sein wie
请问	qing:wen	v.	entschuldigen Sie
反而	fan:er	adv.	stattdessen
主席	zhu:xi	n.	Vorsitzender
文章来源	wen:zhang:lai:yuan	n.	Artikelquelle
异常	yi:chang	adj.	ungewöhnlich
异常	yi:chang	n.	Anomalie
态	tai	n.	Zustand
套	tao	mw.	Satz
套	tao	v.	passen
天空	tian:kong	n.	Himmel
校长	xiao:zhang	n.	Schulleiter
老婆	lao:po	n.	Frau
买	mai	v.	kaufen
支撑	zhi:cheng	v.	stützen
宁波	ning:bo	n.	Ningbo
幸	xing	adj.	glücklich
能量	neng:liang	n.	Energie
商铺	shang:pu	n.	Geschäft
仿佛	fang:fu	adv.	als ob
总部	zong:bu	n.	Zentrale
培育	pei:yu	v.	züchten
佛	fo	n.	Buddha
主持人	zhu:chi:ren	n.	Moderator
临床	lin:chuang	adj.	klinisch
产量	chan:liang	n.	Produktion
主页	zhu:ye	n.	Homepage
议	yi	v.	besprechen
全文	quan:wen	n.	vollständiger Text
外面	wai:mian	n.	Draußen
差距	cha:ju	n.	Abstand
必然	bi:ran	adj.	unvermeidlich
可见	ke:jian	conj.	offenbar
树	shu	n.	Baum
哪些	na:xie	pron.	welche
公众	gong:zhong	n.	Öffentlichkeit
中小企业	zhong:xiao:qi:ye	n.	KMU
赠送	zeng:song	v.	schenken
一道	yi:dao	adv.	zusammen
一面	yi:mian	num.	eine Seite
灵活	ling:huo	adj.	flexibel
止	zhi	v.	anhalten
阴谋	yin:mou	n.	Verschwörung
块	kuai	mw.	Stück
女士	nv:shi	n.	Dame
农产品	nong:chan:pin	n.	Landwirtschaftsprodukt
民主	min:zhu	n.	Demokratie
医学	yi:xue	n.	Medizin
外观	wai:guan	n.	Äußeres
插件	cha:jian	n.	Plugin
饭店	fan:dian	n.	Hotel
守	shou	v.	bewachen
参观	can:guan	v.	besichtigen
支出	zhi:chu	n.	Ausgabe
从此	cong:ci	adv.	von da an
毛	mao	n.	Fell
世界上	shi:jie:shang	n.	auf der Welt
英寸	ying:cun	n.	Zoll
厂房	chang:fang	n.	Fabrikgebäude
部位	bu:wei	n.	Teil
拓展	tuo:zhan	v.	erweitern
军队	jun:dui	n.	Armee
对话	dui:hua	n.	Dialog
挥	hui	v.	schwingen
学术	xue:shu	adj.	akademisch
胡	hu	adv.	leichtsinnig
权益	quan:yi	n.	Rechte und Interessen
第二天	di:er:tian	n.	der nächste Tag
激励	ji:li	v.	anregen
散	san	adj.	verstreut
股份	gu:fen	n.	part des Gesellschaftern
革命	ge:ming	n.	Revolution
部署	bu:shu	v.	einsetzen
一生	yi:sheng	n.	ganzes Leben
板	ban	n.	Brett
仅	jin	adv.	nur
对外	dui:wai	adv.	nach außen
粮食	liang:shi	n.	Getreide
心态	xin:tai	n.	Mentalidad
故障	gu:zhang	n.	Fehlfunktion
隐	yin	v.	verbergen
怒	nu	v.	zürnen
人力资源	ren:li:zi:yuan	n.	Personalressourcen
床	chuang	n.	Bett
海关	hai:guan	n.	Zoll
苏	su	v.	erholen
用途	yong:tu	n.	Verwendung
温暖	wen:nuan	adj.	warm
带有	dai:you	v.	mit sich bringen
常见	chang:jian	adj.	häufig
依靠	yi:kao	v.	sich stützen auf
现代化	xian:dai:hua	n.	Modernisierung
交换	jiao:huan	v.	austauschen
更高	geng:gao	adj.	höher
探讨	tan:tao	v.	erörtern
铁路	tie:lu	n.	Eisenbahn
拖	tuo	v.	ziehen
屏幕	ping:mu	n.	Bildschirm
新建	xin:jian	v.	neu erstellen
怀疑	huai:yi	v.	vermuten
合适	he:shi	adj.	passend
报考	bao:kao	v.	zur Prüfung anmelden
频率	pin:lv	n.	Frequenz
风景	feng:jing	n.	Landschaft
股	gu	mw.	Strang
忌	ji	v.	meiden
局	ju	n.	Behörde
有效期	you:xiao:qi	n.	Gültigkeitsdauer
秘密	mi:mi	n.	Geheimnis
少年	shao:nian	n.	Jugendliche
容量	rong:liang	n.	Kapazität
局长	ju:zhang	n.	Behördenleiter
生意	sheng:yi	n.	Geschäft
班	ban	mw.	Schicht
存储	cun:chu	v.	speichern
气氛	qi:fen	n.	Atmosphäre
巨大	ju:da	adj.	riesig
邦迪	bang:di	n.	Pflaster
菜单	cai:dan	n.	Menü
一致	yi:zhi	adj.	einheitlich
健全	jian:quan	adj.	gesund
图	tu	n.	Bild
评审	ping:shen	n.	Prüfung
评审	ping:shen	v.	prüfen
己	ji	n.	selbst
互相	hu:xiang	adv.	genseitig
岁	sui	mw.	Jahr (Alter)
礼	li	n.	Geschenk
礼	li	n.	Höflichkeit
独	du	adj.	allein
独	du	adv.	allein
很多人	hen:duo:ren	n.	viele Leute
以内	yi:nei	n.	en Inneren de
初	chu	adj.	Anfangs-
初	chu	adv.	zum ersten Mal
福	fu	n.	Glück
全身	quan:shen	n.	ganzer Körper
开通	kai:tong	v.	eröffnen
开通	kai:tong	adj.	aufgeschlossen
头发	tou:fa	n.	Haar
较高	jiao:gao	adj.	relativ hoch
一路	yi:lu	adv.	den ganzen Weg
顺	shun	adj.	glatt
顺	shun	v.	folgen
狂	kuang	adj.	wahnsinnig
修复	xiu:fu	v.	wiederherstellen
修复	xiu:fu	n.	Wiederherstellung
报纸	bao:zhi	n.	Zeitung
外国	wai:guo	n.	Ausland
天地	tian:di	n.	Welt
局面	ju:mian	n.	Lage
说是	shuo:shi	v.	man sagt
麻烦	ma:fan	adj.	umständlich
麻烦	ma:fan	v.	belästigen
麻烦	ma:fan	n.	Umstände
浪漫	lang:man	adj.	romantisch
默	mo	adv.	still
笔记本	bi:ji:ben	n.	Notizbuch
笔记本	bi:ji:ben	n.	Laptop
神秘	shen:mi	adj.	geheimnisvoll
微软	wei:ruan	n.	Microsoft
看法	kan:fa	n.	Ansicht
网吧	wang:ba	n.	Internetcafé
教程	jiao:cheng	n.	Tutorial
礼品	li:pin	n.	Geschenk
万美元	wan:mei:yuan	n.	10.000 US-Dollar
五年	wu:nian	n.	fünf Jahre
松	song	adj.	locker
松	song	v.	lockern
松	song	n.	Kiefer
证	zheng	n.	Bescheinigung
证	zheng	v.	beweisen
门口	men:kou	n.	Eingang
多数	duo:shu	n.	Mehrheit
不在	bu:zai	v.	nicht anwesend sein
中国人	zhong:guo:ren	n.	Chinese
将来	jiang:lai	n.	Zukunft
要是	yao:shi	conj.	falls
否	fou	v.	verneinen
恶	e	adj.	böse
恶	e	v.	hassen
治	zhi	v.	heilen
摘要	zhai:yao	n.	Zusammenfassung
大概	da:gai	adv.	wahrscheinlich
大概	da:gai	n.	ungefährer Umfang
一流	yi:liu	adj.	erstklassig
缓	huan	adj.	langsam
出台	chu:tai	v.	eingebracht werden
命运	ming:yun	n.	Schicksal
排	pai	v.	sich anstellen
排	pai	v.	anordnen
费	fei	n.	Gebühr
费	fei	v.	verbrauchen
拍	pai	v.	klatschen
拍	pai	v.	filmen
预算	yu:suan	n.	Budget
耳	er	n.	Ohren
放心	fang:xin	v.	beruhigt sein
上级	shang:ji	n.	Vorgesetzter
医	yi	n.	Medizin
走到	zou:dao	v.	hingehen
寒	han	adj.	kalt
小小	xiao:xiao	adj.	kleinWinzig
我知道	wo:zhi:dao	v.	ich weiß
验证	yan:zheng	v.	verifizieren
哭	ku	v.	weinen
该公司	gai:gong:si	n.	die Firma
温	wen	adj.	warm
大众	da:zhong	n.	Die Öffentlichkeit
长度	chang:du	n.	Länge
成分	cheng:fen	n.	Bestandteil
山东省	shan:dong:sheng	n.	Provinz Shandong
管理人员	guan:li:ren:yuan	n.	Verwaltungspersonal
竞争力	jing:zheng:li	n.	Wettbewerbsfähigkeit
男女	nan:nv	n.	Männer und Frauen
化工	hua:gong	n.	Chemieindustrie
鉴权	jian:quan	v.	authentifizieren
证券交易所	zheng:quan:jiao:yi:suo	n.	Wertpapierbörse
子女	zi:nv	n.	Kinder
背后	bei:hou	n.	hinten
房价	fang:jia	n.	Hauspreis
府	fu	n.	Residenz
担	dan	v.	tragen
民间	min:jian	n.	zivil
用户组	yong:hu:zu	n.	Benutzergruppe
各方	ge:fang	n.	alle Seiten
回避	hui:bi	v.	vermeiden
称	cheng	v.	nennen
海外	hai:wai	n.	Ausland
通用	tong:yong	adj.	universell
余	yu	num.	Rest
求租	qiu:zu	v.	Miete suchen
事物	shi:wu	n.	Ding
女生	nv:sheng	n.	Schülerin
单独	dan:du	adv.	einzelne
哪里	na:li	pron.	wo
仅仅	jin:jin	adv.	nur
两次	liang:ci	num.	zweimal
带动	dai:dong	v.	antreiben
山西	shan:xi	n.	Shanxi
钟	zhong	n.	Uhr
泪	lei	n.	Träne
反复	fan:fu	v.	wiederholen
反复	fan:fu	adv.	wiederholt
经营者	jing:ying:zhe	n.	Betreiber
长沙	chang:sha	n.	Changsha
那时	na:shi	n.	damals
售价	shou:jia	n.	Verkaufspreis
就算	jiu:suan	conj.	sogar wenn
就算	jiu:suan	v.	als … gelten
前后	qian:hou	n.	ungefähr
前后	qian:hou	n.	von Anfang bis Ende
只好	zhi:hao	adv.	nichts anderes übrig bleiben
美容	mei:rong	n.	Schönheitsekosmetik
形势	xing:shi	n.	Lage
产地	chan:di	n.	Herkunftsort
一步	yi:bu	n.	ein Schritt
据了解	ju:liao:jie	v.	wie man erfährt
模拟	mo:ni	v.	simulieren
模拟	mo:ni	adj.	simuliert
公平	gong:ping	adj.	fair
合并	he:bing	v.	verschmelzen
水果	shui:guo	n.	Obst
日常	ri:chang	adj.	alltäglich
烟	yan	n.	Rauch
烟	yan	n.	Zigarette
仪表	yi:biao	n.	Messgerät
仪表	yi:biao	n.	Äußeres
院校	yuan:xiao	n.	Hochschulen
公安机关	gong:an:ji:guan	n.	Sicherheitsbehörde
名单	ming:dan	n.	Namensliste
胜利	sheng:li	n.	Sieg
胜利	sheng:li	v.	siegen
负担	fu:dan	n.	Last
负担	fu:dan	v.	tragen
页次	ye:ci	n.	Seitenzahl
景区	jing:qu	n.	Touristengebiet
塑料	su:liao	n.	Plastik
普及	pu:ji	v.	verbreiten
仍	reng	adv.	immer noch
具	ju	n.	Werkzeug
具	ju	v.	besitzen
忘	wang	v.	vergessen
采访	cai:fang	v.	interviewieren
甲方	jia:fang	n.	Partei A
恩	en	n.	Wohltat
毕	bi	v.	beenden
警	jing	n.	Polizei
哪个	na:ge	pron.	welcher
出具	chu:ju	v.	ausstellen
领取	ling:qu	v.	empfangen
抓住	zhua:zhu	v.	ergreifen
强奸	qiang:jian	v.	vergewaltigen
注册会员	zhu:ce:hui:yuan	n.	registriertes Mitglied
编写	bian:xie	v.	verfassen
无线	wu:xian	adj.	drahtlos
蓝	lan	adj.	blau
举报	ju:bao	v.	melden
图书馆	tu:shu:guan	n.	Bibliothek
宫	gong	n.	Palast
吸	xi	v.	einatmen
吸	xi	v.	saugen
陆	lu	n.	Terra
重要思想	zhong:yao:si:xiang	n.	wichtige Gedanken
另一	ling:yi	adj.	ein anderer
郑州	zheng:zhou	n.	Zhengzhou
适当	shi:dang	adj.	angemessen
发票	fa:piao	n.	Rechnung
战斗	zhan:dou	n.	Kampf
战斗	zhan:dou	v.	kämpfen
旧	jiu	adj.	alt
积累	ji:lei	v.	ansammeln
库存	ku:cun	n.	Lagerbestand
合法	he:fa	adj.	legal
录取	lu:qu	v.	zulassen
陕西	shan:xi	n.	Shaanxi
大赛	da:sai	n.	Wettbewerb
鼠标	shu:biao	n.	Maus
债权	zhai:quan	n.	Forderung
视为	shi:wei	v.	betrachten als
景点	jing:dian	n.	Sehenswürdigkeit
压	ya	v.	drücken
税收	shui:shou	n.	Steuereinnahmen
救	jiu	v.	retten
美好	mei:hao	adj.	schön
主张	zhu:zhang	v.	befürworten
主张	zhu:zhang	n.	Behauptung
呆	dai	adj.	betäubt
呆	dai	v.	bleiben
乙方	yi:fang	n.	Partei B
障碍	zhang:ai	n.	Hindernis
明年	ming:nian	n.	nächstes Jahr
某种	mou:zhong	pron.	eine Art
河	he	n.	Fluss
试试	shi:shi	v.	versuchen
信息网	xin:xi:wang	n.	Informationsnetz
应用程序	ying:yong:cheng:xu	n.	Anwendungsprogramm
大约	da:yue	adv.	etwa
行情	hang:qing	n.	Marktpreis
迷	mi	v.	fasziniert sein
迷	mi	n.	Fan
便是	bian:shi	adv.	nämlich
众人	zhong:ren	n.	Menschenmenge
枪	qiang	n.	Gewehr
族	zu	n.	Stamm
日内	ri:nei	n.	in wenigen Tagen
森林	sen:lin	n.	Wald
管理办法	guan:li:ban:fa	n.	Verwaltungsvorschrift
领导干部	ling:dao:gan:bu	n.	führende Kader
咱们	zan:men	pron.	wir
姑娘	gu:niang	n.	Mädchen
查找	cha:zhao	v.	suchen
不大	bu:da	adj.	nicht groß
开发区	kai:fa:qu	n.	Entwicklungszone
权	quan	n.	Macht
权	quan	n.	Recht
汇款	hui:kuan	v.	de l'argent überweisen
汇款	hui:kuan	n.	Geldüberweisung
半年	ban:nian	n.	halbes Jahr
水晶	shui:jing	n.	Kristall
告知	gao:zhi	v.	mitteilen
吃饭	chi:fan	v.	essen
叹	tan	v.	seufzen
节能	jie:neng	v.	Energie sparen
点评	dian:ping	v.	kommentieren
县级以上	xian:ji:yi:shang	n.	Bezirksebene und darüber
地下	di:xia	n.	Untergrund
地球	di:qiu	n.	Erde
每个人	mei:ge:ren	pron.	jeder Mensch
孙	sun	n.	Enkel
路线	lu:xian	n.	Strecke
环境保护	huan:jing:bao:hu	n.	Umweltschutz
蓝色	lan:se	n.	Blau
商机	shang:ji	n.	Geschäftschance
双手	shuang:shou	n.	beide Hände
推行	tui:xing	v.	durchführen
卷	juan	n.	Volumen
卷	juan	v.	aufrollen
全年	quan:nian	n.	ganzes Jahr
发表评论	fa:biao:ping:lun	v.	kommentieren
高考	gao:kao	n.	Abitur
工人	gong:ren	n.	Arbeiter
专科	zhuan:ke	n.	Fachschule
锻炼	duan:lian	v.	trainen
信任	xin:ren	v.	vertrauen
例子	li:zi	n.	Beispiel
字节	zi:jie	n.	Byte
记住	ji:zhu	v.	sich merken
体会	ti:hui	v.	erfahren
体会	ti:hui	n.	Erfahrung
国家安全	guo:jia:an:quan	n.	nationale Sicherheit
什么样的	shen:me:yang:de	pron.	was für eine
她说	ta:shuo	v.	sie sagt
鲜花	xian:hua	n.	frische Blumen
同事	tong:shi	n.	Kollege
查	cha	v.	prüfen
查	cha	v.	nachschlagen
颁发	ban:fa	v.	verleihen
尾页	wei:ye	n.	letzte Seite
村民	cun:min	n.	Dorfbewohner
司机	si:ji	n.	Fahrer
走进	zou:jin	v.	hineingehen
团体	tuan:ti	n.	Gruppe
以下简称	yi:xia:jian:cheng	v.	im Folgenden abgekürzt
次数	ci:shu	n.	Anzahl
哥哥	ge:ge	n.	älterer Bruder
十年	shi:nian	n.	zehn Jahre
无奈	wu:nai	adj.	ausweglos
灌水	guan:shui	v.	spamen
种植	zhong:zhi	v.	anbauen
结论	jie:lun	n.	Schlussfolgerung
更改	geng:gai	v.	ändern
回忆	hui:yi	v.	sich erinnern
回忆	hui:yi	n.	Erinnerung
居住	ju:zhu	v.	wohnen
海南	hai:nan	n.	Hainan
毫	hao	n.	Milli-
合理的	he:li:de	adj.	vernünftig
室内	shi:nei	n.	Raum-
高档	gao:dang	adj.	hochwertig
春	chun	n.	Frühling
察	cha	v.	betrachten
生长	sheng:zhang	v.	wachsen
生长	sheng:zhang	n.	Wachstum
引发	yin:fa	v.	auslösen
搭配	da:pei	v.	kombinieren
搭配	da:pei	n.	Kombination
圣	sheng	adj.	sankt
开心	kai:xin	adj.	glücklich
开心	kai:xin	v.	sich amüsieren
传输	chuan:shu	v.	übertragen
传输	chuan:shu	n.	Übertragung
以往	yi:wang	n.	vergangenheit (die)
无限	wu:xian	adj.	unbegrenzt
威胁	wei:xie	v.	drohen
威胁	wei:xie	n.	Drohung
灵魂	ling:hun	n.	Seele
生日	sheng:ri	n.	Geburtstag
一人	yi:ren	n.	ein Person
接到	jie:dao	v.	erhalten
外部	wai:bu	n.	Äußeres
草	cao	n.	Grass
天天	tian:tian	adv.	jeden Tag
较	jiao	adv.	relativ
较	jiao	v.	v ergleichen
流动	liu:dong	v.	fließen
流动	liu:dong	adj.	mobil
早期	zao:qi	n.	Frühzeit
胜	sheng	v.	gewinnen
微笑	wei:xiao	v.	lächeln
微笑	wei:xiao	n.	Lächeln
严禁	yan:jin	v.	strens verbieten
隐藏	yin:cang	v.	verstecken
小孩	xiao:hai	n.	Kind
联系地址	lian:xi:di:zhi	n.	Kontaktadresse
机票	ji:piao	n.	Flugticket
究竟	jiu:jing	adv.	tatsächlich
究竟	jiu:jing	n.	Ausgang
劳动者	lao:dong:zhe	n.	Arbeiter
资质	zi:zhi	n.	Befähigung
监督管理	jian:du:guan:li	v.	beaufsichtigen und verwalten
理性	li:xing	n.	Vernunft
理性	li:xing	adj.	vernünftig
随意	sui:yi	adj.	willkürlich
随意	sui:yi	adv.	nach Belieben
文本	wen:ben	n.	Text
咖啡	ka:fei	n.	Kaffee
打算	da:suan	v.	vorhaben
打算	da:suan	n.	Absicht
姐姐	jie:jie	n.	ältere Schwester
知识产权	zhi:shi:chan:quan	n.	geistiges Eigentum
海洋	hai:yang	n.	Ozean
遇	yu	v.	treffen
充	chong	v.	füllen
充	chong	v.	aufladen
史	shi	n.	Geschichte
喜爱	xi:ai	v.	lieben
活力	huo:li	n.	Vitalität
流量	liu:liang	n.	Datenvolumen
流量	liu:liang	n.	Durchfluss
为准	wei:zhun	v.	als Maßstab dienen
领导小组	ling:dao:xiao:zu	n.	Führungsgruppe
关键字	guan:jian:zi	n.	Schlüsselwort
不得不	bu:de:bu	adv.	müssen (gezwungen)
饮食	yin:shi	n.	Ernährung
工作经验	gong:zuo:jing:yan	n.	Arbeitserfahrung
西藏	xi:zang	n.	Tibet
男孩	nan:hai	n.	Junge
各自	ge:zi	pron.	jeder
还	huan	v.	zurückgeben
顾问	gu:wen	n.	Berater
长的	chang:de	adj.	lang
防	fang	v.	abwehren
信用	xin:yong	n.	Kredit
征收	zheng:shou	v.	erheben
主流	zhu:liu	n.	Hauptstrom
据	ju	prep.	laut
一方	yi:fang	n.	eine Partei
应对	ying:dui	v.	antworten
可用	ke:yong	adj.	benutzbar
亲自	qin:zi	adv.	persönlich
十一五	shi:yi:wu	n.	11. Fünfjahresplan
批评	pi:ping	v.	kritisieren
终端	zhong:duan	n.	Endgerät
会上	hui:shang	n.	auf der Sitzung
之类	zhi:lei	n.	und Ähnliches
选用	xuan:yong	v.	auswählen
浏览次数	liu:lan:ci:shu	n.	Aufrufzahl
加拿大	jia:na:da	n.	Kanada
清晰	qing:xi	adj.	klar
种种	zhong:zhong	adj.	allerlei
玩具	wan:ju	n.	Spielzeug
材质	cai:zhi	n.	Werkstoff
一座	yi:zuo	num.	ein
清洁	qing:jie	adj.	sauber
猛	meng	adj.	heftig
清除	qing:chu	v.	beseitigen
骑	qi	v.	reiten
相结合	xiang:jie:he	v.	kombinieren
除外	chu:wai	v.	ausschließen
土	tu	n.	Erde
卡	ka	n.	Karte
体内	ti:nei	n.	im Körper
图形	tu:xing	n.	Grafik
这项	zhe:xiang	pron.	dieser
当前位置	dang:qian:wei:zhi	n.	aktuelle Position
助	zhu	v.	helfen
昆明	kun:ming	n.	Kunming
玉米	yu:mi	n.	Mais
高于	gao:yu	v.	höher als
魅力	mei:li	n.	Anziehungskraft
很容易	hen:rong:yi	adj.	sehr einfach
分离	fen:li	v.	trennen
对不起	dui:bu:qi	v.	Entschuldigung
呈现	cheng:xian	v.	darstellen
反映	fan:ying	v.	widerspiegeln
一件	yi:jian	num.	ein
改正	gai:zheng	v.	berichtigen
单击	dan:ji	v.	einmal klicken
函数	han:shu	n.	Funktion
化妆品	hua:zhuang:pin	n.	Kosmetik
联想	lian:xiang	v.	assoziiieren
京	jing	n.	Hauptstadt
银	yin	n.	Silber
改为	gai:wei	v.	ändern
总量	zong:liang	n.	Gesamtmenge
贵	gui	adj.	teuer
永	yong	adj.	ewig
质	zhi	n.	Qualität
屋	wu	n.	Haus
行政机关	xing:zheng:ji:guan	n.	Verwaltungsorgan
之所以	zhi:suo:yi	conj.	der Grund dafür
警察	jing:cha	n.	Polizei
自动化	zi:dong:hua	n.	Automatisierung
寻求	xun:qiu	v.	suchen
采用了	cai:yong:le	v.	übernommen
起到	qi:dao	v.	spielen (eine Rolle)
聊天	liao:tian	v.	plaudern
须	xu	part.	müssen
应当在	ying:dang:zai	part.	sollte sich befinden in
题目	ti:mu	n.	Titel
更好地	geng:hao:de	adv.	besser
石油	shi:you	n.	Erdöl
商场	shang:chang	n.	Einkaufszentrum
副	fu	adj.	neben-
乃至	nai:zhi	conj.	bis hin zu
团结	tuan:jie	v.	sich vereinigen
售后服务	shou:hou:fu:wu	n.	Kundendienst
循环	xun:huan	v.	zirkulieren
家园	jia:yuan	n.	Heimat
毛泽东	mao:ze:dong	n.	Mao Zedong
事务	shi:wu	n.	Angelegenheiten
这是一个	zhe:shi:yi:ge	pron.	dies ist ein
活跃	huo:yue	adj.	aktiv
赔偿	pei:chang	v.	entschädigen
试题	shi:ti	n.	Prüfungsfrage
字符串	zi:fu:chuan	n.	Zeichenkette
平等	ping:deng	adj.	gleichgestellt
初中	chu:zhong	n.	Mittelschule
行政许可	xing:zheng:xu:ke	n.	Verwaltungsgenehmigung
技术支持	ji:shu:zhi:chi	n.	technischer Support
也就是说	ye:jiu:shi:shuo	conj.	das heißt
本条例	ben:tiao:li	n.	diese Verordnung
刺	ci	v.	stechen
属	shu	v.	gehören
闻	wen	v.	riechen
中医	zhong:yi	n.	Chinesische Medizin
你说	ni:shuo	pron.	du sagst
使其	shi:qi	v.	es machen
路上	lu:shang	n.	auf der Straße
承接	cheng:jie	v.	übernehmen
以免	yi:mian	conj.	um zu vermeiden, dass
怎么样	zen:me:yang	pron.	wie
形态	xing:tai	n.	Form
境	jing	n.	Grenze
禁	jin	v.	verbieten
活动中	huo:dong:zhong	n.	während der Aktivität
温州	wen:zhou	n.	Wenzhou
促销	cu:xiao	v.	Absatzförderung betreiben
阴	yin	n.	Schatten
我们就	wo:men:jiu	pron.	wir dann
布局	bu:ju	n.	Layout
共	gong	adv.	gemeinsam
事业单位	shi:ye:dan:wei	n.	öffentliche Einrichtung
终止	zhong:zhi	v.	beenden
副主任	fu:zhu:ren	n.	Stellvertretender Direktor
疯狂	feng:kuang	adj.	verrückt
成人	cheng:ren	n.	Erwachsener
魔法	mo:fa	n.	Magie
负	fu	v.	tragen
负	fu	adj.	negativ
豪华	hao:hua	adj.	luxuriös
弄	nong	v.	machen
弄	nong	v.	bekommen
虎	hu	n.	Tiger
当天	dang:tian	n.	an diesem Tag
层	ceng	mw.	Schicht
清理	qing:li	v.	aufräumen
喊	han	v.	rufen
建材	jian:cai	n.	Baustoff
研制	yan:zhi	v.	entwickeln
接待	jie:dai	v.	empfangen
接待	jie:dai	n.	Empfang
明显的	ming:xian:de	adj.	offensichtlich
施行	shi:xing	v.	durchführen
施行	shi:xing	v.	in Kraft setzen
将军	jiang:jun	n.	General
统一的	tong:yi:de	adj.	vereinheitlicht
不需要	bu:xu:yao	v.	nicht brauchen
餐厅	can:ting	n.	Restaurant
不久	bu:jiu	adv.	bald
询问	xun:wen	v.	fragen
复习	fu:xi	v.	wiederholen
复习	fu:xi	n.	Wiederholung
逃	tao	v.	flüchten
晓	xiao	n.	Morgenröte
座	zuo	mw.	~ (Gebäude)
座	zuo	n.	Sitzplatz
所得	suo:de	n.	Einkommen
冲突	chong:tu	n.	Konflikt
动漫	dong:man	n.	Anime und Manga
调研	diao:yan	v.	untersuchen
演员	yan:yuan	n.	Schauspieler
情	qing	n.	Gefühl
全县	quan:xian	n.	ganzer Kreis
在内	zai:nei	prep.	einschließlich
消失	xiao:shi	v.	verschwinden
雅	ya	adj.	elegant
参	can	n.	Ginseng
射	she	v.	schießen
射	she	v.	spritzen
一层	yi:ceng	num.	eine Schicht
有限	you:xian	adj.	begrenzt
功效	gong:xiao	n.	Wirkung
消耗	xiao:hao	v.	verbrauchen
险	xian	adj.	gefährlich
险	xian	n.	Gefahr
出生	chu:sheng	v.	geboren werden
单纯	dan:chun	adj.	einfach
温柔	wen:rou	adj.	sanft
总之	zong:zhi	adv.	kurzum
对应	dui:ying	v.	entsprechen
荣誉	rong:yu	n.	Ehre
走出	zou:chu	v.	hinausgehen
听说	ting:shuo	v.	hören
听说	ting:shuo	adv.	anscheinend
书籍	shu:ji	n.	Bücher
划	hua	v.	rudern
划	hua	v.	kratzen
二十	er:shi	num.	zwanzig
坚	jian	adj.	fest
坚	jian	v.	befestigen
价	jia	n.	Preis
无数	wu:shu	adj.	unzählig
实际情况	shi:ji:qing:kuang	n.	tatsächliche Lage
用品	yong:pin	n.	Artikel
识别	shi:bie	v.	erkennen
秩序	zhi:xu	n.	Ordnung
互联	hu:lian	v.	vernetzen
彩色	cai:se	adj.	farbig
国产	guo:chan	adj.	im Inland hergestellt
水泥	shui:ni	n.	Zement
扬	yang	v.	heben
扬	yang	v.	verbreiten
表格	biao:ge	n.	Formular
科	ke	n.	Abteilung
科	ke	mw.	Zähleinheit
小型	xiao:xing	adj.	klein
分辨率	fen:bian:lv	n.	Auflösung
祝福	zhu:fu	v.	segnen
祝福	zhu:fu	n.	Segen
得分	de:fen	v.	punkten
得分	de:fen	n.	Punktzahl
得分儿	de:fen:er	n.	Punktzahl
可惜	ke:xi	adj.	bedauerlich
狠	hen	adj.	gnadenlos
那天	na:tian	n.	jener Tag
投标	tou:biao	v.	Angebot abgeben
下载次数	xia:zai:ci:shu	n.	Anzahl der Downloads
军事	jun:shi	n.	Militärwesen
军事	jun:shi	adj.	militärisch
融合	rong:he	v.	verschmelzen
野	ye	adj.	wild
野	ye	n.	offenes Land
秦	qin	n.	Qin
共产党员	gong:chan:dang:yuan	n.	Kommunistenmitglied
道理	dao:li	n.	Vernunft
道理	dao:li	n.	Grundsatz
前来	qian:lai	v.	kommen
热点	re:dian	n.	Brennpunkt
秘	mi	adj.	geheim
清洗	qing:xi	v.	reinigen
注意事项	zhu:yi:shi:xiang	n.	Hinweise
责任感	ze:ren:gan	n.	Verantwortungsbewusstsein
退出	tui:chu	v.	austreten
公司地址	gong:si:di:zhi	n.	Firmenadresse
格局	ge:ju	n.	Struktur
格局	ge:ju	n.	Anordnung
积极性	ji:ji:xing	n.	Engagement
熟	shou	adj.	gar
熟	shu	adj.	reif
熟	shu	adj.	vertraut
置	zhi	v.	stellen
置	zhi	v.	anschaffen
图案	tu:an	n.	Muster
仙	xian	n.	Unsterblicher
随便	sui:bian	adj.	beliebig
配送	pei:song	n.	Lieferung
冠军	guan:jun	n.	Meister
模	mo	n.	Modell
模	mu	n.	Form
极为	ji:wei	adv.	äußerst
不宜	bu:yi	v.	nicht geeignet
伸	shen	v.	strecken
新鲜	xin:xian	adj.	frisch
呼吸	hu:xi	v.	atmen
货币	huo:bi	n.	Währung
出现在	chu:xian:zai	v.	erscheinen in
波	bo	n.	Welle
此类	ci:lei	pron.	diese Art
信誉	xin:yu	n.	Zuverlässigkeit
付出	fu:chu	v.	leisten
肉	rou	n.	Fleisch
难度	nan:du	n.	Schwierigkeitsgrad
提取	ti:qu	v.	entnehmen
假	jia	adj.	falsch
据悉	ju:xi	adv.	wie berichtet
爱的	ai:de	part.	der Liebe
把我	ba:wo	part.	mich
指定的	zhi:ding:de	adj.	angegeben
争议	zheng:yi	n.	Kontroverse
产生了	chan:sheng:le	v.	entstanden
齐	qi	adj.	gleich
到来	dao:lai	n.	Ankunft
其余	qi:yu	pron.	der Rest
舞	wu	n.	Tanz
西部	xi:bu	n.	Westen
提到	ti:dao	v.	erwähnen
仔细	zi:xi	adj.	sorgfältig
两位	liang:wei	num.	zwei Personen
致力于	zhi:li:yu	v.	sich widmen
拍卖	pai:mai	v.	versteigern
脱	tuo	v.	ausziehen
期望	qi:wang	v.	erwarten
广	guang	adj.	breit
姑	gu	n.	Tante
坚决	jian:jue	adj.	entschlossen
巩固	gong:gu	v.	festigen
东莞	dong:guan	n.	Dongguan
麻	ma	n.	Hanf
补贴	bu:tie	n.	Zuschuss
混合	hun:he	v.	mischen
流通	liu:tong	v.	umlaufen
官方	guan:fang	adj.	amtlich
多人	duo:ren	n.	viele Menschen
投	tou	v.	werfen
不符合	bu:fu:he	v.	nicht entsprechen
巧克力	qiao:ke:li	n.	Schokolade
宗教	zong:jiao	n.	Religion
比重	bi:zhong	n.	Anteil
没想到	mei:xiang:dao	v.	nicht erwartet
您好	nin:hao	int.	Guten Tag
出处	chu:chu	n.	Quelle
安全性	an:quan:xing	n.	Sicherheit
天堂	tian:tang	n.	Paradies
新人	xin:ren	n.	Neuling
什么时候	shen:me:shi:hou	pron.	wann
初始化	chu:shi:hua	v.	initialisieren
对待	dui:dai	v.	behandeln
日益	ri:yi	adv.	zunehmend
内涵	nei:han	n.	Konnotation
实时	shi:shi	adj.	Echtzeit-
顶	ding	v.	drücken
顶	ding	v.	Spitze
忘记	wang:ji	v.	vergessen
国家法律	guo:jia:fa:lv	n.	nationales Recht
一律	yi:lv	adv.	ausnahmslos
产权	chan:quan	n.	Eigentumsrecht
配偶	pei:ou	n.	Ehepartner
手里	shou:li	n.	in der Hand
几年	ji:nian	num.	einige Jahre
原本	yuan:ben	adv.	ursprünglich
一眼	yi:yan	n.	ein Blick
美术	mei:shu	n.	bildende Kunst
轻轻	qing:qing	adv.	sanft
民生	min:sheng	n.	Leben des Volques
周期	zhou:qi	n.	Zyklus
成交	cheng:jiao	v.	einen Abschluss machen
致	zhi	v.	verursachen
责	ze	v.	vorwerfen
讲话	jiang:hua	v.	sprechen
讲话	jiang:hua	n.	Rede
个体	ge:ti	n.	Individuum
早上	zao:shang	n.	Morgen
逻辑	luo:ji	n.	Logik
老公	lao:gong	n.	Ehemann
照顾	zhao:gu	v.	betreuen
景	jing	n.	Aussicht
营	ying	v.	betreiben
领先	ling:xian	v.	führen
维	wei	mw.	Dimension
设	she	v.	einrichten
仪器	yi:qi	n.	Gerät
就这样	jiu:zhe:yang	adv.	so
皇帝	huang:di	n.	Kaiser
厨房	chu:fang	n.	Küche
损坏	sun:huai	v.	beschädigen
必要	bi:yao	adj.	erforderlich
某一	mou:yi	pron.	gewiss
框架	kuang:jia	n.	Rahmen
新加坡	xin:jia:po	n.	Singapur
收获	shou:huo	v.	ernten
收获	shou:huo	n.	Ernte
层面	ceng:mian	n.	Ebene
一个月	yi:ge:yue	num.	ein Monat
要素	yao:su	n.	Element
方针	fang:zhen	n.	Richtlinie
相机	xiang:ji	n.	Kamera
法律责任	fa:lv:ze:ren	n.	Rechtshaftung
跟踪	gen:zong	v.	verfolgen
制造业	zhi:zao:ye	n.	Verarbeitendes Gewerbe
欢迎您	huan:ying:nin	v.	herzlich willkommen
提问	ti:wen	v.	eine Frage stellen
显示器	xian:shi:qi	n.	Bildschirm
精灵	jing:ling	n.	Elf
回报	hui:bao	v.	vergelten
经营的	jing:ying:de	v.	betrieben
不含	bu:han	v.	nicht enthalten
周边	zhou:bian	n.	Peripherie
传递	chuan:di	v.	übermitteln
贯彻	guan:che	v.	durchführen
一句话	yi:ju:hua	n.	ein Satz
指南	zhi:nan	n.	Führer
如果有	ru:guo:you	conj.	wenn es gibt
当代	dang:dai	n.	Gegenwart
或其他	huo:qi:ta	conj.	oder andere
把自己	ba:zi:ji	prep.	sich
一体	yi:ti	n.	ein Körper
回收	hui:shou	v.	recyclieren
本月	ben:yue	n.	diesen Monat
坏	huai	adj.	schlecht
坏	huai	v.	kaputtgehen
各部门	ge:bu:men	n.	jede Abteilung
无效	wu:xiao	adj.	unwirksam
每页	mei:ye	n.	jede Seite
少女	shao:nv	n.	Mädchen
和平	he:ping	n.	Frieden
预期	yu:qi	v.	erwarten
预期	yu:qi	n.	Erwartung
澳大利亚	ao:da:li:ya	n.	Australien
配备	pei:bei	v.	ausstatten
分割	fen:ge	v.	teilen
精美	jing:mei	adj.	exquis
打电话	da:dian:hua	v.	telefonieren
秀	xiu	v.	zeigen
秀	xiu	adj.	elegant
有时候	you:shi:hou	adv.	manchmal
败	bai	v.	verlieren
败	bai	adj.	verfault
幼儿	you:er	n.	Kleinkind
二人	er:ren	num.	zwei Personen
重要性	zhong:yao:xing	n.	Wichtigkeit
齐全	qi:quan	adj.	vollständig
你还	ni:hai	adv.	du noch
嘿嘿	hei:hei	onom.	hihi
怎么办	zen:me:ban	v.	was tun
可能性	ke:neng:xing	n.	Möglichkeit
遥控	yao:kong	v.	fernsteuern
处分	chu:fen	v.	ahnden
放入	fang:ru	v.	einlegen
你也	ni:ye	adv.	du auch
眉	mei	n.	Augenbraun
较大的	jiao:da:de	adj.	relativ groß
键盘	jian:pan	n.	Tastatur
州	zhou	n.	Bundesstaat
百度	bai:du	n.	Baidu
显卡	xian:ka	n.	Grafikkarte
生活中	sheng:huo:zhong	n.	im Leben
辽宁	liao:ning	n.	Liaoning
结算	jie:suan	v.	abrechnen
上来	shang:lai	v.	hochkommen
市区	shi:qu	n.	Stadtgebiet
管理者	guan:li:zhe	n.	Verwalter
各国	ge:guo	n.	jedes Land
体重	ti:zhong	n.	Körpergewicht
生产企业	sheng:chan:qi:ye	n.	Produktionsunternehmen
任何人	ren:he:ren	pron.	jeder
害怕	hai:pa	v.	fürchten
自觉	zi:jue	adj.	bewusst
药	yao	n.	Medikament
其他的	qi:ta:de	adj.	anderer
来电	lai:dian	n.	eingehender Anruf
承	cheng	v.	tragen
承	cheng	v.	empfangen
付款	fu:kuan	v.	bezahlen
设有	she:you	v.	être équipé de
案	an	n.	Fall
商品名称	shang:pin:ming:cheng	n.	Produktname
侵权行为	qin:quan:xing:wei	n.	Verletzungshandlung
减肥	jian:fei	v.	abnehmen
一次性	yi:ci:xing	adj.	Einweg-
友情	you:qing	n.	Freundschaft
狼	lang	n.	Wolf
对面	dui:mian	n.	Gegenseite
开关	kai:guan	n.	Schalter
专	zhuan	adj.	Fach-
大于	da:yu	v.	größer als
便宜	pian:yi	adj.	billig
便宜	pian:yi	n.	Vorteil
诺基亚	nuo:ji:ya	n.	Nokia
选手	xuan:shou	n.	Teilnehmer
新技术	xin:ji:shu	n.	neue Technologie
零部件	ling:bu:jian	n.	Bauteile
偷	tou	v.	stehlen
四是	si:shi	v.	viertens ist
扶持	fu:chi	v.	unterstützen
告诉我	gao:su:wo	v.	mir es sagen
景观	jing:guan	n.	Landschaft
画	hua	v.	zeichnen
画	hua	n.	Bild
过于	guo:yu	adv.	allzu
管理工作	guan:li:gong:zuo	n.	Verwaltungsarbeit
零售	ling:shou	n.	Einzelhandel
社会发展	she:hui:fa:zhan	n.	gesellschaftliche Entwicklung
相当于	xiang:dang:yu	v.	entsprechen
产品质量	chan:pin:zhi:liang	n.	Produktqualität
中介	zhong:jie	n.	Vermittlung
茶叶	cha:ye	n.	Teeblatt
辅导	fu:dao	v.	nachhelfen
保健	bao:jian	n.	Gesundheitspflege
记载	ji:zai	v.	festhalten
记载	ji:zai	n.	Aufzeichnung
吴	wu	n.	Wu (Familienname)
代理商	dai:li:shang	n.	Agent
如同	ru:tong	v.	gleichwie
数组	shu:zu	n.	Feld
原始	yuan:shi	adj.	ursprünglich
董事会	dong:shi:hui	n.	Vorstand
被告	bei:gao	n.	Angeklagter
四川省	si:chuan:sheng	n.	Provinz Sichuan
同学们	tong:xue:men	n.	Mitschüler
当初	dang:chu	n.	anfangs
制品	zhi:pin	n.	Erzeugnis
赚钱	zhuan:qian	v.	Geld verdienen
进去	jin:qu	v.	eintreten
指令	zhi:ling	n.	Anweisung
回去	hui:qu	v.	zurückkehren
外语	wai:yu	n.	Fremdsprache
看起来	kan:qi:lai	v.	scheinen
店	dian	n.	Geschäft
饮料	yin:liao	n.	Getränk
用地	yong:di	n.	Nutzfläche
福州	fu:zhou	n.	Fuzhou
好处	hao:chu	n.	Vorteil
弹	dan	v.	springen
弹	tan	v.	spielen
反馈	fan:kui	n.	Feedback
故意	gu:yi	adv.	absichtlich
行使	xing:shi	v.	ausüben
月底	yue:di	n.	Monatsende
犯罪	fan:zui	v.	ein Verbrechen begehen
战士	zhan:shi	n.	Soldat
婴儿	ying:er	n.	Säugling
人工	ren:gong	n.	künstlich
后果	hou:guo	n.	Folge
护理	hu:li	v.	pflegen
电站	dian:zhan	n.	Kraftwerk
冲击	chong:ji	n.	Einschlag
官员	guan:yuan	n.	Beamter
奇怪	qi:guai	adj.	seltsam
担保	dan:bao	v.	bürgen
大多	da:duo	adv.	meistens
脂肪	zhi:fang	n.	Fett
食	shi	v.	essen
队员	dui:yuan	n.	Teammitglied
身高	shen:gao	n.	Körpergröße
欲	yu	v.	begehren
传说	chuan:shuo	n.	Sage
大哥	da:ge	n.	ältester Bruder
标准化	biao:zhun:hua	n.	Standardisierung
激烈	ji:lie	adj.	heftig
自主	zi:zhu	adj.	selbstständig
延长	yan:chang	v.	verlängern
扫描	sao:miao	v.	scannen
抬	tai	v.	heben
学费	xue:fei	n.	Schulgeld
最初	zui:chu	adv.	anfangs
自信	zi:xin	n.	Selbstvertrauen
年轻人	nian:qing:ren	n.	Junge
开设	kai:she	v.	einrichten
游览	you:lan	v.	besichtigen
标	biao	v.	kennzeichnen
秋	qiu	n.	Herbst
身份证	shen:fen:zheng	n.	Personalausweis
厉	li	adj.	streng
厉	li	adj.	heftig
国家级	guo:jia:ji	adj.	national
站内	zhan:nei	n.	in der Seite
良	liang	adj.	gut
良	liang	n.	die Güte
评选	ping:xuan	v.	auswählen
际	ji	n.	die Grenze
际	ji	n.	zwischen
公司名称	gong:si:ming:cheng	n.	Firmenname
住宿	zhu:su	v.	unterbringen
住宿	zhu:su	n.	Beherbergung
状	zhuang	adj.	förmig
状	zhuang	n.	der Zustand
城区	cheng:qu	n.	Stadtgebiet
广播	guang:bo	v.	senden
广播	guang:bo	n.	Rundfunk
证券市场	zheng:quan:shi:chang	n.	Wertpapiermarkt
愿望	yuan:wang	n.	der Wunsch
想象	xiang:xiang	v.	sich vorstellen
想象	xiang:xiang	n.	die Vorstellung
船舶	chuan:bo	n.	das Schiff
或者其他	huo:zhe:qi:ta	conj.	oder andere
烦	fan	adj.	genervt
烦	fan	adj.	mühsam
买卖	mai:mai	n.	das Geschäft
午	wu	n.	der Mittag
瞬间	shun:jian	n.	der Augenblick
天津市	tian:jin:shi	n.	Tianjin
三级	san:ji	n.	Ebene drei
是的	shi:de	adj.	ja
顺序	shun:xu	n.	die Reihenfolge
穿着	chuan:zhe	v.	tragen
穿着	chuan:zhuo	n.	die Kleidung
第一章	di:yi:zhang	n.	Kapitel eins
向上	xiang:shang	v.	nach oben
向上	xiang:shang	adv.	nach oben
有机	you:ji	adj.	organisch
示范	shi:fan	v.	demonstrieren
示范	shi:fan	n.	die Demonstration
到位	dao:wei	v.	an Ort und Stelle sein
也不会	ye:bu:hui	conj.	auch nicht
授予	shou:yu	v.	verleihen
摆	bai	v.	legen
摆	bai	v.	schwingen
获得了	huo:de:le	v.	erhalten
课件	ke:jian	n.	Kursmaterial
信息技术	xin:xi:ji:shu	n.	Informationstechnologie
营业执照	ying:ye:zhi:zhao	n.	Gewerbeerlaubnis
家人	jia:ren	n.	die Familie
季节	ji:jie	n.	die Jahreszeit
最早	zui:zao	adv.	am frühesten
本周	ben:zhou	n.	diese Woche
演唱	yan:chang	v.	singen
引擎	yin:qing	n.	der Motor
贵宾	gui:bin	n.	Ehrengast
人事	ren:shi	n.	Personal
大幅	da:fu	adv.	erheblich
餐饮	can:yin	n.	Gastronomía
破解	po:jie	v.	knacken
体现了	ti:xian:le	v.	verkörpert haben
内地	nei:di	n.	git
内地	nei:di	n.	Festlandchina
那就是	na:jiu:shi	conj.	das heißt
危机	wei:ji	n.	die Krise
主要有	zhu:yao:you	v.	hauptsächlich umfassen
河南省	he:nan:sheng	n.	Provinz Henan
达成	da:cheng	v.	erreichen
地板	di:ban	n.	der Boden
戏	xi	n.	Theaterstück
证实	zheng:shi	v.	bestätigen
十一	shi:yi	num.	11
方	fang	n.	Quadrat
贵州	gui:zhou	n.	Guizhou
年中	nian:zhong	n.	Mitte des Jahres
国有	guo:you	adj.	staatlich
前进	qian:jin	v.	vorrücken
列入	lie:ru	v.	aufnehmen
桌	zhuo	n.	Tisch
陶瓷	tao:ci	n.	Keramik
点心	dian:xin	n.	Dim Sum
点心	dian:xin	n.	kleiner Imbiss
干净	gan:jing	adj.	sauber
船	chuan	n.	Boot
东北	dong:bei	n.	Nordosten
宪法	xian:fa	n.	Verfassung
青春	qing:chun	n.	Jugend
涂料	tu:liao	n.	Anstrichfarbe
短	duan	adj.	kurz
人均	ren:jun	n.	pro Kopf
违约	wei:yue	n.	Vertragsbruch
拿出	na:chu	v.	herausnehmen
百姓	bai:xing	n.	Volk
若干	ruo:gan	num.	einige
恐怕	kong:pa	adv.	wahrscheinlijk
恐怕	kong:pa	v.	fürchten
进来	jin:lai	v.	hereinkommen
行政法规	xing:zheng:fa:gui	n.	Verwaltungsvorschriften
南方	nan:fang	n.	Süden
免费版	mian:fei:ban	n.	kostenlose Version
十五	shi:wu	num.	15
常规	chang:gui	n.	Routine
博物馆	bo:wu:guan	n.	Museum
村	cun	n.	Dorf
超越	chao:yue	v.	übersteigen
初级	chu:ji	adj.	einfach
功夫	gong:fu	n.	Kung Fu
功夫	gong:fu	n.	Mühe
一时	yi:shi	adv.	vorübergehend
一时	yi:shi	n.	ein Augenblick
电压	dian:ya	n.	Spannung
奖金	jiang:jin	n.	Prämie
眼神	yan:shen	n.	Blick
中小学	zhong:xiao:xue	n.	Schulen
变动	bian:dong	v.	sich ändern
变动	bian:dong	n.	Veränderung
驾驶	jia:shi	v.	fahren
划分	hua:fen	v.	einteilen
划分	hua:fen	n.	Aufteilung
据说	ju:shuo	v.	angeblich
据说	ju:shuo	adv.	angeblich
江湖	jiang:hu	n.	die Welt
鸡蛋	ji:dan	n.	Ei
某	mou	pron.	gewiss
转向	zhuan:xiang	v.	abbiegen
富有	fu:you	adj.	reich
出色	chu:se	adj.	hervorragend
古代	gu:dai	n.	Altertum
古代	gu:dai	adj.	alt
摸	mo	v.	betasten
哈尔滨	ha:er:bin	n.	Harbin
原价	yuan:jia	n.	Originalpreis
楼盘	lou:pan	n.	Wohnbauvorhaben
谈判	tan:pan	v.	verhandeln
全程	quan:cheng	n.	ganze Strecke
付	fu	v.	zahlen
新产品	xin:chan:pin	n.	Neuprodukt
上帝	shang:di	n.	Gott
压缩	ya:suo	v.	komprimieren
干燥	gan:zao	adj.	trocken
演	yan	v.	aufführen
第二章	di:er:zhang	n.	Kapitel zwei
规	gui	n.	Regel
萧	xiao	n.	Xiao (Familienname)
正文	zheng:wen	n.	Haupttext
实习	shi:xi	v.	Praktikum machen
封	feng	v.	versiegeln
大人	da:ren	n.	Erwachsene
导航	dao:hang	v.	navigieren
握	wo	v.	halten
高度重视	gao:du:zhong:shi	v.	große Bedeutung beimessen
三十	san:shi	num.	30
不一样	bu:yi:yang	adj.	anders
彼此	bi:ci	pron.	sich
文件夹	wen:jian:jia	n.	Ordner
文物	wen:wu	n.	Kulturobjekt
业界	ye:jie	n.	Branche
跟着	gen:zhe	adv.	folgend
证件	zheng:jian	n.	Ausweis
田	tian	n.	Feld
字符	zi:fu	n.	Zeichen
福建省	fu:jian:sheng	n.	Provinz Fujian
精力	jing:li	n.	Energie
藏	cang	v.	verbergen
相关信息	xiang:guan:xin:xi	n.	relevante Informationen
名义	ming:yi	n.	Name
场地	chang:di	n.	Gelände
抑制	yi:zhi	v.	unterdrücken
指挥	zhi:hui	v.	dirigieren
指挥	zhi:hui	n.	Dirigent
更好	geng:hao	adj.	besser
境外	jing:wai	n.	Ausland
建设项目	jian:she:xiang:mu	n.	Bauprojekt
中共	zhong:gong	n.	KPCh
震	zhen	v.	beben
一颗	yi:ke	num.	eins (rundes Objekt)
之内	zhi:nei	n.	auf (zeitlich/örtlich)
公主	gong:zhu	n.	Prinzessin
混	hun	v.	mischen
唯一的	wei:yi:de	adj.	einzigartig
作家	zuo:jia	n.	Schriftsteller
视觉	shi:jue	n.	Sehen
本质	ben:zhi	n.	Wesen
立法	li:fa	v.	Gesetze ergeben
立法	li:fa	n.	Gesetzgebung
几次	ji:ci	num.	wie oft
一堆	yi:dui	num.	ein Haufen
城乡	cheng:xiang	n.	Stadt und Land
虚	xu	adj.	falsch
虚	xu	adj.	schwach
前提	qian:ti	n.	Voraussetzung
前提	qian:ti	n.	Prämisse
扩张	kuo:zhang	v.	erweitern
爱心	ai:xin	n.	Liebe
电器	dian:qi	n.	Elektrogerät
原件	yuan:jian	n.	Original
原件	yuan:jian	n.	Originalteil
只见	zhi:jian	v.	nur sehen
马克思主义	ma:ke:si:zhu:yi	n.	Marxismus
透	tou	v.	durchdringen
透	tou	adj.	Transparent
饲料	si:liao	n.	Futter
浪费	lang:fei	v.	verschwenden
解决了	jie:jue:le	v.	gelöst
妹妹	mei:mei	n.	jüngere Schwester
客观	ke:guan	adj.	objektiv
纪	ji	n.	Epoche
订阅	ding:yue	v.	abonnieren
总计	zong:ji	v.	sich belaufen auf
总计	zong:ji	adv.	insgesamt
融资	rong:zi	v.	finanzieren
凌	ling	v.	nahen
应有	ying:you	v.	sollte haben
基础设施	ji:chu:she:shi	n.	Infrastruktur
影视	ying:shi	n.	Film und Fernsehen
硕士	shuo:shi	n.	Master
没什么	mei:shen:me	pron.	nichts
友情链接	you:qing:lian:jie	n.	Freundschaftslink
组建	zu:jian	v.	gründen
应聘	ying:pin	v.	sich bewerben
拾取	shi:qu	v.	aufheben
团购	tuan:gou	v.	Gruppenkauf
休	xiu	v.	sich ausruhen
打印机	da:yin:ji	n.	Drucker
管道	guan:dao	n.	Rohrleitung
潜在	qian:zai	adj.	potenziell
介绍了	jie:shao:le	v.	vorgestellt
定位器	ding:wei:qi	n.	Ortungsgerät
大道	da:dao	n.	Boulevard
大道	da:dao	n.	der Weg
路径	lu:jing	n.	Pfad
感动	gan:dong	v.	bewegt sein
感动	gan:dong	n.	Rührung
肌肉	ji:rou	n.	Muskel
赶紧	gan:jin	adv.	schnell
小心	xiao:xin	adj.	vorsichtig
合成	he:cheng	v.	synthetisieren
梅	mei	n.	Pflaume
体力	ti:li	n.	körperliche Kraft
如图	ru:tu	v.	wie abgebildet
储存	chu:cun	v.	speichern
食材	shi:cai	n.	Lebensmittel
一众	yi:zhong	num.	eine Gruppe
透明	tou:ming	adj.	transparente
携带	xie:dai	v.	mit sich führen
党组织	dang:zu:zhi	n.	Parteiorganisation
舞台	wu:tai	n.	Bühne
石头	shi:tou	n.	Stein
你好	ni:hao	int.	hallo
紫	zi	adj.	lila
黑暗	hei:an	n.	Dunkelheit
歌	ge	n.	Lied
建筑面积	jian:zhu:mian:ji	n.	Grundfläche
临	lin	v.	sich nähern
临	lin	v.	gegenüberstehen
补偿	bu:chang	v.	entschädigen
补偿	bu:chang	n.	Entschädigung
用了	yong:le	part.	benutzt
旅行	lv:xing	v.	reisen
旅行	lv:xing	n.	Reise
果然	guo:ran	adv.	wirklich
影响力	ying:xiang:li	n.	Einfluss
组件	zu:jian	n.	Komponente
管理部门	guan:li:bu:men	n.	Verwaltungsabteilung
模板	mu:ban	n.	Vorlage
毒	du	n.	Gift
毒	du	adj.	giftig
家中	jia:zhong	n.	Zuhause
既是	ji:shi	conj.	da
载入	zai:ru	v.	laden
疼痛	teng:tong	n.	Schmerz
精英	jing:ying	n.	Elite
足球	zu:qiu	n.	Fußball
舒适	shu:shi	adj.	bequem
旅客	lv:ke	n.	Reisender
乐趣	le:qu	n.	Vergnügen
反正	fan:zheng	adv.	sowieso
咸	xian	adj.	salzig
写的	xie:de	adj.	geschrieben
无须	wu:xu	adv.	nicht nötig
进攻	jin:gong	v.	angreifen
合作伙伴	he:zuo:huo:ban	n.	Partner
防火墙	fang:huo:qiang	n.	Firewall
合法性	he:fa:xing	n.	Legitimität
不论	bu:lun	conj.	no matter
新手	xin:shou	n.	Anfänger
我已经	wo:yi:jing	pron.	ich bereits
宗	zong	n.	Sekte
单一	dan:yi	adj.	einzig
播放器	bo:fang:qi	n.	Player
要想	yao:xiang	v.	wollen
著	zhu	v.	schreiben
著	zhu	adj.	bemerkenswert
而来	er:lai	v.	kommen
索	suo	n.	Seil
索	suo	v.	suchen
等人	deng:ren	v.	auf jemanden warten
行程	xing:cheng	n.	Reiseroute
简体中文	jian:ti:zhong:wen	n.	vereinfachtes Chinesisch
北方	bei:fang	n.	Norden
解决问题	jie:jue:wen:ti	v.	Probleme lösen
安徽省	an:hui:sheng	n.	Provinz Anhui
第二个	di:er:ge	num.	der zweite
人次	ren:ci	mw.	Personenanzahl
语音	yu:yin	n.	Stimme
依托	yi:tuo	v.	stützen sich auf
客户端	ke:hu:duan	n.	Client
办事	ban:shi	v.	Angelegenheiten erledigen
印	yin	n.	Siegel
印	yin	v.	drucken
主演	zhu:yan	n.	Hauptdarsteller
主演	zhu:yan	v.	die Hauptrolle spielen
寻	xun	v.	suchen
账户	zhang:hu	n.	Konto
图标	tu:biao	n.	Symbol
最快	zui:kuai	adj.	am schnellsten
湖	hu	n.	See
地理	di:li	n.	Geographie
劲	jin	n.	Kraft
劲	jin	n.	Energie
爱好者	ai:hao:zhe	n.	Liebhaber
物业管理	wu:ye:guan:li	n.	Immobilienverwaltung
运营商	yun:ying:shang	n.	Netzbetreiber
烦恼	fan:nao	adj.	besorgt
烦恼	fan:nao	n.	Sorge
中午	zhong:wu	n.	Mittag
拿到	na:dao	v.	bekommen
名为	ming:wei	v.	heißen
奥迪	ao:di	n.	Audi
编程	bian:cheng	v.	programmieren
编程	bian:cheng	n.	Programmierung
老大	lao:da	n.	Chef
老大	lao:da	n.	ältestes Kind
固定资产	gu:ding:zi:chan	n.	Anlagevermögen
编码	bian:ma	n.	Code
编码	bian:ma	v.	kodieren
血液	xue:ye	n.	Blut
职	zhi	n.	Arbeit
技	ji	n.	Technik
解答	jie:da	v.	beantworten
解答	jie:da	n.	Antwort
全球化	quan:qiu:hua	n.	Globalisierung
恨	hen	v.	hassen
婆	po	n.	alte Frau
冬季	dong:ji	n.	Winter
序号	xu:hao	n.	Laufnummer
电路	dian:lu	n.	Schaltkreis
早就	zao:jiu	adv.	schon lange
远程	yuan:cheng	adj.	Fern-
高层	gao:ceng	n.	obere Etage
高层	gao:ceng	n.	Spitze
从中	cong:zhong	adv.	daraus
辅助	fu:zhu	v.	unterstützen
火锅	huo:guo	n.	Feuertopf
服用	fu:yong	v.	einnehmen
杰	jie	adj.	hervorragend
五个	wu:ge	num.	5
部长	bu:zhang	n.	Minister
减轻	jian:qing	v.	verringern
减轻	jian:qing	v.	lindern
手动	shou:dong	adj.	manuell
集团公司	ji:tuan:gong:si	n.	Konzern
江南	jiang:nan	n.	Jiangnan
面板	mian:ban	n.	Bedienfeld
高等学校	gao:deng:xue:xiao	n.	Hochschule
第三章	di:san:zhang	n.	Kapitel 3
一股	yi:gu	mw.	un Strom
不愿	bu:yuan	v.	nicht wollen
放松	fang:song	v.	entspannen
缺点	que:dian	n.	Nachteil
意外	yi:wai	adj.	unerwartet
舞蹈	wu:dao	n.	Tanz
安置	an:zhi	v.	ansiedeln
整改	zheng:gai	v.	korrigieren
球队	qiu:dui	n.	Mannschaft
似的	shi:de	part.	wie (Partikel)
相似	xiang:si	adj.	ähnlich
羽	yu	n.	Feder
场景	chang:jing	n.	Szene
修订	xiu:ding	v.	überarbeiten
修订	xiu:ding	n.	Überarbeitung
制动	zhi:dong	n.	Bremsen
科学技术	ke:xue:ji:shu	n.	Wissenschaft und Technologie
一定会	yi:ding:hui	adv.	sicher
咱	zan	pron.	wir (einschließlich)
简称	jian:cheng	n.	Kurzbezeichnung
便于	bian:yu	v.	erleichtern
球员	qiu:yuan	n.	Spieler
为何	wei:he	adv.	warum
客户服务	ke:hu:fu:wu	n.	Kundendienst
开拓	kai:tuo	v.	erschließen
素	su	adj.	einfach
间接	jian:jie	adj.	mittelbar
善于	shan:yu	v.	gut können
凡	fan	adv.	jeder
较多	jiao:duo	adj.	ziemlich viel
最小	zui:xiao	adj.	minimal
录音	lu:yin	v.	aufnehmen
偶尔	ou:er	adv.	gelegentlich
搞好	gao:hao	v.	gut machen
飘	piao	v.	schweben
差别	cha:bie	n.	Unterschied
深度	shen:du	n.	Tiefe
市盈率	shi:ying:lv	n.	Kurs-Gewinn-Verhl
年内	nian:nei	n.	innerhalb des Jahres
女孩子	nv:hai:zi	n.	Mädchen
解除	jie:chu	v.	aufheben
嘿	hei	int.	hey
形状	xing:zhuang	n.	Form
个别	ge:bie	adj.	einzelned
知名	zhi:ming	adj.	bekannt
全区	quan:qu	n.	ganzer Bezirk
管理局	guan:li:ju	n.	Verwaltungsamt
资助	zi:zhu	v.	finanziell unterstützen
考虑到	kao:lv:dao	v.	in Betracht ziehen
当作	dang:zuo	v.	betrachten als
科技有限公司	ke:ji:you:xian:gong:si	n.	GmbH für Technologie
激发	ji:fa	v.	anregen
管理系统	guan:li:xi:tong	n.	Managementsystem
增大	zeng:da	v.	vergrößern
笑容	xiao:rong	n.	Lächeln
布置	bu:zhi	v.	anordnen
士兵	shi:bing	n.	Soldat
推迟	tui:chi	v.	verschieben
铃声	ling:sheng	n.	Klingelton
公寓	gong:yu	n.	Wohnung
普	pu	adj.	allgemein
严格的	yan:ge:de	adj.	streng
特价	te:jia	n.	Sonderangebot
效应	xiao:ying	n.	Effekt
别墅	bie:shu	n.	Villa
干扰	gan:rao	v.	stören
干扰	gan:rao	n.	Störung
不良	bu:liang	adj.	schlecht
男生	nan:sheng	n.	Junge
宁	ning	adv.	eher
均	jun	adv.	alle
上班	shang:ban	v.	zur Arbeit gehen
不多	bu:duo	adj.	nicht viele
交往	jiao:wang	v.	verkehren
吓	xia	v.	erschrecken
全方位	quan:fang:wei	n.	omnidirektional
有一	you:yi	v.	es gibt eines
报警	bao:jing	v.	die Polizei rufen
消防	xiao:fang	n.	Feuerwehr
家电	jia:dian	n.	Haushaltsgerät
恋爱	lian:ai	n.	Liebe
恋爱	lian:ai	v.	verliebt sein
排除	pai:chu	v.	ausschließen
起了	qi:le	v.	ist entstanden
建筑物	jian:zhu:wu	n.	Gebäude
兽	shou	n.	Tier
救援	jiu:yuan	n.	Rettung
歌词	ge:ci	n.	Liedtext
敬请	jing:qing	adv.	bitte
带领	dai:ling	v.	führen
进展	jin:zhan	n.	Fortschritt
进展	jin:zhan	v.	fortschreiten
夏	xia	n.	Sommer
第二次	di:er:ci	num.	das zweite Mal
权威	quan:wei	n.	Autorität
欲望	yu:wang	n.	Begierde
前期	qian:qi	n.	frühe Phase
在网上	zai:wang:shang	prep.	im Internet
你有	ni:you	v.	du hast
地产	di:chan	n.	Immobilie
体积	ti:ji	n.	Volumen
不行	bu:xing	adj.	nicht in Ordnung
交给	jiao:gei	v.	übergeben
左右的	zuo:you:de	adj.	etwa
想起	xiang:qi	v.	sich erinnern
同比增长	tong:bi:zeng:zhang	v.	Wachstum zum Vorjahr
小游戏	xiao:you:xi	n.	Minispiel
建设工程	jian:she:gong:cheng	n.	Bauprojekt
菩萨	pu:sa	n.	Bodhisattva
长江	chang:jiang	n.	Jangtse
夫人	fu:ren	n.	Frau
赢得	ying:de	v.	gewinnen
教室	jiao:shi	n.	Klassenzimmer
读	du	v.	lesen
街	jie	n.	Straße
调用	diao:yong	v.	aufrufen
牛	niu	n.	Kuh
只愿	zhi:yuan	v.	nur wünschen
焦点	jiao:dian	n.	Fokus
焦点	jiao:dian	n.	Mittelpunkt
记性	ji:xing	n.	Gedächtnis
认同	ren:tong	v.	anerkennen
认同	ren:tong	n.	Identifikation
仿	fang	v.	nachahmen
胸	xiong	n.	Brust
胸	xiong	n.	Gemüt
同期	tong:qi	n.	gleiche Zeitraum
历史的	li:shi:de	adj.	historisch
企业家	qi:ye:jia	n.	Unternehmer
浪	lang	n.	Welle
浪	lang	adj.	ungebunden
竞赛	jing:sai	n.	Wettbewerb
一会儿	yi:hui:er	n.	eine Weile
警告	jing:gao	v.	warnen
警告	jing:gao	n.	Warnung
神经	shen:jing	n.	Nerv
经济效益	jing:ji:xiao:yi	n.	wirtschaftlicher Ertrag
无权	wu:quan	v.	kein Recht haben
总额	zong:e	n.	Gesamtbetrag
富	fu	adj.	reich
富	fu	adj.	reichlich
期货	qi:huo	n.	Termingeschäft
中药	zhong:yao	n.	chinesische Medizin
重庆市	chong:qing:shi	n.	Chongqing
课堂	ke:tang	n.	Klassenzimmer
遵循	zun:xun	v.	folgen
热爱	re:ai	v.	lieben
孤独	gu:du	adj.	einsam
虚假	xu:jia	adj.	falsch
试卷	shi:juan	n.	Prüfungsbogen
虚拟	xu:ni	adj.	virtuell
区内	qu:nei	n.	innerhalb des Bezirks
尚	shang	adv.	noch
尚	shang	v.	schätzen
参照	can:zhao	v.	verweisen
夫妻	fu:qi	n.	Ehepaar
毫米	hao:mi	n.	Millimeter
释放	shi:fang	v.	freisetzen
选举	xuan:ju	v.	wählen
擅自	shan:zi	adv.	unbefugt
又要	you:yao	adv.	wieder
礼物	li:wu	n.	Geschenk
老百姓	lao:bai:xing	n.	einfache Leute
宇	yu	n.	Dachvorsprung
开启	kai:qi	v.	öffnen
增值税	zeng:zhi:shui	n.	Mehrwertsteuer
港口	gang:kou	n.	Hafen
正如	zheng:ru	conj.	gerade wie
导向	dao:xiang	n.	Orientierung
残疾人	can:ji:ren	n.	Behinderter
玫瑰	mei:gui	n.	Rose
索尼	suo:ni	n.	Sony
骨	gu	n.	Knochen
服饰	fu:shi	n.	Kleidung
算是	suan:shi	v.	gelten als
各大	ge:da	adj.	jede große
智	zhi	n.	Weisheit
违法行为	wei:fa:xing:wei	n.	rechtswidrige Handlung
个性化	ge:xing:hua	v.	personalisieren
真实的	zhen:shi:de	adj.	wirklich
注册用户	zhu:ce:yong:hu	n.	registrierter Nutzer
说完	shuo:wan	v.	fertig reden
知识	zhi:shi	n.	Wissen
海鲜	hai:xian	n.	Meeresfrüchte
找不到	zhao:bu:dao	v.	nicht finden können
撤销	che:xiao	v.	zurückziehen
少数	shao:shu	n.	Minderheit
班级	ban:ji	n.	Klasse
较好	jiao:hao	adj.	verhältnismäßig gut
让他们	rang:ta:men	v.	sie lassen
未成年人	wei:cheng:nian:ren	n.	Minderjähriger
一下子	yi:xia:zi	adv.	auf einmal
手册	shou:ce	n.	Handbuch
承办	cheng:ban	v.	übernehmen
业内	ye:nei	n.	innerhalb der Branche
一本	yi:ben	mw.	ein (Band)
机遇	ji:yu	n.	Gelegenheit
有可能	you:ke:neng	adj.	möglich sein
不禁	bu:jin	adv.	unwillkürlich
佛教	fo:jiao	n.	Buddhismus
还可	hai:ke	adv.	kann auch
当事	dang:shi	n.	betroffen
二手	er:shou	adj.	gebraucht
眼泪	yan:lei	n.	Träne
纷	fen	adj.	confus
加油	jia:you	v.	anfeuern
只想	zhi:xiang	v.	nur wollen
航空	hang:kong	n.	Luftfahrt
请点击	qing:dian:ji	v.	bitte klicken
出席	chu:xi	v.	teilnehmen
纳税人	na:shui:ren	n.	Steuerzahler
几天	ji:tian	num.	einige Tage
升	sheng	mw.	Liter
文献	wen:xian	n.	Literatur
下属	xia:shu	n.	Untergebener
给您	gei:nin	v.	Ihnen geben
借鉴	jie:jian	v.	sich orientieren an
广泛的	guang:fan:de	adj.	umfassend
帮忙	bang:mang	v.	helfen
传感器	chuan:gan:qi	n.	Sensor
法律法规	fa:lv:fa:gui	n.	Gesetze und Vorschriften
婚	hun	n.	Ehe
年初	nian:chu	n.	Jahresanfang
纠纷	jiu:fen	n.	Streit
过滤	guo:lv	v.	filtrern
早在	zao:zai	adv.	ausgerechnet früh
搜集	sou:ji	v.	sammeln
叔	shu	n.	Onkel
试点	shi:dian	n.	Pilotprojekt
办学	ban:xue	v.	eine Schule führen
可持续发展	ke:chi:xu:fa:zhan	n.	nachhaltige Entwicklung
所以我	suo:yi:wo	conj.	deswegen ich
差不多	cha:bu:duo	adv.	beinahe
正规	zheng:gui	adj.	regulär
笑道	xiao:dao	v.	lachend sagen
漫画	man:hua	n.	Comic
制定	zhi:ding	v.	festlegen
制订	zhi:ding	v.	ausarbeiten
多么	duo:me	adv.	wie
上半年	shang:ban:nian	n.	erstes Halbjahr
性感	xing:gan	adj.	sexy
局部	ju:bu	n.	Teil
按摩	an:mo	v.	massieren
善	shan	adj.	gut
进出口	jin:chu:kou	n.	Import und Export
商店	shang:dian	n.	Geschäft
弱	ruo	adj.	schwach
后者	hou:zhe	n.	letzterer
促使	cu:shi	v.	veranlassen
核准	he:zhun	v.	genehmigen
平安	ping:an	adj.	wohlbehalten
缘由	yuan:you	n.	Grund
不易	bu:yi	adj.	nicht leicht
架	jia	mw.	Classifikator für Geräte
架	jia	mw.	Klassifikator für Geräte
感觉到	gan:jue:dao	v.	spüren
不详	bu:xiang	adj.	unklar
朋友们	peng:you:men	n.	Freunde
河北省	he:bei:sheng	n.	Provinz Hebei
兴奋	xing:fen	adj.	aufgeregt
卖	mai	v.	verkaufen
试图	shi:tu	v.	versuchen
信息服务	xin:xi:fu:wu	n.	Informationsdienst
袋	dai	mw.	Tüte
袋	dai	mw.	ein Beutel
网	wang	n.	Netz
煤矿	mei:kuang	n.	Kohlenbergwerk
缺少	que:shao	v.	fehlen
每周	mei:zhou	adv.	jede Woche
参展	can:zhan	v.	an einer Ausstellung teilnehmen
须要	xu:yao	v.	brauchen
精心	jing:xin	adv.	sorgfältig
懂得	dong:de	v.	verstehen
初期	chu:qi	n.	anfängliche Phase
十大	shi:da	adj.	die zehn besten
书面	shu:mian	adj.	schriftlich
使用者	shi:yong:zhe	n.	Verwender
朱	zhu	n.	Zhu (Familienname)
手指	shou:zhi	n.	Finger
消毒	xiao:du	v.	desinfizieren
纠正	jiu:zheng	v.	korrigieren
人人	ren:ren	pron.	jeder
模具	mu:ju	n.	Werkzeug (Form)
模具	mu:ju	n.	Werkzeugform
高速公路	gao:su:gong:lu	n.	Autobahn
骂	ma	v.	schimpfen
外资	wai:zi	n.	fremdes Kapital
企业文化	qi:ye:wen:hua	n.	Unterkulturnehmenskultur
企业文化	qi:ye:wen:hua	n.	Unternehmenskultur
公司董事会	gong:si:dong:shi:hui	n.	Verwaltungsrat
雄	xiong	adj.	männlich
代替	dai:ti	v.	ersetzen
整治	zheng:zhi	v.	sanieren
语文	yu:wen	n.	chinesische Sprache
赛	sai	v.	wettbewerben
略	lve	adv.	kurz
略	lve	v.	weglassen
杯	bei	mw.	Tasse
施	shi	v.	vollstrecken
纳税	na:shui	v.	Steuern zahlen
湖北省	hu:bei:sheng	n.	Provinz Hubei
典型	dian:xing	adj.	typisch
典型	dian:xing	n.	Vorbild
墙	qiang	n.	Wand
澳门	ao:men	n.	Macao
等到	deng:dao	conj.	bis zu
上报	shang:bao	v.	melden
宇宙	yu:zhou	n.	Universum
不断地	bu:duan:de	adv.	ständig
原告	yuan:gao	n.	Kläger
环	huan	n.	Ring
直至	zhi:zhi	prep.	bis
罪	zui	n.	Schuld
选购	xuan:gou	v.	auswählen und kaufen
寂寞	ji:mo	adj.	einsam
足以	zu:yi	adv.	gerade genug
牙	ya	n.	Zahn
食品	shi:pin	n.	Lebensmittel
使得	shi:de	v.	bewirken
使得	shi:de	v.	so dass
本报	ben:bao	n.	diese Zeitung
欧美	ou:mei	n.	Europa und Amerika
主编	zhu:bian	v.	Chefredakteur
时区	shi:qu	n.	Zeitzone
一遍	yi:bian	mw.	einmal
三人	san:ren	n.	drei Personen
助理	zhu:li	n.	Assistent
得知	de:zhi	v.	erfahren
越职	yue:zhi	v.	seine Befugnisse überschreiten
叫作	jiao:zuo	v.	heißen
讲座	jiang:zuo	n.	Vortrag
监督检查	jian:du:jian:cha	v.	überwachen und prüfen
表单	biao:dan	n.	Formular
占用	zhan:yong	v.	belegen
移民	yi:min	v.	einwandern
移民	yi:min	n.	Einwanderer
合同样本	he:tong:yang:ben	n.	Vertragsmuster
之路	zhi:lu	n.	Weg nach
指示	zhi:shi	n.	Anweisung
指示	zhi:shi	v.	anweisen
葡萄酒	pu:tao:jiu	n.	Wein
影像	ying:xiang	n.	Bild
凭借	ping:jie	prep.	mittels
制约	zhi:yue	v.	einschränken
没收	mo:shou	v.	konfiszieren
后期	hou:qi	n.	Spätphase
总裁	zong:cai	n.	Vorstandsvorsitzender
调控	tiao:kong	v.	regulieren
窗	chuang	n.	Fenster
无比	wu:bi	adj.	unvergleichlich
展现	zhan:xian	v.	zeigen
欧盟	ou:meng	n.	Europäische Union
柳	liu	n.	Weide
火车	huo:che	n.	Zug
纪念	ji:nian	v.	gedenken
斑竹	ban:zhu	n.	Fleckenbambus
销量	xiao:liang	n.	Absatzmenge
说到	shuo:dao	v.	erwähnen
数码相机	shu:ma:xiang:ji	n.	Digitalkamera
厅	ting	n.	Halle
搞	gao	v.	machen
行驶	xing:shi	v.	fahren
国民经济	guo:min:jing:ji	n.	Volkswirtschaft
成效	cheng:xiao	n.	Wirkung
不变	bu:bian	adj.	unverändert
医疗机构	yi:liao:ji:gou	n.	medizinische Einrichtung
不满	bu:man	adj.	unzufrieden
周末	zhou:mo	n.	Wochenende
报送	bao:song	v.	einreichen
引入	yin:ru	v.	einführen
份额	fen:e	n.	Anteil
检索	jian:suo	v.	recherchieren
端	duan	n.	Ende
志愿者	zhi:yuan:zhe	n.	Freiwillige
出资	chu:zi	v.	Finanzierung leisten
送到	song:dao	v.	liefern
标记	biao:ji	n.	Markierung
作战	zuo:zhan	v.	kämpfen
疑问	yi:wen	n.	Frage
一段时间	yi:duan:shi:jian	n.	eine Zeitlang
洞	dong	n.	Loch
法官	fa:guan	n.	Richter
开车	kai:che	v.	Auto fahren
一口	yi:kou	mw.	ein Bissen
直径	zhi:jing	n.	Durchmesser
上次	shang:ci	n.	letztes Mal
板块	ban:kuai	n.	Platte
准确性	zhun:que:xing	n.	Genauigkeit
四周	si:zhou	n.	Umgebung
适	shi	adj.	passend
自从	zi:cong	prep.	seit
拥	yong	v.	halten
释	shi	v.	erklären
都市	du:shi	n.	Stadt
发布人	fa:bu:ren	n.	Verkündiger
延伸	yan:shen	v.	verlängern
再说	zai:shuo	v.	außerdem
处置	chu:zhi	v.	behandeln
股权	gu:quan	n.	Anteil
门票	men:piao	n.	Eintrittskarte
气候	qi:hou	n.	Klima
审议	shen:yi	v.	beraten
落后	luo:hou	adj.	rückständig
正好	zheng:hao	adv.	genau
洋	yang	adj.	fremd
创办	chuang:ban	v.	gründen
有车	you:che	v.	ein Auto haben
传媒	chuan:mei	n.	Medien
气息	qi:xi	n.	Atem
无疑	wu:yi	adj.	zweifellos
渴望	ke:wang	v.	ersehnen
无锡	wu:xi	n.	Wuxi
高科技	gao:ke:ji	n.	Hightech
肿瘤	zhong:liu	n.	Tumor
没有什么	mei:you:shen:me	v.	nichts haben
公正	gong:zheng	adj.	gerecht
养殖	yang:zhi	v.	züchten
同行	tong:hang	n.	Kollege der Branche
同行	tong:xing	v.	mitfahren
肩	jian	n.	Schulter
纤维	xian:wei	n.	Faser
导游	dao:you	n.	Reiseleiter
市场价格	shi:chang:jia:ge	n.	Marktpreis
服务中心	fu:wu:zhong:xin	n.	Servicecenter
机型	ji:xing	n.	Modell
魂	hun	n.	Seele
发给	fa:gei	v.	zusenden
职称	zhi:cheng	n.	Titel
节日	jie:ri	n.	Fest
求购	qiu:gou	v.	kaufen suchen
不锈钢	bu:xiu:gang	n.	Edelstahl
闹	nao	v.	lärmen
利于	li:yu	v.	fördern
蒙	meng	v.	bedecken
奥运	ao:yun	n.	Olympia
黑龙江	hei:long:jiang	n.	Heilongjiang
艾滋病	ai:zi:bing	n.	AIDS
排列	pai:lie	v.	anordnen
收费标准	shou:fei:biao:zhun	n.	Gebührenordnung
望着	wang:zhe	v.	blicken auf
正面	zheng:mian	n.	Vorderseite
正面	zheng:mian	adj.	positiv
分数	fen:shu	n.	Note
高等教育	gao:deng:jiao:yu	n.	Hochschulausbildung
境界	jing:jie	n.	Geisteszustand
分区	fen:qu	n.	Partition
缓解	huan:jie	v.	lindern
国际化	guo:ji:hua	n.	Internationalisierung
灯	deng	n.	Lampe
锁定	suo:ding	v.	sperren
论坛版主	lun:tan:ban:zhu	n.	Forenmoderator
借	jie	v.	leihen
眼中	yan:zhong	n.	in den Augen
平米	ping:mi	n.	Quadratmeter
营业	ying:ye	v.	Geschäft betreiben
伯	bo	n.	Onkel
免	mian	v.	befreien
文件大小	wen:jian:da:xiao	n.	Dateigröße
绩效	ji:xiao	n.	Leistung
内心	nei:xin	n.	Innenleben
菜	cai	n.	Gericht
白天	bai:tian	n.	Tagzeit
验	yan	v.	prüfen
林业	lin:ye	n.	Forstwirtschaft
包子	bao:zi	n.	Teigtasche
测	ce	v.	messen
凤	feng	n.	Phönix
吉林	ji:lin	n.	Jilin
样品	yang:pin	n.	Muster
计划生育	ji:hua:sheng:yu	n.	Familienplanung
主要内容	zhu:yao:nei:rong	n.	Hauptinhalt
带宽	dai:kuan	n.	Bandbreite
鱼	yu	n.	Fisch
第二条	di:er:tiao	n.	Artikel 2
事先	shi:xian	adv.	vorher
约束	yue:shu	v.	einschränken
高端	gao:duan	adj.	Highend
数额	shu:e	n.	Höhe
诗人	shi:ren	n.	Dichter
一篇	yi:pian	mw.	ein Stück
实例	shi:li	n.	Beispiel
器材	qi:cai	n.	Geräte
春天	chun:tian	n.	Frühling
依旧	yi:jiu	adv.	weiterhin
徐	xu	n.	Xu
生动	sheng:dong	adj.	lebendig
评定	ping:ding	v.	beurteilen
快捷	kuai:jie	adj.	schnell
出于	chu:yu	prep.	aus
附加	fu:jia	adj.	zusätzlich
显著	xian:zhu	adj.	bedeutend
我院	wo:yuan	n.	Unser Institut
星级	xing:ji	n.	Sternbewertung
借助	jie:zhu	v.	mithilfe von
决心	jue:xin	n.	Entschlossenheit
地域	di:yu	n.	Region
音频	yin:pin	n.	Audio
型	xing	n.	Typ
边缘	bian:yuan	n.	Rand
几种	ji:zhong	num.	mehrere Arten
娜	na	n.	Na（Name）
冬天	dong:tian	n.	Winter
宽度	kuan:du	n.	Breite
绿化	lv:hua	v.	begrünen
在家	zai:jia	v.	zu Hause sein
暴	bao	adj.	heftig
暴	bao	v.	aussetzen
气质	qi:zhi	n.	Temperament
亡	wang	v.	sterben
毫无	hao:wu	adv.	überhaupt nicht
中国共产党	zhong:guo:gong:chan:dang	n.	Kommunistische Partei Chinas
铁树	tie:shu	n.	Palmfarn
高兴	gao:xing	adj.	froh
桌面	zhuo:mian	n.	Schreibtisch
部队	bu:dui	n.	Truppe
税务机关	shui:wu:ji:guan	n.	Steuerbehörde
君	jun	n.	Herr
孩子们	hai:zi:men	n.	die Kinder
办事处	ban:shi:chu	n.	Geschäftsstelle
率先	shuai:xian	adv.	zuerst
一周	yi:zhou	n.	eine Woche
律师事务所	lv:shi:shi:wu:suo	n.	Anwaltskanzlei
建造	jian:zao	v.	bauen
地震	di:zhen	n.	Erdbeben
各项工作	ge:xiang:gong:zuo	n.	alle Arbeiten
嫌弃	xian:qi	v.	verabscheuen
国有企业	guo:you:qi:ye	n.	Staatsunternehmen
科学家	ke:xue:jia	n.	Wissenschaftler
致使	zhi:shi	v.	verursachen
下载地址	xia:zai:di:zhi	n.	Download-Adresse
全世界	quan:shi:jie	n.	die ganze Welt
发货	fa:huo	v.	Versand von Waren
大地	da:di	n.	Erde
传奇	chuan:qi	n.	Legende
星光	xing:guang	n.	Sternenlicht
黄色	huang:se	n.	Gelb
便利	bian:li	adj.	bequem
候选	hou:xuan	v.	Kandidat sein
讲解	jiang:jie	v.	erklären
木马	mu:ma	n.	Trojaner
认识到	ren:shi:dao	v.	erkennen
直销	zhi:xiao	n.	Direktvertrieb
保养	bao:yang	v.	warten
百分点	bai:fen:dian	n.	Prozentpunkt
劳动力	lao:dong:li	n.	Arbeitskraft
变革	bian:ge	v.	transformieren
变革	bian:ge	n.	Transformation
多元	duo:yuan	adj.	vielfältig
农民工	nong:min:gong	n.	Arbeitsmigrant
工商	gong:shang	n.	Industrie und Handel
频繁	pin:fan	adj.	häufig
商品房	shang:pin:fang	n.	Wohnung auf dem Markt
两者	liang:zhe	pron.	beide
维权	wei:quan	v.	Rechte verteidigen
信息披露	xin:xi:pi:lu	n.	Informationsoffenlegung
长城	chang:cheng	n.	Chinesische Mauer
深刻	shen:ke	adj.	tiefief
混乱	hun:luan	adj.	chaotisch
混乱	hun:luan	n.	Chaos
讨	tao	v.	erbitten
讨	tao	v.	besprechen
没事	mei:shi	adj.	kein Problem
店铺	dian:pu	n.	Geschäft
假如	jia:ru	conj.	falls
辈	bei	n.	Generation
辈	bei	mw.	Generation (Zähleinheit)
适当的	shi:dang:de	adj.	angemessen
内蒙古	nei:meng:gu	n.	Innere Mongolei
象征	xiang:zheng	v.	symbolisieren
象征	xiang:zheng	n.	Symbol
转化	zhuan:hua	v.	umwandeln
当日	dang:ri	n.	an jenem Tag
分子	fen:zi	n.	Molekül
分子	fen:zi	n.	Mitglied
户外	hu:wai	n.	Freien
户外	hu:wai	adj.	Outdoor-
所有权	suo:you:quan	n.	Eigentum
对价	dui:jia	n.	Gegenleistung
燃烧	ran:shao	v.	brennen
懂	dong	v.	verstehen
海淀区	hai:dian:qu	n.	Bezirk Haidian
蛋白质	dan:bai:zhi	n.	Protein
全力	quan:li	n.	ganze Kraft
实物	shi:wu	n.	realer Gegenstand
夏天	xia:tian	n.	Sommer
书法	shu:fa	n.	Kalligraphie
腿	tui	n.	Bein
说过	shuo:guo	v.	gesagt ha
灭	mie	v.	löschen
气体	qi:ti	n.	Gas
上门	shang:men	v.	besuchen
不懂	bu:dong	v.	nicht verstehen
妙	miao	adj.	geschickt
发明	fa:ming	v.	erfinden
发明	fa:ming	n.	Erfindung
金融机构	jin:rong:ji:gou	n.	Finanzinstitut
继承	ji:cheng	v.	erben
原帖	yuan:tie	n.	Originalbeitrag
凭证	ping:zheng	n.	Beleg
执法人员	zhi:fa:ren:yuan	n.	Vollzugsbeamter
效	xiao	n.	Wirkung
危	wei	adj.	gefährlich
不合格	bu:he:ge	adj.	nicht geeignet
多年来	duo:nian:lai	adv.	seit vielen Jahren
各单位	ge:dan:wei	n.	jede Einheit
师生	shi:sheng	n.	Lehrer und Schüler
遭遇	zao:yu	v.	erleiden
遭遇	zao:yu	n.	Schicksalsschlag
优	you	adj.	vorzüglich
盘	pan	n.	Teller
盘	pan	mw.	Zähleinheit für gewundene Dinge
留学	liu:xue	v.	im Ausland studieren
架构	jia:gou	n.	Architektur
匿名	ni:ming	adj.	anonim
万亩	wan:mu	n.	10.000 Mu
丁	ding	n.	Mann
丁	ding	n.	Ding
趣	qu	n.	Vergnügen
修正	xiu:zheng	v.	korrigieren
修正	xiu:zheng	n.	Korrektur
湖南省	hu:nan:sheng	n.	Provinz Hunan
妖	yao	n.	Dämon
相反	xiang:fan	adj.	entgegengesetzt
相反	xiang:fan	adv.	im Gegenteil
随机	sui:ji	adj.	zufällig
束	shu	mw.	Bündel
束	shu	v.	binden
透过	tou:guo	prep.	durch
潜力	qian:li	n.	Potenzial
建设部	jian:she:bu	n.	Bauministerium
一群	yi:qun	mw.	eine Gruppe
增多	zeng:duo	v.	zunehmen
诗	shi	n.	Gedicht
人间	ren:jian	n.	Menschenwelt
连锁	lian:suo	n.	Kette
连锁	lian:suo	v.	verkettet
难题	nan:ti	n.	schwieriges Problem
调动	diao:dong	v.	versetzen
调动	diao:dong	v.	mobilisieren
迎	ying	v.	willkommen heißen
下次	xia:ci	n.	nächstes Mal
舍	she	v.	aufgeben
舍	she	n.	Haus
轮胎	lun:tai	n.	Reifen
入住	ru:zhu	v.	einziehen
倡导	chang:dao	v.	befürworten
大门	da:men	n.	Tor
不然	bu:ran	conj.	sonst
二年	er:nian	num.	zwei Jahre
咨询电话	zi:xun:dian:hua	n.	Auskunftstelefon
私人	si:ren	adj.	privat
同类	tong:lei	n.	gleiche Art
温馨	wen:xin	adj.	gemütlich
诸多	zhu:duo	adj.	viele
究	jiu	v.	untersuchen
物体	wu:ti	n.	Körper
融入	rong:ru	v.	eingliedern
送达	song:da	v.	zustellen
明确的	ming:que:de	adj.	klar
乡村	xiang:cun	n.	Land
电流	dian:liu	n.	Strom
彩	cai	n.	Farbe
大街	da:jie	n.	Straße
神奇	shen:qi	adj.	wundersam
国语	guo:yu	n.	Staatssprache
不准	bu:zhun	v.	nicht erlauben
委	wei	v.	übertragen
采集	cai:ji	v.	sammeln
挂	gua	v.	hängen
强制	qiang:zhi	v.	erzwingen
供电	gong:dian	v.	Strom liefern
笔	bi	n.	Stift
笔	bi	mw.	Strich
光明	guang:ming	adj.	hell
完毕	wan:bi	v.	beenden
楼层	lou:ceng	n.	Etage
陆续	lu:xu	adv.	nacheinander
经验值	jing:yan:zhi	n.	Erfahrungspunkte
平面	ping:mian	n.	Ebene
狗	gou	n.	Hund
骑士	qi:shi	n.	Ritter
离婚	li:hun	v.	scheiden
发育	fa:yu	v.	wachsen
可靠	ke:kao	adj.	zuverlässig
均匀	jun:yun	adj.	gleichmäßig
不妨	bu:fang	adv.	ruhig
鲜	xian	adj.	frisch
抱着	bao:zhe	v.	umarmen
纸	zhi	n.	Papier
网友评论	wang:you:ping:lun	n.	Kommentare der Netizen
第三条	di:san:tiao	num.	dritte
抗	kang	v.	widerstehen
防御	fang:yu	v.	verteidigen
探	tan	v.	erkunden
韩	han	n.	Korea
读取	du:qu	v.	einlesen
下跌	xia:die	v.	fallen
要点	yao:dian	n.	Wesentliche
早餐	zao:can	n.	Frühstück
经营许可证	jing:ying:xu:ke:zheng	n.	Gewerbeerlaubnis
较强	jiao:qiang	adj.	verhältnismäßig stark
尼	ni	n.	ni
竞争的	jing:zheng:de	adj.	wettbewerbsfähig
秘书	mi:shu	n.	Sekretärin
控	kong	v.	kontrollieren
可达	ke:da	v.	erreichen können
惜	xi	v.	schätzen
传来	chuan:lai	v.	überkommen
珠	zhu	n.	Perle
预览	yu:lan	v.	vorschauen
脚本	jiao:ben	n.	Skript
有一天	you:yi:tian	adv.	eines Tages
签证	qian:zheng	n.	Visum
年后	nian:hou	n.	nach dem Neujahrsfest
抽	chou	v.	ziehen
周岁	zhou:sui	n.	volles Lebensjahr
凡是	fan:shi	adv.	jeder
世界杯	shi:jie:bei	n.	Weltmeisterschaft
水分	shui:fen	n.	Feuchtigkeit
创	chuang	v.	schaffen
职业教育	zhi:ye:jiao:yu	n.	Berufsbildung
新年	xin:nian	n.	Neujahr
限期	xian:qi	n.	Frist
归	gui	v.	zurückkehren
好多	hao:duo	adj.	viele
此前	ci:qian	adv.	zuvor
星座	xing:zuo	n.	Sternbild
省政府	sheng:zheng:fu	n.	Provinzregierung
多元化	duo:yuan:hua	v.	diversifizieren
挺	ting	adv.	ziemlich
手法	shou:fa	n.	Technik
奋	fen	adj.	energisch
解析	jie:xi	v.	analysieren
西班牙	xi:ban:ya	n.	Spanien
财政部	cai:zheng:bu	n.	Finanzministerium
春节	chun:jie	n.	Frühlingsfest
恐惧	kong:ju	n.	Angst
构成犯罪	gou:cheng:fan:zui	v.	eine Straftat darstellen
陪	pei	v.	begleiten
电梯	dian:ti	n.	Fahrstuhl
旋转	xuan:zhuan	v.	rotieren
专区	zhuan:qu	n.	Sonderzone
宽带	kuan:dai	n.	Breitband
印花税	yin:hua:shui	n.	Stempelsteuer
不应	bu:ying	v.	sollte nicht
功率	gong:lv	n.	Leistung
大酒店	da:jiu:dian	n.	Gran Hotel
从业人员	cong:ye:ren:yuan	n.	Branchenangehöriger
公安	gong:an	n.	öffentliche Sicherheit
仅供参考	jin:gong:can:kao	v.	nur als Referenz
去看	qu:kan	v.	hingehen und sehen
上课	shang:ke	v.	am Unterricht teilnehmen
第五条	di:wu:tiao	n.	Artikel 5
节约	jie:yue	v.	sparen
马自达	ma:zi:da	n.	Mazda
硬	ying	adj.	hart
硬	ying	adv.	rigide
避	bi	v.	vermeiden
情人	qing:ren	n.	Liebhaber
牵引	qian:yin	v.	ziehen
草原	cao:yuan	n.	Steppe
医疗保险	yi:liao:bao:xian	n.	Krankenversicherung
等于	deng:yu	v.	gleich sein
园	yuan	n.	Garten
托	tuo	v.	stützen
托	tuo	v.	anvertrauen
智力	zhi:li	n.	Intelligenz
充分利用	chong:fen:li:yong	v.	voll ausnutzen
一日	yi:ri	n.	ein Tag
风光	feng:guang	n.	Landschaft
配方	pei:fang	n.	Rezeptur
配方	pei:fang	n.	Rezept
以此	yi:ci	prep.	damit
训	xun	v.	unterweisen
见面	jian:mian	v.	treffen
签字	qian:zi	v.	unterschreiben
综合性	zong:he:xing	n.	Komplexheit
扭矩	niu:ju	n.	Moment
第四条	di:si:tiao	n.	Artikel vier
钻石	zuan:shi	n.	Diamant
这句话	zhe:ju:hua	n.	dieser Satz
勇	yong	adj.	mutig
两天	liang:tian	n.	zwei Tage
防范	fang:fan	v.	vorbeugen
场合	chang:he	n.	Anlass
替代	ti:dai	v.	ersetzen
发动	fa:dong	v.	starten
发动	fa:dong	v.	in Gang setzen
像是	xiang:shi	v.	gleich wirken
第五章	di:wu:zhang	n.	Kapitel fünf
与此同时	yu:ci:tong:shi	conj.	zugleich
阻止	zu:zhi	v.	verhindern
确立	que:li	v.	festlegen
决议	jue:yi	n.	Beschluss
找出	zhao:chu	v.	herausfinden
授课	shou:ke	v.	unterrichten
接入	jie:ru	v.	anschließen
稳定性	wen:ding:xing	n.	Stabilität
聊	liao	v.	plaudern
轻易	qing:yi	adv.	leicht
测定	ce:ding	v.	messen
外贸	wai:mao	n.	Außenhandel
奶	nai	n.	Milch
有无	you:wu	n.	Existenz
前景	qian:jing	n.	Aussichten
快递	kuai:di	n.	Expresszustellung
专业化	zhuan:ye:hua	n.	Spezialisierung
一副	yi:fu	mw.	ein Paar
一行	yi:hang	n.	eine Zeile
一行	yi:xing	n.	eine Zeile
一行	yi:xing	n.	eine Gruppe
生产经营	sheng:chan:jing:ying	n.	Produktion und Betrieb
放到	fang:dao	v.	stellen in
签署	qian:shu	v.	unterzeichnen
庄	zhuang	n.	Dorf
庄	zhuang	n.	Bankier
庄	zhuang	adj.	Feierlichkeit
参赛	can:sai	v.	an einem Wettbewerb teilnehmen
分散	fen:san	v.	verteilen
分散	fen:san	adj.	verstreut
奔	ben	v.	rennen
奔	ben	prep.	auf … zu
放大	fang:da	v.	vergrößern
辩护	bian:hu	v.	verteidigen
有序	you:xu	adj.	geordnet
见过	jian:guo	v.	gesehen haben
扣除	kou:chu	v.	abziehen
镇	zhen	n.	Stadt
镇	zhen	v.	niederdrücken
拳	quan	n.	Faust
合肥	he:fei	n.	Hefei
灯光	deng:guang	n.	Beleuchtung
荣获	rong:huo	v.	erhalten (Ehrung)
分开	fen:kai	v.	trennen
耳机	er:ji	n.	Kopfhörer
内外	nei:wai	n.	innen und außen
丢失	diu:shi	v.	verlieren
原材料	yuan:cai:liao	n.	Rohstoff
黄河	huang:he	n.	Gelber Fluss
采	cai	v.	pflücken
采	cai	v.	abbauen
并未	bing:wei	adv.	überhaupt nicht
健身	jian:shen	v.	fitnessbetreiben
研	yan	v.	schleifen
研	yan	v.	erforschen
专项	zhuan:xiang	n.	Spezialbereich
专项	zhuan:xiang	adj.	Fach-
碰到	peng:dao	v.	anstoenßen
碰到	peng:dao	v.	zufällig treffen
教练	jiao:lian	n.	Trainer
啤酒	pi:jiu	n.	Bier
友谊	you:yi	n.	Freundschaft
料	liao	n.	Material
料	liao	v.	erwarten
紧急	jin:ji	adj.	dringend
产业化	chan:ye:hua	n.	Industrialisierung
纽约	niu:yue	n.	New York
祖国	zu:guo	n.	Vaterland
对着	dui:zhe	prep.	gegenüber
顿时	dun:shi	adv.	sofort
规章	gui:zhang	n.	Vorschrift
一等奖	yi:deng:jiang	n.	erster Preis
惊喜	jing:xi	n.	angenehme Überraschung
提起	ti:qi	v.	erwennen
提起	ti:qi	v.	anheben
防护	fang:hu	n.	Schutz
防护	fang:hu	v.	schützen
方可	fang:ke	adv.	erst dann
作文	zuo:wen	n.	Aufsatz
损伤	sun:shang	n.	Beschädigung
损伤	sun:shang	v.	beschädigen
农药	nong:yao	n.	Pestizid
亲爱的	qin:ai:de	adj.	chlieb
配	pei	v.	passen
配	pei	v.	zuteilen
有力	you:li	adj.	kraftvoll
生产线	sheng:chan:xian	n.	Produktionslinie
耐心	nai:xin	n.	Geduld
耐心	nai:xin	adj.	geduldig
不太	bu:tai	adv.	nicht sehr
诱惑	you:huo	n.	Versuchung
诱惑	you:huo	v.	versuchen
介	jie	n.	Schale
介	jie	prep.	zwischen
我自己	wo:zi:ji	pron.	ich selbst
企业管理	qi:ye:guan:li	n.	Unternehmensführung
运行平台	yun:xing:ping:tai	n.	Betriebsplattform
存放	cun:fang	v.	lagern
有意	you:yi	adj.	absichtlich
有意	you:yi	v.	de absicht haben
身子	shen:zi	n.	Körper
第六条	di:liu:tiao	n.	Artikel sechs
这份	zhe:fen	mw.	ci
进而	jin:er	conj.	ferner
符号	fu:hao	n.	Symbol
改革开放	gai:ge:kai:fang	n.	Reform und Öffnung
部落	bu:luo	n.	Stamm
尊	zun	mw.	Zählwort für Statuen
尊	zun	v.	achten
答复	da:fu	v.	antworten
答复	da:fu	n.	Antwort
桥梁	qiao:liang	n.	Brücke
民营企业	min:ying:qi:ye	n.	Privatunternehmen
基因	ji:yin	n.	Gen
赋予	fu:yu	v.	verleihen
县城	xian:cheng	n.	Kreisstadt
应急	ying:ji	v.	im Notfall handeln
取决于	qu:jue:yu	v.	abhängen von
承受	cheng:shou	v.	ertragen
想想	xiang:xiang	v.	nachdenken über
短期	duan:qi	n.	kurze Frist
理财	li:cai	v.	Gelder verwalten
自愿	zi:yuan	adj.	freiwillig
金牌	jin:pai	n.	Goldmedaille
救助	jiu:zhu	v.	retten
液体	ye:ti	n.	Flüssigkeit
奉献	feng:xian	v.	hingeben
奉献	feng:xian	n.	Hingabe
真诚	zhen:cheng	adj.	aufrichtig
买家	mai:jia	n.	Käufer
安静	an:jing	adj.	ruhig
全局	quan:ju	n.	Gesamtlage
剩余	sheng:yu	adj.	übrigig
规范化	gui:fan:hua	v.	standardisieren
主力	zhu:li	n.	Hauptkraft
动员	dong:yuan	v.	mobilisieren
弹性	tan:xing	n.	Elastizität
过多	guo:duo	adj.	zu viel
辐射	fu:she	n.	Strahlung
辐射	fu:she	v.	strahlen
集中在	ji:zhong:zai	v.	konzentrieren auf
中华民族	zhong:hua:min:zu	n.	chinesische Nation
冒	mao	v.	ausstoßen
冒	mao	v.	wagen
第七条	di:qi:tiao	n.	Artikel sieben
细致	xi:zhi	adj.	sorgfältig
楼上	lou:shang	n.	Obergeschoss
大致	da:zhi	adv.	ungefähr
词汇	ci:hui	n.	Wortschatz
可怜	ke:lian	adj.	erbärmlich
东路	dong:lu	n.	Oststraße
省市	sheng:shi	n.	Provinzen und Städte
租金	zu:jin	n.	Miete
命题	ming:ti	n.	Satz
千万	qian:wan	num.	zehn Millionen
千万	qian:wan	adv.	unbedingt
军	jun	n.	Armee
意志	yi:zhi	n.	Wille
发起	fa:qi	v.	initiieren
土壤	tu:rang	n.	Boden
事宜	shi:yi	n.	Angelegenheiten
电缆	dian:lan	n.	Kabel
外地	wai:di	n.	fremde Orte
聪明	cong:ming	adj.	intelligent
煤炭	mei:tan	n.	Kohle
依赖	yi:lai	v.	abhängen
依赖	yi:lai	n.	Abhängigkeit
实体	shi:ti	n.	Entität
用药	yong:yao	n.	Medikamenteneinnahme
路口	lu:kou	n.	Kreuzung
地处	di:chu	v.	sich befinden
总公司	zong:gong:si	n.	Zentrale
不见	bu:jian	v.	nicht sehen
价值观	jia:zhi:guan	n.	Wertvorstellungen
霸道	ba:dao	adj.	tyrannisch
睡觉	shui:jiao	v.	schlafen
激动	ji:dong	adj.	aufgeregt
激动	ji:dong	v.	aufregen
行政处罚	xing:zheng:chu:fa	n.	Verwaltungsstrafe
送给	song:gei	v.	schenken
身后	shen:hou	n.	nach dem Tod
农户	nong:hu	n.	Bauernhaushalt
谋杀	mou:sha	n.	Mord
谋杀	mou:sha	v.	ermorden
占有	zhan:you	v.	besitzen
劳动保障	lao:dong:bao:zhang	n.	Arbeitsschutz
诗歌	shi:ge	n.	Dichtung
南路	nan:lu	n.	Südstraße
克服	ke:fu	v.	überwinden
大脑	da:nao	n.	Gehirn
交纳	jiao:na	v.	einzahlen
试听	shi:ting	v.	anprobehören
加载	jia:zai	v.	laden
邮寄	you:ji	v.	per Post senden
机身	ji:shen	n.	Rumpf
小于	xiao:yu	v.	kleiner als
飞行	fei:xing	v.	fliegen
飞行	fei:xing	n.	Flug
僵尸	jiang:shi	n.	Zombie
敬	jing	v.	verehren
第八条	di:ba:tiao	num.	Artikel acht
勇气	yong:qi	n.	Mut
丹	dan	n.	Zinnober
版面	ban:mian	n.	Layout
得出	de:chu	v.	ableiten
珠海	zhu:hai	n.	Zhuhai
舒	shu	adj.	behaglich
舒	shu	v.	dehnen
蛋	dan	n.	Ei
班主任	ban:zhu:ren	n.	Klassenlehrer
哼	heng	int.	hmph
哼	heng	onom.	Schnarchgeräusch
宋	song	n.	Song-Dynastie
停留	ting:liu	v.	sich aufhalten
西路	xi:lu	n.	Westroute
信访	xin:fang	n.	Eingabenwesen
艺术家	yi:shu:jia	n.	Künstler
满意地	man:yi:de	adv.	zufrieden
济	ji	v.	helfen
济	ji	v.	einen Fluss überqueren
朝阳区	chao:yang:qu	n.	Chaoyang-Viertel
制定的	zhi:ding:de	adj.	festgelegt
转身	zhuan:shen	v.	sich umdrehen
告诉你	gao:su:ni	v.	dir dir es sagen
法人	fa:ren	n.	juristische Person
路由器	lu:you:qi	n.	Router
妇	fu	n.	Frau
考验	kao:yan	n.	Prüfung
管理制度	guan:li:zhi:du	n.	Verwaltungssystem
半天	ban:tian	n.	halber Tag
生产力	sheng:chan:li	n.	Produktivkraft
箭	jian	n.	Pfeil
句	ju	n.	Satz
句	ju	mw.	ZEW für Sätze
优雅	you:ya	adj.	elegant
均有	jun:you	v.	alle haben
择	ze	v.	wählen
犯	fan	v.	begehen
与管理	yu:guan:li	prep.	mit dem Management
人格	ren:ge	n.	Persönlichkeit
人格	ren:ge	n.	Charakter
生态环境	sheng:tai:huan:jing	n.	Ökologie
遥控器	yao:kong:qi	n.	Fernbedienung
昵称	ni:cheng	n.	Spitzname
欣	xin	adj.	froh
会同	hui:tong	v.	gemeinsam con
爱好	ai:hao	n.	Hobby
开业	kai:ye	v.	geschäftlich eröffnen
拨打	bo:da	v.	wählen
甲	jia	n.	erster
甲	jia	n.	Panzer
欧	ou	n.	Europa
一一	yi:yi	adv.	eins nach dem anderen
第一节	di:yi:jie	n.	erster Abschnitt
面料	mian:liao	n.	Stoff
总统	zong:tong	n.	Präsident
幻想	huan:xiang	n.	Phantasie
这样做	zhe:yang:zuo	v.	so machen
课	ke	n.	Unterricht
心脏	xin:zang	n.	Herz
平方公里	ping:fang:gong:li	mw.	Quadratkilometer
永恒	yong:heng	adj.	ewig
研究院	yan:jiu:yuan	n.	Forschungsakademie
服务业	fu:wu:ye	n.	Dienstleistungssektor
胃	wei	n.	Magen
未婚	wei:hun	adj.	unverheiratet
扑	pu	v.	sich stürzen auf
潮流	chao:liu	n.	Gezeiten
潮流	chao:liu	n.	Trend
菲	fei	adj.	karg
有助于	you:zhu:yu	v.	fördern
论证	lun:zheng	v.	beweisen
论证	lun:zheng	n.	Argumentation
感受到	gan:shou:dao	v.	spüren
第九条	di:jiu:tiao	n.	Artikel 9
空中	kong:zhong	n.	in der Luft
注册表	zhu:ce:biao	n.	Registrierung
一身	yi:shen	n.	ganzer Körper
那位	na:wei	pron.	jene Person
简直	jian:zhi	adv.	schlechthin
电视剧	dian:shi:ju	n.	Fernsehserie
邓小平理论	deng:xiao:ping:li:lun	n.	Deng-Xiaoping-Theorie
燕	yan	n.	Schwalbe
激光	ji:guang	n.	Laser
抵触	di:chu	v.	kollidieren
一审	yi:shen	n.	erste Instanz
内在	nei:zai	adj.	inner
交付	jiao:fu	v.	übergeben
交付	jiao:fu	n.	Lieferung
给出	gei:chu	v.	geben
给出	gei:chu	v.	bereitstellen
搬完	ban:wan	v.	umziehen beenden
不高	bu:gao	adj.	nicht groß
来源于	lai:yuan:yu	v.	stammen von
作风	zuo:feng	n.	Arbeitsstil
走势	zou:shi	n.	Trend
大事	da:shi	n.	große Angelegenheit
大事	da:shi	n.	wichtige Sache
加密	jia:mi	v.	verschlüsseln
加密	jia:mi	n.	Verschlüsselung
国产软件	guo:chan:ruan:jian	n.	inländische Software
曲	qu	n.	Melodie
曲	qu	n.	Lied
繁荣	fan:rong	adj.	wohlhabend
繁荣	fan:rong	v.	blühen
演讲	yan:jiang	v.	eine Rede halten
演讲	yan:jiang	n.	Rede
诞生	dan:sheng	v.	geboren werden
满意的	man:yi:de	adj.	zufrieden
亏损	kui:sun	n.	Verlust
亏损	kui:sun	v.	Verlust machen
快速发展	kuai:su:fa:zhan	v.	sich schnell entwickeln
执业	zhi:ye	v.	beruflich tätig sein
温泉	wen:quan	n.	heiße Quelle
住在	zhu:zai	v.	wohnen
倾向	qing:xiang	n.	Tendenz
倾向	qing:xiang	v.	neigen zu
另有	ling:you	v.	eine weitere haben
工作者	gong:zuo:zhe	n.	Arbeiter
回应	hui:ying	v.	antworten
回应	hui:ying	n.	Antwort
帅哥	shuai:ge	n.	schöner Mann
第二节	di:er:jie	n.	der zweite Abschnitt
躲	duo	v.	sich verstecken
躲	duo	v.	vermeiden
露出	lou:chu	v.	enthüllen
露出	lou:chu	v.	auslaufen
露出	lu:chu	v.	zum Vorschein kommen
广阔	guang:kuo	adj.	weitläufig
火车站	huo:che:zhan	n.	der Bahnhof
除非	chu:fei	conj.	es sei denn
玄	xuan	adj.	geheimnisvoll
玄	xuan	adj.	schwarz
此后	ci:hou	adv.	danach
提倡	ti:chang	v.	befürworten
原作者	yuan:zuo:zhe	n.	Ursprungsautor
幻	huan	n.	Illusion
幻	huan	adj.	illegally Schein-
茶	cha	n.	Tee
王子	wang:zi	n.	Prinz
刊登	kan:deng	v.	veröffentlichen
太太	tai:tai	n.	Frau
新生	xin:sheng	n.	neuer Student
新生	xin:sheng	adj.	neugeboren
折	zhe	v.	falten
折	zhe	v.	brechen
折	zhe	n.	Rabatt
永久	yong:jiu	adj.	dauerhaft
永久	yong:jiu	adv.	für immer
高温	gao:wen	n.	hohe Temperatur
伊	yi	pron.	sie
岁月	sui:yue	n.	Jahre
接下来	jie:xia:lai	conj.	als Nächstes
解压	jie:ya	v.	entpacken
解压	jie:ya	v.	Stress abbauen
武汉市	wu:han:shi	n.	Wuhan
傻	sha	adj.	dumm
姓	xing	n.	Familienname
姓	xing	v.	heißen
相继	xiang:ji	adv.	nacheinander
这时候	zhe:shi:hou	n.	zu diesem Zeitpunkt
源	yuan	n.	Quelle
洛	luo	n.	Luo
市场营销	shi:chang:ying:xiao	n.	Marketing
遍	bian	mw.	Mal
遍	bian	adj.	überall
劳动合同	lao:dong:he:tong	n.	Arbeitsvertrag
意向	yi:xiang	n.	Absicht
卫星	wei:xing	n.	Satellit
网民	wang:min	n.	Netzbürger
石家庄	shi:jia:zhuang	n.	Shijiazhuang
首届	shou:jie	adj.	erste (Veranstaltung)
管辖	guan:xia	v.	Verwaltungsbefugnis
北路	bei:lu	n.	nordliche Straße
展览会	zhan:lan:hui	n.	Ausstellung
学位	xue:wei	n.	akademischer Grad
若是	ruo:shi	conj.	falls
一对	yi:dui	num.	ein Paar
脑袋	nao:dai	n.	Kopf
题材	ti:cai	n.	Stoff
全社会	quan:she:hui	n.	ganze Gesellschaft
节奏	jie:zou	n.	Rhythmus
培训班	pei:xun:ban	n.	Schulungskurs
解放	jie:fang	v.	befreien
臣	chen	n.	Untertan
弃	qi	v.	aufgeben
中断	zhong:duan	v.	unterbrechen
宿舍	su:she	n.	Studentenwohnheim
通报	tong:bao	v.	melden
通报	tong:bao	n.	Mitteilung
弟子	di:zi	n.	Jünger
可选	ke:xuan	adj.	wahlweise
照明	zhao:ming	n.	Beleuchtung
收录	shou:lu	v.	aufnehmen
犹	you	adv.	noch
看出	kan:chu	v.	erkennen
厦门市	xia:men:shi	n.	Xiamen
长春	chang:chun	n.	Changchun
水资源	shui:zi:yuan	n.	Wasserressourcen
运动员	yun:dong:yuan	n.	Sportler
变量	bian:liang	n.	variable
工作地点	gong:zuo:di:dian	n.	Arbeitsort
原因之一	yuan:yin:zhi:yi	n.	eine der Ursachen
获奖	huo:jiang	v.	prämiert werden
条码	tiao:ma	n.	Strichcode
占	zhan	v.	belegen
占	zhan	v.	ausmachen
进入了	jin:ru:le	v.	betreten
有用	you:yong	adj.	nützlich
家乡	jia:xiang	n.	Heimatstadt
辉煌	hui:huang	adj.	glorreich
漂	piao	v.	treiben
在那里	zai:na:li	adv.	dort
发布者	fa:bu:zhe	n.	Herausgeber
挑	tiao	v.	auswählen
挑	tiao	v.	portieren
暂停	zan:ting	v.	Unterbrechung
暂停	zan:ting	n.	Pause
辛苦	xin:ku	adj.	mühsam
辛苦	xin:ku	adj.	mühevoll
注册码	zhu:ce:ma	n.	Registrierungscode
获	huo	v.	erhalten
口气	kou:qi	n.	Umgangston
口气	kou:qi	n.	Ausdrucksweise
年间	nian:jian	n.	über die Jahre
尴尬	gan:ga	adj.	peinlich
农民房	nong:min:fang	n.	Bauernhaus
馒头	man:tou	n.	Dampfnudel
绿	lv	adj.	grün
饰品	shi:pin	n.	Accessoire
高潮	gao:chao	n.	Höhepunkt
斗争	dou:zheng	v.	kämpfen
斗争	dou:zheng	n.	Kampf
婚礼	hun:li	n.	Hochzeit
日记	ri:ji	n.	Tagebuch
警方	jing:fang	n.	Polizei
峰	feng	n.	Gipfel
多功能	duo:gong:neng	adj.	Multifunktions-
老虎机	lao:hu:ji	n.	Spielautomat
我家	wo:jia	n.	mein Zuhause
挖掘	wa:jue	v.	graben
挖掘	wa:jue	v.	fördern
俊	jun	adj.	schön
三次	san:ci	num.	dreimal
曲线	qu:xian	n.	Kurve
疯	feng	adj.	verrückt
法定代表人	fa:ding:dai:biao:ren	n.	gesetzlicher Vertreter
倒是	dao:shi	adv.	allerdings
适宜	shi:yi	adj.	geeignet
生理	sheng:li	n.	Physiologie
展位	zhan:wei	n.	Messestand
江西省	jiang:xi:sheng	n.	Provinz Jiangxi
不想干	bu:xiang:gan	v.	nicht machen wollen
列	lie	n.	Reihe
逾期	yu:qi	v.	überfällig sein
主导	zhu:dao	v.	führen
主导	zhu:dao	adj.	dominant
演示	yan:shi	v.	demonstrieren
前款	qian:kuan	n.	vorheriger Absatz
床上	chuang:shang	n.	auf dem Bett
商人	shang:ren	n.	Kaufmann
贫困	pin:kun	adj.	arm
区分	qu:fen	v.	unterscheiden
区分	qu:fen	n.	Unterscheidung
您的位置	nin:de:wei:zhi	n.	Ihre Position
获悉	huo:xi	v.	erfahren
杭州市	hang:zhou:shi	n.	Hangzhou
淘宝	tao:bao	n.	Taobao
志愿	zhi:yuan	n.	Aspiration
志愿	zhi:yuan	v.	sich melden
意识到	yi:shi:dao	v.	begreifen
森	sen	n.	Wald
排序	pai:xu	n.	Sortierung
排序	pai:xu	v.	sortieren
中山	zhong:shan	n.	Zhongshan
发达国家	fa:da:guo:jia	n.	Industrieland
发达国家	fa:da:guo:jia	n.	Industrieländer
部件	bu:jian	n.	Bauteil
妻	qi	n.	Ehefrau
恋	lian	n.	Liebe
这只	zhe:zhi	pron.	dieser
回头	hui:tou	v.	sich umdrehen
误	wu	v.	sich irren
误	wu	adj.	falsch
洽谈	qia:tan	v.	verhandeln
接收了	jie:shou:le	v.	empfangen
第十条	di:shi:tiao	num.	Artikel 10
较低	jiao:di	adj.	relativ niedrig
排行	pai:hang	n.	Rangliste
排行	pai:hang	v.	einstufen
拜	bai	v.	anbeten
拜	bai	v.	besuchen
伟	wei	adj.	groß
移	yi	v.	verschieben
维生素	wei:sheng:su	n.	Vitamin
没人	mei:ren	pron.	niemand
恐怖	kong:bu	n.	Terror
诉讼	su:song	n.	Prozess
主角	zhu:jue	n.	Hauptfigur
信仰	xin:yang	n.	Glaube
纳	na	v.	annehmen
结合起来	jie:he:qi:lai	v.	verbinden
塑造	su:zao	v.	formen
党	dang	n.	Partei
公示	gong:shi	v.	veröffentlichen
光驱	guang:qu	n.	optisches Laufwerk
远离	yuan:li	v.	fern bleiben
罢	ba	v.	aufhören
羊肉	yang:rou	n.	Hammelfleisch
民警	min:jing	n.	Polizist
看过	kan:guo	v.	gesehen haben
爱你	ai:ni	v.	dich lieben
颁布	ban:bu	v.	erlassen
投放	tou:fang	v.	einführen
腰	yao	n.	Taille
巧	qiao	adj.	geschickt
侵害	qin:hai	v.	verletzen
手工	shou:gong	n.	Handarbeit
孤	gu	adj.	einsam
利息	li:xi	n.	Zinsen
波动	bo:dong	v.	schwanken
周一	zhou:yi	n.	Montag
人事部	ren:shi:bu	n.	Personalabteilung
软件大小	ruan:jian:da:xiao	n.	Softwaregröße
闭	bi	v.	schließen
响应	xiang:ying	v.	antworten
薪酬	xin:chou	n.	Vergütung
商业银行	shang:ye:yin:hang	n.	Geschäftsbank
中期	zhong:qi	n.	Mittelfrist
风情	feng:qing	n.	Reiz
核实	he:shi	v.	überprüfen
两国	liang:guo	n.	beide Länder
小麦	xiao:mai	n.	Weizen
绝大多数	jue:da:duo:shu	n.	große Mehrheit
惊讶	jing:ya	adj.	überrascht
名牌	ming:pai	n.	Marke
清单	qing:dan	n.	Liste
各自的	ge:zi:de	pron.	jeweils eigen
民众	min:zhong	n.	Population
信息内容	xin:xi:nei:rong	n.	Informationsinhalt
模仿	mo:fang	v.	nachahmen
圆	yuan	adj.	rund
圆	yuan	n.	Kreis
碰	peng	v.	stoßen
做事	zuo:shi	v.	Dinge tun
力争	li:zheng	v.	streben
另一种	ling:yi:zhong	pron.	eine andere Art
请填写	qing:tian:xie	v.	Bitte ausfüllen
好评	hao:ping	n.	gute Bewertung
仪式	yi:shi	n.	Zeremonie
镜	jing	n.	Spiegel
无人	wu:ren	adj.	unbemannt
向前	xiang:qian	adv.	vorwärts
软	ruan	adj.	weich
优惠价	you:hui:jia	n.	Vorzugspreis
全国各地	quan:guo:ge:di	n.	ganz im Land
两侧	liang:ce	n.	beide Seiten
光学	guang:xue	n.	Optik
扶贫	fu:pin	v.	Armutsbekämpfung
质量管理	zhi:liang:guan:li	n.	Qualitätsmanagement
期刊	qi:kan	n.	Zeitschrift
厚	hou	adj.	dick
剧情	ju:qing	n.	Handlung
款式	kuan:shi	n.	Stil
报刊	bao:kan	n.	Presse
详细说明	xiang:xi:shuo:ming	v.	erläutern
累	lei	adj.	müde
累	lei	v.	ermüden
技术人员	ji:shu:ren:yuan	n.	Techniker
昨	zuo	n.	Tag zuvor
车主	che:zhu	n.	Fahrzeughalter
幽	you	adj.	still
战时	zhan:shi	n.	Kriegszeit
免费软件	mian:fei:ruan:jian	n.	Freeware
悲	bei	adj.	traurig
供给	gong:ji	v.	liefern
缴费	jiao:fei	v.	Gebühren zahlen
竞争对手	jing:zheng:dui:shou	n.	Konkurrent
日后	ri:hou	n.	zukünftig
股市	gu:shi	n.	Aktienmarkt
新农村建设	xin:nong:cun:jian:she	n.	Dorfentwicklungsprogramm
表彰	biao:zhang	v.	auszeichnen
字数	zi:shu	n.	Zeichenanzahl
短短	duan:duan	adj.	kurz
丈	zhang	mw.	zhàng (3,3 m)
当场	dang:chang	adv.	an Ort und Stelle
漏洞	lou:dong	n.	Schlupfloch
全职	quan:zhi	adj.	hauptberuflich
电机	dian:ji	n.	Elektromotor
用力	yong:li	adv.	mit Kraft
副主席	fu:zhu:xi	n.	Stellvertretender Vorsitzender
门户	men:hu	n.	Porte
门户	men:hu	n.	Portal
身材	shen:cai	n.	Figur
来信	lai:xin	n.	Postsendung
完美的	wan:mei:de	adj.	vollkommen
收回	shou:hui	v.	zurückholen
组长	zu:zhang	n.	Gruppenleiter
侵犯版权	qin:fan:ban:quan	v.	Urheberrecht verletzen
桂林	gui:lin	n.	Guilin
载体	zai:ti	n.	Träger
违规	wei:gui	v.	Regeln verletzen
市场占有率	shi:chang:zhan:you:lv	n.	Marktanteil
样式	yang:shi	n.	Stil
样式	yang:shi	n.	Muster
生气	sheng:qi	v.	böse werden
牌	pai	n.	Tafel
牌	pai	n.	Marke
身体健康	shen:ti:jian:kang	adj.	gesund
奇迹	qi:ji	n.	Wunder
大楼	da:lou	n.	Gebäude
月薪	yue:xin	n.	Monatsgehalt
国王	guo:wang	n.	König
降	jiang	v.	fallen
降	jiang	v.	verringern
降	xiang	v.	kapitulieren
弟弟	di:di	n.	jüngerer Bruder
要么	yao:me	conj.	entweder
恶意	e:yi	n.	Malice
陷入	xian:ru	v.	geraten in
气象	qi:xiang	n.	Meteorologie
走过	zou:guo	v.	m vorbeigehen
颜	yan	n.	Gesicht
立体	li:ti	adj.	räumlich
劳	lao	v.	arbeiten
语句	yu:ju	n.	Satz
偏	pian	adv.	geradeabo
党组	dang:zu	n.	Parteigruppe
本土	ben:tu	n.	Inland
省	sheng	v.	sparen
过后	guo:hou	adv.	später
糊	hu	v.	kleben
馆	guan	n.	Halle
下一步	xia:yi:bu	n.	nächster Schritt
控制器	kong:zhi:qi	n.	Regler
烧	shao	v.	brennen
身影	shen:ying	n.	Gestalt
暴力	bao:li	n.	Gewalt
谓	wei	v.	nennen
起诉	qi:su	v.	verklagen
财	cai	n.	Reichtum
舰	jian	n.	Kriegsschiff
谈话	tan:hua	v.	sprechen
沙发	sha:fa	n.	Sofa
花费	hua:fei	v.	ausgeben
慢性	man:xing	adj.	chronisch
制造商	zhi:zao:shang	n.	Hersteller
时光	shi:guang	n.	Zeit
说出	shuo:chu	v.	sagen
眼里	yan:li	n.	in den Augen
被动	bei:dong	adj.	passiv
假设	jia:she	v.	annehmen
选拔	xuan:ba	v.	auswählen
汗	han	n.	Schweiß
奈	nai	v.	ertragen
指使	zhi:shi	v.	anstiften
起点	qi:dian	n.	Startpunkt
操	cao	v.	verfluchen
贿赂	hui:lu	n.	Bestechung
应付	ying:fu	v.	umgehen mit
葡萄	pu:tao	n.	Traube
联络	lian:luo	v.	kontaktieren
法定	fa:ding	adj.	gesetzlich
众生	zhong:sheng	n.	alle Lebewesen
第十一条	di:shi:yi:tiao	num.	Artikel 11
珍惜	zhen:xi	v.	schätzen
分解	fen:jie	v.	zerlegen
经济学	jing:ji:xue	n.	Volkswirtschaftslehre
评级	ping:ji	n.	Bewertung
主办单位	zhu:ban:dan:wei	n.	Veranstalter
档次	dang:ci	n.	Klasse
强的	qiang:de	adj.	stark
中国企业	zhong:guo:qi:ye	n.	chinesisches Unternehmen
虚拟主机	xu:ni:zhu:ji	n.	virtuelles Hosting
周年	zhou:nian	n.	Jahrestag
盲目	mang:mu	adj.	blind
邮政	you:zheng	n.	Postdienst
答应	da:ying	v.	zusagen
增值	zeng:zhi	v.	an Wert gewinnen
特有	te:you	adj.	eigenartig
版块	ban:kuai	n.	Rubrik
首选	shou:xuan	n.	erste Wahl
幅度	fu:du	n.	Umfang
迹	ji	n.	Spur
给自己	gei:zi:ji	v.	sich selbst geben
更快	geng:kuai	adv.	schneller
现已	xian:yi	adv.	jetzt schon
不利	bu:li	adj.	nachteilig
司法	si:fa	n.	Justiz
尸	shi	n.	Leiche
悄	qiao	adj.	leise
对策	dui:ce	n.	Gegenmaßnahme
到现在	dao:xian:zai	adv.	bis jetzt
到现在	dao:xian:zai	v.	bis jetzt gelangen
西北	xi:bei	n.	Nordwest
对付	dui:fu	v.	umgehen mit
可以让	ke:yi:rang	v.	lassen können
非洲	fei:zhou	n.	Afrika
公司简介	gong:si:jian:jie	n.	Firmenprofil
受伤	shou:shang	v.	sich verletzen
成都市	cheng:du:shi	n.	Chengdu
一会	yi:hui	n.	einen Augenblick
通过了	tong:guo:le	v.	durchgekommen
该企业	gai:qi:ye	n.	dieses Unternehmen
做得	zuo:de	v.	gut machen
伟大的	wei:da:de	adj.	großartig
少量	shao:liang	adj.	kleine Menge
古老	gu:lao	adj.	alt
为基础	wei:ji:chu	v.	als Grundlage basieren
航空公司	hang:kong:gong:si	n.	Fluglinie
著作	zhu:zuo	n.	Schriftwerk
能不能	neng:bu:neng	v.	können oder nicht
残	can	adj.	unvollständig
缩小	suo:xiao	v.	schrumpfen
严肃	yan:su	adj.	ernst
欢乐	huan:le	adj.	fröhlich
后悔	hou:hui	v.	bereuen
协作	xie:zuo	v.	kooperieren
不代表	bu:dai:biao	v.	nicht vertreten
尖	jian	adj.	spitz
南昌	nan:chang	n.	Nanchang
鲁	lu	n.	Lu
工业化	gong:ye:hua	v.	industrialisieren
锋	feng	n.	Schneide
专业技术	zhuan:ye:ji:shu	n.	Fachtechnologie
共享版	gong:xiang:ban	n.	Shared-Version
在使用	zai:shi:yong	v.	in Gebrauch sein
大中小	da:zhong:xiao	n.	groß, mittel und klein
讲述	jiang:shu	v.	erzählen
以致	yi:zhi	conj.	sodass
圈	quan	n.	Kreis
外出	wai:chu	v.	ausgehen
首都	shou:du	n.	Hauptstadt
腐败	fu:bai	n.	Korruption
腐败	fu:bai	adj.	korrupt
撰写	zhuan:xie	v.	verfassen
详细介绍	xiang:xi:jie:shao	n.	detaillierte Einführung
客房	ke:fang	n.	Gästezimmer
加油站	jia:you:zhan	n.	Tankstation
争执	zheng:zhi	n.	Streit
房地产开发	fang:di:chan:kai:fa	n.	die Entwicklung
业余	ye:yu	adj.	amateurhaft
业余	ye:yu	n.	Freizeit
按规定	an:gui:ding	prep.	vorschriftsgemäß
车站	che:zhan	n.	Bahnhof
工作室	gong:zuo:shi	n.	Atelier
前者	qian:zhe	n.	Ersteres
嘉宾	jia:bin	n.	Ehrengast
典型的	dian:xing:de	adj.	typisch
无底线	wu:di:xian	adj.	ohne Grenzen
自然的	zi:ran:de	adj.	natürlich
油	you	n.	Öl
入学	ru:xue	v.	eingeschult werden
入学	ru:xue	n.	Schuleintritt
冲动	chong:dong	n.	Impuls
冲动	chong:dong	adj.	impulsiv
怪物	guai:wu	n.	Ungeheuer
苏联	su:lian	n.	Sowjetunion
不肯	bu:ken	v.	nicht wollen
甘肃	gan:su	n.	Gansu
项	xiang	mw.	(Zählwort)
信用卡	xin:yong:ka	n.	Kreditkarte
撞	zhuang	v.	prallen
瞬	shun	n.	Augenblick
管理机构	guan:li:ji:gou	n.	Verwaltungsorgan
日语	ri:yu	n.	Japanisch
统筹	tong:chou	v.	koordinieren
排放	pai:fang	n.	Emission
排放	pai:fang	v.	ableiten
无聊	wu:liao	adj.	langweilig
招商引资	zhao:shang:yin:zi	v.	Investitionen anziehen
龙头	long:tou	n.	Drachenkopf
龙头	long:tou	n.	Wasserhahn
组委会	zu:wei:hui	n.	Organkomitee
忆	yi	v.	sich erinnern
注入	zhu:ru	v.	injizieren
悄悄	qiao:qiao	adv.	heimlich
部分的	bu:fen:de	adj.	teilweise
盖	gai	v.	bedecken
制作的	zhi:zuo:de	adj.	hergestellt
欢迎光临	huan:ying:guang:lin	int.	Herzlich willkommen
名人	ming:ren	n.	Berühmtheit
帝国	di:guo	n.	Kaiserreich
浓度	nong:du	n.	Konzentration
稿件	gao:jian	n.	Manuskript
自定义	zi:ding:yi	n.	Anpassung
自定义	zi:ding:yi	adj.	benutzerdefiniert
认知	ren:zhi	n.	Kognition
认知	ren:zhi	v.	erkennen
知名度	zhi:ming:du	n.	Bekanntheit
网通	wang:tong	n.	China Netcom
难点	nan:dian	n.	schwieriger Punkt
尤	you	adv.	besonders
股价	gu:jia	n.	Aktienkurs
海拔	hai:ba	n.	Seehöhe
码头	ma:tou	n.	Kai
越来越多	yue:lai:yue:duo	adj.	immer mehr
本单位	ben:dan:wei	n.	die eigene Organisation
资深	zi:shen	adj.	erfahren
血管	xue:guan	n.	Blutgefäß
厉害	li:hai	adj.	stark
厉害	li:hai	adj.	beeindruckend
代价	dai:jia	n.	Preis
义气	yi:qi	n.	Loyalität
这么多	zhe:me:duo	pron.	so viel
深受	shen:shou	adv.	tief
徒	tu	n.	Jünger
一脸	yi:lian	n.	ein Gesicht voll
头上	tou:shang	n.	auf dem Kopf
空白	kong:bai	n.	Leere
空白	kong:bai	adj.	leer
点击次数	dian:ji:ci:shu	n.	Anzahl der Klicks
大规模	da:gui:mo	adj.	großangelegt
此事	ci:shi	n.	diese Angelegenheit
乡	xiang	n.	Land
乡	xiang	n.	rurale
商务部	shang:wu:bu	n.	Handelsministerium
专卖店	zhuan:mai:dian	n.	Fachgeschäft
人文	ren:wen	n.	Geisteswissenschaften
用水	yong:shui	n.	Wassernutzung
颗粒	ke:li	n.	Korn
保管	bao:guan	v.	Verwahrung
保管	bao:guan	v.	aufbewahren
概	gai	adv.	im Allgemeinen
百年	bai:nian	n.	ans Jahrhundert
相关文章	xiang:guan:wen:zhang	n.	verwandter Artikel
政府采购	zheng:fu:cai:gou	n.	Staatsbeschaffung
黑客	hei:ke	n.	Hacker
钢铁	gang:tie	n.	Stahl
越南	yue:nan	n.	Vietnam
人民群众	ren:min:qun:zhong	n.	Volksmassen
尊敬	zun:jing	v.	respektieren
叫到	jiao:dao	v.	nennen
密度	mi:du	n.	Dichte
乐队	yue:dui	n.	Kapelle
户	hu	mw.	Haushalt
医疗器械	yi:liao:qi:xie	n.	Medizinprodukt
转型	zhuan:xing	n.	Transformation
转型	zhuan:xing	v.	transformieren
系列产品	xi:lie:chan:pin	n.	Serienprodukte
追究	zhui:jiu	v.	verfolgen
棉花	mian:hua	n.	Baumwolle
变形	bian:xing	v.	sich verformen
热心	re:xin	adj.	beherzt
点数	dian:shu	n.	Punktzahl
荡	dang	v.	schwingen
那边	na:bian	n.	dort
查阅	cha:yue	v.	nachschlagen
地铁	di:tie	n.	U-Bahn
老子	lao:zi	n.	Laoszi
老子	lao:zi	pron.	ich
职权	zhi:quan	n.	Befugnis
病情	bing:qing	n.	Krankheitszustand
一月	yi:yue	n.	Januar
素质教育	su:zhi:jiao:yu	n.	Ganzheitsbildung
场面	chang:mian	n.	Szene
迎接	ying:jie	v.	empfangen
派出所	pai:chu:suo	n.	Polizeirevier
得多	de:duo	adv.	beileibe
脸色	lian:se	n.	Gesichtsfarbe
正版	zheng:ban	n.	lizenzierte Ausgabe
工商行政管理	gong:shang:xing:zheng:guan:li	n.	Industrie- und Handelsverwaltung
教育教学	jiao:yu:jiao:xue	n.	Bildung und Unterricht
艺	yi	n.	Kunst
增	zeng	v.	zunehmen
副本	fu:ben	n.	Kopie
外形	wai:xing	n.	äußere Form
导入	dao:ru	v.	importieren
大豆	da:dou	n.	Sojabohne
祖	zu	n.	Vorfahre
一个个	yi:ge:ge	adv.	eins nach dem anderen
个人意见	ge:ren:yi:jian	n.	persönliche Meinung
欧元	ou:yuan	n.	Euro
利率	li:lv	n.	Zinssatz
汉字	han:zi	n.	chinesisches Zeichen
单词	dan:ci	n.	Wort
激活	ji:huo	v.	aktivieren
被称为	bei:cheng:wei	v.	genannt werden
眼镜	yan:jing	n.	Brille
以人为本	yi:ren:wei:ben	adj.	menschenzentriert
你自己	ni:zi:ji	pron.	du selbst
购房	gou:fang	v.	Wohnung kaufen
侵权	qin:quan	v.	Rechte verletzen
困	kun	adj.	müde
困	kun	v.	feststecken
殿	dian	n.	Halle
过度	guo:du	adj.	übermäßig
对照	dui:zhao	v.	vergleichen
对照	dui:zhao	n.	Kontrast
秘书长	mi:shu:zhang	n.	Generalsekretär
迅	xun	n.	Xun
横	heng	adj.	horizontal
范	fan	n.	Fan
伙伴	huo:ban	n.	Partner
价位	jia:wei	n.	Preisniveau
佛山	fo:shan	n.	Foshan
孔子	kong:zi	n.	Konfuzius
可怕	ke:pa	adj.	furchtbar
奥运会	ao:yun:hui	n.	Olympische Spiele
侠客	xia:ke	n.	Ritter-Errant
概述	gai:shu	v.	zusammenfassen
概述	gai:shu	n.	Überblick
一代	yi:dai	n.	Generation
人为	ren:wei	adj.	künstlich
说明书	shuo:ming:shu	n.	Bedienungsanleitung
回帖	hui:tie	v.	auf einen Beitrag antworten
回帖	hui:tie	n.	Antwort
单价	dan:jia	n.	Stückpreis
遗憾	yi:han	adj.	bedauerlich
遗憾	yi:han	n.	Bedauern
脱离	tuo:li	v.	sich lösen
口味	kou:wei	n.	Geschmack
耳朵	er:duo	n.	Ohren
健康发展	jian:kang:fa:zhan	n.	gesunde Entwicklung
生育	sheng:yu	v.	gebären
此刻	ci:ke	n.	dieser Moment
细菌	xi:jun	n.	Bakterie
律	lv	n.	Gesetz
朝鲜	chao:xian	n.	Nordkorea
录像	lu:xiang	v.	ein Video aufnehmen
录像	lu:xiang	n.	Videoaufnahme
高低	gao:di	n.	Höhe
高低	gao:di	adv.	überhaupt
山水	shan:shui	n.	Landschaft
门	men	n.	Tür
门	men	mw.	Fach
番	fan	mw.	Mal
纪律	ji:lv	n.	Disziplin
只不过	zhi:bu:guo	adv.	nur
国有资产	guo:you:zi:chan	n.	Staatsvermögen
失望	shi:wang	v.	enttäuscht sein
失望	shi:wang	n.	Enttäuschung
业内人士	ye:nei:ren:shi	n.	Branchenkenner
夜晚	ye:wan	n.	Nacht
选中	xuan:zhong	v.	auswählen
月亮	yue:liang	n.	Mond
主营	zhu:ying	v.	Hauptsächlich betreiben
遭到	zao:dao	v.	erleiden
第三方	di:san:fang	n.	Dritte
辽宁省	liao:ning:sheng	n.	Provinz Liaoning
企	qi	v.	erwarten
惨	can	adj.	schrecklich
限	xian	v.	begrenzen
限	xian	n.	Grenze
样板	yang:ban	n.	Vorbild
沉默	chen:mo	adj.	schweigend
信念	xin:nian	n.	Überzeugung
喝酒	he:jiu	v.	Alkohol trinken
回顾	hui:gu	v.	zurückblicken
回顾	hui:gu	n.	Rückblick
联通	lian:tong	v.	verbinden
教育局	jiao:yu:ju	n.	Bildungsamt
聚	ju	v.	sich versammeln
福利	fu:li	n.	Wohlfahrt
福利	fu:li	n.	Zusatzleistung
含	han	v.	enthalten
含	han	v.	im Mund halten
顶级	ding:ji	adj.	erstklassig
集合	ji:he	v.	sich versammeln
集合	ji:he	n.	Menge
笑点	xiao:dian	n.	Witzgracias
弹出	tan:chu	v.	aufploppen
弹出	tan:chu	v.	auswerfen
内衣	nei:yi	n.	Unterwäsche
户口	hu:kou	n.	Haushaltsregistrierung
随即	sui:ji	adv.	unmittelbar
中路	zhong:lu	n.	mittlere Bahn
唱片	chang:pian	n.	Schallplatte
音响	yin:xiang	n.	Stereoanlage
高压	gao:ya	n.	Hochdruck
第十三条	di:shi:san:tiao	num.	Artikel 13
自行车	zi:xing:che	n.	Fahrrad
忍不住	ren:bu:zhu	v.	nicht widerstehen können
出国	chu:guo	v.	ins Ausland gehen
经营管理	jing:ying:guan:li	n.	Betriebsführung
凭	ping	prep.	aufgrund von
凭	ping	v.	sich stützen
公交	gong:jiao	n.	Öffentlicher Nahverkehr
摄像头	she:xiang:tou	n.	Kamera
右手	you:shou	n.	rechte Hand
姿势	zi:shi	n.	Haltung
户型	hu:xing	n.	Grundriss
媒介	mei:jie	n.	Medium
精选	jing:xuan	v.	auswählen
精选	jing:xuan	n.	Auswahl
清华大学	qing:hua:da:xue	n.	Tsinghua-Universidad
网卡	wang:ka	n.	Netzwerkkarte
剧	ju	n.	Schauspiel
回复日期	hui:fu:ri:qi	n.	Antwortdatum
模糊	mo:hu	adj.	unklar
模糊	mo:hu	v.	verschwimmen
用法	yong:fa	n.	Gebrauch
许多人	xu:duo:ren	n.	viele Menschen
瑞士	rui:shi	n.	Schweiz
视野	shi:ye	n.	Gesichtsfeld
视野	shi:ye	n.	Horizont
服务热线	fu:wu:re:xian	n.	Service-Hotline
任何一个	ren:he:yi:ge	pron.	jedes beliebige
牺牲	xi:sheng	v.	opfern
牺牲	xi:sheng	n.	Opfer
如果说	ru:guo:shuo	conj.	wenn man sagt
充分的	chong:fen:de	adj.	ausreichend
巴西	ba:xi	n.	Brasilien
平稳	ping:wen	adj.	stabil
碎	sui	adj.	zerbrochen
碎	sui	v.	zerschmettern
调试	tiao:shi	v.	debuggen
调试	tiao:shi	v.	justieren
商品价格	shang:pin:jia:ge	n.	Warenpreis
手上	shou:shang	n.	auf der Hand
爷爷	ye:ye	n.	Großvater
先锋	xian:feng	n.	Pionier
市长	shi:zhang	n.	Bürgermeister
本站原创	ben:zhan:yuan:chuang	n.	Originalinhalt der Seite
多大	duo:da	adj.	wie groß
一幅	yi:fu	num.	ein (Bild)
躺	tang	v.	sich hinlegen
美观	mei:guan	adj.	schön
西南	xi:nan	n.	Südwesten
什么呢	shen:me:ne	part.	was (Partikel)
敏感	min:gan	adj.	empfindlich
缘	yuan	n.	Rand
笔记本电脑	bi:ji:ben:dian:nao	n.	Laptop
第六章	di:liu:zhang	n.	Kapitel sechs
色情	se:qing	n.	Pornographie
天然气	tian:ran:qi	n.	Erdgas
光线	guang:xian	n.	Licht
凉	liang	adj.	kuhl
网络游戏	wang:luo:you:xi	n.	Onlinespiel
阴道	yin:dao	n.	Vagina
华人	hua:ren	n.	Überseechinese
汇总	hui:zong	v.	zusammenfassen
立方米	li:fang:mi	mw.	Kubikmeter
联合国	lian:he:guo	n.	Vereinte Nationen
处在	chu:zai	v.	sich befinden
人力	ren:li	n.	Arbeitskraft
打破	da:po	v.	zerbrechen
伟大	wei:da	adj.	groß
亲切	qin:qie	adj.	freundlich
共计	gong:ji	v.	sich belaufen auf
织	zhi	v.	weben
抢	qiang	v.	reißen
泉州	quan:zhou	n.	Quanzhou
垂直	chui:zhi	adj.	senkrecht
圣诞	sheng:dan	n.	Weihnachten
犹如	you:ru	v.	gleichsam sein
预	yu	v.	vor-
加热	jia:re	v.	erhitzen
太平洋	tai:ping:yang	n.	Pazifischer Ozean
超出	chao:chu	v.	überschreiten
保修	bao:xiu	v.	Garantie
工程建设	gong:cheng:jian:she	n.	Projektbau
沈	shen	n.	Shen (Familienname)
扬州	yang:zhou	n.	Yangzhou
木材	mu:cai	n.	Holz
替	ti	prep.	für
嘴里	zui:li	n.	im Mund
孔	kong	n.	Loch
放下	fang:xia	v.	hinlegen
荷兰	he:lan	n.	Niederlande
申请表	shen:qing:biao	n.	Antragsformular
批	pi	mw.	Charge
批	pi	v.	kritisieren
不喜欢	bu:xi:huan	v.	nicht mögen
回归	hui:gui	v.	Zurückkehr
兼容	jian:rong	adj.	kompatibel
社团	she:tuan	n.	Verein
这一切	zhe:yi:qie	pron.	alles
相结合的	xiang:jie:he:de	v.	kombiniert
必将	bi:jiang	adv.	gewiss
本品	ben:pin	n.	dieses Produkt
康	kang	adj.	gesund
被评为	bei:ping:wei	v.	comme
惑	huo	n.	Verwirrung
吸引了	xi:yin:le	v.	angezogen
目的地	mu:di:di	n.	Ziel
夏季	xia:ji	n.	Sommer
电话号码	dian:hua:hao:ma	n.	Telefonnummer
园林	yuan:lin	n.	Garten
打工	da:gong	v.	jobben
唯	wei	adv.	nur
要比	yao:bi	v.	vergleichen
对她	dui:ta	prep.	zu ihr
这场	zhe:chang	mw.	diese
率	lv	n.	Rate
年级	nian:ji	n.	Jahrgang
独家	du:jia	adj.	exklusiv
纯属	chun:shu	v.	rein sein
会出现	hui:chu:xian	v.	erscheinen
凤凰	feng:huang	n.	Phönix
工作日内	gong:zuo:ri:nei	n.	innerhalb der Werktage
各方面	ge:fang:mian	n.	alle Bereiche
他认为	ta:ren:wei	v.	er meint
强劲	qiang:jing	adj.	kräftig
巴黎	ba:li	n.	Paris
原文	yuan:wen	n.	Originaltext
第十四条	di:shi:si:tiao	num.	Artikel 14
房源	fang:yuan	n.	Wohnungsangebot
两集	liang:ji	num.	zwei Folgen
人大	ren:da	n.	Volkskongress
跑到	pao:dao	v.	laufen
发现的	fa:xian:de	v.	entdeckt
惯	guan	v.	gewöhnen
有期徒刑	you:qi:tu:xing	n.	Freiheitsstrafe
决定了	jue:ding:le	v.	entschieden
培养学生	pei:yang:xue:sheng	v.	Schüler ausbilden
是想	shi:xiang	v.	beabsichtigen
将成为	jiang:cheng:wei	v.	wird werden
柠檬	ning:meng	n.	Zitrone
补助	bu:zhu	n.	Subvention
这件事	zhe:jian:shi	n.	diese Sache
博览会	bo:lan:hui	n.	Weltausstellung
为止	wei:zhi	adv.	bis
女友	nv:you	n.	Freundin
想着	xiang:zhe	v.	ständig denken
概括	gai:kuo	v.	zusammenfassen
调解	tiao:jie	v.	vermitteln
月内	yue:nei	n.	innerhalb des Monats
写出	xie:chu	v.	herausschreiben
微微	wei:wei	adv.	leicht
封闭	feng:bi	v.	abschließen
日报	ri:bao	n.	Tageszeitung
少数民族	shao:shu:min:zu	n.	Minderheit
就必须	jiu:bi:xu	adv.	dann muss
柔软	rou:ruan	adj.	weich
养成	yang:cheng	v.	pflegen
登	deng	v.	steigen
求职者	qiu:zhi:zhe	n.	Stellensuchende
占地	zhan:di	v.	eine Fläche einnehmen
一处	yi:chu	num.	ein Ort
摩托罗拉	mo:tuo:luo:la	n.	Motorola
队长	dui:zhang	n.	Kapitän
遭受	zao:shou	v.	erleiden
年度报告	nian:du:bao:gao	n.	Jahresbericht
消灭	xiao:mie	v.	vernichten
互	hu	adv.	gegenseitig
教训	jiao:xun	n.	Lehre
教训	jiao:xun	v.	eine Lehre erteilen
项目管理	xiang:mu:guan:li	n.	Projektmanagement
挑选	tiao:xuan	v.	auswählen
显示屏	xian:shi:ping	n.	Bildschirm
风云	feng:yun	n.	Wolken und Wind
风云	feng:yun	n.	unruhige Lage
乐园	le:yuan	n.	Paradies
三等奖	san:deng:jiang	n.	dritter Preis
盯	ding	v.	anstarren
公益	gong:yi	n.	öffentliches Wohl
球迷	qiu:mi	n.	Fan
并购	bing:gou	n.	Fusion und Übernahme
并购	bing:gou	v.	übernehmen
稍	shao	adv.	ein wenig
宣	xuan	v.	verkünden
唱	chang	v.	singen
诚	cheng	adj.	aufrichtig
隐身	yin:shen	v.	unsichtbar werden
注册商标	zhu:ce:shang:biao	n.	eingetragene Marke
剩	sheng	v.	übrig bleiben
刷新	shua:xin	v.	aktualisieren
咬	yao	v.	beißen
育	yu	v.	großziehen
最大限度	zui:da:xian:du	n.	Maximalmaß
冰箱	bing:xiang	n.	Kühlschrank
水库	shui:ku	n.	Stausee
保安	bao:an	n.	Sicherheitswachtmeister
发展规划	fa:zhan:gui:hua	n.	Entwicklungsplan
诸	zhu	adj.	alle
有钱	you:qian	adj.	reich
我去	wo:qu	int.	Mist!
态势	tai:shi	n.	Lage
名片	ming:pian	n.	Visitenkarte
电动	dian:dong	adj.	elektrisch
公元	gong:yuan	n.	unserer Zeitrechnung
二等奖	er:deng:jiang	n.	zweiter Preis
截止	jie:zhi	v.	enden
访客	fang:ke	n.	Besucher
传送	chuan:song	v.	übertragen
夫妇	fu:fu	n.	Ehepaar
怀孕	huai:yun	v.	schwanger sein
转贴	zhuan:tie	v.	weiterteilen
到处	dao:chu	adv.	überall
香蕉	xiang:jiao	n.	Banane
触	chu	v.	berühren
晨	chen	n.	Morgen
疼	teng	adj.	schmerzhaft
漫	man	adj.	überflutend
风采	feng:cai	n.	Anmut
产值	chan:zhi	n.	Produktionswert
对话框	dui:hua:kuang	n.	Dialogfeld
电气	dian:qi	n.	Elektrizität
切换	qie:huan	v.	umschalten
贯彻落实	guan:che:luo:shi	v.	umsetzen
列车	lie:che	n.	Zug
材	cai	n.	Material
机房	ji:fang	n.	Maschinenraum
靠近	kao:jin	v.	sich nähern
模样	mu:yang	n.	Aussehen
年版	nian:ban	n.	Jahresausgabe
关怀	guan:huai	v.	fürsorgen
充实	chong:shi	adj.	gehaltvoll
招收	zhao:shou	v.	anwerben
老年	lao:nian	n.	Alter
补	bu	v.	flicken
私	si	adj.	privat
吐	tu	v.	sich erbrechen
长安	chang:an	n.	Chang'an
大批	da:pi	n.	große Menge
传染病	chuan:ran:bing	n.	Infektionskrankheit
纯	chun	adj.	rein
隐患	yin:huan	n.	verborgene Gefahr
艾	ai	n.	Beifuß
疗效	liao:xiao	n.	Heilwirkung
本期	ben:qi	n.	laufende Periode
北京大学	bei:jing:da:xue	n.	Peking-Universität
讲究	jiang:jiu	v.	achtend auf
恋人	lian:ren	n.	Geliebter
贝	bei	n.	Muschel
香水	xiang:shui	n.	Parfüm
中小	zhong:xiao	adj.	mittel und klein
谷	gu	n.	Tal
不一定	bu:yi:ding	adv.	nicht unbedingt
庭	ting	n.	Hof
录用	lu:yong	v.	einstellen
录用	lu:yong	n.	Einstellung
胶囊	jiao:nang	n.	Kapsel
挡	dang	v.	blocken
挡	dang	v.	abwenden
分成	fen:cheng	v.	aufteilen
疾病的	ji:bing:de	n.	Krankheits-
势力	shi:li	n.	Macht
势力	shi:li	n.	Einfluss
一双	yi:shuang	num.	ein Paar
最具	zui:ju	v.	am meisten besitzen
不能下载	bu:neng:xia:zai	v.	nicht herunterladen können
南北	nan:bei	n.	Nord und Süd
控件	kong:jian	n.	Widget
控件	kong:jian	n.	Steuerelement
一口气	yi:kou:qi	adv.	an einem Stück
平静	ping:jing	adj.	ruhig
平静	ping:jing	adj.	friedlich
抵达	di:da	v.	ankommen
一直使用	yi:zhi:shi:yong	v.	ständig verwenden
此处	ci:chu	pron.	hier
套装	tao:zhuang	n.	Anzug
套装	tao:zhuang	n.	Set
晃	huang	v.	schwenken
晃	huang	v.	schwanken
吉	ji	adj.	glückverheißend
希望大家	xi:wang:da:jia	v.	hoffen, dass alle
写了	xie:le	v.	geschrieben
一直是	yi:zhi:shi	v.	ist immer gewesen
一向	yi:xiang	adv.	stets
乳房	ru:fang	n.	Brust
网游	wang:you	n.	Onlinespiel
可靠性	ke:kao:xing	n.	Zuverlässigkeit
但是在	dan:shi:zai	conj.	aber bei
与社会	yu:she:hui	prep.	mit der Gesellschaft
我还是	wo:hai:shi	pron.	trotzdem ich
赢得了	ying:de:le	v.	errungen
建立起	jian:li:qi	v.	aufbauen
真理	zhen:li	n.	Wahrheit
中外	zhong:wai	n.	China und Ausland
线条	xian:tiao	n.	Linie
线条	xian:tiao	n.	Strich
睡眠	shui:mian	n.	Schlaf
凌晨	ling:chen	n.	früher Morgen
素材	su:cai	n.	Material
影子	ying:zi	n.	Schatten
低价	di:jia	n.	niedriger Preis
可以根据	ke:yi:gen:ju	v.	sich richten nach
大力发展	da:li:fa:zhan	v.	kräftig entwickeln
分页	fen:ye	n.	Paginierung
分页	fen:ye	v.	paginieren
要对	yao:dui	v.	muss richtig sein
一般来说	yi:ban:lai:shuo	adv.	algemein gesagt
从小	cong:xiao	adv.	seit Kindheit
大全	da:quan	n.	Kompendium
行政管理	xing:zheng:guan:li	n.	Verwaltungsmanagement
销售额	xiao:shou:e	n.	Umsatz
极限	ji:xian	n.	Grenze
再就业	zai:jiu:ye	n.	Wiedereinstellung
吹	chui	v.	blasen
吹	chui	v.	prahlen
购物车	gou:wu:che	n.	Einkaufswagen
康复	kang:fu	v.	genesen
平常	ping:chang	adj.	gewöhnlich
平常	ping:chang	adv.	gewöhnlich
等内容	deng:nei:rong	n.	Inhalte usw.
欺骗	qi:pian	v.	täuschen
看上去	kan:shang:qu	v.	aussehen wie
谨慎	jin:shen	adj.	vorsichtig
也许是	ye:xu:shi	adv.	es ist vielleicht
到我	dao:wo	v.	mich erreichen
各有	ge:you	v.	jeder haben
社会保险	she:hui:bao:xian	n.	Sozialversicherung
有益	you:yi	adj.	nützlich
蛋白	dan:bai	n.	Eiweiß
这点	zhe:dian	pron.	dieses bisschen
行政执法	xing:zheng:zhi:fa	n.	Verwaltungsvollstreckung
特长	te:chang	n.	Besonderheit
家伙	jia:huo	n.	Kerl
几十	ji:shi	num.	viele Dutzend
一带	yi:dai	n.	Gegend
快乐的	kuai:le:de	adj.	glücklich
数值	shu:zhi	n.	Zahlenwert
残疾	can:ji	n.	Körperbehinderung
震撼	zhen:han	v.	erschüttern
书写	shu:xie	v.	schreiben
督促	du:cu	v.	antreiben
磁盘	ci:pan	n.	Datenträger
雅虎	ya:hu	n.	Yahoo
提示信息	ti:shi:xin:xi	n.	Eingabeaufforderung
搭建	da:jian	v.	bauen
防水	fang:shui	adj.	wasserdicht
防水	fang:shui	v.	Wasser abweisen
仇	chou	n.	Feindschaft
凝	ning	v.	gerinnen
企业名称	qi:ye:ming:cheng	n.	Firmenname
天生	tian:sheng	adj.	angeboren
天生	tian:sheng	adv.	von Natur aus
修理	xiu:li	v.	reparieren
新版	xin:ban	n.	neue Ausgabe
均衡	jun:heng	adj.	ausgewogen
均衡	jun:heng	n.	Gleichgewicht
着力	zhuo:li	v.	Kräfte anwenden
鼓	gu	n.	Trommel
鼓	gu	v.	schlagen
轴承	zhou:cheng	n.	Lager
农	nong	n.	Landwirtschaft
游泳	you:yong	v.	schwimmen
游泳	you:yong	n.	Schwimmen
进度	jin:du	n.	Fortschritt
和尚	he:shang	n.	Mönch
南京市	nan:jing:shi	n.	Nanjing
中原	zhong:yuan	n.	Zentralebene
席	xi	n.	Sitz
席	xi	mw.	Zählwort für Bankette
声望	sheng:wang	n.	Ansehen
票价	piao:jia	n.	Fahrpreis
这儿	zhe:er	pron.	hier
征	zheng	v.	erheben
征	zheng	v.	auf Feldzug ziehen
这家	zhe:jia	pron.	dieser Laden
新品	xin:pin	n.	Neuprodukt
帅	shuai	adj.	schön
帅	shuai	n.	Befehlshaber
名录	ming:lu	n.	Verzeichnis
当成	dang:cheng	v.	ansehen als
取代	qu:dai	v.	ersetzen
山西省	shan:xi:sheng	n.	Provinz Shanxi
汉语	han:yu	n.	Chinesisch
一开始	yi:kai:shi	adv.	anfangs
主营产品	zhu:ying:chan:pin	n.	Hauptprodukte
崛起	jue:qi	v.	emporsteigen
附	fu	v.	beifügen
淀粉	dian:fen	n.	Stärke
行业协会	hang:ye:xie:hui	n.	Industrieverband
思念	si:nian	v.	vermissen
地方政府	di:fang:zheng:fu	n.	Regierung
第五	di:wu	num.	fünfte
开口	kai:kou	v.	den Mund öffnen
多万	duo:wan	num.	mehr als zehntausend
缺	que	v.	mangeln
准则	zhun:ze	n.	Norm
准则	zhun:ze	n.	Richtlinie
降价	jiang:jia	v.	Preis senken
脚步	jiao:bu	n.	Schritt
杀手	sha:shou	n.	Killer
厚度	hou:du	n.	Dicke
两岸	liang:an	n.	beide Ufer
展出	zhan:chu	v.	ausstellen
注册资本	zhu:ce:zi:ben	n.	Grundkapital
细腻	xi:ni	adj.	fein
塞	sai	v.	stopfen
时机	shi:ji	n.	Moment
延续	yan:xu	v.	fortsetzen
邮局	you:ju	n.	Postamt
当今	dang:jin	n.	heutzutage
愤怒	fen:nu	adj.	wütend
愤怒	fen:nu	n.	Wut
钥匙	yao:shi	n.	Schlüssel
豪	hao	adj.	kühn
公式	gong:shi	n.	Formel
介入	jie:ru	v.	eingreifen
单身	dan:shen	n.	Single
武功	wu:gong	n.	martialische Kunst
经营范围	jing:ying:fan:wei	n.	Geschäftsbereich
科普	ke:pu	n.	Popularisierung der Wissenschaft
不服	bu:fu	v.	nicht akzeptieren
常务委员会	chang:wu:wei:yuan:hui	n.	ständiger Ausschuss
税务	shui:wu	n.	Steuern
宁夏	ning:xia	n.	Ningxia
不容易	bu:rong:yi	adj.	nicht einfach
一辈子	yi:bei:zi	n.	ein Leben toda
两名	liang:ming	mw.	zwei (Personen)
奶奶	nai:nai	n.	Oma
用心	yong:xin	v.	sorgfältig sein
用心	yong:xin	n.	Absicht
对了	dui:le	int.	übrigens
指导思想	zhi:dao:si:xiang	n.	Leitlinie
隔离	ge:li	v.	isolieren
清算	qing:suan	v.	abrechnen
本届	ben:jie	n.	laufende (Sitzung)
亦	yi	adv.	auch
法师	fa:shi	n.	Magier
批发价	pi:fa:jia	n.	Großhandelspreis
不像	bu:xiang	v.	nicht ähneln
远远	yuan:yuan	adv.	deutlich bei
征求	zheng:qiu	v.	einholen
变为	bian:wei	v.	werden
杜	du	n.	Du (Familienname)
公顷	gong:qing	mw.	Hektar
华夏	hua:xia	n.	Huaxia (China)
努	nu	v.	anstrengen
谈到	tan:dao	v.	sprechen über
涨幅	zhang:fu	n.	Steigerungsrate
判	pan	v.	beurteilen
省份	sheng:fen	n.	Provinz
谋	mou	v.	planen
胆	dan	n.	Galle
运费	yun:fei	n.	Frachtkosten
财务管理	cai:wu:guan:li	n.	Finanzverwaltung
国际市场	guo:ji:shi:chang	n.	internationaler Markt
信息中心	xin:xi:zhong:xin	n.	Informationszentrum
泪水	lei:shui	n.	Tränen
尘	chen	n.	Staub
途中	tu:zhong	n.	unterwegs
成品	cheng:pin	n.	Fertigprodukt
赶快	gan:kuai	adv.	schnell
看好	kan:hao	v.	positiv bewerten
扎	zha	v.	binden
四十	si:shi	num.	vierzig
研讨会	yan:tao:hui	n.	Symposium
便捷	bian:jie	adj.	bequem
对抗	dui:kang	v.	sich widersetzen
工作日	gong:zuo:ri	n.	Werktag
任职	ren:zhi	v.	im Amt sein
同比	tong:bi	adv.	im Jahresvergleich
叶子	ye:zi	n.	Blatt
女朋友	nv:peng:you	n.	Freundin
泡沫	pao:mo	n.	Schaum
优惠政策	you:hui:zheng:ce	n.	Vergünstigungspolitik
滚	gun	v.	rollen
决赛	jue:sai	n.	Endspiel
草案	cao:an	n.	bauentwurf
没有底	mei:you:di	v.	unsicher sein
行政复议	xing:zheng:fu:yi	n.	Verwaltungsüberprüfung
幸运	xing:yun	adj.	glücklich
关联	guan:lian	n.	Beziehung
详细资料	xiang:xi:zi:liao	n.	detaillierte Informationen
不怕	bu:pa	v.	sich nicht fürchten
航班	hang:ban	n.	Flug
酷	ku	adj.	cool
闷	men	adj.	drückend
气温	qi:wen	n.	Temperatur
迟	chi	adj.	spät
稳	wen	adj.	stabil
翼	yi	n.	Flügel
中共中央	zhong:gong:zhong:yang	n.	ZK der KP Chinas
第一步	di:yi:bu	n.	first step
吸引力	xi:yin:li	n.	Anziehungskraft
家用	jia:yong	n.	Haushaltsgebrauch
赞同	zan:tong	v.	zustimmen
诺	nuo	v.	versprechen
听力	ting:li	n.	Hörvermögen
交换机	jiao:huan:ji	n.	Switch
县委	xian:wei	n.	Kreiskomitee
乘客	cheng:ke	n.	Passagier
再度	zai:du	adv.	erneut
有望	you:wang	adj.	aussichtsreich
闲	xian	adj.	frei
地质	di:zhi	n.	Geologie
灰	hui	adj.	grau
合约	he:yue	n.	Vertrag
性爱	xing:ai	n.	Sexualität
城市规划	cheng:shi:gui:hua	n.	Stadtplanung
专职	zhuan:zhi	adj.	hauptamtlich
相关评论	xiang:guan:ping:lun	n.	verwandte Kommentare
笑话	xiao:hua	n.	Witz
大海	da:hai	n.	Meer
大自然	da:zi:ran	n.	Natur
伊拉克	yi:la:ke	n.	Irak
句子	ju:zi	n.	Satz
朵	duo	mw.	Klassifikator für Blumen
干什么	gan:shen:me	v.	was machen
概况	gai:kuang	n.	Überblick
花卉	hua:hui	n.	Blumen
适量	shi:liang	adj.	angemessene Menge
幽默	you:mo	adj.	Humor
盛	cheng	v.	füllen
盛	sheng	adj.	blühend
本报讯	ben:bao:xun	n.	Eigenbericht
孕妇	yun:fu	n.	Schwangere
车子	che:zi	n.	Auto
求助	qiu:zhu	v.	Hilfe suchen
冒险	mao:xian	v.	ein Risiko eingehen
穿过	chuan:guo	v.	durchqueren
不让	bu:rang	v.	nicht erlauben
体检	ti:jian	n.	Gesundheitscheck
陕西省	shan:xi:sheng	n.	Provinz Shaanxi
不存在	bu:cun:zai	v.	nicht existieren
梁	liang	n.	Balken
课时	ke:shi	n.	Unterrichtsstunde
新华网	xin:hua:wang	n.	Xinhuanet
光芒	guang:mang	n.	Glanz
算法	suan:fa	n.	Algorithmus
实质	shi:zhi	n.	Wesen
大胆	da:dan	adj.	kühn
疲劳	pi:lao	adj.	ermüdet
指向	zhi:xiang	v.	zeigen auf
晶	jing	n.	Kristall
开户	kai:hu	v.	un Konto eröffnen
发射	fa:she	v.	starten
盯着	ding:zhe	v.	anstarren
裁决	cai:jue	n.	Entscheidung
裁决	cai:jue	v.	entscheiden
餐	can	n.	Mahlzeit
痕迹	hen:ji	n.	Spur
网友观点	wang:you:guan:dian	n.	Meinung der Netzbürger
过分	guo:fen	adj.	übertrieben
从未	cong:wei	adv.	nie
反思	fan:si	v.	reflektieren
稍微	shao:wei	adv.	etwas
二手房	er:shou:fang	n.	Gebrauchtwohnung
保全	bao:quan	v.	erhalten
使命	shi:ming	n.	Mission
一位	yi:wei	mw.	eine (Person)
副书记	fu:shu:ji	n.	Stellvertretender Sekretär
电台	dian:tai	n.	Radiosender
华丽	hua:li	adj.	prächtig
学分	xue:fen	n.	Credit Point
出门	chu:men	v.	nach draußen gehen
电子邮箱	dian:zi:you:xiang	n.	E-Mail-Adresse
年限	nian:xian	n.	dauerhafter Zeitraum
停车	ting:che	v.	parken
海上	hai:shang	n.	auf See
立足	li:zu	v.	sich stützen
义务教育	yi:wu:jiao:yu	n.	Schulpflichtschulung
注意到	zhu:yi:dao	v.	bemerken
抱怨	bao:yuan	v.	sich beschweren
点映	dian:ying	n.	Vorpremière
益达	yi:da	n.	Extra
聘请	pin:qing	v.	anstellen
事后	shi:hou	adv.	nachträglich
爆	bao	v.	explodieren
请勿	qing:wu	adv.	Bitte nicht
随之	sui:zhi	adv.	damit
首批	shou:pi	n.	erste Charge
小雨	xiao:yu	n.	leichter Regen
小雨	xiao:yu	n.	Xiaoyu
性价比	xing:jia:bi	n.	Preis-Leistungs-Verhältnis
付款方式	fu:kuan:fang:shi	n.	Zahlungsart
强势	qiang:shi	adj.	dominant
强势	qiang:shi	adj.	kräftig
伦	lun	n.	sittliche Ordnung
家属	jia:shu	n.	Angehöriger
云南省	yun:nan:sheng	n.	Provinz Yunnan
正义	zheng:yi	n.	Gerechtigkeit
娇	jiao	adj.	zart
娇	jiao	adj.	verzärtelt
裁定	cai:ding	v.	entscheiden
裁定	cai:ding	n.	Urteil
班子	ban:zi	n.	Team
南宁	nan:ning	n.	Nanning
辖区	xia:qu	n.	Zuständigkeitsbereich
东部	dong:bu	n.	Ostteil
取出	qu:chu	v.	herausnehmen
珍珠	zhen:zhu	n.	Perle
退休	tui:xiu	v.	sich pensionieren lassen
数目	shu:mu	n.	Anzahl
侧	ce	n.	Seite
侧	ce	v.	sich neigen
称之为	cheng:zhi:wei	v.	… nennen
炒几个菜	chao:ji:ge:cai	v.	ein paar Gerichte braten
第十六条	di:shi:liu:tiao	n.	Artikel 16
仅供	jin:gong	v.	nur für
修建	xiu:jian	v.	bauen
告诉我们	gao:su:wo:men	v.	uns erzählen
星星	xing:xing	n.	Stern
后台	hou:tai	n.	Backend
后台	hou:tai	n.	hinter der Bühne
一类	yi:lei	n.	eine Art
出版日期	chu:ban:ri:qi	n.	Veröffentlichungsdatum
沿着	yan:zhe	prep.	entlang
一体化	yi:ti:hua	n.	Integration
愣	leng	v.	verblüfft
高尔夫	gao:er:fu	n.	Golf
军人	jun:ren	n.	Soldat
极大	ji:da	adj.	enorme
水质	shui:zhi	n.	Wasserqualität
按键	an:jian	n.	Taste
节点	jie:dian	n.	Knoten
朝阳	chao:yang	n.	Morgensonne
朝阳	chao:yang	n.	Chaoyang
朝阳	zhao:yang	n.	Zhaoyang
发病	fa:bing	v.	erkranken
长时间	chang:shi:jian	n.	lange Zeit
阴茎	yin:jing	n.	Penis
加盖	jia:gai	v.	abstempeln
鼻	bi	n.	Nase
会长	hui:zhang	n.	Vorsitzender
力求	li:qiu	v.	trachten nach
还真	hai:zhen	adv.	tatsächlich
听取	ting:qu	v.	anhören
商贸	shang:mao	n.	Handel
责任制	ze:ren:zhi	n.	Verantwortungssystem
仅有	jin:you	v.	nur haben
安慰	an:wei	v.	trösten
安慰	an:wei	n.	Trost
三个月	san:ge:yue	n.	drei Monate
在市场	zai:shi:chang	n.	auf dem Markt
奋斗	fen:dou	v.	sich einsetzen
进一步加强	jin:yi:bu:jia:qiang	v.	weiter verstärken
捐赠	juan:zeng	v.	spenden
扎实	zha:shi	adv.	solide
北京的	bei:jing:de	n.	Beijinger
比如说	bi:ru:shuo	conj.	zum Beispiel
企事业单位	qi:shi:ye:dan:wei	n.	Unternehmen und Institutionen
驾驶员	jia:shi:yuan	n.	Fahrer
直线	zhi:xian	n.	gerade Linie
亮点	liang:dian	n.	Höhepunkt
轮	lun	mw.	Runde
独自	du:zi	adv.	allein
我所	wo:suo	n.	unser Institut
昏	hun	adj.	benommen
要让	yao:rang	v.	lassen wollen
实务	shi:wu	n.	Praxis
抖	dou	v.	zittern
这些问题	zhe:xie:wen:ti	n.	diese Probleme
在哪里	zai:na:li	pron.	wo
软件语言	ruan:jian:yu:yan	n.	Software-Sprache
性生活	xing:sheng:huo	n.	Sexualleben
壮大	zhuang:da	v.	wachsen
她不	ta:bu	n.	sie nicht
卖家	mai:jia	n.	Verkäufer
不成	bu:cheng	v.	nicht gelingen
人才市场	ren:cai:shi:chang	n.	Arbeitsmarkt
届时	jie:shi	adv.	zu diesem Zeitpunkt
陷	xian	v.	versinken
敏	min	adj.	schnell
贴图	tie:tu	n.	Bildbeitrag
词	ci	n.	Wort
然后再	ran:hou:zai	conj.	und dann
元件	yuan:jian	n.	Bauelement
国家规定	guo:jia:gui:ding	n.	staatliche Vorschriften
车间	che:jian	n.	Werkstatt
聚会	ju:hui	n.	Treffen
慌	huang	adj.	aufgeregt
书中	shu:zhong	n.	im Buch
要不	yao:bu	conj.	sonst
住院	zhu:yuan	v.	im Krankenhaus liegen
我用	wo:yong	n.	ich benutze
世间	shi:jian	n.	die Welt
身心	shen:xin	n.	Körper und Geist
阻碍	zu:ai	v.	hindern
留下了	liu:xia:le	v.	hinterlassen hat
社会各界	she:hui:ge:jie	n.	alle Gesellschaftsschichten
本合同	ben:he:tong	n.	dieser Vertrag
笔试	bi:shi	n.	schriftliche Prüfung
可使	ke:shi	v.	können machen
当然是	dang:ran:shi	adv.	natürlich
人民代表大会	ren:min:dai:biao:da:hui	n.	Volkskongress
第一时间	di:yi:shi:jian	n.	unverzüglich
最后更新	zui:hou:geng:xin	n.	letzte Aktualisierung
大幅度	da:fu:du	adv.	erheblich
高峰	gao:feng	n.	Höhepunkt
混凝土	hun:ning:tu	n.	Beton
新世纪	xin:shi:ji	n.	neues Jahrhundert
还好	hai:hao	adv.	zum Glück
周六	zhou:liu	n.	Samstag
核定	he:ding	v.	prüfen und genehmigen
卫生部	wei:sheng:bu	n.	Gesundheitsministerium
失效	shi:xiao	v.	unwirksam werden
弥补	mi:bu	v.	ausgleichen
不允许	bu:yun:xu	v.	nicht erlauben
洛阳	luo:yang	n.	Luoyang
天才	tian:cai	n.	Genie
愤	fen	adj.	empört
燃料	ran:liao	n.	Kraftstoff
下车	xia:che	v.	aussteigen
防火	fang:huo	v.	feuersicher
高新技术	gao:xin:ji:shu	n.	Hochtechnologie
大奖	da:jiang	n.	großer Preis
做成	zuo:cheng	v.	anfertigen
怜	lian	v.	bemitleiden
罢了	ba:le	part.	eben das ist alles
罢了	ba:liao	part.	eben das ist alles
颤	chan	v.	zitteren
过渡	guo:du	v.	überleiten
杀人	sha:ren	v.	ermorden
涉案	she:an	v.	in einen Fall verwickelt
被保险人	bei:bao:xian:ren	n.	Versicherte
振兴	zhen:xing	v.	beleben
看不到	kan:bu:dao	v.	nicht sehen können
赶到	gan:dao	v.	beeilen hinzukommen
郁闷	yu:men	adj.	bedrücked
寿命	shou:ming	n.	Lebensdauer
缓慢	huan:man	adj.	langsam
试行	shi:xing	v.	erproben
而非	er:fei	conj.	statt statt
阶	jie	n.	Stufe
信息系统	xin:xi:xi:tong	n.	Informationssystem
周五	zhou:wu	n.	Freitag
苍	cang	adj.	blassgrün
自由的	zi:you:de	adj.	frei
缩短	suo:duan	v.	verkürzen
天数	tian:shu	n.	Anzahl der Tage
拿起	na:qi	v.	aufnehmen
火箭	huo:jian	n.	Rakete
感兴趣	gan:xing:qu	v.	sich interessieren
第三节	di:san:jie	n.	Abschnitt drei
免责声明	mian:ze:sheng:ming	n.	Haftungsausschluss
解压密码	jie:ya:mi:ma	n.	Entpack-Passwort
全过程	quan:guo:cheng	n.	gesamter Prozess
纺织品	fang:zhi:pin	n.	Textilien
国家标准	guo:jia:biao:zhun	n.	Nationalnorm
纯粹	chun:cui	adj.	rein
骨干	gu:gan	n.	Kernteam
忠诚	zhong:cheng	adj.	treu
海口	hai:kou	n.	Hafen
海口	hai:kou	n.	Haikou
储备	chu:bei	v.	reservieren
储备	chu:bei	n.	Reserven
组织实施	zu:zhi:shi:shi	v.	organisieren und umsetzen
山区	shan:qu	n.	Bergregion
车身	che:shen	n.	Karosserie
分工	fen:gong	n.	Arbeitsteilung
距	ju	prep.	in Entfernung von
距	ju	v.	von … entfernt sein
交谈	jiao:tan	v.	sich unterhalten
听证	ting:zheng	n.	Anhörung
处处	chu:chu	adv.	überall
净化	jing:hua	v.	reinigen
郑	zheng	n.	Zheng
川	chuan	n.	Fluss
川	chuan	n.	Sichuan
扫	sao	v.	fegen
二楼	er:lou	n.	zweiter Stock
地带	di:dai	n.	Zone
否定	fou:ding	v.	verneinen
否定	fou:ding	n.	Verneinung
逼	bi	v.	zwingen
逼	bi	adj.	nahe
不少于	bu:shao:yu	adv.	wenigstens
年份	nian:fen	n.	Jahr
优良	you:liang	adj.	vorzüglich
人才网	ren:cai:wang	n.	Karriereportal
护士	hu:shi	n.	Krankenpflegerin
饲养	si:yang	v.	züchten
民事	min:shi	n.	Zivilrechtangelegenheiten
构造	gou:zao	n.	Struktur
人性	ren:xing	n.	menschliche Natur
钢琴	gang:qin	n.	Klavier
是非	shi:fei	n.	Richtig und Falsch
县	xian	n.	Kreis
涵盖	han:gai	v.	abdecken
农业部	nong:ye:bu	n.	Landwirtschaftsministerium
抄袭	chao:xi	v.	plagiieren
忧	you	v.	sich sorgen
忧	you	n.	Kummer
工业区	gong:ye:qu	n.	Industriegebiet
软件简介	ruan:jian:jian:jie	n.	Softwarevorstellung
地道	di:dao	adj.	echt
地道	di:dao	adj.	idiomatisch
星期五	xing:qi:wu	n.	Freitag
税款	shui:kuan	n.	Steuermoney
米兰	mi:lan	n.	Mailand
一同	yi:tong	adv.	gemeinsam
童	tong	n.	Kind
兰州	lan:zhou	n.	Lanzhou
轨道	gui:dao	n.	Gleis
轨道	gui:dao	n.	Orbit
英特尔	ying:te:er	n.	Intel
联赛	lian:sai	n.	Liga
雄厚	xiong:hou	adj.	kräftig
左手	zuo:shou	n.	linke Hand
再也	zai:ye	adv.	anymore
不愿意	bu:yuan:yi	v.	nicht wollen
源于	yuan:yu	v.	stammen von
年纪	nian:ji	n.	Alter
研讨	yan:tao	v.	erörtern
礼仪	li:yi	n.	Etikette
外界	wai:jie	n.	Außenwelt
子公司	zi:gong:si	n.	Tochtergesellschaft
屄	bi	n.	Vulva
致富	zhi:fu	v.	reich werden
纪录	ji:lu	n.	Rekord
第十七条	di:shi:qi:tiao	n.	Artikel 17
画家	hua:jia	n.	Maler
执	zhi	v.	halten
伤心	shang:xin	adj.	traurig
发展趋势	fa:zhan:qu:shi	n.	Entwicklungstrend
书店	shu:dian	n.	Buchhandlung
匹配	pi:pei	v.	übereinstimmen
占据	zhan:ju	v.	besetzen
熟练	shu:lian	adj.	geübt
网络实名	wang:luo:shi:ming	n.	Echtnamen im Netz
技术创新	ji:shu:chuang:xin	n.	technologische Innovation
不当	bu:dang	adj.	unangebracht
十三	shi:san	num.	dreizehn
开办	kai:ban	v.	gründen
为人	wei:ren	n.	Charakter
感冒	gan:mao	n.	Erkältung
感冒	gan:mao	v.	sich erkälten
升高	sheng:gao	v.	steigen
好看	hao:kan	adj.	schön
丢	diu	v.	verlieren
荣	rong	n.	Ruhm
臂	bi	n.	Arm
逐	zhu	v.	verfolgen
搬迁	ban:qian	v.	umsiedeln
傲	ao	adj.	stolz
赛事	sai:shi	n.	Wettkampf
控股	kong:gu	n.	Holding
注意力	zhu:yi:li	n.	Aufmerksamkeit
卫生间	wei:sheng:jian	n.	Badezimmer
分支机构	fen:zhi:ji:gou	n.	Filiale
注销	zhu:xiao	v.	abmelden
注销	zhu:xiao	v.	löschen
客厅	ke:ting	n.	Wohnzimmer
极端	ji:duan	adj.	extrem
极端	ji:duan	n.	Extrem
戴	dai	v.	tragen
新娘	xin:niang	n.	Braut
一手	yi:shou	n.	eine Hand
一手	yi:shou	adv.	allein
炒作	chao:zuo	v.	attachieren
注射	zhu:she	v.	injizieren
注射	zhu:she	n.	Injektión
口中	kou:zhong	n.	im Mund
芒	mang	n.	Granne
芒	mang	n.	Strahl
燃气	ran:qi	n.	Gas
大夫	dai:fu	n.	Arzt
又一	you:yi	num.	noch ein
庆	qing	v.	feiern
早晨	zao:chen	n.	Morgen
庞大的	pang:da:de	adj.	gewaltig
彩票	cai:piao	n.	Los
宝贵	bao:gui	adj.	kostbar
市场化	shi:chang:hua	n.	Vermarktlichung
下一个	xia:yi:ge	pron.	nächste
申请书	shen:qing:shu	n.	Antrag
伴	ban	v.	begleiten
伴	ban	n.	Begleiter
字母	zi:mu	n.	Buchstabe
很久	hen:jiu	adv.	lange
严谨	yan:jin	adj.	gewissenhaft
等着	deng:zhe	v.	warten
学报	xue:bao	n.	Fachzeitschrift
零件	ling:jian	n.	Bauteil
五大	wu:da	num.	fünf große
入口	ru:kou	n.	Eingang
宝石	bao:shi	n.	Edelstein
章节	zhang:jie	n.	Kapitel
相适应	xiang:shi:ying	v.	entsprechen
意愿	yi:yuan	n.	Wille
竣工	jun:gong	v.	fertigstellen
生活方式	sheng:huo:fang:shi	n.	Lebensstil
袭	xi	v.	überfallen
征集	zheng:ji	v.	sammeln
受益	shou:yi	v.	profitieren
胎儿	tai:er	n.	Fötus
不合理	bu:he:li	adj.	unvernünftig
全面发展	quan:mian:fa:zhan	n.	allseitige Entwicklung
全面发展	quan:mian:fa:zhan	v.	sich ganz entwickeln
何时	he:shi	pron.	wann
供	gong	v.	liefern
不等	bu:deng	adj.	ungleich
索引	suo:yin	n.	Register
工艺品	gong:yi:pin	n.	Kunsthandwerk
积	ji	v.	sich ansammeln
配置文件	pei:zhi:wen:jian	n.	Konfigurationsdatei
屏蔽	ping:bi	v.	blockieren
贵族	gui:zu	n.	Adliger
基本信息	ji:ben:xin:xi	n.	Grundinformationen
发行日期	fa:xing:ri:qi	n.	Veröffentlichungsdatum
给大家	gei:da:jia	v.	allen geben
容器	rong:qi	n.	Behälter
动机	dong:ji	n.	Motiv
一头	yi:tou	mw.	ein (Stück Vieh)
大声	da:sheng	adj.	laut
第十八条	di:shi:ba:tiao	num.	Artikel 18
垄断	long:duan	v.	monopolisieren
可以实现	ke:yi:shi:xian	v.	verwirklichen können
擅长	shan:chang	v.	gut sein in
伪造	wei:zao	v.	fälschen
遥	yao	adj.	fern
法学	fa:xue	n.	Rechtswissenschaft
热量	re:liang	n.	Wärmemenge
罗马	luo:ma	n.	Rom
动手	dong:shou	v.	loslegen
报到	bao:dao	v.	sich anmelden
金的	jin:de	adj.	golden
刑法	xing:fa	n.	Strafrecht
阻	zu	v.	hindern
探究	tan:jiu	v.	erforschen
战术	zhan:shu	n.	Taktik
汽油	qi:you	n.	Benzin
人性化	ren:xing:hua	adj.	menschlich
中关村	zhong:guan:cun	n.	Zhongguancun
数字化	shu:zi:hua	v.	digitalisieren
集团有限公司	ji:tuan:you:xian:gong:si	n.	GmbH-Gruppe
播出	bo:chu	v.	ausstrahlen
精致	jing:zhi	adj.	exquisit
急性	ji:xing	adj.	akut
演绎	yan:yi	v.	deduzieren
聚集	ju:ji	v.	sich versammeln
依次	yi:ci	adv.	der Reihe nach
宁静	ning:jing	adj.	ruhig
女的	nv:de	adj.	weiblich
写真	xie:zhen	n.	Foto
吉林省	ji:lin:sheng	n.	Provinz Jilin
必备	bi:bei	adj.	unverzichtbar
那时候	na:shi:hou	n.	zu jener Zeit
较快	jiao:kuai	adj.	relativ schnell
腾讯	teng:xun	n.	Tencent
结局	jie:ju	n.	Ending
伦敦	lun:dun	n.	London
相关部门	xiang:guan:bu:men	n.	zuständige Abteilungen
例	li	n.	Beispiel
睁	zheng	v.	öffnen (Augen)
退还	tui:huan	v.	zurückerstatten
工作时间	gong:zuo:shi:jian	n.	Arbeitszeit
公子	gong:zi	n.	junger Herr
情侣	qing:lv	n.	Paar
污水	wu:shui	n.	Abwasser
岛	dao	n.	Insel
遗	yi	v.	verlieren
瞪	deng	v.	anstarren
按时	an:shi	adv.	pünktlich
所有人	suo:you:ren	n.	alle Menschen
表述	biao:shu	v.	äußern
常年	chang:nian	adv.	jahrelang
分泌	fen:mi	v.	absondern
篮球	lan:qiu	n.	Basketball
加重	jia:zhong	v.	verschlimmern
入手	ru:shou	v.	in Angriff nehmen
观赏	guan:shang	v.	betrachten
心想	xin:xiang	v.	sich denken
慕	mu	v.	verehren
什么事	shen:me:shi	pron.	was gibt's
执着	zhi:zhuo	adj.	hartnäckig
课堂教学	ke:tang:jiao:xue	n.	Unterricht
皱	zhou	v.	knittern
饮用	yin:yong	v.	trinken
环球	huan:qiu	adj.	Welt-
博	bo	v.	gewinnen
博	bo	adj.	umfassend
中国人民	zhong:guo:ren:min	n.	chinesisches Volk
河流	he:liu	n.	Fluss
黑白	hei:bai	n.	Schwarzweiß
幕	mu	n.	Vorfall
算了	suan:le	v.	lass gut sein
专栏	zhuan:lan	n.	Kolumne
保险费	bao:xian:fei	n.	Versicherungsprämie
运转	yun:zhuan	v.	funktionieren
手机短信	shou:ji:duan:xin	n.	SMS
第十九条	di:shi:jiu:tiao	num.	neunzehnte
块钱	kuai:qian	n.	Yuan
双眼	shuang:yan	n.	beide Augen
乘车	cheng:che	v.	fahren
外表	wai:biao	n.	Äußeres
自杀	zi:sha	v.	Selbstmord begehen
点头	dian:tou	v.	nicken
口号	kou:hao	n.	Parole
猜	cai	v.	raten
长达	chang:da	v.	sich erstrecken
关爱	guan:ai	v.	fürsorgen
丧失	sang:shi	v.	verlieren
相处	xiang:chu	v.	auskommen
实战	shi:zhan	n.	praktischer Einsatz
中旬	zhong:xun	n.	Monatsmitte
支行	zhi:hang	n.	Filiale
益	yi	n.	Nutzen
马来西亚	ma:lai:xi:ya	n.	Malaysia
副局长	fu:ju:zhang	n.	Stellvertretender Direktor
东风	dong:feng	n.	Ostwind
周日	zhou:ri	n.	Sonntag
净	jing	adj.	rein
产业发展	chan:ye:fa:zhan	n.	Industrieentwicklung
软件下载	ruan:jian:xia:zai	n.	Software-Download
双击	shuang:ji	v.	doppelklicken
两家	liang:jia	num.	Two
股东大会	gu:dong:da:hui	n.	Hauptversammlung
还原	huan:yuan	v.	wiederherstellen
从前	cong:qian	n.	früher
缺席	que:xi	v.	fehlen
甜蜜	tian:mi	adj.	süß
神情	shen:qing	n.	Gesichtsausdruck
很可能	hen:ke:neng	adv.	wahrscheinlich
产品信息	chan:pin:xin:xi	n.	Produktinformation
效力	xiao:li	v.	dienen
泽	ze	n.	Sumpf
炼	lian	v.	raffinieren
制止	zhi:zhi	v.	verhindern
黑龙江省	hei:long:jiang:sheng	n.	Provinz Heilongjiang
市场份额	shi:chang:fen:e	n.	Marktanteil
行李	xing:li	n.	Gepäck
提案	ti:an	n.	Vorschlag
简洁	jian:jie	adj.	prägnant
行走	xing:zou	v.	gehen
注释	zhu:shi	n.	Anmerkung
供水	gong:shui	v.	Wasserversorgung
街头	jie:tou	n.	Straße
监	jian	v.	beaufsichtigen
听见	ting:jian	v.	hören
几位	ji:wei	num.	mehrere
老年人	lao:nian:ren	n.	älterer Mensch
封装	feng:zhuang	v.	kapseln
古典	gu:dian	adj.	klassisch
珍	zhen	adj.	kostbar
分手	fen:shou	v.	sich trennen
明亮	ming:liang	adj.	hell
伏	fu	v.	proximieren
伏	fu	n.	Volt
送货	song:huo	v.	Waren liefern
终身	zhong:shen	n.	Lebenszeit
绍	shao	v.	weiterführen
领导人	ling:dao:ren	n.	Führer
爬	pa	v.	klettern
税率	shui:lv	n.	Steuersatz
全套	quan:tao	n.	kompletter Satz
喜悦	xi:yue	n.	Freude
抬头	tai:tou	v.	den Kopf heben
抬头	tai:tou	n.	Kopfzeile
丫	ya	n.	Gabel
常务	chang:wu	n.	ständige Angelegenheiten
炸	zha	v.	explodieren
炸	zha	v.	frittieren
职业道德	zhi:ye:dao:de	n.	Berufsethik
国民	guo:min	n.	Staatsbürger
免疫	mian:yi	n.	Immunität
变焦	bian:jiao	v.	zoomen
珠宝	zhu:bao	n.	Juwelen
外汇	wai:hui	n.	devise
交友	jiao:you	v.	Freunde finden
行政处分	xing:zheng:chu:fen	n.	Verwaltungsstrafe
三国	san:guo	n.	Drei Reiche
壁	bi	n.	Wand
涌	yong	v.	sprudel
主观	zhu:guan	adj.	subjektiv
头部	tou:bu	n.	Kopf
协调发展	xie:tiao:fa:zhan	n.	koordinierte Entwicklung
凶	xiong	adj.	wild
凶	xiong	adj.	unheilvoll
测绘	ce:hui	v.	vermessen
上学	shang:xue	v.	zur Schule gehen
郎	lang	n.	junger Mann
仿冒	fang:mao	v.	nachahmen
教育活动	jiao:yu:huo:dong	n.	Bildungsaktivität
本类	ben:lei	n.	diese Kategorie
生产基地	sheng:chan:ji:di	n.	Produktionsbasis
做人	zuo:ren	v.	sich benehmen
相连	xiang:lian	v.	verbunden sein
并进	bing:jin	v.	parallel vorgehen
额外	e:wai	adj.	zusätzlich
额外	e:wai	adv.	zusätzlich
青海	qing:hai	n.	Qinghai
宿	su	n.	Unterkunft
宿	su	v.	übernachten
宿	xiu	n.	Sternbild
渗透	shen:tou	v.	dringen
器具	qi:ju	n.	Gerät
列出	lie:chu	v.	auflisten
制成	zhi:cheng	v.	herstellen
建筑工程	jian:zhu:gong:cheng	n.	Bauvorhaben
右侧	you:ce	n.	rechte Seite
套餐	tao:can	n.	Menü
增幅	zeng:fu	n.	Zuwachsrate
入侵	ru:qin	v.	eindringen
怨	yuan	v.	vorwerfen
财经	cai:jing	n.	Finanzwesen
嵌入式	qian:ru:shi	adj.	eingebettet
紧密	jin:mi	adj.	eng
最强	zui:qiang	adj.	am stärksten
土地使用权	tu:di:shi:yong:quan	n.	Nutzungsrecht
具体要求	ju:ti:yao:qiu	n.	konkrete Anforderung
里程	li:cheng	n.	Kilometerstand
愉快	yu:kuai	adj.	angenehm
务必	wu:bi	adv.	unbedingt
醉	zui	adj.	betrunken
元钱	yuan:qian	n.	Yuan
拼	pin	v.	zusammensetzen
普通话	pu:tong:hua	n.	Mandarin
头脑	tou:nao	n.	Verstand
双重	shuang:chong	adj.	Doppel-
淡淡的	dan:dan:de	adj.	dezent
首席	shou:xi	n.	Erster Platz
迫	po	v.	zwingen
法治	fa:zhi	n.	Rechtsstaat
革	ge	n.	Leder
五六	wu:liu	num.	fünf oder sechs
瞧	qiao	v.	schauen
即便	ji:bian	conj.	sogfern even
扮演	ban:yan	v.	spielen
大队	da:dui	n.	Gruppe
奥	ao	int.	oh
头像	tou:xiang	n.	Avatar
第一款	di:yi:kuan	num.	erstes Modell
值班	zhi:ban	v.	Dienst haben
舆论	yu:lun	n.	öffentliche Meinung
争论	zheng:lun	v.	streiten
坚定	jian:ding	adj.	fest
范畴	fan:chou	n.	Kategorie
小学生	xiao:xue:sheng	n.	Grundschüler
精度	jing:du	n.	Genauigkeit
旅游业	lv:you:ye	n.	Tourismusbranche
出血	chu:xie	v.	bluten
出血	chu:xue	v.	bluten
输	shu	v.	verlieren
乘坐	cheng:zuo	v.	fahren
整顿	zheng:dun	v.	sanieren
多普达	duo:pu:da	n.	Dopod
语气	yu:qi	n.	Tonfall
莉	li	n.	Jasmin
总投资	zong:tou:zi	n.	Gesamtinvestition
忠	zhong	adj.	treu
法制	fa:zhi	n.	Rechtssystem
入选	ru:xuan	v.	ausgewählt werden
认真贯彻	ren:zhen:guan:che	v.	ernsthaft umsetzen
不适	bu:shi	adj.	unwohl
不适	bu:shi	n.	Unbehagen
热闹	re:nao	adj.	laut
热闹	re:nao	n.	Trubel
过去了	guo:qu:le	v.	ist vergangen
中级人民法院	zhong:ji:ren:min:fa:yuan	n.	Volksmittelgericht
财物	cai:wu	n.	Vermögen
颗	ke	mw.	Zählwort für kleine runde Dinge
道具	dao:ju	n.	Requisit
长沙市	chang:sha:shi	n.	Changsha
现实的	xian:shi:de	adj.	realistisch
包裹	bao:guo	n.	Paket
最爱	zui:ai	n.	Liebling
用量	yong:liang	n.	Verbrauchsmenge
盖章	gai:zhang	v.	stempeln
房地产市场	fang:di:chan:shi:chang	n.	Immobilienmarkt
王国	wang:guo	n.	Königreich
连忙	lian:mang	adv.	schnell
会议上	hui:yi:shang	n.	auf der Konferenz
佳	jia	adj.	gut
教育培训	jiao:yu:pei:xun	n.	Ausbildung und Training
医疗费	yi:liao:fei	n.	Arztkosten
唱歌	chang:ge	v.	singen
呢	ne	part.	Partikel der Kontinuität
字段	zi:duan	n.	Feld
旅	lv	n.	Reise
款项	kuan:xiang	n.	d Geldbetrag
二者	er:zhe	pron.	beide
时空	shi:kong	n.	Raum-Zeit
夜间	ye:jian	n.	Nacht
代理人	dai:li:ren	n.	Vertreter
食品安全	shi:pin:an:quan	n.	Lebensmittelsicherheit
按照规定	an:zhao:gui:ding	prep.	nach den Vorschriften
郑州市	zheng:zhou:shi	n.	Zhengzhou
招聘人数	zhao:pin:ren:shu	n.	Anzahl der Einstellungen
仁	ren	n.	benevolence
按下	an:xia	v.	drücken
视线	shi:xian	n.	Blicklinie
鸟	niao	n.	Vogel
羡慕	xian:mu	v.	beneiden
于此	yu:ci	prep.	hieran
是这样的	shi:zhe:yang:de	v.	so sein
中等	zhong:deng	adj.	mittel
销售收入	xiao:shou:shou:ru	n.	Verkaufserlös
骗	pian	v.	betrügen
爆炸	bao:zha	v.	explodieren
违法所得	wei:fa:suo:de	n.	widerrechtliche Erlöse
浩	hao	adj.	ausgedehnt
纳米	na:mi	n.	Nanometer
高素质	gao:su:zhi	adj.	hochwertig
管理条例	guan:li:tiao:li	n.	Verwaltungsvorschrift
伤口	shang:kou	n.	Wunde
光纤	guang:xian	n.	Glasfaser
鼻子	bi:zi	n.	Nase
姿态	zi:tai	n.	Haltung
机上	ji:shang	n.	Maschine
不管是	bu:guan:shi	conj.	egal ob
淘汰	tao:tai	v.	aussortieren
连载	lian:zai	v.	als Fortsetzung drucken
塔	ta	n.	Turm
正的	zheng:de	adj.	positiv
请注意	qing:zhu:yi	v.	Bitte beachten
仅代表	jin:dai:biao	v.	nur vertreten
众多的	zhong:duo:de	adj.	zahlreich
产物	chan:wu	n.	Produkt
但有	dan:you	conj.	aber es gibt
胖	pang	adj.	dick
万多	wan:duo	num.	mehr als zehntausend
减小	jian:xiao	v.	verringern
绪	xu	n.	Anfang
所做	suo:zuo	v.	was getan wurde
在企业	zai:qi:ye	prep.	im Unternehmen
头痛	tou:tong	v.	Kopfschmerzen
光临	guang:lin	v.	beehren
党支部	dang:zhi:bu	n.	Parteizelle
毕业于	bi:ye:yu	v.	Absolvent von
弘扬	hong:yang	v.	fördern
好事	hao:shi	n.	gute Tat
并无	bing:wu	v.	ganz ohne
适时	shi:shi	adj.	zeitgerecht
无力	wu:li	adj.	machtlos
党中央	dang:zhong:yang	n.	Parteizentrale
坚强	jian:qiang	adj.	standhaft
可以向	ke:yi:xiang	prep.	können an
企业名录	qi:ye:ming:lu	n.	Firmenverzeichnis
枫	feng	n.	Ahorn
访问量	fang:wen:liang	n.	Besucherzahl
国人	guo:ren	n.	Landsleute
人才培养	ren:cai:pei:yang	n.	Nachwuchsförderung
如是	ru:shi	adv.	so
干脆	gan:cui	adj.	direkt(franks)
干脆	gan:cui	adv.	einfach
相对于	xiang:dui:yu	prep.	im Vergleich zu
平凡	ping:fan	adj.	gewöhnlich
再来	zai:lai	v.	wiederkommen
交易所	jiao:yi:suo	n.	Börse
时限	shi:xian	n.	Frist
投稿	tou:gao	v.	einen Beitrag einreichen
拔	ba	v.	ziehen
推销	tui:xiao	v.	verkaufen
住房公积金	zhu:fang:gong:ji:jin	n.	Wohnbaufonds
市场需求	shi:chang:xu:qiu	n.	Marktnachfrage
缓存	huan:cun	n.	Cache
缓存	huan:cun	v.	cachen
短暂	duan:zan	adj.	kurz
安全管理	an:quan:guan:li	n.	Sicherheitsmanagement
溶液	rong:ye	n.	Lösung
疫苗	yi:miao	n.	Impfstoff
欧阳	ou:yang	n.	Ouyang
百万	bai:wan	num.	Million
大国	da:guo	n.	Großmacht
这些人	zhe:xie:ren	pron.	diese Leute
最基本	zui:ji:ben	adj.	am grundlegendsten
海军	hai:jun	n.	Marine
家和	jia:he	n.	Familienharmonie
心理学	xin:li:xue	n.	Psychologie
舒服	shu:fu	adj.	bequem
赞	zan	v.	lobsen
赞	zan	v.	liken
保守	bao:shou	adj.	konservativ
改制	gai:zhi	v.	umstrukturieren
糖尿病	tang:niao:bing	n.	Diabetes
爆发	bao:fa	v.	ausbrechen
爆发	bao:fa	n.	Ausbruch
多久	duo:jiu	adv.	wie lange
从不	cong:bu	adv.	nie
电网	dian:wang	n.	Stromnetz
烟台	yan:tai	n.	Yantai
支援	zhi:yuan	v.	unterstützen
课文	ke:wen	n.	Text
炮	pao	n.	Kanone
深深	shen:shen	adv.	tief
伸手	shen:shou	v.	die Hand ausstrecken
公证	gong:zheng	n.	Notarielle Beurkundung
翅膀	chi:bang	n.	Flügel
网络营销	wang:luo:ying:xiao	n.	Internetmarketing
傅	fu	n.	Fu
四种	si:zhong	num.	vier Sorten
太阳能	tai:yang:neng	n.	Solarenergie
基本情况	ji:ben:qing:kuang	n.	Grundlage
不可以	bu:ke:yi	v.	dürfen nicht
一族	yi:zu	n.	Sippe
清华	qing:hua	n.	Tsinghua
凯	kai	adj.	triumphierend
月初	yue:chu	n.	Monatsanfang
战场	zhan:chang	n.	Schlachtfeld
古城	gu:cheng	n.	Altstadt
小朋友	xiao:peng:you	n.	Kind
不已	bu:yi	adv.	unaufhörlich
强力	qiang:li	adj.	stark
大盘	da:pan	n.	Gesamtmarkt
保证金	bao:zheng:jin	n.	Kaution
广播电视	guang:bo:dian:shi	n.	Rundfunk
金色	jin:se	n.	Gold
蝴蝶	hu:die	n.	Schmetterling
邪	xie	adj.	böse
不由	bu:you	adv.	unfreiwillig
芳	fang	n.	Duft
浑	hun	adj.	trübe
第二十条	di:er:shi:tiao	n.	Artikel 20
开采	kai:cai	v.	abbauen
补丁	bu:ding	n.	Patch
夺	duo	v.	rauben
洗澡	xi:zao	v.	baden
宽	kuan	adj.	breit
文艺	wen:yi	n.	Kunst
论述	lun:shu	n.	Darlegung
座椅	zuo:yi	n.	Sitz
堆	dui	mw.	Stapel
堆	dui	v.	stapeln
归还	gui:huan	v.	zurückgeben
队伍建设	dui:wu:jian:she	n.	Teamaufbau
下达	xia:da	v.	erlassen
裂	lie	v.	reißen
今晚	jin:wan	n.	heute Abend
网站建设	wang:zhan:jian:she	n.	Website-Erstellung
总监	zong:jian	n.	Direktor
年产	nian:chan	n.	Jahresproduktion
现价	xian:jia	n.	aktueller Preis
十六	shi:liu	num.	sechzehn
自助	zi:zhu	n.	Selbstbedienung
座谈会	zuo:tan:hui	n.	Diskussionsrunde
衡量	heng:liang	v.	abwägen
注册资金	zhu:ce:zi:jin	n.	Stammkapital
实事求是	shi:shi:qiu:shi	adj.	realistisch
楼下	lou:xia	n.	unten
筛选	shai:xuan	v.	auswählen
选取	xuan:qu	v.	auswählen
考点	kao:dian	n.	Prüfungszentrum
牙齿	ya:chi	n.	Zahn
国防	guo:fang	n.	Landesverteidigung
模特	mo:te	n.	Model
遭	zao	v.	erleiden
持久	chi:jiu	adj.	dauerhaft
亮度	liang:du	n.	Helligkeit
大纲	da:gang	n.	Gliederung
赤	chi	adj.	rot
旋	xuan	v.	drehen
中国经济	zhong:guo:jing:ji	n.	chinesische Wirtschaft
太子	tai:zi	n.	Kronprinz
天涯	tian:ya	n.	Ende der Welt
重建	chong:jian	v.	wiederaufbauen
线索	xian:suo	n.	Anhaltspunkt
专线	zhuan:xian	n.	Standleitung
时常	shi:chang	adv.	oft
托管	tuo:guan	v.	in Verwahrung geben
滋味	zi:wei	n.	Geschmack
山上	shan:shang	n.	auf dem Berg
秋天	qiu:tian	n.	Herbst
超标	chao:biao	v.	die Norm überschreiten
一度	yi:du	adv.	einmal
大气	da:qi	n.	Atmosphäre
扭	niu	v.	drehen
审定	shen:ding	v.	prüfen und genehmigen
理事会	li:shi:hui	n.	Vorstand
使用方法	shi:yong:fang:fa	n.	Gebrauchsanweisung
积极参与	ji:ji:can:yu	v.	aktiv teilnehmen
地段	di:duan	n.	Gebiet
念头	nian:tou	n.	Gedanke
厕所	ce:suo	n.	Toilette
特效	te:xiao	n.	Spezialeffekt
概论	gai:lun	n.	Einführung
村庄	cun:zhuang	n.	Dorf
东南亚	dong:nan:ya	n.	Südostasien
政府部门	zheng:fu:bu:men	n.	Regierungsbehörde
经济增长	jing:ji:zeng:zhang	n.	Wirtschaftswachstum
个人观点	ge:ren:guan:dian	n.	persönliche Meinung
长久	chang:jiu	adj.	langanhaltend
监视	jian:shi	v.	überwachen
主要产品	zhu:yao:chan:pin	n.	Hauptprodukt
设想	she:xiang	v.	sich vorstellen
洁	jie	adj.	sauber
静态	jing:tai	adj.	statisch
发行公司	fa:xing:gong:si	n.	Verlagsgesellschaft
浮	fu	v.	schweben
阳台	yang:tai	n.	Balkon
抵押	di:ya	v.	verpfänden
怀里	huai:li	n.	im Arm
醒来	xing:lai	v.	aufwachen
生产能力	sheng:chan:neng:li	n.	Produktionskapazität
门窗	men:chuang	n.	Türen und Fenster
套房	tao:fang	n.	Suite
悉	xi	adv.	alle
小子	xiao:zi	n.	Junge
研究中心	yan:jiu:zhong:xin	n.	Forschungszentrum
不算	bu:suan	v.	nicht zählen
债权人	zhai:quan:ren	n.	Gläubiger
相册	xiang:ce	n.	Fotoalbum
车上	che:shang	n.	im Auto
生产厂家	sheng:chan:chang:jia	n.	Hersteller
左侧	zuo:ce	n.	linke Seite
忽视	hu:shi	v.	ignorare
焊接	han:jie	v.	schweißen
水源	shui:yuan	n.	Wasserquelle
审判	shen:pan	n.	Gerichtsverfahren
擦	ca	v.	wischen
洗净	xi:jing	v.	sauber waschen
话说	hua:shuo	v.	man sagt
再生	zai:sheng	v.	regenerieren
新区	xin:qu	n.	Neubaugebiet
聘用	pin:yong	v.	anstellen
毫秒	hao:miao	n.	Millisekunde
保健品	bao:jian:pin	n.	Gesundheitsprodukt
本案	ben:an	n.	der vorliegende Fall
口岸	kou:an	n.	Umschlaghafen
国际贸易	guo:ji:mao:yi	n.	internationaler Handel
规章制度	gui:zhang:zhi:du	n.	Regelwerk
社会保障	she:hui:bao:zhang	n.	soziale Sicherheit
收缩	shou:suo	v.	sich zusammenziehen
批判	pi:pan	v.	kritisieren
研究员	yan:jiu:yuan	n.	Forscher
相关专业	xiang:guan:zhuan:ye	n.	verwandtes Fachgebiet
选定	xuan:ding	v.	auswählen
重要组成	zhong:yao:zu:cheng	n.	wichtiger Bestandteil
服从	fu:cong	v.	gehorchen
汉族	han:zu	n.	Han-Volk
通风	tong:feng	v.	lüften
出手	chu:shou	v.	zuschlagen
相片	xiang:pian	n.	Foto
慧	hui	adj.	klug
少于	shao:yu	prep.	weniger als
重要作用	zhong:yao:zuo:yong	n.	wichtige Rolle
缓缓	huan:huan	adv.	langsam
分行	fen:hang	n.	Filiale
新颖	xin:ying	adj.	neuartig
不幸	bu:xing	adj.	unglücklich
测评	ce:ping	v.	bewerten
后续	hou:xu	n.	Fortsetzung
描写	miao:xie	v.	beschreiben
美食	mei:shi	n.	Köstlichkeiten
一顿	yi:dun	mw.	einmal (Mahlzeit)
销售人员	xiao:shou:ren:yuan	n.	Verkaufspersonal
交通事故	jiao:tong:shi:gu	n.	Verkehrsunfall
丽江	li:jiang	n.	Lijiang
本地区	ben:di:qu	n.	diese Region
水准	shui:zhun	n.	Niveau
物料	wu:liao	n.	Material
挪用	nuo:yong	v.	veruntreuen
多样化	duo:yang:hua	v.	diversifizieren
多样化	duo:yang:hua	n.	Vielfalt
开创	kai:chuang	v.	begründen
各界	ge:jie	n.	alle Kreise
现代化建设	xian:dai:hua:jian:she	n.	Modernisierung
阴影	yin:ying	n.	Schatten
而后	er:hou	conj.	und dann
信息发布	xin:xi:fa:bu	n.	Informationsveröffentlichung
搜狐	sou:hu	n.	Sohu
体制改革	ti:zhi:gai:ge	n.	Systemreform
中医药	zhong:yi:yao	n.	chinesische Medizin
矿山	kuang:shan	n.	Bergwerk
现代化的	xian:dai:hua:de	adj.	modern
风雨	feng:yu	n.	Wind und Regen
职业资格	zhi:ye:zi:ge	n.	Berufsqualifikation
广告位	guang:gao:wei	n.	Werbefläche
得不到	de:bu:dao	v.	nicht bekommen können
五十	wu:shi	num.	fünfzig
卓越	zhuo:yue	adj.	hervorragend
请教	qing:jiao	v.	um Rat fragen
会议室	hui:yi:shi	n.	Konferenzraum
典	dian	n.	Klassiker
执政	zhi:zheng	v.	regieren
赏	shang	v.	belohnen
口语	kou:yu	n.	Umgangssprache
年末	nian:mo	n.	Jahresende
简化	jian:hua	v.	vereinfachen
出让	chu:rang	v.	abtreten
伊朗	yi:lang	n.	Iran
领导班子	ling:dao:ban:zi	n.	Führungsteam
门槛	men:kan	n.	Schwelle
必要时	bi:yao:shi	adv.	bei Bedarf
就此	jiu:ci	adv.	damit
蒙古	meng:gu	n.	Mongolei
匆	cong	adj.	überhastet
现任	xian:ren	adj.	amtierend
订立	ding:li	v.	abschließen
饭贴	fan:tie	n.	Mehrzuschuss
音箱	yin:xiang	n.	Lautsprecher
评	ping	v.	beurteilen
发展中	fa:zhan:zhong	adj.	sich entwickelnd
充电	chong:dian	v.	aufladen
一门	yi:men	num.	ein
界定	jie:ding	v.	abgrenzen
界定	jie:ding	n.	Abgrenzung
车队	che:dui	n.	Fahrzeugkolonne
车队	che:dui	n.	Flotte
红军	hong:jun	n.	Rote Armee
纵	zong	conj.	selbst wenn
纵	zong	adj.	vertikal
宝马	bao:ma	n.	BMW
宝马	bao:ma	n.	vortreffliches Pferd
精确	jing:que	adj.	präzise
在下	zai:xia	pron.	ich (bescheiden)
兴起	xing:qi	v.	aufkommen
兴起	xing:qi	n.	Aufkommen
跨国公司	kua:guo:gong:si	n.	Multinationaler Konzern
莲	lian	n.	Lotus
雾	wu	n.	Nebel
杜绝	du:jue	v.	unterbinden
道路交通	dao:lu:jiao:tong	n.	Straßenverkehr
爱人	ai:ren	n.	Ehepartner
爱人	ai:ren	n.	Geliebte
审理	shen:li	v.	verhanden
经济社会	jing:ji:she:hui	n.	Wirtschaft und Gesellschaft
起草	qi:cao	v.	entwerfen
所学	suo:xue	n.	das Gelernte
领袖	ling:xiu	n.	Führer
乌	wu	adj.	schwarz
乌	wu	n.	Krähe
暗示	an:shi	v.	andeuten
暗示	an:shi	n.	Andeutung
总则	zong:ze	n.	Allgemeine Bestimmungen
移动电话	yi:dong:dian:hua	n.	Mobiltelefon
我爱你	wo:ai:ni	v.	ich liebe dich
跃	yue	v.	springen
座位	zuo:wei	n.	Sitzplatz
讨厌	tao:yan	v.	nicht mögen
讨厌	tao:yan	adj.	lästig
壮	zhuang	adj.	kräftig
旗下	qi:xia	n.	unter dem Banner
省内	sheng:nei	n.	in der Provinz
火焰	huo:yan	n.	Flamme
公约	gong:yue	n.	Konvention
走上	zou:shang	v.	betreten
贴	tie	v.	kleben
贴	tie	v.	subventionieren
拍照	pai:zhao	n.	Fotografieren
返还	fan:huan	v.	zurückgeben
酱油	jiang:you	n.	Sojasauce
误区	wu:qu	n.	Irrtum
截至	jie:zhi	prep.	bis bis
丰	feng	adj.	reichlich
隔	ge	v.	trennen
隔	ge	prep.	alle
看似	kan:si	v.	erscheinen als
他自己	ta:zi:ji	pron.	er selbst
针对性	zhen:dui:xing	n.	Zielgerichtetheit
万元以下	wan:yuan:yi:xia	n.	unter 10.000 Yuan
健	jian	adj.	gesund
仲裁	zhong:cai	n.	Schiedsgericht
修炼	xiu:lian	v.	pflegen
提供者	ti:gong:zhe	n.	Anbieter
票据	piao:ju	n.	Wechsel
辛	xin	adj.	mühsam
全都	quan:dou	adv.	alle
新一代	xin:yi:dai	n.	nue Generation
地狱	di:yu	n.	Hölle
第一天	di:yi:tian	n.	erster Tag
徐州	xu:zhou	n.	Xuzhou
一九	yi:jiu	num.	19
心得	xin:de	n.	einsichtige Erfahrung
接管	jie:guan	v.	übernehmen
服务员	fu:wu:yuan	n.	Kellner
交叉	jiao:cha	v.	kreuzen
抵	di	v.	abwehren
竹	zhu	n.	Bambus
彻	che	adj.	gründlich
角落	jiao:luo	n.	Ecke
科学研究	ke:xue:yan:jiu	n.	wissenschaftliche Forschung
离去	li:qu	v.	abfahren
引领	yin:ling	v.	führen
摩	mo	v.	reiben
轰	hong	onom.	Bumm
情报	qing:bao	n.	Nachricht
第七章	di:qi:zhang	n.	Kapitel sieben
最少	zui:shao	adv.	zumindest
不好意思	bu:hao:yi:si	adj.	verlegen
仓储	cang:chu	n.	Lagerung
培训中心	pei:xun:zhong:xin	n.	Schulungszentrum
有害	you:hai	adj.	schädlich
做爱	zuo:ai	v.	Liebe machen
适度	shi:du	adj.	mäßig
曝光	bao:guang	v.	belichten
发达	fa:da	adj.	entwickelt
常识	chang:shi	n.	gesunder Menschenverstand
考场	kao:chang	n.	Prüfungssaal
胸部	xiong:bu	n.	Brust
科室	ke:shi	n.	Abteilung
编	bian	v.	flechten
肚	du	n.	Bauch
出自	chu:zi	v.	stammen
繁殖	fan:zhi	v.	sich vermehren
用电	yong:dian	n.	Stromverbrauch
这个人	zhe:ge:ren	pron.	dieser Mensch
插	cha	v.	einfügen
启发	qi:fa	v.	inspirieren
这话	zhe:hua	pron.	diese Worte
磨	mo	v.	schleifen
话语	hua:yu	n.	Diskurs
四级	si:ji	n.	Stufe 4
护照	hu:zhao	n.	Reisepass
奖学金	jiang:xue:jin	n.	Stipendium
技术服务	ji:shu:fu:wu	n.	technischer Dienst
名叫	ming:jiao	v.	heißen
去除	qu:chu	v.	entfernen
史上	shi:shang	n.	in der Geschichte
门前	men:qian	n.	vor der Tür
共同所有	gong:tong:suo:you	n.	Gemeinschaftseigentum
困扰	kun:rao	v.	beunruhigen
日历	ri:li	n.	Kalender
失踪	shi:zong	v.	verschwunden
解读	jie:du	v.	interpretieren
建设用地	jian:she:yong:di	n.	Bauland
上方	shang:fang	n.	oberhalb
行政管理部门	xing:zheng:guan:li:bu:men	n.	Verwaltungsbehörde
核桃	he:tao	n.	Walnuss
人身	ren:shen	n.	Person
可靠的	ke:kao:de	adj.	zuverlässig
出示	chu:shi	v.	vorzeigen
国民党	guo:min:dang	n.	Kuomintang
曹操	cao:cao	n.	Cao Cao
现行	xian:xing	adj.	gegenwärtig
派出	pai:chu	v.	entsenden
殴打	ou:da	v.	verprügeln
哎	ai	int.	oh
友好	you:hao	adj.	freundlich
疫情	yi:qing	n.	Epidemielage
第二十一条	di:er:shi:yi:tiao	n.	Artikel 21
高原	gao:yuan	n.	Hochebene
御	yu	v.	leniten
供货	gong:huo	v.	liefern
与时俱进	yu:shi:ju:jin	v.	mit der Zeit gehen
锅炉	guo:lu	n.	Kessel
生死	sheng:si	n.	Leben und Tod
监狱	jian:yu	n.	Gefängnis
填报	tian:bao	v.	ausfüllen und melden
卧室	wo:shi	n.	Schlafzimmer
辞职	ci:zhi	v.	zurücktreten
路面	lu:mian	n.	Fahrbahn
我司	wo:si	n.	unser Unternehmen
业务员	ye:wu:yuan	n.	Vertriebsmitarbeiter
建设单位	jian:she:dan:wei	n.	Bauherr
域内	yu:nei	n.	im Bereich
转入	zhuan:ru	v.	eingliedern
无疑是	wu:yi:shi	adv.	zweifellos
著作权	zhu:zuo:quan	n.	Urheberrecht
中毒	zhong:du	v.	vergiftet sein
近几年	jin:ji:nian	n.	die letzten Jahre
耐	nai	v.	ertragen
惧	ju	v.	fürchten
真心	zhen:xin	adj.	aufrichtig
真心	zhen:xin	n.	Aufrichtigkeit
科技成果	ke:ji:cheng:guo	n.	wissenschaftliches Ergebnis
氏	shi	n.	Clanname
通知书	tong:zhi:shu	n.	Mitteilung
人民检察院	ren:min:jian:cha:yuan	n.	Volksstaatsanwaltschaft
向往	xiang:wang	v.	sehnen nach
高出	gao:chu	v.	überragen
辉	hui	n.	Glanz
语种	yu:zhong	n.	Sprache
四处	si:chu	adv.	überall
扶	fu	v.	stützen
温和	wen:he	adj.	mild
网易	wang:yi	n.	NetEase
基础知识	ji:chu:zhi:shi	n.	Grundwissen
创造性	chuang:zao:xing	n.	Kreativität
创造性	chuang:zao:xing	adj.	kreativ
恢	hui	adj.	ausgedehnt
口腔	kou:qiang	n.	Mundhöhle
困惑	kun:huo	adj.	verwirrt
困惑	kun:huo	n.	Verwirrung
中国政府	zhong:guo:zheng:fu	n.	chinesische Regierung
滚动	gun:dong	v.	scrollen
滚动	gun:dong	v.	rollen
貌	mao	n.	Erscheinung
无不	wu:bu	adv.	ohne Ausnahme
顺便	shun:bian	adv.	nebenbei
路过	lu:guo	v.	vorbeikommen
额	e	n.	Stirn
额	e	n.	Betrag
述	shu	v.	darlegen
总共	zong:gong	adv.	insgesamt
陈述	chen:shu	v.	darlegen
陈述	chen:shu	n.	Darlegung
鉴于	jian:yu	prep.	in Anbetracht
票	piao	n.	Fahrkarte
票	piao	n.	Stimme
联网	lian:wang	v.	vernetzen
财政部门	cai:zheng:bu:men	n.	Finanzbehörde
笔记	bi:ji	n.	Notizen
急须	ji:xu	v.	dringend benötigen
发扬	fa:yang	v.	fördern
沈阳市	shen:yang:shi	n.	Shenyang
录制	lu:zhi	v.	aufzeichnen
录	lu	v.	aufzeichnen
开门	kai:men	v.	öffnen
自主创新	zi:zhu:chuang:xin	n.	eigenständige Innovation
化妆	hua:zhuang	v.	sich schminken
学到	xue:dao	v.	lernen
失业	shi:ye	v.	arbeitslos werden
支付宝	zhi:fu:bao	n.	Alipay
陷阱	xian:jing	n.	Falle
杀死	sha:si	v.	töten
墙上	qiang:shang	n.	an der Wand
饮用水	yin:yong:shui	n.	Trinkwasser
南部	nan:bu	n.	Süden
发展战略	fa:zhan:zhan:lve	n.	Entwicklungsstrategie
代表团	dai:biao:tuan	n.	Delegation
卡号	ka:hao	n.	Kartennummer
男士	nan:shi	n.	Herr
特种	te:zhong	adj.	Spezial-
被迫	bei:po	v.	genötigt werden
多样	duo:yang	adj.	vielfältig
陌生	mo:sheng	adj.	unvertraut
膀	bang	n.	Flügel
较小	jiao:xiao	adj.	relativ klein
央行	yang:hang	n.	ZentralbanK
经营活动	jing:ying:huo:dong	n.	Geschäftstätigkeit
余额	yu:e	n.	Guthaben
第二十二条	di:er:shi:er:tiao	n.	Artikel 22
白云	bai:yun	n.	weiße Wolke
一楼	yi:lou	n.	erster Stock
精密	jing:mi	adj.	präzise
不安	bu:an	adj.	unruhig
言语	yan:yu	n.	Sprache
投保	tou:bao	v.	Versicherung abschließen
差点	cha:dian	adv.	beinahe
器件	qi:jian	n.	Bauelement
长远	chang:yuan	adj.	langfristig
顶部	ding:bu	n.	Oberseite
本报记者	ben:bao:ji:zhe	n.	Reporter unserer Zeitung
转发	zhuan:fa	v.	weiterleiten
页数	ye:shu	n.	Seitenzahl
镜像	jing:xiang	n.	Spiegelbild
阐述	chan:shu	v.	darlegen
房租	fang:zu	n.	Miete
乐观	le:guan	adj.	optimistisch
驱动程序	qu:dong:cheng:xu	n.	Treiber
易于	yi:yu	v.	leicht zu
外来	wai:lai	adj.	extern
直属	zhi:shu	adj.	unmittelbar unterstellt
梦幻	meng:huan	adj.	traumhaft
分会	fen:hui	n.	Zweigverein
校区	xiao:qu	n.	Campus
各级政府	ge:ji:zheng:fu	n.	Regierungen aller Ebenen
预约	yu:yue	v.	vereinbaren
鹰	ying	n.	Adler
副教授	fu:jiao:shou	n.	außerordentlicher Professor
实惠	shi:hui	adj.	preiswert
通行	tong:xing	v.	zirkulieren
督察	du:cha	n.	Kontrolleur
法则	fa:ze	n.	Gesetz
共享软件	gong:xiang:ruan:jian	n.	Shareware
撸	lu	v.	reiben
孟	meng	n.	Meng (Familienname)
沙漠	sha:mo	n.	Wüste
送货上门	song:huo:shang:men	v.	Lieferung an die Tür
北京时间	bei:jing:shi:jian	n.	Pekinger Zeit
老鼠	lao:shu	n.	Maus
变换	bian:huan	v.	umwandeln
品尝	pin:chang	v.	kosten
惩罚	cheng:fa	v.	bestrafen
外商投资企业	wai:shang:tou:zi:qi:ye	n.	Auslandsinvestitionsunternehmen
发帖数	fa:tie:shu	n.	Beitragszahl
入门	ru:men	v.	einführt werden
干预	gan:yu	v.	eingreifen
三亚	san:ya	n.	Sanya
功勋	gong:xun	n.	Verdienst
拆除	chai:chu	v.	abbréchen
职场	zhi:chang	n.	Arbeitsplatz
零售价	ling:shou:jia	n.	Einzelhandelspreis
脚下	jiao:xia	n.	unter den Füßen
书画	shu:hua	n.	Kalligraphie und Malerei
九月	jiu:yue	n.	September
门诊	men:zhen	n.	Sprechstunde
停车场	ting:che:chang	n.	Parkplatz
递	di	v.	überreichen
正当	zheng:dang	adj.	legitim
一百	yi:bai	num.	hundert
深入开展	shen:ru:kai:zhan	v.	vertieft durchführen
指挥官	zhi:hui:guan	n.	Kommandant
叙述	xu:shu	v.	erzählen
共识	gong:shi	n.	Konsens
清新	qing:xin	adj.	erfrischend
发电	fa:dian	v.	Strom erzeugen
默默	mo:mo	adv.	still
侮辱	wu:ru	v.	beleidigen
务实	wu:shi	adj.	pragmatisch
兼并	jian:bing	v.	fusionieren
不停	bu:ting	adv.	unaufhörlich
乐器	yue:qi	n.	Musikinstrument
参见	can:jian	v.	siehe (Verweis)
平方	ping:fang	n.	Quadrat
说说	shuo:shuo	v.	reden
瑞	rui	adj.	glückverheißend
本日	ben:ri	n.	Und heutesein
阴阳	yin:yang	n.	Yin und Yang
门外	men:wai	n.	vor der Tür
关系到	guan:xi:dao	v.	betreffen
本章	ben:zhang	n.	dieses Kapitel
文件名	wen:jian:ming	n.	Dateiname
唇	chun	n.	Lippe
震动	zhen:dong	v.	schwingen
震动	zhen:dong	n.	Erschütterung
同等	tong:deng	adj.	gleich
领导者	ling:dao:zhe	n.	Führer
原先	yuan:xian	adv.	ursprünglich
每当	mei:dang	conj.	immer wenn
与否	yu:fou	conj.	oder nicht
开机	kai:ji	v.	einschalten
人际关系	ren:ji:guan:xi	n.	Zwischenmenschliches
暂	zan	adv.	vorläufig
货	huo	n.	Ware
隧道	sui:dao	n.	Tunnel
动感	dong:gan	n.	Bewegungsgefühl
琴	qin	n.	Saiteninstrument
监察	jian:cha	v.	überwachen
留意	liu:yi	v.	achten
伴侣	ban:lv	n.	Partner
固定的	gu:ding:de	adj.	fest
专业知识	zhuan:ye:zhi:shi	n.	Fachwissen
代谢	dai:xie	n.	Stoffwechsel
瀑布	pu:bu	n.	Wasserfall
破产	po:chan	v.	pleitegehen
如实	ru:shi	adv.	getreu
燃油	ran:you	n.	Kraftstoff
踪	zong	n.	Spur
白酒	bai:jiu	n.	Baijiu
码	ma	n.	Code
供应链	gong:ying:lian	n.	Lieferkette
谈谈	tan:tan	v.	sprechen
政协	zheng:xie	n.	Politische Konsultativkonferenz
有利	you:li	adj.	vorteilhaft
灾难	zai:nan	n.	Katastrophe
携手	xie:shou	v.	Hand in hand
高贵	gao:gui	adj.	edel
慰	wei	v.	trösten
白领	bai:ling	n.	weißer Kragen
营运	ying:yun	v.	betreiben
蛇	she	n.	Schlange
艺人	yi:ren	n.	Künstler
专业技术人员	zhuan:ye:ji:shu:ren:yuan	n.	Fachpersonal
不便	bu:bian	adj.	unbequem
客服电话	ke:fu:dian:hua	n.	Kundendienst-Telefon
隐私	yin:si	n.	Privatsphäre
对外开放	dui:wai:kai:fang	v.	Öffnung nach außen
一号	yi:hao	n.	Nummer eins
影音	ying:yin	n.	Audio und Video
货到付款	huo:dao:fu:kuan	n.	Nachnahme
玲	ling	n.	Ling
晕	yun	v.	ohnmächtig werden
晕	yun	adj.	schwindlig
副市长	fu:shi:zhang	n.	Bürgermeisterstellvertreter
损	sun	v.	beschädigen
损	sun	adj.	gemein
中部	zhong:bu	n.	Mittelteil
吖	a	int.	ah
吖	ya	part.	Satzfinalpartikel
急需	ji:xu	v.	dringend brauchen
下一批	xia:yi:pi	n.	nächste Charge
晚餐	wan:can	n.	Abendessen
邻居	lin:ju	n.	Nachbar
轩	xuan	n.	Pavillon
粗	cu	adj.	dick
粗	cu	adj.	rau
更新日期	geng:xin:ri:qi	n.	Aktualisierungsdatum
掩	yan	v.	bedecken
掩	yan	v.	verbergen
屁	pi	n.	Furz
十月	shi:yue	n.	Oktober
体质	ti:zhi	n.	Konstitution
外壳	wai:ke	n.	Gehäuse
悠	you	adj.	gemachtsam
悠	you	v.	schwingen
此文	ci:wen	n.	dieser Text
步入	bu:ru	v.	eintreten in
机体	ji:ti	n.	Rumpf
机体	ji:ti	n.	Körper
卡片	ka:pian	n.	Karte
养护	yang:hu	v.	pflegen
仰	yang	v.	aufblicken
凝聚	ning:ju	v.	kondensieren
凝聚	ning:ju	v.	vereinen
科技创新	ke:ji:chuang:xin	n.	technologische Innovation
威力	wei:li	n.	Macht
人民共和国	ren:min:gong:he:guo	n.	Volksrepublik
鸳鸯	yuan:yang	n.	Mandarinente
摄像机	she:xiang:ji	n.	Videokamera
心理健康	xin:li:jian:kang	n.	psychische Gesundheit
地方人民政府	di:fang:ren:min:zheng:fu	n.	lokale Volksregierung
企图	qi:tu	v.	versuchen
企图	qi:tu	n.	Versuch
内核	nei:he	n.	Kernel
内核	nei:he	n.	Kern
丝毫	si:hao	n.	mindestens
丝毫	si:hao	adv.	überhaupt nicht
栽培	zai:pei	v.	anbauen
栽培	zai:pei	v.	fördern
拼命	pin:ming	v.	sein Leben riskieren
拼命	pin:ming	adv.	verzweifelt
新回复	xin:hui:fu	n.	neue Antwort
奔驰	ben:chi	n.	Benz
奔驰	ben:chi	v.	galoppieren
教职工	jiao:zhi:gong	n.	Lehr- und Verwaltungspersonal
真空	zhen:kong	n.	Vakuum
有兴趣	you:xing:qu	v.	interessiert sein
天线	tian:xian	n.	Antenne
零	ling	num.	Null
绘制	hui:zhi	v.	zeichnen
中方	zhong:fang	n.	chinesische Seite
线上	xian:shang	adv.	online
至此	zhi:ci	adv.	bis hierhin
村里	cun:li	n.	im Dorf
更多信息	geng:duo:xin:xi	n.	weitere Informationen
不及	bu:ji	v.	nicht erreichen
灵感	ling:gan	n.	Inspiration
大方	da:fang	adj.	großzügig
大方	da:fang	adj.	natürlich
古人	gu:ren	n.	Altertumsmensch
两边	liang:bian	n.	beide Seiten
卖出	mai:chu	v.	verkaufen
牌子	pai:zi	n.	Marke
盟	meng	n.	Bündnis
途	tu	n.	Weg
置于	zhi:yu	v.	platzieren
滋润	zi:run	v.	befeuchten
滋润	zi:run	adj.	behaglich
沿海	yan:hai	n.	Küste
沿海	yan:hai	adj.	Küsten-
海水	hai:shui	n.	Meerwasser
贼	zei	n.	Dieb
有机会	you:ji:hui	v.	die Gelegenheit haben
下载速度	xia:zai:su:du	n.	Download-Geschwindigkeit
家产	jia:chan	n.	Familieneigentum
视角	shi:jiao	n.	Perspektive
具体情况	ju:ti:qing:kuang	n.	konkrete Situation
发证	fa:zheng	v.	Bescheide ausstellen
开支	kai:zhi	n.	Ausgaben
品味	pin:wei	n.	Geschmack
品味	pin:wei	v.	schmecken
共产党	gong:chan:dang	n.	Kommunistische Partei
户名	hu:ming	n.	Kontoname
洪	hong	n.	Flut
清晨	qing:chen	n.	früher Morgen
有关单位	you:guan:dan:wei	n.	zuständige Stellen
机组	ji:zu	n.	Besatzung
离不开	li:bu:kai	v.	nicht loskommen von
长期以来	chang:qi:yi:lai	adv.	lange Zeit
政权	zheng:quan	n.	Staatsmacht
悟	wu	v.	erkennen
图文	tu:wen	n.	Bild und Text
感激	gan:ji	v.	dankbar sein
服务质量	fu:wu:zhi:liang	n.	Servicequalität
思想政治	si:xiang:zheng:zhi	n.	Ideologie und Politik
挫折	cuo:zhe	n.	Rückschlag
挫折	cuo:zhe	v.	enttäuscht sein
发了	fa:le	v.	senden
发了	fa:le	v.	Reichtum erlangen
定时	ding:shi	adv.	regelmäßig
定时	ding:shi	adj.	Zeit-
不止	bu:zhi	adv.	mehr als
不止	bu:zhi	v.	nicht aufhören
亲人	qin:ren	n.	Angehöriger
关节	guan:jie	n.	Gelenk
关节	guan:jie	n.	Kernpunkt
癌症	ai:zheng	n.	Krebs
蓝牙	lan:ya	n.	Bluetooth
导弹	dao:dan	n.	Rakete
市场竞争	shi:chang:jing:zheng	n.	Marktwettbewerb
各种各样	ge:zhong:ge:yang	adj.	allerlei
地理位置	di:li:wei:zhi	n.	geografische Lage
主要原因	zhu:yao:yuan:yin	n.	Hauptursache
向下	xiang:xia	adv.	nach unten
固	gu	adj.	fest
固	gu	adv.	fest
固	gu	adv.	zwar
人选	ren:xuan	n.	Kandidat
占地面积	zhan:di:mian:ji	n.	Grundfläche
十几	shi:ji	num.	etwa zehn bis neunzehn
窗外	chuang:wai	n.	Fensteraußenseite
风味	feng:wei	n.	Geschmack
进一步提高	jin:yi:bu:ti:gao	v.	weiter verbessern
新城	xin:cheng	n.	Neustadt
天上	tian:shang	n.	Himmel
高级会员	gao:ji:hui:yuan	n.	Premium-Mitglied
清醒	qing:xing	adj.	klar im Kopf
清醒	qing:xing	v.	zu sich kommen
重要内容	zhong:yao:nei:rong	n.	wichtiger Inhalt
往返	wang:fan	v.	hin- und herfahren
往返	wang:fan	n.	Hin- und Rückfahrt
原则上	yuan:ze:shang	adv.	grundsätzlich
青团	qing:tuan	n.	Qingtuan
近年	jin:nian	n.	letzte Jahre
三维	san:wei	n.	drei Dimensiones
开出	kai:chu	v.	erblühen
开出	kai:chu	v.	aufmachen
商量	shang:liang	v.	beraten
讶	ya	adj.	erstaunt
学时	xue:shi	n.	Lehrstunde
污染物	wu:ran:wu	n.	Schadstoff
捕捉	bu:zhuo	v.	erfassen
捕捉	bu:zhuo	v.	ergreifen
思想道德	si:xiang:dao:de	n.	Ideologie und Moral
整天	zheng:tian	adv.	den ganzen Tag
使者	shi:zhe	n.	Gesandter
标明	biao:ming	v.	kennzeichnen
冬	dong	n.	Winter
说起	shuo:qi	v.	ansprechen
滑	hua	v.	gleiten
抢救	qiang:jiu	v.	retten
抢救	qiang:jiu	v.	wiederbeleben
男朋友	nan:peng:you	n.	Freund
治安	zhi:an	n.	öffentliche Sicherheit
有趣	you:qu	adj.	interessant
拓宽	tuo:kuan	v.	verbreitern
日出	ri:chu	n.	Sonnenaufgang
细分	xi:fen	v.	unterteilen
批发市场	pi:fa:shi:chang	n.	Großmarkt
酒精	jiu:jing	n.	Alkohol
甜	tian	adj.	süß
副总经理	fu:zong:jing:li	n.	Stellvertretender Generalmanager
剩下的	sheng:xia:de	adj.	übrig
关心的	guan:xin:de	adj.	betreffend
慢慢地	man:man:de	adv.	allmählich
氧化	yang:hua	v.	oxidieren
哪怕	na:pa	conj.	sogar wenn
流域	liu:yu	n.	fluss Einzugsgebiet
化解	hua:jie	v.	entschärfen
过大	guo:da	adj.	übermäßig
举措	ju:cuo	n.	Maßnahme
郁	yu	adj.	bedrückt
形容	xing:rong	v.	beschreiben
松下	song:xia	n.	Panasonic
专人	zhuan:ren	n.	extra Personal
期限内	qi:xian:nei	n.	fristgerecht
五月	wu:yue	n.	Mai
响起	xiang:qi	v.	ertönen
穿越	chuan:yue	v.	durchqueren
琳	lin	n.	fine Jade
租用	zu:yong	v.	mieten
辆	liang	mw.	(Zählwort für Fahrzeuge)
山庄	shan:zhuang	n.	Bergvilla
漫长	man:chang	adj.	sehr lang
支持下	zhi:chi:xia	n.	unter Unterstützung
外国人	wai:guo:ren	n.	Ausländer
赛车	sai:che	n.	Rennwagen
信赖	xin:lai	v.	vertrauen
乃	nai	adv.	nämlich
有必要	you:bi:yao	adj.	nötig
摘自	zhai:zi	v.	entnommen aus
赌博	du:bo	v.	summen
椅子	yi:zi	n.	Stuhl
猪	zhu	n.	Schwein
近代	jin:dai	n.	Neuzeit
推荐的	tui:jian:de	adj.	empfohlen
手臂	shou:bi	n.	Arm
电商	dian:shang	n.	E-Commerce
一点点	yi:dian:dian	adv.	ein wenig
疗法	liao:fa	n.	THERAPIE
宁波市	ning:bo:shi	n.	Ningbo
拥抱	yong:bao	v.	umarmen
邓小平	deng:xiao:ping	n.	Deng Xiaoping
暖	nuan	adj.	warm
挣	zheng	v.	verdienen
走路	zou:lu	v.	gehen
新帖	xin:tie	n.	neuer Beitrag
准备工作	zhun:bei:gong:zuo	n.	Vorbereitung
有限的	you:xian:de	adj.	begrenzt
定向	ding:xiang	v.	orientieren
这是因为	zhe:shi:yin:wei	conj.	das liegt daran
一大批	yi:da:pi	num.	eine große Menge
奖项	jiang:xiang	n.	Preis
边界	bian:jie	n.	Grenze
可以选择	ke:yi:xuan:ze	v.	wählen können
产品规格	chan:pin:gui:ge	n.	Produktspezifikation
下方	xia:fang	n.	unterer Teil
加剧	jia:ju	v.	verschärfen
通讯地址	tong:xun:di:zhi	n.	postanschrift
期间的	qi:jian:de	adj.	Zwischen-
社会团体	she:hui:tuan:ti	n.	socialer Verband
球场	qiu:chang	n.	Sportplatz
西安市	xi:an:shi	n.	Xi'an
元旦	yuan:dan	n.	Neujahr
副所长	fu:suo:zhang	n.	Stellvertretender Direktor
所长	suo:zhang	n.	Direktor
男友	nan:you	n.	Freund
立项	li:xiang	v.	Projekt genehmigen
人心	ren:xin	n.	öffentliche Meinung
免费下载	mian:fei:xia:zai	v.	kostenloser Download
质地	zhi:di	n.	Beschaffenheit
印章	yin:zhang	n.	Siegel
清水	qing:shui	n.	klares Wasser
米饭	mi:fan	n.	gekochter Reis
车次	che:ci	n.	Zugnummer
第二十三条	di:er:shi:san:tiao	num.	Artikel 23
推翻	tui:fan	v.	stürzen
成功地	cheng:gong:de	adv.	erfolgreich
总理	zong:li	n.	Ministerpräsident
深深的	shen:shen:de	adj.	tief
旦	dan	n.	Morgen
信托	xin:tuo	n.	Treuhandschaft
估	gu	v.	schätzen
比起	bi:qi	prep.	verglichen mit
本专业	ben:zhuan:ye	n.	dieses Fachgebiet
坦	tan	adj.	aufrichtig
年月日	nian:yue:ri	n.	Datum
惠普	hui:pu	n.	HP
薪水	xin:shui	n.	Gehalt
通话	tong:hua	n.	Telefonat
碰撞	peng:zhuang	v.	kollidieren
从来没有	cong:lai:mei:you	adv.	nie
须知	xu:zhi	n.	Hinweise
灰色	hui:se	n.	Grau
中国市场	zhong:guo:shi:chang	n.	chinesischer Markt
替换	ti:huan	v.	ersetzen
宽容	kuan:rong	adj.	tolerant
恶心	e:xin	v.	übel sein
恶心	e:xin	adj.	ekelhaft
核对	he:dui	v.	überprüfen
其间	qi:jian	n.	inzwischen
第一名	di:yi:ming	n.	der erste Platz
噪音	zao:yin	n.	Lärm
肩膀	jian:bang	n.	Schulter
树木	shu:mu	n.	Baum
机床	ji:chuang	n.	Werkzeugmaschine
酸奶	suan:nai	n.	Joghurt
流失	liu:shi	v.	abfließen
甘	gan	adj.	süß
瓶颈	ping:jing	n.	Flaschenhals
基础设施建设	ji:chu:she:shi:jian:she	n.	Infrastrukturaufbau
阀门	fa:men	n.	Ventil
否认	fou:ren	v.	leugnen
乌鲁木齐	wu:lu:mu:qi	n.	Ürümqi
水电	shui:dian	n.	Wasserkraft
水电	shui:dian	n.	Wasser und Strom
实施细则	shi:shi:xi:ze	n.	Durchführungsbestimmungen
高性能	gao:xing:neng	adj.	leistungsstark
下滑	xia:hua	v.	abrutschen
高山	gao:shan	n.	hohes Berg... hoher Berg
佩	pei	v.	tragen
佩	pei	v.	bewundern
劳务	lao:wu	n.	Lohnarbeit
启示	qi:shi	n.	Offenbarung
启示	qi:shi	n.	Anregung
基金会	ji:jin:hui	n.	Stiftung
微生物	wei:sheng:wu	n.	Mikroorganismus
精通	jing:tong	v.	beherrschen
会展	hui:zhan	n.	Messe
莱	lai	n.	Gänsefuß
半导体	ban:dao:ti	n.	Halbleiter
副部长	fu:bu:zhang	n.	Staatssekretär
不明	bu:ming	adj.	unklar
法学院	fa:xue:yuan	n.	Rechtsfakultät
发表者	fa:biao:zhe	n.	Herausgeber
企业发展	qi:ye:fa:zhan	n.	Unternehmensentwicklung
香味	xiang:wei	n.	Duft
没办法	mei:ban:fa	v.	nichts machen können
享	xiang	v.	genießen
演奏	yan:zou	v.	auftühren
争夺	zheng:duo	v.	werben um
吼	hou	v.	brüllen
吼	hou	n.	Brüllen
批量	pi:liang	n.	Stapel
构	gou	v.	bilden
娃娃	wa:wa	n.	Baby
现货	xian:huo	n.	sparte Liefbarkeit
秋季	qiu:ji	n.	Herbst
所得税	suo:de:shui	n.	Einkommensteuer
电子政务	dian:zi:zheng:wu	n.	E-Government
前所未有	qian:suo:wei:you	adj.	beispiellos
绝望	jue:wang	n.	Verzweiflung
绝望	jue:wang	v.	verzweifeln
共青团	gong:qing:tuan	n.	Kommunistischer Jugendverband
央视	yang:shi	n.	CCTV
不该	bu:gai	v.	nicht sollen
这边	zhe:bian	pron.	hier
禁用	jin:yong	v.	sperren
职业技术学院	zhi:ye:ji:shu:xue:yuan	n.	Berufshochschule
旋律	xuan:lv	n.	Melodie
联合会	lian:he:hui	n.	Föderation
很是	hen:shi	adv.	sehr
付费	fu:fei	v.	bezahlen
助手	zhu:shou	n.	Assistent
寒冷	han:leng	adj.	kalt
修养	xiu:yang	n.	Bildung
价钱	jia:qian	n.	Preis
管理中心	guan:li:zhong:xin	n.	Verwaltungszentrum
一夜	yi:ye	n.	eine Nacht
赞助	zan:zhu	v.	fördern
赞助	zan:zhu	n.	Förderung
管理层	guan:li:ceng	n.	Management
粉	fen	n.	Pulver
粉	fen	adj.	rosa
开头	kai:tou	n.	Anfang
生产商	sheng:chan:shang	n.	Hersteller
桌子	zhuo:zi	n.	Tisch
工序	gong:xu	n.	Arbeitsgang
以色列	yi:se:lie	n.	Israel
经贸	jing:mao	n.	Wirtschaft und Handel
社会化	she:hui:hua	v.	vergesellschaften
社会化	she:hui:hua	n.	Vergesellschaftung
吻	wen	v.	küssen
吻	wen	n.	Kuss
行人	xing:ren	n.	Fußgänger
不顾	bu:gu	v.	ungeachtet
绍兴	shao:xing	n.	Shaoxing
纵横	zong:heng	v.	durchqueren
智能化	zhi:neng:hua	v.	intelligent machen
智能化	zhi:neng:hua	n.	Intelligentisierung
家教	jia:jiao	n.	Privatlehrer
家教	jia:jiao	n.	Häusliche Erziehung
潜	qian	v.	tauchen
潜	qian	adj.	verborgen
编译	bian:yi	v.	kompilieren
难免	nan:mian	adj.	unvermeidlich
难免	nan:mian	adv.	unweigerlich
往来	wang:lai	v.	verkehren
往来	wang:lai	n.	Verkehr
防守	fang:shou	v.	verteidigen
防守	fang:shou	n.	Verteidigung
登上	deng:shang	v.	bestigen
巨头	ju:tou	n.	Branchenriese
上司	shang:si	n.	Vorgesetzter
其他人	qi:ta:ren	n.	andere Leute
瓶	ping	mw.	Flasche
上架	shang:jia	v.	in das Regal stellen
上架	shang:jia	v.	erscheinen
景象	jing:xiang	n.	Szene
光滑	guang:hua	adj.	glatt
抵抗	di:kang	v.	widerstehen
抵抗	di:kang	n.	Widerstand
驾校	jia:xiao	n.	Fahrschule
错过	cuo:guo	v.	verpassen
网点	wang:dian	n.	Filiale
网点	wang:dian	n.	Netzknoten
飞翔	fei:xiang	v.	fliegen
偶	ou	n.	Götze
偶	ou	num.	gerade
偶	ou	adv.	zufällig
图层	tu:ceng	n.	Ebene
身为	shen:wei	v.	sein als
戒	jie	v.	abstinieren
戒	jie	n.	Klostergelübde
单个	dan:ge	adj.	einzeln
合金	he:jin	n.	Legierung
吉祥	ji:xiang	adj.	glückverheißend
第一批	di:yi:pi	num.	die erste Charge
十足	shi:zu	adj.	ganz
双向	shuang:xiang	adj.	zweiwegig
春秋	chun:qiu	n.	Frühling und Herbst
春秋	chun:qiu	n.	Alter
整整	zheng:zheng	adv.	ausgerechnet
协同	xie:tong	v.	koordinieren
协同	xie:tong	adj.	Synergie-
副总裁	fu:zong:cai	n.	Vizepräsident
浓	nong	adj.	dick
浓	nong	adj.	stark
毁	hui	v.	zerstören
销	xiao	v.	verkaufen
销	xiao	v.	aufheben
度过	du:guo	v.	verbringen
银子	yin:zi	n.	Silber
不信	bu:xin	v.	nicht glauben
迪	di	v.	erleuchten
产业链	chan:ye:lian	n.	Wertschöpfungskette
紧紧	jin:jin	adv.	fest
签发	qian:fa	v.	ausstellen
贵阳	gui:yang	n.	Guiyang
车内	che:nei	n.	Wageninneres
偶像	ou:xiang	n.	Idol
人力资源管理	ren:li:zi:yuan:guan:li	n.	Personalmanagement
祝贺	zhu:he	v.	gratulieren
祝贺	zhu:he	n.	Glückwünsche
拒	ju	v.	ablehnen
渔业	yu:ye	n.	Fischerei
原装	yuan:zhuang	adj.	Original-
所在地区	suo:zai:di:qu	n.	Region
医疗卫生	yi:liao:wei:sheng	n.	Gesundheitswesen
绕	rao	v.	umkreisen
我们党	wo:men:dang	n.	unser Partei
热水	re:shui	n.	heißes Wasser
能力强	neng:li:qiang	adj.	leistungsstark
雕塑	diao:su	n.	Skulptur
雕塑	diao:su	v.	bilden
埃及	ai:ji	n.	Ägypten
使用的	shi:yong:de	adj.	gebraucht
影史	ying:shi	n.	Filmgeschichte
骄傲	jiao:ao	adj.	stolz
骄傲	jiao:ao	n.	Stolz
找了	zhao:le	v.	gesucht
拉动	la:dong	v.	ankurbeln
放行	fang:xing	v.	durchlassen
跳舞	tiao:wu	v.	tanzen
登山	deng:shan	v.	bergsteigen
自带	zi:dai	v.	selbst mitbringen
有力的	you:li:de	adj.	kraftvoll
市内	shi:nei	n.	in der Stadt
柔和	rou:he	adj.	weich
光荣	guang:rong	adj.	ruhmreich
光荣	guang:rong	n.	Ehre
一经	yi:jing	conj.	sobald
勒	le	v.	zügeln
勒	lei	v.	abschnüren
捐款	juan:kuan	n.	Spende
捐款	juan:kuan	v.	spenden
来临	lai:lin	v.	herankommen
不稳定	bu:wen:ding	adj.	unstabil
底部	di:bu	n.	Unterseite
伸出	shen:chu	v.	ausstrecken
也不知道	ye:bu:zhi:dao	v.	keine Ahnung haben
瑞典	rui:dian	n.	Schweden
山的	shan:de	adj.	Berg-
知识分子	zhi:shi:fen:zi	n.	Intellektuelle
朗	lang	adj.	hell
发热	fa:re	v.	Fieber haben
借款	jie:kuan	n.	Darlehen
借款	jie:kuan	v.	Geld leihen
教会	jiao:hui	n.	Kirche
教会	jiao:hui	v.	beibringen
将近	jiang:jin	adv.	.fast
每一次	mei:yi:ci	pron.	jedes Mal
前方	qian:fang	n.	Vorderseite
只得	zhi:de	adv.	müssen
豆浆	dou:jiang	n.	Sojamilch
桌上	zhuo:shang	n.	auf dem Tisch
十二月	shi:er:yue	n.	Dezember
毫升	hao:sheng	n.	Milliliter
中央电视台	zhong:yang:dian:shi:tai	n.	zentrales Fernsehen
没错	mei:cuo	adj.	richtig
窗户	chuang:hu	n.	Fenster
西门子	xi:men:zi	n.	Siemens
面临着	mian:lin:zhe	v.	konfrontiert mit
评议	ping:yi	v.	beraten
面部	mian:bu	n.	Gesicht
流传	liu:chuan	v.	verbreiten
四季	si:ji	n.	vier Jahreszeiten
违背	wei:bei	v.	verletzen
词语	ci:yu	n.	Wort
着手	zhuo:shou	v.	in Angriff nehmen
嘻	xi	onom.	mit einem Kichern
金山	jin:shan	n.	Goldberg
这一次	zhe:yi:ci	n.	dieses Mal
那儿	na:er	pron.	dort
第三个	di:san:ge	n.	dritte
尾	wei	n.	Schwanz
善良	shan:liang	adj.	gütig
东南	dong:nan	n.	Südosten
帐	zhang	n.	Konto
何况	he:kuang	conj.	geschweige denn
过客	guo:ke	n.	Durchreisender
废	fei	adj.	unbrauchbar
速率	su:lv	n.	Geschwindigkeit
冶金	ye:jin	n.	Metallurgie
万一	wan:yi	conj.	für den Fall dass
延	yan	v.	verlängern
机器人	ji:qi:ren	n.	Roboter
路由	lu:you	n.	Routing
教案	jiao:an	n.	Unterrichtsplan
推介	tui:jie	v.	präsentieren
六月	liu:yue	n.	Juni
衔接	xian:jie	v.	verbinden
敲	qiao	v.	klopfen
来回	lai:hui	adv.	hin und zurück
烂	lan	adj.	verfault
自考	zi:kao	n.	Selbststudiumsprüfung
经济建设	jing:ji:jian:she	n.	Wirtschaftsaufbau
白糖	bai:tang	n.	Weißzucker
创立	chuang:li	v.	gründen
文书	wen:shu	n.	Schriftstücke
带头	dai:tou	v.	anzühren
独有	du:you	adj.	einzigartig
美白	mei:bai	v.	aufhellen
曼	man	n.	Mann
紫色	zi:se	n.	Violett
厌	yan	v.	verabscheuen
色泽	se:ze	n.	Farbe und Glanz
宜	yi	adj.	passend
路边	lu:bian	n.	Strassenrand
新华	xin:hua	n.	Xinhua
中学生	zhong:xue:sheng	n.	Schüler
圣诞节	sheng:dan:jie	n.	Weihnachten
几分	ji:fen	num.	einige
羞	xiu	adj.	schamhaft
勉强	mian:qiang	adv.	mühsam
指着	zhi:zhe	v.	zeigen
喂	wei	int.	hallo
喂	wei	v.	füttern
敢于	gan:yu	v.	wagen
中文版	zhong:wen:ban	n.	chinesische Ausgabe
投产	tou:chan	v.	in Produktion nehmen
在一些	zai:yi:xie	prep.	dans einigen
建立一个	jian:li:yi:ge	v.	un gründen
方便面	fang:bian:mian	n.	Fertignudeln
吟	yin	v.	rezitieren
您还	nin:hai	pron.	Sie noch
七月	qi:yue	n.	Juli
声誉	sheng:yu	n.	Ruf
时装	shi:zhuang	n.	Mode
歌声	ge:sheng	n.	Gesang
普查	pu:cha	n.	Volkszählung
这个世界	zhe:ge:shi:jie	n.	diese Welt
滴	di	mw.	Tropfen
滴	di	v.	tropfen
拉萨	la:sa	n.	Lhasa
分组	fen:zu	v.	gruppieren
分组	fen:zu	n.	Gruppierung
候选人	hou:xuan:ren	n.	Kandidat
快感	kuai:gan	n.	Lust
龙头企业	long:tou:qi:ye	n.	Leitunternehmen
洲	zhou	n.	Kontinent
爹	die	n.	Papa
艳	yan	adj.	auffallend
之所	zhi:suo	part.	(was)~
比亚迪	bi:ya:di	n.	BYD
晴	qing	adj.	sonnig
可口可乐	ke:kou:ke:le	n.	Coca-Cola
示例	shi:li	n.	Beispiel
一味	yi:wei	adv.	stur
武林	wu:lin	n.	Welt der Kampfkünste
进军	jin:jun	v.	vorrücken
看了看	kan:le:kan	v.	etwas ansehen
意图	yi:tu	n.	Absicht
印发	yin:fa	v.	drucken und verteilen
起身	qi:shen	v.	aufstehen
想让	xiang:rang	v.	möchte lassen
要知道	yao:zhi:dao	v.	man muss wissen
坚实的	jian:shi:de	adj.	fest
星期	xing:qi	n.	Woche
几乎是	ji:hu:shi	adv.	ist fast
抚	fu	v.	streicheln
十个	shi:ge	num.	zehn
澳洲	ao:zhou	n.	Australien
显示出	xian:shi:chu	v.	zeigen
社会科学	she:hui:ke:xue	n.	Sozialwissenschaften
转帖	zhuan:tie	v.	weiterverbreiten
转帖	zhuan:tie	n.	Weiterleitung
小儿	xiao:er	n.	kleines Kind
前途	qian:tu	n.	Zukunft
外交	wai:jiao	n.	Diplomatie
评委	ping:wei	n.	Jurymitglied
格外	ge:wai	adv.	besonders
演唱会	yan:chang:hui	n.	Konzert
约会	yue:hui	n.	Verabredung
约会	yue:hui	v.	sich verabreden
缩	suo	v.	schrumpfen
外包	wai:bao	v.	Auslagerung
索取	suo:qu	v.	fordern
援助	yuan:zhu	n.	Hilfe
援助	yuan:zhu	v.	unterstützen
经营权	jing:ying:quan	n.	Betriebsrecht
爱国	ai:guo	v.	das Vaterland lieben
第二十四条	di:er:shi:si:tiao	n.	Artikel 24
农机	nong:ji	n.	Landmaschinen
县政府	xian:zheng:fu	n.	Kreisregierung
加之	jia:zhi	adv.	außerdem
去掉	qu:diao	v.	entfernen
三月	san:yue	n.	März
手下	shou:xia	n.	Untergebener
图例	tu:li	n.	Legende
嘴唇	zui:chun	n.	Lippe
大桥	da:qiao	n.	große Brücke
协	xie	v.	unterstützen
景色	jing:se	n.	Landschaft
庆祝	qing:zhu	v.	feiern
内容简介	nei:rong:jian:jie	n.	Inhaltsübersicht
北海	bei:hai	n.	Beihai
脖子	bo:zi	n.	Hals
出身	chu:shen	n.	Herkunft
叔叔	shu:shu	n.	Onkel
卡通	ka:tong	n.	Cartoon
详细内容	xiang:xi:nei:rong	n.	Details
真相	zhen:xiang	n.	Wahrheit
养老	yang:lao	v.	für das Alter sorgen
骗子	pian:zi	n.	Betrüger
央	yang	v.	erbitten
货款	huo:kuan	n.	Warenpayment
不许	bu:xu	v.	nicht erlauben
着重	zhuo:zhong	v.	auf etwas Wert legen
着重	zhuo:zhong	adv.	besonders
战胜	zhan:sheng	v.	besiegen
信贷	xin:dai	n.	Kredit
悔	hui	v.	bereuen
艹	cao	n.	Grass-Radikal
常委会	chang:wei:hui	n.	Ständiger Ausschuss
密切	mi:qie	adj.	eng
乙醇	yi:chun	n.	Ethanol
相关资料	xiang:guan:zi:liao	n.	entsprechende Unterlagen
行列	hang:lie	n.	Reihen
仿真	fang:zhen	n.	Simulation
旅馆	lv:guan	n.	Hotel
逍遥	xiao:yao	adj.	sorglos
直接责任人员	zhi:jie:ze:ren:ren:yuan	n.	direkt Verantwortliche
坐着	zuo:zhe	v.	sitzen
油脂	you:zhi	n.	Fett
总面积	zong:mian:ji	n.	Gesamtfläche
假期	jia:qi	n.	Urlaub
询价	xun:jia	v.	ein Angebot anfordern
病变	bing:bian	n.	Krankheitsveränderung
市政	shi:zheng	n.	Kommunalverwaltung
不包括	bu:bao:kuo	v.	nicht einschließen
盛大	sheng:da	adj.	großartig
看待	kan:dai	v.	betrachten
长大	zhang:da	v.	aufwachsen
申明	shen:ming	v.	erklären
红柿	hong:shi	n.	Eiertomate
分管	fen:guan	v.	bereichsweise verwalten
客运	ke:yun	n.	Personenbeförderung
肚子	du:zi	n.	Bauch
化肥	hua:fei	n.	Chemiedünger
肖	xiao	n.	Xiao (Familienname)
内心的	nei:xin:de	adj.	innerlich
缠	chan	v.	wickeln
脆	cui	adj.	knackig
总线	zong:xian	n.	Bus
老化	lao:hua	v.	altern
开工	kai:gong	v.	mit der Arbeit beginnen
痕	hen	n.	Narbe
心思	xin:si	n.	Gedanken
大片	da:pian	n.	großer Film
生命力	sheng:ming:li	n.	Lebenskraft
新课程	xin:ke:cheng	n.	neuer Lehrplan
软件开发	ruan:jian:kai:fa	n.	Softwareentwicklung
出品	chu:pin	v.	herstellen
出行	chu:xing	v.	sich fortbewegen
官方网站	guan:fang:wang:zhan	n.	offizielle Website
买入	mai:ru	v.	kaufen
伍	wu	num.	fünf
看书	kan:shu	v.	llesen
病例	bing:li	n.	Krankheitsfall
气势	qi:shi	n.	Schwung
寂	ji	adj.	einsam
何种	he:zhong	pron.	welche Art
流畅	liu:chang	adj.	flüss
达标	da:biao	v.	den Standard erreichen
政务	zheng:wu	n.	Regierungsangelegenheiten
直播	zhi:bo	n.	Live-Übertragung
得意	de:yi	adj.	stolz
咳嗽	ke:sou	v.	husten
行了	xing:le	v.	schluss
个人资料	ge:ren:zi:liao	n.	persönliche Daten
编辑器	bian:ji:qi	n.	Editor
未必	wei:bi	adv.	nicht unbedingt
住所	zhu:suo	n.	Wohnsitz
杀毒软件	sha:du:ruan:jian	n.	Antivirensoftware
牛肉	niu:rou	n.	Rindfleisch
阶层	jie:ceng	n.	soziale Schicht
掌握了	zhang:wo:le	v.	beherrscht
子宫	zi:gong	n.	Gebärmutter
丰田	feng:tian	n.	Toyota
封面	feng:mian	n.	Umschlag
告别	gao:bie	v.	Abschied nehmen
发现自己	fa:xian:zi:ji	v.	sich selbst entdecken
国家机关	guo:jia:ji:guan	n.	Staatsorgan
但又	dan:you	conj.	aber auch
红包	hong:bao	n.	roter Umschlag (Geldgeschenk)
但没	dan:mei	conj.	aber nicht
有哪些	you:na:xie	v.	welche gibt es
店里	dian:li	n.	im Laden
产品价格	chan:pin:jia:ge	n.	Produktpreis
潜能	qian:neng	n.	Potenzial
请通知	qing:tong:zhi	v.	bitte benachrichtigen
圆形	yuan:xing	n.	Kreis
老头	lao:tou	n.	alter Mann
万物	wan:wu	n.	alle Dinge
看完	kan:wan	v.	zu Ende lesen
发展中国家	fa:zhan:zhong:guo:jia	n.	Entwicklungsland
医治	yi:zhi	v.	behandeln
为她	wei:ta	prep.	für sie
呼吁	hu:yu	v.	appellieren
地形	di:xing	n.	Gelände
袭击	xi:ji	v.	angreifen
第二届	di:er:jie	num.	zweite (Veranstaltung)
刚开始	gang:kai:shi	adv.	gerade begonnen
信息来源	xin:xi:lai:yuan	n.	Informationsquelle
遗传	yi:chuan	n.	Vererbung
近来	jin:lai	adv.	in letzter Zeit
民营	min:ying	adj.	gemeinnützig privat
执业资格	zhi:ye:zi:ge	n.	Berufszulassung
亮相	liang:xiang	v.	sich präsentieren
启	qi	v.	öffnen
保湿	bao:shi	v.	feuchtigkeitsspendend
几句	ji:ju	num.	ein paar Sätze
翔	xiang	v.	gleiten
悬挂	xuan:gua	v.	aufhängen
路段	lu:duan	n.	Streckenabschnitt
毫克	hao:ke	mw.	Milligramm
为确保	wei:que:bao	conj.	zum Sicherstellen
阻力	zu:li	n.	Widerstand
避开	bi:kai	v.	vermeiden
是一项	shi:yi:xiang	v.	ist ein (Posten)
心目中	xin:mu:zhong	n.	in den Augen
坦克	tan:ke	n.	Panzer
薄	bao	adj.	dünn
薄	bo	adj.	dünn
旅游局	lv:you:ju	n.	Tourismusamt
名词	ming:ci	n.	Substantiv
服务商	fu:wu:shang	n.	Dienstleister
很重要	hen:zhong:yao	adj.	sehr wichtig
阿姨	a:yi	n.	Tante
阿姨	a:yi	n.	Kindermädchen
狮子	shi:zi	n.	Löwe
资本主义	zi:ben:zhu:yi	n.	Kapitalismus
普洱茶	pu:er:cha	n.	Pu-Er-Tee
奖品	jiang:pin	n.	Preis
集装箱	ji:zhuang:xiang	n.	Container
皮革	pi:ge	n.	Leder
货运	huo:yun	n.	Fracht
价款	jia:kuan	n.	Preis
自学	zi:xue	v.	sich selbst beibringen
丰富多彩	feng:fu:duo:cai	adj.	reichhaltig und vielfältig
倾斜	qing:xie	v.	sich neigen
倾斜	qing:xie	adj.	geneigt
浑身	hun:shen	adv.	am ganzen Körper
挣扎	zheng:zha	v.	sich sträuben
相遇	xiang:yu	v.	begegnen
向外	xiang:wai	adv.	nach außen
跟随	gen:sui	v.	folgen
权属	quan:shu	n.	Eigentumsrecht
日本人	ri:ben:ren	n.	Japaner
打折	da:zhe	v.	Rabatt geben
占领	zhan:ling	v.	besetzen
千克	qian:ke	n.	Kilogramm
真情	zhen:qing	n.	aufrichtige Gefühle
项目经理	xiang:mu:jing:li	n.	Projektleiter
抓紧	zhua:jin	v.	fest greifen
抓紧	zhua:jin	v.	sich beeilen
侯	hou	n.	Marquis
侯	hou	n.	Familienname Hou
西红柿	xi:hong:shi	n.	Tomate
理科	li:ke	n.	Naturwissenschaften
调度	diao:du	v.	disponieren
调度	diao:du	n.	Disposition
商品型号	shang:pin:xing:hao	n.	Produktmodell
劝	quan	v.	überreden
高三	gao:san	n.	12. Klasse
保温	bao:wen	v.	wärmen
开辟	kai:pi	v.	erschließen
一共	yi:gong	adv.	insgesamt
浓郁	nong:yu	adj.	intensiv
浓郁	nong:yu	adj.	kräftig
填充	tian:chong	v.	füllen
温州市	wen:zhou:shi	n.	Wenzhou
招聘职位	zhao:pin:zhi:wei	n.	Stellenangebot
风景区	feng:jing:qu	n.	Landschaftsschutzgebiet
单位名称	dan:wei:ming:cheng	n.	Name der Organisation
时段	shi:duan	n.	Zeitraum
法律规定	fa:lv:gui:ding	n.	Gesetzesbestimmung
远处	yuan:chu	n.	Ferne
资本市场	zi:ben:shi:chang	n.	Kapitalmarkt
节制	jie:zhi	v.	mäßigen
郭	guo	n.	Familienname Guo
奴	nu	n.	Sklave
鸣	ming	v.	rufen
花钱	hua:qian	v.	Geld ausgeben
破解版	po:jie:ban	n.	Crackversion
兴建	xing:jian	v.	errichten
鲁迅	lu:xun	n.	Lu Xun
地步	di:bu	n.	Grad
工程项目	gong:cheng:xiang:mu	n.	Bauprojekt
倾	qing	v.	neigen
招聘信息	zhao:pin:xin:xi	n.	Stellenanzeige
打分	da:fen	v.	bewerten
动人	dong:ren	adj.	rührend
性交	xing:jiao	v.	Geschlechtsverkehr
学期	xue:qi	n.	Semester
采取措施	cai:qu:cuo:shi	v.	Maßnahmen ergreifen
研究人员	yan:jiu:ren:yuan	n.	Forscher
内向	nei:xiang	adj.	introvertiert
彩虹	cai:hong	n.	Regenbogen
局域网	ju:yu:wang	n.	lokales Netzwerk
到期	dao:qi	v.	ablaufen
买房	mai:fang	v.	eine Wohnung kaufen
公关	gong:guan	n.	Öffentlichkeitsarbeit
南海	nan:hai	n.	Südchinesisches Meer
匆匆	cong:cong	adj.	eilig
出差	chu:chai	v.	dienstreisen
个股	ge:gu	n.	Einzelaktie
前列	qian:lie	n.	vordere Reihe
质疑	zhi:yi	v.	infrage stellen
台阶	tai:jie	n.	Treppe
悲哀	bei:ai	adj.	traurig
经营理念	jing:ying:li:nian	n.	Unternehmensphilosophie
彼	bi	pron.	jener
考评	kao:ping	v.	bewerten
首家	shou:jia	n.	erstes Unternehmen
扩散	kuo:san	v.	sich ausbreiten
有种	you:zhong	adj.	Mumm haben
被告人	bei:gao:ren	n.	Angeklagter
全民	quan:min	n.	ganze Bevölkerung
字幕	zi:mu	n.	Untertitel
平民	ping:min	n.	Zivilist
副会长	fu:hui:zhang	n.	Vizepräsident
尊严	zun:yan	n.	Würde
卖场	mai:chang	n.	Einkaufszentrum
从业	cong:ye	v.	einem Beruf nachgehen
美人	mei:ren	n.	Schönheit
异地	yi:di	n.	anderer Ort
激素	ji:su	n.	Hormon
侧面	ce:mian	n.	Seite
来访	lai:fang	v.	zu Besuch kommen
扔	reng	v.	werfen
登记表	deng:ji:biao	n.	Anmeldeformular
好朋友	hao:peng:you	n.	guter Freund
撒	sa	v.	streuen
种族	zhong:zu	n.	Rasse
药店	yao:dian	n.	Apotheke
共同努力	gong:tong:nu:li	v.	gemeinsam arbeiten
几乎所有	ji:hu:suo:you	adj.	so gut wie alle
豫	yu	n.	Henan
感慨	gan:kai	v.	gerührt sein
存档	cun:dang	v.	archivieren
风水	feng:shui	n.	Feng Shui
先行	xian:xing	v.	vorangehen
党员干部	dang:yuan:gan:bu	n.	Parteimitglied und Funktionär
青岛市	qing:dao:shi	n.	Stadt Qingdao
佩服	pei:fu	v.	bewundern
质量问题	zhi:liang:wen:ti	n.	Qualitätsproblem
故乡	gu:xiang	n.	Heimatstadt
改装	gai:zhuang	v.	umbauen
举动	ju:dong	n.	Aktion
当下	dang:xia	n.	gegenwärtig
优美	you:mei	adj.	anmutig
检	jian	v.	prüfen
妨碍	fang:ai	v.	hindern
裁判	cai:pan	n.	Schiedsrichter
右键	you:jian	n.	rechte Maustaste
低温	di:wen	n.	niedrige Temperatur
针	zhen	n.	Nadel
耀	yao	v.	leuchten
无忧	wu:you	adj.	sorgenfrei
痴	chi	adj.	töricht
所在单位	suo:zai:dan:wei	n.	Dienststelle
姆	mu	n.	Amme
篇	pian	mw.	Zähleinheit für Artikel
大米	da:mi	n.	Reis
椅	yi	n.	Stuhl
乃是	nai:shi	v.	sein
厂	chang	n.	Fabrik
美国人	mei:guo:ren	n.	Amerikaner
采取的	cai:qu:de	part.	eingenommen
刚好	gang:hao	adv.	gerade
联手	lian:shou	v.	die Hände verbinden
最后一个	zui:hou:yi:ge	n.	die letzte
管制	guan:zhi	v.	regeln
遇见	yu:jian	v.	treffen
董	dong	v.	leiten
压抑	ya:yi	v.	unterdrücken
全自动	quan:zi:dong	adj.	vollautomatisch
去吧	qu:ba	v.	geh Los!
射击	she:ji	v.	schießen
运气	yun:qi	n.	Glück
造访	zao:fang	v.	besuchen
之前的	zhi:qian:de	adj.	ehemalig
熊	xiong	n.	Bär
坐下	zuo:xia	v.	sich setzen
强行	qiang:xing	adv.	zwangsweise
埋	mai	v.	begraben
电视机	dian:shi:ji	n.	Fernseher
评比	ping:bi	v.	bewerten und vergleichen
空军	kong:jun	n.	Luftwaffe
凝聚力	ning:ju:li	n.	Kohäsion
暴露	bao:lu	v.	entblößen
乖	guai	adj.	artig
举行了	ju:xing:le	v.	abgehalten
上线	shang:xian	v.	online gehen
狐	hu	n.	Fuchs
公共服务	gong:gong:fu:wu	n.	öffentlicher Dienst
可不	ke:bu	adv.	allerdings
增进	zeng:jin	v.	fördern
君子	jun:zi	n.	Gentleman
因其	yin:qi	prep.	dadurch
区间	qu:jian	n.	Intervall
外资企业	wai:zi:qi:ye	n.	ausländisches Unternehmen
与技术	yu:ji:shu	prep.	und Technologie
蒋	jiang	n.	Jiang
吉他	ji:ta	n.	Gitarre
婆婆	po:po	n.	Schwiegermutter
申诉	shen:su	v.	Beschwerde einlegen
踏	ta	v.	treten
合力	he:li	n.	gemeinsame Kraft
永远的	yong:yuan:de	adj.	ewig
隆	long	n.	Long
液晶	ye:jing	n.	Flüssigkristall
括	kuo	v.	einschließen
难怪	nan:guai	adv.	kein Wunder
圆满	yuan:man	adj.	zufriedenstellent
佛山市	fo:shan:shi	n.	Foshan
潮	chao	n.	Gezeiten
再见	zai:jian	v.	auf Wiedersehen
无线电	wu:xian:dian	n.	Funk
用以	yong:yi	v.	dienen zum
实用的	shi:yong:de	adj.	praktisch
在网站	zai:wang:zhan	prep.	auf der Website
联邦	lian:bang	n.	Bund
唉	ai	int.	ach
摇头	yao:tou	v.	den Kopf schütteln
困境	kun:jing	n.	Lage
店面	dian:mian	n.	Schaufenster
供求	gong:qiu	n.	Angebot und Nachfrage
阶级	jie:ji	n.	Klasse
综合素质	zong:he:su:zhi	n.	Gesamtqualifikation
流氓	liu:mang	n.	Hooligan
七年	qi:nian	num.	sieben Jahre
置顶	zhi:ding	v.	anpinnen
制备	zhi:bei	v.	herstellen
下一篇	xia:yi:pian	n.	nächster Artikel
团委	tuan:wei	n.	Youth-League-Komitee
分级	fen:ji	v.	einstufen
限额	xian:e	n.	Quotenwert
有关问题	you:guan:wen:ti	n.	betreffende Frage
身旁	shen:pang	n.	Seite
几个方面	ji:ge:fang:mian	n.	mehrere Aspekte
穷	qiong	adj.	arm
崇拜	chong:bai	v.	verehren
胖子	pang:zi	n.	Glückskehle
聪	cong	adj.	clever
解脱	jie:tuo	n.	Befreiung
同情	tong:qing	v.	mitleiden
茅台	mao:tai	n.	Maotai
有事	you:shi	v.	etwas vorhaben
摆放	bai:fang	v.	aufstellen
减免	jian:mian	v.	ermäßigen oder erlassen
城市建设	cheng:shi:jian:she	n.	Städtebau
帽子	mao:zi	n.	Hut
总版主	zong:ban:zhu	n.	Leitmoderator
眼球	yan:qiu	n.	Auge Augenball
关机	guan:ji	v.	ausschalten
南山	nan:shan	n.	Nanshan
忽略	hu:lve	v.	ignorar
除此之外	chu:ci:zhi:wai	conj.	abgesehen davon
加深	jia:shen	v.	vertiefen
术后	shu:hou	n.	postoperativ
探测	tan:ce	v.	erkunden
壁纸	bi:zhi	n.	Hintergrundbild
咨询服务	zi:xun:fu:wu	n.	Beratungsservice
器官	qi:guan	n.	Organ
抗生素	kang:sheng:su	n.	Antibiotikum
落地	luo:di	v.	landen
买到	mai:dao	v.	kaufen können
小时候	xiao:shi:hou	n.	Kindheit
唤	huan	v.	rufen
年检	nian:jian	n.	Jahresprüfung
快速回复	kuai:su:hui:fu	n.	Schnellantwort
噪声	zao:sheng	n.	Geräusch
泰	tai	adj.	friedlich
委托人	wei:tuo:ren	n.	Auftraggeber
紧张的	jin:zhang:de	adj.	angespannt
世人	shi:ren	n.	die Welt
童话	tong:hua	n.	Märchen
之初	zhi:chu	n.	Anfang
难得	nan:de	adj.	selten
鉴别	jian:bie	v.	unterscheiden
吸烟	xi:yan	v.	rauchen
经销	jing:xiao	v.	vertreiben
老虎	lao:hu	n.	Tiger
版	ban	n.	Auflage
雕刻	diao:ke	v.	schnitzen
丰厚	feng:hou	adj.	reichlich
号称	hao:cheng	v.	bezeichnet werden als
交互	jiao:hu	adj.	interaktiv
国土	guo:tu	n.	Staatsgebiet
急忙	ji:mang	adv.	eilig
次日	ci:ri	n.	folgender Tag
个人信息	ge:ren:xin:xi	n.	personenbezogene Daten
宣传教育	xuan:chuan:jiao:yu	n.	Propaganda und Erziehung
在职	zai:zhi	adj.	im Amt
保证责任	bao:zheng:ze:ren	n.	Gewährleistungspflicht
谢谢合作	xie:xie:he:zuo	int.	Danke für die Zusammenarbeit
翡翠	fei:cui	n.	Jadeit
淡淡	dan:dan	adv.	schwach
末	mo	n.	Ende
一千	yi:qian	num.	eintausend
信息网络	xin:xi:wang:luo	n.	Informationsnetzwerk
效能	xiao:neng	n.	Wirksamkeit
购置	gou:zhi	v.	erwerben
小孩子	xiao:hai:zi	n.	Kind
心头	xin:tou	n.	Herzen
好吃	hao:chi	adj.	lecker
配套设施	pei:tao:she:shi	n.	Infrastruktur
民用	min:yong	adj.	zivil
区县	qu:xian	n.	Städte und Kreise
分析师	fen:xi:shi	n.	Analyst
度假	du:jia	v.	Urlaub machen
鱼类	yu:lei	n.	Fische
清代	qing:dai	n.	Qing-Dynastie
第二十六条	di:er:shi:liu:tiao	num.	Artikel 26
负债	fu:zhai	v.	schulden sein
负债	fu:zhai	n.	Verbindlichkeiten
遏制	e:zhi	v.	eindämmen
旗	qi	n.	Flagge
绑定	bang:ding	v.	binden
八月	ba:yue	n.	August
仪	yi	n.	Zeremoniell
流浪	liu:lang	v.	umherstreifen
妊娠	ren:shen	n.	Schwangerschaft
感叹	gan:tan	v.	aufseufzen
焦	jiao	adj.	verkohrt
旅游者	lv:you:zhe	n.	Tourist
修行	xiu:xing	v.	Ascese üben
同志们	tong:zhi:men	n.	Genossen
公章	gong:zhang	n.	dienstsiegel
研究成果	yan:jiu:cheng:guo	n.	forschungsergebnisse
长老	zhang:lao	n.	Ältester
明代	ming:dai	n.	Ming-Dynastie
猫	mao	n.	Katze
越是	yue:shi	adv.	je mehr
美妙	mei:miao	adj.	wundervoll
职员	zhi:yuan	n.	Angestellter
评测	ping:ce	n.	Bewertung
尽情	jin:qing	adv.	nach Herzenslust
戴尔	dai:er	n.	Dell
石材	shi:cai	n.	Naturstein
新款	xin:kuan	n.	neues Modell
航线	hang:xian	n.	auf Route línea
北美	bei:mei	n.	Nordamerika
富裕	fu:yu	adj.	wohlhabend
放开	fang:kai	v.	loslassen
变压器	bian:ya:qi	n.	Transformation
拟定	ni:ding	v.	entwerfen
留学生	liu:xue:sheng	n.	Auslandsstudent
倾听	qing:ting	v.	aufmerksam zuhören
东东	dong:dong	n.	Dongdong
第一位	di:yi:wei	num.	der Erste
铝合金	lv:he:jin	n.	Aluminiumlegierung
盗	dao	v.	stehlen
好在	hao:zai	adv.	glücklicherweise
月光	yue:guang	n.	Mondlicht
摩擦	mo:ca	v.	reiben
侍	shi	v.	dienen
柴油	chai:you	n.	Diesel
款	kuan	n.	Geldsumme
艰难	jian:nan	adj.	schwierig
某某	mou:mou	pron.	irgendein
折磨	zhe:mo	v.	quälen
气味	qi:wei	n.	Geruch
拾	shi	v.	aufheben
你我	ni:wo	pron.	du und ich
提议	ti:yi	v.	vorschlagen
荒	huang	adj.	öd
春季	chun:ji	n.	Frühling
好坏	hao:huai	n.	Gut und Schlechte
新材料	xin:cai:liao	n.	neuer Werkstoff
电子公告	dian:zi:gong:gao	n.	elektronische Bekanntmachung
大都	da:dou	adv.	meistens
西湖	xi:hu	n.	Westsee
脾气	pi:qi	n.	Temperament
千瓦	qian:wa	n.	Kilowatt
功能强大	gong:neng:qiang:da	adj.	leistungsfähig
地毯	di:tan	n.	Teppich
清晰的	qing:xi:de	adj.	klar
特价机票	te:jia:ji:piao	n.	Sonderflugticket
武装	wu:zhuang	n.	Bewaffnung
有趣的	you:qu:de	adj.	interessant
最喜欢的	zui:xi:huan:de	adj.	Lieblings-
手续费	shou:xu:fei	n.	Gebühr
发展方向	fa:zhan:fang:xiang	n.	Entwicklungsrichtung
油墨	you:mo	n.	Druckfarbe
海内外	hai:nei:wai	n.	im In- und Ausland
概率	gai:lv	n.	Wahrscheinlichkeit
归纳	gui:na	v.	zusammenfassen
面子	mian:zi	n.	Gesicht
联动	lian:dong	v.	Kopplung
约翰	yue:han	n.	Johannes
前辈	qian:bei	n.	älterer Kollege
中国大陆	zhong:guo:da:lu	n.	Festlandchina
时钟	shi:zhong	n.	Uhr
表扬	biao:yang	v.	loben
特权	te:quan	n.	Privileg
一首	yi:shou	mw.	(Zählwort für Lieder)
接轨	jie:gui	v.	verbinden
姿	zi	n.	Plakat
在一定程度上	zai:yi:ding:cheng:du:shang	adv.	bis zu einem gewissen Grad
生涯	sheng:ya	n.	Laufbahn
林木	lin:mu	n.	Waldbäume
域	yu	n.	Domäne
搭	da	v.	nehmen
切实加强	qie:shi:jia:qiang	v.	nachdrücklich stärken
公用	gong:yong	adj.	öffentlich
数控	shu:kong	n.	CNC
间隔	jian:ge	n.	Zwischenraum
秉承	bing:cheng	v.	übernehmen
偶然	ou:ran	adv.	zufällig
期末	qi:mo	n.	Semesterende
贴近	tie:jin	v.	nah an
从来	cong:lai	adv.	stets
出错	chu:cuo	v.	einen Fehler machen
所属行业	suo:shu:hang:ye	n.	Branchenzugehörigkeit
历程	li:cheng	n.	Verlauf
顶端	ding:duan	n.	Spitze
腹部	fu:bu	n.	Bauch
更具	geng:ju	v.	zusätzlich
所有信息	suo:you:xin:xi	n.	alle Informationen
据此	ju:ci	adv.	demnach
道歉	dao:qian	v.	sich entschuldigen
不符	bu:fu	adj.	entspricht nicht
艺术品	yi:shu:pin	n.	Kunstwerk
第三次	di:san:ci	num.	dritte Mal
势头	shi:tou	n.	Schwung
涉嫌	she:xian	v.	verdächtigt sein
有何	you:he	pron.	welehr
最美	zui:mei	adj.	am schönsten
贵州省	gui:zhou:sheng	n.	Provinz Guizhou
面谈	mian:tan	n.	dirigenthespräch
公交车	gong:jiao:che	n.	Omnibus
产品编号	chan:pin:bian:hao	n.	Produktnummer
红旗	hong:qi	n.	rote Flagge
订货	ding:huo	v.	bestellen
食堂	shi:tang	n.	Kantine
新华社	xin:hua:she	n.	Nachrichtenagentur Xinhua
唯有	wei:you	adv.	nur
心底	xin:di	n.	Herzesgrund
少许	shao:xu	adj.	ein wenig
刊物	kan:wu	n.	Zeitschrift
在这种情况下	zai:zhe:zhong:qing:kuang:xia	adv.	in diesem Fall
蜂蜜	feng:mi	n.	Honig
收拾	shou:shi	v.	aufräumen
收拾	shou:shi	v.	zurechtweisen
弯曲	wan:qu	adj.	gebogen
先前	xian:qian	adv.	früher
好奇	hao:qi	adj.	neugierig
机箱	ji:xiang	n.	Gehäuse
农业生产	nong:ye:sheng:chan	n.	landwirtschaftliche Produktion
挂牌	gua:pai	v.	das Schild aufhängen
编译器	bian:yi:qi	n.	Compiler
消费品	xiao:fei:pin	n.	Konsumgüter
节水	jie:shui	v.	Wasser sparen
指责	zhi:ze	v.	kritisieren
再一次	zai:yi:ci	adv.	noch einmal
理智	li:zhi	n.	Vernunft
脉	mai	n.	Puls
脉	mai	n.	Blutader
接下	jie:xia	v.	übernehmen
反射	fan:she	n.	Reflexion
反射	fan:she	v.	reflektieren
夜里	ye:li	n.	nachts
写入	xie:ru	v.	einschreiben
看作	kan:zuo	v.	ansehen als
授	shou	v.	verleihen
作物	zuo:wu	n.	Nutzpflanze
军官	jun:guan	n.	Offizier
无畏	wu:wei	adj.	furchtlos
存货	cun:huo	n.	Lagerbestand
亲情	qin:qing	n.	familiäre Liebe
敏捷	min:jie	adj.	flink
俗	su	adj.	gemein
国债	guo:zhai	n.	Staatsschuld
海域	hai:yu	n.	Seegebiet
私营企业	si:ying:qi:ye	n.	Privatunternehmen
感悟	gan:wu	v.	erkennen
明确规定	ming:que:gui:ding	n.	klare Bestimmung
管理体制	guan:li:ti:zhi	n.	Verwaltungssystem
给予警告	ji:yu:jing:gao	v.	eine Warnung erteilen
为期	wei:qi	v.	dauern (Zeitraum)
附则	fu:ze	n.	Schlussbestimmungen
室外	shi:wai	n.	draußen/exterior
老总	lao:zong	n.	Boss
答题	da:ti	v.	Aufgaben beantworten
此人	ci:ren	pron.	diese Person
充足	chong:zu	adj.	reichlich
融	rong	v.	schmelzen
要约	yao:yue	n.	Angebot
观光	guan:guang	v.	besichtigen
观光	guan:guang	n.	Tourismus
如不	ru:bu	conj.	wenn nicht
实业有限公司	shi:ye:you:xian:gong:si	n.	Industrie-GmbH
狱	yu	n.	Gefängnis
欺	qi	v.	betrügen
更深	geng:shen	adj.	tiefe Nacht
男的	nan:de	n.	Mann
彩电	cai:dian	n.	Farbfernseher
投影机	tou:ying:ji	n.	Beamer
核发	he:fa	v.	ausstellen
各县	ge:xian	n.	jeder Kreis
日常生活	ri:chang:sheng:huo	n.	Alltagsleben
中国移动	zhong:guo:yi:dong	n.	China Mobile
说不定	shuo:bu:ding	adv.	vielleicht
扩建	kuo:jian	v.	erweitern
忙碌	mang:lu	adj.	beschäftigt
这两种	zhe:liang:zhong	pron.	diese zwei Arten
在经济	zai:jing:ji	prep.	in der Wirtschaft
母公司	mu:gong:si	n.	Muttergesellschaft
工作站	gong:zuo:zhan	n.	Workstation
电子信息	dian:zi:xin:xi	n.	Elektronische Informationen
访	fang	v.	besuchen
发酵	fa:jiao	v.	gären
右边	you:bian	n.	rechte Seite
严密	yan:mi	adj.	streng
非常好	fei:chang:hao	adj.	sehr gut
审美	shen:mei	n.	Ästhetik
强迫	qiang:po	v.	zwingen
遇到了	yu:dao:le	v.	getroffen haben
桥	qiao	n.	Brücke
皇后	huang:hou	n.	Kaiserin
奇特	qi:te	adj.	seltsam
佳能	jia:neng	n.	Canon
一并	yi:bing	adv.	zusammen
筹备	chou:bei	v.	vorbereiten
掌声	zhang:sheng	n.	Beifall
锁	suo	n.	Schloss
锁	suo	v.	abschließen
主管人员	zhu:guan:ren:yuan	n.	Verantwortlicher
见解	jian:jie	n.	Ansicht
楼梯	lou:ti	n.	Treppe
用人	yong:ren	v.	Personal einsetzen
已知	yi:zhi	v.	bekannt
肥胖	fei:pang	adj.	fettleibig
悲伤	bei:shang	adj.	attristo
美学	mei:xue	n.	Ästhetik
霸	ba	n.	Hegemon
重启	chong:qi	v.	neu starten
逐年	zhu:nian	adv.	jahr für Jahr
创业者	chuang:ye:zhe	n.	Unternehmer
买方	mai:fang	n.	Käufer
中级会员	zhong:ji:hui:yuan	n.	mitleres Mitglied
定额	ding:e	n.	Fixquantum
视力	shi:li	n.	Sehkraft
猜测	cai:ce	v.	vermuten
奔腾	ben:teng	v.	galoppieren
控制系统	kong:zhi:xi:tong	n.	Regelungssystem
主讲	zhu:jiang	v.	die Hauptvorlesung halten
异性	yi:xing	n.	entgegengesetztes Geschlecht
不利于	bu:li:yu	v.	schaden für
洗衣机	xi:yi:ji	n.	Waschmaschine
受损	shou:sun	v.	beschädigt werden
顺着	shun:zhe	prep.	entlang
散文	san:wen	n.	Prosa
基本要求	ji:ben:yao:qiu	n.	Grundanforderung
勋章	xun:zhang	n.	Orden
理事	li:shi	n.	Vorstandsmitglied
左边	zuo:bian	n.	linke Seite
新时期	xin:shi:qi	n.	neue Periode
不满意	bu:man:yi	adj.	unzufrieden
焦虑	jiao:lv	n.	Angst
组织机构	zu:zhi:ji:gou	n.	Organisationsstruktur
资格证书	zi:ge:zheng:shu	n.	Berechtigungsnachweis
简易	jian:yi	adj.	einfach
牵	qian	v.	führen
批复	pi:fu	n.	amtliche Antwort
西瓜	xi:gua	n.	Wassermelone
农场	nong:chang	n.	Farm
升值	sheng:zhi	v.	aufwerten
小伙子	xiao:huo:zi	n.	junger Mann
研究会	yan:jiu:hui	n.	Forschungsgesellschaft
丛书	cong:shu	n.	Schriftenreihe
构筑	gou:zhu	v.	errichten
共同发展	gong:tong:fa:zhan	n.	gemeinsame Entwicklung
赛季	sai:ji	n.	Saison
管理水平	guan:li:shui:ping	n.	Managementsystem
池	chi	n.	Teich
追踪	zhui:zong	v.	verfolgen
大战	da:zhan	n.	großer Krieg
共建	gong:jian	v.	gemeinsam bauen
战役	zhan:yi	n.	Feldzug
矿产资源	kuang:chan:zi:yuan	n.	Bodenschätze
邮票	you:piao	n.	Briefmarke
有意者	you:yi:zhe	n.	Interessent
专业人员	zhuan:ye:ren:yuan	n.	Fachkraft
自有	zi:you	adj.	eigen
不时	bu:shi	adv.	von Zeit zu Zeit
以至	yi:zhi	conj.	sodass
钻	zuan	v.	bohren
港	gang	n.	Hafen
自然保护区	zi:ran:bao:hu:qu	n.	Naturschutzgebiet
几点	ji:dian	pron.	wie viel Uhr
淫秽	yin:hui	adj.	unzüchtig
喃	nan	onom.	Murmeln
廷	ting	n.	Hof
自理	zi:li	v.	sich selbst versorgen
乘	cheng	v.	fahren
聆听	ling:ting	v.	aufmerksam zuhören
莲花	lian:hua	n.	Lotos
再现	zai:xian	v.	wieder erscheinen
疑惑	yi:huo	n.	Zweifel
剧场	ju:chang	n.	Theater
玛	ma	n.	Jade-Phonem
俗称	su:cheng	v.	umgangssprachlich nennen
港元	gang:yuan	n.	Hongkong-Dollar
实施方案	shi:shi:fang:an	n.	Umsetzungsplan
奉	feng	v.	ehrbietig darbringen
逃避	tao:bi	v.	entfliehen
收藏夹	shou:cang:jia	n.	Favoriten
中国电信	zhong:guo:dian:xin	n.	China Telecom
服务项目	fu:wu:xiang:mu	n.	Serviceleistung
王朝	wang:chao	n.	Dynastie
回落	hui:luo	v.	zurückfallen
流泪	liu:lei	v.	Tränen vergießen
扯	che	v.	ziehen
岳	yue	n.	hohes Gebirge
全家	quan:jia	n.	ganze Familie
这事	zhe:shi	pron.	diese Sache
不可思议	bu:ke:si:yi	adj.	unglaublich
口服	kou:fu	n.	orale Einnahme
公司债	gong:si:zhai	n.	Unternehmensanleihe
加班	jia:ban	v.	Überstunden machen
专业从事	zhuan:ye:cong:shi	v.	professionell tätig sein
皇上	huang:shang	n.	Kaiser
减	jian	v.	verringern
无形	wu:xing	adj.	unsichtbar
破案	po:an	v.	einen Fall aufklären
多层	duo:ceng	adj.	mehrschichtig
哪儿	na:er	pron.	wo
初始	chu:shi	adj.	anfänglich
世上	shi:shang	n.	Welt
热烈	re:lie	adj.	herzlich
迅雷	xun:lei	n.	Blitz
烟草	yan:cao	n.	Tabak
退货	tui:huo	v.	Ware zurückgeben
全场	quan:chang	n.	ganze Halle
磷酸	lin:suan	n.	Phosphorsäure
成人用品	cheng:ren:yong:pin	n.	Erotikartikel
基础教育	ji:chu:jiao:yu	n.	Grundbildung
进货	jin:huo	v.	Wareneinkauf
堪称	kan:cheng	v.	pfassen als→nennen kann
药品监督管理	yao:pin:jian:du:guan:li	n.	Arzneimittelüberwachung
售后	shou:hou	n.	Kundendienst
参会	can:hui	v.	an einer Sitzung teilnehmen
副院长	fu:yuan:zhang	n.	Stellvertretender Direktor
尽力	jin:li	v.	sein Bestes tun
雷达	lei:da	n.	Radar
犹豫	you:yu	v.	zögern
误差	wu:cha	n.	Fehler
面上	mian:shang	n.	an der Oberfläche
出境	chu:jing	v.	ausreisen
判定	pan:ding	v.	beurteilen
外挂	wai:gua	n.	Cheat
弯	wan	adj.	gekrümmt
京城	jing:cheng	n.	Hauptstadt（Reichshauptstadt）
投标人	tou:biao:ren	n.	Bieter
城堡	cheng:bao	n.	Burg
好玩	hao:wan	adj.	lustig
船员	chuan:yuan	n.	Besatzungsmitglied
可行	ke:xing	adj.	machbar
低头	di:tou	v.	den Kopf senken
河道	he:dao	n.	Flusslauf
并用	bing:yong	v.	kombinieren usar→verwenden
夹	jia	v.	klemmen
转动	zhuan:dong	v.	drehen
达不到	da:bu:dao	v.	nicht erreichen können
学业	xue:ye	n.	Studium
认可的	ren:ke:de	adj.	anerkannt
法庭	fa:ting	n.	Gericht
百合	bai:he	n.	Lilie
幻影	huan:ying	n.	Phantom
计入	ji:ru	v.	einrechnen
传统文化	chuan:tong:wen:hua	n.	traditionelle Kultur
下级	xia:ji	n.	untergeordnet
毛泽东思想	mao:ze:dong:si:xiang	n.	Mao-Zedong-Ideen
永不	yong:bu	adv.	nie
横向	heng:xiang	adj.	horizontal
痛苦的	tong:ku:de	adj.	schmerzhaft
上世纪	shang:shi:ji	n.	vorheriges Jahrhundert
组成部分	zu:cheng:bu:fen	n.	Bestandteil
座谈	zuo:tan	v.	diskutieren
高等院校	gao:deng:yuan:xiao	n.	Hochschulen
辞	ci	v.	sich verabschieden
较多的	jiao:duo:de	adj.	verhältnismäßig viel
百货	bai:huo	n.	Waren aller Art
又一次	you:yi:ci	adv.	wieder einmal
胡锦涛	hu:jin:tao	n.	Hu Jintao
无所谓	wu:suo:wei	v.	egal sein
不属于	bu:shu:yu	v.	nicht gehören
太过	tai:guo	adv.	allzu
诽谤	fei:bang	v.	verleumden
更强	geng:qiang	adj.	stärker
摇滚	yao:gun	n.	Rock
岸	an	n.	Ufer
小女孩	xiao:nv:hai	n.	kleines Mädchen
灰尘	hui:chen	n.	Staub
深夜	shen:ye	n.	tiefe Nacht
指点	zhi:dian	v.	anleiten
层层	ceng:ceng	adv.	Schicht um Schicht
辣椒	la:jiao	n.	Chilipfeffer
蓝天	lan:tian	n.	blauer Himmel
三峡	san:xia	n.	Drei Schluchten
无穷	wu:qiong	adj.	unendlich
意识的	yi:shi:de	adj.	bewusst
往事	wang:shi	n.	vergangene Ereignisse
比率	bi:lv	n.	Verhältnis
希腊	xi:la	n.	Griechenland
特意	te:yi	adv.	ausdrücklich
传出	chuan:chu	v.	herausdringen
后方	hou:fang	n.	Hinterland
另类	ling:lei	adj.	unkonventionell
另类	ling:lei	n.	minderwertig
高质量	gao:zhi:liang	adj.	hochwertig
高新区	gao:xin:qu	n.	Hightech-Zone
假日	jia:ri	n.	Feiertag
界限	jie:xian	n.	Grenze
本领	ben:ling	n.	Fähigkeit
岂	qi	adv.	wo (doch)
借口	jie:kou	n.	Ausrede
借口	jie:kou	v.	vorschieben
美化	mei:hua	v.	verschönern
反抗	fan:kang	v.	sich widersetzen
反抗	fan:kang	n.	Widerstand
软件名称	ruan:jian:ming:cheng	n.	Softwarename
中介机构	zhong:jie:ji:gou	n.	Vermittlungsagentur
屈	qu	v.	beugen
屈	qu	v.	biegen
步伐	bu:fa	n.	Schritt
磨合	mo:he	v.	einlaufen
磨合	mo:he	n.	Einlaufphase
本科生	ben:ke:sheng	n.	Student (Bachelor)
无论如何	wu:lun:ru:he	adv.	unbedingt
创新能力	chuang:xin:neng:li	n.	Innovationsfähigkeit
称呼	cheng:hu	v.	nennen
称呼	cheng:hu	n.	Anrede
将要	jiang:yao	adv.	werden
紧密结合	jin:mi:jie:he	v.	eng verzahnen
卖方	mai:fang	n.	Verkäufer
首饰	shou:shi	n.	Schmuck
临近	lin:jin	v.	sich nähern
片刻	pian:ke	n.	ein Augenblick
怎么了	zen:me:le	int.	Was ist los
管理规定	guan:li:gui:ding	n.	Verwaltungsvorschrift
子类	zi:lei	n.	Unterklase
子类	zi:lei	n.	Unterklasse
滑雪	hua:xue	v.	Ski fahren
恼	nao	v.	verärgert sein
恼	nao	adj.	verärgert
二期	er:qi	n.	zweite Phase
刑事法律	xing:shi:fa:lv	n.	Strafrecht
明明	ming:ming	adv.	offensichtlich
鲜明	xian:ming	adj.	deutlich
鲜明	xian:ming	adj.	leuchtend
午餐	wu:can	n.	Mittagessen
穿上	chuan:shang	v.	anziehen
合肥市	he:fei:shi	n.	Hefei
解放军	jie:fang:jun	n.	de Volksbefreiungsarmee
帐篷	zhang:peng	n.	Zelt
好吧	hao:ba	int.	na gut
哲	zhe	n.	Philosophie (Kurzform)
产能	chan:neng	n.	Produktionskapazität
党政	dang:zheng	n.	Partei und Regierung
三农	san:nong	n.	die drei ländlichen Fragen
抵制	di:zhi	v.	boykottieren
接过	jie:guo	v.	übernehmen
职业技能	zhi:ye:ji:neng	n.	Berufsfähigkeiten
精神文明建设	jing:shen:wen:ming:jian:she	n.	kulturelle Entwicklung
中国队	zhong:guo:dui	n.	chinesisches Team
术语	shu:yu	n.	Fachterminologie
区政府	qu:zheng:fu	n.	Bezirksregierung
骨头	gu:tou	n.	Knochen
排出	pai:chu	v.	ablassen
召	zhao	v.	berufen
节假日	jie:jia:ri	n.	Feiertage
递交	di:jiao	v.	einreichen
硕士学位	shuo:shi:xue:wei	n.	Masterabschluss
托盘	tuo:pan	n.	Ablage
高新技术企业	gao:xin:ji:shu:qi:ye	n.	Hightech-Unternehmen
增收	zeng:shou	v.	Einkommenssteigerung
部分内容	bu:fen:nei:rong	n.	teilweise Inhalte
餐馆	can:guan	n.	Restaurant
相关产品	xiang:guan:chan:pin	n.	verwandte Produkte
甲醛	jia:quan	n.	Formaldehyd
点击查看	dian:ji:cha:kan	v.	zum Ansehen klicken
丧	sang	v.	Trauer tragen
责任人	ze:ren:ren	n.	Verantwortlicher
嘞	lei	part.	Partikel
增长率	zeng:zhang:lv	n.	Wachstumsrate
唐代	tang:dai	n.	Tang-Dynastie
图纸	tu:zhi	n.	Zeichnung
房地产业	fang:di:chan:ye	n.	Immobilienbranche
多达	duo:da	adv.	bis zu
伦理	lun:li	n.	Ethik
反垄断	fan:long:duan	v.	Kartellrecht
八卦	ba:gua	n.	Acht Trigramme
工业园	gong:ye:yuan	n.	Industriepark
畅通	chang:tong	adj.	frei
奇瑞	qi:rui	n.	Chery
尝	chang	v.	probieren
商用	shang:yong	v.	kommerzielle Nutzung
多位	duo:wei	num.	mehrere
毛巾	mao:jin	n.	Handtuch
恭	gong	adj.	ehrfurchtsvoll
狗狗	gou:gou	n.	Hündchen
异议	yi:yi	n.	Einwand
钓鱼	diao:yu	v.	Angeln
光泽	guang:ze	n.	Glanz
甘肃省	gan:su:sheng	n.	Provinz Gansu
正常使用	zheng:chang:shi:yong	n.	normale Benutzung
重心	zhong:xin	n.	Schwerpunkt
患有	huan:you	v.	leiden an
三楼	san:lou	num.	dritter Stock
怀念	huai:nian	v.	sich erinnern an
青梅	qing:mei	n.	grüne Pflaume
外商投资	wai:shang:tou:zi	n.	Auslandsinvestition
极品	ji:pin	n.	Spitzenqualität
不知不觉	bu:zhi:bu:jue	adv.	unwissentlich
分裂	fen:lie	v.	spalten
输送	shu:song	v.	befördern
华硕	hua:shuo	n.	Asus
完整性	wan:zheng:xing	n.	Vollständigkeit
载	zai	v.	tragen
束缚	shu:fu	v.	fesseln
面貌	mian:mao	n.	Antlitz
误解	wu:jie	v.	missverstehen
交通运输	jiao:tong:yun:shu	n.	Verkehr und Transport
刻意	ke:yi	adv.	absichtlich
购房者	gou:fang:zhe	n.	Wohnungskäufer
管理模式	guan:li:mo:shi	n.	Managementmodell
纸张	zhi:zhang	n.	Papier
新一轮	xin:yi:lun	n.	neue Runde
生产工艺	sheng:chan:gong:yi	n.	Produktionsverfahren
几家	ji:jia	num.	einige Haushalte
武术	wu:shu	n.	Kampfkunst
瘦	shou	adj.	dünn
大局	da:ju	n.	große Lage
譬如	pi:ru	v.	zum Beispiel
桃花	tao:hua	n.	Pfirsichblüte
皆	jie	adv.	alle
教堂	jiao:tang	n.	Kirche
增速	zeng:su	n.	Wachstumsrate
网络安全	wang:luo:an:quan	n.	Cybersicherheit
研究开发	yan:jiu:kai:fa	n.	Forschung und Entwicklung
颇	po	adv.	ziemlich
银色	yin:se	n.	Silberfarbe
恶魔	e:mo	n.	Dämon
问候	wen:hou	v.	grüßen
创造力	chuang:zao:li	n.	Kreativität
挂钩	gua:gou	v.	einhängen
作弊	zuo:bi	v.	schummeln
发作	fa:zuo	v.	ausbrechen
茫	mang	adj.	weit
服务机构	fu:wu:ji:gou	n.	Dienstleistungsorganisation
因子	yin:zi	n.	Faktor
年会	nian:hui	n.	Jahrestagung
三角	san:jiao	n.	Dreieck
均价	jun:jia	n.	Durchschnittspreis
流水	liu:shui	n.	fließendes Wasser
流水	liu:shui	n.	Umsatz
笑声	xiao:sheng	n.	Gelächter
未经许可	wei:jing:xu:ke	v.	ohne Genehmigung
选出	xuan:chu	v.	auswählen
社会治安	she:hui:zhi:an	n.	öffentliche Sicherheit
预警	yu:jing	n.	Frühwarnung
还款	huan:kuan	v.	zurückzahlen
小弟	xiao:di	n.	jüngerer Bruder
越野车	yue:ye:che	n.	Geländewagen
屁股	pi:gu	n.	Gesäß
中央军委	zhong:yang:jun:wei	n.	Zentrale Militärkommission
台北	tai:bei	n.	Taipeh
不具备	bu:ju:bei	v.	nicht besitzen
保姆	bao:mu	n.	Kindermädchen
滞后	zhi:hou	v.	nachhinken
多谢	duo:xie	v.	vielen Dank
染	ran	v.	färben
染	ran	v.	sich zuziehen
毛病	mao:bing	n.	Fehler
毛病	mao:bing	n.	Krankheit
工作会议	gong:zuo:hui:yi	n.	Arbeitstagung
突出问题	tu:chu:wen:ti	n.	schwerwiegendes Problem
听众	ting:zhong	n.	Hörerschaft
大臣	da:chen	n.	Minister
聘任	pin:ren	v.	ernennen
无锡市	wu:xi:shi	n.	Wuxi
发光	fa:guang	v.	leuchten
前沿	qian:yan	n.	Frontier
下发	xia:fa	v.	verteilen
政治部	zheng:zhi:bu	n.	Abteilung für Politik
密集	mi:ji	adj.	dicht
企业所得税	qi:ye:suo:de:shui	n.	Körperschaftsteuer
相差	xiang:cha	v.	um ... abweichen
源码	yuan:ma	n.	Quellcode
早日	zao:ri	adv.	möglichst bald
肃	su	adj.	ernst
自律	zi:lv	n.	Selbstdisziplin
工商局	gong:shang:ju	n.	Amt für Industrie und Handel
爱上	ai:shang	v.	sich verlieben in
工业园区	gong:ye:yuan:qu	n.	Industriepark
主意	zhu:yi	n.	Idee
膨胀	peng:zhang	v.	sich ausdehnen
提名	ti:ming	v.	nominieren
爽	shuang	adj.	erfrischend
共和国	gong:he:guo	n.	Republik
向导	xiang:dao	n.	Führer
浮动	fu:dong	v.	schwanken
单片机	dan:pian:ji	n.	Mikrocontroller
冰雪	bing:xue	n.	Eis und Schnee
移植	yi:zhi	v.	übertragen
移植	yi:zhi	n.	Transplantation
冷漠	leng:mo	adj.	gleichgültig
亏	kui	v.	Verlust machen
亏	kui	v.	mangeln
最高人民法院	zui:gao:ren:min:fa:yuan	n.	Oberster Volksgerichtshof
法医	fa:yi	n.	Gerichtsmediziner
商业贿赂	shang:ye:hui:lu	n.	Geschäftsbestechung
轻微	qing:wei	adj.	leicht
历经	li:jing	v.	durchmachen
注定	zhu:ding	v.	bestimmt sein
催化剂	cui:hua:ji	n.	Katalysator
梦见	meng:jian	v.	träumen von
鞋子	xie:zi	n.	Schuhe
管理软件	guan:li:ruan:jian	n.	Managementsoftware
三层	san:ceng	num.	drei Schichten
未成年	wei:cheng:nian	n.	Minderjährigigkeit
千里	qian:li	num.	tausend Li
限定	xian:ding	v.	begrenzen
雇员	gu:yuan	n.	Angestellter
机动	ji:dong	adj.	beweglich
机动	ji:dong	n.	motorisiert
地块	di:kuai	n.	Grundstück
犯罪嫌疑人	fan:zui:xian:yi:ren	n.	Tatverdächtiger
获利	huo:li	v.	Gewinn erzielen
风暴	feng:bao	n.	Sturm
抽查	chou:cha	v.	Stichprobe machen
吞	tun	v.	schlucken
历代	li:dai	n.	die Dynastien
汉化	han:hua	v.	sinisieren
拷贝	kao:bei	v.	kopieren
拷贝	kao:bei	n.	Kopie
闪烁	shan:shuo	v.	flackern
海报	hai:bao	n.	Plakat
进一步的	jin:yi:bu:de	adj.	weitergehend
上周	shang:zhou	n.	letzte Woche
康熙	kang:xi	n.	Kangxi
爱护	ai:hu	v.	pflegen
财力	cai:li	n.	finanzielle Mittel
数据线	shu:ju:xian	n.	Datenkabel
墙壁	qiang:bi	n.	Wand
有效性	you:xiao:xing	n.	Wirksamkeit
一圈	yi:quan	num.	eine Runde
面膜	mian:mo	n.	Gesichtsmaske
继续教育	ji:xu:jiao:yu	n.	Weiterbildung
丁香	ding:xiang	n.	Flieder
丁香	ding:xiang	n.	Gewürznelke
人事局	ren:shi:ju	n.	Personalamt
按住	an:zhu	v.	festdrücken
哭泣	ku:qi	v.	weinen
缺口	que:kou	n.	Lücke
缺口	que:kou	n.	Kerbe
出租车	chu:zu:che	n.	Taxi
童年	tong:nian	n.	Kindheit
惹	re	v.	provozieren
新兴	xin:xing	adj.	aufstrebend
本店	ben:dian	n.	unser Geschäft
银币	yin:bi	n.	Silbermünze
哀	ai	adj.	traurig
一直以来	yi:zhi:yi:lai	adv.	durchgehend
色调	se:diao	n.	Farbton
风华	feng:hua	n.	Anmut
客车	ke:che	n.	Reisebus
顺德	shun:de	n.	Shunde
在意	zai:yi	v.	achten auf
洪水	hong:shui	n.	Überschwemmung
突发	tu:fa	v.	platzen
典雅	dian:ya	adj.	elegant
房型	fang:xing	n.	Zimmertyp
青山	qing:shan	n.	grüner Berge
核心竞争力	he:xin:jing:zheng:li	n.	Kernwettbewerbsfähigkeit
细则	xi:ze	n.	Detailbestimmungen
数字电视	shu:zi:dian:shi	n.	digitales Fernsehen
步行	bu:xing	v.	gehen
基本原则	ji:ben:yuan:ze	n.	Grundprinzip
回国	hui:guo	v.	zurückkehren
处长	chu:zhang	n.	Abteilungsleiter
裤子	ku:zi	n.	Hose
代办	dai:ban	v.	vertreten
所持	suo:chi	n.	Besitz
两极	liang:ji	n.	beide Pole
总分	zong:fen	n.	Gesamtpunktzahl
歧视	qi:shi	v.	diskriminieren
有空	you:kong	adj.	Zeit haben
乔	qiao	n.	Qiao
时时	shi:shi	adv.	ständig
传承	chuan:cheng	v.	vererben
大面积	da:mian:ji	adj.	großflächig
趁	chen	prep.	while
储蓄	chu:xu	n.	Ersparnis
蚂蚁	ma:yi	n.	Ameise
周杰伦	zhou:jie:lun	n.	Jay Chou
福田区	fu:tian:qu	n.	Bezirk Futian
铺	pu	v.	ausbreiten
剂量	ji:liang	n.	Dosierung
工业企业	gong:ye:qi:ye	n.	Industrieunternehmen
六合彩	liu:he:cai	n.	Mark-Sechs-Lotterie
绝大部分	jue:da:bu:fen	n.	der Großteil
电工	dian:gong	n.	Elektriker
镜子	jing:zi	n.	Spiegel
互助	hu:zhu	v.	sich gegenseitig helfen
招投标	zhao:tou:biao	n.	Ausschreibung
党和国家	dang:he:guo:jia	n.	Partei und Staat
最先进	zui:xian:jin	adj.	am fortschrittlichsten
服务费	fu:wu:fei	n.	Servicegebühr
电子信箱	dian:zi:xin:xiang	n.	E-Mail
产品介绍	chan:pin:jie:shao	n.	Produktvorstellung
传授	chuan:shou	v.	vermitteln
信件	xin:jian	n.	Brief
培训机构	pei:xun:ji:gou	n.	Schulungseinrichtung
两类	liang:lei	num.	zwei Arten
用餐	yong:can	v.	essen
好人	hao:ren	n.	guter Mensch
法律援助	fa:lv:yuan:zhu	n.	Rechtshilfe
宏观	hong:guan	adj.	makroskopisch
高一	gao:yi	n.	erste Klasse der Oberstufe
窗帘	chuang:lian	n.	Vorhang
安心	an:xin	adj.	beruhigt
王先生	wang:xian:sheng	n.	Herr Wang
出入	chu:ru	v.	ein- und ausgehen
大军	da:jun	n.	große Armee
分销	fen:xiao	v.	vertreiben
诚实	cheng:shi	adj.	ehrlich
脏	zang	adj.	schmutzig
吕	lv	n.	Lü (Familienname)
号召	hao:zhao	v.	aufrufen
奖	jiang	v.	Preis
奖	jiang	n.	Preis
芯片组	xin:pian:zu	n.	Chipsatz
深情	shen:qing	n.	tiefe Zuneigung
余年	yu:nian	n.	verbleibende Jahre
地名	di:ming	n.	Ortsname
猴子	hou:zi	n.	Affe
倍	bei	mw.	mal
全面推进	quan:mian:tui:jin	v.	umfassend vorantreiben
管理处	guan:li:chu	n.	Verwaltungsstelle
改良	gai:liang	v.	verbessern
把手	ba:shou	n.	Griff
个个	ge:ge	pron.	jeder einzelne
中年	zhong:nian	n.	Mittelalter (Lebensalter)
四月	si:yue	n.	April
汤	tang	n.	Suppe
担忧	dan:you	v.	sich sorgen
掀起	xian:qi	v.	emporheben
振	zhen	v.	schütteln
信息化建设	xin:xi:hua:jian:she	n.	Informatisierung
本能	ben:neng	n.	Instinkt
本能	ben:neng	adj.	instinktiv
轻轻地	qing:qing:de	adv.	leicht
为民	wei:min	v.	für das Volk
同伴	tong:ban	n.	Gefährte
点播	dian:bo	v.	wünschen (Sendung)
应用软件	ying:yong:ruan:jian	n.	Anwendungssoftware
婷	ting	n.	Тing
学问	xue:wen	n.	Gelehrsamkeit
高质量的	gao:zhi:liang:de	adj.	hochwertig
红外	hong:wai	n.	Infrarot
炎症	yan:zheng	n.	Entzündung
开幕	kai:mu	v.	eröffnen
前台	qian:tai	n.	Empfang
差额	cha:e	n.	Differenz
城市化	cheng:shi:hua	n.	Urbanisierung
卸载	xie:zai	v.	deinstallieren
新西兰	xin:xi:lan	n.	Neuseeland
使用时	shi:yong:shi	adv.	bei Verwendung
背包	bei:bao	n.	Rucksack
这一天	zhe:yi:tian	n.	dieser Tag
神仙	shen:xian	n.	Unsterblicher
第八章	di:ba:zhang	n.	Kapitel acht
有以下	you:yi:xia	v.	Folgendes enthalten
并把	bing:ba	conj.	und
实地	shi:di	adv.	an Ort und Stelle
项目名称	xiang:mu:ming:cheng	n.	Projektname
转自	zhuan:zi	v.	übernommen von
办公厅	ban:gong:ting	n.	Generalsekretariat
还有很多	hai:you:hen:duo	adv.	es gibt noch viele
处罚的	chu:fa:de	adj.	Straf-
再有	zai:you	conj.	außerdem
单项	dan:xiang	n.	Einzelposition
小企业	xiao:qi:ye	n.	kleines Unternehmen
功力	gong:li	n.	Können
竟是	jing:shi	adv.	tatsächlich sein
月经	yue:jing	n.	Menstruation
极大的	ji:da:de	adj.	immens
剧本	ju:ben	n.	Drehbuch
起码	qi:ma	adv.	zumindest
率领	shuai:ling	v.	führen
一致的	yi:zhi:de	adj.	einheitlich
手持	shou:chi	adj.	Hand-
改编	gai:bian	v.	bearbeiten
死者	si:zhe	n.	Verstorbener
应届毕业生	ying:jie:bi:ye:sheng	n.	Studienabsolvent
代号	dai:hao	n.	Codeiname
一分	yi:fen	num.	eine Minute
一分	yi:fen	num.	ein Cent
打出	da:chu	v.	schlagen
也对	ye:dui	adv.	das stimmt auch
服侍	fu:shi	v.	dienen
驾驶证	jia:shi:zheng	n.	Führerschein
两句	liang:ju	num.	zwei Sätze
太空	tai:kong	n.	Weltraum
成千上万	cheng:qian:shang:wan	num.	Tausende
佛法	fo:fa	n.	Buddhas Lehre
热水器	re:shui:qi	n.	Warmwasserbereiter
持股	chi:gu	v.	Aktien halten
选择题	xuan:ze:ti	n.	Multiple-Choice-Frage
到货	dao:huo	v.	ankommen (Ware)
庞大	pang:da	adj.	riesig
饮水	yin:shui	v.	Wasser trinken
名家	ming:jia	n.	Meister
文科	wen:ke	n.	humanistische Fächer
牢	lao	adj.	fest
牢	lao	n.	Gefängnis
扰	rao	v.	stören
归属	gui:shu	n.	Zugehörigkeit
第二十八条	di:er:shi:ba:tiao	n.	Artikel 28
投注	tou:zhu	v.	wetten
衣物	yi:wu	n.	Kleidung
猪肉	zhu:rou	n.	Schweinefleisch
单据	dan:ju	n.	Beleg
一页	yi:ye	n.	eine Seite
溜	liu	v.	davonschleichen
溜	liu	adj.	glatt
大王	da:wang	n.	großer König
大王	dai:wang	n.	großer König
建筑业	jian:zhu:ye	n.	Bauindustrie
一件事	yi:jian:shi	n.	eine Sache
社会效益	she:hui:xiao:yi	n.	gesellschaftlicher Nutzen
工作经历	gong:zuo:jing:li	n.	Berufserfahrung
小事	xiao:shi	n.	Kleinigkeit
征服	zheng:fu	v.	erobern
竞价	jing:jia	v.	bieten
招募	zhao:mu	v.	rekrutieren
庞	pang	adj.	riesig
插槽	cha:cao	n.	Steckplatz
臭	chou	adj.	stinkend
调查研究	diao:cha:yan:jiu	n.	Untersuchung
上前	shang:qian	v.	vortreten
电阻	dian:zu	n.	Widerstand
供养	gong:yang	v.	ernähren
供养	gong:yang	v.	opfern
悦	yue	adj.	erfreut
历时	li:shi	v.	dauern
初次	chu:ci	n.	erstmals
如来	ru:lai	n.	Tathagata
复印	fu:yin	v.	fotokopieren
私服	si:fu	n.	privater Server
四方	si:fang	n.	alle Richtungen
净利润	jing:li:run	n.	Reingewinn
朝廷	chao:ting	n.	Hof
抽象	chou:xiang	adj.	abstrakt
估价	gu:jia	v.	schätzen
汇率	hui:lv	n.	Wechselkurs
应聘者	ying:pin:zhe	n.	Bewerber
赫	he	mw.	Hertz
设为首页	she:wei:shou:ye	v.	als Startseite festlegen
下半年	xia:ban:nian	n.	zweite Jahreshälfte
提供商	ti:gong:shang	n.	Anbieter
赢	ying	v.	gewinnen
下旬	xia:xun	n.	die letzte Dekade
农业银行	nong:ye:yin:hang	n.	Agrarbank
造价	zao:jia	n.	Baukosten
极度	ji:du	adv.	extrem
贵公司	gui:gong:si	n.	Ihre Firma
总算	zong:suan	adv.	endlich
谈论	tan:lun	v.	sprechen über
视察	shi:cha	v.	besichtigen
雪山	xue:shan	n.	Schneeberg
有条件的	you:tiao:jian:de	adj.	bedingt
少的	shao:de	adj.	wenig
神色	shen:se	n.	Gesichtsausdruck
黄页	huang:ye	n.	Gelbe Seiten
模范	mo:fan	n.	Vorbild
提及	ti:ji	v.	erwähnen
推理	tui:li	n.	Schlussfolgerung
明了	ming:liao	adj.	klar
跪	gui	v.	knien
失落	shi:luo	adj.	verloren
除去	chu:qu	v.	entfernen
科技进步	ke:ji:jin:bu	n.	Fortschritt der Technologie
麦	mai	n.	Weizen
真人	zhen:ren	n.	echte Person
抛弃	pao:qi	v.	verwerfen
指针	zhi:zhen	n.	Zeiger
必定	bi:ding	adv.	gewiss
去世	qu:shi	v.	versterben
点点头	dian:dian:tou	v.	nicken
新闻媒体	xin:wen:mei:ti	n.	Nachrichtenmedien
枝	zhi	mw.	Zweig
教育工作	jiao:yu:gong:zuo	n.	Bildungsarbeit
沙拉	sha:la	n.	Salat
输入法	shu:ru:fa	n.	Eingabemethode
类似于	lei:si:yu	v.	ähneln
阅读次数	yue:du:ci:shu	n.	Anzahl der Aufrufe
何处	he:chu	pron.	wo
量化	liang:hua	v.	quantifizieren
和弦	he:xian	n.	Akkord
嘴巴	zui:ba	n.	Mund
风险投资	feng:xian:tou:zi	n.	Risikokapital
昂贵	ang:gui	adj.	teuer
开会	kai:hui	v.	eine Besprechung abhalten
发音	fa:yin	v.	aussprechen
发音	fa:yin	n.	Aussprache
教学内容	jiao:xue:nei:rong	n.	Lehrinhalt
预先	yu:xian	adv.	im Voraus
城里	cheng:li	n.	in der Stadt
姐妹	jie:mei	n.	Schwestern
拯救	zheng:jiu	v.	retten
调查报告	diao:cha:bao:gao	n.	Untersuchungsbericht
侠	xia	n.	Held
第十	di:shi	num.	zehnte
济南市	ji:nan:shi	n.	Jinan
有线电视	you:xian:dian:shi	n.	Kabelfernsehen
上游	shang:you	n.	Oberlauf
终点站	zhong:dian:zhan	n.	Endstation
泉	quan	n.	Quelle
结构调整	jie:gou:tiao:zheng	n.	Strukturanpassung
派遣	pai:qian	v.	entsenden
勇敢	yong:gan	adj.	mutig
劫	jie	n.	Raub
菜鸟	cai:niao	n.	Anfänger
某人	mou:ren	n.	gewisse Person
一旁	yi:pang	n.	Seite
入境	ru:jing	v.	Einreise
风扇	feng:shan	n.	Ventilator
沙滩	sha:tan	n.	Strand
不曾	bu:ceng	adv.	nie
天真	tian:zhen	adj.	naiv
刹车	sha:che	v.	bremsen
刹车	sha:che	n.	Bremse
炎	yan	n.	Entzündung
炎	yan	n.	Flamme
游泳池	you:yong:chi	n.	Schwimmbad
游人	you:ren	n.	Tourist
冰冷	bing:leng	adj.	eiskalt
手套	shou:tao	n.	Handschuhe
兔子	tu:zi	n.	Hase
况且	kuang:qie	conj.	außerdem
负有	fu:you	v.	tragen
穷人	qiong:ren	n.	Armer
运算	yun:suan	n.	Rechenoperation
运算	yun:suan	v.	rechnen
泥	ni	n.	Schlamm
畅销	chang:xiao	adj.	gut verkauft
呕吐	ou:tu	v.	erbrechen
排水	pai:shui	v.	entwässern
排水	pai:shui	n.	Drainage
毁灭	hui:mie	v.	zerstören
毁灭	hui:mie	n.	Zerstörung
赌	du	v.	wetten
另行	ling:xing	adv.	getrennt
弓	gong	n.	Bogen
美金	mei:jin	n.	Dollar
苏州市	su:zhou:shi	n.	Suzhou
中国银行	zhong:guo:yin:hang	n.	Bank of China
工行	gong:hang	n.	ICBC
学习型	xue:xi:xing	adj.	lernorientiert
魏	wei	n.	Wei
水产	shui:chan	n.	Wassererzeugnisse
该校	gai:xiao	n.	diese Schule
罩	zhao	v.	bedecken
口碑	kou:bei	n.	Ruf
管理人	guan:li:ren	n.	Verwalter
文化产业	wen:hua:chan:ye	n.	Kulturindustrie
交通管理	jiao:tong:guan:li	n.	Verkehrsmanagement
备用	bei:yong	adj.	Reserve-
飞扬	fei:yang	v.	aufsteigen
光辉	guang:hui	n.	Glanz
感应	gan:ying	v.	induzieren
规程	gui:cheng	n.	Vorschrift
疯子	feng:zi	n.	Verrückter
管理学	guan:li:xue	n.	Betriebswirtschaftslehre
民俗	min:su	n.	Volkskunde
昔日	xi:ri	n.	ehemalige Tage
疾	ji	n.	Krankheit
涉外	she:wai	adj.	auslandsbezogen
吃惊	chi:jing	v.	erschrocken sein
工作环境	gong:zuo:huan:jing	n.	Arbeitsumgebung
自治	zi:zhi	n.	Autonomie
惊人	jing:ren	adj.	erstaunlich
整机	zheng:ji	n.	Komplettgerät
饰	shi	v.	schmücken
符	fu	n.	Symbol
垂	chui	v.	hängen
邪恶	xie:e	adj.	böse
做工	zuo:gong	n.	Verarbeitung
大唐	da:tang	n.	Tang-Dynastie
墙面	qiang:mian	n.	Wandfläche
最大化	zui:da:hua	v.	maximieren
抗日	kang:ri	v.	Widerstand gegen Japan
水稻	shui:dao	n.	Reis
哪种	na:zhong	pron.	welche Art
教学质量	jiao:xue:zhi:liang	n.	Lehrqualität
渲染	xuan:ran	v.	rendern
渲染	xuan:ran	v.	aufbauschen
制备方法	zhi:bei:fang:fa	n.	Herstellungsverfahren
分明	fen:ming	adj.	prägnant
分明	fen:ming	adv.	deutlich
平和	ping:he	adj.	friedlich
牌照	pai:zhao	n.	Lizenz
名师	ming:shi	n.	berühmter Lehrer
代表大会	dai:biao:da:hui	n.	Kongress
湿地	shi:di	n.	Feuchtgebiet
民办	min:ban	adj.	privat betrieben
本国	ben:guo	n.	eigenes Land
学说	xue:shuo	n.	Theorie
最短	zui:duan	adj.	am kürzesten
铸造	zhu:zao	v.	gießen
广告公司	guang:gao:gong:si	n.	Werbeagentur
成年	cheng:nian	v.	volljährig werden
成年	cheng:nian	adj.	volljährig
潜水	qian:shui	n.	Tauchen
潜水	qian:shui	v.	tauchen
日趋	ri:qu	adv.	von Tag zu Tag
简便	jian:bian	adj.	einfach und praktisch
柜台	gui:tai	n.	Theke
高等	gao:deng	adj.	höher
冷却	leng:que	v.	abkühlen
映	ying	v.	spiegeln
映	ying	v.	projizieren
背面	bei:mian	n.	Rückseite
退回	tui:hui	v.	zurückschicken
校友	xiao:you	n.	Absolvent
李先生	li:xian:sheng	n.	Herr Li
发表日期	fa:biao:ri:qi	n.	Veröffentlichungsdatum
欢喜	huan:xi	adj.	froh
偏差	pian:cha	n.	Abweichung
涨价	zhang:jia	v.	die Preise erhöhen
漠	mo	adj.	gleichgültig
相爱	xiang:ai	v.	sich lieben
脖	bo	n.	Hals
一举	yi:ju	n.	ein einziger Zug
造就	zao:jiu	v.	bilden
演变	yan:bian	v.	sich entwickeln
演变	yan:bian	n.	Entwicklung
水上	shui:shang	n.	auf dem Wasser
山路	shan:lu	n.	Bergweg
经理人	jing:li:ren	n.	Manager
非凡	fei:fan	adj.	außergewöhnlich
八个	ba:ge	num.	acht
饮	yin	v.	trinken
沿	yan	prep.	entlang
沿	yan	v.	folgen
灾害	zai:hai	n.	Katastrophe
粘贴	zhan:tie	v.	einfügen
显现	xian:xian	v.	erscheinen
力气	li:qi	n.	Kraft
初一	chu:yi	n.	erster Tag des Mondjahres
初一	chu:yi	n.	erste Klasse der Mittelstufe
众所周知	zhong:suo:zhou:zhi	v.	wie allgemein bekannt
活泼	huo:po	adj.	lebhaft
电厂	dian:chang	n.	Kraftwerk
岩石	yan:shi	n.	Gestein
源代码	yuan:dai:ma	n.	Quellcode
信息产业	xin:xi:chan:ye	n.	Informationsindustrie
黄蜂	huang:feng	n.	Wespe
遗址	yi:zhi	n.	Ruinenstätte
资费	zi:fei	n.	Gebühren
心愿	xin:yuan	n.	Wunsch
懒	lan	adj.	faul
肤	fu	n.	Haut
口令	kou:ling	n.	Passwort
口令	kou:ling	n.	Kommando
操纵	cao:zong	v.	manipulieren
郊区	jiao:qu	n.	Vorstadt
战斗力	zhan:dou:li	n.	Kampfkraft
桑	sang	n.	Maulbeerbaum
大型企业	da:xing:qi:ye	n.	Großunternehmen
下班	xia:ban	v.	Fechir sein
冷冷	leng:leng	adv.	kalt
堪	kan	v.	ertragen
燃	ran	v.	brennen
卓	zhuo	adj.	hervorragend
对冲	dui:chong	v.	hedgen
慎重	shen:zhong	adj.	besonnen
网络技术	wang:luo:ji:shu	n.	Netzwerktechnik
重大问题	zhong:da:wen:ti	n.	wichtiges Problem
创始人	chuang:shi:ren	n.	Gründer
世界各地	shi:jie:ge:di	n.	die ganze Welt
优美的	you:mei:de	adj.	grazievoll
精细	jing:xi	adj.	fein
着急	zhao:ji	v.	sich sorgen
倘若	tang:ruo	conj.	falls
湖泊	hu:po	n.	See
其后	qi:hou	adv.	danach
想不到	xiang:bu:dao	v.	nicht erwarten
蔓延	man:yan	v.	sich ausbreiten
五一	wu:yi	n.	Maifeiertag
最新版	zui:xin:ban	n.	neueste Version
小人	xiao:ren	n.	niederträchtige Person
债务人	zhai:wu:ren	n.	Schuldner
搜索结果	sou:suo:jie:guo	n.	Suchergebnisse
日元	ri:yuan	n.	Japanischer Yen
气象台	qi:xiang:tai	n.	Meteorologisches Observatorium
门店	men:dian	n.	Geschäft
子弹	zi:dan	n.	Geschoss
祝	zhu	v.	wünschen
莫名其妙	mo:ming:qi:miao	adj.	rätselhaft
清风	qing:feng	n.	erfrischende Brise
几百	ji:bai	num.	etliche hundert
支配	zhi:pei	v.	beherrschen
支配	zhi:pei	n.	Herrschaft
平淡	ping:dan	adj.	fade
平原	ping:yuan	n.	Ebene
第二十九条	di:er:shi:jiu:tiao	num.	29.
第六	di:liu	num.	sechste
数据结构	shu:ju:jie:gou	n.	Datenstruktur
偷偷	tou:tou	adv.	heimlich
源头	yuan:tou	n.	Quelle
中东	zhong:dong	n.	Naher Osten
赖	lai	v.	jemandem die Schuld geben
制药	zhi:yao	v.	Arzneimittel herstellen
项链	xiang:lian	n.	Halskette
一年级	yi:nian:ji	n.	erste Klasse
下游	xia:you	n.	Unterlauf
掏出	tao:chu	v.	herausnehmen
明月	ming:yue	n.	heller Mond
呼唤	hu:huan	v.	rufen
声称	sheng:cheng	v.	behaupten
民工	min:gong	n.	Wanderarbeiter
支内	zhi:nei	v.	die Binnenregionen unterstützen
网名	wang:ming	n.	Internetname
周刊	zhou:kan	n.	Wochenzeitschrift
名额	ming:e	n.	Quote
项目建设	xiang:mu:jian:she	n.	Projektaufbau
东海	dong:hai	n.	Ostchinesisches Meer
书名	shu:ming	n.	Buchtitel
本田	ben:tian	n.	Honda
区域内	qu:yu:nei	n.	innerhalb der Region
街上	jie:shang	n.	auf der Straße
星期六	xing:qi:liu	n.	Samstag
附属	fu:shu	adj.	angehängt
外科	wai:ke	n.	Chirurgie
香烟	xiang:yan	n.	Zigarette
良性	liang:xing	adj.	gutartig
马路	ma:lu	n.	Straße
高雅	gao:ya	adj.	erhaben
改动	gai:dong	v.	ändern
改动	gai:dong	n.	Änderung
劳动关系	lao:dong:guan:xi	n.	Arbeitsbeziehungen
灯具	deng:ju	n.	Leuchte
证券公司	zheng:quan:gong:si	n.	Wertpapierfirma
根源	gen:yuan	n.	Wurzel
出场	chu:chang	v.	auftreten
过敏	guo:min	v.	allergisch sein
过敏	guo:min	adj.	allergisch
改建	gai:jian	v.	umbauen
考试成绩	kao:shi:cheng:ji	n.	Prüfungsergebnisse
适用范围	shi:yong:fan:wei	n.	Anwendungsbereich
宾	bin	n.	Gast
必需	bi:xu	adj.	unverzichtbar
质感	zhi:gan	n.	Haptik
党内	dang:nei	n.	in der Partei
两款	liang:kuan	num.	zwei Modelle
耗材	hao:cai	n.	Verbrauchsmaterial
初级会员	chu:ji:hui:yuan	n.	Basismitglied
先进技术	xian:jin:ji:shu	n.	Fortschrittliche Technologie
户籍	hu:ji	n.	Meldegesetz
荣誉勋章	rong:yu:xun:zhang	n.	Ehrenmedaille
生产技术	sheng:chan:ji:shu	n.	Produktionstechnik
阿里巴巴	a:li:ba:ba	n.	Alibaba
偏偏	pian:pian	adv.	ausgerechnet
高品质	gao:pin:zhi	adj.	hochwertig
程序员	cheng:xu:yuan	n.	Programmierer
贾	jia	n.	Jia (Familienname)
两点	liang:dian	num.	zwei Uhr
灵活性	ling:huo:xing	n.	Flexibilität
性欲	xing:yu	n.	sexuelles Verlangen
搅拌	jiao:ban	v.	rühren
电容	dian:rong	n.	Kapazität
延迟	yan:chi	v.	verzögern
为人民服务	wei:ren:min:fu:wu	v.	dem Volk dienen
使用权	shi:yong:quan	n.	Nutzungsrecht
血压	xie:ya	n.	Blutdruck
血压	xue:ya	n.	Blutdruck
恶劣	e:lie	adj.	schlecht
本系统	ben:xi:tong	n.	dieses System
勤奋	qin:fen	adj.	fleißig
舰队	jian:dui	n.	Flotte
浴室	yu:shi	n.	Badezimmer
累积	lei:ji	v.	ansammeln
喘	chuan	v.	keuchen
电线	dian:xian	n.	Draht
徘徊	pai:huai	v.	umherwandern
焰	yan	n.	Flamme
吵	chao	adj.	laut
控制面板	kong:zhi:mian:ban	n.	Kontrollfeld
先进单位	xian:jin:dan:wei	n.	vorbildliche Einheit
沿途	yan:tu	adv.	unterwegs
变态	bian:tai	adj.	pervers
班长	ban:zhang	n.	Klassensprecher
冥	ming	adj.	düster
转速	zhuan:su	n.	Drehzahl
下载说明	xia:zai:shuo:ming	n.	Download-Hinweise
消化	xiao:hua	v.	verdauen
精子	jing:zi	n.	Spermium
越来越大	yue:lai:yue:da	adj.	immer größer
不同程度	bu:tong:cheng:du	n.	unterschiedliche Grade
耳边	er:bian	n.	Ohrrand
无敌	wu:di	adj.	unschlagbar
隆重	long:zhong	adj.	feierlich
鞋	xie	n.	Schuh
逸	yi	adj.	sorglos
数据类型	shu:ju:lei:xing	n.	Datentyp
报社	bao:she	n.	Zeitungsverlag
学生们	xue:sheng:men	n.	Schüler
果实	guo:shi	n.	Frucht
这几天	zhe:ji:tian	n.	diese Tage
短缺	duan:que	v.	mangeln
提成	ti:cheng	n.	Provision
情趣	qing:qu	n.	Reiz
高大	gao:da	adj.	groß und kräftig
初审	chu:shen	n.	erste Instanz
板材	ban:cai	n.	Platte
全天	quan:tian	n.	ganzer Tag
工地	gong:di	n.	Baustelle
金刚	jin:gang	n.	Vajra
整洁	zheng:jie	adj.	ordentlich
公共卫生	gong:gong:wei:sheng	n.	öffentliche Gesundheit
实实在在	shi:shi:zai:zai	adj.	ehrlich
以至于	yi:zhi:yu	conj.	so dass
国庆	guo:qing	n.	Nationalfeiertag
库	ku	n.	Lager
几十年	ji:shi:nian	num.	Jahrzehnte
安定	an:ding	adj.	stabil
师兄	shi:xiong	n.	älterer Mitschüler
裤	ku	n.	Hose
危险化学品	wei:xian:hua:xue:pin	n.	Gefahrstoff
就读	jiu:du	v.	eine Schule besuchen
团组织	tuan:zu:zhi	n.	Organisation des Jugendverbands
民国	min:guo	n.	Republik China
并发	bing:fa	v.	gleichzeitig auftreten
上一主题	shang:yi:zhu:ti	n.	vorheriges Thema
下一主题	xia:yi:zhu:ti	n.	nächstes Thema
专家组	zhuan:jia:zu	n.	Expertengruppe
八年	ba:nian	num.	acht Jahre
楼市	lou:shi	n.	Immobilienmarkt
马克思	ma:ke:si	n.	Marx
出来了	chu:lai:le	v.	herausgekommen
碗	wan	n.	Schüssel
美景	mei:jing	n.	schöne Landschaft
首席执行官	shou:xi:zhi:xing:guan	n.	Geschäftsführer
等候	deng:hou	v.	warten
在乎	zai:hu	v.	etwas ausmachen
航	hang	n.	Flug
航	hang	v.	segeln
以防	yi:fang	conj.	für den Fall
积极探索	ji:ji:tan:suo	v.	aktiv erkunden
我给	wo:gei	v.	ich gebe
平行	ping:xing	adj.	parallel
让孩子	rang:hai:zi	v.	das Kind lassen
她又	ta:you	adv.	sie wieder
就想	jiu:xiang	adv.	wollte gerade
旗帜	qi:zhi	n.	Flagge
叫声	jiao:sheng	n.	ruf
生产者	sheng:chan:zhe	n.	Produzent
踢	ti	v.	kicken
排队	pai:dui	v.	anstehen
比喻	bi:yu	n.	Metapher
比喻	bi:yu	v.	vergleichen
流动性	liu:dong:xing	n.	Liquidität
流动性	liu:dong:xing	n.	Mobilität
减弱	jian:ruo	v.	schwächen
富含	fu:han	v.	reich an
非常重要	fei:chang:zhong:yao	adj.	sehr wichtig
过错	guo:cuo	n.	Fehler
奶油	nai:you	n.	Sahne
速度快	su:du:kuai	adj.	schnell
吓得	xia:de	v.	vor Angst
繁华	fan:hua	adj.	blühendo
繁华	fan:hua	adj.	lebhaft
点点	dian:dian	n.	wenig
麻醉药品	ma:zui:yao:pin	n.	Betäubungsmittel
姨	yi	n.	Tante
将我	jiang:wo	v.	mich
还为	hai:wei	conj.	noch für
必不可少	bi:bu:ke:shao	adj.	unverzichtbar
台州	tai:zhou	n.	Taizhou
实施办法	shi:shi:ban:fa	n.	Durchführungsverfahren
就在于	jiu:zai:yu	v.	liegt gerade in
追逐	zhui:zhu	v.	jagen
炼油厂	lian:you:chang	n.	Raffinerie
它会	ta:hui	part.	Es wird
通常是	tong:chang:shi	v.	Ist üblicherweise
还有什么	hai:you:shen:me	pron.	was sonst
有你	you:ni	v.	Es gibt dich
不觉	bu:jue	adv.	unbewusst
合作关系	he:zuo:guan:xi	n.	Kooperationsbeziehung
国有股	guo:you:gu	n.	Staatsaktien
片段	pian:duan	n.	Fragment
酸	suan	adj.	sauer
并根据	bing:gen:ju	conj.	und nach
我做	wo:zuo	v.	ich mache
一二三四	yi:er:san:si	num.	eins zwei drei vier
与服务	yu:fu:wu	v.	und dienen
几乎没有	ji:hu:mei:you	adv.	kaum
啸	xiao	v.	heulen
啸	xiao	n.	Pfeifen
对立	dui:li	n.	Gegensatz
对立	dui:li	v.	gegeneinanderstehen
薄弱	bo:ruo	adj.	schwach
死后	si:hou	adv.	nach dem Tod
峡谷	xia:gu	n.	Schlucht
季度	ji:du	n.	Quartal
玄武	xuan:wu	n.	Xuanwu
龄	ling	n.	Alter
工程质量	gong:cheng:zhi:liang	n.	Bauqualidad
文化部	wen:hua:bu	n.	Kulturministerium
阁	ge	n.	Pavillon
合同约定	he:tong:yue:ding	n.	Vertragsvereinbarung
绿茶	lv:cha	n.	grüner Tee
未经同意	wei:jing:tong:yi	prep.	ohne Zustimmung
舌	she	n.	Zunge
崩溃	beng:kui	v.	zusammenbrechen
设为	she:wei	v.	festlegen als
拖欠	tuo:qian	v.	im Rückstand sein
大力支持	da:li:zhi:chi	v.	kräftig unterstützen
相关内容	xiang:guan:nei:rong	n.	verwandte Inhalte
流入	liu:ru	v.	hineinfließen
例外	li:wai	n.	Ausnahme
要好	yao:hao	adj.	gut befreundet
多少钱	duo:shao:qian	num.	wieviel
专项资金	zhuan:xiang:zi:jin	n.	Sondermittel
空前	kong:qian	adj.	beispiellos
无形资产	wu:xing:zi:chan	n.	immaterielle Vermögenswerte
征地	zheng:di	n.	Landenteignung
箱	xiang	n.	Kasten
箱	xiang	mw.	Kiste（Zählwort）
物质的	wu:zhi:de	adj.	materiell
申请材料	shen:qing:cai:liao	n.	Bewerbungsunterlagen
冯	feng	n.	Feng
萨达姆	sa:da:mu	n.	Saddam
这么说	zhe:me:shuo	conj.	in diesem Fall
绿色食品	lv:se:shi:pin	n.	Bio-Lebensmittel
颇为	po:wei	adv.	zu bastante
小吃	xiao:chi	n.	Imbiss
国情	guo:qing	n.	landesspezifische Lage
构思	gou:si	v.	entwerfen
构思	gou:si	n.	Konzeption
清爽	qing:shuang	adj.	erfrischend
坐标	zuo:biao	n.	Koordinate
赞美	zan:mei	v.	loben
下载后	xia:zai:hou	adv.	nach dem Download
面值	mian:zhi	n.	Nennwert
畜牧	xu:mu	n.	Viehzucht
邦	bang	n.	Staat
稳步	wen:bu	adv.	stetig
宣传部	xuan:chuan:bu	n.	Propagandaabteilung
强有力的	qiang:you:li:de	adj.	mächtig
野生动物	ye:sheng:dong:wu	n.	wilde Tiere
封建	feng:jian	adj.	feudal
残留	can:liu	v.	verbleiben
两地	liang:di	n.	beide Orte
石膏	shi:gao	n.	Gips
展区	zhan:qu	n.	Ausstellungsbereich
钢	gang	n.	Stahl
较差	jiao:cha	adj.	ziemlich schlecht
起床	qi:chuang	v.	aufstehen
经营模式	jing:ying:mo:shi	n.	Geschäftsmodell
英镑	ying:bang	n.	Pfund Sterling
只剩下	zhi:sheng:xia	v.	nur übrig bleiben
专长	zhuan:chang	n.	Spezialgebiet
乡镇企业	xiang:zhen:qi:ye	n.	Gemeindeunternehmen
高二	gao:er	n.	zweites Jahr der Oberstufe
报关	bao:guan	v.	Zollanmeldung machen
大连市	da:lian:shi	n.	Dalian
短线	duan:xian	n.	Kurzfristgeschäft
请勿转载	qing:wu:zhuan:zai	v.	nicht nachdrucken
招呼	zhao:hu	n.	Begrüßung
歌迷	ge:mi	n.	Fan
吸纳	xi:na	v.	aufnehmen
霞	xia	n.	Abendrot
工伤	gong:shang	n.	Arbeitsunfall
手表	shou:biao	n.	Armbanduhr
详细地址	xiang:xi:di:zhi	n.	genaue Adresse
第三十一条	di:san:shi:yi:tiao	num.	Artikel 31
定量	ding:liang	v.	quantifizieren
第三十条	di:san:shi:tiao	num.	Artikel 30
促	cu	v.	fördern
泡	pao	v.	einweichen
下线	xia:xian	v.	offline gehen
生化	sheng:hua	n.	Biochemie
关税	guan:shui	n.	Zoll
全日制	quan:ri:zhi	n.	Vollzeit
上岗	shang:gang	v.	den Dienst antreten
重	chong	adv.	wieder
不仅仅	bu:jin:jin	adv.	nicht nur
通告	tong:gao	n.	Mitteilung
通告	tong:gao	v.	bekannt geben
同上	tong:shang	n.	ebenda
服务条款	fu:wu:tiao:kuan	n.	Nutzungsbedingungen
粉丝	fen:si	n.	Fans
粉丝	fen:si	n.	Glasnudeln
组装	zu:zhuang	v.	montieren
并提	bing:ti	v.	zusammen nennen
魔鬼	mo:gui	n.	Teufel
世界里	shi:jie:li	n.	in der Welt
地税	di:shui	n.	Ortsteuer
日渐	ri:jian	adv.	tag für Tag
装配	zhuang:pei	v.	montieren
双赢	shuang:ying	n.	Win-win
拿来	na:lai	v.	bringen
小镇	xiao:zhen	n.	kleine Stadt
盾	dun	n.	Schild
民航	min:hang	n.	Zivilluftfahrt
钢管	gang:guan	n.	Stahlrohr
石榴	shi:liu	n.	Granatapfel
已完成	yi:wan:cheng	v.	abgeschlossen
发布信息	fa:bu:xin:xi	v.	Informationen veröffentlichen
网络服务	wang:luo:fu:wu	n.	Netzwerkdienst
以太网	yi:tai:wang	n.	Ethernet
工作时	gong:zuo:shi	n.	bei der Arbeit
共用	gong:yong	v.	gemeinsam nutzen
墨西哥	mo:xi:ge	n.	Mexiko
远程教育	yuan:cheng:jiao:yu	n.	Fernunterricht
性命	xing:ming	n.	Leben
迹象	ji:xiang	n.	Anzeichen
聊天室	liao:tian:shi	n.	Chatraum
反之	fan:zhi	conj.	umgekehrt
坚信	jian:xin	v.	fest glauben
不解	bu:jie	adj.	rätselhaft
好东西	hao:dong:xi	n.	gute Sache
羊	yang	n.	Schaf
充电器	chong:dian:qi	n.	Ladegerät
大企业	da:qi:ye	n.	Großunternehmen
碧	bi	adj.	jadegrün
由此可见	you:ci:ke:jian	conj.	daraus ist ersichtlich
援	yuan	v.	unterstützen
闪电	shan:dian	n.	Blitz
连锁店	lian:suo:dian	n.	Kettengeschäft
沙龙	sha:long	n.	Salon
重要意义	zhong:yao:yi:yi	n.	große Bedeutung
陌生的	mo:sheng:de	adj.	unbekannt
难的	nan:de	adj.	schwierig
误导	wu:dao	v.	in die Irre führen
一万	yi:wan	num.	zehntausend
热潮	re:chao	n.	Boom
伴随	ban:sui	v.	begleiten
更正	geng:zheng	v.	berichtigen
人权	ren:quan	n.	Menschenrechte
博士学位	bo:shi:xue:wei	n.	Doktortitel
实用性	shi:yong:xing	n.	Praktikabilität
国内市场	guo:nei:shi:chang	n.	Binnenmarkt
抹	ma	v.	wischen
抹	mo	v.	streichen
全额	quan:e	n.	voller Betrag
出版物	chu:ban:wu	n.	Veröffentlichung
保持了	bao:chi:le	v.	beibehalten
该机	gai:ji	n.	dieses Gerät
见习	jian:xi	v.	Praktikum machen
也应该	ye:ying:gai	adv.	sollte auch
征得	zheng:de	v.	erlangen
非常重	fei:chang:zhong	adj.	sehr schwer
文凭	wen:ping	n.	Diploma
政党	zheng:dang	n.	Partei
构造函数	gou:zao:han:shu	n.	Konstruktor
皇家	huang:jia	adj.	königlich
观测	guan:ce	v.	beobachten
失眠	shi:mian	n.	Schlaflosigkeit
片长	pian:chang	n.	Filmlänge
讲授	jiang:shou	v.	unterrichten
岂是	qi:shi	v.	wie könnte es sein
认购	ren:gou	v.	zeichnen
怎么回事	zen:me:hui:shi	v.	was ist los
真诚的	zhen:cheng:de	adj.	aufrichtig
题型	ti:xing	n.	Aufgabentyp
经纪人	jing:ji:ren	n.	Agent
亿吨	yi:dun	num.	100 Millionen Tonnen
电子书	dian:zi:shu	n.	E-Book
统计数据	tong:ji:shu:ju	n.	Statistikdaten
已于	yi:yu	prep.	bereits am
倩	qian	adj.	schön
定为	ding:wei	v.	festlegen als
山顶	shan:ding	n.	Gipfel
锐	rui	adj.	scharf
我们知道	wo:men:zhi:dao	v.	wir wissen
委屈	wei:qu	adj.	zu Unrecht behandelt
线程	xian:cheng	n.	Thread
一直没有	yi:zhi:mei:you	v.	e nie gehabt
冲洗	chong:xi	v.	abspülen
摄像	she:xiang	v.	filmen
难过	nan:guo	adj.	traurig
不清	bu:qing	adj.	unklar
只听	zhi:ting	v.	nur hören
要进行	yao:jin:xing	v.	durchführen
油耗	you:hao	n.	Kraftstoffverbrauch
则可	ze:ke	adv.	dann kann
喷	pen	v.	sprühen
收货人	shou:huo:ren	n.	Empfänger
那段	na:duan	pron.	dieser Abschnitt
占了	zhan:le	v.	einnehmen
拦	lan	v.	sperren
难忘	nan:wang	adj.	unvergesslich
嘉	jia	adj.	vorzüglich
交货	jiao:huo	v.	Liefern
也不要	ye:bu:yao	adv.	auch nicht wollen
袖	xiu	n.	Ärmel
教育事业	jiao:yu:shi:ye	n.	Bildungswesen
榜样	bang:yang	n.	Vorbild
刻录	ke:lu	v.	brennen
估算	gu:suan	v.	schätzen
豆油	dou:you	n.	Sojaöl
亦不	yi:bu	adv.	auch nicht
声卡	sheng:ka	n.	Soundkarte
周到	zhou:dao	adj.	gründlich
亲戚	qin:qi	n.	Verwandter
什么东西	shen:me:dong:xi	n.	etwas Was
教研室	jiao:yan:shi	n.	Lehr- und Forschungsbüro
花朵	hua:duo	n.	Blüte
主要任务	zhu:yao:ren:wu	n.	Hauptaufgabe
税费	shui:fei	n.	Steuern und Gebühren
信息管理	xin:xi:guan:li	n.	Informationsmanagement
房间里	fang:jian:li	n.	im Zimmer
其二	qi:er	n.	der zweite
大学本科	da:xue:ben:ke	n.	Grundstudium
殊	shu	adj.	unterschiedlich
终结	zhong:jie	n.	Ende
徒步	tu:bu	v.	zu Fuß
农作物	nong:zuo:wu	n.	Ernteprodukt
触摸	chu:mo	v.	betasten
派人	pai:ren	v.	jemanden schicken
深远	shen:yuan	adj.	weitreichend
文化建设	wen:hua:jian:she	n.	Kulturaufbau
腹泻	fu:xie	n.	Durchfall
分居	fen:ju	v.	getrennt leben
头顶	tou:ding	n.	Scheitel
整齐	zheng:qi	adj.	ordentlich
大城市	da:cheng:shi	n.	Großstadt
验证码	yan:zheng:ma	n.	Bestätigungscode
辰	chen	n.	der fünfte Zweig
台上	tai:shang	n.	auf der Bühne
公司法	gong:si:fa	n.	Gesellschaftsrecht
仔细阅读	zi:xi:yue:du	v.	sorgfältig lesen
唱片公司	chang:pian:gong:si	n.	Plattenfirma
描绘	miao:hui	v.	schildern
出厂	chu:chang	v.	das Werk verlassen
蒸气	zheng:qi	n.	Dampf
口袋	kou:dai	n.	Tasche
天后	tian:hou	n.	Diva
低成本	di:cheng:ben	n.	niedrige Kosten
归来	gui:lai	v.	zurückkehren
总的	zong:de	adj.	Gesamt-
出路	chu:lu	n.	Ausweg
细心	xi:xin	adj.	sorgfältig
充值	chong:zhi	v.	aufladen
社会经济	she:hui:jing:ji	n.	Sozialwirtschaft
转载请注明	zhuan:zai:qing:zhu:ming	v.	Beim Nachdruck Quelle angeben
进球	jin:qiu	v.	ein Tor schießen
特制	te:zhi	adj.	Spezialanfertigung
繁	fan	adj.	zahllich
沉淀	chen:dian	v.	absetzen
发展空间	fa:zhan:kong:jian	n.	Entwicklungspotenzial
本校	ben:xiao	n.	diese Schule
珍贵	zhen:gui	adj.	kostbar
消失了	xiao:shi:le	v.	verschwinden
声道	sheng:dao	n.	Tonkanal
屋里	wu:li	n.	im Haus
主要负责人	zhu:yao:fu:ze:ren	n.	Hauptverantwortlicher
感性	gan:xing	n.	Sensibilität
法语	fa:yu	n.	Französisch
编辑部	bian:ji:bu	n.	Redaktion
条规	tiao:gui	n.	Bestimmungen
络	luo	n.	Netz
留言板	liu:yan:ban	n.	Pinnwand
第三人	di:san:ren	n.	dritte Person
捆绑	kun:bang	v.	fesseln
党章	dang:zhang	n.	Parteistatut
轮廓	lun:kuo	n.	Umriss
银行业	yin:hang:ye	n.	Bankgewerbe
抛	pao	v.	werfen
负载	fu:zai	n.	Last
税法	shui:fa	n.	Steuergesetz
很喜欢	hen:xi:huan	v.	sehr mögen
破裂	po:lie	v.	bersten
一倍	yi:bei	num.	einmal
场上	chang:shang	n.	auf dem Platz
嫁	jia	v.	heiraten (Frau)
咒	zhou	n.	Fluch
油画	you:hua	n.	Ölgemälde
音效	yin:xiao	n.	Soundeffekt
开盘	kai:pan	v.	eröffnen
主场	zhu:chang	n.	Heimspiel
不清楚	bu:qing:chu	adj.	unklar
撤	che	v.	sich zurückziehen
一坨	yi:tuo	mw.	ein Klumpen
三类	san:lei	num.	drei Arten
违约金	wei:yue:jin	n.	Vertragsstrafe
报销	bao:xiao	v.	erstatten
推开	tui:kai	v.	aufdrücken
解说	jie:shuo	v.	kommentieren
后人	hou:ren	n.	Nachfahren
合伙人	he:huo:ren	n.	Gesellschafter
前端	qian:duan	n.	Frontend
历史文化	li:shi:wen:hua	n.	Geschichte und Kultur
管理类	guan:li:lei	n.	Verwaltungskategorie
国际标准	guo:ji:biao:zhun	n.	internationaler Standard
何必	he:bi	adv.	pourquoi
体现出	ti:xian:chu	v.	zum Ausdruck bringen
警惕	jing:ti	v.	wachsam sein
主营业务	zhu:ying:ye:wu	n.	Hauptgeschäft
客服热线	ke:fu:re:xian	n.	Kundenservice-Hotline
器械	qi:xie	n.	Gerät
视听	shi:ting	n.	Audiovisuelles
管委会	guan:wei:hui	n.	Verwaltungskomité
落户	luo:hu	v.	sich niederlassen
工夫	gong:fu	n.	Zeit
工夫	gong:fu	n.	Mühe
元宝	yuan:bao	n.	Sycee
突发事件	tu:fa:shi:jian	n.	Notfall
预案	yu:an	n.	Notfallplan
华北	hua:bei	n.	Nordchina
一时间	yi:shi:jian	adv.	eine Zeitlang
定要	ding:yao	adv.	bestimmt
养老保险	yang:lao:bao:xian	n.	Rentenversicherung
治愈	zhi:yu	v.	heilen
治愈	zhi:yu	n.	Heilung
跳跃	tiao:yue	v.	springen
跳跃	tiao:yue	n.	Sprung
深深地	shen:shen:de	adv.	tief
西门	xi:men	n.	Ximen
西门	xi:men	n.	Westtor
书生	shu:sheng	n.	Gelehrter
肝脏	gan:zang	n.	Leber
十一月	shi:yi:yue	num.	November
进化	jin:hua	v.	sich entwickeln
进化	jin:hua	n.	Evolution
附录	fu:lu	n.	Anhang
六十	liu:shi	num.	sechzig
生病	sheng:bing	v.	krank werden
之作	zhi:zuo	n.	Werk
牡丹	mu:dan	n.	Pfingstrose
高校毕业生	gao:xiao:bi:ye:sheng	n.	Hochschulabsolvent
快点	kuai:dian	v.	beeil dich
愉悦	yu:yue	adj.	fröhlich
助学	zhu:xue	v.	Bildung unterstützen
月饼	yue:bing	n.	Mondkuchen
虫	chong	n.	Insekt
此举	ci:ju	n.	dieser Schritt
审	shen	v.	prüfen
施工单位	shi:gong:dan:wei	n.	Baufirma
献	xian	v.	anbieten
千元	qian:yuan	n.	Tausend Yuan
雇主	gu:zhu	n.	Arbeitgeber
饰演	shi:yan	v.	spielen
散发	san:fa	v.	verteilen
我们自己	wo:men:zi:ji	pron.	wir selbst
奶酪	nai:lao	n.	Käse
结尾	jie:wei	n.	Ende
人大代表	ren:da:dai:biao	n.	Abgeordneter des Volkskongresses
虽说	sui:shuo	conj.	obwohl
免费注册	mian:fei:zhu:ce	v.	sich kostenlos registrieren
专卖	zhuan:mai	v.	Alleinverkauf betreiben
喜剧	xi:ju	n.	Komödie
不得以	bu:de:yi	v.	nicht dürfen
废止	fei:zhi	v.	abschaffen
不同意	bu:tong:yi	v.	nicht zustimmen
专业人士	zhuan:ye:ren:shi	n.	Fachkraft
青菜	qing:cai	n.	Blattgemüse
习惯了	xi:guan:le	v.	gewöhnt sein
饮酒	yin:jiu	v.	Alkohol trinken
媚	mei	adj.	reizvoll
预报	yu:bao	n.	Vorhersage
朝着	chao:zhe	prep.	gegenüber auf
报复	bao:fu	n.	Vergeltung
相识	xiang:shi	v.	sich kennen
亲属	qin:shu	n.	Verwandter
小狗	xiao:gou	n.	Hundewelpe
福州市	fu:zhou:shi	n.	Stadt Fuzhou
发型	fa:xing	n.	Frisur
管理部	guan:li:bu	n.	Verwaltungsabteilung
为国家	wei:guo:jia	prep.	für das Land
宣言	xuan:yan	n.	Deklaration
还很	hai:hen	adv.	noch sehr
浸泡	jin:pao	v.	einweichen
陈列	chen:lie	v.	ausstellen
就是我	jiu:shi:wo	pron.	bin ich
我当时	wo:dang:shi	n.	ich damals
环境污染	huan:jing:wu:ran	n.	Umweltverschmutzung
华南	hua:nan	n.	Südchina
此版	ci:ban	n.	diese Ausgabe
承办单位	cheng:ban:dan:wei	n.	Ausrichter
反映出	fan:ying:chu	v.	widerspiegeln
年年	nian:nian	adv.	jahr für Jahr
要严格	yao:yan:ge	adj.	muss streng sein
光电	guang:dian	n.	Photoelektrik
讥笑	ji:xiao	v.	verspotten
优越	you:yue	adj.	überlegen
将由	jiang:you	prep.	von
起板	qi:ban	n.	Operntakt
亿元	yi:yuan	num.	100 Millionen Yuan
多层次	duo:ceng:ci	adj.	mehrschichtig
厨师	chu:shi	n.	Koch
严峻	yan:jun	adj.	harsch
为首	wei:shou	v.	an der Spitze
这意味着	zhe:yi:wei:zhe	v.	dies bedeutet
面粉	mian:fen	n.	Mehl
农村经济	nong:cun:jing:ji	n.	Landwirtschaftsökonomie
奶茶	nai:cha	n.	Milchtee
切割	qie:ge	v.	schneiden
日照	ri:zhao	n.	Sonnenschein
禽流感	qin:liu:gan	n.	Vogelgrippe
外型	wai:xing	n.	Äußeres
推动了	tui:dong:le	v.	hat gefördert
想做	xiang:zuo	v.	machen wollen
本行	ben:hang	n.	eigenes Fach
成交量	cheng:jiao:liang	n.	Handelsvolumen
递给	di:gei	v.	reichen
心跳	xin:tiao	n.	Herzschlag
贤	xian	adj.	tugendhaft
走廊	zou:lang	n.	Flur
规矩	gui:ju	n.	Regel
规矩	gui:ju	adj.	artig
大家好	da:jia:hao	int.	hallo zusammen
拉	la	v.	ziehen
发售	fa:shou	v.	in Verkehr bringen
落下	la:xia	v.	zurücklassen
落下	luo:xia	v.	fallen
国际上	guo:ji:shang	n.	internationale Ebene
深处	shen:chu	n.	Tiefe
杀	sha	v.	töten
新药	xin:yao	n.	neues Medikament
贯穿	guan:chuan	v.	durchziehen
中止	zhong:zhi	v.	abbrechen
葛	ge	n.	Kudzu
葛	ge	n.	Ge
不给	bu:gei	v.	nicht geben
潇洒	xiao:sa	adj.	gepflegt locker
刹	sha	n.	Tempel
刹	sha	v.	bremsen
需求量	xu:qiu:liang	n.	Nachfragemenge
几率	ji:lv	n.	Wahrscheinlichkeit
一再	yi:zai	adv.	wiederholt
应为	ying:wei	v.	sollte sein
店主	dian:zhu	n.	Ladenbesitzer
域名注册	yu:ming:zhu:ce	n.	Domainregistrierung
开本	kai:ben	n.	Format
党的建设	dang:de:jian:she	n.	Parteiaufbau
强制性	qiang:zhi:xing	n.	Zwangscharakter
袁	yuan	n.	Yuan
不正确	bu:zheng:que	adj.	falsch
高职	gao:zhi	n.	berufliche Hochschulausbildung
花生	hua:sheng	n.	Erdnuss
野生	ye:sheng	adj.	wild
较重	jiao:zhong	adj.	ziemlich schwer
事务所	shi:wu:suo	n.	Kanzlei
煤气	mei:qi	n.	Gas
第三十二条	di:san:shi:er:tiao	num.	Artikel 32
司马	si:ma	n.	Sima
司马	si:ma	n.	Marschall
刘备	liu:bei	n.	Liu Bei
说服	shuo:fu	v.	überzeugen
拉开	la:kai	v.	aufziehen
摔	shuai	v.	stürzen
摔	shuai	v.	schleudern
公文	gong:wen	n.	amtliches Schreiben
序	xu	n.	Vorwort
序	xu	n.	Ordnung
开发者	kai:fa:zhe	n.	Entwickler
占到	zhan:dao	v.	ausmachen
粤语	yue:yu	n.	Kantonesisch
今年以来	jin:nian:yi:lai	adv.	seit Jahresbeginn
始发站	shi:fa:zhan	n.	Anfangsstation
不远	bu:yuan	adj.	nicht weit
特殊情况	te:shu:qing:kuang	n.	Sonderfall
指挥部	zhi:hui:bu	n.	Kommando
麦当劳	mai:dang:lao	n.	McDonald's
预备	yu:bei	v.	vorbereiten
自在	zi:zai	adj.	ungezwungen
分支	fen:zhi	n.	Verzweigung
遍布	bian:bu	v.	überall verbreitet sein
群发	qun:fa	v.	massenweise senden
多方	duo:fang	adj.	vielseitig
就是说	jiu:shi:shuo	conj.	das heißt
政务公开	zheng:wu:gong:kai	n.	Transparenz der Verwaltung
反击	fan:ji	v.	kontern
归档	gui:dang	v.	ablegen
清澈	qing:che	adj.	klar
动画片	dong:hua:pian	n.	Zeichentrickfilm
访谈	fang:tan	n.	Interview
可行性	ke:xing:xing	n.	Machbarkeit
剖析	pou:xi	v.	analysieren
下设	xia:she	v.	unterstellt haben
契约	qi:yue	n.	Vertrag
臀部	tun:bu	n.	Gesäß
对接	dui:jie	v.	koppeln
毛主席	mao:zhu:xi	n.	Vorsitzender Mao
企业经营	qi:ye:jing:ying	n.	Unternehmensführung
有线	you:xian	n.	Kabelanschluss
揭示	jie:shi	v.	enthüllen
自费	zi:fei	adv.	auf eigene Kosten
公益性	gong:yi:xing	n.	Gemeinnützigkeit
末页	mo:ye	n.	letzte Seite
皱纹	zhou:wen	n.	Falte
到目前为止	dao:mu:qian:wei:zhi	adv.	bis jetzt
自然科学	zi:ran:ke:xue	n.	Naturwissenschaft
筑	zhu	v.	bauen
可谓	ke:wei	v.	man kann ... nennen
自负	zi:fu	adj.	eingebildet
排斥	pai:chi	v.	abstoßen
初三	chu:san	n.	dritte Klasse der Mittelschule
湿度	shi:du	n.	Luftfeuchtigkeit
财务会计	cai:wu:kuai:ji	n.	Finanzbuchhaltung
斜	xie	adj.	schräg
女装	nv:zhuang	n.	Damenmode
经营性	jing:ying:xing	n.	Geschäftsmäßigkeit
慕容	mu:rong	n.	Murong
到时候	dao:shi:hou	adv.	zum gegebenen Zeitpunkt
谁知	shei:zhi	conj.	wer hätte gedacht
当期	dang:qi	n.	laufende Periode
散热	san:re	v.	Wärme abführen
考古	kao:gu	v.	Archäologie
办案	ban:an	v.	einen Fall bearbeiten
重新启动	chong:xin:qi:dong	v.	neu starten
快速增长	kuai:su:zeng:zhang	n.	schnelles Wachstum
瓦	wa	mw.	Watt
高层次	gao:ceng:ci	adj.	hochrangig
长征	chang:zheng	n.	Langer Marsch
光圈	guang:quan	n.	Blende
督导	du:dao	v.	beaufsichtigen
面孔	mian:kong	n.	Gesicht
领队	ling:dui	n.	Teamleiter
喜好	xi:hao	n.	Vorliebe
个数	ge:shu	n.	Anzahl
固然	gu:ran	adv.	zwar
拼音	pin:yin	n.	Pinyin
情人节	qing:ren:jie	n.	Valentinstag
随时随地	sui:shi:sui:di	adv.	jederzeit und überall
毒品	du:pin	n.	Rauschgift
南宁市	nan:ning:shi	n.	Nanning
药材	yao:cai	n.	Heilpflanzen
涂	tu	v.	streichen
天赋	tian:fu	n.	Talent
防汛	fang:xun	v.	Hochwasserschutz
参展商	can:zhan:shang	n.	Aussteller
深层	shen:ceng	n.	tiefe Schicht
湾	wan	n.	Bucht
卓越的	zhuo:yue:de	adj.	hervorragend
初二	chu:er	n.	zweites Jahr der Mittelschule
一心	yi:xin	adv.	mit ganzem Herzen
收支	shou:zhi	n.	Einnahmen und Ausgaben
简要	jian:yao	adj.	knapp
莎	sha	n.	Segge
视图	shi:tu	n.	Ansicht
光源	guang:yuan	n.	Lichtquelle
为宜	wei:yi	v.	am besten sein
灿烂	can:lan	adj.	strahlend
技术水平	ji:shu:shui:ping	n.	technisches Niveau
团长	tuan:zhang	n.	Regimentskommandeur
广告服务	guang:gao:fu:wu	n.	Werbedienst
生产设备	sheng:chan:she:bei	n.	Produktionsanlagen
命中	ming:zhong	v.	treffen
闪光	shan:guang	n.	Blitz
闪光	shan:guang	v.	blitzen
崇	chong	v.	verehren
几个人	ji:ge:ren	n.	einige Leute
发改委	fa:gai:wei	n.	Entwicklungskommission
脱落	tuo:luo	v.	abfallen
肉眼	rou:yan	n.	bloßes Auge
比较好	bi:jiao:hao	adj.	vergleichsweise gut
抽烟	chou:yan	v.	rauchen
拥护	yong:hu	v.	unterstützen
猎	lie	v.	jagen
办公楼	ban:gong:lou	n.	Bürogebäude
戏曲	xi:qu	n.	traditionelle Oper
刑	xing	n.	Strafe
墨	mo	n.	Tinte
陪同	pei:tong	v.	begleiten
从容	cong:rong	adj.	gefasst
没关系	mei:guan:xi	v.	macht nichts
诊疗	zhen:liao	v.	diagnostizieren und behandeln
国土资源	guo:tu:zi:yuan	n.	Bodenressourcen
一枚	yi:mei	mw.	ein (Stück)
卖点	mai:dian	n.	Verkaufsargument
习俗	xi:su	n.	Brauch
瑜伽	yu:jia	n.	Yoga
用作	yong:zuo	v.	dienen als
职能部门	zhi:neng:bu:men	n.	Funktionsabteilung
固体	gu:ti	n.	Feststoff
雨水	yu:shui	n.	Regenwasser
雨水	yu:shui	n.	Regenwasser (Jahreszeit)
娃	wa	n.	Baby
飞跃	fei:yue	v.	springen
大腿	da:tui	n.	Oberschenkel
文革	wen:ge	n.	Kulturrevolution
管理体系	guan:li:ti:xi	n.	Managementsystem
刀具	dao:ju	n.	Schneidwerkzeug
梯	ti	n.	Leiter
涂抹	tu:mo	v.	schmieren
固定资产投资	gu:ding:zi:chan:tou:zi	n.	Investitionen in Anlagevermögen
嘴角	zui:jiao	n.	Mundwinkel
集成电路	ji:cheng:dian:lu	n.	integrierter Schaltkreis
管理费	guan:li:fei	n.	Verwaltungsgebühr
桃	tao	n.	Pfirsich
豆	dou	n.	Bohne
驾	jia	v.	fahren
木耳	mu:er	n.	Judasohr
不小心	bu:xiao:xin	adv.	versehentlich
春风	chun:feng	n.	Frühlingswind
开幕式	kai:mu:shi	n.	Eröffnungszeremonie
表决	biao:jue	v.	abstimmen
教学方法	jiao:xue:fang:fa	n.	Lehrmethode
特质	te:zhi	n.	Eigenschaft
重要讲话	zhong:yao:jiang:hua	n.	wichtige Rede
实效	shi:xiao	n.	tatsächliche Wirkung
专注	zhuan:zhu	adj.	konzentriert
专注	zhuan:zhu	v.	sich konzentrieren
中奖	zhong:jiang	v.	einen Preis gewinnen
浅	qian	adj.	flach
超值	chao:zhi	adj.	sehr günstig
趣味	qu:wei	n.	Spaß
趣味	qu:wei	n.	Interesse
一说	yi:shuo	n.	eine Theorie
的	di	part.	Partikel (Besitz)
黎明	li:ming	n.	Morgenröte
变更登记	bian:geng:deng:ji	n.	Umregistrierung
富贵	fu:gui	adj.	reich und geehrt
大有	da:you	v.	reichlich haben
事业发展	shi:ye:fa:zhan	n.	Karriereentwicklung
烹饪	peng:ren	n.	Kochkunst
烹饪	peng:ren	v.	kochen
恶化	e:hua	v.	sich verschlechtern
藏族	zang:zu	n.	Tibeter
博士后	bo:shi:hou	n.	Postdoktorand
迫使	po:shi	v.	zwingen
信用证	xin:yong:zheng	n.	Akkreditiv
承运人	cheng:yun:ren	n.	Frachtführer
艰苦	jian:ku	adj.	mühsam
热线电话	re:xian:dian:hua	n.	Telefonhotline
索赔	suo:pei	v.	Schadensersatz fordern
未注册	wei:zhu:ce	adj.	nicht registriert
牢固	lao:gu	adj.	fest
驱动器	qu:dong:qi	n.	Laufwerk
径	jing	n.	Pfad
径	jing	n.	Durchmesser
红楼梦	hong:lou:meng	n.	Der Traum der Roten Kammer
人大常委会	ren:da:chang:wei:hui	n.	Ständiger Ausschuss des NVK
太极	tai:ji	n.	Taiji
疲	pi	adj.	müde
万里	wan:li	n.	Wanli
不动产	bu:dong:chan	n.	Immobilie
腐蚀	fu:shi	v.	korrodieren
直观	zhi:guan	adj.	intuitiv
好莱坞	hao:lai:wu	n.	Hollywood
搬	ban	v.	umziehen
搬	ban	v.	tragen
移交	yi:jiao	v.	übergeben
瓜	gua	n.	Melone
莹	ying	adj.	glänzend
敬业	jing:ye	adj.	engagiert
开发利用	kai:fa:li:yong	n.	Erschließung und Nutzung
小店	xiao:dian	n.	kleines Laden
元老	yuan:lao	n.	Urvater
梦中	meng:zhong	n.	Traum
隐瞒	yin:man	v.	verheimlichen
大类	da:lei	n.	große Kategorie
牢牢	lao:lao	adv.	fest
惊人的	jing:ren:de	adj.	erstaunlich
滋	zi	v.	nähren
跨国	kua:guo	adj.	multinational
美味	mei:wei	n.	Delikatesse
配制	pei:zhi	v.	anmischen
润	run	adj.	feucht
商户	shang:hu	n.	Händler
批次	pi:ci	n.	Charge
确有	que:you	v.	sicher haben
浓缩	nong:suo	v.	konzentrieren
后勤	hou:qin	n.	Logistik
火星	huo:xing	n.	Mars
铃	ling	n.	Glocke
聪明的	cong:ming:de	adj.	intelligent
疗程	liao:cheng	n.	Kur
停下	ting:xia	v.	anhalten
另有规定	ling:you:gui:ding	v.	abweichend geregelt
当即	dang:ji	adv.	sofort
直流	zhi:liu	n.	Gleichstrom
绝缘	jue:yuan	v.	isolieren
难受	nan:shou	adj.	unangenehm
包括了	bao:kuo:le	v.	einschließen
表达了	biao:da:le	v.	ausdrücken
工作组	gong:zuo:zu	n.	Arbeitsgruppe
香气	xiang:qi	n.	Duft
饱满	bao:man	adj.	voll
呼叫	hu:jiao	v.	rufen
加大了	jia:da:le	v.	vergrößern
欺负	qi:fu	v.	schikanieren
手感	shou:gan	n.	Griffgefühl
更何况	geng:he:kuang	conj.	geschweige denn
发达的	fa:da:de	adj.	entwickelt
新高	xin:gao	n.	Nach Rekordhoch
投影	tou:ying	n.	Projektion
语言种类	yu:yan:zhong:lei	n.	Sprachart
打开了	da:kai:le	v.	öffnen
蛮	man	adv.	ganz
累了	lei:le	adj.	müde
入库	ru:ku	v.	Einlagern
脆弱	cui:ruo	adj.	zerbrechlich
误会	wu:hui	v.	missverstehen
出席了	chu:xi:le	v.	teilnehmen
蒂	di	n.	Fruchtstiel
序列号	xu:lie:hao	n.	Seriennummer
村委会	cun:wei:hui	n.	Dorfkomitee
拨	bo	v.	wählen
纯净	chun:jing	adj.	rein
十七	shi:qi	num.	17
总局	zong:ju	n.	Hauptbehörde
二年级	er:nian:ji	n.	zweite Klasse
科学院	ke:xue:yuan	n.	Akademie der Wissenschaften
贮存	zhu:cun	v.	lagern
暑假	shu:jia	n.	Sommerferien
贯彻执行	guan:che:zhi:xing	v.	durchführen
盗版	dao:ban	n.	Piraterie
南非	nan:fei	n.	Südafrika
产业结构	chan:ye:jie:gou	n.	Industriestruktur
建筑材料	jian:zhu:cai:liao	n.	Baustoffe
礼貌	li:mao	n.	Höflichkeit
有益的	you:yi:de	adj.	nützlich
法人代表	fa:ren:dai:biao	n.	gesetzlicher Vertreter
涛	tao	n.	große Wellen
营业税	ying:ye:shui	n.	Gewerbesteuer
予	yu	v.	geben
胸前	xiong:qian	n.	vor der Brust
网管	wang:guan	n.	Netzwerkadministrator
勾	gou	v.	abhaken
能耗	neng:hao	n.	Energieverbrauch
世界观	shi:jie:guan	n.	Weltanschauung
惠	hui	n.	Wohlwollen
阿根廷	a:gen:ting	n.	Argentinien
析	xi	v.	analysieren
铁板	tie:ban	n.	Eisenplatte
打折机票	da:zhe:ji:piao	n.	Rabattflugticket
遗忘	yi:wang	v.	vergessen
中性	zhong:xing	adj.	neutral
延期	yan:qi	v.	verschieben
畸形	ji:xing	adj.	mißgebildet
武侠	wu:xia	n.	Wuxia
祭祀	ji:si	v.	opfern
有关事项	you:guan:shi:xiang	n.	betreffende Angelegenheiten
相关法律	xiang:guan:fa:lv	n.	einschlägige Gesetze
在此基础上	zai:ci:ji:chu:shang	prep.	auf dieser Grundlage
薪资	xin:zi	n.	Gehalt
脱颖而出	tuo:ying:er:chu	v.	sich hervorheben
检察院	jian:cha:yuan	n.	Staatsanwaltschaft
砍	kan	v.	hauen
平面设计	ping:mian:she:ji	n.	Grafikdesign
杀毒	sha:du	v.	desinfizieren
外在	wai:zai	adj.	äußerlich
撑	cheng	v.	stützen
截	jie	v.	abschneiden
有关人员	you:guan:ren:yuan	n.	betroffene Personen
超声波	chao:sheng:bo	n.	Ultraschall
氧气	yang:qi	n.	Sauerstoff
炸弹	zha:dan	n.	Bombe
廉价	lian:jia	adj.	billig
营业部	ying:ye:bu	n.	Vertriebsabteilung
序列	xu:lie	n.	Sequenz
世界各国	shi:jie:ge:guo	n.	die Länder der Welt
讨论区	tao:lun:qu	n.	Diskussionsforum
时报	shi:bao	n.	Zeitung
报废	bao:fei	v.	verschrotten
绿地	lv:di	n.	Grünfläche
飞利浦	fei:li:pu	n.	Philips
磨损	mo:sun	v.	abnutzen
本性	ben:xing	n.	Natur
全心全意	quan:xin:quan:yi	adv.	von ganzem Herzen
特产	te:chan	n.	Spezialität
试点工作	shi:dian:gong:zuo	n.	Pilotarbeit
措	cuo	v.	veranlassen
魔力	mo:li	n.	Zauberkraft
肉体	rou:ti	n.	Fleisch
长途	chang:tu	adj.	Fern-
电子有限公司	dian:zi:you:xian:gong:si	n.	Elektronik-GmbH
第三十三条	di:san:shi:san:tiao	num.	Artikel 33
舌头	she:tou	n.	Zunge
半夜	ban:ye	n.	Mitternacht
对外贸易	dui:wai:mao:yi	n.	Außenhandel
有色金属	you:se:jin:shu	n.	Nichteisenmetall
寝室	qin:shi	n.	Schlafsaal
用具	yong:ju	n.	Gerät
当晚	dang:wan	n.	an diesem Abend
勇于	yong:yu	v.	wagen
大叫	da:jiao	v.	schreien
几何	ji:he	n.	Geometrie
努力提高	nu:li:ti:gao	v.	zu verbessern suchen
全书	quan:shu	n.	das ganze Buch
黄昏	huang:hun	n.	Dämmerung
严重影响	yan:zhong:ying:xiang	v.	schwer beeinträchtigen
币	bi	n.	Währung
势必	shi:bi	adv.	unweigerlich
开店	kai:dian	v.	ein Geschäft eröffnen
三菱	san:ling	n.	Mitsubishi
意味	yi:wei	n.	Bedeutung
意味	yi:wei	v.	bedeuten
弱点	ruo:dian	n.	Schwäche
规范性	gui:fan:xing	n.	Normatividad
煽动	shan:dong	v.	anstiften
前列腺	qian:lie:xian	n.	Prostata
主动性	zhu:dong:xing	n.	Initiative
功德	gong:de	n.	Verdienst
玩笑	wan:xiao	n.	Scherz
课本	ke:ben	n.	Lehrbuch
单间	dan:jian	n.	Einzelzimmer
夸张	kua:zhang	v.	übertreiben
夸张	kua:zhang	adj.	übertrieben
产品销售	chan:pin:xiao:shou	n.	Produktverkauf
这样一来	zhe:yang:yi:lai	conj.	So
排量	pai:liang	n.	Hubraum
长发	chang:fa	n.	langes Haar
非要	fei:yao	adv.	unbedingt
连同	lian:tong	prep.	zusammen mit
送上	song:shang	v.	überbringen
流出	liu:chu	v.	ausfließen
长短	chang:duan	n.	Länge
终极	zhong:ji	adj.	ultimativ
零售商	ling:shou:shang	n.	Einzelhändler
薇	wei	n.	Rose (Pflanze)
处女	chu:nv	n.	Jungfrau
无情	wu:qing	adj.	herzlos
哈尔滨市	ha:er:bin:shi	n.	Stadt Harbin
免征	mian:zheng	v.	von der Steuer befreien
沐浴	mu:yu	v.	baden
不适合	bu:shi:he	adj.	ungeeignet
沃尔玛	wo:er:ma	n.	Walmart
无知	wu:zhi	n.	Ignoranz
无知	wu:zhi	adj.	unwissend
工商银行	gong:shang:yin:hang	n.	ICBC
聚焦	ju:jiao	v.	fokussieren
感知	gan:zhi	v.	wahrnehmen
一刻	yi:ke	n.	ein Augenblick
车载	che:zai	adj.	Fahrzeug-
招聘会	zhao:pin:hui	n.	Jobmesse
杂志社	za:zhi:she	n.	Zeitschriftenverlag
透明度	tou:ming:du	n.	Transparenz
播种	bo:zhong	v.	säen
太平	tai:ping	adj.	Taiping
低调	di:diao	adj.	nüchtern
幸好	xing:hao	adv.	glücklicherweise
组织开展	zu:zhi:kai:zhan	v.	organisieren und durchführen
中国文化	zhong:guo:wen:hua	n.	chinesische Kultur
陛下	bi:xia	n.	Eure Majesté
技术开发	ji:shu:kai:fa	n.	Technologieentwicklung
叶片	ye:pian	n.	Rohblatt
黄金周	huang:jin:zhou	n.	Goldene Woche
变迁	bian:qian	n.	Wandel
人中	ren:zhong	n.	Philtrum
周恩来	zhou:en:lai	n.	Zhou Enlai
一脚	yi:jiao	n.	ein Tritt
自觉地	zi:jue:de	adv.	bewusst
塑胶	su:jiao	n.	Plastik
整车	zheng:che	n.	Ganzfahrzeug
透明的	tou:ming:de	adj.	durchsichtig
中型	zhong:xing	adj.	mittelgroß
各级人民政府	ge:ji:ren:min:zheng:fu	n.	Regierungen auf allen Ebenen
愈	yu	adv.	zunehmend
菜肴	cai:yao	n.	Gericht
魔兽	mo:shou	n.	Untier
制度建设	zhi:du:jian:she	n.	Institutionenaufbau
意识形态	yi:shi:xing:tai	n.	Ideologie
攻略	gong:lve	n.	Lösungsguide
督	du	v.	überwachen
大户	da:hu	n.	Großkunde
尺度	chi:du	n.	Maßstab
一般人	yi:ban:ren	n.	Durchschnittsmensch
狐狸	hu:li	n.	Fuchs
找工作	zhao:gong:zuo	v.	eine Arbeit suchen
锂电池	li:dian:chi	n.	Lithiumbatterie
胸口	xiong:kou	n.	Brust
通往	tong:wang	v.	führen nach
克隆	ke:long	v.	klonen
全校	quan:xiao	n.	ganze Schule
两级	liang:ji	num.	zwei Ebenen
程度上	cheng:du:shang	adv.	in gewissem Grade
专柜	zhuan:gui	n.	Sonderverkauf
历来	li:lai	adv.	stets
交通便利	jiao:tong:bian:li	adj.	gute Verkehrsanbindung
银行卡	yin:hang:ka	n.	Bankkarte
周四	zhou:si	n.	Donnerstag
符合条件	fu:he:tiao:jian	v.	die Bedingungen erfüllen
保护区	bao:hu:qu	n.	Schutzgebiet
终生	zhong:sheng	adv.	lebenslang
祥	xiang	adj.	glückverheißend
提起诉讼	ti:qi:su:song	v.	eine Klage erheben
供热	gong:re	v.	Wärme liefern
供热	gong:re	n.	Wärmeversorgung
唐山	tang:shan	n.	Tangshan
喇叭	la:ba	n.	Lautsprecher
喇叭	la:ba	n.	Trompete
丫头	ya:tou	n.	Mädchen
丫头	ya:tou	n.	Dienstmädchen
就行	jiu:xing	v.	genügen
国家主席	guo:jia:zhu:xi	n.	Staatsvorsitzender
浦东	pu:dong	n.	Pudong
经济法	jing:ji:fa	n.	Wirtschaftsrecht
额度	e:du	n.	Kontingent
老家	lao:jia	n.	Heimatstadt
星空	xing:kong	n.	Sternenhimmel
工作效率	gong:zuo:xiao:lv	n.	Arbeitseffizienz
怖	bu	adj.	furchtbar
化学品	hua:xue:pin	n.	Chemikalie
亲密	qin:mi	adj.	intim
本部	ben:bu	n.	Zentrale
高清	gao:qing	adj.	High Definition
忠实	zhong:shi	adj.	treu
分部	fen:bu	n.	Abteilung
半小时	ban:xiao:shi	n.	eine halbe Stunde
增高	zeng:gao	v.	Größe erhöhen
职业经理人	zhi:ye:jing:li:ren	n.	Professional Manager
做饭	zuo:fan	v.	kochen
进入中国	jin:ru:zhong:guo	v.	nach China gelangen
不乏	bu:fa	v.	nicht mangeln
离职	li:zhi	v.	den Job verlassen
屋顶	wu:ding	n.	Dach
管线	guan:xian	n.	Rohrleitung
没问题	mei:wen:ti	adj.	kein Problem
登记机关	deng:ji:ji:guan	n.	Registrierungsbehörde
复查	fu:cha	v.	nachprüfen
充当	chong:dang	v.	dienen als
公认的	gong:ren:de	adj.	anerkannt
我们公司	wo:men:gong:si	n.	unsere Firma
阁下	ge:xia	n.	Euer Exzellenz
苦笑	ku:xiao	v.	bitter lächeln
公司章程	gong:si:zhang:cheng	n.	Gesellschaftssatzung
废物	fei:wu	n.	Abfall
专著	zhuan:zhu	n.	Monographie
图库	tu:ku	n.	Bildarchiv
高位	gao:wei	n.	hohes Amt
惠州	hui:zhou	n.	Huizhou
工伤保险	gong:shang:bao:xian	n.	Unfallversicherung
摄入	she:ru	v.	aufnehmen
不正常	bu:zheng:chang	adj.	abnormal
配送方式	pei:song:fang:shi	n.	Lieferart
三者	san:zhe	n.	die drei
发蜡	fa:la	n.	Haarwachs
质量监督	zhi:liang:jian:du	n.	Qualitätsüberwachung
迁移	qian:yi	v.	migrieren
侵	qin	v.	eindringen
投机	tou:ji	v.	spekulieren
上传时间	shang:chuan:shi:jian	n.	Uploadzeit
根本利益	gen:ben:li:yi	n.	Grundinteresse
岩	yan	n.	Fels
特约	te:yue	v.	besondere Vereinbarung
专业性	zhuan:ye:xing	n.	Professionalität
制度化	zhi:du:hua	v.	institutionalisieren
扮	ban	v.	spielen
机能	ji:neng	n.	Funktion
打扮	da:ban	v.	sich zurechtmachen
该市	gai:shi	n.	diese Stadt
糟	zao	adj.	schlecht
跳槽	tiao:cao	v.	den Job wechseln
略有	lve:you	v.	leicht haben
才华	cai:hua	n.	Begabung
盈	ying	v.	gefüllt sein
生姜	sheng:jiang	n.	Ingwer
歌舞	ge:wu	n.	Gesang und Tanz
医学院	yi:xue:yuan	n.	Medizinische Hochschule
畜牧业	xu:mu:ye	n.	Viehzucht
万台	wan:tai	num.	10.000 (Geräte)
自制	zi:zhi	adj.	selbstgemacht
投资项目	tou:zi:xiang:mu	n.	Investitionsprojekt
附带	fu:dai	v.	beiheften
粮油	liang:you	n.	Getreide und Öl
吩咐	fen:fu	v.	anweisen
首发	shou:fa	v.	Erstveröffentlichung
威海	wei:hai	n.	Weihai
腹	fu	n.	Abdomen
企业内部	qi:ye:nei:bu	n.	Unternehmensintern
公分	gong:fen	n.	Zentimeter
拜访	bai:fang	v.	besuchen
西部地区	xi:bu:di:qu	n.	Westregion
乾隆	qian:long	n.	Qianlong
正式版	zheng:shi:ban	n.	offizielle Version
迷你	mi:ni	adj.	Mini
中级	zhong:ji	n.	Mittelstufe
垃圾邮件	la:ji:you:jian	n.	Spam
组织部	zu:zhi:bu	n.	Organisationsabteilung
无名	wu:ming	adj.	namenslos
名胜区	ming:sheng:qu	n.	sehenswerte Gegend
全党	quan:dang	n.	die ganze Partei
骚扰	sao:rao	v.	belästigen
微型	wei:xing	adj.	Mikro-
艺术类	yi:shu:lei	n.	Kunstkategorie
专业委员会	zhuan:ye:wei:yuan:hui	n.	Fachausschuss
事迹	shi:ji	n.	den Taten
增添	zeng:tian	v.	hinzufügen
背着	bei:zhe	v.	auf dem Rücken tragen
探险	tan:xian	n.	Abenteuer
斩	zhan	v.	hacken
股份制	gu:fen:zhi	n.	Aktiensystem
行业发展	hang:ye:fa:zhan	n.	Branchenentwicklung
考证	kao:zheng	v.	untersuchen
润滑油	run:hua:you	n.	Schmieröl
早晚	zao:wan	adv.	früher oder später
早晚	zao:wan	n.	Morgen und Abend
吊销	diao:xiao	v.	entziehen
多方面的	duo:fang:mian:de	adj.	vielseitig
支队	zhi:dui	n.	Abteilung
计费	ji:fei	v.	Gebühren berechnen
呵护	he:hu	v.	beschützen
招牌	zhao:pai	n.	Schild
添加剂	tian:jia:ji	n.	Zusatzstoff
抽出	chou:chu	v.	herausziehen
尺	chi	n.	Lineal
爱立信	ai:li:xin	n.	Ericsson
网关	wang:guan	n.	Gateway
品牌形象	pin:pai:xing:xiang	n.	Markenimage
压迫	ya:po	v.	unterdrücken
会场	hui:chang	n.	Tagungsort
遇上	yu:shang	v.	treffen
数百	shu:bai	num.	cent of
倍数	bei:shu	n.	Vielfaches
空格	kong:ge	n.	Leerzeichen
签	qian	v.	unterschreiben
氨基酸	an:ji:suan	n.	Aminosäure
牢记	lao:ji	v.	einprägen
扩充	kuo:chong	v.	erweitern
稀	xi	adj.	dünn
延安	yan:an	n.	Yan'an
先天	xian:tian	adj.	angeboren
好不好	hao:bu:hao	adv.	na gut
商学院	shang:xue:yuan	n.	Business School
掏	tao	v.	herausziehen
夸	kua	v.	loben
行业标准	hang:ye:biao:zhun	n.	Branchenstandard
电子产品	dian:zi:chan:pin	n.	Elektronikprodukt
慷慨	kang:kai	adj.	großzügig
循环经济	xun:huan:jing:ji	n.	Kreislaufwirtschaft
汽	qi	n.	Dampf
黄豆	huang:dou	n.	Sojabohne
万余	wan:yu	num.	über 10.000
还不错	hai:bu:cuo	adj.	nicht schlecht
武士	wu:shi	n.	Krieger
机械设备	ji:xie:she:bei	n.	Maschinen und Anlagen
外套	wai:tao	n.	Mantel
液	ye	n.	Flüssigkeit
俄国	e:guo	n.	Russland
津贴	jin:tie	n.	Zulage
姬	ji	n.	Konkubine
愧	kui	v.	schämen
解决方法	jie:jue:fang:fa	n.	Lösung
一事	yi:shi	n.	eine Sache
抢劫	qiang:jie	v.	überfallen
五行	wu:xing	n.	Fünf Elemente
散步	san:bu	v.	spazieren gehen
祈祷	qi:dao	v.	beten
体系建设	ti:xi:jian:she	n.	Systemaufbau
谢文东	xie:wen:dong	n.	Xie Wendong
参考价格	can:kao:jia:ge	n.	Referenzpreis
汇	hui	v.	überweisen
汇	hui	n.	Devisen
陆军	lu:jun	n.	Heer
挣钱	zheng:qian	v.	Geld verdienen
清楚地	qing:chu:de	adv.	klar
歌唱	ge:chang	v.	singen
愉快的	yu:kuai:de	adj.	angenehm
职业病	zhi:ye:bing	n.	Berufskrankheit
加入收藏	jia:ru:shou:cang	v.	zu Favoriten hinzufügen
如意	ru:yi	adj.	nach Wunsch
执行情况	zhi:xing:qing:kuang	n.	Umsetzungsstand
第二款	di:er:kuan	n.	zweites Modell
盛会	sheng:hui	n.	große Versammlung
漫游	man:you	v.	umherwandern
漫游	man:you	n.	Roaming
三七	san:qi	n.	Notoginseng
无意	wu:yi	adj.	ohne Absicht
无意	wu:yi	adj.	unbeabsichtigt
中途	zhong:tu	n.	unterwegs
柱	zhu	n.	Säule
升华	sheng:hua	v.	sublimieren
升华	sheng:hua	n.	Sublimation
织物	zhi:wu	n.	Gewebe
蒸汽	zheng:qi	n.	Dampf
并重	bing:zhong	v.	gleichwertig beachten
背上	bei:shang	n.	auf dem Rücken
烤肉	kao:rou	n.	Braten
早点	zao:dian	n.	Frühstück
过期	guo:qi	v.	ablaufen
分值	fen:zhi	n.	Punktwert
以下内容	yi:xia:nei:rong	n.	folgender Inhalt
原谅	yuan:liang	v.	verzeihen
终点	zhong:dian	n.	Ziellinie
彩信	cai:xin	n.	MMS
二字	er:zi	num.	zwei Zeichen
打呼	da:hu	v.	schnarchen
求购信息	qiu:gou:xin:xi	n.	Kaufanfrage
吸取	xi:qu	v.	aufnehmen
以使	yi:shi	conj.	um zu
雅思	ya:si	n.	IELTS
轮回	lun:hui	n.	Wiedergeburt
高高	gao:gao	adv.	hoch
诱发	you:fa	v.	verursachen
这三个	zhe:san:ge	pron.	diese drei
习题	xi:ti	n.	Übungsaufgabe
说实话	shuo:shi:hua	v.	ehrlich gesagt
和谐社会	he:xie:she:hui	n.	harmonische Gesellschaft
醒目	xing:mu	adj.	auffällig
建设工作	jian:she:gong:zuo	n.	Aufbauarbeit
上演	shang:yan	v.	aufführen
一封	yi:feng	mw.	ein (Brief)
打下	da:xia	v.	legen
尚有	shang:you	v.	noch haben
社会上	she:hui:shang	n.	in der Gesellschaft
一个字	yi:ge:zi	num.	ein Wort
人参	ren:shen	n.	Ginseng
精髓	jing:sui	n.	Wesenskern
中国古代	zhong:guo:gu:dai	n.	das alte China
可调	ke:tiao	adj.	verstellbar
老师	lao:shi	n.	Lehrer
迅速发展	xun:su:fa:zhan	v.	sich schnell entwickeln
烧烤	shao:kao	n.	Barbecue
工作单位	gong:zuo:dan:wei	n.	Arbeitsstelle
高新技术产业	gao:xin:ji:shu:chan:ye	n.	Hightech-Industrie
家用电器	jia:yong:dian:qi	n.	Haushaltsgeräte
密切相关	mi:qie:xiang:guan	adj.	eng verwandt
登记管理	deng:ji:guan:li	n.	Registrierungsverwaltung
组团	zu:tuan	v.	eine Gruppe bilden
典范	dian:fan	n.	Vorbild
经济开发区	jing:ji:kai:fa:qu	n.	Wirtschaftsentwicklungszone
数据包	shu:ju:bao	n.	Datenpaket
间隙	jian:xi	n.	Zwischenraum
招标文件	zhao:biao:wen:jian	n.	Ausschreibungsunterlagen
九五	jiu:wu	num.	95
水产品	shui:chan:pin	n.	Meeresprodukt
光彩	guang:cai	n.	Glanz
瓷砖	ci:zhuan	n.	Fliese
抗体	kang:ti	n.	Antikörper
农历	nong:li	n.	Mondkalender
职业培训	zhi:ye:pei:xun	n.	Berufsausbildung
听课	ting:ke	v.	einer Vorlesung folgen
召唤	zhao:huan	v.	herbeirufen
粮	liang	n.	Getreide
十六届	shi:liu:jie	num.	16. Wahlperiode
堡	bao	n.	Festung
圈子	quan:zi	n.	Kreis
仗	zhang	n.	Kampf
全集	quan:ji	n.	Gesamtausgabe
小偷	xiao:tou	n.	Dieb
法律顾问	fa:lv:gu:wen	n.	Rechtsberater
网店	wang:dian	n.	Onlineshop
笨	ben	adj.	dumm
奏	zou	v.	spielen
养生	yang:sheng	v.	das Leben pflegen
下一代	xia:yi:dai	n.	nächste Generation
叹息	tan:xi	v.	seufzen
中美	zhong:mei	n.	China und USA
参与者	can:yu:zhe	n.	Teilnehmer
手机号码	shou:ji:hao:ma	n.	Handynummer
技术标准	ji:shu:biao:zhun	n.	technischer Norm
能力建设	neng:li:jian:she	n.	Kapazitätsaufbau
猎人	lie:ren	n.	Jäger
公元前	gong:yuan:qian	n.	v. Chr.
指引	zhi:yin	v.	führen
搬家	ban:jia	v.	umziehen
冷笑	leng:xiao	v.	höhnisch lachen
流转	liu:zhuan	v.	umlaufen
歉	qian	n.	Entschuldigung
典当	dian:dang	v.	verpfänden
甩	shuai	v.	schleudern
怔	zheng	v.	starren
那个时候	na:ge:shi:hou	n.	damals
星期四	xing:qi:si	n.	Donnerstag
什么人	shen:me:ren	pron.	wer
航天	hang:tian	n.	Raumfahrt
心理	xin:li	n.	Psychologie
伴有	ban:you	v.	begleiten
开拓创新	kai:tuo:chuang:xin	v.	pionieren und innovieren
申办	shen:ban	v.	sich bewerben
实践活动	shi:jian:huo:dong	n.	Praxisaktivität
先进性教育	xian:jin:xing:jiao:yu	n.	progressive Erziehung
每个月	mei:ge:yue	n.	jeden Monat
液压	ye:ya	n.	Hydraulik
大肉	da:rou	n.	Schweinefleisch
允	yun	v.	erlauben
教育厅	jiao:yu:ting	n.	Bildungsamt
大力推进	da:li:tui:jin	v.	alertamente vorantreiben…
水域	shui:yu	n.	Gewässer
本企业	ben:qi:ye	n.	dieses Unternehmen
进修	jin:xiu	v.	sich weiterbilden
案件	an:jian	n.	Fall
三分之一	san:fen:zhi:yi	num.	ein Drittel
副作用	fu:zuo:yong	n.	Nebenwirkung
资产评估	zi:chan:ping:gu	n.	Vermögensbewertung
兑现	dui:xian	v.	einlösen
口头	kou:tou	adj.	mündlich
蜡烛	la:zhu	n.	Kerze
跑车	pao:che	n.	Sportwagen
网络广告	wang:luo:guang:gao	n.	Online-Werbung
意境	yi:jing	n.	künstlerische Konzeption
有时间	you:shi:jian	v.	Zeit haben
走出去	zou:chu:qu	v.	hinausgehen
满分	man:fen	n.	volle Punktzahl
竞	jing	v.	wetteifern
写下	xie:xia	v.	niederschreiben
专辑	zhuan:ji	n.	Album
林肯	lin:ken	n.	Lincoln
点燃	dian:ran	v.	entzünden
证明材料	zheng:ming:cai:liao	n.	Nachweise
圣人	sheng:ren	n.	Weiser
称赞	cheng:zan	v.	lobspreisen
几个月	ji:ge:yue	num.	mehrere Monate
影院	ying:yuan	n.	Kino
思想政治工作	si:xiang:zheng:zhi:gong:zuo	n.	ideologische Arbeit
祸	huo	n.	Unglück
边境	bian:jing	n.	Grenze
分店	fen:dian	n.	Filiale
个人所得税	ge:ren:suo:de:shui	n.	Einkommensteuer
信息安全	xin:xi:an:quan	n.	Informationssicherheit
病因	bing:yin	n.	Krankheitsursache
发展有限公司	fa:zhan:you:xian:gong:si	n.	Entwicklungsgesellschaft
销毁	xiao:hui	v.	vernichten
耶	ye	int.	yeah!
警示	jing:shi	v.	warnen
修饰	xiu:shi	v.	verzieren
必要性	bi:yao:xing	n.	Notwendigkeit
请登录	qing:deng:lu	v.	bitte einloggen
卫生局	wei:sheng:ju	n.	Gesundheitsamt
复兴	fu:xing	v.	wieder aufblühen
个体工商户	ge:ti:gong:shang:hu	n.	Einzelunternehmer
直达	zhi:da	v.	direkt fahren
直达	zhi:da	adj.	direkt
免除	mian:chu	v.	erlassen
胳膊	ge:bo	n.	Arm
文体	wen:ti	n.	Stil
文体	wen:ti	n.	Kultur und Sport
忍受	ren:shou	v.	erdulden
宋体	song:ti	n.	Song-Schrift
准予	zhun:yu	v.	genehmigen
梅花	mei:hua	n.	Pflaumenblüte
清朝	qing:chao	n.	Qing-Dynastie
西蜀子云亭	xi:shu:zi:yun:ting	n.	Pavillon Xishu Ziyun
刀塔	dao:ta	n.	Dota
老是	lao:shi	adv.	ständig
谈家渡桥	tan:jia:du:qiao	n.	Tanjiadu-Brücke
白嫖	bai:piao	v.	umsonst abgreifen
百事	bai:shi	n.	Pepsi
暴风	bao:feng	n.	Sturm
宝箱	bao:xiang	n.	Schatztruhe
辨识	bian:shi	v.	identifizieren
补给	bu:ji	n.	Nachschub
补给	bu:ji	v.	nachschuben
沉眠	chen:mian	v.	tiefschlafen
辰星	chen:xing	n.	Merkur
蠢材	chun:cai	n.	Trottel
搭线	da:xian	v.	vermitteln
打制	da:zhi	v.	abschlagen
得一逼	de:yi:bi	adv.	mega
定当	ding:dang	adv.	gewiss
定制	ding:zhi	v.	anfertigen lassen
定制	ding:zhi	n.	Maßanfertigung
多多	duo:duo	adv.	viel
恶感	e:gan	n.	Abneigung
反常	fan:chang	adj.	abnorm
盖菜	gai:cai	n.	Senfgrün
改点	gai:dian	v.	umbuchen
搞怪	gao:guai	v.	albern sein
古埃及人	gu:ai:ji:ren	n.	alte Ägypter
红运	hong:yun	n.	Glück
护食	hu:shi	v.	sein Fressen verteidigen
护养	hu:yang	v.	pflegen
花呗	hua:bei	n.	Huabei
会儿	hui:er	mw.	eine Weile
机翻	ji:fan	n.	maschinelle Übersetzung
鸡鸡	ji:ji	n.	Schniedel
箭步	jian:bu	n.	großer Schritt
健康宝	jian:kang:bao	n.	Gesundheits-App
践行	jian:xing	v.	praktizieren
糨糊	jiang:hu	n.	Kleister
精光	jing:guang	adv.	völlig（aufgezehrt）
酒花	jiu:hua	n.	Hopfen
局地	ju:di	adj.	lokal
举发	ju:fa	v.	angeben
氪金	ke:jin	v.	Geld ins Spiel stecken
啦啦啦	la:la:la	onom.	la la la
啦啦啦啦	la:la:la:la	onom.	la la la
力挺	li:ting	v.	kräftig unterstützen
连连	lian:lian	adv.	fortwährend
脸形	lian:xing	n.	Gesichtsform
没得	mei:de	v.	nicht haben
那个啥	na:ge:sha	pron.	wie heißt er noch
脑残	nao:can	adj.	geistig Schwerbehinderte
女儿	nv:er	n.	Tochter
喷子	pen:zi	n.	Hater
钱数	qian:shu	n.	Geldbetrag
热场	re:chang	v.	das Publikum aufwärmen
傻傻地	sha:sha:de	adv.	töricht
上一集	shang:yi:ji	n.	vorherige Folge
什么的	shen:me:de	part.	und so weiter
时艰	shi:jian	n.	schwere Zeiten
屎山	shi:shan	n.	Scheißcode
算啦	suan:la	int.	Schon gut
特么	te:me	adv.	verdammt (Ersatzwort)
天呐	tian:na	int.	oh Gott
通传	tong:chuan	v.	übermitteln
同人	tong:ren	n.	fanfiction
团战	tuan:zhan	n.	Teamkampf
文件树	wen:jian:shu	n.	Dateibaum
文身	wen:shen	n.	Tätowierung
文身	wen:shen	v.	tätowieren
无需	wu:xu	v.	nicht brauchen
戏骨	xi:gu	n.	veteranierter Schauspieler
吸金	xi:jin	v.	Geld einsammeln
险棋	xian:qi	n.	riskierender Zug
献忠	xian:zhong	v.	wütend amoklaufen
降伏	xiang:fu	v.	unterwerfen
小喵	xiao:miao	n.	Mieze
信谣	xin:yao	v.	Gerüchten glauben
星象	xing:xiang	n.	Astrologie
星爷	xing:ye	n.	Stephen Chow
徐公	xu:gong	n.	Herr Xu
眼光	yan:guang	n.	Blick
眼光	yan:guang	n.	perspicacité
药神	yao:shen	n.	Gott der Medizin
一档	yi:dang	num.	eine Sendung
蚁人	yi:ren	n.	Ant-Man
引座	yin:zuo	v.	einweisen
盈利	ying:li	v.	Gewinn erwirtschaften
盈利	ying:li	n.	Gewinn
优酷	you:ku	n.	Youku
尤其是	you:qi:shi	adv.	besonders
愿景	yuan:jing	n.	Vision
原神	yuan:shen	n.	Genshin Impact
悦刻	yue:ke	n.	RELX
涨薪	zhang:xin	v.	Gehaltserhöhung bekommen
正太	zheng:tai	n.	Shota
争相	zheng:xiang	adv.	wetteifernd
职位	zhi:wei	n.	Stelle
重价	zhong:jia	n.	hohen Preis
成品油	cheng:pin:you	n.	Treibstoff
培训工作	pei:xun:gong:zuo	n.	Schulungsarbeit
少有	shao:you	adj.	selten
糖果	tang:guo	n.	Süßigkeit
祝愿	zhu:yuan	v.	wünschen
上将	shang:jiang	n.	General
进出	jin:chu	v.	ein- und ausgehen
一瓶	yi:ping	num.	eine Flasche
方正	fang:zheng	adj.	correcto
方正	fang:zheng	n.	Founder
性病	xing:bing	n.	Geschlechtskrankheit
北京现代	bei:jing:xian:dai	n.	Beijing Hyundai
赏识	shang:shi	v.	würdigen
不定期	bu:ding:qi	adj.	unregelmäßig
摩托	mo:tuo	n.	Motorrad
货源	huo:yuan	n.	Bezugsquelle
访问者	fang:wen:zhe	n.	Besucher
拍拍	pai:pai	v.	pateln
拍拍	pai:pai	onom.	pat pat
准时	zhun:shi	adj.	pünktlich
有效期限	you:xiao:qi:xian	n.	Verfallsdatum
国家公务员	guo:jia:gong:wu:yuan	n.	Staatsbeamte
经济适用房	jing:ji:shi:yong:fang	n.	geförderte Wohnung
小白	xiao:bai	n.	Neuling
注册机	zhu:ce:ji	n.	Keygen
当选	dang:xuan	v.	gewählt werden
辅导员	fu:dao:yuan	n.	Berater
远方	yuan:fang	n.	Ferne
放过	fang:guo	v.	verschonen
征税	zheng:shui	v.	Steuern erheben
不良反应	bu:liang:fan:ying	n.	Nebenwirkung
实话	shi:hua	n.	wahre Worte
内裤	nei:ku	n.	Unterhose
狠狠	hen:hen	adv.	heftig
化工有限公司	hua:gong:you:xian:gong:si	n.	Chemie GmbH
相思	xiang:si	n.	Liebeskummer
自来水	zi:lai:shui	n.	Leitungswasser
物价	wu:jia	n.	Preise
情怀	qing:huai	n.	Gefühl
资格考试	zi:ge:kao:shi	n.	Qualifikationsprüfung
四肢	si:zhi	n.	vier Gliedmaßen
监事会	jian:shi:hui	n.	Aufsichtsrat
拆	chai	v.	öffnen
解散	jie:san	v.	auflösen
这几年	zhe:ji:nian	n.	die letzten Jahre
奇妙	qi:miao	adj.	wunderbar
高频	gao:pin	n.	Hochfrequenz
干涉	gan:she	v.	einmischen
这本书	zhe:ben:shu	n.	dieses Buch
文秘	wen:mi	n.	Sekretariatsarbeit
有一点	you:yi:dian	adv.	etwas
货品	huo:pin	n.	Waren
新车型	xin:che:xing	n.	neues Automodell
又名	you:ming	v.	auch genannt
事业部	shi:ye:bu	n.	Geschäftsbereich
汇集	hui:ji	v.	sich versammeln
年薪	nian:xin	n.	Jahresgehalt
双核	shuang:he	n.	Dual-Core
悠悠	you:you	adv.	muhevoll
电信业务	dian:xin:ye:wu	n.	Telekommunikationsdienste
硕士研究生	shuo:shi:yan:jiu:sheng	n.	Masterstudent
网站推广	wang:zhan:tui:guang	n.	Website-Promotion
卖给	mai:gei	v.	verkaufen an
现阶段	xian:jie:duan	n.	gegenwärtige Phase
招租	zhao:zu	v.	zu vermieten
政策法规	zheng:ce:fa:gui	n.	Politik und Vorschriften
小结	xiao:jie	n.	Kurzfassung
汗水	han:shui	n.	Schweiß
温馨提示	wen:xin:ti:shi	n.	freundlicher Hinweis
副校长	fu:xiao:zhang	n.	konrektor
宣称	xuan:cheng	v.	behauptigen
星期一	xing:qi:yi	n.	Montag
烦人	fan:ren	adj.	nervig
展望	zhan:wang	v.	blicken auf
最后一次	zui:hou:yi:ci	n.	das letzte Mal
夕阳	xi:yang	n.	Abendsonne
知名品牌	zhi:ming:pin:pai	n.	bekannte Marke
罪犯	zui:fan	n.	Verbrecher
竞争优势	jing:zheng:you:shi	n.	Wettbewerbsvorteil
儿女	er:nv	n.	Kinder
法律依据	fa:lv:yi:ju	n.	rechtliche Grundlage
生物技术	sheng:wu:ji:shu	n.	Biotechnologie
改名	gai:ming	v.	umbenennen
没	mo	v.	nicht haben
爵	jue	n.	Adelstitel
准考证	zhun:kao:zheng	n.	Zulassungskarte
绩	ji	n.	Leistung
现存	xian:cun	adj.	bestehend
底层	di:ceng	n.	untere Schicht
广大党员	guang:da:dang:yuan	n.	breite Parteimitgliedschaft
荣誉称号	rong:yu:cheng:hao	n.	Ehrentitel
进行调查	jin:xing:diao:cha	v.	eine Untersuchung durchführen
向后	xiang:hou	adv.	nach hinten
真好	zhen:hao	adj.	wirklich gut
离子	li:zi	n.	Ion
脸部	lian:bu	n.	Gesicht
海岸	hai:an	n.	Küste
音质	yin:zhi	n.	Klangqualität
自发	zi:fa	adj.	spontan
曲折	qu:zhe	adj.	verschlungen
放进	fang:jin	v.	hineinlegen
测算	ce:suan	v.	berechnen
扭曲	niu:qu	v.	verzerren
诱	you	v.	verleiten
一起来	yi:qi:lai	v.	zusammenkommen
赞成	zan:cheng	v.	zustimmen
装潢	zhuang:huang	v.	dekorieren
压制	ya:zhi	v.	unterdrücken
党委书记	dang:wei:shu:ji	n.	Partisekretär
总体规划	zong:ti:gui:hua	n.	Gesamtplan
第三十四条	di:san:shi:si:tiao	num.	Artikel 34
搜寻	sou:xun	v.	suchen
搜寻	sou:xun	n.	Suche
呜	wu	onom.	wau
不了解	bu:liao:jie	v.	nicht verstehen
上映	shang:ying	v.	ins Kino kommen
程序设计	cheng:xu:she:ji	n.	Programmierung
不相信	bu:xiang:xin	v.	nicht glauben
变频器	bian:pin:qi	n.	Frequenzumrichter
正宗	zheng:zong	adj.	original
成功率	cheng:gong:lv	n.	Erfolgsquote
实业	shi:ye	n.	Industrie
插手	cha:shou	v.	sich einmischen
沉重	chen:zhong	adj.	schwer
名誉	ming:yu	n.	Ruf
穴	xue	n.	Loch
穴	xue	n.	Akupunkturpunkt
衰老	shuai:lao	v.	altern
衰老	shuai:lao	n.	Alterung
老太太	lao:tai:tai	n.	alte Dame
有价值的	you:jia:zhi:de	adj.	wertvoll
二十年	er:shi:nian	n.	zwanzig Jahre
趋于	qu:yu	v.	neigen zu
好不容易	hao:bu:rong:yi	adv.	mit Mühe
黎	li	n.	Li (Familienname)
介绍一下	jie:shao:yi:xia	v.	kurz vorstellen
租	zu	v.	mieten
租	zu	n.	Miete
培	pei	v.	anhäufeln
咋	za	adv.	wie (Dialekt)
开阔	kai:kuo	adj.	weit
开阔	kai:kuo	v.	erweitern
不可避免	bu:ke:bi:mian	adj.	unvermeidlich
经营企业	jing:ying:qi:ye	v.	ein Unternehmen führen
议论	yi:lun	v.	diskutieren
议论	yi:lun	n.	Kommentar
过滤器	guo:lv:qi	n.	Filter
保健食品	bao:jian:shi:pin	n.	Healthfood
没收违法所得	mo:shou:wei:fa:suo:de	v.	illegale Erlöse konfiszieren
限量	xian:liang	v.	die Menge begrenzen
阵阵	zhen:zhen	adv.	in Schüben
现今	xian:jin	adv.	heutzutage
这样的话	zhe:yang:de:hua	conj.	wenn das so ist
平的	ping:de	adj.	flat
小品	xiao:pin	n.	comischer Sketch
小品	xiao:pin	n.	kurzer Essay
粉末	fen:mo	n.	Pulver
最终的	zui:zhong:de	adj.	endgültig
宋代	song:dai	n.	Song-Dynastie
没钱	mei:qian	adj.	ohne Geld
梳理	shu:li	v.	kämmen
梳理	shu:li	v.	sortieren
老爸	lao:ba	n.	Papa
井	jing	n.	Brunnen
选址	xuan:zhi	v.	einen Standort wählen
皮鞋	pi:xie	n.	Lederschuhe
黄瓜	huang:gua	n.	Gurke
上天	shang:tian	v.	in den Himmel aufsteigen
上天	shang:tian	n.	Himmel
相邻	xiang:lin	adj.	angrenzend
牢固树立	lao:gu:shu:li	v.	fest verankern
银河	yin:he	n.	Milchstraße
综合治理	zong:he:zhi:li	n.	umfassende Regelung
病房	bing:fang	n.	Krankenzimmer
服务体系	fu:wu:ti:xi	n.	Service-System
交通工具	jiao:tong:gong:ju	n.	Verkehrsmittel
街道办事处	jie:dao:ban:shi:chu	n.	Straßenamt
各个方面	ge:ge:fang:mian	n.	alle Aspekte
来看看	lai:kan:kan	v.	kommen und sehen
工作性质	gong:zuo:xing:zhi	n.	Art der Arbeit
专利权	zhuan:li:quan	n.	Patentrechte
何以	he:yi	adv.	warum
窝	wo	n.	Nest
窝	wo	mw.	ein Wurf
财税	cai:shui	n.	Finanzen und Steuern
借用	jie:yong	v.	auseinanderleihen
借用	jie:yong	n.	Borgung
润滑	run:hua	v.	schmieren
触发	chu:fa	v.	auslösen
自家	zi:jia	pron.	eigen
蒋介石	jiang:jie:shi	n.	Chiang Kai-shek
会见	hui:jian	v.	treffen
村级	cun:ji	adj.	auf DorfEbene
起飞	qi:fei	v.	abheben
和谐发展	he:xie:fa:zhan	n.	harmonische Entwicklung
繁忙	fan:mang	adj.	beschäftigt
嘻嘻	xi:xi	onom.	hihi
工作量	gong:zuo:liang	n.	Arbeitsaufwand
宽松	kuan:song	adj.	locker
偿还	chang:huan	v.	zurückzahlen
使用寿命	shi:yong:shou:ming	n.	Lebensdauer
工程技术	gong:cheng:ji:shu	n.	Ingenieurtechnik
无偿	wu:chang	adj.	unentgeltlich
常见问题	chang:jian:wen:ti	n.	häufige Fragen
司法机关	si:fa:ji:guan	n.	Justizbehörde
上限	shang:xian	n.	Obergrenze
通用网址	tong:yong:wang:zhi	n.	allgemeine Webadresse
扬声器	yang:sheng:qi	n.	Lautsprecher
宣告	xuan:gao	v.	verkünden
经商	jing:shang	v.	Geschäfte machen
校内	xiao:nei	n.	auf dem Campus
见证	jian:zheng	v.	bezeugen
处方	chu:fang	n.	Rezept
投递	tou:di	v.	zustellen
外企	wai:qi	n.	ausländisches Unternehmen
少见	shao:jian	adj.	selten
中山市	zhong:shan:shi	n.	Zhongshan
分校	fen:xiao	n.	Zweigschule
弥	mi	v.	füllen
相声	xiang:sheng	n.	Kreuzrede
苍白	cang:bai	adj.	blass
拦截	lan:jie	v.	abfangen
酝酿	yun:niang	v.	reifen
守护	shou:hu	v.	beschützen
返	fan	v.	zurückkehren
问世	wen:shi	v.	erscheinen
匹	pi	mw.	(Zähleinheit für Pferde)
尤为	you:wei	adv.	besonders
带走	dai:zou	v.	mitnehmen
凑	cou	v.	zusammenkommen
朗读	lang:du	v.	vorlesen
古镇	gu:zhen	n.	Altstadt
纸币	zhi:bi	n.	Banknote
贸易有限公司	mao:yi:you:xian:gong:si	n.	Handelsgesellschaft
奸	jian	adj.	hinterlistig
解放思想	jie:fang:si:xiang	v.	Gedanken befreien
后代	hou:dai	n.	Nachkomme
技师	ji:shi	n.	Techniker
低端	di:duan	adj.	unteres Segment
装的	zhuang:de	v.	sich verstellen
长寿	chang:shou	adj.	langes Leben
交际	jiao:ji	n.	Verkehr
实质性	shi:zhi:xing	adj.	substanziell
与环境	yu:huan:jing	prep.	mit der Umwelt
建筑设计	jian:zhu:she:ji	n.	Architekturentwurf
新闻网	xin:wen:wang	n.	Nachrichtenseite
说要	shuo:yao	v.	sagen
他能	ta:neng	pron.	er kann
一幕	yi:mu	n.	eine Szene
又好又快	you:hao:you:kuai	adj.	gut und schnell
战斗机	zhan:dou:ji	n.	Kampfjet
对的	dui:de	adj.	richtig
规模化	gui:mo:hua	v.	Ausweitung
长春市	chang:chun:shi	n.	Changchun
招商银行	zhao:shang:yin:hang	n.	China Merchants Bank
下手	xia:shou	v.	sich an etwas machen
下手	xia:shou	n.	Helfershelfer
生活费	sheng:huo:fei	n.	Lebenshaltungskosten
新品种	xin:pin:zhong	n.	neue Sorte
置换	zhi:huan	v.	ersetzen
万能	wan:neng	adj.	allmächtig
华侨	hua:qiao	n.	Überseechinese
还不够	hai:bu:gou	adv.	noch nicht genug
法宝	fa:bao	n.	Talisman
两部分	liang:bu:fen	n.	zwei Teile
持续发展	chi:xu:fa:zhan	v.	nachhaltige Entwicklung
艰苦奋斗	jian:ku:fen:dou	v.	hart kämpfen
陌	mo	n.	Feldweg
叛	pan	v.	verraten
关键在于	guan:jian:zai:yu	v.	wesentlich liegt an
复活	fu:huo	v.	auferstehen
同时又	tong:shi:you	conj.	zugleich
智能手机	zhi:neng:shou:ji	n.	Smartphone
矿产	kuang:chan	n.	Bodenschätze
正处于	zheng:chu:yu	v.	sich befinden
多余的	duo:yu:de	adj.	überflüssig
实践经验	shi:jian:jing:yan	n.	Praxiserfahrung
走访	zou:fang	v.	besuchen
清楚的	qing:chu:de	adj.	klar
大侠	da:xia	n.	Held
点缀	dian:zhui	v.	schmücken
环保局	huan:bao:ju	n.	Umweltschutzamt
女神	nv:shen	n.	Göttin
本协议	ben:xie:yi	n.	diese Vereinbarung
欲知	yu:zhi	v.	wissen wollen
心疼	xin:teng	v.	bemitleiden
大公司	da:gong:si	n.	große Firma
每一天	mei:yi:tian	n.	jeden Tag
头文件	tou:wen:jian	n.	Headerdatei
基准	ji:zhun	n.	Referenz
基准	ji:zhun	n.	Benchmark
颤抖	chan:dou	v.	zittern
填补	tian:bu	v.	ausfüllen
学士学位	xue:shi:xue:wei	n.	universitätsabschnitt
方言	fang:yan	n.	Dialekt
缘分	yuan:fen	n.	Schicksal
着	zhao	part.	Aspektpartikel
着	zhuo	part.	Aspektpartikel
十万	shi:wan	num.	100.000
剩下	sheng:xia	v.	übrig bleiben
核	he	n.	Kern
从上	cong:shang	prep.	von oben
急救	ji:jiu	n.	Erste Hilfe
颠覆	dian:fu	v.	stürzen
双腿	shuang:tui	n.	beide Beine
空缺	kong:que	n.	freie Stelle
菲律宾	fei:lv:bin	n.	Philippinen
卧	wo	v.	sich hinlegen
眼看	yan:kan	adv.	bald
多重	duo:chong	adj.	mehrfach
破碎	po:sui	v.	zerbrechen
幅	fu	mw.	Flächenmaß
眨	zha	v.	blinzeln
耗	hao	v.	verschwenden
加分	jia:fen	v.	Bonuspunkte geben
自动滚屏	zi:dong:gun:ping	n.	automatischer Bildlauf
发行时间	fa:xing:shi:jian	n.	Veröffentlichungsdatum
洒	sa	v.	versprinken
提请	ti:qing	v.	einreichen
走近	zou:jin	v.	sich nähern
财政收入	cai:zheng:shou:ru	n.	Staatseinnahmen
财政局	cai:zheng:ju	n.	Finanzamt
偏低	pian:di	adj.	zu niedrig
雪花	xue:hua	n.	Schneeflocke
有关专家	you:guan:zhuan:jia	n.	Fachleute
舞曲	wu:qu	n.	Tanzmusik
闪光灯	shan:guang:deng	n.	Blitz
优质服务	you:zhi:fu:wu	n.	Qualitätsservice
合作社	he:zuo:she	n.	Genossenschaft
组图	zu:tu	n.	Bilderserie
各部	ge:bu	n.	jede Abteilung
哪有	na:you	adv.	gewiss nicht
一员	yi:yuan	n.	Mitglied
东亚	dong:ya	n.	Ostasien
收款	shou:kuan	v.	Zahlungen empfangen
接头	jie:tou	v.	kontaktieren
多吃	duo:chi	v.	mehr essen
电邮	dian:you	n.	E-Mail
这下	zhe:xia	pron.	jetzt dies
计算机网络	ji:suan:ji:wang:luo	n.	Computernetzwerk
行销	xing:xiao	v.	vermarkten
忧伤	you:shang	adj.	betrübt
没法	mei:fa	adv.	nicht möglich
艰辛	jian:xin	adj.	schwer
击败	ji:bai	v.	besiegen
与会	yu:hui	v.	an einer Sitzung teilnehmen
怡	yi	adj.	freudig
高价	gao:jia	n.	hoher Preis
高价	gao:jia	adj.	teuer
学习者	xue:xi:zhe	n.	Lernender
莫名	mo:ming	adj.	unerklärlich
切除	qie:chu	v.	herausschneiden
写明	xie:ming	v.	klar angeben
本省	ben:sheng	n.	eigene Provinz
父子	fu:zi	n.	Vater und Sohn
旅游区	lv:you:qu	n.	Touristengebiet
详	xiang	adj.	ausführlich
有如	you:ru	v.	gleichen wie
新中国	xin:zhong:guo	n.	Neu-China
副食	fu:shi	n.	Beikost
兼容性	jian:rong:xing	n.	Kompatibilität
死机	si:ji	v.	abstürzen
履行职责	lv:xing:zhi:ze	v.	die Pflichten erfüllen
上调	shang:diao	v.	anheben
上调	shang:diao	n.	Anhebung
上调	shang:tiao	v.	hochschalten
张家界	zhang:jia:jie	n.	Zhangjiajie
建行	jian:hang	n.	Construction Bank
寺庙	si:miao	n.	Tempel
不规范	bu:gui:fan	adj.	unregelmäßig
福特	fu:te	n.	Ford
统领	tong:ling	v.	befehligen
傍晚	bang:wan	n.	Abend
合格证	he:ge:zheng	n.	Qualitätszertifikat
卢	lu	n.	Lu
扣	kou	v.	zumachen
扣	kou	v.	abziehen
当局	dang:ju	n.	Behörden
滥用	lan:yong	v.	missbrauchen
屠城	tu:cheng	v.	eine Stadt niedermetzeln
责任心	ze:ren:xin	n.	Verantwortungsbewusstsein
增长速度	zeng:zhang:su:du	n.	Wachstumsrate
中小学生	zhong:xiao:xue:sheng	n.	Schüler
尾巴	wei:ba	n.	Schwanz
想象力	xiang:xiang:li	n.	Einbildungskraft
保险人	bao:xian:ren	n.	Versicherer
周三	zhou:san	n.	Mittwoch
小康	xiao:kang	n.	confortables
宣扬	xuan:yang	v.	verbreiten
带回	dai:hui	v.	zurückbringen
轻松的	qing:song:de	adj.	entpannt
轻松的	qing:song:de	adj.	einfach
丑	chou	adj.	hässlich
丑	chou	n.	Clown
有待	you:dai	v.	zu erwarten bleiben
张开	zhang:kai	v.	öffnen
分流	fen:liu	v.	ableiten
勉	mian	v.	sich anstrengen
孝	xiao	n.	Kindespietät
心动	xin:dong	v.	hingerissen sein
逛街	guang:jie	v.	bummeln
文集	wen:ji	n.	Sammlung von Schriften
何意	he:yi	n.	welche Bedeutung
取胜	qu:sheng	v.	siegen
发起人	fa:qi:ren	n.	Initiator
物价局	wu:jia:ju	n.	Preisbehörde
契机	qi:ji	n.	Gelegenheit
市中心	shi:zhong:xin	n.	Stadtzentrum
伤感	shang:gan	adj.	sentimental
主要功能	zhu:yao:gong:neng	n.	Hauptfunktion
矛	mao	n.	Speer
浪潮	lang:chao	n.	Welle
法律服务	fa:lv:fu:wu	n.	Rechtsdienstleistungen
运送	yun:song	v.	transportieren
肥料	fei:liao	n.	Düngemittel
明知	ming:zhi	v.	wissen
眼下	yan:xia	n.	zurzeit
丹麦	dan:mai	n.	Dänemark
奶牛	nai:niu	n.	Milchkuh
体育馆	ti:yu:guan	n.	Sporthalle
辉煌的	hui:huang:de	adj.	glorreich
快门	kuai:men	n.	Verschluss
生产型	sheng:chan:xing	n.	Produktionstyp
留言内容	liu:yan:nei:rong	n.	Nachrichteninhalt
会所	hui:suo	n.	Clubhaus
业务范围	ye:wu:fan:wei	n.	Geschäftsbereich
打架	da:jia	v.	sich prügeln
出土	chu:tu	v.	ausgegraben werden
瘦身	shou:shen	v.	abspecken
低廉	di:lian	adj.	minderwertig (preiswert)
国美	guo:mei	n.	Gome
销售商	xiao:shou:shang	n.	Verkäufer
反腐倡廉	fan:fu:chang:lian	n.	Antikorruptionskampagne
氛	fen	n.	Atmosphäre
交代	jiao:dai	v.	erklären
台风	tai:feng	n.	Taifun
基数	ji:shu	n.	Grundzahl
衡	heng	v.	wiegen
并存	bing:cun	v.	koexistieren
道路运输	dao:lu:yun:shu	n.	Straßentransport
苦恼	ku:nao	adj.	gequält
建站	jian:zhan	v.	webseite erstellen
陶	tao	n.	Töpferware
指甲	zhi:jia	n.	Fingernagel
成套	cheng:tao	adj.	komplett
租屋	zu:wu	n.	Mietwohnung
着眼于	zhuo:yan:yu	v.	abzielen auf
各式	ge:shi	adj.	verschiedene
姓氏	xing:shi	n.	Familienname
腾	teng	v.	sich erheben
腾	teng	v.	aufsteigen
制冷	zhi:leng	v.	kühlen
制冷	zhi:leng	n.	Kühlung
抵御	di:yu	v.	abwehren
开放式	kai:fang:shi	adj.	offen
购	gou	v.	kaufen
备忘录	bei:wang:lu	n.	Vermerk
最先	zui:xian	adv.	zuerst
厂长	chang:zhang	n.	Werksleiter
亲友	qin:you	n.	Verwandte und Freunde
昆山	kun:shan	n.	Kunshan
检修	jian:xiu	v.	überholen
轨迹	gui:ji	n.	Trajektorie
澄清	cheng:qing	v.	klären
澄清	cheng:qing	v.	sich klären
念佛	nian:fo	v.	Buddhas Namen rezentar
这回	zhe:hui	pron.	dieses Mal
检察机关	jian:cha:ji:guan	n.	Staatsanwaltschaft
接纳	jie:na	v.	annehmen
瞄准	miao:zhun	v.	zielen
公务	gong:wu	n.	amtliche Geschäfte
听听	ting:ting	v.	un peu zuhören
火热	huo:re	adj.	glühend
张扬	zhang:yang	adj.	auffällig
老乡	lao:xiang	n.	Landsmann
子孙	zi:sun	n.	Nachkommen
手掌	shou:zhang	n.	Handfläche
汪	wang	onom.	wau
高技术	gao:ji:shu	n.	Hightech
全能	quan:neng	adj.	allmächtig
工具栏	gong:ju:lan	n.	Symbolleiste
二层	er:ceng	n.	zweiter Stock
展厅	zhan:ting	n.	Ausstellungshalle
非常感谢	fei:chang:gan:xie	v.	vielen Dank
明朝	ming:chao	n.	Ming-Dynastie
那次	na:ci	pron.	dieses Mal
打败	da:bai	v.	besiegen
少儿	shao:er	n.	Kinder
颁奖	ban:jiang	v.	Preise verleihen
新年快乐	xin:nian:kuai:le	adj.	frohes neues Jahr
衬衫	chen:shan	n.	Hemd
僵	jiang	adj.	steif
冻结	dong:jie	v.	einfrieren
冻结	dong:jie	v.	sperren
弊端	bi:duan	n.	Missstand
海底	hai:di	n.	Meeresboden
载明	zai:ming	v.	angeben
亮丽	liang:li	adj.	glänzend
小猪	xiao:zhu	n.	Ferkel
祖先	zu:xian	n.	Vorfahr
另一方	ling:yi:fang	n.	die andere Seite
总和	zong:he	n.	Summe
福田	fu:tian	n.	Fukuda
计价	ji:jia	v.	preisen
规避	gui:bi	v.	umgehen
断裂	duan:lie	v.	bruchgehen
断裂	duan:lie	n.	Bruch
心理咨询	xin:li:zi:xun	n.	Psychologische Beratung
展馆	zhan:guan	n.	d Ausstellungshalle
展馆	zhan:guan	n.	Ausstellungshalle
第三者	di:san:zhe	n.	dritte Person
弹簧	tan:huang	n.	Feder
网上购物	wang:shang:gou:wu	n.	Onlineshopping
人才招聘	ren:cai:zhao:pin	n.	Personalrekrutierung
金奖	jin:jiang	n.	Goldpreis
前几天	qian:ji:tian	n.	die letzten Tage
忧郁	you:yu	adj.	melancholisch
享用	xiang:yong	v.	genießen
工作岗位	gong:zuo:gang:wei	n.	Arbeitsplatz
摄影师	she:ying:shi	n.	Fotograf
底下	di:xia	n.	unten
女方	nv:fang	n.	Seite der Frau
电视节目	dian:shi:jie:mu	n.	Fernsehsendung
经验丰富	jing:yan:feng:fu	adj.	erfahren
参考价	can:kao:jia	n.	Referenzpreis
方向盘	fang:xiang:pan	n.	Lenkrad
建构	jian:gou	v.	konstruieren
一派	yi:pai	n.	Schule
一派	yi:pai	adv.	ganz
起源	qi:yuan	n.	Ursprung
起源	qi:yuan	v.	entspringen
隐蔽	yin:bi	adj.	verborgen
疗	liao	v.	behandeln
哪一个	na:yi:ge	pron.	welcher
新兵	xin:bing	n.	Rekrut
骨折	gu:zhe	n.	Bruch
粒子	li:zi	n.	Teilchen
招考	zhao:kao	v.	durch Prüfung aufnehmen
筹建	chou:jian	v.	den Bau vorbereiten
脑子	nao:zi	n.	Gehirn
热带	re:dai	n.	Tropen
兵力	bing:li	n.	Truppenstärke
管理器	guan:li:qi	n.	Manager
疲惫	pi:bei	adj.	erschöpft
连线	lian:xian	v.	verbinden
放射性	fang:she:xing	n.	Radioaktividad
三点	san:dian	n.	drei Uhr
三点	san:dian	num.	drei
使用说明	shi:yong:shuo:ming	n.	Gebrauchsanweisung
重要因素	zhong:yao:yin:su	n.	wichtiger Faktor
银行存款	yin:hang:cun:kuan	n.	Bankguthaben
研究者	yan:jiu:zhe	n.	Forscher
慈善	ci:shan	adj.	wohltätig
唐朝	tang:chao	n.	Tang-Dynastie
音像制品	yin:xiang:zhi:pin	n.	audiovisuelles Erzeugnis
妃	fei	n.	Konkubine
罚	fa	v.	bestrafen
李白	li:bai	n.	Li Bai
涂层	tu:ceng	n.	Beschichtung
交通部	jiao:tong:bu	n.	Verkehrsministerium
想来	xiang:lai	adv.	wohl
国药准字	guo:yao:zhun:zi	n.	genehmigte Medikamentennummer
收看	shou:kan	v.	fernsehen
洋葱	yang:cong	n.	Zwiebel
调配	diao:pei	v.	zuteilen
调配	tiao:pei	v.	mischen
相等	xiang:deng	adj.	gleich
刘德华	liu:de:hua	n.	Andy Lau
请进	qing:jin	v.	herein, bitte
授权委托书	shou:quan:wei:tuo:shu	n.	Vollmacht
存储器	cun:chu:qi	n.	Speicher
立案	li:an	v.	Anklage erheben
首创	shou:chuang	v.	als Erster schaffen
过年	guo:nian	v.	Neujahr feiern
本事	ben:shi	n.	Können
做大	zuo:da	v.	größer machen
免税	mian:shui	v.	steuerfrei stellen
老爷	lao:ye	n.	Herr
音量	yin:liang	n.	Lautstärke
心脏病	xin:zang:bing	n.	Herzkrankheit
中和	zhong:he	v.	neutralisieren
本刊	ben:kan	n.	diese Zeitschrift
开花	kai:hua	v.	blühen
农资	nong:zi	n.	Agrarbedarf
血型	xie:xing	n.	Blutgruppe
血型	xue:xing	n.	Blutgruppe
肉类	rou:lei	n.	Fleisch
二月	er:yue	n.	Februar
行政诉讼	xing:zheng:su:song	n.	Verwaltungsrechtstreit
讲课	jiang:ke	v.	eine Vorlesung halten
棋	qi	n.	Schach
定性	ding:xing	v.	charakterisieren
几千	ji:qian	num.	mehrere Tausend
不惜	bu:xi	v.	nicht zögern zu
缝	feng	v.	nähen
美颜	mei:yan	n.	Schönheitsfilter
完工	wan:gong	v.	fertiggestellt sein
尽头	jin:tou	n.	Ende
有名	you:ming	adj.	berühmt
专业课	zhuan:ye:ke	n.	Fachkurs
旅途	lv:tu	n.	Reise
拥挤	yong:ji	adj.	überfüllt
自学考试	zi:xue:kao:shi	n.	Fernprüfung
相传	xiang:chuan	adv.	angeblich
相传	xiang:chuan	v.	weitergeben
有机结合	you:ji:jie:he	n.	organische Verbindung
收发	shou:fa	v.	senden und empfangen
震惊	zhen:jing	v.	schockieren
三千	san:qian	num.	3000
不久前	bu:jiu:qian	adv.	vor kurzem
发泄	fa:xie	v.	abbreagieren
观音	guan:yin	n.	Guanyin
菊花	ju:hua	n.	Chrysantheme
同行业	tong:hang:ye	n.	gleiche Branche
周二	zhou:er	n.	Dienstag
脉冲	mai:chong	n.	Impuls
巨人	ju:ren	n.	Riese
收音机	shou:yin:ji	n.	Radio
路程	lu:cheng	n.	Strecke
温家宝	wen:jia:bao	n.	Wen Jiabao
立体声	li:ti:sheng	n.	Stereo
商圈	shang:quan	n.	Geschäftsviertel
确切	que:qie	adj.	präzise
有关情况	you:guan:qing:kuang	n.	betreffende Sachlage
味精	wei:jing	n.	Geschmacksverstärker
粉碎	fen:sui	v.	zerbrechen
粉碎	fen:sui	v.	zerschmettern
看点	kan:dian	n.	Highlight
廉政	lian:zheng	n.	saubere Verwaltung
罚金	fa:jin	n.	Geldstrafe
社交	she:jiao	n.	Sozialkontakte
社交	she:jiao	v.	verkehren
引来	yin:lai	v.	anziehen
筹资	chou:zi	v.	Kapital beschaffen
动向	dong:xiang	n.	Entwicklung
顶尖	ding:jian	adj.	spitzenmäßig
流星	liu:xing	n.	Sternschnuppe
协定	xie:ding	n.	Abkommen
咨询热线	zi:xun:re:xian	n.	Telefonberatung
期盼	qi:pan	v.	erhoffen
中介服务	zhong:jie:fu:wu	n.	Vermittlungsdienst
不平衡	bu:ping:heng	adj.	unausgeglichen
体温	ti:wen	n.	Körpertemperatur
经济学家	jing:ji:xue:jia	n.	Wirtschaftswissenschaftler
职业生涯	zhi:ye:sheng:ya	n.	Karriere
诉求	su:qiu	n.	Forderung
几张	ji:zhang	num.	wie viele (Blatt)
国资委	guo:zi:wei	n.	Kommission für Staatsvermögen
中秋	zhong:qiu	n.	Mondfest
毕业论文	bi:ye:lun:wen	n.	Abschlussarbeit
送来	song:lai	v.	bringen
折旧	zhe:jiu	n.	Abschreibung
第三十五条	di:san:shi:wu:tiao	n.	Artikel 35
躯	qu	n.	Körper
交替	jiao:ti	v.	abwechseln
山下	shan:xia	n.	am Berge
泛	fan	v.	generell
移动通信	yi:dong:tong:xin	n.	mobile Kommunikation
楼房	lou:fang	n.	Gebäude
土地增值税	tu:di:zeng:zhi:shui	n.	Bodenwertzuwachssteuer
希特勒	xi:te:le	n.	Hitler
去过	qu:guo	v.	gewesen sein
发展前景	fa:zhan:qian:jing	n.	Entwicklungsaussichten
在线支付	zai:xian:zhi:fu	n.	Online-Zahlung
愁	chou	v.	sorgen
净值	jing:zhi	n.	Nettowert
齿轮	chi:lun	n.	Zahnrad
什么地方	shen:me:di:fang	pron.	welcher Ort
坚固	jian:gu	adj.	fest
没有办法	mei:you:ban:fa	v.	keine Möglichkeit haben
慰问	wei:wen	v.	trösten
新陈代谢	xin:chen:dai:xie	n.	Stoffwechsel
莫斯科	mo:si:ke	n.	Moskú
硬度	ying:du	n.	Härte
用语	yong:yu	n.	Ausdruck
品德	pin:de	n.	Sittlichkeit
平均水平	ping:jun:shui:ping	n.	Durchschnittsniveau
编剧	bian:ju	n.	Drehbuchautor
采纳	cai:na	v.	übernehmen
购车	gou:che	v.	ein Auto kaufen
导出	dao:chu	v.	exportieren
港币	gang:bi	n.	Hongkong-Dollar
真爱	zhen:ai	n.	wahre Liebe
排污	pai:wu	v.	Schadstoffe einleiten
肯定的	ken:ding:de	adj.	bestimmt
新问题	xin:wen:ti	n.	neues Problem
企业形象	qi:ye:xing:xiang	n.	Unternehmensimage
搜	sou	v.	suchen
大笑	da:xiao	v.	laut lachen
人生观	ren:sheng:guan	n.	Lebensauffassung
毫无疑问	hao:wu:yi:wen	adv.	zweifellos
投保人	tou:bao:ren	n.	Versicherungsnehmer
慈	ci	adj.	gütig
肥	fei	adj.	fett
屌	diao	n.	Schwanz
深厚的	shen:hou:de	adj.	tief
掩盖	yan:gai	v.	verdecken
源自	yuan:zi	v.	stammen von
并发症	bing:fa:zheng	n.	Komplikation
远的	yuan:de	adj.	fern
静脉	jing:mai	n.	Vene
名次	ming:ci	n.	Platzierung
勘察	kan:cha	v.	erkunden
词典	ci:dian	n.	Wörterbuch
极强	ji:qiang	adj.	äußerst stark
自我介绍	zi:wo:jie:shao	n.	Selbstvorstellung
富人	fu:ren	n.	Reicher
仪器仪表	yi:qi:yi:biao	n.	Messinstrumente
恐龙	kong:long	n.	Dinosaurier
原版	yuan:ban	n.	Originalausgabe
交警	jiao:jing	n.	Verkehrspolizei
资质证书	zi:zhi:zheng:shu	n.	Qualifikationszertifikat
超纲	chao:gang	v.	über den Lehrplan hinausgehen
历年	li:nian	adv.	über die Jahre
教育机构	jiao:yu:ji:gou	n.	Bildungseinrichtung
良种	liang:zhong	n.	Saatsorte
良种	liang:zhong	n.	edle Rasse
资格证	zi:ge:zheng	n.	Qualifikationsnachweis
网页设计	wang:ye:she:ji	n.	Webdesign
兵器	bing:qi	n.	Waffe
科研机构	ke:yan:ji:gou	n.	Forschungseinrichtung
赞赏	zan:shang	v.	würdigen
赞赏	zan:shang	n.	Würdigung
抗战	kang:zhan	n.	Widerstandskrieg
产后	chan:hou	adj.	postpartum
教导	jiao:dao	v.	lehren
教导	jiao:dao	n.	Belehrung
入党	ru:dang	v.	in die Partei eintreten
几亿	ji:yi	num.	mehrere Hundert Millionen
计算器	ji:suan:qi	n.	Taschenrechner
静静的	jing:jing:de	adj.	ruhig
开户行	kai:hu:hang	n.	Kontobank
笼	long	n.	Käfig
芳香	fang:xiang	n.	Duft
芳香	fang:xiang	adj.	duftend
总机	zong:ji	n.	vermittelnde Zentrale
医用	yi:yong	adj.	medizinisch
一季度	yi:ji:du	n.	erstes Quartal
残酷	can:ku	adj.	grausam
预言	yu:yan	v.	vorhersagen
其他国家	qi:ta:guo:jia	n.	anderen Ländern
最容易	zui:rong:yi	adj.	am einfachsten
优于	you:yu	v.	besser als
无帮无派	wu:bang:wu:pai	adj.	ohne Clique
申购	shen:gou	v.	zeichnen
广大人民	guang:da:ren:min	n.	breite Bevölkerung
后退	hou:tui	v.	zurücktreten
缓冲	huan:chong	v.	abpuffern
谓之	wei:zhi	v.	man nennt
村镇	cun:zhen	n.	Dörfer und Kleinstädte
背影	bei:ying	n.	Rückenansicht
可能出现	ke:neng:chu:xian	v.	möglicherweise auftreten
篮	lan	n.	Korb
禁忌	jin:ji	n.	Tabú
市场经济体制	shi:chang:jing:ji:ti:zhi	n.	Marktwirtschaftssystem
护肤	hu:fu	v.	Hautpflege
俱	ju	adv.	samt
外围	wai:wei	n.	Peripherie
暂行规定	zan:xing:gui:ding	n.	vorläufige Bestimmung
缺少的	que:shao:de	adj.	mangelnd
学制	xue:zhi	n.	Schulsystem
废除	fei:chu	v.	abschaffen
照样	zhao:yang	adv.	wie immer
娃哈哈	wa:ha:ha	n.	Wahaha
不舒服	bu:shu:fu	adj.	unwohl
媳妇	xi:fu	n.	Frau (Ehefrau)
供需	gong:xu	n.	Angebot und Nachfrage
直接影响	zhi:jie:ying:xiang	n.	direkter Einfluss
辛苦了	xin:ku:le	int.	Danke für die Mühe
声响	sheng:xiang	n.	Geräusch
不忘	bu:wang	v.	nicht vergessen
漂流	piao:liu	v.	trieben
理工	li:gong	n.	Naturwissenschaft und Technik
医疗服务	yi:liao:fu:wu	n.	Gesundheitsdienst
旅程	lv:cheng	n.	Reise
耶稣	ye:su	n.	Jesus
基础性	ji:chu:xing	n.	Grundlegung
通讯员	tong:xun:yuan	n.	Korrespondent
资产阶级	zi:chan:jie:ji	n.	Bourgeoisie
惟	wei	conj.	nur
费率	fei:lv	n.	Tarif
支架	zhi:jia	n.	Halterung
堵塞	du:se	v.	blockieren
三方	san:fang	n.	drei Parteien
出游	chu:you	v.	ausgehen
登入	deng:ru	v.	sich anmelden
智子	zhi:zi	n.	Satoko
富豪	fu:hao	n.	Reicher
自尊	zi:zun	n.	Selbstachtung
捋清	lv:qing	v.	ordnen
固有	gu:you	adj.	inhärent
汇编	hui:bian	n.	Kompilation
应试	ying:shi	v.	eine Prüfung ablegen
奥地利	ao:di:li	n.	Österreich
随手	sui:shou	adv.	nebenbei
调剂	tiao:ji	v.	regulieren
风流	feng:liu	adj.	schmissig
酒局	jiu:ju	n.	Trinkgelage
专员	zhuan:yuan	n.	Kommissar
帝王	di:wang	n.	Kaiser
车门	che:men	n.	de Autotür
实例化	shi:li:hua	v.	instanziar
逼真	bi:zhen	adj.	realitätsnah
太好了	tai:hao:le	int.	Wunderbar
统考	tong:kao	n.	einheitliche Prüfung
截图	jie:tu	n.	Bildschirmfoto
标准配置	biao:zhun:pei:zhi	n.	Standardausstattung
递归	di:gui	n.	Rekursion
兽医	shou:yi	n.	Tierarzt
而今	er:jin	adv.	heutzutage
柜	gui	n.	Schrank
上路	shang:lu	v.	sich auf den Weg machen
文件格式	wen:jian:ge:shi	n.	Dateiformat
迷信	mi:xin	n.	Aberglaube
福彩	fu:cai	n.	Wohltätigkeitslotterie
拿下	na:xia	v.	erobern
产出	chan:chu	n.	Produktion
急于	ji:yu	v.	ersehnt dringend sein
收益率	shou:yi:lv	n.	rendite
长效机制	chang:xiao:ji:zhi	n.	langfristiger Mechanismus
新生儿	xin:sheng:er	n.	Neugeborenes
今生	jin:sheng	n.	dieses Leben
死去	si:qu	v.	sterben
骑行	qi:xing	v.	Radfahren
落叶	luo:ye	n.	Laubblatt
落叶	luo:ye	v.	Laub abwerfen
始建于	shi:jian:yu	v.	errichtet in
文人	wen:ren	n.	Literat
做梦	zuo:meng	v.	träumen
无声	wu:sheng	adj.	stumm
迷人	mi:ren	adj.	bezaubernd
几年来	ji:nian:lai	adv.	seit einigen Jahren
交费	jiao:fei	v.	Gebühren zahlen
手腕	shou:wan	n.	Handgelenk
手腕	shou:wan	n.	Handelschrift
他们说	ta:men:shuo	v.	sie sagen
快捷键	kuai:jie:jian	n.	Tastenkombination
信息资源	xin:xi:zi:yuan	n.	Informationsressourcen
酒楼	jiu:lou	n.	chinesisches Restaurant
淹	yan	v.	ertrinken
淹	yan	v.	überfluten
抗菌	kang:jun	adj.	antibakteriell
胡萝卜	hu:luo:bo	n.	Karotte
包容	bao:rong	v.	tolerieren
包容	bao:rong	adj.	tolerant
忠心	zhong:xin	n.	Loyalität
国籍	guo:ji	n.	Staatsangehörigkeit
民法	min:fa	n.	Zivilrecht
甚至连	shen:zhi:lian	conj.	sogar
有较大	you:jiao:da	v.	relativ groß sein
诸葛亮	zhu:ge:liang	n.	Zhuge Liang
客户服务中心	ke:hu:fu:wu:zhong:xin	n.	Kundenservicezentrum
迷惑	mi:huo	v.	verwirren
迷惑	mi:huo	adj.	verwirrt
与中华	yu:zhong:hua	prep.	mit China
问问	wen:wen	v.	fragen
高分	gao:fen	n.	hohe Punktzahl
要做到	yao:zuo:dao	v.	erreichen
你才	ni:cai	pron.	du
知识点	zhi:shi:dian	n.	Wissenspunkt
就算是	jiu:suan:shi	v.	collapse
捉	zhuo	v.	fangen
环绕	huan:rao	v.	umgeben
快要	kuai:yao	adv.	beinahe
落到实处	luo:dao:shi:chu	v.	umgesetzt werden
第三产业	di:san:chan:ye	n.	tertiärer Sektor
社会生活	she:hui:sheng:huo	n.	Soziales Leben
转换为	zhuan:huan:wei	v.	umwandeln in
特区	te:qu	n.	Sonderzone
配备了	pei:bei:le	v.	ausgestattet sein
质量控制	zhi:liang:kong:zhi	n.	Qualitätskontrolle
蜘蛛	zhi:zhu	n.	Spinne
削弱	xue:ruo	v.	schwächen
既能	ji:neng	v.	sowohl können
分歧	fen:qi	n.	Meinungsverschiedenheit
产品开发	chan:pin:kai:fa	n.	Produktentwicklung
同类产品	tong:lei:chan:pin	n.	gleichartiges Produkt
讯息	xun:xi	n.	Nachricht
过户	guo:hu	v.	Grundbucheintragung übertragen
人民医院	ren:min:yi:yuan	n.	Volkskrankenhaus
毒素	du:su	n.	Toxin
标本	biao:ben	n.	Präparat
标本	biao:ben	n.	Musterbeispiel
秘诀	mi:jue	n.	Geheimnis
旺盛	wang:sheng	adj.	üppig
好听	hao:ting	adj.	wohlklingendo
连续剧	lian:xu:ju	n.	Fernsehserie
来往	lai:wang	v.	verkehren
来往	lai:wang	n.	Verkehr
好久	hao:jiu	adv.	lange
清香	qing:xiang	n.	duftender Wohlgeruch
山地	shan:di	n.	Gebirgsland
几下	ji:xia	num.	einige Male
悬	xuan	adj.	schwebend
悬	xuan	adj.	ungelöst
教科书	jiao:ke:shu	n.	de Lehrbuch
预留	yu:liu	v.	rückstellen
萎缩	wei:suo	v.	schrumpfen
交易日	jiao:yi:ri	n.	Handelstag
贫穷	pin:qiong	adj.	arm
推崇	tui:chong	v.	schätzen
网上报名	wang:shang:bao:ming	v.	sich online anmelden
口水	kou:shui	n.	Speichel
万亿	wan:yi	num.	Billion
施加	shi:jia	v.	anwenden
研究报告	yan:jiu:bao:gao	n.	Forschungsbericht
别忘了	bie:wang:le	v.	vergiss nicht
解开	jie:kai	v.	losmachen
看重	kan:zhong	v.	gewichten
专业人才	zhuan:ye:ren:cai	n.	Fachkraft
迷茫	mi:mang	adj.	ratlos
动静	dong:jing	n.	Bewegung
动静	dong:jing	n.	Anzeichen
霍	huo	n.	Huo
一架	yi:jia	mw.	(ein Flugzeug)
科研成果	ke:yan:cheng:guo	n.	Forschungsergebnis
光华	guang:hua	n.	Glanz
基本知识	ji:ben:zhi:shi	n.	Grundwissen
恰恰	qia:qia	adv.	genauso
前卫	qian:wei	n.	Avantgarde
前卫	qian:wei	adj.	avantgardistisch
湿润	shi:run	adj.	feucht
第四届	di:si:jie	num.	4. Veranstaltung
估值	gu:zhi	n.	Bewertung
所指	suo:zhi	n.	Bezeichnetes
日韩	ri:han	n.	Japan und Korea
全面提高	quan:mian:ti:gao	v.	umfassend steigern
试用期	shi:yong:qi	n.	Probezeit
毒性	du:xing	n.	Toxizität
泄	xie	v.	entweichen
自称	zi:cheng	v.	sich nennen
报告错误	bao:gao:cuo:wu	v.	Fehler melden
久久	jiu:jiu	adv.	lange
欢	huan	adj.	fröhlich
哈哈哈	ha:ha:ha	onom.	ha ha
胜任	sheng:ren	v.	gewachsen sein
紫外线	zi:wai:xian	n.	Ultraviolett
党建	dang:jian	n.	Parteiaufbau
问答	wen:da	n.	Fragen und Antworten
最热	zui:re	adj.	am heißesten
软盘	ruan:pan	n.	Diskette
网球	wang:qiu	n.	Tennis
开玩笑	kai:wan:xiao	v.	Scherze machen
拨号	bo:hao	v.	wählen
赶来	gan:lai	v.	herbeieilen
人民日报	ren:min:ri:bao	n.	Volkszeitung
新房	xin:fang	n.	neue Wohnung
残忍	can:ren	adj.	grausam
全长	quan:chang	n.	Gesamtlänge
人气指数	ren:qi:zhi:shu	n.	Beliebtheitsindex
相近	xiang:jin	adj.	ähnlich
咽	yan	v.	schlucken
齿	chi	n.	Zahn
点击率	dian:ji:lv	n.	Klickrate
普通高校	pu:tong:gao:xiao	n.	reguläre Hochschule
尽早	jin:zao	adv.	möglichst früh
开学	kai:xue	v.	Schulbeginn
共产主义	gong:chan:zhu:yi	n.	Kommunismus
分化	fen:hua	v.	sich differenzieren
显存	xian:cun	n.	Videospeicher
那一天	na:yi:tian	n.	jener Tag
车程	che:cheng	n.	Fahrzeit
辩论	bian:lun	n.	Debatte
键位	jian:wei	n.	Tastenposition
秒	miao	mw.	Sekunde
指明	zhi:ming	v.	klar angeben
不全	bu:quan	adj.	unvollständig
一分钟	yi:fen:zhong	mw.	eine Minute
逐一	zhu:yi	adv.	einzeln
迫切	po:qie	adj.	dringlich
支付方式	zhi:fu:fang:shi	n.	Zahlungsmethode
发言人	fa:yan:ren	n.	Sprecher
人力资源部	ren:li:zi:yuan:bu	n.	Personalabteilung
陌生人	mo:sheng:ren	n.	Fremder
日常工作	ri:chang:gong:zuo	n.	tägliche Arbeit
需要注意	xu:yao:zhu:yi	v.	Aufmerksamkeit brauchen
一次次	yi:ci:ci	adv.	immer wieder
南昌市	nan:chang:shi	n.	Nanchang
普法	pu:fa	n.	Rechtsaufklärung
教研	jiao:yan	n.	Lehrforschung
专项整治	zhuan:xiang:zheng:zhi	n.	Sonderbereinigung
传真号码	chuan:zhen:hao:ma	n.	Faxnummer
货架	huo:jia	n.	Verkaufsregal
帮派	bang:pai	n.	Bande
香菇	xiang:gu	n.	Shiitake
条约	tiao:yue	n.	Vertrag
投资人	tou:zi:ren	n.	Investor
税务局	shui:wu:ju	n.	Steueramt
假的	jia:de	adj.	falsch
书房	shu:fang	n.	Arbeitszimmer
国家税务总局	guo:jia:shui:wu:zong:ju	n.	Steuerverwaltung des Staates
晚报	wan:bao	n.	Abendzeitung
大理石	da:li:shi	n.	Marmor
吉利	ji:li	adj.	glückverheißend
忙着	mang:zhe	adj.	beschäftigt
纠缠	jiu:chan	v.	behelligen
超人	chao:ren	n.	Superman
画眉鸟	hua:mei:niao	n.	Singdrossel
壮观	zhuang:guan	adj.	spektakulär
生物学	sheng:wu:xue	n.	Biologie
电大	dian:da	n.	Fernuniversität
海滩	hai:tan	n.	Strand
聚合	ju:he	v.	polymerisieren
岛屿	dao:yu	n.	Inseln
救济	jiu:ji	v.	helfen
这般	zhe:ban	adv.	so
侵略	qin:lve	n.	Aggression
明日	ming:ri	n.	Morgen
盗窃	dao:qie	v.	stehlen
哥们	ge:men	n.	Kumpel
有的是	you:de:shi	v.	im Überfluss haben
包围	bao:wei	v.	einschließen
就诊	jiu:zhen	v.	in ärztliche Behandlung gehen
投资环境	tou:zi:huan:jing	n.	Investitionsklima
纪念馆	ji:nian:guan	n.	Gedenkhalle
深加工	shen:jia:gong	n.	tiefe Verarbeitung
勤	qin	adj.	feißig
核心技术	he:xin:ji:shu	n.	Kerntechnologie
科学性	ke:xue:xing	n.	Wissenschaftlichkeit
领会	ling:hui	v.	verstehen
极少	ji:shao	adv.	sehr selten
诚聘	cheng:pin	v.	aufrichtig einstellen
秒钟	miao:zhong	n.	Sekunde
三年级	san:nian:ji	n.	dritte Klasse
闲置	xian:zhi	v.	brachliegen
想念	xiang:nian	v.	vermissen
胆固醇	dan:gu:chun	n.	Cholesterin
合一	he:yi	n.	Einheit
走私	zou:si	v.	schmuggeln
辨别	bian:bie	v.	unterscheiden
倾向于	qing:xiang:yu	v.	neigen zu
扩	kuo	v.	erweitern
撞击	zhuang:ji	v.	prallen
眼部	yan:bu	n.	Augenpartie
屏	ping	n.	Bildschirm
消极	xiao:ji	adj.	negativ
促销活动	cu:xiao:huo:dong	n.	Verkaufsförderung
兑换	dui:huan	v.	umtauschen
对称	dui:chen	adj.	symmetrisch
奥林匹克	ao:lin:pi:ke	n.	Olympia
记账	ji:zhang	v.	Buch führen
野外	ye:wai	n.	Freien
滤镜	lv:jing	n.	Filter
生产成本	sheng:chan:cheng:ben	n.	Produktionskosten
帝国主义	di:guo:zhu:yi	n.	Imperialismus
看病	kan:bing	v.	zum Arzt gehen
霜	shuang	n.	Frost
城墙	cheng:qiang	n.	Stadtmauer
第三十六条	di:san:shi:liu:tiao	num.	Artikel 36
领略	ling:lve	v.	durchleben
体贴	ti:tie	adj.	rücksichtsvoll
骑兵	qi:bing	n.	Kavallerie
指纹	zhi:wen	n.	Fingerabdruck
超大	chao:da	adj.	riesig
键入	jian:ru	v.	eingeben
任期	ren:qi	n.	Amtszeit
一侧	yi:ce	n.	eine Seite
妇联	fu:lian	n.	Frauenbund
施肥	shi:fei	v.	düngen
恰当	qia:dang	adj.	angemessen
特大	te:da	adj.	besonders groß
人称	ren:cheng	n.	Person
昆明市	kun:ming:shi	n.	Kunming
做生意	zuo:sheng:yi	v.	Geschäft machen
考试时间	kao:shi:shi:jian	n.	Prüfungszeit
促成	cu:cheng	v.	fördern
驾车	jia:che	v.	fahren
求真务实	qiu:zhen:wu:shi	adj.	praxisorientiert
身躯	shen:qu	n.	Körper
复发	fu:fa	v.	wiederauftreten
名校	ming:xiao	n.	Eliteschule
工作任务	gong:zuo:ren:wu	n.	Arbeitsaufgabe
亲手	qin:shou	adv.	persönlich
笑笑	xiao:xiao	v.	etwas lächeln
奔跑	ben:pao	v.	rennen
袍	pao	n.	Gewand
考试大纲	kao:shi:da:gang	n.	Prüfungsplan
被盗	bei:dao	v.	gestohlen werden
婚纱	hun:sha	n.	Brautkleid
马克	ma:ke	n.	Mark
东芝	dong:zhi	n.	Toshiba
插座	cha:zuo	n.	Steckdose
一大堆	yi:da:dui	n.	ein Haufen
重点项目	zhong:dian:xiang:mu	n.	Schlüsselprojekt
悄然	qiao:ran	adv.	leise
举起	ju:qi	v.	heben
未曾	wei:ceng	adv.	nie
国外软件	guo:wai:ruan:jian	n.	ausländische Software
企业集团	qi:ye:ji:tuan	n.	Unternehmensgruppe
死刑	si:xing	n.	Todesstrafe
在里面	zai:li:mian	adv.	innen
曾任	ceng:ren	v.	früher amten
捐助	juan:zhu	v.	spenden
蝶	die	n.	Schmetterling
利用率	li:yong:lv	n.	Nutzungsrate
原子	yuan:zi	n.	Atom
打包	da:bao	v.	packen
第二种	di:er:zhong	num.	die zweite Art
手机号	shou:ji:hao	n.	Handynummer
隐隐	yin:yin	adv.	undeutlich
飞快	fei:kuai	adj.	sehr schnell
中队	zhong:dui	n.	Kompanie
商标注册	shang:biao:zhu:ce	n.	Warenzeichenanmeldung
一个男人	yi:ge:nan:ren	n.	ein Mann
祭	ji	v.	opfern
省会	sheng:hui	n.	Provinzhauptstadt
生产许可证	sheng:chan:xu:ke:zheng	n.	Produktionslizenz
乒乓球	ping:pang:qiu	n.	Tischtennis
返利	fan:li	n.	Rabatt
松花	song:hua	n.	Kiefernblüte
国际机票	guo:ji:ji:piao	n.	internationales Flugticket
出发点	chu:fa:dian	n.	Ausgangspunkt
孙子	sun:zi	n.	Enkel
防静电	fang:jing:dian	adj.	antistatisch
厨	chu	n.	Küche
进食	jin:shi	v.	essen
安全技术	an:quan:ji:shu	n.	Sicherheitstechnik
连云港	lian:yun:gang	n.	Lianyungang
千方百计	qian:fang:bai:ji	adv.	mit allen Mitteln
不方便	bu:fang:bian	adj.	unbequem
上扬	shang:yang	v.	steigen
中国社会	zhong:guo:she:hui	n.	die chinesische Gesellschaft
正品	zheng:pin	n.	Originalware
神圣	shen:sheng	adj.	heilig
工程设计	gong:cheng:she:ji	n.	technische Konstruktion
亲近	qin:jin	adj.	vertraut
书签	shu:qian	n.	Lesezeichen
结界	jie:jie	n.	Barriere
胁	xie	v.	bedrohen
谅解	liang:jie	v.	einverständnisvoll verstehen
前锋	qian:feng	n.	Stürmer
农家	nong:jia	n.	Bauernhof
活跃度	huo:yue:du	n.	Aktivitätsgrad
阵容	zhen:rong	n.	Aufstellung
新概念	xin:gai:nian	n.	neues Konzept
粗糙	cu:cao	adj.	rau
民办学校	min:ban:xue:xiao	n.	Privatschule
商务网	shang:wu:wang	n.	Geschäftsportal
旺季	wang:ji	n.	Hochsaison
小心翼翼	xiao:xin:yi:yi	adj.	behutsam
璃	li	n.	Glas-Fragment
卡尔	ka:er	n.	Karl
下岗	xia:gang	v.	entlassen werden
朋	peng	n.	Freund
法术	fa:shu	n.	Magie
支柱	zhi:zhu	n.	Stütze
经济管理	jing:ji:guan:li	n.	Wirtschaftsmanagement
劈	pi	v.	spalten
赚	zhuan	v.	verdienen
丛林	cong:lin	n.	Dschungel
白银	bai:yin	n.	Silber
锦	jin	n.	Brokat
支持度	zhi:chi:du	n.	Unterstützungsgrad
自豪	zi:hao	adj.	stolz
郑重	zheng:zhong	adj.	feierlich
紧接着	jin:jie:zhe	adv.	unmittelbar danach
承载	cheng:zai	v.	tragen
遗失	yi:shi	v.	verlieren
尬	ga	adj.	unangenehm
邮购	you:gou	v.	per Versand kaufen
尴	gan	adj.	verlegen
九江	jiu:jiang	n.	Jiujiang
前去	qian:qu	v.	hinfahren
便秘	bian:mi	n.	Verstopfung
年终	nian:zhong	n.	Jahresende
证明文件	zheng:ming:wen:jian	n.	Bescheinigungsdokument
树叶	shu:ye	n.	Blatt
代为	dai:wei	adv.	anstelle von
攻击力	gong:ji:li	n.	Angriffskraft
液晶电视	ye:jing:dian:shi	n.	Flüssigkristallfernseher
高级管理人员	gao:ji:guan:li:ren:yuan	n.	Führungskraft
绯闻	fei:wen	n.	Skandal
恭喜	gong:xi	v.	gratulieren
前行	qian:xing	v.	vorwärtsgehen
多用	duo:yong	v.	viel benutzen
票房	piao:fang	n.	Kinokasse
大姐	da:jie	n.	älteste Schwester
不料	bu:liao	conj.	unerwartet
伤势	shang:shi	n.	Verletzungszustand
重重	chong:chong	adj.	schichtweise
重重	zhong:zhong	adj.	vielfach
定律	ding:lv	n.	Gesetz
干部职工	gan:bu:zhi:gong	n.	Kader und Angestellte
乐于	le:yu	v.	gerne~
精神文明	jing:shen:wen:ming	n.	Geistige Zivilisation
川菜	chuan:cai	n.	Sichuan-Küche
工作情况	gong:zuo:qing:kuang	n.	Arbeitssituation
队友	dui:you	n.	Mitspieler
熙	xi	adj.	hell
曙光	shu:guang	n.	Morgenröte
个案	ge:an	n.	Einzelfall
寺	si	n.	Tempel
遥远的	yao:yuan:de	adj.	entfernt
宾客	bin:ke	n.	Gast
传销	chuan:xiao	n.	Schneeballsystem
黄金甲	huang:jin:jia	n.	goldene Rüstung
父类	fu:lei	n.	Elternklasse
夺得	duo:de	v.	erringen
精致的	jing:zhi:de	adj.	präzise
忧虑	you:lv	v.	sich sorgen
利润率	li:run:lv	n.	Gewinnspanne
攀升	pan:sheng	v.	steigen
休闲娱乐	xiu:xian:yu:le	n.	Freizeit und Unterhaltung
取得联系	qu:de:lian:xi	v.	Kontakt aufnehmen
加工厂	jia:gong:chang	n.	Verarbeitungsfabrik
保卫	bao:wei	v.	verteidigen
飞机票	fei:ji:piao	n.	Flugticket
江山	jiang:shan	n.	Reich
过量	guo:liang	adj.	übermäßig
追问	zhui:wen	v.	weiter hinterfragen
树林	shu:lin	n.	Wald
升起	sheng:qi	v.	aufsteigen
杀菌	sha:jun	v.	keimen
中长期	zhong:chang:qi	n.	mittlere und lange Frist
过剩	guo:sheng	adj.	überflüssig
进驻	jin:zhu	v.	einrücken
冷冻	leng:dong	v.	einfrieren
黑夜	hei:ye	n.	Nacht
昌	chang	adj.	blühend
国家利益	guo:jia:li:yi	n.	Staatsinteresse
土耳其	tu:er:qi	n.	Türkei
系统工程	xi:tong:gong:cheng	n.	Systemtechnik
超频	chao:pin	v.	übertakten
航母	hang:mu	n.	Flugzeugträger
编排	bian:pai	v.	anordnen
编排	bian:pai	n.	Anordnung
短时间内	duan:shi:jian:nei	n.	kurzfristig
社保	she:bao	n.	Sozialversicherung
兼职	jian:zhi	n.	Nebenjob
兼职	jian:zhi	v.	nebenberuflich arbeiten
明清	ming:qing	n.	Ming- und Qing-Zeit
人品	ren:pin	n.	Charakter
基层组织	ji:ceng:zu:zhi	n.	Basisorganisation
全国性	quan:guo:xing	adj.	landesweit
电话联系	dian:hua:lian:xi	v.	telefonisch kontaktieren
平日	ping:ri	n.	Wochentag
平日	ping:ri	adv.	gewöhnlicherweise
特许	te:xu	n.	Sondergenehmigung
特许	te:xu	v.	besonders genehmigen
站立	zhan:li	v.	stehen
总资产	zong:zi:chan	n.	Gesamtvermögen
人造	ren:zao	adj.	künstlich
早早	zao:zao	adv.	ganz früh
上传附件	shang:chuan:fu:jian	v.	Anhang hochladen
自信心	zi:xin:xin	n.	Selbstvertrauen
管理经验	guan:li:jing:yan	n.	Führungserfahrung
个人主页	ge:ren:zhu:ye	n.	Personalhomepage
他妈	ta:ma	n.	seine Mutter
他妈	ta:ma	int.	verdammt!
上市日期	shang:shi:ri:qi	n.	Notierungsdatum
贺	he	v.	gratulieren
心境	xin:jing	n.	Gemütszustand
截止日期	jie:zhi:ri:qi	n.	Frist
真皮	zhen:pi	n.	Echtleder
真皮	zhen:pi	n.	Dermis
新开	xin:kai	v.	neu eröffnen
复旦大学	fu:dan:da:xue	n.	Fudan-Universität
名声	ming:sheng	n.	Ruf
生前	sheng:qian	n.	zu Lebzeiten
巾	jin	n.	Tuch
非流通股	fei:liu:tong:gu	n.	nicht handelbare Aktien
育人	yu:ren	v.	Menschen erziehen
大体	da:ti	adv.	im Großen und Ganzen
大体	da:ti	n.	Grundriss
尊贵	zun:gui	adj.	ehrwürdig
长三角	chang:san:jiao	n.	Yangtze-Delta
过关	guo:guan	v.	die Prüfung bestehen
灌溉	guan:gai	v.	bewässern
杯子	bei:zi	n.	Tasse
新形势	xin:xing:shi	n.	neue Lage
涌现	yong:xian	v.	hervorkommen
信息港	xin:xi:gang	n.	Informationshafen
寺院	si:yuan	n.	Tempel
工作机制	gong:zuo:ji:zhi	n.	Arbeitsmechanismus
递增	di:zeng	v.	allmählich zunehmen
婚庆	hun:qing	n.	Hochzeitsfeier
变相	bian:xiang	adj.	in verkleinerter Form
运动会	yun:dong:hui	n.	Sportfest
增减	zeng:jian	n.	Zu- und Abnahme
创设	chuang:she	v.	egründen
发展目标	fa:zhan:mu:biao	n.	Entwicklungsziel
观摩	guan:mo	v.	besichtigen und lernen
住户	zhu:hu	n.	Haushalt
包月	bao:yue	v.	Monatsabo
卡死	ka:si	v.	einfrieren
党校	dang:xiao	n.	Parteischule
得罪	de:zui	v.	beleidigen
秦皇岛	qin:huang:dao	n.	Qinhuangdao
描	miao	v.	nachzeichnen
芙蓉	fu:rong	n.	Eibisch
芙蓉	fu:rong	n.	Lotos
内存容量	nei:cun:rong:liang	n.	Speicherkapazität
中药材	zhong:yao:cai	n.	chinesische Heilkräuter
被子	bei:zi	n.	Bettdecke
短消息	duan:xiao:xi	n.	Kurznachricht
当月	dang:yue	n.	laufender Monat
防腐	fang:fu	v.	Korrosion verhindern
防腐	fang:fu	adj.	korrosionshemmend
生活水平	sheng:huo:shui:ping	n.	Lebensstandard
第三十七条	di:san:shi:qi:tiao	n.	Artikel 37
工作报告	gong:zuo:bao:gao	n.	Tätigkeitsbericht
内饰	nei:shi	n.	INNENAUSSTATTUNG
科长	ke:zhang	n.	Abteilungsleiter
泡泡	pao:pao	n.	Seifenblase
草地	cao:di	n.	Rasen
进行调整	jin:xing:tiao:zheng	v.	anpassen
工商管理	gong:shang:guan:li	n.	Betriebswirtschaftslehre
小鱼	xiao:yu	n.	kleiner Fisch
测验	ce:yan	n.	Test
低下	di:xia	adj.	niedrig
低下	di:xia	v.	senken
市场部	shi:chang:bu	n.	Marketingabteilung
医药费	yi:yao:fei	n.	Arztkosten
嫂嫂	sao:sao	n.	Schwägerin
社会学	she:hui:xue	n.	Soziologie
搞定	gao:ding	v.	erledigen
想办法	xiang:ban:fa	v.	sich etwas einfallen lassen
组织领导	zu:zhi:ling:dao	v.	organisieren und führen
捕	bu	v.	fangen
张贴	zhang:tie	v.	aushängen
广电	guang:dian	n.	Rundfunk und Fernsehen
接收	jie:shou	v.	empfangen
段落	duan:luo	n.	Absatz
降低成本	jiang:di:cheng:ben	v.	die Kosten senken
守则	shou:ze	n.	Regeln
书面通知	shu:mian:tong:zhi	n.	schriftliche Mitteilung
第九章	di:jiu:zhang	n.	Kapitel 9
市人大	shi:ren:da	n.	städtischer Volkskongress
个人简历	ge:ren:jian:li	n.	Lebenslauf
课程改革	ke:cheng:gai:ge	n.	Lehrplanreform
病理	bing:li	n.	Pathologie
很多时候	hen:duo:shi:hou	adv.	sehr oft
针织	zhen:zhi	v.	stricken
针织	zhen:zhi	adj.	gestrickt
抗议	kang:yi	v.	protestieren
抗议	kang:yi	n.	Protest
老人家	lao:ren:jia	n.	alter Mensch
瓷器	ci:qi	n.	Porzellan
中国教育	zhong:guo:jiao:yu	n.	chinesische Bildung
地方各级	di:fang:ge:ji	n.	lokale Ebenen
万户	wan:hu	n.	10.000 Haushalte
狠抓	hen:zhua	v.	entschieden anpacken
健康成长	jian:kang:cheng:zhang	v.	gesund heranwachsen
行者	xing:zhe	n.	Wanderer
画廊	hua:lang	n.	Galerie
弄虚作假	nong:xu:zuo:jia	v.	betrügerisch handeln
工作计划	gong:zuo:ji:hua	n.	Arbeitsplan
车厢	che:xiang	n.	Waggon
有效时间	you:xiao:shi:jian	n.	gültige Zeit
战友	zhan:you	n.	Kamerad
教师资格	jiao:shi:zi:ge	n.	Lehrbefähigung
来宾	lai:bin	n.	Gast
各区	ge:qu	n.	jeder Bezirk
车轮	che:lun	n.	Rad
武昌	wu:chang	n.	Wuchang
设法	she:fa	v.	versuchen
吸附	xi:fu	v.	adsorbieren
颈部	jing:bu	n.	Hals
政策性	zheng:ce:xing	n.	Politikbezogenheit
协议书	xie:yi:shu	n.	Vereinbarung
额头	e:tou	n.	Stirn
会计报表	kuai:ji:bao:biao	n.	Jahresabschluss
传染	chuan:ran	v.	anstecken
看清	kan:qing	v.	klar erkennen
药业有限公司	yao:ye:you:xian:gong:si	n.	Pharma GmbH
迈出	mai:chu	v.	austreten
报名参加	bao:ming:can:jia	v.	sich anmelden zu
挤压	ji:ya	v.	quetschen
陈先生	chen:xian:sheng	n.	Herr Chen
海带	hai:dai	n.	Kombu
折叠	zhe:die	v.	falten
刑事	xing:shi	adj.	strafrechtelijk
朝向	chao:xiang	v.	blicken auf
年均	nian:jun	adv.	durchschnittlich pro Jahr
违纪	wei:ji	v.	Disziplin verletzen
血清	xue:qing	n.	Serum
有偿	you:chang	adj.	entgeltlich
极力	ji:li	adv.	nach Kräften
迷人的	mi:ren:de	adj.	bezaubernd
译文	yi:wen	n.	Übersetzung
陵	ling	n.	Mausoleum
新闻发布会	xin:wen:fa:bu:hui	n.	Pressekonferenz
装有	zhuang:you	v.	ausgestattet sein mit
客服中心	ke:fu:zhong:xin	n.	Kundenservicezentrum
发挥作用	fa:hui:zuo:yong	v.	eine Rolle spielen
降温	jiang:wen	v.	sich abkühlen
到会	dao:hui	v.	an der Sitzung teilnehmen
跟帖	gen:tie	n.	Kommentar
风筝	feng:zheng	n.	Drachen
服务管理	fu:wu:guan:li	n.	Service-Management
造成损失	zao:cheng:sun:shi	v.	Verluste verursachen
内含	nei:han	v.	enthalten
食欲	shi:yu	n.	Appetit
骗取	pian:qu	v.	erschleichen
身份证明	shen:fen:zheng:ming	n.	Ausweis
咳	ke	v.	husten
寻觅	xun:mi	v.	suchen
有所了解	you:suo:liao:jie	v.	etwas verstehen
权证	quan:zheng	n.	Warrant
总收入	zong:shou:ru	n.	Gesamteinkommen
辅料	fu:liao	n.	Hilfsmaterial
培训师	pei:xun:shi	n.	Trainer
奴隶	nu:li	n.	Sklave
点儿	dian:er	mw.	ein wenig
扇	shan	v.	fächeln
仍旧	reng:jiu	adv.	immer noch
下调	xia:diao	v.	senken
下调	xia:tiao	v.	senken
保鲜	bao:xian	v.	frisch halten
虹	hong	n.	Regenbogen
绵	mian	adj.	weich
登场	deng:chang	v.	auftreten
专心	zhuan:xin	adj.	aufmerksam
科技发展	ke:ji:fa:zhan	n.	technologische Entwicklung
撕	si	v.	reißen
分数线	fen:shu:xian	n.	Auswahlgrenze
农行	nong:hang	n.	Agrarbank
光亮	guang:liang	n.	Licht
光亮	guang:liang	adj.	glänzend
听起来	ting:qi:lai	v.	sich anhören
全面贯彻	quan:mian:guan:che	v.	voll umsetzen
巴基斯坦	ba:ji:si:tan	n.	Pakistan
成年人	cheng:nian:ren	n.	Erwachsener
蔡	cai	n.	Cai
划定	hua:ding	v.	abgrenzen
思索	si:suo	v.	nachdenken
高标准	gao:biao:zhun	n.	hoher Standard
人事部门	ren:shi:bu:men	n.	Personalabteilung
负面	fu:mian	adj.	negativ
加收	jia:shou	v.	zusätzlichen Aufpreis verlangen
屋子	wu:zi	n.	Zimmer
解码	jie:ma	v.	decodificar
心血	xin:xie	n.	Blut und Mühe
心血	xin:xue	n.	Einsatz
催	cui	v.	antreiben
船上	chuan:shang	n.	an Bord
企业法人	qi:ye:fa:ren	n.	juristische Person
苗木	miao:mu	n.	Setzling
演练	yan:lian	v.	üben
保险金	bao:xian:jin	n.	Versicherungsgeld
数年	shu:nian	num.	mehrere Jahre
全体员工	quan:ti:yuan:gong	n.	gesamte Belegschaft
矿物	kuang:wu	n.	Mineral
宠	chong	v.	verhätscheln
思绪	si:xu	n.	Gedankenstrom
思绪	si:xu	n.	Gedanken
教学工作	jiao:xue:gong:zuo	n.	Lehrtätigkeit
鼓舞	gu:wu	v.	beseelen
拨款	bo:kuan	v.	Mittel bewilligen
贪	tan	adj.	gierig
水流	shui:liu	n.	Wasserstrom
成才	cheng:cai	v.	jemanden heranbilden
危及	wei:ji	v.	gefährden
独一无二	du:yi:wu:er	adj.	einzigartig
主义者	zhu:yi:zhe	n.	Ist
有毒	you:du	adj.	giftig
艺术设计	yi:shu:she:ji	n.	Kunst und Design
查验	cha:yan	v.	prüfen
植被	zhi:bei	n.	Vegetation
凡事	fan:shi	n.	alles
同居	tong:ju	v.	zusammenwohnen
有关人士	you:guan:ren:shi	n.	betroffene Kreise
质量保证	zhi:liang:bao:zheng	n.	Qualitätssicherung
成像	cheng:xiang	v.	bilden imagen
调查结果	diao:cha:jie:guo	n.	Untersuchungsergebnis
综合利用	zong:he:li:yong	n.	umfassende Nutzung
修补	xiu:bu	v.	ausbessern
查杀	cha:sha	v.	erkennen und entfernen
好感	hao:gan	n.	Sympathie
辱	ru	v.	beleidigen
誓	shi	v.	schwören
死神	si:shen	n.	Mort
关键技术	guan:jian:ji:shu	n.	Schlüsseltechnologie
盒	he	mw.	Schachtel
草莓	cao:mei	n.	Erdbeere
审计机关	shen:ji:ji:guan	n.	Rechnungshof
生机	sheng:ji	n.	Lebenskraft
细细	xi:xi	adv.	sorgfältig
静电	jing:dian	n.	statische Elektrizität
房门	fang:men	n.	Zimmertür
高尚	gao:shang	adj.	edel
摸索	mo:suo	v.	tasten
麻醉	ma:zui	n.	Anästhesie
数据传输	shu:ju:chuan:shu	n.	Datenübertragung
儒家	ru:jia	n.	Konfuzianismus
字体大小	zi:ti:da:xiao	n.	Schriftgröße
五粮液	wu:liang:ye	n.	Wuliangye
居家	ju:jia	v.	zu Hause leben
格式化	ge:shi:hua	v.	formatieren
热卖价	re:mai:jia	n.	Bestseller-Preis
钱包	qian:bao	n.	Brieftasche
初学者	chu:xue:zhe	n.	Anfänger
不免	bu:mian	adv.	unweigerlich
研究室	yan:jiu:shi	n.	Forschungsraum
国税	guo:shui	n.	Nationalsteuer
切忌	qie:ji	v.	unbedingt vermeiden
寸	cun	mw.	Zoll
电瓶	dian:ping	n.	Batterie
披	pi	v.	umwerfen
卫浴	wei:yu	n.	Sanitärinstallation
信封	xin:feng	n.	Briefumschlag
芬兰	fen:lan	n.	Finnland
天性	tian:xing	n.	Naturanlage
小姑娘	xiao:gu:niang	n.	kleines Mädchen
后天	hou:tian	n.	übermorgen
后天	hou:tian	adj.	erworben
赞助商	zan:zhu:shang	n.	Sponsor
党指挥枪	dang:zhi:hui:qiang	n.	die Partei befiehlt das Gewehr
消防安全	xiao:fang:an:quan	n.	Brandschutz
心痛	xin:tong	adj.	herzschmerzend
搂	lou	v.	umarmen
饶	rao	v.	verzeihen
饶	rao	v.	schonen
通行证	tong:xing:zheng	n.	Pass
废水	fei:shui	n.	Abwasser
考官	kao:guan	n.	Prüfer
支柱产业	zhi:zhu:chan:ye	n.	Stützpfeiler-Industrie
第二年	di:er:nian	n.	das folgende Jahr
免费电影	mian:fei:dian:ying	n.	Gratisfilm
制服	zhi:fu	n.	Uniforme
制服	zhi:fu	v.	überwältigen
施展	shi:zhan	v.	entfalten
激励机制	ji:li:ji:zhi	n.	Anreizmechanismus
使劲	shi:jin	v.	Anstrengung leisten
顺畅	shun:chang	adj.	reibungslos
中成药	zhong:cheng:yao	n.	chinesisches Fertigmedikament
损耗	sun:hao	n.	Verlust
损耗	sun:hao	v.	abnutzen
汇聚	hui:ju	v.	sich versammeln
在读	zai:du	v.	immatrikuliert sein
跌	die	v.	fallen
果汁	guo:zhi	n.	Saft
傻瓜	sha:gua	n.	Dummkopf
文具	wen:ju	n.	Schreibwaren
货车	huo:che	n.	Lastwagen
散热器	san:re:qi	n.	Kühler
电磁	dian:ci	n.	Elektromagnetismus
抽样	chou:yang	v.	stichprobenartig prüfen
抽样	chou:yang	n.	Stichprobe
奖惩	jiang:cheng	n.	Belohnung und Strafe
攀登	pan:deng	v.	erklettern
伤残	shang:can	n.	Behinderung
长虹	chang:hong	n.	Changhong
晚期	wan:qi	n.	Spätstadium
波兰	bo:lan	n.	Polen
苦难	ku:nan	n.	Leid
欠	qian	v.	schulden
欣喜	xin:xi	adj.	froh
近乎	jin:hu	v.	nahekommen
彼此的	bi:ci:de	pron.	gegenseitig
尖锐	jian:rui	adj.	scharf
尖锐	jian:rui	adj.	durchdringend
理论研究	li:lun:yan:jiu	n.	theoretische Forschung
动词	dong:ci	n.	Verb
肌	ji	n.	Muskel
旅游资源	lv:you:zi:yuan	n.	Tourismusressourcen
售	shou	v.	verkaufen
背部	bei:bu	n.	Rücken
石家庄市	shi:jia:zhuang:shi	n.	Shijiazhuang
陪伴	pei:ban	v.	begleiten
公积金	gong:ji:jin	n.	Rücklage
巡	xun	v.	patrouillieren
余地	yu:di	n.	Spielraum
姐弟	jie:di	n.	Schwester und Bruder
技术力量	ji:shu:li:liang	n.	technische Kapazität
分类信息	fen:lei:xin:xi	n.	klassifizierte Informationen
大蒜	da:suan	n.	Knoblauch
行政区	xing:zheng:qu	n.	Verwaltungsregion
业务流程	ye:wu:liu:cheng	n.	Geschäftsprozess
相关链接	xiang:guan:lian:jie	n.	verwandte Links
推测	tui:ce	v.	vermuten
推测	tui:ce	n.	Vermutung
剧烈	ju:lie	adj.	heftig
首位	shou:wei	n.	erster Platz
星期日	xing:qi:ri	n.	Sonntag
第三十八条	di:san:shi:ba:tiao	num.	Artikel 38
所见	suo:jian	n.	Gesehenes
抑	yi	v.	unterdrücken
网络化	wang:luo:hua	n.	Vernetzung
颜料	yan:liao	n.	Pigment
维基	wei:ji	n.	Wiki
创新精神	chuang:xin:jing:shen	n.	Innovationsgeist
工程施工	gong:cheng:shi:gong	n.	Bauarbeiten
妓女	ji:nv	n.	Prostituierte
宫廷	gong:ting	n.	Hof (königlicher)
特殊性	te:shu:xing	n.	Besonderheit
迷失	mi:shi	v.	sich verlieren
威廉	wei:lian	n.	William
写字	xie:zi	v.	schreiben
中国特色	zhong:guo:te:se	n.	chinesische Besonderheit
纹	wen	n.	Muster
配额	pei:e	n.	Quote
特地	te:di	adv.	extra
优秀人才	you:xiu:ren:cai	n.	hervorragende Talente
留住	liu:zhu	v.	zurückhalten
诗词	shi:ci	n.	klassische Dichtung
柔	rou	adj.	weich
自然人	zi:ran:ren	n.	natürliche Person
口感	kou:gan	n.	Mundgefühl
上山	shang:shan	v.	den Berg hinaufsteigen
忌妒	ji:du	v.	beneiden
失业保险	shi:ye:bao:xian	n.	Arbeitslosenversicherung
宏	hong	adj.	groß
政策措施	zheng:ce:cuo:shi	n.	Politikmaßnahmen
组织者	zu:zhi:zhe	n.	Organisator
幼	you	adj.	jung
引人注目	yin:ren:zhu:mu	v.	die Aufmerksamkeit erregen
肤色	fu:se	n.	Hautfarbe
射精	she:jing	v.	ejakulieren
出任	chu:ren	v.	eine Position übernehmen
学士	xue:shi	n.	Bachelor
哎呀	ai:ya	int.	oh
家庭教育	jia:ting:jiao:yu	n.	Familienerziehung
萍	ping	n.	Wasserlinse
平台上	ping:tai:shang	n.	auf der Plattform
驻	zhu	v.	stationieren
会后	hui:hou	n.	nach der Sitzung
同胞	tong:bao	n.	Landsmann
计提	ji:ti	v.	Provision bilden
军区	jun:qu	n.	Militärbezirk
收据	shou:ju	n.	Quittung
亚太	ya:tai	n.	Asien-Pazifik
万分	wan:fen	adv.	äußerst
地表	di:biao	n.	Erdoberfläche
违法犯罪	wei:fa:fan:zui	n.	rechtswidrige Straftat
总价	zong:jia	n.	Gesamtpreis
足迹	zu:ji	n.	Fußspur
诈骗	zha:pian	v.	betrügen
还给	hai:gei	v.	zurückgeben
两手	liang:shou	n.	beide Hände
两手	liang:shou	n.	zwei Methoden
非公有制	fei:gong:you:zhi	n.	Nichtstaatseigentum
丛	cong	n.	Gewächs
掩饰	yan:shi	v.	beschönigen
合伙	he:huo	v.	eine Partnerschaft eingehen
对比度	dui:bi:du	n.	Kontrast
毛孔	mao:kong	n.	Pore
只怕	zhi:pa	conj.	ich fürchte
按揭贷款	an:jie:dai:kuan	n.	Hypothekendarlehen
元年	yuan:nian	n.	erstes Jahr
整理时间	zheng:li:shi:jian	n.	Ordnungszeit
正确答案	zheng:que:da:an	n.	richtige Antwort
圣经	sheng:jing	n.	Bibel
高明	gao:ming	adj.	meisterhaft
员工人数	yuan:gong:ren:shu	n.	Mitarbeiterzahl
口径	kou:jing	n.	Mündungsdurchmesser
口径	kou:jing	n.	Fassung
播	bo	v.	verbreiten
特别版	te:bie:ban	n.	Sonderausgabe
学生会	xue:sheng:hui	n.	Schülerrat
女主角	nv:zhu:jue	n.	Hauptdarstellerin
爵士	jue:shi	n.	Jazz
爵士	jue:shi	n.	Sir
火花	huo:hua	n.	Funke
基督教	ji:du:jiao	n.	Christentum
俄	e	n.	Russland
激起	ji:qi	v.	hervorrufen
托运	tuo:yun	v.	aufgeben (Gepäck)
刃	ren	n.	Klinge
单调	dan:diao	adj.	eintönig
黑人	hei:ren	n.	Schwarzer
请假	qing:jia	v.	Um Urlaub bitten
省钱	sheng:qian	v.	Geld sparen
原名	yuan:ming	n.	ursprünglicher Name
矿物质	kuang:wu:zhi	n.	Mineralstoff
少年儿童	shao:nian:er:tong	n.	Kinder und Jugendliche
招标投标	zhao:biao:tou:biao	n.	Ausschreibung
闹钟	nao:zhong	n.	Wecker
准备好	zhun:bei:hao	v.	bereit sein
违章	wei:zhang	v.	gegen Vorschriften verstoßen
缅甸	mian:dian	n.	Myanmar
处境	chu:jing	n.	Lage
风俗	feng:su	n.	Tradition
技术参数	ji:shu:can:shu	n.	technische Parameter
想说	xiang:shuo	v.	sagen wollen
所述	suo:shu	adj.	oben genannt
发烧	fa:shao	v.	Fieber haben
却无	que:wu	v.	doch nicht haben
光缆	guang:lan	n.	Glasfaserkabel
物种	wu:zhong	n.	Art
流动人口	liu:dong:ren:kou	n.	wandernde Bevölkerung
乐曲	yue:qu	n.	Musikstück
再加强	zai:jia:qiang	v.	weiter stärken
防洪	fang:hong	v.	Hochwasserschutz
袜子	wa:zi	n.	Socken
展品	zhan:pin	n.	Exponat
购物中心	gou:wu:zhong:xin	n.	Einkaufszentrum
就像是	jiu:xiang:shi	v.	sein wie
并已	bing:yi	adv.	und bereits
也难	ye:nan	adj.	auch schwierig
国内企业	guo:nei:qi:ye	n.	inländisches Unternehmen
几分钟	ji:fen:zhong	n.	einige Minuten
平整	ping:zheng	adj.	eben
向来	xiang:lai	adv.	stets
此地	ci:di	n.	dieser Ort
新时代	xin:shi:dai	n.	neue Ära
此案	ci:an	n.	dieser Fall
蕾	lei	n.	Blütenknospe
造纸	zao:zhi	v.	Papier herstellen
填入	tian:ru	v.	eintragen
握手	wo:shou	v.	die Hand schütteln
灯泡	deng:pao	n.	Glühbirne
编织	bian:zhi	v.	weben
某一个	mou:yi:ge	pron.	ein gewisser
民意	min:yi	n.	öffentliche Meinung
一路上	yi:lu:shang	v.	unterwegs
羽毛	yu:mao	n.	Feder
自觉遵守	zi:jue:zun:shou	v.	bewusst einhalten
直觉	zhi:jue	n.	Intuition
始于	shi:yu	v.	beginnen mit
阻挡	zu:dang	v.	blockieren
挨	ai	v.	erdulden
别说	bie:shuo	v.	sag nicht
合格后	he:ge:hou	adv.	nach der Qualifikation
经济损失	jing:ji:sun:shi	n.	Wirtschaftsverlust
元帅	yuan:shuai	n.	Marschall
主权	zhu:quan	n.	Souveränität
全线	quan:xian	n.	gesamte Strecke
用词	yong:ci	n.	Wortwahl
前夕	qian:xi	n.	Vorabend
海淀	hai:dian	n.	Haidian
兰花	lan:hua	n.	Orchidee
仲	zhong	n.	mittlerer
木头	mu:tou	n.	Holz
明细	ming:xi	n.	Details
迈	mai	v.	schreiten
营业额	ying:ye:e	n.	Umsatz
装卸	zhuang:xie	v.	Verladung
将此	jiang:ci	v.	dies nehmen
到场	dao:chang	v.	anwesend sein
可知	ke:zhi	v.	ersichtlich
仲裁委员会	zhong:cai:wei:yuan:hui	n.	Schiedsausschuss
少爷	shao:ye	n.	junger Herr
学习成绩	xue:xi:cheng:ji	n.	Schulleistungen
比利时	bi:li:shi	n.	Belgien
纯正	chun:zheng	adj.	rein
下山	xia:shan	v.	den Berg hinuntersteigen
入户	ru:hu	v.	Haushaltsbesuche
水量	shui:liang	n.	Wassermenge
使用费	shi:yong:fei	n.	Nutzungsgebühr
青蛙	qing:wa	n.	Frosch
试驾	shi:jia	v.	Probe fahren
发现问题	fa:xian:wen:ti	v.	Probleme entdecken
无毒	wu:du	adj.	giftfrei
做完	zuo:wan	v.	fertig machen
仇恨	chou:hen	n.	Hasst
专家们	zhuan:jia:men	n.	Fachleute
多线程	duo:xian:cheng	n.	Multithreading
开朗	kai:lang	adj.	heiter
违	wei	v.	verletzen
双脚	shuang:jiao	n.	beide Füße
无意中	wu:yi:zhong	adv.	unbeabsichtigt
磁带	ci:dai	n.	Magnetband
固定电话	gu:ding:dian:hua	n.	Festnetztelefon
罗湖区	luo:hu:qu	n.	Bezirk Luohu
吵架	chao:jia	v.	sich streiten
这几个	zhe:ji:ge	pron.	diese wenigen
订房	ding:fang	v.	ein Zimmer buchen
辩	bian	v.	diskutieren
一刀	yi:dao	n.	ein Schnitt
找回	zhao:hui	v.	wiederfinden
埃	ai	n.	Ångström
增设	zeng:she	v.	erweitern
狭窄	xia:zhai	adj.	schmal
婚姻状况	hun:yin:zhuang:kuang	n.	Familienstand
果断	guo:duan	adj.	entschlussfreudig
泛滥	fan:lan	v.	überschwemmen
对联	dui:lian	n.	Spruchpaar
怎么做	zen:me:zuo	v.	wie machen
客观的	ke:guan:de	adj.	objektiv
本色	ben:se	n.	wahre Farbe
献给	xian:gei	v.	widmen
增加值	zeng:jia:zhi	n.	Mehrwert
化合物	hua:he:wu	n.	Verbindung
自然界	zi:ran:jie	n.	Naturwelt
保洁	bao:jie	v.	reinigen
背叛	bei:pan	v.	verraten
嘲笑	chao:xiao	v.	verspotten
嘲笑	chao:xiao	n.	Hohn
高管	gao:guan	n.	Manager
写信	xie:xin	v.	einen Brief schreiben
在场	zai:chang	adj.	anwesend
一个星期	yi:ge:xing:qi	num.	eine Woche
诊治	zhen:zhi	v.	diagnostizieren und behandeln
试看	shi:kan	v.	ausprobieren
研究工作	yan:jiu:gong:zuo	n.	Forschungsarbeit
依赖于	yi:lai:yu	v.	abhängen von
举例	ju:li	v.	ein Beispiel nennen
并列	bing:lie	v.	nebeneinander stehen
发病率	fa:bing:lv	n.	Inzidenzrate
名列	ming:lie	v.	in der Liste stehen
容积	rong:ji	n.	Volumen
东风日产	dong:feng:ri:chan	n.	Dongfeng Nissan
最常	zui:chang	adv.	am häufigsten
艘	sou	mw.	Schiff (Zähleinheit)
可以帮助	ke:yi:bang:zhu	v.	helfen können
秀才	xiu:cai	n.	Gelehrter
躲避	duo:bi	v.	ausweichen, vermeiden
干嘛	gan:ma	pron.	warum, wozu
停靠站	ting:kao:zhan	n.	Haltestelle, Station
方方面面	fang:fang:mian:mian	n.	alle Aspekte
私营	si:ying	adj.	privat
知情	zhi:qing	v.	Bescheid wissen
天子	tian:zi	n.	Kaiser
婚后	hun:hou	n.	nach der Ehe
探测器	tan:ce:qi	n.	Detektor, Sonde
比分	bi:fen	n.	Spielstand, Punktzahl
踏上	ta:shang	v.	betreten, aufsteigen
琪	qi	n.	Qi (Name)
进取	jin:qu	v.	vorwärtsstrebend sein
可得	ke:de	part.	bekommen können
可得	ke:dei	v.	erhalten können
通讯录	tong:xun:lu	n.	Adressbuch
大中型	da:zhong:xing	adj.	groß und mittelgroß
默默地	mo:mo:de	adv.	still, schweigend
各家	ge:jia	n.	jede Familie
灾	zai	n.	Katastrophe
储量	chu:liang	n.	Vorrat
简约	jian:yue	adj.	schlicht
列举	lie:ju	v.	aufzählen
冒充	mao:chong	v.	sich ausgeben als
僧	seng	n.	Mönch
持平	chi:ping	v.	gleichziehen
丰满	feng:man	adj.	voll
认真落实	ren:zhen:luo:shi	v.	ernsthaft umsetzen
专场	zhuan:chang	n.	Sonderveranstaltung
渡	du	v.	überqueren
多宝	duo:bao	n.	Duobao
中国人民大学	zhong:guo:ren:min:da:xue	n.	Renmin Universität China
此为	ci:wei	conj.	dies ist
参考文献	can:kao:wen:xian	n.	Literaturverzeichnis
还记得	hai:ji:de	v.	sich erinnern
谋求	mou:qiu	v.	anstreben
相伴	xiang:ban	v.	begleiten
也成	ye:cheng	adv.	auch okay
入围	ru:wei	v.	sich qualifizieren
舍不得	she:bu:de	v.	widerwillig sein
爱国主义	ai:guo:zhu:yi	n.	Patriotismus
避孕	bi:yun	v.	Kontrazeption
支票	zhi:piao	n.	Scheck
一半	yi:ban	num.	Hälfte
下令	xia:ling	v.	befehlen
阳性	yang:xing	adj.	positiv
负面影响	fu:mian:ying:xiang	n.	negativer Einfluss
话费	hua:fei	n.	Telefongebühren
卑	bei	adj.	niedrig
安宁	an:ning	adj.	friedlich
每小时	mei:xiao:shi	num.	pro Stunde
前言	qian:yan	n.	Vorwort
设计院	she:ji:yuan	n.	Designinstitut
恰好	qia:hao	adv.	zufällig
第一届	di:yi:jie	num.	erste Sitzung
教育学	jiao:yu:xue	n.	Pädagogik
抓	zhua	v.	greifen
伴奏	ban:zou	v.	begleiten
动植物	dong:zhi:wu	n.	Flora und Fauna
面具	mian:ju	n.	Maske
爸爸妈妈	ba:ba:ma:ma	n.	Eltern
前不久	qian:bu:jiu	adv.	vor kurzem
雕	diao	v.	schnitzen
珍贵的	zhen:gui:de	adj.	kostbar
提单	ti:dan	n.	Konnossement
领悟	ling:wu	v.	verstehen, begreifen
就餐	jiu:can	v.	essen
婴幼儿	ying:you:er	n.	Säugling und Kleinkind
白的	bai:de	adj.	weiß
车手	che:shou	n.	Fahrer, Rennfahrer
鼠	shu	n.	Ratte, Maus
封锁	feng:suo	v.	blockieren, absperren
华山	hua:shan	n.	Berg Huashan
每平方米	mei:ping:fang:mi	mw.	pro Quadratmeter
遵纪守法	zun:ji:shou:fa	v.	Gesetze und Regeln befolgen
资源共享	zi:yuan:gong:xiang	n.	Ressourcenfreigabe
看一下	kan:yi:xia	v.	sich ansehen
无边	wu:bian	adj.	grenzenlos, unendlich
理论上	li:lun:shang	adv.	theoretisch
最深	zui:shen	adj.	am tiefsten
牧师	mu:shi	n.	Pfarrer, Pastor
讯	xun	n.	Nachricht, Information
工作年限	gong:zuo:nian:xian	n.	Arbeitsjahre
好像是	hao:xiang:shi	v.	scheint zu sein
揭露	jie:lu	v.	enthüllen, aufdecken
沉思	chen:si	v.	nachdenken, grübeln
组织结构	zu:zhi:jie:gou	n.	Organisationsstruktur
安全事故	an:quan:shi:gu	n.	Sicherheitsunfall
代表性	dai:biao:xing	n.	Repräsentativität
二房	er:fang	n.	Konkubine
兵团	bing:tuan	n.	Korps
常州市	chang:zhou:shi	n.	Stadt Changzhou
笑脸	xiao:lian	n.	lächelndes Gesicht
评判	ping:pan	v.	beurteilen
评判	ping:pan	n.	Urteil
全称	quan:cheng	n.	Vollname
堕落	duo:luo	v.	verkommen
堕落	duo:luo	adj.	verkommen
无公害	wu:gong:hai	adj.	umweltfreundlich
辣	la	adj.	scharf
顺应	shun:ying	v.	sich anpassen
放映	fang:ying	v.	ausstrahlen
科技园	ke:ji:yuan	n.	Technologiepark
三条	san:tiao	num.	3 Streifen
增值服务	zeng:zhi:fu:wu	n.	Mehrwertdienst
海滨	hai:bin	n.	Küstenort
狂热	kuang:re	adj.	fanatisch
狂热	kuang:re	n.	Fanatismus
女王	nv:wang	n.	Königin
该书	gai:shu	n.	dieses Buch
单曲	dan:qu	n.	Single
勃起	bo:qi	v.	Erektion
自私	zi:si	adj.	egoistisch
体育场	ti:yu:chang	n.	Stadion
相关政策	xiang:guan:zheng:ce	n.	verwandte Politiken
刷	shua	v.	bürsten
刷	shua	v.	wischen
行政审批	xing:zheng:shen:pi	n.	administrative Genehmigung
漫步	man:bu	v.	spazieren
老外	lao:wai	n.	Ausländer
牛仔裤	niu:zai:ku	n.	Jeans
山谷	shan:gu	n.	Tal
记者采访	ji:zhe:cai:fang	n.	Journalisteninterview
言行	yan:xing	n.	Worte und Taten
防控	fang:kong	v.	Prävention und Kontrolle
改革委	gai:ge:wei	n.	Reformkommission
范本	fan:ben	n.	Vorlage
治病	zhi:bing	v.	heilen
大多数人	da:duo:shu:ren	n.	die meisten Menschen
热卖	re:mai	v.	gut verkaufen
百分比	bai:fen:bi	n.	Prozentsatz
踏实	ta:shi	adj.	solide
踏实	ta:shi	v.	sich sicher fühlen
师范	shi:fan	n.	Lehrerbildungsschule
业主委员会	ye:zhu:wei:yuan:hui	n.	Eigentümerausschuss
一如既往	yi:ru:ji:wang	adv.	wie immer
高举	gao:ju	v.	hochhalten
低微	di:wei	adj.	niedrig
一碗	yi:wan	num.	eine Schale
可视	ke:shi	adj.	sichtbar
侵入	qin:ru	v.	eindringen
抱歉	bao:qian	v.	sich entschuldigen
艰	jian	adj.	schwierig
取向	qu:xiang	n.	Orientierung
十六大	shi:liu:da	n.	16. Kongress
创伤	chuang:shang	n.	Trauma
扩大了	kuo:da:le	v.	erweitern
看望	kan:wang	v.	besuchen
彰显	zhang:xian	v.	herausstellen
斥	chi	v.	tadeln
切身利益	qie:shen:li:yi	n.	persönliches interesse
时长	shi:chang	n.	Dauer
最关键	zui:guan:jian	adj.	am wichtigsten
第五届	di:wu:jie	num.	5. Sitzung
形体	xing:ti	n.	Körperform
遗漏	yi:lou	v.	auslassen
遗漏	yi:lou	n.	Auslassung
下毒	xia:du	v.	vergiften
理会	li:hui	v.	verstehen
理会	li:hui	v.	beachten
示意	shi:yi	v.	signalisieren
受害者	shou:hai:zhe	n.	Opfer
销售量	xiao:shou:liang	n.	Absatzmenge
造林	zao:lin	v.	aufforsten
革新	ge:xin	v.	innovieren
革新	ge:xin	n.	Innovation
全文检索	quan:wen:jian:suo	n.	Volltextsuche
所在区域	suo:zai:qu:yu	n.	befindlicher Bereich
裙	qun	n.	Rock
改版	gai:ban	v.	überarbeiten
新郎	xin:lang	n.	Bräutigam
碎片	sui:pian	n.	Scherbe
翠	cui	adj.	smaragdgrün
间距	jian:ju	n.	Abstand
心事	xin:shi	n.	Sorge
之二	zhi:er	num.	2 von 2
专利技术	zhuan:li:ji:shu	n.	patentierte Technologie
饱	bao	adj.	satt
饱	bao	v.	sättigen
解决办法	jie:jue:ban:fa	n.	Lösung
退税	tui:shui	n.	Steuerrückerstattung
叫人	jiao:ren	v.	jemanden (etwas) machen
流向	liu:xiang	n.	Fließrichtung
流向	liu:xiang	v.	fließen nach
净资产	jing:zi:chan	n.	Nettovermögen
千米	qian:mi	n.	kilometer
手脚	shou:jiao	n.	Gliedmaßen
手脚	shou:jiao	n.	Geschicklichkeit
水温	shui:wen	n.	Wassertemperatur
读过	du:guo	v.	gelesen haben
相见	xiang:jian	v.	sich treffen
掠	lve	v.	streifen
当面	dang:mian	adv.	persönlich
合影	he:ying	v.	ein Gruppenfoto machen
通通	tong:tong	adv.	ganz, alles
宠物资料	chong:wu:zi:liao	n.	Haustierinformationen
讽刺	feng:ci	v.	satirisieren, verspotten
讽刺	feng:ci	n.	Satire, Ironie
旧的	jiu:de	adj.	alt, gebraucht
宣传工作	xuan:chuan:gong:zuo	n.	Öffentlichkeitsarbeit
主打	zhu:da	v.	hauptsächlich machen, bewerben
人影	ren:ying	n.	menschliche Gestalt, Schatten
私下	si:xia	adv.	privat, heimlich
自然灾害	zi:ran:zai:hai	n.	Naturkatastrophe
案例分析	an:li:fen:xi	n.	Fallanalyse
询	xun	v.	anfragen, fragen
中英文	zhong:ying:wen	n.	Chinesisch und Englisch
数千	shu:qian	num.	tausende
科学化	ke:xue:hua	v.	wissenschaftlich machen
魔术	mo:shu	n.	Zauberei, Magie
勃	bo	v.	aufblühen, pulsieren
一角	yi:jiao	n.	zehn Cent
人类社会	ren:lei:she:hui	n.	menschliche gesellschaft
我军	wo:jun	n.	unsere Armee
蓄电池	xu:dian:chi	n.	Batterie
夕	xi	n.	Abend
上市时间	shang:shi:shi:jian	n.	Markteinführungszeit
不只是	bu:zhi:shi	adv.	nicht nur
密切的	mi:qie:de	adj.	engagiert
还提供	hai:ti:gong	v.	auch anbieten
起初	qi:chu	n.	anfangs
坚硬	jian:ying	adj.	hart
矮	ai	adj.	kurz, niedrig
访问次数	fang:wen:ci:shu	n.	Anzahl der Besuche
好帖	hao:tie	n.	guter Post
握住	wo:zhu	v.	greifen, halten
开封	kai:feng	n.	Kaifeng
日月	ri:yue	n.	Sonne und Mond
日月	ri:yue	n.	Tage und Monate
注册登记	zhu:ce:deng:ji	n.	Registrierung
瑶	yao	n.	kostbarer Jade
门类	men:lei	n.	Kategorie, Klasse
头疼	tou:teng	v.	Kopfschmerzen haben
防线	fang:xian	n.	Verteidigungslinie
经济实力	jing:ji:shi:li	n.	Wirtschaftskraft
照相	zhao:xiang	v.	ein Foto machen
安利	an:li	n.	Amway
注册号	zhu:ce:hao	n.	Registrierungsnummer
集群	ji:qun	n.	Cluster
传闻	chuan:wen	n.	Gerücht
传闻	chuan:wen	v.	gerüchten
按揭	an:jie	v.	auf Raten kaufen
技术改造	ji:shu:gai:zao	n.	technische Umbau
一趟	yi:tang	mw.	eine Fahrt
多发	duo:fa	v.	häufig vorkommen
院内	yuan:nei	n.	innerhalb des Krankenhauses
赐	ci	v.	verleihen
软件介绍	ruan:jian:jie:shao	n.	Software-Einführung
潍坊	wei:fang	n.	Weifang
承租人	cheng:zu:ren	n.	Mieter
捏	nie	v.	kneifen
劳动争议	lao:dong:zheng:yi	n.	Arbeitsstreit
嫁给	jia:gei	v.	heiraten
构图	gou:tu	n.	Komposition
打交道	da:jiao:dao	v.	mit jemandem zu tun haben
游玩	you:wan	v.	spielen, reisen
东城区	dong:cheng:qu	n.	Bezirk Dongcheng
京剧	jing:ju	n.	Peking-Oper
飞船	fei:chuan	n.	Raumschiff
美容院	mei:rong:yuan	n.	Schönheitssalon
各级领导	ge:ji:ling:dao	n.	Führungskräfte auf allen Ebenen
各专业	ge:zhuan:ye	n.	jede Fachrichtung
青铜	qing:tong	n.	Bronze
围着	wei:zhe	v.	umgeben, umkreisen
反垄断法	fan:long:duan:fa	n.	Antitrustgesetz
油田	you:tian	n.	Ölfeld
重要的是	zhong:yao:de:shi	conj.	wichtig ist, dass
提炼	ti:lian	v.	raffinieren, extrahieren
姚	yao	n.	Yao
不小	bu:xiao	adj.	nicht klein, groß
该行	gai:hang	n.	diese Branche, diese Bank
互补	hu:bu	v.	sich ergänzen
瑟	se	n.	Se
这个名字	zhe:ge:ming:zi	n.	dieser Name
华盛顿	hua:sheng:dun	n.	Washington
就和	jiu:he	conj.	genau mit
考试科目	kao:shi:ke:mu	n.	Prüfungsfächer
工程造价	gong:cheng:zao:jia	n.	Baukosten
白金	bai:jin	n.	Platin
超前	chao:qian	adj.	vorauslaufend, fortschrittlich
耗费	hao:fei	v.	verbrauchen, aufwenden
迎来	ying:lai	v.	begrüßen
宽阔	kuan:kuo	adj.	weit, breit
盛行	sheng:xing	v.	vorherrschen, im Umlauf sein
底线	di:xian	n.	Untergrenze, Basislinie
防晒	fang:shai	v.	Sonnenschutz
冒出	mao:chu	v.	auftauchen, hervorkommen
来人	lai:ren	n.	Besucher
勘查	kan:cha	v.	erkunden, untersuchen
山峰	shan:feng	n.	Bergspitze
反动	fan:dong	adj.	reaktionär
交接	jiao:jie	v.	übergeben
任职资格	ren:zhi:zi:ge	n.	Qualifikation
干旱	gan:han	n.	Dürre
为您服务	wei:nin:fu:wu	v.	Ihnen dienen
越野	yue:ye	v.	offroad fahren
图中	tu:zhong	n.	im Bild
申请者	shen:qing:zhe	n.	Antragsteller
放手	fang:shou	v.	loslassen
金鹰	jin:ying	n.	goldadler
感人	gan:ren	adj.	bewegend
作曲	zuo:qu	v.	komponieren
机理	ji:li	n.	Mechanismus
读写	du:xie	n.	Lesen und Schreiben
合同法	he:tong:fa	n.	Vertragsrecht
要你	yao:ni	v.	dich wollen
不失	bu:shi	v.	nicht verlieren
会做	hui:zuo	v.	wissen wie man macht
民政	min:zheng	n.	Zivilsachen
车道	che:dao	n.	Fahrspur
渴	ke	adj.	durstig
现实中	xian:shi:zhong	n.	in der Realität
完后	wan:hou	n.	nach dem Beenden
人流	ren:liu	n.	Personenstrom
铺设	pu:she	v.	verlegen
证券法	zheng:quan:fa	n.	Wertpapiergesetz
谅	liang	v.	verzeihen
鱿鱼	you:yu	n.	Kalmar
不同类型	bu:tong:lei:xing	n.	verschiedener typ
快去	kuai:qu	v.	schnell gehen
昂	ang	v.	anheben
山药	shan:yao	n.	Yam
热销	re:xiao	v.	gut verkaufen
该县	gai:xian	n.	dieser Landkreis
诊所	zhen:suo	n.	Klinik
王某	wang:mou	n.	ein gewisser Herr Wang
说出来	shuo:chu:lai	v.	aussprechen
透视	tou:shi	v.	Perspektive
已经有了	yi:jing:you:le	v.	schon haben
串	chuan	mw.	Spieß
串	chuan	n.	Kette
更重要的	geng:zhong:yao:de	adj.	wichtiger
总代理	zong:dai:li	n.	Generalagent
张力	zhang:li	n.	Spannung
宝宝的	bao:bao:de	n.	des Babys
旗下的	qi:xia:de	adj.	unter der Leitung von
部分地区	bu:fen:di:qu	n.	Teilregionen
几年前	ji:nian:qian	n.	vor einigen Jahren
宁愿	ning:yuan	v.	lieber
也还	ye:hai	adv.	auch noch
跟进	gen:jin	v.	nachverfolgen
网站首页	wang:zhan:shou:ye	n.	Startseite
议题	yi:ti	n.	Thema
国家队	guo:jia:dui	n.	Nationalmannschaft
化疗	hua:liao	n.	Chemotherapie
医保	yi:bao	n.	Krankenversicherung
急剧	ji:ju	adj.	drastisch
实施意见	shi:shi:yi:jian	n.	Umsetzungsrichtlinien
沟	gou	n.	Graben
原产地	yuan:chan:di	n.	Ursprungsort
一小时	yi:xiao:shi	num.	1 Stunde
港台	gang:tai	n.	Hongkong und Taiwan
杰出	jie:chu	adj.	herausragend
放出	fang:chu	v.	freisetzen
三包	san:bao	n.	drei Garantien
动脉	dong:mai	n.	Arterie
生活质量	sheng:huo:zhi:liang	n.	Lebensqualität
谈起	tan:qi	v.	sprechen über
咨询公司	zi:xun:gong:si	n.	Beratungsunternehmen
证监会	zheng:jian:hui	n.	Wertpapieraufsicht
分量	fen:liang	n.	Gewicht
天文	tian:wen	n.	Astronomie
司法行政	si:fa:xing:zheng	n.	Justizverwaltung
涉	she	v.	einbeziehen
总要	zong:yao	adv.	muss, müssen
疯了	feng:le	adj.	verrückt
一瞬间	yi:shun:jian	n.	Augenblick
回味	hui:wei	v.	genießen
回味	hui:wei	n.	Nachgeschmack
变异	bian:yi	v.	mutieren
变异	bian:yi	n.	Mutation
箱子	xiang:zi	n.	Kiste
笔录	bi:lu	n.	Protokoll
智商	zhi:shang	n.	IQ
诱导	you:dao	v.	induzieren
切勿	qie:wu	v.	auf keinen Fall
突出重点	tu:chu:zhong:dian	v.	Schwerpunkte setzen
迎合	ying:he	v.	entgegenkommen
八荣八耻	ba:rong:ba:chi	n.	acht Ehren und acht Schamgelüste
咕	gu	onom.	glucksen
聚乙烯	ju:yi:xi	n.	Polyethylen
醒醒	xing:xing	v.	aufwachen
驶	shi	v.	fahren
第三十九条	di:san:shi:jiu:tiao	num.	Artikel 39
解决好	jie:jue:hao	v.	gut lösen
星球	xing:qiu	n.	Planet
增生	zeng:sheng	v.	hypertrophieren
增生	zeng:sheng	n.	Hypertrophie
摄	she	v.	aufnehmen
海盗	hai:dao	n.	Pirat
往下	wang:xia	adv.	nach unten
增产	zeng:chan	v.	Produktion steigern
餐饮业	can:yin:ye	n.	Gastronomie
纯真	chun:zhen	adj.	unschuldig
工作作风	gong:zuo:zuo:feng	n.	Arbeitsstil
统一管理	tong:yi:guan:li	v.	einheitlich verwalten
券商	quan:shang	n.	Broker
太湖	tai:hu	n.	Taihu-See
面对面	mian:dui:mian	adj.	gegenüber
上空	shang:kong	n.	Himmel
梦里	meng:li	n.	im Traum
逃跑	tao:pao	v.	fliehen
配音	pei:yin	v.	synchronisieren
一票	yi:piao	num.	eine Stimme
多样性	duo:yang:xing	n.	Vielfalt
西城区	xi:cheng:qu	n.	Bezirk Xicheng
巨额	ju:e	adj.	riesig
接种	jie:zhong	v.	impfen
免疫力	mian:yi:li	n.	Immunität
贫	pin	adj.	arm
参谋	can:mou	n.	Stabsoffizier
飞碟	fei:die	n.	fliegende Untertasse
不负	bu:fu	v.	nicht enttäuschen
抗日战争	kang:ri:zhan:zheng	n.	Widerstandskrieg gegen Japan
任教	ren:jiao	v.	lehren
就医	jiu:yi	v.	einen Arzt aufsuchen
一节	yi:jie	num.	eine Sektion
城镇居民	cheng:zhen:ju:min	n.	Stadtbewohner
平静的	ping:jing:de	adj.	ruhig
内科	nei:ke	n.	Innere Medizin
浮现	fu:xian	v.	erscheinen
之风	zhi:feng	n.	Stil, Wind, Trend
国家旅游局	guo:jia:lv:you:ju	n.	Nationales Tourismusamt
精油	jing:you	n.	ätherisches Öl
浓浓	nong:nong	adj.	dick, stark
全面落实	quan:mian:luo:shi	v.	vollständig umsetzen
盘中	pan:zhong	prep.	in der Schale
稳健	wen:jian	adj.	solide, prudent
边框	bian:kuang	n.	Rahmen, Rand
吃完	chi:wan	v.	aufessen
阅读全文	yue:du:quan:wen	v.	den ganzen Text lesen
好几	hao:ji	num.	einige, mehrere
美容美发	mei:rong:mei:fa	n.	Schönheit und Haarpflege
流氓软件	liu:mang:ruan:jian	n.	Schadsoftware
扫描仪	sao:miao:yi	n.	Scanner
辕	yuan	n.	Joch, Achse
渤海	bo:hai	n.	Bohai-Meer
拖拉机	tuo:la:ji	n.	Traktor
一致性	yi:zhi:xing	n.	Konsistenz, Einheitlichkeit
丰胸	feng:xiong	v.	Brustvergrößerung
文化交流	wen:hua:jiao:liu	n.	kultureller Austausch
卷烟	juan:yan	n.	Zigarette
采样	cai:yang	v.	Probenahme
新奇	xin:qi	adj.	neu, originell
放宽	fang:kuan	v.	lockern, erweitern
可获得	ke:huo:de	v.	erhältlich
世界经济	shi:jie:jing:ji	n.	Weltwirtschaft
也许会	ye:xu:hui	adv.	vielleicht
食品有限公司	shi:pin:you:xian:gong:si	n.	Lebensmittel-GmbH
溶解	rong:jie	v.	auflösen
生产厂商	sheng:chan:chang:shang	n.	Hersteller
婉	wan	adj.	sanft, anmutig
下雨	xia:yu	v.	regnen
营业时间	ying:ye:shi:jian	n.	Öffnungszeiten
几级	ji:ji	num.	wie viele Stufen
细微	xi:wei	adj.	subtil, winzig
出卖	chu:mai	v.	verraten, verkaufen
假冒	jia:mao	v.	fälschen, imitieren
冰川	bing:chuan	n.	Gletscher
西宁	xi:ning	n.	Xining
意为	yi:wei	v.	bedeuten
细小	xi:xiao	adj.	klein
中央空调	zhong:yang:kong:tiao	n.	zentrale klimaanlage
昆虫	kun:chong	n.	insekt
越过	yue:guo	v.	überqueren
绚丽	xuan:li	adj.	prächtig
乞丐	qi:gai	n.	bettler
成败	cheng:bai	n.	Erfolg oder Misserfolg
相约	xiang:yue	v.	verabreden
徒弟	tu:di	n.	lehrling
终究	zhong:jiu	adv.	letztendlich
分层	fen:ceng	v.	schichten
档案管理	dang:an:guan:li	n.	archivverwaltung
救治	jiu:zhi	v.	behandeln
自主知识产权	zi:zhu:zhi:shi:chan:quan	n.	eigenes geistiges Eigentum
挤出	ji:chu	v.	herausquetschen
深沉	shen:chen	adj.	tief
自治县	zi:zhi:xian	n.	autonomer Kreis
一曲	yi:qu	mw.	ein Stück Musik
质量标准	zhi:liang:biao:zhun	n.	Qualitätsstandard
身形	shen:xing	n.	Körperform
上行	shang:xing	v.	aufsteigen
正要	zheng:yao	adv.	gerade dabei sein
自然资源	zi:ran:zi:yuan	n.	natürliche Ressourcen
备受	bei:shou	v.	erleiden, empfangen
平板	ping:ban	adj.	flach, Tablet
厌恶	yan:wu	v.	verabscheuen
水利工程	shui:li:gong:cheng	n.	Wasserbauprojekt
气愤	qi:fen	adj.	zornig, empört
请务必	qing:wu:bi	adv.	bitte unbedingt
泉州市	quan:zhou:shi	n.	Stadt Quanzhou
再上	zai:shang	v.	wieder aufsteigen
首个	shou:ge	adj.	erster
鹏	peng	n.	Peng (mythologischer Vogel)
无误	wu:wu	adj.	fehlerfrei
姜	jiang	n.	Ingwer
大爷	da:ye	n.	Onkel, Herr
社会环境	she:hui:huan:jing	n.	soziales Umfeld
九寨沟	jiu:zhai:gou	n.	Jiuzhaigou
扭转	niu:zhuan	v.	umkehren
散布	san:bu	v.	verbreiten
文化艺术	wen:hua:yi:shu	n.	Kultur und Kunst
重在	zhong:zai	v.	den Schwerpunkt legen
盒子	he:zi	n.	Kiste
十几个	shi:ji:ge	num.	zehnundzwanzig
但愿	dan:yuan	v.	hoffen
教务处	jiao:wu:chu	n.	Akademisches Büro
妈的	ma:de	int.	verdammt
碍	ai	v.	hindern
动物园	dong:wu:yuan	n.	Zoo
中国证监会	zhong:guo:zheng:jian:hui	n.	CSRC
荷	he	n.	Lotus
代表作	dai:biao:zuo	n.	Meisterwerk
枕头	zhen:tou	n.	Kissen
公司债券	gong:si:zhai:quan	n.	Unternehmensanleihe
港澳	gang:ao	n.	Hongkong und Macau
管理委员会	guan:li:wei:yuan:hui	n.	Verwaltungsausschuss
极高的	ji:gao:de	adj.	extrem hoch
沿线	yan:xian	n.	entlang der Linie
查出	cha:chu	v.	herausfinden
冠	guan	n.	Krone
冠	guan	v.	siegen
最低价	zui:di:jia	n.	Niedrigster Preis
也不过	ye:bu:guo	adv.	nur
魅	mei	v.	bezaubern
彻底的	che:di:de	adj.	gründlich
曲目	qu:mu	n.	Repertoire, Programm
拘役	ju:yi	n.	Arbeitsstrafe
飞行员	fei:xing:yuan	n.	Pilot
年报	nian:bao	n.	Jahresbericht
玫	mei	n.	rose
可随时	ke:sui:shi	adv.	jederzeit möglich
最受欢迎	zui:shou:huan:ying	adj.	beliebteste
裁	cai	v.	schneiden, zuschneiden
突破口	tu:po:kou	n.	Durchbruch
成员国	cheng:yuan:guo	n.	Mitgliedstaat
吃得	chi:de	v.	essen können
等待着	deng:dai:zhe	v.	warten auf
第二批	di:er:pi	n.	zweite Charge
相对应	xiang:dui:ying	v.	entsprechen
超薄	chao:bao	adj.	ultradünn
侵犯到	qin:fan:dao	v.	verletzen
服务站	fu:wu:zhan	n.	Servicestation
良心	liang:xin	n.	Gewissen
工作方式	gong:zuo:fang:shi	n.	Arbeitsweise
海边	hai:bian	n.	Meeresufer
受不了	shou:bu:liao	v.	nicht aushalten
证人	zheng:ren	n.	Zeuge
设计者	she:ji:zhe	n.	Designer
坡	po	n.	Hang
不公	bu:gong	adj.	ungerecht
方才	fang:cai	adv.	gerade eben
宫殿	gong:dian	n.	Palast
玩游戏	wan:you:xi	v.	Spiele spielen
给你们	gei:ni:men	v.	euch geben
违反规定	wei:fan:gui:ding	v.	gegen Vorschriften verstoßen
品种的	pin:zhong:de	adj.	von Sorten
善意	shan:yi	n.	guter Wille
第二大	di:er:da	num.	zweitgrößte
食宿	shi:su	n.	Verpflegung und Unterkunft
一点都	yi:dian:dou	adv.	überhaupt nicht
倒入	dao:ru	v.	eingießen
建筑装饰	jian:zhu:zhuang:shi	n.	Architekturdekoration
可以达到	ke:yi:da:dao	v.	erreichen können
取名	qu:ming	v.	benennen
标示	biao:shi	v.	markieren, anzeigen
貌似	mao:si	v.	scheinen, aussehen
全镇	quan:zhen	n.	ganze Stadt
简直是	jian:zhi:shi	adv.	einfach sein
立足于	li:zu:yu	v.	auf etwas stehen
极易	ji:yi	adv.	äußerst leicht
不合	bu:he	v.	nicht passen
不合	bu:he	adj.	unpassend
有三	you:san	v.	3 haben
鸿	hong	n.	Schwan
药品生产	yao:pin:sheng:chan	n.	Arzneimittelproduktion
迎来了	ying:lai:le	v.	begrüßen, willkommen heißen
居委会	ju:wei:hui	n.	Nachbarschaftskomitee
泥土	ni:tu	n.	Erde, Schlamm
手枪	shou:qiang	n.	Pistole
状元	zhuang:yuan	n.	Spitzenreiter
跳转	tiao:zhuan	v.	springen, springen
所有者	suo:you:zhe	n.	Besitzer, Eigentümer
无心	wu:xin	adj.	unabsichtlich, gedankenlos
意象	yi:xiang	n.	Bild, Image
这支	zhe:zhi	mw.	dieser/diese (Zähleinheit)
我方	wo:fang	n.	unsere Seite
穿梭	chuan:suo	v.	pendeln, hin- und hergehen
党和政府	dang:he:zheng:fu	n.	Partei und Regierung
乘机	cheng:ji	v.	eine Gelegenheit nutzen
珍藏	zhen:cang	v.	kostbar aufbewahren
珍藏	zhen:cang	n.	kostbare Sammlung
茶馆	cha:guan	n.	Teehaus
下岗职工	xia:gang:zhi:gong	n.	arbeitsloser Arbeiter
谎言	huang:yan	n.	Lüge
第一页	di:yi:ye	n.	erste Seite
资产负债表	zi:chan:fu:zhai:biao	n.	Bilanz
一则	yi:ze	num.	eine Regel
最优	zui:you	adj.	optimal
最终解释权	zui:zhong:jie:shi:quan	n.	letzte Auslegungsbefugnis
巧妙	qiao:miao	adj.	geschickt
各行业	ge:hang:ye	n.	verschiedene Branchen
城市居民	cheng:shi:ju:min	n.	Stadtbewohner
两端	liang:duan	n.	beide Enden
免得	mian:de	conj.	um zu vermeiden
随身	sui:shen	adj.	am Körper getragen
趋向	qu:xiang	v.	neigen zu
趋向	qu:xiang	n.	Tendenz
权威性	quan:wei:xing	n.	Autorität
应届	ying:jie	adj.	diesjährig
秘书处	mi:shu:chu	n.	Sekretariat
无尽的	wu:jin:de	adj.	endlos
高薪	gao:xin	n.	hohes Gehalt
总站	zong:zhan	n.	Endstation
邓	deng	n.	Deng
或许是	huo:xu:shi	adv.	vielleicht
竞技	jing:ji	n.	Wettkampf
固顶	gu:ding	v.	oben fixieren
新局面	xin:ju:mian	n.	neue Situation
暂行办法	zan:xing:ban:fa	n.	vorläufige Maßnahmen
打听	da:ting	v.	erkundigen
毗邻	pi:lin	v.	angrenzen
一招	yi:zhao	mw.	ein Zug
喝茶	he:cha	v.	Tee trinken
整形	zheng:xing	n.	Plastische Chirurgie
重任	zhong:ren	n.	schwere Aufgabe
副总	fu:zong	n.	Vize-Präsident
爬上	pa:shang	v.	hinaufklettern
增添了	zeng:tian:le	v.	hinzufügen
自主品牌	zi:zhu:pin:pai	n.	eigenständige Marke
判处	pan:chu	v.	verurteilen
菩提	pu:ti	n.	Bodhi
一想	yi:xiang	v.	nachdenken
小屋	xiao:wu	n.	kleines Haus
接听	jie:ting	v.	abnehmen
魔法师	mo:fa:shi	n.	Magier
放假	fang:jia	v.	Urlaub machen
持有人	chi:you:ren	n.	Inhaber
查获	cha:huo	v.	beschlagnahmen
思维方式	si:wei:fang:shi	n.	Denkweise
想必	xiang:bi	adv.	bestimmt
免去	mian:qu	v.	befreien
拒不	ju:bu	adv.	weigern sich
新浪网	xin:lang:wang	n.	Sina
金龙	jin:long	n.	Goldender Drache
白痴	bai:chi	n.	Idiot
取缔	qu:di	v.	verbieten
外人	wai:ren	n.	Außenstehender
好消息	hao:xiao:xi	n.	gute Nachricht
后卫	hou:wei	n.	Verteidiger
童装	tong:zhuang	n.	Kinderkleidung
图画	tu:hua	n.	Bild
指望	zhi:wang	v.	hoffen auf
竭诚	jie:cheng	v.	aufrichtig
肢体	zhi:ti	n.	Gliedmaßen
教师队伍	jiao:shi:dui:wu	n.	Lehrerschaft
基本原理	ji:ben:yuan:li	n.	Grundprinzip
风貌	feng:mao	n.	Aussehen
分辨	fen:bian	v.	unterscheiden
夏日	xia:ri	n.	Sommertag
色素	se:su	n.	Pigment
染色	ran:se	v.	färben
低压	di:ya	n.	Niederdruck
岗位职责	gang:wei:zhi:ze	n.	Aufgaben
环境变量	huan:jing:bian:liang	n.	Umgebungsvariable
城内	cheng:nei	n.	innerhalb der Stadt
怪异	guai:yi	adj.	seltsam
划分为	hua:fen:wei	v.	unterteilen in
迄今为止	qi:jin:wei:zhi	adv.	bis jetzt
协议范本	xie:yi:fan:ben	n.	vertragsvorlage
质押	zhi:ya	v.	pfänden
便携式	bian:xie:shi	adj.	tragbar
年下	nian:xia	n.	jünger
镶嵌	xiang:qian	v.	einlegen
技法	ji:fa	n.	technik
遥远	yao:yuan	adj.	fern
庆幸	qing:xing	v.	sich freuen
欣慰	xin:wei	adj.	erfreulich
诡异	gui:yi	adj.	seltsam
离世	li:shi	v.	versterben
点半	dian:ban	n.	halb
掌控	zhang:kong	v.	kontrollieren
骑马	qi:ma	v.	reiten
公共场所	gong:gong:chang:suo	n.	öffentlicher Ort
本年度	ben:nian:du	n.	dieses Geschäftsjahr
敏感的	min:gan:de	adj.	empfindlich
全球最大	quan:qiu:zui:da	adj.	weltweit größter
团队精神	tuan:dui:jing:shen	n.	Teamgeist
歪	wai	adj.	schief
劳动法	lao:dong:fa	n.	Arbeitsrecht
抬起	tai:qi	v.	hochheben
诸侯	zhu:hou	n.	Vasall
风险管理	feng:xian:guan:li	n.	Risikomanagement
谁来	shei:lai	pron.	wer kommt
谁来	shui:lai	pron.	wer kommt
加固	jia:gu	v.	verstärken
其他用户	qi:ta:yong:hu	n.	andere Nutzer
专辑名称	zhuan:ji:ming:cheng	n.	Albumtitel
装饰装修	zhuang:shi:zhuang:xiu	n.	Dekoration und Renovierung
差价	cha:jia	n.	Preisdifferenz
怀中	huai:zhong	n.	im Schoß
机油	ji:you	n.	Motoröl
往前	wang:qian	adv.	vorwärts
台式机	tai:shi:ji	n.	Desktop-Computer
小城镇	xiao:cheng:zhen	n.	Kleinstadt
存储卡	cun:chu:ka	n.	Speicherkarte
复杂性	fu:za:xing	n.	Komplexität
哪位	na:wei	pron.	welcher
使用情况	shi:yong:qing:kuang	n.	Nutzungsstatus
秀丽	xiu:li	adj.	lieblich
假定	jia:ding	v.	annehmen
假定	jia:ding	n.	Annahme
查看次数	cha:kan:ci:shu	n.	Anzahl der Aufrufe
主人公	zhu:ren:gong	n.	Protagonist
贫血	pin:xue	n.	Anämie
破损	po:sun	v.	beschädigen
破损	po:sun	adj.	beschädigt
预售	yu:shou	v.	vorverkauf
夺取	duo:qu	v.	erobern
元月	yuan:yue	n.	Januar
水母	shui:mu	n.	Qualle
深厚	shen:hou	adj.	tief
多云	duo:yun	adj.	bewölkt
收款人	shou:kuan:ren	n.	Zahlungsempfänger
陆地	lu:di	n.	Land
过失	guo:shi	n.	Fehler
乏	fa	adj.	mangelhaft
缩写	suo:xie	v.	abkürzen
缩写	suo:xie	n.	Abkürzung
橄榄油	gan:lan:you	n.	Olivenöl
前线	qian:xian	n.	Front
一步步	yi:bu:bu	adv.	Schritt für Schritt
水泵	shui:beng	n.	Wasserpumpe
申	shen	v.	darlegen
音色	yin:se	n.	Klangfarbe
战队	zhan:dui	n.	Team
诚意	cheng:yi	n.	Aufrichtigkeit
传入	chuan:ru	v.	übermitteln
实名	shi:ming	adj.	echter Name
陷入了	xian:ru:le	v.	hineinfallen
商业秘密	shang:ye:mi:mi	n.	Geschäftsgeheimnis
监控系统	jian:kong:xi:tong	n.	Überwachungssystem
药品监督	yao:pin:jian:du	n.	Arzneimittelüberwachung
十九	shi:jiu	num.	neunzehn
水文	shui:wen	n.	Hydrologie
用工	yong:gong	n.	Arbeitskraft
自治州	zi:zhi:zhou	n.	autonome Präfektur
古希腊	gu:xi:la	n.	Altes Griechenland
本会	ben:hui	n.	dieser Verein
高效率	gao:xiao:lv	n.	hohe Effizienz
扰乱	rao:luan	v.	stören
报名表	bao:ming:biao	n.	Anmeldeformular
草坪	cao:ping	n.	Rasen
打死	da:si	v.	zu Tode schlagen
大象	da:xiang	n.	Elefant
感官	gan:guan	n.	Sinnesorgan
日立	ri:li	n.	Hitachi
开水	kai:shui	n.	kochendes Wasser
偏高	pian:gao	adj.	etwas hoch
呼声	hu:sheng	n.	Ruf
场内	chang:nei	n.	im Gelände
串口	chuan:kou	n.	serielle Schnittstelle
学术交流	xue:shu:jiao:liu	n.	akademischer Austausch
有关方面	you:guan:fang:mian	n.	betroffene Stellen
政区	zheng:qu	n.	Verwaltungsbezirk
惯例	guan:li	n.	Gewohnheit
列兵	lie:bing	v.	einstellen
列兵	lie:bing	n.	Soldat
可否	ke:fou	adv.	ob ja oder nein
湖水	hu:shui	n.	Seewasser
四海	si:hai	n.	die ganze Welt
更方便	geng:fang:bian	adj.	praktischer
恶搞	e:gao	v.	parodieren
化石	hua:shi	n.	Fossil
孙中山	sun:zhong:shan	n.	Sun Yat-sen
待了	dai:le	v.	geblieben
巨鳄	ju:e	n.	Riesen-Krokodil
营利	ying:li	v.	Gewinn machen
冬瓜	dong:gua	n.	Wintermelone
男孩子	nan:hai:zi	n.	Junge
踊跃	yong:yue	adj.	begeistert
软硬件	ruan:ying:jian	n.	Software und Hardware
中国联通	zhong:guo:lian:tong	n.	China Unicom
乐	yue	n.	Musik
乐	yue	adj.	froh
中国建筑	zhong:guo:jian:zhu	n.	chinesische Architektur
诚恳	cheng:ken	adj.	aufrichtig
阿拉伯	a:la:bo	n.	arabisch
多快	duo:kuai	adv.	wie schnell
谢绝	xie:jue	v.	ablehnen
局限	ju:xian	n.	Begrenzung
局限	ju:xian	v.	beschränken
却说	que:shuo	v.	es heißt, dass
近似	jin:si	adj.	annähernd
与国家	yu:guo:jia	n.	mit dem Staat
饭菜	fan:cai	n.	Essen
重叠	chong:die	v.	überlappen
必须的	bi:xu:de	adj.	notwendig
堆积	dui:ji	v.	anhäufen
七十	qi:shi	num.	siebzig
不尽	bu:jin	adj.	unendlich
系统集成	xi:tong:ji:cheng	n.	Systemintegration
选题	xuan:ti	v.	Thema auswählen
选题	xuan:ti	n.	Themenwahl
戴着	dai:zhe	v.	tragen
潜艇	qian:ting	n.	U-Boot
兴办	xing:ban	v.	gründen
中国最大	zhong:guo:zui:da	adj.	größtes in China
欢迎访问	huan:ying:fang:wen	v.	Besuch willkommen heißen
割	ge	v.	schneiden
割	ge	n.	Anteil
汽车零部件	qi:che:ling:bu:jian	n.	Autoteile
十几年	shi:ji:nian	num.	zehn-einige Jahre
矫正	jiao:zheng	v.	korrigieren
能得到	neng:de:dao	v.	bekommen können
巫	wu	n.	Schamane
工期	gong:qi	n.	Bauzeit
分担	fen:dan	v.	aufteilen
产品展示	chan:pin:zhan:shi	n.	Produktpräsentation
二氧化碳	er:yang:hua:tan	n.	Kohlendioxid
衫	shan	n.	Hemd
第四十条	di:si:shi:tiao	n.	Artikel 40
晶体	jing:ti	n.	Kristall
总结了	zong:jie:le	v.	zusammengefasst
做一些	zuo:yi:xie	v.	etwas machen
无助	wu:zhu	adj.	hilflos
救灾	jiu:zai	n.	diesaster-Hilfe
东门	dong:men	n.	Osttor
列席	lie:xi	v.	teilnehmen
马车	ma:che	n.	Pferdekutsche
网校	wang:xiao	n.	Online-Schule
德语	de:yu	n.	Deutsch
天山	tian:shan	n.	Tian Shan
功底	gong:di	n.	Fundament
你家	ni:jia	n.	dein Zuhause
耐磨	nai:mo	adj.	verschleißfest
俗话说	su:hua:shuo	v.	wie das Sprichwort sagt
知青	zhi:qing	n.	gebildete Jugend
拖延	tuo:yan	v.	aufschieben
上一个	shang:yi:ge	num.	der vorherige
响了	xiang:le	v.	klingen
上车	shang:che	v.	ins Auto steigen
张艺谋	zhang:yi:mou	n.	Zhang Yimou
整体素质	zheng:ti:su:zhi	n.	Gesamtqualität
棒	bang	adj.	toll
棒	bang	n.	Stock
社会稳定	she:hui:wen:ding	n.	soziale Stabilität
做大做强	zuo:da:zuo:qiang	v.	vergrößern und stärken
经营单位	jing:ying:dan:wei	n.	Betriebseinheit
课题组	ke:ti:zu	n.	Forschungsgruppe
支吾	zhi:wu	v.	ausweichen
社会责任	she:hui:ze:ren	n.	soziale Verantwortung
首领	shou:ling	n.	Anführer
想买	xiang:mai	v.	kaufen wollen
无级	wu:ji	adj.	stufenlos
相反的	xiang:fan:de	adj.	gegenteilig
阔	kuo	adj.	weit
要买	yao:mai	v.	kaufen wollen
贫困地区	pin:kun:di:qu	n.	arme Region
学年	xue:nian	n.	Schuljahr
县市	xian:shi	n.	Kreis und Stadt
揭开	jie:kai	v.	enthüllen
开奖	kai:jiang	v.	Lotterie ziehen
磁场	ci:chang	n.	Magnetfeld
权威的	quan:wei:de	adj.	autoritär
泣	qi	v.	weinen
三名	san:ming	num.	3 Personen
严格遵守	yan:ge:zun:shou	v.	strikt einhalten
绽放	zhan:fang	v.	blühen
查明	cha:ming	v.	aufklären
韦	wei	n.	Wei
中国汽车	zhong:guo:qi:che	n.	chinesisches Auto
电动车	dian:dong:che	n.	Elektroauto
上层	shang:ceng	n.	obere Schicht
肾脏	shen:zang	n.	Niere
延误	yan:wu	v.	verzögern
一二	yi:er	num.	eins oder zwei
许久	xu:jiu	n.	lange Zeit
办证	ban:zheng	v.	Zertifikat beantragen
珠三角	zhu:san:jiao	n.	Perlflussdelta
车市	che:shi	n.	Automobilmarkt
纽带	niu:dai	n.	Band, Bindung
下岗失业人员	xia:gang:shi:ye:ren:yuan	n.	arbeitslose Arbeiter
娱乐场所	yu:le:chang:suo	n.	Unterhaltungsstätte
番茄	fan:qie	n.	Tomate
也叫	ye:jiao	v.	auch genannt
低保	di:bao	n.	Mindestsicherung
主要为	zhu:yao:wei	v.	hauptsächlich sein
打到	da:dao	v.	schlagen, treffen
触及	chu:ji	v.	berühren, ansprechen
侵占	qin:zhan	v.	besetzen, aneignen
倾诉	qing:su	v.	sich anvertrauen
神州	shen:zhou	n.	Shenzhou (Chine)
喜庆	xi:qing	adj.	festlich, feierlich
放电	fang:dian	v.	entladen, Entladung
上衣	shang:yi	n.	Oberteil, Jacke
心声	xin:sheng	n.	Stimme des Herzens
大便	da:bian	n.	Stuhl, Kot
不由得	bu:you:de	adv.	unwillkürlich
出生日期	chu:sheng:ri:qi	n.	Geburtsdatum
直升机	zhi:sheng:ji	n.	Hubschrauber
拳头	quan:tou	n.	Faust
红酒	hong:jiu	n.	Rotwein
恍	huang	adj.	benommen
景物	jing:wu	n.	Landschaft
贯	guan	v.	durchdringen
加盟店	jia:meng:dian	n.	Franchise-Geschäft
血糖	xie:tang	n.	Blutzucker
血糖	xue:tang	n.	Blutzucker
魄	po	n.	Seele
就如	jiu:ru	conj.	genau wie
第四十一条	di:si:shi:yi:tiao	num.	Artikel 41
柄	bing	mw.	Stiel
头晕	tou:yun	v.	schwindelig sein
上年	shang:nian	n.	letztes Jahr
切记	qie:ji	v.	strikt merken
更低	geng:di	adj.	niedriger
考题	kao:ti	n.	Prüfungsfrage
报警器	bao:jing:qi	n.	Alarm
王者	wang:zhe	n.	König
杂质	za:zhi	n.	Verunreinigung
法律制度	fa:lv:zhi:du	n.	Rechtssystem
筷子	kuai:zi	n.	Essstäbchen
只不过是	zhi:bu:guo:shi	adv.	bloß
两眼	liang:yan	n.	die Augen
社区卫生	she:qu:wei:sheng	n.	Gemeinschaftshygiene
加工贸易	jia:gong:mao:yi	n.	Verarbeitende Handelswirtschaft
本来是	ben:lai:shi	adv.	ursprünglich war
交易市场	jiao:yi:shi:chang	n.	Handelsmarkt
工作目标	gong:zuo:mu:biao	n.	Arbeitsziel
构想	gou:xiang	n.	Konzeption
构想	gou:xiang	v.	konzipieren
再造	zai:zao	v.	neu erschaffen
暂不	zan:bu	adv.	vorläufig nicht
购买商品	gou:mai:shang:pin	v.	Waren kaufen
销售价格	xiao:shou:jia:ge	n.	Verkaufspreis
装载	zhuang:zai	v.	laden
服务器端	fu:wu:qi:duan	n.	Serverseite
宏观经济	hong:guan:jing:ji	n.	Makroökonomie
已达到	yi:da:dao	v.	hat bereits erreicht
为了避免	wei:le:bi:mian	conj.	um zu vermeiden
社	she	n.	Gesellschaft
跟上	gen:shang	v.	mitkommen
怀抱	huai:bao	n.	Schoß
怀抱	huai:bao	v.	umarmen
阿里	a:li	n.	Alibaba
患	huan	v.	leiden an
荣耀	rong:yao	n.	Ehre
五日	wu:ri	num.	5 Tage
液晶显示器	ye:jing:xian:shi:qi	n.	LCD-Monitor
影响着	ying:xiang:zhe	v.	beeinflussend
时节	shi:jie	n.	saison
值得一提	zhi:de:yi:ti	adj.	erwähnenswert
基本资料	ji:ben:zi:liao	n.	Basisdaten
半岛	ban:dao	n.	Halbinsel
该类	gai:lei	n.	diese Art
中山大学	zhong:shan:da:xue	n.	Sun Yat-sen Universität
保险业	bao:xian:ye	n.	Versicherungswirtschaft
讲到	jiang:dao	v.	sprechen über
拼搏	pin:bo	v.	kämpfen
着想	zhuo:xiang	v.	berücksichtigen
着想	zhuo:xiang	n.	Idee
南山区	nan:shan:qu	n.	Bezirk Nanshan
跑去	pao:qu	v.	weglaufen
张某	zhang:mou	n.	ein gewisser Zhang
覆	fu	v.	bedecken
进场	jin:chang	v.	eintreten
电影院	dian:ying:yuan	n.	Kino
蜜	mi	n.	Honig
北京地区	bei:jing:di:qu	n.	Region Peking
质检	zhi:jian	n.	Qualitätskontrolle
合伙企业	he:huo:qi:ye	n.	Partnerschaft
实践证明	shi:jian:zheng:ming	v.	die Praxis beweist
未经授权	wei:jing:shou:quan	adj.	unbefugt
排版	pai:ban	v.	Satz
三日	san:ri	num.	3 Tage
协办	xie:ban	v.	mitorganisieren
自拍	zi:pai	v.	ein Selfie machen
贺卡	he:ka	n.	Grußkarte
轮流	lun:liu	v.	abwechselnd
精液	jing:ye	n.	Sperma
人民币升值	ren:min:bi:sheng:zhi	n.	Aufwertung des Renminbi
樱花	ying:hua	n.	Kirschblüte
从业资格	cong:ye:zi:ge	n.	Berufsqualifikation
敦煌	dun:huang	n.	Dunhuang
饭后	fan:hou	n.	nach dem Essen
抚养	fu:yang	v.	aufziehen
香料	xiang:liao	n.	Gewürz
孤立	gu:li	v.	isolieren
村干部	cun:gan:bu	n.	Dorfbeamter
着实	zhuo:shi	adv.	wirklich, echt
三百	san:bai	num.	300
遗迹	yi:ji	n.	Relikt, Überrest
反感	fan:gan	n.	Abneigung, Widerwillen
反感	fan:gan	v.	ablehnen, missbilligen
学习方法	xue:xi:fang:fa	n.	Lernmethode
婴	ying	n.	Säugling, Baby
猛然	meng:ran	adv.	plötzlich, jäh
励	li	v.	ermutigen, anspornen
不快	bu:kuai	adj.	unangenehm, unzufrieden
不快	bu:kuai	n.	Unbehagen, Unzufriedenheit
一来	yi:lai	conj.	zunächst
一来	yi:lai	adv.	sofort nach der Ankunft
有意思	you:yi:si	adj.	interessant
有意思	you:yi:si	v.	interessieren
已然	yi:ran	adv.	schon
红尘	hong:chen	n.	sterbliche Welt
各异	ge:yi	adj.	verschieden
建筑师	jian:zhu:shi	n.	Architekt
竣工验收	jun:gong:yan:shou	n.	Bauabnahme
锅	guo	n.	Topf
积极作用	ji:ji:zuo:yong	n.	positive Wirkung
时速	shi:su	n.	Höchstgeschwindigkeit
陛	bi	n.	kaiser
郑重声明	zheng:zhong:sheng:ming	v.	feierlich erklären
安全感	an:quan:gan	n.	Sicherheitsgefühl
区域性	qu:yu:xing	adj.	regional
上涨的	shang:zhang:de	adj.	steigend
收货	shou:huo	v.	Waren erhalten
税金	shui:jin	n.	Steuer
不履行	bu:lv:xing	v.	nicht erfüllen
移到	yi:dao	v.	verschieben nach
动摇	dong:yao	v.	erschüttern
动摇	dong:yao	adj.	unbeständig
合理性	he:li:xing	n.	Rationalität
生出	sheng:chu	v.	erzeugen
赞叹	zan:tan	v.	loben, bewundern
筹集	chou:ji	v.	sammeln, aufbringen
未满	wei:man	adj.	nicht voll, unvollständig
定居	ding:ju	v.	sich niederlassen
老妈	lao:ma	n.	Mama, Mutter
三期	san:qi	n.	dritte Phase, 3. Phase
浙江大学	zhe:jiang:da:xue	n.	Zhejiang Universität
力学	li:xue	n.	Mechanik
庄严	zhuang:yan	adj.	feierlich, majestätisch
两块	liang:kuai	num.	zwei Stück, 2 Yuan
安全问题	an:quan:wen:ti	n.	Sicherheitsproblem
解题	jie:ti	v.	ein Problem lösen
暧昧	ai:mei	adj.	ambivalent, vage
硕士生	shuo:shi:sheng	n.	Masterstudent
判决书	pan:jue:shu	n.	Urteil, Beschluss
调料	tiao:liao	n.	Gewürz, Würzmittel
没有必要	mei:you:bi:yao	adj.	nicht notwendig
印花	yin:hua	n.	Briefmarke, Druckmuster
都快	dou:kuai	adv.	fast, beinahe
鲜活	xian:huo	adj.	frisch, lebendig
想到了	xiang:dao:le	v.	eingefallen, gedacht
企业简介	qi:ye:jian:jie	n.	Unternehmensprofil
迅速的	xun:su:de	adj.	schnell, rasch
多种形式	duo:zhong:xing:shi	n.	vielfältige Formen
庭院	ting:yuan	n.	Hof
主线	zhu:xian	n.	Hauptlinie
领土	ling:tu	n.	Territorium
同盟	tong:meng	n.	Bündnis
同盟	tong:meng	v.	bündnis schließen
真气	zhen:qi	n.	qi
戴上	dai:shang	v.	aufsetzen
遮	zhe	v.	verdecken
男方	nan:fang	n.	Bräutigamseite
鄙视	bi:shi	v.	verachten
宗旨	zong:zhi	n.	Ziel, Zweck, Zweckbestimmung
共创	gong:chuang	v.	gemeinsam erschaffen
隐形	yin:xing	adj.	unsichtbar, verborgen
社会事业	she:hui:shi:ye	n.	soziale Sache
韦小宝	wei:xiao:bao	n.	Wei Xiaobao
开源	kai:yuan	v.	Open Source
假装	jia:zhuang	v.	vortäuschen
工作能力	gong:zuo:neng:li	n.	Arbeitsfähigkeit
心意	xin:yi	n.	Absicht
不容	bu:rong	v.	nicht erlauben
教委	jiao:wei	n.	Bildungskommission
身处	shen:chu	v.	sich befinden in
积极参加	ji:ji:can:jia	v.	aktiv teilnehmen
仅次于	jin:ci:yu	v.	nur nach ... kommen
教育网	jiao:yu:wang	n.	Bildungsnetzwerk
友情提示	you:qing:ti:shi	n.	freundlicher Hinweis
住址	zhu:zhi	n.	Adresse
换句话说	huan:ju:hua:shuo	conj.	mit anderen Worten
来个	lai:ge	v.	ein ... haben
跳到	tiao:dao	v.	springen zu
珠海市	zhu:hai:shi	n.	Stadt Zhuhai
不听	bu:ting	v.	nicht hören
犯了	fan:le	v.	begehen
岗位上	gang:wei:shang	n.	am Arbeitsplatz
你以为	ni:yi:wei	pron.	du denkst
摇摇头	yao:yao:tou	v.	den Kopf schütteln
一届	yi:jie	num.	eine Amtszeit
八十	ba:shi	num.	achtzig
花瓣	hua:ban	n.	Blütenblatt
你先	ni:xian	pron.	du zuerst
暑期	shu:qi	n.	Sommerferien
新生入学	xin:sheng:ru:xue	n.	Einschreibung neuer Schüler
生猪	sheng:zhu	n.	lebendes Schwein
根据需要	gen:ju:xu:yao	adv.	nach Bedarf
基本理论	ji:ben:li:lun	n.	Grundtheorie
家政	jia:zheng	n.	Hauswirtschaft
感恩	gan:en	v.	Dankbarkeit zeigen
加工企业	jia:gong:qi:ye	n.	Verarbeitungsunternehmen
英俊	ying:jun	adj.	gutaussehend
惊奇	jing:qi	v.	überraschen
内部管理	nei:bu:guan:li	n.	interne Verwaltung
帕	pa	n.	Taschentuch
本节	ben:jie	n.	dieser Abschnitt
调理	tiao:li	v.	konditionieren
调理	tiao:li	n.	Regime
党的领导	dang:de:ling:dao	n.	Führung der Partei
自觉性	zi:jue:xing	n.	Selbstbewusstsein
进城	jin:cheng	v.	in die Stadt gehen
司令	si:ling	n.	Kommandant
无条件	wu:tiao:jian	adj.	bedingungslos
又想	you:xiang	adv.	wollen wieder
晚饭	wan:fan	n.	Abendessen
报案	bao:an	v.	Anzeige erstatten
反过来	fan:guo:lai	adv.	umgekehrt
加盟商	jia:meng:shang	n.	Franchisenehmer
武汉大学	wu:han:da:xue	n.	Wuhan University
流产	liu:chan	v.	fehlgebären
为难	wei:nan	v.	schwierig machen
店内	dian:nei	n.	im Geschäft
满意度	man:yi:du	n.	Zufriedenheitsgrad
进一步发展	jin:yi:bu:fa:zhan	v.	weiterentwickeln
发布会	fa:bu:hui	n.	Pressekonferenz
稍稍	shao:shao	adv.	leicht
扣押	kou:ya	v.	beschlagnahmen
加快推进	jia:kuai:tui:jin	v.	Fortschritt beschleunigen
见识	jian:shi	n.	Erkenntnis
见识	jian:shi	v.	erfahren
打入	da:ru	v.	eindringen
简述	jian:shu	v.	kurz beschreiben
廉洁	lian:jie	adj.	unbestechlich
曼联	man:lian	n.	Manchester United
见效	jian:xiao	v.	Wirkung zeigen
功耗	gong:hao	n.	Leistungsaufnahme
会谈	hui:tan	v.	verhandeln
官司	guan:si	n.	Gerichtsprozess
道教	dao:jiao	n.	Taoismus
放着	fang:zhe	v.	liegen
极佳	ji:jia	adj.	ausgezeichnet
废话	fei:hua	n.	Unsinn
工种	gong:zhong	n.	Berufsart
急速	ji:su	adj.	rasant
升温	sheng:wen	v.	Temperatur steigen
具体办法	ju:ti:ban:fa	n.	konkrete Maßnahmen
小鸟	xiao:niao	n.	kleiner Vogel
独到	du:dao	adj.	originell
蘑菇	mo:gu	n.	Pilz
微量元素	wei:liang:yuan:su	n.	Spurenelement
后门	hou:men	n.	Hintertür
很差	hen:cha	adj.	sehr schlecht
博士生	bo:shi:sheng	n.	Doktorand
客气	ke:qi	adj.	höflich
咖	ka	n.	Kaffee
前身	qian:shen	n.	Vorläufer
管理咨询	guan:li:zi:xun	n.	Unternehmensberatung
嫌	xian	v.	ablehnen, bemängeln
利用外资	li:yong:wai:zi	v.	ausländisches Kapital nutzen
眉头	mei:tou	n.	Augenbrauen
担当	dan:dang	v.	übernehmen, verantworten
中式	zhong:shi	adj.	chinesisch Stil
纯洁	chun:jie	adj.	rein, unverdorben
两旁	liang:pang	n.	beide Seiten
平坦	ping:tan	adj.	flach
轻柔	qing:rou	adj.	sanft
欢迎你	huan:ying:ni	v.	dich willkommen heißen
他们自己	ta:men:zi:ji	pron.	sie selbst
之法	zhi:fa	n.	methode
大使	da:shi	n.	Botschafter
优异的	you:yi:de	adj.	ausgezeichnet
争吵	zheng:chao	v.	streiten
争吵	zheng:chao	n.	Streit
木质	mu:zhi	n.	Holz
航道	hang:dao	n.	Schifffahrtsweg
心地	xin:di	n.	Natur
餐具	can:ju	n.	Geschirr
公司网址	gong:si:wang:zhi	n.	Firmenwebsite
商业用途	shang:ye:yong:tu	n.	kommerzielle Nutzung
出价	chu:jia	v.	bieten
出众	chu:zhong	adj.	herausragend
非会员	fei:hui:yuan	n.	Nichtmitglied
死于	si:yu	v.	sterben an
再做	zai:zuo	v.	noch einmal machen
第二部分	di:er:bu:fen	n.	zweiter Teil
年平均	nian:ping:jun	adj.	jährlicher Durchschnitt
农田	nong:tian	n.	Ackerland
胳	ge	mw.	Arm
物业管理企业	wu:ye:guan:li:qi:ye	n.	Immolienunternehmen
曾是	ceng:shi	v.	einst gewesen sein
及早	ji:zao	adv.	frühzeitig
投入使用	tou:ru:shi:yong	v.	in Betrieb nehmen
挖	wa	v.	graben
啪	pa	onom.	klatsch
矿	kuang	n.	Mine, Mineral
物业公司	wu:ye:gong:si	n.	Hausverwaltungsgesellschaft
别名	bie:ming	n.	alias
推车	tui:che	n.	Rollwagen
推车	tui:che	v.	einen Wagen schieben
好奇心	hao:qi:xin	n.	Neugier
技术要求	ji:shu:yao:qiu	n.	technische Anforderungen
铅笔	qian:bi	n.	Bleistift
万年	wan:nian	num.	10.000 Jahre
蒸发	zheng:fa	v.	verdampfen
蒸发	zheng:fa	n.	Verdampfung
身穿	shen:chuan	v.	tragen
喝道	he:dao	v.	schreien
金银	jin:yin	n.	Gold und Silber
抑郁	yi:yu	adj.	deprimiert
抑郁	yi:yu	v.	deprimieren
助于	zhu:yu	v.	beitragen zu
环境卫生	huan:jing:wei:sheng	n.	Umwelt hygiene
水位	shui:wei	n.	Wasserstand
一口价	yi:kou:jia	n.	Festpreis
古今	gu:jin	adj.	antik und modern
信息交流	xin:xi:jiao:liu	n.	Informationsaustausch
过往	guo:wang	n.	Vergangenheit
篇幅	pian:fu	n.	Umfang
文物保护单位	wen:wu:bao:hu:dan:wei	n.	Denkmalpflegeeinheit
学校教育	xue:xiao:jiao:yu	n.	Schulerziehung
文件系统	wen:jian:xi:tong	n.	Dateisystem
产销	chan:xiao	n.	Produktion und Vertrieb
擦拭	ca:shi	v.	abwischen
审批机关	shen:pi:ji:guan	n.	Genehmigungsbehörde
报名时间	bao:ming:shi:jian	n.	Anmeldezeit
工程机械	gong:cheng:ji:xie	n.	Baumaschinen
凄	qi	adj.	einsam
会议精神	hui:yi:jing:shen	n.	Geist der Konferenz
至关重要	zhi:guan:zhong:yao	adj.	entscheidend
花开	hua:kai	v.	Blumen blühen
中国二手车城	zhong:guo:er:shou:che:cheng	n.	China Used Car City
建立时间	jian:li:shi:jian	n.	Gründungszeit
魅力值	mei:li:zhi	n.	Charismawert
跳出	tiao:chu	v.	herausspringen
常人	chang:ren	n.	gewöhnlicher Mensch
风气	feng:qi	n.	Stimmung, Trend
点选	dian:xuan	v.	anklicken und auswählen
云集	yun:ji	v.	sich versammeln
高中生	gao:zhong:sheng	n.	Oberstufenschüler
高水平	gao:shui:ping	adj.	hohes Niveau
弱势	ruo:shi	n.	Schwäche, benachteiligte Lage
经济适用住房	jing:ji:shi:yong:zhu:fang	n.	bezahlbarer Wohnraum
晋江	jin:jiang	n.	Jinjiang
女郎	nv:lang	n.	Dame, junge Frau
蒙迪欧	meng:di:ou	n.	Mondeo
每条	mei:tiao	num.	jede (Zähleinheit)
承担赔偿责任	cheng:dan:pei:chang:ze:ren	v.	Entschädigungspflicht tragen
默认的	mo:ren:de	adj.	standardmäßig
幽灵	you:ling	n.	Geist, Phantom
报错	bao:cuo	v.	Fehler melden
少先队	shao:xian:dui	n.	Jungpionierorganisation
用房	yong:fang	n.	Gebrauchsraum
察觉	cha:jue	v.	wahrnehmen
裙子	qun:zi	n.	Rock
第一阶段	di:yi:jie:duan	n.	erste Phase
柳州	liu:zhou	n.	Liuzhou
经济组织	jing:ji:zu:zhi	n.	Wirtschaftsorganisation
不难	bu:nan	adj.	nicht schwer
规划设计	gui:hua:she:ji	v.	planen und gestalten
零售业	ling:shou:ye	n.	Einzelhandel
木地板	mu:di:ban	n.	Holzboden
成人教育	cheng:ren:jiao:yu	n.	Erwachsenenbildung
很漂亮	hen:piao:liang	adj.	sehr schön
穿的	chuan:de	n.	Kleidung
夹紧	jia:jin	v.	festklemmen
鉴赏	jian:shang	v.	schätzen
靠在	kao:zai	v.	anlehnen an
脑子里	nao:zi:li	n.	im Kopf
强制执行	qiang:zhi:zhi:xing	v.	zwangsvoll vollstrecken
中国传统	zhong:guo:chuan:tong	n.	chinesische Tradition
奋斗目标	fen:dou:mu:biao	n.	Kampfziel
出击	chu:ji	v.	angreifen
专注于	zhuan:zhu:yu	v.	sich konzentrieren auf
名气	ming:qi	n.	Ruhm
控股公司	kong:gu:gong:si	n.	Holding-Gesellschaft
计数	ji:shu	v.	zählen
在路上	zai:lu:shang	adj.	auf dem Weg
老者	lao:zhe	n.	älterer Mensch
侧重	ce:zhong	v.	schwerpunkt legen auf
存在问题	cun:zai:wen:ti	n.	bestehende Probleme
独创	du:chuang	v.	originell erschaffen
分立	fen:li	v.	trennen
第一部分	di:yi:bu:fen	n.	erster Teil
发展阶段	fa:zhan:jie:duan	n.	Entwicklungsphase
销售热线	xiao:shou:re:xian	n.	Verkaufshotline
移动的	yi:dong:de	adj.	beweglich
医务人员	yi:wu:ren:yuan	n.	medizinisches Personal
推广应用	tui:guang:ying:yong	v.	fördern und anwenden
侦察	zhen:cha	v.	aufklären
侦察	zhen:cha	n.	Aufklärung
柏林	bo:lin	n.	Berlin
正值	zheng:zhi	v.	gerade sein
坚定不移	jian:ding:bu:yi	adj.	unerschütterlich
乔治	qiao:zhi	n.	George
课堂上	ke:tang:shang	n.	im Unterricht
条形码	tiao:xing:ma	n.	Barcode
毅力	yi:li	n.	Willenskraft
执行力	zhi:xing:li	n.	Durchsetzungskraft
广泛开展	guang:fan:kai:zhan	v.	weitgehend ausweiten
研究机构	yan:jiu:ji:gou	n.	Forschungseinrichtung
物权	wu:quan	n.	Eigentumsrecht
第一年	di:yi:nian	n.	erstes Jahr
几集	ji:ji	mw.	einige Folgen
科技人员	ke:ji:ren:yuan	n.	technisches Personal
爪	zhao	n.	Kralle
爪	zhua	v.	kratzen
地势	di:shi	n.	Gelände
检验检疫	jian:yan:jian:yi	n.	Inspektion und Quarantäne
线性	xian:xing	adj.	linear
皇冠	huang:guan	n.	Krone
废弃	fei:qi	v.	aufgeben
废弃	fei:qi	adj.	verworfen
实际问题	shi:ji:wen:ti	n.	praktisches Problem
眠	mian	v.	schlafen
教唆	jiao:suo	v.	anstiften
卫生院	wei:sheng:yuan	n.	Gesundheitszentrum
一把手	yi:ba:shou	n.	Spitzenkraft
挽救	wan:jiu	v.	retten
星期三	xing:qi:san	n.	Mittwoch
食品生产	shi:pin:sheng:chan	n.	Lebensmittelproduktion
穆	mu	n.	Mu
不通	bu:tong	adj.	nicht funktionierend
专业技术职务	zhuan:ye:ji:shu:zhi:wu	n.	fachtechnische Position
大洋	da:yang	n.	Ozean
听完	ting:wan	v.	fertig hören
同仁	tong:ren	n.	Kollege
总书记	zong:shu:ji	n.	Generalsekretär
死在	si:zai	v.	sterben in
乖乖	guai:guai	adj.	gehorsam
乖乖	guai:guai	int.	ach du
自卑	zi:bei	adj.	minderwertig
啡	fei	n.	Kaffee
第三天	di:san:tian	n.	dritter Tag
加急	jia:ji	v.	beschleunigen
妇人	fu:ren	n.	Frau
客栈	ke:zhan	n.	Gasthof
容纳	rong:na	v.	aufnehmen
中国互联网	zhong:guo:hu:lian:wang	n.	chinesisches Internet
党代会	dang:dai:hui	n.	Parteitag
花儿	hua:er	n.	Blume
气球	qi:qiu	n.	Luftballon
党建工作	dang:jian:gong:zuo	n.	Parteiaufbauarbeit
生命周期	sheng:ming:zhou:qi	n.	Lebenszyklus
睾丸	gao:wan	n.	Hoden
企业制度	qi:ye:zhi:du	n.	Unternehmenssystem
真实姓名	zhen:shi:xing:ming	n.	echter Name
火车票	huo:che:piao	n.	Fahrkarte
内幕	nei:mu	n.	Insiderwissen
市面上	shi:mian:shang	n.	auf dem Markt
班车	ban:che	n.	Shuttlebus
效果图	xiao:guo:tu	n.	Visualisierung
出面	chu:mian	v.	auftreten
日产	ri:chan	n.	Nissan
招待	zhao:dai	v.	bewirten
招待	zhao:dai	n.	Gastfreundschaft
布料	bu:liao	n.	Stoff
危险性	wei:xian:xing	n.	Gefährlichkeit
译者	yi:zhe	n.	Übersetzer
没用	mei:yong	adj.	nutzlos
预设	yu:she	v.	voreinstellen
预设	yu:she	n.	Voreinstellung
吾	wu	pron.	ich
多头	duo:tou	adj.	mehrköpfig
投降	tou:xiang	v.	kapitulieren
中签	zhong:qian	v.	gewinnen
存入	cun:ru	v.	einzahlen
新东方	xin:dong:fang	n.	New Oriental
批准文号	pi:zhun:wen:hao	n.	Zulassungsnummer
乳液	ru:ye	n.	Lotion
相关新闻	xiang:guan:xin:wen	n.	verwandte Nachrichten
停下来	ting:xia:lai	v.	anhalten
西侧	xi:ce	n.	Westseite
造就了	zao:jiu:le	v.	erschaffen
齐全的	qi:quan:de	adj.	vollständig
宛如	wan:ru	v.	als ob
要不要	yao:bu:yao	v.	ob oder nicht
看去	kan:qu	v.	aussehen wie
大容量	da:rong:liang	n.	große Kapazität
待定	dai:ding	adj.	unbestimmt
申领	shen:ling	v.	beantragen
五百	wu:bai	num.	500
就能够	jiu:neng:gou	v.	können
坛	tan	n.	topf
全会	quan:hui	n.	Plenarsitzung
都认为	dou:ren:wei	v.	alle glauben
脾	pi	n.	Milz
螺旋	luo:xuan	n.	spirale
钞票	chao:piao	n.	banknote
籍贯	ji:guan	n.	Heimatort
泉水	quan:shui	n.	Quellwasser
听到了	ting:dao:le	v.	gehört
知名企业	zhi:ming:qi:ye	n.	bekanntes Unternehmen
配上	pei:shang	v.	kombinieren
勇士	yong:shi	n.	krieger
专辑列表	zhuan:ji:lie:biao	n.	Albumliste
多条	duo:tiao	mw.	viele
可享受	ke:xiang:shou	v.	genießen können
文员	wen:yuan	n.	Bürokraft
中兴	zhong:xing	n.	Wiederaufstieg
待在	dai:zai	v.	verweilen
恒	heng	adj.	beständig
坏人	huai:ren	n.	böser Mensch
沧桑	cang:sang	n.	Veränderungen
盗贼	dao:zei	n.	Dieb
民居	min:ju	n.	Bauweise
在校生	zai:xiao:sheng	n.	Schüler
冲刺	chong:ci	v.	sprinten
所涉及	suo:she:ji	v.	einbeziehen
屠	tu	v.	schlachten
岛上	dao:shang	n.	auf der Insel
行星	xing:xing	n.	Planet
素描	su:miao	n.	Skizze
皇宫	huang:gong	n.	kaiserlicher Palast
一家人	yi:jia:ren	n.	eine Familie
蓉	rong	n.	lotus
支持你	zhi:chi:ni	v.	dich unterstützen
第二代	di:er:dai	n.	zweite Generation
包头	bao:tou	n.	Baotou
各乡镇	ge:xiang:zhen	n.	verschiedene Gemeinden
中层	zhong:ceng	n.	mittlere Schicht
长相	zhang:xiang	n.	Aussehen
不到位	bu:dao:wei	adj.	unzureichend
代理服务器	dai:li:fu:wu:qi	n.	Proxy-Server
城中	cheng:zhong	n.	in der Stadt
三个人	san:ge:ren	n.	drei Personen
树上	shu:shang	n.	auf dem Baum
共性	gong:xing	n.	Gemeinsamkeit
础	chu	n.	Fundament
曰	yue	v.	sagen
见附件	jian:fu:jian	v.	siehe Anhang
耸	song	v.	die Schultern zucken
不接受	bu:jie:shou	v.	nicht akzeptieren
计划经济	ji:hua:jing:ji	n.	Planwirtschaft
裂缝	lie:feng	n.	Riss
理所当然	li:suo:dang:ran	adj.	selbstverständlich
膊	bo	n.	Arm
面容	mian:rong	n.	Gesicht
售出	shou:chu	v.	verkaufen
主宰	zhu:zai	v.	beherrschen
主宰	zhu:zai	n.	Herrscher
降临	jiang:lin	v.	herabkommen
市场前景	shi:chang:qian:jing	n.	Marktaussichten
网站地图	wang:zhan:di:tu	n.	Sitemap
拇指	mu:zhi	n.	Daumen
精简	jing:jian	v.	straffen
不可或缺	bu:ke:huo:que	adj.	unverzichtbar
十佳	shi:jia	adj.	top zehn
通路	tong:lu	n.	Durchgang
通路	tong:lu	n.	Weg
近百	jin:bai	num.	fast 100
建设局	jian:she:ju	n.	Bauamt
政绩	zheng:ji	n.	politische Leistung
周密	zhou:mi	adj.	gründlich
民政部门	min:zheng:bu:men	n.	Zivilbehörde
瓶子	ping:zi	n.	Flasche
无图	wu:tu	adj.	ohne Bild
一卡通	yi:ka:tong	n.	Smartcard
经历过	jing:li:guo	v.	erlebt haben
开除	kai:chu	v.	entlassen
大大提高	da:da:ti:gao	v.	stark verbessern
逆	ni	adj.	umgekehrt
粪便	fen:bian	n.	Exkremente
共鸣	gong:ming	n.	Resonanz
共鸣	gong:ming	v.	resonieren
净土	jing:tu	n.	reines Land
可想而知	ke:xiang:er:zhi	v.	leicht vorstellbar
每吨	mei:dun	num.	pro Ton
压缩机	ya:suo:ji	n.	Kompressor
神话	shen:hua	n.	Mythos
神话	shen:hua	v.	mythologisieren
积蓄	ji:xu	v.	ansparen
积蓄	ji:xu	n.	Ersparnisse
山林	shan:lin	n.	Bergwald
坚定的	jian:ding:de	adj.	fest
文化程度	wen:hua:cheng:du	n.	Bildungsstand
幼稚	you:zhi	adj.	kindisch
寂寞的	ji:mo:de	adj.	einsam
经由	jing:you	prep.	über
双双	shuang:shuang	num.	paarweise
优先级	you:xian:ji	n.	Priorität
市人民政府	shi:ren:min:zheng:fu	n.	städtische Volksregierung
往上	wang:shang	adv.	aufwärts
审视	shen:shi	v.	prüfen
寿	shou	n.	Langlebigkeit
变质	bian:zhi	v.	verderben
变质	bian:zhi	v.	verändern
毛衣	mao:yi	n.	Pullover
驾驭	jia:yu	v.	beherrschen
赎回	shu:hui	v.	zurückkaufen
驱	qu	v.	vertreiben
小猫	xiao:mao	n.	Kätzchen
越发	yue:fa	adv.	immer mehr
技术培训	ji:shu:pei:xun	n.	technische Schulung
膝盖	xi:gai	n.	Knie
孟子	meng:zi	n.	Mencius
照相机	zhao:xiang:ji	n.	Kamera
免收	mian:shou	v.	gebührenfrei erheben
土地管理	tu:di:guan:li	n.	Landmanagement
猴	hou	n.	Affe
爱尔兰	ai:er:lan	n.	Irland
佣	yong	n.	Provision
轻声	qing:sheng	n.	neutraler Ton
出口企业	chu:kou:qi:ye	n.	Exportunternehmen
当地政府	dang:di:zheng:fu	n.	lokale Regierung
镜片	jing:pian	n.	Linse
品格	pin:ge	n.	Charakter
新工艺	xin:gong:yi	n.	neues Verfahren
区域经济	qu:yu:jing:ji	n.	Regionalwirtschaft
太原市	tai:yuan:shi	n.	Stadt Taiyuan
毅	yi	adj.	entschlossen
青龙	qing:long	n.	Qinglong
嫌疑	xian:yi	n.	Verdacht
嫌疑	xian:yi	v.	verdächtigen
外观设计	wai:guan:she:ji	n.	Außendesign
玉器	yu:qi	n.	Jadearbeiten
舅	jiu	n.	Onkel mütterlicherseits
经济型	jing:ji:xing	adj.	Economy-Typ
课题研究	ke:ti:yan:jiu	n.	Forschungsprojekt
矩阵	ju:zhen	n.	Matrix
茫茫	mang:mang	adj.	weitläufig
商品信息	shang:pin:xin:xi	n.	Produktinformation
与众不同	yu:zhong:bu:tong	adj.	einzigartig
暗中	an:zhong	adv.	heimlich
公共汽车	gong:gong:qi:che	n.	Bus
主办方	zhu:ban:fang	n.	Veranstalter
映射	ying:she	v.	abbilden
车票	che:piao	n.	Fahrkarte
贝壳	bei:ke	n.	Muschel
选民	xuan:min	n.	Wähler
牙膏	ya:gao	n.	Zahnpasta
监听	jian:ting	v.	belauschen
紧紧地	jin:jin:de	adv.	fest
境地	jing:di	n.	Zustand
挪威	nuo:wei	n.	Norwegen
招生计划	zhao:sheng:ji:hua	n.	Aufnahmeplan
开发人员	kai:fa:ren:yuan	n.	Entwickler
铜	tong	n.	Kupfer
通俗	tong:su	adj.	populär
较量	jiao:liang	v.	compétition
结成	jie:cheng	v.	bilden
全员	quan:yuan	n.	alle Mitglieder
至尊	zhi:zun	adj.	höchste
该片	gai:pian	n.	dieser Film
气流	qi:liu	n.	Luftstrom
各个环节	ge:ge:huan:jie	n.	jedes Glied
发短信	fa:duan:xin	v.	SMS senden
沟通能力	gou:tong:neng:li	n.	Kommunikationsfähigkeit
美德	mei:de	n.	Tugend
房屋建筑	fang:wu:jian:zhu	n.	Gebäude Bau
第三代	di:san:dai	n.	dritte Generation
韭菜	jiu:cai	n.	Lauch
水土保持	shui:tu:bao:chi	v.	Bodenschutz
林地	lin:di	n.	Waldland
太小	tai:xiao	adj.	zu klein
娟	juan	n.	Juan (Name)
双面	shuang:mian	adj.	doppelseitig
搬运	ban:yun	v.	transportieren
不一致	bu:yi:zhi	adj.	inkonsistent
不一致	bu:yi:zhi	v.	nicht übereinstimmen
眯	mi	v.	blinzeln
保暖	bao:nuan	v.	warmhalten
红外线	hong:wai:xian	n.	Infrarot
下页	xia:ye	n.	nächste Seite
短片	duan:pian	n.	Kurzfilm
诗仙	shi:xian	n.	Dichtergott
绘图	hui:tu	v.	zeichnen
动用	dong:yong	v.	einsetzen
多彩	duo:cai	adj.	vielfältig
损益	sun:yi	n.	Gewinn und Verlust
赞誉	zan:yu	n.	Lob
赞誉	zan:yu	v.	preisen
政法	zheng:fa	n.	Politik und Recht
服务部	fu:wu:bu	n.	Serviceabteilung
资历	zi:li	n.	Qualifikation
少林	shao:lin	n.	Shaolin
抗拒	kang:ju	v.	widerstehen
老师们	lao:shi:men	n.	Lehrer
鹦鹉	ying:wu	n.	Papagei
探头	tan:tou	v.	hervorstechen
花样	hua:yang	n.	Muster
花样	hua:yang	n.	Trick
城建	cheng:jian	n.	Stadtbau
奶粉	nai:fen	n.	Milchpulver
水肿	shui:zhong	n.	Ödem
淫	yin	adj.	züchtig
腰带	yao:dai	n.	Gürtel
食盐	shi:yan	n.	Salz
出货	chu:huo	v.	ausliefern
默契	mo:qi	n.	Einvernehmen
幕后	mu:hou	n.	hinter den Kulissen
真伪	zhen:wei	n.	Echtheit
大学英语	da:xue:ying:yu	n.	Collegeenglisch
小车	xiao:che	n.	kleines auto
灵敏	ling:min	adj.	empfindlich
灵敏	ling:min	adj.	flink
重型	zhong:xing	adj.	schwer
风机	feng:ji	n.	windrad
郭靖	guo:jing	n.	Guo Jing
万家	wan:jia	n.	zehntausend Haushalte
子系统	zi:xi:tong	n.	subsystem
服务水平	fu:wu:shui:ping	n.	serviceniveau
二中	er:zhong	n.	zweite Mittelschule
重伤	zhong:shang	n.	schwere Verletzung
重伤	zhong:shang	v.	schwer verletzen
地下水	di:xia:shui	n.	Grundwasser
加息	jia:xi	v.	Zinsen erhöhen
一文	yi:wen	n.	ein Artikel
高品质的	gao:pin:zhi:de	adj.	hochwertig
委托代理人	wei:tuo:dai:li:ren	n.	Bevollmächtigter
摄取	she:qu	v.	aufnehmen
教学过程	jiao:xue:guo:cheng	n.	Lehrprozess
吩	fen	v.	murmeln
开心的	kai:xin:de	adj.	glücklich
主要问题	zhu:yao:wen:ti	n.	Hauptproblem
给学生	gei:xue:sheng	v.	studenten geben
本部门	ben:bu:men	n.	diese Abteilung
盛世	sheng:shi	n.	blühende Zeitalter
回首	hui:shou	v.	zurückblicken
缺货	que:huo	v.	ausverkauft sein
星际	xing:ji	adj.	interstellar
巡逻	xun:luo	v.	patrouillieren
祝你	zhu:ni	v.	dir wünsche
葡萄牙	pu:tao:ya	n.	Portugal
溶剂	rong:ji	n.	Lösungsmittel
划拨	hua:bo	v.	zuteilen
民营经济	min:ying:jing:ji	n.	Privatwirtschaft
七天	qi:tian	num.	7 Tage
每种	mei:zhong	pron.	jede Art
匪	fei	n.	Bandit
西装	xi:zhuang	n.	Anzug
见到了	jian:dao:le	v.	getroffen
纯净水	chun:jing:shui	n.	reines Wasser
共产	gong:chan	v.	kommunistisch
好用	hao:yong	adj.	praktisch
问卷	wen:juan	n.	Fragebogen
绩效考核	ji:xiao:kao:he	n.	Leistungsbeurteilung
江河	jiang:he	n.	Fluss, Fluss
启动了	qi:dong:le	v.	starten
始终保持	shi:zhong:bao:chi	v.	stets beibehalten
用时	yong:shi	n.	Zeitaufwand
转了	zhuan:le	v.	gedreht
冶炼	ye:lian	v.	schmelzen
没想	mei:xiang	v.	nicht gedacht
羽毛球	yu:mao:qiu	n.	Badminton
实习生	shi:xi:sheng	n.	Praktikant
誓言	shi:yan	n.	Schwur
健全的	jian:quan:de	adj.	gesund
残酷的	can:ku:de	adj.	grausam
激战	ji:zhan	n.	heftiger Kampf
选择性	xuan:ze:xing	n.	Selektivität
对我来说	dui:wo:lai:shuo	prep.	für mich
初衷	chu:zhong	n.	ursprüngliche Absicht
独立性	du:li:xing	n.	Unabhängigkeit
管理学院	guan:li:xue:yuan	n.	Management-Fakultät
新阶段	xin:jie:duan	n.	neue Phase
腰部	yao:bu	n.	Taille
家庭成员	jia:ting:cheng:yuan	n.	Familienmitglied
禁区	jin:qu	n.	Sperrzone
信道	xin:dao	n.	Kanal
心爱	xin:ai	adj.	geliebt
意外的	yi:wai:de	adj.	unerwartet
混淆	hun:xiao	v.	verwirren
片名	pian:ming	n.	Filmtitel
第四十二条	di:si:shi:er:tiao	num.	Artikel 42
牧	mu	v.	weiden
湿的	shi:de	adj.	nass
役	yi	n.	Rolle
护肤品	hu:fu:pin	n.	Hautpflegeprodukt
应用系统	ying:yong:xi:tong	n.	Anwendungssystem
呼吸道	hu:xi:dao	n.	Atemwege
主管机关	zhu:guan:ji:guan	n.	zuständige Behörde
诡	gui	adj.	täuschend
供货商	gong:huo:shang	n.	Lieferant
适应性	shi:ying:xing	n.	Anpassungsfähigkeit
追赶	zhui:gan	v.	jagen
男主角	nan:zhu:jue	n.	männlicher Hauptdarsteller
琢磨	zhuo:mo	v.	nachdenken
琢磨	zuo:mo	v.	grübelnen
沮丧	ju:sang	adj.	frustriert
最主要	zui:zhu:yao	adj.	am wichtigsten
还请	hai:qing	adv.	bitte auch
触摸屏	chu:mo:ping	n.	Touchscreen
下降了	xia:jiang:le	v.	sinken
善良的	shan:liang:de	adj.	gütig
阶段性	jie:duan:xing	adj.	phasenweise
城管	cheng:guan	n.	Stadtverwaltung
端正	duan:zheng	adj.	aufrecht
发电机	fa:dian:ji	n.	Generator
无量	wu:liang	adj.	unermesslich
来得及	lai:de:ji	v.	rechtzeitig sein
烟雾	yan:wu	n.	Rauch
正确地	zheng:que:de	adv.	richtig
不慎	bu:shen	adv.	unvorsichtig
私自	si:zi	adv.	eigenmächtig
现代教育	xian:dai:jiao:yu	n.	moderne Bildung
以下几点	yi:xia:ji:dian	n.	die folgenden Punkte
多半	duo:ban	adv.	wahrscheinlich
阵营	zhen:ying	n.	Lager
他觉得	ta:jue:de	pron.	er fühlt
现行的	xian:xing:de	adj.	aktuell
付出了	fu:chu:le	v.	zahlen
虽是	sui:shi	conj.	obwohl
皮带	pi:dai	n.	Gürtel
号为	hao:wei	v.	genannt werden
基本条件	ji:ben:tiao:jian	n.	Grundbedingungen
养老金	yang:lao:jin	n.	Rente
书目	shu:mu	n.	Katalog
星期二	xing:qi:er	n.	Dienstag
惬意	qie:yi	adj.	angenehm
蓬勃发展	peng:bo:fa:zhan	v.	kräftig wachsen
送去	song:qu	v.	schicken
普通人	pu:tong:ren	n.	gewöhnlicher Mensch
纤	xian	adj.	schlank
没有想到	mei:you:xiang:dao	v.	nicht erwarten
庐山	lu:shan	n.	Lushan
心理的	xin:li:de	adj.	psychologisch
服药	fu:yao	v.	Medikamente einnehmen
赶上	gan:shang	v.	aufholen
式样	shi:yang	n.	Stil, Modell
配料	pei:liao	n.	Zutat
天气预报	tian:qi:yu:bao	n.	Wettervorhersage
场馆	chang:guan	n.	Veranstaltungsort
画出	hua:chu	v.	herauszeichnen
昏迷	hun:mi	v.	im Koma liegen
昏迷	hun:mi	n.	Koma
销售部	xiao:shou:bu	n.	Verkaufsabteilung
溢出	yi:chu	v.	überlaufen
航行	hang:xing	v.	se naviguer
深层次	shen:ceng:ci	n.	tiefe Ebene
抓起	zhua:qi	v.	aufgreifen
旅游景点	lv:you:jing:dian	n.	Touristenattraktion
胜利的	sheng:li:de	adj.	siegreich
组织协调	zu:zhi:xie:tiao	v.	organisieren und koordinieren
腐	fu	v.	verrotten
叉车	cha:che	n.	Gabelstapler
太极拳	tai:ji:quan	n.	Tai Chi
达成协议	da:cheng:xie:yi	v.	eine Vereinbarung treffen
哲学家	zhe:xue:jia	n.	Philosoph
更需要	geng:xu:yao	v.	mehr brauchen
先看	xian:kan	v.	zuerst schauen
而行	er:xing	v.	handeln
最难	zui:nan	adj.	am schwierigsten
现代社会	xian:dai:she:hui	n.	moderne Gesellschaft
个人空间	ge:ren:kong:jian	n.	persönlicher Raum
特许经营	te:xu:jing:ying	n.	Franchising
资源优势	zi:yuan:you:shi	n.	Ressourcen-Vorteil
姻	yin	n.	Heirat
下单	xia:dan	v.	bestellen
差异化	cha:yi:hua	v.	differenzieren
晰	xi	adj.	klar
渊	yuan	n.	Abgrund
亭	ting	n.	Pavillon
购进	gou:jin	v.	einkaufen
邀	yao	v.	einladen
佩戴	pei:dai	v.	tragen
高额	gao:e	n.	hoher Betrag
所有制	suo:you:zhi	n.	Eigentumsform
哄	hong	v.	überreden
刘先生	liu:xian:sheng	n.	Herr Liu
功能性	gong:neng:xing	n.	Funktionalität
装入	zhuang:ru	v.	hineinladen
异味	yi:wei	n.	unangenehmer Geruch
继而	ji:er	adv.	daraufhin
相互作用	xiang:hu:zuo:yong	n.	Wechselwirkung
凶手	xiong:shou	n.	Mörder
租车	zu:che	v.	Auto mieten
骚	sao	adj.	obszön
骚	sao	adj.	stinkend
技术资料	ji:shu:zi:liao	n.	technische Daten
厚重	hou:zhong	adj.	dick und schwer
家门	jia:men	n.	Haustür
宝安区	bao:an:qu	n.	Bezirk Bao'an
打斗	da:dou	v.	kämpfen
理事长	li:shi:zhang	n.	Vorsitzender
墓	mu	n.	Grab
倒下	dao:xia	v.	umfallen
自古	zi:gu	adv.	seit alter Zeit
宝典	bao:dian	n.	Schatzbuch
统称	tong:cheng	v.	als Kollektiv bezeichnen
柯	ke	n.	Ke
快餐	kuai:can	n.	Fast Food
平滑	ping:hua	adj.	glatt
最著名	zui:zhu:ming	adj.	am bekanntesten
谦虚	qian:xu	adj.	bescheiden
游离	you:li	v.	abdriften
潮湿	chao:shi	adj.	feucht
武警	wu:jing	n.	bewaffnete Polizei
船长	chuan:zhang	n.	Kapitän
轻度	qing:du	adj.	leicht
轻度	qing:du	n.	Leichtigkeit
狗肉	gou:rou	n.	Hundefleisch
书法家	shu:fa:jia	n.	Kalligraph
看电影	kan:dian:ying	v.	einen Film schauen
胃口	wei:kou	n.	Appetit
技术员	ji:shu:yuan	n.	Techniker
开发公司	kai:fa:gong:si	n.	Entwicklungsgesellschaft
不屑	bu:xie	v.	verachten
荆州	jing:zhou	n.	Jingzhou
市值	shi:zhi	n.	Marktwert
拉住	la:zhu	v.	festhalten
拖动	tuo:dong	v.	ziehen
押金	ya:jin	n.	Kaution
中国工商银行	zhong:guo:gong:shang:yin:hang	n.	ICBC
两三	liang:san	num.	zwei oder drei
这批	zhe:pi	pron.	diese Charge
请点击这里	qing:dian:ji:zhe:li	v.	hier klicken
任免	ren:mian	v.	ernennen und absetzen
谢谢了	xie:xie:le	v.	danke
方圆	fang:yuan	n.	Radius/Umfang
胜负	sheng:fu	n.	Sieg oder Niederlage
委实	wei:shi	adv.	wirklich
控告	kong:gao	v.	anklagen
苗族	miao:zu	n.	Miao-Volk
虚伪	xu:wei	adj.	heuchlerisch
液晶屏	ye:jing:ping	n.	lcd-bildschirm
增量	zeng:liang	n.	zuwachs
增量	zeng:liang	v.	erhöhen
相聚	xiang:ju	v.	zusammenkommen
攻势	gong:shi	n.	offensive
深表	shen:biao	v.	tief ausdrücken
筋	jin	n.	muskel
编著	bian:zhu	v.	verfassen
编著	bian:zhu	n.	kompilation
答疑	da:yi	v.	fragen beantworten
服务内容	fu:wu:nei:rong	n.	serviceinhalt
桑拿	sang:na	n.	sauna
崔	cui	n.	Cui
单独的	dan:du:de	adj.	allein, separat
全国人大	quan:guo:ren:da	n.	Nationaler Volkskongress
充满活力	chong:man:huo:li	adj.	voller Vitalität
出名	chu:ming	v.	berühmt werden
废弃物	fei:qi:wu	n.	Abfall, Unrat
迈进	mai:jin	v.	schreiten, vorrücken
山中	shan:zhong	n.	in den Bergen
原是	yuan:shi	v.	war ursprünglich
路子	lu:zi	n.	Weg, Methode
照射	zhao:she	v.	bestrahlen, leuchten
情歌	qing:ge	n.	Liebeslied
红了	hong:le	v.	berühmt werden, rot werden
回放	hui:fang	v.	wiedergabe, abspielen
在任	zai:ren	adj.	im Amt
好运	hao:yun	n.	Glück, Glückseligkeit
入市	ru:shi	v.	in den Markt eintreten
应予	ying:yu	v.	sollte gewähren
服务电话	fu:wu:dian:hua	n.	Service-Telefonnummer
可口	ke:kou	adj.	lecker, schmackhaft
正式的	zheng:shi:de	adj.	formell
双线	shuang:xian	n.	Doppellinie
四次	si:ci	num.	4 Mal
追捧	zhui:peng	v.	verfolgen
这样的事	zhe:yang:de:shi	n.	solche Dinge
可进	ke:jin	v.	eintreten können
分发	fen:fa	v.	verteilen
键值	jian:zhi	n.	Schlüssel-Wert
浪子	lang:zi	n.	Vagabund
车速	che:su	n.	Fahrgeschwindigkeit
不适应	bu:shi:ying	v.	sich nicht anpassen
包袱	bao:fu	n.	Last
接送	jie:song	v.	abholen und bringen
灿	can	adj.	glänzend
不在线	bu:zai:xian	adj.	offline
分期	fen:qi	v.	in Raten zahlen
消费税	xiao:fei:shui	n.	Verbrauchsteuer
又叫	you:jiao	v.	auch genannt
只知道	zhi:zhi:dao	v.	nur wissen
光照	guang:zhao	n.	Lichteinstrahlung
荷花	he:hua	n.	Lotusblüte
焦距	jiao:ju	n.	Brennweite
高速发展	gao:su:fa:zhan	v.	schnell entwickeln
高速发展	gao:su:fa:zhan	n.	rasche Entwicklung
三代	san:dai	num.	3. Generation
在现场	zai:xian:chang	prep.	vor Ort
告诫	gao:jie	v.	warnen, mahnen
所言	suo:yan	n.	das Gesagte
基本概念	ji:ben:gai:nian	n.	Grundkonzept
换取	huan:qu	v.	eintauschen
汕头市	shan:tou:shi	n.	Stadt Shantou
为契机	wei:qi:ji	prep.	als Anlass
安全套	an:quan:tao	n.	Kondom
退役	tui:yi	v.	aus dem Dienst scheiden
折腾	zhe:teng	v.	herumärgern
总金额	zong:jin:e	n.	Gesamtbetrag
社区服务	she:qu:fu:wu	n.	Gemeindedienst
志愿服务	zhi:yuan:fu:wu	n.	Ehrenamt, Freiwilligendienst
回升	hui:sheng	v.	ansteigen, wieder steigen
排查	pai:cha	v.	überprüfen, durchsuchen
此商品	ci:shang:pin	n.	dieses Produkt
自用	zi:yong	v.	selbst verwenden
高产	gao:chan	adj.	ertragreich
在建	zai:jian	adj.	im Bau
打断	da:duan	v.	unterbrechen
一个小时	yi:ge:xiao:shi	num.	eine Stunde
捷	jie	adj.	schnell, flink
十五日	shi:wu:ri	num.	15. Tag
可采用	ke:cai:yong	v.	übernehmen können
发呆	fa:dai	v.	starren
拘留	ju:liu	v.	festnehmen
拘留	ju:liu	n.	Haft
昆仑	kun:lun	n.	Kunlun-Gebirge
好似	hao:si	v.	scheinen
电讯	dian:xun	n.	Telekommunikation
史料	shi:liao	n.	historische Quellen
当真	dang:zhen	adv.	wirklich
人像	ren:xiang	n.	Porträt
网络管理	wang:luo:guan:li	n.	Netzwerkverwaltung
大叔	da:shu	n.	Onkel
遗憾的是	yi:han:de:shi	conj.	leider
赠品	zeng:pin	n.	Gratisbeigabe
股本	gu:ben	n.	Stammkapital
年月	nian:yue	n.	Jahre und Monate
午夜	wu:ye	n.	Mitternacht
停产	ting:chan	v.	Produktion einstellen
方便地	fang:bian:de	adv.	praktisch
偶然的	ou:ran:de	adj.	zufällig
呆了	dai:le	v.	fassungslos sein
学术界	xue:shu:jie	n.	Akademiewelt
代言	dai:yan	v.	werben
墙体	qiang:ti	n.	Wand, Mauer
淋	lin	v.	nass machen, gießen
刻录机	ke:lu:ji	n.	Recorder, Brenner
突破了	tu:po:le	v.	durchbrechen, übertreffen
摄氏度	she:shi:du	n.	Grad Celsius
再创	zai:chuang	v.	erneut schaffen
适中	shi:zhong	adj.	angemessen, mittelmäßig
侦查	zhen:cha	v.	untersuchen, Aufklärung
附表	fu:biao	n.	Anhang, Beilage
高涨	gao:zhang	v.	steigen, ansteigen
集聚	ji:ju	v.	sammeln, konzentrieren
睡了	shui:le	v.	geschlafen
视窗	shi:chuang	n.	Fenster
双层	shuang:ceng	adj.	doppelschichtig, zweistöckig
卡车	ka:che	n.	LKW, Lastwagen
综合征	zong:he:zheng	n.	Syndrom
用料	yong:liao	n.	Zutaten, Materialien
听取了	ting:qu:le	v.	gehört, angehört
弗	fu	part.	nicht
本本	ben:ben	num.	jedes Buch
人才队伍	ren:cai:dui:wu	n.	Talente-Pool
六级	liu:ji	num.	Stufe sechs, sechste Klasse
涉足	she:zu	v.	betreten, sich einmischen
无语	wu:yu	adj.	sprachlos
围绕着	wei:rao:zhe	v.	umgeben
地主	di:zhu	n.	Großgrundbesitzer
矿泉水	kuang:quan:shui	n.	Mineralwasser
普通高中	pu:tong:gao:zhong	n.	reguläres Gymnasium
上诉	shang:su	v.	berufen
交通安全	jiao:tong:an:quan	n.	Verkehrssicherheit
机子	ji:zi	n.	Maschine
冷水	leng:shui	n.	kaltes Wasser
辑	ji	v.	editieren
患病	huan:bing	v.	krank werden
英文名	ying:wen:ming	n.	englischer Name
孕育	yun:yu	v.	nähren
诅咒	zu:zhou	v.	verfluchen
书本	shu:ben	n.	Bücher
技术含量	ji:shu:han:liang	n.	technischer Gehalt
大部分的	da:bu:fen:de	adj.	meistens
美眉	mei:mei	n.	hübsches Mädchen
面色	mian:se	n.	Gesichtsfarbe
向东	xiang:dong	prep.	nach Osten
翻身	fan:shen	v.	sich umdrehen
导购	dao:gou	v.	einkauf beraten
导购	dao:gou	n.	Einkaufsberater
咨询师	zi:xun:shi	n.	Berater
忽略了	hu:lve:le	v.	ignorieren
多年前	duo:nian:qian	n.	vor vielen Jahren
深知	shen:zhi	v.	tief wissen
自然环境	zi:ran:huan:jing	n.	natürliche Umgebung
新闻发布	xin:wen:fa:bu	n.	Pressemitteilung
随心所欲	sui:xin:suo:yu	v.	tun was man will
实事	shi:shi	n.	Tatsache
同城	tong:cheng	adj.	gleiche Stadt
建成后	jian:cheng:hou	n.	nach Fertigstellung
充分认识	chong:fen:ren:shi	v.	vollständig erkennen
构件	gou:jian	n.	Bauteil
外交部	wai:jiao:bu	n.	Außenministerium
总能	zong:neng	adv.	immer können
恐慌	kong:huang	n.	Panik
恐慌	kong:huang	v.	panikartig werden
数码产品	shu:ma:chan:pin	n.	digitale Produkte
庄子	zhuang:zi	n.	Zhuangzi
尖叫	jian:jiao	v.	schreien
必需的	bi:xu:de	adj.	essenziell
新情况	xin:qing:kuang	n.	neue Situation
来不及	lai:bu:ji	v.	zu spät kommen
成语	cheng:yu	n.	Redewendung
钢结构	gang:jie:gou	n.	Stahlkonstruktion
香格里拉	xiang:ge:li:la	n.	Shangri-La
检举	jian:ju	v.	melden
棍	gun	n.	Stock
四位	si:wei	num.	4 Personen
一时的	yi:shi:de	adj.	vorübergehend
部委	bu:wei	n.	Ministerium und Kommission
电镀	dian:du	v.	galvanisieren
日夜	ri:ye	n.	Tag und Nacht
日夜	ri:ye	adv.	Tag und Nacht
一地	yi:di	n.	ein Ort
纸上	zhi:shang	n.	auf Papier
经办机构	jing:ban:ji:gou	n.	Bearbeitungsstelle
答应了	da:ying:le	v.	zugestimmt
反响	fan:xiang	n.	Resonanz
走入	zou:ru	v.	eintreten
烟花	yan:hua	n.	Feuerwerk
极高	ji:gao	adj.	extrem hoch
开局	kai:ju	n.	Eröffnung
表达式	biao:da:shi	n.	Ausdruck
修剪	xiu:jian	v.	beschneiden
英格兰	ying:ge:lan	n.	England
绳	sheng	n.	Seil
入股	ru:gu	v.	investieren
双色球	shuang:se:qiu	n.	farbige Kugel
严厉	yan:li	adj.	streng
税额	shui:e	n.	Steuerbetrag
优劣	you:lie	n.	Vor- und Nachteile
作法	zuo:fa	n.	Methode
骆驼	luo:tuo	n.	Kamel
灭火	mie:huo	v.	Feuer löschen
别致	bie:zhi	adj.	originell
餐桌	can:zhuo	n.	Esstisch
二百	er:bai	num.	zweihundert
频	pin	adv.	häufig
佛像	fo:xiang	n.	Buddha-Statue
干活	gan:huo	v.	arbeiten
受教育	shou:jiao:yu	v.	gebildet werden
四楼	si:lou	n.	vierte Etage
总决赛	zong:jue:sai	n.	Finale
酒类	jiu:lei	n.	alkohol
钢板	gang:ban	n.	Stahlplatte
巡视	xun:shi	v.	inspizieren
高空	gao:kong	n.	große Höhe
污水处理	wu:shui:chu:li	n.	Abwasserreinigung
安全隐患	an:quan:yin:huan	n.	Sicherheitsrisiko
淡化	dan:hua	v.	verdünnen
望去	wang:qu	v.	blicken zu
入睡	ru:shui	v.	einschlafen
廊	lang	n.	Flur
宝钢	bao:gang	n.	Baosteel
长效	chang:xiao	adj.	lang wirksam
该死	gai:si	adj.	verdammt
九年	jiu:nian	num.	9 Jahre
两方面	liang:fang:mian	n.	zwei Aspekte
恋情	lian:qing	n.	Liebe
负责任	fu:ze:ren	v.	Verantwortung übernehmen
也罢	ye:ba	part.	sei es auch
纹理	wen:li	n.	Textur
美洲	mei:zhou	n.	Amerika
步兵	bu:bing	n.	Infanterie
覆盖面	fu:gai:mian	n.	Abdeckung
伤亡	shang:wang	n.	Verluste
六个月	liu:ge:yue	num.	6 Monate
篮板	lan:ban	n.	Rebound
表现形式	biao:xian:xing:shi	n.	Ausdrucksform
迟到	chi:dao	v.	zu spät kommen
公司网站	gong:si:wang:zhan	n.	Unternehmenswebsite
稳固	wen:gu	adj.	stabil
稳固	wen:gu	v.	festigen
名牌产品	ming:pai:chan:pin	n.	Markenprodukt
畏	wei	v.	fürchten
洗脸	xi:lian	v.	das Gesicht waschen
先进个人	xian:jin:ge:ren	n.	vorbildliche Person
有情	you:qing	adj.	liebevoll
歇	xie	v.	ausruhen
大股东	da:gu:dong	n.	Hauptaktionär
第二阶段	di:er:jie:duan	n.	zweite Phase
示范区	shi:fan:qu	n.	Demonstrationszone
裹	guo	v.	einwickeln
苗	miao	n.	Setzling
苗	miao	n.	Impfstoff
海龙	hai:long	n.	Sedrache
选区	xuan:qu	n.	Wahlkreis
病症	bing:zheng	n.	Symptom
车位	che:wei	n.	Parkplatz
早年	zao:nian	n.	frühe Jahre
繁体中文	fan:ti:zhong:wen	n.	traditionelles Chinesisch
买来	mai:lai	v.	kaufen
抽取	chou:qu	v.	extrahieren
喝水	he:shui	v.	Wasser trinken
第三步	di:san:bu	n.	dritter Schritt
山脉	shan:mai	n.	Gebirge
绳子	sheng:zi	n.	Seil
墨水	mo:shui	n.	Tinte
圣地	sheng:di	n.	heiliger Ort
要做好	yao:zuo:hao	v.	gut machen
较短	jiao:duan	adj.	relativ kurz
网络信息	wang:luo:xin:xi	n.	Online-Information
贮藏	zhu:cang	v.	lagern
射线	she:xian	n.	Strahl
百余	bai:yu	num.	über 100
乙肝	yi:gan	n.	Hepatitis B
盼	pan	v.	hoffen
小幅	xiao:fu	adj.	geringfügig
打字	da:zi	v.	tippen
房东	fang:dong	n.	Vermieter
社会主义事业	she:hui:zhu:yi:shi:ye	n.	sozialistische Sache
软件类型	ruan:jian:lei:xing	n.	Softwaretyp
两层	liang:ceng	num.	zwei Schichten
两层	liang:ceng	n.	zweistöckig
国际合作	guo:ji:he:zuo	n.	internationale Zusammenarbeit
楼宇	lou:yu	n.	Gebäude
七大	qi:da	num.	sieben große
四年级	si:nian:ji	n.	vierte Klasse
工作职责	gong:zuo:zhi:ze	n.	Arbeitsverantwortlichkeiten
喊道	han:dao	v.	rufen
房里	fang:li	n.	im Zimmer
共赢	gong:ying	v.	Win-win
七彩	qi:cai	adj.	bunt
党政机关	dang:zheng:ji:guan	n.	Partei- und Regierungsbehörden
装扮	zhuang:ban	v.	verkleiden
装扮	zhuang:ban	n.	Verkleidung
变速箱	bian:su:xiang	n.	Getriebe
换来	huan:lai	v.	erbringen
嵌入	qian:ru	v.	einbetten
小路	xiao:lu	n.	Pfad
耍	shua	v.	spielen
煞	sha	adv.	extrem
生活环境	sheng:huo:huan:jing	n.	Lebensumfeld
晓得	xiao:de	v.	wissen
延时	yan:shi	v.	verzögern
不由自主	bu:you:zi:zhu	adj.	unwillkürlich
两周	liang:zhou	num.	2 Wochen
容貌	rong:mao	n.	Aussehen
寝	qin	v.	schlafen
开户银行	kai:hu:yin:hang	n.	Eröffnungskonto-Bank
实质上	shi:zhi:shang	adv.	im Wesentlichen
盐酸	yan:suan	n.	Salzsäure
复印机	fu:yin:ji	n.	Kopiergerät
交流会	jiao:liu:hui	n.	Austauschtreffen
麻将	ma:jiang	n.	Mah-Jongg
产品设计	chan:pin:she:ji	n.	Produktdesign
转头	zhuan:tou	v.	den Kopf drehen
尘埃	chen:ai	n.	Staub
迫切需要	po:qie:xu:yao	v.	dringend benötigen
野兽	ye:shou	n.	Bestie
多处	duo:chu	n.	viele Stellen
第五节	di:wu:jie	n.	fünfte Sektion
银川	yin:chuan	n.	Yinchuan
缺省	que:sheng	v.	standardmäßig einstellen
瞒	man	v.	verbergen
换届	huan:jie	v.	Amtswechsel
干部队伍	gan:bu:dui:wu	n.	Kaderteam
芝麻	zhi:ma	n.	Sesam
打招呼	da:zhao:hu	v.	grüßen
国度	guo:du	n.	Land, Nation
商务中心	shang:wu:zhong:xin	n.	Geschäftszentrum
憧憬	chong:jing	v.	sehnen nach
憧憬	chong:jing	n.	Sehnsucht, Ideal
法制宣传	fa:zhi:xuan:chuan	n.	Rechtsaufklärung
火山	huo:shan	n.	Vulkan
相貌	xiang:mao	n.	Aussehen, Gesicht
四项	si:xiang	num.	4 Artikel, 4 Punkte
电脑网络	dian:nao:wang:luo	n.	Computernetzwerk
接地	jie:di	v.	erden
火力	huo:li	n.	Feuerkraft
减速	jian:su	v.	verlangsamen
每期	mei:qi	num.	jede Ausgabe, jede Sitzung
时事	shi:shi	n.	Zeitgeschehen
网飞	wang:fei	n.	Netflix
约莫	yue:mo	adv.	ungefähr, etwa
东京	dong:jing	n.	Tokio
寄存器	ji:cun:qi	n.	Register
理顺	li:shun	v.	ordnen, glätten
个人网站	ge:ren:wang:zhan	n.	persönliche website
罪恶	zui:e	n.	Sünde
南宫	nan:gong	n.	Nangong
税务登记	shui:wu:deng:ji	n.	steuerliche registrierung
羊毛	yang:mao	n.	wolle
添	tian	v.	hinzufügen
股指	gu:zhi	n.	Aktienindex
汉子	han:zi	n.	Mann
中文网	zhong:wen:wang	n.	chinesische website
青海省	qing:hai:sheng	n.	Provinz Qinghai
有关政策	you:guan:zheng:ce	n.	relevante politiken
农业技术	nong:ye:ji:shu	n.	Agrartechnologie
茫然	mang:ran	adj.	verwirrt
酸性	suan:xing	n.	säurehaltigkeit
松开	song:kai	v.	lockern
长出	zhang:chu	v.	wachsen
校外	xiao:wai	n.	außerhalb des campus
燕子	yan:zi	n.	Schwalbe
报告会	bao:gao:hui	n.	Berichtstreffen
步行街	bu:xing:jie	n.	Fußgängerzone
人民银行	ren:min:yin:hang	n.	Volksbank
嫂	sao	n.	Schwägerin
独资	du:zi	v.	allein finanzieren
独资	du:zi	n.	Einzelunternehmen
全部内容	quan:bu:nei:rong	n.	gesamter Inhalt
宴会	yan:hui	n.	Bankett
宴会	yan:hui	v.	ein Bankett abhalten
广告宣传	guang:gao:xuan:chuan	n.	Werbung
申报材料	shen:bao:cai:liao	n.	Meldeunterlagen
主频	zhu:pin	n.	Hauptfrequenz
中西	zhong:xi	n.	China und Westen
更长	geng:chang	adj.	länger
计数器	ji:shu:qi	n.	Zähler
胸怀	xiong:huai	n.	Herz
胸怀	xiong:huai	v.	umarmen
正常运行	zheng:chang:yun:xing	v.	normal laufen
工程量	gong:cheng:liang	n.	Arbeitsvolumen
外墙	wai:qiang	n.	Außenwand
纠	jiu	v.	korrigieren
金字塔	jin:zi:ta	n.	Pyramide
慨	kai	v.	beklagen
每亩	mei:mu	num.	pro Mu
嚷	rang	v.	schreien
科幻	ke:huan	n.	Science-Fiction
民族文化	min:zu:wen:hua	n.	Nationalkultur
瞩目	zhu:mu	v.	Aufmerksamkeit erregen
高超	gao:chao	adj.	meisterhaft
货币政策	huo:bi:zheng:ce	n.	Geldpolitik
松弛	song:chi	adj.	entspannt
松弛	song:chi	v.	entspannen
城镇化	cheng:zhen:hua	n.	Urbanisierung
办公自动化	ban:gong:zi:dong:hua	n.	Büroautomatisierung
天宇	tian:yu	n.	Universum
驰	chi	v.	galoppieren
停电	ting:dian	n.	Stromausfall
在线用户	zai:xian:yong:hu	n.	Online-Nutzer
居多	ju:duo	v.	die Mehrheit bilden
水管	shui:guan	n.	Wasserrohr
研究方向	yan:jiu:fang:xiang	n.	Forschungsrichtung
尼龙	ni:long	n.	Nylon
各科	ge:ke	n.	jede Fachrichtung
蚊子	wen:zi	n.	Mücke
长处	chang:chu	n.	Stärke
精明	jing:ming	adj.	schlau
生产管理	sheng:chan:guan:li	n.	Produktionsmanagement
利害关系	li:hai:guan:xi	n.	Interessen
浓厚	nong:hou	adj.	stark
螺丝	luo:si	n.	Schraube
美誉	mei:yu	n.	guter Ruf
证券营业部	zheng:quan:ying:ye:bu	n.	Wertpapierfiliale
完成任务	wan:cheng:ren:wu	v.	eine Aufgabe erfüllen
第四十四条	di:si:shi:si:tiao	num.	Artikel 44
红的	hong:de	adj.	rot
背景的	bei:jing:de	adj.	hintergrundbezogen
两个字	liang:ge:zi	n.	zwei Zeichen
拐	guai	v.	abbiegen
拐	guai	v.	entführen
红利	hong:li	n.	Dividende
取消了	qu:xiao:le	v.	annulliert
冰点	bing:dian	n.	Gefrierpunkt
有声	you:sheng	adj.	tonal/mit Ton
博览	bo:lan	v.	ausgiebig lesen
解释权	jie:shi:quan	n.	Auslegungsrecht
收盘	shou:pan	v.	Börsenschluss
宴	yan	n.	Bankett
津	jin	n.	Hafen
上月	shang:yue	n.	letzten Monat
对准	dui:zhun	v.	ausrichten
卡卡	ka:ka	onom.	ruckartig
抗旱	kang:han	v.	dürreresistent sein
豆芽	dou:ya	n.	Sojasprosse
表态	biao:tai	v.	Haltung zeigen
起始	qi:shi	v.	beginnen
起始	qi:shi	n.	Anfang
古朴	gu:pu	adj.	schlicht und urwüchsig
岚	lan	n.	Nebel
留有	liu:you	v.	behalten
冠心病	guan:xin:bing	n.	Herzkrankheit
票数	piao:shu	n.	Stimmenanzahl
关掉	guan:diao	v.	ausschalten
生怕	sheng:pa	adv.	befürchten
经济利益	jing:ji:li:yi	n.	wirtschaftliches Interesse
邮费	you:fei	n.	Porto
立志	li:zhi	v.	sich etwas vornehmen
官网	guan:wang	n.	offizielle Website
制度改革	zhi:du:gai:ge	n.	Systemreform
今夜	jin:ye	n.	heute Nacht
法律文件	fa:lv:wen:jian	n.	Rechtsdokument
可不是	ke:bu:shi	int.	in der Tat
妥协	tuo:xie	v.	kompromissieren
浴	yu	v.	baden, baden
违反了	wei:fan:le	v.	verletzen
伪装	wei:zhuang	v.	tarnen, verkleiden
伪装	wei:zhuang	n.	Tarnung, Verkleidung
往后	wang:hou	adv.	später, danach
往后	wang:hou	n.	Zukunft, von nun an
了不起	liao:bu:qi	adj.	großartig, bemerkenswert
耻	chi	n.	Schande, Scham
每晚	mei:wan	n.	jede Nacht
故宫	gu:gong	n.	Verbotene Stadt
教育资源	jiao:yu:zi:yuan	n.	Bildungsressourcen
红茶	hong:cha	n.	Schwarztee
成龙	cheng:long	n.	Jackie Chan
电价	dian:jia	n.	Strompreis
话筒	hua:tong	n.	Mikrofon
团队合作	tuan:dui:he:zuo	n.	Teamarbeit
兴隆	xing:long	adj.	florierend, prosperierend
兴隆	xing:long	v.	florieren, gedeihen
理赔	li:pei	v.	Schaden regulieren
批准文件	pi:zhun:wen:jian	n.	Genehmigungsdokument
要来	yao:lai	v.	kommen
偏好	pian:hao	n.	Vorliebe
偏好	pian:hao	v.	bevorzugen
第四十三条	di:si:shi:san:tiao	num.	Artikel 43
附加值	fu:jia:zhi	n.	Mehrwert
清洁生产	qing:jie:sheng:chan	n.	saubere Produktion
总人口	zong:ren:kou	n.	Gesamtbevölkerung
挽	wan	v.	ziehen
挽	wan	v.	Händchen halten
瘫痪	tan:huan	v.	lähmaten
剧院	ju:yuan	n.	Theater
航运	hang:yun	n.	Schifffahrt
不予受理	bu:yu:shou:li	v.	nicht annehmen
国库	guo:ku	n.	Staatskasse
宽屏	kuan:ping	n.	Breitbild
页	ye	mw.	Seite
舒缓	shu:huan	v.	lindern
采暖	cai:nuan	v.	heizen
愚蠢	yu:chun	adj.	dumm
欠缺	qian:que	v.	fehlen
床位	chuang:wei	n.	Bettplatz
服务对象	fu:wu:dui:xiang	n.	Zielgruppe
誉	yu	n.	Ruf
乐意	le:yi	v.	bereit sein
装上	zhuang:shang	v.	installieren
标准间	biao:zhun:jian	n.	Standardzimmer
新兴的	xin:xing:de	adj.	aufstrebend
建设成为	jian:she:cheng:wei	v.	aufbauen zu
无机	wu:ji	adj.	anorganisch
行政区域	xing:zheng:qu:yu	n.	Verwaltungsgebiet
相通	xiang:tong	v.	miteinander verbunden
知晓	zhi:xiao	v.	wissen
低声	di:sheng	adj.	leise
低声	di:sheng	v.	flüstern
考试中心	kao:shi:zhong:xin	n.	Prüfungszentrum
阳朔	yang:shuo	n.	Yangshuo
演艺	yan:yi	n.	darstellende Kunst
握着	wo:zhe	v.	halten
专属	zhuan:shu	adj.	exklusiv
群组	qun:zu	n.	Gruppe
上官	shang:guan	n.	Vorgesetzter
摊位	tan:wei	n.	Stand
这一年	zhe:yi:nian	n.	dieses Jahr
牲	sheng	n.	Vieh
大堂	da:tang	n.	Lobby
网络公司	wang:luo:gong:si	n.	Internet-Unternehmen
佛陀	fo:tuo	n.	Buddha
确诊	que:zhen	v.	diagnostizieren
乳	ru	n.	Milch
裸体	luo:ti	adj.	nackt
结束时间	jie:shu:shi:jian	n.	Endzeit
打球	da:qiu	v.	Ball spielen
网页制作	wang:ye:zhi:zuo	n.	Webdesign
强国	qiang:guo	n.	Großmacht
叙事	xu:shi	v.	erzählen
有形	you:xing	adj.	greifbar
葫芦	hu:lu	n.	Kürbis
仓	cang	n.	Lager
手势	shou:shi	n.	Geste
征求意见	zheng:qiu:yi:jian	v.	Meinungen einholen
月前	yue:qian	n.	vor Monaten
积极配合	ji:ji:pei:he	v.	aktiv kooperieren
曾说	ceng:shuo	v.	hat einmal gesagt
迈克尔	mai:ke:er	n.	Michael
评选活动	ping:xuan:huo:dong	n.	Auswahlaktion
专访	zhuan:fang	n.	Exklusivinterview
粉色	fen:se	n.	rosa
青鸟	qing:niao	n.	Blauvogel
不平	bu:ping	adj.	ungerecht
故居	gu:ju	n.	ehemalige Residenz
中小型	zhong:xiao:xing	adj.	klein und mittelgroß
阐述了	chan:shu:le	v.	erläutern
洗衣	xi:yi	v.	Wäsche waschen
称作	cheng:zuo	v.	nennen
解剖	jie:pou	v.	sezionieren, anatomieren
解剖	jie:pou	n.	Anatomie, Sektion
中国区	zhong:guo:qu	n.	China-Region
切断	qie:duan	v.	unterbrechen, abschneiden
最全	zui:quan	adj.	am vollständigsten
多余	duo:yu	adj.	überflüssig, redundant
富民	fu:min	v.	das Volk bereichern
第六届	di:liu:jie	num.	6. Sitzung
规格型号	gui:ge:xing:hao	n.	Spezifikationen und Modelle
获胜	huo:sheng	v.	siegen, gewinnen
打扰	da:rao	v.	stören, belästigen
这里面	zhe:li:mian	pron.	hierin, darin
第八	di:ba	num.	achte
强盗	qiang:dao	n.	Räuber, Bandit
颇具	po:ju	v.	besitzen, aufweisen
白菜	bai:cai	n.	Chinakohl
流感	liu:gan	n.	Influenza
工作重点	gong:zuo:zhong:dian	n.	Arbeitsschwerpunkt
后视镜	hou:shi:jing	n.	Rückspiegel
链条	lian:tiao	n.	Kette
汽车站	qi:che:zhan	n.	Bushaltestelle
亲身	qin:shen	adv.	persönlich
总建筑	zong:jian:zhu	n.	Gesamtarchitektur
半点	ban:dian	mw.	ein bisschen
半点儿	ban:dian:er	mw.	ein bisschen
无产阶级	wu:chan:jie:ji	n.	Proletariat
健美	jian:mei	adj.	fit
再按	zai:an	v.	noch einmal drücken
多做	duo:zuo	v.	mehr machen
相比之下	xiang:bi:zhi:xia	conj.	im Vergleich dazu
也做	ye:zuo	v.	auch machen
逝	shi	v.	vergehen
报仇	bao:chou	v.	rachent
继电器	ji:dian:qi	n.	Relais
没有找到	mei:you:zhao:dao	v.	nicht finden
并行	bing:xing	v.	parallel laufen
于是就	yu:shi:jiu	conj.	daraufhin
打动	da:dong	v.	bewegen
艺术节	yi:shu:jie	n.	Kunstfestival
使馆	shi:guan	n.	Botschaft
这种人	zhe:zhong:ren	pron.	diese Art von Mensch
设计方案	she:ji:fang:an	n.	Entwurf
在当前	zai:dang:qian	prep.	derzeit
真正做到	zhen:zheng:zuo:dao	v.	wirklich erreichen
一体化的	yi:ti:hua:de	adj.	integriert
病虫害	bing:chong:hai	n.	Schädlinge
亨利	heng:li	n.	Henry
同意的	tong:yi:de	adj.	zustimmend
每件	mei:jian	num.	jedes Stück
爱车	ai:che	n.	Lieblingsauto
表白	biao:bai	v.	Liebe gestehen
丰台区	feng:tai:qu	n.	Bezirk Fengtai
不负责任	bu:fu:ze:ren	adj.	verantwortungslos
科教	ke:jiao	n.	Wissenschaft und Bildung
凸显	tu:xian	v.	hervorheben
宣传活动	xuan:chuan:huo:dong	n.	Werbekampagne
找准	zhao:zhun	v.	genau finden
人因	ren:yin	n.	menschliche Faktoren
一艘	yi:sou	mw.	ein (Schiff)
战国	zhan:guo	n.	Zeit der Streitenden Reiche
乳头	ru:tou	n.	Brustwarze
外形尺寸	wai:xing:chi:cun	n.	Außenmaße
喉	hou	n.	Kehle
发展观	fa:zhan:guan	n.	Entwicklungskonzept
逛	guang	v.	bummeln
技术指标	ji:shu:zhi:biao	n.	technischer Indikator
上床	shang:chuang	v.	ins Bett gehen
半晌	ban:shang	n.	eine Weile
食品卫生	shi:pin:wei:sheng	n.	Lebensmittelhygiene
音乐会	yin:yue:hui	n.	Konzert
局限性	ju:xian:xing	n.	Begrenzung
合作方式	he:zuo:fang:shi	n.	Kooperationsform
一目了然	yi:mu:liao:ran	adj.	auf einen Blick klar
老干部	lao:gan:bu	n.	altes Kader
物流企业	wu:liu:qi:ye	n.	Logistikunternehmen
染料	ran:liao	n.	Farbstoff
散发出	san:fa:chu	v.	ausstrahlen
悟性	wu:xing	n.	Einsicht
跟在	gen:zai	v.	folgen
调和	tiao:he	v.	harmonisieren
一寸	yi:cun	num.	ein Zoll
找寻	zhao:xun	v.	suchen
过热	guo:re	v.	überhitzen
公车	gong:che	n.	Linienbus
变色	bian:se	v.	verfärben
民主政治	min:zhu:zheng:zhi	n.	demokratische politik
樱	ying	n.	kirschbaum
正直	zheng:zhi	adj.	aufrichtig
正直	zheng:zhi	n.	integrität
功课	gong:ke	n.	hausaufgaben
多变	duo:bian	adj.	veränderlich
公社	gong:she	n.	kommune
开发项目	kai:fa:xiang:mu	n.	entwicklungsprojekt
比尔	bi:er	n.	Bill
建模	jian:mo	v.	modellieren
五千	wu:qian	num.	5.000
性情	xing:qing	n.	Temperament
兼	jian	v.	vereinigen
突击	tu:ji	v.	stürmen
突击	tu:ji	n.	sturm
自营	zi:ying	v.	selbst betreiben
第十章	di:shi:zhang	n.	kapitel zehn
违者	wei:zhe	n.	verstörer
特快专递	te:kuai:zhuan:di	n.	expressversand
戈	ge	n.	halberde
哗	hua	onom.	plätschern
工业经济	gong:ye:jing:ji	n.	Industriewirtschaft
港湾	gang:wan	n.	Hafen
帷幕	wei:mu	n.	Vorhang, Vorhang
涯	ya	n.	Ufer
惯性	guan:xing	n.	Trägheit
韩语	han:yu	n.	Koreanisch
白衣	bai:yi	n.	weiße Kleidung
说明理由	shuo:ming:li:you	v.	Grund erklären
落入	luo:ru	v.	fallen in
牛市	niu:shi	n.	Haussemarkt
捧	peng	v.	halten, tragen
什么事情	shen:me:shi:qing	pron.	was für eine Angelegenheit
大学毕业	da:xue:bi:ye	v.	Universität abschließen
五四	wu:si	n.	Vierten-Mai-Bewegung
便成	bian:cheng	v.	dann werden
管家	guan:jia	n.	Hausverwalter, Butler
核心的	he:xin:de	adj.	zentral
精良	jing:liang	adj.	fein, hochwertig
完备的	wan:bei:de	adj.	vollständig
些许	xie:xu	adj.	gering, ein wenig
对口	dui:kou	adj.	passend, entsprechend
而应	er:ying	conj.	und sollte
东侧	dong:ce	n.	Ostseite
接连	jie:lian	adv.	nacheinander
女职工	nv:zhi:gong	n.	weibliche Arbeitnehmerin
学了	xue:le	v.	gelernt, studiert
在线咨询	zai:xian:zi:xun	n.	Online-Beratung
铭	ming	v.	gravieren
宽大	kuan:da	adj.	mild
宽大	kuan:da	adj.	geißrig
妩媚	wu:mei	adj.	bezaubernd, verführerisch
内分泌	nei:fen:mi	n.	endokrin
设计理念	she:ji:li:nian	n.	Designkonzept
七日	qi:ri	num.	7 Tage
可持续	ke:chi:xu	adj.	nachhaltig
不认识	bu:ren:shi	v.	nicht kennen
正中	zheng:zhong	n.	voller Mittelpunkt
号令	hao:ling	n.	Befehl
号令	hao:ling	v.	befehlen
削减	xue:jian	v.	kürzen
魔兽世界	mo:shou:shi:jie	n.	World of Warcraft
流媒体	liu:mei:ti	n.	Streaming-Medien
本金	ben:jin	n.	Kapital
本项目	ben:xiang:mu	n.	dieses projekt
博弈	bo:yi	n.	Spieltheorie
博弈	bo:yi	v.	spielen
赚取	zhuan:qu	v.	verdienen
静静	jing:jing	adv.	leise
现代企业	xian:dai:qi:ye	n.	modernes Unternehmen
分娩	fen:mian	v.	entbinden
成员变量	cheng:yuan:bian:liang	n.	Mitgliedervariable
超声	chao:sheng	n.	Ultraschall
信访工作	xin:fang:gong:zuo	n.	Petitionstätigkeit
赔偿责任	pei:chang:ze:ren	n.	Haftung
逐步建立	zhu:bu:jian:li	v.	schrittweise aufbauen
障	zhang	n.	Hindernis
课外	ke:wai	adj.	außerhalb des Unterrichts
理解为	li:jie:wei	v.	als ... verstehen
半径	ban:jing	n.	Radius
摊	tan	n.	Stand
摊	tan	v.	ausbreiten
差错	cha:cuo	n.	Fehler
想出	xiang:chu	v.	sich ausdenken
跨	kua	v.	schreiten
更适合	geng:shi:he	v.	besser passen
办公用品	ban:gong:yong:pin	n.	Büromaterial
园内	yuan:nei	n.	im Park
中央政府	zhong:yang:zheng:fu	n.	Zentralregierung
即成	ji:cheng	adj.	fertig
开标	kai:biao	v.	Gebotsöffnung
刷卡	shua:ka	v.	Karte einlesen
望远镜	wang:yuan:jing	n.	Teleskop
妥	tuo	adj.	angemessen
民歌	min:ge	n.	Volkslied
延缓	yan:huan	v.	verzögern
较小的	jiao:xiao:de	adj.	kleiner
海口市	hai:kou:shi	n.	Stadt Haikou
红叶	hong:ye	n.	rote Blätter
投诉电话	tou:su:dian:hua	n.	Beschwerdetelefon
投资额	tou:zi:e	n.	Investitionsbetrag
图片数	tu:pian:shu	n.	Anzahl der Bilder
总体上	zong:ti:shang	adv.	insgesamt
送出	song:chu	v.	herausgeben, senden
单位地址	dan:wei:di:zhi	n.	Adress der Einheit
花香	hua:xiang	n.	Blütenduft
治一治	zhi:yi:zhi	v.	ein wenig behandeln
反倾销	fan:qing:xiao	n.	Antidumping
白马	bai:ma	n.	weißes Pferd
粉红色	fen:hong:se	n.	rosa
揉	rou	v.	reiben, kneten
被视为	bei:shi:wei	v.	als gelten
喂食	wei:shi	v.	füttern
函授	han:shou	v.	Fernstudium
老的	lao:de	adj.	alt
诸位	zhu:wei	pron.	alle alle
便能	bian:neng	adv.	dann können
该商品	gai:shang:pin	n.	dieses produkt
通关	tong:guan	v.	den Zoll passieren
出口退税	chu:kou:tui:shui	n.	Exportsteuerrückerstattung
中文域名	zhong:wen:yu:ming	n.	chinesische Domain
查封	cha:feng	v.	beschlagnahmen
比萨	bi:sa	n.	Pizza
库区	ku:qu	n.	Stauseegebiet
之和	zhi:he	n.	Summe
技术进步	ji:shu:jin:bu	n.	technischer Fortschritt
网上支付	wang:shang:zhi:fu	n.	Online-Zahlung
学派	xue:pai	n.	Denkschule
不长	bu:chang	adj.	nicht lang
衣着	yi:zhuo	n.	Kleidung
社会实践	she:hui:shi:jian	n.	soziale Praxis
晋	jin	n.	Jin-Dynastie
会计学	kuai:ji:xue	n.	Rechnungswesen
产业政策	chan:ye:zheng:ce	n.	Industriepolitik
中信	zhong:xin	n.	CITIC
基础理论	ji:chu:li:lun	n.	Grundtheorie
枢纽	shu:niu	n.	Knotenpunkt
寞	mo	adj.	einsam
自如	zi:ru	adj.	mühelos
牵挂	qian:gua	v.	sich sorgen
围棋	wei:qi	n.	Go
选派	xuan:pai	v.	auswählen und entsenden
格子	ge:zi	n.	Gitter, Raster
罕见的	han:jian:de	adj.	selten, ungewöhnlich
热门主题	re:men:zhu:ti	n.	beliebtes Thema
博士生导师	bo:shi:sheng:dao:shi	n.	Doktorvater, Betreuer
马力	ma:li	n.	PS, Pferdestärke
产品结构	chan:pin:jie:gou	n.	Produktstruktur
漆	qi	n.	Lack, Lackierung
漆	qi	v.	lackieren, bemalen
营地	ying:di	n.	Lager, Campingplatz
迭代	die:dai	v.	iterieren
取证	qu:zheng	v.	Beweise sammeln
成名	cheng:ming	v.	berühmt werden
肝炎	gan:yan	n.	Hepatitis
深化改革	shen:hua:gai:ge	n.	Vertiefung der Reform
人等	ren:deng	n.	Leute usw.
南宋	nan:song	n.	Südliche Song-Dynastie
冲着	chong:zhe	prep.	gegen, auf ... gerichtet
恐怖的	kong:bu:de	adj.	furchtbar, schrecklich
呼和浩特	hu:he:hao:te	n.	Hohhot
相信自己	xiang:xin:zi:ji	v.	sich selbst glauben
研究了	yan:jiu:le	v.	geforscht
新来	xin:lai	adj.	neuankömmling
泄密	xie:mi	v.	Geheimnisse verraten
借款人	jie:kuan:ren	n.	Kreditnehmer
经济全球化	jing:ji:quan:qiu:hua	n.	wirtschaftliche Globalisierung
船只	chuan:zhi	n.	Schiffe
摧毁	cui:hui	v.	zerstören
计较	ji:jiao	v.	streiten
谋取	mou:qu	v.	anstreben
麻木	ma:mu	adj.	taub
紧缺	jin:que	adj.	knapp
数次	shu:ci	num.	mehrmals
贴心	tie:xin	adj.	aufmerksam
有的时候	you:de:shi:hou	adv.	manchmal
玉石	yu:shi	n.	Jade und Stein
展台	zhan:tai	n.	Ausstellungsstand
主要工作	zhu:yao:gong:zuo	n.	Hauptarbeit
熄火	xi:huo	v.	Motor abstellen
追加	zhui:jia	v.	nachtragen
二号	er:hao	num.	Nummer zwei
高精度	gao:jing:du	n.	hohe Präzision
将获	jiang:huo	v.	wird erhalten
麒麟	qi:lin	n.	Qilin
靠着	kao:zhe	v.	anlehnen
靠着	kao:zhe	v.	verlassen auf
桑塔纳	sang:ta:na	n.	Santana
所想	suo:xiang	n.	Gedanke
可做	ke:zuo	v.	machen können
轩辕	xuan:yuan	n.	Xuanyuan
测试仪	ce:shi:yi	n.	Tester
获得者	huo:de:zhe	n.	Gewinner
死人	si:ren	n.	Toter
污	wu	adj.	schmutzig
恶性	e:xing	adj.	bösartig
礼拜	li:bai	n.	Gottesdienst
礼拜	li:bai	n.	semaine
跟前	gen:qian	n.	vorne
艰难的	jian:nan:de	adj.	schwierig
好几个	hao:ji:ge	num.	einige
伸展	shen:zhan	v.	dehnen
抚摸	fu:mo	v.	streicheln
度假村	du:jia:cun	n.	Ferienort
才好	cai:hao	adv.	erst dann
筹划	chou:hua	v.	planen
立时	li:shi	adv.	sofort
技术规范	ji:shu:gui:fan	n.	technische Spezifikation
明显提高	ming:xian:ti:gao	v.	deutlich verbessern
精心组织	jing:xin:zu:zhi	v.	sorgfältig organisieren
已开始	yi:kai:shi	v.	schon begonnen
去想	qu:xiang	v.	gehen denken
阻塞	zu:se	v.	blockieren
老实	lao:shi	adj.	ehrlich
轰动	hong:dong	v.	aufsehen erregen
商标局	shang:biao:ju	n.	Markenamt
坚守	jian:shou	v.	standhaft verteidigen
文章搜索	wen:zhang:sou:suo	n.	Artikel-Suche
且有	qie:you	conj.	auch haben
申报表	shen:bao:biao	n.	Anmeldeformular
多米	duo:mi	n.	domino
高昂	gao:ang	adj.	hoch, stolz
滥用职权	lan:yong:zhi:quan	v.	Machtmissbrauch
联系方法	lian:xi:fang:fa	n.	Kontaktmethode
征文	zheng:wen	n.	Aufsatzaufruf
教育管理	jiao:yu:guan:li	n.	Bildungsmanagement
外币	wai:bi	n.	Fremdwährung
就好像	jiu:hao:xiang	adv.	genau wie
年增长	nian:zeng:zhang	n.	jährliches wachstum
程序运行	cheng:xu:yun:xing	n.	programm ausführung
其他地区	qi:ta:di:qu	n.	andere regionen
嘲	chao	v.	verspottet
未取	wei:qu	v.	nicht genommen
微观	wei:guan	adj.	mikroskopisch
进展情况	jin:zhan:qing:kuang	n.	Fortschrittsstatus
引出	yin:chu	v.	hervorrufen
发展水平	fa:zhan:shui:ping	n.	Entwicklungsstand
诉说	su:shuo	v.	erzählen
枚	mei	mw.	stück
天王	tian:wang	n.	Himmelskönig
十分重视	shi:fen:zhong:shi	v.	große Bedeutung beimessen
饼干	bing:gan	n.	Keks
顺手	shun:shou	adj.	praktisch
顺手	shun:shou	v.	beiläufig tun
新老	xin:lao	adj.	neu und alt
人情	ren:qing	n.	menschliches Gefühl
送的	song:de	adj.	kostenlos
法律效力	fa:lv:xiao:li	n.	rechtliche Wirkung
果树	guo:shu	n.	Obstbaum
平房	ping:fang	n.	freistehendes flaches Haus
未来发展	wei:lai:fa:zhan	n.	zukünftige Entwicklung
基本建设	ji:ben:jian:she	n.	Infrastruktur
吊	diao	v.	hängen, aufhängen
吊	diao	adj.	ausgezeichnet, wunderbar
乾	qian	n.	Trockenheit
高兴的	gao:xing:de	adj.	glücklich, erfreut
稍后	shao:hou	adv.	später, gleich
我啊	wo:a	pron.	ich (Partikel)
一步一步	yi:bu:yi:bu	adv.	Schritt für Schritt
一等	yi:deng	adj.	erstklassig
英文版	ying:wen:ban	n.	englische Version
中国农业银行	zhong:guo:nong:ye:yin:hang	n.	Agricultural Bank of China
缔约国	di:yue:guo	n.	Vertragsstaat
馨	xin	adj.	duftend, aromatisch
装饰材料	zhuang:shi:cai:liao	n.	Dekormaterial
要不然	yao:bu:ran	conj.	andernfalls
基本功能	ji:ben:gong:neng	n.	Grundfunktion
双人	shuang:ren	adj.	zweierlei, für zwei Personen
去向	qu:xiang	n.	Ziel, Richtung
身着	shen:zhuo	v.	tragen, bekleidet mit
执照	zhi:zhao	n.	Lizenz, Genehmigung
太后	tai:hou	n.	Kaiserwitwe
做好了	zuo:hao:le	v.	fertig gemacht, bereit
一下吧	yi:xia:ba	part.	(Partikel für Vorschlag)
糖水	tang:shui	n.	süßes wasser
八十年代	ba:shi:nian:dai	n.	die 80er jahre
整个人	zheng:ge:ren	n.	die ganze person
不就是	bu:jiu:shi	adv.	ist es nicht
眼角	yan:jiao	n.	augenwinkel
应急预案	ying:ji:yu:an	n.	Notfallplan
层出不穷	ceng:chu:bu:qiong	adj.	unaufhörlich erscheinen
美术馆	mei:shu:guan	n.	Kunstmuseum
显示为	xian:shi:wei	v.	als ... anzeigen
起誓	qi:shi	v.	schwören
网上银行	wang:shang:yin:hang	n.	online-banking
樱桃	ying:tao	n.	kirsche
伪	wei	adj.	falsch
高强度	gao:qiang:du	adj.	hohe intensität
不忍	bu:ren	v.	nicht ertragen können
社会力量	she:hui:li:liang	n.	gesellschaftliche kräfte
书院	shu:yuan	n.	akademie
真想	zhen:xiang	v.	wirklich wollen
电子版	dian:zi:ban	n.	elektronische version
校对	jiao:dui	v.	korrigieren
嗓	sang	n.	stimme
结合实际	jie:he:shi:ji	v.	mit der realität verbinden
监护	jian:hu	v.	beaufsichtigen
有缘	you:yuan	adj.	schicksalhaft
调制解调器	tiao:zhi:jie:tiao:qi	n.	Modem
循序渐进	xun:xu:jian:jin	v.	schrittweise vorgehen
神态	shen:tai	n.	Miene
呈	cheng	v.	vorlegen
传给	chuan:gei	v.	übergeben an
身价	shen:jia	n.	Marktwert
小声	xiao:sheng	adj.	leise
试剂	shi:ji	n.	Reagenz
玩法	wan:fa	n.	Spielweise
固化	gu:hua	v.	verfestigen
糟糕	zao:gao	adj.	schrecklich
北宋	bei:song	n.	Nördliche Song-Dynastie
矿区	kuang:qu	n.	Bergbaugebiet
成形	cheng:xing	v.	Form annehmen
各式各样	ge:shi:ge:yang	adj.	vielfältig
夸大	kua:da	v.	übertreiben
尼康	ni:kang	n.	Nikon
医疗事故	yi:liao:shi:gu	n.	Behandlungsfehler
充分肯定	chong:fen:ken:ding	v.	vollständig bekräftigen
八一	ba:yi	n.	1. August
远销	yuan:xiao	v.	fern verkaufen
卿	qing	n.	Minister
卿	qing	pron.	Ihr, Sie
监理工程师	jian:li:gong:cheng:shi	n.	Bauleiter
有效控制	you:xiao:kong:zhi	v.	effektiv kontrollieren
大院	da:yuan	n.	Hof, Anwesen
飞到	fei:dao	v.	fliegen nach
职业学校	zhi:ye:xue:xiao	n.	Berufsschule
楠	nan	n.	Nanmu-Holz
桂花	gui:hua	n.	Osmanthus
各人	ge:ren	n.	jeder, einzelne Person
急事	ji:shi	n.	dringende Angelegenheit
商品分类	shang:pin:fen:lei	n.	Warenklassifizierung
送礼	song:li	v.	Geschenke machen
粉红	fen:hong	adj.	rosa
服务端	fu:wu:duan	n.	Serverseite
反省	fan:xing	v.	reflektieren
期待着	qi:dai:zhe	v.	erwarten
星期天	xing:qi:tian	n.	Sonntag
许可证号	xu:ke:zheng:hao	n.	Lizenznummer
厚厚的	hou:hou:de	adj.	dick
荧光	ying:guang	n.	Fluoreszenz
有关文件	you:guan:wen:jian	n.	bezogene Dokumente
乐乐	le:le	n.	Lele
秋冬	qiu:dong	n.	Herbst und Winter
电子技术	dian:zi:ji:shu	n.	Elektroniktechnologie
唤醒	huan:xing	v.	aufwecken
气功	qi:gong	n.	Qigong
银杏	yin:xing	n.	Ginkgo
表现了	biao:xian:le	v.	zeigte
用什么	yong:shen:me	pron.	was benutzen
永远都	yong:yuan:dou	adv.	immer
主动的	zhu:dong:de	adj.	proaktiv
案子	an:zi	n.	Fall
交通局	jiao:tong:ju	n.	verkehrsamt
二三	er:san	num.	zwei oder drei
只剩	zhi:sheng	v.	nur noch übrig
囧	jiong	adj.	verlegen
打赏	da:shang	v.	Trinkgeld geben
耳熟	er:shou	adj.	vertraut
鸡儿	ji:er	n.	Penis
棋士	qi:shi	n.	Schachspieler
是哒	shi:da	int.	ja (süß)
鲜香	xian:xiang	adj.	frisch und aromatisch
坏事	huai:shi	n.	schlechte Sache, Unglück
电路板	dian:lu:ban	n.	Leiterplatte
型材	xing:cai	n.	Profilmaterial
矿井	kuang:jing	n.	Mine, Schacht
足额	zu:e	adj.	voll
跳动	tiao:dong	v.	klopfen, pulsieren
籍	ji	n.	Register, Stammbuch
电极	dian:ji	n.	Elektrode
匮乏	kui:fa	adj.	Mangel, Knappheit
加快了	jia:kuai:le	v.	beschleunigen, beschleunigt
车祸	che:huo	n.	Autounfall
机械化	ji:xie:hua	n.	Mechanisierung
论点	lun:dian	n.	Argument, Standpunkt
集资	ji:zi	v.	Gelder sammeln
国家统计局	guo:jia:tong:ji:ju	n.	Statistisches Amt des Staates
来过	lai:guo	v.	gekommen sein
战略性	zhan:lve:xing	adj.	strategisch
战舰	zhan:jian	n.	Kriegsschiff
裸	luo	adj.	nackt, kahl
刺激的	ci:ji:de	adj.	anregend
红星	hong:xing	n.	roter Stern
根目录	gen:mu:lu	n.	Wurzelverzeichnis
血腥	xie:xing	adj.	blutig
血腥	xue:xing	n.	Blutigkeit
生肖	sheng:xiao	n.	Tierkreiszeichen
链	lian	n.	Kette
物理学	wu:li:xue	n.	Physik
收听	shou:ting	v.	zuhören
调制	tiao:zhi	v.	modulieren
调制	tiao:zhi	v.	mischen
方针政策	fang:zhen:zheng:ce	n.	Richtlinien und Politiken
保险合同	bao:xian:he:tong	n.	Versicherungsvertrag
胶片	jiao:pian	n.	Film
半月	ban:yue	n.	Halbmond
烈士	lie:shi	n.	Märtyrer
管材	guan:cai	n.	Rohrmaterial
建设银行	jian:she:yin:hang	n.	China Construction Bank
新书	xin:shu	n.	neues Buch
处理厂	chu:li:chang	n.	Behandlungsanlage
年终奖	nian:zhong:jiang	n.	Jahresendbonus
买车	mai:che	v.	Auto kaufen
短路	duan:lu	n.	Kurzschluss
奠定	dian:ding	v.	festlegen
校正	jiao:zheng	v.	korrigieren
见图	jian:tu	v.	siehe Abbildung
现成	xian:cheng	adj.	fertig
惩治	cheng:zhi	v.	bestrafen
饱和	bao:he	adj.	gesättigt
饱和	bao:he	v.	sättigen
做出决定	zuo:chu:jue:ding	v.	eine Entscheidung treffen
商议	shang:yi	v.	beraten
眉毛	mei:mao	n.	Augenbraue
灌	guan	v.	gießen
小米	xiao:mi	n.	Hirse
八字	ba:zi	n.	Acht Zeichen
切实可行	qie:shi:ke:xing	adj.	praktisch, machbar
战后	zhan:hou	n.	nachkriegszeit
参股	can:gu	v.	Aktien halten
干扰器	gan:rao:qi	n.	Störsender
很美	hen:mei	adj.	sehr schön
昆	kun	n.	Kun
军衔	jun:xian	n.	Militärrang
存取	cun:qu	v.	speichern und abrufen
脸庞	lian:pang	n.	Gesicht
畅	chang	adj.	glatt
大大小小	da:da:xiao:xiao	adj.	groß und klein
逍	xiao	v.	wandern
反向	fan:xiang	n.	umgekehrte Richtung
回车	hui:che	v.	Auto zurückfahren
死亡率	si:wang:lv	n.	Sterberate
时间表	shi:jian:biao	n.	Zeitplan
往日	wang:ri	n.	vergangene Tage
帽	mao	n.	Hut
批发商	pi:fa:shang	n.	Großhändler
事前	shi:qian	n.	im Voraus
阅	yue	v.	lesen, prüfen
隐约	yin:yue	adj.	vage
联席会议	lian:xi:hui:yi	n.	gemeinsame Sitzung
难平	nan:ping	v.	erzürnen
软体	ruan:ti	n.	weicher Körper
柔性	rou:xing	adj.	flexibel
失控	shi:kong	v.	die Kontrolle verlieren
小妹	xiao:mei	n.	jüngere Schwester
我这里	wo:zhe:li	pron.	hier, mein Ort
胁迫	xie:po	v.	zwingen, Nötigung
财务报表	cai:wu:bao:biao	n.	Finanzbericht
活塞	huo:sai	n.	Kolben
赛区	sai:qu	n.	Wettbewerbszone
二位	er:wei	num.	zwei (höflich)
四面	si:mian	n.	vier Seiten, überall
生长发育	sheng:zhang:fa:yu	n.	Wachstum und Entwicklung
一惊	yi:jing	v.	erschrecken, erschrocken sein
绵羊	mian:yang	n.	Schaf
垫付	dian:fu	v.	vorschießen, vorstrecken
逗	dou	v.	necken, amüsieren
以期	yi:qi	conj.	in der Hoffnung auf
蹲	dun	v.	hocken, kauern
门将	men:jiang	n.	Torwart
执政为民	zhi:zheng:wei:min	v.	für das Volk regieren
游记	you:ji	n.	Reisebericht
陈水扁	chen:shui:bian	n.	Chen Shui-bian
统计局	tong:ji:ju	n.	Statistikamt
缺水	que:shui	v.	Wassermangel haben
教学模式	jiao:xue:mo:shi	n.	Lehrmodell
锦标赛	jin:biao:sai	n.	Meisterschaft
三分之二	san:fen:zhi:er	num.	zwei Drittel
打过	da:guo	v.	geschlagen haben
倒霉	dao:mei	adj.	unglücklich
所为	suo:wei	n.	Tat
迟迟	chi:chi	adv.	verzögert
偷拍	tou:pai	v.	heimlich filmen
无用	wu:yong	adj.	nutzlos
摇了摇头	yao:le:yao:tou	v.	den Kopf schütteln
意念	yi:nian	n.	Gedanke
以示	yi:shi	conj.	um zu zeigen
有余	you:yu	adj.	überschüssig
银行汇款	yin:hang:hui:kuan	n.	Banküberweisung
大街上	da:jie:shang	n.	auf der Straße
应收	ying:shou	v.	forderbar
待机	dai:ji	v.	standby
犯规	fan:gui	v.	gegen die Regeln verstoßen
里边	li:bian	n.	innen
两倍	liang:bei	num.	doppelt
一排	yi:pai	mw.	eine Reihe
基本功	ji:ben:gong	n.	Grundfertigkeit
跑步	pao:bu	v.	laufen
亲吻	qin:wen	v.	küssen
性用品	xing:yong:pin	n.	Sexartikel
不只	bu:zhi	adv.	nicht nur
宽广	kuan:guang	adj.	weit
县长	xian:zhang	n.	Landrat
箭头	jian:tou	n.	Pfeilspitze
用好	yong:hao	v.	gut nutzen
通话时间	tong:hua:shi:jian	n.	Gesprächszeit
踩	cai	v.	treten auf
可实现	ke:shi:xian	adj.	machbar
受益人	shou:yi:ren	n.	Begünstigter
上进	shang:jin	adj.	ehrgeizig
工作原理	gong:zuo:yuan:li	n.	Arbeitsprinzip
市场环境	shi:chang:huan:jing	n.	Marktumfeld
通畅	tong:chang	adj.	reibungslos
艳丽	yan:li	adj.	prächtig
一点儿	yi:dian:er	mw.	ein bisschen
弥漫	mi:man	v.	durchdringen
海棠	hai:tang	n.	Begonie
丧失了	sang:shi:le	v.	verlieren
初恋	chu:lian	n.	erste Liebe
各级党委	ge:ji:dang:wei	n.	Parteikomitees aller Ebenen
吸入	xi:ru	v.	einatmen
教学目标	jiao:xue:mu:biao	n.	Lehrziele
窜	cuan	v.	umherstreifen
各行各业	ge:hang:ge:ye	n.	alle Berufe
上交	shang:jiao	v.	abgeben
哑	ya	adj.	stumm
复合材料	fu:he:cai:liao	n.	Verbundwerkstoff
浮躁	fu:zao	adj.	unruhig
规范性文件	gui:fan:xing:wen:jian	n.	normatives Dokument
客场	ke:chang	n.	Auswärtsspiel
链表	lian:biao	n.	verkettete Liste
物件	wu:jian	n.	Gegenstand
升降	sheng:jiang	n.	Auf- und Abstieg
写上	xie:shang	v.	aufschreiben
严重警告	yan:zhong:jing:gao	n.	ernste Warnung
自备	zi:bei	v.	selbst mitbringen
布满	bu:man	v.	überziehen
奋力	fen:li	v.	sich anstrengen
无线网络	wu:xian:wang:luo	n.	drahtloses netzwerk
露天	lu:tian	adj.	im Freien
趴	pa	v.	liegen
不断加强	bu:duan:jia:qiang	v.	kontinuierlich stärken
公益事业	gong:yi:shi:ye	n.	gemeinnützige tätigkeit
代理机构	dai:li:ji:gou	n.	agentur
喷雾	pen:wu	n.	sprühstoß
喷雾	pen:wu	v.	sprühen
逢	feng	v.	treffen
国会	guo:hui	n.	kongress
换上	huan:shang	v.	umziehen
事关	shi:guan	v.	betreffen
台下	tai:xia	n.	unter der bühne
隔壁	ge:bi	n.	nachbar
出生年月	chu:sheng:nian:yue	n.	geburtsdatum
害羞	hai:xiu	adj.	schüchtern
害羞	hai:xiu	v.	sich schämen
人民出版社	ren:min:chu:ban:she	n.	Volksverlag
现代农业	xian:dai:nong:ye	n.	moderne landwirtschaft
彩铃	cai:ling	n.	klingelton
空虚	kong:xu	adj.	leer
风吹	feng:chui	v.	wind wehen
不知所措	bu:zhi:suo:cuo	adj.	ratlos sein
在校学生	zai:xiao:xue:sheng	n.	Student
著称	zhu:cheng	v.	bekannt sein für
繁育	fan:yu	v.	züchten
流派	liu:pai	n.	Schule
省外	sheng:wai	n.	außerhalb der Provinz
超高	chao:gao	adj.	superhoch
植	zhi	v.	pflanzen
时间段	shi:jian:duan	n.	Zeitraum
幻灯片	huan:deng:pian	n.	Diapositiv
社会福利	she:hui:fu:li	n.	Sozialwesen
淡水	dan:shui	n.	Süßwasser
复位	fu:wei	v.	zurücksetzen
媒	mei	n.	Medium
弱势群体	ruo:shi:qun:ti	n.	benachteiligte Gruppe
亚军	ya:jun	n.	Zweiter
大学城	da:xue:cheng	n.	Universitätsstadt
汉化版	han:hua:ban	n.	chinesische Version
糊涂	hu:tu	adj.	verwirrt
书刊	shu:kan	n.	Bücher und Zeitschriften
伊斯兰	yi:si:lan	n.	islam
内力	nei:li	n.	innere Kraft
树脂	shu:zhi	n.	Harz
莫非	mo:fei	adv.	vielleicht
现出	xian:chu	v.	erscheinen
寂静	ji:jing	adj.	still
寂静	ji:jing	n.	Stille
几名	ji:ming	num.	einige
胡萝卜素	hu:luo:bo:su	n.	Carotin
停牌	ting:pai	v.	Handel aussetzen
韵	yun	n.	Reim
司法解释	si:fa:jie:shi	n.	justizielle Auslegung
昭	zhao	adj.	hell
紧凑	jin:cou	adj.	kompakt
期权	qi:quan	n.	Option
排放标准	pai:fang:biao:zhun	n.	Emissionsstandard
尹	yin	n.	Yin
懒得	lan:de	v.	zu faul sein
毕业证书	bi:ye:zheng:shu	n.	Abschlusszeugnis
倒钩	dao:gou	n.	Widerhaken
多种多样	duo:zhong:duo:yang	adj.	vielfältig
生态系统	sheng:tai:xi:tong	n.	Ökosystem
所在城市	suo:zai:cheng:shi	n.	Stadt in der man lebt
投身	tou:shen	v.	sich widmen
剜掉	wan:diao	v.	ausstechen
疫病	yi:bing	n.	Epidemie
推动作用	tui:dong:zuo:yong	n.	Antriebskraft
流血	liu:xie	v.	bluten
流血	liu:xue	n.	Blutung
无缝	wu:feng	adj.	nahtlos
这么大	zhe:me:da	adj.	so groß
城市管理	cheng:shi:guan:li	n.	Stadtverwaltung
谦	qian	adj.	bescheiden
花木	hua:mu	n.	Blumen und Bäume
受贿	shou:hui	v.	Bestechung annehmen
档	dang	mw.	Akte
化名	hua:ming	n.	Pseudonym
化名	hua:ming	v.	unter Pseudonym handeln
小额	xiao:e	adj.	geringfügig
论语	lun:yu	n.	Analekten
香草	xiang:cao	n.	Duftkraut
陈旧	chen:jiu	adj.	veraltet
分布式	fen:bu:shi	adj.	verteilt
百分之	bai:fen:zhi	num.	prozent
放射	fang:she	v.	strahlen
放射	fang:she	n.	Strahlung
黑马	hei:ma	n.	dark horse
建筑节能	jian:zhu:jie:neng	n.	energiesparendes Bauen
社长	she:zhang	n.	Präsident
标致	biao:zhi	adj.	hübsch
基本养老保险	ji:ben:yang:lao:bao:xian	n.	Grundrentenversicherung
架设	jia:she	v.	aufbauen
科研院所	ke:yan:yuan:suo	n.	Forschungseinrichtungen
抛光	pao:guang	v.	polieren
精巧	jing:qiao	adj.	raffiniert
淋漓尽致	lin:li:jin:zhi	adj.	vollständig
知己	zhi:ji	n.	Seelenverwandte
吃到	chi:dao	v.	essen
马丁	ma:ding	n.	Martin
乱收费	luan:shou:fei	v.	überhöhte Gebühren erheben
教主	jiao:zhu	n.	kultführer
藏宝	cang:bao	v.	Schatz verbergen
过快	guo:kuai	adj.	zu schnell
暴雨	bao:yu	n.	Starkregen
全村	quan:cun	n.	ganzes Dorf
省教育厅	sheng:jiao:yu:ting	n.	Provinzbildungsamt
玩耍	wan:shua	v.	spielen
沾	zhan	v.	berühren
复方	fu:fang	n.	Komplexrezeptur
水体	shui:ti	n.	Gewässerkörper
现代人	xian:dai:ren	n.	moderne Menschen
秋风	qiu:feng	n.	Herbstwind
致命的	zhi:ming:de	adj.	tödlich
价格上涨	jia:ge:shang:zhang	v.	Preisanstieg
两组	liang:zu	num.	zwei Gruppen
下行	xia:xing	v.	absteigen
群号	qun:hao	n.	Gruppennummer
高度评价	gao:du:ping:jia	v.	hoch bewerten
室内设计	shi:nei:she:ji	n.	Innendesign
稀土	xi:tu	n.	Seltene Erde
标语	biao:yu	n.	Slogan
存量	cun:liang	n.	Bestand
泡菜	pao:cai	n.	eingelegtes Gemüse
电报	dian:bao	n.	Telegramm
宁可	ning:ke	adv.	lieber
医疗保健	yi:liao:bao:jian	n.	Gesundheitswesen
机械厂	ji:xie:chang	n.	Maschinenfabrik
稳重	wen:zhong	adj.	besonnen
相比较	xiang:bi:jiao	v.	vergleichen
制作方法	zhi:zuo:fang:fa	n.	Herstellungsmethode
留言者	liu:yan:zhe	n.	Nachrichtenschreiber
治安管理	zhi:an:guan:li	n.	Öffentliche Sicherheit
景德镇	jing:de:zhen	n.	Jingdezhen
过硬	guo:ying	adj.	sehr gut
英才	ying:cai	n.	Talent
赣州	gan:zhou	n.	Ganzhou
沼气	zhao:qi	n.	Biogas
发展起来	fa:zhan:qi:lai	v.	sich entwickeln
长约	chang:yue	n.	Langzeitvertrag
购物指南	gou:wu:zhi:nan	n.	Einkaufsführer
科技含量	ke:ji:han:liang	n.	technologischer Gehalt
行货	hang:huo	n.	Originalware
加工业	jia:gong:ye	n.	Verarbeitende Industrie
兔	tu	n.	Hase
内容丰富	nei:rong:feng:fu	adj.	gehaltvoll
烹调	peng:tiao	v.	kochen
烹调	peng:tiao	n.	Kochkunst
日程	ri:cheng	n.	Zeitplan
以求	yi:qiu	conj.	um zu suchen
南瓜	nan:gua	n.	Kürbis
新闻中心	xin:wen:zhong:xin	n.	Nachrichtenzentrum
订	ding	v.	bestellen
乾坤	qian:kun	n.	Universum
韵味	yun:wei	n.	Reiz
重点工程	zhong:dian:gong:cheng	n.	Schlüsselprojekt
自强	zi:qiang	v.	sich selbst stärken
北京西	bei:jing:xi	n.	Beijing West
必读	bi:du	v.	Pflichtlektüre
唐僧	tang:seng	n.	Mönch Tang
地盘	di:pan	n.	Territorium
六中全会	liu:zhong:quan:hui	n.	sechste Plenarsitzung
恰当的	qia:dang:de	adj.	angemessen
总管	zong:guan	n.	Verwalter
总管	zong:guan	v.	verwalten
多渠道	duo:qu:dao	adj.	multikanal
马达	ma:da	n.	Motor
内部审计	nei:bu:shen:ji	n.	interne Revision
休假	xiu:jia	v.	Urlaub machen
休假	xiu:jia	n.	Urlaub
什么样	shen:me:yang	pron.	was für ein
反驳	fan:bo	v.	widerlegen
酒杯	jiu:bei	n.	Weinglas
朴	pu	adj.	schlicht
长辈	zhang:bei	n.	Ältere
剧组	ju:zu	n.	Filmcrew
大火	da:huo	n.	Großbrand
瞎	xia	adj.	blind
瞎	xia	adv.	blind
柔情	rou:qing	n.	Zärtlichkeit
仅限	jin:xian	v.	beschränken auf
稀释	xi:shi	v.	verdünnen
民主管理	min:zhu:guan:li	n.	demokratische Verwaltung
资格审查	zi:ge:shen:cha	n.	Qualifikationsprüfung
合资企业	he:zi:qi:ye	n.	Joint Venture
逐步形成	zhu:bu:xing:cheng	v.	schrittweise bilden
摘	zhai	v.	pflücken
不妥	bu:tuo	adj.	unangemessen
扩大到	kuo:da:dao	v.	ausweiten auf
鞭	bian	n.	Peitsche
世界第一	shi:jie:di:yi	n.	Weltnummer eins
世界第一	shi:jie:di:yi	adj.	weltbeste
第二名	di:er:ming	n.	zweiter Platz
俺	an	pron.	ich
会成为	hui:cheng:wei	v.	werden
阐明	chan:ming	v.	erläutern
分泌物	fen:mi:wu	n.	Sekret
受害	shou:hai	v.	Opfer sein
外籍	wai:ji	n.	ausländische Staatsangehörigkeit
溃疡	kui:yang	n.	Geschwür
目标管理	mu:biao:guan:li	n.	Management by Objectives
该院	gai:yuan	n.	diese Institution
殿堂	dian:tang	n.	Halle, Palast
头盔	tou:kui	n.	Helm
斤	jin	mw.	jin, 0.5 kg
原地	yuan:di	n.	Originalort
菠菜	bo:cai	n.	Spinat
抉择	jue:ze	v.	wählen, auswählen
副省长	fu:sheng:zhang	n.	Vize-Gouverneur
极致	ji:zhi	n.	Extrem, Höhepunkt
南门	nan:men	n.	Südtor
建房	jian:fang	v.	Haus bauen
若能	ruo:neng	conj.	wenn man kann
新老客户	xin:lao:ke:hu	n.	neue und alte Kunden
优惠的	you:hui:de	adj.	günstig, vorteilhaft
之列	zhi:lie	n.	Reihe, Kategorie
升至	sheng:zhi	v.	steigen auf
每每	mei:mei	adv.	oft, häufig
英文名称	ying:wen:ming:cheng	n.	englischer Name
按要求	an:yao:qiu	prep.	gemäß Anforderungen
办了	ban:le	v.	erledigt
交由	jiao:you	v.	übergeben an
为零	wei:ling	v.	null sein
我只能	wo:zhi:neng	pron.	ich kann nur
帕萨特	pa:sa:te	n.	Passat
在中央	zai:zhong:yang	prep.	im Zentrum
与我国	yu:wo:guo	prep.	mit meinem Land
院系	yuan:xi	n.	Fakultät und Abteilung
公司产品	gong:si:chan:pin	n.	Firmenprodukte
无私	wu:si	adj.	uneigennützig
每秒	mei:miao	num.	pro Sekunde
缓和	huan:he	v.	mildern, entspannen
缓和	huan:he	adj.	mild, gemäßigt
赚了	zhuan:le	v.	verdient
这两天	zhe:liang:tian	n.	diese Tage
文选	wen:xuan	n.	Auswahl, Anthologie
卡特	ka:te	n.	Carter
热忱	re:chen	n.	Eifer, Leidenschaft
热忱	re:chen	adj.	begeistert
定型	ding:xing	v.	formgebend, standardisieren
宣读	xuan:du	v.	verkünden, vorlesen
倍以上	bei:yi:shang	num.	mehr als das Doppelte
并不会	bing:bu:hui	adv.	keineswegs
晚间	wan:jian	n.	Abend
在党	zai:dang	prep.	in der Partei
孵化	fu:hua	v.	ausbrüten
卖掉	mai:diao	v.	verkaufen
上缴	shang:jiao	v.	abgeben
她自己	ta:zi:ji	pron.	sie selbst
铁道	tie:dao	n.	Eisenbahn
这台	zhe:tai	mw.	diese (Maschine)
千兆	qian:zhao	num.	Giga
窗体	chuang:ti	n.	Fensterrahmen
减退	jian:tui	v.	nachlassen
收养	shou:yang	v.	adoptieren
这家伙	zhe:jia:huo	n.	dieser Typ
任用	ren:yong	v.	anstellen
坏死	huai:si	v.	nekrotisieren
无缘	wu:yuan	adj.	unverbindlich
心理素质	xin:li:su:zhi	n.	mentale Stärke
硬化	ying:hua	v.	verhärten
未填	wei:tian	v.	unvollständig
严格要求	yan:ge:yao:qiu	n.	strenge Anforderung
服务意识	fu:wu:yi:shi	n.	Servicebewusstsein
好呢	hao:ne	part.	Partikel
气血	qi:xie	n.	Qi und Blut
气血	qi:xue	n.	Qi und Blut
无可奈何	wu:ke:nai:he	adj.	hilflos
详尽	xiang:jin	adj.	ausführlich
要不是	yao:bu:shi	conj.	wenn nicht
绝无	jue:wu	adv.	absolut kein
瓦斯	wa:si	n.	Gas
男装	nan:zhuang	n.	Herrenbekleidung
镇政府	zhen:zheng:fu	n.	Gemeindeverwaltung
野马	ye:ma	n.	Wildpferd
坦然	tan:ran	adj.	gelassen
义务人	yi:wu:ren	n.	Verpflichteter
记下	ji:xia	v.	aufschreiben
躯体	qu:ti	n.	Körper
翅	chi	n.	Flügel
阿弥陀佛	e:mi:tuo:fo	int.	Amitabha
重中之重	zhong:zhong:zhi:zhong	n.	das Wichtigste
愈来愈	yu:lai:yu	adv.	immer mehr
管理服务	guan:li:fu:wu	n.	Managementdienst
回购	hui:gou	v.	rückkaufen
上台	shang:tai	v.	auf die Bühne gehen
上台	shang:tai	v.	ins Amt treten
背诵	bei:song	v.	auswendig aufsagen
爱上了	ai:shang:le	v.	sich verlieben
发财	fa:cai	v.	reich werden
可言	ke:yan	adj.	sagbar
光顾	guang:gu	v.	zu Besuch kommen
加水	jia:shui	v.	Wasser hinzufügen
签署了	qian:shu:le	v.	unterzeichnet
酒水	jiu:shui	n.	Getränke
局限于	ju:xian:yu	v.	beschränkt auf
得天独厚	de:tian:du:hou	adj.	besonders begünstigt
顾虑	gu:lv	n.	Bedenken
顾虑	gu:lv	v.	sich sorgen
乌克兰	wu:ke:lan	n.	Ukraine
组织工作	zu:zhi:gong:zuo	n.	Organisationsarbeit
逃离	tao:li	v.	entkommen
月中	yue:zhong	n.	Mitte des Monats
告诉大家	gao:su:da:jia	v.	allen sagen
暗自	an:zi	adv.	heimlich
不具有	bu:ju:you	v.	nicht besitzen
前天	qian:tian	n.	vorgestern
酌情	zhuo:qing	v.	je nach Situation
错过了	cuo:guo:le	v.	verpasst
紧迫	jin:po	adj.	dringend
人民网	ren:min:wang	n.	People's Daily Online
柯达	ke:da	n.	Kodak
再好	zai:hao	adv.	so gut auch
欢呼	huan:hu	v.	jubeln
欢呼	huan:hu	n.	Jubel
狂欢	kuang:huan	v.	feiern
狂欢	kuang:huan	n.	Karneval
荣誉会员	rong:yu:hui:yuan	n.	Ehrenmitglied
先进文化	xian:jin:wen:hua	n.	fortschrittliche Kultur
内部控制	nei:bu:kong:zhi	n.	interne Kontrolle
高级工程师	gao:ji:gong:cheng:shi	n.	leitender Ingenieur
肠	chang	n.	Darm
捕获	bu:huo	v.	fangen
雀	que	n.	Sperling
外加	wai:jia	v.	hinzufügen
备考	bei:kao	v.	für eine Prüfung lernen
挤挤	ji:ji	v.	drängeln
附图	fu:tu	n.	beigefügte Abbildung
非常大	fei:chang:da	adj.	sehr groß
是否存在	shi:fou:cun:zai	v.	ob existiert
多说	duo:shuo	v.	mehr sprechen
万岁	wan:sui	int.	lang leben
元器件	yuan:qi:jian	n.	komponente
仙人	xian:ren	n.	unsterblicher
慎	shen	adj.	vorsichtig
我的电脑	wo:de:dian:nao	n.	mein computer
优先考虑	you:xian:kao:lv	v.	priorisieren
三季度	san:ji:du	n.	drittes quartal
鸭子	ya:zi	n.	ente
物流管理	wu:liu:guan:li	n.	logistikmanagement
广告位置	guang:gao:wei:zhi	n.	werbefläche
该局	gai:ju	n.	das bureau
斯柯达	si:ke:da	n.	Skoda
研发中心	yan:fa:zhong:xin	n.	F&E-zentrum
盆	pen	n.	schüssel
交错	jiao:cuo	v.	verflechten
迁	qian	v.	umziehen
工程有限公司	gong:cheng:you:xian:gong:si	n.	Ingenieur-GmbH
研究生院	yan:jiu:sheng:yuan	n.	graduiertenschule
注视着	zhu:shi:zhe	v.	starren, blicken
共同体	gong:tong:ti	n.	Gemeinschaft
殿下	dian:xia	n.	Hoheit
进行修改	jin:xing:xiu:gai	v.	ändern, korrigieren
票务	piao:wu	n.	Ticketing
揭晓	jie:xiao	v.	enthüllen, bekannt geben
里程碑	li:cheng:bei	n.	Meilenstein
受伤的	shou:shang:de	adj.	verletzt
动态的	dong:tai:de	adj.	dynamisch, beweglich
监护人	jian:hu:ren	n.	Vormund, gesetzlicher Vertreter
农业局	nong:ye:ju	n.	Landwirtschaftsamt
企业信息化	qi:ye:xin:xi:hua	n.	Unternehmensinformatisierung
赛场	sai:chang	n.	Arena, Spielfeld
卡巴斯基	ka:ba:si:ji	n.	Kaspersky
缠绵	chan:mian	adj.	anhänglich, zärtlich
上页	shang:ye	n.	vorherige Seite
战略目标	zhan:lve:mu:biao	n.	strategisches Ziel
减去	jian:qu	v.	abziehen, subtrahieren
谈恋爱	tan:lian:ai	v.	verlieben, daten
在线人数	zai:xian:ren:shu	n.	Anzahl der Online-Nutzer
另一位	ling:yi:wei	pron.	ein anderer
镖	biao	n.	Wurfpfeil
小手	xiao:shou	n.	kleine Hand
车友	che:you	n.	Autofreund, Autoliebhaber
发信	fa:xin	v.	Nachricht senden
我身边	wo:shen:bian	pron.	meiner Seite
碰上	peng:shang	v.	begegnen
综述	zong:shu	n.	Zusammenfassung
综述	zong:shu	v.	zusammenfassen
冒着	mao:zhe	v.	riskieren
苏格兰	su:ge:lan	n.	Schottland
一下就	yi:xia:jiu	adv.	sofort
应邀	ying:yao	v.	auf Einladung kommen
大餐	da:can	n.	Festmahl
任性	ren:xing	adj.	eigenwillig
零配件	ling:pei:jian	n.	Ersatzteile
但是现在	dan:shi:xian:zai	conj.	aber jetzt
中以	zhong:yi	n.	China-Israel
片面	pian:mian	adj.	einseitig
生产总值	sheng:chan:zong:zhi	n.	BIP
倒也	dao:ye	adv.	doch auch
丰收	feng:shou	n.	Ernte
丰收	feng:shou	v.	ernten
单车	dan:che	n.	Fahrrad
房贷	fang:dai	n.	Hypothek
使命感	shi:ming:gan	n.	Sinn für Mission
紊乱	wen:luan	adj.	unordentlich
紊乱	wen:luan	v.	verwirren
目标人物	mu:biao:ren:wu	n.	Zielperson
目标任务	mu:biao:ren:wu	n.	Zielaufgabe
签的	qian:de	v.	unterschrieben
移送	yi:song	v.	überstellen
复苏	fu:su	v.	wiederbeleben
找来	zhao:lai	v.	suchen
风波	feng:bo	n.	Aufruhr
活了	huo:le	v.	gelebt
活了	huo:le	part.	abgeschlossen
劣质	lie:zhi	adj.	minderwertig
眼睛里	yan:jing:li	n.	in den Augen
大市场	da:shi:chang	n.	großer Markt
就做	jiu:zuo	v.	einfach machen
面目	mian:mu	n.	Aussehen
外国语	wai:guo:yu	n.	Fremdsprache
外婆	wai:po	n.	Großmutter mütterlicherseits
用处	yong:chu	n.	usage
芬	fen	n.	Duft
感到很	gan:dao:hen	v.	sich sehr fühlen
服务型	fu:wu:xing	adj.	serviceorientiert
能看	neng:kan	v.	sehen können
长年	chang:nian	n.	jahrelang
为了防止	wei:le:fang:zhi	conj.	um zu verhindern
仙子	xian:zi	n.	Fee
有病	you:bing	adj.	krank
显而易见	xian:er:yi:jian	adj.	offensichtlich
原型	yuan:xing	n.	Prototyp
铁观音	tie:guan:yin	n.	Tieguanyin
零食	ling:shi	n.	Snack
长官	zhang:guan	n.	Offizier
崖	ya	n.	Klippe
西服	xi:fu	n.	Anzug
一字	yi:zi	n.	Zeichen 'eins
维他命	wei:ta:ming	n.	Vitamin
培训课程	pei:xun:ke:cheng	n.	Schulungskurs
工作思路	gong:zuo:si:lu	n.	Arbeitsansatz
优良传统	you:liang:chuan:tong	n.	gute Tradition
入世	ru:shi	v.	WTO-Beitritt
丘	qiu	n.	Hügel
分院	fen:yuan	n.	Zweigstelle
退款	tui:kuan	v.	erstatten
如虎	ru:hu	adj.	wie ein Tiger
第四十六条	di:si:shi:liu:tiao	n.	Artikel 46
商业街	shang:ye:jie	n.	Einkaufsstraße
真题	zhen:ti	n.	Prüfungsfragen
看一看	kan:yi:kan	v.	ansehen
公共交通	gong:gong:jiao:tong	n.	öffentlicher Nahverkehr
领带	ling:dai	n.	Krawatte
技术中心	ji:shu:zhong:xin	n.	Technikzentrum
救了	jiu:le	v.	retten
妻室	qi:shi	n.	Schwiegerfamilie
项目合作	xiang:mu:he:zuo	n.	Projektkooperation
有谁	you:shei	pron.	wer
有谁	you:shui	pron.	wer
点击这里	dian:ji:zhe:li	v.	hier klicken
定做	ding:zuo	v.	anfertigen lassen
文史	wen:shi	n.	Literatur und Geschichte
中高档	zhong:gao:dang	adj.	mittel bis gehoben
饥饿	ji:e	n.	Hunger
饥饿	ji:e	adj.	hungrig
培养目标	pei:yang:mu:biao	n.	Ausbildungsziel
正视	zheng:shi	v.	konfrontieren
脑中	nao:zhong	n.	im Kopf
车库	che:ku	n.	Garage
可操作性	ke:cao:zuo:xing	n.	Operabilität
小男孩	xiao:nan:hai	n.	kleiner Junge
实际工作	shi:ji:gong:zuo	n.	tatsächliche Arbeit
往外	wang:wai	prep.	nach draußen
哈哈大笑	ha:ha:da:xiao	v.	laut lachen
居住在	ju:zhu:zai	v.	wohnen
多情	duo:qing	adj.	sentimental
大风	da:feng	n.	starker Wind
第四十五条	di:si:shi:wu:tiao	num.	Artikel 45
觉悟	jue:wu	v.	erkennen, erwachen
觉悟	jue:wu	n.	Bewusstsein, Einsicht
热血	re:xie	n.	heißes Blut, Leidenschaft
热血	re:xue	adj.	leidenschaftlich, feurig
科学发展	ke:xue:fa:zhan	n.	wissenschaftliche Entwicklung
奉行	feng:xing	v.	befolgen, ausführen
大喊	da:han	v.	schreien, rufen
全体会议	quan:ti:hui:yi	n.	Plenarsitzung
绝不会	jue:bu:hui	adv.	auf keinen Fall
设计单位	she:ji:dan:wei	n.	Design-Einheit
下水	xia:shui	v.	zu Wasser lassen
寒假	han:jia	n.	Winterferien
正因为	zheng:yin:wei	conj.	gerade weil
蠢	chun	adj.	dumm, albern
用户登录	yong:hu:deng:lu	n.	Benutzer-Login
詹姆斯	zhan:mu:si	n.	James
牟利	mou:li	v.	Profit machen
庙	miao	n.	Tempel
潘	pan	n.	Pan
飞舞	fei:wu	v.	tanzen, wirbeln
页码	ye:ma	n.	Seitennummer
求得	qiu:de	v.	erhalten
贸易公司	mao:yi:gong:si	n.	Handelsgesellschaft
电话机	dian:hua:ji	n.	Telefon
防爆	fang:bao	v.	explosionsgeschützt
很长时间	hen:chang:shi:jian	n.	lange Zeit
一世	yi:shi	n.	ein Leben
组别	zu:bie	n.	Kategorie
客服信箱	ke:fu:xin:xiang	n.	Kundenservice-Postfach
市容	shi:rong	n.	Stadtbild
重现	chong:xian	v.	wiedererscheinen
现身	xian:shen	v.	erscheinen
平邮	ping:you	n.	Standardpost
一早	yi:zao	adv.	frühzeitig
插图	cha:tu	n.	Illustration
台州市	tai:zhou:shi	n.	Taizhou
新世界	xin:shi:jie	n.	neue Welt
发展成为	fa:zhan:cheng:wei	v.	sich entwickeln zu
半数	ban:shu	n.	die Hälfte
传言	chuan:yan	n.	Gerücht
传言	chuan:yan	v.	gerüchtieren
无非	wu:fei	adv.	bloß
门锁	men:suo	n.	Türschloss
本职工作	ben:zhi:gong:zuo	n.	Hauptaufgabe
应尽	ying:jin	v.	erfüllen müssen
准入	zhun:ru	v.	zulassen
准入	zhun:ru	n.	Zugang
甲级	jia:ji	n.	Klasse A
森林公园	sen:lin:gong:yuan	n.	Waldpark
肠道	chang:dao	n.	Darm
九州	jiu:zhou	n.	China
管理方式	guan:li:fang:shi	n.	Managementstil
竞争者	jing:zheng:zhe	n.	Konkurrent
科员	ke:yuan	n.	Sachbearbeiter
总的来说	zong:de:lai:shuo	adv.	im Großen und Ganzen
誉为	yu:wei	v.	preisen als
后世	hou:shi	n.	Nachwelt
因缘	yin:yuan	n.	destin
国家宗教	guo:jia:zong:jiao	n.	Staatsreligion
光绪	guang:xu	n.	Guangxu
忍者	ren:zhe	n.	Ninja
悠闲	you:xian	adj.	gelassen
做些	zuo:xie	v.	etwas tun
防治工作	fang:zhi:gong:zuo	n.	Präventionsarbeit
上海大众	shang:hai:da:zhong	n.	SAIC Volkswagen
相关知识	xiang:guan:zhi:shi	n.	verwandtes Wissen
肯德基	ken:de:ji	n.	KFC
窒息	zhi:xi	v.	ersticken
把关	ba:guan	v.	kontrollieren
行为规范	xing:wei:gui:fan	n.	Verhaltensregeln
民政局	min:zheng:ju	n.	Zivilbehörde
颖	ying	n.	Klugheit
侵蚀	qin:shi	v.	erodieren
小王	xiao:wang	n.	Xiao Wang
资质等级	zi:zhi:deng:ji	n.	Qualifikationsstufe
德军	de:jun	n.	deutsche Armee
失恋	shi:lian	v.	Liebeskummer haben
责任者	ze:ren:zhe	n.	Verantwortlicher
不公平	bu:gong:ping	adj.	ungerecht
诧异	cha:yi	adj.	erstaunt
埋怨	man:yuan	v.	beschweren
拖着	tuo:zhe	v.	ziehen
咽喉	yan:hou	n.	Kehle
妖精	yao:jing	n.	kobold
决战	jue:zhan	n.	entscheidender Kampf
仅有的	jin:you:de	adj.	einzig
习惯于	xi:guan:yu	v.	gewöhnt sein
活动时间	huo:dong:shi:jian	n.	Aktivitätszeit
一两	yi:liang	num.	eins oder zwei
进行比较	jin:xing:bi:jiao	v.	vergleichen
受害人	shou:hai:ren	n.	Opfer
台独	tai:du	n.	Taiwan-Unabhängigkeit
暂行条例	zan:xing:tiao:li	n.	vorläufige Regelung
才算	cai:suan	v.	gelten als
待机时间	dai:ji:shi:jian	n.	Standby-Zeit
冲出	chong:chu	v.	herausstürmen
嵌套	qian:tao	v.	verschachteln
截止时间	jie:zhi:shi:jian	n.	Frist
社会管理	she:hui:guan:li	n.	Sozialmanagement
自己做	zi:ji:zuo	v.	selbst machen
上访	shang:fang	v.	Petition einreichen
树枝	shu:zhi	n.	Zweig
拓	tuo	v.	erweitern, entwickeln
征管	zheng:guan	n.	Steuereinziehung und -verwaltung
晴转多云	qing:zhuan:duo:yun	adj.	sonnig zu bewölkt
向右	xiang:you	adv.	nach rechts
只因	zhi:yin	conj.	nur weil
做着	zuo:zhe	v.	machend
娶	qu	v.	heiraten
开工建设	kai:gong:jian:she	v.	Baubeginn
药剂	yao:ji	n.	Reagenz, Lösung
在很大程度上	zai:hen:da:cheng:du:shang	adv.	in großem Maße
市场调查	shi:chang:diao:cha	n.	Marktforschung
生产过程	sheng:chan:guo:cheng	n.	Produktionsprozess
为适应	wei:shi:ying	conj.	um sich anzupassen
路灯	lu:deng	n.	Straßenlaterne
下落	xia:luo	n.	Verbleib, Fall
附有	fu:you	v.	beigefügt sein
好心	hao:xin	n.	gute Absicht
快来	kuai:lai	v.	schnell kommen
箱包	xiang:bao	n.	Taschen, Gepäck
语言文字	yu:yan:wen:zi	n.	Sprache und Schrift
科研项目	ke:yan:xiang:mu	n.	Forschungsprojekt
发来	fa:lai	v.	senden
失衡	shi:heng	v.	das Gleichgewicht verlieren
失衡	shi:heng	n.	Ungleichgewicht
短语	duan:yu	n.	Phrase
外文	wai:wen	n.	Fremdsprache
纱	sha	n.	Gaze, Garn
监督员	jian:du:yuan	n.	Aufseher
骷髅	ku:lou	n.	Skelett
汽配	qi:pei	n.	Autoteile
主干	zhu:gan	n.	Stamm, Hauptstamm
行为人	xing:wei:ren	n.	Akteur
祭奠	ji:dian	v.	opfern
太监	tai:jian	n.	Eunuch
周易	zhou:yi	n.	I Ging
极点	ji:dian	n.	Extrempunkt
祭典	ji:dian	n.	Fest, Ritual
抬起头	tai:qi:tou	v.	den Kopf heben
战略合作	zhan:lve:he:zuo	n.	strategische Kooperation
或多或少	huo:duo:huo:shao	adv.	mehr oder weniger
位数	wei:shu	n.	Stelle, Ziffer
闻到	wen:dao	v.	riechen
学好	xue:hao	v.	gut lernen
情结	qing:jie	n.	Komplex
一分钱	yi:fen:qian	n.	ein Cent
漏	lou	v.	lecken
漏	lou	n.	Leck
极速	ji:su	n.	Extremgeschwindigkeit
尿素	niao:su	n.	Harnstoff
完好	wan:hao	adj.	intakt
会员卡	hui:yuan:ka	n.	Mitgliedskarte
天龙	tian:long	n.	Tianlong
想一想	xiang:yi:xiang	v.	nachdenken
少妇	shao:fu	n.	junge verheiratete Frau
住处	zhu:chu	n.	Wohnort
数据采集	shu:ju:cai:ji	n.	Datenerfassung
忠告	zhong:gao	n.	Ratschlag
忠告	zhong:gao	v.	raten
田园	tian:yuan	n.	Landleben
贴身	tie:shen	adj.	engendert
特别提示	te:bie:ti:shi	n.	besonderer Hinweis
何等	he:deng	adv.	wie sehr
翻新	fan:xin	v.	renovieren
两千	liang:qian	num.	2.000
迅速地	xun:su:de	adv.	schnell
充值卡	chong:zhi:ka	n.	Aufladekarte
出演	chu:yan	v.	auftreten
里头	li:tou	n.	innen, drin
树种	shu:zhong	n.	Baumart
工人阶级	gong:ren:jie:ji	n.	Arbeiterklasse
营业厅	ying:ye:ting	n.	Geschäftsstelle
往年	wang:nian	n.	frühere Jahre
一半的	yi:ban:de	adj.	halb, halb so viel
主题曲	zhu:ti:qu	n.	Titellied
流体	liu:ti	n.	Fluid
商贸通	shang:mao:tong	n.	Handelsnachrichten
团支部	tuan:zhi:bu	n.	Ortsverband der Liga
网络设备	wang:luo:she:bei	n.	Netzwerkgeräte
有幸	you:xing	adv.	das Glück haben
金子	jin:zi	n.	Gold
利税	li:shui	n.	Gewinn und Steuern
软件产品	ruan:jian:chan:pin	n.	Softwareprodukt
强者	qiang:zhe	n.	Starker
请下载	qing:xia:zai	v.	bitte herunterladen
几方面	ji:fang:mian	n.	einige Aspekte
设计制作	she:ji:zhi:zuo	v.	entwerfen und produzieren
小熊	xiao:xiong	n.	Bärenjunges
波形	bo:xing	n.	Wellenform
建设规划	jian:she:gui:hua	n.	Bauplan
海峡	hai:xia	n.	Straße
食指	shi:zhi	n.	Zeigefinger
点火	dian:huo	v.	zünden
化身	hua:shen	n.	incarnation
老天	lao:tian	n.	dioses
已满	yi:man	adj.	voll
培养出	pei:yang:chu	v.	kultivieren
一模一样	yi:mu:yi:yang	adj.	identisch
抗震	kang:zhen	v.	Erdbebenresistenz
留学人员	liu:xue:ren:yuan	n.	Auslandsstudierende
豪宅	hao:zhai	n.	Villa
胡乱	hu:luan	adv.	wahllos
无从	wu:cong	v.	keine Möglichkeit haben
腹痛	fu:tong	n.	Bauchschmerzen
同在	tong:zai	v.	zusammen sein
密切配合	mi:qie:pei:he	v.	engagiert zusammenarbeiten
肠胃	chang:wei	n.	Magen und Darm
出入境	chu:ru:jing	n.	Ein- und Ausreise
谨	jin	v.	vorsichtig sein
本栏	ben:lan	n.	diese Spalte
党总支	dang:zong:zhi	n.	Parteigeneralkomitee
可疑	ke:yi	adj.	verdächtig
用上	yong:shang	v.	anfangen zu benutzen
尽管如此	jin:guan:ru:ci	conj.	trotzdem
水处理	shui:chu:li	n.	Wasseraufbereitung
无痕	wu:hen	adj.	spurlos
汉代	han:dai	n.	Han-Dynastie
决定书	jue:ding:shu	n.	Entscheidung
高速增长	gao:su:zeng:zhang	n.	schnelles Wachstum
驴友	lv:you	n.	Reisebegleiter
管理能力	guan:li:neng:li	n.	Managementfähigkeit
全局变量	quan:ju:bian:liang	n.	globale Variable
竭力	jie:li	v.	alles geben
珊	shan	n.	Koralle
受体	shou:ti	n.	Rezeptor
战绩	zhan:ji	n.	Kampfbilanz
发帖数量	fa:tie:shu:liang	n.	Anzahl der Beiträge
妥善处理	tuo:shan:chu:li	v.	ordnungsgemäß behandeln
问到	wen:dao	v.	fragen
结婚了	jie:hun:le	v.	heiraten
盼望	pan:wang	v.	ersehnen
归类	gui:lei	v.	klassifizieren
被发现	bei:fa:xian	v.	entdeckt werden
所载	suo:zai	n.	aufgezeichneter Inhalt
闻名	wen:ming	v.	berühmt sein
传世	chuan:shi	v.	nachwelt überliefern
杀害	sha:hai	v.	morden
脸颊	lian:jia	n.	Wange
不规则	bu:gui:ze	adj.	unregelmäßig
孤儿	gu:er	n.	Waisenkind
晚年	wan:nian	n.	Spätalter
明朗	ming:lang	adj.	hell
他俩	ta:lia	pron.	die beiden
星辰	xing:chen	n.	Sterne
严厉打击	yan:li:da:ji	v.	hart bekämpfen
一整套	yi:zheng:tao	mw.	ein ganzes Set
行政村	xing:zheng:cun	n.	Verwaltungsdorf
飞速发展	fei:su:fa:zhan	v.	sich rasant entwickeln
做不到	zuo:bu:dao	v.	nicht schaffen
次年	ci:nian	n.	das Folgejahr
清明	qing:ming	n.	Qingming-Fest
新农村	xin:nong:cun	n.	neues Landdorf
高水平的	gao:shui:ping:de	adj.	hochwertig
提着	ti:zhe	v.	tragen
一年来	yi:nian:lai	prep.	im vergangenen Jahr
腾飞	teng:fei	v.	aufsteigen, abheben
吓了一跳	xia:le:yi:tiao	v.	erschrecken
前置	qian:zhi	v.	voranstellen
银行贷款	yin:hang:dai:kuan	n.	Bankkredit
霸王	ba:wang	n.	Tyrann, Gebieter
教学改革	jiao:xue:gai:ge	n.	Lehrreform
装机	zhuang:ji	v.	installieren
认出	ren:chu	v.	erkennen
时间长	shi:jian:chang	adj.	langwierig, zeitaufwendig
手机铃声	shou:ji:ling:sheng	n.	Handy-Klingelton
电量	dian:liang	n.	Batteriekapazität
水印	shui:yin	n.	Wasserzeichen
高峰期	gao:feng:qi	n.	Stoßzeit
得当	de:dang	adj.	angemessen
家禽	jia:qin	n.	Geflügel
残联	can:lian	n.	Verband für Behinderte
不远处	bu:yuan:chu	n.	nicht weit entfernt
内蒙	nei:meng	n.	Inner Mongolei
新一	xin:yi	n.	Xin Yi
洛杉矶	luo:shan:ji	n.	Los Angeles
毛发	mao:fa	n.	Haar
一粒	yi:li	num.	ein Korn
海量	hai:liang	n.	riesige Menge
海量	hai:liang	adj.	riesige Kapazität
毕业证	bi:ye:zheng	n.	Abschlusszeugnis
坐到	zuo:dao	v.	sich setzen auf
并成	bing:cheng	v.	verschmelzen zu
根基	gen:ji	n.	Fundament, Basis
自然而然	zi:ran:er:ran	adv.	natürlich
抛出	pao:chu	v.	herauswerfen
要花	yao:hua	v.	kosten, beanspruchen
音符	yin:fu	n.	Musiknote
肛门	gang:men	n.	Anus
深喉	shen:hou	n.	Deep Throat
田间	tian:jian	n.	Felder
苍蝇	cang:ying	n.	Fliege
转过	zhuan:guo	v.	drehen, wenden
回到家	hui:dao:jia	v.	nach Hause kommen
打倒	da:dao	v.	stürzen
上个世纪	shang:ge:shi:ji	n.	letztes Jahrhundert
资金来源	zi:jin:lai:yuan	n.	Finanzierungsquelle
充分调动	chong:fen:diao:dong	v.	vollständig mobilisieren
出家	chu:jia	v.	in ein Kloster eintreten
精装	jing:zhuang	adj.	gebunden
波长	bo:chang	n.	Wellenlänge
行业管理	hang:ye:guan:li	n.	Branchenmanagement
响亮	xiang:liang	adj.	laut
浏览者	liu:lan:zhe	n.	Browser
城乡居民	cheng:xiang:ju:min	n.	Stadt- und Landbewohner
灭亡	mie:wang	v.	untergehen
网格	wang:ge	n.	Gitter
股份公司	gu:fen:gong:si	n.	Aktiengesellschaft
复式	fu:shi	adj.	doppelt
较弱	jiao:ruo	adj.	verhältnismäßig schwach
仆	pu	n.	Diener
字典	zi:dian	n.	Wörterbuch
辞退	ci:tui	v.	entlassen
沿江	yan:jiang	adj.	entlang des Flusses
惭愧	can:kui	adj.	beschämt
聚合物	ju:he:wu	n.	Polymer
一万元	yi:wan:yuan	num.	10.000 Yuan
专营	zhuan:ying	v.	exklusiv betreiben
村民委员会	cun:min:wei:yuan:hui	n.	Dorfausschuss
委派	wei:pai	v.	beauftragen
导线	dao:xian	n.	Leiter
容忍	rong:ren	v.	tolerieren
根据地	gen:ju:di	n.	Basis
路人	lu:ren	n.	Passant
同性恋	tong:xing:lian	n.	Homosexualität
要件	yao:jian	n.	wesentliches Element
大将	da:jiang	n.	General
温情	wen:qing	n.	Zärtlichkeit
助力	zhu:li	v.	unterstützen
雇佣	gu:yong	v.	anstellen
乏力	fa:li	adj.	schwach
分站	fen:zhan	n.	Nebenstation
新春	xin:chun	n.	Neujahr
飞天	fei:tian	n.	fliegende Apsara
工资待遇	gong:zi:dai:yu	n.	Gehalt und Leistungen
流淌	liu:tang	v.	fließen
卵巢	luan:chao	n.	Eierstock
热的	re:de	adj.	heiß
奔波	ben:bo	v.	umherlaufen
举止	ju:zhi	n.	Verhalten
一览表	yi:lan:biao	n.	Übersichtstabelle
第九	di:jiu	num.	neunte
猎头	lie:tou	n.	Headhunting
销售渠道	xiao:shou:qu:dao	n.	Vertriebskanal
版权问题	ban:quan:wen:ti	n.	Urheberrechtsproblem
世尊	shi:zun	n.	der Weltverehrte
赞扬	zan:yang	v.	loben
华语	hua:yu	n.	chinesisch
适于	shi:yu	v.	eignen
牛仔	niu:zai	n.	Cowboy
索性	suo:xing	adv.	schlichtweg
睫毛	jie:mao	n.	Wimper
宙	zhou	n.	Universum
客户关系	ke:hu:guan:xi	n.	Kundenbeziehungen
李宇春	li:yu:chun	n.	Li Yuchun
融化	rong:hua	v.	schmelzen
鱼头	yu:tou	n.	Fischkopf
立马	li:ma	adv.	sofort
芬芳	fen:fang	adj.	duftend
芬芳	fen:fang	n.	Duft
我的爱	wo:de:ai	n.	meine Liebe
传	zhuan	v.	weitergeben
传	zhuan	n.	Legende
多一点	duo:yi:dian	mw.	etwas mehr
尉	wei	n.	Offizier
继承了	ji:cheng:le	v.	geerbt
野猫	ye:mao	n.	Wildkatze
胡子	hu:zi	n.	Bart
回想	hui:xiang	v.	sich erinnern
留着	liu:zhe	v.	behalten
其三	qi:san	num.	der dritte
我的博客	wo:de:bo:ke	n.	mein Blog
屑	xie	n.	Abfall
学过	xue:guo	v.	gelernt haben
一个地方	yi:ge:di:fang	n.	ein Ort
水里	shui:li	n.	im Wasser
指示灯	zhi:shi:deng	n.	Anzeigeleuchte
技术发展	ji:shu:fa:zhan	n.	technologische Entwicklung
儒学	ru:xue	n.	Konfuzianismus
初学	chu:xue	v.	anfangen zu lernen
强悍	qiang:han	adj.	zäh, grimmig
预料	yu:liao	v.	erwarten, vorhersagen
叮	ding	v.	stechen, beißen
便民	bian:min	v.	volksfreundlich machen
暖气	nuan:qi	n.	Heizung
春运	chun:yun	n.	Frühlingsreiseverkehr
世家	shi:jia	n.	vornehmer Familien
天河区	tian:he:qu	n.	Bezirk Tianhe
业务发展	ye:wu:fa:zhan	n.	Geschäftsentwicklung
办实事	ban:shi:shi	v.	praktische Dinge tun
中高级	zhong:gao:ji	adj.	mittel- bis fortgeschritten
版权声明	ban:quan:sheng:ming	n.	Urheberrechtshinweis
教育改革	jiao:yu:gai:ge	n.	Bildungsreform
身份证复印件	shen:fen:zheng:fu:yin:jian	n.	Kopie des Personalausweises
巡查	xun:cha	v.	patrouillieren, inspizieren
游戏规则	you:xi:gui:ze	n.	Spielregeln
单体	dan:ti	n.	Monomer
就地	jiu:di	adv.	vor Ort
当着	dang:zhe	prep.	vor
捂	wu	v.	abdecken
洞口	dong:kou	n.	Höhleneingang
烦躁	fan:zao	adj.	gereizt
烦躁	fan:zao	v.	sich ärgern
高地	gao:di	n.	Hochland
近两年	jin:liang:nian	n.	die letzten zwei Jahre
涩	se	adj.	herb
进行研究	jin:xing:yan:jiu	v.	Forschung betreiben
商业化	shang:ye:hua	n.	Kommerzialisierung
商业化	shang:ye:hua	v.	kommerzialisieren
专升本	zhuan:sheng:ben	n.	Aufstiegsstudium
尚书	shang:shu	n.	Shangshu
直奔	zhi:ben	v.	direkt auf etwas zusteuern
派对	pai:dui	n.	Party
婚约	hun:yue	n.	Verlobung
苦苦	ku:ku	adv.	bitterlich
抵挡	di:dang	v.	widerstehen
化作	hua:zuo	v.	sich verwandeln in
配送费	pei:song:fei	n.	Liefergebühr
直击	zhi:ji	v.	direkt treffen
主要技术	zhu:yao:ji:shu	n.	Haupttechnologie
摆设	bai:she	n.	Dekoration
交流平台	jiao:liu:ping:tai	n.	Austauschplattform
所不同	suo:bu:tong	v.	sich unterscheiden
晋级	jin:ji	v.	aufsteigen
内侧	nei:ce	n.	Innenseite
大一	da:yi	n.	Erstsemester
看不出	kan:bu:chu	v.	nicht erkennen können
鲜奶	xian:nai	n.	frische Milch
先去	xian:qu	v.	zuerst gehen
神圣的	shen:sheng:de	adj.	heilig
有两	you:liang	v.	zwei haben
狠狠地	hen:hen:de	adv.	gnadenlos
子曰	zi:yue	v.	Konfuzius sagte
注射液	zhu:she:ye	n.	Injektionslösung
手柄	shou:bing	n.	Griff
红花	hong:hua	n.	Saflor
取水	qu:shui	v.	Wasser holen
印证	yin:zheng	v.	bestätigen
城市发展	cheng:shi:fa:zhan	n.	Stadtentwicklung
呻吟	shen:yin	v.	stöhnen
半个月	ban:ge:yue	n.	halber Monat
建的	jian:de	adj.	gebaut
变速器	bian:su:qi	n.	Getriebe
起名	qi:ming	v.	benennen
再过	zai:guo	v.	nach weiteren
总队	zong:dui	n.	Hauptquartier
解到	jie:dao	v.	lösen
农村基层	nong:cun:ji:ceng	n.	ländliche Basis
所受	suo:shou	v.	erhalten
代收	dai:shou	v.	stellvertretend einziehen
不讲	bu:jiang	v.	nicht sprechen
过时	guo:shi	adj.	veraltet
通向	tong:xiang	v.	führen zu
剧中	ju:zhong	n.	im Stück
途经	tu:jing	v.	passieren
海运	hai:yun	n.	Seefracht
海运	hai:yun	v.	per See verschiffen
左键	zuo:jian	n.	linke Taste
诧	cha	v.	erstaunen
停顿	ting:dun	v.	pausieren
停顿	ting:dun	n.	Pause
匈奴	xiong:nu	n.	Xiongnu
两性	liang:xing	n.	Geschlecht
柴	chai	n.	Brennholz
耽误	dan:wu	v.	verzögern
一站式	yi:zhan:shi	adj.	one-stop
协会会员	xie:hui:hui:yuan	n.	Vereinsmitglied
孙悟空	sun:wu:kong	n.	Sun Wukong
转而	zhuan:er	conj.	stattdessen
公共利益	gong:gong:li:yi	n.	öffentliches Interesse
避孕套	bi:yun:tao	n.	Kondom
传动	chuan:dong	n.	Antrieb
会费	hui:fei	n.	Mitgliedsbeitrag
每分钟	mei:fen:zhong	num.	pro Minute
免责	mian:ze	v.	haftungsfrei machen
树形	shu:xing	n.	Baumstruktur
木板	mu:ban	n.	Holzbrett
甜美	tian:mei	adj.	süß
甜美	tian:mei	n.	Süße
诱人	you:ren	adj.	verlockend
跳了	tiao:le	v.	sprang
总产值	zong:chan:zhi	n.	Gesamtproduktionswert
按期	an:qi	adv.	fristgerecht
雕像	diao:xiang	n.	Statue
开张	kai:zhang	v.	eröffnen
繁重	fan:zhong	adj.	schwer, belastend
承受能力	cheng:shou:neng:li	n.	Belastbarkeit
乐团	yue:tuan	n.	Orchester
点滴	dian:di	n.	Tropfen
点滴	dian:di	adj.	schrittweise
挥手	hui:shou	v.	winken
走着	zou:zhe	v.	gehen
击中	ji:zhong	v.	treffen
这一个	zhe:yi:ge	pron.	dieser
转弯	zhuan:wan	v.	abbiegen
干事	gan:shi	n.	Beauftragter
杆	gan	n.	Stange
大喜	da:xi	v.	sich freuen
最根本	zui:gen:ben	adj.	am grundlegendsten
或将	huo:jiang	adv.	vielleicht
远大	yuan:da	adj.	weitläufig
忽视了	hu:shi:le	v.	vernachlässigen
部分人	bu:fen:ren	n.	einige Leute
龙门	long:men	n.	Longmen
单人	dan:ren	n.	Einzelperson
方形	fang:xing	n.	Quadrat
前世	qian:shi	n.	vorheriges Leben
主要业务	zhu:yao:ye:wu	n.	Hauptgeschäft
充分考虑	chong:fen:kao:lv	v.	vollständig berücksichtigen
所面临	suo:mian:lin	v.	konfrontiert sein
国标	guo:biao	n.	nationaler Standard
深入研究	shen:ru:yan:jiu	v.	eingehend untersuchen
风范	feng:fan	n.	style
迄今	qi:jin	adv.	bis jetzt
抽象的	chou:xiang:de	adj.	abstrakt
短文	duan:wen	n.	kurzer Text
转基因	zhuan:ji:yin	n.	Gentechnik
过低	guo:di	adj.	zu niedrig
举报电话	ju:bao:dian:hua	n.	Meldetelefon
地球上	di:qiu:shang	n.	auf der Erde
请发	qing:fa	v.	bitte senden
实践能力	shi:jian:neng:li	n.	praktische Fähigkeit
钱财	qian:cai	n.	Geld und Reichtum
投资公司	tou:zi:gong:si	n.	Investmentgesellschaft
西街	xi:jie	n.	Weststraße
衍生	yan:sheng	v.	ableiten
该地区	gai:di:qu	n.	die Region
熟人	shou:ren	n.	Bekannter
熟人	shu:ren	n.	Bekannter
涵	han	n.	enthalten
世俗	shi:su	adj.	weltlich
城市里	cheng:shi:li	n.	in der Stadt
从来不	cong:lai:bu	adv.	nie
野心	ye:xin	n.	Ehrgeiz
校验	jiao:yan	v.	verifizieren
理论知识	li:lun:zhi:shi	n.	theoretisches Wissen
麦克风	mai:ke:feng	n.	Mikrofon
新婚	xin:hun	adj.	frisch verheiratet
一对一	yi:dui:yi	num.	eins zu eins
成就感	cheng:jiu:gan	n.	Erfolgserlebnis
媒体报道	mei:ti:bao:dao	n.	Medienbericht
效果好	xiao:guo:hao	adj.	gute wirkung
资金投入	zi:jin:tou:ru	n.	Kapitalanlage
展现了	zhan:xian:le	v.	gezeigt
肺炎	fei:yan	n.	Lungenentzündung
患儿	huan:er	n.	krankes kind
坠	zhui	v.	fallen
发生过	fa:sheng:guo	v.	ist passiert
努力实现	nu:li:shi:xian	v.	bemüht realisieren
企业性质	qi:ye:xing:zhi	n.	Art des Unternehmens
医疗费用	yi:liao:fei:yong	n.	medizinische Kosten
全世界的	quan:shi:jie:de	adj.	weltweit
庄家	zhuang:jia	n.	Haus
赔	pei	v.	verlieren
渊源	yuan:yuan	n.	Ursprung
创下	chuang:xia	v.	schaffen
涨	zhang	v.	steigen
乌龟	wu:gui	n.	Schildkröte
黄健翔	huang:jian:xiang	n.	Huang Jianxiang
帮助企业	bang:zhu:qi:ye	v.	Unternehmen helfen
点击下载	dian:ji:xia:zai	v.	klicken zum Herunterladen
检定	jian:ding	v.	prüfen
启蒙	qi:meng	v.	aufklären
好些	hao:xie	pron.	einige
悬念	xuan:nian	n.	Spannung
国际经济	guo:ji:jing:ji	n.	internationale Wirtschaft
考勤	kao:qin	n.	Anwesenheit
凝固	ning:gu	v.	gerinnen
凝固	ning:gu	v.	verfestigen
嘟	du	onom.	pout
崩	beng	v.	zusammenbrechen
司法部	si:fa:bu	n.	Justizministerium
处女座	chu:nv:zuo	n.	Jungfrau
雷电	lei:dian	n.	Donner und Blitz
不能不	bu:neng:bu	adv.	nicht umhin müssen
怎么办呢	zen:me:ban:ne	int.	was tun
薛	xue	n.	Xue
经常性	jing:chang:xing	adj.	regelmäßig
农业机械	nong:ye:ji:xie	n.	Landmaschinen
站内搜索	zhan:nei:sou:suo	n.	interne Suche
绝对不会	jue:dui:bu:hui	adv.	auf keinen Fall
预付	yu:fu	v.	im Voraus bezahlen
威望值	wei:wang:zhi	n.	Prestige-Punkte
抢占	qiang:zhan	v.	besetzen
销售网络	xiao:shou:wang:luo	n.	Vertriebsnetz
藤	teng	n.	Rebe
品类	pin:lei	n.	Kategorie
罕见	han:jian	adj.	seldom
早已经	zao:yi:jing	adv.	schon längst
执行董事	zhi:xing:dong:shi	n.	geschäftsführender direktor
猫猫	mao:mao	n.	kätzchen
是假	shi:jia	adj.	falsch
就变成	jiu:bian:cheng	v.	werden zu
商业模式	shang:ye:mo:shi	n.	Geschäftsmodell
税	shui	n.	Steuer
四环	si:huan	n.	vierter Ring
长大了	zhang:da:le	v.	erwachsen sein
生物制品	sheng:wu:zhi:pin	n.	biologische Produkte
营业员	ying:ye:yuan	n.	Verkäufer
随笔	sui:bi	n.	Essay
登记注册	deng:ji:zhu:ce	v.	registrieren
就业服务	jiu:ye:fu:wu	n.	Beschäftigungsservice
诗的	shi:de	adj.	poetisch
课程设置	ke:cheng:she:zhi	n.	Lehrplangestaltung
神经系统	shen:jing:xi:tong	n.	Nervensystem
逃走	tao:zou	v.	fliehen
可再生能源	ke:zai:sheng:neng:yuan	n.	erneuerbare Energie
荔枝	li:zhi	n.	Litschi
通车	tong:che	v.	Verkehr freigeben
两套	liang:tao	mw.	zwei Sätze
磁性	ci:xing	n.	Magnetismus
技术部	ji:shu:bu	n.	Technikabteilung
贪污	tan:wu	v.	unterschlagen
四星级	si:xing:ji	adj.	viersterng
玩忽职守	wan:hu:zhi:shou	v.	Pflichtverletzung
压缩包	ya:suo:bao	n.	komprimierte Datei
房地产企业	fang:di:chan:qi:ye	n.	Immobilienunternehmen
谈不上	tan:bu:shang	v.	nicht zu bezeichnen als
发展环境	fa:zhan:huan:jing	n.	Entwicklungsumgebung
套件	tao:jian	n.	Software-Suite
蜗牛	wo:niu	n.	Schnecke
仪器设备	yi:qi:she:bei	n.	Instrumente und Ausrüstung
铁道部	tie:dao:bu	n.	Eisenbahnministerium
抵扣	di:kou	v.	abziehen
面广	mian:guang	adj.	breite Reichweite
企业邮局	qi:ye:you:ju	n.	Betriebspostamt
复仇	fu:chou	v.	rächen
无耻	wu:chi	adj.	schamlos
这群	zhe:qun	n.	diese Gruppe
注明出处	zhu:ming:chu:chu	v.	Quelle angeben
寓意	yu:yi	n.	Bedeutung
抓获	zhua:huo	v.	fangen, festnehmen
将领	jiang:ling	n.	General
枯	ku	adj.	vertrocknet
不足以	bu:zu:yi	adv.	nicht genug um
拉链	la:lian	n.	Reißverschluss
认证机构	ren:zheng:ji:gou	n.	Zertifizierungsstelle
演化	yan:hua	v.	evolvieren
演化	yan:hua	n.	Evolution
检讨	jian:tao	n.	Selbstkritik
肝癌	gan:ai	n.	Leberkrebs
忠诚度	zhong:cheng:du	n.	Loyalität
爱情故事	ai:qing:gu:shi	n.	Liebesgeschichte
按月	an:yue	adv.	monatlich
中介公司	zhong:jie:gong:si	n.	Vermittlungsagentur
经济运行	jing:ji:yun:xing	n.	Wirtschaftslauf
鞋业	xie:ye	n.	Schuhindustrie
生活习惯	sheng:huo:xi:guan	n.	Lebensgewohnheiten
收敛	shou:lian	v.	zurückhalten, zügeln
珍品	zhen:pin	n.	Kostbarkeit, Rarität
名贵	ming:gui	adj.	kostbar, teuer
发展潜力	fa:zhan:qian:li	n.	Entwicklungspotenzial
抵抗力	di:kang:li	n.	Widerstandskraft, Immunität
陪着	pei:zhe	v.	begleiten, bei jemandem sein
这么多年	zhe:me:duo:nian	n.	so viele Jahre
出国留学	chu:guo:liu:xue	v.	im Ausland studieren
夜景	ye:jing	n.	Nachtansicht, Nachtpanorama
友好的	you:hao:de	adj.	freundlich, freundschaftlich
联系起来	lian:xi:qi:lai	v.	verbinden, verknüpfen
篡改	cuan:gai	v.	fälschen, manipulieren
明确提出	ming:que:ti:chu	v.	klar vortragen
这些年	zhe:xie:nian	n.	diese Jahre
调味	tiao:wei	v.	würzen, abschmecken
谋划	mou:hua	v.	planen, schmieden
评审委员会	ping:shen:wei:yuan:hui	n.	Prüfungsausschuss
睡袋	shui:dai	n.	Schlafsack
历史悠久	li:shi:you:jiu	adj.	lange Geschichte haben
停止了	ting:zhi:le	v.	aufhören
技术有限公司	ji:shu:you:xian:gong:si	n.	Technologiegesellschaft
经贸委	jing:mao:wei	n.	Handelskommission
嫖客	piao:ke	n.	Prostitutionskunde
人才工作	ren:cai:gong:zuo	n.	Talentmanagement
择优	ze:you	v.	das Beste auswählen
对白	dui:bai	n.	Dialog
广大客户	guang:da:ke:hu	n.	breite Kundschaft
这个网站	zhe:ge:wang:zhan	n.	diese Website
会计核算	kuai:ji:he:suan	n.	Buchhaltung
不确定性	bu:que:ding:xing	n.	Unsicherheit
交易会	jiao:yi:hui	n.	Handelsmesse
网络系统	wang:luo:xi:tong	n.	Netzwerksystem
劣势	lie:shi	n.	Nachteil
借此	jie:ci	conj.	dadurch
经受	jing:shou	v.	ertragen
综合评价	zong:he:ping:jia	n.	Gesamtbewertung
华中	hua:zhong	n.	Zentralchina
译	yi	v.	übersetzen
市场准入	shi:chang:zhun:ru	n.	Marktzugang
帘	lian	n.	Vorhang
理想信念	li:xiang:xin:nian	n.	Ideal und Überzeugung
鸟类	niao:lei	n.	Vögel
糖	tang	n.	Zucker
糖	tang	n.	Süßigkeit
深邃	shen:sui	adj.	tiefgründig
围巾	wei:jin	n.	Schal
怀	huai	v.	umarmen
怀	huai	n.	Brust
电动机	dian:dong:ji	n.	Elektromotor
有心	you:xin	adj.	absichtlich
行动计划	xing:dong:ji:hua	n.	Aktionsplan
最关心	zui:guan:xin	v.	am meisten kümmern um
大中城市	da:zhong:cheng:shi	n.	Groß- und Mittelstädte
方法论	fang:fa:lun	n.	Methodologie
鸡肉	ji:rou	n.	Hühnerfleisch
开到	kai:dao	v.	fahren bis zu
三中	san:zhong	num.	dritte
城南	cheng:nan	n.	Südstadt
网络电话	wang:luo:dian:hua	n.	Internet-Telefonie
吸毒	xi:du	v.	Drogen konsumieren
真挚	zhen:zhi	adj.	aufrichtig
驻外	zhu:wai	v.	im Ausland stationiert sein
二十一世纪	er:shi:yi:shi:ji	n.	21. Jahrhundert
废旧	fei:jiu	adj.	alt/ausgedient
指控	zhi:kong	v.	anklagen
指控	zhi:kong	n.	Anklage
愉	yu	adj.	angenehm
网络媒体	wang:luo:mei:ti	n.	Online-Medien
师长	shi:zhang	n.	Divisionskommandant
疏忽	shu:hu	v.	nachlässig sein
疏忽	shu:hu	n.	Nachlässigkeit
天鹅	tian:e	n.	Schwan
耐用	nai:yong	adj.	langlebig
市教育局	shi:jiao:yu:ju	n.	städtisches Bildungsamt
所知	suo:zhi	n.	das Bekannte
骄	jiao	adj.	stolz
徐汇区	xu:hui:qu	n.	Bezirk Xuhui
第四十七条	di:si:shi:qi:tiao	n.	Artikel 47
金黄色	jin:huang:se	adj.	goldgelb
落到	luo:dao	v.	fallen auf
闪存	shan:cun	n.	Flash-Speicher
划转	hua:zhuan	v.	übertragen
保单	bao:dan	n.	Versicherungspolice
房屋拆迁	fang:wu:chai:qian	n.	Hausabriss
办公设备	ban:gong:she:bei	n.	Büroausstattung
跨越式发展	kua:yue:shi:fa:zhan	n.	sprunghafte Entwicklung
计算方法	ji:suan:fang:fa	n.	Berechnungsmethode
大客户	da:ke:hu	n.	Großkunde
巨型	ju:xing	adj.	riesig
农村信用社	nong:cun:xin:yong:she	n.	ländliche Genossenschaftsbank
屏障	ping:zhang	n.	barrière
透气	tou:qi	v.	lüften
透气	tou:qi	adj.	atmungsaktiv
翻开	fan:kai	v.	aufschlagen
逃脱	tao:tuo	v.	échapper
集体经济	ji:ti:jing:ji	n.	Kollektivwirtschaft
健康教育	jian:kang:jiao:yu	n.	Gesundheitserziehung
辈子	bei:zi	n.	Lebenszeit
深化	shen:hua	v.	vertiefen
美国政府	mei:guo:zheng:fu	n.	US-Regierung
取下	qu:xia	v.	abnehmen
旋风	xuan:feng	n.	Wirbelwind
羡	xian	v.	beneiden
行进	xing:jin	v.	vorrücken
攻关	gong:guan	v.	ein Problem lösen
要钱	yao:qian	v.	Geld verlangen
政府机构	zheng:fu:ji:gou	n.	Regierungsbehörde
尾灯	wei:deng	n.	Rücklicht
吊顶	diao:ding	n.	abgehängte Decke
国画	guo:hua	n.	chinesische Malerei
争创	zheng:chuang	v.	streb nach Schöpfung
中南	zhong:nan	n.	Zhongnan
烟花爆竹	yan:hua:bao:zhu	n.	Feuerwerk
月收入	yue:shou:ru	n.	Monatseinkommen
糕	gao	n.	Kuchen
单机	dan:ji	n.	Einzelgerät
治疗方法	zhi:liao:fang:fa	n.	Behandlungsmethode
大多数的	da:duo:shu:de	adj.	der Mehrheit
角逐	jue:zhu	v.	wettbewerben
彬	bin	n.	Bin
曲子	qu:zi	n.	Melodie
每张	mei:zhang	mw.	jede Seite
收费项目	shou:fei:xiang:mu	n.	Gebührenartikel
征用	zheng:yong	v.	requirieren
愚	yu	adj.	dumm
安康	an:kang	adj.	friedlich und gesund
妥善	tuo:shan	adj.	angemessen
远去	yuan:qu	v.	fortgehen
城北	cheng:bei	n.	Nördlich der Stadt
迫不及待	po:bu:ji:dai	adj.	ungeduldig
高尚的	gao:shang:de	adj.	edel
开销	kai:xiao	n.	Ausgabe
开销	kai:xiao	v.	ausgeben
油条	you:tiao	n.	Youtiao
出生于	chu:sheng:yu	v.	geboren sein in
所购	suo:gou	n.	gekauftes
下场	xia:chang	n.	Ende
下场	xia:chang	v.	auf das Feld gehen
来历	lai:li	n.	Herkunft
狮子座	shi:zi:zuo	n.	Löwe
监制	jian:zhi	v.	Produktion überwachen
犯罪分子	fan:zui:fen:zi	n.	Krimineller
融为一体	rong:wei:yi:ti	v.	verschmelzen
安全带	an:quan:dai	n.	Sicherheitsgurt
基地建设	ji:di:jian:she	n.	Basisbau
包装材料	bao:zhuang:cai:liao	n.	Verpackungsmaterial
外衣	wai:yi	n.	Oberbekleidung
鱼儿	yu:er	n.	Fisch
产妇	chan:fu	n.	Wöchnerin
防疫	fang:yi	v.	Epidemie bekämpfen
技术交流	ji:shu:jiao:liu	n.	technischer Austausch
带我	dai:wo	v.	mich mitnehmen
已婚	yi:hun	adj.	verheiratet
黑社会	hei:she:hui	n.	mafia
几大	ji:da	num.	mehrere große
侦探	zhen:tan	n.	Detektiv
疏	shu	adj.	spärlich
疏	shu	v.	vernachlässigen
叶酸	ye:suan	n.	Folsäure
小腿	xiao:tui	n.	Wade
保住	bao:zhu	v.	behalten
起作用	qi:zuo:yong	v.	wirken
伤痛	shang:tong	n.	Schmerz
伤痛	shang:tong	v.	verletzen
育种	yu:zhong	n.	Züchtung
格林	ge:lin	n.	Grimm
统治者	tong:zhi:zhe	n.	Herrscher
新旧	xin:jiu	adj.	neu und alt
重返	chong:fan	v.	zurückkehren
得益于	de:yi:yu	v.	profitieren von
乳腺癌	ru:xian:ai	n.	Brustkrebs
社科	she:ke	n.	Sozialwissenschaften
炫耀	xuan:yao	v.	angeben
引进了	yin:jin:le	v.	einführen
翰	han	n.	Schreibkunst
中国网通	zhong:guo:wang:tong	n.	China Netcom
更像	geng:xiang	v.	ähnlicher sehen
能找到	neng:zhao:dao	v.	finden können
帮她	bang:ta	v.	ihr helfen
堵	du	v.	verstopfen
堵	du	adj.	verstopft
自以为	zi:yi:wei	v.	glauben zu sein
劳动力市场	lao:dong:li:shi:chang	n.	Arbeitsmarkt
注视	zhu:shi	v.	anstarren
昨天晚上	zuo:tian:wan:shang	n.	gestern Abend
九个	jiu:ge	num.	9
家乐福	jia:le:fu	n.	Carrefour
有关系	you:guan:xi	v.	in Zusammenhang stehen
地方财政	di:fang:cai:zheng	n.	lokale Finanzen
签订合同	qian:ding:he:tong	v.	einen Vertrag unterzeichnen
还是会	hai:shi:hui	adv.	doch noch
水箱	shui:xiang	n.	Wassertank
销售经理	xiao:shou:jing:li	n.	Vertriebsleiter
分钱	fen:qian	v.	Geld aufteilen
开课	kai:ke	v.	Kurs beginnen
面条	mian:tiao	n.	Nudeln
一剑	yi:jian	num.	ein Schwert
右边的	you:bian:de	adj.	rechte
显出	xian:chu	v.	zeigen
诚招	cheng:zhao	v.	ehrlich suchen
腕	wan	n.	Handgelenk
腕	wan	n.	Geschick
火炬	huo:ju	n.	Fackel
另一半	ling:yi:ban	n.	andere Hälfte
反倒	fan:dao	adv.	im Gegenteil
贴上	tie:shang	v.	aufkleben
统一思想	tong:yi:si:xiang	v.	das Denken vereinheitlichen
那双	na:shuang	num.	dieses Paar
奇幻	qi:huan	adj.	fantastisch
署名	shu:ming	v.	unterschreiben
署名	shu:ming	n.	Unterschrift
杂交	za:jiao	v.	kreuzen
中餐	zhong:can	n.	chinesisches Essen
何在	he:zai	v.	wo ist
种苗	zhong:miao	n.	Setzling
她才	ta:cai	pron.	sie erst
那么多的	na:me:duo:de	adj.	so viele
林业局	lin:ye:ju	n.	Forstamt
随身携带	sui:shen:xie:dai	v.	mitnehmen
有信心	you:xin:xin	v.	Vertrauen haben
车	ju	n.	Auto
考查	kao:cha	v.	prüfen
起兴	qi:xing	v.	Anspielung machen
市亩	shi:mu	n.	Mù
原产	yuan:chan	v.	ursprünglich stammen
原产	yuan:chan	adj.	einheimisch
脱水	tuo:shui	v.	dehydrieren
一缕	yi:lv	mw.	eine Strähne
吃亏	chi:kui	v.	Verlust erleiden
攻读	gong:du	v.	studieren
深感	shen:gan	v.	tief fühlen
有实力	you:shi:li	v.	stark sein
不健康	bu:jian:kang	adj.	ungesund
国税局	guo:shui:ju	n.	Finanzamt
以备	yi:bei	conj.	um vorzubereiten
复议	fu:yi	v.	revidieren
数据中心	shu:ju:zhong:xin	n.	Rechenzentrum
眸	mou	n.	Auge
互利	hu:li	v.	gegenseitig profitieren
工业设计	gong:ye:she:ji	n.	Industriedesign
