# zh-en: Chinese candidates -> English. Generated; edit corrections/zh-en.tsv instead (see CONTRIBUTING.md).
word	reading	pos	translation
的	de	part.	possessive particle
一	yi	num.	one
是	shi	v.	be
我	wo	pron.	I
江泽民	jiang:ze:min	n.	Jiang Zemin
江泽民同志	jiang:ze:min:tong:zhi	n.	comrade Jiang Zemin
在	zai	v.	be at
在	zai	adv.	(in the process of)
人	ren	n.	person
有	you	v.	have
这	zhe	pron.	this
这	zhei	pron.	this (spoken)
他	ta	pron.	he
来	lai	v.	come
个	ge	mw.	general classifier
版权	ban:quan	n.	copyright
三国群英传	san:guo:qun:ying:zhuan	n.	Heroes of the Three Kingdoms
说	shuo	v.	say
说	shuo	n.	speech
上	shang	v.	go up
上	shang	n.	top
到	dao	v.	arrive
到	dao	prep.	until
就	jiu	adv.	then
就	jiu	v.	approach
大	da	adj.	big
那	na	pron.	that
也	ye	adv.	also
嗯	eng	int.	hmm
嗯	en	int.	yes
吗	ma	part.	question particle
或	huo	adv.	perhaps
地	de	part.	adverbial particle
地	di	n.	earth
地	di	n.	place
子	zi	n.	child
子	zi	n.	son
请	qing	v.	invite
下	xia	v.	descend
时	shi	n.	time
看	kan	v.	look
看	kan	v.	read
要	yao	v.	want
要	yao	part.	shall
她	ta	pron.	she
放	fang	v.	put
中	zhong	n.	middle
没	mei	adv.	not
但	dan	conj.	but
然	ran	adv.	so
里	li	n.	inside
为	wei	prep.	for
过	guo	part.	experienced particle
自	zi	prep.	from, self
好	hao	adj.	good
得	de	part.	result complement
得	dei	v.	need
去	qu	v.	go
会	hui	v.	can
会	hui	n.	meeting
天	tian	n.	sky
天	tian	n.	day
还	hai	adv.	still
后	hou	n.	after
以	yi	prep.	by means of
小	xiao	adj.	small
和	he	conj.	and
对	dui	adj.	correct
对	dui	prep.	toward
想	xiang	v.	think
级	ji	n.	level
起	qi	v.	rise
房地产	fang:di:chan	n.	real estate
神	shen	n.	god
神	shen	adj.	marvelous
深	shen	adj.	deep
啊	a	part.	exclamation particle
啊	a	int.	oh
制度	zhi:du	n.	system
集	ji	v.	gather
集	ji	n.	collection
手	shou	n.	hand
而	er	conj.	and
只	zhi	adv.	only
只	zhi	mw.	measure word for animals
生	sheng	v.	be born
生	sheng	n.	life
头	tou	n.	head
事	shi	n.	matter
多	duo	adj.	many
模式	mo:shi	n.	pattern
家	jia	n.	home
家	jia	n.	expert
面	mian	n.	face
改革	gai:ge	n.	reform
改革	gai:ge	v.	reform
知	zhi	v.	know
开	kai	v.	open
如	ru	v.	be like
权利	quan:li	n.	right
无	wu	v.	not have
很	hen	adv.	very
点	dian	n.	point
点	dian	mw.	a bit
前	qian	n.	before
发	fa	v.	send
经	jing	v.	pass through
按	an	prep.	according to
按	an	v.	press
把	ba	n.	handle
把	ba	mw.	gripful
老	lao	adj.	old
些	xie	mw.	some
话	hua	n.	words
已	yi	adv.	already
又	you	adv.	again
声	sheng	n.	sound
意	yi	n.	meaning
啦	la	part.	exclamation particle
回	hui	v.	return
回	hui	mw.	measure word for times
笑	xiao	v.	laugh
哦	o	int.	oh
所	suo	n.	place
眼	yan	n.	eye
了	le	part.	completed action particle
成	cheng	v.	become
年	nian	n.	year
见	jian	v.	see
当	dang	v.	serve as
当	dang	adv.	when
监督	jian:du	v.	supervise
女	nv	n.	woman
真	zhen	adj.	true
两	liang	num.	two
力	li	n.	strength
做	zuo	v.	do
规范	gui:fan	n.	norm
规范	gui:fan	v.	regulate
气	qi	n.	air
气	qi	n.	anger
从	cong	prep.	from
用	yong	v.	use
长	chang	adj.	long
长	zhang	v.	grow
长	zhang	adj.	elder
动	dong	v.	move
间	jian	n.	room
国	guo	n.	country
守法	shou:fa	v.	abide by the law
晒	shai	v.	dry in the sun
走	zou	v.	walk
让	rang	v.	let
被	bei	part.	passive marker
不	bu	adv.	not
给	gei	v.	give
正	zheng	adj.	straight
问	wen	v.	ask
打	da	v.	hit
明	ming	adj.	bright
儿	er	n.	child
法	fa	n.	law
才	cai	adv.	only then
几	ji	num.	several
行	hang	n.	row
行	xing	adj.	all right
三	san	num.	3
定	ding	v.	decide
此	ci	pron.	this
进	jin	v.	enter
再	zai	adv.	again
种	zhong	mw.	kind
将	jiang	prep.	will (future marker)
实	shi	adj.	real
实	shi	adj.	solid
实	shi	n.	truth
同	tong	adj.	same
最	zui	adv.	most
本	ben	mw.	volume (classifier for books)
向	xiang	prep.	toward
法院	fa:yuan	n.	court of law
分	fen	v.	divide
十	shi	num.	10
学	xue	v.	study
高	gao	adj.	tall
第	di	part.	ordinal prefix
感	gan	v.	feel
怎	zen	pron.	how
侵犯	qin:fan	v.	infringe
连	lian	conj.	even
听	ting	v.	listen
边	bian	n.	side
作	zuo	v.	make
其	qi	pron.	its
吧	ba	part.	suggestion particle
却	que	adv.	yet
口	kou	n.	mouth
觉	jue	v.	feel (sense)
因	yin	conj.	because
白	bai	adj.	white
五个亿	wu:ge:yi	num.	500,000,000
次	ci	mw.	time (occurrence)
出	chu	v.	exit
洗	xi	v.	wash
外	wai	adj.	outside
新	xin	adj.	new
光	guang	n.	light
风	feng	n.	wind
住	zhu	v.	live (reside)
果	guo	n.	fruit
果	guo	n.	result
与	yu	prep.	with
与	yu	conj.	and
全	quan	adj.	complete
全	quan	adv.	completely
收购	shou:gou	v.	acquire
收购	shou:gou	n.	acquisition
二	er	num.	two
候	hou	v.	wait
非法	fei:fa	adj.	illegal
公	gong	adj.	public
相	xiang	adv.	mutually
相	xiang	n.	appearance
等	deng	v.	wait
等	deng	adj.	equal
等	deng	pron.	etc.
别	bie	adv.	don't
别	bie	adj.	other
色	se	n.	color
死	si	v.	die
死	si	adj.	dead
张	zhang	mw.	(CL: flat objects, sheets)
部	bu	n.	department
部	bu	mw.	measure word for works
太	tai	adv.	too much
日	ri	n.	day
日	ri	n.	sun
少	shao	adj.	few
少	shao	v.	lack
发展	fa:zhan	v.	develop
发展	fa:zhan	n.	development
理	li	n.	reason
理	li	v.	manage
直	zhi	adj.	straight
直	zhi	adv.	directly
重	zhong	adj.	heavy
重	zhong	adj.	important
王	wang	n.	king
像	xiang	v.	resemble
像	xiang	n.	image
上市公司	shang:shi:gong:si	n.	listed company
脸	lian	n.	face
比	bi	prep.	than
比	bi	v.	compare
快	kuai	adj.	fast
快	kuai	adj.	happy
及	ji	conj.	and
及	ji	v.	reach
何	he	pron.	what
水	shui	n.	water
名	ming	n.	name
名	ming	mw.	measure word for people
东	dong	n.	east
叫	jiao	v.	be called
叫	jiao	v.	shout
西	xi	n.	west
土豆	tu:dou	n.	potato
应	ying	v.	should
违法	wei:fa	v.	violate the law
违法	wei:fa	adj.	unlawful
便	bian	adv.	then
便	bian	adj.	convenient
马	ma	n.	horse
难	nan	adj.	difficult
难	nan	adj.	unpleasant
轻	qing	adj.	light
部门	bu:men	n.	department
更	geng	adv.	more
美	mei	adj.	beautiful
美	mei	n.	America
位	wei	mw.	polite classifier for people
关	guan	v.	close
关	guan	v.	turn off
机	ji	n.	machine
接	jie	v.	receive
接	jie	v.	connect
先	xian	adv.	first
文	wen	n.	text
处	chu	n.	place
并	bing	conj.	and
并	bing	adv.	simultaneously
望	wang	v.	hope
望	wang	v.	look at
常	chang	adv.	often
完	wan	v.	finish
完	wan	adv.	completely
政府	zheng:fu	n.	government
着	zhe	part.	ongoing aspect marker
于	yu	prep.	at
四	si	num.	four
飞	fei	v.	fly
飞	fei	adj.	swift
师	shi	n.	master
师	shi	n.	teacher
者	zhe	part.	person who
清	qing	adj.	clear
清	qing	v.	clean up
刚	gang	adv.	just
心	xin	n.	heart
心	xin	n.	mind
跟	gen	prep.	with
跟	gen	v.	follow
信	xin	n.	letter
信	xin	v.	believe
山	shan	n.	mountain
爱	ai	v.	love
爱	ai	n.	love
内	nei	n.	inside
龙	long	n.	dragon
空	kong	adj.	empty
空	kong	n.	sky
带	dai	v.	bring
找	zhao	v.	look for
原	yuan	n.	original
入	ru	v.	enter
李	li	n.	plum
吃	chi	v.	eat
场	chang	n.	place
平	ping	adj.	flat
思	si	v.	think
林	lin	n.	forest
变	bian	v.	change
轿车	jiao:che	n.	sedan
轿车	jiao:che	n.	car
你	ni	pron.	you
使	shi	v.	use
由	you	prep.	from
经济	jing:ji	n.	economy
翻	fan	v.	turn over
受	shou	v.	receive
亲	qin	adj.	dear
服务	fu:wu	v.	serve
命	ming	n.	life
目	mu	n.	eye
执法	zhi:fa	v.	enforce the law
强	qiang	adj.	strong
屎	shi	n.	feces
男	nan	n.	male
任	ren	v.	appoint
该	gai	pron.	that
该	gai	part.	should
有关部门	you:guan:bu:men	n.	relevant authorities
路	lu	n.	road
车	che	n.	vehicle
今	jin	n.	now
海	hai	n.	sea
加	jia	v.	add
公司	gong:si	n.	company
远	yuan	adj.	far
活	huo	v.	live
特	te	adv.	especially
解	jie	v.	solve
电	dian	n.	electricity
世	shi	n.	world
性	xing	n.	nature
性	xing	n.	sex
表	biao	n.	table
表	biao	n.	watch
许	xu	v.	allow
它	ta	pron.	it
立	li	v.	stand
黑	hei	adj.	black
金	jin	n.	gold
债券	zhai:quan	n.	bond
红	hong	adj.	red
花	hua	n.	flower
转	zhuan	v.	turn
总	zong	adj.	whole
算	suan	v.	calculate
披露	pi:lu	v.	disclose
城	cheng	n.	city
队	dui	n.	team
孩	hai	n.	child
反	fan	adj.	opposite
工	gong	n.	work
始	shi	v.	begin
满	man	adj.	full
兵	bing	n.	soldier
物	wu	n.	thing
离	li	v.	leave
非	fei	n.	wrong
虽	sui	conj.	although
云	yun	n.	cloud
似	si	v.	resemble
似	si	prep.	like…
万	wan	num.	10,000
至	zhi	v.	arrive
干	gan	adj.	dry
专利	zhuan:li	n.	patent
通	tong	v.	go through
通	tong	adj.	through
通	tong	v.	connect
认	ren	v.	recognize
失	shi	v.	lose
火	huo	n.	fire
哥	ge	n.	older brother
士	shi	n.	gentleman
之	zhi	part.	of
五	wu	num.	five
惊	jing	v.	be startled
现	xian	v.	appear
魔	mo	n.	demon
竟	jing	adv.	unexpectedly
竟	jing	v.	complete
姐	jie	n.	older sister
乎	hu	part.	of
主	zhu	n.	master
剑	jian	n.	sword
苹果	ping:guo	n.	apple
往	wang	prep.	toward
量	liang	n.	amount
早	zao	adj.	early
董事长	dong:shi:zhang	n.	chairman
结	jie	v.	knot
北京	bei:jing	n.	Beijing
怕	pa	v.	fear
流	liu	v.	flow
二手车	er:shou:che	n.	used car
删	shan	v.	delete
湿	shi	adj.	wet
突	tu	v.	protrude
坐	zuo	v.	sit
斯	si	pron.	this
音	yin	n.	sound
紧	jin	adj.	tight
指	zhi	v.	point
半	ban	num.	half
记	ji	v.	remember
记	ji	n.	record
且	qie	conj.	moreover
利	li	n.	benefit
利	li	adj.	sharp
合	he	v.	combine
倒	dao	v.	fall over
倒	dao	adv.	inversely
书	shu	n.	book
微	wei	adj.	tiny
步	bu	n.	step
们	men	part.	plural marker
教	jiao	v.	teach
教	jiao	n.	religion
喜	xi	v.	be fond of
喜	xi	n.	happiness
可	ke	part.	can
越	yue	v.	cross over
越	yue	adv.	more and more
影	ying	n.	shadow
谁	shei	pron.	who (colloquial)
谁	shui	pron.	who
冷	leng	adj.	cold
道	dao	n.	road
道	dao	v.	say
实现	shi:xian	v.	realize
告	gao	v.	tell
落	luo	v.	fall
市场	shi:chang	n.	market
象	xiang	n.	elephant
容	rong	v.	contain
容	rong	n.	appearance
怪	guai	adj.	strange
怪	guai	v.	blame
传	chuan	v.	pass on
传	chuan	n.	biography
钱	qian	n.	money
季	ji	n.	season
提	ti	v.	carry
提	ti	v.	mention
言	yan	n.	words
言	yan	v.	say
招标	zhao:biao	v.	invite bids
养	yang	v.	raising
随	sui	v.	follow
每	mei	pron.	every
双	shuang	mw.	pair
服	fu	n.	clothes
服	fu	v.	serve
击	ji	v.	hit
急	ji	adj.	urgent
鸡	ji	n.	chicken
挤	ji	v.	squeeze
武	wu	adj.	martial
哪	na	pron.	which
换	huan	v.	change
数	shu	num.	number
数	shu	v.	count
站	zhan	v.	stand
站	zhan	n.	station
签约	qian:yue	v.	sign a contract
微信	wei:xin	n.	WeChat
奇	qi	adj.	strange
房	fang	n.	house
安	an	adj.	peaceful
管	guan	v.	manage
管	guan	n.	pipe
刻	ke	mw.	quarter (hour)
刻	ke	v.	carve
啥	sha	pron.	what (colloquial)
题	ti	n.	question
题	ti	n.	title
衣	yi	n.	clothes
周	zhou	n.	week
周	zhou	adj.	thorough
样	yang	n.	appearance
静	jing	adj.	quiet
伤	shang	v.	hurt
百	bai	num.	hundred
哇	wa	int.	wow
拿	na	v.	take
妈	ma	n.	mom
办	ban	v.	manage
星	xing	n.	star
化	hua	v.	transform
功	gong	n.	merit
绝	jue	v.	cut off
令	ling	v.	order
系	ji	v.	tie
系	xi	v.	be
般	ban	part.	kind of
必	bi	adv.	must
业	ye	n.	business
尔	er	pron.	you (literary)
件	jian	mw.	piece (of clothing)
血	xie	n.	blood
血	xue	n.	blood
代	dai	n.	generation
精	jing	adj.	refined
只会	zhi:hui	adv.	only know how to
弟	di	n.	younger brother
终	zhong	adv.	finally
评论	ping:lun	n.	comment
近	jin	adj.	near
条	tiao	mw.	strip
战	zhan	n.	war
值	zhi	v.	be worth
猥琐	wei:suo	adj.	wretched
搭理	da:li	v.	pay attention to
青	qing	adj.	green
界	jie	n.	world
司	si	n.	department
整	zheng	adj.	whole
字	zi	n.	character
晚	wan	adj.	late
民	min	n.	people
帮	bang	v.	help
只是	zhi:shi	adv.	merely
切	qie	v.	cut
即	ji	conj.	namely
忙	mang	adj.	busy
交	jiao	v.	hand over
支持	zhi:chi	v.	support
暗	an	adj.	dark
夫	fu	n.	husband
员	yuan	n.	member
根	gen	mw.	(root, long objects)
石	shi	n.	stone
哈	ha	onom.	ha
灵	ling	adj.	effective
夜	ye	n.	night
父	fu	n.	father
制	zhi	v.	manufacture
友	you	n.	friend
阿	a	part.	prefix for names
美国	mei:guo	n.	United States
息	xi	n.	breath
欺诈	qi:zha	v.	defraud
冲	chong	v.	rush
九	jiu	num.	nine
保	bao	v.	protect
片	pian	mw.	slice
形	xing	n.	shape
阵	zhen	mw.	burst
冷静	leng:jing	adj.	calm
南	nan	n.	south
决	jue	v.	decide
各	ge	pron.	each
报	bao	v.	report
兴	xing	n.	excitement
既	ji	adv.	already
阳	yang	n.	sun
院长	yuan:zhang	n.	director
语	yu	n.	language
亿	yi	num.	100,000,000
错	cuo	adj.	wrong
超	chao	v.	exceed
协商	xie:shang	v.	consult
刘	liu	n.	Liu
极	ji	adv.	extremely
度	du	mw.	degree
识	shi	v.	know
新车	xin:che	n.	new car
备	bei	v.	prepare
慢	man	adj.	slow
雪	xue	n.	snow
蛋糕	dan:gao	n.	cake
机构	ji:gou	n.	organization
苦	ku	adj.	bitter
若	ruo	conj.	if
领	ling	v.	lead
收	shou	v.	receive
底	di	n.	bottom
尽	jin	v.	exhaust
准	zhun	adj.	accurate
能力	neng:li	n.	ability
资源	zi:yuan	n.	resource
计划	ji:hua	n.	plan
华	hua	n.	China
体	ti	n.	body
答	da	v.	answer
众	zhong	n.	crowd
千	qian	num.	1,000
消	xiao	v.	disappear
筛	shai	v.	sift
视	shi	v.	look
罗	luo	n.	gauze
敢	gan	v.	dare
留	liu	v.	stay
克	ke	mw.	gram
系统	xi:tong	n.	system
乐	le	n.	music
省委	sheng:wei	n.	provincial committee
够	gou	v.	be enough
梨	li	n.	pear
跑	pao	v.	run
显	xian	adj.	evident
嘴	zui	n.	mouth
官	guan	n.	official
断	duan	v.	break
未	wei	adv.	not yet
势	shi	n.	force
巨	ju	adj.	huge
求	qiu	v.	seek
计	ji	v.	calculate
论	lun	v.	discuss
证券	zheng:quan	n.	security
达	da	v.	reach
则	ze	conj.	then
害	hai	v.	harm
八	ba	num.	eight
单	dan	adj.	single
有限责任公司	you:xian:ze:ren:gong:si	n.	limited liability company
酒	jiu	n.	alcohol
脚	jiao	n.	foot
德	de	n.	virtue
元	yuan	n.	yuan
脑	nao	n.	brain
楚	chu	adj.	clear
雨	yu	n.	rain
睛	jing	n.	eyeball
响	xiang	v.	sound
刀	dao	n.	knife
分享	fen:xiang	v.	share
确	que	adj.	true
玉	yu	n.	jade
产品	chan:pin	n.	product
沉	chen	v.	sink
北	bei	n.	north
格	ge	n.	standard
停	ting	v.	stop
陈	chen	adj.	old
市	shi	n.	city
朝	chao	prep.	toward
门户网站	men:hu:wang:zhan	n.	portal
牛奶	niu:nai	n.	milk
喝	he	v.	drink
组	zu	v.	organize
江	jiang	n.	river
债务	zhai:wu	n.	debt
团	tuan	n.	group
母	mu	n.	mother
章	zhang	n.	chapter
保险公司	bao:xian:gong:si	n.	insurance company
装	zhuang	v.	install
判决	pan:jue	n.	judgment
亮	liang	adj.	bright
举	ju	v.	raise
客	ke	n.	guest
照	zhao	v.	illuminate
乱	luan	adj.	chaotic
汇报	hui:bao	v.	report
易	yi	adj.	easy
极其	ji:qi	adv.	extremely
足	zu	n.	foot
依	yi	v.	depend on
黄	huang	adj.	yellow
修	xiu	v.	repair
破	po	adj.	broken
台	tai	mw.	measure word for machines
球	qiu	n.	ball
呀	ya	part.	exclamation particle
院	yuan	n.	courtyard
送	song	v.	send
包	bao	n.	bag
义	yi	n.	righteousness
诉	su	v.	tell
攻	gong	v.	attack
网络	wang:luo	n.	network
丝	si	n.	silk
围	wei	v.	surround
玩	wan	v.	play
待	dai	v.	wait
复	fu	v.	repeat
况	kuang	n.	condition
楼	lou	n.	building
丽	li	adj.	beautiful
痛	tong	adj.	painful
梦	meng	n.	dream
呼	hu	v.	call
摇	yao	v.	shake
期	qi	n.	period
英	ying	n.	England
低	di	adj.	low
帝	di	n.	emperor
承包	cheng:bao	v.	contract
兄	xiong	n.	elder brother
背	bei	n.	back
提升	ti:sheng	v.	raise
持	chi	v.	hold
爷	ye	n.	master
皇	huang	n.	emperor
七	qi	num.	seven
摩托车	mo:tuo:che	n.	motorcycle
六	liu	num.	six
穿	chuan	v.	wear
都	dou	adv.	all
杨	yang	n.	poplar
政	zheng	n.	politics
运	yun	v.	transport
叶	ye	n.	leaf
热	re	adj.	hot
校	xiao	n.	school
谢	xie	v.	thank
曾	ceng	adv.	once
古	gu	adj.	ancient
生效	sheng:xiao	v.	take effect
市场经济	shi:chang:jing:ji	n.	market economy
细	xi	adj.	thin
产	chan	v.	produce
睡	shui	v.	sleep
希	xi	v.	hope
速	su	n.	speed
室	shi	n.	room
报告	bao:gao	v.	report
报告	bao:gao	n.	report
旁	pang	n.	side
另	ling	adj.	other
拆迁	chai:qian	v.	relocate and demolish
露	lu	v.	reveal
露	lu	n.	dew
精神	jing:shen	n.	spirit
精神	jing:shen	adj.	vigorous
饿	e	adj.	hungry
异	yi	adj.	different
写	xie	v.	write
鬼	gui	n.	ghost
娘	niang	n.	mother
取	qu	v.	take
式	shi	n.	style
指的是	zhi:de:shi	v.	refer to
除	chu	prep.	except
除	chu	v.	remove
建	jian	v.	build
愿	yuan	v.	wish
愿	yuan	part.	willing
查处	cha:chu	v.	investigate and punish
招	zhao	v.	recruit
招	zhao	v.	move (in martial arts)
面包	mian:bao	n.	bread
饭	fan	n.	rice
饭	fan	n.	meal
布	bu	n.	cloth
续	xu	v.	continue
程	cheng	n.	journey
程	cheng	mw.	(Degree)
首	shou	n.	head
首	shou	num.	first
观	guan	v.	observe
观	guan	n.	view
务	wu	n.	affair
掉	diao	v.	fall
掉	diao	v.	lose
赶	gan	v.	catch up
忽	hu	adv.	suddenly
注	zhu	v.	note
注	zhu	v.	pay attention
身	shen	n.	body
产业	chan:ye	n.	industry
医院	yi:yuan	n.	hospital
检查	jian:cha	v.	check
检查	jian:cha	n.	inspection
术	shu	n.	technique
标注	biao:zhu	v.	annotate
甚	shen	adv.	very
用车	yong:che	n.	vehicle use
差	cha	adj.	poor
差	cha	v.	lack
呵	he	onom.	oh
展	zhan	v.	exhibit
展	zhan	v.	unfold
争	zheng	v.	compete
品	pin	n.	product
宝	bao	n.	treasure
香	xiang	adj.	fragrant
斗	dou	v.	fight
斗	dou	mw.	measure for grain
故	gu	n.	reason
故	gu	n.	deceased
雷	lei	n.	thunder
念	nian	v.	read aloud
念	nian	v.	think of
段	duan	mw.	paragraph
顿	dun	mw.	time, occurrence
顿	dun	v.	pause
角	jiao	n.	horn
角	jiao	n.	corner
疑	yi	v.	doubt
章程	zhang:cheng	n.	regulations
护	hu	v.	protect
缺陷	que:xian	n.	defect
闪	shan	v.	dodge
闪	shan	v.	flash
执行	zhi:xing	v.	execute
木	mu	n.	wood
熊猫	xiong:mao	n.	panda
月	yue	n.	moon
戒指	jie:zhi	n.	ring
需	xu	v.	need
调	diao	v.	transfer
调	tiao	v.	adjust
类	lei	n.	type
妹	mei	n.	younger sister
爸	ba	n.	dad
线	xian	n.	thread
左	zuo	n.	left
游	you	v.	swim
派	pai	n.	faction
谈	tan	v.	talk
行业	hang:ye	n.	industry
激	ji	adj.	intense
呃	e	int.	uh
冰	bing	n.	ice
敌	di	n.	enemy
跳	tiao	v.	jump
支	zhi	mw.	measure word for rods
默认	mo:ren	v.	default to
宏观调控	hong:guan:tiao:kong	n.	macroeconomic regulation
居	ju	v.	reside
约	yue	v.	about
学校	xue:xiao	n.	school
巴	ba	v.	cling to
您	nin	pron.	you (polite)
顾	gu	v.	look after
肯	ken	v.	be willing
醒	xing	v.	wake up
铁	tie	n.	iron
抱	bao	v.	hug
抱	bao	v.	hold (a baby)
需求	xu:qiu	n.	demand
淡	dan	adj.	bland
造	zao	v.	make
伙	huo	n.	partner
资	zi	n.	capital
群	qun	mw.	group
联	lian	v.	unite
商	shang	n.	commerce
号	hao	n.	number
调整	tiao:zheng	v.	adjust
豆腐	dou:fu	n.	tofu
节	jie	n.	festival
键	jian	n.	key
讲	jiang	v.	speak
事实	shi:shi	n.	fact
掌	zhang	n.	palm
我们	wo:men	pron.	we
一个	yi:ge	num.	one
赵	zhao	n.	Zhao (surname)
自己	zi:ji	pron.	oneself
注册	zhu:ce	v.	register
进行	jin:xing	v.	carry out
工作	gong:zuo	n.	work
企业	qi:ye	n.	enterprise
密	mi	adj.	dense
久	jiu	adj.	long (time)
病	bing	n.	illness
病	bing	v.	fall ill
中国	zhong:guo	n.	China
可以	ke:yi	v.	can
积分	ji:fen	n.	points (system)
如果	ru:guo	conj.	if
没有	mei:you	v.	not have
没有	mei:you	adv.	not
时间	shi:jian	n.	time
问题	wen:ti	n.	question
问题	wen:ti	n.	problem
使用	shi:yong	v.	use
使用	shi:yong	n.	use
信息	xin:xi	n.	information
他们	ta:men	pron.	they
或者	huo:zhe	adv.	perhaps
要求	yao:qiu	v.	request
要求	yao:qiu	n.	request
卫	wei	v.	guard
通过	tong:guo	prep.	through
通过	tong:guo	v.	pass
文章	wen:zhang	n.	article
米	mi	n.	rice
米	mi	mw.	meter
就是	jiu:shi	adv.	exactly
就是	jiu:shi	v.	be exactly
威	wei	n.	prestige
这个	zhe:ge	pron.	this
等级	deng:ji	n.	rank
管理	guan:li	v.	manage
管理	guan:li	n.	management
论坛	lun:tan	n.	forum
提供	ti:gong	v.	provide
遗产	yi:chan	n.	heritage
作者	zuo:zhe	n.	author
精华	jing:hua	n.	essence
状态	zhuang:tai	n.	state
需要	xu:yao	v.	need
同时	tong:shi	adv.	at the same time
同时	tong:shi	conj.	moreover
以及	yi:ji	conj.	as well as
继	ji	v.	continue
一些	yi:xie	num.	some
现在	xian:zai	n.	now
渐	jian	adv.	gradually
这样	zhe:yang	pron.	so
内容	nei:rong	n.	content
以上	yi:shang	n.	the above
统	tong	v.	unify
因为	yin:wei	conj.	because
规定	gui:ding	v.	stipulate
规定	gui:ding	n.	regulation
时候	shi:hou	n.	time
但是	dan:shi	conj.	but
所以	suo:yi	conj.	so
国家	guo:jia	n.	country
技术	ji:shu	n.	technology
这些	zhe:xie	pron.	these
价格	jia:ge	n.	price
帖子	tie:zi	n.	forum post
网站	wang:zhan	n.	website
用户	yong:hu	n.	user
活动	huo:dong	n.	activity
活动	huo:dong	v.	be active
电话	dian:hua	n.	telephone
项目	xiang:mu	n.	project
已经	yi:jing	adv.	already
目前	mu:qian	n.	at present
具有	ju:you	v.	possess
所有	suo:you	pron.	all
学生	xue:sheng	n.	student
其他	qi:ta	adj.	other
其他	qi:ta	n.	other things
根据	gen:ju	prep.	according to
根据	gen:ju	v.	base on
根据	gen:ju	n.	basis
建设	jian:she	v.	build
建设	jian:she	n.	construction
方式	fang:shi	n.	way
单位	dan:wei	n.	unit
单位	dan:wei	n.	work unit
选择	xuan:ze	v.	choose
选择	xuan:ze	n.	choice
专业	zhuan:ye	n.	major
专业	zhuan:ye	adj.	professional
专业	zhuan:ye	n.	profession
这种	zhe:zhong	pron.	this kind
作为	zuo:wei	prep.	as
作为	zuo:wei	v.	regard as
由于	you:yu	prep.	due to
威望	wei:wang	n.	prestige
什么	shen:me	pron.	what
功能	gong:neng	n.	function
开始	kai:shi	v.	begin
开始	kai:shi	n.	beginning
还是	hai:shi	adv.	still
必须	bi:xu	v.	must
追	zhui	v.	chase
追	zhui	v.	pursue
一种	yi:zhong	num.	one kind
包括	bao:kuo	v.	include
我的	wo:de	pron.	my
设计	she:ji	v.	design
设计	she:ji	n.	design
组织	zu:zhi	v.	organize
组织	zu:zhi	n.	organization
应当	ying:dang	v.	should
情况	qing:kuang	n.	situation
对于	dui:yu	prep.	regarding
因此	yin:ci	conj.	therefore
你的	ni:de	pron.	your
任何	ren:he	pron.	any
学习	xue:xi	v.	study
学习	xue:xi	n.	study
软件	ruan:jian	n.	software
最后	zui:hou	adv.	finally
最后	zui:hou	adj.	last
地址	di:zhi	n.	address
本站	ben:zhan	n.	this site
而且	er:qie	conj.	moreover
方法	fang:fa	n.	method
标准	biao:zhun	n.	standard
标准	biao:zhun	adj.	standard
上海	shang:hai	n.	Shanghai
亚	ya	n.	Asia (short)
亚	ya	adj.	second
其中	qi:zhong	pron.	among them
主要	zhu:yao	adj.	main
会员	hui:yuan	n.	member
下载	xia:zai	v.	download
下载	xia:zai	n.	download
研究	yan:jiu	v.	research
研究	yan:jiu	n.	research
来自	lai:zi	v.	come from
提高	ti:gao	v.	raise
提高	ti:gao	v.	improve
相关	xiang:guan	adj.	related
相关	xiang:guan	v.	be related
他的	ta:de	pron.	his
门派	men:pai	n.	sect
全国	quan:guo	n.	whole country
生产	sheng:chan	v.	produce
生产	sheng:chan	n.	production
商品	shang:pin	n.	goods
教育	jiao:yu	n.	education
教育	jiao:yu	v.	educate
成为	cheng:wei	v.	become
万元	wan:yuan	n.	10,000 yuan
简	jian	adj.	simple
简	jian	v.	simplify
影响	ying:xiang	v.	affect
影响	ying:xiang	n.	influence
一般	yi:ban	adj.	general
一般	yi:ban	adv.	generally
有关	you:guan	v.	relate to
阅读权限	yue:du:quan:xian	n.	reading permission
登录	deng:lu	v.	log in
生活	sheng:huo	n.	life
生活	sheng:huo	v.	live
主题	zhu:ti	n.	theme
还有	hai:you	adv.	also
发现	fa:xian	v.	discover
发现	fa:xian	n.	discovery
各种	ge:zhong	adj.	various
个人	ge:ren	n.	individual
个人	ge:ren	adj.	personal
这是	zhe:shi	pron.	this is
人员	ren:yuan	n.	personnel
品牌	pin:pai	n.	brand
地区	di:qu	n.	region
关于	guan:yu	prep.	about
不能	bu:neng	v.	cannot
直接	zhi:jie	adj.	direct
直接	zhi:jie	adv.	directly
离线	li:xian	v.	offline
那么	na:me	conj.	then
只有	zhi:you	adv.	only
回复	hui:fu	v.	reply
回复	hui:fu	n.	reply
虽然	sui:ran	conj.	although
之间	zhi:jian	adv.	between
之后	zhi:hou	adv.	afterwards
之后	zhi:hou	n.	afterwards
认为	ren:wei	v.	think
方面	fang:mian	n.	aspect
采用	cai:yong	v.	adopt
您的	nin:de	pron.	your
是否	shi:fou	adv.	whether
经验	jing:yan	n.	experience
小时	xiao:shi	n.	hour
大家	da:jia	pron.	everyone
按照	an:zhao	prep.	according to
部分	bu:fen	n.	part
负责	fu:ze	v.	be responsible
文化	wen:hua	n.	culture
资料	zi:liao	n.	data
中心	zhong:xin	n.	center
出现	chu:xian	v.	appear
一样	yi:yang	adj.	the same
不是	bu:shi	v.	is not
设备	she:bei	n.	equipment
然后	ran:hou	conj.	then
很多	hen:duo	adj.	many
地方	di:fang	n.	place
业务	ye:wu	n.	business
能够	neng:gou	v.	be able to
环境	huan:jing	n.	environment
文件	wen:jian	n.	file
文件	wen:jian	n.	document
广告	guang:gao	n.	advertisement
不过	bu:guo	conj.	however
作用	zuo:yong	n.	effect
建立	jian:li	v.	establish
有限公司	you:xian:gong:si	n.	limited company
名称	ming:cheng	n.	name
销售	xiao:shou	v.	sell
销售	xiao:shou	n.	sales
图片	tu:pian	n.	picture
分析	fen:xi	v.	analyze
分析	fen:xi	n.	analysis
可能	ke:neng	v.	may
可能	ke:neng	adj.	possible
申请	shen:qing	v.	apply
行为	xing:wei	n.	behavior
加强	jia:qiang	v.	strengthen
记者	ji:zhe	n.	journalist
比较	bi:jiao	v.	compare
处理	chu:li	v.	handle
实施	shi:shi	v.	implement
工程	gong:cheng	n.	engineering
进入	jin:ru	v.	enter
客户	ke:hu	n.	client
游戏	you:xi	n.	game
效果	xiao:guo	n.	effect
如何	ru:he	adv.	how
决定	jue:ding	v.	decide
手机	shou:ji	n.	mobile phone
关系	guan:xi	n.	relation
孩子	hai:zi	n.	child
投资	tou:zi	v.	invest
设置	she:zhi	v.	set up
我国	wo:guo	n.	our country
国际	guo:ji	adj.	international
城市	cheng:shi	n.	city
一定	yi:ding	adj.	certain
培训	pei:xun	v.	train
世界	shi:jie	n.	world
一下	yi:xia	adv.	a bit
说明	shuo:ming	v.	explain
市场价	shi:chang:jia	n.	market price
朋友	peng:you	n.	friend
推荐	tui:jian	v.	recommend
形成	xing:cheng	v.	form
发帖	fa:tie	v.	post (online)
安全	an:quan	adj.	safe
无门无派	wu:men:wu:pai	adj.	independent
两个	liang:ge	num.	two
非常	fei:chang	adv.	very
一次	yi:ci	num.	once
利用	li:yong	v.	use
希望	xi:wang	v.	hope
程序	cheng:xu	n.	program
看到	kan:dao	v.	see
表示	biao:shi	v.	express
完成	wan:cheng	v.	complete
不同	bu:tong	adj.	different
增加	zeng:jia	v.	increase
参加	can:jia	v.	participate
更多	geng:duo	adj.	more
联系	lian:xi	v.	contact
介绍	jie:shao	v.	introduce
教师	jiao:shi	n.	teacher
结果	jie:guo	n.	result
提出	ti:chu	v.	raise
造成	zao:cheng	v.	cause
金钱	jin:qian	n.	money
拥有	yong:you	v.	possess
发布	fa:bu	v.	release
人们	ren:men	n.	people
质量	zhi:liang	n.	quality
条件	tiao:jian	n.	condition
材料	cai:liao	n.	material
版主	ban:zhu	n.	forum moderator
许多	xu:duo	adj.	many
其实	qi:shi	adv.	actually
感觉	gan:jue	v.	feel
感觉	gan:jue	n.	feeling
级别	ji:bie	n.	rank
练	lian	v.	practice
开发	kai:fa	v.	develop
达到	da:dao	v.	reach
数据	shu:ju	n.	data
日期	ri:qi	n.	date
在线	zai:xian	adj.	online
甚至	shen:zhi	adv.	even
的话	de:hua	part.	if
系列	xi:lie	n.	series
当前	dang:qian	adj.	current
这里	zhe:li	pron.	here
之一	zhi:yi	n.	one of
标题	biao:ti	n.	title
新的	xin:de	adj.	new
会员价	hui:yuan:jia	n.	member price
合作	he:zuo	v.	cooperate
建议	jian:yi	v.	suggest
建议	jian:yi	n.	suggestion
代表	dai:biao	v.	represent
代表	dai:biao	n.	representative
开展	kai:zhan	v.	carry out
继续	ji:xu	v.	continue
产生	chan:sheng	v.	produce
今年	jin:nian	n.	this year
存在	cun:zai	v.	exist
存在	cun:zai	n.	existence
今天	jin:tian	n.	today
发表	fa:biao	v.	publish
基本	ji:ben	adj.	basic
显示	xian:shi	v.	display
目标	mu:biao	n.	goal
类型	lei:xing	n.	type
不得	bu:de	part.	must not
知道	zhi:dao	v.	know
保护	bao:hu	v.	protect
保护	bao:hu	n.	protection
这一	zhe:yi	pron.	this
全部	quan:bu	n.	whole
全部	quan:bu	adj.	entire
得到	de:dao	v.	obtain
以后	yi:hou	n.	after
最大	zui:da	adj.	largest
操作	cao:zuo	v.	operate
操作	cao:zuo	n.	operation
保证	bao:zheng	v.	guarantee
保证	bao:zheng	n.	guarantee
控制	kong:zhi	v.	control
控制	kong:zhi	n.	control
国内	guo:nei	n.	domestic
东西	dong:xi	n.	thing
作品	zuo:pin	n.	work
才能	cai:neng	v.	be able to
才能	cai:neng	n.	talent
考试	kao:shi	n.	exam
解决	jie:jue	v.	solve
经过	jing:guo	v.	pass through
经过	jing:guo	prep.	via
如下	ru:xia	adj.	as follows
集团	ji:tuan	n.	group
空间	kong:jian	n.	space
水平	shui:ping	n.	level
点击	dian:ji	v.	click
确定	que:ding	v.	confirm
确定	que:ding	adj.	certain
具体	ju:ti	adj.	concrete
先生	xian:sheng	n.	Mister
最新	zui:xin	adj.	latest
当然	dang:ran	adv.	of course
当然	dang:ran	adj.	natural
无法	wu:fa	v.	unable
应用	ying:yong	n.	application
应用	ying:yong	v.	apply
你们	ni:men	pron.	you (plural)
那些	na:xie	pron.	those
左右	zuo:you	n.	left and right
左右	zuo:you	v.	control
来源	lai:yuan	n.	source
政策	zheng:ce	n.	policy
有些	you:xie	adv.	somewhat
有些	you:xie	pron.	some
起来	qi:lai	part.	up (indicating beginning)
帮助	bang:zhu	v.	help
帮助	bang:zhu	n.	help
免费	mian:fei	adj.	free of charge
通知	tong:zhi	v.	notify
通知	tong:zhi	n.	notice
成功	cheng:gong	v.	succeed
成功	cheng:gong	n.	success
应该	ying:gai	v.	should
一切	yi:qie	pron.	everything
原因	yuan:yin	n.	cause
金币	jin:bi	n.	gold coin
专家	zhuan:jia	n.	expert
及时	ji:shi	adj.	timely
及时	ji:shi	adv.	promptly
真正	zhen:zheng	adj.	true
传真	chuan:zhen	n.	fax
传真	chuan:zhen	v.	send by fax
购买	gou:mai	v.	purchase
法律	fa:lv	n.	law
查看	cha:kan	v.	view
注意	zhu:yi	v.	pay attention
消费者	xiao:fei:zhe	n.	consumer
正在	zheng:zai	adv.	in the process of
导致	dao:zhi	v.	lead to
随着	sui:zhe	prep.	along with
不断	bu:duan	adv.	constantly
接受	jie:shou	v.	accept
另外	ling:wai	conj.	in addition
另外	ling:wai	adv.	another
注册时间	zhu:ce:shi:jian	n.	registration time
办理	ban:li	v.	handle
音乐	yin:yue	n.	music
费用	fei:yong	n.	cost
形式	xing:shi	n.	form
基础	ji:chu	n.	basis
编辑	bian:ji	v.	edit
编辑	bian:ji	n.	editor
经营	jing:ying	v.	manage
人才	ren:cai	n.	talent
变化	bian:hua	n.	change
变化	bian:hua	v.	change
一直	yi:zhi	adv.	always
可是	ke:shi	conj.	but
完善	wan:shan	adj.	perfect
完善	wan:shan	v.	perfect
喜欢	xi:huan	v.	like
特别	te:bie	adv.	especially
特别	te:bie	adj.	special
结构	jie:gou	n.	structure
社区	she:qu	n.	community
办法	ban:fa	n.	method
头衔	tou:xian	n.	title
了解	liao:jie	v.	understand
不要	bu:yao	v.	don't
分钟	fen:zhong	n.	minute
位置	wei:zhi	n.	position
发生	fa:sheng	v.	occur
教学	jiao:xue	v.	teach
员工	yuan:gong	n.	employee
过程	guo:cheng	n.	process
简单	jian:dan	adj.	simple
简单	jian:dan	adv.	simply
类别	lei:bie	n.	category
从事	cong:shi	v.	engage in
原则	yuan:ze	n.	principle
怎么	zen:me	pron.	how
进一步	jin:yi:bu	adv.	further
进一步	jin:yi:bu	v.	go a step further
历史	li:shi	n.	history
那个	na:ge	pron.	that
特点	te:dian	n.	characteristic
参与	can:yu	v.	participate
网上	wang:shang	n.	online
制作	zhi:zuo	v.	produce
制作	zhi:zuo	n.	production
并且	bing:qie	conj.	and
坚持	jian:chi	v.	persist
交流	jiao:liu	v.	communicate
交流	jiao:liu	n.	exchange
数量	shu:liang	n.	quantity
她的	ta:de	pron.	her
重点	zhong:dian	n.	focus
意见	yi:jian	n.	opinion
健康	jian:kang	n.	health
健康	jian:kang	adj.	healthy
整个	zheng:ge	adj.	whole
努力	nu:li	v.	strive
努力	nu:li	n.	effort
旅游	lv:you	v.	travel
旅游	lv:you	n.	tourism
领导	ling:dao	v.	lead
领导	ling:dao	n.	leader
只要	zhi:yao	conj.	as long as
当时	dang:shi	adv.	at that time
资金	zi:jin	n.	funds
工具	gong:ju	n.	tool
实行	shi:xing	v.	implement
保持	bao:chi	v.	maintain
服务器	fu:wu:qi	n.	server
男人	nan:ren	n.	man
现金	xian:jin	n.	cash
女人	nv:ren	n.	woman
普通	pu:tong	adj.	ordinary
第一	di:yi	num.	first
超过	chao:guo	v.	exceed
电脑	dian:nao	n.	computer
安装	an:zhuang	v.	install
促进	cu:jin	v.	promote
文字	wen:zi	n.	text
浏览	liu:lan	v.	browse
搜索	sou:suo	v.	search
搜索	sou:suo	n.	search
页面	ye:mian	n.	page
咨询	zi:xun	v.	consult
咨询	zi:xun	n.	consultation
传统	chuan:tong	n.	tradition
传统	chuan:tong	adj.	traditional
领域	ling:yu	n.	field
相应	xiang:ying	adj.	corresponding
相应	xiang:ying	adv.	accordingly
重要	zhong:yao	adj.	important
于是	yu:shi	conj.	so
计算机	ji:suan:ji	n.	computer
责任	ze:ren	n.	responsibility
汽车	qi:che	n.	car
首页	shou:ye	n.	home page
大量	da:liang	adj.	large amount
大量	da:liang	adv.	largely
规划	gui:hua	v.	plan
规划	gui:hua	n.	plan
完全	wan:quan	adv.	completely
完全	wan:quan	adj.	complete
首先	shou:xian	adv.	first of all
不会	bu:hui	adv.	will not
联系人	lian:xi:ren	n.	contact
准备	zhun:bei	v.	prepare
准备	zhun:bei	n.	preparation
不同的	bu:tong:de	adj.	different
自然	zi:ran	adj.	natural
自然	zi:ran	n.	nature
是一个	shi:yi:ge	v.	be one
每个	mei:ge	pron.	every
任务	ren:wu	n.	task
实际	shi:ji	adj.	actual
编号	bian:hao	n.	number
编号	bian:hao	v.	number
取得	qu:de	v.	obtain
觉得	jue:de	v.	feel
为什么	wei:shen:me	adv.	why
一起	yi:qi	adv.	together
别人	bie:ren	n.	other people
风格	feng:ge	n.	style
科技	ke:ji	n.	technology
香港	xiang:gang	n.	Hong Kong
出来	chu:lai	v.	come out
事情	shi:qing	n.	matter
范围	fan:wei	n.	scope
加入	jia:ru	v.	join
宣传	xuan:chuan	v.	publicize
宣传	xuan:chuan	n.	publicity
管理员	guan:li:yuan	n.	administrator
联系电话	lian:xi:dian:hua	n.	contact number
平台	ping:tai	n.	platform
发布时间	fa:bu:shi:jian	n.	publication time
广州	guang:zhou	n.	Guangzhou
结合	jie:he	v.	combine
全面	quan:mian	adj.	comprehensive
如此	ru:ci	adv.	so
删除	shan:chu	v.	delete
记录	ji:lu	v.	record
记录	ji:lu	n.	record
有的	you:de	pron.	some
关注	guan:zhu	v.	follow
关注	guan:zhu	n.	attention
综合	zong:he	v.	synthesize
综合	zong:he	adj.	comprehensive
机会	ji:hui	n.	opportunity
协议	xie:yi	n.	agreement
协议	xie:yi	n.	protocol
深圳	shen:zhen	n.	Shenzhen
语言	yu:yan	n.	language
现象	xian:xiang	n.	phenomenon
创新	chuang:xin	v.	innovate
创新	chuang:xin	n.	innovation
声音	sheng:yin	n.	sound
声音	sheng:yin	n.	voice
分别	fen:bie	v.	part
分别	fen:bie	adv.	respectively
会议	hui:yi	n.	meeting
课程	ke:cheng	n.	course
阅读	yue:du	v.	read
理论	li:lun	n.	theory
一点	yi:dian	num.	a little
密码	mi:ma	n.	password
欢迎	huan:ying	v.	welcome
欢迎	huan:ying	adj.	welcome
用于	yong:yu	v.	be used for
价值	jia:zhi	n.	value
也有	ye:you	v.	also have
有效	you:xiao	adj.	effective
下面	xia:mian	n.	underneath
下面	xia:mian	n.	below
属于	shu:yu	v.	belong to
输入	shu:ru	v.	input
输入	shu:ru	n.	input
改变	gai:bian	v.	change
采取	cai:qu	v.	adopt
正常	zheng:chang	adj.	normal
培养	pei:yang	v.	cultivate
自动	zi:dong	adj.	automatic
自动	zi:dong	adv.	automatically
它的	ta:de	pron.	its
谢谢	xie:xie	v.	thank
之前	zhi:qian	n.	before
积极	ji:ji	adj.	positive
对象	dui:xiang	n.	target
新闻	xin:wen	n.	news
不仅	bu:jin	conj.	not only
大学	da:xue	n.	university
各类	ge:lei	adj.	various
指导	zhi:dao	v.	guide
共同	gong:tong	adj.	joint
访问	fang:wen	v.	visit
科学	ke:xue	n.	science
他们的	ta:men:de	pron.	their
即可	ji:ke	adv.	immediately
酒店	jiu:dian	n.	hotel
治疗	zhi:liao	v.	treat
比如	bi:ru	v.	for example
交易	jiao:yi	n.	transaction
维护	wei:hu	v.	maintain
等等	deng:deng	conj.	and so on
最好	zui:hao	adv.	best
给予	ji:yu	v.	give
测试	ce:shi	n.	test
每天	mei:tian	n.	every day
期间	qi:jian	n.	period
修改	xiu:gai	v.	modify
安排	an:pai	v.	arrange
家庭	jia:ting	n.	family
农民	nong:min	n.	farmer
新股	xin:gu	n.	new share
从而	cong:er	conj.	thus
简介	jian:jie	n.	brief introduction
目的	mu:di	n.	purpose
承担	cheng:dan	v.	undertake
农村	nong:cun	n.	countryside
同样	tong:yang	adj.	same
带来	dai:lai	v.	bring
依法	yi:fa	adv.	according to law
增长	zeng:zhang	v.	grow
针对	zhen:dui	prep.	aimed at
查询	cha:xun	v.	query
好的	hao:de	adj.	Okay
引用	yin:yong	v.	quote
思想	si:xiang	n.	thought
体系	ti:xi	n.	system
优势	you:shi	n.	advantage
并不	bing:bu	adv.	not at all
连接	lian:jie	v.	connect
掌握	zhang:wo	v.	grasp
楼主	lou:zhu	n.	thread starter
留言	liu:yan	v.	leave a message
身体	shen:ti	n.	body
优秀	you:xiu	adj.	excellent
成本	cheng:ben	n.	cost
而是	er:shi	conj.	but rather
过去	guo:qu	n.	the past
过去	guo:qu	v.	pass by
银行	yin:hang	n.	bank
考生	kao:sheng	n.	examinee
运行	yun:xing	v.	operate
建筑	jian:zhu	n.	building
建筑	jian:zhu	v.	build
分类	fen:lei	v.	classify
分类	fen:lei	n.	classification
方向	fang:xiang	n.	direction
快速	kuai:su	adj.	rapid
几个	ji:ge	num.	several
理解	li:jie	v.	understand
表现	biao:xian	v.	show
表现	biao:xian	n.	performance
减少	jian:shao	v.	decrease
减少	jian:shao	n.	decrease
长期	chang:qi	n.	long term
后来	hou:lai	adv.	later
平方米	ping:fang:mi	n.	square meter
方案	fang:an	n.	plan
速度	su:du	n.	speed
这么	zhe:me	adv.	so
只能	zhi:neng	adv.	can only
电影	dian:ying	n.	movie
以前	yi:qian	n.	before
批准	pi:zhun	v.	approve
评价	ping:jia	v.	evaluate
评价	ping:jia	n.	evaluation
区域	qu:yu	n.	region
措施	cuo:shi	n.	measure
大小	da:xiao	n.	size
利益	li:yi	n.	benefit
推进	tui:jin	v.	advance
考虑	kao:lv	v.	consider
网友	wang:you	n.	netizen
这次	zhe:ci	n.	this time
合同	he:tong	n.	contract
计算	ji:suan	v.	calculate
计算	ji:suan	n.	calculation
贡献值	gong:xian:zhi	n.	contribution value
特别是	te:bie:shi	adv.	especially
例如	li:ru	v.	for example
职业	zhi:ye	n.	occupation
丰富	feng:fu	adj.	rich
机关	ji:guan	n.	agency
更新	geng:xin	v.	update
更新	geng:xin	n.	update
讨论	tao:lun	v.	discuss
讨论	tao:lun	n.	discussion
每年	mei:nian	adv.	every year
办公室	ban:gong:shi	n.	office
协会	xie:hui	n.	association
然而	ran:er	conj.	however
以来	yi:lai	conj.	since
因素	yin:su	n.	factor
英语	ying:yu	n.	English
电子	dian:zi	n.	electronic
经常	jing:chang	adv.	often
原来	yuan:lai	adv.	originally
不少	bu:shao	adj.	quite a few
时代	shi:dai	n.	era
互联网	hu:lian:wang	n.	Internet
生命	sheng:ming	n.	life
艺术	yi:shu	n.	art
情况下	qing:kuang:xia	n.	under the circumstances
十分	shi:fen	adv.	completely
收入	shou:ru	n.	income
更加	geng:jia	adv.	even more
现场	xian:chang	n.	scene
发挥	fa:hui	v.	bring into play
终于	zhong:yu	adv.	finally
组成	zu:cheng	v.	compose
调查	diao:cha	v.	investigate
满足	man:zu	v.	satisfy
全球	quan:qiu	n.	globe
媒体	mei:ti	n.	media
现代	xian:dai	adj.	modern
新手上路	xin:shou:shang:lu	n.	newbie getting started
找到	zhao:dao	v.	find
证明	zheng:ming	v.	prove
证明	zheng:ming	n.	proof
颜色	yan:se	n.	color
大型	da:xing	adj.	large-scale
引起	yin:qi	v.	cause
认识	ren:shi	v.	recognize
认识	ren:shi	v.	know
打开	da:kai	v.	open
推广	tui:guang	v.	promote
故事	gu:shi	n.	story
面积	mian:ji	n.	area
做好	zuo:hao	v.	do well
北京市	bei:jing:shi	n.	Beijing city
面对	mian:dui	v.	face
立即	li:ji	adv.	immediately
对方	dui:fang	n.	the other party
投入	tou:ru	v.	invest
投入	tou:ru	n.	input
运动	yun:dong	n.	sport
运动	yun:dong	v.	move
突然	tu:ran	adj.	sudden
享受	xiang:shou	v.	enjoy
享受	xiang:shou	n.	enjoyment
学院	xue:yuan	n.	college
共有	gong:you	v.	share
力量	li:liang	n.	strength
明确	ming:que	adj.	clear
明确	ming:que	v.	clarify
比赛	bi:sai	n.	competition
人民政府	ren:min:zheng:fu	n.	people's government
最近	zui:jin	adv.	recently
认证	ren:zheng	v.	certify
认证	ren:zheng	n.	certification
配置	pei:zhi	n.	configuration
配置	pei:zhi	v.	allocate
工业	gong:ye	n.	industry
游客	you:ke	n.	tourist
代理	dai:li	n.	agency
代理	dai:li	v.	act for
确认	que:ren	v.	confirm
广东	guang:dong	n.	Guangdong
正式	zheng:shi	adj.	official
当地	dang:di	n.	local
位于	wei:yu	v.	be located
一年	yi:nian	n.	one year
土地	tu:di	n.	land
本人	ben:ren	n.	I
也许	ye:xu	adv.	maybe
整体	zheng:ti	n.	whole
农业	nong:ye	n.	agriculture
女性	nv:xing	n.	woman
有人	you:ren	pron.	someone
支付	zhi:fu	v.	pay
教授	jiao:shou	n.	professor
特殊	te:shu	adj.	special
比例	bi:li	n.	proportion
三个	san:ge	num.	three
特色	te:se	n.	distinctive feature
阳光	yang:guang	n.	sunlight
下午	xia:wu	n.	afternoon
供应	gong:ying	v.	supply
独立	du:li	adj.	independent
增强	zeng:qiang	v.	strengthen
爱情	ai:qing	n.	love
形象	xing:xiang	n.	image
成绩	cheng:ji	n.	achievement
上述	shang:shu	adj.	aforementioned
规模	gui:mo	n.	scale
国务院	guo:wu:yuan	n.	State Council
推出	tui:chu	v.	launch
呵呵	he:he	onom.	hehe
错误	cuo:wu	n.	mistake
父母	fu:mu	n.	parents
阶段	jie:duan	n.	stage
所谓	suo:wei	adj.	so-called
双方	shuang:fang	n.	both sides
本帖	ben:tie	n.	this post
事业	shi:ye	n.	career
在线时间	zai:xian:shi:jian	n.	online time
最高	zui:gao	adj.	highest
基金	ji:jin	n.	fund
数字	shu:zi	n.	number
似乎	si:hu	adv.	seemingly
添加	tian:jia	v.	add
照片	zhao:pian	n.	photo
房屋	fang:wu	n.	houses
运用	yun:yong	v.	apply
最终	zui:zhong	adv.	finally
告诉	gao:su	v.	tell
同学	tong:xue	n.	classmate
风险	feng:xian	n.	risk
本文	ben:wen	n.	this article
方便	fang:bian	adj.	convenient
确保	que:bao	v.	ensure
往往	wang:wang	adv.	often
多种	duo:zhong	adj.	various
观点	guan:dian	n.	viewpoint
统计	tong:ji	v.	compute statistics
加工	jia:gong	v.	process
容易	rong:yi	adj.	easy
回答	hui:da	v.	answer
机制	ji:zhi	n.	mechanism
里面	li:mian	n.	inside
下列	xia:lie	adj.	following
降低	jiang:di	v.	lower
提交	ti:jiao	v.	submit
否则	fou:ze	conj.	otherwise
未来	wei:lai	n.	future
代码	dai:ma	n.	code
总是	zong:shi	adv.	always
出版社	chu:ban:she	n.	publisher
怎样	zen:yang	pron.	how
限制	xian:zhi	v.	restrict
那样	na:yang	pron.	like that
一条	yi:tiao	mw.	a long thin item
高级	gao:ji	adj.	advanced
交通	jiao:tong	n.	traffic
手段	shou:duan	n.	means
详细	xiang:xi	adj.	detailed
一句	yi:ju	mw.	a sentence
不错	bu:cuo	adj.	good
消费	xiao:fei	v.	consume
改善	gai:shan	v.	improve
政治	zheng:zhi	n.	politics
登记	deng:ji	v.	register
描述	miao:shu	v.	describe
人类	ren:lei	n.	humanity
此外	ci:wai	conj.	in addition
明显	ming:xian	adj.	obvious
都会	dou:hui	adv.	(all) can/will
都会	du:hui	n.	metropolis
您是	nin:shi	pron.	you are
姓名	xing:ming	n.	full name
很好	hen:hao	adj.	very good
指出	zhi:chu	v.	point out
患者	huan:zhe	n.	patient
年龄	nian:ling	n.	age
营销	ying:xiao	n.	marketing
根本	gen:ben	adv.	fundamentally
我想	wo:xiang	v.	I think/I want
保障	bao:zhang	v.	safeguard
规格	gui:ge	n.	specifications
在中国	zai:zhong:guo	prep.	in China
身上	shen:shang	n.	on one's body
推动	tui:dong	v.	promote
重要的	zhong:yao:de	adj.	important
尽管	jin:guan	conj.	even though
党员	dang:yuan	n.	party member
公布	gong:bu	v.	announce
公里	gong:li	mw.	kilometer
台湾	tai:wan	n.	Taiwan
概念	gai:nian	n.	concept
开放	kai:fang	v.	open up
人民	ren:min	n.	people
不知道	bu:zhi:dao	v.	not know
各地	ge:di	n.	various places
集中	ji:zhong	v.	concentrate
让我	rang:wo	v.	allow me
制造	zhi:zao	v.	manufacture
再次	zai:ci	adv.	once again
战略	zhan:lve	n.	strategy
人民币	ren:min:bi	n.	RMB
压力	ya:li	n.	pressure
即使	ji:shi	conj.	even if
性能	xing:neng	n.	performance
意义	yi:yi	n.	meaning
之中	zhi:zhong	n.	within
世纪	shi:ji	n.	century
数据库	shu:ju:ku	n.	database
一家	yi:jia	num.	one (company)
职工	zhi:gong	n.	staff
相对	xiang:dui	adj.	relative
成员	cheng:yuan	n.	member
商业	shang:ye	n.	commerce
公告	gong:gao	n.	announcement
链接	lian:jie	n.	link
视频	shi:pin	n.	video
设立	she:li	v.	establish
创造	chuang:zao	v.	create
事件	shi:jian	n.	incident
成立	cheng:li	v.	establish
性别	xing:bie	n.	gender
落实	luo:shi	v.	implement
收藏	shou:cang	v.	collect
相当	xiang:dang	adv.	quite
出口	chu:kou	n.	exit
同意	tong:yi	v.	agree
越来越	yue:lai:yue	adv.	more and more
状况	zhuang:kuang	n.	situation
地点	di:dian	n.	place
美丽	mei:li	adj.	beautiful
年代	nian:dai	n.	decade
自由	zi:you	adj.	free
本身	ben:shen	pron.	itself
负责人	fu:ze:ren	n.	person in charge
内部	nei:bu	n.	interior
包装	bao:zhuang	n.	packaging
适合	shi:he	v.	suit
报名	bao:ming	v.	register
进口	jin:kou	n.	import
稳定	wen:ding	adj.	stable
一是	yi:shi	conj.	firstly
年度	nian:du	n.	annual
第一次	di:yi:ci	num.	the first time
看看	kan:kan	v.	look
连续	lian:xu	adj.	consecutive
检测	jian:ce	v.	detect
中央	zhong:yang	n.	center
技能	ji:neng	n.	skill
相信	xiang:xin	v.	believe
实践	shi:jian	n.	practice
一天	yi:tian	num.	one day
行动	xing:dong	n.	action
型号	xing:hao	n.	model number
版本	ban:ben	n.	version
设施	she:shi	n.	facility
群众	qun:zhong	n.	the masses
转载	zhuan:zai	v.	reprint
就业	jiu:ye	n.	employment
德国	de:guo	n.	Germany
审核	shen:he	v.	review
感到	gan:dao	v.	feel
解释	jie:shi	v.	explain
举办	ju:ban	v.	hold
举行	ju:xing	v.	hold
迅速	xun:su	adj.	rapid
召开	zhao:kai	v.	convene
母亲	mu:qin	n.	mother
报道	bao:dao	n.	report
加快	jia:kuai	v.	speed up
委员会	wei:yuan:hui	n.	committee
处于	chu:yu	v.	be in
快乐	kuai:le	adj.	happy
时尚	shi:shang	n.	fashion
眼睛	yan:jing	n.	eye
浙江	zhe:jiang	n.	Zhejiang
多少	duo:shao	pron.	how much
填写	tian:xie	v.	fill in
违反	wei:fan	v.	violate
目录	mu:lu	n.	directory
车辆	che:liang	n.	vehicle
广大	guang:da	adj.	vast
妈妈	ma:ma	n.	mom
强调	qiang:diao	v.	stress
各项	ge:xiang	pron.	each item
鼓励	gu:li	v.	encourage
考核	kao:he	v.	assess
卫生	wei:sheng	n.	hygiene
动作	dong:zuo	n.	movement
创建	chuang:jian	v.	establish
英国	ying:guo	n.	Britain
人生	ren:sheng	n.	life
意识	yi:shi	n.	awareness
现有	xian:you	adj.	existing
父亲	fu:qin	n.	father
扩大	kuo:da	v.	expand
沟通	gou:tong	v.	communicate
关键	guan:jian	n.	key
认真	ren:zhen	adj.	serious
下来	xia:lai	v.	descend
保存	bao:cun	v.	save
更新时间	geng:xin:shi:jian	n.	update time
格式	ge:shi	n.	format
联系方式	lian:xi:fang:shi	n.	contact information
一份	yi:fen	mw.	one copy
予以	yu:yi	v.	give
贷款	dai:kuan	n.	loan
公开	gong:kai	adj.	public
一个人	yi:ge:ren	n.	one person
本公司	ben:gong:si	n.	our company
共享	gong:xiang	v.	share
去年	qu:nian	n.	last year
移动	yi:dong	v.	move
顾客	gu:ke	n.	customer
招聘	zhao:pin	v.	recruit
专门	zhuan:men	adj.	special
不足	bu:zu	adj.	insufficient
多个	duo:ge	num.	several
生的	sheng:de	adj.	raw
离开	li:kai	v.	leave
美元	mei:yuan	n.	US dollar
追求	zhui:qiu	v.	pursue
皮肤	pi:fu	n.	skin
等方面	deng:fang:mian	n.	etc.
法规	fa:gui	n.	regulations
做到	zuo:dao	v.	achieve
贡献	gong:xian	n.	contribution
属性	shu:xing	n.	attribute
玩家	wan:jia	n.	player
引导	yin:dao	v.	guide
这时	zhe:shi	n.	at this moment
儿童	er:tong	n.	child
经理	jing:li	n.	manager
涉及	she:ji	v.	involve
杭州	hang:zhou	n.	Hangzhou
列表	lie:biao	n.	list
无论	wu:lun	conj.	no matter
一旦	yi:dan	adv.	once
韩国	han:guo	n.	Korea
程度	cheng:du	n.	degree
具备	ju:bei	v.	possess
联合	lian:he	v.	unite
启动	qi:dong	v.	start
上面	shang:mian	n.	above
重新	chong:xin	adv.	again
授权	shou:quan	v.	authorize
不限	bu:xian	v.	no limit
仍然	reng:ran	adv.	still
晚上	wan:shang	n.	evening
训练	xun:lian	v.	train
严重	yan:zhong	adj.	serious
也就	ye:jiu	adv.	then
中文	zhong:wen	n.	Chinese
收到后	shou:dao:hou	v.	receipt
存款	cun:kuan	n.	deposit
关闭	guan:bi	v.	close
两人	liang:ren	num.	two people
收到	shou:dao	v.	receive
月份	yue:fen	n.	month
重视	zhong:shi	v.	value
出版	chu:ban	v.	publish
基地	ji:di	n.	base
通常	tong:chang	adv.	usually
消息	xiao:xi	n.	news
有着	you:zhe	v.	possess
距离	ju:li	n.	distance
民族	min:zu	n.	nation
相同	xiang:tong	adj.	identical
至少	zhi:shao	adv.	at least
版权所有	ban:quan:suo:you	n.	copyright
永远	yong:yuan	adv.	forever
竞争	jing:zheng	v.	compete
上午	shang:wu	n.	morning
国外	guo:wai	n.	abroad
命令	ming:ling	n.	order
主管部门	zhu:guan:bu:men	n.	competent department
团队	tuan:dui	n.	team
附件	fu:jian	n.	attachment
教材	jiao:cai	n.	teaching material
人气	ren:qi	n.	popularity
正是	zheng:shi	adv.	exactly
规则	gui:ze	n.	rule
色彩	se:cai	n.	color
准确	zhun:que	adj.	accurate
不知	bu:zhi	v.	not know
干部	gan:bu	n.	cadre
阅读者	yue:du:zhe	n.	reader
平均	ping:jun	adj.	average
曾经	ceng:jing	adv.	once
天津	tian:jin	n.	Tianjin
有点	you:dian	adv.	a little
发送	fa:song	v.	send
展示	zhan:shi	v.	display
老板	lao:ban	n.	boss
在这里	zai:zhe:li	adv.	here
资产	zi:chan	n.	assets
地位	di:wei	n.	status
所在	suo:zai	n.	location
避免	bi:mian	v.	avoid
女孩	nv:hai	n.	girl
缺乏	que:fa	v.	lack
最佳	zui:jia	adj.	best
评估	ping:gu	v.	evaluate
熟悉	shou:xi	v.	be familiar with
熟悉	shu:xi	adj.	familiar
依照	yi:zhao	prep.	according to
允许	yun:xu	v.	allow
此时	ci:shi	n.	this moment
是不是	shi:bu:shi	part.	question marker
保密	bao:mi	v.	keep secret
人物	ren:wu	n.	character
资格	zi:ge	n.	qualification
工作人员	gong:zuo:ren:yuan	n.	staff
损失	sun:shi	n.	loss
无关	wu:guan	adj.	unrelated
不再	bu:zai	adv.	no longer
出售	chu:shou	v.	sell
很快	hen:kuai	adv.	quickly
品种	pin:zhong	n.	variety
人士	ren:shi	n.	person
网址	wang:zhi	n.	website address
证书	zheng:shu	n.	certificate
不可	bu:ke	adv.	must not
成都	cheng:du	n.	Chengdu
角度	jiao:du	n.	angle
心中	xin:zhong	n.	in the heart
标签	biao:qian	n.	label
创业	chuang:ye	v.	start a business
答案	da:an	n.	answer
面议	mian:yi	v.	negotiate face to face
相比	xiang:bi	v.	compare
配合	pei:he	v.	coordinate
强大	qiang:da	adj.	powerful
而言	er:yan	part.	as far as ... is concerned
每次	mei:ci	pron.	every time
协调	xie:tiao	v.	coordinate
心里	xin:li	n.	in the mind
名字	ming:zi	n.	name
身份	shen:fen	n.	identity
时期	shi:qi	n.	period
相关图片	xiang:guan:tu:pian	n.	related picture
保留	bao:liu	v.	retain
青年	qing:nian	n.	youth
加大	jia:da	v.	increase
结束	jie:shu	v.	end
做出	zuo:chu	v.	make
面前	mian:qian	n.	in front of
山东	shan:dong	n.	Shandong
对此	dui:ci	pron.	regarding this
收费	shou:fei	v.	charge a fee
成果	cheng:guo	n.	achievement
服装	fu:zhuang	n.	clothing
有权	you:quan	v.	have the right
主动	zhu:dong	adj.	proactive
完整	wan:zheng	adj.	complete
工艺	gong:yi	n.	craft
几乎	ji:hu	adv.	almost
下降	xia:jiang	v.	descend
尺寸	chi:cun	n.	size
独特	du:te	adj.	unique
多年	duo:nian	n.	many years
感受	gan:shou	n.	feeling
那种	na:zhong	pron.	that kind
医生	yi:sheng	n.	doctor
博客	bo:ke	n.	blog
重庆	chong:qing	n.	Chongqing
寻找	xun:zhao	v.	seek
自治区	zi:zhi:qu	n.	autonomous region
药品	yao:pin	n.	medicine
防止	fang:zhi	v.	prevent
特征	te:zheng	n.	characteristic
性质	xing:zhi	n.	nature
遇到	yu:dao	v.	encounter
高度	gao:du	n.	height
利润	li:run	n.	profit
小姐	xiao:jie	n.	Miss
恢复	hui:fu	v.	recover
强化	qiang:hua	v.	strengthen
持续	chi:xu	v.	continue
上海市	shang:hai:shi	n.	Shanghai
装备	zhuang:bei	n.	equipment
攻击	gong:ji	v.	attack
禁止	jin:zhi	v.	prohibit
升级	sheng:ji	v.	upgrade
一项	yi:xiang	num.	one (item)
反应	fan:ying	n.	reaction
道路	dao:lu	n.	road
话题	hua:ti	n.	topic
学会	xue:hui	v.	learn to master
看来	kan:lai	adv.	it seems
体现	ti:xian	v.	embody
传播	chuan:bo	v.	spread
绝对	jue:dui	adj.	absolute
习惯	xi:guan	n.	habit
习惯	xi:guan	v.	be accustomed to
一张	yi:zhang	mw.	one (sheet)
感情	gan:qing	n.	emotion
电视	dian:shi	n.	television
基于	ji:yu	prep.	based on
幸福	xing:fu	n.	happiness
暂无	zan:wu	v.	temporarily unavailable
两种	liang:zhong	num.	two kinds
病毒	bing:du	n.	virus
打造	da:zao	v.	create
立场	li:chang	n.	stance
申报	shen:bao	v.	declare
硬盘	ying:pan	n.	hard disk
自行	zi:xing	adv.	by oneself
观察	guan:cha	v.	observe
万人	wan:ren	n.	10,000 people
构成	gou:cheng	v.	constitute
广泛	guang:fan	adj.	widespread
心情	xin:qing	n.	mood
此次	ci:ci	pron.	this time
当事人	dang:shi:ren	n.	person concerned
读者	du:zhe	n.	reader
联盟	lian:meng	n.	alliance
总结	zong:jie	v.	summarize
检验	jian:yan	v.	test
核心	he:xin	n.	core
网页	wang:ye	n.	webpage
当年	dang:nian	n.	those years
绿色	lv:se	n.	green
马上	ma:shang	adv.	immediately
实际上	shi:ji:shang	adv.	in fact
素质	su:zhi	n.	quality
态度	tai:du	n.	attitude
动物	dong:wu	n.	animal
环保	huan:bao	n.	environmental protection
全新	quan:xin	adj.	brand new
施工	shi:gong	v.	construction
委托	wei:tuo	v.	entrust
档案	dang:an	n.	archive
深圳市	shen:zhen:shi	n.	Shenzhen (city)
自身	zi:shen	pron.	oneself
第一个	di:yi:ge	num.	the first
发出	fa:chu	v.	send out
上市	shang:shi	v.	go public
他人	ta:ren	pron.	another person
域名	yu:ming	n.	domain name
保险	bao:xian	n.	insurance
有时	you:shi	adv.	sometimes
承诺	cheng:nuo	v.	promise
窗口	chuang:kou	n.	window
奖励	jiang:li	v.	reward
江苏	jiang:su	n.	Jiangsu
节目	jie:mu	n.	program
理念	li:nian	n.	concept
理由	li:you	n.	reason
欧洲	ou:zhou	n.	Europe
之外	zhi:wai	n.	outside
人数	ren:shu	n.	number of people
邮件	you:jian	n.	mail
组合	zu:he	n.	combination
参数	can:shu	n.	parameter
工资	gong:zi	n.	salary
经典	jing:dian	n.	classic
身边	shen:bian	n.	by one's side
儿子	er:zi	n.	son
律师	lv:shi	n.	lawyer
日前	ri:qian	adv.	a few days ago
我市	wo:shi	n.	our city
来到	lai:dao	v.	arrive
投资者	tou:zi:zhe	n.	investor
用的	yong:de	part.	used
变得	bian:de	v.	become
发言	fa:yan	v.	speak
发言	fa:yan	n.	statement
观念	guan:nian	n.	notion
实验	shi:yan	n.	experiment
正确	zheng:que	adj.	correct
指标	zhi:biao	n.	indicator
拒绝	ju:jue	v.	refuse
商务	shang:wu	n.	commerce
在一起	zai:yi:qi	adv.	together
备案	bei:an	v.	file for record
标志	biao:zhi	n.	symbol
标志	biao:zhi	v.	indicate
法国	fa:guo	n.	France
家长	jia:zhang	n.	parent
直到	zhi:dao	prep.	until
指数	zhi:shu	n.	index
本科	ben:ke	n.	undergraduate studies
某些	mou:xie	pron.	certain
全省	quan:sheng	n.	the whole province
天下	tian:xia	n.	the world
专用	zhuan:yong	adj.	dedicated
专用	zhuan:yong	v.	reserve for special use
附近	fu:jin	n.	nearby
各级	ge:ji	pron.	all levels
判断	pan:duan	v.	judge
判断	pan:duan	n.	judgment
装修	zhuang:xiu	v.	renovate
技巧	ji:qiao	n.	technique
加上	jia:shang	v.	add
授权方式	shou:quan:fang:shi	n.	authorization method
第三	di:san	num.	third
经历	jing:li	v.	experience
经历	jing:li	n.	experience
就像	jiu:xiang	v.	be just like
体验	ti:yan	n.	experience
文明	wen:ming	n.	civilization
小学	xiao:xue	n.	primary school
学历	xue:li	n.	educational background
重大	zhong:da	adj.	major
发行	fa:xing	v.	publish
改造	gai:zao	v.	transform
就要	jiu:yao	adv.	about to
表明	biao:ming	v.	indicate
播放	bo:fang	v.	broadcast
一边	yi:bian	n.	one side
岗位	gang:wei	n.	post
突出	tu:chu	adj.	outstanding
变成	bian:cheng	v.	become
审查	shen:cha	v.	examine
短信	duan:xin	n.	text message
财富	cai:fu	n.	wealth
复杂	fu:za	adj.	complex
合理	he:li	adj.	reasonable
角色	jue:se	n.	role
拍摄	pai:she	v.	shoot
审批	shen:pi	v.	approve
大学生	da:xue:sheng	n.	college student
品质	pin:zhi	n.	quality
突破	tu:po	v.	break through
突破	tu:po	n.	breakthrough
超级	chao:ji	adj.	super
金额	jin:e	n.	amount
成熟	cheng:shu	adj.	mature
困难	kun:nan	adj.	difficult
困难	kun:nan	n.	difficulty
万吨	wan:dun	num.	10,000 tons
事项	shi:xiang	n.	item
维修	wei:xiu	v.	maintain
一批	yi:pi	mw.	a batch
原创	yuan:chuang	adj.	original
出租	chu:zu	v.	rent out
手续	shou:xu	n.	procedure
约定	yue:ding	v.	agree
约定	yue:ding	n.	agreement
中间	zhong:jian	n.	middle
上网	shang:wang	v.	go online
物品	wu:pin	n.	article
有效的	you:xiao:de	adj.	effective
栏目	lan:mu	n.	column
成长	cheng:zhang	v.	grow
货物	huo:wu	n.	goods
内存	nei:cun	n.	memory
适应	shi:ying	v.	adapt
说的	shuo:de	part.	that is said
欣赏	xin:shang	v.	appreciate
欣赏	xin:shang	v.	admire
运行环境	yun:xing:huan:jing	n.	running environment
参考	can:kao	v.	refer to
参考	can:kao	n.	reference
动态	dong:tai	n.	dynamics
动态	dong:tai	adj.	dynamic
感谢	gan:xie	v.	thank
你可以	ni:ke:yi	pron.	you can
不到	bu:dao	v.	less than
个性	ge:xing	n.	personality
所属	suo:shu	n.	belonging
渠道	qu:dao	n.	channel
也没有	ye:mei:you	adv.	neither
一片	yi:pian	mw.	a piece
逐渐	zhu:jian	adv.	gradually
主体	zhu:ti	n.	main body
优惠	you:hui	n.	preferential
杂志	za:zhi	n.	magazine
指定	zhi:ding	v.	designate
如今	ru:jin	n.	nowadays
选项	xuan:xiang	n.	option
学员	xue:yuan	n.	student
预计	yu:ji	v.	expect
整合	zheng:he	v.	integrate
策略	ce:lve	n.	strategy
还可以	hai:ke:yi	adv.	still okay
认定	ren:ding	v.	determine
本次	ben:ci	pron.	this time
补充	bu:chong	v.	supplement
影片	ying:pian	n.	film
周围	zhou:wei	n.	surroundings
报价	bao:jia	n.	quotation
操作系统	cao:zuo:xi:tong	n.	operating system
肯定	ken:ding	adj.	definite
肯定	ken:ding	adv.	definitely
义务	yi:wu	n.	obligation
包含	bao:han	v.	contain
定位	ding:wei	v.	position
家里	jia:li	n.	home
商家	shang:jia	n.	merchant
武汉	wu:han	n.	Wuhan
一名	yi:ming	mw.	one (person)
有关规定	you:guan:gui:ding	n.	relevant regulations
又是	you:shi	adv.	again
执行时间	zhi:xing:shi:jian	n.	execution time
不用	bu:yong	v.	need not
队伍	dui:wu	n.	ranks
改进	gai:jin	v.	improve
留下	liu:xia	v.	leave behind
提醒	ti:xing	v.	remind
药物	yao:wu	n.	medicine
不好	bu:hao	adj.	not good
会有	hui:you	v.	will have
强烈	qiang:lie	adj.	intense
商标	shang:biao	n.	trademark
死亡	si:wang	n.	death
这位	zhe:wei	pron.	this (person)
罚款	fa:kuan	n.	fine
依然	yi:ran	adv.	still
优化	you:hua	v.	optimize
转让	zhuan:rang	v.	transfer
广场	guang:chang	n.	square
深入	shen:ru	v.	go deep into
思考	si:kao	v.	think
先后	xian:hou	adv.	successively
观众	guan:zhong	n.	audience
客人	ke:ren	n.	guest
三年	san:nian	num.	three years
一段	yi:duan	mw.	a segment
担任	dan:ren	v.	hold (a position)
食物	shi:wu	n.	food
动力	dong:li	n.	motive power
机器	ji:qi	n.	machine
那里	na:li	pron.	there
听到	ting:dao	v.	hear
遵守	zun:shou	v.	abide by
昨天	zuo:tian	n.	yesterday
说话	shuo:hua	v.	speak
中学	zhong:xue	n.	middle school
逐步	zhu:bu	adv.	gradually
诚信	cheng:xin	n.	integrity
良好	liang:hao	adj.	good
随时	sui:shi	adv.	anytime
温度	wen:du	n.	temperature
衣服	yi:fu	n.	clothes
充分	chong:fen	adj.	sufficient
租赁	zu:lin	v.	rent
多次	duo:ci	adv.	many times
公路	gong:lu	n.	highway
确实	que:shi	adv.	indeed
人口	ren:kou	n.	population
在此	zai:ci	adv.	here
站点	zhan:dian	n.	station
和谐	he:xie	adj.	harmonious
机械	ji:xie	n.	machinery
普遍	pu:bian	adj.	universal
首次	shou:ci	adv.	for the first time
所需	suo:xu	adj.	required
一套	yi:tao	mw.	a set
广东省	guang:dong:sheng	n.	Guangdong
后面	hou:mian	n.	behind
美女	mei:nv	n.	beauty
社会主义	she:hui:zhu:yi	n.	socialism
愿意	yuan:yi	v.	be willing
论文	lun:wen	n.	paper
人家	ren:jia	pron.	I
行政	xing:zheng	n.	administration
英文	ying:wen	n.	English
自我	zi:wo	n.	self
做法	zuo:fa	n.	method
病人	bing:ren	n.	patient
热情	re:qing	adj.	enthusiastic
图书	tu:shu	n.	books
物流	wu:liu	n.	logistics
成功的	cheng:gong:de	adj.	successful
难以	nan:yi	v.	hard to
先进	xian:jin	adj.	advanced
众多	zhong:duo	adj.	numerous
设定	she:ding	v.	set
挑战	tiao:zhan	n.	challenge
总数	zong:shu	n.	total
返回	fan:hui	v.	return
哈哈	ha:ha	onom.	haha
俱乐部	ju:le:bu	n.	club
矛盾	mao:dun	n.	contradiction
毕业生	bi:ye:sheng	n.	graduate
到达	dao:da	v.	arrive
过来	guo:lai	v.	come over
今后	jin:hou	n.	from now on
配套	pei:tao	adj.	complete set
运输	yun:shu	n.	transport
好像	hao:xiang	v.	seem
公务员	gong:wu:yuan	n.	civil servant
趋势	qu:shi	n.	trend
一场	yi:chang	mw.	one (event)
预防	yu:fang	v.	prevent
在于	zai:yu	v.	lie in
复制	fu:zhi	v.	copy
排名	pai:ming	v.	rank
实在	shi:zai	adv.	really
用户名	yong:hu:ming	n.	username
尊重	zun:zhong	v.	respect
不够	bu:gou	adj.	not enough
定义	ding:yi	n.	definition
情感	qing:gan	n.	emotion
生物	sheng:wu	n.	organism
最多	zui:duo	adv.	at most
厂商	chang:shang	n.	manufacturer
合格	he:ge	adj.	qualified
等待	deng:dai	v.	wait
市民	shi:min	n.	citizen
创作	chuang:zuo	v.	create
房间	fang:jian	n.	room
数学	shu:xue	n.	mathematics
编制	bian:zhi	n.	staffing
编制	bian:zhi	v.	weave
表面	biao:mian	n.	surface
歌曲	ge:qu	n.	song
每一个	mei:yi:ge	pron.	each
难道	nan:dao	adv.	could it be that
一部分	yi:bu:fen	n.	part
正确的	zheng:que:de	adj.	correct
按钮	an:niu	n.	button
大部分	da:bu:fen	n.	majority
探索	tan:suo	v.	explore
给你	gei:ni	v.	give you
家具	jia:ju	n.	furniture
会计	kuai:ji	n.	accounting
令人	ling:ren	v.	make one
这就是	zhe:jiu:shi	v.	this is
职责	zhi:ze	n.	duty
声明	sheng:ming	v.	declare
变更	bian:geng	v.	change
变更	bian:geng	n.	change
大会	da:hui	n.	assembly
大会	da:hui	n.	conference
巨大的	ju:da:de	adj.	huge
老人	lao:ren	n.	old man
年轻	nian:qing	adj.	young
实力	shi:li	n.	strength
四个	si:ge	num.	four
各个	ge:ge	pron.	every
金属	jin:shu	n.	metal
投票	tou:piao	v.	vote
投票	tou:piao	n.	vote
吸引	xi:yin	v.	attract
厦门	xia:men	n.	Xiamen
预测	yu:ce	v.	predict
预测	yu:ce	n.	prediction
注重	zhu:zhong	v.	attach importance to
装置	zhuang:zhi	n.	device
各位	ge:wei	pron.	everyone
公斤	gong:jin	n.	kilogram
购物	gou:wu	v.	shop
接触	jie:chu	v.	touch
接触	jie:chu	n.	contact
小区	xiao:qu	n.	neighborhood
学科	xue:ke	n.	subject
样子	yang:zi	n.	appearance
整理	zheng:li	v.	organize
职务	zhi:wu	n.	post
画面	hua:mian	n.	picture
输出	shu:chu	v.	output
输出	shu:chu	n.	output
投诉	tou:su	v.	complain
引进	yin:jin	v.	introduce
电子邮件	dian:zi:you:jian	n.	e-mail
毕业	bi:ye	v.	graduate
打印	da:yin	v.	print
刚刚	gang:gang	adv.	just now
关心	guan:xin	v.	care
关心	guan:xin	n.	concern
近年来	jin:nian:lai	n.	recent years
权限	quan:xian	n.	permission
四川	si:chuan	n.	Sichuan
作业	zuo:ye	n.	homework
放弃	fang:qi	v.	give up
环节	huan:jie	n.	link
医疗	yi:liao	n.	medical care
特性	te:xing	n.	characteristic
邮箱	you:xiang	n.	mailbox
展开	zhan:kai	v.	unfold
女子	nv:zi	n.	woman
破坏	po:huai	v.	destroy
前面	qian:mian	n.	front
黑色	hei:se	n.	black
疾病	ji:bing	n.	disease
轻松	qing:song	adj.	relaxed
为此	wei:ci	adv.	for this reason
字体	zi:ti	n.	font
专题	zhuan:ti	n.	special topic
进程	jin:cheng	n.	process
停止	ting:zhi	v.	stop
物质	wu:zhi	n.	matter
至今	zhi:jin	adv.	until now
至于	zhi:yu	v.	as for
经销商	jing:xiao:shang	n.	dealer
未经	wei:jing	prep.	without
情绪	qing:xu	n.	emotion
收取	shou:qu	v.	collect
财产	cai:chan	n.	property
看见	kan:jian	v.	see
体育	ti:yu	n.	sports
金融	jin:rong	n.	finance
是以	shi:yi	conj.	therefore
翻译	fan:yi	v.	translate
股东	gu:dong	n.	shareholder
精品	jing:pin	n.	boutique item
收集	shou:ji	v.	collect
唯一	wei:yi	adj.	only
许可	xu:ke	v.	permit
宠物	chong:wu	n.	pet
空调	kong:tiao	n.	air conditioning
频道	pin:dao	n.	channel
面试	mian:shi	n.	interview
热线	re:xian	n.	hotline
始终	shi:zhong	adv.	always
下一页	xia:yi:ye	n.	next page
相互	xiang:hu	adv.	mutually
兴趣	xing:qu	n.	interest
兄弟	xiong:di	n.	brothers
房子	fang:zi	n.	house
取消	qu:xiao	v.	cancel
尚未	shang:wei	adv.	not yet
责任编辑	ze:ren:bian:ji	n.	editor
电子商务	dian:zi:shang:wu	n.	e-commerce
加盟	jia:meng	v.	join as franchise
情形	qing:xing	n.	situation
想法	xiang:fa	n.	idea
一块	yi:kuai	n.	one yuan
一块	yi:kuai	adv.	together
公民	gong:min	n.	citizen
笔者	bi:zhe	n.	the author
担心	dan:xin	v.	worry
基层	ji:ceng	n.	grassroots level
平时	ping:shi	n.	ordinary times
让我们	rang:wo:men	v.	let us
文学	wen:xue	n.	literature
漂亮	piao:liang	adj.	pretty
现实	xian:shi	n.	reality
动画	dong:hua	n.	animation
获取	huo:qu	v.	obtain
较大	jiao:da	adj.	relatively large
录入	lu:ru	v.	input
面临	mian:lin	v.	face
信息化	xin:xi:hua	n.	informatization
植物	zhi:wu	n.	plant
固定	gu:ding	v.	fix
股票	gu:piao	n.	stock
集体	ji:ti	n.	collective
进步	jin:bu	v.	progress
居民	ju:min	n.	resident
劳动	lao:dong	v.	work
试验	shi:yan	n.	test
像素	xiang:su	n.	pixel
一级	yi:ji	n.	first grade
浏览器	liu:lan:qi	n.	browser
商城	shang:cheng	n.	shopping mall
依据	yi:ju	prep.	according to
不敢	bu:gan	v.	dare not
贸易	mao:yi	n.	trade
详细信息	xiang:xi:xin:xi	n.	detailed information
小说	xiao:shuo	n.	novel
有利于	you:li:yu	v.	be good for
值得	zhi:de	v.	be worth
宝宝	bao:bao	n.	baby
河南	he:nan	n.	Henan
人民法院	ren:min:fa:yuan	n.	people's court
收藏本页	shou:cang:ben:ye	v.	bookmark this page
损害	sun:hai	v.	damage
提前	ti:qian	v.	advance in time
不但	bu:dan	conj.	not only
称为	cheng:wei	v.	be called
定期	ding:qi	adj.	regular
妇女	fu:nv	n.	woman
妻子	qi:zi	n.	wife
伤害	shang:hai	v.	hurt
主管	zhu:guan	n.	supervisor
博士	bo:shi	n.	PhD holder
当中	dang:zhong	n.	among
分配	fen:pei	v.	allocate
歌手	ge:shou	n.	singer
受理	shou:li	v.	accept (a case)
表情	biao:qing	n.	facial expression
流行	liu:xing	adj.	popular
满意	man:yi	adj.	satisfied
行政主管	xing:zheng:zhu:guan	n.	administrative supervisor
白色	bai:se	n.	white
表演	biao:yan	v.	perform
收益	shou:yi	n.	income
图像	tu:xiang	n.	image
意思	yi:si	n.	meaning
营养	ying:yang	n.	nutrition
直辖市	zhi:xia:shi	n.	municipality
住宅	zhu:zhai	n.	residence
刺激	ci:ji	v.	stimulate
电池	dian:chi	n.	battery
好了	hao:le	int.	all right
鉴定	jian:ding	v.	appraise
另一个	ling:yi:ge	pron.	another
驱动	qu:dong	v.	drive
日子	ri:zi	n.	day
申请人	shen:qing:ren	n.	applicant
亚洲	ya:zhou	n.	Asia
重量	zhong:liang	n.	weight
策划	ce:hua	v.	plan
而已	er:yi	part.	that's all
结婚	jie:hun	v.	marry
竟然	jing:ran	adv.	unexpectedly
理想	li:xiang	n.	ideal
请求	qing:qiu	v.	request
信号	xin:hao	n.	signal
层次	ceng:ci	n.	level
流程	liu:cheng	n.	process
切实	qie:shi	adj.	practical
时刻	shi:ke	n.	moment
运作	yun:zuo	v.	operate
厂家	chang:jia	n.	manufacturer
上升	shang:sheng	v.	rise
多媒体	duo:mei:ti	n.	multimedia
男性	nan:xing	n.	male
数据查询	shu:ju:cha:xun	n.	data query
想到	xiang:dao	v.	think of
好评度	hao:ping:du	n.	rating
决策	jue:ce	n.	decision
太多	tai:duo	adj.	too many
因而	yin:er	conj.	therefore
电源	dian:yuan	n.	power source
发布日期	fa:bu:ri:qi	n.	release date
情节	qing:jie	n.	plot
宣布	xuan:bu	v.	announce
股份有限公司	gu:fen:you:xian:gong:si	n.	limited company
练习	lian:xi	v.	practice
期限	qi:xian	n.	deadline
人体	ren:ti	n.	human body
新型	xin:xing	adj.	new type
邀请	yao:qing	v.	invite
一系列	yi:xi:lie	num.	a series of
转变	zhuan:bian	v.	turn into
玻璃	bo:li	n.	glass
充满	chong:man	v.	fill
构建	gou:jian	v.	build
近期	jin:qi	n.	near future
软件类别	ruan:jian:lei:bie	n.	software category
事故	shi:gu	n.	accident
特定	te:ding	adj.	specific
也就是	ye:jiu:shi	conj.	that is
本网站	ben:wang:zhan	n.	this website
广州市	guang:zhou:shi	n.	Guangzhou
大多数	da:duo:shu	n.	majority
工程师	gong:cheng:shi	n.	engineer
国内外	guo:nei:wai	n.	domestic and foreign
湖南	hu:nan	n.	Hunan
每月	mei:yue	adv.	every month
调节	tiao:jie	v.	regulate
主持	zhu:chi	v.	preside
背景	bei:jing	n.	background
表达	biao:da	v.	express
业绩	ye:ji	n.	performance
原理	yuan:li	n.	principle
战争	zhan:zheng	n.	war
案例	an:li	n.	case
宾馆	bin:guan	n.	hotel
电信	dian:xin	n.	telecommunications
感染	gan:ran	v.	infect
还没	hai:mei	adv.	not yet
手中	shou:zhong	n.	in one's hands
树立	shu:li	v.	establish
未知	wei:zhi	adj.	unknown
纷纷	fen:fen	adv.	one after another
明天	ming:tian	n.	tomorrow
下去	xia:qu	v.	continue
言论	yan:lun	n.	remarks
订单	ding:dan	n.	order
东方	dong:fang	n.	the East
机场	ji:chang	n.	airport
尽量	jin:liang	adv.	as much as possible
平衡	ping:heng	n.	balance
财政	cai:zheng	n.	finance
大专	da:zhuan	n.	junior college
供应商	gong:ying:shang	n.	supplier
界面	jie:mian	n.	interface
业主	ye:zhu	n.	owner
装饰	zhuang:shi	v.	decorate
仓库	cang:ku	n.	warehouse
场所	chang:suo	n.	place
福建	fu:jian	n.	Fujian
上一页	shang:yi:ye	n.	previous page
新疆	xin:jiang	n.	Xinjiang
住房	zhu:fang	n.	housing
红色	hong:se	n.	red
生态	sheng:tai	n.	ecology
思维	si:wei	n.	thinking
常常	chang:chang	adv.	often
回家	hui:jia	v.	return home
回来	hui:lai	v.	return
回来	hui:lai	n.	return trip
立刻	li:ke	adv.	immediately
效益	xiao:yi	n.	benefit
本地	ben:di	n.	local
待遇	dai:yu	n.	treatment
待遇	dai:yu	n.	salary
导演	dao:yan	n.	director
导演	dao:yan	v.	direct
估计	gu:ji	v.	estimate
审计	shen:ji	n.	audit
说法	shuo:fa	n.	statement
说法	shuo:fa	n.	version
天然	tian:ran	adj.	natural
研发	yan:fa	v.	develop
研发	yan:fa	n.	R&D
严重的	yan:zhong:de	adj.	serious
本书	ben:shu	n.	this book
大大	da:da	adv.	greatly
科研	ke:yan	n.	scientific research
效率	xiao:lv	n.	efficiency
模块	mo:kuai	n.	module
显得	xian:de	v.	appear
优质	you:zhi	adj.	high-quality
重复	chong:fu	v.	repeat
重复	chong:fu	adj.	repetitive
刚才	gang:cai	adv.	just now
高中	gao:zhong	n.	high school
含有	han:you	v.	contain
所在地	suo:zai:di	n.	location
想要	xiang:yao	v.	want
转移	zhuan:yi	v.	transfer
不管	bu:guan	conj.	no matter
车型	che:xing	n.	car model
发动机	fa:dong:ji	n.	engine
记得	ji:de	v.	remember
监管	jian:guan	v.	supervise
类似	lei:si	adj.	similar
明白	ming:bai	v.	understand
手术	shou:shu	n.	operation
通信	tong:xin	n.	communication
休闲	xiu:xian	n.	leisure
以便	yi:bian	conj.	so that
有所	you:suo	adv.	somewhat
规律	gui:lv	n.	pattern
很少	hen:shao	adv.	rarely
权力	quan:li	n.	power
新增	xin:zeng	v.	add
研究所	yan:jiu:suo	n.	research institute
点击数	dian:ji:shu	n.	click count
互动	hu:dong	v.	interact
客服	ke:fu	n.	customer service
空气	kong:qi	n.	air
另一方面	ling:yi:fang:mian	conj.	on the other hand
条款	tiao:kuan	n.	clause
条例	tiao:li	n.	regulations
消除	xiao:chu	v.	eliminate
尤其	you:qi	adv.	especially
毕竟	bi:jing	adv.	after all
道德	dao:de	n.	morality
或许	huo:xu	adv.	perhaps
力度	li:du	n.	strength
能否	neng:fou	v.	can, be able to
批发	pi:fa	v.	wholesale
体制	ti:zhi	n.	system
演出	yan:chu	n.	performance
英雄	ying:xiong	n.	hero
责令	ze:ling	v.	order
中华	zhong:hua	n.	China
资讯	zi:xun	n.	information
物业	wu:ye	n.	property management
协助	xie:zhu	v.	assist
一方面	yi:fang:mian	conj.	on the one hand
印刷	yin:shua	v.	print
著名	zhu:ming	adj.	famous
步骤	bu:zhou	n.	step
慢慢	man:man	adv.	slowly
原料	yuan:liao	n.	raw material
临时	lin:shi	adj.	temporary
太阳	tai:yang	n.	sun
委员	wei:yuan	n.	committee member
花园	hua:yuan	n.	garden
尽快	jin:kuai	adv.	as soon as possible
性格	xing:ge	n.	personality
光盘	guang:pan	n.	optical disc
广西	guang:xi	n.	Guangxi
失败	shi:bai	v.	fail
浙江省	zhe:jiang:sheng	n.	Zhejiang Province
走向	zou:xiang	v.	move toward
租房	zu:fang	v.	rent housing
飞机	fei:ji	n.	airplane
危害	wei:hai	v.	harm
围绕	wei:rao	v.	encircle
围绕	wei:rao	prep.	around
污染	wu:ran	v.	pollute
用人单位	yong:ren:dan:wei	n.	employer
云南	yun:nan	n.	Yunnan
主机	zhu:ji	n.	mainframe
不对	bu:dui	adj.	wrong
差异	cha:yi	n.	difference
反对	fan:dui	v.	oppose
梦想	meng:xiang	n.	dream
区别	qu:bie	n.	difference
全体	quan:ti	n.	all members
上传	shang:chuan	v.	upload
与其	yu:qi	conj.	rather than
资本	zi:ben	n.	capital
对比	dui:bi	v.	contrast
江苏省	jiang:su:sheng	n.	Jiangsu Province
思路	si:lu	n.	train of thought
出发	chu:fa	v.	depart
更为	geng:wei	adv.	even more
观看	guan:kan	v.	watch
简历	jian:li	n.	résumé
数码	shu:ma	n.	digital
一款	yi:kuan	num.	one (item)
总经理	zong:jing:li	n.	general manager
备注	bei:zhu	n.	remark
常用	chang:yong	adj.	common
运营	yun:ying	v.	operate
招生	zhao:sheng	v.	recruit students
真实性	zhen:shi:xing	n.	authenticity
出去	chu:qu	v.	go out
分公司	fen:gong:si	n.	branch office
化学	hua:xue	n.	chemistry
记忆	ji:yi	n.	memory
某个	mou:ge	pron.	a certain
印度	yin:du	n.	India
总体	zong:ti	n.	overall
最低	zui:di	adj.	minimum
分布	fen:bu	n.	distribution
高速	gao:su	adj.	high-speed
模型	mo:xing	n.	model
佚名	yi:ming	n.	anonymous
居然	ju:ran	adv.	unexpectedly
内置	nei:zhi	v.	built-in
芯片	xin:pian	n.	chip
幼儿园	you:er:yuan	n.	kindergarten
优先	you:xian	v.	prioritize
元素	yuan:su	n.	element
开发商	kai:fa:shang	n.	developer
评分	ping:fen	n.	score
由此	you:ci	adv.	hereby
诊断	zhen:duan	v.	diagnose
安徽	an:hui	n.	Anhui
大师	da:shi	n.	master
河北	he:bei	n.	Hebei
见到	jian:dao	v.	see
接近	jie:jin	v.	approach
细胞	xi:bao	n.	cell
以为	yi:wei	v.	assume
症状	zheng:zhuang	n.	symptom
处罚	chu:fa	v.	punish
年底	nian:di	n.	end of the year
事实上	shi:shi:shang	adv.	in fact
学者	xue:zhe	n.	scholar
别的	bie:de	pron.	other
更大	geng:da	adj.	bigger
工厂	gong:chang	n.	factory
严格	yan:ge	adj.	strict
建成	jian:cheng	v.	complete construction
可爱	ke:ai	adj.	cute
细节	xi:jie	n.	detail
造型	zao:xing	n.	style
站长	zhan:zhang	n.	station master
昨日	zuo:ri	n.	yesterday
财务	cai:wu	n.	finance
超市	chao:shi	n.	supermarket
地图	di:tu	n.	map
发放	fa:fang	v.	issue
更换	geng:huan	v.	replace
经费	jing:fei	n.	funds
厘米	li:mi	mw.	centimeter
生存	sheng:cun	v.	survive
展览	zhan:lan	n.	exhibition
并非	bing:fei	adv.	not at all
低于	di:yu	v.	lower than
能源	neng:yuan	n.	energy
最为	zui:wei	adv.	most
家族	jia:zu	n.	family
解决方案	jie:jue:fang:an	n.	solution
设计师	she:ji:shi	n.	designer
享有	xiang:you	v.	enjoy (rights, reputation)
小组	xiao:zu	n.	group
意大利	yi:da:li	n.	Italy
种类	zhong:lei	n.	kind
转换	zhuan:huan	v.	convert
称号	cheng:hao	n.	title
紧张	jin:zhang	adj.	nervous
期待	qi:dai	v.	look forward to
一阵	yi:zhen	mw.	a burst
硬件	ying:jian	n.	hardware
俄罗斯	e:luo:si	n.	Russia
监控	jian:kong	v.	monitor
节省	jie:sheng	v.	save
旅行社	lv:xing:she	n.	travel agency
市政府	shi:zheng:fu	n.	municipal government
武器	wu:qi	n.	weapon
乡镇	xiang:zhen	n.	towns and townships
营造	ying:zao	v.	build
丈夫	zhang:fu	n.	husband
到底	dao:di	adv.	anyway
敌人	di:ren	n.	enemy
经济发展	jing:ji:fa:zhan	n.	economic development
境内	jing:nei	n.	within the borders
两年	liang:nian	num.	two years
配件	pei:jian	n.	parts
搜索引擎	sou:suo:yin:qing	n.	search engine
痛苦	tong:ku	adj.	painful
透露	tou:lu	v.	disclose
途径	tu:jing	n.	way
西方	xi:fang	n.	the West
大陆	da:lu	n.	mainland
基本上	ji:ben:shang	adv.	basically
接着	jie:zhe	conj.	then
签订	qian:ding	v.	sign (a treaty)
验收	yan:shou	v.	inspect and accept
测量	ce:liang	v.	measure
含量	han:liang	n.	content
机动车	ji:dong:che	n.	motor vehicle
肌肤	ji:fu	n.	skin
监测	jian:ce	v.	monitor
课题	ke:ti	n.	research topic
心灵	xin:ling	n.	mind
行政部门	xing:zheng:bu:men	n.	administrative department
邮政编码	you:zheng:bian:ma	n.	postal code
哲学	zhe:xue	n.	philosophy
摄影	she:ying	n.	photography
招商	zhao:shang	v.	attract investment
这类	zhe:lei	pron.	this kind
大连	da:lian	n.	Dalian
关键词	guan:jian:ci	n.	keyword
黄金	huang:jin	n.	gold
即将	ji:jiang	adv.	soon
年前	nian:qian	n.	before the New Year
签名	qian:ming	v.	sign (one's name)
热门	re:men	adj.	popular
随后	sui:hou	adv.	soon afterwards
通讯	tong:xun	n.	communication
校园	xiao:yuan	n.	campus
种子	zhong:zi	n.	seed
其次	qi:ci	adv.	secondly
实验室	shi:yan:shi	n.	laboratory
主人	zhu:ren	n.	master
尝试	chang:shi	v.	attempt
订购	ding:gou	v.	order (goods)
合法权益	he:fa:quan:yi	n.	lawful rights and interests
集成	ji:cheng	v.	integrate
蔬菜	shu:cai	n.	vegetable
危险	wei:xian	adj.	dangerous
详情	xiang:qing	n.	details
主办	zhu:ban	v.	organize
注明	zhu:ming	v.	note clearly
不必	bu:bi	adv.	need not
创意	chuang:yi	n.	idea
精彩	jing:cai	adj.	wonderful
每日	mei:ri	n.	every day
暂时	zan:shi	adv.	temporarily
成就	cheng:jiu	n.	achievement
好友	hao:you	n.	close friend
湖北	hu:bei	n.	Hubei
纳入	na:ru	v.	incorporate
男子	nan:zi	n.	man
研究生	yan:jiu:sheng	n.	graduate student
智慧	zhi:hui	n.	wisdom
地上	di:shang	n.	on the ground
清楚	qing:chu	adj.	clear
日志	ri:zhi	n.	log
完美	wan:mei	adj.	perfect
休息	xiu:xi	v.	rest
电力	dian:li	n.	electric power
激情	ji:qing	n.	passion
科目	ke:mu	n.	subject
扩展	kuo:zhan	v.	expand
显然	xian:ran	adv.	obviously
现状	xian:zhuang	n.	current state
优点	you:dian	n.	merit
争取	zheng:qu	v.	strive for
的确	di:que	adv.	indeed
加速	jia:su	v.	accelerate
累计	lei:ji	v.	cumulate
前往	qian:wang	v.	go to
三个代表	san:ge:dai:biao	n.	Three Represents
苏州	su:zhou	n.	Suzhou
用来	yong:lai	v.	be used to
账号	zhang:hao	n.	account
忽然	hu:ran	adv.	suddenly
基	ji	n.	base
插入	cha:ru	v.	insert
同步	tong:bu	v.	synchronize
意味着	yi:wei:zhe	v.	mean
上下	shang:xia	n.	up and down
选	xuan	v.	choose
办公	ban:gong	v.	handle office work
之下	zhi:xia	n.	under
跨越	kua:yue	v.	cross over
持有	chi:you	v.	hold
推	tui	v.	push
房产	fang:chan	n.	real estate
天使	tian:shi	n.	angel
旁边	pang:bian	n.	beside
噢	o	int.	oh
物理	wu:li	n.	physics
教育部	jiao:yu:bu	n.	ministry of education
街道	jie:dao	n.	street
改	gai	v.	change
承担责任	cheng:dan:ze:ren	v.	shoulder responsibility
治理	zhi:li	v.	govern
一把	yi:ba	mw.	a handful
上涨	shang:zhang	v.	rise
萝卜	luo:bo	n.	radish
充分发挥	chong:fen:fa:hui	v.	give full play
退	tui	v.	retreat
缴纳	jiao:na	v.	pay
镜头	jing:tou	n.	lens
著名的	zhu:ming:de	adj.	famous
点券	dian:quan	n.	points voucher
三星	san:xing	n.	Samsung
味	wei	n.	taste
发表时间	fa:biao:shi:jian	n.	time of publication
份	fen	mw.	measure word for portions
味道	wei:dao	n.	flavor
失去	shi:qu	v.	lose
婚姻	hun:yin	n.	marriage
示	shi	v.	show
忍	ren	v.	endure
天气	tian:qi	n.	weather
足够	zu:gou	adj.	enough
超级版主	chao:ji:ban:zhu	n.	super moderator
沈阳	shen:yang	n.	Shenyang
较为	jiao:wei	adv.	relatively
印象	yin:xiang	n.	impression
历	li	n.	calendar
任意	ren:yi	adj.	arbitrary
读书	du:shu	v.	read
展会	zhan:hui	n.	exhibition
通道	tong:dao	n.	passage
目光	mu:guang	n.	gaze
文档	wen:dang	n.	document
青少年	qing:shao:nian	n.	teenager
主板	zhu:ban	n.	motherboard
承认	cheng:ren	v.	acknowledge
器	qi	n.	utensil
恐	kong	v.	fear
引	yin	v.	draw
折扣	zhe:kou	n.	discount
这款	zhe:kuan	pron.	this model
公共	gong:gong	adj.	public
试	shi	v.	try
垃圾	la:ji	n.	garbage
端口	duan:kou	n.	port
高手	gao:shou	n.	expert
不想	bu:xiang	v.	not want
公园	gong:yuan	n.	park
自身的	zi:shen:de	adj.	one's own
面向	mian:xiang	v.	face
面向	mian:xiang	prep.	aimed at
爸爸	ba:ba	n.	dad
皮	pi	n.	skin
皮	pi	n.	leather
定价	ding:jia	n.	fixed price
定价	ding:jia	v.	set a price
既然	ji:ran	conj.	since
打击	da:ji	v.	hit
打击	da:ji	n.	blow
证据	zheng:ju	n.	evidence
寄	ji	v.	mail
习	xi	v.	practice
电视台	dian:shi:tai	n.	television station
认可	ren:ke	v.	approve
认可	ren:ke	n.	approval
靠	kao	v.	lean on
靠	kao	v.	rely on
导	dao	v.	guide
安全生产	an:quan:sheng:chan	n.	work safety
眼前	yan:qian	n.	before one's eyes
人群	ren:qun	n.	crowd
存	cun	v.	save
存	cun	v.	exist
莫	mo	adv.	don't
志	zhi	n.	aspiration
志	zhi	n.	magazine
区	qu	n.	district
彻底	che:di	adj.	thorough
早已	zao:yi	adv.	already
不可能	bu:ke:neng	adj.	impossible
明星	ming:xing	n.	star
汉	han	n.	Chinese (language)
汉	han	n.	Han (ethnic group)
江西	jiang:xi	n.	Jiangxi
维持	wei:chi	v.	maintain
城镇	cheng:zhen	n.	town
右	you	n.	right
失误	shi:wu	n.	mistake
覆盖	fu:gai	v.	cover
复印件	fu:yin:jian	n.	photocopy
群体	qun:ti	n.	group
写作	xie:zuo	v.	write
什	shen	pron.	what
生成	sheng:cheng	v.	generate
写字楼	xie:zi:lou	n.	office building
顺利	shun:li	adj.	smooth
求职	qiu:zhi	v.	look for a job
严	yan	adj.	strict
医药	yi:yao	n.	medicine
对手	dui:shou	n.	opponent
合租	he:zu	v.	share a flat
信心	xin:xin	n.	confidence
许可证	xu:ke:zheng	n.	license
地面	di:mian	n.	ground
不如	bu:ru	v.	not be as good as
请问	qing:wen	v.	excuse me, may I ask
反而	fan:er	adv.	on the contrary
主席	zhu:xi	n.	chairman
文章来源	wen:zhang:lai:yuan	n.	source of the article
异常	yi:chang	adj.	unusual
异常	yi:chang	n.	anomaly
态	tai	n.	state
套	tao	mw.	set
套	tao	v.	suit
天空	tian:kong	n.	sky
校长	xiao:zhang	n.	principal
老婆	lao:po	n.	wife
买	mai	v.	buy
支撑	zhi:cheng	v.	support
宁波	ning:bo	n.	Ningbo
幸	xing	adj.	fortunate
能量	neng:liang	n.	energy
商铺	shang:pu	n.	shop
仿佛	fang:fu	adv.	as if
总部	zong:bu	n.	headquarters
培育	pei:yu	v.	cultivate
佛	fo	n.	Buddha
主持人	zhu:chi:ren	n.	host
临床	lin:chuang	adj.	clinical
产量	chan:liang	n.	output
主页	zhu:ye	n.	homepage
议	yi	v.	discuss
全文	quan:wen	n.	full text
外面	wai:mian	n.	outside
差距	cha:ju	n.	gap
必然	bi:ran	adj.	inevitable
可见	ke:jian	conj.	it can be seen
树	shu	n.	tree
哪些	na:xie	pron.	which ones
公众	gong:zhong	n.	public
中小企业	zhong:xiao:qi:ye	n.	small and medium enterprises
赠送	zeng:song	v.	gift
一道	yi:dao	adv.	together
一面	yi:mian	num.	one side
灵活	ling:huo	adj.	flexible
止	zhi	v.	stop
阴谋	yin:mou	n.	conspiracy
块	kuai	mw.	piece
女士	nv:shi	n.	madam
农产品	nong:chan:pin	n.	farm produce
民主	min:zhu	n.	democracy
医学	yi:xue	n.	medicine
外观	wai:guan	n.	appearance
插件	cha:jian	n.	plug-in
饭店	fan:dian	n.	hotel
守	shou	v.	guard
参观	can:guan	v.	visit
支出	zhi:chu	n.	expense
从此	cong:ci	adv.	from then on
毛	mao	n.	fur
世界上	shi:jie:shang	n.	in the world
英寸	ying:cun	n.	inch
厂房	chang:fang	n.	factory building
部位	bu:wei	n.	part
拓展	tuo:zhan	v.	expand
军队	jun:dui	n.	army
对话	dui:hua	n.	dialogue
挥	hui	v.	wave
学术	xue:shu	adj.	academic
胡	hu	adv.	recklessly
权益	quan:yi	n.	rights and interests
第二天	di:er:tian	n.	the next day
激励	ji:li	v.	encourage
散	san	adj.	scattered
股份	gu:fen	n.	share
革命	ge:ming	n.	revolution
部署	bu:shu	v.	deploy
一生	yi:sheng	n.	whole life
板	ban	n.	board
仅	jin	adv.	only
对外	dui:wai	adv.	external
粮食	liang:shi	n.	grain
心态	xin:tai	n.	mindset
故障	gu:zhang	n.	failure
隐	yin	v.	hide
怒	nu	v.	get angry
人力资源	ren:li:zi:yuan	n.	human resources
床	chuang	n.	bed
海关	hai:guan	n.	customs
苏	su	v.	revive
用途	yong:tu	n.	use
温暖	wen:nuan	adj.	warm
带有	dai:you	v.	carry
常见	chang:jian	adj.	common
依靠	yi:kao	v.	rely on
现代化	xian:dai:hua	n.	modernization
交换	jiao:huan	v.	exchange
更高	geng:gao	adj.	higher
探讨	tan:tao	v.	discuss
铁路	tie:lu	n.	railway
拖	tuo	v.	drag
屏幕	ping:mu	n.	screen
新建	xin:jian	v.	newly build
怀疑	huai:yi	v.	suspect
合适	he:shi	adj.	suitable
报考	bao:kao	v.	apply for exam
频率	pin:lv	n.	frequency
风景	feng:jing	n.	scenery
股	gu	mw.	strand
忌	ji	v.	avoid
局	ju	n.	bureau
有效期	you:xiao:qi	n.	validity period
秘密	mi:mi	n.	secret
少年	shao:nian	n.	youth
容量	rong:liang	n.	capacity
局长	ju:zhang	n.	bureau chief
生意	sheng:yi	n.	business
班	ban	mw.	class shift
存储	cun:chu	v.	store
气氛	qi:fen	n.	atmosphere
巨大	ju:da	adj.	huge
邦迪	bang:di	n.	Band-Aid
菜单	cai:dan	n.	menu
一致	yi:zhi	adj.	identical
健全	jian:quan	adj.	sound
图	tu	n.	picture
评审	ping:shen	n.	review
评审	ping:shen	v.	review
己	ji	n.	self
互相	hu:xiang	adv.	mutually
岁	sui	mw.	year of age
礼	li	n.	gift
礼	li	n.	courtesy
独	du	adj.	alone
独	du	adv.	alone
很多人	hen:duo:ren	n.	many people
以内	yi:nei	n.	within
初	chu	adj.	beginning
初	chu	adv.	for the first time
福	fu	n.	happiness
全身	quan:shen	n.	whole body
开通	kai:tong	v.	open
开通	kai:tong	adj.	open-minded
头发	tou:fa	n.	hair
较高	jiao:gao	adj.	relatively high
一路	yi:lu	adv.	all the way
顺	shun	adj.	smooth
顺	shun	v.	follow
狂	kuang	adj.	crazy
修复	xiu:fu	v.	restore
修复	xiu:fu	n.	restoration
报纸	bao:zhi	n.	newspaper
外国	wai:guo	n.	foreign country
天地	tian:di	n.	world
局面	ju:mian	n.	situation
说是	shuo:shi	v.	it is said that
麻烦	ma:fan	adj.	troublesome
麻烦	ma:fan	v.	trouble
麻烦	ma:fan	n.	trouble
浪漫	lang:man	adj.	romantic
默	mo	adv.	silently
笔记本	bi:ji:ben	n.	notebook
笔记本	bi:ji:ben	n.	laptop
神秘	shen:mi	adj.	mysterious
微软	wei:ruan	n.	Microsoft
看法	kan:fa	n.	view
网吧	wang:ba	n.	internet café
教程	jiao:cheng	n.	tutorial
礼品	li:pin	n.	gift
万美元	wan:mei:yuan	n.	10,000 US dollars
五年	wu:nian	n.	five years
松	song	adj.	loose
松	song	v.	loosen
松	song	n.	pine
证	zheng	n.	certificate
证	zheng	v.	prove
门口	men:kou	n.	doorway
多数	duo:shu	n.	majority
不在	bu:zai	v.	be absent
中国人	zhong:guo:ren	n.	Chinese person
将来	jiang:lai	n.	future
要是	yao:shi	conj.	if
否	fou	v.	deny
恶	e	adj.	evil
恶	e	v.	hate
治	zhi	v.	cure
摘要	zhai:yao	n.	summary
大概	da:gai	adv.	probably
大概	da:gai	n.	rough idea
一流	yi:liu	adj.	first-class
缓	huan	adj.	slow
出台	chu:tai	v.	come out
命运	ming:yun	n.	fate
排	pai	v.	line up
排	pai	v.	arrange
费	fei	n.	fee
费	fei	v.	spend
拍	pai	v.	slap
拍	pai	v.	shoot
预算	yu:suan	n.	budget
耳	er	n.	ear
放心	fang:xin	v.	be at ease
上级	shang:ji	n.	superior
医	yi	n.	medicine
走到	zou:dao	v.	walk to
寒	han	adj.	cold
小小	xiao:xiao	adj.	tiny
我知道	wo:zhi:dao	v.	I know
验证	yan:zheng	v.	verify
哭	ku	v.	cry
该公司	gai:gong:si	n.	this company
温	wen	adj.	warm
大众	da:zhong	n.	the public
长度	chang:du	n.	length
成分	cheng:fen	n.	ingredient
山东省	shan:dong:sheng	n.	Shandong Province
管理人员	guan:li:ren:yuan	n.	manager
竞争力	jing:zheng:li	n.	competitiveness
男女	nan:nv	n.	men and women
化工	hua:gong	n.	chemical industry
鉴权	jian:quan	v.	authenticate
证券交易所	zheng:quan:jiao:yi:suo	n.	stock exchange
子女	zi:nv	n.	children
背后	bei:hou	n.	behind
房价	fang:jia	n.	housing price
府	fu	n.	mansion
担	dan	v.	carry
民间	min:jian	n.	civil
用户组	yong:hu:zu	n.	user group
各方	ge:fang	n.	all parties
回避	hui:bi	v.	avoid
称	cheng	v.	call
海外	hai:wai	n.	overseas
通用	tong:yong	adj.	universal
余	yu	num.	remainder
求租	qiu:zu	v.	seek to rent
事物	shi:wu	n.	thing
女生	nv:sheng	n.	girl student
单独	dan:du	adv.	separately
哪里	na:li	pron.	where
仅仅	jin:jin	adv.	only
两次	liang:ci	num.	twice
带动	dai:dong	v.	drive
山西	shan:xi	n.	Shanxi
钟	zhong	n.	clock
泪	lei	n.	tear
反复	fan:fu	v.	repeat
反复	fan:fu	adv.	repeatedly
经营者	jing:ying:zhe	n.	operator
长沙	chang:sha	n.	Changsha
那时	na:shi	n.	that time
售价	shou:jia	n.	selling price
就算	jiu:suan	conj.	even if
就算	jiu:suan	v.	count as
前后	qian:hou	n.	around (a time)
前后	qian:hou	n.	from beginning to end
只好	zhi:hao	adv.	have to
美容	mei:rong	n.	cosmetology
形势	xing:shi	n.	situation
产地	chan:di	n.	place of origin
一步	yi:bu	n.	one step
据了解	ju:liao:jie	v.	it is understood
模拟	mo:ni	v.	simulate
模拟	mo:ni	adj.	simulated
公平	gong:ping	adj.	fair
合并	he:bing	v.	merge
水果	shui:guo	n.	fruit
日常	ri:chang	adj.	everyday
烟	yan	n.	smoke
烟	yan	n.	cigarette
仪表	yi:biao	n.	instrument
仪表	yi:biao	n.	appearance
院校	yuan:xiao	n.	colleges and universities
公安机关	gong:an:ji:guan	n.	public security organ
名单	ming:dan	n.	name list
胜利	sheng:li	n.	victory
胜利	sheng:li	v.	win
负担	fu:dan	n.	burden
负担	fu:dan	v.	bear
页次	ye:ci	n.	page number
景区	jing:qu	n.	scenic area
塑料	su:liao	n.	plastic
普及	pu:ji	v.	popularize
仍	reng	adv.	still
具	ju	n.	tool
具	ju	v.	possess
忘	wang	v.	forget
采访	cai:fang	v.	interview
甲方	jia:fang	n.	party A
恩	en	n.	favor
毕	bi	v.	finish
警	jing	n.	police
哪个	na:ge	pron.	which
出具	chu:ju	v.	issue (a document)
领取	ling:qu	v.	receive
抓住	zhua:zhu	v.	grab
抓住	zhua:zhu	v.	seize (an opportunity)
强奸	qiang:jian	v.	rape
注册会员	zhu:ce:hui:yuan	n.	registered member
编写	bian:xie	v.	compile
无线	wu:xian	adj.	wireless
蓝	lan	adj.	blue
举报	ju:bao	v.	report
图书馆	tu:shu:guan	n.	library
宫	gong	n.	palace
吸	xi	v.	inhale
吸	xi	v.	suck
陆	lu	n.	land
重要思想	zhong:yao:si:xiang	n.	important thought
另一	ling:yi	adj.	another
郑州	zheng:zhou	n.	Zhengzhou
适当	shi:dang	adj.	appropriate
发票	fa:piao	n.	invoice
战斗	zhan:dou	n.	battle
战斗	zhan:dou	v.	fight
旧	jiu	adj.	old
积累	ji:lei	v.	accumulate
库存	ku:cun	n.	stock
合法	he:fa	adj.	legal
录取	lu:qu	v.	admite
陕西	shan:xi	n.	Shaanxi
大赛	da:sai	n.	contest
鼠标	shu:biao	n.	mouse
债权	zhai:quan	n.	creditor's rights
视为	shi:wei	v.	regard as
景点	jing:dian	n.	scenic spot
压	ya	v.	press
税收	shui:shou	n.	tax revenue
救	jiu	v.	save
美好	mei:hao	adj.	wonderful
主张	zhu:zhang	v.	advocate
主张	zhu:zhang	n.	assertion
呆	dai	adj.	dull
呆	dai	v.	stay
乙方	yi:fang	n.	party B
障碍	zhang:ai	n.	obstacle
明年	ming:nian	n.	next year
某种	mou:zhong	pron.	certain kind
河	he	n.	river
试试	shi:shi	v.	try
信息网	xin:xi:wang	n.	information network
应用程序	ying:yong:cheng:xu	n.	application program
大约	da:yue	adv.	about
行情	hang:qing	n.	market price
迷	mi	v.	be fascinated
迷	mi	n.	fan
便是	bian:shi	adv.	that is
众人	zhong:ren	n.	crowd
枪	qiang	n.	gun
族	zu	n.	tribe
日内	ri:nei	n.	within days
森林	sen:lin	n.	forest
管理办法	guan:li:ban:fa	n.	management measures
领导干部	ling:dao:gan:bu	n.	leading cadres
咱们	zan:men	pron.	we
姑娘	gu:niang	n.	girl
查找	cha:zhao	v.	search
不大	bu:da	adj.	not big
开发区	kai:fa:qu	n.	development zone
权	quan	n.	power
权	quan	n.	right
汇款	hui:kuan	v.	remit money
汇款	hui:kuan	n.	remittance
半年	ban:nian	n.	half a year
水晶	shui:jing	n.	crystal
告知	gao:zhi	v.	notify
吃饭	chi:fan	v.	eat
叹	tan	v.	sigh
节能	jie:neng	v.	save energy
点评	dian:ping	v.	comment
县级以上	xian:ji:yi:shang	n.	county level and above
地下	di:xia	n.	underground
地球	di:qiu	n.	earth
每个人	mei:ge:ren	pron.	everyone
孙	sun	n.	grandson
路线	lu:xian	n.	route
环境保护	huan:jing:bao:hu	n.	environmental protection
蓝色	lan:se	n.	blue
商机	shang:ji	n.	business opportunity
双手	shuang:shou	n.	both hands
推行	tui:xing	v.	implement
卷	juan	n.	volume
卷	juan	v.	roll up
全年	quan:nian	n.	the whole year
发表评论	fa:biao:ping:lun	v.	post a comment
高考	gao:kao	n.	college entrance exam
工人	gong:ren	n.	worker
专科	zhuan:ke	n.	junior college
锻炼	duan:lian	v.	exercise
信任	xin:ren	v.	trust
例子	li:zi	n.	example
字节	zi:jie	n.	byte
记住	ji:zhu	v.	remember
体会	ti:hui	v.	appreciate
体会	ti:hui	n.	understanding
国家安全	guo:jia:an:quan	n.	national security
什么样的	shen:me:yang:de	pron.	what kind of
她说	ta:shuo	v.	she says
鲜花	xian:hua	n.	fresh flowers
同事	tong:shi	n.	colleague
查	cha	v.	check
查	cha	v.	look up
颁发	ban:fa	v.	award
尾页	wei:ye	n.	last page
村民	cun:min	n.	villager
司机	si:ji	n.	driver
走进	zou:jin	v.	walk into
团体	tuan:ti	n.	group
以下简称	yi:xia:jian:cheng	v.	hereinafter referred to as
次数	ci:shu	n.	number of times
哥哥	ge:ge	n.	older brother
十年	shi:nian	n.	ten years
无奈	wu:nai	adj.	helpless
灌水	guan:shui	v.	flood a forum
种植	zhong:zhi	v.	plant
结论	jie:lun	n.	conclusion
更改	geng:gai	v.	change
回忆	hui:yi	v.	recall
回忆	hui:yi	n.	memory
居住	ju:zhu	v.	reside
海南	hai:nan	n.	Hainan
毫	hao	n.	milli-
合理的	he:li:de	adj.	reasonable
室内	shi:nei	n.	indoor
高档	gao:dang	adj.	high-grade
春	chun	n.	spring
察	cha	v.	examine
生长	sheng:zhang	v.	grow
生长	sheng:zhang	n.	growth
引发	yin:fa	v.	trigger
搭配	da:pei	v.	match
搭配	da:pei	n.	matching
圣	sheng	adj.	holy
开心	kai:xin	adj.	happy
开心	kai:xin	v.	amuse oneself
传输	chuan:shu	v.	transmit
传输	chuan:shu	n.	transmission
以往	yi:wang	n.	the past
无限	wu:xian	adj.	unlimited
威胁	wei:xie	v.	threaten
威胁	wei:xie	n.	threat
灵魂	ling:hun	n.	soul
生日	sheng:ri	n.	birthday
一人	yi:ren	n.	one person
接到	jie:dao	v.	receive
外部	wai:bu	n.	exterior
草	cao	n.	grass
天天	tian:tian	adv.	every day
较	jiao	adv.	relatively
较	jiao	v.	compare
流动	liu:dong	v.	flow
流动	liu:dong	adj.	floating
早期	zao:qi	n.	early period
胜	sheng	v.	win
微笑	wei:xiao	v.	smile
微笑	wei:xiao	n.	smile
严禁	yan:jin	v.	strictly forbid
隐藏	yin:cang	v.	hide
小孩	xiao:hai	n.	child
联系地址	lian:xi:di:zhi	n.	contact address
机票	ji:piao	n.	plane ticket
究竟	jiu:jing	adv.	actually
究竟	jiu:jing	n.	outcome
劳动者	lao:dong:zhe	n.	worker
资质	zi:zhi	n.	qualifications
监督管理	jian:du:guan:li	v.	supervise and manage
理性	li:xing	n.	reason
理性	li:xing	adj.	rational
随意	sui:yi	adj.	arbitrary
随意	sui:yi	adv.	as one wishes
文本	wen:ben	n.	text
咖啡	ka:fei	n.	coffee
打算	da:suan	v.	plan
打算	da:suan	n.	plan
姐姐	jie:jie	n.	older sister
知识产权	zhi:shi:chan:quan	n.	intellectual property
海洋	hai:yang	n.	ocean
遇	yu	v.	meet
充	chong	v.	fill
充	chong	v.	charge
史	shi	n.	history
喜爱	xi:ai	v.	love
活力	huo:li	n.	vitality
流量	liu:liang	n.	traffic (data)
流量	liu:liang	n.	flow rate
为准	wei:zhun	v.	be the standard
领导小组	ling:dao:xiao:zu	n.	leading group
关键字	guan:jian:zi	n.	keyword
不得不	bu:de:bu	adv.	have to
饮食	yin:shi	n.	diet
工作经验	gong:zuo:jing:yan	n.	work experience
西藏	xi:zang	n.	Tibet
男孩	nan:hai	n.	boy
各自	ge:zi	pron.	each
还	huan	v.	return
顾问	gu:wen	n.	advisor
长的	chang:de	adj.	long
防	fang	v.	guard against
信用	xin:yong	n.	credit
征收	zheng:shou	v.	levy
主流	zhu:liu	n.	mainstream
据	ju	prep.	according to
一方	yi:fang	n.	one party
应对	ying:dui	v.	respond
可用	ke:yong	adj.	usable
亲自	qin:zi	adv.	personally
十一五	shi:yi:wu	n.	11th Five-Year Plan
批评	pi:ping	v.	criticize
终端	zhong:duan	n.	terminal
会上	hui:shang	n.	at the meeting
之类	zhi:lei	n.	and the like
选用	xuan:yong	v.	select and use
浏览次数	liu:lan:ci:shu	n.	view count
加拿大	jia:na:da	n.	Canada
清晰	qing:xi	adj.	clear
种种	zhong:zhong	adj.	all kinds of
玩具	wan:ju	n.	toy
材质	cai:zhi	n.	material
一座	yi:zuo	num.	one (bridge, mountain)
清洁	qing:jie	adj.	clean
猛	meng	adj.	fierce
清除	qing:chu	v.	clear away
骑	qi	v.	ride
相结合	xiang:jie:he	v.	combine
除外	chu:wai	v.	exclude
土	tu	n.	earth
卡	ka	n.	card
体内	ti:nei	n.	inside the body
图形	tu:xing	n.	graphic
这项	zhe:xiang	pron.	this (item)
当前位置	dang:qian:wei:zhi	n.	current location
助	zhu	v.	help
昆明	kun:ming	n.	Kunming
玉米	yu:mi	n.	corn
高于	gao:yu	v.	higher than
魅力	mei:li	n.	charm
很容易	hen:rong:yi	adj.	very easy
分离	fen:li	v.	separate
对不起	dui:bu:qi	v.	be sorry
呈现	cheng:xian	v.	present
反映	fan:ying	v.	reflect
一件	yi:jian	num.	one (item of clothing, matter)
改正	gai:zheng	v.	correct
单击	dan:ji	v.	single-click
函数	han:shu	n.	function
化妆品	hua:zhuang:pin	n.	cosmetics
联想	lian:xiang	v.	associate
京	jing	n.	capital
银	yin	n.	silver
改为	gai:wei	v.	change to
总量	zong:liang	n.	total amount
贵	gui	adj.	expensive
永	yong	adj.	eternal
质	zhi	n.	quality
屋	wu	n.	house
行政机关	xing:zheng:ji:guan	n.	administrative organ
之所以	zhi:suo:yi	conj.	the reason why
警察	jing:cha	n.	police
自动化	zi:dong:hua	n.	automation
寻求	xun:qiu	v.	seek
采用了	cai:yong:le	v.	adopted
起到	qi:dao	v.	play (a role)
聊天	liao:tian	v.	chat
须	xu	part.	must
应当在	ying:dang:zai	part.	should be at
题目	ti:mu	n.	title
更好地	geng:hao:de	adv.	better
石油	shi:you	n.	petroleum
商场	shang:chang	n.	shopping mall
副	fu	adj.	secondary
乃至	nai:zhi	conj.	and even
团结	tuan:jie	v.	unite
售后服务	shou:hou:fu:wu	n.	after-sales service
循环	xun:huan	v.	circulate
家园	jia:yuan	n.	home(land)
毛泽东	mao:ze:dong	n.	Mao Zedong
事务	shi:wu	n.	affairs
这是一个	zhe:shi:yi:ge	pron.	this is a
活跃	huo:yue	adj.	active
赔偿	pei:chang	v.	compensate
试题	shi:ti	n.	exam question
字符串	zi:fu:chuan	n.	character string
平等	ping:deng	adj.	equal
初中	chu:zhong	n.	junior high school
行政许可	xing:zheng:xu:ke	n.	administrative license
技术支持	ji:shu:zhi:chi	n.	technical support
也就是说	ye:jiu:shi:shuo	conj.	that is to say
本条例	ben:tiao:li	n.	this regulation
刺	ci	v.	stab
属	shu	v.	belong to
闻	wen	v.	smell
中医	zhong:yi	n.	Chinese medicine
你说	ni:shuo	pron.	you say
使其	shi:qi	v.	make it
路上	lu:shang	n.	on the road
承接	cheng:jie	v.	undertake
以免	yi:mian	conj.	so as to avoid
怎么样	zen:me:yang	pron.	how
形态	xing:tai	n.	form
境	jing	n.	boundary
禁	jin	v.	prohibit
活动中	huo:dong:zhong	n.	in the activity
温州	wen:zhou	n.	Wenzhou
促销	cu:xiao	v.	promote sales
阴	yin	n.	shade
我们就	wo:men:jiu	pron.	we then
布局	bu:ju	n.	layout
共	gong	adv.	together
事业单位	shi:ye:dan:wei	n.	public institution
终止	zhong:zhi	v.	terminate
副主任	fu:zhu:ren	n.	deputy director
疯狂	feng:kuang	adj.	crazy
成人	cheng:ren	n.	adult
魔法	mo:fa	n.	magic
负	fu	v.	bear
负	fu	adj.	negative
豪华	hao:hua	adj.	luxurious
弄	nong	v.	do
弄	nong	v.	get
虎	hu	n.	tiger
当天	dang:tian	n.	that day
层	ceng	mw.	layer
清理	qing:li	v.	clean up
喊	han	v.	shout
建材	jian:cai	n.	building materials
研制	yan:zhi	v.	develop
接待	jie:dai	v.	receive
接待	jie:dai	n.	reception
明显的	ming:xian:de	adj.	obvious
施行	shi:xing	v.	implement
施行	shi:xing	v.	put into force
将军	jiang:jun	n.	general
统一的	tong:yi:de	adj.	unified
不需要	bu:xu:yao	v.	not need
餐厅	can:ting	n.	restaurant
不久	bu:jiu	adv.	soon
询问	xun:wen	v.	ask
复习	fu:xi	v.	review
复习	fu:xi	n.	review
逃	tao	v.	escape
晓	xiao	n.	dawn
座	zuo	mw.	measure for buildings
座	zuo	n.	seat
所得	suo:de	n.	income
冲突	chong:tu	n.	conflict
动漫	dong:man	n.	anime and manga
调研	diao:yan	v.	conduct research
演员	yan:yuan	n.	actor
情	qing	n.	feeling
全县	quan:xian	n.	the whole county
在内	zai:nei	prep.	including
消失	xiao:shi	v.	disappear
雅	ya	adj.	elegant
参	can	n.	ginseng
射	she	v.	shoot
射	she	v.	spray (liquid)
一层	yi:ceng	num.	one layer
有限	you:xian	adj.	limited
功效	gong:xiao	n.	effect
消耗	xiao:hao	v.	consume
险	xian	adj.	dangerous
险	xian	n.	danger
出生	chu:sheng	v.	be born
单纯	dan:chun	adj.	simple
温柔	wen:rou	adj.	gentle
总之	zong:zhi	adv.	in short
对应	dui:ying	v.	correspond
荣誉	rong:yu	n.	honor
走出	zou:chu	v.	walk out
听说	ting:shuo	v.	hear that
听说	ting:shuo	adv.	it is said
书籍	shu:ji	n.	books
划	hua	v.	row
划	hua	v.	scratch
二十	er:shi	num.	20
坚	jian	adj.	firm
坚	jian	v.	strengthen
价	jia	n.	price
无数	wu:shu	adj.	countless
实际情况	shi:ji:qing:kuang	n.	actual situation
用品	yong:pin	n.	goods
识别	shi:bie	v.	recognize
秩序	zhi:xu	n.	order
互联	hu:lian	v.	interconnect
彩色	cai:se	adj.	colored
国产	guo:chan	adj.	domestically produced
水泥	shui:ni	n.	cement
扬	yang	v.	raise
扬	yang	v.	spread
表格	biao:ge	n.	form
科	ke	n.	department
科	ke	mw.	classifier for plant families
小型	xiao:xing	adj.	small-sized
分辨率	fen:bian:lv	n.	resolution
祝福	zhu:fu	v.	bless
祝福	zhu:fu	n.	blessing
得分	de:fen	v.	score
得分	de:fen	n.	score
得分儿	de:fen:er	n.	score
可惜	ke:xi	adj.	regrettable
狠	hen	adj.	ruthless
那天	na:tian	n.	that day
投标	tou:biao	v.	submit a bid
下载次数	xia:zai:ci:shu	n.	number of downloads
军事	jun:shi	n.	military affairs
军事	jun:shi	adj.	military
融合	rong:he	v.	fuse
野	ye	adj.	wild
野	ye	n.	open country
秦	qin	n.	Qin
共产党员	gong:chan:dang:yuan	n.	Communist Party member
道理	dao:li	n.	reason
道理	dao:li	n.	principle
前来	qian:lai	v.	come
热点	re:dian	n.	hot spot
秘	mi	adj.	secret
清洗	qing:xi	v.	wash
注意事项	zhu:yi:shi:xiang	n.	points to note
责任感	ze:ren:gan	n.	sense of responsibility
退出	tui:chu	v.	withdraw
公司地址	gong:si:di:zhi	n.	company address
格局	ge:ju	n.	structure
格局	ge:ju	n.	layout
积极性	ji:ji:xing	n.	enthusiasm
熟	shou	adj.	cooked
熟	shu	adj.	ripe
熟	shu	adj.	familiar
置	zhi	v.	place
置	zhi	v.	buy
图案	tu:an	n.	pattern
仙	xian	n.	immortal
随便	sui:bian	adj.	casual
配送	pei:song	n.	delivery
冠军	guan:jun	n.	champion
模	mo	n.	model
模	mu	n.	mold
极为	ji:wei	adv.	extremely
不宜	bu:yi	v.	should not
伸	shen	v.	stretch
新鲜	xin:xian	adj.	fresh
呼吸	hu:xi	v.	breathe
货币	huo:bi	n.	currency
出现在	chu:xian:zai	v.	appear in
波	bo	n.	wave
此类	ci:lei	pron.	this kind
信誉	xin:yu	n.	credibility
付出	fu:chu	v.	devote
肉	rou	n.	meat
难度	nan:du	n.	difficulty
提取	ti:qu	v.	extract
假	jia	adj.	fake
据悉	ju:xi	adv.	reportedly
爱的	ai:de	part.	of love
把我	ba:wo	part.	me (object marker)
指定的	zhi:ding:de	adj.	designated
争议	zheng:yi	n.	dispute
产生了	chan:sheng:le	v.	has produced
齐	qi	adj.	even
到来	dao:lai	n.	arrival
其余	qi:yu	pron.	the rest
舞	wu	n.	dance
西部	xi:bu	n.	west
提到	ti:dao	v.	mention
仔细	zi:xi	adj.	careful
两位	liang:wei	num.	two people
致力于	zhi:li:yu	v.	devote oneself to
拍卖	pai:mai	v.	auction
脱	tuo	v.	take off
期望	qi:wang	v.	expect
广	guang	adj.	wide
姑	gu	n.	aunt
坚决	jian:jue	adj.	resolute
巩固	gong:gu	v.	consolidate
东莞	dong:guan	n.	Dongguan
麻	ma	n.	hemp
补贴	bu:tie	n.	subsidy
混合	hun:he	v.	mix
流通	liu:tong	v.	circulate
官方	guan:fang	adj.	official
多人	duo:ren	n.	many people
投	tou	v.	throw
不符合	bu:fu:he	v.	not conform to
巧克力	qiao:ke:li	n.	chocolate
宗教	zong:jiao	n.	religion
比重	bi:zhong	n.	proportion
没想到	mei:xiang:dao	v.	didn't expect
您好	nin:hao	int.	hello (polite)
出处	chu:chu	n.	source
安全性	an:quan:xing	n.	safety
天堂	tian:tang	n.	paradise
新人	xin:ren	n.	newcomer
什么时候	shen:me:shi:hou	pron.	when
初始化	chu:shi:hua	v.	initialize
对待	dui:dai	v.	treat
日益	ri:yi	adv.	increasingly
内涵	nei:han	n.	connotation
实时	shi:shi	adj.	real-time
顶	ding	v.	push (a button)
顶	ding	v.	top
忘记	wang:ji	v.	forget
国家法律	guo:jia:fa:lv	n.	national law
一律	yi:lv	adv.	without exception
产权	chan:quan	n.	property rights
配偶	pei:ou	n.	spouse
手里	shou:li	n.	in the hand
几年	ji:nian	num.	several years
原本	yuan:ben	adv.	originally
一眼	yi:yan	n.	one glance
美术	mei:shu	n.	fine arts
轻轻	qing:qing	adv.	gently
民生	min:sheng	n.	people's livelihood
周期	zhou:qi	n.	cycle
成交	cheng:jiao	v.	close a deal
致	zhi	v.	cause
责	ze	v.	blame
讲话	jiang:hua	v.	speak
讲话	jiang:hua	n.	speech
个体	ge:ti	n.	individual
早上	zao:shang	n.	morning
逻辑	luo:ji	n.	logic
老公	lao:gong	n.	husband
照顾	zhao:gu	v.	look after
景	jing	n.	scenery
营	ying	v.	operate
领先	ling:xian	v.	lead
维	wei	mw.	dimension
设	she	v.	set up
仪器	yi:qi	n.	instrument
就这样	jiu:zhe:yang	adv.	that's it
皇帝	huang:di	n.	emperor
厨房	chu:fang	n.	kitchen
损坏	sun:huai	v.	damage
必要	bi:yao	adj.	necessary
某一	mou:yi	pron.	certain
框架	kuang:jia	n.	frame
新加坡	xin:jia:po	n.	Singapore
收获	shou:huo	v.	harvest
收获	shou:huo	n.	harvest
层面	ceng:mian	n.	level
一个月	yi:ge:yue	num.	one month
要素	yao:su	n.	element
方针	fang:zhen	n.	policy
相机	xiang:ji	n.	camera
法律责任	fa:lv:ze:ren	n.	legal liability
跟踪	gen:zong	v.	track
制造业	zhi:zao:ye	n.	manufacturing
欢迎您	huan:ying:nin	v.	welcome you
提问	ti:wen	v.	ask a question
显示器	xian:shi:qi	n.	monitor
精灵	jing:ling	n.	elf
回报	hui:bao	v.	repay
经营的	jing:ying:de	v.	operating
不含	bu:han	v.	not contain
周边	zhou:bian	n.	periphery
传递	chuan:di	v.	transmit
贯彻	guan:che	v.	carry out
一句话	yi:ju:hua	n.	one sentence
指南	zhi:nan	n.	guide
如果有	ru:guo:you	conj.	if there is
当代	dang:dai	n.	contemporary era
把自己	ba:zi:ji	prep.	make oneself~
一体	yi:ti	n.	one body
回收	hui:shou	v.	recycle
本月	ben:yue	n.	this month
坏	huai	adj.	bad
坏	huai	v.	break down
各部门	ge:bu:men	n.	each department
无效	wu:xiao	adj.	invalid
每页	mei:ye	n.	every page
少女	shao:nv	n.	girl
和平	he:ping	n.	peace
预期	yu:qi	v.	expect
预期	yu:qi	n.	expectation
澳大利亚	ao:da:li:ya	n.	Australia
配备	pei:bei	v.	equip
分割	fen:ge	v.	divide
精美	jing:mei	adj.	exquisite
打电话	da:dian:hua	v.	make a phone call
秀	xiu	v.	show
秀	xiu	adj.	elegant
有时候	you:shi:hou	adv.	sometimes
败	bai	v.	be defeated
败	bai	adj.	decayed
幼儿	you:er	n.	young child
二人	er:ren	num.	two people
重要性	zhong:yao:xing	n.	importance
齐全	qi:quan	adj.	complete
你还	ni:hai	adv.	you still
嘿嘿	hei:hei	onom.	hehe
怎么办	zen:me:ban	v.	what to do
可能性	ke:neng:xing	n.	possibility
遥控	yao:kong	v.	remote control
处分	chu:fen	v.	discipline
放入	fang:ru	v.	put in
你也	ni:ye	adv.	you also
眉	mei	n.	eyebrow
较大的	jiao:da:de	adj.	relatively large
键盘	jian:pan	n.	keyboard
州	zhou	n.	state (prefecture)
百度	bai:du	n.	Baidu
显卡	xian:ka	n.	graphics card
生活中	sheng:huo:zhong	n.	in life
辽宁	liao:ning	n.	Liaoning
结算	jie:suan	v.	settle accounts
上来	shang:lai	v.	come up
市区	shi:qu	n.	urban district
管理者	guan:li:zhe	n.	manager
各国	ge:guo	n.	every country
体重	ti:zhong	n.	body weight
生产企业	sheng:chan:qi:ye	n.	manufacturing enterprise
任何人	ren:he:ren	pron.	anyone
害怕	hai:pa	v.	fear
自觉	zi:jue	adj.	conscious
药	yao	n.	medicine
其他的	qi:ta:de	adj.	other
来电	lai:dian	n.	incoming call
承	cheng	v.	bear
承	cheng	v.	receive
付款	fu:kuan	v.	pay
案	an	n.	case
商品名称	shang:pin:ming:cheng	n.	product name
侵权行为	qin:quan:xing:wei	n.	tort
减肥	jian:fei	v.	lose weight
一次性	yi:ci:xing	adj.	disposable
友情	you:qing	n.	friendship
狼	lang	n.	wolf
对面	dui:mian	n.	opposite side
开关	kai:guan	n.	switch
专	zhuan	adj.	special
大于	da:yu	v.	greater than
便宜	pian:yi	adj.	cheap
便宜	pian:yi	n.	advantage
诺基亚	nuo:ji:ya	n.	Nokia
选手	xuan:shou	n.	contestant
新技术	xin:ji:shu	n.	new technology
零部件	ling:bu:jian	n.	parts and components
偷	tou	v.	steal
四是	si:shi	v.	fourthly, is
扶持	fu:chi	v.	support
告诉我	gao:su:wo	v.	tell me
景观	jing:guan	n.	landscape
画	hua	v.	draw
画	hua	n.	picture
过于	guo:yu	adv.	too much
管理工作	guan:li:gong:zuo	n.	management work
零售	ling:shou	n.	retail
社会发展	she:hui:fa:zhan	n.	social development
相当于	xiang:dang:yu	v.	be equivalent to
产品质量	chan:pin:zhi:liang	n.	product quality
中介	zhong:jie	n.	intermediary
茶叶	cha:ye	n.	tea leaves
辅导	fu:dao	v.	tutor
保健	bao:jian	n.	health care
记载	ji:zai	v.	record
记载	ji:zai	n.	record
吴	wu	n.	Wu (surname)
代理商	dai:li:shang	n.	agent
如同	ru:tong	v.	be like
数组	shu:zu	n.	array
原始	yuan:shi	adj.	primitive
董事会	dong:shi:hui	n.	board of directors
被告	bei:gao	n.	defendant
四川省	si:chuan:sheng	n.	Sichuan Province
同学们	tong:xue:men	n.	classmates
当初	dang:chu	n.	at first
制品	zhi:pin	n.	product
赚钱	zhuan:qian	v.	make money
进去	jin:qu	v.	enter
指令	zhi:ling	n.	instruction
回去	hui:qu	v.	go back
外语	wai:yu	n.	foreign language
看起来	kan:qi:lai	v.	seem
店	dian	n.	shop
饮料	yin:liao	n.	beverage
用地	yong:di	n.	land for use
福州	fu:zhou	n.	Fuzhou
好处	hao:chu	n.	benefit
弹	dan	v.	bounce
弹	tan	v.	play (an instrument)
反馈	fan:kui	n.	feedback
故意	gu:yi	adv.	deliberately
行使	xing:shi	v.	exercise (a right)
月底	yue:di	n.	end of the month
犯罪	fan:zui	v.	commit a crime
战士	zhan:shi	n.	soldier
婴儿	ying:er	n.	baby
人工	ren:gong	n.	artificial
后果	hou:guo	n.	consequence
护理	hu:li	v.	nurse
电站	dian:zhan	n.	power station
冲击	chong:ji	n.	impact
官员	guan:yuan	n.	official
奇怪	qi:guai	adj.	strange
担保	dan:bao	v.	guarantee
大多	da:duo	adv.	mostly
脂肪	zhi:fang	n.	fat
食	shi	v.	eat
队员	dui:yuan	n.	team member
身高	shen:gao	n.	height (of a person)
欲	yu	v.	desire
传说	chuan:shuo	n.	legend
大哥	da:ge	n.	eldest brother
标准化	biao:zhun:hua	n.	standardization
激烈	ji:lie	adj.	intense
自主	zi:zhu	adj.	autonomous
延长	yan:chang	v.	extend
扫描	sao:miao	v.	scan
抬	tai	v.	lift
学费	xue:fei	n.	tuition
最初	zui:chu	adv.	at first
自信	zi:xin	n.	self-confidence
年轻人	nian:qing:ren	n.	young person
开设	kai:she	v.	establish
游览	you:lan	v.	go sightseeing
标	biao	v.	mark
秋	qiu	n.	autumn
身份证	shen:fen:zheng	n.	identity card
厉	li	adj.	strict
厉	li	adj.	fierce
国家级	guo:jia:ji	adj.	national
站内	zhan:nei	n.	within the site
良	liang	adj.	good
良	liang	n.	goodness
评选	ping:xuan	v.	select and evaluate
际	ji	n.	border
际	ji	n.	between
公司名称	gong:si:ming:cheng	n.	company name
住宿	zhu:su	v.	lodge
住宿	zhu:su	n.	lodging
状	zhuang	adj.	shaped like
状	zhuang	n.	statement
城区	cheng:qu	n.	urban district
广播	guang:bo	v.	broadcast
广播	guang:bo	n.	broadcast
证券市场	zheng:quan:shi:chang	n.	stock market
愿望	yuan:wang	n.	wish
想象	xiang:xiang	v.	imagine
想象	xiang:xiang	n.	imagination
船舶	chuan:bo	n.	ship
烦	fan	adj.	annoyed
烦	fan	adj.	bothersome
买卖	mai:mai	n.	business
买卖	mai:mai	n.	deal
午	wu	n.	noon
瞬间	shun:jian	n.	instant
天津市	tian:jin:shi	n.	Tianjin
三级	san:ji	n.	level three
是的	shi:de	adj.	yes
顺序	shun:xu	n.	order
穿着	chuan:zhe	v.	be wearing
穿着	chuan:zhuo	n.	dress
第一章	di:yi:zhang	n.	chapter one
向上	xiang:shang	v.	move upward
向上	xiang:shang	adv.	upward
有机	you:ji	adj.	organic
示范	shi:fan	v.	demonstrate
示范	shi:fan	n.	demonstration
到位	dao:wei	v.	be in place
也不会	ye:bu:hui	conj.	nor will
授予	shou:yu	v.	confer
摆	bai	v.	place
摆	bai	v.	swing
获得了	huo:de:le	v.	have obtained
课件	ke:jian	n.	courseware
信息技术	xin:xi:ji:shu	n.	information technology
营业执照	ying:ye:zhi:zhao	n.	business license
家人	jia:ren	n.	family
季节	ji:jie	n.	season
最早	zui:zao	adv.	earliest
本周	ben:zhou	n.	this week
演唱	yan:chang	v.	sing
引擎	yin:qing	n.	engine
贵宾	gui:bin	n.	honored guest
人事	ren:shi	n.	personnel
大幅	da:fu	adv.	largely
餐饮	can:yin	n.	food and beverage
破解	po:jie	v.	crack
体现了	ti:xian:le	v.	have embodied
内地	nei:di	n.	inland
内地	nei:di	n.	mainland
那就是	na:jiu:shi	conj.	that is
危机	wei:ji	n.	crisis
主要有	zhu:yao:you	v.	mainly include
河南省	he:nan:sheng	n.	Henan Province
达成	da:cheng	v.	reach
地板	di:ban	n.	floor
戏	xi	n.	drama
证实	zheng:shi	v.	confirm
十一	shi:yi	num.	11
方	fang	n.	square
贵州	gui:zhou	n.	Guizhou
年中	nian:zhong	n.	mid-year
国有	guo:you	adj.	state-owned
前进	qian:jin	v.	advance
列入	lie:ru	v.	include
桌	zhuo	n.	table
陶瓷	tao:ci	n.	ceramics
点心	dian:xin	n.	dim sum
点心	dian:xin	n.	snack
干净	gan:jing	adj.	clean
船	chuan	n.	boat
东北	dong:bei	n.	northeast
宪法	xian:fa	n.	constitution
青春	qing:chun	n.	youth
涂料	tu:liao	n.	paint
短	duan	adj.	short
人均	ren:jun	n.	per capita
违约	wei:yue	n.	breach
拿出	na:chu	v.	take out
百姓	bai:xing	n.	common people
若干	ruo:gan	num.	several
恐怕	kong:pa	adv.	probably
恐怕	kong:pa	v.	fear
进来	jin:lai	v.	come in
行政法规	xing:zheng:fa:gui	n.	administrative regulations
南方	nan:fang	n.	south
免费版	mian:fei:ban	n.	free version
十五	shi:wu	num.	15
常规	chang:gui	n.	routine
博物馆	bo:wu:guan	n.	museum
村	cun	n.	village
超越	chao:yue	v.	surpass
初级	chu:ji	adj.	elementary
功夫	gong:fu	n.	kung fu
功夫	gong:fu	n.	effort
一时	yi:shi	adv.	temporarily
一时	yi:shi	n.	a moment
电压	dian:ya	n.	voltage
奖金	jiang:jin	n.	bonus
眼神	yan:shen	n.	expression in the eyes
中小学	zhong:xiao:xue	n.	primary and secondary schools
变动	bian:dong	v.	change
变动	bian:dong	n.	change
驾驶	jia:shi	v.	drive
划分	hua:fen	v.	divide
划分	hua:fen	n.	division
据说	ju:shuo	v.	it is said
据说	ju:shuo	adv.	allegedly
江湖	jiang:hu	n.	society
鸡蛋	ji:dan	n.	egg
某	mou	pron.	certain
转向	zhuan:xiang	v.	turn
富有	fu:you	adj.	rich
出色	chu:se	adj.	outstanding
古代	gu:dai	n.	ancient times
古代	gu:dai	adj.	ancient
摸	mo	v.	touch
哈尔滨	ha:er:bin	n.	Harbin
原价	yuan:jia	n.	original price
楼盘	lou:pan	n.	property development
谈判	tan:pan	v.	negotiate
全程	quan:cheng	n.	whole journey
付	fu	v.	pay
新产品	xin:chan:pin	n.	new product
上帝	shang:di	n.	God
压缩	ya:suo	v.	compress
干燥	gan:zao	adj.	dry
演	yan	v.	perform
第二章	di:er:zhang	n.	chapter two
规	gui	n.	rule
萧	xiao	n.	Xiao (surname)
正文	zheng:wen	n.	main text
实习	shi:xi	v.	do an internship
封	feng	v.	seal
大人	da:ren	n.	adult
导航	dao:hang	v.	navigate
握	wo	v.	hold
高度重视	gao:du:zhong:shi	v.	attach great importance
三十	san:shi	num.	30
不一样	bu:yi:yang	adj.	different
彼此	bi:ci	pron.	each other
文件夹	wen:jian:jia	n.	folder
文物	wen:wu	n.	cultural relic
业界	ye:jie	n.	industry circles
跟着	gen:zhe	adv.	following
证件	zheng:jian	n.	credential
田	tian	n.	field
字符	zi:fu	n.	character
福建省	fu:jian:sheng	n.	Fujian Province
精力	jing:li	n.	energy
藏	cang	v.	hide
相关信息	xiang:guan:xin:xi	n.	related information
名义	ming:yi	n.	name
场地	chang:di	n.	site
抑制	yi:zhi	v.	suppress
指挥	zhi:hui	v.	conduct
指挥	zhi:hui	n.	conductor
更好	geng:hao	adj.	better
境外	jing:wai	n.	abroad
建设项目	jian:she:xiang:mu	n.	construction project
中共	zhong:gong	n.	Chinese Communist Party
震	zhen	v.	shake
一颗	yi:ke	num.	one (round object)
之内	zhi:nei	n.	within
公主	gong:zhu	n.	princess
混	hun	v.	mix
唯一的	wei:yi:de	adj.	unique
作家	zuo:jia	n.	writer
视觉	shi:jue	n.	vision
本质	ben:zhi	n.	essence
立法	li:fa	v.	legislate
立法	li:fa	n.	legislation
几次	ji:ci	num.	how many times
一堆	yi:dui	num.	a pile
城乡	cheng:xiang	n.	city and countryside
虚	xu	adj.	false
虚	xu	adj.	weak
前提	qian:ti	n.	prerequisite
前提	qian:ti	n.	premise
扩张	kuo:zhang	v.	expand
爱心	ai:xin	n.	love
电器	dian:qi	n.	electrical appliance
原件	yuan:jian	n.	original (document)
原件	yuan:jian	n.	original part
只见	zhi:jian	v.	see only
马克思主义	ma:ke:si:zhu:yi	n.	Marxism
透	tou	v.	penetrate
透	tou	adj.	thorough
饲料	si:liao	n.	fodder
浪费	lang:fei	v.	waste
解决了	jie:jue:le	v.	solved
妹妹	mei:mei	n.	younger sister
客观	ke:guan	adj.	objective
纪	ji	n.	era
订阅	ding:yue	v.	subscribe
总计	zong:ji	v.	total up
总计	zong:ji	adv.	in total
融资	rong:zi	v.	finance
凌	ling	v.	approach (towards dawn)
应有	ying:you	v.	ought to have
基础设施	ji:chu:she:shi	n.	infrastructure
影视	ying:shi	n.	film and television
硕士	shuo:shi	n.	master's degree
没什么	mei:shen:me	pron.	nothing
友情链接	you:qing:lian:jie	n.	friendly link
组建	zu:jian	v.	organize
应聘	ying:pin	v.	apply for a job
拾取	shi:qu	v.	pick up
团购	tuan:gou	v.	group buying
休	xiu	v.	rest
嘛	ma	part.	indicating obviousness
打印机	da:yin:ji	n.	printer
管道	guan:dao	n.	pipeline
潜在	qian:zai	adj.	potential
介绍了	jie:shao:le	v.	introduced
定位器	ding:wei:qi	n.	locator
大道	da:dao	n.	boulevard
大道	da:dao	n.	the great Way (Dao)
路径	lu:jing	n.	path
感动	gan:dong	v.	be moved
感动	gan:dong	n.	emotion
肌肉	ji:rou	n.	muscle
赶紧	gan:jin	adv.	hastily
小心	xiao:xin	adj.	careful
合成	he:cheng	v.	synthesize
梅	mei	n.	plum
体力	ti:li	n.	physical strength
如图	ru:tu	v.	as shown in the figure
储存	chu:cun	v.	store
食材	shi:cai	n.	ingredient
一众	yi:zhong	num.	a group (of people)
透明	tou:ming	adj.	transparent
携带	xie:dai	v.	carry
党组织	dang:zu:zhi	n.	party organization
舞台	wu:tai	n.	stage
石头	shi:tou	n.	stone
你好	ni:hao	int.	hello
紫	zi	adj.	purple
黑暗	hei:an	n.	darkness
歌	ge	n.	song
建筑面积	jian:zhu:mian:ji	n.	floor area
临	lin	v.	approach
临	lin	v.	face
补偿	bu:chang	v.	compensate
补偿	bu:chang	n.	compensation
用了	yong:le	part.	used (completed)
旅行	lv:xing	v.	travel
旅行	lv:xing	n.	trip
果然	guo:ran	adv.	indeed
影响力	ying:xiang:li	n.	influence
组件	zu:jian	n.	component
管理部门	guan:li:bu:men	n.	management department
模板	mu:ban	n.	template
毒	du	n.	poison
毒	du	adj.	poisonous
家中	jia:zhong	n.	home
既是	ji:shi	conj.	since
载入	zai:ru	v.	load
疼痛	teng:tong	n.	pain
精英	jing:ying	n.	elite
足球	zu:qiu	n.	soccer
舒适	shu:shi	adj.	comfortable
旅客	lv:ke	n.	passenger
乐趣	le:qu	n.	pleasure
反正	fan:zheng	adv.	anyway
咸	xian	adj.	salty
写的	xie:de	adj.	written
无须	wu:xu	adv.	need not
进攻	jin:gong	v.	attack
合作伙伴	he:zuo:huo:ban	n.	partner
防火墙	fang:huo:qiang	n.	firewall
合法性	he:fa:xing	n.	legality
不论	bu:lun	conj.	no matter
新手	xin:shou	n.	beginner
我已经	wo:yi:jing	pron.	I already
宗	zong	n.	sect
单一	dan:yi	adj.	single
播放器	bo:fang:qi	n.	player
要想	yao:xiang	v.	want to
著	zhu	v.	write
著	zhu	adj.	notable
而来	er:lai	v.	come
索	suo	n.	rope
索	suo	v.	search
等人	deng:ren	v.	wait for someone
行程	xing:cheng	n.	itinerary
简体中文	jian:ti:zhong:wen	n.	Simplified Chinese
北方	bei:fang	n.	north
解决问题	jie:jue:wen:ti	v.	solve problems
安徽省	an:hui:sheng	n.	Anhui Province
第二个	di:er:ge	num.	the second
人次	ren:ci	mw.	person-time
语音	yu:yin	n.	voice
依托	yi:tuo	v.	rely on
客户端	ke:hu:duan	n.	client
办事	ban:shi	v.	handle affairs
印	yin	n.	seal
印	yin	v.	print
主演	zhu:yan	n.	lead actor
主演	zhu:yan	v.	star
寻	xun	v.	search
账户	zhang:hu	n.	account
图标	tu:biao	n.	icon
最快	zui:kuai	adj.	fastest
湖	hu	n.	lake
地理	di:li	n.	geography
劲	jin	n.	strength
劲	jin	n.	energy
爱好者	ai:hao:zhe	n.	enthusiast
物业管理	wu:ye:guan:li	n.	property management
运营商	yun:ying:shang	n.	operator
烦恼	fan:nao	adj.	worried
烦恼	fan:nao	n.	worry
中午	zhong:wu	n.	noon
拿到	na:dao	v.	obtain
名为	ming:wei	v.	be named
奥迪	ao:di	n.	Audi
编程	bian:cheng	v.	program
编程	bian:cheng	n.	programming
老大	lao:da	n.	boss
老大	lao:da	n.	eldest sibling
固定资产	gu:ding:zi:chan	n.	fixed assets
编码	bian:ma	n.	code
编码	bian:ma	v.	encode
血液	xue:ye	n.	blood
职	zhi	n.	job
技	ji	n.	skill
解答	jie:da	v.	answer
解答	jie:da	n.	answer
全球化	quan:qiu:hua	n.	globalization
恨	hen	v.	hate
婆	po	n.	old woman
冬季	dong:ji	n.	winter
序号	xu:hao	n.	serial number
电路	dian:lu	n.	circuit
早就	zao:jiu	adv.	long since
远程	yuan:cheng	adj.	remote
高层	gao:ceng	n.	high level
高层	gao:ceng	n.	leadership
从中	cong:zhong	adv.	from it
辅助	fu:zhu	v.	assist
火锅	huo:guo	n.	hot pot
服用	fu:yong	v.	take (medicine)
杰	jie	adj.	outstanding
五个	wu:ge	num.	5
部长	bu:zhang	n.	minister
减轻	jian:qing	v.	lighten
减轻	jian:qing	v.	ease (pain)
手动	shou:dong	adj.	manual
集团公司	ji:tuan:gong:si	n.	group company
江南	jiang:nan	n.	Jiangnan
面板	mian:ban	n.	panel
高等学校	gao:deng:xue:xiao	n.	higher education institution
第三章	di:san:zhang	n.	Chapter 3
一股	yi:gu	mw.	a stream of
不愿	bu:yuan	v.	be unwilling
放松	fang:song	v.	relax
缺点	que:dian	n.	shortcoming
意外	yi:wai	adj.	unexpected
舞蹈	wu:dao	n.	dance
安置	an:zhi	v.	settle
整改	zheng:gai	v.	rectify
球队	qiu:dui	n.	team
似的	shi:de	part.	like (simile particle)
相似	xiang:si	adj.	similar
羽	yu	n.	feather
场景	chang:jing	n.	scene
修订	xiu:ding	v.	revise
修订	xiu:ding	n.	revision
制动	zhi:dong	n.	braking
科学技术	ke:xue:ji:shu	n.	science and technology
一定会	yi:ding:hui	adv.	surely
咱	zan	pron.	we (inclusive)
简称	jian:cheng	n.	abbreviation
便于	bian:yu	v.	facilitate
球员	qiu:yuan	n.	player
为何	wei:he	adv.	why
客户服务	ke:hu:fu:wu	n.	customer service
开拓	kai:tuo	v.	open up
素	su	adj.	plain
间接	jian:jie	adj.	indirect
善于	shan:yu	v.	be good at
凡	fan	adv.	every
较多	jiao:duo	adj.	relatively many
最小	zui:xiao	adj.	minimum
录音	lu:yin	v.	record (audio)
偶尔	ou:er	adv.	occasionally
搞好	gao:hao	v.	do well
飘	piao	v.	float
差别	cha:bie	n.	difference
深度	shen:du	n.	depth
市盈率	shi:ying:lv	n.	PE ratio
年内	nian:nei	n.	within the year
女孩子	nv:hai:zi	n.	girl
解除	jie:chu	v.	lift (a ban, contract)
嘿	hei	int.	hey
形状	xing:zhuang	n.	shape
个别	ge:bie	adj.	individual
知名	zhi:ming	adj.	well-known
全区	quan:qu	n.	whole district
管理局	guan:li:ju	n.	administration bureau
资助	zi:zhu	v.	subsidize
考虑到	kao:lv:dao	v.	take into account
当作	dang:zuo	v.	treat as
科技有限公司	ke:ji:you:xian:gong:si	n.	technology co., Ltd.
激发	ji:fa	v.	stimulate
管理系统	guan:li:xi:tong	n.	management system
呗	bei	part.	indicating obviousness
增大	zeng:da	v.	increase
笑容	xiao:rong	n.	smile
布置	bu:zhi	v.	arrange
士兵	shi:bing	n.	soldier
推迟	tui:chi	v.	postpone
铃声	ling:sheng	n.	ringtone
公寓	gong:yu	n.	apartment
普	pu	adj.	universal
严格的	yan:ge:de	adj.	strict
特价	te:jia	n.	special offer
效应	xiao:ying	n.	effect
别墅	bie:shu	n.	villa
干扰	gan:rao	v.	interfere
干扰	gan:rao	n.	interference
不良	bu:liang	adj.	bad
男生	nan:sheng	n.	boy
宁	ning	adv.	rather
均	jun	adv.	all
上班	shang:ban	v.	go to work
不多	bu:duo	adj.	not many
交往	jiao:wang	v.	associate
吓	xia	v.	scare
全方位	quan:fang:wei	n.	all-round
有一	you:yi	v.	there is one
报警	bao:jing	v.	call the police
消防	xiao:fang	n.	firefighting
家电	jia:dian	n.	home appliance
恋爱	lian:ai	n.	love
恋爱	lian:ai	v.	be in love
排除	pai:chu	v.	exclude
起了	qi:le	v.	rose
建筑物	jian:zhu:wu	n.	building
兽	shou	n.	beast
救援	jiu:yuan	n.	rescue
歌词	ge:ci	n.	lyrics
敬请	jing:qing	adv.	kindly
带领	dai:ling	v.	lead
进展	jin:zhan	n.	progress
进展	jin:zhan	v.	progress
夏	xia	n.	summer
第二次	di:er:ci	num.	the second time
权威	quan:wei	n.	authority
欲望	yu:wang	n.	desire
前期	qian:qi	n.	early stage
在网上	zai:wang:shang	prep.	on the internet
你有	ni:you	v.	you have
地产	di:chan	n.	real estate
体积	ti:ji	n.	volume
不行	bu:xing	adj.	no good
交给	jiao:gei	v.	hand over
左右的	zuo:you:de	adj.	approximate
想起	xiang:qi	v.	recall
同比增长	tong:bi:zeng:zhang	v.	year-on-year growth
小游戏	xiao:you:xi	n.	mini game
建设工程	jian:she:gong:cheng	n.	construction project
菩萨	pu:sa	n.	Bodhisattva
长江	chang:jiang	n.	Yangtze River
夫人	fu:ren	n.	Madam
赢得	ying:de	v.	win
教室	jiao:shi	n.	classroom
读	du	v.	read
街	jie	n.	street
调用	diao:yong	v.	call (a function)
牛	niu	n.	cow
只愿	zhi:yuan	v.	only wish
焦点	jiao:dian	n.	focus point
焦点	jiao:dian	n.	focus (of attention)
记性	ji:xing	n.	memory
认同	ren:tong	v.	identify with
认同	ren:tong	n.	identification
仿	fang	v.	imitate
胸	xiong	n.	chest
胸	xiong	n.	mind, heart (figurative)
同期	tong:qi	n.	same period
历史的	li:shi:de	adj.	historical
企业家	qi:ye:jia	n.	entrepreneur
浪	lang	n.	wave
浪	lang	adj.	unrestrained
竞赛	jing:sai	n.	competition
一会儿	yi:hui:er	n.	a while
警告	jing:gao	v.	warn
警告	jing:gao	n.	warning
神经	shen:jing	n.	nerve
经济效益	jing:ji:xiao:yi	n.	economic benefit
无权	wu:quan	v.	have no right
总额	zong:e	n.	total amount
富	fu	adj.	rich
富	fu	adj.	abundant
期货	qi:huo	n.	futures
中药	zhong:yao	n.	Chinese medicine
重庆市	chong:qing:shi	n.	Chongqing
课堂	ke:tang	n.	classroom
遵循	zun:xun	v.	follow
热爱	re:ai	v.	love deeply
孤独	gu:du	adj.	lonely
虚假	xu:jia	adj.	false
试卷	shi:juan	n.	exam paper
虚拟	xu:ni	adj.	virtual
区内	qu:nei	n.	within the district
尚	shang	adv.	still
尚	shang	v.	value
参照	can:zhao	v.	reference
夫妻	fu:qi	n.	husband and wife
毫米	hao:mi	n.	millimeter
释放	shi:fang	v.	release
选举	xuan:ju	v.	elect
擅自	shan:zi	adv.	without authorization
又要	you:yao	adv.	again
礼物	li:wu	n.	gift
老百姓	lao:bai:xing	n.	ordinary people
宇	yu	n.	eaves
开启	kai:qi	v.	open
增值税	zeng:zhi:shui	n.	value-added tax
港口	gang:kou	n.	port
正如	zheng:ru	conj.	just as
导向	dao:xiang	n.	orientation
残疾人	can:ji:ren	n.	disabled person
玫瑰	mei:gui	n.	rose
索尼	suo:ni	n.	Sony
骨	gu	n.	bone
服饰	fu:shi	n.	clothing
算是	suan:shi	v.	count as
各大	ge:da	adj.	each major
智	zhi	n.	wisdom
违法行为	wei:fa:xing:wei	n.	unlawful act
个性化	ge:xing:hua	v.	personalize
强度	qiang:du	n.	intensity
真实的	zhen:shi:de	adj.	real
注册用户	zhu:ce:yong:hu	n.	registered user
说完	shuo:wan	v.	finish speaking
知识	zhi:shi	n.	knowledge
海鲜	hai:xian	n.	seafood
找不到	zhao:bu:dao	v.	cannot find
撤销	che:xiao	v.	revoke
少数	shao:shu	n.	minority
班级	ban:ji	n.	class (school)
较好	jiao:hao	adj.	relatively good
让他们	rang:ta:men	v.	let them
未成年人	wei:cheng:nian:ren	n.	minor (person)
一下子	yi:xia:zi	adv.	all at once
手册	shou:ce	n.	manual
承办	cheng:ban	v.	undertake
业内	ye:nei	n.	within the industry
一本	yi:ben	mw.	one (volume)
机遇	ji:yu	n.	opportunity
有可能	you:ke:neng	adj.	possible
不禁	bu:jin	adv.	cannot help
佛教	fo:jiao	n.	Buddhism
还可	hai:ke	adv.	can also
当事	dang:shi	n.	concerned party
二手	er:shou	adj.	secondhand
眼泪	yan:lei	n.	tears
纷	fen	adj.	numerous and confused
加油	jia:you	v.	cheer on
只想	zhi:xiang	v.	only want
航空	hang:kong	n.	aviation
请点击	qing:dian:ji	v.	please click
出席	chu:xi	v.	attend
纳税人	na:shui:ren	n.	taxpayer
几天	ji:tian	num.	several days
升	sheng	mw.	liter
文献	wen:xian	n.	literature (documents)
下属	xia:shu	n.	subordinate
给您	gei:nin	v.	give you
借鉴	jie:jian	v.	draw on lessons
广泛的	guang:fan:de	adj.	widespread
帮忙	bang:mang	v.	help
传感器	chuan:gan:qi	n.	sensor
法律法规	fa:lv:fa:gui	n.	laws and regulations
婚	hun	n.	marriage
年初	nian:chu	n.	beginning of the year
纠纷	jiu:fen	n.	dispute
过滤	guo:lv	v.	filter
早在	zao:zai	adv.	as early as
搜集	sou:ji	v.	collect
叔	shu	n.	uncle
试点	shi:dian	n.	pilot project
办学	ban:xue	v.	run a school
可持续发展	ke:chi:xu:fa:zhan	n.	sustainable development
所以我	suo:yi:wo	conj.	so I
差不多	cha:bu:duo	adv.	almost
正规	zheng:gui	adj.	regular
笑道	xiao:dao	v.	say with a laugh
漫画	man:hua	n.	comics
制定	zhi:ding	v.	formulate
制订	zhi:ding	v.	draw up
多么	duo:me	adv.	how (exclamatory)
上半年	shang:ban:nian	n.	first half of the year
性感	xing:gan	adj.	sexy
局部	ju:bu	n.	part
按摩	an:mo	v.	massage
善	shan	adj.	good
进出口	jin:chu:kou	n.	import and export
商店	shang:dian	n.	shop
弱	ruo	adj.	weak
后者	hou:zhe	n.	the latter
促使	cu:shi	v.	prompt
核准	he:zhun	v.	approve
平安	ping:an	adj.	safe
缘由	yuan:you	n.	reason
不易	bu:yi	adj.	not easy
架	jia	mw.	classifier for planes, machines
感觉到	gan:jue:dao	v.	feel
不详	bu:xiang	adj.	unknown
朋友们	peng:you:men	n.	friends
河北省	he:bei:sheng	n.	Hebei Province
兴奋	xing:fen	adj.	excited
卖	mai	v.	sell
试图	shi:tu	v.	attempt
信息服务	xin:xi:fu:wu	n.	information service
袋	dai	mw.	bag
袋	dai	mw.	classifier for bagfuls
网	wang	n.	net
煤矿	mei:kuang	n.	coal mine
缺少	que:shao	v.	lack
每周	mei:zhou	adv.	every week
参展	can:zhan	v.	participate in an exhibition
须要	xu:yao	v.	need
精心	jing:xin	adv.	meticulously
懂得	dong:de	v.	understand
初期	chu:qi	n.	initial stage
十大	shi:da	adj.	top ten
书面	shu:mian	adj.	written
使用者	shi:yong:zhe	n.	user
朱	zhu	n.	Zhu (surname)
手指	shou:zhi	n.	finger
消毒	xiao:du	v.	disinfect
纠正	jiu:zheng	v.	correct
人人	ren:ren	pron.	everyone
模具	mu:ju	n.	mold
高速公路	gao:su:gong:lu	n.	expressway
骂	ma	v.	scold
外资	wai:zi	n.	foreign capital
企业文化	qi:ye:wen:hua	n.	corporate culture
公司董事会	gong:si:dong:shi:hui	n.	company board of directors
雄	xiong	adj.	male
代替	dai:ti	v.	replace
整治	zheng:zhi	v.	renovate
语文	yu:wen	n.	Chinese language
赛	sai	v.	compete
略	lve	adv.	briefly
略	lve	v.	omit
杯	bei	mw.	cup
施	shi	v.	execute
纳税	na:shui	v.	pay taxes
湖北省	hu:bei:sheng	n.	Hubei Province
典型	dian:xing	adj.	typical
典型	dian:xing	n.	model
墙	qiang	n.	wall
澳门	ao:men	n.	Macao
等到	deng:dao	conj.	by the time
上报	shang:bao	v.	report
宇宙	yu:zhou	n.	universe
不断地	bu:duan:de	adv.	continuously
原告	yuan:gao	n.	plaintiff
环	huan	n.	ring
直至	zhi:zhi	prep.	until
罪	zui	n.	crime
选购	xuan:gou	v.	select and buy
寂寞	ji:mo	adj.	lonely
足以	zu:yi	adv.	enough to
牙	ya	n.	tooth
食品	shi:pin	n.	food
使得	shi:de	v.	make
使得	shi:de	v.	so that
本报	ben:bao	n.	this newspaper
欧美	ou:mei	n.	Europe and America
主编	zhu:bian	v.	chief editor
时区	shi:qu	n.	time zone
一遍	yi:bian	mw.	once
三人	san:ren	n.	three people
助理	zhu:li	n.	assistant
得知	de:zhi	v.	learn
越职	yue:zhi	v.	overstep one's duties
叫作	jiao:zuo	v.	be called
讲座	jiang:zuo	n.	lecture
监督检查	jian:du:jian:cha	v.	supervise and inspect
表单	biao:dan	n.	form
占用	zhan:yong	v.	occupy
移民	yi:min	v.	immigrate
移民	yi:min	n.	immigrant
合同样本	he:tong:yang:ben	n.	contract template
之路	zhi:lu	n.	road to
指示	zhi:shi	n.	instruction
指示	zhi:shi	v.	instruct
葡萄酒	pu:tao:jiu	n.	wine
影像	ying:xiang	n.	image
凭借	ping:jie	prep.	by means of
制约	zhi:yue	v.	restrict
没收	mo:shou	v.	confiscate
后期	hou:qi	n.	later stage
总裁	zong:cai	n.	president
调控	tiao:kong	v.	regulate
窗	chuang	n.	window
无比	wu:bi	adj.	incomparable
展现	zhan:xian	v.	display
欧盟	ou:meng	n.	European Union
柳	liu	n.	willow
火车	huo:che	n.	train
纪念	ji:nian	v.	commemorate
斑竹	ban:zhu	n.	mottled bamboo
销量	xiao:liang	n.	sales volume
说到	shuo:dao	v.	mention
数码相机	shu:ma:xiang:ji	n.	digital camera
厅	ting	n.	hall
搞	gao	v.	do
行驶	xing:shi	v.	drive
国民经济	guo:min:jing:ji	n.	national economy
成效	cheng:xiao	n.	effect
不变	bu:bian	adj.	unchanged
医疗机构	yi:liao:ji:gou	n.	medical institution
不满	bu:man	adj.	dissatisfied
周末	zhou:mo	n.	weekend
报送	bao:song	v.	submit
引入	yin:ru	v.	introduce
份额	fen:e	n.	share
检索	jian:suo	v.	retrieve
端	duan	n.	end
志愿者	zhi:yuan:zhe	n.	volunteer
出资	chu:zi	v.	fund
送到	song:dao	v.	deliver
标记	biao:ji	n.	mark
作战	zuo:zhan	v.	fight
疑问	yi:wen	n.	question
一段时间	yi:duan:shi:jian	n.	a while
洞	dong	n.	hole
法官	fa:guan	n.	judge
开车	kai:che	v.	drive
一口	yi:kou	mw.	a mouthful
直径	zhi:jing	n.	diameter
上次	shang:ci	n.	last time
板块	ban:kuai	n.	plate
准确性	zhun:que:xing	n.	accuracy
四周	si:zhou	n.	surroundings
适	shi	adj.	suitable
自从	zi:cong	prep.	since
拥	yong	v.	hold
释	shi	v.	explain
都市	du:shi	n.	city
发布人	fa:bu:ren	n.	announcer
延伸	yan:shen	v.	extend
再说	zai:shuo	v.	besides
处置	chu:zhi	v.	handle
股权	gu:quan	n.	equity
门票	men:piao	n.	ticket
气候	qi:hou	n.	climate
审议	shen:yi	v.	deliberate
落后	luo:hou	adj.	backward
正好	zheng:hao	adv.	just
洋	yang	adj.	foreign
创办	chuang:ban	v.	found
有车	you:che	v.	have a car
传媒	chuan:mei	n.	media
气息	qi:xi	n.	breath
无疑	wu:yi	adj.	certain
渴望	ke:wang	v.	yearn
无锡	wu:xi	n.	Wuxi
高科技	gao:ke:ji	n.	high-tech
肿瘤	zhong:liu	n.	tumor
没有什么	mei:you:shen:me	v.	have nothing
公正	gong:zheng	adj.	fair
养殖	yang:zhi	v.	breed
同行	tong:hang	n.	peer in the trade
同行	tong:xing	v.	travel together
肩	jian	n.	shoulder
纤维	xian:wei	n.	fiber
导游	dao:you	n.	tour guide
市场价格	shi:chang:jia:ge	n.	market price
服务中心	fu:wu:zhong:xin	n.	service center
机型	ji:xing	n.	model
魂	hun	n.	soul
发给	fa:gei	v.	send to
职称	zhi:cheng	n.	professional title
节日	jie:ri	n.	festival
求购	qiu:gou	v.	want to buy
不锈钢	bu:xiu:gang	n.	stainless steel
闹	nao	v.	make noise
利于	li:yu	v.	benefit
蒙	meng	v.	cover
奥运	ao:yun	n.	Olympics
黑龙江	hei:long:jiang	n.	Heilongjiang
艾滋病	ai:zi:bing	n.	AIDS
排列	pai:lie	v.	arrange
收费标准	shou:fei:biao:zhun	n.	fee schedule
望着	wang:zhe	v.	gaze at
正面	zheng:mian	n.	front
正面	zheng:mian	adj.	positive
分数	fen:shu	n.	score
高等教育	gao:deng:jiao:yu	n.	higher education
境界	jing:jie	n.	realm
分区	fen:qu	n.	partition
缓解	huan:jie	v.	relieve
国际化	guo:ji:hua	n.	internationalization
灯	deng	n.	lamp
锁定	suo:ding	v.	lock
论坛版主	lun:tan:ban:zhu	n.	forum moderator
借	jie	v.	borrow
眼中	yan:zhong	n.	in one's eyes
平米	ping:mi	n.	square meter
营业	ying:ye	v.	do business
伯	bo	n.	uncle
免	mian	v.	exempt
文件大小	wen:jian:da:xiao	n.	file size
绩效	ji:xiao	n.	performance
内心	nei:xin	n.	heart
菜	cai	n.	dish
白天	bai:tian	n.	daytime
验	yan	v.	test
林业	lin:ye	n.	forestry
包子	bao:zi	n.	bun
测	ce	v.	measure
凤	feng	n.	phoenix
吉林	ji:lin	n.	Jilin
样品	yang:pin	n.	sample
计划生育	ji:hua:sheng:yu	n.	family planning
主要内容	zhu:yao:nei:rong	n.	main content
带宽	dai:kuan	n.	bandwidth
鱼	yu	n.	fish
第二条	di:er:tiao	n.	article two
事先	shi:xian	adv.	beforehand
约束	yue:shu	v.	restrain
高端	gao:duan	adj.	high-end
数额	shu:e	n.	amount
诗人	shi:ren	n.	poet
一篇	yi:pian	mw.	a piece
实例	shi:li	n.	example
器材	qi:cai	n.	equipment
春天	chun:tian	n.	spring
依旧	yi:jiu	adv.	still
徐	xu	n.	Xu
生动	sheng:dong	adj.	vivid
评定	ping:ding	v.	evaluate
快捷	kuai:jie	adj.	quick
出于	chu:yu	prep.	out of
附加	fu:jia	adj.	additional
显著	xian:zhu	adj.	notable
我院	wo:yuan	n.	our institute
星级	xing:ji	n.	star rating
借助	jie:zhu	v.	with the help of
决心	jue:xin	n.	determination
地域	di:yu	n.	region
音频	yin:pin	n.	audio
型	xing	n.	type
边缘	bian:yuan	n.	edge
几种	ji:zhong	num.	several kinds
娜	na	n.	Na (name)
冬天	dong:tian	n.	winter
宽度	kuan:du	n.	width
绿化	lv:hua	v.	green (land)
在家	zai:jia	v.	be at home
暴	bao	adj.	violent
暴	bao	v.	expose
气质	qi:zhi	n.	temperament
亡	wang	v.	die
毫无	hao:wu	adv.	not at all
中国共产党	zhong:guo:gong:chan:dang	n.	Communist Party of China
铁树	tie:shu	n.	cycad
高兴	gao:xing	adj.	happy
桌面	zhuo:mian	n.	desktop
部队	bu:dui	n.	troops
税务机关	shui:wu:ji:guan	n.	tax authority
君	jun	n.	gentleman
孩子们	hai:zi:men	n.	children
办事处	ban:shi:chu	n.	office
率先	shuai:xian	adv.	take the lead in
一周	yi:zhou	n.	a week
律师事务所	lv:shi:shi:wu:suo	n.	law firm
建造	jian:zao	v.	build
地震	di:zhen	n.	earthquake
各项工作	ge:xiang:gong:zuo	n.	all work
嫌弃	xian:qi	v.	dislike
国有企业	guo:you:qi:ye	n.	state-owned enterprise
科学家	ke:xue:jia	n.	scientist
致使	zhi:shi	v.	cause
下载地址	xia:zai:di:zhi	n.	download link
全世界	quan:shi:jie	n.	the whole world
发货	fa:huo	v.	dispatch goods
大地	da:di	n.	earth
传奇	chuan:qi	n.	legend
星光	xing:guang	n.	starlight
黄色	huang:se	n.	yellow
便利	bian:li	adj.	convenient
候选	hou:xuan	v.	be a candidate
讲解	jiang:jie	v.	explain
木马	mu:ma	n.	Trojan horse
认识到	ren:shi:dao	v.	realize
直销	zhi:xiao	n.	direct selling
保养	bao:yang	v.	maintain
百分点	bai:fen:dian	n.	percentage point
劳动力	lao:dong:li	n.	labor force
变革	bian:ge	v.	transform
变革	bian:ge	n.	transformation
多元	duo:yuan	adj.	diverse
农民工	nong:min:gong	n.	migrant worker
工商	gong:shang	n.	industry and commerce
频繁	pin:fan	adj.	frequent
商品房	shang:pin:fang	n.	commercial housing
两者	liang:zhe	pron.	both
维权	wei:quan	v.	defend rights
信息披露	xin:xi:pi:lu	n.	information disclosure
长城	chang:cheng	n.	Great Wall
深刻	shen:ke	adj.	profound
混乱	hun:luan	adj.	chaotic
混乱	hun:luan	n.	chaos
讨	tao	v.	beg
讨	tao	v.	discuss
没事	mei:shi	adj.	it's fine
店铺	dian:pu	n.	shop
假如	jia:ru	conj.	if
辈	bei	n.	generation
辈	bei	mw.	generation (classifier)
适当的	shi:dang:de	adj.	appropriate
内蒙古	nei:meng:gu	n.	Inner Mongolia
象征	xiang:zheng	v.	symbolize
象征	xiang:zheng	n.	symbol
转化	zhuan:hua	v.	transform
当日	dang:ri	n.	that day
分子	fen:zi	n.	molecule
分子	fen:zi	n.	member
户外	hu:wai	n.	outdoors
户外	hu:wai	adj.	outdoor
所有权	suo:you:quan	n.	ownership
对价	dui:jia	n.	consideration
燃烧	ran:shao	v.	burn
懂	dong	v.	understand
海淀区	hai:dian:qu	n.	Haidian District
蛋白质	dan:bai:zhi	n.	protein
全力	quan:li	n.	full effort
实物	shi:wu	n.	physical object
夏天	xia:tian	n.	summer
书法	shu:fa	n.	calligraphy
腿	tui	n.	leg
说过	shuo:guo	v.	have said
灭	mie	v.	extinguish
气体	qi:ti	n.	gas
上门	shang:men	v.	visit
不懂	bu:dong	v.	not understand
妙	miao	adj.	ingenious
发明	fa:ming	v.	invent
发明	fa:ming	n.	invention
金融机构	jin:rong:ji:gou	n.	financial institution
继承	ji:cheng	v.	inherit
原帖	yuan:tie	n.	original post
凭证	ping:zheng	n.	voucher
执法人员	zhi:fa:ren:yuan	n.	law enforcement officer
效	xiao	n.	effect
危	wei	adj.	dangerous
不合格	bu:he:ge	adj.	substandard
多年来	duo:nian:lai	adv.	over the years
各单位	ge:dan:wei	n.	each unit
师生	shi:sheng	n.	teachers and students
遭遇	zao:yu	v.	encounter
遭遇	zao:yu	n.	experience
优	you	adj.	excellent
盘	pan	n.	plate
盘	pan	mw.	measure word for coils
留学	liu:xue	v.	study abroad
架构	jia:gou	n.	architecture
匿名	ni:ming	adj.	anonymous
万亩	wan:mu	n.	10,000 mu of land
丁	ding	n.	man
丁	ding	n.	Ding (surname)
趣	qu	n.	fun
修正	xiu:zheng	v.	revise
修正	xiu:zheng	n.	revision
湖南省	hu:nan:sheng	n.	Hunan Province
妖	yao	n.	demon
相反	xiang:fan	adj.	opposite
相反	xiang:fan	adv.	on the contrary
随机	sui:ji	adj.	random
束	shu	mw.	bundle measure word
束	shu	v.	bind
透过	tou:guo	prep.	through
潜力	qian:li	n.	potential
建设部	jian:she:bu	n.	Ministry of Construction
一群	yi:qun	mw.	a group
增多	zeng:duo	v.	increase
诗	shi	n.	poetry
人间	ren:jian	n.	the human world
连锁	lian:suo	n.	chain (of stores)
连锁	lian:suo	v.	chained
难题	nan:ti	n.	difficult problem
调动	diao:dong	v.	transfer
调动	diao:dong	v.	mobilize
迎	ying	v.	welcome
下次	xia:ci	n.	next time
舍	she	v.	give up
舍	she	n.	house
轮胎	lun:tai	n.	tire
入住	ru:zhu	v.	check in
倡导	chang:dao	v.	advocate
大门	da:men	n.	gate
不然	bu:ran	conj.	otherwise
二年	er:nian	num.	two years
咨询电话	zi:xun:dian:hua	n.	inquiry phone number
私人	si:ren	adj.	private
同类	tong:lei	n.	same kind
温馨	wen:xin	adj.	warm
诸多	zhu:duo	adj.	many
究	jiu	v.	investigate
物体	wu:ti	n.	object
融入	rong:ru	v.	merge into
送达	song:da	v.	deliver
明确的	ming:que:de	adj.	clear
乡村	xiang:cun	n.	countryside
电流	dian:liu	n.	electric current
彩	cai	n.	color
大街	da:jie	n.	street
神奇	shen:qi	adj.	magical
国语	guo:yu	n.	national language
不准	bu:zhun	v.	not allow
委	wei	v.	entrust
采集	cai:ji	v.	collect
挂	gua	v.	hang
强制	qiang:zhi	v.	force
供电	gong:dian	v.	supply electricity
笔	bi	n.	pen
笔	bi	mw.	stroke (classifier)
光明	guang:ming	adj.	bright
完毕	wan:bi	v.	finish
楼层	lou:ceng	n.	floor
陆续	lu:xu	adv.	one after another
经验值	jing:yan:zhi	n.	experience points
平面	ping:mian	n.	plane
狗	gou	n.	dog
骑士	qi:shi	n.	knight
离婚	li:hun	v.	divorce
发育	fa:yu	v.	develop
可靠	ke:kao	adj.	reliable
均匀	jun:yun	adj.	uniform
不妨	bu:fang	adv.	might as well
鲜	xian	adj.	fresh
抱着	bao:zhe	v.	hold
纸	zhi	n.	paper
网友评论	wang:you:ping:lun	n.	internet user comments
第三条	di:san:tiao	num.	third
抗	kang	v.	resist
防御	fang:yu	v.	defend
探	tan	v.	explore
韩	han	n.	Korea (Han)
读取	du:qu	v.	read (data)
下跌	xia:die	v.	fall (price)
要点	yao:dian	n.	key point
早餐	zao:can	n.	breakfast
经营许可证	jing:ying:xu:ke:zheng	n.	business license
较强	jiao:qiang	adj.	relatively strong
尼	ni	n.	ni (transliteration)
竞争的	jing:zheng:de	adj.	competitive
秘书	mi:shu	n.	secretary
控	kong	v.	control
可达	ke:da	v.	can reach
惜	xi	v.	cherish
传来	chuan:lai	v.	come (from afar)
珠	zhu	n.	pearl
预览	yu:lan	v.	preview
脚本	jiao:ben	n.	script
有一天	you:yi:tian	adv.	one day
签证	qian:zheng	n.	visa
年后	nian:hou	n.	after the New Year
抽	chou	v.	draw
周岁	zhou:sui	n.	full year of age
凡是	fan:shi	adv.	every
世界杯	shi:jie:bei	n.	World Cup
水分	shui:fen	n.	moisture
创	chuang	v.	create
职业教育	zhi:ye:jiao:yu	n.	vocational education
新年	xin:nian	n.	New Year
限期	xian:qi	n.	deadline
归	gui	v.	return
好多	hao:duo	adj.	many
此前	ci:qian	adv.	before this
星座	xing:zuo	n.	constellation
省政府	sheng:zheng:fu	n.	provincial government
多元化	duo:yuan:hua	v.	diversify
挺	ting	adv.	quite
手法	shou:fa	n.	technique
奋	fen	adj.	vigorous
解析	jie:xi	v.	analyze
西班牙	xi:ban:ya	n.	Spain
财政部	cai:zheng:bu	n.	ministry of finance
春节	chun:jie	n.	Spring Festival
恐惧	kong:ju	n.	fear
构成犯罪	gou:cheng:fan:zui	v.	constitute a crime
陪	pei	v.	accompany
电梯	dian:ti	n.	elevator
旋转	xuan:zhuan	v.	rotate
专区	zhuan:qu	n.	special zone
宽带	kuan:dai	n.	broadband
印花税	yin:hua:shui	n.	stamp duty
不应	bu:ying	v.	should not
功率	gong:lv	n.	power
大酒店	da:jiu:dian	n.	grand hotel
从业人员	cong:ye:ren:yuan	n.	practitioner
公安	gong:an	n.	public security
仅供参考	jin:gong:can:kao	v.	for reference only
去看	qu:kan	v.	go and see
上课	shang:ke	v.	attend class
第五条	di:wu:tiao	n.	Article 5
节约	jie:yue	v.	save
马自达	ma:zi:da	n.	Mazda
硬	ying	adj.	hard
硬	ying	adv.	stiffly
避	bi	v.	avoid
情人	qing:ren	n.	lover
牵引	qian:yin	v.	tow
草原	cao:yuan	n.	grassland
医疗保险	yi:liao:bao:xian	n.	health insurance
等于	deng:yu	v.	be equal to
园	yuan	n.	garden
托	tuo	v.	hold in the palm
托	tuo	v.	entrust
智力	zhi:li	n.	intelligence
充分利用	chong:fen:li:yong	v.	make full use of
一日	yi:ri	n.	one day
风光	feng:guang	n.	scenery
配方	pei:fang	n.	formula
配方	pei:fang	n.	recipe
以此	yi:ci	prep.	by this
训	xun	v.	instruct
见面	jian:mian	v.	meet
签字	qian:zi	v.	sign
综合性	zong:he:xing	n.	comprehensiveness
扭矩	niu:ju	n.	torque
第四条	di:si:tiao	n.	article four
钻石	zuan:shi	n.	diamond
这句话	zhe:ju:hua	n.	this sentence
勇	yong	adj.	brave
两天	liang:tian	n.	two days
防范	fang:fan	v.	guard against
场合	chang:he	n.	occasion
替代	ti:dai	v.	replace
发动	fa:dong	v.	start (an engine)
发动	fa:dong	v.	launch
像是	xiang:shi	v.	seem to be
第五章	di:wu:zhang	n.	chapter five
与此同时	yu:ci:tong:shi	conj.	meanwhile
阻止	zu:zhi	v.	stop
确立	que:li	v.	establish
决议	jue:yi	n.	resolution
找出	zhao:chu	v.	find out
授课	shou:ke	v.	give a lecture
接入	jie:ru	v.	access
稳定性	wen:ding:xing	n.	stability
聊	liao	v.	chat
轻易	qing:yi	adv.	easily
测定	ce:ding	v.	measure
外贸	wai:mao	n.	foreign trade
奶	nai	n.	milk
前景	qian:jing	n.	prospect
快递	kuai:di	n.	express delivery
专业化	zhuan:ye:hua	n.	specialization
一副	yi:fu	mw.	a pair of
一行	yi:hang	n.	one line
一行	yi:xing	n.	one line
一行	yi:xing	n.	a group
生产经营	sheng:chan:jing:ying	n.	production and operation
放到	fang:dao	v.	put into
签署	qian:shu	v.	sign
庄	zhuang	n.	village
庄	zhuang	n.	banker (in gambling)
庄	zhuang	adj.	solemn
参赛	can:sai	v.	compete
分散	fen:san	v.	disperse
分散	fen:san	adj.	scattered
奔	ben	v.	run fast
奔	ben	prep.	toward
放大	fang:da	v.	enlarge
辩护	bian:hu	v.	defend
有序	you:xu	adj.	orderly
见过	jian:guo	v.	have seen
扣除	kou:chu	v.	deduct
镇	zhen	n.	town
镇	zhen	v.	suppress
拳	quan	n.	fist
合肥	he:fei	n.	Hefei
灯光	deng:guang	n.	lighting
荣获	rong:huo	v.	be honored with
分开	fen:kai	v.	separate
耳机	er:ji	n.	earphones
内外	nei:wai	n.	inside and outside
丢失	diu:shi	v.	lose
原材料	yuan:cai:liao	n.	raw materials
黄河	huang:he	n.	Yellow River
采	cai	v.	pick
采	cai	v.	mine
并未	bing:wei	adv.	not at all
健身	jian:shen	v.	work out
研	yan	v.	grind
研	yan	v.	research
专项	zhuan:xiang	n.	special item
专项	zhuan:xiang	adj.	special (project)
碰到	peng:dao	v.	run into
碰到	peng:dao	v.	encounter
教练	jiao:lian	n.	coach
啤酒	pi:jiu	n.	beer
友谊	you:yi	n.	friendship
料	liao	n.	material
料	liao	v.	expect
紧急	jin:ji	adj.	urgent
产业化	chan:ye:hua	n.	industrialization
纽约	niu:yue	n.	New York
祖国	zu:guo	n.	motherland
对着	dui:zhe	prep.	facing
顿时	dun:shi	adv.	immediately
规章	gui:zhang	n.	regulations
一等奖	yi:deng:jiang	n.	first prize
惊喜	jing:xi	n.	pleasant surprise
提起	ti:qi	v.	mention
提起	ti:qi	v.	lift up
防护	fang:hu	n.	protection
防护	fang:hu	v.	protect
方可	fang:ke	adv.	only then
作文	zuo:wen	n.	composition
损伤	sun:shang	n.	damage
损伤	sun:shang	v.	damage
农药	nong:yao	n.	pesticide
亲爱的	qin:ai:de	adj.	dear
配	pei	v.	match
配	pei	v.	allocate
有力	you:li	adj.	powerful
生产线	sheng:chan:xian	n.	production line
耐心	nai:xin	n.	patience
耐心	nai:xin	adj.	patient
不太	bu:tai	adv.	not very
诱惑	you:huo	n.	temptation
诱惑	you:huo	v.	tempt
介	jie	n.	shell
介	jie	prep.	between
我自己	wo:zi:ji	pron.	myself
企业管理	qi:ye:guan:li	n.	corporate management
运行平台	yun:xing:ping:tai	n.	operating platform
公安局	gong:an:ju	n.	public security bureau
存放	cun:fang	v.	store
有意	you:yi	adj.	intentional
有意	you:yi	v.	intend
身子	shen:zi	n.	body
第六条	di:liu:tiao	n.	article six
这份	zhe:fen	mw.	this one
进而	jin:er	conj.	and then
符号	fu:hao	n.	symbol
改革开放	gai:ge:kai:fang	n.	reform and opening-up
部落	bu:luo	n.	tribe
尊	zun	mw.	measure for statues
尊	zun	v.	respect
答复	da:fu	v.	reply
答复	da:fu	n.	reply
桥梁	qiao:liang	n.	bridge
民营企业	min:ying:qi:ye	n.	private enterprise
基因	ji:yin	n.	gene
赋予	fu:yu	v.	endow
县城	xian:cheng	n.	county seat
应急	ying:ji	v.	respond to emergencies
取决于	qu:jue:yu	v.	depend on
承受	cheng:shou	v.	bear
想想	xiang:xiang	v.	think about
短期	duan:qi	n.	short term
理财	li:cai	v.	manage finances
自愿	zi:yuan	adj.	voluntary
金牌	jin:pai	n.	gold medal
救助	jiu:zhu	v.	rescue
液体	ye:ti	n.	liquid
奉献	feng:xian	v.	dedicate
奉献	feng:xian	n.	dedication
真诚	zhen:cheng	adj.	sincere
买家	mai:jia	n.	buyer
安静	an:jing	adj.	quiet
全局	quan:ju	n.	overall situation
剩余	sheng:yu	adj.	surplus
规范化	gui:fan:hua	v.	standardize
主力	zhu:li	n.	main force
动员	dong:yuan	v.	mobilize
弹性	tan:xing	n.	elasticity
过多	guo:duo	adj.	excessive
辐射	fu:she	n.	radiation
辐射	fu:she	v.	radiate
集中在	ji:zhong:zai	v.	concentrate in
中华民族	zhong:hua:min:zu	n.	Chinese nation
冒	mao	v.	emit
冒	mao	v.	risk
第七条	di:qi:tiao	n.	article seven
细致	xi:zhi	adj.	meticulous
楼上	lou:shang	n.	upstairs
大致	da:zhi	adv.	roughly
词汇	ci:hui	n.	vocabulary
可怜	ke:lian	adj.	pitiful
东路	dong:lu	n.	east road
省市	sheng:shi	n.	provinces and cities
租金	zu:jin	n.	rent
命题	ming:ti	n.	proposition
千万	qian:wan	num.	ten million
千万	qian:wan	adv.	by all means
军	jun	n.	army
意志	yi:zhi	n.	will
发起	fa:qi	v.	initiate
土壤	tu:rang	n.	soil
事宜	shi:yi	n.	matters
电缆	dian:lan	n.	cable
外地	wai:di	n.	other regions
聪明	cong:ming	adj.	smart
煤炭	mei:tan	n.	coal
依赖	yi:lai	v.	depend on
依赖	yi:lai	n.	dependence
实体	shi:ti	n.	entity
用药	yong:yao	n.	medication
路口	lu:kou	n.	intersection
地处	di:chu	v.	be located
总公司	zong:gong:si	n.	head office
不见	bu:jian	v.	not see
价值观	jia:zhi:guan	n.	values
霸道	ba:dao	adj.	overbearing
睡觉	shui:jiao	v.	sleep
激动	ji:dong	adj.	excited
激动	ji:dong	v.	excite
行政处罚	xing:zheng:chu:fa	n.	administrative penalty
送给	song:gei	v.	give to
身后	shen:hou	n.	after death
农户	nong:hu	n.	farm household
谋杀	mou:sha	n.	murder
谋杀	mou:sha	v.	murder
占有	zhan:you	v.	possess
劳动保障	lao:dong:bao:zhang	n.	labor security
诗歌	shi:ge	n.	poetry
南路	nan:lu	n.	south road
克服	ke:fu	v.	overcome
大脑	da:nao	n.	brain
交纳	jiao:na	v.	pay
试听	shi:ting	v.	audition
加载	jia:zai	v.	load
邮寄	you:ji	v.	send by mail
机身	ji:shen	n.	fuselage
小于	xiao:yu	v.	be less than
飞行	fei:xing	v.	fly
飞行	fei:xing	n.	flight
僵尸	jiang:shi	n.	zombie
敬	jing	v.	respect
第八条	di:ba:tiao	num.	article eight
勇气	yong:qi	n.	courage
丹	dan	n.	cinnabar
版面	ban:mian	n.	page layout
得出	de:chu	v.	draw (a conclusion)
珠海	zhu:hai	n.	Zhuhai
舒	shu	adj.	comfortable
舒	shu	v.	stretch
蛋	dan	n.	egg
班主任	ban:zhu:ren	n.	head teacher
哼	heng	int.	hmph
哼	heng	onom.	snoring sound
宋	song	n.	Song dynasty
停留	ting:liu	v.	stay
西路	xi:lu	n.	west route
艺术家	yi:shu:jia	n.	artist
满意地	man:yi:de	adv.	satisfactorily
济	ji	v.	aid
济	ji	v.	cross a river
朝阳区	chao:yang:qu	n.	Chaoyang District
制定的	zhi:ding:de	adj.	prescribed
转身	zhuan:shen	v.	turn around
告诉你	gao:su:ni	v.	tell you
法人	fa:ren	n.	legal person
路由器	lu:you:qi	n.	router
妇	fu	n.	woman
考验	kao:yan	n.	test
管理制度	guan:li:zhi:du	n.	management system
半天	ban:tian	n.	half a day
生产力	sheng:chan:li	n.	productivity
箭	jian	n.	arrow
句	ju	n.	sentence
句	ju	mw.	classifier for phrases
优雅	you:ya	adj.	elegant
均有	jun:you	v.	all have
择	ze	v.	choose
犯	fan	v.	commit
与管理	yu:guan:li	prep.	with management
人格	ren:ge	n.	personality
人格	ren:ge	n.	character
生态环境	sheng:tai:huan:jing	n.	ecological environment
遥控器	yao:kong:qi	n.	remote control
昵称	ni:cheng	n.	nickname
欣	xin	adj.	joyful
会同	hui:tong	v.	jointly (with)
爱好	ai:hao	n.	hobby
开业	kai:ye	v.	open for business
拨打	bo:da	v.	dial
甲	jia	n.	first
甲	jia	n.	shell
欧	ou	n.	Europe
一一	yi:yi	adv.	one by one
第一节	di:yi:jie	n.	first section
面料	mian:liao	n.	fabric
总统	zong:tong	n.	president
幻想	huan:xiang	n.	fantasy
这样做	zhe:yang:zuo	v.	do like this
课	ke	n.	lesson
心脏	xin:zang	n.	heart
平方公里	ping:fang:gong:li	mw.	square kilometer
永恒	yong:heng	adj.	eternal
研究院	yan:jiu:yuan	n.	academy
服务业	fu:wu:ye	n.	service industry
胃	wei	n.	stomach
未婚	wei:hun	adj.	unmarried
扑	pu	v.	pounce
潮流	chao:liu	n.	tide
潮流	chao:liu	n.	trend
菲	fei	adj.	humble
有助于	you:zhu:yu	v.	help
论证	lun:zheng	v.	demonstrate
论证	lun:zheng	n.	argumentation
感受到	gan:shou:dao	v.	feel
第九条	di:jiu:tiao	n.	Article 9
空中	kong:zhong	n.	in the air
注册表	zhu:ce:biao	n.	registry
一身	yi:shen	n.	whole body
那位	na:wei	pron.	that person
简直	jian:zhi	adv.	simply
电视剧	dian:shi:ju	n.	TV drama
邓小平理论	deng:xiao:ping:li:lun	n.	Deng Xiaoping Theory
燕	yan	n.	swallow
激光	ji:guang	n.	laser
抵触	di:chu	v.	conflict
一审	yi:shen	n.	first instance trial
内在	nei:zai	adj.	inner
交付	jiao:fu	v.	deliver
交付	jiao:fu	n.	delivery
给出	gei:chu	v.	give
给出	gei:chu	v.	provide
搬完	ban:wan	v.	finish moving
不高	bu:gao	adj.	not tall
来源于	lai:yuan:yu	v.	originate from
作风	zuo:feng	n.	working style
走势	zou:shi	n.	trend
大事	da:shi	n.	big event
大事	da:shi	n.	major issue
加密	jia:mi	v.	encrypt
加密	jia:mi	n.	encryption
国产软件	guo:chan:ruan:jian	n.	domestic software
曲	qu	n.	tune
曲	qu	n.	song
繁荣	fan:rong	adj.	prosperous
繁荣	fan:rong	v.	flourish
演讲	yan:jiang	v.	give a speech
演讲	yan:jiang	n.	speech
诞生	dan:sheng	v.	be born
满意的	man:yi:de	adj.	satisfied
亏损	kui:sun	n.	loss
亏损	kui:sun	v.	lose money
快速发展	kuai:su:fa:zhan	v.	develop rapidly
执业	zhi:ye	v.	practice (a profession)
温泉	wen:quan	n.	hot spring
住在	zhu:zai	v.	live in
倾向	qing:xiang	n.	tendency
倾向	qing:xiang	v.	be inclined to
另有	ling:you	v.	have another
工作者	gong:zuo:zhe	n.	worker
回应	hui:ying	v.	respond
回应	hui:ying	n.	response
帅哥	shuai:ge	n.	handsome man
第二节	di:er:jie	n.	second section
躲	duo	v.	hide
躲	duo	v.	avoid
露出	lou:chu	v.	reveal
露出	lou:chu	v.	leak
露出	lu:chu	v.	show
广阔	guang:kuo	adj.	broad
火车站	huo:che:zhan	n.	train station
除非	chu:fei	conj.	unless
玄	xuan	adj.	mysterious
玄	xuan	adj.	black-black
此后	ci:hou	adv.	afterwards
提倡	ti:chang	v.	advocate
原作者	yuan:zuo:zhe	n.	original author
幻	huan	n.	illusion
幻	huan	adj.	illusory
茶	cha	n.	tea
王子	wang:zi	n.	prince
刊登	kan:deng	v.	publish
太太	tai:tai	n.	wife
太太	tai:tai	n.	Mrs.
新生	xin:sheng	n.	new student
新生	xin:sheng	adj.	newborn
折	zhe	v.	fold
折	zhe	v.	break
折	zhe	n.	discount
永久	yong:jiu	adj.	permanent
永久	yong:jiu	adv.	forever
高温	gao:wen	n.	high temperature
伊	yi	pron.	she
岁月	sui:yue	n.	years
接下来	jie:xia:lai	conj.	next
解压	jie:ya	v.	decompress
解压	jie:ya	v.	relieve stress
武汉市	wu:han:shi	n.	Wuhan
傻	sha	adj.	stupid
姓	xing	n.	surname
姓	xing	v.	be surnamed
相继	xiang:ji	adv.	one after another
这时候	zhe:shi:hou	n.	at this time
源	yuan	n.	source
洛	luo	n.	Luo river
市场营销	shi:chang:ying:xiao	n.	marketing
遍	bian	mw.	times
遍	bian	adj.	all over
劳动合同	lao:dong:he:tong	n.	labor contract
意向	yi:xiang	n.	intention
卫星	wei:xing	n.	satellite
网民	wang:min	n.	netizen
石家庄	shi:jia:zhuang	n.	Shijiazhuang
首届	shou:jie	adj.	first (session)
管辖	guan:xia	v.	jurisdiction
北路	bei:lu	n.	north road
展览会	zhan:lan:hui	n.	exhibition
学位	xue:wei	n.	academic degree
若是	ruo:shi	conj.	if
一对	yi:dui	num.	pair
脑袋	nao:dai	n.	head
题材	ti:cai	n.	subject matter
全社会	quan:she:hui	n.	whole society
节奏	jie:zou	n.	rhythm
培训班	pei:xun:ban	n.	training class
解放	jie:fang	v.	liberate
臣	chen	n.	subject (of ruler)
弃	qi	v.	abandon
中断	zhong:duan	v.	interrupt
宿舍	su:she	n.	dormitory
通报	tong:bao	v.	notify
通报	tong:bao	n.	bulletin
弟子	di:zi	n.	disciple
可选	ke:xuan	adj.	optional
照明	zhao:ming	n.	illumination
收录	shou:lu	v.	include
犹	you	adv.	still
看出	kan:chu	v.	make out
厦门市	xia:men:shi	n.	Xiamen
长春	chang:chun	n.	Changchun
水资源	shui:zi:yuan	n.	water resources
运动员	yun:dong:yuan	n.	athlete
变量	bian:liang	n.	variable
工作地点	gong:zuo:di:dian	n.	workplace
原因之一	yuan:yin:zhi:yi	n.	one of the causes
获奖	huo:jiang	v.	win a prize
条码	tiao:ma	n.	barcode
占	zhan	v.	occupy
占	zhan	v.	account for
进入了	jin:ru:le	v.	entered
有用	you:yong	adj.	useful
家乡	jia:xiang	n.	hometown
辉煌	hui:huang	adj.	brilliant
漂	piao	v.	float
在那里	zai:na:li	adv.	over there
发布者	fa:bu:zhe	n.	publisher
挑	tiao	v.	choose
挑	tiao	v.	carry on a pole
暂停	zan:ting	v.	pause
暂停	zan:ting	n.	pause
辛苦	xin:ku	adj.	hard-working
辛苦	xin:ku	adj.	laborious
注册码	zhu:ce:ma	n.	registration code
获	huo	v.	obtain
口气	kou:qi	n.	tone
口气	kou:qi	n.	manner of speaking
年间	nian:jian	n.	over the years
尴尬	gan:ga	adj.	awkward
农民房	nong:min:fang	n.	farmer's house
馒头	man:tou	n.	steamed bun
绿	lv	adj.	green
饰品	shi:pin	n.	accessory
高潮	gao:chao	n.	climax
斗争	dou:zheng	v.	struggle
斗争	dou:zheng	n.	struggle
婚礼	hun:li	n.	wedding
日记	ri:ji	n.	diary
警方	jing:fang	n.	police
峰	feng	n.	peak
多功能	duo:gong:neng	adj.	multifunctional
老虎机	lao:hu:ji	n.	slot machine
我家	wo:jia	n.	my home
挖掘	wa:jue	v.	excavate
挖掘	wa:jue	v.	unearth
俊	jun	adj.	handsome
三次	san:ci	num.	three times
曲线	qu:xian	n.	curve
疯	feng	adj.	crazy
法定代表人	fa:ding:dai:biao:ren	n.	legal representative
倒是	dao:shi	adv.	actually
适宜	shi:yi	adj.	suitable
生理	sheng:li	n.	physiology
展位	zhan:wei	n.	exhibition booth
江西省	jiang:xi:sheng	n.	Jiangxi Province
不想干	bu:xiang:gan	v.	not want to do
列	lie	n.	row
逾期	yu:qi	v.	be overdue
主导	zhu:dao	v.	lead
主导	zhu:dao	adj.	dominant
演示	yan:shi	v.	demonstrate
前款	qian:kuan	n.	preceding paragraph
床上	chuang:shang	n.	on the bed
商人	shang:ren	n.	merchant
贫困	pin:kun	adj.	poor
区分	qu:fen	v.	distinguish
区分	qu:fen	n.	distinction
您的位置	nin:de:wei:zhi	n.	your location
获悉	huo:xi	v.	learn
杭州市	hang:zhou:shi	n.	Hangzhou
淘宝	tao:bao	n.	Taobao
志愿	zhi:yuan	n.	aspiration
志愿	zhi:yuan	v.	volunteer
意识到	yi:shi:dao	v.	realize
森	sen	n.	forest
排序	pai:xu	n.	sorting
排序	pai:xu	v.	sort
中山	zhong:shan	n.	Zhongshan
发达国家	fa:da:guo:jia	n.	developed country
发达国家	fa:da:guo:jia	n.	developed countries
部件	bu:jian	n.	component
妻	qi	n.	wife
恋	lian	n.	love
这只	zhe:zhi	pron.	this (one)
回头	hui:tou	v.	turn around
误	wu	v.	err
误	wu	adj.	mistaken
洽谈	qia:tan	v.	negotiate
接收了	jie:shou:le	v.	received
第十条	di:shi:tiao	num.	article 10
较低	jiao:di	adj.	relatively low
排行	pai:hang	n.	ranking
排行	pai:hang	v.	rank
拜	bai	v.	worship
拜	bai	v.	pay a visit
伟	wei	adj.	great
移	yi	v.	move
维生素	wei:sheng:su	n.	vitamin
没人	mei:ren	pron.	nobody
恐怖	kong:bu	n.	terror
诉讼	su:song	n.	lawsuit
主角	zhu:jue	n.	protagonist
信仰	xin:yang	n.	faith
纳	na	v.	accept
结合起来	jie:he:qi:lai	v.	combine
塑造	su:zao	v.	mold
党	dang	n.	party
公示	gong:shi	v.	publicize
光驱	guang:qu	n.	optical drive
远离	yuan:li	v.	stay away from
罢	ba	v.	stop
羊肉	yang:rou	n.	mutton
民警	min:jing	n.	police officer
看过	kan:guo	v.	have seen
爱你	ai:ni	v.	love you
颁布	ban:bu	v.	promulgate
投放	tou:fang	v.	launch
腰	yao	n.	waist
巧	qiao	adj.	clever
侵害	qin:hai	v.	infringe
手工	shou:gong	n.	handicraft
孤	gu	adj.	solitary
利息	li:xi	n.	interest
波动	bo:dong	v.	fluctuate
周一	zhou:yi	n.	Monday
人事部	ren:shi:bu	n.	personnel department
软件大小	ruan:jian:da:xiao	n.	software size
闭	bi	v.	close
响应	xiang:ying	v.	respond
薪酬	xin:chou	n.	salary
商业银行	shang:ye:yin:hang	n.	commercial bank
中期	zhong:qi	n.	mid-term
风情	feng:qing	n.	charm
核实	he:shi	v.	verify
两国	liang:guo	n.	both countries
小麦	xiao:mai	n.	wheat
绝大多数	jue:da:duo:shu	n.	vast majority
惊讶	jing:ya	adj.	surprised
名牌	ming:pai	n.	brand
清单	qing:dan	n.	list
各自的	ge:zi:de	pron.	one's own
民众	min:zhong	n.	the public
信息内容	xin:xi:nei:rong	n.	information content
模仿	mo:fang	v.	imitate
圆	yuan	adj.	round
圆	yuan	n.	circle
碰	peng	v.	touch
做事	zuo:shi	v.	do things
力争	li:zheng	v.	strive
另一种	ling:yi:zhong	pron.	another kind
请填写	qing:tian:xie	v.	please fill in
好评	hao:ping	n.	favorable comment
仪式	yi:shi	n.	ceremony
镜	jing	n.	mirror
无人	wu:ren	adj.	unmanned
向前	xiang:qian	adv.	forward
软	ruan	adj.	soft
优惠价	you:hui:jia	n.	discounted price
全国各地	quan:guo:ge:di	n.	all over the country
两侧	liang:ce	n.	both sides
光学	guang:xue	n.	optics
扶贫	fu:pin	v.	poverty alleviation
质量管理	zhi:liang:guan:li	n.	quality management
期刊	qi:kan	n.	periodical
厚	hou	adj.	thick
剧情	ju:qing	n.	plot
款式	kuan:shi	n.	style
报刊	bao:kan	n.	press
详细说明	xiang:xi:shuo:ming	v.	explain in detail
累	lei	adj.	tired
累	lei	v.	tire
技术人员	ji:shu:ren:yuan	n.	technical personnel
昨	zuo	n.	yesterday
车主	che:zhu	n.	car owner
幽	you	adj.	quiet
战时	zhan:shi	n.	wartime
免费软件	mian:fei:ruan:jian	n.	freeware
悲	bei	adj.	sad
供给	gong:ji	v.	supply
缴费	jiao:fei	v.	pay fees
竞争对手	jing:zheng:dui:shou	n.	competitor
日后	ri:hou	n.	in the future
股市	gu:shi	n.	stock market
新农村建设	xin:nong:cun:jian:she	n.	new countryside construction
表彰	biao:zhang	v.	commend
字数	zi:shu	n.	word count
短短	duan:duan	adj.	brief
丈	zhang	mw.	ten feet
当场	dang:chang	adv.	on the spot
漏洞	lou:dong	n.	loophole
全职	quan:zhi	adj.	full-time
电机	dian:ji	n.	electric motor
用力	yong:li	adv.	strongly
副主席	fu:zhu:xi	n.	vice chairman
门户	men:hu	n.	door
门户	men:hu	n.	portal
身材	shen:cai	n.	figure
来信	lai:xin	n.	incoming letter
完美的	wan:mei:de	adj.	perfect
收回	shou:hui	v.	take back
组长	zu:zhang	n.	group leader
侵犯版权	qin:fan:ban:quan	v.	infringe copyright
桂林	gui:lin	n.	Guilin
载体	zai:ti	n.	carrier
违规	wei:gui	v.	violate regulations
市场占有率	shi:chang:zhan:you:lv	n.	market share
样式	yang:shi	n.	style
样式	yang:shi	n.	pattern
生气	sheng:qi	v.	get angry
牌	pai	n.	plate
牌	pai	n.	brand
身体健康	shen:ti:jian:kang	adj.	in good health
奇迹	qi:ji	n.	miracle
大楼	da:lou	n.	building
月薪	yue:xin	n.	monthly salary
国王	guo:wang	n.	king
降	jiang	v.	descend
降	jiang	v.	reduce
降	xiang	v.	surrender
弟弟	di:di	n.	younger brother
恶意	e:yi	n.	malice
陷入	xian:ru	v.	sink into
气象	qi:xiang	n.	meteorology
走过	zou:guo	v.	walk past
颜	yan	n.	countenance
立体	li:ti	adj.	three-dimensional
劳	lao	v.	work
语句	yu:ju	n.	sentence
偏	pian	adv.	contrary to expectations
党组	dang:zu	n.	party group
本土	ben:tu	n.	one's own country
省	sheng	v.	save
过后	guo:hou	adv.	later
糊	hu	v.	paste
馆	guan	n.	hall
下一步	xia:yi:bu	n.	next step
控制器	kong:zhi:qi	n.	controller
烧	shao	v.	burn
身影	shen:ying	n.	figure
暴力	bao:li	n.	violence
谓	wei	v.	call
起诉	qi:su	v.	prosecute
财	cai	n.	wealth
舰	jian	n.	warship
谈话	tan:hua	v.	talk
沙发	sha:fa	n.	sofa
花费	hua:fei	v.	spend
慢性	man:xing	adj.	chronic
制造商	zhi:zao:shang	n.	manufacturer
时光	shi:guang	n.	time
说出	shuo:chu	v.	say
眼里	yan:li	n.	in the eyes
被动	bei:dong	adj.	passive
假设	jia:she	v.	suppose
选拔	xuan:ba	v.	select
汗	han	n.	sweat
奈	nai	v.	bear
指使	zhi:shi	v.	instigate
起点	qi:dian	n.	starting point
操	cao	v.	fuck (vulgar)
贿赂	hui:lu	n.	bribe
应付	ying:fu	v.	deal with
葡萄	pu:tao	n.	grape
联络	lian:luo	v.	contact
法定	fa:ding	adj.	legal
众生	zhong:sheng	n.	all living beings
第十一条	di:shi:yi:tiao	num.	Article 11
珍惜	zhen:xi	v.	cherish
分解	fen:jie	v.	decompose
经济学	jing:ji:xue	n.	economics
评级	ping:ji	n.	rating
主办单位	zhu:ban:dan:wei	n.	organizer
档次	dang:ci	n.	grade
强的	qiang:de	adj.	strong
中国企业	zhong:guo:qi:ye	n.	Chinese enterprise
虚拟主机	xu:ni:zhu:ji	n.	virtual hosting
周年	zhou:nian	n.	anniversary
盲目	mang:mu	adj.	blind
邮政	you:zheng	n.	postal service
答应	da:ying	v.	promise
增值	zeng:zhi	v.	appreciate in value
特有	te:you	adj.	unique
版块	ban:kuai	n.	section
首选	shou:xuan	n.	first choice
幅度	fu:du	n.	range
迹	ji	n.	trace
给自己	gei:zi:ji	v.	give oneself
更快	geng:kuai	adv.	faster
现已	xian:yi	adv.	now already
不利	bu:li	adj.	unfavorable
司法	si:fa	n.	judicature
尸	shi	n.	corpse
悄	qiao	adj.	quiet
对策	dui:ce	n.	countermeasure
到现在	dao:xian:zai	adv.	until now
到现在	dao:xian:zai	v.	up to now
西北	xi:bei	n.	northwest
对付	dui:fu	v.	deal with
可以让	ke:yi:rang	v.	can let
非洲	fei:zhou	n.	Africa
公司简介	gong:si:jian:jie	n.	company profile
受伤	shou:shang	v.	get injured
成都市	cheng:du:shi	n.	Chengdu
一会	yi:hui	n.	a moment
通过了	tong:guo:le	v.	passed
该企业	gai:qi:ye	n.	this enterprise
做得	zuo:de	v.	do (well)
伟大的	wei:da:de	adj.	great
少量	shao:liang	adj.	small amount
古老	gu:lao	adj.	ancient
为基础	wei:ji:chu	v.	be based on
航空公司	hang:kong:gong:si	n.	airline
著作	zhu:zuo	n.	writing
残	can	adj.	incomplete
缩小	suo:xiao	v.	shrink
严肃	yan:su	adj.	serious
欢乐	huan:le	adj.	joyful
后悔	hou:hui	v.	regret
协作	xie:zuo	v.	cooperate
不代表	bu:dai:biao	v.	not represent
尖	jian	adj.	sharp
南昌	nan:chang	n.	Nanchang
鲁	lu	n.	Lu
工业化	gong:ye:hua	v.	industrialize
锋	feng	n.	vanguard
专业技术	zhuan:ye:ji:shu	n.	professional technology
共享版	gong:xiang:ban	n.	shared version
在使用	zai:shi:yong	v.	be using
大中小	da:zhong:xiao	n.	large, medium and small
讲述	jiang:shu	v.	narrate
以致	yi:zhi	conj.	so that
圈	quan	n.	circle
外出	wai:chu	v.	go out
首都	shou:du	n.	capital
腐败	fu:bai	n.	corruption
腐败	fu:bai	adj.	corrupt
撰写	zhuan:xie	v.	write
详细介绍	xiang:xi:jie:shao	n.	detailed introduction
客房	ke:fang	n.	guest room
加油站	jia:you:zhan	n.	gas station
争执	zheng:zhi	n.	dispute
房地产开发	fang:di:chan:kai:fa	n.	real estate development
业余	ye:yu	adj.	amateur
业余	ye:yu	n.	spare time
按规定	an:gui:ding	prep.	according to regulations
车站	che:zhan	n.	station
工作室	gong:zuo:shi	n.	studio
前者	qian:zhe	n.	the former
嘉宾	jia:bin	n.	honored guest
典型的	dian:xing:de	adj.	typical
无底线	wu:di:xian	adj.	without bottom line
自然的	zi:ran:de	adj.	natural
油	you	n.	oil
入学	ru:xue	v.	enter school
入学	ru:xue	n.	school entrance
冲动	chong:dong	n.	impulse
冲动	chong:dong	adj.	impulsive
怪物	guai:wu	n.	monster
苏联	su:lian	n.	Soviet Union
不肯	bu:ken	v.	be unwilling
甘肃	gan:su	n.	Gansu
项	xiang	mw.	(classifier for items)
信用卡	xin:yong:ka	n.	credit card
撞	zhuang	v.	hit
瞬	shun	n.	instant
管理机构	guan:li:ji:gou	n.	administrative body
日语	ri:yu	n.	Japanese
统筹	tong:chou	v.	plan as a whole
排放	pai:fang	n.	emission
排放	pai:fang	v.	discharge
无聊	wu:liao	adj.	boring
招商引资	zhao:shang:yin:zi	v.	attract investment
龙头	long:tou	n.	dragon head
龙头	long:tou	n.	faucet
组委会	zu:wei:hui	n.	organizing committee
忆	yi	v.	recall
注入	zhu:ru	v.	inject
悄悄	qiao:qiao	adv.	quietly
部分的	bu:fen:de	adj.	partial
盖	gai	v.	cover
制作的	zhi:zuo:de	adj.	made
欢迎光临	huan:ying:guang:lin	int.	welcome
名人	ming:ren	n.	celebrity
帝国	di:guo	n.	empire
浓度	nong:du	n.	concentration
稿件	gao:jian	n.	manuscript
自定义	zi:ding:yi	n.	customization
自定义	zi:ding:yi	adj.	custom
认知	ren:zhi	n.	cognition
认知	ren:zhi	v.	recognize
知名度	zhi:ming:du	n.	fame
网通	wang:tong	n.	China Netcom
难点	nan:dian	n.	difficult point
尤	you	adv.	especially
股价	gu:jia	n.	share price
海拔	hai:ba	n.	altitude
码头	ma:tou	n.	wharf
越来越多	yue:lai:yue:duo	adj.	more and more
本单位	ben:dan:wei	n.	this organization
资深	zi:shen	adj.	senior
血管	xue:guan	n.	blood vessel
厉害	li:hai	adj.	fierce
厉害	li:hai	adj.	awesome
代价	dai:jia	n.	price
义气	yi:qi	n.	loyalty
这么多	zhe:me:duo	pron.	so much
深受	shen:shou	adv.	deeply (affected)
徒	tu	n.	disciple
一脸	yi:lian	n.	a faceful
头上	tou:shang	n.	on the head
空白	kong:bai	n.	blank space
空白	kong:bai	adj.	blank
点击次数	dian:ji:ci:shu	n.	number of clicks
大规模	da:gui:mo	adj.	large-scale
此事	ci:shi	n.	this matter
乡	xiang	n.	countryside
乡	xiang	n.	township
商务部	shang:wu:bu	n.	Ministry of Commerce
专卖店	zhuan:mai:dian	n.	specialty store
人文	ren:wen	n.	humanities
用水	yong:shui	n.	water use
颗粒	ke:li	n.	grain
保管	bao:guan	v.	custody
保管	bao:guan	v.	take care of
概	gai	adv.	generally
百年	bai:nian	n.	century
相关文章	xiang:guan:wen:zhang	n.	related article
政府采购	zheng:fu:cai:gou	n.	government procurement
黑客	hei:ke	n.	hacker
钢铁	gang:tie	n.	steel
越南	yue:nan	n.	Vietnam
人民群众	ren:min:qun:zhong	n.	the masses
尊敬	zun:jing	v.	respect
叫到	jiao:dao	v.	call over
密度	mi:du	n.	density
乐队	yue:dui	n.	band
户	hu	mw.	household
医疗器械	yi:liao:qi:xie	n.	medical device
转型	zhuan:xing	n.	transformation
转型	zhuan:xing	v.	transform
系列产品	xi:lie:chan:pin	n.	series products
追究	zhui:jiu	v.	pursue
棉花	mian:hua	n.	cotton
变形	bian:xing	v.	be deformed
热心	re:xin	adj.	enthastic
点数	dian:shu	n.	points count
荡	dang	v.	swing
那边	na:bian	n.	over there
查阅	cha:yue	v.	consult
地铁	di:tie	n.	subway
老子	lao:zi	n.	Laozi
老子	lao:zi	pron.	I (arrogant)
职权	zhi:quan	n.	authority
病情	bing:qing	n.	patient's condition
一月	yi:yue	n.	January
素质教育	su:zhi:jiao:yu	n.	quality education
场面	chang:mian	n.	scene
迎接	ying:jie	v.	welcome
派出所	pai:chu:suo	n.	police station
得多	de:duo	adv.	by far
脸色	lian:se	n.	complexion
正版	zheng:ban	n.	authorized edition
教育教学	jiao:yu:jiao:xue	n.	education and teaching
艺	yi	n.	art
增	zeng	v.	increase
副本	fu:ben	n.	copy
外形	wai:xing	n.	shape
导入	dao:ru	v.	import
大豆	da:dou	n.	soybean
祖	zu	n.	ancestor
一个个	yi:ge:ge	adv.	one by one
个人意见	ge:ren:yi:jian	n.	personal opinion
欧元	ou:yuan	n.	euro
利率	li:lv	n.	interest rate
汉字	han:zi	n.	Chinese character
单词	dan:ci	n.	word
激活	ji:huo	v.	activate
被称为	bei:cheng:wei	v.	be called
眼镜	yan:jing	n.	eyeglasses
以人为本	yi:ren:wei:ben	adj.	people-oriented
你自己	ni:zi:ji	pron.	yourself
购房	gou:fang	v.	buy a house
侵权	qin:quan	v.	infringe rights
困	kun	adj.	sleepy
困	kun	v.	be trapped
殿	dian	n.	palace hall
过度	guo:du	adj.	excessive
对照	dui:zhao	v.	compare
对照	dui:zhao	n.	contrast
秘书长	mi:shu:zhang	n.	secretary general
迅	xun	n.	Xun
横	heng	adj.	horizontal
范	fan	n.	Fan
伙伴	huo:ban	n.	partner
价位	jia:wei	n.	price level
佛山	fo:shan	n.	Foshan
孔子	kong:zi	n.	Confucius
可怕	ke:pa	adj.	frightening
奥运会	ao:yun:hui	n.	Olympic Games
侠客	xia:ke	n.	knight-errant
概述	gai:shu	v.	summarize
概述	gai:shu	n.	overview
一代	yi:dai	n.	generation
人为	ren:wei	adj.	artificial
说明书	shuo:ming:shu	n.	manual
回帖	hui:tie	v.	reply to a post
回帖	hui:tie	n.	reply
单价	dan:jia	n.	unit price
遗憾	yi:han	adj.	regrettable
遗憾	yi:han	n.	regret
脱离	tuo:li	v.	depart from
口味	kou:wei	n.	taste
耳朵	er:duo	n.	ear
健康发展	jian:kang:fa:zhan	n.	healthy development
生育	sheng:yu	v.	give birth
此刻	ci:ke	n.	this moment
细菌	xi:jun	n.	bacteria
律	lv	n.	law
朝鲜	chao:xian	n.	North Korea
录像	lu:xiang	v.	record video
录像	lu:xiang	n.	video recording
高低	gao:di	n.	height
高低	gao:di	adv.	regardless of level
山水	shan:shui	n.	landscape
门	men	n.	door
门	men	mw.	measure for courses
番	fan	mw.	time, occurrence
纪律	ji:lv	n.	discipline
只不过	zhi:bu:guo	adv.	merely
国有资产	guo:you:zi:chan	n.	state assets
失望	shi:wang	v.	be disappointed
失望	shi:wang	n.	disappointment
业内人士	ye:nei:ren:shi	n.	industry insider
夜晚	ye:wan	n.	night
选中	xuan:zhong	v.	select
月亮	yue:liang	n.	moon
主营	zhu:ying	v.	mainly deal in
遭到	zao:dao	v.	suffer
第三方	di:san:fang	n.	third party
辽宁省	liao:ning:sheng	n.	Liaoning Province
企	qi	v.	look forward to
惨	can	adj.	tragic
限	xian	v.	limit
限	xian	n.	limit
样板	yang:ban	n.	model
沉默	chen:mo	adj.	silent
信念	xin:nian	n.	belief
喝酒	he:jiu	v.	drink alcohol
回顾	hui:gu	v.	review
回顾	hui:gu	n.	review
联通	lian:tong	v.	interconnect
教育局	jiao:yu:ju	n.	education bureau
聚	ju	v.	gather
福利	fu:li	n.	welfare
福利	fu:li	n.	perquisite
含	han	v.	contain
含	han	v.	keep in mouth
顶级	ding:ji	adj.	top-grade
集合	ji:he	v.	gather
集合	ji:he	n.	set
笑点	xiao:dian	n.	punchline
弹出	tan:chu	v.	pop up
弹出	tan:chu	v.	eject
内衣	nei:yi	n.	underwear
户口	hu:kou	n.	household registration
随即	sui:ji	adv.	immediately
中路	zhong:lu	n.	mid lane
唱片	chang:pian	n.	record
音响	yin:xiang	n.	stereo
高压	gao:ya	n.	high pressure
第十三条	di:shi:san:tiao	num.	Article 13
考研	kao:yan	v.	take graduate entrance exam
自行车	zi:xing:che	n.	bicycle
忍不住	ren:bu:zhu	v.	can't help
出国	chu:guo	v.	go abroad
经营管理	jing:ying:guan:li	n.	management
凭	ping	prep.	relying on
凭	ping	v.	rely on
公交	gong:jiao	n.	public transport
摄像头	she:xiang:tou	n.	camera
右手	you:shou	n.	right hand
姿势	zi:shi	n.	posture
户型	hu:xing	n.	floor plan
媒介	mei:jie	n.	medium
精选	jing:xuan	v.	carefully select
精选	jing:xuan	n.	selection
清华大学	qing:hua:da:xue	n.	Tsinghua University
网卡	wang:ka	n.	network card
剧	ju	n.	drama
回复日期	hui:fu:ri:qi	n.	reply date
模糊	mo:hu	adj.	vague
模糊	mo:hu	v.	blur
用法	yong:fa	n.	usage
许多人	xu:duo:ren	n.	many people
瑞士	rui:shi	n.	Switzerland
视野	shi:ye	n.	field of vision
视野	shi:ye	n.	horizon
服务热线	fu:wu:re:xian	n.	service hotline
任何一个	ren:he:yi:ge	pron.	any one
牺牲	xi:sheng	v.	sacrifice
牺牲	xi:sheng	n.	sacrifice
如果说	ru:guo:shuo	conj.	if
充分的	chong:fen:de	adj.	sufficient
巴西	ba:xi	n.	Brazil
平稳	ping:wen	adj.	stable
碎	sui	adj.	broken
碎	sui	v.	shatter
调试	tiao:shi	v.	debug
调试	tiao:shi	v.	adjust
商品价格	shang:pin:jia:ge	n.	commodity price
手上	shou:shang	n.	on the hand
爷爷	ye:ye	n.	grandfather
先锋	xian:feng	n.	pioneer
市长	shi:zhang	n.	mayor
本站原创	ben:zhan:yuan:chuang	n.	original content of this site
多大	duo:da	adj.	how big
一幅	yi:fu	num.	one (of pictures)
躺	tang	v.	lie down
美观	mei:guan	adj.	beautiful
西南	xi:nan	n.	southwest
什么呢	shen:me:ne	part.	what (particle)
敏感	min:gan	adj.	sensitive
缘	yuan	n.	edge
笔记本电脑	bi:ji:ben:dian:nao	n.	laptop
第六章	di:liu:zhang	n.	chapter six
色情	se:qing	n.	pornography
天然气	tian:ran:qi	n.	natural gas
光线	guang:xian	n.	light
凉	liang	adj.	cool
网络游戏	wang:luo:you:xi	n.	online game
阴道	yin:dao	n.	vagina
华人	hua:ren	n.	ethnic Chinese
汇总	hui:zong	v.	summarize
立方米	li:fang:mi	mw.	cubic meter
联合国	lian:he:guo	n.	United Nations
处在	chu:zai	v.	be in (a state)
人力	ren:li	n.	manpower
打破	da:po	v.	break
伟大	wei:da	adj.	great
亲切	qin:qie	adj.	kind
共计	gong:ji	v.	amount to
织	zhi	v.	weave
抢	qiang	v.	grab
泉州	quan:zhou	n.	Quanzhou
垂直	chui:zhi	adj.	vertical
圣诞	sheng:dan	n.	Christmas
犹如	you:ru	v.	be like
预	yu	v.	pre-
加热	jia:re	v.	heat
太平洋	tai:ping:yang	n.	Pacific Ocean
超出	chao:chu	v.	exceed
保修	bao:xiu	v.	under warranty
工程建设	gong:cheng:jian:she	n.	engineering construction
沈	shen	n.	Shen (surname)
扬州	yang:zhou	n.	Yangzhou
木材	mu:cai	n.	wood
替	ti	prep.	for
嘴里	zui:li	n.	in the mouth
孔	kong	n.	hole
放下	fang:xia	v.	put down
荷兰	he:lan	n.	Netherlands
申请表	shen:qing:biao	n.	application form
批	pi	mw.	batch
批	pi	v.	criticize
不喜欢	bu:xi:huan	v.	dislike
回归	hui:gui	v.	return
兼容	jian:rong	adj.	compatible
社团	she:tuan	n.	association
这一切	zhe:yi:qie	pron.	everything
相结合的	xiang:jie:he:de	v.	combined
必将	bi:jiang	adv.	undoubtedly
本品	ben:pin	n.	this product
康	kang	adj.	healthy
被评为	bei:ping:wei	v.	be rated as
惑	huo	n.	confusion
吸引了	xi:yin:le	v.	attracted
目的地	mu:di:di	n.	destination
夏季	xia:ji	n.	summer
电话号码	dian:hua:hao:ma	n.	phone number
园林	yuan:lin	n.	garden
打工	da:gong	v.	work part-time
唯	wei	adv.	only
要比	yao:bi	v.	compare
对她	dui:ta	prep.	to her
这场	zhe:chang	mw.	this (event)
率	lv	n.	rate
年级	nian:ji	n.	grade
独家	du:jia	adj.	exclusive
纯属	chun:shu	v.	be purely
会出现	hui:chu:xian	v.	will appear
凤凰	feng:huang	n.	phoenix
工作日内	gong:zuo:ri:nei	n.	within working days
各方面	ge:fang:mian	n.	all aspects
他认为	ta:ren:wei	v.	he thinks
强劲	qiang:jing	adj.	powerful
巴黎	ba:li	n.	Paris
原文	yuan:wen	n.	original text
第十四条	di:shi:si:tiao	num.	article 14
房源	fang:yuan	n.	housing supply
两集	liang:ji	num.	two episodes
人大	ren:da	n.	National People's Congress
跑到	pao:dao	v.	run to
发现的	fa:xian:de	v.	discovered
惯	guan	v.	be used to
有期徒刑	you:qi:tu:xing	n.	fixed-term imprisonment
决定了	jue:ding:le	v.	decided
培养学生	pei:yang:xue:sheng	v.	train students
是想	shi:xiang	v.	intend
将成为	jiang:cheng:wei	v.	will become
柠檬	ning:meng	n.	lemon
补助	bu:zhu	n.	subsidy
这件事	zhe:jian:shi	n.	this matter
博览会	bo:lan:hui	n.	expo
为止	wei:zhi	adv.	until
女友	nv:you	n.	girlfriend
想着	xiang:zhe	v.	keep thinking
概括	gai:kuo	v.	summarize
调解	tiao:jie	v.	mediate
月内	yue:nei	n.	within the month
写出	xie:chu	v.	write out
微微	wei:wei	adv.	slightly
封闭	feng:bi	v.	seal off
日报	ri:bao	n.	daily newspaper
少数民族	shao:shu:min:zu	n.	ethnic minority
就必须	jiu:bi:xu	adv.	then must
柔软	rou:ruan	adj.	soft
养成	yang:cheng	v.	cultivate
登	deng	v.	climb
求职者	qiu:zhi:zhe	n.	job seeker
占地	zhan:di	v.	cover an area
一处	yi:chu	num.	one place
摩托罗拉	mo:tuo:luo:la	n.	Motorola
队长	dui:zhang	n.	captain
遭受	zao:shou	v.	suffer
年度报告	nian:du:bao:gao	n.	annual report
消灭	xiao:mie	v.	eliminate
互	hu	adv.	mutually
教训	jiao:xun	n.	lesson
教训	jiao:xun	v.	teach a lesson
项目管理	xiang:mu:guan:li	n.	project management
挑选	tiao:xuan	v.	choose
显示屏	xian:shi:ping	n.	display screen
风云	feng:yun	n.	wind and clouds
风云	feng:yun	n.	turbulent situation
乐园	le:yuan	n.	paradise
三等奖	san:deng:jiang	n.	third prize
盯	ding	v.	stare
公益	gong:yi	n.	public welfare
球迷	qiu:mi	n.	ball game fan
并购	bing:gou	n.	merger and acquisition
并购	bing:gou	v.	acquire
稍	shao	adv.	slightly
宣	xuan	v.	declare
唱	chang	v.	sing
诚	cheng	adj.	sincere
隐身	yin:shen	v.	be invisible
注册商标	zhu:ce:shang:biao	n.	registered trademark
剩	sheng	v.	remain
刷新	shua:xin	v.	refresh
咬	yao	v.	bite
育	yu	v.	raise
最大限度	zui:da:xian:du	n.	maximum
冰箱	bing:xiang	n.	refrigerator
水库	shui:ku	n.	reservoir
保安	bao:an	n.	security guard
发展规划	fa:zhan:gui:hua	n.	development plan
诸	zhu	adj.	all
有钱	you:qian	adj.	rich
我去	wo:qu	int.	damn!
态势	tai:shi	n.	situation
名片	ming:pian	n.	business card
电动	dian:dong	adj.	electric
公元	gong:yuan	n.	AD
二等奖	er:deng:jiang	n.	second prize
截止	jie:zhi	v.	end
访客	fang:ke	n.	visitor
传送	chuan:song	v.	transmit
夫妇	fu:fu	n.	married couple
怀孕	huai:yun	v.	be pregnant
转贴	zhuan:tie	v.	repost
到处	dao:chu	adv.	everywhere
香蕉	xiang:jiao	n.	banana
触	chu	v.	touch
晨	chen	n.	morning
疼	teng	adj.	painful
漫	man	adj.	overflowing
风采	feng:cai	n.	elegant demeanor
产值	chan:zhi	n.	output value
对话框	dui:hua:kuang	n.	dialog box
电气	dian:qi	n.	electricity
切换	qie:huan	v.	switch
贯彻落实	guan:che:luo:shi	v.	implement
列车	lie:che	n.	train
材	cai	n.	material
机房	ji:fang	n.	machine room
靠近	kao:jin	v.	be close to
模样	mu:yang	n.	appearance
年版	nian:ban	n.	year edition
关怀	guan:huai	v.	care for
充实	chong:shi	adj.	substantial
招收	zhao:shou	v.	recruit
老年	lao:nian	n.	old age
补	bu	v.	mend
私	si	adj.	private
吐	tu	v.	vomit
长安	chang:an	n.	Chang'an
大批	da:pi	n.	large quantity
传染病	chuan:ran:bing	n.	infectious disease
纯	chun	adj.	pure
隐患	yin:huan	n.	hidden danger
艾	ai	n.	mugwort
疗效	liao:xiao	n.	curative effect
本期	ben:qi	n.	current period
北京大学	bei:jing:da:xue	n.	Peking University
讲究	jiang:jiu	v.	pay attention to
恋人	lian:ren	n.	lover
贝	bei	n.	shell
香水	xiang:shui	n.	perfume
中小	zhong:xiao	adj.	medium and small
谷	gu	n.	valley
不一定	bu:yi:ding	adv.	not necessarily
庭	ting	n.	courtyard
录用	lu:yong	v.	hire
录用	lu:yong	n.	hiring
胶囊	jiao:nang	n.	capsule
挡	dang	v.	block
挡	dang	v.	fend off
分成	fen:cheng	v.	divide into
疾病的	ji:bing:de	n.	disease's
势力	shi:li	n.	force
势力	shi:li	n.	influence
一双	yi:shuang	num.	a pair (of)
最具	zui:ju	v.	most possesses
不能下载	bu:neng:xia:zai	v.	cannot download
南北	nan:bei	n.	north and south
控件	kong:jian	n.	widget
控件	kong:jian	n.	control (UI)
一口气	yi:kou:qi	adv.	in one breath
平静	ping:jing	adj.	calm
平静	ping:jing	adj.	peaceful
抵达	di:da	v.	arrive
一直使用	yi:zhi:shi:yong	v.	keep using
此处	ci:chu	pron.	here
套装	tao:zhuang	n.	suit
套装	tao:zhuang	n.	set
晃	huang	v.	shake
晃	huang	v.	sway
吉	ji	adj.	lucky
希望大家	xi:wang:da:jia	v.	hope everyone
写了	xie:le	v.	wrote
一直是	yi:zhi:shi	v.	has always been
一向	yi:xiang	adv.	always
乳房	ru:fang	n.	breast
网游	wang:you	n.	online game
可靠性	ke:kao:xing	n.	reliability
但是在	dan:shi:zai	conj.	but at
与社会	yu:she:hui	prep.	with society
我还是	wo:hai:shi	pron.	I still
赢得了	ying:de:le	v.	won
建立起	jian:li:qi	v.	establish
真理	zhen:li	n.	truth
中外	zhong:wai	n.	China and abroad
线条	xian:tiao	n.	line
线条	xian:tiao	n.	strokes (drawing)
睡眠	shui:mian	n.	sleep
凌晨	ling:chen	n.	early morning
素材	su:cai	n.	material
影子	ying:zi	n.	shadow
低价	di:jia	n.	low price
可以根据	ke:yi:gen:ju	v.	can be based on
大力发展	da:li:fa:zhan	v.	vigorously develop
分页	fen:ye	n.	pagination
分页	fen:ye	v.	paginate
要对	yao:dui	v.	should be right
一般来说	yi:ban:lai:shuo	adv.	generally speaking
从小	cong:xiao	adv.	since childhood
大全	da:quan	n.	compendium
行政管理	xing:zheng:guan:li	n.	administrative management
销售额	xiao:shou:e	n.	sales
极限	ji:xian	n.	limit
再就业	zai:jiu:ye	n.	reemployment
吹	chui	v.	blow
吹	chui	v.	brag
购物车	gou:wu:che	n.	shopping cart
康复	kang:fu	v.	recover
平常	ping:chang	adj.	ordinary
平常	ping:chang	adv.	usually
等内容	deng:nei:rong	n.	etc. contents
欺骗	qi:pian	v.	deceive
看上去	kan:shang:qu	v.	looks like
谨慎	jin:shen	adj.	cautious
也许是	ye:xu:shi	adv.	maybe it is
到我	dao:wo	v.	reach me
各有	ge:you	v.	each have
社会保险	she:hui:bao:xian	n.	social insurance
有益	you:yi	adj.	beneficial
蛋白	dan:bai	n.	protein
这点	zhe:dian	pron.	this bit
行政执法	xing:zheng:zhi:fa	n.	administrative law enforcement
特长	te:chang	n.	specialty
家伙	jia:huo	n.	fellow
几十	ji:shi	num.	several tens
一带	yi:dai	n.	area
快乐的	kuai:le:de	adj.	happy
数值	shu:zhi	n.	numerical value
残疾	can:ji	n.	disability
震撼	zhen:han	v.	shock
书写	shu:xie	v.	write
督促	du:cu	v.	urge
磁盘	ci:pan	n.	disk
雅虎	ya:hu	n.	Yahoo
提示信息	ti:shi:xin:xi	n.	prompt message
搭建	da:jian	v.	build
防水	fang:shui	adj.	waterproof
防水	fang:shui	v.	repel water
仇	chou	n.	hatred
凝	ning	v.	congeal
企业名称	qi:ye:ming:cheng	n.	company name
天生	tian:sheng	adj.	innate
天生	tian:sheng	adv.	by nature
修理	xiu:li	v.	repair
新版	xin:ban	n.	new edition
均衡	jun:heng	adj.	balanced
均衡	jun:heng	n.	balance
着力	zhuo:li	v.	exert effort
鼓	gu	n.	drum
鼓	gu	v.	beat (drum)
轴承	zhou:cheng	n.	bearing
农	nong	n.	agriculture
游泳	you:yong	v.	swim
游泳	you:yong	n.	swimming
进度	jin:du	n.	progress
和尚	he:shang	n.	monk
南京市	nan:jing:shi	n.	Nanjing
中原	zhong:yuan	n.	Central Plains
席	xi	n.	seat
席	xi	mw.	classifier for banquets
声望	sheng:wang	n.	prestige
票价	piao:jia	n.	ticket price
这儿	zhe:er	pron.	here
征	zheng	v.	levy
征	zheng	v.	go on expedition
这家	zhe:jia	pron.	this (family/shop)
新品	xin:pin	n.	new product
帅	shuai	adj.	handsome
帅	shuai	n.	commander
名录	ming:lu	n.	directory
当成	dang:cheng	v.	treat as
取代	qu:dai	v.	replace
山西省	shan:xi:sheng	n.	Shanxi Province
汉语	han:yu	n.	Chinese language
一开始	yi:kai:shi	adv.	at the beginning
主营产品	zhu:ying:chan:pin	n.	main products
崛起	jue:qi	v.	rise
附	fu	v.	attach
淀粉	dian:fen	n.	starch
行业协会	hang:ye:xie:hui	n.	industry association
思念	si:nian	v.	miss
地方政府	di:fang:zheng:fu	n.	local government
第五	di:wu	num.	fifth
开口	kai:kou	v.	open one's mouth
多万	duo:wan	num.	more than 10,000
缺	que	v.	lack
准则	zhun:ze	n.	norm
准则	zhun:ze	n.	guideline
降价	jiang:jia	v.	lower the price
脚步	jiao:bu	n.	footstep
杀手	sha:shou	n.	killer
厚度	hou:du	n.	thickness
两岸	liang:an	n.	both shores
展出	zhan:chu	v.	exhibit
注册资本	zhu:ce:zi:ben	n.	registered capital
细腻	xi:ni	adj.	fine
塞	sai	v.	stuff
时机	shi:ji	n.	opportunity
延续	yan:xu	v.	continue
邮局	you:ju	n.	post office
当今	dang:jin	n.	nowadays
愤怒	fen:nu	adj.	furious
愤怒	fen:nu	n.	anger
钥匙	yao:shi	n.	key
豪	hao	adj.	bold
公式	gong:shi	n.	formula
介入	jie:ru	v.	intervene
单身	dan:shen	n.	single
武功	wu:gong	n.	martial arts skill
经营范围	jing:ying:fan:wei	n.	scope of business
科普	ke:pu	n.	popular science
不服	bu:fu	v.	not accept
常务委员会	chang:wu:wei:yuan:hui	n.	standing committee
税务	shui:wu	n.	taxation
宁夏	ning:xia	n.	Ningxia
不容易	bu:rong:yi	adj.	not easy
一辈子	yi:bei:zi	n.	a lifetime
两名	liang:ming	mw.	two (people)
奶奶	nai:nai	n.	paternal grandmother
用心	yong:xin	v.	be attentive
用心	yong:xin	n.	intention
对了	dui:le	int.	by the way
指导思想	zhi:dao:si:xiang	n.	guiding ideology
隔离	ge:li	v.	isolate
清算	qing:suan	v.	liquidate
本届	ben:jie	n.	current (session)
亦	yi	adv.	also
法师	fa:shi	n.	master
批发价	pi:fa:jia	n.	wholesale price
不像	bu:xiang	v.	not resemble
远远	yuan:yuan	adv.	far
征求	zheng:qiu	v.	solicit
变为	bian:wei	v.	become
杜	du	n.	surname Du
公顷	gong:qing	mw.	hectare
华夏	hua:xia	n.	China (old name)
努	nu	v.	exert
谈到	tan:dao	v.	talk about
涨幅	zhang:fu	n.	increase
判	pan	v.	judge
省份	sheng:fen	n.	province
谋	mou	v.	plan
胆	dan	n.	gallbladder
运费	yun:fei	n.	freight
财务管理	cai:wu:guan:li	n.	financial management
国际市场	guo:ji:shi:chang	n.	international market
信息中心	xin:xi:zhong:xin	n.	information center
泪水	lei:shui	n.	tears
尘	chen	n.	dust
途中	tu:zhong	n.	on the way
成品	cheng:pin	n.	finished product
赶快	gan:kuai	adv.	hurry
看好	kan:hao	v.	optimistic about
扎	zha	v.	tie
四十	si:shi	num.	forty
研讨会	yan:tao:hui	n.	seminar
便捷	bian:jie	adj.	convenient
对抗	dui:kang	v.	resist
工作日	gong:zuo:ri	n.	working day
任职	ren:zhi	v.	hold a post
同比	tong:bi	adv.	year-on-year
叶子	ye:zi	n.	leaf
女朋友	nv:peng:you	n.	girlfriend
泡沫	pao:mo	n.	foam
优惠政策	you:hui:zheng:ce	n.	preferential policy
滚	gun	v.	roll
决赛	jue:sai	n.	final
草案	cao:an	n.	draft
没有底	mei:you:di	v.	be unsure
行政复议	xing:zheng:fu:yi	n.	administrative reconsideration
幸运	xing:yun	adj.	lucky
关联	guan:lian	n.	relation
详细资料	xiang:xi:zi:liao	n.	detailed information
不怕	bu:pa	v.	not fear
航班	hang:ban	n.	flight
酷	ku	adj.	cool
闷	men	adj.	stuffy
气温	qi:wen	n.	air temperature
迟	chi	adj.	late
稳	wen	adj.	stable
翼	yi	n.	wing
中共中央	zhong:gong:zhong:yang	n.	CPC Central Committee
第一步	di:yi:bu	n.	first step
吸引力	xi:yin:li	n.	attraction
家用	jia:yong	n.	household use
赞同	zan:tong	v.	agree
诺	nuo	v.	promise
听力	ting:li	n.	listening ability
交换机	jiao:huan:ji	n.	switch
县委	xian:wei	n.	county Party committee
乘客	cheng:ke	n.	passenger
再度	zai:du	adv.	once again
有望	you:wang	adj.	promising
闲	xian	adj.	idle
地质	di:zhi	n.	geology
灰	hui	adj.	gray
合约	he:yue	n.	contract
性爱	xing:ai	n.	sex
城市规划	cheng:shi:gui:hua	n.	urban planning
专职	zhuan:zhi	adj.	full-time
相关评论	xiang:guan:ping:lun	n.	related comments
笑话	xiao:hua	n.	joke
大海	da:hai	n.	sea
大自然	da:zi:ran	n.	nature
伊拉克	yi:la:ke	n.	Iraq
句子	ju:zi	n.	sentence
朵	duo	mw.	measure word for flowers
干什么	gan:shen:me	v.	do what
概况	gai:kuang	n.	overview
花卉	hua:hui	n.	flowers and plants
适量	shi:liang	adj.	moderate amount
幽默	you:mo	adj.	humorous
盛	cheng	v.	fill
盛	sheng	adj.	flourishing
本报讯	ben:bao:xun	n.	this newspaper reports
孕妇	yun:fu	n.	pregnant woman
车子	che:zi	n.	car
求助	qiu:zhu	v.	seek help
冒险	mao:xian	v.	take a risk
穿过	chuan:guo	v.	pass through
不让	bu:rang	v.	not allow
体检	ti:jian	n.	physical examination
陕西省	shan:xi:sheng	n.	Shaanxi Province
不存在	bu:cun:zai	v.	not exist
梁	liang	n.	beam
课时	ke:shi	n.	class hour
新华网	xin:hua:wang	n.	Xinhuanet
光芒	guang:mang	n.	radiance
算法	suan:fa	n.	algorithm
实质	shi:zhi	n.	essence
大胆	da:dan	adj.	bold
疲劳	pi:lao	adj.	fatigued
指向	zhi:xiang	v.	point to
晶	jing	n.	crystal
开户	kai:hu	v.	open an account
发射	fa:she	v.	launch
盯着	ding:zhe	v.	stare at
裁决	cai:jue	n.	ruling
裁决	cai:jue	v.	adjudicate
餐	can	n.	meal
痕迹	hen:ji	n.	trace
网友观点	wang:you:guan:dian	n.	netizen opinion
过分	guo:fen	adj.	excessive
从未	cong:wei	adv.	never
反思	fan:si	v.	reflect
稍微	shao:wei	adv.	slightly
二手房	er:shou:fang	n.	second-hand house
保全	bao:quan	v.	preserve
使命	shi:ming	n.	mission
一位	yi:wei	mw.	a (person, polite)
副书记	fu:shu:ji	n.	deputy secretary
电台	dian:tai	n.	radio station
华丽	hua:li	adj.	gorgeous
学分	xue:fen	n.	credit
出门	chu:men	v.	go out
电子邮箱	dian:zi:you:xiang	n.	email address
年限	nian:xian	n.	term of years
停车	ting:che	v.	park
海上	hai:shang	n.	on the sea
立足	li:zu	v.	base oneself on
义务教育	yi:wu:jiao:yu	n.	compulsory education
注意到	zhu:yi:dao	v.	notice
抱怨	bao:yuan	v.	complain
点映	dian:ying	n.	preview screening
益达	yi:da	n.	Extra (gum brand)
聘请	pin:qing	v.	employ
事后	shi:hou	adv.	afterwards
爆	bao	v.	explode
请勿	qing:wu	adv.	please do not
随之	sui:zhi	adv.	thereupon
首批	shou:pi	n.	first batch
小雨	xiao:yu	n.	light rain
小雨	xiao:yu	n.	Xiaoyu (name)
性价比	xing:jia:bi	n.	cost performance
付款方式	fu:kuan:fang:shi	n.	payment method
强势	qiang:shi	adj.	domineering
强势	qiang:shi	adj.	strong (momentum)
伦	lun	n.	human relations
家属	jia:shu	n.	family member
云南省	yun:nan:sheng	n.	Yunnan Province
正义	zheng:yi	n.	justice
娇	jiao	adj.	delicate
娇	jiao	adj.	spoiled
裁定	cai:ding	v.	adjudge
裁定	cai:ding	n.	ruling
班子	ban:zi	n.	leadership team
南宁	nan:ning	n.	Nanning
辖区	xia:qu	n.	jurisdiction
东部	dong:bu	n.	eastern part
取出	qu:chu	v.	take out
珍珠	zhen:zhu	n.	pearl
退休	tui:xiu	v.	retire
数目	shu:mu	n.	number
侧	ce	n.	side
侧	ce	v.	lean
称之为	cheng:zhi:wei	v.	call it
炒几个菜	chao:ji:ge:cai	v.	stir-fry a few dishes
第十六条	di:shi:liu:tiao	n.	Article 16
仅供	jin:gong	v.	for ... only
修建	xiu:jian	v.	build
告诉我们	gao:su:wo:men	v.	tell us
星星	xing:xing	n.	star
后台	hou:tai	n.	backend
后台	hou:tai	n.	backstage
一类	yi:lei	n.	one type
出版日期	chu:ban:ri:qi	n.	publication date
沿着	yan:zhe	prep.	along
一体化	yi:ti:hua	n.	integration
愣	leng	v.	dazed
高尔夫	gao:er:fu	n.	golf
军人	jun:ren	n.	soldier
极大	ji:da	adj.	enormous
水质	shui:zhi	n.	water quality
按键	an:jian	n.	key
节点	jie:dian	n.	node
朝阳	chao:yang	n.	morning sun
朝阳	chao:yang	n.	Chaoyang (place)
朝阳	zhao:yang	n.	Zhaoyang (place name)
发病	fa:bing	v.	fall ill
长时间	chang:shi:jian	n.	long time
阴茎	yin:jing	n.	penis
加盖	jia:gai	v.	stamp
鼻	bi	n.	nose
会长	hui:zhang	n.	president (of society)
力求	li:qiu	v.	strive to
还真	hai:zhen	adv.	indeed
听取	ting:qu	v.	listen to
商贸	shang:mao	n.	trade
责任制	ze:ren:zhi	n.	responsibility system
仅有	jin:you	v.	only have
安慰	an:wei	v.	comfort
安慰	an:wei	n.	comfort
三个月	san:ge:yue	n.	three months
在市场	zai:shi:chang	n.	at the market
奋斗	fen:dou	v.	strive
进一步加强	jin:yi:bu:jia:qiang	v.	further strengthen
捐赠	juan:zeng	v.	donate
扎实	zha:shi	adv.	steadfastly
北京的	bei:jing:de	n.	of Beijing
比如说	bi:ru:shuo	conj.	for example
企事业单位	qi:shi:ye:dan:wei	n.	enterprises and institutions
驾驶员	jia:shi:yuan	n.	driver
直线	zhi:xian	n.	straight line
亮点	liang:dian	n.	highlight
轮	lun	mw.	turn
独自	du:zi	adv.	alone
我所	wo:suo	n.	our institute
昏	hun	adj.	dizzy
要让	yao:rang	v.	need to let
实务	shi:wu	n.	practical affairs
抖	dou	v.	shake
这些问题	zhe:xie:wen:ti	n.	these problems
在哪里	zai:na:li	pron.	where
软件语言	ruan:jian:yu:yan	n.	software language
性生活	xing:sheng:huo	n.	sex life
壮大	zhuang:da	v.	grow strong
她不	ta:bu	n.	she does not
卖家	mai:jia	n.	seller
不成	bu:cheng	v.	won't do
人才市场	ren:cai:shi:chang	n.	job market
届时	jie:shi	adv.	at that time
陷	xian	v.	sink
敏	min	adj.	quick
贴图	tie:tu	n.	picture post
词	ci	n.	word
然后再	ran:hou:zai	conj.	and then
元件	yuan:jian	n.	component
国家规定	guo:jia:gui:ding	n.	state regulations
车间	che:jian	n.	workshop
聚会	ju:hui	n.	gathering
慌	huang	adj.	panicked
书中	shu:zhong	n.	in the book
要不	yao:bu	conj.	otherwise
住院	zhu:yuan	v.	be hospitalized
我用	wo:yong	n.	I use
世间	shi:jian	n.	the world
身心	shen:xin	n.	body and mind
阻碍	zu:ai	v.	hinder
留下了	liu:xia:le	v.	left behind
社会各界	she:hui:ge:jie	n.	all walks of society
本合同	ben:he:tong	n.	this contract
笔试	bi:shi	n.	written exam
可使	ke:shi	v.	can make
当然是	dang:ran:shi	adv.	of course it is
人民代表大会	ren:min:dai:biao:da:hui	n.	People's Congress
第一时间	di:yi:shi:jian	n.	immediately
最后更新	zui:hou:geng:xin	n.	last update
大幅度	da:fu:du	adv.	substantially
高峰	gao:feng	n.	peak
混凝土	hun:ning:tu	n.	concrete
新世纪	xin:shi:ji	n.	new century
还好	hai:hao	adv.	fortunately
周六	zhou:liu	n.	Saturday
核定	he:ding	v.	verify and approve
卫生部	wei:sheng:bu	n.	Ministry of Health
失效	shi:xiao	v.	become invalid
弥补	mi:bu	v.	make up for
不允许	bu:yun:xu	v.	not allow
洛阳	luo:yang	n.	Luoyang
天才	tian:cai	n.	genius
愤	fen	adj.	indignant
燃料	ran:liao	n.	fuel
下车	xia:che	v.	get off
防火	fang:huo	v.	fireproof
高新技术	gao:xin:ji:shu	n.	high technology
大奖	da:jiang	n.	big prize
做成	zuo:cheng	v.	make
怜	lian	v.	pity
罢了	ba:le	part.	that's all
罢了	ba:liao	part.	that's all
颤	chan	v.	tremble
过渡	guo:du	v.	transition
杀人	sha:ren	v.	murder
涉案	she:an	v.	involved in a case
被保险人	bei:bao:xian:ren	n.	insured person
振兴	zhen:xing	v.	vitalize
看不到	kan:bu:dao	v.	cannot see
赶到	gan:dao	v.	rush to
郁闷	yu:men	adj.	depressed
寿命	shou:ming	n.	lifespan
缓慢	huan:man	adj.	slow
试行	shi:xing	v.	try out
而非	er:fei	conj.	rather than
阶	jie	n.	step
信息系统	xin:xi:xi:tong	n.	information system
周五	zhou:wu	n.	Friday
苍	cang	adj.	pale green
自由的	zi:you:de	adj.	free
缩短	suo:duan	v.	shorten
天数	tian:shu	n.	number of days
拿起	na:qi	v.	pick up
火箭	huo:jian	n.	rocket
感兴趣	gan:xing:qu	v.	be interested
第三节	di:san:jie	n.	section three
免责声明	mian:ze:sheng:ming	n.	disclaimer
解压密码	jie:ya:mi:ma	n.	unzip password
全过程	quan:guo:cheng	n.	whole process
纺织品	fang:zhi:pin	n.	textiles
国家标准	guo:jia:biao:zhun	n.	national standard
纯粹	chun:cui	adj.	pure
骨干	gu:gan	n.	backbone
忠诚	zhong:cheng	adj.	loyal
海口	hai:kou	n.	port
海口	hai:kou	n.	Haikou
储备	chu:bei	v.	reserve
储备	chu:bei	n.	reserves
组织实施	zu:zhi:shi:shi	v.	organize and implement
山区	shan:qu	n.	mountain area
车身	che:shen	n.	car body
分工	fen:gong	n.	division of labor
距	ju	prep.	at a distance from
距	ju	v.	be apart from
交谈	jiao:tan	v.	talk
听证	ting:zheng	n.	public hearing
处处	chu:chu	adv.	everywhere
净化	jing:hua	v.	purify
郑	zheng	n.	Zheng
川	chuan	n.	river
川	chuan	n.	Sichuan
扫	sao	v.	sweep
二楼	er:lou	n.	second floor
地带	di:dai	n.	zone
否定	fou:ding	v.	deny
否定	fou:ding	n.	negation
逼	bi	v.	force
逼	bi	adj.	close
不少于	bu:shao:yu	adv.	no less than
年份	nian:fen	n.	year
优良	you:liang	adj.	excellent
人才网	ren:cai:wang	n.	talent recruitment site
护士	hu:shi	n.	nurse
饲养	si:yang	v.	raise
民事	min:shi	n.	civil affairs
构造	gou:zao	n.	structure
人性	ren:xing	n.	human nature
钢琴	gang:qin	n.	piano
是非	shi:fei	n.	right and wrong
县	xian	n.	county
涵盖	han:gai	v.	cover
农业部	nong:ye:bu	n.	Ministry of Agriculture
抄袭	chao:xi	v.	plagiarize
忧	you	v.	worry
忧	you	n.	sorrow
工业区	gong:ye:qu	n.	industrial zone
软件简介	ruan:jian:jian:jie	n.	software introduction
地道	di:dao	adj.	authentic
地道	di:dao	adj.	idiomatic
星期五	xing:qi:wu	n.	Friday
税款	shui:kuan	n.	tax payment
米兰	mi:lan	n.	Milan
一同	yi:tong	adv.	together
童	tong	n.	child
兰州	lan:zhou	n.	Lanzhou
轨道	gui:dao	n.	track
轨道	gui:dao	n.	orbit
英特尔	ying:te:er	n.	Intel
联赛	lian:sai	n.	league
雄厚	xiong:hou	adj.	strong
左手	zuo:shou	n.	left hand
再也	zai:ye	adv.	no longer
不愿意	bu:yuan:yi	v.	unwilling
源于	yuan:yu	v.	originate from
年纪	nian:ji	n.	age
研讨	yan:tao	v.	study
礼仪	li:yi	n.	etiquette
外界	wai:jie	n.	outside world
子公司	zi:gong:si	n.	subsidiary
屄	bi	n.	vulva
致富	zhi:fu	v.	get rich
纪录	ji:lu	n.	record
第十七条	di:shi:qi:tiao	n.	article 17
画家	hua:jia	n.	painter
执	zhi	v.	hold
伤心	shang:xin	adj.	sad
发展趋势	fa:zhan:qu:shi	n.	development trend
书店	shu:dian	n.	bookstore
匹配	pi:pei	v.	match
占据	zhan:ju	v.	occupy
熟练	shu:lian	adj.	skilled
网络实名	wang:luo:shi:ming	n.	internet real name
技术创新	ji:shu:chuang:xin	n.	technological innovation
不当	bu:dang	adj.	improper
十三	shi:san	num.	thirteen
开办	kai:ban	v.	establish
为人	wei:ren	n.	character
感冒	gan:mao	n.	cold
感冒	gan:mao	v.	catch a cold
升高	sheng:gao	v.	rise
好看	hao:kan	adj.	good-looking
丢	diu	v.	lose
荣	rong	n.	glory
臂	bi	n.	arm
逐	zhu	v.	chase
搬迁	ban:qian	v.	relocate
傲	ao	adj.	proud
赛事	sai:shi	n.	match
控股	kong:gu	n.	holding
注意力	zhu:yi:li	n.	attention
卫生间	wei:sheng:jian	n.	bathroom
分支机构	fen:zhi:ji:gou	n.	branch office
注销	zhu:xiao	v.	log off
注销	zhu:xiao	v.	cancel
客厅	ke:ting	n.	living room
极端	ji:duan	adj.	extreme
极端	ji:duan	n.	extreme
戴	dai	v.	wear
新娘	xin:niang	n.	bride
一手	yi:shou	n.	one hand
一手	yi:shou	adv.	single-handedly
炒作	chao:zuo	v.	hype
注射	zhu:she	v.	inject
注射	zhu:she	n.	injection
口中	kou:zhong	n.	in the mouth
芒	mang	n.	awn
芒	mang	n.	ray
燃气	ran:qi	n.	gas
大夫	dai:fu	n.	doctor
又一	you:yi	num.	another
庆	qing	v.	celebrate
早晨	zao:chen	n.	morning
庞大的	pang:da:de	adj.	vast
彩票	cai:piao	n.	lottery ticket
宝贵	bao:gui	adj.	precious
市场化	shi:chang:hua	n.	marketization
下一个	xia:yi:ge	pron.	next
申请书	shen:qing:shu	n.	application
伴	ban	v.	accomplish accompany
伴	ban	n.	companion
字母	zi:mu	n.	letter
很久	hen:jiu	adv.	for a long time
严谨	yan:jin	adj.	rigorous
等着	deng:zhe	v.	wait
学报	xue:bao	n.	academic journal
零件	ling:jian	n.	part
五大	wu:da	num.	five major
入口	ru:kou	n.	entrance
宝石	bao:shi	n.	gem
章节	zhang:jie	n.	chapter
相适应	xiang:shi:ying	v.	correspond
意愿	yi:yuan	n.	wish
竣工	jun:gong	v.	complete construction
生活方式	sheng:huo:fang:shi	n.	lifestyle
袭	xi	v.	attack
征集	zheng:ji	v.	solicit
受益	shou:yi	v.	benefit
胎儿	tai:er	n.	fetus
不合理	bu:he:li	adj.	unreasonable
全面发展	quan:mian:fa:zhan	n.	all-round development
全面发展	quan:mian:fa:zhan	v.	develop fully
何时	he:shi	pron.	when
供	gong	v.	provide
不等	bu:deng	adj.	unequal
索引	suo:yin	n.	index
工艺品	gong:yi:pin	n.	handicraft
积	ji	v.	accumulate
配置文件	pei:zhi:wen:jian	n.	configuration file
屏蔽	ping:bi	v.	block
贵族	gui:zu	n.	noble
基本信息	ji:ben:xin:xi	n.	basic information
发行日期	fa:xing:ri:qi	n.	release date
给大家	gei:da:jia	v.	give everyone
容器	rong:qi	n.	container
动机	dong:ji	n.	motive
一头	yi:tou	mw.	one (head of an animal)
大声	da:sheng	adj.	loud
第十八条	di:shi:ba:tiao	num.	article 18
垄断	long:duan	v.	monopolize
可以实现	ke:yi:shi:xian	v.	can be realized
擅长	shan:chang	v.	be good at
伪造	wei:zao	v.	forge
遥	yao	adj.	distant
法学	fa:xue	n.	law (as a discipline)
热量	re:liang	n.	heat
罗马	luo:ma	n.	Rome
动手	dong:shou	v.	start work
报到	bao:dao	v.	register
金的	jin:de	adj.	golden
刑法	xing:fa	n.	criminal law
阻	zu	v.	obstruct
探究	tan:jiu	v.	explore
战术	zhan:shu	n.	tactics
汽油	qi:you	n.	gasoline
人性化	ren:xing:hua	adj.	humane
中关村	zhong:guan:cun	n.	Zhongguancun
数字化	shu:zi:hua	v.	digitize
集团有限公司	ji:tuan:you:xian:gong:si	n.	co., ltd.
播出	bo:chu	v.	broadcast
精致	jing:zhi	adj.	exquisite
急性	ji:xing	adj.	acute
演绎	yan:yi	v.	deduce
聚集	ju:ji	v.	gather
依次	yi:ci	adv.	in order
宁静	ning:jing	adj.	peaceful
女的	nv:de	adj.	female
写真	xie:zhen	n.	photo shoot
吉林省	ji:lin:sheng	n.	Jilin Province
必备	bi:bei	adj.	essential
那时候	na:shi:hou	n.	that time
较快	jiao:kuai	adj.	relatively fast
腾讯	teng:xun	n.	Tencent
结局	jie:ju	n.	ending
伦敦	lun:dun	n.	London
相关部门	xiang:guan:bu:men	n.	relevant departments
例	li	n.	example
睁	zheng	v.	open (eyes)
退还	tui:huan	v.	refund
工作时间	gong:zuo:shi:jian	n.	working hours
公子	gong:zi	n.	young master
情侣	qing:lv	n.	couple
污水	wu:shui	n.	sewage
岛	dao	n.	island
遗	yi	v.	lose
瞪	deng	v.	stare
按时	an:shi	adv.	on time
所有人	suo:you:ren	n.	everyone
表述	biao:shu	v.	express
常年	chang:nian	adv.	all year round
分泌	fen:mi	v.	secrete
篮球	lan:qiu	n.	basketball
加重	jia:zhong	v.	worsen
入手	ru:shou	v.	start
观赏	guan:shang	v.	appreciate
心想	xin:xiang	v.	think to oneself
慕	mu	v.	admire
什么事	shen:me:shi	pron.	what's the matter
执着	zhi:zhuo	adj.	persistent
课堂教学	ke:tang:jiao:xue	n.	classroom teaching
皱	zhou	v.	wrinkle
饮用	yin:yong	v.	drink
环球	huan:qiu	adj.	global
博	bo	v.	win
博	bo	adj.	rich and extensive
中国人民	zhong:guo:ren:min	n.	Chinese people
河流	he:liu	n.	river
黑白	hei:bai	n.	black and white
幕	mu	n.	curtain
算了	suan:le	v.	forget it
专栏	zhuan:lan	n.	column
保险费	bao:xian:fei	n.	insurance premium
运转	yun:zhuan	v.	operate
手机短信	shou:ji:duan:xin	n.	text message
第十九条	di:shi:jiu:tiao	num.	nineteenth
块钱	kuai:qian	n.	kuai (yuan)
双眼	shuang:yan	n.	both eyes
乘车	cheng:che	v.	ride
外表	wai:biao	n.	appearance
自杀	zi:sha	v.	commit suicide
点头	dian:tou	v.	nod
口号	kou:hao	n.	slogan
猜	cai	v.	guess
长达	chang:da	v.	extend to
关爱	guan:ai	v.	care for
丧失	sang:shi	v.	lose
相处	xiang:chu	v.	get along
实战	shi:zhan	n.	actual combat
中旬	zhong:xun	n.	middle of a month
支行	zhi:hang	n.	branch office
益	yi	n.	benefit
马来西亚	ma:lai:xi:ya	n.	Malaysia
副局长	fu:ju:zhang	n.	deputy director
东风	dong:feng	n.	east wind
周日	zhou:ri	n.	Sunday
净	jing	adj.	clean
产业发展	chan:ye:fa:zhan	n.	industrial development
软件下载	ruan:jian:xia:zai	n.	software download
双击	shuang:ji	v.	double-click
两家	liang:jia	num.	two (companies)
股东大会	gu:dong:da:hui	n.	shareholders' meeting
还原	huan:yuan	v.	restore
从前	cong:qian	n.	once upon a time
缺席	que:xi	v.	be absent
甜蜜	tian:mi	adj.	sweet
神情	shen:qing	n.	expression
很可能	hen:ke:neng	adv.	very likely
产品信息	chan:pin:xin:xi	n.	product information
效力	xiao:li	v.	serve
泽	ze	n.	marsh
炼	lian	v.	refine
制止	zhi:zhi	v.	stop
黑龙江省	hei:long:jiang:sheng	n.	Heilongjiang Province
市场份额	shi:chang:fen:e	n.	market share
行李	xing:li	n.	luggage
提案	ti:an	n.	proposal
简洁	jian:jie	adj.	concise
行走	xing:zou	v.	walk
注释	zhu:shi	n.	note
供水	gong:shui	v.	supply water
街头	jie:tou	n.	street
监	jian	v.	supervise
听见	ting:jian	v.	hear
几位	ji:wei	num.	several (people)
老年人	lao:nian:ren	n.	elderly person
封装	feng:zhuang	v.	encapsulate
古典	gu:dian	adj.	classical
珍	zhen	adj.	precious
分手	fen:shou	v.	break up
明亮	ming:liang	adj.	bright
伏	fu	v.	lie prostrate
伏	fu	n.	volt
送货	song:huo	v.	deliver goods
终身	zhong:shen	n.	lifetime
绍	shao	v.	carry on
领导人	ling:dao:ren	n.	leader
爬	pa	v.	climb
税率	shui:lv	n.	tax rate
全套	quan:tao	n.	full set
喜悦	xi:yue	n.	joy
抬头	tai:tou	v.	raise one's head
抬头	tai:tou	n.	header
丫	ya	n.	fork
常务	chang:wu	n.	standing affairs
炸	zha	v.	explode
炸	zha	v.	deep-fry
职业道德	zhi:ye:dao:de	n.	professional ethics
国民	guo:min	n.	national
免疫	mian:yi	n.	immunity
变焦	bian:jiao	v.	zoom
珠宝	zhu:bao	n.	jewelry
外汇	wai:hui	n.	foreign exchange
交友	jiao:you	v.	make friends
行政处分	xing:zheng:chu:fen	n.	administrative sanction
三国	san:guo	n.	Three Kingdoms
壁	bi	n.	wall
涌	yong	v.	surge
主观	zhu:guan	adj.	subjective
头部	tou:bu	n.	head
协调发展	xie:tiao:fa:zhan	n.	coordinated development
凶	xiong	adj.	fierce
凶	xiong	adj.	ominous
测绘	ce:hui	v.	survey and map
上学	shang:xue	v.	attend school
郎	lang	n.	young man
仿冒	fang:mao	v.	counterfeit
教育活动	jiao:yu:huo:dong	n.	educational activity
本类	ben:lei	n.	this category
生产基地	sheng:chan:ji:di	n.	production base
做人	zuo:ren	v.	conduct oneself
相连	xiang:lian	v.	be connected
并进	bing:jin	v.	advance side by side
额外	e:wai	adj.	extra
额外	e:wai	adv.	additionally
青海	qing:hai	n.	Qinghai
宿	su	n.	lodging
宿	su	v.	stay overnight
宿	xiu	n.	constellation
渗透	shen:tou	v.	penetrate
器具	qi:ju	n.	utensil
列出	lie:chu	v.	list
制成	zhi:cheng	v.	make into
建筑工程	jian:zhu:gong:cheng	n.	construction project
右侧	you:ce	n.	right side
套餐	tao:can	n.	set meal
增幅	zeng:fu	n.	growth rate
入侵	ru:qin	v.	invade
怨	yuan	v.	blame
财经	cai:jing	n.	finance and economics
嵌入式	qian:ru:shi	adj.	embedded
紧密	jin:mi	adj.	close
最强	zui:qiang	adj.	strongest
土地使用权	tu:di:shi:yong:quan	n.	land use right
具体要求	ju:ti:yao:qiu	n.	specific requirement
里程	li:cheng	n.	mileage
愉快	yu:kuai	adj.	pleasant
务必	wu:bi	adv.	be sure to
醉	zui	adj.	drunk
元钱	yuan:qian	n.	yuan
拼	pin	v.	put together
普通话	pu:tong:hua	n.	Mandarin
头脑	tou:nao	n.	mind
双重	shuang:chong	adj.	double
淡淡的	dan:dan:de	adj.	faint
首席	shou:xi	n.	top seat
迫	po	v.	force
法治	fa:zhi	n.	rule of law
革	ge	n.	leather
瞧	qiao	v.	look
即便	ji:bian	conj.	even if
扮演	ban:yan	v.	play
大队	da:dui	n.	team
奥	ao	int.	oh
头像	tou:xiang	n.	avatar
第一款	di:yi:kuan	num.	first model
值班	zhi:ban	v.	be on duty
舆论	yu:lun	n.	public opinion
争论	zheng:lun	v.	argue
坚定	jian:ding	adj.	firm
范畴	fan:chou	n.	category
小学生	xiao:xue:sheng	n.	primary school student
精度	jing:du	n.	precision
旅游业	lv:you:ye	n.	tourism industry
出血	chu:xie	v.	bleed
出血	chu:xue	v.	bleed
输	shu	v.	lose
乘坐	cheng:zuo	v.	ride
整顿	zheng:dun	v.	rectify
多普达	duo:pu:da	n.	Dopod
语气	yu:qi	n.	tone
莉	li	n.	jasmine
总投资	zong:tou:zi	n.	total investment
忠	zhong	adj.	loyal
法制	fa:zhi	n.	legal system
入选	ru:xuan	v.	be selected
认真贯彻	ren:zhen:guan:che	v.	carry out earnestly
不适	bu:shi	adj.	unwell
不适	bu:shi	n.	discomfort
热闹	re:nao	adj.	lively
热闹	re:nao	n.	bustle
过去了	guo:qu:le	v.	has passed
中级人民法院	zhong:ji:ren:min:fa:yuan	n.	intermediate people's court
财物	cai:wu	n.	property
道具	dao:ju	n.	prop
长沙市	chang:sha:shi	n.	Changsha (city)
现实的	xian:shi:de	adj.	realistic
包裹	bao:guo	n.	package
最爱	zui:ai	n.	favorite
用量	yong:liang	n.	dosage
盖章	gai:zhang	v.	stamp (a seal)
房地产市场	fang:di:chan:shi:chang	n.	real estate market
王国	wang:guo	n.	kingdom
连忙	lian:mang	adv.	hurriedly
会议上	hui:yi:shang	n.	at the meeting
佳	jia	adj.	fine
教育培训	jiao:yu:pei:xun	n.	education and training
医疗费	yi:liao:fei	n.	medical expenses
唱歌	chang:ge	v.	sing a song
呢	ne	part.	continuation particle
字段	zi:duan	n.	field
旅	lv	n.	trip
款项	kuan:xiang	n.	sum of money
二者	er:zhe	pron.	the two
时空	shi:kong	n.	space-time
夜间	ye:jian	n.	night
代理人	dai:li:ren	n.	agent
食品安全	shi:pin:an:quan	n.	food safety
按照规定	an:zhao:gui:ding	prep.	according to the regulations
郑州市	zheng:zhou:shi	n.	Zhengzhou
招聘人数	zhao:pin:ren:shu	n.	number of recruits
仁	ren	n.	benevolence
按下	an:xia	v.	press down
视线	shi:xian	n.	line of sight
鸟	niao	n.	bird
羡慕	xian:mu	v.	envy
于此	yu:ci	prep.	at this
是这样的	shi:zhe:yang:de	v.	be like this
中等	zhong:deng	adj.	medium
销售收入	xiao:shou:shou:ru	n.	sales revenue
骗	pian	v.	deceive
爆炸	bao:zha	v.	explode
违法所得	wei:fa:suo:de	n.	illegal gains
浩	hao	adj.	vast
纳米	na:mi	n.	nanometer
高素质	gao:su:zhi	adj.	high-quality
管理条例	guan:li:tiao:li	n.	management regulations
伤口	shang:kou	n.	wound
光纤	guang:xian	n.	optical fiber
鼻子	bi:zi	n.	nose
姿态	zi:tai	n.	posture
机上	ji:shang	n.	on board
不管是	bu:guan:shi	conj.	no matter whether
淘汰	tao:tai	v.	eliminate
连载	lian:zai	v.	serialize
塔	ta	n.	tower
正的	zheng:de	adj.	positive
请注意	qing:zhu:yi	v.	please note
仅代表	jin:dai:biao	v.	only represent
众多的	zhong:duo:de	adj.	numerous
产物	chan:wu	n.	product
但有	dan:you	conj.	but there is
胖	pang	adj.	fat
万多	wan:duo	num.	more than ten thousand
减小	jian:xiao	v.	decrease
绪	xu	n.	beginning
所做	suo:zuo	v.	what is done
在企业	zai:qi:ye	prep.	in the enterprise
头痛	tou:tong	v.	headache
光临	guang:lin	v.	attend (honorific)
党支部	dang:zhi:bu	n.	party branch
毕业于	bi:ye:yu	v.	graduate from
弘扬	hong:yang	v.	promote
好事	hao:shi	n.	good deed
并无	bing:wu	v.	there is not at all
适时	shi:shi	adj.	timely
无力	wu:li	adj.	powerless
党中央	dang:zhong:yang	n.	party central committee
坚强	jian:qiang	adj.	strong
可以向	ke:yi:xiang	prep.	may to
企业名录	qi:ye:ming:lu	n.	business directory
枫	feng	n.	maple
访问量	fang:wen:liang	n.	number of visits
国人	guo:ren	n.	compatriot
人才培养	ren:cai:pei:yang	n.	talent cultivation
如是	ru:shi	adv.	thus
干脆	gan:cui	adj.	straightforward
干脆	gan:cui	adv.	just
相对于	xiang:dui:yu	prep.	relative to
平凡	ping:fan	adj.	ordinary
再来	zai:lai	v.	come again
交易所	jiao:yi:suo	n.	exchange
时限	shi:xian	n.	time limit
投稿	tou:gao	v.	contribute an article
拔	ba	v.	pull out
推销	tui:xiao	v.	promote sales
住房公积金	zhu:fang:gong:ji:jin	n.	housing fund
市场需求	shi:chang:xu:qiu	n.	market demand
缓存	huan:cun	n.	cache
缓存	huan:cun	v.	cache
短暂	duan:zan	adj.	brief
安全管理	an:quan:guan:li	n.	safety management
溶液	rong:ye	n.	solution
疫苗	yi:miao	n.	vaccine
欧阳	ou:yang	n.	Ouyang
百万	bai:wan	num.	million
大国	da:guo	n.	great power
这些人	zhe:xie:ren	pron.	these people
最基本	zui:ji:ben	adj.	most basic
海军	hai:jun	n.	navy
家和	jia:he	n.	family harmony
心理学	xin:li:xue	n.	psychology
舒服	shu:fu	adj.	comfortable
赞	zan	v.	praise
赞	zan	v.	like (a post)
保守	bao:shou	adj.	conservative
改制	gai:zhi	v.	restructure
糖尿病	tang:niao:bing	n.	diabetes
爆发	bao:fa	v.	erupt
爆发	bao:fa	n.	eruption
多久	duo:jiu	adv.	how long
从不	cong:bu	adv.	never
电网	dian:wang	n.	power grid
烟台	yan:tai	n.	Yantai
支援	zhi:yuan	v.	support
课文	ke:wen	n.	text
炮	pao	n.	cannon
深深	shen:shen	adv.	deeply
伸手	shen:shou	v.	stretch out one's hand
公证	gong:zheng	n.	notarization
翅膀	chi:bang	n.	wing
网络营销	wang:luo:ying:xiao	n.	internet marketing
傅	fu	n.	Fu
四种	si:zhong	num.	four kinds
太阳能	tai:yang:neng	n.	solar energy
基本情况	ji:ben:qing:kuang	n.	basic situation
不可以	bu:ke:yi	v.	must not
一族	yi:zu	n.	clan
清华	qing:hua	n.	Tsinghua
凯	kai	adj.	triumphant
月初	yue:chu	n.	beginning of the month
战场	zhan:chang	n.	battlefield
古城	gu:cheng	n.	ancient city
小朋友	xiao:peng:you	n.	child
不已	bu:yi	adv.	ceaselessly
强力	qiang:li	adj.	powerful
大盘	da:pan	n.	stock market index
保证金	bao:zheng:jin	n.	deposit
广播电视	guang:bo:dian:shi	n.	radio and television
金色	jin:se	n.	gold color
蝴蝶	hu:die	n.	butterfly
邪	xie	adj.	evil
不由	bu:you	adv.	involuntarily
芳	fang	n.	fragrance
浑	hun	adj.	muddy
第二十条	di:er:shi:tiao	n.	article 20
开采	kai:cai	v.	mine
补丁	bu:ding	n.	patch
夺	duo	v.	seize
洗澡	xi:zao	v.	bathe
宽	kuan	adj.	wide
文艺	wen:yi	n.	literature and art
论述	lun:shu	n.	discourse
座椅	zuo:yi	n.	seat
堆	dui	mw.	pile
堆	dui	v.	pile up
归还	gui:huan	v.	return
队伍建设	dui:wu:jian:she	n.	team building
下达	xia:da	v.	transmit
裂	lie	v.	crack
今晚	jin:wan	n.	tonight
网站建设	wang:zhan:jian:she	n.	website development
总监	zong:jian	n.	director
年产	nian:chan	n.	annual output
现价	xian:jia	n.	current price
十六	shi:liu	num.	16
自助	zi:zhu	n.	self-service
座谈会	zuo:tan:hui	n.	forum
衡量	heng:liang	v.	measure
注册资金	zhu:ce:zi:jin	n.	registered capital
实事求是	shi:shi:qiu:shi	adj.	pragmatic
楼下	lou:xia	n.	downstairs
筛选	shai:xuan	v.	screen
选取	xuan:qu	v.	select
考点	kao:dian	n.	examination center
牙齿	ya:chi	n.	tooth
国防	guo:fang	n.	national defense
模特	mo:te	n.	model
遭	zao	v.	suffer
持久	chi:jiu	adj.	long-lasting
信息产业部	xin:xi:chan:ye:bu	n.	Ministry of Information Industry
亮度	liang:du	n.	brightness
大纲	da:gang	n.	outline
赤	chi	adj.	red
旋	xuan	v.	revolve
中国经济	zhong:guo:jing:ji	n.	Chinese economy
太子	tai:zi	n.	crown prince
天涯	tian:ya	n.	horizon (ends of the earth)
重建	chong:jian	v.	rebuild
线索	xian:suo	n.	clue
专线	zhuan:xian	n.	dedicated line
时常	shi:chang	adv.	often
托管	tuo:guan	v.	entrust
滋味	zi:wei	n.	taste
山上	shan:shang	n.	on the mountain
秋天	qiu:tian	n.	autumn
超标	chao:biao	v.	exceed the standard
一度	yi:du	adv.	once
大气	da:qi	n.	atmosphere
扭	niu	v.	twist
审定	shen:ding	v.	examine and approve
理事会	li:shi:hui	n.	board of directors
使用方法	shi:yong:fang:fa	n.	how to use
积极参与	ji:ji:can:yu	v.	participate actively
地段	di:duan	n.	district
念头	nian:tou	n.	thought
厕所	ce:suo	n.	toilet
特效	te:xiao	n.	special effect
概论	gai:lun	n.	introduction
村庄	cun:zhuang	n.	village
东南亚	dong:nan:ya	n.	Southeast Asia
政府部门	zheng:fu:bu:men	n.	government department
经济增长	jing:ji:zeng:zhang	n.	economic growth
个人观点	ge:ren:guan:dian	n.	personal opinion
长久	chang:jiu	adj.	long-lasting
监视	jian:shi	v.	monitor
主要产品	zhu:yao:chan:pin	n.	main product
设想	she:xiang	v.	imagine
洁	jie	adj.	clean
静态	jing:tai	adj.	static
发行公司	fa:xing:gong:si	n.	publishing company
浮	fu	v.	float
阳台	yang:tai	n.	balcony
抵押	di:ya	v.	mortgage
怀里	huai:li	n.	in one's arms
醒来	xing:lai	v.	wake up
生产能力	sheng:chan:neng:li	n.	production capacity
门窗	men:chuang	n.	door and window
套房	tao:fang	n.	suite
悉	xi	adv.	all, fully
小子	xiao:zi	n.	kid, boy
研究中心	yan:jiu:zhong:xin	n.	research center
不算	bu:suan	v.	not count as
债权人	zhai:quan:ren	n.	creditor
相册	xiang:ce	n.	photo album
车上	che:shang	n.	on the car
生产厂家	sheng:chan:chang:jia	n.	manufacturer
左侧	zuo:ce	n.	left side
忽视	hu:shi	v.	ignore, neglect
焊接	han:jie	v.	weld
水源	shui:yuan	n.	water source
审判	shen:pan	n.	trial
擦	ca	v.	wipe
洗净	xi:jing	v.	wash clean
话说	hua:shuo	v.	it is said
再生	zai:sheng	v.	regenerate
新区	xin:qu	n.	new district
聘用	pin:yong	v.	hire
毫秒	hao:miao	n.	millisecond
保健品	bao:jian:pin	n.	health product
本案	ben:an	n.	this case
口岸	kou:an	n.	port, port of entry
国际贸易	guo:ji:mao:yi	n.	international trade
规章制度	gui:zhang:zhi:du	n.	rules and regulations
社会保障	she:hui:bao:zhang	n.	social security
收缩	shou:suo	v.	contract
批判	pi:pan	v.	criticize
研究员	yan:jiu:yuan	n.	researcher
相关专业	xiang:guan:zhuan:ye	n.	related major
选定	xuan:ding	v.	select
重要组成	zhong:yao:zu:cheng	n.	important component
服从	fu:cong	v.	obey
汉族	han:zu	n.	Han ethnicity
通风	tong:feng	v.	ventilate
出手	chu:shou	v.	make a move
相片	xiang:pian	n.	photo
慧	hui	adj.	intelligent
少于	shao:yu	prep.	less than
重要作用	zhong:yao:zuo:yong	n.	important role
缓缓	huan:huan	adv.	slowly
分行	fen:hang	n.	branch (bank)
新颖	xin:ying	adj.	novel, original
不幸	bu:xing	adj.	unfortunate
测评	ce:ping	v.	evaluate
后续	hou:xu	n.	follow-up
描写	miao:xie	v.	describe
美食	mei:shi	n.	gourmet food
一顿	yi:dun	mw.	a (meal)
销售人员	xiao:shou:ren:yuan	n.	sales personnel
交通事故	jiao:tong:shi:gu	n.	traffic accident
丽江	li:jiang	n.	Lijiang
本地区	ben:di:qu	n.	this region
水准	shui:zhun	n.	level, standard
物料	wu:liao	n.	materials
挪用	nuo:yong	v.	embezzle, misappropriate
多样化	duo:yang:hua	v.	diversify
多样化	duo:yang:hua	n.	diversification
开创	kai:chuang	v.	initiate, found
各界	ge:jie	n.	all walks of life
现代化建设	xian:dai:hua:jian:she	n.	modernization drive
阴影	yin:ying	n.	shadow, shade
而后	er:hou	conj.	and then
信息发布	xin:xi:fa:bu	n.	information release
搜狐	sou:hu	n.	Sohu
体制改革	ti:zhi:gai:ge	n.	structural reform
中医药	zhong:yi:yao	n.	Chinese medicine
矿山	kuang:shan	n.	mine
现代化的	xian:dai:hua:de	adj.	modern
风雨	feng:yu	n.	wind and rain
职业资格	zhi:ye:zi:ge	n.	professional qualification
广告位	guang:gao:wei	n.	ad space
得不到	de:bu:dao	v.	cannot obtain
五十	wu:shi	num.	fifty
卓越	zhuo:yue	adj.	excellent, outstanding
请教	qing:jiao	v.	ask for advice
会议室	hui:yi:shi	n.	meeting room
典	dian	n.	canonical text
执政	zhi:zheng	v.	be in power
赏	shang	v.	reward, appreciate
口语	kou:yu	n.	spoken language
年末	nian:mo	n.	end of the year
简化	jian:hua	v.	simplify
出让	chu:rang	v.	transfer (rights), sell
伊朗	yi:lang	n.	Iran
领导班子	ling:dao:ban:zi	n.	leadership group
门槛	men:kan	n.	threshold
必要时	bi:yao:shi	adv.	when necessary
就此	jiu:ci	adv.	on this, hereby
蒙古	meng:gu	n.	Mongolia
匆	cong	adj.	hasty, hurried
现任	xian:ren	adj.	current, incumbent
订立	ding:li	v.	conclude, conclude (a contract)
饭贴	fan:tie	n.	meal allowance
音箱	yin:xiang	n.	speaker, loudspeaker
评	ping	v.	comment, evaluate
发展中	fa:zhan:zhong	adj.	developing
充电	chong:dian	v.	charge (a battery)
一门	yi:men	num.	one
界定	jie:ding	v.	define
界定	jie:ding	n.	definition
车队	che:dui	n.	motorcade
车队	che:dui	n.	fleet
红军	hong:jun	n.	Red Army
纵	zong	conj.	even if
纵	zong	adj.	vertical
宝马	bao:ma	n.	BMW
宝马	bao:ma	n.	fine horse
精确	jing:que	adj.	precise
在下	zai:xia	pron.	I (humble)
兴起	xing:qi	v.	rise
兴起	xing:qi	n.	rise
跨国公司	kua:guo:gong:si	n.	multinational corporation
莲	lian	n.	lotus
雾	wu	n.	fog
杜绝	du:jue	v.	put an end to
道路交通	dao:lu:jiao:tong	n.	road traffic
爱人	ai:ren	n.	spouse
爱人	ai:ren	n.	lover
审理	shen:li	v.	try (a case)
经济社会	jing:ji:she:hui	n.	economy and society
起草	qi:cao	v.	draft
所学	suo:xue	n.	what one has learned
领袖	ling:xiu	n.	leader
乌	wu	adj.	black
乌	wu	n.	crow
暗示	an:shi	v.	hint
暗示	an:shi	n.	hint
总则	zong:ze	n.	general provisions
移动电话	yi:dong:dian:hua	n.	mobile phone
我爱你	wo:ai:ni	v.	I love you
跃	yue	v.	leap
座位	zuo:wei	n.	seat
讨厌	tao:yan	v.	dislike
讨厌	tao:yan	adj.	annoying
壮	zhuang	adj.	robust
旗下	qi:xia	n.	under one's banner
省内	sheng:nei	n.	within the province
火焰	huo:yan	n.	flame
公约	gong:yue	n.	convention
走上	zou:shang	v.	step onto
贴	tie	v.	stick
贴	tie	v.	subsidize
拍照	pai:zhao	n.	taking photos
返还	fan:huan	v.	return
酱油	jiang:you	n.	soy sauce
误区	wu:qu	n.	misconception
截至	jie:zhi	prep.	up to (a date)
丰	feng	adj.	abundant
隔	ge	v.	separate
隔	ge	prep.	at an interval of
看似	kan:si	v.	seem to be
他自己	ta:zi:ji	pron.	himself
针对性	zhen:dui:xing	n.	pertinence
万元以下	wan:yuan:yi:xia	n.	under 10,000 yuan
健	jian	adj.	healthy
仲裁	zhong:cai	n.	arbitration
修炼	xiu:lian	v.	cultivate
提供者	ti:gong:zhe	n.	provider
票据	piao:ju	n.	note
辛	xin	adj.	laborious
全都	quan:dou	adv.	all
新一代	xin:yi:dai	n.	new generation
地狱	di:yu	n.	hell
第一天	di:yi:tian	n.	first day
徐州	xu:zhou	n.	Xuzhou
一九	yi:jiu	num.	19
心得	xin:de	n.	insight
接管	jie:guan	v.	take over
服务员	fu:wu:yuan	n.	waiter
交叉	jiao:cha	v.	cross
抵	di	v.	resist
竹	zhu	n.	bamboo
彻	che	adj.	thorough
角落	jiao:luo	n.	corner
科学研究	ke:xue:yan:jiu	n.	scientific research
离去	li:qu	v.	leave
引领	yin:ling	v.	lead
摩	mo	v.	rub
轰	hong	onom.	boom
情报	qing:bao	n.	intelligence
第七章	di:qi:zhang	n.	chapter seven
最少	zui:shao	adv.	at least
不好意思	bu:hao:yi:si	adj.	embarrassed
仓储	cang:chu	n.	storage
培训中心	pei:xun:zhong:xin	n.	training center
有害	you:hai	adj.	harmful
做爱	zuo:ai	v.	make love
适度	shi:du	adj.	moderate
曝光	bao:guang	v.	expose
发达	fa:da	adj.	developed
常识	chang:shi	n.	common sense
考场	kao:chang	n.	exam hall
胸部	xiong:bu	n.	chest
科室	ke:shi	n.	department
编	bian	v.	weave
肚	du	n.	belly
出自	chu:zi	v.	come from
繁殖	fan:zhi	v.	breed
用电	yong:dian	n.	electricity use
这个人	zhe:ge:ren	pron.	this person
插	cha	v.	insert
启发	qi:fa	v.	inspire
这话	zhe:hua	pron.	these words
磨	mo	v.	grind
话语	hua:yu	n.	discourse
四级	si:ji	n.	level four
护照	hu:zhao	n.	passport
奖学金	jiang:xue:jin	n.	scholarship
技术服务	ji:shu:fu:wu	n.	technical service
名叫	ming:jiao	v.	be named
去除	qu:chu	v.	remove
史上	shi:shang	n.	in history
门前	men:qian	n.	in front of the door
共同所有	gong:tong:suo:you	n.	joint ownership
困扰	kun:rao	v.	perplex
日历	ri:li	n.	calendar
失踪	shi:zong	v.	go missing
解读	jie:du	v.	interpret
建设用地	jian:she:yong:di	n.	construction land
上方	shang:fang	n.	above
行政管理部门	xing:zheng:guan:li:bu:men	n.	administrative department
核桃	he:tao	n.	walnut
人身	ren:shen	n.	person
可靠的	ke:kao:de	adj.	reliable
出示	chu:shi	v.	show
国民党	guo:min:dang	n.	Kuomintang
曹操	cao:cao	n.	Cao Cao
现行	xian:xing	adj.	current
派出	pai:chu	v.	dispatch
殴打	ou:da	v.	beat up
哎	ai	int.	oh!
友好	you:hao	adj.	friendly
疫情	yi:qing	n.	epidemic situation
第二十一条	di:er:shi:yi:tiao	n.	Article 21
高原	gao:yuan	n.	plateau
御	yu	v.	drive
供货	gong:huo	v.	supply goods
与时俱进	yu:shi:ju:jin	v.	keep pace with the times
锅炉	guo:lu	n.	boiler
生死	sheng:si	n.	life and death
监狱	jian:yu	n.	prison
填报	tian:bao	v.	fill in and report
卧室	wo:shi	n.	bedroom
辞职	ci:zhi	v.	resign
路面	lu:mian	n.	road surface
我司	wo:si	n.	our company
业务员	ye:wu:yuan	n.	salesperson
建设单位	jian:she:dan:wei	n.	project owner
域内	yu:nei	n.	within the domain
转入	zhuan:ru	v.	transfer into
无疑是	wu:yi:shi	adv.	without doubt
著作权	zhu:zuo:quan	n.	copyright
中毒	zhong:du	v.	be poisoned
近几年	jin:ji:nian	n.	recent years
耐	nai	v.	withstand
惧	ju	v.	fear
真心	zhen:xin	adj.	sincere
真心	zhen:xin	n.	sincerity
科技成果	ke:ji:cheng:guo	n.	scientific achievement
氏	shi	n.	Clan name
通知书	tong:zhi:shu	n.	notification
人民检察院	ren:min:jian:cha:yuan	n.	people's procuratorate
向往	xiang:wang	v.	yearn for
高出	gao:chu	v.	exceed
辉	hui	n.	brightness
语种	yu:zhong	n.	language (type)
四处	si:chu	adv.	everywhere
扶	fu	v.	support
温和	wen:he	adj.	mild
网易	wang:yi	n.	NetEase
基础知识	ji:chu:zhi:shi	n.	basic knowledge
创造性	chuang:zao:xing	n.	creativity
创造性	chuang:zao:xing	adj.	creative
恢	hui	adj.	vast
口腔	kou:qiang	n.	oral cavity
困惑	kun:huo	adj.	puzzled
困惑	kun:huo	n.	confusion
中国政府	zhong:guo:zheng:fu	n.	Chinese government
滚动	gun:dong	v.	scroll
滚动	gun:dong	v.	roll
貌	mao	n.	appearance
无不	wu:bu	adv.	without exception
顺便	shun:bian	adv.	conveniently
路过	lu:guo	v.	pass by
额	e	n.	forehead
额	e	n.	amount
述	shu	v.	state
总共	zong:gong	adv.	in total
陈述	chen:shu	v.	state
陈述	chen:shu	n.	statement
鉴于	jian:yu	prep.	given
票	piao	n.	ticket
票	piao	n.	vote
联网	lian:wang	v.	go online
财政部门	cai:zheng:bu:men	n.	finance department
笔记	bi:ji	n.	notes
急须	ji:xu	v.	urgently need
发扬	fa:yang	v.	promote
沈阳市	shen:yang:shi	n.	Shenyang
录制	lu:zhi	v.	record
录	lu	v.	record
开门	kai:men	v.	open
自主创新	zi:zhu:chuang:xin	n.	independent innovation
化妆	hua:zhuang	v.	put on makeup
学到	xue:dao	v.	learn
失业	shi:ye	v.	lose one's job
支付宝	zhi:fu:bao	n.	Alipay
陷阱	xian:jing	n.	trap
杀死	sha:si	v.	kill
墙上	qiang:shang	n.	on the wall
饮用水	yin:yong:shui	n.	drinking water
南部	nan:bu	n.	south
发展战略	fa:zhan:zhan:lve	n.	development strategy
代表团	dai:biao:tuan	n.	delegation
卡号	ka:hao	n.	card number
男士	nan:shi	n.	gentleman
特种	te:zhong	adj.	special
被迫	bei:po	v.	be forced
多样	duo:yang	adj.	varied
陌生	mo:sheng	adj.	unfamiliar
膀	bang	n.	wing
较小	jiao:xiao	adj.	relatively small
央行	yang:hang	n.	central bank
经营活动	jing:ying:huo:dong	n.	business activity
余额	yu:e	n.	balance
第二十二条	di:er:shi:er:tiao	n.	article 22
白云	bai:yun	n.	white cloud
一楼	yi:lou	n.	first floor
精密	jing:mi	adj.	precise
不安	bu:an	adj.	anxious
言语	yan:yu	n.	speech
投保	tou:bao	v.	buy insurance
差点	cha:dian	adv.	almost
器件	qi:jian	n.	device
长远	chang:yuan	adj.	long-term
顶部	ding:bu	n.	top
本报记者	ben:bao:ji:zhe	n.	our newspaper's reporter
转发	zhuan:fa	v.	forward
页数	ye:shu	n.	number of pages
镜像	jing:xiang	n.	mirror image
阐述	chan:shu	v.	expound
房租	fang:zu	n.	rent
乐观	le:guan	adj.	optimistic
驱动程序	qu:dong:cheng:xu	n.	driver
易于	yi:yu	v.	be easy to
外来	wai:lai	adj.	external
直属	zhi:shu	adj.	directly subordinate
梦幻	meng:huan	adj.	dreamlike
分会	fen:hui	n.	branch
校区	xiao:qu	n.	campus
各级政府	ge:ji:zheng:fu	n.	governments at all levels
预约	yu:yue	v.	make an appointment
鹰	ying	n.	eagle
副教授	fu:jiao:shou	n.	associate professor
实惠	shi:hui	adj.	practical and affordable
通行	tong:xing	v.	pass through
督察	du:cha	n.	supervisor
法则	fa:ze	n.	law
共享软件	gong:xiang:ruan:jian	n.	shareware
撸	lu	v.	slap
孟	meng	n.	Meng (surname)
沙漠	sha:mo	n.	desert
送货上门	song:huo:shang:men	v.	deliver to the door
北京时间	bei:jing:shi:jian	n.	Beijing time
老鼠	lao:shu	n.	mouse
变换	bian:huan	v.	change
品尝	pin:chang	v.	taste
惩罚	cheng:fa	v.	punish
外商投资企业	wai:shang:tou:zi:qi:ye	n.	foreign-invested enterprise
发帖数	fa:tie:shu	n.	number of posts
入门	ru:men	v.	enter the gate
干预	gan:yu	v.	intervene
三亚	san:ya	n.	Sanya
功勋	gong:xun	n.	merit
拆除	chai:chu	v.	demolish
职场	zhi:chang	n.	workplace
零售价	ling:shou:jia	n.	retail price
脚下	jiao:xia	n.	under one's feet
书画	shu:hua	n.	calligraphy and painting
九月	jiu:yue	n.	September
门诊	men:zhen	n.	outpatient service
停车场	ting:che:chang	n.	parking lot
递	di	v.	hand over
正当	zheng:dang	adj.	legitimate
一百	yi:bai	num.	100
深入开展	shen:ru:kai:zhan	v.	carry out in depth
指挥官	zhi:hui:guan	n.	commander
叙述	xu:shu	v.	narrate
共识	gong:shi	n.	consensus
清新	qing:xin	adj.	fresh
发电	fa:dian	v.	generate electricity
默默	mo:mo	adv.	silently
侮辱	wu:ru	v.	insult
务实	wu:shi	adj.	pragmatic
兼并	jian:bing	v.	merge
不停	bu:ting	adv.	continuously
乐器	yue:qi	n.	musical instrument
参见	can:jian	v.	see (for reference)
平方	ping:fang	n.	square
说说	shuo:shuo	v.	have a talk
瑞	rui	adj.	auspicious
本日	ben:ri	n.	today
阴阳	yin:yang	n.	yin and yang
门外	men:wai	n.	outside the door
关系到	guan:xi:dao	v.	relate to
本章	ben:zhang	n.	this chapter
文件名	wen:jian:ming	n.	file name
唇	chun	n.	lip
震动	zhen:dong	v.	vibrate
震动	zhen:dong	n.	shock
同等	tong:deng	adj.	equal
领导者	ling:dao:zhe	n.	leader
原先	yuan:xian	adv.	originally
每当	mei:dang	conj.	whenever
开机	kai:ji	v.	power on
人际关系	ren:ji:guan:xi	n.	interpersonal relations
暂	zan	adv.	temporarily
货	huo	n.	goods
隧道	sui:dao	n.	tunnel
动感	dong:gan	n.	sense of movement
琴	qin	n.	stringed instrument
监察	jian:cha	v.	supervise
留意	liu:yi	v.	pay attention
伴侣	ban:lv	n.	partner
固定的	gu:ding:de	adj.	fixed
专业知识	zhuan:ye:zhi:shi	n.	professional knowledge
代谢	dai:xie	n.	metabolism
瀑布	pu:bu	n.	waterfall
破产	po:chan	v.	go bankrupt
如实	ru:shi	adv.	truthfully
燃油	ran:you	n.	fuel
踪	zong	n.	trace
白酒	bai:jiu	n.	Chinese liquor
码	ma	n.	code
供应链	gong:ying:lian	n.	supply chain
谈谈	tan:tan	v.	chat
政协	zheng:xie	n.	China's CPPCC
有利	you:li	adj.	beneficial
灾难	zai:nan	n.	disaster
携手	xie:shou	v.	join hands
高贵	gao:gui	adj.	noble
慰	wei	v.	comfort
白领	bai:ling	n.	white collar
营运	ying:yun	v.	operate
蛇	she	n.	snake
艺人	yi:ren	n.	performer
专业技术人员	zhuan:ye:ji:shu:ren:yuan	n.	technical personnel
不便	bu:bian	adj.	inconvenient
客服电话	ke:fu:dian:hua	n.	customer service phone
隐私	yin:si	n.	privacy
对外开放	dui:wai:kai:fang	v.	open to the outside world
一号	yi:hao	n.	number one
影音	ying:yin	n.	audiovisual
货到付款	huo:dao:fu:kuan	n.	cash on delivery
玲	ling	n.	Ling
晕	yun	v.	faint
晕	yun	adj.	dizzy
副市长	fu:shi:zhang	n.	deputy mayor
损	sun	v.	damage
损	sun	adj.	mean
中部	zhong:bu	n.	middle part
吖	a	int.	ah
吖	ya	part.	sentence-final particle
急需	ji:xu	v.	urgently need
下一批	xia:yi:pi	n.	next batch
晚餐	wan:can	n.	dinner
邻居	lin:ju	n.	neighbor
轩	xuan	n.	pavilion
粗	cu	adj.	thick
粗	cu	adj.	coarse
更新日期	geng:xin:ri:qi	n.	date of update
掩	yan	v.	cover
掩	yan	v.	hide
屁	pi	n.	fart
十月	shi:yue	n.	October
体质	ti:zhi	n.	constitution
外壳	wai:ke	n.	shell
悠	you	adj.	leisurely
悠	you	v.	swing
此文	ci:wen	n.	this article
步入	bu:ru	v.	step into
机体	ji:ti	n.	airframe
机体	ji:ti	n.	body (organism)
卡片	ka:pian	n.	card
养护	yang:hu	v.	maintain
仰	yang	v.	look up
凝聚	ning:ju	v.	condense
凝聚	ning:ju	v.	converge
科技创新	ke:ji:chuang:xin	n.	technological innovation
威力	wei:li	n.	power
人民共和国	ren:min:gong:he:guo	n.	people's republic
鸳鸯	yuan:yang	n.	mandarin duck
摄像机	she:xiang:ji	n.	video camera
心理健康	xin:li:jian:kang	n.	mental health
地方人民政府	di:fang:ren:min:zheng:fu	n.	local people's government
企图	qi:tu	v.	attempt
企图	qi:tu	n.	attempt
内核	nei:he	n.	kernel
内核	nei:he	n.	core
丝毫	si:hao	n.	bit
丝毫	si:hao	adv.	at all
栽培	zai:pei	v.	cultivate
栽培	zai:pei	v.	nurture
拼命	pin:ming	v.	risk one's life
拼命	pin:ming	adv.	desperately
新回复	xin:hui:fu	n.	new reply
奔驰	ben:chi	n.	Benz
奔驰	ben:chi	v.	gallop
真空	zhen:kong	n.	vacuum
有兴趣	you:xing:qu	v.	be interested
天线	tian:xian	n.	antenna
零	ling	num.	zero
绘制	hui:zhi	v.	draw
中方	zhong:fang	n.	Chinese side
线上	xian:shang	adv.	online
至此	zhi:ci	adv.	up to this point
村里	cun:li	n.	in the village
更多信息	geng:duo:xin:xi	n.	more information
不及	bu:ji	v.	not as good as
灵感	ling:gan	n.	inspiration
大方	da:fang	adj.	generous
大方	da:fang	adj.	natural and poised
古人	gu:ren	n.	ancient people
两边	liang:bian	n.	both sides
卖出	mai:chu	v.	sell
牌子	pai:zi	n.	brand
盟	meng	n.	alliance
途	tu	n.	way
置于	zhi:yu	v.	place at
滋润	zi:run	v.	moisten
滋润	zi:run	adj.	comfortable
沿海	yan:hai	n.	coastal area
沿海	yan:hai	adj.	coastal
海水	hai:shui	n.	seawater
贼	zei	n.	thief
有机会	you:ji:hui	v.	have the opportunity
下载速度	xia:zai:su:du	n.	download speed
家产	jia:chan	n.	family property
视角	shi:jiao	n.	perspective
具体情况	ju:ti:qing:kuang	n.	specific situation
发证	fa:zheng	v.	issue certificates
开支	kai:zhi	n.	expenses
品味	pin:wei	n.	taste
品味	pin:wei	v.	appreciate
共产党	gong:chan:dang	n.	Communist Party
户名	hu:ming	n.	account name
洪	hong	n.	flood
清晨	qing:chen	n.	early morning
有关单位	you:guan:dan:wei	n.	relevant organizations
机组	ji:zu	n.	crew
离不开	li:bu:kai	v.	cannot be separated from
长期以来	chang:qi:yi:lai	adv.	for a long time
政权	zheng:quan	n.	political power
悟	wu	v.	realize
图文	tu:wen	n.	pictures and text
感激	gan:ji	v.	be grateful
服务质量	fu:wu:zhi:liang	n.	service quality
思想政治	si:xiang:zheng:zhi	n.	ideology and politics
挫折	cuo:zhe	n.	setback
挫折	cuo:zhe	v.	be frustrated
发了	fa:le	v.	send
发了	fa:le	v.	make a fortune
定时	ding:shi	adv.	at regular intervals
定时	ding:shi	adj.	timed
不止	bu:zhi	adv.	over
不止	bu:zhi	v.	not stop
亲人	qin:ren	n.	family member
关节	guan:jie	n.	joint
关节	guan:jie	n.	key point
癌症	ai:zheng	n.	cancer
蓝牙	lan:ya	n.	Bluetooth
导弹	dao:dan	n.	missile
市场竞争	shi:chang:jing:zheng	n.	market competition
各种各样	ge:zhong:ge:yang	adj.	all kinds of
地理位置	di:li:wei:zhi	n.	geographic location
主要原因	zhu:yao:yuan:yin	n.	main cause
向下	xiang:xia	adv.	downward
固	gu	adj.	solid
固	gu	adv.	firmly
固	gu	adv.	certainly
人选	ren:xuan	n.	candidate (for a post)
占地面积	zhan:di:mian:ji	n.	covered area
十几	shi:ji	num.	thirteen to nineteen
窗外	chuang:wai	n.	outside the window
风味	feng:wei	n.	flavor
进一步提高	jin:yi:bu:ti:gao	v.	further improve
新城	xin:cheng	n.	new town
天上	tian:shang	n.	in the sky
高级会员	gao:ji:hui:yuan	n.	premium member
清醒	qing:xing	adj.	clear-headed
清醒	qing:xing	v.	come to
重要内容	zhong:yao:nei:rong	n.	important content
往返	wang:fan	v.	go back and forth
往返	wang:fan	n.	round trip
原则上	yuan:ze:shang	adv.	in principle
青团	qing:tuan	n.	green rice dumpling
近年	jin:nian	n.	recent years
三维	san:wei	n.	three dimensions
开出	kai:chu	v.	open (a flower)
开出	kai:chu	v.	open up (a business)
商量	shang:liang	v.	discuss
讶	ya	adj.	surprised
学时	xue:shi	n.	class hour
污染物	wu:ran:wu	n.	pollutant
捕捉	bu:zhuo	v.	capture
捕捉	bu:zhuo	v.	seize (an opportunity)
思想道德	si:xiang:dao:de	n.	ideology and morality
整天	zheng:tian	adv.	all day long
使者	shi:zhe	n.	envoy
标明	biao:ming	v.	mark
冬	dong	n.	winter
说起	shuo:qi	v.	mention
滑	hua	v.	slide
抢救	qiang:jiu	v.	rescue
抢救	qiang:jiu	v.	resuscitate
男朋友	nan:peng:you	n.	boyfriend
治安	zhi:an	n.	public order
有趣	you:qu	adj.	interesting
拓宽	tuo:kuan	v.	widen
日出	ri:chu	n.	sunrise
细分	xi:fen	v.	subdivide
批发市场	pi:fa:shi:chang	n.	wholesale market
酒精	jiu:jing	n.	alcohol
甜	tian	adj.	sweet
副总经理	fu:zong:jing:li	n.	deputy general manager
剩下的	sheng:xia:de	adj.	remaining
关心的	guan:xin:de	adj.	concerned
慢慢地	man:man:de	adv.	slowly
氧化	yang:hua	v.	oxidize
哪怕	na:pa	conj.	even if
流域	liu:yu	n.	river basin
化解	hua:jie	v.	defuse
过大	guo:da	adj.	excessive
举措	ju:cuo	n.	measure
郁	yu	adj.	gloomy
形容	xing:rong	v.	describe
松下	song:xia	n.	Panasonic
专人	zhuan:ren	n.	special personnel
期限内	qi:xian:nei	n.	within the deadline
五月	wu:yue	n.	May
响起	xiang:qi	v.	sound
穿越	chuan:yue	v.	traverse
琳	lin	n.	fine jade
租用	zu:yong	v.	rent
辆	liang	mw.	classifier for vehicles
山庄	shan:zhuang	n.	mountain villa
漫长	man:chang	adj.	very long
支持下	zhi:chi:xia	n.	under support
外国人	wai:guo:ren	n.	foreigner
赛车	sai:che	n.	racing car
信赖	xin:lai	v.	trust
乃	nai	adv.	namely
有必要	you:bi:yao	adj.	necessary
摘自	zhai:zi	v.	excerpted from
赌博	du:bo	v.	gamble
椅子	yi:zi	n.	chair
猪	zhu	n.	pig
近代	jin:dai	n.	modern era
推荐的	tui:jian:de	adj.	recommended
手臂	shou:bi	n.	arm
电商	dian:shang	n.	e-commerce
一点点	yi:dian:dian	adv.	a little
疗法	liao:fa	n.	therapy
宁波市	ning:bo:shi	n.	Ningbo
拥抱	yong:bao	v.	embrace
邓小平	deng:xiao:ping	n.	Deng Xiaoping
暖	nuan	adj.	warm
挣	zheng	v.	earn
走路	zou:lu	v.	walk
新帖	xin:tie	n.	new post
准备工作	zhun:bei:gong:zuo	n.	preparation
有限的	you:xian:de	adj.	limited
定向	ding:xiang	v.	orient
这是因为	zhe:shi:yin:wei	conj.	this is because
一大批	yi:da:pi	num.	a large batch
奖项	jiang:xiang	n.	award
边界	bian:jie	n.	boundary
可以选择	ke:yi:xuan:ze	v.	can choose
产品规格	chan:pin:gui:ge	n.	product specifications
下方	xia:fang	n.	lower part
加剧	jia:ju	v.	intensify
通讯地址	tong:xun:di:zhi	n.	mailing address
期间的	qi:jian:de	adj.	interim
社会团体	she:hui:tuan:ti	n.	social organization
球场	qiu:chang	n.	sports field
西安市	xi:an:shi	n.	Xi'an
元旦	yuan:dan	n.	New Year's Day
副所长	fu:suo:zhang	n.	deputy director
所长	suo:zhang	n.	director
男友	nan:you	n.	boyfriend
立项	li:xiang	v.	approve a project
人心	ren:xin	n.	popular feeling
免费下载	mian:fei:xia:zai	v.	free download
质地	zhi:di	n.	texture
印章	yin:zhang	n.	seal
清水	qing:shui	n.	clear water
米饭	mi:fan	n.	cooked rice
车次	che:ci	n.	train number
第二十三条	di:er:shi:san:tiao	num.	Article 23
推翻	tui:fan	v.	overthrow
成功地	cheng:gong:de	adv.	successfully
总理	zong:li	n.	premier
深深的	shen:shen:de	adj.	deep
旦	dan	n.	dawn
信托	xin:tuo	n.	trust
估	gu	v.	estimate
比起	bi:qi	prep.	compared with
本专业	ben:zhuan:ye	n.	this major
坦	tan	adj.	franc
年月日	nian:yue:ri	n.	date
惠普	hui:pu	n.	HP
薪水	xin:shui	n.	salary
通话	tong:hua	n.	phone call
碰撞	peng:zhuang	v.	collide
从来没有	cong:lai:mei:you	adv.	never
须知	xu:zhi	n.	notice
灰色	hui:se	n.	gray
中国市场	zhong:guo:shi:chang	n.	Chinese market
替换	ti:huan	v.	replace
宽容	kuan:rong	adj.	tolerant
恶心	e:xin	v.	feel nauseated
恶心	e:xin	adj.	disgusting
核对	he:dui	v.	verify
其间	qi:jian	n.	in the meantime
第一名	di:yi:ming	n.	first place
噪音	zao:yin	n.	noise
肩膀	jian:bang	n.	shoulder
树木	shu:mu	n.	tree
机床	ji:chuang	n.	machine tool
酸奶	suan:nai	n.	yogurt
流失	liu:shi	v.	drain away
甘	gan	adj.	sweet
瓶颈	ping:jing	n.	bottleneck
基础设施建设	ji:chu:she:shi:jian:she	n.	infrastructure construction
阀门	fa:men	n.	valve
否认	fou:ren	v.	deny
乌鲁木齐	wu:lu:mu:qi	n.	Urumqi
水电	shui:dian	n.	hydroelectricity
水电	shui:dian	n.	water and electricity
实施细则	shi:shi:xi:ze	n.	implementation rules
高性能	gao:xing:neng	adj.	high-performance
下滑	xia:hua	v.	slide down
高山	gao:shan	n.	high mountain
佩	pei	v.	wear (on the belt)
佩	pei	v.	admire
劳务	lao:wu	n.	labor services
启示	qi:shi	n.	revelation
启示	qi:shi	n.	inspiration
基金会	ji:jin:hui	n.	foundation
微生物	wei:sheng:wu	n.	microorganism
精通	jing:tong	v.	master
会展	hui:zhan	n.	exhibitions
莱	lai	n.	chenopodium
半导体	ban:dao:ti	n.	semiconductor
副部长	fu:bu:zhang	n.	deputy minister
不明	bu:ming	adj.	unclear
法学院	fa:xue:yuan	n.	law school
发表者	fa:biao:zhe	n.	publisher
企业发展	qi:ye:fa:zhan	n.	business development
香味	xiang:wei	n.	fragrance
没办法	mei:ban:fa	v.	have no way
享	xiang	v.	enjoy
演奏	yan:zou	v.	perform
争夺	zheng:duo	v.	contend
吼	hou	v.	roar
吼	hou	n.	roar
批量	pi:liang	n.	batch
构	gou	v.	construct
娃娃	wa:wa	n.	baby
现货	xian:huo	n.	goods in stock
秋季	qiu:ji	n.	autumn
所得税	suo:de:shui	n.	income tax
电子政务	dian:zi:zheng:wu	n.	e-government
前所未有	qian:suo:wei:you	adj.	unprecedented
绝望	jue:wang	n.	despair
绝望	jue:wang	v.	despair
共青团	gong:qing:tuan	n.	Communist Youth League
央视	yang:shi	n.	CCTV
不该	bu:gai	v.	should not
这边	zhe:bian	pron.	here
禁用	jin:yong	v.	disable
职业技术学院	zhi:ye:ji:shu:xue:yuan	n.	vocational and technical college
旋律	xuan:lv	n.	melody
联合会	lian:he:hui	n.	federation
很是	hen:shi	adv.	very
付费	fu:fei	v.	pay
助手	zhu:shou	n.	assistant
寒冷	han:leng	adj.	cold
修养	xiu:yang	n.	cultivation
价钱	jia:qian	n.	price
管理中心	guan:li:zhong:xin	n.	management center
一夜	yi:ye	n.	one night
赞助	zan:zhu	v.	sponsor
赞助	zan:zhu	n.	sponsorship
管理层	guan:li:ceng	n.	management
粉	fen	n.	powder
粉	fen	adj.	pink
开头	kai:tou	n.	beginning
生产商	sheng:chan:shang	n.	manufacturer
桌子	zhuo:zi	n.	table
工序	gong:xu	n.	process
以色列	yi:se:lie	n.	Israel
经贸	jing:mao	n.	economy and trade
社会化	she:hui:hua	v.	socialize
社会化	she:hui:hua	n.	socialization
吻	wen	v.	kiss
吻	wen	n.	kiss
行人	xing:ren	n.	pedestrian
不顾	bu:gu	v.	regardless of
绍兴	shao:xing	n.	Shaoxing
纵横	zong:heng	v.	traverse freely
智能化	zhi:neng:hua	v.	intelligentize
智能化	zhi:neng:hua	n.	intelligentization
家教	jia:jiao	n.	tutor
家教	jia:jiao	n.	family education
潜	qian	v.	dive
潜	qian	adj.	hidden
编译	bian:yi	v.	compile
难免	nan:mian	adj.	unavoidable
难免	nan:mian	adv.	inevitably
往来	wang:lai	v.	have contact
往来	wang:lai	n.	dealings
防守	fang:shou	v.	defend
防守	fang:shou	n.	defense
登上	deng:shang	v.	climb aboard
巨头	ju:tou	n.	mogul
上司	shang:si	n.	superior
其他人	qi:ta:ren	n.	other people
瓶	ping	mw.	bottle
上架	shang:jia	v.	put on the shelf
上架	shang:jia	v.	be released
景象	jing:xiang	n.	scene
光滑	guang:hua	adj.	smooth
抵抗	di:kang	v.	resist
抵抗	di:kang	n.	resistance
驾校	jia:xiao	n.	driving school
错过	cuo:guo	v.	miss
网点	wang:dian	n.	branch office
网点	wang:dian	n.	network node
飞翔	fei:xiang	v.	fly
偶	ou	n.	idol
偶	ou	num.	even
偶	ou	adv.	by chance
图层	tu:ceng	n.	layer
身为	shen:wei	v.	be (as)
戒	jie	v.	give up
戒	jie	n.	sectarian discipline
单个	dan:ge	adj.	single
合金	he:jin	n.	alloy
吉祥	ji:xiang	adj.	auspicious
第一批	di:yi:pi	num.	first batch
十足	shi:zu	adj.	abundant
双向	shuang:xiang	adj.	two-way
春秋	chun:qiu	n.	spring and autumn
春秋	chun:qiu	n.	age
整整	zheng:zheng	adv.	fully
协同	xie:tong	v.	coordinate
协同	xie:tong	adj.	collaborative
副总裁	fu:zong:cai	n.	vice president
浓	nong	adj.	dense
浓	nong	adj.	deep (color, interest)
毁	hui	v.	destroy
销	xiao	v.	sell
销	xiao	v.	cancel (a pin)
度过	du:guo	v.	spend (time)
银子	yin:zi	n.	silver
不信	bu:xin	v.	disbelieve
迪	di	v.	enlighten
产业链	chan:ye:lian	n.	industry chain
紧紧	jin:jin	adv.	tightly
签发	qian:fa	v.	sign and issue
贵阳	gui:yang	n.	GUIYANG
车内	che:nei	n.	inside the car
偶像	ou:xiang	n.	idol
人力资源管理	ren:li:zi:yuan:guan:li	n.	human resource management
祝贺	zhu:he	v.	congratulate
祝贺	zhu:he	n.	congratulations
拒	ju	v.	refuse
渔业	yu:ye	n.	fishery
原装	yuan:zhuang	adj.	original
所在地区	suo:zai:di:qu	n.	region
医疗卫生	yi:liao:wei:sheng	n.	healthcare
绕	rao	v.	go around
我们党	wo:men:dang	n.	our party
热水	re:shui	n.	hot water
能力强	neng:li:qiang	adj.	capable
雕塑	diao:su	n.	sculpture
雕塑	diao:su	v.	sculpt
埃及	ai:ji	n.	Egypt
使用的	shi:yong:de	adj.	used
影史	ying:shi	n.	film history
骄傲	jiao:ao	adj.	proud
骄傲	jiao:ao	n.	pride
找了	zhao:le	v.	looked for
拉动	la:dong	v.	drive
放行	fang:xing	v.	let pass
跳舞	tiao:wu	v.	dance
登山	deng:shan	v.	climb mountains
自带	zi:dai	v.	bring one's own
有力的	you:li:de	adj.	powerful
市内	shi:nei	n.	within the city
柔和	rou:he	adj.	soft
光荣	guang:rong	adj.	glorious
光荣	guang:rong	n.	honor
一经	yi:jing	conj.	as soon as
勒	le	v.	rein in
勒	lei	v.	strangle
捐款	juan:kuan	n.	donation
捐款	juan:kuan	v.	donate
来临	lai:lin	v.	approach
不稳定	bu:wen:ding	adj.	unstable
底部	di:bu	n.	bottom
伸出	shen:chu	v.	stretch out
也不知道	ye:bu:zhi:dao	v.	have no idea
瑞典	rui:dian	n.	Sweden
山的	shan:de	adj.	mountainous
知识分子	zhi:shi:fen:zi	n.	intellectual
朗	lang	adj.	bright
发热	fa:re	v.	have a fever
借款	jie:kuan	n.	loan
借款	jie:kuan	v.	borrow money
教会	jiao:hui	n.	church
教会	jiao:hui	v.	teach
将近	jiang:jin	adv.	nearly
每一次	mei:yi:ci	pron.	every time
前方	qian:fang	n.	ahead
只得	zhi:de	adv.	have to
豆浆	dou:jiang	n.	soy milk
桌上	zhuo:shang	n.	on the table
十二月	shi:er:yue	n.	December
毫升	hao:sheng	n.	milliliter
中央电视台	zhong:yang:dian:shi:tai	n.	CCTV
没错	mei:cuo	adj.	correct
窗户	chuang:hu	n.	window
西门子	xi:men:zi	n.	Siemens
面临着	mian:lin:zhe	v.	face
评议	ping:yi	v.	deliberate
面部	mian:bu	n.	face
流传	liu:chuan	v.	spread
四季	si:ji	n.	four seasons
违背	wei:bei	v.	violate
词语	ci:yu	n.	word
着手	zhuo:shou	v.	set about
嘻	xi	onom.	titter
金山	jin:shan	n.	gold mountain
这一次	zhe:yi:ci	n.	this time
那儿	na:er	pron.	there
第三个	di:san:ge	n.	third
尾	wei	n.	tail
善良	shan:liang	adj.	kind
东南	dong:nan	n.	southeast
帐	zhang	n.	account
何况	he:kuang	conj.	much less
过客	guo:ke	n.	passing traveler
废	fei	adj.	waste
速率	su:lv	n.	speed
冶金	ye:jin	n.	metallurgy
万一	wan:yi	conj.	in case
延	yan	v.	extend
机器人	ji:qi:ren	n.	robot
路由	lu:you	n.	routing
教案	jiao:an	n.	lesson plan
推介	tui:jie	v.	promote
六月	liu:yue	n.	June
衔接	xian:jie	v.	link
敲	qiao	v.	knock
来回	lai:hui	adv.	back and forth
烂	lan	adj.	rotten
自考	zi:kao	n.	self-taught exam
经济建设	jing:ji:jian:she	n.	economic development
白糖	bai:tang	n.	white sugar
创立	chuang:li	v.	found
文书	wen:shu	n.	documents
带头	dai:tou	v.	lead
独有	du:you	adj.	unique
美白	mei:bai	v.	whiten (skin)
曼	man	n.	Mann
紫色	zi:se	n.	purple
厌	yan	v.	detest
色泽	se:ze	n.	color and luster
宜	yi	adj.	suitable
路边	lu:bian	n.	roadside
新华	xin:hua	n.	Xinhua
中学生	zhong:xue:sheng	n.	middle school student
圣诞节	sheng:dan:jie	n.	Christmas
几分	ji:fen	num.	several
羞	xiu	adj.	shy
勉强	mian:qiang	adv.	reluctantly
指着	zhi:zhe	v.	point at
喂	wei	int.	hey (greeting)
喂	wei	v.	feed
敢于	gan:yu	v.	dare to
中文版	zhong:wen:ban	n.	Chinese edition
投产	tou:chan	v.	put into production
在一些	zai:yi:xie	prep.	in some~
建立一个	jian:li:yi:ge	v.	establish one
方便面	fang:bian:mian	n.	instant noodles
吟	yin	v.	recite
您还	nin:hai	pron.	you still
七月	qi:yue	n.	July
声誉	sheng:yu	n.	reputation
时装	shi:zhuang	n.	fashion clothing
歌声	ge:sheng	n.	singing voice
普查	pu:cha	n.	general survey
这个世界	zhe:ge:shi:jie	n.	this world
滴	di	mw.	drop
滴	di	v.	drip
拉萨	la:sa	n.	Lhasa
分组	fen:zu	v.	divide into groups
分组	fen:zu	n.	group division
候选人	hou:xuan:ren	n.	candidate
快感	kuai:gan	n.	pleasure
龙头企业	long:tou:qi:ye	n.	leading enterprise
洲	zhou	n.	continent
爹	die	n.	dad
艳	yan	adj.	beautiful
之所	zhi:suo	part.	that which~
比亚迪	bi:ya:di	n.	BYD
晴	qing	adj.	sunny
可口可乐	ke:kou:ke:le	n.	Coca-Cola
示例	shi:li	n.	example
一味	yi:wei	adv.	persistently
武林	wu:lin	n.	martial arts world
进军	jin:jun	v.	march into
看了看	kan:le:kan	v.	took a look
意图	yi:tu	n.	intention
印发	yin:fa	v.	print and distribute
起身	qi:shen	v.	get up
想让	xiang:rang	v.	want to let~
要知道	yao:zhi:dao	v.	one must know
坚实的	jian:shi:de	adj.	solid
星期	xing:qi	n.	week
几乎是	ji:hu:shi	adv.	almost is
抚	fu	v.	soothe
十个	shi:ge	num.	ten
澳洲	ao:zhou	n.	Australia
显示出	xian:shi:chu	v.	show
社会科学	she:hui:ke:xue	n.	social sciences
转帖	zhuan:tie	v.	repost
转帖	zhuan:tie	n.	repost
小儿	xiao:er	n.	young child
前途	qian:tu	n.	future prospects
外交	wai:jiao	n.	diplomacy
评委	ping:wei	n.	judge
格外	ge:wai	adv.	especially
演唱会	yan:chang:hui	n.	concert
约会	yue:hui	n.	date
约会	yue:hui	v.	have a date
缩	suo	v.	shrink
外包	wai:bao	v.	outsourcing
索取	suo:qu	v.	demand
援助	yuan:zhu	n.	aid
援助	yuan:zhu	v.	assist
经营权	jing:ying:quan	n.	management rights
爱国	ai:guo	v.	love one's country
第二十四条	di:er:shi:si:tiao	n.	Article 24
农机	nong:ji	n.	farm machinery
县政府	xian:zheng:fu	n.	county government
加之	jia:zhi	adv.	moreover
去掉	qu:diao	v.	remove
三月	san:yue	n.	March
手下	shou:xia	n.	subordinate
图例	tu:li	n.	legend
嘴唇	zui:chun	n.	lip
大桥	da:qiao	n.	bridge
协	xie	v.	assist
景色	jing:se	n.	scenery
庆祝	qing:zhu	v.	celebrate
内容简介	nei:rong:jian:jie	n.	content summary
北海	bei:hai	n.	Beihai
脖子	bo:zi	n.	neck
出身	chu:shen	n.	origin
叔叔	shu:shu	n.	uncle
卡通	ka:tong	n.	cartoon
详细内容	xiang:xi:nei:rong	n.	details
真相	zhen:xiang	n.	truth
养老	yang:lao	v.	provide for the elderly
骗子	pian:zi	n.	swindler
央	yang	v.	beg
货款	huo:kuan	n.	payment for goods
不许	bu:xu	v.	not allow
着重	zhuo:zhong	v.	emphasize
着重	zhuo:zhong	adv.	emphatically
战胜	zhan:sheng	v.	defeat
信贷	xin:dai	n.	credit
悔	hui	v.	regret
艹	cao	n.	grass radical
常委会	chang:wei:hui	n.	standing committee
密切	mi:qie	adj.	close
乙醇	yi:chun	n.	ethanol
相关资料	xiang:guan:zi:liao	n.	related materials
行列	hang:lie	n.	ranks
仿真	fang:zhen	n.	simulation
旅馆	lv:guan	n.	hotel
逍遥	xiao:yao	adj.	free and unfettered
直接责任人员	zhi:jie:ze:ren:ren:yuan	n.	directly responsible person
坐着	zuo:zhe	v.	sit
油脂	you:zhi	n.	grease
总面积	zong:mian:ji	n.	total area
假期	jia:qi	n.	vacation
询价	xun:jia	v.	ask for a price quote
病变	bing:bian	n.	pathological change
市政	shi:zheng	n.	municipal administration
不包括	bu:bao:kuo	v.	not include
盛大	sheng:da	adj.	grand
看待	kan:dai	v.	regard
长大	zhang:da	v.	grow up
申明	shen:ming	v.	state
红柿	hong:shi	n.	highball tomato
分管	fen:guan	v.	be in charge of a division
客运	ke:yun	n.	passenger transport
肚子	du:zi	n.	belly
化肥	hua:fei	n.	chemical fertilizer
肖	xiao	n.	surname Xiao
内心的	nei:xin:de	adj.	inner
缠	chan	v.	entangle
脆	cui	adj.	crisp
总线	zong:xian	n.	bus
老化	lao:hua	v.	age
开工	kai:gong	v.	start work
痕	hen	n.	scar
心思	xin:si	n.	state of mind
大片	da:pian	n.	blockbuster
生命力	sheng:ming:li	n.	vitality
新课程	xin:ke:cheng	n.	new curriculum
软件开发	ruan:jian:kai:fa	n.	software development
出品	chu:pin	v.	produce
出行	chu:xing	v.	go on a trip
官方网站	guan:fang:wang:zhan	n.	official website
买入	mai:ru	v.	buy
伍	wu	num.	five
看书	kan:shu	v.	read a book
病例	bing:li	n.	medical case
气势	qi:shi	n.	momentum
寂	ji	adj.	solitary
何种	he:zhong	pron.	what kind
流畅	liu:chang	adj.	fluent
达标	da:biao	v.	meet the standard
政务	zheng:wu	n.	government affairs
直播	zhi:bo	n.	live broadcast
得意	de:yi	adj.	pleased with oneself
咳嗽	ke:sou	v.	cough
行了	xing:le	v.	enough / stop it
个人资料	ge:ren:zi:liao	n.	personal information
编辑器	bian:ji:qi	n.	editor
未必	wei:bi	adv.	not necessarily
住所	zhu:suo	n.	residence
杀毒软件	sha:du:ruan:jian	n.	antivirus software
牛肉	niu:rou	n.	beef
阶层	jie:ceng	n.	social stratum
掌握了	zhang:wo:le	v.	has grasped
子宫	zi:gong	n.	uterus
丰田	feng:tian	n.	Toyota
封面	feng:mian	n.	cover
告别	gao:bie	v.	bid farewell
发现自己	fa:xian:zi:ji	v.	discover oneself
国家机关	guo:jia:ji:guan	n.	state organ
但又	dan:you	conj.	but also
红包	hong:bao	n.	red envelope (gift of money)
但没	dan:mei	conj.	but did not
有哪些	you:na:xie	v.	what are there
店里	dian:li	n.	in the shop
产品价格	chan:pin:jia:ge	n.	product price
潜能	qian:neng	n.	potential
请通知	qing:tong:zhi	v.	please notify
圆形	yuan:xing	n.	circle
老头	lao:tou	n.	old man
万物	wan:wu	n.	all things
看完	kan:wan	v.	finish reading/looking
发展中国家	fa:zhan:zhong:guo:jia	n.	developing country
医治	yi:zhi	v.	treat (medically)
为她	wei:ta	prep.	for her
呼吁	hu:yu	v.	appeal
地形	di:xing	n.	terrain
袭击	xi:ji	v.	attack
第二届	di:er:jie	num.	second (session)
刚开始	gang:kai:shi	adv.	just started
信息来源	xin:xi:lai:yuan	n.	information source
遗传	yi:chuan	n.	heredity
近来	jin:lai	adv.	recently
民营	min:ying	adj.	privately-run
执业资格	zhi:ye:zi:ge	n.	practice qualification
亮相	liang:xiang	v.	make an appearance
启	qi	v.	open
保湿	bao:shi	v.	moisturize
几句	ji:ju	num.	a few sentences
翔	xiang	v.	soar
悬挂	xuan:gua	v.	hang
路段	lu:duan	n.	road section
毫克	hao:ke	mw.	milligram
为确保	wei:que:bao	conj.	in order to ensure
阻力	zu:li	n.	resistance
避开	bi:kai	v.	avoid
是一项	shi:yi:xiang	v.	is a (item)
心目中	xin:mu:zhong	n.	in one's mind
坦克	tan:ke	n.	tank
薄	bao	adj.	thin
薄	bo	adj.	fine/thin
旅游局	lv:you:ju	n.	tourism bureau
名词	ming:ci	n.	noun
服务商	fu:wu:shang	n.	service provider
很重要	hen:zhong:yao	adj.	very important
阿姨	a:yi	n.	auntie
阿姨	a:yi	n.	nanny
狮子	shi:zi	n.	lion
资本主义	zi:ben:zhu:yi	n.	capitalism
普洱茶	pu:er:cha	n.	Pu'er tea
奖品	jiang:pin	n.	prize
集装箱	ji:zhuang:xiang	n.	container
皮革	pi:ge	n.	leather
货运	huo:yun	n.	freight
价款	jia:kuan	n.	price
自学	zi:xue	v.	teach oneself
丰富多彩	feng:fu:duo:cai	adj.	rich and colorful
倾斜	qing:xie	v.	tilt
倾斜	qing:xie	adj.	slanted
浑身	hun:shen	adv.	all over the body
挣扎	zheng:zha	v.	struggle
相遇	xiang:yu	v.	meet
向外	xiang:wai	adv.	outward
跟随	gen:sui	v.	follow
权属	quan:shu	n.	ownership
日本人	ri:ben:ren	n.	Japanese person
打折	da:zhe	v.	give a discount
占领	zhan:ling	v.	occupy
千克	qian:ke	n.	kilogram
真情	zhen:qing	n.	true feelings
项目经理	xiang:mu:jing:li	n.	project manager
抓紧	zhua:jin	v.	grasp firmly
抓紧	zhua:jin	v.	hurry up
侯	hou	n.	marquis
侯	hou	n.	surname Hou
西红柿	xi:hong:shi	n.	tomato
理科	li:ke	n.	science
调度	diao:du	v.	dispatch
调度	diao:du	n.	dispatching
商品型号	shang:pin:xing:hao	n.	product model
劝	quan	v.	persuade
高三	gao:san	n.	senior year of high school
保温	bao:wen	v.	keep warm
开辟	kai:pi	v.	open up
一共	yi:gong	adv.	in total
浓郁	nong:yu	adj.	rich
浓郁	nong:yu	adj.	strong (flavor)
填充	tian:chong	v.	fill
温州市	wen:zhou:shi	n.	Wenzhou
招聘职位	zhao:pin:zhi:wei	n.	job opening
风景区	feng:jing:qu	n.	scenic area
单位名称	dan:wei:ming:cheng	n.	name of organization
时段	shi:duan	n.	time period
法律规定	fa:lv:gui:ding	n.	legal provision
远处	yuan:chu	n.	distance
资本市场	zi:ben:shi:chang	n.	capital market
节制	jie:zhi	v.	restrain
郭	guo	n.	surname Guo
奴	nu	n.	slave
鸣	ming	v.	cry (of birds)
花钱	hua:qian	v.	spend money
破解版	po:jie:ban	n.	cracked version
兴建	xing:jian	v.	build
鲁迅	lu:xun	n.	Lu Xun
地步	di:bu	n.	point
工程项目	gong:cheng:xiang:mu	n.	engineering project
倾	qing	v.	pour
招聘信息	zhao:pin:xin:xi	n.	job posting
打分	da:fen	v.	grade
动人	dong:ren	adj.	moving
性交	xing:jiao	v.	sexual intercourse
学期	xue:qi	n.	semester
采取措施	cai:qu:cuo:shi	v.	take measures
研究人员	yan:jiu:ren:yuan	n.	researcher
内向	nei:xiang	adj.	introverted
彩虹	cai:hong	n.	rainbow
局域网	ju:yu:wang	n.	local area network
到期	dao:qi	v.	expire
买房	mai:fang	v.	buy a house
公关	gong:guan	n.	public relations
南海	nan:hai	n.	South China Sea
匆匆	cong:cong	adj.	hurried
出差	chu:chai	v.	go on a business trip
个股	ge:gu	n.	individual stock
前列	qian:lie	n.	front rank
质疑	zhi:yi	v.	question
台阶	tai:jie	n.	step
悲哀	bei:ai	adj.	sad
经营理念	jing:ying:li:nian	n.	management philosophy
彼	bi	pron.	that
考评	kao:ping	v.	evaluate
首家	shou:jia	n.	first (company)
扩散	kuo:san	v.	spread
有种	you:zhong	adj.	to have guts
被告人	bei:gao:ren	n.	defendant
全民	quan:min	n.	whole nation
字幕	zi:mu	n.	subtitles
平民	ping:min	n.	civilian
副会长	fu:hui:zhang	n.	vice president
尊严	zun:yan	n.	dignity
卖场	mai:chang	n.	shopping mall
从业	cong:ye	v.	practice a profession
美人	mei:ren	n.	beauty
异地	yi:di	n.	another place
激素	ji:su	n.	hormone
侧面	ce:mian	n.	side
来访	lai:fang	v.	visit
扔	reng	v.	throw
登记表	deng:ji:biao	n.	registration form
好朋友	hao:peng:you	n.	good friend
撒	sa	v.	scatter
种族	zhong:zu	n.	race
药店	yao:dian	n.	pharmacy
共同努力	gong:tong:nu:li	v.	work together
几乎所有	ji:hu:suo:you	adj.	almost all
豫	yu	n.	Henan
感慨	gan:kai	v.	sigh with emotion
存档	cun:dang	v.	archive
风水	feng:shui	n.	feng shui
先行	xian:xing	v.	go ahead
党员干部	dang:yuan:gan:bu	n.	party member and cadre
青岛市	qing:dao:shi	n.	Qingdao (city)
佩服	pei:fu	v.	admire
质量问题	zhi:liang:wen:ti	n.	quality problem
故乡	gu:xiang	n.	hometown
改装	gai:zhuang	v.	refit
举动	ju:dong	n.	action
当下	dang:xia	n.	at present
优美	you:mei	adj.	graceful
检	jian	v.	inspect
妨碍	fang:ai	v.	hinder
裁判	cai:pan	n.	referee
右键	you:jian	n.	right click
低温	di:wen	n.	low temperature
针	zhen	n.	needle
耀	yao	v.	shine
无忧	wu:you	adj.	worry-free
痴	chi	adj.	silly
所在单位	suo:zai:dan:wei	n.	one's workplace
姆	mu	n.	governess
篇	pian	mw.	classifier for articles
大米	da:mi	n.	rice
椅	yi	n.	chair
乃是	nai:shi	v.	be
厂	chang	n.	factory
美国人	mei:guo:ren	n.	American
采取的	cai:qu:de	part.	that is taken
刚好	gang:hao	adv.	just
联手	lian:shou	v.	join hands
最后一个	zui:hou:yi:ge	n.	the last one
管制	guan:zhi	v.	control
遇见	yu:jian	v.	meet
董	dong	v.	direct
压抑	ya:yi	v.	suppress
全自动	quan:zi:dong	adj.	fully automatic
去吧	qu:ba	v.	let's go
射击	she:ji	v.	shoot
运气	yun:qi	n.	luck
造访	zao:fang	v.	visit
之前的	zhi:qian:de	adj.	previous
熊	xiong	n.	bear
坐下	zuo:xia	v.	sit down
强行	qiang:xing	adv.	forcibly
埋	mai	v.	bury
电视机	dian:shi:ji	n.	TV set
评比	ping:bi	v.	rate and compare
空军	kong:jun	n.	air force
凝聚力	ning:ju:li	n.	cohesion
暴露	bao:lu	v.	expose
乖	guai	adj.	well-behaved
举行了	ju:xing:le	v.	held (past)
上线	shang:xian	v.	go online
狐	hu	n.	fox
公共服务	gong:gong:fu:wu	n.	public service
可不	ke:bu	adv.	indeed
增进	zeng:jin	v.	promote
君子	jun:zi	n.	gentleman
因其	yin:qi	prep.	due to it
区间	qu:jian	n.	interval
外资企业	wai:zi:qi:ye	n.	foreign-funded enterprise
与技术	yu:ji:shu	prep.	and technology
蒋	jiang	n.	surname Jiang
吉他	ji:ta	n.	guitar
婆婆	po:po	n.	mother-in-law
申诉	shen:su	v.	appeal
踏	ta	v.	step on
合力	he:li	n.	combined effort
永远的	yong:yuan:de	adj.	eternal
隆	long	n.	surname Long
液晶	ye:jing	n.	liquid crystal
括	kuo	v.	include
难怪	nan:guai	adv.	no wonder
圆满	yuan:man	adj.	satisfactory
佛山市	fo:shan:shi	n.	Foshan
潮	chao	n.	tide
再见	zai:jian	v.	goodbye
无线电	wu:xian:dian	n.	radio
用以	yong:yi	v.	be used to
实用的	shi:yong:de	adj.	practical
在网站	zai:wang:zhan	prep.	on the website
联邦	lian:bang	n.	federation
唉	ai	int.	alas
摇头	yao:tou	v.	shake one's head
困境	kun:jing	n.	predicament
店面	dian:mian	n.	shopfront
供求	gong:qiu	n.	supply and demand
阶级	jie:ji	n.	class
综合素质	zong:he:su:zhi	n.	comprehensive quality
流氓	liu:mang	n.	hooligan
七年	qi:nian	num.	seven years
置顶	zhi:ding	v.	pin to top
制备	zhi:bei	v.	prepare
下一篇	xia:yi:pian	n.	next article
团委	tuan:wei	n.	Youth League committee
分级	fen:ji	v.	grade
限额	xian:e	n.	quota
有关问题	you:guan:wen:ti	n.	relevant issue
身旁	shen:pang	n.	at one's side
几个方面	ji:ge:fang:mian	n.	several aspects
穷	qiong	adj.	poor
崇拜	chong:bai	v.	worship
胖子	pang:zi	n.	fat person
聪	cong	adj.	clever
解脱	jie:tuo	n.	liberation
同情	tong:qing	v.	sympathize
茅台	mao:tai	n.	Moutai
有事	you:shi	v.	have something to do
摆放	bai:fang	v.	place
城市建设	cheng:shi:jian:she	n.	urban construction
帽子	mao:zi	n.	hat
总版主	zong:ban:zhu	n.	chief moderator
眼球	yan:qiu	n.	eyeball
关机	guan:ji	v.	power off
南山	nan:shan	n.	Nanshan
忽略	hu:lve	v.	neglect
除此之外	chu:ci:zhi:wai	conj.	besides this
加深	jia:shen	v.	deepen
术后	shu:hou	n.	postoperative
探测	tan:ce	v.	detect
壁纸	bi:zhi	n.	wallpaper
咨询服务	zi:xun:fu:wu	n.	consulting service
器官	qi:guan	n.	organ
抗生素	kang:sheng:su	n.	antibiotic
落地	luo:di	v.	land
买到	mai:dao	v.	manage to buy
小时候	xiao:shi:hou	n.	childhood
唤	huan	v.	call
年检	nian:jian	n.	annual inspection
快速回复	kuai:su:hui:fu	n.	quick reply
噪声	zao:sheng	n.	noise
泰	tai	adj.	peaceful
委托人	wei:tuo:ren	n.	client
紧张的	jin:zhang:de	adj.	tense
世人	shi:ren	n.	the world
童话	tong:hua	n.	fairy tale
之初	zhi:chu	n.	beginning
难得	nan:de	adj.	rare
鉴别	jian:bie	v.	distinguish
吸烟	xi:yan	v.	smoke
经销	jing:xiao	v.	distribute
老虎	lao:hu	n.	tiger
版	ban	n.	edition
雕刻	diao:ke	v.	carve
丰厚	feng:hou	adj.	generous
号称	hao:cheng	v.	be known as
交互	jiao:hu	adj.	interactive
国土	guo:tu	n.	territory
急忙	ji:mang	adv.	hurriedly
次日	ci:ri	n.	next day
个人信息	ge:ren:xin:xi	n.	personal information
宣传教育	xuan:chuan:jiao:yu	n.	publicity and education
在职	zai:zhi	adj.	in service
保证责任	bao:zheng:ze:ren	n.	guarantee liability
谢谢合作	xie:xie:he:zuo	int.	thanks for cooperation
翡翠	fei:cui	n.	jadeite
淡淡	dan:dan	adv.	faintly
末	mo	n.	end
一千	yi:qian	num.	one thousand
信息网络	xin:xi:wang:luo	n.	information network
效能	xiao:neng	n.	efficacy
购置	gou:zhi	v.	purchase
小孩子	xiao:hai:zi	n.	child
心头	xin:tou	n.	heart
好吃	hao:chi	adj.	delicious
配套设施	pei:tao:she:shi	n.	supporting facilities
民用	min:yong	adj.	civilian
区县	qu:xian	n.	districts and counties
分析师	fen:xi:shi	n.	analyst
度假	du:jia	v.	vacation
鱼类	yu:lei	n.	fish (collective)
清代	qing:dai	n.	Qing dynasty
第二十六条	di:er:shi:liu:tiao	num.	article 26
负债	fu:zhai	v.	be in debt
负债	fu:zhai	n.	liabilities
遏制	e:zhi	v.	contain
旗	qi	n.	flag
绑定	bang:ding	v.	bind
八月	ba:yue	n.	August
仪	yi	n.	ceremony
流浪	liu:lang	v.	wander
妊娠	ren:shen	n.	pregnancy
感叹	gan:tan	v.	sigh with feeling
焦	jiao	adj.	scched
旅游者	lv:you:zhe	n.	tourist
修行	xiu:xing	v.	practice
同志们	tong:zhi:men	n.	comrades
公章	gong:zhang	n.	official seal
研究成果	yan:jiu:cheng:guo	n.	research results
长老	zhang:lao	n.	elder
明代	ming:dai	n.	Ming dynasty
猫	mao	n.	cat
越是	yue:shi	adv.	the more
美妙	mei:miao	adj.	wonderful
职员	zhi:yuan	n.	employee
评测	ping:ce	n.	evaluation
尽情	jin:qing	adv.	to one's heart's content
戴尔	dai:er	n.	Dell
石材	shi:cai	n.	stone material
新款	xin:kuan	n.	new model
航线	hang:xian	n.	airline route
北美	bei:mei	n.	North America
富裕	fu:yu	adj.	wealthy
放开	fang:kai	v.	let go
供求信息	gong:qiu:xin:xi	n.	supply and demand information
变压器	bian:ya:qi	n.	transformer
拟定	ni:ding	v.	draw up
留学生	liu:xue:sheng	n.	overseas student
倾听	qing:ting	v.	listen attentively
东东	dong:dong	n.	Dongdong
第一位	di:yi:wei	num.	first
铝合金	lv:he:jin	n.	aluminum alloy
盗	dao	v.	steal
好在	hao:zai	adv.	fortunately
月光	yue:guang	n.	moonlight
摩擦	mo:ca	v.	rub
侍	shi	v.	serve
柴油	chai:you	n.	diesel oil
款	kuan	n.	fund
艰难	jian:nan	adj.	difficult
某某	mou:mou	pron.	such-and-such
折磨	zhe:mo	v.	torment
气味	qi:wei	n.	smell
拾	shi	v.	pick up
你我	ni:wo	pron.	you and I
提议	ti:yi	v.	proposer
荒	huang	adj.	barren
春季	chun:ji	n.	spring
好坏	hao:huai	n.	quality
新材料	xin:cai:liao	n.	new material
电子公告	dian:zi:gong:gao	n.	electronic bulletin
大都	da:dou	adv.	mostly
西湖	xi:hu	n.	West Lake
脾气	pi:qi	n.	temperament
千瓦	qian:wa	n.	kilowatt
功能强大	gong:neng:qiang:da	adj.	powerful
地毯	di:tan	n.	carpet
清晰的	qing:xi:de	adj.	clear
特价机票	te:jia:ji:piao	n.	discount air ticket
武装	wu:zhuang	n.	arms
有趣的	you:qu:de	adj.	interesting
最喜欢的	zui:xi:huan:de	adj.	favorite
手续费	shou:xu:fei	n.	service charge
发展方向	fa:zhan:fang:xiang	n.	development direction
油墨	you:mo	n.	ink
海内外	hai:nei:wai	n.	at home and abroad
概率	gai:lv	n.	probability
归纳	gui:na	v.	summarize
面子	mian:zi	n.	face (dignity)
联动	lian:dong	v.	linkage
约翰	yue:han	n.	John
前辈	qian:bei	n.	senior
中国大陆	zhong:guo:da:lu	n.	mainland China
时钟	shi:zhong	n.	clock
表扬	biao:yang	v.	praise
特权	te:quan	n.	privilege
一首	yi:shou	mw.	a measure word for songs
接轨	jie:gui	v.	link up with
姿	zi	n.	poster
在一定程度上	zai:yi:ding:cheng:du:shang	adv.	to some extent
生涯	sheng:ya	n.	career
林木	lin:mu	n.	forest trees
域	yu	n.	domain
搭	da	v.	take (transport)
切实加强	qie:shi:jia:qiang	v.	strengthen effectively
公用	gong:yong	adj.	public
数控	shu:kong	n.	numerical control
间隔	jian:ge	n.	interval
秉承	bing:cheng	v.	uphold
偶然	ou:ran	adv.	by chance
期末	qi:mo	n.	end of term
贴近	tie:jin	v.	be close to
从来	cong:lai	adv.	always
出错	chu:cuo	v.	make a mistake
所属行业	suo:shu:hang:ye	n.	industry
历程	li:cheng	n.	course
顶端	ding:duan	n.	top
腹部	fu:bu	n.	abdomen
更具	geng:ju	v.	even more
所有信息	suo:you:xin:xi	n.	all information
据此	ju:ci	adv.	on this basis
道歉	dao:qian	v.	apologize
不符	bu:fu	adj.	don't match
艺术品	yi:shu:pin	n.	artwork
第三次	di:san:ci	num.	third time
势头	shi:tou	n.	momentum
涉嫌	she:xian	v.	be suspected of
有何	you:he	pron.	what
最美	zui:mei	adj.	most beautiful
贵州省	gui:zhou:sheng	n.	Guizhou Province
面谈	mian:tan	n.	face-to-face interview
公交车	gong:jiao:che	n.	bus
产品编号	chan:pin:bian:hao	n.	product number
红旗	hong:qi	n.	red flag
订货	ding:huo	v.	place an order
食堂	shi:tang	n.	canteen
新华社	xin:hua:she	n.	Xinhua News Agency
唯有	wei:you	adv.	only
心底	xin:di	n.	bottom of one's heart
少许	shao:xu	adj.	a little
刊物	kan:wu	n.	publication
在这种情况下	zai:zhe:zhong:qing:kuang:xia	adv.	in this case
蜂蜜	feng:mi	n.	honey
收拾	shou:shi	v.	tidy up
收拾	shou:shi	v.	punish
弯曲	wan:qu	adj.	bent
先前	xian:qian	adv.	previously
好奇	hao:qi	adj.	curious
机箱	ji:xiang	n.	computer case
农业生产	nong:ye:sheng:chan	n.	agricultural production
挂牌	gua:pai	v.	hang a signboard
编译器	bian:yi:qi	n.	compiler
消费品	xiao:fei:pin	n.	consumer goods
节水	jie:shui	v.	save water
指责	zhi:ze	v.	criticize
再一次	zai:yi:ci	adv.	once again
理智	li:zhi	n.	reason
脉	mai	n.	pulse
脉	mai	n.	vein
接下	jie:xia	v.	take on
反射	fan:she	n.	reflection
反射	fan:she	v.	reflect
夜里	ye:li	n.	at night
写入	xie:ru	v.	write in
看作	kan:zuo	v.	regard as
授	shou	v.	award
作物	zuo:wu	n.	crop
军官	jun:guan	n.	officer
无畏	wu:wei	adj.	fearless
存货	cun:huo	n.	inventory
亲情	qin:qing	n.	family affection
敏捷	min:jie	adj.	agile
俗	su	adj.	vulgar
国债	guo:zhai	n.	national debt
海域	hai:yu	n.	sea area
私营企业	si:ying:qi:ye	n.	private enterprise
感悟	gan:wu	v.	realize
明确规定	ming:que:gui:ding	n.	clear provision
管理体制	guan:li:ti:zhi	n.	management system
给予警告	ji:yu:jing:gao	v.	give a warning
为期	wei:qi	v.	last (a period)
附则	fu:ze	n.	supplementary provisions
室外	shi:wai	n.	outdoors
老总	lao:zong	n.	boss
答题	da:ti	v.	answer questions
此人	ci:ren	pron.	this person
充足	chong:zu	adj.	abundant
融	rong	v.	melt
要约	yao:yue	n.	offer (legal)
观光	guan:guang	v.	sightsee
观光	guan:guang	n.	sightseeing
如不	ru:bu	conj.	if not
实业有限公司	shi:ye:you:xian:gong:si	n.	industrial co., ltd.
狱	yu	n.	prison
公安部	gong:an:bu	n.	Ministry of Public Security
欺	qi	v.	bully
更深	geng:shen	adj.	late at night
男的	nan:de	n.	man
彩电	cai:dian	n.	color TV
投影机	tou:ying:ji	n.	projector
核发	he:fa	v.	issue (licenses)
各县	ge:xian	n.	each county
日常生活	ri:chang:sheng:huo	n.	daily life
中国移动	zhong:guo:yi:dong	n.	China Mobile
说不定	shuo:bu:ding	adv.	maybe
扩建	kuo:jian	v.	expand (a building)
忙碌	mang:lu	adj.	busy
这两种	zhe:liang:zhong	pron.	these two kinds
在经济	zai:jing:ji	prep.	in the economy
母公司	mu:gong:si	n.	parent company
工作站	gong:zuo:zhan	n.	workstation
电子信息	dian:zi:xin:xi	n.	electronic information
访	fang	v.	visit
发酵	fa:jiao	v.	ferment
右边	you:bian	n.	right side
严密	yan:mi	adj.	strict
非常好	fei:chang:hao	adj.	very good
审美	shen:mei	n.	aesthetics
强迫	qiang:po	v.	force
遇到了	yu:dao:le	v.	have encountered
桥	qiao	n.	bridge
皇后	huang:hou	n.	empress
奇特	qi:te	adj.	peculiar
佳能	jia:neng	n.	Canon
一并	yi:bing	adv.	together with
筹备	chou:bei	v.	prepare
掌声	zhang:sheng	n.	applause
锁	suo	n.	lock
锁	suo	v.	lock
主管人员	zhu:guan:ren:yuan	n.	supervisor
见解	jian:jie	n.	view
楼梯	lou:ti	n.	stairs
用人	yong:ren	v.	employ people
已知	yi:zhi	v.	known
肥胖	fei:pang	adj.	overweight
悲伤	bei:shang	adj.	sad
美学	mei:xue	n.	aesthetics
霸	ba	n.	hegemon
重启	chong:qi	v.	restart
逐年	zhu:nian	adv.	year by year
创业者	chuang:ye:zhe	n.	entrepreneur
买方	mai:fang	n.	buyer
中级会员	zhong:ji:hui:yuan	n.	intermediate member
定额	ding:e	n.	quota
视力	shi:li	n.	eyesight
猜测	cai:ce	v.	guess
奔腾	ben:teng	v.	surge
控制系统	kong:zhi:xi:tong	n.	control system
主讲	zhu:jiang	v.	give the main lecture
异性	yi:xing	n.	opposite sex
不利于	bu:li:yu	v.	be detrimental to
洗衣机	xi:yi:ji	n.	washing machine
受损	shou:sun	v.	be damaged
顺着	shun:zhe	prep.	along
散文	san:wen	n.	prose
基本要求	ji:ben:yao:qiu	n.	basic requirement
勋章	xun:zhang	n.	medal
理事	li:shi	n.	director
左边	zuo:bian	n.	left side
新时期	xin:shi:qi	n.	new period
不满意	bu:man:yi	adj.	dissatisfied
焦虑	jiao:lv	n.	anxiety
组织机构	zu:zhi:ji:gou	n.	organization
资格证书	zi:ge:zheng:shu	n.	certificate
简易	jian:yi	adj.	simple
牵	qian	v.	lead along
批复	pi:fu	n.	official written reply
西瓜	xi:gua	n.	watermelon
农场	nong:chang	n.	farm
升值	sheng:zhi	v.	appreciate
小伙子	xiao:huo:zi	n.	young man
研究会	yan:jiu:hui	n.	research society
丛书	cong:shu	n.	book series
构筑	gou:zhu	v.	build
共同发展	gong:tong:fa:zhan	n.	common development
赛季	sai:ji	n.	season (sports)
管理水平	guan:li:shui:ping	n.	management level
池	chi	n.	pond
追踪	zhui:zong	v.	track
大战	da:zhan	n.	war
共建	gong:jian	v.	build jointly
战役	zhan:yi	n.	campaign
矿产资源	kuang:chan:zi:yuan	n.	mineral resources
邮票	you:piao	n.	stamp
有意者	you:yi:zhe	n.	interested party
专业人员	zhuan:ye:ren:yuan	n.	professional
自有	zi:you	adj.	self-owned
不时	bu:shi	adv.	from time to time
以至	yi:zhi	conj.	so as to
钻	zuan	v.	drill
港	gang	n.	harbor
自然保护区	zi:ran:bao:hu:qu	n.	nature reserve
几点	ji:dian	pron.	what time
淫秽	yin:hui	adj.	obscene
喃	nan	onom.	murmur
廷	ting	n.	court
自理	zi:li	v.	take care of oneself
乘	cheng	v.	ride
聆听	ling:ting	v.	listen attentively
莲花	lian:hua	n.	lotus
再现	zai:xian	v.	reappear
疑惑	yi:huo	n.	doubt
剧场	ju:chang	n.	theater
玛	ma	n.	agate jade phonetic
俗称	su:cheng	v.	colloquially call
港元	gang:yuan	n.	Hong Kong dollar
实施方案	shi:shi:fang:an	n.	implementation plan
奉	feng	v.	offer respectfully
逃避	tao:bi	v.	evade
收藏夹	shou:cang:jia	n.	favorites folder
中国电信	zhong:guo:dian:xin	n.	China Telecom
服务项目	fu:wu:xiang:mu	n.	service item
王朝	wang:chao	n.	dynasty
回落	hui:luo	v.	fall back
流泪	liu:lei	v.	shed tears
扯	che	v.	pull
岳	yue	n.	high mountain
全家	quan:jia	n.	whole family
这事	zhe:shi	pron.	this matter
不可思议	bu:ke:si:yi	adj.	incredible
口服	kou:fu	n.	oral administration
公司债	gong:si:zhai	n.	corporate bond
加班	jia:ban	v.	work overtime
专业从事	zhuan:ye:cong:shi	v.	work professionally
皇上	huang:shang	n.	emperor
减	jian	v.	subtract
无形	wu:xing	adj.	invisible
破案	po:an	v.	solve a case
多层	duo:ceng	adj.	multilayer
哪儿	na:er	pron.	where
初始	chu:shi	adj.	initial
世上	shi:shang	n.	in the world
热烈	re:lie	adj.	warm (applause)
迅雷	xun:lei	n.	Thunderbolt
烟草	yan:cao	n.	tobacco
退货	tui:huo	v.	return goods
全场	quan:chang	n.	the whole venue
磷酸	lin:suan	n.	phosphoric acid
成人用品	cheng:ren:yong:pin	n.	adult products
基础教育	ji:chu:jiao:yu	n.	basic education
进货	jin:huo	v.	stock up
堪称	kan:cheng	v.	can be called
药品监督管理	yao:pin:jian:du:guan:li	n.	drug administration
售后	shou:hou	n.	after-sales
参会	can:hui	v.	attend a meeting
副院长	fu:yuan:zhang	n.	vice director (of institute)
尽力	jin:li	v.	do one's best
雷达	lei:da	n.	radar
犹豫	you:yu	v.	hesitate
误差	wu:cha	n.	error
面上	mian:shang	n.	on the surface
出境	chu:jing	v.	leave the country
判定	pan:ding	v.	judge
外挂	wai:gua	n.	game cheat
弯	wan	adj.	curved
京城	jing:cheng	n.	capital city
投标人	tou:biao:ren	n.	bidder
城堡	cheng:bao	n.	castle
好玩	hao:wan	adj.	fun
船员	chuan:yuan	n.	crew member
可行	ke:xing	adj.	feasible
低头	di:tou	v.	bow one's head
河道	he:dao	n.	river course
并用	bing:yong	v.	use together
夹	jia	v.	clip
转动	zhuan:dong	v.	rotate
达不到	da:bu:dao	v.	unable to reach
学业	xue:ye	n.	studies
认可的	ren:ke:de	adj.	recognized
法庭	fa:ting	n.	court
百合	bai:he	n.	lily
幻影	huan:ying	n.	phantom
计入	ji:ru	v.	include in
传统文化	chuan:tong:wen:hua	n.	traditional culture
下级	xia:ji	n.	subordinate
毛泽东思想	mao:ze:dong:si:xiang	n.	Mao Zedong Thought
永不	yong:bu	adv.	never
横向	heng:xiang	adj.	horizontal
痛苦的	tong:ku:de	adj.	painful
上世纪	shang:shi:ji	n.	last century
组成部分	zu:cheng:bu:fen	n.	component
座谈	zuo:tan	v.	have a discussion
高等院校	gao:deng:yuan:xiao	n.	colleges and universities
辞	ci	v.	bid farewell
较多的	jiao:duo:de	adj.	relatively many
百货	bai:huo	n.	department store goods
又一次	you:yi:ci	adv.	once again
胡锦涛	hu:jin:tao	n.	Hu Jintao
无所谓	wu:suo:wei	v.	not matter
不属于	bu:shu:yu	v.	not belong to
太过	tai:guo	adv.	excessively
诽谤	fei:bang	v.	slander
更强	geng:qiang	adj.	stronger
摇滚	yao:gun	n.	rock
岸	an	n.	shore
小女孩	xiao:nv:hai	n.	little girl
灰尘	hui:chen	n.	dust
深夜	shen:ye	n.	late night
指点	zhi:dian	v.	give pointers
层层	ceng:ceng	adv.	layer by layer
辣椒	la:jiao	n.	chili pepper
蓝天	lan:tian	n.	blue sky
三峡	san:xia	n.	Three Gorges
无穷	wu:qiong	adj.	infinite
意识的	yi:shi:de	adj.	conscious
往事	wang:shi	n.	past events
比率	bi:lv	n.	ratio
希腊	xi:la	n.	Greece
特意	te:yi	adv.	specially
传出	chuan:chu	v.	spread
后方	hou:fang	n.	rear
另类	ling:lei	adj.	unconventional
另类	ling:lei	n.	alternative type
高质量	gao:zhi:liang	adj.	high quality
高新区	gao:xin:qu	n.	high-tech zone
假日	jia:ri	n.	holiday
界限	jie:xian	n.	limit
本领	ben:ling	n.	ability
岂	qi	adv.	how could
借口	jie:kou	n.	excuse
借口	jie:kou	v.	use as pretext
美化	mei:hua	v.	beautify
反抗	fan:kang	v.	resist
反抗	fan:kang	n.	resistance
软件名称	ruan:jian:ming:cheng	n.	software name
中介机构	zhong:jie:ji:gou	n.	intermediary agency
屈	qu	v.	yield
屈	qu	v.	bend
步伐	bu:fa	n.	pace
磨合	mo:he	v.	break in
磨合	mo:he	n.	adjustment period
本科生	ben:ke:sheng	n.	undergraduate
无论如何	wu:lun:ru:he	adv.	anyway
创新能力	chuang:xin:neng:li	n.	innovation ability
称呼	cheng:hu	v.	call
称呼	cheng:hu	n.	form of address
将要	jiang:yao	adv.	be about to
紧密结合	jin:mi:jie:he	v.	integrate closely
卖方	mai:fang	n.	seller
首饰	shou:shi	n.	jewelry
临近	lin:jin	v.	approach
片刻	pian:ke	n.	a moment
怎么了	zen:me:le	int.	what's wrong
管理规定	guan:li:gui:ding	n.	management regulation
子类	zi:lei	n.	subclass
滑雪	hua:xue	v.	ski
恼	nao	v.	be angry
恼	nao	adj.	annoyed
二期	er:qi	n.	phase two
刑事法律	xing:shi:fa:lv	n.	criminal law
明明	ming:ming	adv.	obviously
鲜明	xian:ming	adj.	distinct
鲜明	xian:ming	adj.	vivid
午餐	wu:can	n.	lunch
穿上	chuan:shang	v.	put on
合肥市	he:fei:shi	n.	Hefei
解放军	jie:fang:jun	n.	PLA
帐篷	zhang:peng	n.	tent
好吧	hao:ba	int.	fine
哲	zhe	n.	philosophy (abbr.)
产能	chan:neng	n.	production capacity
党政	dang:zheng	n.	party and government
抵制	di:zhi	v.	boycott
接过	jie:guo	v.	take over
职业技能	zhi:ye:ji:neng	n.	vocational skills
精神文明建设	jing:shen:wen:ming:jian:she	n.	spiritual civilization building
中国队	zhong:guo:dui	n.	Chinese team
术语	shu:yu	n.	terminology
区政府	qu:zheng:fu	n.	district government
骨头	gu:tou	n.	bone
排出	pai:chu	v.	discharge
召	zhao	v.	summon
节假日	jie:jia:ri	n.	holidays and festivals
递交	di:jiao	v.	submit
硕士学位	shuo:shi:xue:wei	n.	master's degree
托盘	tuo:pan	n.	tray
高新技术企业	gao:xin:ji:shu:qi:ye	n.	high-tech enterprise
增收	zeng:shou	v.	increase income
部分内容	bu:fen:nei:rong	n.	partial content
餐馆	can:guan	n.	restaurant
相关产品	xiang:guan:chan:pin	n.	related products
甲醛	jia:quan	n.	formaldehyde
点击查看	dian:ji:cha:kan	v.	click to view
丧	sang	v.	mourn
责任人	ze:ren:ren	n.	person in charge
嘞	lei	part.	prospective particle
增长率	zeng:zhang:lv	n.	growth rate
唐代	tang:dai	n.	Tang dynasty
图纸	tu:zhi	n.	drawing
房地产业	fang:di:chan:ye	n.	real estate industry
多达	duo:da	adv.	up to
伦理	lun:li	n.	ethics
反垄断	fan:long:duan	v.	antitrust
八卦	ba:gua	n.	Eight Trigrams
工业园	gong:ye:yuan	n.	industrial park
畅通	chang:tong	adj.	unobstructed
奇瑞	qi:rui	n.	Chery
尝	chang	v.	taste
商用	shang:yong	v.	for commercial use
多位	duo:wei	num.	several (people)
毛巾	mao:jin	n.	towel
恭	gong	adj.	respectful
狗狗	gou:gou	n.	doggie
异议	yi:yi	n.	objection
钓鱼	diao:yu	v.	fishing
光泽	guang:ze	n.	luster
甘肃省	gan:su:sheng	n.	Gansu Province
正常使用	zheng:chang:shi:yong	n.	normal use
重心	zhong:xin	n.	center of gravity
患有	huan:you	v.	suffer from
三楼	san:lou	num.	third floor
怀念	huai:nian	v.	cherish the memory of
青梅	qing:mei	n.	green plum
外商投资	wai:shang:tou:zi	n.	foreign investment
极品	ji:pin	n.	top grade
不知不觉	bu:zhi:bu:jue	adv.	unconsciously
分裂	fen:lie	v.	split
输送	shu:song	v.	transport
华硕	hua:shuo	n.	Asus
完整性	wan:zheng:xing	n.	integrity
载	zai	v.	carry
束缚	shu:fu	v.	restrain
面貌	mian:mao	n.	appearance
误解	wu:jie	v.	misunderstand
交通运输	jiao:tong:yun:shu	n.	transportation
刻意	ke:yi	adv.	deliberately
购房者	gou:fang:zhe	n.	home buyer
管理模式	guan:li:mo:shi	n.	management model
纸张	zhi:zhang	n.	paper
新一轮	xin:yi:lun	n.	new round
生产工艺	sheng:chan:gong:yi	n.	production process
几家	ji:jia	num.	a few (families)
武术	wu:shu	n.	martial arts
瘦	shou	adj.	thin
大局	da:ju	n.	overall situation
譬如	pi:ru	v.	for example
桃花	tao:hua	n.	peach blossom
皆	jie	adv.	all
教堂	jiao:tang	n.	church
增速	zeng:su	n.	growth rate
网络安全	wang:luo:an:quan	n.	cybersecurity
研究开发	yan:jiu:kai:fa	n.	research and development
颇	po	adv.	rather
银色	yin:se	n.	silver color
恶魔	e:mo	n.	demon
问候	wen:hou	v.	greet
创造力	chuang:zao:li	n.	creativity
挂钩	gua:gou	v.	hook up
作弊	zuo:bi	v.	cheat
发作	fa:zuo	v.	break out
茫	mang	adj.	vast
服务机构	fu:wu:ji:gou	n.	service organization
因子	yin:zi	n.	factor
年会	nian:hui	n.	annual meeting
三角	san:jiao	n.	triangle
均价	jun:jia	n.	average price
流水	liu:shui	n.	flowing water
流水	liu:shui	n.	turnover
笑声	xiao:sheng	n.	laughter
未经许可	wei:jing:xu:ke	v.	without permission
选出	xuan:chu	v.	select
社会治安	she:hui:zhi:an	n.	public security
预警	yu:jing	n.	early warning
还款	huan:kuan	v.	repay a loan
小弟	xiao:di	n.	younger brother
越野车	yue:ye:che	n.	off-road vehicle
屁股	pi:gu	n.	buttocks
中央军委	zhong:yang:jun:wei	n.	Central Military Commission
台北	tai:bei	n.	Taipei
不具备	bu:ju:bei	v.	not possess
保姆	bao:mu	n.	nanny
滞后	zhi:hou	v.	lag
多谢	duo:xie	v.	many thanks
染	ran	v.	dye
染	ran	v.	catch (an illness)
毛病	mao:bing	n.	fault
毛病	mao:bing	n.	illness
工作会议	gong:zuo:hui:yi	n.	work meeting
突出问题	tu:chu:wen:ti	n.	prominent problem
听众	ting:zhong	n.	audience
大臣	da:chen	n.	minister
聘任	pin:ren	v.	appoint to a post
无锡市	wu:xi:shi	n.	Wuxi (city)
发光	fa:guang	v.	emit light
前沿	qian:yan	n.	frontier
下发	xia:fa	v.	issue (documents)
政治部	zheng:zhi:bu	n.	political department
密集	mi:ji	adj.	dense
企业所得税	qi:ye:suo:de:shui	n.	corporate income tax
相差	xiang:cha	v.	differ by
源码	yuan:ma	n.	source code
早日	zao:ri	adv.	at an early date
肃	su	adj.	solemn
自律	zi:lv	n.	self-discipline
工商局	gong:shang:ju	n.	industry and commerce bureau
爱上	ai:shang	v.	fall in love with
工业园区	gong:ye:yuan:qu	n.	industrial park
主意	zhu:yi	n.	idea
膨胀	peng:zhang	v.	expand
提名	ti:ming	v.	nominate
爽	shuang	adj.	refreshing
共和国	gong:he:guo	n.	republic
向导	xiang:dao	n.	guide
浮动	fu:dong	v.	float
单片机	dan:pian:ji	n.	microcontroller
冰雪	bing:xue	n.	ice and snow
移植	yi:zhi	v.	transfer
移植	yi:zhi	n.	transplant
冷漠	leng:mo	adj.	indifferent
亏	kui	v.	lose money
亏	kui	v.	fall short
最高人民法院	zui:gao:ren:min:fa:yuan	n.	Supreme People's Court
法医	fa:yi	n.	legal medical expert
商业贿赂	shang:ye:hui:lu	n.	commercial bribery
轻微	qing:wei	adj.	slight
历经	li:jing	v.	undergo
注定	zhu:ding	v.	be doomed
催化剂	cui:hua:ji	n.	catalyst
梦见	meng:jian	v.	dream of
鞋子	xie:zi	n.	shoes
管理软件	guan:li:ruan:jian	n.	management software
三层	san:ceng	num.	three layers
未成年	wei:cheng:nian	n.	minor
千里	qian:li	num.	a thousand li
限定	xian:ding	v.	limit
雇员	gu:yuan	n.	employee
机动	ji:dong	adj.	flexible
机动	ji:dong	n.	motorized
地块	di:kuai	n.	parcel of land
犯罪嫌疑人	fan:zui:xian:yi:ren	n.	suspect
获利	huo:li	v.	make a profit
风暴	feng:bao	n.	storm
抽查	chou:cha	v.	spot-check
吞	tun	v.	swallow
历代	li:dai	n.	successive dynasties
汉化	han:hua	v.	sinicize
拷贝	kao:bei	v.	copy
拷贝	kao:bei	n.	copy
闪烁	shan:shuo	v.	twinkle
海报	hai:bao	n.	poster
进一步的	jin:yi:bu:de	adj.	further
上周	shang:zhou	n.	last week
康熙	kang:xi	n.	Kangxi
爱护	ai:hu	v.	cherish
财力	cai:li	n.	financial resources
数据线	shu:ju:xian	n.	data cable
墙壁	qiang:bi	n.	wall
有效性	you:xiao:xing	n.	effectiveness
一圈	yi:quan	num.	one circle
面膜	mian:mo	n.	facial mask
继续教育	ji:xu:jiao:yu	n.	continuing education
丁香	ding:xiang	n.	lilac
丁香	ding:xiang	n.	clove
人事局	ren:shi:ju	n.	personnel bureau
按住	an:zhu	v.	press down
哭泣	ku:qi	v.	weep
缺口	que:kou	n.	gap
缺口	que:kou	n.	notch
出租车	chu:zu:che	n.	taxi
童年	tong:nian	n.	childhood
惹	re	v.	provoke
新兴	xin:xing	adj.	emerging
本店	ben:dian	n.	our shop
银币	yin:bi	n.	silver coin
哀	ai	adj.	sad
一直以来	yi:zhi:yi:lai	adv.	all along
色调	se:diao	n.	color tone
风华	feng:hua	n.	elegance
客车	ke:che	n.	passenger bus
顺德	shun:de	n.	Shunde
在意	zai:yi	v.	mind
洪水	hong:shui	n.	flood
突发	tu:fa	v.	break out suddenly
典雅	dian:ya	adj.	elegant
房型	fang:xing	n.	room type
青山	qing:shan	n.	green mountain
核心竞争力	he:xin:jing:zheng:li	n.	core competitiveness
细则	xi:ze	n.	detailed rules
数字电视	shu:zi:dian:shi	n.	digital television
步行	bu:xing	v.	walk
基本原则	ji:ben:yuan:ze	n.	basic principle
回国	hui:guo	v.	return to one's country
处长	chu:zhang	n.	department head
裤子	ku:zi	n.	trousers
代办	dai:ban	v.	act as agent
所持	suo:chi	n.	possession
两极	liang:ji	n.	both poles
总分	zong:fen	n.	total score
歧视	qi:shi	v.	discriminate
有空	you:kong	adj.	have free time
乔	qiao	n.	Qiao
时时	shi:shi	adv.	often
传承	chuan:cheng	v.	pass on
大面积	da:mian:ji	adj.	large-area
趁	chen	prep.	while
储蓄	chu:xu	n.	savings
蚂蚁	ma:yi	n.	ant
周杰伦	zhou:jie:lun	n.	Jay Chou
福田区	fu:tian:qu	n.	Futian District
铺	pu	v.	spread
剂量	ji:liang	n.	dosage
工业企业	gong:ye:qi:ye	n.	industrial enterprise
六合彩	liu:he:cai	n.	Mark Six lottery
绝大部分	jue:da:bu:fen	n.	vast majority
电工	dian:gong	n.	electrician
镜子	jing:zi	n.	mirror
互助	hu:zhu	v.	cooperate
招投标	zhao:tou:biao	n.	bidding
党和国家	dang:he:guo:jia	n.	party and state
最先进	zui:xian:jin	adj.	most advanced
服务费	fu:wu:fei	n.	service fee
电子信箱	dian:zi:xin:xiang	n.	e-mail
产品介绍	chan:pin:jie:shao	n.	product introduction
传授	chuan:shou	v.	teach and impart
信件	xin:jian	n.	letter
培训机构	pei:xun:ji:gou	n.	training institution
两类	liang:lei	num.	two types
用餐	yong:can	v.	have a meal
好人	hao:ren	n.	good person
法律援助	fa:lv:yuan:zhu	n.	legal aid
宏观	hong:guan	adj.	macroscopic
高一	gao:yi	n.	first year of senior high
窗帘	chuang:lian	n.	curtaカin
安心	an:xin	adj.	at ease
王先生	wang:xian:sheng	n.	Mr. Wang
出入	chu:ru	v.	go in and out
大军	da:jun	n.	large army
分销	fen:xiao	v.	distribute
诚实	cheng:shi	adj.	honest
脏	zang	adj.	dirty
吕	lv	n.	Lü (surname)
号召	hao:zhao	v.	call on
奖	jiang	v.	reward
奖	jiang	n.	prize
芯片组	xin:pian:zu	n.	chipset
深情	shen:qing	n.	deep affection
余年	yu:nian	n.	remaining years
地名	di:ming	n.	place name
猴子	hou:zi	n.	monkey
倍	bei	mw.	time(s)
全面推进	quan:mian:tui:jin	v.	comprehensively advance
管理处	guan:li:chu	n.	management office
改良	gai:liang	v.	improve
把手	ba:shou	n.	handle
个个	ge:ge	pron.	each and every one
中年	zhong:nian	n.	middle age
四月	si:yue	n.	April
汤	tang	n.	soup
担忧	dan:you	v.	worry
掀起	xian:qi	v.	lift up
振	zhen	v.	shake
信息化建设	xin:xi:hua:jian:she	n.	informatization
本能	ben:neng	n.	instinct
本能	ben:neng	adj.	instinctive
轻轻地	qing:qing:de	adv.	lightly
为民	wei:min	v.	serve the people
同伴	tong:ban	n.	companion
点播	dian:bo	v.	request (a program)
应用软件	ying:yong:ruan:jian	n.	application software
婷	ting	n.	Ting
学问	xue:wen	n.	learning
高质量的	gao:zhi:liang:de	adj.	high-quality
红外	hong:wai	n.	infrared
炎症	yan:zheng	n.	inflammation
开幕	kai:mu	v.	open (a ceremony)
前台	qian:tai	n.	reception
差额	cha:e	n.	difference
城市化	cheng:shi:hua	n.	urbanization
卸载	xie:zai	v.	uninstall
新西兰	xin:xi:lan	n.	New Zealand
使用时	shi:yong:shi	adv.	when in use
背包	bei:bao	n.	backpack
这一天	zhe:yi:tian	n.	this day
神仙	shen:xian	n.	immortal
第八章	di:ba:zhang	n.	chapter eight
有以下	you:yi:xia	v.	include the following
并把	bing:ba	conj.	and (connective)
实地	shi:di	adv.	on-site
项目名称	xiang:mu:ming:cheng	n.	project name
转自	zhuan:zi	v.	reposted from
办公厅	ban:gong:ting	n.	general office
还有很多	hai:you:hen:duo	adv.	and there are many more
处罚的	chu:fa:de	adj.	punitive
再有	zai:you	conj.	besides
单项	dan:xiang	n.	single item
小企业	xiao:qi:ye	n.	small business
功力	gong:li	n.	skill
竟是	jing:shi	adv.	actually is
月经	yue:jing	n.	menstruation
极大的	ji:da:de	adj.	tremendous
剧本	ju:ben	n.	script
起码	qi:ma	adv.	at least
率领	shuai:ling	v.	lead
一致的	yi:zhi:de	adj.	consistent
手持	shou:chi	adj.	handheld
改编	gai:bian	v.	adapt
死者	si:zhe	n.	the deceased
应届毕业生	ying:jie:bi:ye:sheng	n.	new graduate
代号	dai:hao	n.	code name
一分	yi:fen	num.	one minute
一分	yi:fen	num.	one cent
打出	da:chu	v.	hit out
也对	ye:dui	adv.	that's right too
服侍	fu:shi	v.	serve
驾驶证	jia:shi:zheng	n.	driver's license
两句	liang:ju	num.	two sentences
太空	tai:kong	n.	outer space
成千上万	cheng:qian:shang:wan	num.	thousands upon thousands
佛法	fo:fa	n.	Buddhist teachings
热水器	re:shui:qi	n.	water heater
持股	chi:gu	v.	hold shares
选择题	xuan:ze:ti	n.	multiple-choice question
到货	dao:huo	v.	arrive (of goods)
庞大	pang:da	adj.	enormous
饮水	yin:shui	v.	drink water
名家	ming:jia	n.	master
文科	wen:ke	n.	liberal arts
牢	lao	adj.	firm
牢	lao	n.	prison
扰	rao	v.	disturb
归属	gui:shu	n.	belonging
第二十八条	di:er:shi:ba:tiao	n.	Article 28
投注	tou:zhu	v.	bet
衣物	yi:wu	n.	clothing
猪肉	zhu:rou	n.	pork
单据	dan:ju	n.	receipt
一页	yi:ye	n.	one page
溜	liu	v.	sneak away
溜	liu	adj.	smooth
大王	da:wang	n.	king
大王	dai:wang	n.	king
建筑业	jian:zhu:ye	n.	construction industry
一件事	yi:jian:shi	n.	one thing
社会效益	she:hui:xiao:yi	n.	social benefit
工作经历	gong:zuo:jing:li	n.	work experience
小事	xiao:shi	n.	trifle
征服	zheng:fu	v.	conquer
竞价	jing:jia	v.	bid
招募	zhao:mu	v.	recruit
庞	pang	adj.	huge
插槽	cha:cao	n.	slot
臭	chou	adj.	smelly
调查研究	diao:cha:yan:jiu	n.	investigation
上前	shang:qian	v.	step forward
电阻	dian:zu	n.	resistance
供养	gong:yang	v.	provide for
供养	gong:yang	v.	make offerings
悦	yue	adj.	pleased
历时	li:shi	v.	last
初次	chu:ci	n.	first time
如来	ru:lai	n.	Tathagata
复印	fu:yin	v.	photocopy
私服	si:fu	n.	private server
四方	si:fang	n.	all directions
净利润	jing:li:run	n.	net profit
朝廷	chao:ting	n.	court
抽象	chou:xiang	adj.	abstract
估价	gu:jia	v.	appraise
汇率	hui:lv	n.	exchange rate
应聘者	ying:pin:zhe	n.	applicant
赫	he	mw.	he unit (Hz)
设为首页	she:wei:shou:ye	v.	set as homepage
下半年	xia:ban:nian	n.	second half of the year
提供商	ti:gong:shang	n.	provider
赢	ying	v.	win
下旬	xia:xun	n.	last ten days of a month
农业银行	nong:ye:yin:hang	n.	Agricultural Bank
造价	zao:jia	n.	cost of construction
极度	ji:du	adv.	extremely
贵公司	gui:gong:si	n.	your company
总算	zong:suan	adv.	finally
谈论	tan:lun	v.	talk about
视察	shi:cha	v.	inspect
雪山	xue:shan	n.	snow mountain
有条件的	you:tiao:jian:de	adj.	conditional
少的	shao:de	adj.	few
神色	shen:se	n.	expression
黄页	huang:ye	n.	yellow pages
模范	mo:fan	n.	model
提及	ti:ji	v.	mention
推理	tui:li	n.	reasoning
明了	ming:liao	adj.	clear
跪	gui	v.	kneel
失落	shi:luo	adj.	lost
除去	chu:qu	v.	remove
科技进步	ke:ji:jin:bu	n.	technological progress
麦	mai	n.	wheat
真人	zhen:ren	n.	real person
抛弃	pao:qi	v.	abandon
指针	zhi:zhen	n.	pointer
必定	bi:ding	adv.	undoubtedly
去世	qu:shi	v.	pass away
点点头	dian:dian:tou	v.	nod
新闻媒体	xin:wen:mei:ti	n.	news media
枝	zhi	mw.	branch (classifier)
教育工作	jiao:yu:gong:zuo	n.	educational work
沙拉	sha:la	n.	salad
输入法	shu:ru:fa	n.	input method
类似于	lei:si:yu	v.	be similar to
阅读次数	yue:du:ci:shu	n.	number of reads
何处	he:chu	pron.	where
量化	liang:hua	v.	quantify
和弦	he:xian	n.	chord
嘴巴	zui:ba	n.	mouth
风险投资	feng:xian:tou:zi	n.	venture capital
昂贵	ang:gui	adj.	expensive
开会	kai:hui	v.	have a meeting
发音	fa:yin	v.	pronounce
发音	fa:yin	n.	pronunciation
教学内容	jiao:xue:nei:rong	n.	teaching content
预先	yu:xian	adv.	in advance
城里	cheng:li	n.	in town
姐妹	jie:mei	n.	sisters
拯救	zheng:jiu	v.	save
调查报告	diao:cha:bao:gao	n.	investigation report
侠	xia	n.	chivalrous hero
第十	di:shi	num.	tenth
济南市	ji:nan:shi	n.	Jinan
有线电视	you:xian:dian:shi	n.	cable TV
上游	shang:you	n.	upper reaches
终点站	zhong:dian:zhan	n.	terminal station
泉	quan	n.	spring
结构调整	jie:gou:tiao:zheng	n.	structural adjustment
派遣	pai:qian	v.	dispatch
勇敢	yong:gan	adj.	brave
劫	jie	n.	robbery
菜鸟	cai:niao	n.	newbie
某人	mou:ren	n.	a certain person
一旁	yi:pang	n.	one side
入境	ru:jing	v.	enter a country
风扇	feng:shan	n.	fan
沙滩	sha:tan	n.	beach
不曾	bu:ceng	adv.	never
天真	tian:zhen	adj.	naive
刹车	sha:che	v.	brake
刹车	sha:che	n.	brakes
炎	yan	n.	inflammation
炎	yan	n.	flame
游泳池	you:yong:chi	n.	swimming pool
游人	you:ren	n.	tourist
冰冷	bing:leng	adj.	ice-cold
手套	shou:tao	n.	gloves
兔子	tu:zi	n.	rabbit
况且	kuang:qie	conj.	moreover
负有	fu:you	v.	bear
穷人	qiong:ren	n.	poor person
运算	yun:suan	n.	operation
运算	yun:suan	v.	calculate
泥	ni	n.	mud
畅销	chang:xiao	adj.	best-selling
呕吐	ou:tu	v.	vomit
排水	pai:shui	v.	drain
排水	pai:shui	n.	drainage
毁灭	hui:mie	v.	destroy
毁灭	hui:mie	n.	destruction
赌	du	v.	bet
另行	ling:xing	adv.	separately
弓	gong	n.	bow
美金	mei:jin	n.	dollar (US)
苏州市	su:zhou:shi	n.	Suzhou (city)
中国银行	zhong:guo:yin:hang	n.	Bank of China
工行	gong:hang	n.	ICBC
学习型	xue:xi:xing	adj.	learning-oriented
魏	wei	n.	Wei (name/surname)
水产	shui:chan	n.	aquatic products
该校	gai:xiao	n.	that school
罩	zhao	v.	cover
口碑	kou:bei	n.	reputation
管理人	guan:li:ren	n.	administrator
文化产业	wen:hua:chan:ye	n.	culture industry
交通管理	jiao:tong:guan:li	n.	traffic management
备用	bei:yong	adj.	spare
飞扬	fei:yang	v.	fly upward
光辉	guang:hui	n.	radiance
感应	gan:ying	v.	sense
规程	gui:cheng	n.	regulations
疯子	feng:zi	n.	madman
管理学	guan:li:xue	n.	management (science)
民俗	min:su	n.	folklore
昔日	xi:ri	n.	former days
疾	ji	n.	illness
涉外	she:wai	adj.	foreign-related
吃惊	chi:jing	v.	be surprised
工作环境	gong:zuo:huan:jing	n.	work environment
自治	zi:zhi	n.	autonomy
中国科学院	zhong:guo:ke:xue:yuan	n.	Chinese Academy of Sciences
惊人	jing:ren	adj.	astonishing
整机	zheng:ji	n.	complete machine
饰	shi	v.	decorate
符	fu	n.	symbol
垂	chui	v.	hang down
邪恶	xie:e	adj.	evil
做工	zuo:gong	n.	workmanship
大唐	da:tang	n.	Tang dynasty
墙面	qiang:mian	n.	wall surface
最大化	zui:da:hua	v.	maximize
抗日	kang:ri	v.	resist Japan
水稻	shui:dao	n.	rice (paddy)
哪种	na:zhong	pron.	which kind
教学质量	jiao:xue:zhi:liang	n.	teaching quality
渲染	xuan:ran	v.	render
渲染	xuan:ran	v.	exaggerate
制备方法	zhi:bei:fang:fa	n.	preparation method
分明	fen:ming	adj.	distinct
分明	fen:ming	adv.	clearly
平和	ping:he	adj.	gentle
牌照	pai:zhao	n.	license
名师	ming:shi	n.	famous teacher
代表大会	dai:biao:da:hui	n.	congress
湿地	shi:di	n.	wetland
民办	min:ban	adj.	privately run
本国	ben:guo	n.	one's own country
学说	xue:shuo	n.	theory
最短	zui:duan	adj.	shortest
铸造	zhu:zao	v.	cast
广告公司	guang:gao:gong:si	n.	advertising company
成年	cheng:nian	v.	come of age
成年	cheng:nian	adj.	adult
潜水	qian:shui	n.	diving
潜水	qian:shui	v.	dive
日趋	ri:qu	adv.	increasingly day by day
简便	jian:bian	adj.	simple and convenient
柜台	gui:tai	n.	counter
高等	gao:deng	adj.	higher
冷却	leng:que	v.	cool down
映	ying	v.	reflect
映	ying	v.	project (a film)
背面	bei:mian	n.	back
退回	tui:hui	v.	return
校友	xiao:you	n.	alumnus
李先生	li:xian:sheng	n.	Mr. Li
发表日期	fa:biao:ri:qi	n.	publication date
欢喜	huan:xi	adj.	joyful
偏差	pian:cha	n.	deviation
涨价	zhang:jia	v.	raise prices
漠	mo	adj.	indifferent
相爱	xiang:ai	v.	love each other
脖	bo	n.	neck
一举	yi:ju	n.	one action
造就	zao:jiu	v.	bring up
演变	yan:bian	v.	evolve
演变	yan:bian	n.	evolution
水上	shui:shang	n.	on the water
山路	shan:lu	n.	mountain road
经理人	jing:li:ren	n.	manager
非凡	fei:fan	adj.	extraordinary
八个	ba:ge	num.	eight (with classifier)
饮	yin	v.	drink
沿	yan	prep.	along
沿	yan	v.	follow (a course)
灾害	zai:hai	n.	disaster
粘贴	zhan:tie	v.	paste
显现	xian:xian	v.	appear
力气	li:qi	n.	strength
初一	chu:yi	n.	New Year's Day of the lunar year
初一	chu:yi	n.	first year of junior high school
众所周知	zhong:suo:zhou:zhi	v.	as is well known
活泼	huo:po	adj.	lively
电厂	dian:chang	n.	power plant
岩石	yan:shi	n.	rock
源代码	yuan:dai:ma	n.	source code
信息产业	xin:xi:chan:ye	n.	information industry
黄蜂	huang:feng	n.	wasp
遗址	yi:zhi	n.	ruins
资费	zi:fei	n.	fees
心愿	xin:yuan	n.	wish
懒	lan	adj.	lazy
肤	fu	n.	skin
口令	kou:ling	n.	password
口令	kou:ling	n.	command
操纵	cao:zong	v.	manipulate
郊区	jiao:qu	n.	suburbs
战斗力	zhan:dou:li	n.	fighting capacity
桑	sang	n.	mulberry
大型企业	da:xing:qi:ye	n.	large enterprise
下班	xia:ban	v.	get off work
冷冷	leng:leng	adv.	coldly
堪	kan	v.	bear
燃	ran	v.	burn
卓	zhuo	adj.	outstanding
对冲	dui:chong	v.	hedge
慎重	shen:zhong	adj.	prudent
网络技术	wang:luo:ji:shu	n.	network technology
重大问题	zhong:da:wen:ti	n.	major issue
创始人	chuang:shi:ren	n.	founder
世界各地	shi:jie:ge:di	n.	all over the world
优美的	you:mei:de	adj.	graceful
精细	jing:xi	adj.	fine
着急	zhao:ji	v.	worry
倘若	tang:ruo	conj.	if
湖泊	hu:po	n.	lake
其后	qi:hou	adv.	afterwards
想不到	xiang:bu:dao	v.	not expect
蔓延	man:yan	v.	spread
五一	wu:yi	n.	May Day
最新版	zui:xin:ban	n.	latest version
小人	xiao:ren	n.	petty person
债务人	zhai:wu:ren	n.	debtor
搜索结果	sou:suo:jie:guo	n.	search results
日元	ri:yuan	n.	Japanese yen
气象台	qi:xiang:tai	n.	meteorological observatory
门店	men:dian	n.	store
子弹	zi:dan	n.	bullet
祝	zhu	v.	wish
莫名其妙	mo:ming:qi:miao	adj.	baffling
清风	qing:feng	n.	refreshing breeze
几百	ji:bai	num.	several hundred
支配	zhi:pei	v.	control
支配	zhi:pei	n.	control
平淡	ping:dan	adj.	plain
平原	ping:yuan	n.	plain
第二十九条	di:er:shi:jiu:tiao	num.	29th
第六	di:liu	num.	sixth
数据结构	shu:ju:jie:gou	n.	data structure
偷偷	tou:tou	adv.	secretly
源头	yuan:tou	n.	source
中东	zhong:dong	n.	Middle East
赖	lai	v.	blame
制药	zhi:yao	v.	manufacture medicine
项链	xiang:lian	n.	necklace
一年级	yi:nian:ji	n.	first grade
下游	xia:you	n.	lower reaches
掏出	tao:chu	v.	take out
明月	ming:yue	n.	bright moon
呼唤	hu:huan	v.	call out
声称	sheng:cheng	v.	claim
民工	min:gong	n.	migrant worker
支内	zhi:nei	v.	support the inland regions
网名	wang:ming	n.	online username
周刊	zhou:kan	n.	weekly magazine
名额	ming:e	n.	quota
项目建设	xiang:mu:jian:she	n.	project construction
东海	dong:hai	n.	East China Sea
书名	shu:ming	n.	book title
本田	ben:tian	n.	Honda
区域内	qu:yu:nei	n.	within the region
街上	jie:shang	n.	on the street
星期六	xing:qi:liu	n.	Saturday
附属	fu:shu	adj.	attached
外科	wai:ke	n.	surgery
香烟	xiang:yan	n.	cigarette
良性	liang:xing	adj.	benign
马路	ma:lu	n.	road
高雅	gao:ya	adj.	refined
改动	gai:dong	v.	modify
改动	gai:dong	n.	modification
劳动关系	lao:dong:guan:xi	n.	labor relations
灯具	deng:ju	n.	lighting fixture
证券公司	zheng:quan:gong:si	n.	securities company
根源	gen:yuan	n.	root cause
出场	chu:chang	v.	appear on stage
过敏	guo:min	v.	be allergic
过敏	guo:min	adj.	allergic
改建	gai:jian	v.	rebuild
考试成绩	kao:shi:cheng:ji	n.	exam results
适用范围	shi:yong:fan:wei	n.	scope of application
宾	bin	n.	guest
必需	bi:xu	adj.	essential
质感	zhi:gan	n.	texture
党内	dang:nei	n.	inner-party
两款	liang:kuan	num.	two models
耗材	hao:cai	n.	consumables
初级会员	chu:ji:hui:yuan	n.	basic member
先进技术	xian:jin:ji:shu	n.	advanced technology
户籍	hu:ji	n.	household registration
荣誉勋章	rong:yu:xun:zhang	n.	medal of honor
生产技术	sheng:chan:ji:shu	n.	production technology
阿里巴巴	a:li:ba:ba	n.	Alibaba
偏偏	pian:pian	adv.	deliberately
高品质	gao:pin:zhi	adj.	high quality
程序员	cheng:xu:yuan	n.	programmer
贾	jia	n.	Jia (surname)
两点	liang:dian	num.	two o'clock
灵活性	ling:huo:xing	n.	flexibility
性欲	xing:yu	n.	sexual desire
搅拌	jiao:ban	v.	stir
电容	dian:rong	n.	capacitance
延迟	yan:chi	v.	delay
为人民服务	wei:ren:min:fu:wu	v.	serve the people
使用权	shi:yong:quan	n.	right of use
血压	xie:ya	n.	blood pressure
血压	xue:ya	n.	blood pressure
恶劣	e:lie	adj.	abominable
本系统	ben:xi:tong	n.	this system
勤奋	qin:fen	adj.	diligent
舰队	jian:dui	n.	fleet
浴室	yu:shi	n.	bathroom
累积	lei:ji	v.	accumulate
喘	chuan	v.	pant
电线	dian:xian	n.	electric wire
徘徊	pai:huai	v.	pace back and forth
焰	yan	n.	flame
吵	chao	adj.	noisy
控制面板	kong:zhi:mian:ban	n.	control panel
先进单位	xian:jin:dan:wei	n.	model unit
沿途	yan:tu	adv.	along the way
变态	bian:tai	adj.	perverted
班长	ban:zhang	n.	class monitor
冥	ming	adj.	dark
转速	zhuan:su	n.	rotational speed
下载说明	xia:zai:shuo:ming	n.	download instructions
消化	xiao:hua	v.	digest
精子	jing:zi	n.	sperm
越来越大	yue:lai:yue:da	adj.	bigger and bigger
不同程度	bu:tong:cheng:du	n.	different degrees
耳边	er:bian	n.	earside
无敌	wu:di	adj.	invincible
隆重	long:zhong	adj.	solemn
鞋	xie	n.	shoe
食品药品监督	shi:pin:yao:pin:jian:du	n.	food and drug supervision
逸	yi	adj.	leisurely
数据类型	shu:ju:lei:xing	n.	data type
报社	bao:she	n.	newspaper office
学生们	xue:sheng:men	n.	students
果实	guo:shi	n.	fruit
这几天	zhe:ji:tian	n.	these few days
短缺	duan:que	v.	be short of
提成	ti:cheng	n.	commission
情趣	qing:qu	n.	interest
高大	gao:da	adj.	tall and big
初审	chu:shen	n.	first trial
板材	ban:cai	n.	board
全天	quan:tian	n.	whole day
工地	gong:di	n.	construction site
金刚	jin:gang	n.	vajra
整洁	zheng:jie	adj.	tidy
公共卫生	gong:gong:wei:sheng	n.	public health
实实在在	shi:shi:zai:zai	adj.	honest
以至于	yi:zhi:yu	conj.	so that
国庆	guo:qing	n.	National Day
库	ku	n.	warehouse
几十年	ji:shi:nian	num.	several decades
安定	an:ding	adj.	stable
师兄	shi:xiong	n.	senior male schoolmate
裤	ku	n.	trousers
危险化学品	wei:xian:hua:xue:pin	n.	dangerous chemical
就读	jiu:du	v.	attend school
团组织	tuan:zu:zhi	n.	League organization
民国	min:guo	n.	Republic of China
并发	bing:fa	v.	concurrent
上一主题	shang:yi:zhu:ti	n.	previous topic
下一主题	xia:yi:zhu:ti	n.	next topic
专家组	zhuan:jia:zu	n.	expert group
八年	ba:nian	num.	eight years
楼市	lou:shi	n.	property market
马克思	ma:ke:si	n.	Marx
出来了	chu:lai:le	v.	came out
碗	wan	n.	bowl
美景	mei:jing	n.	beautiful scenery
首席执行官	shou:xi:zhi:xing:guan	n.	CEO
等候	deng:hou	v.	wait for
在乎	zai:hu	v.	care about
航	hang	n.	aviation
航	hang	v.	sail
以防	yi:fang	conj.	in case
积极探索	ji:ji:tan:suo	v.	actively explore
我给	wo:gei	v.	I give
平行	ping:xing	adj.	parallel
让孩子	rang:hai:zi	v.	let the child
她又	ta:you	adv.	again she
就想	jiu:xiang	adv.	just want to
旗帜	qi:zhi	n.	flag
叫声	jiao:sheng	n.	cry (sound)
生产者	sheng:chan:zhe	n.	producer
踢	ti	v.	kick
排队	pai:dui	v.	queue up
比喻	bi:yu	n.	metaphor
比喻	bi:yu	v.	compare
流动性	liu:dong:xing	n.	liquidity
流动性	liu:dong:xing	n.	mobility
减弱	jian:ruo	v.	weaken
富含	fu:han	v.	rich in
非常重要	fei:chang:zhong:yao	adj.	very important
过错	guo:cuo	n.	fault
奶油	nai:you	n.	cream
速度快	su:du:kuai	adj.	fast
吓得	xia:de	v.	so frightened that
繁华	fan:hua	adj.	bustling
点点	dian:dian	n.	a little
麻醉药品	ma:zui:yao:pin	n.	narcotic
姨	yi	n.	aunt
将我	jiang:wo	v.	take me
还为	hai:wei	conj.	still for
必不可少	bi:bu:ke:shao	adj.	indispensable
台州	tai:zhou	n.	Taizhou
实施办法	shi:shi:ban:fa	n.	implementation method
就在于	jiu:zai:yu	v.	lies precisely in
追逐	zhui:zhu	v.	chase
炼油厂	lian:you:chang	n.	oil refinery
它会	ta:hui	part.	it will
通常是	tong:chang:shi	v.	is usually
还有什么	hai:you:shen:me	pron.	what else
有你	you:ni	v.	there is you
不觉	bu:jue	adv.	unconsciously
合作关系	he:zuo:guan:xi	n.	cooperative relationship
国有股	guo:you:gu	n.	state-owned shares
片段	pian:duan	n.	segment
酸	suan	adj.	sour
并根据	bing:gen:ju	conj.	and according to
我做	wo:zuo	v.	I do
一二三四	yi:er:san:si	num.	1234
与服务	yu:fu:wu	v.	and serve
几乎没有	ji:hu:mei:you	adv.	almost none
啸	xiao	v.	howl
啸	xiao	n.	whistle
对立	dui:li	n.	opposition
对立	dui:li	v.	oppose
薄弱	bo:ruo	adj.	weak
死后	si:hou	adv.	after death
峡谷	xia:gu	n.	canyon
季度	ji:du	n.	quarter
玄武	xuan:wu	n.	Black Tortoise
龄	ling	n.	age
工程质量	gong:cheng:zhi:liang	n.	engineering quality
文化部	wen:hua:bu	n.	Ministry of Culture
阁	ge	n.	pavilion
合同约定	he:tong:yue:ding	n.	contract stipulation
绿茶	lv:cha	n.	green tea
未经同意	wei:jing:tong:yi	prep.	without consent
舌	she	n.	tongue
崩溃	beng:kui	v.	collapse
设为	she:wei	v.	set as
拖欠	tuo:qian	v.	be in arrears
大力支持	da:li:zhi:chi	v.	strongly support
相关内容	xiang:guan:nei:rong	n.	related content
流入	liu:ru	v.	flow into
例外	li:wai	n.	exception
要好	yao:hao	adj.	close (friends)
多少钱	duo:shao:qian	num.	how much money
专项资金	zhuan:xiang:zi:jin	n.	special funds
空前	kong:qian	adj.	unprecedented
无形资产	wu:xing:zi:chan	n.	intangible assets
征地	zheng:di	n.	land expropriation
箱	xiang	n.	box
箱	xiang	mw.	boxful
物质的	wu:zhi:de	adj.	material
申请材料	shen:qing:cai:liao	n.	application materials
冯	feng	n.	Feng
萨达姆	sa:da:mu	n.	Saddam
这么说	zhe:me:shuo	conj.	in that case
绿色食品	lv:se:shi:pin	n.	green food
颇为	po:wei	adv.	quite
小吃	xiao:chi	n.	snack
国情	guo:qing	n.	national conditions
构思	gou:si	v.	conceive
构思	gou:si	n.	conception
清爽	qing:shuang	adj.	refreshing
坐标	zuo:biao	n.	coordinate
赞美	zan:mei	v.	praise
下载后	xia:zai:hou	adv.	after download
面值	mian:zhi	n.	face value
畜牧	xu:mu	n.	animal husbandry
邦	bang	n.	state
稳步	wen:bu	adv.	steadily
宣传部	xuan:chuan:bu	n.	publicity department
强有力的	qiang:you:li:de	adj.	powerful
野生动物	ye:sheng:dong:wu	n.	wild animals
封建	feng:jian	adj.	feudal
残留	can:liu	v.	remain
两地	liang:di	n.	both places
石膏	shi:gao	n.	gypsum
展区	zhan:qu	n.	exhibition area
钢	gang	n.	steel
较差	jiao:cha	adj.	relatively poor
起床	qi:chuang	v.	get up
经营模式	jing:ying:mo:shi	n.	business model
英镑	ying:bang	n.	British pound
只剩下	zhi:sheng:xia	v.	only be left
专长	zhuan:chang	n.	specialty
乡镇企业	xiang:zhen:qi:ye	n.	township enterprise
高二	gao:er	n.	second year of high school
报关	bao:guan	v.	declare at customs
大连市	da:lian:shi	n.	Dalian
短线	duan:xian	n.	short-term speculation
请勿转载	qing:wu:zhuan:zai	v.	please do not reproduce
招呼	zhao:hu	n.	greeting
歌迷	ge:mi	n.	fan (of a singer)
吸纳	xi:na	v.	absorb
霞	xia	n.	rosy clouds
工伤	gong:shang	n.	work-related injury
手表	shou:biao	n.	wristwatch
详细地址	xiang:xi:di:zhi	n.	detailed address
第三十一条	di:san:shi:yi:tiao	num.	Article 31
定量	ding:liang	v.	quantify
第三十条	di:san:shi:tiao	num.	Article 30
促	cu	v.	promote
泡	pao	v.	soak
下线	xia:xian	v.	go offline
生化	sheng:hua	n.	biochemistry
关税	guan:shui	n.	tariff
全日制	quan:ri:zhi	n.	full-time
上岗	shang:gang	v.	go on duty
重	chong	adv.	again
不仅仅	bu:jin:jin	adv.	not only
通告	tong:gao	n.	notice
通告	tong:gao	v.	announce
同上	tong:shang	n.	ibid.
服务条款	fu:wu:tiao:kuan	n.	terms of service
粉丝	fen:si	n.	fans
粉丝	fen:si	n.	vermicelli
组装	zu:zhuang	v.	assemble
并提	bing:ti	v.	mention together
魔鬼	mo:gui	n.	devil
世界里	shi:jie:li	n.	in the world
地税	di:shui	n.	local tax
日渐	ri:jian	adv.	day by day
装配	zhuang:pei	v.	assemble
双赢	shuang:ying	n.	win-win
拿来	na:lai	v.	bring
小镇	xiao:zhen	n.	small town
盾	dun	n.	shield
民航	min:hang	n.	civil aviation
钢管	gang:guan	n.	steel pipe
石榴	shi:liu	n.	pomegranate
已完成	yi:wan:cheng	v.	completed
发布信息	fa:bu:xin:xi	v.	publish information
网络服务	wang:luo:fu:wu	n.	network service
以太网	yi:tai:wang	n.	Ethernet
工作时	gong:zuo:shi	n.	at work
共用	gong:yong	v.	share
墨西哥	mo:xi:ge	n.	Mexico
远程教育	yuan:cheng:jiao:yu	n.	distance education
性命	xing:ming	n.	life
迹象	ji:xiang	n.	sign
聊天室	liao:tian:shi	n.	chat room
反之	fan:zhi	conj.	conversely
坚信	jian:xin	v.	firmly believe
不解	bu:jie	adj.	puzzled
好东西	hao:dong:xi	n.	good thing
羊	yang	n.	sheep
充电器	chong:dian:qi	n.	charger
大企业	da:qi:ye	n.	large company
碧	bi	adj.	jade green
由此可见	you:ci:ke:jian	conj.	thus it can be seen
援	yuan	v.	aid
闪电	shan:dian	n.	lightning
连锁店	lian:suo:dian	n.	chain store
沙龙	sha:long	n.	salon
重要意义	zhong:yao:yi:yi	n.	great significance
陌生的	mo:sheng:de	adj.	unfamiliar
难的	nan:de	adj.	difficult
误导	wu:dao	v.	mislead
一万	yi:wan	num.	10,000
热潮	re:chao	n.	craze
伴随	ban:sui	v.	accompany
更正	geng:zheng	v.	correct
人权	ren:quan	n.	human rights
博士学位	bo:shi:xue:wei	n.	doctorate
实用性	shi:yong:xing	n.	practicality
国内市场	guo:nei:shi:chang	n.	domestic market
抹	ma	v.	wipe
抹	mo	v.	smear
全额	quan:e	n.	full amount
出版物	chu:ban:wu	n.	publication
保持了	bao:chi:le	v.	maintain
该机	gai:ji	n.	this machine
见习	jian:xi	v.	train on the job
也应该	ye:ying:gai	adv.	also should
征得	zheng:de	v.	obtain (permission)
非常重	fei:chang:zhong	adj.	very heavy
文凭	wen:ping	n.	diploma
政党	zheng:dang	n.	political party
构造函数	gou:zao:han:shu	n.	constructor
皇家	huang:jia	adj.	royal
观测	guan:ce	v.	observe
失眠	shi:mian	n.	insomnia
片长	pian:chang	n.	film length
讲授	jiang:shou	v.	teach
岂是	qi:shi	v.	how could it be
认购	ren:gou	v.	subscribe to
怎么回事	zen:me:hui:shi	v.	what's going on
真诚的	zhen:cheng:de	adj.	sincere
题型	ti:xing	n.	question type
经纪人	jing:ji:ren	n.	agent
亿吨	yi:dun	num.	100 million tons
电子书	dian:zi:shu	n.	e-book
统计数据	tong:ji:shu:ju	n.	statistical data
已于	yi:yu	prep.	already on
倩	qian	adj.	pretty
定为	ding:wei	v.	define as
山顶	shan:ding	n.	summit
锐	rui	adj.	sharp
我们知道	wo:men:zhi:dao	v.	we know
委屈	wei:qu	adj.	wronged
线程	xian:cheng	n.	thread
一直没有	yi:zhi:mei:you	v.	never had
冲洗	chong:xi	v.	rinse
摄像	she:xiang	v.	film
难过	nan:guo	adj.	sad
不清	bu:qing	adj.	unclear
只听	zhi:ting	v.	only hear
要进行	yao:jin:xing	v.	carry out
油耗	you:hao	n.	fuel consumption
则可	ze:ke	adv.	then may
喷	pen	v.	spray
收货人	shou:huo:ren	n.	consignee
那段	na:duan	pron.	that passage
占了	zhan:le	v.	occupy
拦	lan	v.	block
难忘	nan:wang	adj.	unforgettable
嘉	jia	adj.	excellent
交货	jiao:huo	v.	deliver goods
也不要	ye:bu:yao	adv.	nor want
袖	xiu	n.	sleeve
教育事业	jiao:yu:shi:ye	n.	education
榜样	bang:yang	n.	example
刻录	ke:lu	v.	burn (a disc)
估算	gu:suan	v.	estimate
豆油	dou:you	n.	soybean oil
亦不	yi:bu	adv.	nor
声卡	sheng:ka	n.	sound card
周到	zhou:dao	adj.	thorough
亲戚	qin:qi	n.	relative
什么东西	shen:me:dong:xi	n.	what thing
教研室	jiao:yan:shi	n.	teaching and research office
花朵	hua:duo	n.	flower
主要任务	zhu:yao:ren:wu	n.	main task
税费	shui:fei	n.	taxes and fees
信息管理	xin:xi:guan:li	n.	information management
房间里	fang:jian:li	n.	in the room
其二	qi:er	n.	secondly
大学本科	da:xue:ben:ke	n.	undergraduate studies
殊	shu	adj.	different
终结	zhong:jie	n.	end
徒步	tu:bu	v.	on foot
农作物	nong:zuo:wu	n.	crop
触摸	chu:mo	v.	touch
派人	pai:ren	v.	send someone
深远	shen:yuan	adj.	far-reaching
文化建设	wen:hua:jian:she	n.	cultural development
腹泻	fu:xie	n.	diarrhea
分居	fen:ju	v.	live apart
头顶	tou:ding	n.	top of the head
整齐	zheng:qi	adj.	neat
大城市	da:cheng:shi	n.	big city
验证码	yan:zheng:ma	n.	verification code
辰	chen	n.	fifth earthly branch
台上	tai:shang	n.	on the stage
公司法	gong:si:fa	n.	company law
仔细阅读	zi:xi:yue:du	v.	read carefully
唱片公司	chang:pian:gong:si	n.	record company
描绘	miao:hui	v.	depict
出厂	chu:chang	v.	leave the factory
蒸气	zheng:qi	n.	vapor
口袋	kou:dai	n.	pocket
天后	tian:hou	n.	diva
低成本	di:cheng:ben	n.	low cost
归来	gui:lai	v.	return
总的	zong:de	adj.	overall
出路	chu:lu	n.	way out
细心	xi:xin	adj.	careful
充值	chong:zhi	v.	top up
社会经济	she:hui:jing:ji	n.	social economy
进球	jin:qiu	v.	score a goal
特制	te:zhi	adj.	specially made
繁	fan	adj.	numerous
沉淀	chen:dian	v.	precipitate
发展空间	fa:zhan:kong:jian	n.	development potential
本校	ben:xiao	n.	this school
珍贵	zhen:gui	adj.	precious
消失了	xiao:shi:le	v.	disappear
声道	sheng:dao	n.	sound channel
屋里	wu:li	n.	inside the house
主要负责人	zhu:yao:fu:ze:ren	n.	main person in charge
感性	gan:xing	n.	sensibility
法语	fa:yu	n.	French
编辑部	bian:ji:bu	n.	editorial department
条规	tiao:gui	n.	rules
络	luo	n.	net
留言板	liu:yan:ban	n.	message board
第三人	di:san:ren	n.	third person
捆绑	kun:bang	v.	bind together
党章	dang:zhang	n.	party constitution
轮廓	lun:kuo	n.	contour
银行业	yin:hang:ye	n.	banking industry
抛	pao	v.	throw
负载	fu:zai	n.	load
税法	shui:fa	n.	tax law
很喜欢	hen:xi:huan	v.	like very much
破裂	po:lie	v.	burst
一倍	yi:bei	num.	one time (as much)
场上	chang:shang	n.	on the field
嫁	jia	v.	marry (a woman)
咒	zhou	n.	curse
油画	you:hua	n.	oil painting
音效	yin:xiao	n.	sound effect
开盘	kai:pan	v.	open (market)
主场	zhu:chang	n.	home field
不清楚	bu:qing:chu	adj.	unclear
撤	che	v.	withdraw
一坨	yi:tuo	mw.	a lump of
三类	san:lei	num.	three types
违约金	wei:yue:jin	n.	penalty for breach
报销	bao:xiao	v.	reimburse
推开	tui:kai	v.	push open
解说	jie:shuo	v.	narrate
后人	hou:ren	n.	descendants
合伙人	he:huo:ren	n.	partner
前端	qian:duan	n.	front end
历史文化	li:shi:wen:hua	n.	history and culture
管理类	guan:li:lei	n.	management category
国际标准	guo:ji:biao:zhun	n.	international standard
何必	he:bi	adv.	why must
体现出	ti:xian:chu	v.	embody
警惕	jing:ti	v.	be vigilant
主营业务	zhu:ying:ye:wu	n.	main business
客服热线	ke:fu:re:xian	n.	customer service hotline
器械	qi:xie	n.	instrument
器械	qi:xie	n.	apparatus
视听	shi:ting	n.	audiovisual
管委会	guan:wei:hui	n.	management committee
落户	luo:hu	v.	settle
工夫	gong:fu	n.	time
工夫	gong:fu	n.	effort
元宝	yuan:bao	n.	ingot
突发事件	tu:fa:shi:jian	n.	emergency
预案	yu:an	n.	contingency plan
华北	hua:bei	n.	North China
一时间	yi:shi:jian	adv.	for a time
定要	ding:yao	adv.	must
养老保险	yang:lao:bao:xian	n.	pension insurance
治愈	zhi:yu	v.	cure
治愈	zhi:yu	n.	cure
跳跃	tiao:yue	v.	jump
跳跃	tiao:yue	n.	jump
深深地	shen:shen:de	adv.	deeply
西门	xi:men	n.	Ximen
西门	xi:men	n.	west gate
书生	shu:sheng	n.	scholar
肝脏	gan:zang	n.	liver
十一月	shi:yi:yue	num.	November
进化	jin:hua	v.	evolve
进化	jin:hua	n.	evolution
附录	fu:lu	n.	appendix
六十	liu:shi	num.	60
生病	sheng:bing	v.	fall ill
之作	zhi:zuo	n.	work
牡丹	mu:dan	n.	peony
高校毕业生	gao:xiao:bi:ye:sheng	n.	university graduate
快点	kuai:dian	v.	hurry up
愉悦	yu:yue	adj.	joyful
助学	zhu:xue	v.	aid education
月饼	yue:bing	n.	mooncake
虫	chong	n.	insect
此举	ci:ju	n.	this move
审	shen	v.	examine
施工单位	shi:gong:dan:wei	n.	contractor
献	xian	v.	offer
千元	qian:yuan	n.	thousand yuan
雇主	gu:zhu	n.	employer
饰演	shi:yan	v.	play (a role)
散发	san:fa	v.	distribute
我们自己	wo:men:zi:ji	pron.	ourselves
奶酪	nai:lao	n.	cheese
结尾	jie:wei	n.	ending
人大代表	ren:da:dai:biao	n.	NPC deputy
虽说	sui:shuo	conj.	although
免费注册	mian:fei:zhu:ce	v.	register for free
专卖	zhuan:mai	v.	have a monopoly on sales
喜剧	xi:ju	n.	comedy
不得以	bu:de:yi	v.	may not
废止	fei:zhi	v.	abolish
不同意	bu:tong:yi	v.	disagree
专业人士	zhuan:ye:ren:shi	n.	professional
青菜	qing:cai	n.	leafy greens
习惯了	xi:guan:le	v.	be used to
饮酒	yin:jiu	v.	drink alcohol
媚	mei	adj.	charming
预报	yu:bao	n.	forecast
朝着	chao:zhe	prep.	toward
报复	bao:fu	n.	revenge
相识	xiang:shi	v.	be acquainted
亲属	qin:shu	n.	relative
小狗	xiao:gou	n.	puppy
福州市	fu:zhou:shi	n.	Fuzhou (city)
发型	fa:xing	n.	hairstyle
管理部	guan:li:bu	n.	management department
为国家	wei:guo:jia	prep.	for the country
宣言	xuan:yan	n.	declaration
还很	hai:hen	adv.	still very
浸泡	jin:pao	v.	soak
国土资源部	guo:tu:zi:yuan:bu	n.	Ministry of Land and Resources
陈列	chen:lie	v.	display
就是我	jiu:shi:wo	pron.	it is me
我当时	wo:dang:shi	n.	at that time I
环境污染	huan:jing:wu:ran	n.	environmental pollution
华南	hua:nan	n.	South China
此版	ci:ban	n.	this edition
承办单位	cheng:ban:dan:wei	n.	organizer
反映出	fan:ying:chu	v.	reflect
年年	nian:nian	adv.	year after year
要严格	yao:yan:ge	adj.	must be strict
光电	guang:dian	n.	photoelectricity
讥笑	ji:xiao	v.	ridicule
优越	you:yue	adj.	superior
将由	jiang:you	prep.	will be by
起板	qi:ban	n.	beat marking in opera
亿元	yi:yuan	num.	100 million yuan
多层次	duo:ceng:ci	adj.	multilevel
厨师	chu:shi	n.	cook
严峻	yan:jun	adj.	grim
为首	wei:shou	v.	head (a group)
这意味着	zhe:yi:wei:zhe	v.	this means
面粉	mian:fen	n.	flour
农村经济	nong:cun:jing:ji	n.	rural economy
奶茶	nai:cha	n.	milk tea
切割	qie:ge	v.	cut
日照	ri:zhao	n.	sunshine
禽流感	qin:liu:gan	n.	avian influenza
外型	wai:xing	n.	appearance
推动了	tui:dong:le	v.	promoted
想做	xiang:zuo	v.	want to do
本行	ben:hang	n.	one's own profession
成交量	cheng:jiao:liang	n.	trading volume
递给	di:gei	v.	hand to
心跳	xin:tiao	n.	heartbeat
贤	xian	adj.	virtuous
走廊	zou:lang	n.	corridor
规矩	gui:ju	n.	rule
规矩	gui:ju	adj.	well-behaved
大家好	da:jia:hao	int.	hello everyone
拉	la	v.	pull
发售	fa:shou	v.	put on sale
落下	la:xia	v.	leave behind
落下	luo:xia	v.	fall
国际上	guo:ji:shang	n.	international circles
深处	shen:chu	n.	depths
杀	sha	v.	kill
新药	xin:yao	n.	new medicine
贯穿	guan:chuan	v.	run through
中止	zhong:zhi	v.	suspend
葛	ge	n.	kudzu
葛	ge	n.	surname Ge
不给	bu:gei	v.	not give
潇洒	xiao:sa	adj.	natural and unrestrained
刹	sha	n.	temple
刹	sha	v.	brake
需求量	xu:qiu:liang	n.	demand
几率	ji:lv	n.	probability
一再	yi:zai	adv.	repeatedly
应为	ying:wei	v.	should be
店主	dian:zhu	n.	shopkeeper
域名注册	yu:ming:zhu:ce	n.	domain registration
开本	kai:ben	n.	book format
党的建设	dang:de:jian:she	n.	party building
强制性	qiang:zhi:xing	n.	compulsoriness
袁	yuan	n.	surname Yuan
不正确	bu:zheng:que	adj.	incorrect
高职	gao:zhi	n.	vocational higher education
花生	hua:sheng	n.	peanut
野生	ye:sheng	adj.	wild
较重	jiao:zhong	adj.	relatively heavy
事务所	shi:wu:suo	n.	office
煤气	mei:qi	n.	gas
第三十二条	di:san:shi:er:tiao	num.	Article 32
司马	si:ma	n.	Sima (surname)
司马	si:ma	n.	marshal
刘备	liu:bei	n.	Liu Bei
说服	shuo:fu	v.	persuade
拉开	la:kai	v.	pull open
摔	shuai	v.	fall
摔	shuai	v.	throw down
公文	gong:wen	n.	official document
序	xu	n.	preface
序	xu	n.	order
开发者	kai:fa:zhe	n.	developer
占到	zhan:dao	v.	account for
粤语	yue:yu	n.	Cantonese
今年以来	jin:nian:yi:lai	adv.	since the beginning of this year
始发站	shi:fa:zhan	n.	originating station
不远	bu:yuan	adj.	not far
特殊情况	te:shu:qing:kuang	n.	special circumstance
指挥部	zhi:hui:bu	n.	headquarters
麦当劳	mai:dang:lao	n.	McDonald's
预备	yu:bei	v.	prepare
自在	zi:zai	adj.	free and at ease
分支	fen:zhi	n.	branch
遍布	bian:bu	v.	spread all over
群发	qun:fa	v.	mass-send
多方	duo:fang	adj.	multi-party
就是说	jiu:shi:shuo	conj.	that is to say
政务公开	zheng:wu:gong:kai	n.	government transparency
反击	fan:ji	v.	counterattack
归档	gui:dang	v.	file (documents)
清澈	qing:che	adj.	limpid
动画片	dong:hua:pian	n.	animation / cartoon
访谈	fang:tan	n.	interview
可行性	ke:xing:xing	n.	feasibility
剖析	pou:xi	v.	analyze
下设	xia:she	v.	have under it
契约	qi:yue	n.	contract
臀部	tun:bu	n.	buttocks
对接	dui:jie	v.	dock
毛主席	mao:zhu:xi	n.	Chairman Mao
企业经营	qi:ye:jing:ying	n.	business management
有线	you:xian	n.	wired (connection)
揭示	jie:shi	v.	reveal
自费	zi:fei	adv.	at one's own expense
公益性	gong:yi:xing	n.	public welfare nature
末页	mo:ye	n.	last page
皱纹	zhou:wen	n.	wrinkle
到目前为止	dao:mu:qian:wei:zhi	adv.	so far
自然科学	zi:ran:ke:xue	n.	natural science
筑	zhu	v.	build
可谓	ke:wei	v.	may be called
自负	zi:fu	adj.	conceited
排斥	pai:chi	v.	exclude
初三	chu:san	n.	ninth grade
湿度	shi:du	n.	humidity
财务会计	cai:wu:kuai:ji	n.	financial accounting
斜	xie	adj.	slanted
女装	nv:zhuang	n.	women's clothing
经营性	jing:ying:xing	n.	for-profit nature
慕容	mu:rong	n.	Murong
到时候	dao:shi:hou	adv.	when the time comes
谁知	shei:zhi	conj.	who knows
当期	dang:qi	n.	current period
散热	san:re	v.	dissipate heat
考古	kao:gu	v.	archaeology
办案	ban:an	v.	handle a case
重新启动	chong:xin:qi:dong	v.	restart
快速增长	kuai:su:zeng:zhang	n.	rapid growth
瓦	wa	mw.	watt
高层次	gao:ceng:ci	adj.	high-level
长征	chang:zheng	n.	Long March
光圈	guang:quan	n.	aperture
督导	du:dao	v.	supervise
面孔	mian:kong	n.	face
领队	ling:dui	n.	team leader
喜好	xi:hao	n.	preference
个数	ge:shu	n.	number
固然	gu:ran	adv.	granted
拼音	pin:yin	n.	pinyin
情人节	qing:ren:jie	n.	Valentine's Day
随时随地	sui:shi:sui:di	adv.	anytime and anywhere
毒品	du:pin	n.	narcotics
南宁市	nan:ning:shi	n.	Nanning
药材	yao:cai	n.	medicinal materials
涂	tu	v.	spread
天赋	tian:fu	n.	talent
防汛	fang:xun	v.	flood control
参展商	can:zhan:shang	n.	exhibitor
深层	shen:ceng	n.	deep layer
湾	wan	n.	bay
卓越的	zhuo:yue:de	adj.	excellent
初二	chu:er	n.	second year of middle school
一心	yi:xin	adv.	wholeheartedly
收支	shou:zhi	n.	income and expenses
简要	jian:yao	adj.	brief
莎	sha	n.	sedge
视图	shi:tu	n.	view
光源	guang:yuan	n.	light source
为宜	wei:yi	v.	be advisable
灿烂	can:lan	adj.	brilliant
技术水平	ji:shu:shui:ping	n.	technical level
团长	tuan:zhang	n.	regimental commander
广告服务	guang:gao:fu:wu	n.	advertising service
生产设备	sheng:chan:she:bei	n.	production equipment
命中	ming:zhong	v.	hit the target
闪光	shan:guang	n.	flash
闪光	shan:guang	v.	flash
崇	chong	v.	esteem
几个人	ji:ge:ren	n.	several people
发改委	fa:gai:wei	n.	NDRC
脱落	tuo:luo	v.	come off
肉眼	rou:yan	n.	naked eye
比较好	bi:jiao:hao	adj.	relatively good
抽烟	chou:yan	v.	smoke
拥护	yong:hu	v.	support
猎	lie	v.	hunt
办公楼	ban:gong:lou	n.	office building
戏曲	xi:qu	n.	traditional opera
刑	xing	n.	punishment
墨	mo	n.	ink
陪同	pei:tong	v.	accompany
从容	cong:rong	adj.	calm
没关系	mei:guan:xi	v.	it doesn't matter
诊疗	zhen:liao	v.	diagnose and treat
国土资源	guo:tu:zi:yuan	n.	land resources
一枚	yi:mei	mw.	one (of flat objects)
卖点	mai:dian	n.	selling point
习俗	xi:su	n.	custom
瑜伽	yu:jia	n.	yoga
用作	yong:zuo	v.	be used as
职能部门	zhi:neng:bu:men	n.	functional department
固体	gu:ti	n.	solid
雨水	yu:shui	n.	rainwater
雨水	yu:shui	n.	Rain Water (solar term)
娃	wa	n.	baby
飞跃	fei:yue	v.	leap
大腿	da:tui	n.	thigh
文革	wen:ge	n.	Cultural Revolution
管理体系	guan:li:ti:xi	n.	management system
刀具	dao:ju	n.	cutting tool
梯	ti	n.	ladder
涂抹	tu:mo	v.	smear
固定资产投资	gu:ding:zi:chan:tou:zi	n.	fixed-asset investment
嘴角	zui:jiao	n.	corner of the mouth
集成电路	ji:cheng:dian:lu	n.	integrated circuit
管理费	guan:li:fei	n.	management fee
桃	tao	n.	peach
豆	dou	n.	bean
驾	jia	v.	drive
木耳	mu:er	n.	wood ear
不小心	bu:xiao:xin	adv.	carelessly
春风	chun:feng	n.	spring breeze
开幕式	kai:mu:shi	n.	opening ceremony
表决	biao:jue	v.	vote
教学方法	jiao:xue:fang:fa	n.	teaching method
特质	te:zhi	n.	trait
重要讲话	zhong:yao:jiang:hua	n.	important speech
实效	shi:xiao	n.	actual effect
专注	zhuan:zhu	adj.	focused
专注	zhuan:zhu	v.	concentrate
中奖	zhong:jiang	v.	win a prize
浅	qian	adj.	shallow
超值	chao:zhi	adj.	great value
趣味	qu:wei	n.	fun
趣味	qu:wei	n.	interest
一说	yi:shuo	n.	one theory
的	di	part.	possessive particle
黎明	li:ming	n.	dawn
变更登记	bian:geng:deng:ji	n.	change of registration
富贵	fu:gui	adj.	wealthy and honored
大有	da:you	v.	have plenty
事业发展	shi:ye:fa:zhan	n.	career development
烹饪	peng:ren	n.	cooking
烹饪	peng:ren	v.	cook
恶化	e:hua	v.	worsen
藏族	zang:zu	n.	Tibetan ethnicity
博士后	bo:shi:hou	n.	postdoctoral
迫使	po:shi	v.	force
信用证	xin:yong:zheng	n.	letter of credit
承运人	cheng:yun:ren	n.	carrier
艰苦	jian:ku	adj.	arduous
热线电话	re:xian:dian:hua	n.	hotline
索赔	suo:pei	v.	claim compensation
未注册	wei:zhu:ce	adj.	unregistered
牢固	lao:gu	adj.	firm
驱动器	qu:dong:qi	n.	drive
径	jing	n.	path
径	jing	n.	diameter
红楼梦	hong:lou:meng	n.	Dream of the Red Chamber
人大常委会	ren:da:chang:wei:hui	n.	NPC Standing Committee
太极	tai:ji	n.	taiji
疲	pi	adj.	tired
万里	wan:li	n.	Wanli
不动产	bu:dong:chan	n.	real estate
腐蚀	fu:shi	v.	corrode
直观	zhi:guan	adj.	intuitive
好莱坞	hao:lai:wu	n.	Hollywood
搬	ban	v.	move
搬	ban	v.	carry
移交	yi:jiao	v.	transfer
瓜	gua	n.	melon
莹	ying	adj.	lustrous
敬业	jing:ye	adj.	dedicated
开发利用	kai:fa:li:yong	n.	development and utilization
小店	xiao:dian	n.	small shop
元老	yuan:lao	n.	elder
梦中	meng:zhong	n.	in a dream
隐瞒	yin:man	v.	conceal
大类	da:lei	n.	major category
牢牢	lao:lao	adv.	firmly
惊人的	jing:ren:de	adj.	astonishing
滋	zi	v.	nourish
跨国	kua:guo	adj.	transnational
美味	mei:wei	n.	delicacy
配制	pei:zhi	v.	compound
润	run	adj.	moist
商户	shang:hu	n.	merchant
批次	pi:ci	n.	batch
确有	que:you	v.	indeed have
浓缩	nong:suo	v.	concentrate
后勤	hou:qin	n.	logistics
火星	huo:xing	n.	Mars
铃	ling	n.	bell
聪明的	cong:ming:de	adj.	intelligent
疗程	liao:cheng	n.	course of treatment
停下	ting:xia	v.	stop
另有规定	ling:you:gui:ding	v.	otherwise stipulated
当即	dang:ji	adv.	immediately
直流	zhi:liu	n.	direct current
绝缘	jue:yuan	v.	insulate
难受	nan:shou	adj.	uncomfortable
包括了	bao:kuo:le	v.	includes
表达了	biao:da:le	v.	expressed
工作组	gong:zuo:zu	n.	working group
香气	xiang:qi	n.	fragrance
饱满	bao:man	adj.	full
呼叫	hu:jiao	v.	call
加大了	jia:da:le	v.	increased
欺负	qi:fu	v.	bully
手感	shou:gan	n.	feeling of touch
更何况	geng:he:kuang	conj.	let alone
发达的	fa:da:de	adj.	developed
新高	xin:gao	n.	record high
投影	tou:ying	n.	projection
语言种类	yu:yan:zhong:lei	n.	language type
打开了	da:kai:le	v.	opened
蛮	man	adv.	quite
累了	lei:le	adj.	tired
入库	ru:ku	v.	warehousing
脆弱	cui:ruo	adj.	fragile
误会	wu:hui	v.	misunderstand
出席了	chu:xi:le	v.	attended
蒂	di	n.	stem
序列号	xu:lie:hao	n.	serial number
村委会	cun:wei:hui	n.	village committee
拨	bo	v.	dial
纯净	chun:jing	adj.	pure
十七	shi:qi	num.	17
总局	zong:ju	n.	head office
二年级	er:nian:ji	n.	second grade
科学院	ke:xue:yuan	n.	academy of sciences
贮存	zhu:cun	v.	store
暑假	shu:jia	n.	summer vacation
贯彻执行	guan:che:zhi:xing	v.	implement
盗版	dao:ban	n.	piracy
南非	nan:fei	n.	South Africa
产业结构	chan:ye:jie:gou	n.	industrial structure
建筑材料	jian:zhu:cai:liao	n.	building materials
礼貌	li:mao	n.	politeness
有益的	you:yi:de	adj.	beneficial
法人代表	fa:ren:dai:biao	n.	legal representative
涛	tao	n.	big waves
营业税	ying:ye:shui	n.	business tax
予	yu	v.	give
胸前	xiong:qian	n.	in front of the chest
网管	wang:guan	n.	network administrator
勾	gou	v.	check
能耗	neng:hao	n.	energy consumption
世界观	shi:jie:guan	n.	worldview
惠	hui	n.	kindness
阿根廷	a:gen:ting	n.	Argentina
析	xi	v.	analyze
铁板	tie:ban	n.	iron plate
打折机票	da:zhe:ji:piao	n.	discounted air ticket
遗忘	yi:wang	v.	forget
中性	zhong:xing	adj.	neutral
延期	yan:qi	v.	postpone
畸形	ji:xing	adj.	malformed
武侠	wu:xia	n.	martial arts fiction
祭祀	ji:si	v.	offer sacrifice
有关事项	you:guan:shi:xiang	n.	relevant matters
相关法律	xiang:guan:fa:lv	n.	relevant laws
在此基础上	zai:ci:ji:chu:shang	prep.	on this basis
薪资	xin:zi	n.	salary
脱颖而出	tuo:ying:er:chu	v.	stand out
检察院	jian:cha:yuan	n.	procuratorate
砍	kan	v.	chop
平面设计	ping:mian:she:ji	n.	graphic design
杀毒	sha:du	v.	disinfect
外在	wai:zai	adj.	external
撑	cheng	v.	support
截	jie	v.	cut off
有关人员	you:guan:ren:yuan	n.	personnel concerned
超声波	chao:sheng:bo	n.	ultrasound
氧气	yang:qi	n.	oxygen
炸弹	zha:dan	n.	bomb
廉价	lian:jia	adj.	cheap
营业部	ying:ye:bu	n.	sales department
序列	xu:lie	n.	sequence
世界各国	shi:jie:ge:guo	n.	all countries of the world
讨论区	tao:lun:qu	n.	discussion forum
时报	shi:bao	n.	times (newspaper)
报废	bao:fei	v.	scrap
绿地	lv:di	n.	green space
飞利浦	fei:li:pu	n.	Philips
磨损	mo:sun	v.	wear
本性	ben:xing	n.	nature
全心全意	quan:xin:quan:yi	adv.	wholeheartedly
特产	te:chan	n.	local specialty
试点工作	shi:dian:gong:zuo	n.	pilot work
措	cuo	v.	arrange
魔力	mo:li	n.	magic power
肉体	rou:ti	n.	flesh
长途	chang:tu	adj.	long-distance
电子有限公司	dian:zi:you:xian:gong:si	n.	electronics co., ltd.
第三十三条	di:san:shi:san:tiao	num.	article 33
舌头	she:tou	n.	tongue
半夜	ban:ye	n.	midnight
对外贸易	dui:wai:mao:yi	n.	foreign trade
有色金属	you:se:jin:shu	n.	nonferrous metal
寝室	qin:shi	n.	dormitory
用具	yong:ju	n.	tool
当晚	dang:wan	n.	that evening
勇于	yong:yu	v.	be brave to
大叫	da:jiao	v.	shout
几何	ji:he	n.	geometry
努力提高	nu:li:ti:gao	v.	strive to improve
全书	quan:shu	n.	the whole book
黄昏	huang:hun	n.	dusk
严重影响	yan:zhong:ying:xiang	v.	seriously affect
币	bi	n.	currency
势必	shi:bi	adv.	inevitably
开店	kai:dian	v.	open a shop
三菱	san:ling	n.	Mitsubishi
意味	yi:wei	n.	meaning
意味	yi:wei	v.	signify
弱点	ruo:dian	n.	weakness
规范性	gui:fan:xing	n.	normativity
煽动	shan:dong	v.	incite
前列腺	qian:lie:xian	n.	prostate
主动性	zhu:dong:xing	n.	initiative
功德	gong:de	n.	merit
玩笑	wan:xiao	n.	joke
课本	ke:ben	n.	textbook
单间	dan:jian	n.	single room
夸张	kua:zhang	v.	exaggerate
夸张	kua:zhang	adj.	exaggerated
产品销售	chan:pin:xiao:shou	n.	product sales
这样一来	zhe:yang:yi:lai	conj.	in that case
排量	pai:liang	n.	displacement
长发	chang:fa	n.	long hair
非要	fei:yao	adv.	insist on
连同	lian:tong	prep.	together with
送上	song:shang	v.	deliver
流出	liu:chu	v.	flow out
长短	chang:duan	n.	length
终极	zhong:ji	adj.	ultimate
零售商	ling:shou:shang	n.	retailer
薇	wei	n.	rose (plant)
处女	chu:nv	n.	virgin
无情	wu:qing	adj.	heartless
哈尔滨市	ha:er:bin:shi	n.	Harbin (city)
免征	mian:zheng	v.	exempt from tax
沐浴	mu:yu	v.	bathe
不适合	bu:shi:he	adj.	unsuitable
沃尔玛	wo:er:ma	n.	Walmart
无知	wu:zhi	n.	ignorance
无知	wu:zhi	adj.	ignorant
工商银行	gong:shang:yin:hang	n.	ICBC
聚焦	ju:jiao	v.	focus
感知	gan:zhi	v.	perceive
一刻	yi:ke	n.	a moment
车载	che:zai	adj.	vehicle-mounted
招聘会	zhao:pin:hui	n.	job fair
杂志社	za:zhi:she	n.	magazine office
透明度	tou:ming:du	n.	transparency
播种	bo:zhong	v.	sow
太平	tai:ping	adj.	peaceful
低调	di:diao	adj.	low-key
幸好	xing:hao	adv.	fortunately
组织开展	zu:zhi:kai:zhan	v.	organize and carry out
中国文化	zhong:guo:wen:hua	n.	Chinese culture
陛下	bi:xia	n.	Your Majesty
技术开发	ji:shu:kai:fa	n.	technology development
叶片	ye:pian	n.	blade
黄金周	huang:jin:zhou	n.	Golden Week
变迁	bian:qian	n.	change
人中	ren:zhong	n.	philtrum
周恩来	zhou:en:lai	n.	Zhou Enlai
一脚	yi:jiao	n.	one kick
自觉地	zi:jue:de	adv.	consciously
塑胶	su:jiao	n.	plastic
整车	zheng:che	n.	whole vehicle
透明的	tou:ming:de	adj.	transparent
中型	zhong:xing	adj.	medium-sized
各级人民政府	ge:ji:ren:min:zheng:fu	n.	governments at all levels
愈	yu	adv.	increasingly
菜肴	cai:yao	n.	dish
魔兽	mo:shou	n.	monster
制度建设	zhi:du:jian:she	n.	institution building
意识形态	yi:shi:xing:tai	n.	ideology
攻略	gong:lve	n.	strategy guide
督	du	v.	supervise
大户	da:hu	n.	big household
尺度	chi:du	n.	scale
一般人	yi:ban:ren	n.	ordinary person
狐狸	hu:li	n.	fox
找工作	zhao:gong:zuo	v.	look for a job
锂电池	li:dian:chi	n.	lithium battery
胸口	xiong:kou	n.	chest
通往	tong:wang	v.	lead to
克隆	ke:long	v.	clone
全校	quan:xiao	n.	whole school
两级	liang:ji	num.	two levels
程度上	cheng:du:shang	adv.	to some extent
专柜	zhuan:gui	n.	special counter
历来	li:lai	adv.	always
交通便利	jiao:tong:bian:li	adj.	convenient transportation
银行卡	yin:hang:ka	n.	bank card
周四	zhou:si	n.	Thursday
符合条件	fu:he:tiao:jian	v.	meet the conditions
保护区	bao:hu:qu	n.	reserve
终生	zhong:sheng	adv.	lifelong
祥	xiang	adj.	auspicious
提起诉讼	ti:qi:su:song	v.	file a lawsuit
供热	gong:re	v.	supply heat
供热	gong:re	n.	heat supply
唐山	tang:shan	n.	Tangshan
喇叭	la:ba	n.	loudspeaker
喇叭	la:ba	n.	trumpet
丫头	ya:tou	n.	girl
丫头	ya:tou	n.	servant girl
就行	jiu:xing	v.	be fine
国家主席	guo:jia:zhu:xi	n.	state chairman
浦东	pu:dong	n.	Pudong
经济法	jing:ji:fa	n.	economic law
额度	e:du	n.	quota
老家	lao:jia	n.	hometown
星空	xing:kong	n.	starry sky
工作效率	gong:zuo:xiao:lv	n.	work efficiency
怖	bu	adj.	frightening
化学品	hua:xue:pin	n.	chemicals
亲密	qin:mi	adj.	intimate
本部	ben:bu	n.	headquarters
高清	gao:qing	adj.	high definition
忠实	zhong:shi	adj.	loyal
分部	fen:bu	n.	branch
半小时	ban:xiao:shi	n.	half an hour
增高	zeng:gao	v.	increase height
职业经理人	zhi:ye:jing:li:ren	n.	professional manager
做饭	zuo:fan	v.	cook (a meal)
进入中国	jin:ru:zhong:guo	v.	enter China
不乏	bu:fa	v.	not lack
离职	li:zhi	v.	leave one's job
屋顶	wu:ding	n.	roof
管线	guan:xian	n.	pipeline
没问题	mei:wen:ti	adj.	no problem
登记机关	deng:ji:ji:guan	n.	registration authority
复查	fu:cha	v.	reexamine
充当	chong:dang	v.	serve as
公认的	gong:ren:de	adj.	recognized
我们公司	wo:men:gong:si	n.	our company
阁下	ge:xia	n.	Your Excellency
苦笑	ku:xiao	v.	wry smile
公司章程	gong:si:zhang:cheng	n.	articles of association
废物	fei:wu	n.	useless thing
专著	zhuan:zhu	n.	monograph
图库	tu:ku	n.	image library
高位	gao:wei	n.	high position
惠州	hui:zhou	n.	Huizhou
工伤保险	gong:shang:bao:xian	n.	work injury insurance
摄入	she:ru	v.	intake
不正常	bu:zheng:chang	adj.	abnormal
配送方式	pei:song:fang:shi	n.	delivery method
三者	san:zhe	n.	the three
发蜡	fa:la	n.	hair wax
质量监督	zhi:liang:jian:du	n.	quality supervision
迁移	qian:yi	v.	migrate
侵	qin	v.	invade
投机	tou:ji	v.	speculate
上传时间	shang:chuan:shi:jian	n.	upload time
根本利益	gen:ben:li:yi	n.	fundamental interest
岩	yan	n.	rock
特约	te:yue	v.	specially invited
专业性	zhuan:ye:xing	n.	professionalism
制度化	zhi:du:hua	v.	systematize
扮	ban	v.	play (a role)
机能	ji:neng	n.	function
打扮	da:ban	v.	dress up
该市	gai:shi	n.	the city
糟	zao	adj.	terrible
跳槽	tiao:cao	v.	change jobs
略有	lve:you	v.	have slightly
才华	cai:hua	n.	talent
盈	ying	v.	be full
生姜	sheng:jiang	n.	ginger
歌舞	ge:wu	n.	song and dance
医学院	yi:xue:yuan	n.	medical college
畜牧业	xu:mu:ye	n.	animal husbandry
万台	wan:tai	num.	10,000 (units)
自制	zi:zhi	adj.	self-made
投资项目	tou:zi:xiang:mu	n.	investment project
附带	fu:dai	v.	attach
粮油	liang:you	n.	grain and oil
吩咐	fen:fu	v.	instruct
首发	shou:fa	v.	make debut release
威海	wei:hai	n.	Weihai
腹	fu	n.	abdomen
企业内部	qi:ye:nei:bu	n.	within the company
公分	gong:fen	n.	centimeter
拜访	bai:fang	v.	visit
西部地区	xi:bu:di:qu	n.	western region
乾隆	qian:long	n.	Qianlong
正式版	zheng:shi:ban	n.	official version
迷你	mi:ni	adj.	mini
中级	zhong:ji	n.	intermediate level
垃圾邮件	la:ji:you:jian	n.	spam
组织部	zu:zhi:bu	n.	organization department
无名	wu:ming	adj.	nameless
名胜区	ming:sheng:qu	n.	scenic area
全党	quan:dang	n.	whole party
骚扰	sao:rao	v.	harass
微型	wei:xing	adj.	miniature
艺术类	yi:shu:lei	n.	art category
专业委员会	zhuan:ye:wei:yuan:hui	n.	professional committee
事迹	shi:ji	n.	deeds
增添	zeng:tian	v.	add
背着	bei:zhe	v.	carry on the back
探险	tan:xian	n.	exploration
斩	zhan	v.	chop
股份制	gu:fen:zhi	n.	shareholding system
行业发展	hang:ye:fa:zhan	n.	industry development
考证	kao:zheng	v.	textual research
润滑油	run:hua:you	n.	lubricating oil
早晚	zao:wan	n.	morning and evening
吊销	diao:xiao	v.	revoke
多方面的	duo:fang:mian:de	adj.	many-sided
支队	zhi:dui	n.	detachment
计费	ji:fei	v.	charge fees
呵护	he:hu	v.	care for
招牌	zhao:pai	n.	signboard
副秘书长	fu:mi:shu:zhang	n.	deputy secretary-general
添加剂	tian:jia:ji	n.	addictive
抽出	chou:chu	v.	extract
尺	chi	n.	ruler
爱立信	ai:li:xin	n.	Ericsson
网关	wang:guan	n.	gateway
品牌形象	pin:pai:xing:xiang	n.	brand image
压迫	ya:po	v.	oppress
会场	hui:chang	n.	meeting place
遇上	yu:shang	v.	come across
数百	shu:bai	num.	hundreds
倍数	bei:shu	n.	multiple
空格	kong:ge	n.	blank space
签	qian	v.	sign
氨基酸	an:ji:suan	n.	amino acid
牢记	lao:ji	v.	keep firmly in mind
扩充	kuo:chong	v.	expand
稀	xi	adj.	sparse
延安	yan:an	n.	Yan'an
先天	xian:tian	adj.	congenital
好不好	hao:bu:hao	adv.	is it okay
商学院	shang:xue:yuan	n.	business school
掏	tao	v.	pull out
构建和谐社会	gou:jian:he:xie:she:hui	v.	build a harmonious society
夸	kua	v.	praise
行业标准	hang:ye:biao:zhun	n.	industry standard
电子产品	dian:zi:chan:pin	n.	electronic product
慷慨	kang:kai	adj.	generous
循环经济	xun:huan:jing:ji	n.	circular economy
汽	qi	n.	steam
黄豆	huang:dou	n.	soybean
万余	wan:yu	num.	over 10,000
还不错	hai:bu:cuo	adj.	not bad
武士	wu:shi	n.	warrior
机械设备	ji:xie:she:bei	n.	machinery and equipment
外套	wai:tao	n.	coat
液	ye	n.	liquid
俄国	e:guo	n.	Russia
津贴	jin:tie	n.	allowance
姬	ji	n.	concubine
愧	kui	v.	feel ashamed
解决方法	jie:jue:fang:fa	n.	solution
一事	yi:shi	n.	one matter
抢劫	qiang:jie	v.	rob
五行	wu:xing	n.	Five Elements
散步	san:bu	v.	take a walk
祈祷	qi:dao	v.	pray
体系建设	ti:xi:jian:she	n.	system building
谢文东	xie:wen:dong	n.	Xie Wendong
参考价格	can:kao:jia:ge	n.	reference price
汇	hui	v.	remit
汇	hui	n.	exchange (of currency)
陆军	lu:jun	n.	ground army
挣钱	zheng:qian	v.	earn money
清楚地	qing:chu:de	adv.	clearly
歌唱	ge:chang	v.	sing
愉快的	yu:kuai:de	adj.	pleasant
职业病	zhi:ye:bing	n.	occupational disease
加入收藏	jia:ru:shou:cang	v.	add to favorites
如意	ru:yi	adj.	as one wishes
执行情况	zhi:xing:qing:kuang	n.	implementation status
第二款	di:er:kuan	n.	second model
盛会	sheng:hui	n.	grand gathering
漫游	man:you	v.	roam
漫游	man:you	n.	(roaming)
三七	san:qi	n.	notoginseng
无意	wu:yi	adj.	have no intention
无意	wu:yi	adj.	unintentional
中途	zhong:tu	n.	midway
柱	zhu	n.	pillar
升华	sheng:hua	v.	sublimate
升华	sheng:hua	n.	sublimation
织物	zhi:wu	n.	fabric
蒸汽	zheng:qi	n.	steam
并重	bing:zhong	v.	pay equal attention to
背上	bei:shang	n.	on the back
烤肉	kao:rou	n.	roast meat
早点	zao:dian	n.	breakfast
过期	guo:qi	v.	expire
分值	fen:zhi	n.	point value
以下内容	yi:xia:nei:rong	n.	following content
原谅	yuan:liang	v.	forgive
终点	zhong:dian	n.	finish line
彩信	cai:xin	n.	MMS
二字	er:zi	num.	two characters
打呼	da:hu	v.	snore
求购信息	qiu:gou:xin:xi	n.	buying inquiry
吸取	xi:qu	v.	absorb
以使	yi:shi	conj.	so as to
雅思	ya:si	n.	IELTS
轮回	lun:hui	n.	reincarnation
高高	gao:gao	adv.	high
诱发	you:fa	v.	induce
这三个	zhe:san:ge	pron.	these three
习题	xi:ti	n.	exercise
说实话	shuo:shi:hua	v.	be honest
和谐社会	he:xie:she:hui	n.	harmonious society
醒目	xing:mu	adj.	eye-catching
建设工作	jian:she:gong:zuo	n.	construction work
上演	shang:yan	v.	stage
一封	yi:feng	mw.	a (for letters)
打下	da:xia	v.	lay (a foundation)
尚有	shang:you	v.	still have
社会上	she:hui:shang	n.	in society
一个字	yi:ge:zi	num.	one word
人参	ren:shen	n.	ginseng
精髓	jing:sui	n.	essence
中国古代	zhong:guo:gu:dai	n.	ancient China
可调	ke:tiao	adj.	adjustable
老师	lao:shi	n.	teacher
迅速发展	xun:su:fa:zhan	v.	develop rapidly
烧烤	shao:kao	n.	barbecue
工作单位	gong:zuo:dan:wei	n.	workplace
高新技术产业	gao:xin:ji:shu:chan:ye	n.	high-tech industry
家用电器	jia:yong:dian:qi	n.	home appliances
密切相关	mi:qie:xiang:guan	adj.	closely related
登记管理	deng:ji:guan:li	n.	registration management
组团	zu:tuan	v.	form a group
典范	dian:fan	n.	model
经济开发区	jing:ji:kai:fa:qu	n.	economic development zone
数据包	shu:ju:bao	n.	data packet
间隙	jian:xi	n.	gap
招标文件	zhao:biao:wen:jian	n.	bidding documents
九五	jiu:wu	num.	95
水产品	shui:chan:pin	n.	seafood product
光彩	guang:cai	n.	radiance
瓷砖	ci:zhuan	n.	(ceramic) tile
抗体	kang:ti	n.	antibody
农历	nong:li	n.	lunar calendar
职业培训	zhi:ye:pei:xun	n.	vocational training
听课	ting:ke	v.	attend a class
召唤	zhao:huan	v.	summon
粮	liang	n.	grain
十六届	shi:liu:jie	num.	16th session
堡	bao	n.	fortress
圈子	quan:zi	n.	circle
仗	zhang	n.	battle
全集	quan:ji	n.	complete works
小偷	xiao:tou	n.	thief
法律顾问	fa:lv:gu:wen	n.	legal adviser
网店	wang:dian	n.	online store
笨	ben	adj.	stupid
奏	zou	v.	play (music)
养生	yang:sheng	v.	preserve one's health
下一代	xia:yi:dai	n.	next generation
叹息	tan:xi	v.	sigh
中美	zhong:mei	n.	China and the US
参与者	can:yu:zhe	n.	participant
手机号码	shou:ji:hao:ma	n.	mobile phone number
技术标准	ji:shu:biao:zhun	n.	technical standard
能力建设	neng:li:jian:she	n.	capacity building
猎人	lie:ren	n.	hunter
公元前	gong:yuan:qian	n.	BC
指引	zhi:yin	v.	guide
搬家	ban:jia	v.	move house
冷笑	leng:xiao	v.	sneer
流转	liu:zhuan	v.	circulate
歉	qian	n.	apology
典当	dian:dang	v.	pawn
甩	shuai	v.	whip
怔	zheng	v.	stare blankly
那个时候	na:ge:shi:hou	n.	that time
星期四	xing:qi:si	n.	Thursday
什么人	shen:me:ren	pron.	who
航天	hang:tian	n.	aerospace
心理	xin:li	n.	psychology
伴有	ban:you	v.	be accompanied by
开拓创新	kai:tuo:chuang:xin	v.	pioneer and innovate
申办	shen:ban	v.	apply to host
实践活动	shi:jian:huo:dong	n.	practical activity
先进性教育	xian:jin:xing:jiao:yu	n.	Progressive Education
每个月	mei:ge:yue	n.	every month
液压	ye:ya	n.	hydraulics
大肉	da:rou	n.	pork
允	yun	v.	allow
教育厅	jiao:yu:ting	n.	department of education
大力推进	da:li:tui:jin	v.	vigorously advance
水域	shui:yu	n.	waters
本企业	ben:qi:ye	n.	this enterprise
进修	jin:xiu	v.	take refresher courses
案件	an:jian	n.	case
三分之一	san:fen:zhi:yi	num.	one third
副作用	fu:zuo:yong	n.	side effect
资产评估	zi:chan:ping:gu	n.	asset appraisal
兑现	dui:xian	v.	honor (a check)
口头	kou:tou	adj.	oral
蜡烛	la:zhu	n.	candle
跑车	pao:che	n.	sports car
网络广告	wang:luo:guang:gao	n.	online advertising
意境	yi:jing	n.	artistic conception
有时间	you:shi:jian	v.	have time
走出去	zou:chu:qu	v.	go out
满分	man:fen	n.	full marks
竞	jing	v.	compete
写下	xie:xia	v.	write down
专辑	zhuan:ji	n.	album
林肯	lin:ken	n.	Lincoln
点燃	dian:ran	v.	ignite
证明材料	zheng:ming:cai:liao	n.	supporting documents
圣人	sheng:ren	n.	sage
称赞	cheng:zan	v.	praise
几个月	ji:ge:yue	num.	several months
影院	ying:yuan	n.	cinema
思想政治工作	si:xiang:zheng:zhi:gong:zuo	n.	ideological work
祸	huo	n.	disaster
边境	bian:jing	n.	border
分店	fen:dian	n.	branch
个人所得税	ge:ren:suo:de:shui	n.	personal income tax
信息安全	xin:xi:an:quan	n.	information security
病因	bing:yin	n.	cause of disease
发展有限公司	fa:zhan:you:xian:gong:si	n.	development company
销毁	xiao:hui	v.	destroy
耶	ye	int.	yeah!
警示	jing:shi	v.	warn
修饰	xiu:shi	v.	embellish
必要性	bi:yao:xing	n.	necessity
请登录	qing:deng:lu	v.	please log in
卫生局	wei:sheng:ju	n.	health bureau
复兴	fu:xing	v.	revive
个体工商户	ge:ti:gong:shang:hu	n.	self-employed business owner
直达	zhi:da	v.	go straight to
直达	zhi:da	adj.	nonstop
免除	mian:chu	v.	exempt
胳膊	ge:bo	n.	arm
文体	wen:ti	n.	style of writing
文体	wen:ti	n.	culture and sports
忍受	ren:shou	v.	endure
宋体	song:ti	n.	Song typeface
准予	zhun:yu	v.	grant
梅花	mei:hua	n.	plum blossom
清朝	qing:chao	n.	Qing dynasty
西蜀子云亭	xi:shu:zi:yun:ting	n.	Xishu Ziyun Pavilion
刀塔	dao:ta	n.	Dota
老是	lao:shi	adv.	always
谈家渡桥	tan:jia:du:qiao	n.	Tanjiadu Bridge
白嫖	bai:piao	v.	freeload
百事	bai:shi	n.	Pepsi
暴风	bao:feng	n.	storm
宝箱	bao:xiang	n.	treasure chest
辨识	bian:shi	v.	identify
补给	bu:ji	n.	supplies
补给	bu:ji	v.	supply
沉眠	chen:mian	v.	slumber
辰星	chen:xing	n.	Mercury
蠢材	chun:cai	n.	fool
搭线	da:xian	v.	make contact
打制	da:zhi	v.	chip (stone)
得一逼	de:yi:bi	adv.	extremely
定当	ding:dang	adv.	assuredly
定制	ding:zhi	v.	customize
定制	ding:zhi	n.	customization
多多	duo:duo	adv.	a lot
恶感	e:gan	n.	aversion
反常	fan:chang	adj.	abnormal
盖菜	gai:cai	n.	mustard greens
改点	gai:dian	v.	reschedule
搞怪	gao:guai	v.	goof around
古埃及人	gu:ai:ji:ren	n.	ancient Egyptians
红运	hong:yun	n.	good luck
护食	hu:shi	v.	be possessive of food
护养	hu:yang	v.	care for
花呗	hua:bei	n.	Huabei
会儿	hui:er	mw.	a while
机翻	ji:fan	n.	machine translation
鸡鸡	ji:ji	n.	wee-wee
箭步	jian:bu	n.	big stride
健康宝	jian:kang:bao	n.	health app (Beijing)
践行	jian:xing	v.	put into practice
糨糊	jiang:hu	n.	paste
精光	jing:guang	adv.	completely (used up)
酒花	jiu:hua	n.	hops
局地	ju:di	adj.	local
举发	ju:fa	v.	expose
氪金	ke:jin	v.	spend money in-game
啦啦啦	la:la:la	onom.	la la la
啦啦啦啦	la:la:la:la	onom.	la la la la
力挺	li:ting	v.	strongly support
连连	lian:lian	adv.	repeatedly
脸形	lian:xing	n.	face shape
没得	mei:de	v.	not have
那个啥	na:ge:sha	pron.	what's-his-name
脑残	nao:can	adj.	brain-dead
女儿	nv:er	n.	daughter
喷子	pen:zi	n.	hater
钱数	qian:shu	n.	amount of money
热场	re:chang	v.	warm up the audience
傻傻地	sha:sha:de	adv.	foolishly
上一集	shang:yi:ji	n.	previous episode
什么的	shen:me:de	part.	and so on
时艰	shi:jian	n.	hard times
屎山	shi:shan	n.	spaghetti code
算啦	suan:la	int.	forget it
特么	te:me	adv.	damn (euphemism)
天呐	tian:na	int.	oh my god
通传	tong:chuan	v.	pass along (a message)
同人	tong:ren	n.	doujin
团战	tuan:zhan	n.	team fight
文件树	wen:jian:shu	n.	file tree
文身	wen:shen	n.	tattoo
文身	wen:shen	v.	tattoo
无需	wu:xu	v.	need not
戏骨	xi:gu	n.	veteran actor
吸金	xi:jin	v.	rake in money
险棋	xian:qi	n.	risky move
献忠	xian:zhong	v.	run amok
降伏	xiang:fu	v.	subdue
小喵	xiao:miao	n.	kitty
信谣	xin:yao	v.	believe rumors
星象	xing:xiang	n.	astrology
星爷	xing:ye	n.	Stephen Chow
徐公	xu:gong	n.	Lord Xu
眼光	yan:guang	n.	vision
眼光	yan:guang	n.	insight
药神	yao:shen	n.	god of medicine
一档	yi:dang	num.	one (program slot)
蚁人	yi:ren	n.	Ant-Man
引座	yin:zuo	v.	usher
盈利	ying:li	v.	make a profit
盈利	ying:li	n.	profit
优酷	you:ku	n.	Youku
尤其是	you:qi:shi	adv.	especially
愿景	yuan:jing	n.	vision
原神	yuan:shen	n.	Genshin Impact
悦刻	yue:ke	n.	RELX
涨薪	zhang:xin	v.	get a raise
正太	zheng:tai	n.	shota
争相	zheng:xiang	adv.	competing to
职位	zhi:wei	n.	position
重价	zhong:jia	n.	high price
成品油	cheng:pin:you	n.	refined oil
培训工作	pei:xun:gong:zuo	n.	training work
少有	shao:you	adj.	rare
糖果	tang:guo	n.	candy
祝愿	zhu:yuan	v.	wish
上将	shang:jiang	n.	general
进出	jin:chu	v.	go in and out
一瓶	yi:ping	num.	one bottle
方正	fang:zheng	adj.	upright
方正	fang:zheng	n.	Founder
性病	xing:bing	n.	venereal disease
北京现代	bei:jing:xian:dai	n.	Beijing Hyundai
赏识	shang:shi	v.	appreciate
不定期	bu:ding:qi	adj.	irregular
摩托	mo:tuo	n.	motorcycle
货源	huo:yuan	n.	source of goods
访问者	fang:wen:zhe	n.	visitor
拍拍	pai:pai	v.	pat
拍拍	pai:pai	onom.	pat pat
准时	zhun:shi	adj.	punctual
有效期限	you:xiao:qi:xian	n.	expiration date
国家公务员	guo:jia:gong:wu:yuan	n.	civil servant
经济适用房	jing:ji:shi:yong:fang	n.	affordable housing
小白	xiao:bai	n.	novice
注册机	zhu:ce:ji	n.	keygen
当选	dang:xuan	v.	be elected
辅导员	fu:dao:yuan	n.	counselor
远方	yuan:fang	n.	distant place
放过	fang:guo	v.	letsb off
征税	zheng:shui	v.	levy taxes
不良反应	bu:liang:fan:ying	n.	adverse reaction
实话	shi:hua	n.	truth
内裤	nei:ku	n.	underpants
狠狠	hen:hen	adv.	ruthlessly
化工有限公司	hua:gong:you:xian:gong:si	n.	chemical company
相思	xiang:si	n.	lovesickness
自来水	zi:lai:shui	n.	tap water
物价	wu:jia	n.	prices
情怀	qing:huai	n.	sentiments
资格考试	zi:ge:kao:shi	n.	qualification exam
四肢	si:zhi	n.	four limbs
监事会	jian:shi:hui	n.	supervisory board
拆	chai	v.	tear open
解散	jie:san	v.	dissolve
这几年	zhe:ji:nian	n.	recent years
奇妙	qi:miao	adj.	marvelous
高频	gao:pin	n.	high frequency
干涉	gan:she	v.	interfere
这本书	zhe:ben:shu	n.	this book
文秘	wen:mi	n.	secretarial work
有一点	you:yi:dian	adv.	a little
货品	huo:pin	n.	goods
新车型	xin:che:xing	n.	new car model
又名	you:ming	v.	also called
事业部	shi:ye:bu	n.	division
汇集	hui:ji	v.	gather
年薪	nian:xin	n.	annual salary
双核	shuang:he	n.	dual core
悠悠	you:you	adv.	leisurely
电信业务	dian:xin:ye:wu	n.	telecom services
硕士研究生	shuo:shi:yan:jiu:sheng	n.	master's student
网站推广	wang:zhan:tui:guang	n.	website promotion
卖给	mai:gei	v.	sell to
现阶段	xian:jie:duan	n.	current stage
招租	zhao:zu	v.	for rent
政策法规	zheng:ce:fa:gui	n.	policies and regulations
小结	xiao:jie	n.	summary
汗水	han:shui	n.	sweat
温馨提示	wen:xin:ti:shi	n.	friendly reminder
副校长	fu:xiao:zhang	n.	vice principal
宣称	xuan:cheng	v.	claim
星期一	xing:qi:yi	n.	Monday
烦人	fan:ren	adj.	annoying
展望	zhan:wang	v.	look ahead
最后一次	zui:hou:yi:ci	n.	the last time
夕阳	xi:yang	n.	setting sun
知名品牌	zhi:ming:pin:pai	n.	well-known brand
罪犯	zui:fan	n.	criminal
竞争优势	jing:zheng:you:shi	n.	competitive advantage
儿女	er:nv	n.	children
法律依据	fa:lv:yi:ju	n.	legal basis
生物技术	sheng:wu:ji:shu	n.	biotechnology
改名	gai:ming	v.	rename
没	mo	v.	not have
爵	jue	n.	peerage
准考证	zhun:kao:zheng	n.	exam admission ticket
绩	ji	n.	achievement
现存	xian:cun	adj.	existing
底层	di:ceng	n.	bottom layer
广大党员	guang:da:dang:yuan	n.	broad masses of party members
荣誉称号	rong:yu:cheng:hao	n.	honorary title
进行调查	jin:xing:diao:cha	v.	conduct an investigation
向后	xiang:hou	adv.	backward
真好	zhen:hao	adj.	really good
离子	li:zi	n.	ion
脸部	lian:bu	n.	face
海岸	hai:an	n.	coast
音质	yin:zhi	n.	sound quality
自发	zi:fa	adj.	spontaneous
曲折	qu:zhe	adj.	twists and turns
放进	fang:jin	v.	put in
测算	ce:suan	v.	calculate
扭曲	niu:qu	v.	distort
诱	you	v.	entice
一起来	yi:qi:lai	v.	come together
赞成	zan:cheng	v.	approve
装潢	zhuang:huang	v.	decorate
压制	ya:zhi	v.	suppress
党委书记	dang:wei:shu:ji	n.	party secretary
总体规划	zong:ti:gui:hua	n.	overall plan
第三十四条	di:san:shi:si:tiao	num.	Article 34
搜寻	sou:xun	v.	search
搜寻	sou:xun	n.	search
呜	wu	onom.	whimper sound
不了解	bu:liao:jie	v.	not understand
上映	shang:ying	v.	be released (of a film)
程序设计	cheng:xu:she:ji	n.	programming
不相信	bu:xiang:xin	v.	not believe
变频器	bian:pin:qi	n.	frequency converter
正宗	zheng:zong	adj.	authentic
成功率	cheng:gong:lv	n.	success rate
实业	shi:ye	n.	industry
插手	cha:shou	v.	meddle
沉重	chen:zhong	adj.	heavy
名誉	ming:yu	n.	reputation
穴	xue	n.	hole
穴	xue	n.	acupoint
衰老	shuai:lao	v.	age
衰老	shuai:lao	n.	aging
老太太	lao:tai:tai	n.	old lady
有价值的	you:jia:zhi:de	adj.	valuable
二十年	er:shi:nian	n.	twenty years
趋于	qu:yu	v.	tend to
好不容易	hao:bu:rong:yi	adv.	with great difficulty
黎	li	n.	Li (surname)
介绍一下	jie:shao:yi:xia	v.	introduce briefly
租	zu	v.	rent
租	zu	n.	rent
培	pei	v.	bank up (earth)
咋	za	adv.	how (dialect)
开阔	kai:kuo	adj.	broad
开阔	kai:kuo	v.	widen
不可避免	bu:ke:bi:mian	adj.	inevitable
经营企业	jing:ying:qi:ye	v.	run a business
议论	yi:lun	v.	discuss
议论	yi:lun	n.	comment
过滤器	guo:lv:qi	n.	filter
保健食品	bao:jian:shi:pin	n.	health food
没收违法所得	mo:shou:wei:fa:suo:de	v.	confiscate illegal gains
限量	xian:liang	v.	limit the quantity
阵阵	zhen:zhen	adv.	in bursts
现今	xian:jin	adv.	nowadays
这样的话	zhe:yang:de:hua	conj.	in that case
平的	ping:de	adj.	flat
小品	xiao:pin	n.	comedy sketch
小品	xiao:pin	n.	short essay
粉末	fen:mo	n.	powder
最终的	zui:zhong:de	adj.	final
宋代	song:dai	n.	Song dynasty
没钱	mei:qian	adj.	broke
梳理	shu:li	v.	comb
梳理	shu:li	v.	sort out
老爸	lao:ba	n.	dad
井	jing	n.	well
选址	xuan:zhi	v.	choose a site
皮鞋	pi:xie	n.	leather shoes
黄瓜	huang:gua	n.	cucumber
上天	shang:tian	v.	ascend to heaven
上天	shang:tian	n.	heaven
相邻	xiang:lin	adj.	adjacent
牢固树立	lao:gu:shu:li	v.	firmly establish
银河	yin:he	n.	Milky Way
综合治理	zong:he:zhi:li	n.	comprehensive governance
病房	bing:fang	n.	ward
服务体系	fu:wu:ti:xi	n.	service system
交通工具	jiao:tong:gong:ju	n.	means of transport
街道办事处	jie:dao:ban:shi:chu	n.	subdistrict office
各个方面	ge:ge:fang:mian	n.	every aspect
来看看	lai:kan:kan	v.	come and see
工作性质	gong:zuo:xing:zhi	n.	nature of work
专利权	zhuan:li:quan	n.	patent rights
何以	he:yi	adv.	why
窝	wo	n.	nest
窝	wo	mw.	litter (classifier)
财税	cai:shui	n.	finance and taxation
借用	jie:yong	v.	borrow
借用	jie:yong	n.	borrowing
润滑	run:hua	v.	lubricate
触发	chu:fa	v.	trigger
自家	zi:jia	pron.	one's own
蒋介石	jiang:jie:shi	n.	Chiang Kai-shek
会见	hui:jian	v.	meet with
村级	cun:ji	adj.	village-level
起飞	qi:fei	v.	take off
和谐发展	he:xie:fa:zhan	n.	harmonious development
繁忙	fan:mang	adj.	busy
嘻嘻	xi:xi	onom.	hehe (laughing)
工作量	gong:zuo:liang	n.	workload
宽松	kuan:song	adj.	loose
偿还	chang:huan	v.	repay
使用寿命	shi:yong:shou:ming	n.	service life
工程技术	gong:cheng:ji:shu	n.	engineering technology
无偿	wu:chang	adj.	free of charge
常见问题	chang:jian:wen:ti	n.	FAQ
司法机关	si:fa:ji:guan	n.	judicial authority
上限	shang:xian	n.	upper limit
通用网址	tong:yong:wang:zhi	n.	generic web address
扬声器	yang:sheng:qi	n.	loudspeaker
宣告	xuan:gao	v.	declare
经商	jing:shang	v.	do business
校内	xiao:nei	n.	on campus
见证	jian:zheng	v.	witness
处方	chu:fang	n.	prescription
投递	tou:di	v.	deliver
外企	wai:qi	n.	foreign company
少见	shao:jian	adj.	rare
中山市	zhong:shan:shi	n.	Zhongshan
分校	fen:xiao	n.	branch school
弥	mi	v.	fill
相声	xiang:sheng	n.	crosstalk comedy
苍白	cang:bai	adj.	pale
拦截	lan:jie	v.	intercept
酝酿	yun:niang	v.	brew
守护	shou:hu	v.	guard
返	fan	v.	return
问世	wen:shi	v.	come out
匹	pi	mw.	measure word for horses
尤为	you:wei	adv.	especially
带走	dai:zou	v.	take away
凑	cou	v.	gather
朗读	lang:du	v.	read aloud
古镇	gu:zhen	n.	ancient town
纸币	zhi:bi	n.	banknote
贸易有限公司	mao:yi:you:xian:gong:si	n.	trading company
奸	jian	adj.	evil
解放思想	jie:fang:si:xiang	v.	emancipate the mind
后代	hou:dai	n.	descendant
技师	ji:shi	n.	technician
低端	di:duan	adj.	low-end
装的	zhuang:de	v.	pretending
长寿	chang:shou	adj.	longevity
交际	jiao:ji	n.	social contact
实质性	shi:zhi:xing	adj.	substantive
与环境	yu:huan:jing	prep.	with the environment
建筑设计	jian:zhu:she:ji	n.	architectural design
新闻网	xin:wen:wang	n.	news website
说要	shuo:yao	v.	say (that one) will
他能	ta:neng	pron.	he can
一幕	yi:mu	n.	scene
又好又快	you:hao:you:kuai	adj.	good and fast
战斗机	zhan:dou:ji	n.	fighter jet
对的	dui:de	adj.	correct
规模化	gui:mo:hua	v.	scale up
长春市	chang:chun:shi	n.	Changchun
招商银行	zhao:shang:yin:hang	n.	China Merchants Bank
下手	xia:shou	v.	start
下手	xia:shou	n.	underling
生活费	sheng:huo:fei	n.	living expenses
新品种	xin:pin:zhong	n.	new variety
置换	zhi:huan	v.	replace
万能	wan:neng	adj.	almighty
华侨	hua:qiao	n.	overseas Chinese
还不够	hai:bu:gou	adv.	still not enough
法宝	fa:bao	n.	magic weapon
两部分	liang:bu:fen	n.	two parts
持续发展	chi:xu:fa:zhan	v.	sustainable development
艰苦奋斗	jian:ku:fen:dou	v.	work hard
陌	mo	n.	field path
叛	pan	v.	betray
关键在于	guan:jian:zai:yu	v.	the key lies in
复活	fu:huo	v.	resurrect
同时又	tong:shi:you	conj.	at the same time
智能手机	zhi:neng:shou:ji	n.	smartphone
矿产	kuang:chan	n.	mineral resources
正处于	zheng:chu:yu	v.	be located in
多余的	duo:yu:de	adj.	superfluous
实践经验	shi:jian:jing:yan	n.	practical experience
走访	zou:fang	v.	visit
清楚的	qing:chu:de	adj.	clear
大侠	da:xia	n.	great hero
点缀	dian:zhui	v.	embellish
环保局	huan:bao:ju	n.	environmental protection bureau
女神	nv:shen	n.	goddess
本协议	ben:xie:yi	n.	this agreement
欲知	yu:zhi	v.	want to know
心疼	xin:teng	v.	love dearly
大公司	da:gong:si	n.	large company
每一天	mei:yi:tian	n.	every day
头文件	tou:wen:jian	n.	header file
基准	ji:zhun	n.	standard
基准	ji:zhun	n.	benchmark
颤抖	chan:dou	v.	tremble
填补	tian:bu	v.	fill
学士学位	xue:shi:xue:wei	n.	bachelor's degree
方言	fang:yan	n.	dialect
缘分	yuan:fen	n.	fate
着	zhao	part.	aspect particle
着	zhuo	part.	aspect particle
十万	shi:wan	num.	100,000
剩下	sheng:xia	v.	be left
核	he	n.	nucleus
从上	cong:shang	prep.	from above
急救	ji:jiu	n.	first aid
颠覆	dian:fu	v.	overturn
双腿	shuang:tui	n.	both legs
空缺	kong:que	n.	vacancy
菲律宾	fei:lv:bin	n.	Philippines
卧	wo	v.	lie down
眼看	yan:kan	adv.	soon
多重	duo:chong	adj.	multiple
破碎	po:sui	v.	shatter
幅	fu	mw.	measure word for flat objects
眨	zha	v.	blink
耗	hao	v.	waste
加分	jia:fen	v.	give bonus points
自动滚屏	zi:dong:gun:ping	n.	auto-scroll
发行时间	fa:xing:shi:jian	n.	release date
洒	sa	v.	sprinkle
提请	ti:qing	v.	submit
走近	zou:jin	v.	approach
财政收入	cai:zheng:shou:ru	n.	fiscal revenue
财政局	cai:zheng:ju	n.	bureau of finance
偏低	pian:di	adj.	on the low side
雪花	xue:hua	n.	snowflake
有关专家	you:guan:zhuan:jia	n.	relevant experts
舞曲	wu:qu	n.	dance music
闪光灯	shan:guang:deng	n.	flash
优质服务	you:zhi:fu:wu	n.	quality service
合作社	he:zuo:she	n.	cooperative
组图	zu:tu	n.	photo set
各部	ge:bu	n.	each department
哪有	na:you	adv.	how could
一员	yi:yuan	n.	member
东亚	dong:ya	n.	East Asia
收款	shou:kuan	v.	receive payment
接头	jie:tou	v.	make contact
多吃	duo:chi	v.	eat more
电邮	dian:you	n.	email
这下	zhe:xia	pron.	this time
计算机网络	ji:suan:ji:wang:luo	n.	computer network
行销	xing:xiao	v.	market
忧伤	you:shang	adj.	sad
没法	mei:fa	adv.	no way
艰辛	jian:xin	adj.	hard
击败	ji:bai	v.	beat
击败	ji:bai	v.	defeat
与会	yu:hui	v.	attend a meeting
怡	yi	adj.	joyful
高价	gao:jia	n.	high price
高价	gao:jia	adj.	expensive
学习者	xue:xi:zhe	n.	learner
莫名	mo:ming	adj.	inexplicable
切除	qie:chu	v.	excise
写明	xie:ming	v.	state clearly
本省	ben:sheng	n.	one's own province
父子	fu:zi	n.	father and son
旅游区	lv:you:qu	n.	tourist area
详	xiang	adj.	detailed
有如	you:ru	v.	be like
新中国	xin:zhong:guo	n.	New China
副食	fu:shi	n.	non-staple food
兼容性	jian:rong:xing	n.	compatibility
死机	si:ji	v.	crash
履行职责	lv:xing:zhi:ze	v.	fulfill duties
上调	shang:diao	v.	raise
上调	shang:diao	n.	increase
上调	shang:tiao	v.	shift up
张家界	zhang:jia:jie	n.	Zhangjiajie
建行	jian:hang	n.	China Construction Bank
寺庙	si:miao	n.	temple
不规范	bu:gui:fan	adj.	nonstandard
福特	fu:te	n.	Ford
统领	tong:ling	v.	command
傍晚	bang:wan	n.	dusk
合格证	he:ge:zheng	n.	certificate of quality
卢	lu	n.	Lu (surname)
扣	kou	v.	button up
扣	kou	v.	deduct
当局	dang:ju	n.	authorities
滥用	lan:yong	v.	abuse
屠城	tu:cheng	v.	massacre a city
责任心	ze:ren:xin	n.	sense of responsibility
增长速度	zeng:zhang:su:du	n.	growth rate
中小学生	zhong:xiao:xue:sheng	n.	pupils
尾巴	wei:ba	n.	tail
想象力	xiang:xiang:li	n.	imagination
保险人	bao:xian:ren	n.	insurer
周三	zhou:san	n.	Wednesday
小康	xiao:kang	n.	moderate prosperity
宣扬	xuan:yang	v.	publicize
带回	dai:hui	v.	bring back
轻松的	qing:song:de	adj.	relaxed
轻松的	qing:song:de	adj.	easy
丑	chou	adj.	ugly
丑	chou	n.	clown
有待	you:dai	v.	remain
张开	zhang:kai	v.	open
分流	fen:liu	v.	divert
勉	mian	v.	exert oneself
孝	xiao	n.	filial piety
心动	xin:dong	v.	be moved
逛街	guang:jie	v.	go shopping
文集	wen:ji	n.	collected works
何意	he:yi	n.	what meaning
取胜	qu:sheng	v.	win victory
发起人	fa:qi:ren	n.	initiator
物价局	wu:jia:ju	n.	price bureau
契机	qi:ji	n.	turning point
市中心	shi:zhong:xin	n.	downtown
伤感	shang:gan	adj.	sentimental
主要功能	zhu:yao:gong:neng	n.	main function
矛	mao	n.	spear
浪潮	lang:chao	n.	tide
法律服务	fa:lv:fu:wu	n.	legal services
运送	yun:song	v.	transport
肥料	fei:liao	n.	fertilizer
明知	ming:zhi	v.	know fully well
眼下	yan:xia	n.	at present
丹麦	dan:mai	n.	Denmark
奶牛	nai:niu	n.	dairy cow
体育馆	ti:yu:guan	n.	gymnasium
辉煌的	hui:huang:de	adj.	brilliant
快门	kuai:men	n.	shutter
生产型	sheng:chan:xing	n.	production type
留言内容	liu:yan:nei:rong	n.	message content
会所	hui:suo	n.	clubhouse
业务范围	ye:wu:fan:wei	n.	scope of business
打架	da:jia	v.	fight
出土	chu:tu	v.	be unearthed
瘦身	shou:shen	v.	slim down
低廉	di:lian	adj.	cheap
国美	guo:mei	n.	Gome
销售商	xiao:shou:shang	n.	vendor
反腐倡廉	fan:fu:chang:lian	n.	anti-corruption campaign
氛	fen	n.	atmosphere
交代	jiao:dai	v.	explain
台风	tai:feng	n.	typhoon
基数	ji:shu	n.	cardinal number
衡	heng	v.	weigh
并存	bing:cun	v.	coexist
道路运输	dao:lu:yun:shu	n.	road transport
苦恼	ku:nao	adj.	distressed
建站	jian:zhan	v.	build a website
陶	tao	n.	pottery
指甲	zhi:jia	n.	fingernail
成套	cheng:tao	adj.	in sets
租屋	zu:wu	n.	rental housing
着眼于	zhuo:yan:yu	v.	focus on
各式	ge:shi	adj.	various
姓氏	xing:shi	n.	surname
腾	teng	v.	gallop
腾	teng	v.	soar
制冷	zhi:leng	v.	refrigerate
制冷	zhi:leng	n.	refrigeration
抵御	di:yu	v.	resist
开放式	kai:fang:shi	adj.	open-style
购	gou	v.	buy
备忘录	bei:wang:lu	n.	memorandum
最先	zui:xian	adv.	first of all
厂长	chang:zhang	n.	factory director
亲友	qin:you	n.	relatives and friends
昆山	kun:shan	n.	Kunshan
检修	jian:xiu	v.	overhaul
轨迹	gui:ji	n.	trajectory
澄清	cheng:qing	v.	clarify
澄清	cheng:qing	v.	settle (liquid)
念佛	nian:fo	v.	chant Buddha's name
这回	zhe:hui	pron.	this time
检察机关	jian:cha:ji:guan	n.	procuratorate
接纳	jie:na	v.	accept
瞄准	miao:zhun	v.	aim at
公务	gong:wu	n.	official business
听听	ting:ting	v.	listen a bit
火热	huo:re	adj.	fiery
张扬	zhang:yang	adj.	flamboyant
老乡	lao:xiang	n.	fellow villager
子孙	zi:sun	n.	descendants
手掌	shou:zhang	n.	palm
汪	wang	onom.	woof
高技术	gao:ji:shu	n.	high technology
全能	quan:neng	adj.	all-round
工具栏	gong:ju:lan	n.	toolbar
二层	er:ceng	n.	second floor
展厅	zhan:ting	n.	exhibition hall
非常感谢	fei:chang:gan:xie	v.	thank you very much
明朝	ming:chao	n.	Ming dynasty
那次	na:ci	pron.	that time
打败	da:bai	v.	defeat
少儿	shao:er	n.	children
颁奖	ban:jiang	v.	award prizes
新年快乐	xin:nian:kuai:le	adj.	happy new year
衬衫	chen:shan	n.	shirt
僵	jiang	adj.	stiff
冻结	dong:jie	v.	freeze
冻结	dong:jie	v.	freeze (assets)
弊端	bi:duan	n.	abuse
海底	hai:di	n.	sea bottom
载明	zai:ming	v.	state clearly
亮丽	liang:li	adj.	bright and beautiful
小猪	xiao:zhu	n.	piglet
祖先	zu:xian	n.	ancestor
另一方	ling:yi:fang	n.	the other party
总和	zong:he	n.	sum
福田	fu:tian	n.	Fukuda
计价	ji:jia	v.	price
规避	gui:bi	v.	evade
断裂	duan:lie	v.	fracture
断裂	duan:lie	n.	fracture
心理咨询	xin:li:zi:xun	n.	counseling
展馆	zhan:guan	n.	exhibition hall
第三者	di:san:zhe	n.	third party
弹簧	tan:huang	n.	spring
网上购物	wang:shang:gou:wu	n.	online shopping
人才招聘	ren:cai:zhao:pin	n.	recruitment
金奖	jin:jiang	n.	gold award
前几天	qian:ji:tian	n.	the past few days
忧郁	you:yu	adj.	melancholy
享用	xiang:yong	v.	enjoy
工作岗位	gong:zuo:gang:wei	n.	job position
摄影师	she:ying:shi	n.	photographer
底下	di:xia	n.	under
女方	nv:fang	n.	the woman's side
电视节目	dian:shi:jie:mu	n.	TV program
经验丰富	jing:yan:feng:fu	adj.	experienced
参考价	can:kao:jia	n.	reference price
方向盘	fang:xiang:pan	n.	steering wheel
建构	jian:gou	v.	construct
一派	yi:pai	n.	school
一派	yi:pai	adv.	quite
起源	qi:yuan	n.	origin
起源	qi:yuan	v.	originate
隐蔽	yin:bi	adj.	concealed
疗	liao	v.	treat
哪一个	na:yi:ge	pron.	which one
新兵	xin:bing	n.	recruit
骨折	gu:zhe	n.	fracture
粒子	li:zi	n.	particle
招考	zhao:kao	v.	recruit by exam
筹建	chou:jian	v.	prepare to build
脑子	nao:zi	n.	brain
热带	re:dai	n.	tropics
兵力	bing:li	n.	military strength
管理器	guan:li:qi	n.	manager
疲惫	pi:bei	adj.	exhausted
连线	lian:xian	v.	connect online
放射性	fang:she:xing	n.	radioactivity
三点	san:dian	n.	three o'clock
三点	san:dian	num.	three
使用说明	shi:yong:shuo:ming	n.	instructions
重要因素	zhong:yao:yin:su	n.	important factor
银行存款	yin:hang:cun:kuan	n.	bank deposit
研究者	yan:jiu:zhe	n.	researcher
慈善	ci:shan	adj.	charitable
唐朝	tang:chao	n.	Tang dynasty
音像制品	yin:xiang:zhi:pin	n.	audiovisual product
妃	fei	n.	concubine
罚	fa	v.	punish
李白	li:bai	n.	Li Bai
涂层	tu:ceng	n.	coating
交通部	jiao:tong:bu	n.	Ministry of Transport
想来	xiang:lai	adv.	presumably
国药准字	guo:yao:zhun:zi	n.	national drug approval number
收看	shou:kan	v.	watch (TV)
洋葱	yang:cong	n.	onion
调配	diao:pei	v.	allocate
调配	tiao:pei	v.	blend
相等	xiang:deng	adj.	equal
刘德华	liu:de:hua	n.	Andy Lau
请进	qing:jin	v.	come in (polite)
授权委托书	shou:quan:wei:tuo:shu	n.	power of attorney
存储器	cun:chu:qi	n.	storage (memory)
立案	li:an	v.	file a case
首创	shou:chuang	v.	pioneer
过年	guo:nian	v.	celebrate New Year
本事	ben:shi	n.	ability
做大	zuo:da	v.	grow bigger
免税	mian:shui	v.	exempt from tax
老爷	lao:ye	n.	master
音量	yin:liang	n.	volume
心脏病	xin:zang:bing	n.	heart disease
中和	zhong:he	v.	neutralize
本刊	ben:kan	n.	this journal
开花	kai:hua	v.	bloom
农资	nong:zi	n.	agricultural supplies
血型	xie:xing	n.	blood type
血型	xue:xing	n.	blood type
肉类	rou:lei	n.	meat
二月	er:yue	n.	February
行政诉讼	xing:zheng:su:song	n.	administrative litigation
讲课	jiang:ke	v.	lecture
棋	qi	n.	chess
定性	ding:xing	v.	characterize
几千	ji:qian	num.	several thousand
不惜	bu:xi	v.	not hesitate to
缝	feng	v.	sew
美颜	mei:yan	n.	beauty filter
完工	wan:gong	v.	be completed
尽头	jin:tou	n.	end
有名	you:ming	adj.	famous
专业课	zhuan:ye:ke	n.	major course
旅途	lv:tu	n.	journey
拥挤	yong:ji	adj.	crowded
自学考试	zi:xue:kao:shi	n.	self-study examination
相传	xiang:chuan	adv.	allegedly
相传	xiang:chuan	v.	pass on
有机结合	you:ji:jie:he	n.	organic combination
收发	shou:fa	v.	send and receive
震惊	zhen:jing	v.	shock
三千	san:qian	num.	3000
不久前	bu:jiu:qian	adv.	not long ago
发泄	fa:xie	v.	vent
观音	guan:yin	n.	Guanyin
菊花	ju:hua	n.	chrysanthemum
同行业	tong:hang:ye	n.	same industry
周二	zhou:er	n.	Tuesday
脉冲	mai:chong	n.	pulse
巨人	ju:ren	n.	giant
收音机	shou:yin:ji	n.	radio
路程	lu:cheng	n.	distance traveled
温家宝	wen:jia:bao	n.	Wen Jiabao
立体声	li:ti:sheng	n.	stereo
商圈	shang:quan	n.	business district
确切	que:qie	adj.	exact
有关情况	you:guan:qing:kuang	n.	relevant information
味精	wei:jing	n.	MSG
粉碎	fen:sui	v.	shatter
粉碎	fen:sui	v.	smash
看点	kan:dian	n.	attraction
廉政	lian:zheng	n.	clean governance
罚金	fa:jin	n.	fine
社交	she:jiao	n.	social contact
社交	she:jiao	v.	socialize
引来	yin:lai	v.	attract
筹资	chou:zi	v.	raise funds
动向	dong:xiang	n.	trend
顶尖	ding:jian	adj.	top
流星	liu:xing	n.	meteor
协定	xie:ding	n.	agreement
咨询热线	zi:xun:re:xian	n.	help line
期盼	qi:pan	v.	look forward to
中介服务	zhong:jie:fu:wu	n.	intermediary service
不平衡	bu:ping:heng	adj.	unbalanced
体温	ti:wen	n.	body temperature
经济学家	jing:ji:xue:jia	n.	economist
职业生涯	zhi:ye:sheng:ya	n.	career
诉求	su:qiu	n.	appeal
几张	ji:zhang	num.	how many (sheets)
国资委	guo:zi:wei	n.	SASAC
中秋	zhong:qiu	n.	Mid-Autumn Festival
毕业论文	bi:ye:lun:wen	n.	graduation thesis
送来	song:lai	v.	deliver
折旧	zhe:jiu	n.	depreciation
第三十五条	di:san:shi:wu:tiao	n.	Article 35
躯	qu	n.	body
交替	jiao:ti	v.	alternate
山下	shan:xia	n.	under the mountain
泛	fan	v.	general
移动通信	yi:dong:tong:xin	n.	mobile communication
楼房	lou:fang	n.	building
土地增值税	tu:di:zeng:zhi:shui	n.	land value-added tax
希特勒	xi:te:le	n.	Hitler
去过	qu:guo	v.	have been to
发展前景	fa:zhan:qian:jing	n.	development prospects
在线支付	zai:xian:zhi:fu	n.	online payment
愁	chou	v.	worry
净值	jing:zhi	n.	net value
齿轮	chi:lun	n.	gear
什么地方	shen:me:di:fang	pron.	where
坚固	jian:gu	adj.	solid
没有办法	mei:you:ban:fa	v.	have no way
慰问	wei:wen	v.	comfort
新陈代谢	xin:chen:dai:xie	n.	metabolism
莫斯科	mo:si:ke	n.	Moscow
硬度	ying:du	n.	hardness
用语	yong:yu	n.	term
品德	pin:de	n.	moral character
平均水平	ping:jun:shui:ping	n.	average level
编剧	bian:ju	n.	screenwriter
采纳	cai:na	v.	adopt
购车	gou:che	v.	buy a car
导出	dao:chu	v.	export
港币	gang:bi	n.	Hong Kong dollar
真爱	zhen:ai	n.	true love
排污	pai:wu	v.	discharge pollutants
肯定的	ken:ding:de	adj.	certain
新问题	xin:wen:ti	n.	new problem
企业形象	qi:ye:xing:xiang	n.	corporate image
搜	sou	v.	search
大笑	da:xiao	v.	laugh loudly
人生观	ren:sheng:guan	n.	outlook on life
毫无疑问	hao:wu:yi:wen	adv.	without doubt
投保人	tou:bao:ren	n.	policyholder
慈	ci	adj.	kind
肥	fei	adj.	fat
屌	diao	n.	dick
深厚的	shen:hou:de	adj.	deep
掩盖	yan:gai	v.	cover up
源自	yuan:zi	v.	originate from
并发症	bing:fa:zheng	n.	complication
远的	yuan:de	adj.	far
静脉	jing:mai	n.	vein
名次	ming:ci	n.	placement
勘察	kan:cha	v.	survey
词典	ci:dian	n.	dictionary
极强	ji:qiang	adj.	extremely strong
自我介绍	zi:wo:jie:shao	n.	self-introduction
富人	fu:ren	n.	rich person
仪器仪表	yi:qi:yi:biao	n.	instruments and meters
恐龙	kong:long	n.	dinosaur
原版	yuan:ban	n.	original edition
交警	jiao:jing	n.	traffic police
资质证书	zi:zhi:zheng:shu	n.	qualification certificate
超纲	chao:gang	v.	exceed the syllabus
历年	li:nian	adv.	over the years
教育机构	jiao:yu:ji:gou	n.	educational institution
良种	liang:zhong	n.	choice seed
良种	liang:zhong	n.	fine breed
资格证	zi:ge:zheng	n.	qualification certificate
网页设计	wang:ye:she:ji	n.	web design
兵器	bing:qi	n.	weapon
科研机构	ke:yan:ji:gou	n.	research institution
赞赏	zan:shang	v.	appreciate
赞赏	zan:shang	n.	appreciation
抗战	kang:zhan	n.	War of Resistance
产后	chan:hou	adj.	postpartum
教导	jiao:dao	v.	teach
教导	jiao:dao	n.	teaching
入党	ru:dang	v.	join the party
几亿	ji:yi	num.	several hundred million
计算器	ji:suan:qi	n.	calculator
静静的	jing:jing:de	adj.	quiet
开户行	kai:hu:hang	n.	bank of account
笼	long	n.	cage
芳香	fang:xiang	n.	fragrance
芳香	fang:xiang	adj.	fragrant
总机	zong:ji	n.	switchboard
医用	yi:yong	adj.	medical use
一季度	yi:ji:du	n.	first quarter
残酷	can:ku	adj.	cruel
预言	yu:yan	v.	predict
其他国家	qi:ta:guo:jia	n.	other countries
最容易	zui:rong:yi	adj.	the easiest
优于	you:yu	v.	superior to
无帮无派	wu:bang:wu:pai	adj.	unaffiliated
申购	shen:gou	v.	subscribe (shares)
广大人民	guang:da:ren:min	n.	the broad masses
后退	hou:tui	v.	step back
缓冲	huan:chong	v.	buffer
谓之	wei:zhi	v.	be called
村镇	cun:zhen	n.	villages and towns
背影	bei:ying	n.	silhouette from behind
可能出现	ke:neng:chu:xian	v.	may appear
篮	lan	n.	basket
禁忌	jin:ji	n.	taboo
市场经济体制	shi:chang:jing:ji:ti:zhi	n.	market economy system
护肤	hu:fu	v.	skin care
俱	ju	adv.	all together
外围	wai:wei	n.	periphery
暂行规定	zan:xing:gui:ding	n.	interim regulation
缺少的	que:shao:de	adj.	lacking
学制	xue:zhi	n.	educational system
废除	fei:chu	v.	abolish
照样	zhao:yang	adv.	as usual
娃哈哈	wa:ha:ha	n.	Wahaha
不舒服	bu:shu:fu	adj.	uncomfortable
媳妇	xi:fu	n.	wife
供需	gong:xu	n.	supply and demand
直接影响	zhi:jie:ying:xiang	n.	direct influence
辛苦了	xin:ku:le	int.	thanks for your hard work
声响	sheng:xiang	n.	sound
不忘	bu:wang	v.	not forget
漂流	piao:liu	v.	drift
理工	li:gong	n.	science and engineering
医疗服务	yi:liao:fu:wu	n.	medical service
旅程	lv:cheng	n.	journey
耶稣	ye:su	n.	Jesus
基础性	ji:chu:xing	n.	fundamental nature
通讯员	tong:xun:yuan	n.	correspondent
资产阶级	zi:chan:jie:ji	n.	bourgeoisie
惟	wei	conj.	only
费率	fei:lv	n.	rate
支架	zhi:jia	n.	bracket
堵塞	du:se	v.	block up
三方	san:fang	n.	three parties
出游	chu:you	v.	go on an outing
登入	deng:ru	v.	log in
智子	zhi:zi	n.	Satoko
富豪	fu:hao	n.	rich and powerful person
自尊	zi:zun	n.	self-esteem
捋清	lv:qing	v.	sort out
固有	gu:you	adj.	inherent
中科院	zhong:ke:yuan	n.	Chinese Academy of Sciences
汇编	hui:bian	n.	compilation
应试	ying:shi	v.	take an exam
奥地利	ao:di:li	n.	Austria
随手	sui:shou	adv.	incidentally
调剂	tiao:ji	v.	adjust
风流	feng:liu	adj.	romantic
酒局	jiu:ju	n.	drinking party
专员	zhuan:yuan	n.	commissioner
帝王	di:wang	n.	emperor
车门	che:men	n.	car door
实例化	shi:li:hua	v.	instantiate
逼真	bi:zhen	adj.	lifelike
太好了	tai:hao:le	int.	how wonderful
统考	tong:kao	n.	unified examination
截图	jie:tu	n.	screenshot
标准配置	biao:zhun:pei:zhi	n.	standard configuration
递归	di:gui	n.	recursion
兽医	shou:yi	n.	veterinarian
而今	er:jin	adv.	nowadays
柜	gui	n.	cabinet
上路	shang:lu	v.	set out on a journey
文件格式	wen:jian:ge:shi	n.	file format
迷信	mi:xin	n.	superstition
福彩	fu:cai	n.	welfare lottery
拿下	na:xia	v.	capture
产出	chan:chu	n.	output
急于	ji:yu	v.	be anxious to
收益率	shou:yi:lv	n.	rate of return
长效机制	chang:xiao:ji:zhi	n.	long-term mechanism
新生儿	xin:sheng:er	n.	newborn
今生	jin:sheng	n.	this life
死去	si:qu	v.	die
骑行	qi:xing	v.	cycle
落叶	luo:ye	n.	fallen leaf
落叶	luo:ye	v.	shed leaves
始建于	shi:jian:yu	v.	was first built in
文人	wen:ren	n.	literati
做梦	zuo:meng	v.	dream
无声	wu:sheng	adj.	soundless
迷人	mi:ren	adj.	charming
几年来	ji:nian:lai	adv.	over the past few years
中考	zhong:kao	n.	high school entrance exam
交费	jiao:fei	v.	pay fees
手腕	shou:wan	n.	wrist
手腕	shou:wan	n.	skill
他们说	ta:men:shuo	v.	they say
快捷键	kuai:jie:jian	n.	shortcut key
信息资源	xin:xi:zi:yuan	n.	information resources
酒楼	jiu:lou	n.	restaurant
淹	yan	v.	drown
淹	yan	v.	flood
抗菌	kang:jun	adj.	antibacterial
胡萝卜	hu:luo:bo	n.	carrot
包容	bao:rong	v.	tolerate
包容	bao:rong	adj.	tolerant
忠心	zhong:xin	n.	loyalty
国籍	guo:ji	n.	nationality
民法	min:fa	n.	civil law
甚至连	shen:zhi:lian	conj.	even
有较大	you:jiao:da	v.	be relatively large
诸葛亮	zhu:ge:liang	n.	Zhuge Liang
客户服务中心	ke:hu:fu:wu:zhong:xin	n.	customer service center
迷惑	mi:huo	v.	puzzle
迷惑	mi:huo	adj.	confused
与中华	yu:zhong:hua	prep.	with China
问问	wen:wen	v.	ask
高分	gao:fen	n.	high score
要做到	yao:zuo:dao	v.	achieve
你才	ni:cai	pron.	you
知识点	zhi:shi:dian	n.	knowledge point
就算是	jiu:suan:shi	v.	even if it is
捉	zhuo	v.	catch
环绕	huan:rao	v.	surround
快要	kuai:yao	adv.	soon
落到实处	luo:dao:shi:chu	v.	be implemented
第三产业	di:san:chan:ye	n.	tertiary industry
社会生活	she:hui:sheng:huo	n.	social life
转换为	zhuan:huan:wei	v.	convert to
特区	te:qu	n.	special zone
配备了	pei:bei:le	v.	be equipped with
质量控制	zhi:liang:kong:zhi	n.	quality control
蜘蛛	zhi:zhu	n.	spider
削弱	xue:ruo	v.	weaken
既能	ji:neng	v.	can both
分歧	fen:qi	n.	disagreement
产品开发	chan:pin:kai:fa	n.	product development
同类产品	tong:lei:chan:pin	n.	similar product
讯息	xun:xi	n.	message
过户	guo:hu	v.	transfer ownership
人民医院	ren:min:yi:yuan	n.	people's hospital
毒素	du:su	n.	toxin
标本	biao:ben	n.	specimen
标本	biao:ben	n.	model, example
秘诀	mi:jue	n.	secret, key
旺盛	wang:sheng	adj.	vigorous
好听	hao:ting	adj.	pleasant to hear
连续剧	lian:xu:ju	n.	TV series
来往	lai:wang	v.	have contact
来往	lai:wang	n.	dealings
好久	hao:jiu	adv.	for a long time
清香	qing:xiang	n.	delicate fragrance
山地	shan:di	n.	mountainous region
几下	ji:xia	num.	a few times
悬	xuan	adj.	hanging
悬	xuan	adj.	unsettled
教科书	jiao:ke:shu	n.	textbook
预留	yu:liu	v.	reserve
萎缩	wei:suo	v.	atrophy
交易日	jiao:yi:ri	n.	trading day
贫穷	pin:qiong	adj.	poor
推崇	tui:chong	v.	esteem
网上报名	wang:shang:bao:ming	v.	register online
口水	kou:shui	n.	saliva
万亿	wan:yi	num.	trillion
施加	shi:jia	v.	exert
研究报告	yan:jiu:bao:gao	n.	research report
别忘了	bie:wang:le	v.	don't forget
解开	jie:kai	v.	untie
看重	kan:zhong	v.	value
专业人才	zhuan:ye:ren:cai	n.	professional talent
迷茫	mi:mang	adj.	confused
动静	dong:jing	n.	movement
动静	dong:jing	n.	activity, news
霍	huo	n.	Huo (surname)
一架	yi:jia	mw.	one (aircraft)
科研成果	ke:yan:cheng:guo	n.	research achievement
光华	guang:hua	n.	radiance
基本知识	ji:ben:zhi:shi	n.	basic knowledge
恰恰	qia:qia	adv.	exactly
前卫	qian:wei	n.	avant-garde
前卫	qian:wei	adj.	avant-garde
湿润	shi:run	adj.	moist
第四届	di:si:jie	num.	the 4th session
估值	gu:zhi	n.	valuation
所指	suo:zhi	n.	referent
日韩	ri:han	n.	Japan and Korea
全面提高	quan:mian:ti:gao	v.	comprehensively improve
试用期	shi:yong:qi	n.	probation period
毒性	du:xing	n.	toxicity
泄	xie	v.	leak
自称	zi:cheng	v.	claim to be
报告错误	bao:gao:cuo:wu	v.	report an error
久久	jiu:jiu	adv.	for a long time
欢	huan	adj.	joyful
哈哈哈	ha:ha:ha	onom.	ha-ha
胜任	sheng:ren	v.	be competent for
紫外线	zi:wai:xian	n.	ultraviolet ray
党建	dang:jian	n.	party building
问答	wen:da	n.	questions and answers
最热	zui:re	adj.	hottest
软盘	ruan:pan	n.	floppy disk
网球	wang:qiu	n.	tennis
开玩笑	kai:wan:xiao	v.	joke
拨号	bo:hao	v.	dial (a phone)
赶来	gan:lai	v.	hurry over
人民日报	ren:min:ri:bao	n.	People's Daily
新房	xin:fang	n.	new house
残忍	can:ren	adj.	cruel
全长	quan:chang	n.	total length
人气指数	ren:qi:zhi:shu	n.	popularity index
相近	xiang:jin	adj.	similar
咽	yan	v.	swallow
齿	chi	n.	tooth
点击率	dian:ji:lv	n.	click rate
普通高校	pu:tong:gao:xiao	n.	regular university
尽早	jin:zao	adv.	as early as possible
开学	kai:xue	v.	school opens
共产主义	gong:chan:zhu:yi	n.	communism
分化	fen:hua	v.	differentiate
显存	xian:cun	n.	video memory
那一天	na:yi:tian	n.	that day
车程	che:cheng	n.	driving time
辩论	bian:lun	n.	debate
键位	jian:wei	n.	key position
秒	miao	mw.	second
指明	zhi:ming	v.	point out clearly
不全	bu:quan	adj.	incomplete
一分钟	yi:fen:zhong	mw.	one minute
逐一	zhu:yi	adv.	one by one
迫切	po:qie	adj.	urgent
支付方式	zhi:fu:fang:shi	n.	payment method
发言人	fa:yan:ren	n.	spokesperson
人力资源部	ren:li:zi:yuan:bu	n.	Human Resources Department
陌生人	mo:sheng:ren	n.	stranger
日常工作	ri:chang:gong:zuo	n.	daily work
需要注意	xu:yao:zhu:yi	v.	need attention
一次次	yi:ci:ci	adv.	again and again
南昌市	nan:chang:shi	n.	Nanchang
普法	pu:fa	n.	legal education
教研	jiao:yan	n.	teaching and research
专项整治	zhuan:xiang:zheng:zhi	n.	special rectification
传真号码	chuan:zhen:hao:ma	n.	fax number
货架	huo:jia	n.	shelf
帮派	bang:pai	n.	gang
香菇	xiang:gu	n.	shiitake
条约	tiao:yue	n.	treaty
投资人	tou:zi:ren	n.	investor
税务局	shui:wu:ju	n.	tax bureau
假的	jia:de	adj.	fake
书房	shu:fang	n.	study
国家税务总局	guo:jia:shui:wu:zong:ju	n.	State Administration of Taxation
晚报	wan:bao	n.	evening paper
大理石	da:li:shi	n.	marble
吉利	ji:li	adj.	lucky
忙着	mang:zhe	adj.	busy
纠缠	jiu:chan	v.	entangle
超人	chao:ren	n.	superman
画眉鸟	hua:mei:niao	n.	thrush
壮观	zhuang:guan	adj.	spectacular
生物学	sheng:wu:xue	n.	biology
电大	dian:da	n.	TV university
海滩	hai:tan	n.	beach
聚合	ju:he	v.	polymerize
岛屿	dao:yu	n.	islands
救济	jiu:ji	v.	relieve
这般	zhe:ban	adv.	so
侵略	qin:lve	n.	aggression
明日	ming:ri	n.	tomorrow
盗窃	dao:qie	v.	steal
哥们	ge:men	n.	buddy
有的是	you:de:shi	v.	have plenty of
包围	bao:wei	v.	surround
就诊	jiu:zhen	v.	see a doctor
投资环境	tou:zi:huan:jing	n.	investment climate
纪念馆	ji:nian:guan	n.	memorial hall
深加工	shen:jia:gong	n.	deep processing
勤	qin	adj.	diligent
核心技术	he:xin:ji:shu	n.	core technology
科学性	ke:xue:xing	n.	scientific nature
领会	ling:hui	v.	grasp
极少	ji:shao	adv.	very few
诚聘	cheng:pin	v.	sincerely recruit
秒钟	miao:zhong	n.	second
三年级	san:nian:ji	n.	third grade
闲置	xian:zhi	v.	idle
想念	xiang:nian	v.	miss
胆固醇	dan:gu:chun	n.	cholesterol
合一	he:yi	n.	unity
走私	zou:si	v.	smuggle
辨别	bian:bie	v.	distinguish
倾向于	qing:xiang:yu	v.	be inclined to
扩	kuo	v.	expand
撞击	zhuang:ji	v.	hit
眼部	yan:bu	n.	eye area
屏	ping	n.	screen
消极	xiao:ji	adj.	negative
促销活动	cu:xiao:huo:dong	n.	promotion
兑换	dui:huan	v.	exchange
对称	dui:chen	adj.	symmetric
奥林匹克	ao:lin:pi:ke	n.	Olympic
记账	ji:zhang	v.	keep accounts
野外	ye:wai	n.	outdoors
滤镜	lv:jing	n.	filter
生产成本	sheng:chan:cheng:ben	n.	production cost
帝国主义	di:guo:zhu:yi	n.	imperialism
看病	kan:bing	v.	see a doctor
霜	shuang	n.	frost
城墙	cheng:qiang	n.	city wall
第三十六条	di:san:shi:liu:tiao	num.	article 36
领略	ling:lve	v.	appreciate
体贴	ti:tie	adj.	considerate
骑兵	qi:bing	n.	cavalry
指纹	zhi:wen	n.	fingerprint
超大	chao:da	adj.	extra large
键入	jian:ru	v.	type in
任期	ren:qi	n.	term of office
一侧	yi:ce	n.	one side
妇联	fu:lian	n.	Women's Federation
施肥	shi:fei	v.	fertilize
恰当	qia:dang	adj.	appropriate
特大	te:da	adj.	especially large
人称	ren:cheng	n.	person (grammar)
昆明市	kun:ming:shi	n.	Kunming
做生意	zuo:sheng:yi	v.	do business
考试时间	kao:shi:shi:jian	n.	exam time
促成	cu:cheng	v.	facilitate
驾车	jia:che	v.	drive
求真务实	qiu:zhen:wu:shi	adj.	pragmatic
身躯	shen:qu	n.	body
复发	fu:fa	v.	relapse
名校	ming:xiao	n.	famous school
工作任务	gong:zuo:ren:wu	n.	work task
亲手	qin:shou	adv.	personally
笑笑	xiao:xiao	v.	smile a little
奔跑	ben:pao	v.	run
袍	pao	n.	robe
考试大纲	kao:shi:da:gang	n.	exam syllabus
被盗	bei:dao	v.	be stolen
婚纱	hun:sha	n.	wedding dress
马克	ma:ke	n.	Mark
东芝	dong:zhi	n.	Toshiba
插座	cha:zuo	n.	socket
一大堆	yi:da:dui	n.	a pile
重点项目	zhong:dian:xiang:mu	n.	key project
悄然	qiao:ran	adv.	quietly
举起	ju:qi	v.	lift
未曾	wei:ceng	adv.	never
国外软件	guo:wai:ruan:jian	n.	foreign software
企业集团	qi:ye:ji:tuan	n.	corporate group
死刑	si:xing	n.	death penalty
在里面	zai:li:mian	adv.	inside
曾任	ceng:ren	v.	formerly served as
捐助	juan:zhu	v.	donate
蝶	die	n.	butterfly
利用率	li:yong:lv	n.	utilization rate
原子	yuan:zi	n.	atom
打包	da:bao	v.	pack
第二种	di:er:zhong	num.	the second kind
手机号	shou:ji:hao	n.	mobile number
隐隐	yin:yin	adv.	vaguely
飞快	fei:kuai	adj.	very fast
中队	zhong:dui	n.	company (military)
商标注册	shang:biao:zhu:ce	n.	trademark registration
一个男人	yi:ge:nan:ren	n.	a man
祭	ji	v.	offer sacrifice
省会	sheng:hui	n.	provincial capital
生产许可证	sheng:chan:xu:ke:zheng	n.	production license
乒乓球	ping:pang:qiu	n.	table tennis
返利	fan:li	n.	rebate
松花	song:hua	n.	pine blossom
国际机票	guo:ji:ji:piao	n.	international air ticket
出发点	chu:fa:dian	n.	starting point
孙子	sun:zi	n.	grandson
防静电	fang:jing:dian	adj.	antistatic
厨	chu	n.	kitchen
进食	jin:shi	v.	eat
安全技术	an:quan:ji:shu	n.	security technology
连云港	lian:yun:gang	n.	Lianyungang
千方百计	qian:fang:bai:ji	adv.	by every possible means
不方便	bu:fang:bian	adj.	inconvenient
上扬	shang:yang	v.	rise
中国社会	zhong:guo:she:hui	n.	Chinese society
正品	zheng:pin	n.	genuine product
神圣	shen:sheng	adj.	sacred
工程设计	gong:cheng:she:ji	n.	engineering design
亲近	qin:jin	adj.	close, intimate
书签	shu:qian	n.	bookmark
结界	jie:jie	n.	barrier
胁	xie	v.	threaten
谅解	liang:jie	v.	understand and forgive
前锋	qian:feng	n.	forward
农家	nong:jia	n.	farm household
活跃度	huo:yue:du	n.	activity level
阵容	zhen:rong	n.	lineup
新概念	xin:gai:nian	n.	new concept
粗糙	cu:cao	adj.	rough
民办学校	min:ban:xue:xiao	n.	private school
商务网	shang:wu:wang	n.	business website
旺季	wang:ji	n.	peak season
小心翼翼	xiao:xin:yi:yi	adj.	cautious
璃	li	n.	glass fragment
卡尔	ka:er	n.	Karl
下岗	xia:gang	v.	be laid off
朋	peng	n.	friend
法术	fa:shu	n.	magic
支柱	zhi:zhu	n.	pillar
经济管理	jing:ji:guan:li	n.	economic management
劈	pi	v.	split
赚	zhuan	v.	earn
丛林	cong:lin	n.	jungle
白银	bai:yin	n.	silver
锦	jin	n.	brocade
支持度	zhi:chi:du	n.	level of support
自豪	zi:hao	adj.	proud
郑重	zheng:zhong	adj.	solemn
紧接着	jin:jie:zhe	adv.	immediately afterwards
承载	cheng:zai	v.	bear, carry
遗失	yi:shi	v.	lose
尬	ga	adj.	awkward
邮购	you:gou	v.	mail-order
尴	gan	adj.	embarrassed
九江	jiu:jiang	n.	Jiujiang
前去	qian:qu	v.	go to
便秘	bian:mi	n.	constipation
年终	nian:zhong	n.	end of the year
证明文件	zheng:ming:wen:jian	n.	document
树叶	shu:ye	n.	tree leaf
代为	dai:wei	adv.	on someone's behalf
攻击力	gong:ji:li	n.	offensive power
液晶电视	ye:jing:dian:shi	n.	LCD television
高级管理人员	gao:ji:guan:li:ren:yuan	n.	senior manager
绯闻	fei:wen	n.	sex scandal
恭喜	gong:xi	v.	congratulate
前行	qian:xing	v.	move forward
多用	duo:yong	v.	use often
票房	piao:fang	n.	box office
大姐	da:jie	n.	eldest sister
不料	bu:liao	conj.	unexpectedly
伤势	shang:shi	n.	injury condition
重重	chong:chong	adj.	layer upon layer
重重	zhong:zhong	adj.	many (difficulties)
定律	ding:lv	n.	law (scientific)
干部职工	gan:bu:zhi:gong	n.	cadres and staff
乐于	le:yu	v.	be happy to
精神文明	jing:shen:wen:ming	n.	spiritual civilization
川菜	chuan:cai	n.	Sichuan cuisine
工作情况	gong:zuo:qing:kuang	n.	work situation
队友	dui:you	n.	teammate
熙	xi	adj.	bright
曙光	shu:guang	n.	dawn
个案	ge:an	n.	individual case
寺	si	n.	Buddhist temple
遥远的	yao:yuan:de	adj.	distant
宾客	bin:ke	n.	guest
传销	chuan:xiao	n.	pyramid selling
黄金甲	huang:jin:jia	n.	golden armor
父类	fu:lei	n.	parent class (OOP)
夺得	duo:de	v.	seize
精致的	jing:zhi:de	adj.	exquisite
忧虑	you:lv	v.	worry
利润率	li:run:lv	n.	profit margin
攀升	pan:sheng	v.	climb
休闲娱乐	xiu:xian:yu:le	n.	leisure and entertainment
取得联系	qu:de:lian:xi	v.	get in touch
加工厂	jia:gong:chang	n.	processing plant
保卫	bao:wei	v.	defend
飞机票	fei:ji:piao	n.	plane ticket
江山	jiang:shan	n.	rivers and mountains
过量	guo:liang	adj.	excessive
追问	zhui:wen	v.	question repeatedly
树林	shu:lin	n.	woods
升起	sheng:qi	v.	rise
杀菌	sha:jun	v.	sterilize
中长期	zhong:chang:qi	n.	medium and long term
过剩	guo:sheng	adj.	surplus
进驻	jin:zhu	v.	station troops in
冷冻	leng:dong	v.	freeze
黑夜	hei:ye	n.	night
昌	chang	adj.	prosperous
国家利益	guo:jia:li:yi	n.	national interest
土耳其	tu:er:qi	n.	Turkey
系统工程	xi:tong:gong:cheng	n.	systems engineering
超频	chao:pin	v.	overclock
航母	hang:mu	n.	aircraft carrier
编排	bian:pai	v.	arrange
编排	bian:pai	n.	arrangement
短时间内	duan:shi:jian:nei	n.	in a short time
社保	she:bao	n.	social security
兼职	jian:zhi	n.	side job
兼职	jian:zhi	v.	work part-time
明清	ming:qing	n.	Ming and Qing dynasties
人品	ren:pin	n.	character
基层组织	ji:ceng:zu:zhi	n.	grassroots organization
全国性	quan:guo:xing	adj.	nationwide
电话联系	dian:hua:lian:xi	v.	contact by phone
平日	ping:ri	n.	weekday
平日	ping:ri	adv.	usually
特许	te:xu	n.	special license
特许	te:xu	v.	authorize specially
站立	zhan:li	v.	stand
总资产	zong:zi:chan	n.	total assets
人造	ren:zao	adj.	artificial
早早	zao:zao	adv.	very early
上传附件	shang:chuan:fu:jian	v.	upload attachment
自信心	zi:xin:xin	n.	self-confidence
管理经验	guan:li:jing:yan	n.	management experience
个人主页	ge:ren:zhu:ye	n.	personal homepage
他妈	ta:ma	n.	his mother
他妈	ta:ma	int.	damn!
上市日期	shang:shi:ri:qi	n.	listing date
贺	he	v.	congratulate
心境	xin:jing	n.	state of mind
截止日期	jie:zhi:ri:qi	n.	deadline
真皮	zhen:pi	n.	genuine leather
真皮	zhen:pi	n.	dermis
新开	xin:kai	v.	newly open
复旦大学	fu:dan:da:xue	n.	Fudan University
名声	ming:sheng	n.	reputation
生前	sheng:qian	n.	during one's lifetime
巾	jin	n.	cloth
非流通股	fei:liu:tong:gu	n.	non-tradable shares
育人	yu:ren	v.	educate people
大体	da:ti	adv.	roughly
大体	da:ti	n.	general outline
尊贵	zun:gui	adj.	noble
长三角	chang:san:jiao	n.	Yangtze River Delta
过关	guo:guan	v.	pass a test
灌溉	guan:gai	v.	irrigate
杯子	bei:zi	n.	cup
新形势	xin:xing:shi	n.	new situation
涌现	yong:xian	v.	emerge in large numbers
信息港	xin:xi:gang	n.	information hub
寺院	si:yuan	n.	temple
工作机制	gong:zuo:ji:zhi	n.	working mechanism
递增	di:zeng	v.	increase progressively
婚庆	hun:qing	n.	wedding celebration
变相	bian:xiang	adj.	disguised
运动会	yun:dong:hui	n.	sports meet
增减	zeng:jian	n.	increase and decrease
创设	chuang:she	v.	establish
发展目标	fa:zhan:mu:biao	n.	development goal
观摩	guan:mo	v.	observe and learn
住户	zhu:hu	n.	household
包月	bao:yue	v.	monthly subscription
卡死	ka:si	v.	freeze
党校	dang:xiao	n.	Party school
得罪	de:zui	v.	offend
秦皇岛	qin:huang:dao	n.	Qinhuangdao
描	miao	v.	trace
芙蓉	fu:rong	n.	hibiscus
芙蓉	fu:rong	n.	lotus
内存容量	nei:cun:rong:liang	n.	memory capacity
中药材	zhong:yao:cai	n.	Chinese medicinal materials
被子	bei:zi	n.	quilt
短消息	duan:xiao:xi	n.	short message
当月	dang:yue	n.	current month
防腐	fang:fu	v.	prevent corrosion
防腐	fang:fu	adj.	anticorrosive
生活水平	sheng:huo:shui:ping	n.	living standard
第三十七条	di:san:shi:qi:tiao	n.	Article 37
工作报告	gong:zuo:bao:gao	n.	work report
全国政协	quan:guo:zheng:xie	n.	National CPPCC
内饰	nei:shi	n.	interior trim
科长	ke:zhang	n.	section chief
泡泡	pao:pao	n.	bubble
草地	cao:di	n.	lawn
进行调整	jin:xing:tiao:zheng	v.	adjust
工商管理	gong:shang:guan:li	n.	business administration
小鱼	xiao:yu	n.	small fish
测验	ce:yan	n.	test
低下	di:xia	adj.	low
低下	di:xia	v.	lower
市场部	shi:chang:bu	n.	marketing department
医药费	yi:yao:fei	n.	medical expenses
嫂嫂	sao:sao	n.	sister-in-law
社会学	she:hui:xue	n.	sociology
搞定	gao:ding	v.	manage
想办法	xiang:ban:fa	v.	think of a way
组织领导	zu:zhi:ling:dao	v.	organize and lead
捕	bu	v.	catch
张贴	zhang:tie	v.	post
广电	guang:dian	n.	radio and television
接收	jie:shou	v.	receive
段落	duan:luo	n.	paragraph
降低成本	jiang:di:cheng:ben	v.	reduce costs
守则	shou:ze	n.	rules
书面通知	shu:mian:tong:zhi	n.	written notice
第九章	di:jiu:zhang	n.	Chapter 9
市人大	shi:ren:da	n.	municipal people's congress
个人简历	ge:ren:jian:li	n.	resume
课程改革	ke:cheng:gai:ge	n.	curriculum reform
病理	bing:li	n.	pathology
很多时候	hen:duo:shi:hou	adv.	very often
针织	zhen:zhi	v.	knit
针织	zhen:zhi	adj.	knitted
抗议	kang:yi	v.	protest
抗议	kang:yi	n.	protest
老人家	lao:ren:jia	n.	elderly person
瓷器	ci:qi	n.	porcelain
中国教育	zhong:guo:jiao:yu	n.	Chinese education
地方各级	di:fang:ge:ji	n.	various local levels
万户	wan:hu	n.	10,000 households
狠抓	hen:zhua	v.	firmly grasp
健康成长	jian:kang:cheng:zhang	v.	grow healthily
行者	xing:zhe	n.	walker
画廊	hua:lang	n.	gallery
弄虚作假	nong:xu:zuo:jia	v.	practice fraud
工作计划	gong:zuo:ji:hua	n.	work plan
车厢	che:xiang	n.	carriage
有效时间	you:xiao:shi:jian	n.	valid time
战友	zhan:you	n.	comrade-in-arms
教师资格	jiao:shi:zi:ge	n.	teacher qualification
来宾	lai:bin	n.	guest
各区	ge:qu	n.	each district
车轮	che:lun	n.	wheel
武昌	wu:chang	n.	Wuchang
设法	she:fa	v.	manage
吸附	xi:fu	v.	adsorb
颈部	jing:bu	n.	neck
政策性	zheng:ce:xing	n.	policy nature
协议书	xie:yi:shu	n.	agreement
额头	e:tou	n.	forehead
会计报表	kuai:ji:bao:biao	n.	financial statement
传染	chuan:ran	v.	infect
看清	kan:qing	v.	see clearly
药业有限公司	yao:ye:you:xian:gong:si	n.	pharmaceutical co., ltd.
迈出	mai:chu	v.	step out
报名参加	bao:ming:can:jia	v.	sign up for
挤压	ji:ya	v.	squeeze
陈先生	chen:xian:sheng	n.	Mr. Chen
海带	hai:dai	n.	kelp
折叠	zhe:die	v.	fold
刑事	xing:shi	adj.	criminal
朝向	chao:xiang	v.	face
年均	nian:jun	adv.	annually on average
违纪	wei:ji	v.	violate discipline
因地制宜	yin:di:zhi:yi	v.	adapt to local conditions
血清	xue:qing	n.	serum
有偿	you:chang	adj.	paid
极力	ji:li	adv.	vigorously
迷人的	mi:ren:de	adj.	charming
译文	yi:wen	n.	translation
陵	ling	n.	mausoleum
新闻发布会	xin:wen:fa:bu:hui	n.	press conference
装有	zhuang:you	v.	be equipped with
客服中心	ke:fu:zhong:xin	n.	customer service center
发挥作用	fa:hui:zuo:yong	v.	play a role
降温	jiang:wen	v.	cool down
到会	dao:hui	v.	attend a meeting
跟帖	gen:tie	n.	comment (online)
风筝	feng:zheng	n.	kite
服务管理	fu:wu:guan:li	n.	service management
造成损失	zao:cheng:sun:shi	v.	cause losses
内含	nei:han	v.	contain
食欲	shi:yu	n.	appetite
骗取	pian:qu	v.	cheat out of
身份证明	shen:fen:zheng:ming	n.	identity document
咳	ke	v.	cough
寻觅	xun:mi	v.	seek
有所了解	you:suo:liao:jie	v.	have some understanding
权证	quan:zheng	n.	warrant (security)
总收入	zong:shou:ru	n.	total income
辅料	fu:liao	n.	accessory material
培训师	pei:xun:shi	n.	trainer
奴隶	nu:li	n.	slave
点儿	dian:er	mw.	a bit
扇	shan	v.	fan
仍旧	reng:jiu	adv.	still
下调	xia:diao	v.	lower
下调	xia:tiao	v.	lower
保鲜	bao:xian	v.	keep fresh
虹	hong	n.	rainbow
绵	mian	adj.	soft
登场	deng:chang	v.	come on stage
专心	zhuan:xin	adj.	attentive
科技发展	ke:ji:fa:zhan	n.	technological development
撕	si	v.	tear
分数线	fen:shu:xian	n.	cutoff score
农行	nong:hang	n.	Agricultural Bank
光亮	guang:liang	n.	light
光亮	guang:liang	adj.	bright
听起来	ting:qi:lai	v.	sound
全面贯彻	quan:mian:guan:che	v.	fully implement
巴基斯坦	ba:ji:si:tan	n.	Pakistan
成年人	cheng:nian:ren	n.	adult
蔡	cai	n.	Cai
划定	hua:ding	v.	delimit
思索	si:suo	v.	ponder
高标准	gao:biao:zhun	n.	high standard
人事部门	ren:shi:bu:men	n.	personnel department
负面	fu:mian	adj.	negative
加收	jia:shou	v.	charge extra
屋子	wu:zi	n.	room
解码	jie:ma	v.	decode
心血	xin:xie	n.	arduous effort
心血	xin:xue	n.	painstaking effort
催	cui	v.	urge
船上	chuan:shang	n.	on board
企业法人	qi:ye:fa:ren	n.	corporate legal person
苗木	miao:mu	n.	seedling
演练	yan:lian	v.	drill
保险金	bao:xian:jin	n.	insurance money
数年	shu:nian	num.	several years
全体员工	quan:ti:yuan:gong	n.	all staff
矿物	kuang:wu	n.	mineral
宠	chong	v.	dote on
思绪	si:xu	n.	train of thought
思绪	si:xu	n.	thoughts
教学工作	jiao:xue:gong:zuo	n.	teaching work
鼓舞	gu:wu	v.	inspire
拨款	bo:kuan	v.	allocate funds
贪	tan	adj.	greedy
水流	shui:liu	n.	water flow
成才	cheng:cai	v.	become useful
危及	wei:ji	v.	endanger
独一无二	du:yi:wu:er	adj.	unique
主义者	zhu:yi:zhe	n.	-ist
有毒	you:du	adj.	toxic
艺术设计	yi:shu:she:ji	n.	art and design
查验	cha:yan	v.	inspect
植被	zhi:bei	n.	vegetation
凡事	fan:shi	n.	everything
同居	tong:ju	v.	cohabit
有关人士	you:guan:ren:shi	n.	concerned people
质量保证	zhi:liang:bao:zheng	n.	quality assurance
成像	cheng:xiang	v.	form an image
调查结果	diao:cha:jie:guo	n.	survey results
综合利用	zong:he:li:yong	n.	comprehensive utilization
修补	xiu:bu	v.	mend
查杀	cha:sha	v.	scan and remove
好感	hao:gan	n.	favorable impression
辱	ru	v.	insult
誓	shi	v.	swear
死神	si:shen	n.	death god
关键技术	guan:jian:ji:shu	n.	key technology
盒	he	mw.	box
草莓	cao:mei	n.	strawberry
审计机关	shen:ji:ji:guan	n.	audit authority
生机	sheng:ji	n.	vitality
细细	xi:xi	adv.	carefully
静电	jing:dian	n.	static electricity
房门	fang:men	n.	door of a room
高尚	gao:shang	adj.	noble
摸索	mo:suo	v.	grope
麻醉	ma:zui	n.	anesthesia
数据传输	shu:ju:chuan:shu	n.	data transmission
儒家	ru:jia	n.	Confucianism
字体大小	zi:ti:da:xiao	n.	font size
五粮液	wu:liang:ye	n.	Wuliangye
居家	ju:jia	v.	live at home
格式化	ge:shi:hua	v.	format
热卖价	re:mai:jia	n.	best-selling price
钱包	qian:bao	n.	wallet
初学者	chu:xue:zhe	n.	beginner
不免	bu:mian	adv.	unavoidably
研究室	yan:jiu:shi	n.	research office
国税	guo:shui	n.	national tax
切忌	qie:ji	v.	must avoid
寸	cun	mw.	inch
电瓶	dian:ping	n.	battery
披	pi	v.	drape
卫浴	wei:yu	n.	bathroom fixtures
信封	xin:feng	n.	envelope
芬兰	fen:lan	n.	Finland
天性	tian:xing	n.	nature
小姑娘	xiao:gu:niang	n.	little girl
后天	hou:tian	n.	the day after tomorrow
后天	hou:tian	adj.	acquired
赞助商	zan:zhu:shang	n.	sponsor
党指挥枪	dang:zhi:hui:qiang	n.	the Party commands the gun
消防安全	xiao:fang:an:quan	n.	fire safety
心痛	xin:tong	adj.	heartbroken
搂	lou	v.	embrace
饶	rao	v.	forgive
饶	rao	v.	spare
通行证	tong:xing:zheng	n.	pass
废水	fei:shui	n.	wastewater
考官	kao:guan	n.	examiner
支柱产业	zhi:zhu:chan:ye	n.	pillar industry
第二年	di:er:nian	n.	the following year
免费电影	mian:fei:dian:ying	n.	free movie
制服	zhi:fu	n.	uniform
制服	zhi:fu	v.	subdue
施展	shi:zhan	v.	exercise (skills)
激励机制	ji:li:ji:zhi	n.	incentive mechanism
使劲	shi:jin	v.	exert effort
顺畅	shun:chang	adj.	smooth
中成药	zhong:cheng:yao	n.	Chinese patent medicine
损耗	sun:hao	n.	loss
损耗	sun:hao	v.	wear out
汇聚	hui:ju	v.	gather
在读	zai:du	v.	be enrolled
跌	die	v.	fall
果汁	guo:zhi	n.	juice
傻瓜	sha:gua	n.	fool
文具	wen:ju	n.	stationery
货车	huo:che	n.	truck
散热器	san:re:qi	n.	radiator
电磁	dian:ci	n.	electromagnetism
抽样	chou:yang	v.	sample
抽样	chou:yang	n.	sampling
奖惩	jiang:cheng	n.	rewards and punishments
攀登	pan:deng	v.	climb
伤残	shang:can	n.	disability
长虹	chang:hong	n.	Changhong
晚期	wan:qi	n.	late stage
波兰	bo:lan	n.	Poland
苦难	ku:nan	n.	suffering
欠	qian	v.	owe
欣喜	xin:xi	adj.	joyful
近乎	jin:hu	v.	approach
彼此的	bi:ci:de	pron.	each other's
尖锐	jian:rui	adj.	sharp
尖锐	jian:rui	adj.	piercing
理论研究	li:lun:yan:jiu	n.	theoretical research
动词	dong:ci	n.	verb
肌	ji	n.	muscle
旅游资源	lv:you:zi:yuan	n.	tourism resources
售	shou	v.	sell
背部	bei:bu	n.	back
石家庄市	shi:jia:zhuang:shi	n.	Shijiazhuang
陪伴	pei:ban	v.	accompany
公积金	gong:ji:jin	n.	public accumulation fund
巡	xun	v.	patrol
余地	yu:di	n.	leeway
姐弟	jie:di	n.	elder sister and younger brother
技术力量	ji:shu:li:liang	n.	technical force
分类信息	fen:lei:xin:xi	n.	classified information
大蒜	da:suan	n.	garlic
行政区	xing:zheng:qu	n.	administrative region
业务流程	ye:wu:liu:cheng	n.	business process
相关链接	xiang:guan:lian:jie	n.	related links
推测	tui:ce	v.	infer
推测	tui:ce	n.	conjecture
剧烈	ju:lie	adj.	violent
首位	shou:wei	n.	first place
星期日	xing:qi:ri	n.	Sunday
第三十八条	di:san:shi:ba:tiao	num.	article 38
所见	suo:jian	n.	what one sees
抑	yi	v.	suppress
网络化	wang:luo:hua	n.	networking
颜料	yan:liao	n.	pigment
维基	wei:ji	n.	wiki
创新精神	chuang:xin:jing:shen	n.	spirit of innovation
工程施工	gong:cheng:shi:gong	n.	construction works
妓女	ji:nv	n.	prostitute
宫廷	gong:ting	n.	court (royal)
特殊性	te:shu:xing	n.	particularity
迷失	mi:shi	v.	lose one's way
威廉	wei:lian	n.	William
写字	xie:zi	v.	write characters
中国特色	zhong:guo:te:se	n.	Chinese characteristics
纹	wen	n.	pattern
配额	pei:e	n.	quota
特地	te:di	adv.	specially
优秀人才	you:xiu:ren:cai	n.	outstanding talent
留住	liu:zhu	v.	keep
诗词	shi:ci	n.	poetry (classical)
柔	rou	adj.	soft
自然人	zi:ran:ren	n.	natural person
口感	kou:gan	n.	texture (of food)
上山	shang:shan	v.	go up the mountain
忌妒	ji:du	v.	be jealous of
失业保险	shi:ye:bao:xian	n.	unemployment insurance
宏	hong	adj.	grand
政策措施	zheng:ce:cuo:shi	n.	policy measures
组织者	zu:zhi:zhe	n.	organizer
幼	you	adj.	young
引人注目	yin:ren:zhu:mu	v.	attract attention
肤色	fu:se	n.	skin color
射精	she:jing	v.	ejaculate
出任	chu:ren	v.	take up a post
学士	xue:shi	n.	bachelor
哎呀	ai:ya	int.	oh dear
家庭教育	jia:ting:jiao:yu	n.	family education
萍	ping	n.	duckweed
平台上	ping:tai:shang	n.	on the platform
驻	zhu	v.	be stationed
会后	hui:hou	n.	after the meeting
同胞	tong:bao	n.	compatriot
计提	ji:ti	v.	accrue
军区	jun:qu	n.	military region
收据	shou:ju	n.	receipt
亚太	ya:tai	n.	Asia-Pacific
万分	wan:fen	adv.	extremely
地表	di:biao	n.	earth's surface
违法犯罪	wei:fa:fan:zui	n.	illegal offense
总价	zong:jia	n.	total price
足迹	zu:ji	n.	footprint
诈骗	zha:pian	v.	swindle
还给	hai:gei	v.	give back
两手	liang:shou	n.	both hands
两手	liang:shou	n.	two approaches
非公有制	fei:gong:you:zhi	n.	non-public ownership
丛	cong	n.	cluster
掩饰	yan:shi	v.	conceal
合伙	he:huo	v.	form a partnership
对比度	dui:bi:du	n.	contrast
毛孔	mao:kong	n.	pore
只怕	zhi:pa	conj.	I'm afraid
按揭贷款	an:jie:dai:kuan	n.	mortgage loan
元年	yuan:nian	n.	first year
整理时间	zheng:li:shi:jian	n.	time for organizing
正确答案	zheng:que:da:an	n.	correct answer
圣经	sheng:jing	n.	Bible
高明	gao:ming	adj.	brilliant
员工人数	yuan:gong:ren:shu	n.	number of employees
口径	kou:jing	n.	caliber
口径	kou:jing	n.	statement
播	bo	v.	broadcast
特别版	te:bie:ban	n.	special edition
学生会	xue:sheng:hui	n.	student council
女主角	nv:zhu:jue	n.	lead actress
爵士	jue:shi	n.	jazz
爵士	jue:shi	n.	knight
火花	huo:hua	n.	spark
基督教	ji:du:jiao	n.	Christianity
俄	e	n.	Russia
激起	ji:qi	v.	arouse
托运	tuo:yun	v.	consign for shipment
刃	ren	n.	blade
单调	dan:diao	adj.	monotonous
黑人	hei:ren	n.	Black person
请假	qing:jia	v.	ask for leave
省钱	sheng:qian	v.	save money
原名	yuan:ming	n.	original name
矿物质	kuang:wu:zhi	n.	mineral
少年儿童	shao:nian:er:tong	n.	children and teenagers
招标投标	zhao:biao:tou:biao	n.	bidding
闹钟	nao:zhong	n.	alarm clock
准备好	zhun:bei:hao	v.	get ready
违章	wei:zhang	v.	violate regulations
缅甸	mian:dian	n.	Myanmar
处境	chu:jing	n.	situation
风俗	feng:su	n.	custom
技术参数	ji:shu:can:shu	n.	technical parameters
想说	xiang:shuo	v.	want to say
所述	suo:shu	adj.	stated above
发烧	fa:shao	v.	have a fever
却无	que:wu	v.	yet not have
光缆	guang:lan	n.	optical cable
物种	wu:zhong	n.	species
流动人口	liu:dong:ren:kou	n.	floating population
乐曲	yue:qu	n.	musical composition
再加强	zai:jia:qiang	v.	further strengthen
防洪	fang:hong	v.	control floods
袜子	wa:zi	n.	socks
展品	zhan:pin	n.	exhibit
购物中心	gou:wu:zhong:xin	n.	shopping center
就像是	jiu:xiang:shi	v.	be just like
并已	bing:yi	adv.	and already
也难	ye:nan	adj.	also difficult
国内企业	guo:nei:qi:ye	n.	domestic enterprise
几分钟	ji:fen:zhong	n.	several minutes
平整	ping:zheng	adj.	level and smooth
向来	xiang:lai	adv.	always
此地	ci:di	n.	this place
新时代	xin:shi:dai	n.	new era
此案	ci:an	n.	this case
蕾	lei	n.	flower bud
造纸	zao:zhi	v.	make paper
填入	tian:ru	v.	fill in
握手	wo:shou	v.	shake hands
灯泡	deng:pao	n.	light bulb
编织	bian:zhi	v.	weave
某一个	mou:yi:ge	pron.	a certain one
民意	min:yi	n.	public opinion
一路上	yi:lu:shang	v.	all the way
羽毛	yu:mao	n.	feather
自觉遵守	zi:jue:zun:shou	v.	consciously abide by
直觉	zhi:jue	n.	intuition
始于	shi:yu	v.	begin from
阻挡	zu:dang	v.	stop
挨	ai	v.	suffer
别说	bie:shuo	v.	don't mention
合格后	he:ge:hou	adv.	after passing
经济损失	jing:ji:sun:shi	n.	economic loss
元帅	yuan:shuai	n.	marshal
主权	zhu:quan	n.	sovereignty
全线	quan:xian	n.	entire route
用词	yong:ci	n.	wording
前夕	qian:xi	n.	eve
海淀	hai:dian	n.	Haidian
兰花	lan:hua	n.	orchid
仲	zhong	n.	mid-
木头	mu:tou	n.	wood
明细	ming:xi	n.	details
迈	mai	v.	step
营业额	ying:ye:e	n.	turnover
装卸	zhuang:xie	v.	load and unload
将此	jiang:ci	v.	take this
到场	dao:chang	v.	be present
可知	ke:zhi	v.	it can be seen
仲裁委员会	zhong:cai:wei:yuan:hui	n.	arbitration committee
少爷	shao:ye	n.	young master
学习成绩	xue:xi:cheng:ji	n.	academic performance
比利时	bi:li:shi	n.	Belgium
纯正	chun:zheng	adj.	pure
下山	xia:shan	v.	go down the mountain
入户	ru:hu	v.	enter households
水量	shui:liang	n.	water volume
使用费	shi:yong:fei	n.	usage fee
青蛙	qing:wa	n.	frog
试驾	shi:jia	v.	test drive
发现问题	fa:xian:wen:ti	v.	find problems
无毒	wu:du	adj.	nontoxic
做完	zuo:wan	v.	finish doing
仇恨	chou:hen	n.	hatred
专家们	zhuan:jia:men	n.	experts
多线程	duo:xian:cheng	n.	multithreading
开朗	kai:lang	adj.	cheerful
违	wei	v.	violate
双脚	shuang:jiao	n.	both feet
无意中	wu:yi:zhong	adv.	inadvertently
磁带	ci:dai	n.	magnetic tape
固定电话	gu:ding:dian:hua	n.	landline phone
罗湖区	luo:hu:qu	n.	Luohu District
吵架	chao:jia	v.	quarrel
这几个	zhe:ji:ge	pron.	these few
订房	ding:fang	v.	book a room
辩	bian	v.	debate
一刀	yi:dao	n.	one cut
找回	zhao:hui	v.	retrieve
埃	ai	n.	angstrom
增设	zeng:she	v.	add
狭窄	xia:zhai	adj.	narrow
婚姻状况	hun:yin:zhuang:kuang	n.	marital status
果断	guo:duan	adj.	decisive
泛滥	fan:lan	v.	flood
对联	dui:lian	n.	couplet
怎么做	zen:me:zuo	v.	how to do
客观的	ke:guan:de	adj.	objective
本色	ben:se	n.	true character
献给	xian:gei	v.	dedicate
增加值	zeng:jia:zhi	n.	value added
化合物	hua:he:wu	n.	compound
自然界	zi:ran:jie	n.	natural world
保洁	bao:jie	v.	clean
背叛	bei:pan	v.	betray
嘲笑	chao:xiao	v.	mock
嘲笑	chao:xiao	n.	ridicule
高管	gao:guan	n.	senior executive
写信	xie:xin	v.	write a letter
在场	zai:chang	adj.	present, on the scene
一个星期	yi:ge:xing:qi	num.	one week
诊治	zhen:zhi	v.	diagnose and treat
试看	shi:kan	v.	try to see, try out
研究工作	yan:jiu:gong:zuo	n.	research work
依赖于	yi:lai:yu	v.	depend on, rely on
举例	ju:li	v.	give an example
并列	bing:lie	v.	be parallel, stand side by side
发病率	fa:bing:lv	n.	incidence rate
名列	ming:lie	v.	rank, be listed
容积	rong:ji	n.	capacity, volume
东风日产	dong:feng:ri:chan	n.	Dongfeng Nissan
最常	zui:chang	adv.	most often
艘	sou	mw.	classifier for ships
可以帮助	ke:yi:bang:zhu	v.	can help
秀才	xiu:cai	n.	scholar
躲避	duo:bi	v.	evade, avoid
干嘛	gan:ma	pron.	what for, why
停靠站	ting:kao:zhan	n.	stop, station
方方面面	fang:fang:mian:mian	n.	all aspects, various sides
私营	si:ying	adj.	privately owned
知情	zhi:qing	v.	be in the know, know the facts
天子	tian:zi	n.	emperor, son of heaven
婚后	hun:hou	n.	after marriage
探测器	tan:ce:qi	n.	detector, probe
比分	bi:fen	n.	score
踏上	ta:shang	v.	step on, embark on
琪	qi	n.	qi (name)
进取	jin:qu	v.	be enterprising, progressive
可得	ke:de	part.	can get, must have
可得	ke:dei	v.	can obtain
通讯录	tong:xun:lu	n.	address book, directory
大中型	da:zhong:xing	adj.	large and medium-sized
默默地	mo:mo:de	adv.	silently, quietly
各家	ge:jia	n.	every family
灾	zai	n.	disaster
储量	chu:liang	n.	reserve
简约	jian:yue	adj.	simple
列举	lie:ju	v.	enumerate
冒充	mao:chong	v.	impersonate
僧	seng	n.	monk
持平	chi:ping	v.	break even
丰满	feng:man	adj.	plump
认真落实	ren:zhen:luo:shi	v.	implement earnestly
专场	zhuan:chang	n.	special session
渡	du	v.	cross
多宝	duo:bao	n.	Duobao
中国人民大学	zhong:guo:ren:min:da:xue	n.	Renmin University of China
此为	ci:wei	conj.	this is
参考文献	can:kao:wen:xian	n.	references
还记得	hai:ji:de	v.	remember
谋求	mou:qiu	v.	seek
相伴	xiang:ban	v.	accompany
也成	ye:cheng	adv.	also, also okay
入围	ru:wei	v.	make the cut
舍不得	she:bu:de	v.	reluctant to part with
爱国主义	ai:guo:zhu:yi	n.	patriotism
避孕	bi:yun	v.	contraception
支票	zhi:piao	n.	check
一半	yi:ban	num.	half
下令	xia:ling	v.	order
阳性	yang:xing	adj.	positive
负面影响	fu:mian:ying:xiang	n.	negative impact
话费	hua:fei	n.	phone bill
卑	bei	adj.	lowly
安宁	an:ning	adj.	peaceful
每小时	mei:xiao:shi	num.	per hour
前言	qian:yan	n.	preface
设计院	she:ji:yuan	n.	design institute
恰好	qia:hao	adv.	coincidentally
第一届	di:yi:jie	num.	the first session
教育学	jiao:yu:xue	n.	pedagogy
抓	zhua	v.	grab
伴奏	ban:zou	v.	accompany
动植物	dong:zhi:wu	n.	flora and fauna
面具	mian:ju	n.	mask
爸爸妈妈	ba:ba:ma:ma	n.	parents
前不久	qian:bu:jiu	adv.	not long ago
雕	diao	v.	carve
珍贵的	zhen:gui:de	adj.	precious
提单	ti:dan	n.	bill of lading
领悟	ling:wu	v.	realize, comprehend
就餐	jiu:can	v.	dine, have a meal
婴幼儿	ying:you:er	n.	infant and toddler
白的	bai:de	adj.	white
车手	che:shou	n.	driver, racer
鼠	shu	n.	rat, mouse
封锁	feng:suo	v.	blockade, blockade
华山	hua:shan	n.	Huashan
每平方米	mei:ping:fang:mi	mw.	per square meter
遵纪守法	zun:ji:shou:fa	v.	abide by laws and discipline
资源共享	zi:yuan:gong:xiang	n.	resource sharing
看一下	kan:yi:xia	v.	take a look
无边	wu:bian	adj.	boundless, infinite
理论上	li:lun:shang	adv.	theoretically
最深	zui:shen	adj.	deepest
牧师	mu:shi	n.	pastor, priest
讯	xun	n.	news, information
工作年限	gong:zuo:nian:xian	n.	years of work experience
好像是	hao:xiang:shi	v.	seems to be
揭露	jie:lu	v.	expose, reveal
沉思	chen:si	v.	meditate, ponder
组织结构	zu:zhi:jie:gou	n.	organizational structure
安全事故	an:quan:shi:gu	n.	safety accident
代表性	dai:biao:xing	n.	representativeness
二房	er:fang	n.	concubine
兵团	bing:tuan	n.	corps
常州市	chang:zhou:shi	n.	Changzhou City
笑脸	xiao:lian	n.	smiling face
评判	ping:pan	v.	judge
评判	ping:pan	n.	judgment
全称	quan:cheng	n.	full name
堕落	duo:luo	v.	degenerate
堕落	duo:luo	adj.	depraved
无公害	wu:gong:hai	adj.	environmentally friendly
辣	la	adj.	spicy
顺应	shun:ying	v.	adapt to
放映	fang:ying	v.	screen
科技园	ke:ji:yuan	n.	science and technology park
三条	san:tiao	num.	3 strips
增值服务	zeng:zhi:fu:wu	n.	value-added service
海滨	hai:bin	n.	seaside
狂热	kuang:re	adj.	fanatical
狂热	kuang:re	n.	fanaticism
女王	nv:wang	n.	queen
该书	gai:shu	n.	the book
单曲	dan:qu	n.	single
勃起	bo:qi	v.	erect
自私	zi:si	adj.	selfish
体育场	ti:yu:chang	n.	stadium
相关政策	xiang:guan:zheng:ce	n.	related policies
刷	shua	v.	brush
刷	shua	v.	swipe
行政审批	xing:zheng:shen:pi	n.	administrative approval
漫步	man:bu	v.	stroll
老外	lao:wai	n.	foreigner
牛仔裤	niu:zai:ku	n.	jeans
山谷	shan:gu	n.	valley
记者采访	ji:zhe:cai:fang	n.	journalist interview
言行	yan:xing	n.	words and deeds
防控	fang:kong	v.	prevention and control
改革委	gai:ge:wei	n.	reform commission
范本	fan:ben	n.	template
治病	zhi:bing	v.	treat illness
大多数人	da:duo:shu:ren	n.	most people
热卖	re:mai	v.	sell well
百分比	bai:fen:bi	n.	percentage
踏实	ta:shi	adj.	steady
踏实	ta:shi	v.	feel at ease
师范	shi:fan	n.	normal school
业主委员会	ye:zhu:wei:yuan:hui	n.	owners' committee
一如既往	yi:ru:ji:wang	adv.	as always
高举	gao:ju	v.	hold high
低微	di:wei	adj.	lowly
一碗	yi:wan	num.	one bowl
可视	ke:shi	adj.	visible
侵入	qin:ru	v.	intrude
抱歉	bao:qian	v.	apologize
艰	jian	adj.	difficult
取向	qu:xiang	n.	orientation
十六大	shi:liu:da	n.	16th National Congress
创伤	chuang:shang	n.	trauma
扩大了	kuo:da:le	v.	expand
看望	kan:wang	v.	visit
彰显	zhang:xian	v.	highlight
斥	chi	v.	scold
切身利益	qie:shen:li:yi	n.	personal interest
时长	shi:chang	n.	duration
最关键	zui:guan:jian	adj.	most critical
第五届	di:wu:jie	num.	5th session
形体	xing:ti	n.	body shape
遗漏	yi:lou	v.	omit
遗漏	yi:lou	n.	omission
下毒	xia:du	v.	poison
理会	li:hui	v.	understand
理会	li:hui	v.	pay attention to
示意	shi:yi	v.	signal
受害者	shou:hai:zhe	n.	victim
销售量	xiao:shou:liang	n.	sales volume
造林	zao:lin	v.	afforest
革新	ge:xin	v.	innovate
革新	ge:xin	n.	innovation
全文检索	quan:wen:jian:suo	n.	full-text search
所在区域	suo:zai:qu:yu	n.	area where located
裙	qun	n.	skirt
改版	gai:ban	v.	revise
新郎	xin:lang	n.	groom
碎片	sui:pian	n.	fragment
翠	cui	adj.	emerald green
间距	jian:ju	n.	spacing
心事	xin:shi	n.	worries
之二	zhi:er	num.	2 of 2
专利技术	zhuan:li:ji:shu	n.	patented technology
饱	bao	adj.	full
饱	bao	v.	satisfy
解决办法	jie:jue:ban:fa	n.	solution
退税	tui:shui	n.	tax refund
叫人	jiao:ren	v.	make someone (feel)
流向	liu:xiang	n.	flow direction
流向	liu:xiang	v.	flow towards
净资产	jing:zi:chan	n.	net assets
千米	qian:mi	n.	kilometer
手脚	shou:jiao	n.	limbs
手脚	shou:jiao	n.	dexterity
水温	shui:wen	n.	water temperature
读过	du:guo	v.	have read
相见	xiang:jian	v.	meet each other
掠	lve	v.	sweep past
当面	dang:mian	adv.	face to face
合影	he:ying	v.	take a group photo
通通	tong:tong	adv.	completely, all
宠物资料	chong:wu:zi:liao	n.	pet information
讽刺	feng:ci	v.	satirize, mock
讽刺	feng:ci	n.	satire, irony
旧的	jiu:de	adj.	old, used
宣传工作	xuan:chuan:gong:zuo	n.	publicity work
主打	zhu:da	v.	feature, to promote
人影	ren:ying	n.	human figure, silhouette
私下	si:xia	adv.	privately, in private
自然灾害	zi:ran:zai:hai	n.	natural disaster
案例分析	an:li:fen:xi	n.	case analysis
询	xun	v.	inquire, ask
中英文	zhong:ying:wen	n.	Chinese and English
数千	shu:qian	num.	thousands of
科学化	ke:xue:hua	v.	scientificize
魔术	mo:shu	n.	magic, magic trick
勃	bo	v.	v. vigorous, surge, flourish
一角	yi:jiao	n.	ten cents
人类社会	ren:lei:she:hui	n.	human society
我军	wo:jun	n.	our army
蓄电池	xu:dian:chi	n.	accumulator
夕	xi	n.	evening
上市时间	shang:shi:shi:jian	n.	launch time
不只是	bu:zhi:shi	adv.	not only
密切的	mi:qie:de	adj.	close
还提供	hai:ti:gong	v.	also provide
起初	qi:chu	n.	at first
坚硬	jian:ying	adj.	hard
矮	ai	adj.	short, low
访问次数	fang:wen:ci:shu	n.	number of visits
好帖	hao:tie	n.	good post
握住	wo:zhu	v.	hold, grasp
开封	kai:feng	n.	Kaifeng
日月	ri:yue	n.	sun and moon
日月	ri:yue	n.	days and months
注册登记	zhu:ce:deng:ji	n.	registration
瑶	yao	n.	precious jade
门类	men:lei	n.	category, class
头疼	tou:teng	v.	have a headache
防线	fang:xian	n.	defense line
经济实力	jing:ji:shi:li	n.	economic strength
照相	zhao:xiang	v.	take a photo
安利	an:li	n.	Amway
注册号	zhu:ce:hao	n.	registration number
集群	ji:qun	n.	cluster
传闻	chuan:wen	n.	rumor
传闻	chuan:wen	v.	rumor
按揭	an:jie	v.	mortgage
技术改造	ji:shu:gai:zao	n.	technical renovation
一趟	yi:tang	mw.	one trip
多发	duo:fa	v.	occur frequently
院内	yuan:nei	n.	within the hospital/institution
赐	ci	v.	bestow
软件介绍	ruan:jian:jie:shao	n.	software introduction
潍坊	wei:fang	n.	Weifang
承租人	cheng:zu:ren	n.	lessee
捏	nie	v.	pinch
劳动争议	lao:dong:zheng:yi	n.	labor dispute
嫁给	jia:gei	v.	marry
公安部门	gong:an:bu:men	n.	public security department
构图	gou:tu	n.	composition
打交道	da:jiao:dao	v.	deal with
游玩	you:wan	v.	play, travel
东城区	dong:cheng:qu	n.	Dongcheng District
京剧	jing:ju	n.	Peking opera
飞船	fei:chuan	n.	spaceship
美容院	mei:rong:yuan	n.	beauty salon
各级领导	ge:ji:ling:dao	n.	leaders at all levels
各专业	ge:zhuan:ye	n.	each profession
青铜	qing:tong	n.	bronze
围着	wei:zhe	v.	surround, circle
反垄断法	fan:long:duan:fa	n.	antitrust law
油田	you:tian	n.	oil field
重要的是	zhong:yao:de:shi	conj.	the important thing is
提炼	ti:lian	v.	refine, extract
姚	yao	n.	Yao
不小	bu:xiao	adj.	not small, large
该行	gai:hang	n.	this industry, this bank
互补	hu:bu	v.	complement each other
瑟	se	n.	se (musical instrument)
这个名字	zhe:ge:ming:zi	n.	this name
华盛顿	hua:sheng:dun	n.	Washington
就和	jiu:he	conj.	just with
考试科目	kao:shi:ke:mu	n.	exam subjects
工程造价	gong:cheng:zao:jia	n.	engineering cost
白金	bai:jin	n.	platinum
超前	chao:qian	adj.	advanced, ahead of time
耗费	hao:fei	v.	consume, expend
迎来	ying:lai	v.	welcome, greet
宽阔	kuan:kuo	adj.	wide, broad
盛行	sheng:xing	v.	prevail, be in vogue
底线	di:xian	n.	bottom line, baseline
防晒	fang:shai	v.	sun protection
冒出	mao:chu	v.	emerge, pop up
来人	lai:ren	n.	visitor
勘查	kan:cha	v.	explore, survey
山峰	shan:feng	n.	mountain peak
反动	fan:dong	adj.	reactionary
交接	jiao:jie	v.	hand over
任职资格	ren:zhi:zi:ge	n.	qualifications
干旱	gan:han	n.	drought
为您服务	wei:nin:fu:wu	v.	serve you
越野	yue:ye	v.	off-road
图中	tu:zhong	n.	in the picture
申请者	shen:qing:zhe	n.	applicant
放手	fang:shou	v.	let go
金鹰	jin:ying	n.	golden eagle
感人	gan:ren	adj.	moving
作曲	zuo:qu	v.	compose music
机理	ji:li	n.	mechanism
读写	du:xie	n.	literacy
合同法	he:tong:fa	n.	contract law
要你	yao:ni	v.	want you
不失	bu:shi	v.	not lose
会做	hui:zuo	v.	know how to do
民政	min:zheng	n.	civil affairs
车道	che:dao	n.	lane
渴	ke	adj.	thirsty
现实中	xian:shi:zhong	n.	in reality
完后	wan:hou	n.	after finishing
人流	ren:liu	n.	pedestrian flow
铺设	pu:she	v.	lay (tracks/roads)
证券法	zheng:quan:fa	n.	securities law
谅	liang	v.	forgive
鱿鱼	you:yu	n.	squid
不同类型	bu:tong:lei:xing	n.	different type
快去	kuai:qu	v.	go quickly
昂	ang	v.	raise
山药	shan:yao	n.	yam
热销	re:xiao	v.	sell well
该县	gai:xian	n.	the county
诊所	zhen:suo	n.	clinic
王某	wang:mou	n.	a certain Mr. Wang
说出来	shuo:chu:lai	v.	speak out
透视	tou:shi	v.	perspective
已经有了	yi:jing:you:le	v.	already have
串	chuan	mw.	skewer
串	chuan	n.	string
更重要的	geng:zhong:yao:de	adj.	more important
总代理	zong:dai:li	n.	general agent
张力	zhang:li	n.	tension
宝宝的	bao:bao:de	n.	baby's
旗下的	qi:xia:de	adj.	under the banner of
部分地区	bu:fen:di:qu	n.	parts of a region
几年前	ji:nian:qian	n.	a few years ago
宁愿	ning:yuan	v.	would rather
也还	ye:hai	adv.	still also
跟进	gen:jin	v.	follow up
网站首页	wang:zhan:shou:ye	n.	homepage
议题	yi:ti	n.	topic
国家队	guo:jia:dui	n.	national team
化疗	hua:liao	n.	chemotherapy
医保	yi:bao	n.	medical insurance
急剧	ji:ju	adj.	sharp
实施意见	shi:shi:yi:jian	n.	implementation opinions
沟	gou	n.	ditch
原产地	yuan:chan:di	n.	place of origin
一小时	yi:xiao:shi	num.	1 hour
港台	gang:tai	n.	Hong Kong and Taiwan
杰出	jie:chu	adj.	outstanding
放出	fang:chu	v.	release
三包	san:bao	n.	three guarantees
动脉	dong:mai	n.	artery
生活质量	sheng:huo:zhi:liang	n.	quality of life
谈起	tan:qi	v.	talk about
咨询公司	zi:xun:gong:si	n.	consulting company
证监会	zheng:jian:hui	n.	securities regulator
分量	fen:liang	n.	weight
天文	tian:wen	n.	astronomy
司法行政	si:fa:xing:zheng	n.	judicial administration
涉	she	v.	involve
总要	zong:yao	adv.	must, always have to
疯了	feng:le	adj.	crazy
一瞬间	yi:shun:jian	n.	moment
回味	hui:wei	v.	savor
回味	hui:wei	n.	aftertaste
变异	bian:yi	v.	mutate
变异	bian:yi	n.	mutation
箱子	xiang:zi	n.	box
笔录	bi:lu	n.	record
智商	zhi:shang	n.	IQ
诱导	you:dao	v.	induce
切勿	qie:wu	v.	must not
突出重点	tu:chu:zhong:dian	v.	highlight key points
迎合	ying:he	v.	cater to
八荣八耻	ba:rong:ba:chi	n.	eight honors and eight shames
咕	gu	onom.	gurgle
聚乙烯	ju:yi:xi	n.	polyethylene
醒醒	xing:xing	v.	wake up
驶	shi	v.	drive
第三十九条	di:san:shi:jiu:tiao	num.	article 39
解决好	jie:jue:hao	v.	solve well
星球	xing:qiu	n.	planet
增生	zeng:sheng	v.	hypertrophy
增生	zeng:sheng	n.	hypertrophy
摄	she	v.	take (photo/video)
海盗	hai:dao	n.	pirate
往下	wang:xia	adv.	downward
增产	zeng:chan	v.	increase production
餐饮业	can:yin:ye	n.	catering industry
纯真	chun:zhen	adj.	innocent
工作作风	gong:zuo:zuo:feng	n.	work style
统一管理	tong:yi:guan:li	v.	unified management
券商	quan:shang	n.	brokerage
太湖	tai:hu	n.	Taihu Lake
面对面	mian:dui:mian	adj.	face to face
上空	shang:kong	n.	sky
梦里	meng:li	n.	in a dream
逃跑	tao:pao	v.	run away
配音	pei:yin	v.	dub
一票	yi:piao	num.	one vote
多样性	duo:yang:xing	n.	diversity
西城区	xi:cheng:qu	n.	Xicheng District
巨额	ju:e	adj.	huge amount
接种	jie:zhong	v.	vaccinate
免疫力	mian:yi:li	n.	immunity
贫	pin	adj.	poor
参谋	can:mou	n.	staff officer
飞碟	fei:die	n.	flying saucer
不负	bu:fu	v.	not fail
抗日战争	kang:ri:zhan:zheng	n.	War of Resistance against Japan
任教	ren:jiao	v.	teach
就医	jiu:yi	v.	see a doctor
一节	yi:jie	num.	a section
城镇居民	cheng:zhen:ju:min	n.	urban resident
平静的	ping:jing:de	adj.	calm
内科	nei:ke	n.	internal medicine
浮现	fu:xian	v.	emerge, appear
之风	zhi:feng	n.	style, wind, trend
国家旅游局	guo:jia:lv:you:ju	n.	National Tourism Administration
精油	jing:you	n.	essential oil
浓浓	nong:nong	adj.	thick, strong
全面落实	quan:mian:luo:shi	v.	fully implement
盘中	pan:zhong	prep.	in the dish, in the plate
稳健	wen:jian	adj.	steady, sound, prudent
边框	bian:kuang	n.	frame, border
吃完	chi:wan	v.	finish eating
阅读全文	yue:du:quan:wen	v.	read full text
好几	hao:ji	num.	several, quite a few
美容美发	mei:rong:mei:fa	n.	beauty and hairdressing
流氓软件	liu:mang:ruan:jian	n.	malware, rogue software
扫描仪	sao:miao:yi	n.	scanner
辕	yuan	n.	shaft, yoke
渤海	bo:hai	n.	Bohai Sea
拖拉机	tuo:la:ji	n.	tractor
一致性	yi:zhi:xing	n.	consistency, uniformity
丰胸	feng:xiong	v.	breast enlargement
文化交流	wen:hua:jiao:liu	n.	cultural exchange
卷烟	juan:yan	n.	cigarette
采样	cai:yang	v.	sampling
新奇	xin:qi	adj.	novel
放宽	fang:kuan	v.	relax, loosen
可获得	ke:huo:de	v.	obtainable
世界经济	shi:jie:jing:ji	n.	world economy
也许会	ye:xu:hui	adv.	perhaps, might
食品有限公司	shi:pin:you:xian:gong:si	n.	food co., ltd.
溶解	rong:jie	v.	dissolve
生产厂商	sheng:chan:chang:shang	n.	manufacturer
婉	wan	adj.	gentle, graceful
下雨	xia:yu	v.	rain
营业时间	ying:ye:shi:jian	n.	business hours
几级	ji:ji	num.	how many levels
细微	xi:wei	adj.	subtle, minute
出卖	chu:mai	v.	sell out, betray
假冒	jia:mao	v.	counterfeit, impersonate
冰川	bing:chuan	n.	glacier
西宁	xi:ning	n.	Xining
意为	yi:wei	v.	mean
细小	xi:xiao	adj.	small
中央空调	zhong:yang:kong:tiao	n.	central air conditioning
昆虫	kun:chong	n.	insect
越过	yue:guo	v.	cross
绚丽	xuan:li	adj.	magnificent
乞丐	qi:gai	n.	beggar
相约	xiang:yue	v.	make an appointment
徒弟	tu:di	n.	apprentice
终究	zhong:jiu	adv.	after all
分层	fen:ceng	v.	layer
档案管理	dang:an:guan:li	n.	records management
救治	jiu:zhi	v.	treat and cure
挤出	ji:chu	v.	squeeze out
深沉	shen:chen	adj.	deep
自治县	zi:zhi:xian	n.	autonomous county
一曲	yi:qu	mw.	a piece of music
质量标准	zhi:liang:biao:zhun	n.	quality standard
身形	shen:xing	n.	body shape
上行	shang:xing	v.	go up, ascend
正要	zheng:yao	adv.	about to
自然资源	zi:ran:zi:yuan	n.	natural resources
备受	bei:shou	v.	suffer, receive heavily
平板	ping:ban	adj.	flat, tablet
厌恶	yan:wu	v.	loathe, detest
水利工程	shui:li:gong:cheng	n.	water conservancy project
气愤	qi:fen	adj.	indignant, angry
请务必	qing:wu:bi	adv.	must, please be sure to
泉州市	quan:zhou:shi	n.	Quanzhou City
再上	zai:shang	v.	go up again
首个	shou:ge	adj.	first
鹏	peng	n.	peng (mythical bird)
无误	wu:wu	adj.	errorless, correct
姜	jiang	n.	ginger
大爷	da:ye	n.	uncle, old man
社会环境	she:hui:huan:jing	n.	social environment
九寨沟	jiu:zhai:gou	n.	Jiuzhaigou
扭转	niu:zhuan	v.	turn around
散布	san:bu	v.	spread
文化艺术	wen:hua:yi:shu	n.	culture and art
重在	zhong:zai	v.	focus on
盒子	he:zi	n.	box
十几个	shi:ji:ge	num.	ten-odd
但愿	dan:yuan	v.	hope
教务处	jiao:wu:chu	n.	academic affairs office
妈的	ma:de	int.	damn
碍	ai	v.	hinder
动物园	dong:wu:yuan	n.	zoo
中国证监会	zhong:guo:zheng:jian:hui	n.	CSRC
荷	he	n.	lotus
代表作	dai:biao:zuo	n.	masterpiece
枕头	zhen:tou	n.	pillow
公司债券	gong:si:zhai:quan	n.	corporate bond
港澳	gang:ao	n.	Hong Kong and Macao
管理委员会	guan:li:wei:yuan:hui	n.	management committee
极高的	ji:gao:de	adj.	extremely high
沿线	yan:xian	n.	along the line
查出	cha:chu	v.	find out
冠	guan	n.	crown
冠	guan	v.	win, take first place
最低价	zui:di:jia	n.	lowest price
也不过	ye:bu:guo	adv.	only, no more than
魅	mei	v.	charm, enchant
彻底的	che:di:de	adj.	thorough, complete
曲目	qu:mu	n.	program, repertoire
拘役	ju:yi	n.	imprisonment without hard labor
飞行员	fei:xing:yuan	n.	pilot
年报	nian:bao	n.	annual report
玫	mei	n.	rose (color/flower)
可随时	ke:sui:shi	adv.	can at any time
最受欢迎	zui:shou:huan:ying	adj.	most popular
裁	cai	v.	cut, tailor
突破口	tu:po:kou	n.	breakthrough
成员国	cheng:yuan:guo	n.	member state
身心健康	shen:xin:jian:kang	n.	physical and mental health
吃得	chi:de	v.	can eat
等待着	deng:dai:zhe	v.	waiting for
第二批	di:er:pi	n.	second batch
相对应	xiang:dui:ying	v.	correspond to
超薄	chao:bao	adj.	ultra-thin
侵犯到	qin:fan:dao	v.	infringe on
服务站	fu:wu:zhan	n.	service station
良心	liang:xin	n.	conscience
工作方式	gong:zuo:fang:shi	n.	work style
海边	hai:bian	n.	seaside
受不了	shou:bu:liao	v.	cannot stand
证人	zheng:ren	n.	witness
设计者	she:ji:zhe	n.	designer
坡	po	n.	slope
不公	bu:gong	adj.	unfair
方才	fang:cai	adv.	just now
宫殿	gong:dian	n.	palace
玩游戏	wan:you:xi	v.	play games
给你们	gei:ni:men	v.	give you (plural)
违反规定	wei:fan:gui:ding	v.	violate regulations
品种的	pin:zhong:de	adj.	of varieties
善意	shan:yi	n.	goodwill
第二大	di:er:da	num.	second largest
食宿	shi:su	n.	food and lodging
一点都	yi:dian:dou	adv.	not at all
倒入	dao:ru	v.	pour into
建筑装饰	jian:zhu:zhuang:shi	n.	architectural decoration
可以达到	ke:yi:da:dao	v.	can reach
取名	qu:ming	v.	name
标示	biao:shi	v.	mark, indicate
貌似	mao:si	v.	seem, appear
全镇	quan:zhen	n.	whole town
简直是	jian:zhi:shi	adv.	simply be, virtually be
立足于	li:zu:yu	v.	be based on, stand on
极易	ji:yi	adv.	extremely easy to
不合	bu:he	v.	disagree, not suit
不合	bu:he	adj.	unsuitable, improper
有三	you:san	v.	have three
鸿	hong	n.	swan, large
药品生产	yao:pin:sheng:chan	n.	drug production
迎来了	ying:lai:le	v.	welcomed, ushered in
居委会	ju:wei:hui	n.	neighborhood committee
泥土	ni:tu	n.	soil, mud
手枪	shou:qiang	n.	pistol
状元	zhuang:yuan	n.	top scholar
跳转	tiao:zhuan	v.	jump, skip
所有者	suo:you:zhe	n.	owner
无心	wu:xin	adj.	absent-minded, unintentional
意象	yi:xiang	n.	imagery
这支	zhe:zhi	mw.	this (classifier for pens/teams)
我方	wo:fang	n.	our side, our party
穿梭	chuan:suo	v.	shuttle, weave through
党和政府	dang:he:zheng:fu	n.	party and government
乘机	cheng:ji	v.	take advantage of an opportunity
珍藏	zhen:cang	v.	treasure, collect
珍藏	zhen:cang	n.	treasure collection
茶馆	cha:guan	n.	teahouse
下岗职工	xia:gang:zhi:gong	n.	laid-off worker
谎言	huang:yan	n.	lie
第一页	di:yi:ye	n.	first page
农副产品	nong:fu:chan:pin	n.	side-line agricultural products
资产负债表	zi:chan:fu:zhai:biao	n.	balance sheet
一则	yi:ze	num.	a piece of (news/rule)
最优	zui:you	adj.	optimal, best
最终解释权	zui:zhong:jie:shi:quan	n.	final right of interpretation
巧妙	qiao:miao	adj.	clever, ingenious
各行业	ge:hang:ye	n.	various industries
城市居民	cheng:shi:ju:min	n.	urban resident
两端	liang:duan	n.	both ends
免得	mian:de	conj.	lest, in order to avoid
随身	sui:shen	adj.	on one's person
趋向	qu:xiang	v.	tend to, trend towards
趋向	qu:xiang	n.	trend, tendency
权威性	quan:wei:xing	n.	authority
应届	ying:jie	adj.	current year's
秘书处	mi:shu:chu	n.	secretariat
无尽的	wu:jin:de	adj.	endless
高薪	gao:xin	n.	high salary
总站	zong:zhan	n.	terminal
邓	deng	n.	Deng
或许是	huo:xu:shi	adv.	perhaps is
竞技	jing:ji	n.	athletics
固顶	gu:ding	v.	fix at top
新局面	xin:ju:mian	n.	new situation
暂行办法	zan:xing:ban:fa	n.	interim measures
打听	da:ting	v.	inquire
毗邻	pi:lin	v.	border on
一招	yi:zhao	mw.	one move
喝茶	he:cha	v.	drink tea
整形	zheng:xing	n.	plastic surgery
重任	zhong:ren	n.	heavy responsibility
副总	fu:zong	n.	vice president
爬上	pa:shang	v.	climb up
增添了	zeng:tian:le	v.	add
自主品牌	zi:zhu:pin:pai	n.	independent brand
判处	pan:chu	v.	sentence
菩提	pu:ti	n.	bodhi
一想	yi:xiang	v.	think for a moment
小屋	xiao:wu	n.	small house
接听	jie:ting	v.	answer (phone)
魔法师	mo:fa:shi	n.	magician
放假	fang:jia	v.	have a holiday
持有人	chi:you:ren	n.	holder
查获	cha:huo	v.	seize
思维方式	si:wei:fang:shi	n.	way of thinking
想必	xiang:bi	adv.	must be
免去	mian:qu	v.	exempt from
拒不	ju:bu	adv.	refuse to
新浪网	xin:lang:wang	n.	Sina
金龙	jin:long	n.	golden dragon
白痴	bai:chi	n.	idiot
取缔	qu:di	v.	ban
外人	wai:ren	n.	outsider
好消息	hao:xiao:xi	n.	good news
后卫	hou:wei	n.	defender, guard
童装	tong:zhuang	n.	children's clothing
图画	tu:hua	n.	picture, drawing
指望	zhi:wang	v.	count on, hope for
竭诚	jie:cheng	v.	wholeheartedly
肢体	zhi:ti	n.	limbs, body
教师队伍	jiao:shi:dui:wu	n.	teaching staff
基本原理	ji:ben:yuan:li	n.	basic principle
风貌	feng:mao	n.	appearance, features
分辨	fen:bian	v.	distinguish, differentiate
夏日	xia:ri	n.	summer day
色素	se:su	n.	pigment
染色	ran:se	v.	dye, color
低压	di:ya	n.	low pressure
岗位职责	gang:wei:zhi:ze	n.	job responsibilities
环境变量	huan:jing:bian:liang	n.	environment variable
城内	cheng:nei	n.	inside the city
怪异	guai:yi	adj.	strange, weird
划分为	hua:fen:wei	v.	divide into
迄今为止	qi:jin:wei:zhi	adv.	so far
协议范本	xie:yi:fan:ben	n.	agreement template
质押	zhi:ya	v.	pledge
便携式	bian:xie:shi	adj.	portable
年下	nian:xia	n.	younger
镶嵌	xiang:qian	v.	inlay
技法	ji:fa	n.	technique
遥远	yao:yuan	adj.	distant
庆幸	qing:xing	v.	feel lucky
欣慰	xin:wei	adj.	gratified
诡异	gui:yi	adj.	weird
离世	li:shi	v.	pass away
点半	dian:ban	n.	half past
掌控	zhang:kong	v.	control
骑马	qi:ma	v.	ride a horse
公共场所	gong:gong:chang:suo	n.	public place
本年度	ben:nian:du	n.	this fiscal year
敏感的	min:gan:de	adj.	sensitive
全球最大	quan:qiu:zui:da	adj.	world's largest
团队精神	tuan:dui:jing:shen	n.	team spirit
歪	wai	adj.	crooked
劳动法	lao:dong:fa	n.	labor law
抬起	tai:qi	v.	lift up
诸侯	zhu:hou	n.	feudal lord
风险管理	feng:xian:guan:li	n.	risk management
谁来	shei:lai	pron.	who will come
谁来	shui:lai	pron.	who will come
加固	jia:gu	v.	reinforce
其他用户	qi:ta:yong:hu	n.	other users
专辑名称	zhuan:ji:ming:cheng	n.	album title
装饰装修	zhuang:shi:zhuang:xiu	n.	decoration and renovation
差价	cha:jia	n.	price difference
怀中	huai:zhong	n.	bosom
机油	ji:you	n.	engine oil
往前	wang:qian	adv.	forward
台式机	tai:shi:ji	n.	desktop computer
小城镇	xiao:cheng:zhen	n.	small town
存储卡	cun:chu:ka	n.	memory card
复杂性	fu:za:xing	n.	complexity
哪位	na:wei	pron.	which one (polite)
使用情况	shi:yong:qing:kuang	n.	usage status
秀丽	xiu:li	adj.	beautiful
假定	jia:ding	v.	assume
假定	jia:ding	n.	assumption
查看次数	cha:kan:ci:shu	n.	number of views
主人公	zhu:ren:gong	n.	protagonist
贫血	pin:xue	n.	anemia
破损	po:sun	v.	damage
破损	po:sun	adj.	damaged
预售	yu:shou	v.	presell
夺取	duo:qu	v.	seize
元月	yuan:yue	n.	January
水母	shui:mu	n.	jellyfish
深厚	shen:hou	adj.	profound
多云	duo:yun	adj.	cloudy
收款人	shou:kuan:ren	n.	payee
陆地	lu:di	n.	land
过失	guo:shi	n.	fault
乏	fa	adj.	lacking
缩写	suo:xie	v.	abbreviate
缩写	suo:xie	n.	abbreviation
橄榄油	gan:lan:you	n.	olive oil
前线	qian:xian	n.	front line
一步步	yi:bu:bu	adv.	step by step
水泵	shui:beng	n.	water pump
申	shen	v.	state
音色	yin:se	n.	timbre
战队	zhan:dui	n.	team
诚意	cheng:yi	n.	sincerity
传入	chuan:ru	v.	pass in
实名	shi:ming	adj.	real name
陷入了	xian:ru:le	v.	fall into
商业秘密	shang:ye:mi:mi	n.	trade secret
监控系统	jian:kong:xi:tong	n.	monitoring system
药品监督	yao:pin:jian:du	n.	drug supervision
十九	shi:jiu	num.	19
水文	shui:wen	n.	hydrology
用工	yong:gong	n.	labor
自治州	zi:zhi:zhou	n.	autonomous prefecture
古希腊	gu:xi:la	n.	ancient Greece
本会	ben:hui	n.	this association
高效率	gao:xiao:lv	n.	high efficiency
扰乱	rao:luan	v.	disturb
报名表	bao:ming:biao	n.	registration form
草坪	cao:ping	n.	lawn
打死	da:si	v.	beat to death
大象	da:xiang	n.	elephant
感官	gan:guan	n.	sense organ
日立	ri:li	n.	Hitachi
开水	kai:shui	n.	boiling water
偏高	pian:gao	adj.	higher than average
呼声	hu:sheng	n.	clamor
场内	chang:nei	n.	inside the venue
串口	chuan:kou	n.	serial port
学术交流	xue:shu:jiao:liu	n.	academic exchange
有关方面	you:guan:fang:mian	n.	relevant parties
政区	zheng:qu	n.	administrative district
惯例	guan:li	n.	convention
列兵	lie:bing	v.	enlist
列兵	lie:bing	n.	private
湖水	hu:shui	n.	lake water
四海	si:hai	n.	the whole world
更方便	geng:fang:bian	adj.	more convenient
恶搞	e:gao	v.	parody
化石	hua:shi	n.	fossil
孙中山	sun:zhong:shan	n.	Sun Yat-sen
待了	dai:le	v.	stayed
巨鳄	ju:e	n.	giant crocodile
营利	ying:li	v.	make a profit
冬瓜	dong:gua	n.	winter melon
男孩子	nan:hai:zi	n.	boy
踊跃	yong:yue	adj.	enthusiastic
软硬件	ruan:ying:jian	n.	software and hardware
中国联通	zhong:guo:lian:tong	n.	China Unicom
乐	yue	n.	music
乐	yue	adj.	happy
中国建筑	zhong:guo:jian:zhu	n.	Chinese architecture
诚恳	cheng:ken	adj.	sincere
阿拉伯	a:la:bo	n.	Arab
多快	duo:kuai	adv.	how fast
谢绝	xie:jue	v.	refuse
局限	ju:xian	n.	limitation
局限	ju:xian	v.	limit
却说	que:shuo	v.	it is said that
近似	jin:si	adj.	approximate
与国家	yu:guo:jia	n.	with the state
饭菜	fan:cai	n.	food
重叠	chong:die	v.	overlap
必须的	bi:xu:de	adj.	necessary
堆积	dui:ji	v.	pile up
七十	qi:shi	num.	70
不尽	bu:jin	adj.	endless
系统集成	xi:tong:ji:cheng	n.	system integration
选题	xuan:ti	v.	select a topic
选题	xuan:ti	n.	topic selection
戴着	dai:zhe	v.	wearing
潜艇	qian:ting	n.	submarine
兴办	xing:ban	v.	set up
农业产业化	nong:ye:chan:ye:hua	n.	agricultural industrialization
中国最大	zhong:guo:zui:da	adj.	largest in China
欢迎访问	huan:ying:fang:wen	v.	welcome to visit
割	ge	v.	cut
割	ge	n.	proportion
汽车零部件	qi:che:ling:bu:jian	n.	auto parts
十几年	shi:ji:nian	num.	ten-odd years
矫正	jiao:zheng	v.	correct
能得到	neng:de:dao	v.	can obtain
巫	wu	n.	shaman
工期	gong:qi	n.	construction period
分担	fen:dan	v.	share
产品展示	chan:pin:zhan:shi	n.	product display
二氧化碳	er:yang:hua:tan	n.	carbon dioxide
衫	shan	n.	shirt
第四十条	di:si:shi:tiao	n.	article 40
晶体	jing:ti	n.	crystal
总结了	zong:jie:le	v.	summarized
做一些	zuo:yi:xie	v.	do some
无助	wu:zhu	adj.	helpless
救灾	jiu:zai	n.	disaster relief
东门	dong:men	n.	east gate
列席	lie:xi	v.	attend
马车	ma:che	n.	horse carriage
网校	wang:xiao	n.	online school
德语	de:yu	n.	German language
天山	tian:shan	n.	Tianshan Mountains
功底	gong:di	n.	foundation
你家	ni:jia	n.	your home
耐磨	nai:mo	adj.	wear-resistant
俗话说	su:hua:shuo	v.	as the saying goes
知青	zhi:qing	n.	educated youth
拖延	tuo:yan	v.	procrastinate
上一个	shang:yi:ge	num.	previous one
响了	xiang:le	v.	sounded
上车	shang:che	v.	get on a vehicle
张艺谋	zhang:yi:mou	n.	Zhang Yimou
整体素质	zheng:ti:su:zhi	n.	overall quality
棒	bang	adj.	excellent
棒	bang	n.	stick
社会稳定	she:hui:wen:ding	n.	social stability
做大做强	zuo:da:zuo:qiang	v.	expand and strengthen
经营单位	jing:ying:dan:wei	n.	operating unit
课题组	ke:ti:zu	n.	research group
支吾	zhi:wu	v.	equivocate
社会责任	she:hui:ze:ren	n.	social responsibility
首领	shou:ling	n.	leader
想买	xiang:mai	v.	want to buy
无级	wu:ji	adj.	stepless
相反的	xiang:fan:de	adj.	opposite
阔	kuo	adj.	wide
要买	yao:mai	v.	want to buy
贫困地区	pin:kun:di:qu	n.	impoverished area
学年	xue:nian	n.	academic year
县市	xian:shi	n.	county and city
揭开	jie:kai	v.	uncover
开奖	kai:jiang	v.	draw a prize
磁场	ci:chang	n.	magnetic field
权威的	quan:wei:de	adj.	authoritative
泣	qi	v.	weep
三名	san:ming	num.	3 people
严格遵守	yan:ge:zun:shou	v.	strictly abide by
绽放	zhan:fang	v.	bloom
查明	cha:ming	v.	find out
韦	wei	n.	Wei (surname)
中国汽车	zhong:guo:qi:che	n.	Chinese car
电动车	dian:dong:che	n.	electric vehicle
上层	shang:ceng	n.	upper layer
肾脏	shen:zang	n.	kidney
延误	yan:wu	v.	delay
许久	xu:jiu	n.	a long time
办证	ban:zheng	v.	apply for a certificate
珠三角	zhu:san:jiao	n.	Pearl River Delta
车市	che:shi	n.	auto market
纽带	niu:dai	n.	bond, tie
下岗失业人员	xia:gang:shi:ye:ren:yuan	n.	laid-off and unemployed workers
娱乐场所	yu:le:chang:suo	n.	entertainment venue
番茄	fan:qie	n.	tomato
也叫	ye:jiao	v.	also called
低保	di:bao	n.	minimum living allowance
主要为	zhu:yao:wei	v.	mainly be
打到	da:dao	v.	hit, strike
触及	chu:ji	v.	touch upon, reach
侵占	qin:zhan	v.	occupy, encroach
倾诉	qing:su	v.	pour out, confide
神州	shen:zhou	n.	China
喜庆	xi:qing	adj.	festive, celebratory
放电	fang:dian	v.	discharge electricity
上衣	shang:yi	n.	top, jacket
心声	xin:sheng	n.	heartfelt voice, inner thoughts
大便	da:bian	n.	feces, stool
不由得	bu:you:de	adv.	can't help but
出生日期	chu:sheng:ri:qi	n.	date of birth
股改	gu:gai	n.	shareholding reform
直升机	zhi:sheng:ji	n.	helicopter
拳头	quan:tou	n.	fist
红酒	hong:jiu	n.	red wine
恍	huang	adj.	dazed
景物	jing:wu	n.	scenery
贯	guan	v.	pierce through
加盟店	jia:meng:dian	n.	franchise
血糖	xie:tang	n.	blood sugar
血糖	xue:tang	n.	blood sugar
魄	po	n.	soul
就如	jiu:ru	conj.	just like
第四十一条	di:si:shi:yi:tiao	num.	article 41
柄	bing	mw.	handle
头晕	tou:yun	v.	dizzy
上年	shang:nian	n.	last year
切记	qie:ji	v.	remember strictly
更低	geng:di	adj.	lower
考题	kao:ti	n.	exam question
报警器	bao:jing:qi	n.	alarm
王者	wang:zhe	n.	king
杂质	za:zhi	n.	impurity
法律制度	fa:lv:zhi:du	n.	legal system
筷子	kuai:zi	n.	chopsticks
只不过是	zhi:bu:guo:shi	adv.	merely
两眼	liang:yan	n.	eyes
社区卫生	she:qu:wei:sheng	n.	community health
加工贸易	jia:gong:mao:yi	n.	processing trade
本来是	ben:lai:shi	adv.	originally was
交易市场	jiao:yi:shi:chang	n.	trading market
工作目标	gong:zuo:mu:biao	n.	work goal
构想	gou:xiang	n.	conception
构想	gou:xiang	v.	conceive
再造	zai:zao	v.	remake
暂不	zan:bu	adv.	not for now
购买商品	gou:mai:shang:pin	v.	buy goods
销售价格	xiao:shou:jia:ge	n.	selling price
装载	zhuang:zai	v.	load
服务器端	fu:wu:qi:duan	n.	server side
宏观经济	hong:guan:jing:ji	n.	macroeconomics
已达到	yi:da:dao	v.	has reached
为了避免	wei:le:bi:mian	conj.	in order to avoid
社	she	n.	society
跟上	gen:shang	v.	keep up
怀抱	huai:bao	n.	bosom
怀抱	huai:bao	v.	embrace
阿里	a:li	n.	Alibaba
患	huan	v.	suffer from
荣耀	rong:yao	n.	glory
五日	wu:ri	num.	5 days
液晶显示器	ye:jing:xian:shi:qi	n.	LCD monitor
影响着	ying:xiang:zhe	v.	affecting
时节	shi:jie	n.	season
值得一提	zhi:de:yi:ti	adj.	worth mentioning
基本资料	ji:ben:zi:liao	n.	basic data
半岛	ban:dao	n.	peninsula
该类	gai:lei	n.	this type
中山大学	zhong:shan:da:xue	n.	Sun Yat-sen University
保险业	bao:xian:ye	n.	insurance industry
讲到	jiang:dao	v.	speak of
拼搏	pin:bo	v.	strive
着想	zhuo:xiang	v.	consider
着想	zhuo:xiang	n.	idea
南山区	nan:shan:qu	n.	Nanshan District
跑去	pao:qu	v.	run to
张某	zhang:mou	n.	someone named Zhang
覆	fu	v.	cover
进场	jin:chang	v.	enter the venue
电影院	dian:ying:yuan	n.	cinema
蜜	mi	n.	honey
北京地区	bei:jing:di:qu	n.	Beijing area
质检	zhi:jian	n.	quality inspection
合伙企业	he:huo:qi:ye	n.	partnership
实践证明	shi:jian:zheng:ming	v.	practice proves
未经授权	wei:jing:shou:quan	adj.	unauthorized
排版	pai:ban	v.	typeset
三日	san:ri	num.	3 days
协办	xie:ban	v.	co-organize
自拍	zi:pai	v.	take a selfie
贺卡	he:ka	n.	greeting card
轮流	lun:liu	v.	take turns
精液	jing:ye	n.	semen
人民币升值	ren:min:bi:sheng:zhi	n.	renminbi appreciation
樱花	ying:hua	n.	cherry blossom
从业资格	cong:ye:zi:ge	n.	professional qualification
敦煌	dun:huang	n.	Dunhuang
饭后	fan:hou	n.	after meal
抚养	fu:yang	v.	raise, nurture
香料	xiang:liao	n.	spice
孤立	gu:li	v.	isolate
村干部	cun:gan:bu	n.	village official
着实	zhuo:shi	adv.	really, truly
三百	san:bai	num.	300
遗迹	yi:ji	n.	relic, remains
反感	fan:gan	n.	antipathy, dislike
反感	fan:gan	v.	dislike, to resent
学习方法	xue:xi:fang:fa	n.	learning method
婴	ying	n.	infant, baby
猛然	meng:ran	adv.	suddenly, abruptly
励	li	v.	encourage, to urge
不快	bu:kuai	adj.	unpleasant, unhappy
不快	bu:kuai	n.	unhappiness, discomfort
一来	yi:lai	conj.	in the first place
一来	yi:lai	adv.	as soon as one comes
有意思	you:yi:si	adj.	interesting
有意思	you:yi:si	v.	be interesting
已然	yi:ran	adv.	already
红尘	hong:chen	n.	mortal world
各异	ge:yi	adj.	different
建筑师	jian:zhu:shi	n.	architect
竣工验收	jun:gong:yan:shou	n.	completion inspection
锅	guo	n.	pot
积极作用	ji:ji:zuo:yong	n.	positive effect
时速	shi:su	n.	speed per hour
陛	bi	n.	emperor
郑重声明	zheng:zhong:sheng:ming	v.	solemnly declare
安全感	an:quan:gan	n.	sense of security
区域性	qu:yu:xing	adj.	regional
上涨的	shang:zhang:de	adj.	rising
收货	shou:huo	v.	receive goods
税金	shui:jin	n.	tax
不履行	bu:lv:xing	v.	fail to fulfill
移到	yi:dao	v.	move to
动摇	dong:yao	v.	shake
动摇	dong:yao	adj.	unstable
合理性	he:li:xing	n.	rationality
生出	sheng:chu	v.	produce
赞叹	zan:tan	v.	praise, admire
筹集	chou:ji	v.	raise, collect
未满	wei:man	adj.	not full, not yet
定居	ding:ju	v.	settle down
老妈	lao:ma	n.	mom, mother
三期	san:qi	n.	third phase, third term
浙江大学	zhe:jiang:da:xue	n.	Zhejiang University
力学	li:xue	n.	mechanics
庄严	zhuang:yan	adj.	solemn, majestic
两块	liang:kuai	num.	two pieces, two yuan
安全问题	an:quan:wen:ti	n.	safety issue, security problem
解题	jie:ti	v.	solve a problem
暧昧	ai:mei	adj.	ambiguous, vague
硕士生	shuo:shi:sheng	n.	master's student
判决书	pan:jue:shu	n.	judgment, verdict
调料	tiao:liao	n.	seasoning, condiment
没有必要	mei:you:bi:yao	adj.	unnecessary
印花	yin:hua	n.	postage stamp, printed pattern
都快	dou:kuai	adv.	almost, nearly
鲜活	xian:huo	adj.	fresh, lively
想到了	xiang:dao:le	v.	thought of, realized
企业简介	qi:ye:jian:jie	n.	company profile
迅速的	xun:su:de	adj.	rapid, quick
多种形式	duo:zhong:xing:shi	n.	various forms
庭院	ting:yuan	n.	courtyard
主线	zhu:xian	n.	main line
领土	ling:tu	n.	territory
同盟	tong:meng	n.	alliance
同盟	tong:meng	v.	ally
真气	zhen:qi	n.	qi (vital energy)
戴上	dai:shang	v.	put on
遮	zhe	v.	cover
男方	nan:fang	n.	groom's side
鄙视	bi:shi	v.	despise
宗旨	zong:zhi	n.	aim, purpose
共创	gong:chuang	v.	co-create
隐形	yin:xing	adj.	invisible, hidden
社会事业	she:hui:shi:ye	n.	social cause
韦小宝	wei:xiao:bao	n.	Wei Xiaobao
开源	kai:yuan	v.	open source
假装	jia:zhuang	v.	pretend, feign
工作能力	gong:zuo:neng:li	n.	work ability
心意	xin:yi	n.	intention
政协委员	zheng:xie:wei:yuan	n.	CPPCC member
不容	bu:rong	v.	not allow, permit
教委	jiao:wei	n.	education commission
身处	shen:chu	v.	be in, be located in
积极参加	ji:ji:can:jia	v.	actively participate
仅次于	jin:ci:yu	v.	be second only to
教育网	jiao:yu:wang	n.	education network
友情提示	you:qing:ti:shi	n.	friendly reminder
住址	zhu:zhi	n.	address
换句话说	huan:ju:hua:shuo	conj.	in other words
来个	lai:ge	v.	have a, get a
跳到	tiao:dao	v.	jump to
珠海市	zhu:hai:shi	n.	Zhuhai City
不听	bu:ting	v.	not listen
犯了	fan:le	v.	commit, violate
岗位上	gang:wei:shang	n.	at one's post, at work
你以为	ni:yi:wei	pron.	you think (wrongly)
摇摇头	yao:yao:tou	v.	shake one's head
一届	yi:jie	num.	one term, one session
八十	ba:shi	num.	80
花瓣	hua:ban	n.	petal
你先	ni:xian	pron.	you first
暑期	shu:qi	n.	summer vacation
新生入学	xin:sheng:ru:xue	n.	new student enrollment
生猪	sheng:zhu	n.	live pig
根据需要	gen:ju:xu:yao	adv.	according to need
基本理论	ji:ben:li:lun	n.	basic theory
家政	jia:zheng	n.	home economics
感恩	gan:en	v.	express gratitude
加工企业	jia:gong:qi:ye	n.	processing enterprise
英俊	ying:jun	adj.	handsome
惊奇	jing:qi	v.	surprise
内部管理	nei:bu:guan:li	n.	internal management
帕	pa	n.	handkerchief
本节	ben:jie	n.	this section
调理	tiao:li	v.	condition
调理	tiao:li	n.	regimen
党的领导	dang:de:ling:dao	n.	leadership of the Party
自觉性	zi:jue:xing	n.	self-consciousness
进城	jin:cheng	v.	enter the city
司令	si:ling	n.	commander
无条件	wu:tiao:jian	adj.	unconditional
又想	you:xiang	adv.	want to again
晚饭	wan:fan	n.	dinner
报案	bao:an	v.	report a case
反过来	fan:guo:lai	adv.	in reverse
加盟商	jia:meng:shang	n.	franchisee
武汉大学	wu:han:da:xue	n.	Wuhan University
流产	liu:chan	v.	miscarry
为难	wei:nan	v.	make things difficult
店内	dian:nei	n.	in store
满意度	man:yi:du	n.	satisfaction level
进一步发展	jin:yi:bu:fa:zhan	v.	develop further
发布会	fa:bu:hui	n.	press conference
稍稍	shao:shao	adv.	slightly
扣押	kou:ya	v.	seize
加快推进	jia:kuai:tui:jin	v.	accelerate progress
见识	jian:shi	n.	knowledge
见识	jian:shi	v.	experience
打入	da:ru	v.	penetrate
简述	jian:shu	v.	briefly describe
廉洁	lian:jie	adj.	incorruptible
曼联	man:lian	n.	Manchester United
见效	jian:xiao	v.	take effect
功耗	gong:hao	n.	power consumption
会谈	hui:tan	v.	hold talks
官司	guan:si	n.	lawsuit
道教	dao:jiao	n.	Taoism
放着	fang:zhe	v.	be placed
极佳	ji:jia	adj.	excellent
废话	fei:hua	n.	nonsense
工种	gong:zhong	n.	type of work
急速	ji:su	adj.	rapid, fast
升温	sheng:wen	v.	rise in temperature
具体办法	ju:ti:ban:fa	n.	concrete measures
小鸟	xiao:niao	n.	little bird
独到	du:dao	adj.	original, unique
蘑菇	mo:gu	n.	mushroom
微量元素	wei:liang:yuan:su	n.	trace element
后门	hou:men	n.	back door
很差	hen:cha	adj.	very poor
博士生	bo:shi:sheng	n.	doctoral student
客气	ke:qi	adj.	polite
咖	ka	n.	coffee (slang)
前身	qian:shen	n.	predecessor
管理咨询	guan:li:zi:xun	n.	management consulting
嫌	xian	v.	dislike, complain about
市政协	shi:zheng:xie	n.	municipal CPPCC
利用外资	li:yong:wai:zi	v.	utilize foreign capital
眉头	mei:tou	n.	eyebrows
担当	dan:dang	v.	undertake, take charge of
中式	zhong:shi	adj.	Chinese style
纯洁	chun:jie	adj.	pure, chaste
两旁	liang:pang	n.	both sides
平坦	ping:tan	adj.	flat
轻柔	qing:rou	adj.	soft
欢迎你	huan:ying:ni	v.	welcome you
他们自己	ta:men:zi:ji	pron.	themselves
之法	zhi:fa	n.	method
大使	da:shi	n.	ambassador
优异的	you:yi:de	adj.	excellent
争吵	zheng:chao	v.	quarrel
争吵	zheng:chao	n.	quarrel
木质	mu:zhi	n.	wooden
航道	hang:dao	n.	shipping lane
心地	xin:di	n.	nature
餐具	can:ju	n.	tableware
公司网址	gong:si:wang:zhi	n.	company website
商业用途	shang:ye:yong:tu	n.	commercial use
出价	chu:jia	v.	bid
出众	chu:zhong	adj.	outstanding
非会员	fei:hui:yuan	n.	non-member
死于	si:yu	v.	die from
再做	zai:zuo	v.	do again
第二部分	di:er:bu:fen	n.	part two
年平均	nian:ping:jun	adj.	annual average
农田	nong:tian	n.	farmland
胳	ge	mw.	arm (classifier)
物业管理企业	wu:ye:guan:li:qi:ye	n.	property management enterprise
曾是	ceng:shi	v.	once was
及早	ji:zao	adv.	early, in time
投入使用	tou:ru:shi:yong	v.	put into use
挖	wa	v.	dig, scoop
啪	pa	onom.	clap, snap
矿	kuang	n.	mine, mineral
物业公司	wu:ye:gong:si	n.	property management company
别名	bie:ming	n.	alias, nickname
推车	tui:che	n.	cart, trolley
推车	tui:che	v.	push a cart
好奇心	hao:qi:xin	n.	curiosity
技术要求	ji:shu:yao:qiu	n.	technical requirements
铅笔	qian:bi	n.	pencil
万年	wan:nian	num.	10,000 years
蒸发	zheng:fa	v.	evaporate
蒸发	zheng:fa	n.	evaporation
身穿	shen:chuan	v.	wear, be dressed in
喝道	he:dao	v.	shout, yell
金银	jin:yin	n.	gold and silver
抑郁	yi:yu	adj.	depressed
抑郁	yi:yu	v.	be depressed
助于	zhu:yu	v.	contribute to, help
环境卫生	huan:jing:wei:sheng	n.	environmental hygiene
水位	shui:wei	n.	water level
一口价	yi:kou:jia	n.	fixed price
古今	gu:jin	adj.	ancient and modern
信息交流	xin:xi:jiao:liu	n.	information exchange
过往	guo:wang	n.	past events
篇幅	pian:fu	n.	length of text
文物保护单位	wen:wu:bao:hu:dan:wei	n.	cultural relic protection unit
学校教育	xue:xiao:jiao:yu	n.	school education
文件系统	wen:jian:xi:tong	n.	file system
产销	chan:xiao	n.	production and sales
擦拭	ca:shi	v.	wipe
审批机关	shen:pi:ji:guan	n.	approval authority
报名时间	bao:ming:shi:jian	n.	registration time
工程机械	gong:cheng:ji:xie	n.	construction machinery
凄	qi	adj.	desolate
会议精神	hui:yi:jing:shen	n.	spirit of the meeting
至关重要	zhi:guan:zhong:yao	adj.	crucial
花开	hua:kai	v.	flowers bloom
中国二手车城	zhong:guo:er:shou:che:cheng	n.	China Used Car City
建立时间	jian:li:shi:jian	n.	establishment time
魅力值	mei:li:zhi	n.	charm value
跳出	tiao:chu	v.	jump out
常人	chang:ren	n.	ordinary person
风气	feng:qi	n.	atmosphere, trend
点选	dian:xuan	v.	click and select
云集	yun:ji	v.	gather in crowds
高中生	gao:zhong:sheng	n.	high school student
高水平	gao:shui:ping	adj.	high level
弱势	ruo:shi	n.	weak position
经济适用住房	jing:ji:shi:yong:zhu:fang	n.	affordable housing
晋江	jin:jiang	n.	Jinjiang
女郎	nv:lang	n.	lady, young woman
蒙迪欧	meng:di:ou	n.	Mondeo
每条	mei:tiao	num.	every (classifier)
承担赔偿责任	cheng:dan:pei:chang:ze:ren	v.	bear liability for compensation
默认的	mo:ren:de	adj.	default
幽灵	you:ling	n.	ghost, phantom
报错	bao:cuo	v.	report an error
少先队	shao:xian:dui	n.	Young Pioneers
用房	yong:fang	n.	room for use
察觉	cha:jue	v.	perceive, sense
裙子	qun:zi	n.	skirt
第一阶段	di:yi:jie:duan	n.	first stage
柳州	liu:zhou	n.	Liuzhou
经济组织	jing:ji:zu:zhi	n.	economic organization
不难	bu:nan	adj.	not difficult
规划设计	gui:hua:she:ji	v.	plan and design
零售业	ling:shou:ye	n.	retail industry
木地板	mu:di:ban	n.	wood flooring
成人教育	cheng:ren:jiao:yu	n.	adult education
很漂亮	hen:piao:liang	adj.	very beautiful
穿的	chuan:de	n.	clothes
夹紧	jia:jin	v.	clamp tight
鉴赏	jian:shang	v.	appreciate
靠在	kao:zai	v.	lean against
脑子里	nao:zi:li	n.	in the mind
强制执行	qiang:zhi:zhi:xing	v.	enforce
中国传统	zhong:guo:chuan:tong	n.	Chinese tradition
奋斗目标	fen:dou:mu:biao	n.	struggle goal
出击	chu:ji	v.	attack
专注于	zhuan:zhu:yu	v.	focus on
名气	ming:qi	n.	fame
控股公司	kong:gu:gong:si	n.	holding company
计数	ji:shu	v.	count
在路上	zai:lu:shang	adj.	on the road
老者	lao:zhe	n.	elder
侧重	ce:zhong	v.	emphasize
存在问题	cun:zai:wen:ti	n.	existing problems
独创	du:chuang	v.	originate
分立	fen:li	v.	separate, split
第一部分	di:yi:bu:fen	n.	first part
发展阶段	fa:zhan:jie:duan	n.	development stage
销售热线	xiao:shou:re:xian	n.	sales hotline
移动的	yi:dong:de	adj.	mobile, moving
医务人员	yi:wu:ren:yuan	n.	medical staff
推广应用	tui:guang:ying:yong	v.	promote and apply
侦察	zhen:cha	v.	reconnoiter, scout
侦察	zhen:cha	n.	reconnaissance, scouting
柏林	bo:lin	n.	Berlin
正值	zheng:zhi	v.	be at, coincide with
坚定不移	jian:ding:bu:yi	adj.	unswerving, firm
乔治	qiao:zhi	n.	George
课堂上	ke:tang:shang	n.	in class
条形码	tiao:xing:ma	n.	barcode
毅力	yi:li	n.	perseverance, willpower
执行力	zhi:xing:li	n.	execution capability
广泛开展	guang:fan:kai:zhan	v.	carry out extensively
研究机构	yan:jiu:ji:gou	n.	research institution
物权	wu:quan	n.	property rights
第一年	di:yi:nian	n.	first year
几集	ji:ji	mw.	a few episodes
科技人员	ke:ji:ren:yuan	n.	technical staff
爪	zhao	n.	claw
爪	zhua	v.	scratch
地势	di:shi	n.	terrain
检验检疫	jian:yan:jian:yi	n.	inspection and quarantine
线性	xian:xing	adj.	linear
皇冠	huang:guan	n.	crown
废弃	fei:qi	v.	abandon
废弃	fei:qi	adj.	discarded
实际问题	shi:ji:wen:ti	n.	practical problem
眠	mian	v.	sleep
教唆	jiao:suo	v.	instigate
卫生院	wei:sheng:yuan	n.	health center
一把手	yi:ba:shou	n.	top leader
挽救	wan:jiu	v.	save
星期三	xing:qi:san	n.	Wednesday
食品生产	shi:pin:sheng:chan	n.	food production
穆	mu	n.	Mu
不通	bu:tong	adj.	not working
专业技术职务	zhuan:ye:ji:shu:zhi:wu	n.	professional technical position
大洋	da:yang	n.	ocean
听完	ting:wan	v.	finish listening
同仁	tong:ren	n.	colleague
总书记	zong:shu:ji	n.	general secretary
死在	si:zai	v.	die in
乖乖	guai:guai	adj.	obedient
乖乖	guai:guai	int.	goodness
自卑	zi:bei	adj.	inferiority, self-abased
啡	fei	n.	coffee (suffix)
第三天	di:san:tian	n.	third day
加急	jia:ji	v.	rush
妇人	fu:ren	n.	woman
客栈	ke:zhan	n.	inn
容纳	rong:na	v.	accommodate
中国互联网	zhong:guo:hu:lian:wang	n.	Chinese internet
党代会	dang:dai:hui	n.	party congress
花儿	hua:er	n.	flower
气球	qi:qiu	n.	balloon
党建工作	dang:jian:gong:zuo	n.	party building work
生命周期	sheng:ming:zhou:qi	n.	life cycle
睾丸	gao:wan	n.	testicle
企业制度	qi:ye:zhi:du	n.	corporate system
真实姓名	zhen:shi:xing:ming	n.	real name
火车票	huo:che:piao	n.	train ticket
内幕	nei:mu	n.	inside story
市面上	shi:mian:shang	n.	on the market
班车	ban:che	n.	shuttle bus
效果图	xiao:guo:tu	n.	rendering
出面	chu:mian	v.	step forward
日产	ri:chan	n.	nissan
招待	zhao:dai	v.	entertain
招待	zhao:dai	n.	hospitality
布料	bu:liao	n.	fabric
危险性	wei:xian:xing	n.	danger
译者	yi:zhe	n.	translator
没用	mei:yong	adj.	useless
预设	yu:she	v.	preset
预设	yu:she	n.	preset
吾	wu	pron.	i
多头	duo:tou	adj.	multi-headed
投降	tou:xiang	v.	surrender
中签	zhong:qian	v.	win a lottery
存入	cun:ru	v.	deposit
新东方	xin:dong:fang	n.	New Oriental
批准文号	pi:zhun:wen:hao	n.	approval number
乳液	ru:ye	n.	lotion
相关新闻	xiang:guan:xin:wen	n.	related news
停下来	ting:xia:lai	v.	stop
西侧	xi:ce	n.	west side
造就了	zao:jiu:le	v.	create
齐全的	qi:quan:de	adj.	complete
宛如	wan:ru	v.	as if
看去	kan:qu	v.	look like
大容量	da:rong:liang	n.	large capacity
待定	dai:ding	adj.	to be determined
申领	shen:ling	v.	apply for
五百	wu:bai	num.	500
就能够	jiu:neng:gou	v.	be able to
坛	tan	n.	jar
全会	quan:hui	n.	plenary session
都认为	dou:ren:wei	v.	all believe
脾	pi	n.	spleen
螺旋	luo:xuan	n.	spiral
钞票	chao:piao	n.	banknote
籍贯	ji:guan	n.	native place
泉水	quan:shui	n.	spring water
听到了	ting:dao:le	v.	heard
知名企业	zhi:ming:qi:ye	n.	well-known enterprise
配上	pei:shang	v.	match with
勇士	yong:shi	n.	warrior
专辑列表	zhuan:ji:lie:biao	n.	album list
多条	duo:tiao	mw.	many (long objects)
可享受	ke:xiang:shou	v.	can enjoy
文员	wen:yuan	n.	clerk
中兴	zhong:xing	n.	revival
待在	dai:zai	v.	stay in
恒	heng	adj.	constant
坏人	huai:ren	n.	bad person
沧桑	cang:sang	n.	vicissitudes
盗贼	dao:zei	n.	thief
民居	min:ju	n.	folk house
在校生	zai:xiao:sheng	n.	student
冲刺	chong:ci	v.	sprint
所涉及	suo:she:ji	v.	involve
屠	tu	v.	slaughter
岛上	dao:shang	n.	on island
行星	xing:xing	n.	planet
素描	su:miao	n.	sketch
皇宫	huang:gong	n.	imperial palace
一家人	yi:jia:ren	n.	family
蓉	rong	n.	lotus
支持你	zhi:chi:ni	v.	support you
第二代	di:er:dai	n.	second generation
包头	bao:tou	n.	Baotou
各乡镇	ge:xiang:zhen	n.	various towns
中层	zhong:ceng	n.	middle layer
长相	zhang:xiang	n.	appearance
不到位	bu:dao:wei	adj.	inadequate
代理服务器	dai:li:fu:wu:qi	n.	proxy server
城中	cheng:zhong	n.	in the city
三个人	san:ge:ren	n.	three people
树上	shu:shang	n.	on the tree
共性	gong:xing	n.	commonality
础	chu	n.	foundation
曰	yue	v.	say
见附件	jian:fu:jian	v.	see attachment
耸	song	v.	shrug
不接受	bu:jie:shou	v.	not accept
计划经济	ji:hua:jing:ji	n.	planned economy
裂缝	lie:feng	n.	crack
理所当然	li:suo:dang:ran	adj.	natural
膊	bo	n.	arm
面容	mian:rong	n.	facial expression
售出	shou:chu	v.	sell out
主宰	zhu:zai	v.	rule
主宰	zhu:zai	n.	ruler
降临	jiang:lin	v.	descend
市场前景	shi:chang:qian:jing	n.	market prospect
网站地图	wang:zhan:di:tu	n.	sitemap
拇指	mu:zhi	n.	thumb
精简	jing:jian	v.	streamline
不可或缺	bu:ke:huo:que	adj.	indispensable
十佳	shi:jia	adj.	top ten
通路	tong:lu	n.	passage
通路	tong:lu	n.	way/channel
近百	jin:bai	num.	nearly 100
建设局	jian:she:ju	n.	construction bureau
政绩	zheng:ji	n.	political achievement
周密	zhou:mi	adj.	thorough
民政部门	min:zheng:bu:men	n.	civil affairs department
瓶子	ping:zi	n.	bottle
无图	wu:tu	adj.	without picture
一卡通	yi:ka:tong	n.	smart card
经历过	jing:li:guo	v.	have experienced
开除	kai:chu	v.	dismiss/expel
大大提高	da:da:ti:gao	v.	greatly improve
逆	ni	adj.	reverse/opposite
粪便	fen:bian	n.	feces
共鸣	gong:ming	n.	resonance
共鸣	gong:ming	v.	resonate
净土	jing:tu	n.	pure land
可想而知	ke:xiang:er:zhi	v.	can be imagined
每吨	mei:dun	num.	per ton
压缩机	ya:suo:ji	n.	compressor
神话	shen:hua	n.	myth
神话	shen:hua	v.	mythologize
积蓄	ji:xu	v.	save up
积蓄	ji:xu	n.	savings
山林	shan:lin	n.	mountain forest
坚定的	jian:ding:de	adj.	firm
文化程度	wen:hua:cheng:du	n.	educational level
幼稚	you:zhi	adj.	childish
寂寞的	ji:mo:de	adj.	lonely
经由	jing:you	prep.	via
双双	shuang:shuang	num.	in pairs
优先级	you:xian:ji	n.	priority
市人民政府	shi:ren:min:zheng:fu	n.	municipal people's government
往上	wang:shang	adv.	upward
审视	shen:shi	v.	scrutinize
寿	shou	n.	longevity
变质	bian:zhi	v.	spoil
变质	bian:zhi	v.	change nature
毛衣	mao:yi	n.	sweater
驾驭	jia:yu	v.	control
赎回	shu:hui	v.	redeem
驱	qu	v.	drive away
小猫	xiao:mao	n.	kitten
越发	yue:fa	adv.	more and more
技术培训	ji:shu:pei:xun	n.	technical training
膝盖	xi:gai	n.	knee
孟子	meng:zi	n.	Mencius
照相机	zhao:xiang:ji	n.	camera
免收	mian:shou	v.	waive fee
土地管理	tu:di:guan:li	n.	land management
猴	hou	n.	monkey
爱尔兰	ai:er:lan	n.	Ireland
佣	yong	n.	commission
轻声	qing:sheng	n.	neutral tone
出口企业	chu:kou:qi:ye	n.	export enterprise
当地政府	dang:di:zheng:fu	n.	local government
镜片	jing:pian	n.	lens
品格	pin:ge	n.	character
新工艺	xin:gong:yi	n.	new process
区域经济	qu:yu:jing:ji	n.	regional economy
太原市	tai:yuan:shi	n.	Taiyuan City
毅	yi	adj.	resolute
青龙	qing:long	n.	Qinglong
嫌疑	xian:yi	n.	suspicion
嫌疑	xian:yi	v.	suspect
外观设计	wai:guan:she:ji	n.	industrial design
玉器	yu:qi	n.	jade ware
舅	jiu	n.	maternal uncle
经济型	jing:ji:xing	adj.	economy class
课题研究	ke:ti:yan:jiu	n.	research project
矩阵	ju:zhen	n.	matrix
茫茫	mang:mang	adj.	vast
商品信息	shang:pin:xin:xi	n.	product information
与众不同	yu:zhong:bu:tong	adj.	unique
暗中	an:zhong	adv.	secretly
公共汽车	gong:gong:qi:che	n.	bus
主办方	zhu:ban:fang	n.	organizer
映射	ying:she	v.	map
车票	che:piao	n.	ticket
贝壳	bei:ke	n.	shell
选民	xuan:min	n.	voter
牙膏	ya:gao	n.	toothpaste
监听	jian:ting	v.	eavesdrop
紧紧地	jin:jin:de	adv.	tightly
境地	jing:di	n.	situation
挪威	nuo:wei	n.	Norway
招生计划	zhao:sheng:ji:hua	n.	enrollment plan
开发人员	kai:fa:ren:yuan	n.	developer
铜	tong	n.	copper
通俗	tong:su	adj.	popular
较量	jiao:liang	v.	compete
结成	jie:cheng	v.	form
全员	quan:yuan	n.	all members
至尊	zhi:zun	adj.	supreme
该片	gai:pian	n.	the film
气流	qi:liu	n.	air current
各个环节	ge:ge:huan:jie	n.	each link
发短信	fa:duan:xin	v.	send text message
沟通能力	gou:tong:neng:li	n.	communication skill
美德	mei:de	n.	virtue
房屋建筑	fang:wu:jian:zhu	n.	building construction
第三代	di:san:dai	n.	third generation
韭菜	jiu:cai	n.	leek
水土保持	shui:tu:bao:chi	v.	soil and water conservation
林地	lin:di	n.	forest land
太小	tai:xiao	adj.	too small
娟	juan	n.	juan (name)
双面	shuang:mian	adj.	double-sided
搬运	ban:yun	v.	transport
中青年	zhong:qing:nian	n.	young and middle-aged people
不一致	bu:yi:zhi	adj.	inconsistent
不一致	bu:yi:zhi	v.	disagree
眯	mi	v.	squint
保暖	bao:nuan	v.	keep warm
红外线	hong:wai:xian	n.	infrared
下页	xia:ye	n.	next page
短片	duan:pian	n.	short film
诗仙	shi:xian	n.	poet immortal
绘图	hui:tu	v.	draw
动用	dong:yong	v.	use
多彩	duo:cai	adj.	colorful
损益	sun:yi	n.	profit and loss
赞誉	zan:yu	n.	praise
赞誉	zan:yu	v.	praise
政法	zheng:fa	n.	politics and law
服务部	fu:wu:bu	n.	service department
资历	zi:li	n.	qualifications
少林	shao:lin	n.	Shaolin
抗拒	kang:ju	v.	resist
老师们	lao:shi:men	n.	teachers
鹦鹉	ying:wu	n.	parrot
探头	tan:tou	v.	peek, stick out
花样	hua:yang	n.	pattern, design
花样	hua:yang	n.	trick, gimmick
城建	cheng:jian	n.	urban construction
奶粉	nai:fen	n.	milk powder
水肿	shui:zhong	n.	edema
淫	yin	adj.	lewd
腰带	yao:dai	n.	belt
食盐	shi:yan	n.	salt
出货	chu:huo	v.	ship goods
默契	mo:qi	n.	tacit understanding
幕后	mu:hou	n.	behind the scenes
真伪	zhen:wei	n.	authenticity
大学英语	da:xue:ying:yu	n.	college english
小车	xiao:che	n.	small car
灵敏	ling:min	adj.	sensitive
灵敏	ling:min	adj.	nimble
重型	zhong:xing	adj.	heavy-duty
风机	feng:ji	n.	wind turbine
郭靖	guo:jing	n.	Guo Jing
万家	wan:jia	n.	ten thousand households
子系统	zi:xi:tong	n.	subsystem
服务水平	fu:wu:shui:ping	n.	service level
二中	er:zhong	n.	second middle school
重伤	zhong:shang	n.	serious injury
重伤	zhong:shang	v.	seriously injure
地下水	di:xia:shui	n.	groundwater
加息	jia:xi	v.	raise interest rates
一文	yi:wen	n.	one article
高品质的	gao:pin:zhi:de	adj.	high quality
委托代理人	wei:tuo:dai:li:ren	n.	proxy
摄取	she:qu	v.	intake
教学过程	jiao:xue:guo:cheng	n.	teaching process
吩	fen	v.	mutter
开心的	kai:xin:de	adj.	happy
主要问题	zhu:yao:wen:ti	n.	main problem
给学生	gei:xue:sheng	v.	give to students
本部门	ben:bu:men	n.	this department
盛世	sheng:shi	n.	prosperous age
回首	hui:shou	v.	look back
缺货	que:huo	v.	out of stock
星际	xing:ji	adj.	interstellar
巡逻	xun:luo	v.	patrol
祝你	zhu:ni	v.	wish you
葡萄牙	pu:tao:ya	n.	Portugal
溶剂	rong:ji	n.	solvent
划拨	hua:bo	v.	allocate
民营经济	min:ying:jing:ji	n.	private economy
七天	qi:tian	num.	7 days
每种	mei:zhong	pron.	every kind
匪	fei	n.	bandit
西装	xi:zhuang	n.	suit
见到了	jian:dao:le	v.	met
纯净水	chun:jing:shui	n.	purified water
共产	gong:chan	v.	communist
好用	hao:yong	adj.	handy
问卷	wen:juan	n.	questionnaire
绩效考核	ji:xiao:kao:he	n.	performance appraisal
江河	jiang:he	n.	river
启动了	qi:dong:le	v.	start, activate
始终保持	shi:zhong:bao:chi	v.	always maintain
用时	yong:shi	n.	time spent, duration
转了	zhuan:le	v.	turned
冶炼	ye:lian	v.	smelt
没想	mei:xiang	v.	did not think, did not expect
羽毛球	yu:mao:qiu	n.	badminton
实习生	shi:xi:sheng	n.	intern
誓言	shi:yan	n.	oath, vow
健全的	jian:quan:de	adj.	sound, healthy, robust
残酷的	can:ku:de	adj.	cruel, brutal
激战	ji:zhan	n.	fierce battle
选择性	xuan:ze:xing	n.	selectivity
对我来说	dui:wo:lai:shuo	prep.	for me, as far as I am concerned
初衷	chu:zhong	n.	original intention
独立性	du:li:xing	n.	independence
管理学院	guan:li:xue:yuan	n.	school of management
新阶段	xin:jie:duan	n.	new stage, new phase
腰部	yao:bu	n.	waist, lumbar region
家庭成员	jia:ting:cheng:yuan	n.	family member
禁区	jin:qu	n.	forbidden zone, restricted area
信道	xin:dao	n.	channel
心爱	xin:ai	adj.	beloved, dear
意外的	yi:wai:de	adj.	unexpected, accidental
混淆	hun:xiao	v.	confuse
片名	pian:ming	n.	movie title
第四十二条	di:si:shi:er:tiao	num.	article 42
牧	mu	v.	herd, pasture
湿的	shi:de	adj.	wet
役	yi	n.	role, service
护肤品	hu:fu:pin	n.	skincare product
应用系统	ying:yong:xi:tong	n.	application system
呼吸道	hu:xi:dao	n.	respiratory tract
主管机关	zhu:guan:ji:guan	n.	competent authority
诡	gui	adj.	deceitful, weird
供货商	gong:huo:shang	n.	supplier
适应性	shi:ying:xing	n.	adaptability
追赶	zhui:gan	v.	chase, catch up
男主角	nan:zhu:jue	n.	male protagonist
琢磨	zhuo:mo	v.	ponder, reflect
琢磨	zuo:mo	v.	ponder
沮丧	ju:sang	adj.	depressed, frustrated
最主要	zui:zhu:yao	adj.	most important
还请	hai:qing	adv.	please also
触摸屏	chu:mo:ping	n.	touchscreen
下降了	xia:jiang:le	v.	decreased
善良的	shan:liang:de	adj.	kind
阶段性	jie:duan:xing	adj.	phased
城管	cheng:guan	n.	urban management officer
端正	duan:zheng	adj.	upright
发电机	fa:dian:ji	n.	generator
无量	wu:liang	adj.	immeasurable
来得及	lai:de:ji	v.	have enough time
烟雾	yan:wu	n.	smoke
正确地	zheng:que:de	adv.	correctly
不慎	bu:shen	adv.	carelessly
私自	si:zi	adv.	privately
现代教育	xian:dai:jiao:yu	n.	modern education
以下几点	yi:xia:ji:dian	n.	the following points
多半	duo:ban	adv.	mostly
阵营	zhen:ying	n.	camp
他觉得	ta:jue:de	pron.	he feels
现行的	xian:xing:de	adj.	current
付出了	fu:chu:le	v.	pay, expend
虽是	sui:shi	conj.	although
皮带	pi:dai	n.	belt
号为	hao:wei	v.	be called as
基本条件	ji:ben:tiao:jian	n.	basic conditions
养老金	yang:lao:jin	n.	pension
书目	shu:mu	n.	catalog, bibliography
星期二	xing:qi:er	n.	Tuesday
惬意	qie:yi	adj.	pleasant, cozy
蓬勃发展	peng:bo:fa:zhan	v.	develop vigorously
送去	song:qu	v.	send away, deliver
普通人	pu:tong:ren	n.	ordinary person
纤	xian	adj.	slender, fine
没有想到	mei:you:xiang:dao	v.	not expect
庐山	lu:shan	n.	Mount Lu
心理的	xin:li:de	adj.	psychological
服药	fu:yao	v.	take medicine
赶上	gan:shang	v.	catch up with
式样	shi:yang	n.	style, model
配料	pei:liao	n.	ingredient
天气预报	tian:qi:yu:bao	n.	weather forecast
场馆	chang:guan	n.	venue
画出	hua:chu	v.	draw out
昏迷	hun:mi	v.	be in a coma
昏迷	hun:mi	n.	coma
销售部	xiao:shou:bu	n.	sales department
溢出	yi:chu	v.	overflow
航行	hang:xing	v.	sail
深层次	shen:ceng:ci	n.	deep level
抓起	zhua:qi	v.	grab
旅游景点	lv:you:jing:dian	n.	tourist attraction
胜利的	sheng:li:de	adj.	victorious
组织协调	zu:zhi:xie:tiao	v.	organize and coordinate
腐	fu	v.	rot
叉车	cha:che	n.	forklift
太极拳	tai:ji:quan	n.	Tai Chi
达成协议	da:cheng:xie:yi	v.	reach an agreement
哲学家	zhe:xue:jia	n.	philosopher
更需要	geng:xu:yao	v.	need more
先看	xian:kan	v.	look first
而行	er:xing	v.	act accordingly
最难	zui:nan	adj.	most difficult
现代社会	xian:dai:she:hui	n.	modern society
个人空间	ge:ren:kong:jian	n.	personal space
特许经营	te:xu:jing:ying	n.	franchising
资源优势	zi:yuan:you:shi	n.	resource advantage
姻	yin	n.	marriage (bond)
下单	xia:dan	v.	place an order
差异化	cha:yi:hua	v.	differentiate
晰	xi	adj.	clear
渊	yuan	n.	abyss
亭	ting	n.	pavilion
购进	gou:jin	v.	purchase
邀	yao	v.	invite
佩戴	pei:dai	v.	wear
高额	gao:e	n.	large amount
所有制	suo:you:zhi	n.	ownership system
哄	hong	v.	coax
刘先生	liu:xian:sheng	n.	Mr. Liu
功能性	gong:neng:xing	n.	functionality
装入	zhuang:ru	v.	load into
异味	yi:wei	n.	unpleasant smell
继而	ji:er	adv.	then
相互作用	xiang:hu:zuo:yong	n.	interaction
凶手	xiong:shou	n.	murderer
租车	zu:che	v.	rent a car
骚	sao	adj.	obscene
骚	sao	adj.	smelly
技术资料	ji:shu:zi:liao	n.	technical data
厚重	hou:zhong	adj.	heavy and thick
家门	jia:men	n.	family gate
宝安区	bao:an:qu	n.	Bao'an District
打斗	da:dou	v.	fight
理事长	li:shi:zhang	n.	chairman
墓	mu	n.	grave
倒下	dao:xia	v.	fall down
自古	zi:gu	adv.	since ancient times
宝典	bao:dian	n.	treasure manual
统称	tong:cheng	v.	refer to collectively as
柯	ke	n.	ke
快餐	kuai:can	n.	fast food
平滑	ping:hua	adj.	smooth
最著名	zui:zhu:ming	adj.	most famous
谦虚	qian:xu	adj.	modest
游离	you:li	v.	drift away
潮湿	chao:shi	adj.	humid
武警	wu:jing	n.	armed police
船长	chuan:zhang	n.	captain
轻度	qing:du	adj.	mild
轻度	qing:du	n.	mildness
狗肉	gou:rou	n.	dog meat
书法家	shu:fa:jia	n.	calligrapher
看电影	kan:dian:ying	v.	watch a movie
胃口	wei:kou	n.	appetite
技术员	ji:shu:yuan	n.	technician
开发公司	kai:fa:gong:si	n.	development company
不屑	bu:xie	v.	disdain
荆州	jing:zhou	n.	Jingzhou
市值	shi:zhi	n.	market value
拉住	la:zhu	v.	hold back
拖动	tuo:dong	v.	drag
押金	ya:jin	n.	deposit
中国工商银行	zhong:guo:gong:shang:yin:hang	n.	ICBC
这批	zhe:pi	pron.	this batch
请点击这里	qing:dian:ji:zhe:li	v.	please click here
任免	ren:mian	v.	appoint and remove
谢谢了	xie:xie:le	v.	thank you
方圆	fang:yuan	n.	radius/circumference
委实	wei:shi	adv.	really/indeed
控告	kong:gao	v.	accuse/charge
苗族	miao:zu	n.	Miao people
虚伪	xu:wei	adj.	hypocritical/false
液晶屏	ye:jing:ping	n.	LCD screen
增量	zeng:liang	n.	increment
增量	zeng:liang	v.	increase
相聚	xiang:ju	v.	gather together
攻势	gong:shi	n.	offensive
深表	shen:biao	v.	express deeply
筋	jin	n.	muscle
编著	bian:zhu	v.	compile and write
编著	bian:zhu	n.	compilation
答疑	da:yi	v.	answer questions
服务内容	fu:wu:nei:rong	n.	service content
桑拿	sang:na	n.	sauna
崔	cui	n.	Cui
单独的	dan:du:de	adj.	alone, separate
全国人大	quan:guo:ren:da	n.	National People's Congress
充满活力	chong:man:huo:li	adj.	full of vitality
出名	chu:ming	v.	become famous
废弃物	fei:qi:wu	n.	waste, refuse
迈进	mai:jin	v.	step forward, stride
科技局	ke:ji:ju	n.	science and technology bureau
山中	shan:zhong	n.	in the mountains
原是	yuan:shi	v.	was originally
路子	lu:zi	n.	way, method, channel
照射	zhao:she	v.	shine on, irradiate
情歌	qing:ge	n.	love song
红了	hong:le	v.	become popular, turn red
回放	hui:fang	v.	replay, playback
在任	zai:ren	adj.	in office, incumbent
好运	hao:yun	n.	good luck
入市	ru:shi	v.	enter the market
应予	ying:yu	v.	should give, should grant
服务电话	fu:wu:dian:hua	n.	service hotline
可口	ke:kou	adj.	tasty, delicious
正式的	zheng:shi:de	adj.	formal
双线	shuang:xian	n.	double line
四次	si:ci	num.	4 times
追捧	zhui:peng	v.	pursue/to follow a trend
这样的事	zhe:yang:de:shi	n.	such things
可进	ke:jin	v.	can enter
分发	fen:fa	v.	distribute
键值	jian:zhi	n.	key-value
浪子	lang:zi	n.	prodigal son
车速	che:su	n.	vehicle speed
不适应	bu:shi:ying	v.	be unacclimatized
包袱	bao:fu	n.	burden/baggage
接送	jie:song	v.	pick up and drop off
灿	can	adj.	bright/splendid
不在线	bu:zai:xian	adj.	offline
分期	fen:qi	v.	pay in installments
特别注意	te:bie:zhu:yi	v.	pay special attention
消费税	xiao:fei:shui	n.	consumption tax
又叫	you:jiao	v.	also called
只知道	zhi:zhi:dao	v.	only know
光照	guang:zhao	n.	light irradiation
荷花	he:hua	n.	lotus flower
焦距	jiao:ju	n.	focal length
高速发展	gao:su:fa:zhan	v.	develop rapidly
高速发展	gao:su:fa:zhan	n.	rapid development
三代	san:dai	num.	3rd generation
在现场	zai:xian:chang	prep.	at the scene
告诫	gao:jie	v.	warn, admonish
所言	suo:yan	n.	what is said
基本概念	ji:ben:gai:nian	n.	basic concept
换取	huan:qu	v.	exchange for, obtain
汕头市	shan:tou:shi	n.	Shantou
为契机	wei:qi:ji	prep.	as an opportunity
安全套	an:quan:tao	n.	condom
退役	tui:yi	v.	retire from service
折腾	zhe:teng	v.	toss about, make trouble
总金额	zong:jin:e	n.	total amount
社区服务	she:qu:fu:wu	n.	community service
志愿服务	zhi:yuan:fu:wu	n.	volunteer service
回升	hui:sheng	v.	rise, rebound
排查	pai:cha	v.	inspect, screen
此商品	ci:shang:pin	n.	this product
自用	zi:yong	v.	use for oneself
高产	gao:chan	adj.	high-yielding
在建	zai:jian	adj.	under construction
打断	da:duan	v.	interrupt
一个小时	yi:ge:xiao:shi	num.	1 hour
捷	jie	adj.	quick, fast
十五日	shi:wu:ri	num.	15th day
可采用	ke:cai:yong	v.	can adopt
发呆	fa:dai	v.	daze
拘留	ju:liu	v.	detain
拘留	ju:liu	n.	detention
昆仑	kun:lun	n.	Kunlun Mountains
好似	hao:si	v.	seem like
电讯	dian:xun	n.	telecommunications
史料	shi:liao	n.	historical materials
当真	dang:zhen	adv.	really
人像	ren:xiang	n.	portrait
网络管理	wang:luo:guan:li	n.	network management
大叔	da:shu	n.	uncle
遗憾的是	yi:han:de:shi	conj.	unfortunately
赠品	zeng:pin	n.	gift
股本	gu:ben	n.	share capital
年月	nian:yue	n.	years and months
午夜	wu:ye	n.	midnight
停产	ting:chan	v.	stop production
方便地	fang:bian:de	adv.	conveniently
偶然的	ou:ran:de	adj.	accidental
呆了	dai:le	v.	stunned
学术界	xue:shu:jie	n.	academia
代言	dai:yan	v.	endorse
墙体	qiang:ti	n.	wall, wall structure
淋	lin	v.	drench, pour, sprinkle
刻录机	ke:lu:ji	n.	recorder, burner
突破了	tu:po:le	v.	break through, surpass
摄氏度	she:shi:du	n.	degree Celsius
再创	zai:chuang	v.	create again, set new record
适中	shi:zhong	adj.	moderate, medium
侦查	zhen:cha	v.	investigate, reconnaissance
附表	fu:biao	n.	appendix, supplementary table
高涨	gao:zhang	v.	rise, surge
集聚	ji:ju	v.	gather, cluster, aggregate
睡了	shui:le	v.	slept
视窗	shi:chuang	n.	window (GUI)
双层	shuang:ceng	adj.	double-layer, two-story
卡车	ka:che	n.	truck, lorry
综合征	zong:he:zheng	n.	syndrome
用料	yong:liao	n.	ingredients, materials used
听取了	ting:qu:le	v.	listened to, heard
弗	fu	part.	not (literary)
本本	ben:ben	num.	every book
人才队伍	ren:cai:dui:wu	n.	talent pool
六级	liu:ji	num.	level six, grade six
涉足	she:zu	v.	step into, to tread
无语	wu:yu	adj.	speechless
围绕着	wei:rao:zhe	v.	surround
地主	di:zhu	n.	landlord
矿泉水	kuang:quan:shui	n.	mineral water
普通高中	pu:tong:gao:zhong	n.	regular high school
上诉	shang:su	v.	appeal
交通安全	jiao:tong:an:quan	n.	traffic safety
机子	ji:zi	n.	machine
冷水	leng:shui	n.	cold water
辑	ji	v.	edit
患病	huan:bing	v.	fall ill
英文名	ying:wen:ming	n.	English name
孕育	yun:yu	v.	nurture
诅咒	zu:zhou	v.	curse
书本	shu:ben	n.	books
技术含量	ji:shu:han:liang	n.	technical content
大部分的	da:bu:fen:de	adj.	most
美眉	mei:mei	n.	pretty girl
面色	mian:se	n.	complexion
向东	xiang:dong	prep.	eastward
翻身	fan:shen	v.	turn over
导购	dao:gou	v.	guide shopping
导购	dao:gou	n.	shopping guide
咨询师	zi:xun:shi	n.	consultant
忽略了	hu:lve:le	v.	ignore
多年前	duo:nian:qian	n.	many years ago
深知	shen:zhi	v.	know deeply
自然环境	zi:ran:huan:jing	n.	natural environment
新闻发布	xin:wen:fa:bu	n.	press release
随心所欲	sui:xin:suo:yu	v.	do as one pleases
实事	shi:shi	n.	fact
同城	tong:cheng	adj.	in the same city
建成后	jian:cheng:hou	n.	after completion
充分认识	chong:fen:ren:shi	v.	fully realize
构件	gou:jian	n.	component
外交部	wai:jiao:bu	n.	Ministry of Foreign Affairs
总能	zong:neng	adv.	always able to
恐慌	kong:huang	n.	panic
恐慌	kong:huang	v.	panic
数码产品	shu:ma:chan:pin	n.	digital products
庄子	zhuang:zi	n.	Zhuangzi
尖叫	jian:jiao	v.	scream
必需的	bi:xu:de	adj.	essential
新情况	xin:qing:kuang	n.	new situation
来不及	lai:bu:ji	v.	not have enough time
成语	cheng:yu	n.	idiom
钢结构	gang:jie:gou	n.	steel structure
香格里拉	xiang:ge:li:la	n.	Shangri-La
检举	jian:ju	v.	report
棍	gun	n.	stick
四位	si:wei	num.	4 people
一时的	yi:shi:de	adj.	temporary
部委	bu:wei	n.	ministry and commission
电镀	dian:du	v.	electroplate
日夜	ri:ye	n.	day and night
日夜	ri:ye	adv.	day and night
一地	yi:di	n.	one place
纸上	zhi:shang	n.	on paper
经办机构	jing:ban:ji:gou	n.	handling agency
答应了	da:ying:le	v.	agreed
反响	fan:xiang	n.	response
走入	zou:ru	v.	enter
烟花	yan:hua	n.	fireworks
极高	ji:gao	adj.	extremely high
开局	kai:ju	n.	opening
表达式	biao:da:shi	n.	expression
修剪	xiu:jian	v.	trim
英格兰	ying:ge:lan	n.	england
绳	sheng	n.	rope
入股	ru:gu	v.	invest in shares
双色球	shuang:se:qiu	n.	color ball
严厉	yan:li	adj.	strict
税额	shui:e	n.	tax amount
优劣	you:lie	n.	pros and cons
作法	zuo:fa	n.	method
骆驼	luo:tuo	n.	camel
灭火	mie:huo	v.	extinguish fire
别致	bie:zhi	adj.	unique
餐桌	can:zhuo	n.	dining table
二百	er:bai	num.	200
频	pin	adv.	frequently
佛像	fo:xiang	n.	Buddha statue
干活	gan:huo	v.	work
受教育	shou:jiao:yu	v.	receive education
四楼	si:lou	n.	fourth floor
总决赛	zong:jue:sai	n.	final
酒类	jiu:lei	n.	alcohol
钢板	gang:ban	n.	steel plate
巡视	xun:shi	v.	inspect
高空	gao:kong	n.	high altitude
污水处理	wu:shui:chu:li	n.	sewage treatment
安全隐患	an:quan:yin:huan	n.	safety hazard
淡化	dan:hua	v.	dilute
望去	wang:qu	v.	look towards
入睡	ru:shui	v.	fall asleep
廊	lang	n.	corridor
宝钢	bao:gang	n.	Baosteel
长效	chang:xiao	adj.	long-acting
该死	gai:si	adj.	damned
九年	jiu:nian	num.	9 years
两方面	liang:fang:mian	n.	two aspects
恋情	lian:qing	n.	romance
负责任	fu:ze:ren	v.	take responsibility
也罢	ye:ba	part.	be that as it may
纹理	wen:li	n.	texture
美洲	mei:zhou	n.	America
步兵	bu:bing	n.	infantry
覆盖面	fu:gai:mian	n.	coverage
伤亡	shang:wang	n.	casualties
六个月	liu:ge:yue	num.	6 months
篮板	lan:ban	n.	rebound
表现形式	biao:xian:xing:shi	n.	form of expression
迟到	chi:dao	v.	be late
公司网站	gong:si:wang:zhan	n.	company website
稳固	wen:gu	adj.	stable
稳固	wen:gu	v.	consolidate
名牌产品	ming:pai:chan:pin	n.	brand-name product
畏	wei	v.	fear
洗脸	xi:lian	v.	wash face
先进个人	xian:jin:ge:ren	n.	advanced individual
有情	you:qing	adj.	affectionate
歇	xie	v.	rest
大股东	da:gu:dong	n.	major shareholder
第二阶段	di:er:jie:duan	n.	second stage
示范区	shi:fan:qu	n.	demonstration zone
裹	guo	v.	wrap
苗	miao	n.	seedling
苗	miao	n.	vaccine
海龙	hai:long	n.	sea dragon
选区	xuan:qu	n.	constituency
病症	bing:zheng	n.	symptom
车位	che:wei	n.	parking space
早年	zao:nian	n.	early years
繁体中文	fan:ti:zhong:wen	n.	traditional Chinese
买来	mai:lai	v.	buy
抽取	chou:qu	v.	extract
喝水	he:shui	v.	drink water
第三步	di:san:bu	n.	third step
山脉	shan:mai	n.	mountain range
绳子	sheng:zi	n.	rope
墨水	mo:shui	n.	ink
圣地	sheng:di	n.	holy land
要做好	yao:zuo:hao	v.	must do well
较短	jiao:duan	adj.	relatively short
网络信息	wang:luo:xin:xi	n.	online information
贮藏	zhu:cang	v.	store
射线	she:xian	n.	ray
百余	bai:yu	num.	over 100
乙肝	yi:gan	n.	hepatitis B
盼	pan	v.	hope for
小幅	xiao:fu	adj.	slight
打字	da:zi	v.	type
房东	fang:dong	n.	landlord
社会主义事业	she:hui:zhu:yi:shi:ye	n.	socialist cause
软件类型	ruan:jian:lei:xing	n.	software type
两层	liang:ceng	num.	two layers
两层	liang:ceng	n.	two stories
国际合作	guo:ji:he:zuo	n.	international cooperation
楼宇	lou:yu	n.	buildings
七大	qi:da	num.	seven major
四年级	si:nian:ji	n.	fourth grade
工作职责	gong:zuo:zhi:ze	n.	job responsibilities
喊道	han:dao	v.	shout
房里	fang:li	n.	in the room
共赢	gong:ying	v.	win-win
七彩	qi:cai	adj.	multicolored
党政机关	dang:zheng:ji:guan	n.	party and government organs
装扮	zhuang:ban	v.	dress up
装扮	zhuang:ban	n.	disguise
变速箱	bian:su:xiang	n.	gearbox
换来	huan:lai	v.	bring about
嵌入	qian:ru	v.	embed
小路	xiao:lu	n.	path
耍	shua	v.	play
煞	sha	adv.	extremely
生活环境	sheng:huo:huan:jing	n.	living environment
晓得	xiao:de	v.	know
延时	yan:shi	v.	delay
不由自主	bu:you:zi:zhu	adj.	involuntary
两周	liang:zhou	num.	2 weeks
容貌	rong:mao	n.	appearance
寝	qin	v.	sleep
开户银行	kai:hu:yin:hang	n.	account opening bank
实质上	shi:zhi:shang	adv.	substantially
盐酸	yan:suan	n.	hydrochloric acid
复印机	fu:yin:ji	n.	photocopier
交流会	jiao:liu:hui	n.	exchange meeting
麻将	ma:jiang	n.	mahjong
产品设计	chan:pin:she:ji	n.	product design
转头	zhuan:tou	v.	turn head
尘埃	chen:ai	n.	dust
迫切需要	po:qie:xu:yao	v.	urgently need
野兽	ye:shou	n.	beast
多处	duo:chu	n.	many places
第五节	di:wu:jie	n.	fifth section
银川	yin:chuan	n.	Yinchuan
缺省	que:sheng	v.	default
瞒	man	v.	conceal, hide
换届	huan:jie	v.	change of term
干部队伍	gan:bu:dui:wu	n.	cadre team, staff
芝麻	zhi:ma	n.	sesame
打招呼	da:zhao:hu	v.	greet, say hello
国度	guo:du	n.	country, nation
商务中心	shang:wu:zhong:xin	n.	business center
憧憬	chong:jing	v.	yearn for, long for
憧憬	chong:jing	n.	ideal, longing, vision
法制宣传	fa:zhi:xuan:chuan	n.	legal publicity, legal education
火山	huo:shan	n.	volcano
相貌	xiang:mao	n.	appearance, facial features
四项	si:xiang	num.	4 items, 4 tasks
电脑网络	dian:nao:wang:luo	n.	computer network
接地	jie:di	v.	ground, touch the ground
火力	huo:li	n.	firepower
减速	jian:su	v.	decelerate, slow down
每期	mei:qi	num.	every issue, every session
时事	shi:shi	n.	current affairs
网飞	wang:fei	n.	Netflix
约莫	yue:mo	adv.	approximately, about
东京	dong:jing	n.	Tokyo
寄存器	ji:cun:qi	n.	register (computing)
理顺	li:shun	v.	straighten out, sort out
个人网站	ge:ren:wang:zhan	n.	personal website
罪恶	zui:e	n.	sin
南宫	nan:gong	n.	Nangong
税务登记	shui:wu:deng:ji	n.	tax registration
羊毛	yang:mao	n.	wool
添	tian	v.	add
股指	gu:zhi	n.	stock index
汉子	han:zi	n.	man
中文网	zhong:wen:wang	n.	Chinese website
青海省	qing:hai:sheng	n.	Qinghai Province
有关政策	you:guan:zheng:ce	n.	relevant policies
农业技术	nong:ye:ji:shu	n.	agricultural technology
茫然	mang:ran	adj.	blank
酸性	suan:xing	n.	acidity
松开	song:kai	v.	loosen
长出	zhang:chu	v.	grow out
校外	xiao:wai	n.	off-campus
燕子	yan:zi	n.	swallow
报告会	bao:gao:hui	n.	report meeting
步行街	bu:xing:jie	n.	pedestrian street
人民银行	ren:min:yin:hang	n.	People's Bank
嫂	sao	n.	sister-in-law
独资	du:zi	v.	solely invest
独资	du:zi	n.	sole proprietorship
全部内容	quan:bu:nei:rong	n.	all content
宴会	yan:hui	n.	banquet
宴会	yan:hui	v.	hold a banquet
广告宣传	guang:gao:xuan:chuan	n.	advertising and publicity
申报材料	shen:bao:cai:liao	n.	declaration materials
主频	zhu:pin	n.	main frequency
中西	zhong:xi	n.	Chinese and Western
更长	geng:chang	adj.	longer
计数器	ji:shu:qi	n.	counter
胸怀	xiong:huai	n.	mind/heart/bosom
胸怀	xiong:huai	v.	embrace/harbor
正常运行	zheng:chang:yun:xing	v.	run normally
工程量	gong:cheng:liang	n.	workload/volume of work
外墙	wai:qiang	n.	outer wall
纠	jiu	v.	correct/rectify
金字塔	jin:zi:ta	n.	pyramid
慨	kai	v.	sigh/lament
每亩	mei:mu	num.	per mu
嚷	rang	v.	shout/yell
科幻	ke:huan	n.	science fiction
民族文化	min:zu:wen:hua	n.	national culture
瞩目	zhu:mu	v.	draw attention
高超	gao:chao	adj.	superb
货币政策	huo:bi:zheng:ce	n.	monetary policy
松弛	song:chi	adj.	relaxed
松弛	song:chi	v.	relax
城镇化	cheng:zhen:hua	n.	urbanization
办公自动化	ban:gong:zi:dong:hua	n.	office automation
天宇	tian:yu	n.	universe
驰	chi	v.	gallop
停电	ting:dian	n.	power outage
在线用户	zai:xian:yong:hu	n.	online user
居多	ju:duo	v.	be in the majority
水管	shui:guan	n.	water pipe
研究方向	yan:jiu:fang:xiang	n.	research direction
尼龙	ni:long	n.	nylon
各科	ge:ke	n.	each subject
蚊子	wen:zi	n.	mosquito
长处	chang:chu	n.	strength
精明	jing:ming	adj.	astute
生产管理	sheng:chan:guan:li	n.	production management
利害关系	li:hai:guan:xi	n.	stake
浓厚	nong:hou	adj.	strong
螺丝	luo:si	n.	screw
美誉	mei:yu	n.	reputation
证券营业部	zheng:quan:ying:ye:bu	n.	securities sales department
承担法律责任	cheng:dan:fa:lv:ze:ren	v.	bear legal responsibility
完成任务	wan:cheng:ren:wu	v.	complete a task
第四十四条	di:si:shi:si:tiao	num.	article 44
红的	hong:de	adj.	red
背景的	bei:jing:de	adj.	background-related
两个字	liang:ge:zi	n.	two characters
拐	guai	v.	turn
拐	guai	v.	kidnap
红利	hong:li	n.	dividend
取消了	qu:xiao:le	v.	cancelled
冰点	bing:dian	n.	freezing point
有声	you:sheng	adj.	sound/audible
博览	bo:lan	v.	browse extensively
解释权	jie:shi:quan	n.	right of interpretation
收盘	shou:pan	v.	close the market
宴	yan	n.	banquet
津	jin	n.	port/harbor
上月	shang:yue	n.	last month
对准	dui:zhun	v.	aim at
卡卡	ka:ka	onom.	stuttering/clunky
抗旱	kang:han	v.	drought-resistant
豆芽	dou:ya	n.	bean sprout
表态	biao:tai	v.	express attitude
起始	qi:shi	v.	start
起始	qi:shi	n.	beginning
古朴	gu:pu	adj.	simple and unadorned
岚	lan	n.	mist
留有	liu:you	v.	retain
冠心病	guan:xin:bing	n.	coronary heart disease
票数	piao:shu	n.	number of votes
关掉	guan:diao	v.	turn off
生怕	sheng:pa	adv.	fear that
经济利益	jing:ji:li:yi	n.	economic interest
邮费	you:fei	n.	postage
立志	li:zhi	v.	make an aspiration
官网	guan:wang	n.	official website
制度改革	zhi:du:gai:ge	n.	institutional reform
今夜	jin:ye	n.	tonight
法律文件	fa:lv:wen:jian	n.	legal document
可不是	ke:bu:shi	int.	indeed
妥协	tuo:xie	v.	compromise
浴	yu	v.	bathe, bathe in
违反了	wei:fan:le	v.	violate, break
伪装	wei:zhuang	v.	disguise, camouflage
伪装	wei:zhuang	n.	disguise, camouflage
往后	wang:hou	adv.	afterwards, later
往后	wang:hou	n.	future, from now on
了不起	liao:bu:qi	adj.	amazing, remarkable
耻	chi	n.	shame, disgrace
每晚	mei:wan	n.	every night
故宫	gu:gong	n.	Forbidden City
教育资源	jiao:yu:zi:yuan	n.	educational resources
红茶	hong:cha	n.	black tea
成龙	cheng:long	n.	Jackie Chan
电价	dian:jia	n.	electricity price
话筒	hua:tong	n.	microphone
团队合作	tuan:dui:he:zuo	n.	teamwork
兴隆	xing:long	adj.	prosperous, flourishing
兴隆	xing:long	v.	prosper, flourish
理赔	li:pei	v.	settle insurance claim
批准文件	pi:zhun:wen:jian	n.	approval document
要来	yao:lai	v.	come, be coming
偏好	pian:hao	n.	preference
偏好	pian:hao	v.	prefer
第四十三条	di:si:shi:san:tiao	num.	article 43
附加值	fu:jia:zhi	n.	added value
清洁生产	qing:jie:sheng:chan	n.	clean production
总人口	zong:ren:kou	n.	total population
挽	wan	v.	pull
挽	wan	v.	hold hands
瘫痪	tan:huan	v.	paralyze
剧院	ju:yuan	n.	theater
航运	hang:yun	n.	shipping
不予受理	bu:yu:shou:li	v.	not accept
国库	guo:ku	n.	national treasury
宽屏	kuan:ping	n.	widescreen
页	ye	mw.	page
舒缓	shu:huan	v.	relieve
采暖	cai:nuan	v.	heat a room
愚蠢	yu:chun	adj.	stupid
欠缺	qian:que	v.	lack
床位	chuang:wei	n.	bed space
服务对象	fu:wu:dui:xiang	n.	service target
誉	yu	n.	reputation
乐意	le:yi	v.	be willing
装上	zhuang:shang	v.	install
标准间	biao:zhun:jian	n.	standard room
新兴的	xin:xing:de	adj.	emerging
建设成为	jian:she:cheng:wei	v.	build into
无机	wu:ji	adj.	inorganic
行政区域	xing:zheng:qu:yu	n.	administrative region
相通	xiang:tong	v.	communicate
知晓	zhi:xiao	v.	know
低声	di:sheng	adj.	low voice
低声	di:sheng	v.	whisper
考试中心	kao:shi:zhong:xin	n.	examination center
阳朔	yang:shuo	n.	Yangshuo
演艺	yan:yi	n.	performing arts
握着	wo:zhe	v.	holding
专属	zhuan:shu	adj.	exclusive
群组	qun:zu	n.	group
上官	shang:guan	n.	superior
摊位	tan:wei	n.	stall
这一年	zhe:yi:nian	n.	this year
牲	sheng	n.	livestock
大堂	da:tang	n.	lobby
网络公司	wang:luo:gong:si	n.	internet company
佛陀	fo:tuo	n.	Buddha
确诊	que:zhen	v.	diagnose
乳	ru	n.	milk
裸体	luo:ti	adj.	naked
结束时间	jie:shu:shi:jian	n.	end time
打球	da:qiu	v.	play ball
网页制作	wang:ye:zhi:zuo	n.	web design
强国	qiang:guo	n.	powerful country
叙事	xu:shi	v.	narrate
有形	you:xing	adj.	tangible
葫芦	hu:lu	n.	gourd
仓	cang	n.	warehouse
手势	shou:shi	n.	gesture
征求意见	zheng:qiu:yi:jian	v.	seek opinions
月前	yue:qian	n.	months ago
积极配合	ji:ji:pei:he	v.	cooperate actively
曾说	ceng:shuo	v.	once said
迈克尔	mai:ke:er	n.	Michael
评选活动	ping:xuan:huo:dong	n.	selection activity
专访	zhuan:fang	n.	exclusive interview
粉色	fen:se	n.	pink
青鸟	qing:niao	n.	bluebird
不平	bu:ping	adj.	unfair
故居	gu:ju	n.	former residence
中小型	zhong:xiao:xing	adj.	small and medium-sized
阐述了	chan:shu:le	v.	expound, elaborate
洗衣	xi:yi	v.	wash clothes
称作	cheng:zuo	v.	call, refer to as
解剖	jie:pou	v.	dissect, anatomize
解剖	jie:pou	n.	anatomy, dissection
中国区	zhong:guo:qu	n.	China region
切断	qie:duan	v.	cut off, sever
最全	zui:quan	adj.	most complete
多余	duo:yu	adj.	superfluous, redundant
富民	fu:min	v.	enrich the people
第六届	di:liu:jie	num.	6th session/term
规格型号	gui:ge:xing:hao	n.	specifications and models
获胜	huo:sheng	v.	win, triumph
打扰	da:rao	v.	disturb, bother
这里面	zhe:li:mian	pron.	inside here, in this
第八	di:ba	num.	eighth
强盗	qiang:dao	n.	robber, bandit
颇具	po:ju	v.	possess a lot of
白菜	bai:cai	n.	Chinese cabbage
流感	liu:gan	n.	influenza
工作重点	gong:zuo:zhong:dian	n.	work focus
后视镜	hou:shi:jing	n.	rear-view mirror
链条	lian:tiao	n.	chain
汽车站	qi:che:zhan	n.	bus station
亲身	qin:shen	adv.	personally
总建筑	zong:jian:zhu	n.	total architecture
半点	ban:dian	mw.	a little bit
半点儿	ban:dian:er	mw.	a little bit
无产阶级	wu:chan:jie:ji	n.	proletariat
健美	jian:mei	adj.	fit and healthy
再按	zai:an	v.	press again
多做	duo:zuo	v.	do more
相比之下	xiang:bi:zhi:xia	conj.	by comparison
也做	ye:zuo	v.	also do
逝	shi	v.	pass away
报仇	bao:chou	v.	avenge
继电器	ji:dian:qi	n.	relay
没有找到	mei:you:zhao:dao	v.	did not find
并行	bing:xing	v.	parallel
于是就	yu:shi:jiu	conj.	so then
打动	da:dong	v.	touch
艺术节	yi:shu:jie	n.	arts festival
使馆	shi:guan	n.	embassy
这种人	zhe:zhong:ren	pron.	this kind of person
设计方案	she:ji:fang:an	n.	design scheme
在当前	zai:dang:qian	prep.	at present
真正做到	zhen:zheng:zuo:dao	v.	truly achieve
一体化的	yi:ti:hua:de	adj.	integrated
病虫害	bing:chong:hai	n.	pests and diseases
亨利	heng:li	n.	Henry
同意的	tong:yi:de	adj.	agreeing
每件	mei:jian	num.	every piece
爱车	ai:che	n.	beloved car
表白	biao:bai	v.	confess love
丰台区	feng:tai:qu	n.	Fengtai District
不负责任	bu:fu:ze:ren	adj.	irresponsible
科教	ke:jiao	n.	science and education
凸显	tu:xian	v.	highlight
宣传活动	xuan:chuan:huo:dong	n.	publicity campaign
找准	zhao:zhun	v.	locate accurately
人因	ren:yin	n.	human factors
一艘	yi:sou	mw.	one (ship)
战国	zhan:guo	n.	Warring States period
乳头	ru:tou	n.	nipple
外形尺寸	wai:xing:chi:cun	n.	external dimensions
喉	hou	n.	throat
发展观	fa:zhan:guan	n.	concept of development
逛	guang	v.	stroll
技术指标	ji:shu:zhi:biao	n.	technical indicator
上床	shang:chuang	v.	go to bed
半晌	ban:shang	n.	a while
食品卫生	shi:pin:wei:sheng	n.	food hygiene
音乐会	yin:yue:hui	n.	concert
局限性	ju:xian:xing	n.	limitation
合作方式	he:zuo:fang:shi	n.	mode of cooperation
一目了然	yi:mu:liao:ran	adj.	clear at a glance
老干部	lao:gan:bu	n.	veteran cadre
物流企业	wu:liu:qi:ye	n.	logistics enterprise
染料	ran:liao	n.	dye
散发出	san:fa:chu	v.	emit
悟性	wu:xing	n.	comprehension
跟在	gen:zai	v.	follow
调和	tiao:he	v.	harmonize
一寸	yi:cun	num.	1 inch
找寻	zhao:xun	v.	seek
过热	guo:re	v.	overheat
公车	gong:che	n.	public bus
变色	bian:se	v.	discolor
民主政治	min:zhu:zheng:zhi	n.	democratic politics
樱	ying	n.	cherry blossom
正直	zheng:zhi	adj.	upright
正直	zheng:zhi	n.	integrity
功课	gong:ke	n.	schoolwork
多变	duo:bian	adj.	changeable
公社	gong:she	n.	commune
开发项目	kai:fa:xiang:mu	n.	development project
比尔	bi:er	n.	Bill
建模	jian:mo	v.	model
五千	wu:qian	num.	5,000
性情	xing:qing	n.	temperament
兼	jian	v.	concurrently hold
突击	tu:ji	v.	assault
突击	tu:ji	n.	assault
自营	zi:ying	v.	self-operate
第十章	di:shi:zhang	n.	chapter ten
违者	wei:zhe	n.	violator
特快专递	te:kuai:zhuan:di	n.	express delivery
戈	ge	n.	halberd
哗	hua	onom.	splash
工业经济	gong:ye:jing:ji	n.	industrial economy
港湾	gang:wan	n.	harbor
帷幕	wei:mu	n.	curtain, screen
涯	ya	n.	shore
惯性	guan:xing	n.	inertia
韩语	han:yu	n.	Korean
白衣	bai:yi	n.	white clothes
说明理由	shuo:ming:li:you	v.	explain reason
落入	luo:ru	v.	fall into
牛市	niu:shi	n.	bull market
捧	peng	v.	hold in hands, clutch
什么事情	shen:me:shi:qing	pron.	what matter
大学毕业	da:xue:bi:ye	v.	graduate from university
五四	wu:si	n.	May Fourth Movement
便成	bian:cheng	v.	then become
管家	guan:jia	n.	butler, housekeeper
核心的	he:xin:de	adj.	core
精良	jing:liang	adj.	fine, excellent, high-quality
完备的	wan:bei:de	adj.	complete
些许	xie:xu	adj.	slight, a little
对口	dui:kou	adj.	suitable, matching
而应	er:ying	conj.	and should
东侧	dong:ce	n.	east side
接连	jie:lian	adv.	one after another
女职工	nv:zhi:gong	n.	female worker
学了	xue:le	v.	studied, learned
在线咨询	zai:xian:zi:xun	n.	online consultation
铭	ming	v.	inscribe
宽大	kuan:da	adj.	lenient
宽大	kuan:da	adj.	spacious
妩媚	wu:mei	adj.	charming, coquettish
内分泌	nei:fen:mi	n.	endocrine
设计理念	she:ji:li:nian	n.	design concept
七日	qi:ri	num.	7 days
可持续	ke:chi:xu	adj.	sustainable
不认识	bu:ren:shi	v.	not know (someone)
正中	zheng:zhong	n.	bull's-eye
号令	hao:ling	n.	command
号令	hao:ling	v.	command
削减	xue:jian	v.	reduce
魔兽世界	mo:shou:shi:jie	n.	World of Warcraft
流媒体	liu:mei:ti	n.	streaming media
本金	ben:jin	n.	principal
本项目	ben:xiang:mu	n.	this project
博弈	bo:yi	n.	game theory
博弈	bo:yi	v.	play a game
赚取	zhuan:qu	v.	earn
静静	jing:jing	adv.	quietly
现代企业	xian:dai:qi:ye	n.	modern enterprise
分娩	fen:mian	v.	give birth
成员变量	cheng:yuan:bian:liang	n.	member variable
超声	chao:sheng	n.	ultrasound
信访工作	xin:fang:gong:zuo	n.	petition work
赔偿责任	pei:chang:ze:ren	n.	liability
逐步建立	zhu:bu:jian:li	v.	establish step by step
障	zhang	n.	obstacle
课外	ke:wai	adj.	extracurricular
理解为	li:jie:wei	v.	understand as
半径	ban:jing	n.	radius
摊	tan	n.	stall
摊	tan	v.	spread out
差错	cha:cuo	n.	error
想出	xiang:chu	v.	come up with
跨	kua	v.	stride
更适合	geng:shi:he	v.	suit better
办公用品	ban:gong:yong:pin	n.	office supplies
园内	yuan:nei	n.	within the garden
中央政府	zhong:yang:zheng:fu	n.	central government
即成	ji:cheng	adj.	ready-made
开标	kai:biao	v.	bid opening
刷卡	shua:ka	v.	swipe card
望远镜	wang:yuan:jing	n.	telescope
妥	tuo	adj.	proper
民歌	min:ge	n.	folk song
延缓	yan:huan	v.	delay, slow down
较小的	jiao:xiao:de	adj.	smaller
海口市	hai:kou:shi	n.	Haikou City
红叶	hong:ye	n.	red leaves
投诉电话	tou:su:dian:hua	n.	complaint hotline
投资额	tou:zi:e	n.	investment amount
图片数	tu:pian:shu	n.	number of images
总体上	zong:ti:shang	adv.	overall, on the whole
送出	song:chu	v.	send out
单位地址	dan:wei:di:zhi	n.	unit address
花香	hua:xiang	n.	flower fragrance
治一治	zhi:yi:zhi	v.	treat, cure a bit
反倾销	fan:qing:xiao	n.	anti-dumping
白马	bai:ma	n.	white horse
粉红色	fen:hong:se	n.	pink
揉	rou	v.	rub, knead
被视为	bei:shi:wei	v.	be regarded as
喂食	wei:shi	v.	feed
函授	han:shou	v.	correspondence course
老的	lao:de	adj.	old
诸位	zhu:wei	pron.	everyone
便能	bian:neng	adv.	can then
该商品	gai:shang:pin	n.	the product
通关	tong:guan	v.	clear customs
出口退税	chu:kou:tui:shui	n.	export tax rebate
中文域名	zhong:wen:yu:ming	n.	Chinese domain name
查封	cha:feng	v.	seal up
比萨	bi:sa	n.	pizza
库区	ku:qu	n.	reservoir area
之和	zhi:he	n.	sum
技术进步	ji:shu:jin:bu	n.	technological progress
网上支付	wang:shang:zhi:fu	n.	online payment
学派	xue:pai	n.	school of thought
不长	bu:chang	adj.	not long
衣着	yi:zhuo	n.	clothing
社会实践	she:hui:shi:jian	n.	social practice
晋	jin	n.	Jin
会计学	kuai:ji:xue	n.	accounting
产业政策	chan:ye:zheng:ce	n.	industrial policy
中信	zhong:xin	n.	CITIC
基础理论	ji:chu:li:lun	n.	basic theory
枢纽	shu:niu	n.	hub
寞	mo	adj.	lonely
自如	zi:ru	adj.	at ease
牵挂	qian:gua	v.	miss, worry about
围棋	wei:qi	n.	Go (board game)
选派	xuan:pai	v.	select and dispatch
格子	ge:zi	n.	grid, lattice
罕见的	han:jian:de	adj.	rare, uncommon
热门主题	re:men:zhu:ti	n.	hot topic
博士生导师	bo:shi:sheng:dao:shi	n.	doctoral supervisor
马力	ma:li	n.	horsepower
产品结构	chan:pin:jie:gou	n.	product structure
漆	qi	n.	lacquer, paint
漆	qi	v.	paint, lacquer
营地	ying:di	n.	camp, campsite
迭代	die:dai	v.	iterate
取证	qu:zheng	v.	collect evidence
成名	cheng:ming	v.	become famous
肝炎	gan:yan	n.	hepatitis
深化改革	shen:hua:gai:ge	n.	deepening reform
人等	ren:deng	n.	people and so on
南宋	nan:song	n.	Southern Song dynasty
冲着	chong:zhe	prep.	towards, aiming at
恐怖的	kong:bu:de	adj.	terrifying, scary
呼和浩特	hu:he:hao:te	n.	Hohhot
相信自己	xiang:xin:zi:ji	v.	believe in oneself
研究了	yan:jiu:le	v.	researched
新来	xin:lai	adj.	newcomer
泄密	xie:mi	v.	leak secrets
借款人	jie:kuan:ren	n.	borrower
经济全球化	jing:ji:quan:qiu:hua	n.	economic globalization
船只	chuan:zhi	n.	vessels
摧毁	cui:hui	v.	destroy
计较	ji:jiao	v.	quarrel over
谋取	mou:qu	v.	seek
麻木	ma:mu	adj.	numb
紧缺	jin:que	adj.	in short supply
数次	shu:ci	num.	several times
贴心	tie:xin	adj.	considerate
有的时候	you:de:shi:hou	adv.	sometimes
玉石	yu:shi	n.	jade and stone
展台	zhan:tai	n.	exhibition stand
主要工作	zhu:yao:gong:zuo	n.	main work
熄火	xi:huo	v.	turn off the engine
追加	zhui:jia	v.	add
二号	er:hao	num.	number two
高精度	gao:jing:du	n.	high precision
将获	jiang:huo	v.	will obtain
麒麟	qi:lin	n.	qilin
靠着	kao:zhe	v.	lean against
靠着	kao:zhe	v.	rely on
桑塔纳	sang:ta:na	n.	Santana
所想	suo:xiang	n.	thought
可做	ke:zuo	v.	can do
轩辕	xuan:yuan	n.	Xuanyuan
测试仪	ce:shi:yi	n.	tester
获得者	huo:de:zhe	n.	winner
死人	si:ren	n.	dead person
污	wu	adj.	dirty
恶性	e:xing	adj.	malignant
礼拜	li:bai	n.	worship
礼拜	li:bai	n.	week
跟前	gen:qian	n.	in front of
艰难的	jian:nan:de	adj.	difficult
好几个	hao:ji:ge	num.	several
伸展	shen:zhan	v.	stretch
抚摸	fu:mo	v.	caress
度假村	du:jia:cun	n.	resort
才好	cai:hao	adv.	only then
筹划	chou:hua	v.	plan
立时	li:shi	adv.	immediately
技术规范	ji:shu:gui:fan	n.	technical specification
明显提高	ming:xian:ti:gao	v.	improve significantly
精心组织	jing:xin:zu:zhi	v.	organize carefully
已开始	yi:kai:shi	v.	already started
去想	qu:xiang	v.	go and think
阻塞	zu:se	v.	block
老实	lao:shi	adj.	honest
轰动	hong:dong	v.	cause a sensation
商标局	shang:biao:ju	n.	trademark office
坚守	jian:shou	v.	defend firmly
文章搜索	wen:zhang:sou:suo	n.	article search
且有	qie:you	conj.	and also have
申报表	shen:bao:biao	n.	declaration form
多米	duo:mi	n.	domino
高昂	gao:ang	adj.	high, lofty
滥用职权	lan:yong:zhi:quan	v.	abuse of power
联系方法	lian:xi:fang:fa	n.	contact method
征文	zheng:wen	n.	solicitation for essays
教育管理	jiao:yu:guan:li	n.	educational management
外币	wai:bi	n.	foreign currency
就好像	jiu:hao:xiang	adv.	just like
年增长	nian:zeng:zhang	n.	annual growth
程序运行	cheng:xu:yun:xing	n.	program execution
其他地区	qi:ta:di:qu	n.	other regions
嘲	chao	v.	mock
未取	wei:qu	v.	not taken
微观	wei:guan	adj.	microscopic
进展情况	jin:zhan:qing:kuang	n.	progress
引出	yin:chu	v.	lead out
发展水平	fa:zhan:shui:ping	n.	development level
诉说	su:shuo	v.	tell
枚	mei	mw.	piece
天王	tian:wang	n.	king of gods
十分重视	shi:fen:zhong:shi	v.	attach great importance to
饼干	bing:gan	n.	biscuit
顺手	shun:shou	adj.	handy
顺手	shun:shou	v.	do something conveniently
新老	xin:lao	adj.	new and old
人情	ren:qing	n.	human feelings
送的	song:de	adj.	free
法律效力	fa:lv:xiao:li	n.	legal effect
果树	guo:shu	n.	fruit tree
平房	ping:fang	n.	single-story house
未来发展	wei:lai:fa:zhan	n.	future development
基本建设	ji:ben:jian:she	n.	infrastructure
吊	diao	v.	hang, suspend
吊	diao	adj.	excellent, wonderful
乾	qian	n.	dryness
高兴的	gao:xing:de	adj.	happy, glad
稍后	shao:hou	adv.	later, in a moment
我啊	wo:a	pron.	me (with particle)
一步一步	yi:bu:yi:bu	adv.	step by step
一等	yi:deng	adj.	first-class
英文版	ying:wen:ban	n.	english version
中国农业银行	zhong:guo:nong:ye:yin:hang	n.	Agricultural Bank of China
缔约国	di:yue:guo	n.	contracting state
馨	xin	adj.	fragrant
装饰材料	zhuang:shi:cai:liao	n.	decorative material
要不然	yao:bu:ran	conj.	otherwise
基本功能	ji:ben:gong:neng	n.	basic function
双人	shuang:ren	adj.	for two people, double
去向	qu:xiang	n.	whereabouts, direction
身着	shen:zhuo	v.	be dressed in
执照	zhi:zhao	n.	license, permit
太后	tai:hou	n.	empress dowager
做好了	zuo:hao:le	v.	finished doing, ready
一下吧	yi:xia:ba	part.	(suggestion particle)
糖水	tang:shui	n.	sweet water
八十年代	ba:shi:nian:dai	n.	the 1980s
整个人	zheng:ge:ren	n.	the whole person
不就是	bu:jiu:shi	adv.	is it not
眼角	yan:jiao	n.	corner of the eye
应急预案	ying:ji:yu:an	n.	emergency plan
层出不穷	ceng:chu:bu:qiong	adj.	unendingly appearing
美术馆	mei:shu:guan	n.	art museum
显示为	xian:shi:wei	v.	display as
起誓	qi:shi	v.	swear an oath
网上银行	wang:shang:yin:hang	n.	online banking
樱桃	ying:tao	n.	cherry
伪	wei	adj.	fake
高强度	gao:qiang:du	adj.	high intensity
不忍	bu:ren	v.	cannot bear to
社会力量	she:hui:li:liang	n.	social forces
书院	shu:yuan	n.	academy
真想	zhen:xiang	v.	really want to
电子版	dian:zi:ban	n.	electronic version
校对	jiao:dui	v.	proofread
嗓	sang	n.	voice
结合实际	jie:he:shi:ji	v.	combine with reality
监护	jian:hu	v.	guard/supervise
有缘	you:yuan	adj.	fated
调制解调器	tiao:zhi:jie:tiao:qi	n.	modem
循序渐进	xun:xu:jian:jin	v.	proceed step by step
神态	shen:tai	n.	expression
呈	cheng	v.	present
传给	chuan:gei	v.	pass to
身价	shen:jia	n.	market value
小声	xiao:sheng	adj.	quiet
试剂	shi:ji	n.	reagent
玩法	wan:fa	n.	way to play
固化	gu:hua	v.	solidify
糟糕	zao:gao	adj.	terrible
北宋	bei:song	n.	Northern Song dynasty
矿区	kuang:qu	n.	mining area
成形	cheng:xing	v.	take shape
各式各样	ge:shi:ge:yang	adj.	various
夸大	kua:da	v.	exaggerate
尼康	ni:kang	n.	Nikon
医疗事故	yi:liao:shi:gu	n.	medical malpractice
充分肯定	chong:fen:ken:ding	v.	fully affirm
八一	ba:yi	n.	August 1st
远销	yuan:xiao	v.	sell to distant places
卿	qing	n.	minister
卿	qing	pron.	you
监理工程师	jian:li:gong:cheng:shi	n.	supervising engineer
有效控制	you:xiao:kong:zhi	v.	effectively control
大院	da:yuan	n.	courtyard
飞到	fei:dao	v.	fly to
职业学校	zhi:ye:xue:xiao	n.	vocational school
楠	nan	n.	nanmu wood
桂花	gui:hua	n.	osmanthus
各人	ge:ren	n.	each person
急事	ji:shi	n.	urgent matter
商品分类	shang:pin:fen:lei	n.	commodity classification
送礼	song:li	v.	give gifts
粉红	fen:hong	adj.	pink
服务端	fu:wu:duan	n.	server side
反省	fan:xing	v.	reflect on oneself
期待着	qi:dai:zhe	v.	expecting
星期天	xing:qi:tian	n.	Sunday
许可证号	xu:ke:zheng:hao	n.	license number
厚厚的	hou:hou:de	adj.	thick
荧光	ying:guang	n.	fluorescence
有关文件	you:guan:wen:jian	n.	related documents
乐乐	le:le	n.	lele
秋冬	qiu:dong	n.	autumn and winter
电子技术	dian:zi:ji:shu	n.	electronic technology
唤醒	huan:xing	v.	awaken
气功	qi:gong	n.	qigong
银杏	yin:xing	n.	ginkgo
表现了	biao:xian:le	v.	showed
用什么	yong:shen:me	pron.	use what
永远都	yong:yuan:dou	adv.	always
主动的	zhu:dong:de	adj.	proactive
案子	an:zi	n.	case
交通局	jiao:tong:ju	n.	transportation bureau
只剩	zhi:sheng	v.	only left
囧	jiong	adj.	embarrassed
打赏	da:shang	v.	reward
耳熟	er:shou	adj.	familiar
鸡儿	ji:er	n.	penis
棋士	qi:shi	n.	chess player
是哒	shi:da	int.	yes (cute)
鲜香	xian:xiang	adj.	fresh and fragrant
坏事	huai:shi	n.	bad thing, misfortune
电路板	dian:lu:ban	n.	circuit board
型材	xing:cai	n.	profiled material
矿井	kuang:jing	n.	mine, mine shaft
足额	zu:e	adj.	in full
跳动	tiao:dong	v.	throb, beat, jump
籍	ji	n.	record, register, nationality
电极	dian:ji	n.	electrode
匮乏	kui:fa	adj.	scarce, lack, dearth
加快了	jia:kuai:le	v.	speed up, accelerated
车祸	che:huo	n.	car accident, traffic accident
机械化	ji:xie:hua	n.	mechanization
论点	lun:dian	n.	argument, point, thesis
集资	ji:zi	v.	raise funds, fundraise
国家统计局	guo:jia:tong:ji:ju	n.	National Bureau of Statistics
来过	lai:guo	v.	have been to, have come
战略性	zhan:lve:xing	adj.	strategic
战舰	zhan:jian	n.	warship
裸	luo	adj.	naked, bare
刺激的	ci:ji:de	adj.	stimulating
红星	hong:xing	n.	red star
根目录	gen:mu:lu	n.	root directory
血腥	xie:xing	adj.	bloody
血腥	xue:xing	n.	bloodiness
生肖	sheng:xiao	n.	zodiac animals
链	lian	n.	chain
物理学	wu:li:xue	n.	physics
收听	shou:ting	v.	listen to
调制	tiao:zhi	v.	modulate
调制	tiao:zhi	v.	mix
方针政策	fang:zhen:zheng:ce	n.	guidelines and policies
保险合同	bao:xian:he:tong	n.	insurance contract
胶片	jiao:pian	n.	film
半月	ban:yue	n.	half moon
烈士	lie:shi	n.	martyr
管材	guan:cai	n.	pipe material
建设银行	jian:she:yin:hang	n.	China Construction Bank
新书	xin:shu	n.	new book
处理厂	chu:li:chang	n.	treatment plant
年终奖	nian:zhong:jiang	n.	year-end bonus
买车	mai:che	v.	buy a car
短路	duan:lu	n.	short circuit
奠定	dian:ding	v.	lay, establish
校正	jiao:zheng	v.	correct, proofread
见图	jian:tu	v.	see figure
现成	xian:cheng	adj.	ready-made, available
惩治	cheng:zhi	v.	punish
饱和	bao:he	adj.	saturated
饱和	bao:he	v.	saturate
做出决定	zuo:chu:jue:ding	v.	make a decision
商议	shang:yi	v.	discuss, consult
眉毛	mei:mao	n.	eyebrow
灌	guan	v.	pour, irrigate
小米	xiao:mi	n.	millet
八字	ba:zi	n.	eight characters
切实可行	qie:shi:ke:xing	adj.	practical, feasible
战后	zhan:hou	n.	post-war
参股	can:gu	v.	hold shares
干扰器	gan:rao:qi	n.	jammer, interference device
很美	hen:mei	adj.	very beautiful
昆	kun	n.	kun (mythical beast)
军衔	jun:xian	n.	military rank
存取	cun:qu	v.	store and retrieve
脸庞	lian:pang	n.	face, visage
畅	chang	adj.	smooth, unhindered
大大小小	da:da:xiao:xiao	adj.	large and small, various sizes
逍	xiao	v.	wander, roam
反向	fan:xiang	n.	reverse direction
回车	hui:che	v.	return car, backspace
死亡率	si:wang:lv	n.	mortality rate
时间表	shi:jian:biao	n.	timetable, schedule
往日	wang:ri	n.	past days, former days
帽	mao	n.	hat, cap
批发商	pi:fa:shang	n.	wholesaler
事前	shi:qian	n.	beforehand, prior to
阅	yue	v.	read, inspect
隐约	yin:yue	adj.	vague, indistinct
联席会议	lian:xi:hui:yi	n.	joint meeting
难平	nan:ping	v.	hard to calm, indignant
软体	ruan:ti	n.	soft body
柔性	rou:xing	adj.	flexible
失控	shi:kong	v.	lose control
小妹	xiao:mei	n.	younger sister
我这里	wo:zhe:li	pron.	here, my place
胁迫	xie:po	v.	coerce, compel
财务报表	cai:wu:bao:biao	n.	financial statement
活塞	huo:sai	n.	piston
赛区	sai:qu	n.	competition zone
二位	er:wei	num.	two (polite)
四面	si:mian	n.	four sides, all around
生长发育	sheng:zhang:fa:yu	n.	growth and development
一惊	yi:jing	v.	be startled, be surprised
绵羊	mian:yang	n.	sheep
垫付	dian:fu	v.	advance (payment)
逗	dou	v.	tease, amuse
以期	yi:qi	conj.	in the hope of
蹲	dun	v.	squat, crouch
门将	men:jiang	n.	goalkeeper
执政为民	zhi:zheng:wei:min	v.	govern for the people
游记	you:ji	n.	travelogue, travel diary
陈水扁	chen:shui:bian	n.	Chen Shui-bian
统计局	tong:ji:ju	n.	statistics bureau
缺水	que:shui	v.	lack water, water shortage
教学模式	jiao:xue:mo:shi	n.	teaching model
锦标赛	jin:biao:sai	n.	championship
三分之二	san:fen:zhi:er	num.	two thirds
打过	da:guo	v.	have hit
倒霉	dao:mei	adj.	unlucky
所为	suo:wei	n.	action
迟迟	chi:chi	adv.	delayed
偷拍	tou:pai	v.	sneakily film
无用	wu:yong	adj.	useless
摇了摇头	yao:le:yao:tou	v.	shake head
意念	yi:nian	n.	idea
以示	yi:shi	conj.	in order to show
有余	you:yu	adj.	surplus
银行汇款	yin:hang:hui:kuan	n.	bank transfer
大街上	da:jie:shang	n.	on the street
应收	ying:shou	v.	receivable
待机	dai:ji	v.	standby
犯规	fan:gui	v.	violate rules
里边	li:bian	n.	inside
两倍	liang:bei	num.	twice
一排	yi:pai	mw.	a row
基本功	ji:ben:gong	n.	basic skill
跑步	pao:bu	v.	run
亲吻	qin:wen	v.	kiss
性用品	xing:yong:pin	n.	sex toy
不只	bu:zhi	adv.	not only
宽广	kuan:guang	adj.	broad
县长	xian:zhang	n.	county magistrate
箭头	jian:tou	n.	arrowhead
用好	yong:hao	v.	use well
通话时间	tong:hua:shi:jian	n.	call duration
徇私舞弊	xun:si:wu:bi	v.	abuse power for personal gain
踩	cai	v.	step on
可实现	ke:shi:xian	adj.	achievable
受益人	shou:yi:ren	n.	beneficiary
上进	shang:jin	adj.	enterprising
工作原理	gong:zuo:yuan:li	n.	working principle
市场环境	shi:chang:huan:jing	n.	market environment
通畅	tong:chang	adj.	unobstructed
艳丽	yan:li	adj.	gorgeous
一点儿	yi:dian:er	mw.	a little bit
弥漫	mi:man	v.	permeate
海棠	hai:tang	n.	begonia
丧失了	sang:shi:le	v.	lose, forfeit
初恋	chu:lian	n.	first love
各级党委	ge:ji:dang:wei	n.	Party committees at all levels
吸入	xi:ru	v.	inhale, suck in
教学目标	jiao:xue:mu:biao	n.	teaching objectives
窜	cuan	v.	run about, skulk
各行各业	ge:hang:ge:ye	n.	all walks of life
上交	shang:jiao	v.	hand in, submit
哑	ya	adj.	mute, dumb
复合材料	fu:he:cai:liao	n.	composite material
浮躁	fu:zao	adj.	impetuous, restless
规范性文件	gui:fan:xing:wen:jian	n.	normative document
客场	ke:chang	n.	away game, away venue
链表	lian:biao	n.	linked list
物件	wu:jian	n.	object, thing
升降	sheng:jiang	n.	ascent and descent
写上	xie:shang	v.	write down
严重警告	yan:zhong:jing:gao	n.	serious warning
自备	zi:bei	v.	provide oneself with
布满	bu:man	v.	be covered with, be strewn with
奋力	fen:li	v.	strive, exert effort
无线网络	wu:xian:wang:luo	n.	wireless network
露天	lu:tian	adj.	open-air
趴	pa	v.	lie prone
不断加强	bu:duan:jia:qiang	v.	continuously strengthen
公益事业	gong:yi:shi:ye	n.	public welfare undertaking
代理机构	dai:li:ji:gou	n.	agency
喷雾	pen:wu	n.	spray
喷雾	pen:wu	v.	spray
逢	feng	v.	meet, encounter
国会	guo:hui	n.	congress, parliament
换上	huan:shang	v.	change into
事关	shi:guan	v.	concern, relate to
台下	tai:xia	n.	below the stage
隔壁	ge:bi	n.	next door
出生年月	chu:sheng:nian:yue	n.	date of birth
害羞	hai:xiu	adj.	shy
害羞	hai:xiu	v.	feel shy
人民出版社	ren:min:chu:ban:she	n.	People's Publishing House
现代农业	xian:dai:nong:ye	n.	modern agriculture
彩铃	cai:ling	n.	ringback tone
空虚	kong:xu	adj.	empty, hollow
风吹	feng:chui	v.	wind blow
不知所措	bu:zhi:suo:cuo	adj.	at a loss
在校学生	zai:xiao:xue:sheng	n.	student on campus
著称	zhu:cheng	v.	be known for
繁育	fan:yu	v.	breed
流派	liu:pai	n.	school of thought
省外	sheng:wai	n.	outside the province
超高	chao:gao	adj.	ultra-high
植	zhi	v.	plant
时间段	shi:jian:duan	n.	period of time
幻灯片	huan:deng:pian	n.	slide
社会福利	she:hui:fu:li	n.	social welfare
淡水	dan:shui	n.	fresh water
复位	fu:wei	v.	reset
媒	mei	n.	medium
弱势群体	ruo:shi:qun:ti	n.	vulnerable group
亚军	ya:jun	n.	runner-up
大学城	da:xue:cheng	n.	university town
汉化版	han:hua:ban	n.	localized version
糊涂	hu:tu	adj.	confused
书刊	shu:kan	n.	books and periodicals
伊斯兰	yi:si:lan	n.	Islam
内力	nei:li	n.	internal power
树脂	shu:zhi	n.	resin
莫非	mo:fei	adv.	could it be
现出	xian:chu	v.	show, appear
寂静	ji:jing	adj.	quiet, silent
寂静	ji:jing	n.	silence, stillness
几名	ji:ming	num.	several (people)
胡萝卜素	hu:luo:bo:su	n.	carotene
停牌	ting:pai	v.	suspend trading
韵	yun	n.	rhyme
司法解释	si:fa:jie:shi	n.	judicial interpretation
昭	zhao	adj.	clear, bright
紧凑	jin:cou	adj.	compact, tight
期权	qi:quan	n.	option
排放标准	pai:fang:biao:zhun	n.	emission standard
尹	yin	n.	Yin
懒得	lan:de	v.	be too lazy to
毕业证书	bi:ye:zheng:shu	n.	diploma, graduation certificate
倒钩	dao:gou	n.	barb, hook
多种多样	duo:zhong:duo:yang	adj.	diverse, manifold
生态系统	sheng:tai:xi:tong	n.	ecosystem
所在城市	suo:zai:cheng:shi	n.	city where located
投身	tou:shen	v.	devote oneself
剜掉	wan:diao	v.	scoop out
疫病	yi:bing	n.	epidemic
推动作用	tui:dong:zuo:yong	n.	driving force
流血	liu:xie	v.	bleed
流血	liu:xue	n.	bleeding
无缝	wu:feng	adj.	seamless
这么大	zhe:me:da	adj.	so big
城市管理	cheng:shi:guan:li	n.	urban management
谦	qian	adj.	modest
花木	hua:mu	n.	flowers and trees
受贿	shou:hui	v.	take bribes
档	dang	mw.	file
化名	hua:ming	n.	pseudonym
化名	hua:ming	v.	use a pseudonym
小额	xiao:e	adj.	small amount
论语	lun:yu	n.	Analects
香草	xiang:cao	n.	fragrant herb
陈旧	chen:jiu	adj.	old-fashioned
分布式	fen:bu:shi	adj.	distributed
百分之	bai:fen:zhi	num.	percent
放射	fang:she	v.	radiate
放射	fang:she	n.	radiation
黑马	hei:ma	n.	dark horse
建筑节能	jian:zhu:jie:neng	n.	building energy saving
社长	she:zhang	n.	president
标致	biao:zhi	adj.	pretty
基本养老保险	ji:ben:yang:lao:bao:xian	n.	basic old-age insurance
架设	jia:she	v.	set up
科研院所	ke:yan:yuan:suo	n.	research institutes
抛光	pao:guang	v.	polish
精巧	jing:qiao	adj.	exquisite
淋漓尽致	lin:li:jin:zhi	adj.	thoroughly
知己	zhi:ji	n.	soulmate
吃到	chi:dao	v.	eat and get
马丁	ma:ding	n.	Martin
乱收费	luan:shou:fei	v.	overcharge
教主	jiao:zhu	n.	cult leader
藏宝	cang:bao	v.	hide treasure
过快	guo:kuai	adj.	too fast
暴雨	bao:yu	n.	heavy rain
全村	quan:cun	n.	whole village
省教育厅	sheng:jiao:yu:ting	n.	provincial education department
玩耍	wan:shua	v.	play
沾	zhan	v.	touch
复方	fu:fang	n.	compound formula
水体	shui:ti	n.	water body
现代人	xian:dai:ren	n.	modern people
秋风	qiu:feng	n.	autumn wind
致命的	zhi:ming:de	adj.	fatal
价格上涨	jia:ge:shang:zhang	v.	price rise
两组	liang:zu	num.	two groups
下行	xia:xing	v.	go down
群号	qun:hao	n.	group number
高度评价	gao:du:ping:jia	v.	highly praise
室内设计	shi:nei:she:ji	n.	interior design
稀土	xi:tu	n.	rare earth
标语	biao:yu	n.	slogan
存量	cun:liang	n.	stock
泡菜	pao:cai	n.	pickles
电报	dian:bao	n.	telegram
宁可	ning:ke	adv.	would rather
医疗保健	yi:liao:bao:jian	n.	healthcare
机械厂	ji:xie:chang	n.	machinery factory
稳重	wen:zhong	adj.	steady
相比较	xiang:bi:jiao	v.	compare
制作方法	zhi:zuo:fang:fa	n.	production method
留言者	liu:yan:zhe	n.	messenger
治安管理	zhi:an:guan:li	n.	public security administration
景德镇	jing:de:zhen	n.	Jingdezhen
过硬	guo:ying	adj.	tough
英才	ying:cai	n.	talent
赣州	gan:zhou	n.	Ganzhou
沼气	zhao:qi	n.	biogas
发展起来	fa:zhan:qi:lai	v.	develop
长约	chang:yue	n.	long-term contract
购物指南	gou:wu:zhi:nan	n.	shopping guide
科技含量	ke:ji:han:liang	n.	technological content
行货	hang:huo	n.	genuine goods
加工业	jia:gong:ye	n.	processing industry
兔	tu	n.	rabbit
内容丰富	nei:rong:feng:fu	adj.	rich in content
烹调	peng:tiao	v.	cook
烹调	peng:tiao	n.	cooking
日程	ri:cheng	n.	schedule
以求	yi:qiu	conj.	so as to seek
南瓜	nan:gua	n.	pumpkin
新闻中心	xin:wen:zhong:xin	n.	news center
订	ding	v.	order
乾坤	qian:kun	n.	universe
韵味	yun:wei	n.	charm
重点工程	zhong:dian:gong:cheng	n.	key project
自强	zi:qiang	v.	self-strengthen
北京西	bei:jing:xi	n.	Beijing West
必读	bi:du	v.	must read
唐僧	tang:seng	n.	Tang Monk
地盘	di:pan	n.	territory
六中全会	liu:zhong:quan:hui	n.	sixth plenary session
恰当的	qia:dang:de	adj.	appropriate
总管	zong:guan	n.	manager
总管	zong:guan	v.	manage
多渠道	duo:qu:dao	adj.	multi-channel
马达	ma:da	n.	motor
内部审计	nei:bu:shen:ji	n.	internal audit
休假	xiu:jia	v.	take a vacation
休假	xiu:jia	n.	vacation
什么样	shen:me:yang	pron.	what kind of
反驳	fan:bo	v.	refute
酒杯	jiu:bei	n.	wine glass
朴	pu	adj.	simple
长辈	zhang:bei	n.	elder
剧组	ju:zu	n.	film crew
大火	da:huo	n.	big fire
瞎	xia	adj.	blind
瞎	xia	adv.	blindly
柔情	rou:qing	n.	tenderness
仅限	jin:xian	v.	limited to
稀释	xi:shi	v.	dilute
民主管理	min:zhu:guan:li	n.	democratic management
资格审查	zi:ge:shen:cha	n.	qualification review
合资企业	he:zi:qi:ye	n.	joint venture
逐步形成	zhu:bu:xing:cheng	v.	form step by step
摘	zhai	v.	pick
不妥	bu:tuo	adj.	inappropriate
扩大到	kuo:da:dao	v.	expand to
鞭	bian	n.	whip
世界第一	shi:jie:di:yi	n.	world number one
世界第一	shi:jie:di:yi	adj.	world's best
第二名	di:er:ming	n.	second place
俺	an	pron.	I (informal)
会成为	hui:cheng:wei	v.	will become
阐明	chan:ming	v.	elucidate
分泌物	fen:mi:wu	n.	secretion
受害	shou:hai	v.	be victimized
外籍	wai:ji	n.	foreign nationality
溃疡	kui:yang	n.	ulcer
目标管理	mu:biao:guan:li	n.	management by objectives
该院	gai:yuan	n.	the hospital/institution
殿堂	dian:tang	n.	hall, palace
头盔	tou:kui	n.	helmet
斤	jin	mw.	jin, 0.5 kg
原地	yuan:di	n.	original place
菠菜	bo:cai	n.	spinach
抉择	jue:ze	v.	choose, select
副省长	fu:sheng:zhang	n.	vice governor
极致	ji:zhi	n.	extreme, ultimate
南门	nan:men	n.	south gate
建房	jian:fang	v.	build house
若能	ruo:neng	conj.	if can
新老客户	xin:lao:ke:hu	n.	new and old customers
优惠的	you:hui:de	adj.	preferential, discounted
之列	zhi:lie	n.	rank, category
升至	sheng:zhi	v.	rise to
每每	mei:mei	adv.	often, frequently
英文名称	ying:wen:ming:cheng	n.	english name
按要求	an:yao:qiu	prep.	according to requirements
办了	ban:le	v.	did, handled
交由	jiao:you	v.	hand over to
为零	wei:ling	v.	be zero
我只能	wo:zhi:neng	pron.	I can only
帕萨特	pa:sa:te	n.	Passat
在中央	zai:zhong:yang	prep.	in the center
与我国	yu:wo:guo	prep.	with my country
院系	yuan:xi	n.	department and faculty
公司产品	gong:si:chan:pin	n.	company products
无私	wu:si	adj.	selfless
每秒	mei:miao	num.	per second
缓和	huan:he	v.	ease, alleviate
缓和	huan:he	adj.	mild, moderate
赚了	zhuan:le	v.	earned, profited
这两天	zhe:liang:tian	n.	these few days
文选	wen:xuan	n.	selected works
卡特	ka:te	n.	Carter
热忱	re:chen	n.	enthusiasm, zeal
热忱	re:chen	adj.	enthusiastic, warm
定型	ding:xing	v.	take shape, to standardize
宣读	xuan:du	v.	read out, to proclaim
倍以上	bei:yi:shang	num.	more than double
并不会	bing:bu:hui	adv.	not at all
晚间	wan:jian	n.	evening
在党	zai:dang	prep.	in the party
孵化	fu:hua	v.	hatch
卖掉	mai:diao	v.	sell off
上缴	shang:jiao	v.	hand in
她自己	ta:zi:ji	pron.	she herself
铁道	tie:dao	n.	railway
这台	zhe:tai	mw.	this (machine)
千兆	qian:zhao	num.	giga
窗体	chuang:ti	n.	window frame
减退	jian:tui	v.	decline
收养	shou:yang	v.	adopt
这家伙	zhe:jia:huo	n.	guy
任用	ren:yong	v.	employ
坏死	huai:si	v.	necrose
无缘	wu:yuan	adj.	destined to be apart
心理素质	xin:li:su:zhi	n.	mental quality
硬化	ying:hua	v.	harden
未填	wei:tian	v.	unfilled
严格要求	yan:ge:yao:qiu	n.	strict requirement
服务意识	fu:wu:yi:shi	n.	service awareness
好呢	hao:ne	part.	sentence final particle
气血	qi:xie	n.	qi and blood
气血	qi:xue	n.	qi and blood
无可奈何	wu:ke:nai:he	adj.	helpless
详尽	xiang:jin	adj.	detailed
要不是	yao:bu:shi	conj.	if not for
绝无	jue:wu	adv.	absolutely none
瓦斯	wa:si	n.	gas
男装	nan:zhuang	n.	men's clothing
镇政府	zhen:zheng:fu	n.	town government
野马	ye:ma	n.	wild horse
坦然	tan:ran	adj.	calm
义务人	yi:wu:ren	n.	obligor
记下	ji:xia	v.	write down
躯体	qu:ti	n.	body
翅	chi	n.	wing
阿弥陀佛	e:mi:tuo:fo	int.	Amitabha
重中之重	zhong:zhong:zhi:zhong	n.	top priority
愈来愈	yu:lai:yu	adv.	more and more
管理服务	guan:li:fu:wu	n.	management service
回购	hui:gou	v.	repurchase
上台	shang:tai	v.	take the stage
上台	shang:tai	v.	take office
背诵	bei:song	v.	recite
爱上了	ai:shang:le	v.	fall in love
发财	fa:cai	v.	get rich
可言	ke:yan	adj.	speakable
光顾	guang:gu	v.	patronize
加水	jia:shui	v.	add water
签署了	qian:shu:le	v.	signed
酒水	jiu:shui	n.	drinks and food
局限于	ju:xian:yu	v.	be limited to
得天独厚	de:tian:du:hou	adj.	favorably endowed
顾虑	gu:lv	n.	concern
顾虑	gu:lv	v.	worry
乌克兰	wu:ke:lan	n.	Ukraine
组织工作	zu:zhi:gong:zuo	n.	organizational work
逃离	tao:li	v.	escape
月中	yue:zhong	n.	middle of the month
告诉大家	gao:su:da:jia	v.	tell everyone
暗自	an:zi	adv.	secretly
不具有	bu:ju:you	v.	not possess
前天	qian:tian	n.	the day before yesterday
酌情	zhuo:qing	v.	according to circumstances
错过了	cuo:guo:le	v.	missed
紧迫	jin:po	adj.	urgent
人民网	ren:min:wang	n.	People's Daily Online
柯达	ke:da	n.	Kodak
再好	zai:hao	adv.	no matter how good
欢呼	huan:hu	v.	cheer
欢呼	huan:hu	n.	cheer
狂欢	kuang:huan	v.	revel
狂欢	kuang:huan	n.	revelry
荣誉会员	rong:yu:hui:yuan	n.	honorary member
先进文化	xian:jin:wen:hua	n.	advanced culture
内部控制	nei:bu:kong:zhi	n.	internal control
高级工程师	gao:ji:gong:cheng:shi	n.	senior engineer
肠	chang	n.	intestine
捕获	bu:huo	v.	capture
雀	que	n.	sparrow
外加	wai:jia	v.	add to
备考	bei:kao	v.	prepare for exam
挤挤	ji:ji	v.	squeeze
附图	fu:tu	n.	attached diagram
非常大	fei:chang:da	adj.	very large
是否存在	shi:fou:cun:zai	v.	whether there exists
多说	duo:shuo	v.	speak more
万岁	wan:sui	int.	long live
元器件	yuan:qi:jian	n.	component
仙人	xian:ren	n.	immortal
中外合作	zhong:wai:he:zuo	n.	Sino-foreign cooperation
慎	shen	adj.	cautious
我的电脑	wo:de:dian:nao	n.	my computer
优先考虑	you:xian:kao:lv	v.	prioritize
三季度	san:ji:du	n.	third quarter
鸭子	ya:zi	n.	duck
物流管理	wu:liu:guan:li	n.	logistics management
广告位置	guang:gao:wei:zhi	n.	advertising space
该局	gai:ju	n.	the bureau
斯柯达	si:ke:da	n.	Skoda
研发中心	yan:fa:zhong:xin	n.	R&D center
盆	pen	n.	basin
交错	jiao:cuo	v.	interlace
迁	qian	v.	move
工程有限公司	gong:cheng:you:xian:gong:si	n.	engineering co., ltd.
研究生院	yan:jiu:sheng:yuan	n.	graduate school
注视着	zhu:shi:zhe	v.	gaze at, watch
共同体	gong:tong:ti	n.	community, community
殿下	dian:xia	n.	your/his/her highness
进行修改	jin:xing:xiu:gai	v.	make revisions, modify
票务	piao:wu	n.	ticketing, ticket business
揭晓	jie:xiao	v.	reveal, announce
里程碑	li:cheng:bei	n.	milestone
受伤的	shou:shang:de	adj.	injured, wounded
动态的	dong:tai:de	adj.	dynamic, moving
监护人	jian:hu:ren	n.	guardian
农业局	nong:ye:ju	n.	bureau of agriculture
企业信息化	qi:ye:xin:xi:hua	n.	enterprise informatization
赛场	sai:chang	n.	arena, field of play
卡巴斯基	ka:ba:si:ji	n.	Kaspersky
缠绵	chan:mian	adj.	lingering, tender
上页	shang:ye	n.	previous page
战略目标	zhan:lve:mu:biao	n.	strategic goal
减去	jian:qu	v.	subtract, deduct
谈恋爱	tan:lian:ai	v.	be in love, date
在线人数	zai:xian:ren:shu	n.	number of online users
另一位	ling:yi:wei	pron.	another one
镖	biao	n.	dart
小手	xiao:shou	n.	little hand
车友	che:you	n.	car enthusiast, fellow driver
发信	fa:xin	v.	send a message, send mail
我身边	wo:shen:bian	pron.	my side
碰上	peng:shang	v.	encounter
综述	zong:shu	n.	summary
综述	zong:shu	v.	summarize
冒着	mao:zhe	v.	risk
苏格兰	su:ge:lan	n.	Scotland
一下就	yi:xia:jiu	adv.	immediately
应邀	ying:yao	v.	accept invitation
大餐	da:can	n.	feast
任性	ren:xing	adj.	willful
零配件	ling:pei:jian	n.	spare parts
但是现在	dan:shi:xian:zai	conj.	but now
中以	zhong:yi	n.	China-Israel
片面	pian:mian	adj.	one-sided
生产总值	sheng:chan:zong:zhi	n.	GDP
倒也	dao:ye	adv.	actually
丰收	feng:shou	n.	harvest
丰收	feng:shou	v.	harvest
单车	dan:che	n.	bicycle
房贷	fang:dai	n.	mortgage
使命感	shi:ming:gan	n.	sense of mission
紊乱	wen:luan	adj.	disordered
紊乱	wen:luan	v.	disorder
目标人物	mu:biao:ren:wu	n.	target person
目标任务	mu:biao:ren:wu	n.	target task
签的	qian:de	v.	signed
移送	yi:song	v.	transfer
复苏	fu:su	v.	recover, revive
找来	zhao:lai	v.	find, seek
风波	feng:bo	n.	disturbance, turmoil
活了	huo:le	v.	lived, survived
活了	huo:le	part.	aspect particle
劣质	lie:zhi	adj.	inferior, poor quality
眼睛里	yan:jing:li	n.	in the eyes
大市场	da:shi:chang	n.	large market
就做	jiu:zuo	v.	just do
面目	mian:mu	n.	appearance, face
外国语	wai:guo:yu	n.	foreign language
外婆	wai:po	n.	maternal grandmother
用处	yong:chu	n.	use, usefullness
芬	fen	n.	fragrance
感到很	gan:dao:hen	v.	feel very
服务型	fu:wu:xing	adj.	service-oriented
能看	neng:kan	v.	can watch, can read
长年	chang:nian	n.	many years, long term
为了防止	wei:le:fang:zhi	conj.	in order to prevent
仙子	xian:zi	n.	fairy, pixie
有病	you:bing	adj.	sick, ill
显而易见	xian:er:yi:jian	adj.	obvious, evident
原型	yuan:xing	n.	prototype, original form
铁观音	tie:guan:yin	n.	Tieguanyin
零食	ling:shi	n.	snack
长官	zhang:guan	n.	officer
崖	ya	n.	cliff
西服	xi:fu	n.	suit
一字	yi:zi	n.	the character 'one
维他命	wei:ta:ming	n.	vitamin
培训课程	pei:xun:ke:cheng	n.	training course
工作思路	gong:zuo:si:lu	n.	work approach
优良传统	you:liang:chuan:tong	n.	fine tradition
入世	ru:shi	v.	join WTO
丘	qiu	n.	hill
分院	fen:yuan	n.	branch hospital
退款	tui:kuan	v.	refund
如虎	ru:hu	adj.	like a tiger
第四十六条	di:si:shi:liu:tiao	n.	article 46
商业街	shang:ye:jie	n.	shopping street
真题	zhen:ti	n.	actual exam questions
看一看	kan:yi:kan	v.	have a look
公共交通	gong:gong:jiao:tong	n.	public transport
领带	ling:dai	n.	tie
技术中心	ji:shu:zhong:xin	n.	technical center
救了	jiu:le	v.	save, rescued
妻室	qi:shi	n.	wife's family
项目合作	xiang:mu:he:zuo	n.	project cooperation
有谁	you:shei	pron.	who, anyone
有谁	you:shui	pron.	who, anyone
点击这里	dian:ji:zhe:li	v.	click here
定做	ding:zuo	v.	custom-make
文史	wen:shi	n.	literature and history
中高档	zhong:gao:dang	adj.	mid-to-high-end
饥饿	ji:e	n.	hunger
饥饿	ji:e	adj.	hungry
培养目标	pei:yang:mu:biao	n.	training goal
正视	zheng:shi	v.	face up to, confront
脑中	nao:zhong	n.	in the mind
车库	che:ku	n.	garage
可操作性	ke:cao:zuo:xing	n.	operability, feasibility
小男孩	xiao:nan:hai	n.	little boy
实际工作	shi:ji:gong:zuo	n.	actual work
往外	wang:wai	prep.	outwards, towards outside
哈哈大笑	ha:ha:da:xiao	v.	laugh loudly
居住在	ju:zhu:zai	v.	reside in, live in
多情	duo:qing	adj.	affectionate
大风	da:feng	n.	strong wind
第四十五条	di:si:shi:wu:tiao	num.	article 45
觉悟	jue:wu	v.	realize, awaken
觉悟	jue:wu	n.	awareness, consciousness
热血	re:xie	n.	hot blood, passion
热血	re:xue	adj.	passionate, hot-blooded
科学发展	ke:xue:fa:zhan	n.	scientific development
奉行	feng:xing	v.	carry out, to adhere to
大喊	da:han	v.	shout, to yell
全体会议	quan:ti:hui:yi	n.	plenary session, general meeting
绝不会	jue:bu:hui	adv.	absolutely not, never
设计单位	she:ji:dan:wei	n.	design unit, design agency
下水	xia:shui	v.	launch (ship), to go into water
寒假	han:jia	n.	winter vacation
正因为	zheng:yin:wei	conj.	precisely because
蠢	chun	adj.	stupid, foolish
用户登录	yong:hu:deng:lu	n.	user login
詹姆斯	zhan:mu:si	n.	James
牟利	mou:li	v.	seek profit, to profiteer
庙	miao	n.	temple
潘	pan	n.	Pan
飞舞	fei:wu	v.	dance, to flutter
页码	ye:ma	n.	page number
求得	qiu:de	v.	obtain
贸易公司	mao:yi:gong:si	n.	trading company
电话机	dian:hua:ji	n.	telephone
防爆	fang:bao	v.	explosion-proof
很长时间	hen:chang:shi:jian	n.	a long time
一世	yi:shi	n.	a lifetime
组别	zu:bie	n.	category
客服信箱	ke:fu:xin:xiang	n.	customer service mailbox
市容	shi:rong	n.	city appearance
重现	chong:xian	v.	reappear
现身	xian:shen	v.	appear
平邮	ping:you	n.	regular mail
一早	yi:zao	adv.	very early
插图	cha:tu	n.	illustration
台州市	tai:zhou:shi	n.	Taizhou
新世界	xin:shi:jie	n.	new world
发展成为	fa:zhan:cheng:wei	v.	develop into
半数	ban:shu	n.	half
传言	chuan:yan	n.	rumor
传言	chuan:yan	v.	rumor
无非	wu:fei	adv.	nothing but
门锁	men:suo	n.	door lock
本职工作	ben:zhi:gong:zuo	n.	one's duty
应尽	ying:jin	v.	should fulfill
准入	zhun:ru	v.	admit
准入	zhun:ru	n.	access
甲级	jia:ji	n.	grade A
森林公园	sen:lin:gong:yuan	n.	forest park
肠道	chang:dao	n.	intestine
九州	jiu:zhou	n.	China
管理方式	guan:li:fang:shi	n.	management style
竞争者	jing:zheng:zhe	n.	competitor
科员	ke:yuan	n.	clerk
总的来说	zong:de:lai:shuo	adv.	generally speaking
誉为	yu:wei	v.	praise as
后世	hou:shi	n.	future generations
因缘	yin:yuan	n.	fate
国家宗教	guo:jia:zong:jiao	n.	state religion
光绪	guang:xu	n.	Guangxu
忍者	ren:zhe	n.	ninja
悠闲	you:xian	adj.	leisurely
做些	zuo:xie	v.	do some
防治工作	fang:zhi:gong:zuo	n.	prevention and control work
上海大众	shang:hai:da:zhong	n.	SAIC Volkswagen
相关知识	xiang:guan:zhi:shi	n.	related knowledge
肯德基	ken:de:ji	n.	KFC
窒息	zhi:xi	v.	suffocate
把关	ba:guan	v.	check on quality
行为规范	xing:wei:gui:fan	n.	code of conduct
民政局	min:zheng:ju	n.	civil affairs bureau
颖	ying	n.	cleverness
侵蚀	qin:shi	v.	erode
小王	xiao:wang	n.	Xiao Wang
资质等级	zi:zhi:deng:ji	n.	qualification level
德军	de:jun	n.	German army
失恋	shi:lian	v.	break up
责任者	ze:ren:zhe	n.	person in charge
不公平	bu:gong:ping	adj.	unfair
诧异	cha:yi	adj.	surprised
埋怨	man:yuan	v.	complain
拖着	tuo:zhe	v.	drag
咽喉	yan:hou	n.	throat
妖精	yao:jing	n.	goblin
决战	jue:zhan	n.	decisive battle
仅有的	jin:you:de	adj.	only
习惯于	xi:guan:yu	v.	be used to
活动时间	huo:dong:shi:jian	n.	activity time
进行比较	jin:xing:bi:jiao	v.	compare
受害人	shou:hai:ren	n.	victim
台独	tai:du	n.	Taiwan independence
暂行条例	zan:xing:tiao:li	n.	provisional regulations
才算	cai:suan	v.	count as
待机时间	dai:ji:shi:jian	n.	standby time
冲出	chong:chu	v.	rush out
嵌套	qian:tao	v.	nest
截止时间	jie:zhi:shi:jian	n.	deadline
社会管理	she:hui:guan:li	n.	social management
自己做	zi:ji:zuo	v.	do oneself
上访	shang:fang	v.	petition
树枝	shu:zhi	n.	branch
拓	tuo	v.	expand, develop
晴转多云	qing:zhuan:duo:yun	adj.	sunny to cloudy
向右	xiang:you	adv.	to the right
只因	zhi:yin	conj.	only because
做着	zuo:zhe	v.	doing
娶	qu	v.	marry (a woman)
开工建设	kai:gong:jian:she	v.	start construction
药剂	yao:ji	n.	agent, solution
在很大程度上	zai:hen:da:cheng:du:shang	adv.	to a large extent
市场调查	shi:chang:diao:cha	n.	market research
生产过程	sheng:chan:guo:cheng	n.	production process
为适应	wei:shi:ying	conj.	in order to adapt
路灯	lu:deng	n.	street lamp
下落	xia:luo	n.	whereabouts, fall
附有	fu:you	v.	be attached with
好心	hao:xin	n.	kindness, good intention
快来	kuai:lai	v.	come quickly
箱包	xiang:bao	n.	bags, luggage
语言文字	yu:yan:wen:zi	n.	language and writing
科研项目	ke:yan:xiang:mu	n.	scientific research project
发来	fa:lai	v.	send over
失衡	shi:heng	v.	lose balance
失衡	shi:heng	n.	imbalance
短语	duan:yu	n.	phrase
外文	wai:wen	n.	foreign language
纱	sha	n.	gauze, yarn
监督员	jian:du:yuan	n.	supervisor, monitor
骷髅	ku:lou	n.	skeleton
汽配	qi:pei	n.	auto parts
主干	zhu:gan	n.	trunk, main stem
行为人	xing:wei:ren	n.	actor, perpetrator
祭奠	ji:dian	v.	offer sacrifices to the dead
太监	tai:jian	n.	eunuch
周易	zhou:yi	n.	I Ching
极点	ji:dian	n.	extreme, pole
祭典	ji:dian	n.	ritual, ceremony
抬起头	tai:qi:tou	v.	lift head
战略合作	zhan:lve:he:zuo	n.	strategic cooperation
位数	wei:shu	n.	digit, number of places
闻到	wen:dao	v.	smell
学好	xue:hao	v.	learn well
情结	qing:jie	n.	complex
一分钱	yi:fen:qian	n.	one cent
漏	lou	v.	leak
漏	lou	n.	leak
极速	ji:su	n.	extreme speed
尿素	niao:su	n.	urea
完好	wan:hao	adj.	intact
会员卡	hui:yuan:ka	n.	membership card
天龙	tian:long	n.	Tianlong
想一想	xiang:yi:xiang	v.	think
少妇	shao:fu	n.	young married woman
住处	zhu:chu	n.	residence
数据采集	shu:ju:cai:ji	n.	data collection
忠告	zhong:gao	n.	advice
忠告	zhong:gao	v.	advise
田园	tian:yuan	n.	pastoral
贴身	tie:shen	adj.	close-fitting
特别提示	te:bie:ti:shi	n.	special notice
何等	he:deng	adv.	how
翻新	fan:xin	v.	renovate
两千	liang:qian	num.	2,000
迅速地	xun:su:de	adv.	rapidly
充值卡	chong:zhi:ka	n.	top-up card
出演	chu:yan	v.	perform, appear
里头	li:tou	n.	inside
树种	shu:zhong	n.	tree species
工人阶级	gong:ren:jie:ji	n.	working class
营业厅	ying:ye:ting	n.	business hall, service center
往年	wang:nian	n.	past years
一半的	yi:ban:de	adj.	half, one half
主题曲	zhu:ti:qu	n.	theme song
流体	liu:ti	n.	fluid
商贸通	shang:mao:tong	n.	trade news, trade information
团支部	tuan:zhi:bu	n.	youth league branch
网络设备	wang:luo:she:bei	n.	network equipment
有幸	you:xing	adv.	be fortunate
金子	jin:zi	n.	gold
利税	li:shui	n.	profits and taxes
软件产品	ruan:jian:chan:pin	n.	software product
强者	qiang:zhe	n.	strong person, powerful one
请下载	qing:xia:zai	v.	please download
几方面	ji:fang:mian	n.	several aspects
设计制作	she:ji:zhi:zuo	v.	design and produce
小熊	xiao:xiong	n.	bear cub, teddy bear
波形	bo:xing	n.	waveform
建设规划	jian:she:gui:hua	n.	construction plan
海峡	hai:xia	n.	strait
食指	shi:zhi	n.	index finger
点火	dian:huo	v.	ignite
化身	hua:shen	n.	incarnation
老天	lao:tian	n.	gods
已满	yi:man	adj.	full
培养出	pei:yang:chu	v.	cultivate
一模一样	yi:mu:yi:yang	adj.	identical
抗震	kang:zhen	v.	earthquake resistance
留学人员	liu:xue:ren:yuan	n.	overseas students
豪宅	hao:zhai	n.	mansion
胡乱	hu:luan	adv.	randomly
无从	wu:cong	v.	have no way
腹痛	fu:tong	n.	stomachache
同在	tong:zai	v.	be together
密切配合	mi:qie:pei:he	v.	coordinate closely
肠胃	chang:wei	n.	stomach and intestines
出入境	chu:ru:jing	n.	entry and exit
谨	jin	v.	be cautious
本栏	ben:lan	n.	this column
党总支	dang:zong:zhi	n.	general party branch
可疑	ke:yi	adj.	suspicious
用上	yong:shang	v.	start to use
尽管如此	jin:guan:ru:ci	conj.	nevertheless
水处理	shui:chu:li	n.	water treatment
无痕	wu:hen	adj.	traceless
汉代	han:dai	n.	Han dynasty
决定书	jue:ding:shu	n.	decision
高速增长	gao:su:zeng:zhang	n.	rapid growth
驴友	lv:you	n.	travel companion
管理能力	guan:li:neng:li	n.	management ability
全局变量	quan:ju:bian:liang	n.	global variable
竭力	jie:li	v.	do one's utmost
珊	shan	n.	coral
受体	shou:ti	n.	receptor
战绩	zhan:ji	n.	battle record
发帖数量	fa:tie:shu:liang	n.	number of posts
妥善处理	tuo:shan:chu:li	v.	handle properly
问到	wen:dao	v.	ask about
结婚了	jie:hun:le	v.	get married
盼望	pan:wang	v.	look forward to
归类	gui:lei	v.	classify
被发现	bei:fa:xian	v.	be discovered
所载	suo:zai	n.	recorded content
闻名	wen:ming	v.	be famous
传世	chuan:shi	v.	pass down to later generations
杀害	sha:hai	v.	murder
脸颊	lian:jia	n.	cheek
不规则	bu:gui:ze	adj.	irregular
孤儿	gu:er	n.	orphan
晚年	wan:nian	n.	old age
明朗	ming:lang	adj.	bright
他俩	ta:lia	pron.	the two of them
星辰	xing:chen	n.	stars
严厉打击	yan:li:da:ji	v.	crack down on
一整套	yi:zheng:tao	mw.	a complete set
行政村	xing:zheng:cun	n.	administrative village
飞速发展	fei:su:fa:zhan	v.	develop rapidly
做不到	zuo:bu:dao	v.	unable to do
次年	ci:nian	n.	the following year
清明	qing:ming	n.	Qingming Festival
新农村	xin:nong:cun	n.	new countryside
高水平的	gao:shui:ping:de	adj.	high-level
提着	ti:zhe	v.	carrying in hand
一年来	yi:nian:lai	prep.	during the past year
腾飞	teng:fei	v.	soar, take off
吓了一跳	xia:le:yi:tiao	v.	be startled, be frightened
前置	qian:zhi	v.	prepose, place in front
银行贷款	yin:hang:dai:kuan	n.	bank loan
霸王	ba:wang	n.	overlord, tyrant
教学改革	jiao:xue:gai:ge	n.	teaching reform
装机	zhuang:ji	v.	install software/system
认出	ren:chu	v.	recognize
时间长	shi:jian:chang	adj.	long time
手机铃声	shou:ji:ling:sheng	n.	mobile ringtone
电量	dian:liang	n.	battery capacity
水印	shui:yin	n.	watermark
高峰期	gao:feng:qi	n.	peak period
得当	de:dang	adj.	appropriate
家禽	jia:qin	n.	poultry
残联	can:lian	n.	disabled persons' federation
不远处	bu:yuan:chu	n.	not far away
内蒙	nei:meng	n.	Inner Mongolia
新一	xin:yi	n.	Xin Yi
洛杉矶	luo:shan:ji	n.	Los Angeles
毛发	mao:fa	n.	hair
一粒	yi:li	num.	one grain
海量	hai:liang	n.	huge amount
海量	hai:liang	adj.	huge capacity
毕业证	bi:ye:zheng	n.	diploma
坐到	zuo:dao	v.	sit on
并成	bing:cheng	v.	merge into
根基	gen:ji	n.	foundation
自然而然	zi:ran:er:ran	adv.	naturally
抛出	pao:chu	v.	throw out
要花	yao:hua	v.	take (time/money)
音符	yin:fu	n.	musical note
肛门	gang:men	n.	anus
深喉	shen:hou	n.	deep throat
田间	tian:jian	n.	fields
苍蝇	cang:ying	n.	fly
转过	zhuan:guo	v.	turn around
回到家	hui:dao:jia	v.	return home
打倒	da:dao	v.	overthrow
上个世纪	shang:ge:shi:ji	n.	last century
资金来源	zi:jin:lai:yuan	n.	source of funds
充分调动	chong:fen:diao:dong	v.	mobilize fully
精装	jing:zhuang	adj.	hardcover
波长	bo:chang	n.	wavelength
行业管理	hang:ye:guan:li	n.	industry management
响亮	xiang:liang	adj.	resonant
浏览者	liu:lan:zhe	n.	browser
城乡居民	cheng:xiang:ju:min	n.	urban and rural residents
灭亡	mie:wang	v.	perish
网格	wang:ge	n.	grid
股份公司	gu:fen:gong:si	n.	joint-stock company
复式	fu:shi	adj.	double-entry
较弱	jiao:ruo	adj.	relatively weak
仆	pu	n.	servant
字典	zi:dian	n.	dictionary
辞退	ci:tui	v.	dismiss
沿江	yan:jiang	adj.	along the river
惭愧	can:kui	adj.	ashamed
聚合物	ju:he:wu	n.	polymer
一万元	yi:wan:yuan	num.	10,000 yuan
专营	zhuan:ying	v.	operate exclusively
村民委员会	cun:min:wei:yuan:hui	n.	village committee
委派	wei:pai	v.	appoint
导线	dao:xian	n.	wire
容忍	rong:ren	v.	tolerate
根据地	gen:ju:di	n.	base area
路人	lu:ren	n.	passerby
同性恋	tong:xing:lian	n.	homosexuality
要件	yao:jian	n.	essential element
大将	da:jiang	n.	general
温情	wen:qing	n.	tenderness
助力	zhu:li	v.	assist
雇佣	gu:yong	v.	employ
乏力	fa:li	adj.	weak
分站	fen:zhan	n.	branch station
新春	xin:chun	n.	new year
飞天	fei:tian	n.	flying apsara
工资待遇	gong:zi:dai:yu	n.	salary and benefits
流淌	liu:tang	v.	flow
卵巢	luan:chao	n.	ovary
热的	re:de	adj.	hot
奔波	ben:bo	v.	rush about
举止	ju:zhi	n.	manner
一览表	yi:lan:biao	n.	summary list
第九	di:jiu	num.	9th
猎头	lie:tou	n.	headhunting
销售渠道	xiao:shou:qu:dao	n.	sales channel
版权问题	ban:quan:wen:ti	n.	copyright issue
世尊	shi:zun	n.	World-Honored One
赞扬	zan:yang	v.	praise
华语	hua:yu	n.	Chinese language
适于	shi:yu	v.	suit
牛仔	niu:zai	n.	cowboy
索性	suo:xing	adv.	simply
睫毛	jie:mao	n.	eyelash
宙	zhou	n.	universe
客户关系	ke:hu:guan:xi	n.	customer relations
李宇春	li:yu:chun	n.	Li Yuchun
融化	rong:hua	v.	melt
鱼头	yu:tou	n.	fish head
立马	li:ma	adv.	immediately
芬芳	fen:fang	adj.	fragrant
芬芳	fen:fang	n.	fragrance
我的爱	wo:de:ai	n.	my love
传	zhuan	v.	pass on
传	zhuan	n.	legend
多一点	duo:yi:dian	mw.	a bit more
尉	wei	n.	commissioned officer
继承了	ji:cheng:le	v.	inherited
野猫	ye:mao	n.	stray cat
胡子	hu:zi	n.	beard
回想	hui:xiang	v.	recollect
留着	liu:zhe	v.	keep
其三	qi:san	num.	the third
我的博客	wo:de:bo:ke	n.	my blog
屑	xie	n.	scraps
学过	xue:guo	v.	have studied
一个地方	yi:ge:di:fang	n.	a place
水里	shui:li	n.	in the water
指示灯	zhi:shi:deng	n.	indicator light
技术发展	ji:shu:fa:zhan	n.	technological development
儒学	ru:xue	n.	Confucianism
初学	chu:xue	v.	begin to learn
强悍	qiang:han	adj.	tough, fierce
预料	yu:liao	v.	expect, predict
叮	ding	v.	sting, bite (insect)
便民	bian:min	v.	make convenient for people
暖气	nuan:qi	n.	heating
春运	chun:yun	n.	Spring Festival travel rush
世家	shi:jia	n.	distinguished family
天河区	tian:he:qu	n.	Tianhe District
业务发展	ye:wu:fa:zhan	n.	business development
办实事	ban:shi:shi	v.	do practical things
中高级	zhong:gao:ji	adj.	intermediate to advanced
版权声明	ban:quan:sheng:ming	n.	copyright notice
教育改革	jiao:yu:gai:ge	n.	educational reform
身份证复印件	shen:fen:zheng:fu:yin:jian	n.	copy of ID card
巡查	xun:cha	v.	patrol, inspect
游戏规则	you:xi:gui:ze	n.	game rules
单体	dan:ti	n.	monomer
就地	jiu:di	adv.	on the spot
当着	dang:zhe	prep.	in front of
捂	wu	v.	cover
洞口	dong:kou	n.	entrance of a cave
烦躁	fan:zao	adj.	irritable
烦躁	fan:zao	v.	be vexed
高地	gao:di	n.	high ground
近两年	jin:liang:nian	n.	last two years
涩	se	adj.	astringent
进行研究	jin:xing:yan:jiu	v.	conduct research
商业化	shang:ye:hua	n.	commercialization
商业化	shang:ye:hua	v.	commercialize
专升本	zhuan:sheng:ben	n.	associate to bachelor program
尚书	shang:shu	n.	Book of Documents
直奔	zhi:ben	v.	head straight for
派对	pai:dui	n.	party
婚约	hun:yue	n.	engagement
苦苦	ku:ku	adv.	bitterly
抵挡	di:dang	v.	resist
化作	hua:zuo	v.	turn into
配送费	pei:song:fei	n.	delivery fee
直击	zhi:ji	v.	strike directly
主要技术	zhu:yao:ji:shu	n.	main technology
摆设	bai:she	n.	ornament
交流平台	jiao:liu:ping:tai	n.	exchange platform
所不同	suo:bu:tong	v.	differ
晋级	jin:ji	v.	advance
内侧	nei:ce	n.	inner side
大一	da:yi	n.	freshman
看不出	kan:bu:chu	v.	cannot tell
鲜奶	xian:nai	n.	fresh milk
先去	xian:qu	v.	go first
神圣的	shen:sheng:de	adj.	sacred
有两	you:liang	v.	have two
狠狠地	hen:hen:de	adv.	ruthlessly
子曰	zi:yue	v.	confucius said
注射液	zhu:she:ye	n.	injection
手柄	shou:bing	n.	handle
红花	hong:hua	n.	safflower
取水	qu:shui	v.	fetch water
印证	yin:zheng	v.	verify
城市发展	cheng:shi:fa:zhan	n.	urban development
呻吟	shen:yin	v.	groan
半个月	ban:ge:yue	n.	half a month
建的	jian:de	adj.	built
变速器	bian:su:qi	n.	gearbox
起名	qi:ming	v.	name
再过	zai:guo	v.	after more
总队	zong:dui	n.	headquarters
解到	jie:dao	v.	solve to
农村基层	nong:cun:ji:ceng	n.	rural grassroots
所受	suo:shou	v.	received
代收	dai:shou	v.	collect on behalf
不讲	bu:jiang	v.	not speak
过时	guo:shi	adj.	outdated
通向	tong:xiang	v.	lead to
剧中	ju:zhong	n.	in the play
途经	tu:jing	v.	pass through
海运	hai:yun	n.	sea transport
海运	hai:yun	v.	ship by sea
左键	zuo:jian	n.	left key
诧	cha	v.	be surprised
停顿	ting:dun	v.	pause
停顿	ting:dun	n.	pause
匈奴	xiong:nu	n.	Xiongnu
两性	liang:xing	n.	sexuality
柴	chai	n.	firewood
耽误	dan:wu	v.	delay
一站式	yi:zhan:shi	adj.	one-stop
协会会员	xie:hui:hui:yuan	n.	association member
孙悟空	sun:wu:kong	n.	Sun Wukong
转而	zhuan:er	conj.	instead
公共利益	gong:gong:li:yi	n.	public interest
避孕套	bi:yun:tao	n.	condom
传动	chuan:dong	n.	transmission
会费	hui:fei	n.	membership fee
每分钟	mei:fen:zhong	num.	per minute
免责	mian:ze	v.	exempt from liability
树形	shu:xing	n.	tree structure
木板	mu:ban	n.	board
甜美	tian:mei	adj.	sweet
甜美	tian:mei	n.	sweetness
诱人	you:ren	adj.	tempting
跳了	tiao:le	v.	jumped
总产值	zong:chan:zhi	n.	total output value
按期	an:qi	adv.	on schedule
雕像	diao:xiang	n.	statue
开张	kai:zhang	v.	open for business
繁重	fan:zhong	adj.	heavy, burdensome
承受能力	cheng:shou:neng:li	n.	capacity to endure
乐团	yue:tuan	n.	orchestra, band
点滴	dian:di	n.	drops, bits and pieces
点滴	dian:di	adj.	gradual
挥手	hui:shou	v.	wave hand
走着	zou:zhe	v.	walking
击中	ji:zhong	v.	hit, strike
这一个	zhe:yi:ge	pron.	this one
转弯	zhuan:wan	v.	turn a corner
干事	gan:shi	n.	officer, organizer
杆	gan	n.	pole, rod
大喜	da:xi	v.	rejoice greatly
最根本	zui:gen:ben	adj.	most fundamental
或将	huo:jiang	adv.	perhaps will
远大	yuan:da	adj.	grand
忽视了	hu:shi:le	v.	neglected
部分人	bu:fen:ren	n.	some people
龙门	long:men	n.	Longmen
单人	dan:ren	n.	single person
方形	fang:xing	n.	square
前世	qian:shi	n.	past life
主要业务	zhu:yao:ye:wu	n.	main business
充分考虑	chong:fen:kao:lv	v.	consider fully
所面临	suo:mian:lin	v.	facing
国标	guo:biao	n.	national standard
深入研究	shen:ru:yan:jiu	v.	study in depth
风范	feng:fan	n.	style
迄今	qi:jin	adv.	so far
抽象的	chou:xiang:de	adj.	abstract
短文	duan:wen	n.	essay
转基因	zhuan:ji:yin	n.	genetic engineering
过低	guo:di	adj.	too low
举报电话	ju:bao:dian:hua	n.	report hotline
地球上	di:qiu:shang	n.	on earth
请发	qing:fa	v.	please send
实践能力	shi:jian:neng:li	n.	practical ability
年均增长	nian:jun:zeng:zhang	v.	annual average growth
钱财	qian:cai	n.	money and wealth
投资公司	tou:zi:gong:si	n.	investment company
西街	xi:jie	n.	West Street
衍生	yan:sheng	v.	derive
该地区	gai:di:qu	n.	the region
熟人	shou:ren	n.	acquaintance
熟人	shu:ren	n.	acquaintance
涵	han	n.	contain
世俗	shi:su	adj.	secular
城市里	cheng:shi:li	n.	in the city
从来不	cong:lai:bu	adv.	never
野心	ye:xin	n.	ambition
校验	jiao:yan	v.	verify
理论知识	li:lun:zhi:shi	n.	theoretical knowledge
麦克风	mai:ke:feng	n.	microphone
新婚	xin:hun	adj.	newlywed
一对一	yi:dui:yi	num.	one-on-one
成就感	cheng:jiu:gan	n.	sense of achievement
媒体报道	mei:ti:bao:dao	n.	media report
效果好	xiao:guo:hao	adj.	good effect
资金投入	zi:jin:tou:ru	n.	capital investment
展现了	zhan:xian:le	v.	showed
肺炎	fei:yan	n.	pneumonia
患儿	huan:er	n.	sick child
坠	zhui	v.	fall
发生过	fa:sheng:guo	v.	happened
努力实现	nu:li:shi:xian	v.	strive to realize
企业性质	qi:ye:xing:zhi	n.	nature of enterprise
医疗费用	yi:liao:fei:yong	n.	medical expenses
全世界的	quan:shi:jie:de	adj.	worldwide
庄家	zhuang:jia	n.	house (gambling)
赔	pei	v.	lose money
渊源	yuan:yuan	n.	origin
创下	chuang:xia	v.	set (a record)
涨	zhang	v.	rise
乌龟	wu:gui	n.	turtle
黄健翔	huang:jian:xiang	n.	Huang Jianxiang
帮助企业	bang:zhu:qi:ye	v.	help enterprise
点击下载	dian:ji:xia:zai	v.	click to download
检定	jian:ding	v.	verify
启蒙	qi:meng	v.	enlighten
好些	hao:xie	pron.	some
悬念	xuan:nian	n.	suspense
供不应求	gong:bu:ying:qiu	v.	supply falls short of demand
国际经济	guo:ji:jing:ji	n.	international economy
考勤	kao:qin	n.	attendance
凝固	ning:gu	v.	coagulate
凝固	ning:gu	v.	solidify
嘟	du	onom.	pout
崩	beng	v.	collapse
国际竞争力	guo:ji:jing:zheng:li	n.	international competitiveness
司法部	si:fa:bu	n.	Ministry of Justice
处女座	chu:nv:zuo	n.	Virgo
雷电	lei:dian	n.	thunder and lightning
不能不	bu:neng:bu	adv.	have to
怎么办呢	zen:me:ban:ne	int.	what to do
薛	xue	n.	Xue
经常性	jing:chang:xing	adj.	regular
农业机械	nong:ye:ji:xie	n.	agricultural machinery
站内搜索	zhan:nei:sou:suo	n.	on-site search
绝对不会	jue:dui:bu:hui	adv.	absolutely not
预付	yu:fu	v.	prepay
威望值	wei:wang:zhi	n.	prestige points
抢占	qiang:zhan	v.	seize
销售网络	xiao:shou:wang:luo	n.	sales network
藤	teng	n.	vine
品类	pin:lei	n.	category
罕见	han:jian	adj.	rare
早已经	zao:yi:jing	adv.	long ago
执行董事	zhi:xing:dong:shi	n.	executive director
猫猫	mao:mao	n.	kitty
是假	shi:jia	adj.	false
就变成	jiu:bian:cheng	v.	become
商业模式	shang:ye:mo:shi	n.	business model
税	shui	n.	tax
四环	si:huan	n.	fourth ring
长大了	zhang:da:le	v.	grown up
生物制品	sheng:wu:zhi:pin	n.	biological products
营业员	ying:ye:yuan	n.	salesperson
随笔	sui:bi	n.	essay
登记注册	deng:ji:zhu:ce	v.	register
就业服务	jiu:ye:fu:wu	n.	employment service
诗的	shi:de	adj.	poetic
课程设置	ke:cheng:she:zhi	n.	curriculum design
神经系统	shen:jing:xi:tong	n.	nervous system
逃走	tao:zou	v.	escape
可再生能源	ke:zai:sheng:neng:yuan	n.	renewable energy
荔枝	li:zhi	n.	lychee
通车	tong:che	v.	open to traffic
两套	liang:tao	mw.	two sets
磁性	ci:xing	n.	magnetism
技术部	ji:shu:bu	n.	technical department
贪污	tan:wu	v.	embezzle
四星级	si:xing:ji	adj.	four-star
玩忽职守	wan:hu:zhi:shou	v.	neglect duty
压缩包	ya:suo:bao	n.	compressed file
房地产企业	fang:di:chan:qi:ye	n.	real estate enterprise
谈不上	tan:bu:shang	v.	cannot be called
发展环境	fa:zhan:huan:jing	n.	development environment
套件	tao:jian	n.	suite
蜗牛	wo:niu	n.	snail
仪器设备	yi:qi:she:bei	n.	instrument and equipment
铁道部	tie:dao:bu	n.	Ministry of Railways
抵扣	di:kou	v.	deduct
面广	mian:guang	adj.	wide range
企业邮局	qi:ye:you:ju	n.	enterprise post office
复仇	fu:chou	v.	avenge
无耻	wu:chi	adj.	shameless
这群	zhe:qun	n.	this group
注明出处	zhu:ming:chu:chu	v.	cite source
寓意	yu:yi	n.	implied meaning
抓获	zhua:huo	v.	capture, arrest
将领	jiang:ling	n.	general, commander
枯	ku	adj.	withered, dried up
不足以	bu:zu:yi	adv.	not enough to
拉链	la:lian	n.	zipper
认证机构	ren:zheng:ji:gou	n.	certification body
演化	yan:hua	v.	evolve
演化	yan:hua	n.	evolution
检讨	jian:tao	n.	self-criticism
肝癌	gan:ai	n.	liver cancer
忠诚度	zhong:cheng:du	n.	loyalty
爱情故事	ai:qing:gu:shi	n.	love story
按月	an:yue	adv.	monthly
中介公司	zhong:jie:gong:si	n.	agency
经济运行	jing:ji:yun:xing	n.	economic operation
鞋业	xie:ye	n.	footwear industry
生活习惯	sheng:huo:xi:guan	n.	lifestyle, living habits
收敛	shou:lian	v.	restrain, curb
珍品	zhen:pin	n.	treasure, rarity
名贵	ming:gui	adj.	precious, costly
发展潜力	fa:zhan:qian:li	n.	development potential
抵抗力	di:kang:li	n.	resistance, immunity
陪着	pei:zhe	v.	accompany, stay with
这么多年	zhe:me:duo:nian	n.	so many years
出国留学	chu:guo:liu:xue	v.	study abroad
夜景	ye:jing	n.	night view, nightscape
友好的	you:hao:de	adj.	friendly, amicable
联系起来	lian:xi:qi:lai	v.	connect, link together
篡改	cuan:gai	v.	falsify, tamper with
明确提出	ming:que:ti:chu	v.	clearly put forward
这些年	zhe:xie:nian	n.	these years
调味	tiao:wei	v.	season, flavor
谋划	mou:hua	v.	plan, plot, scheme
评审委员会	ping:shen:wei:yuan:hui	n.	review committee
睡袋	shui:dai	n.	sleeping bag
历史悠久	li:shi:you:jiu	adj.	long history
停止了	ting:zhi:le	v.	stop
技术有限公司	ji:shu:you:xian:gong:si	n.	technology company limited
经贸委	jing:mao:wei	n.	Economic and Trade Commission
嫖客	piao:ke	n.	prostitute client
人才工作	ren:cai:gong:zuo	n.	talent work
择优	ze:you	v.	select the best
对白	dui:bai	n.	dialogue
广大客户	guang:da:ke:hu	n.	vast clientele
这个网站	zhe:ge:wang:zhan	n.	this website
会计核算	kuai:ji:he:suan	n.	accounting
不确定性	bu:que:ding:xing	n.	uncertainty
交易会	jiao:yi:hui	n.	trade fair
网络系统	wang:luo:xi:tong	n.	network system
劣势	lie:shi	n.	disadvantage
借此	jie:ci	conj.	by this means
经受	jing:shou	v.	endure
综合评价	zong:he:ping:jia	n.	comprehensive evaluation
华中	hua:zhong	n.	Central China
译	yi	v.	translate
市场准入	shi:chang:zhun:ru	n.	market access
帘	lian	n.	curtain
理想信念	li:xiang:xin:nian	n.	ideal and belief
鸟类	niao:lei	n.	birds
糖	tang	n.	sugar
糖	tang	n.	candy
深邃	shen:sui	adj.	profound
围巾	wei:jin	n.	scarf
怀	huai	v.	embrace
怀	huai	n.	bosom
电动机	dian:dong:ji	n.	electric motor
有心	you:xin	adj.	intentional
行动计划	xing:dong:ji:hua	n.	action plan
最关心	zui:guan:xin	v.	care most about
大中城市	da:zhong:cheng:shi	n.	large and medium-sized cities
方法论	fang:fa:lun	n.	methodology
鸡肉	ji:rou	n.	chicken meat
开到	kai:dao	v.	drive to
三中	san:zhong	num.	third
城南	cheng:nan	n.	south of the city
网络电话	wang:luo:dian:hua	n.	VoIP
吸毒	xi:du	v.	use drugs
真挚	zhen:zhi	adj.	sincere
驻外	zhu:wai	v.	be stationed abroad
二十一世纪	er:shi:yi:shi:ji	n.	21st century
废旧	fei:jiu	adj.	waste/old
指控	zhi:kong	v.	accuse
指控	zhi:kong	n.	accusation
愉	yu	adj.	pleasant
网络媒体	wang:luo:mei:ti	n.	online media
师长	shi:zhang	n.	commander
疏忽	shu:hu	v.	neglect
疏忽	shu:hu	n.	oversight
天鹅	tian:e	n.	swan
耐用	nai:yong	adj.	durable
市教育局	shi:jiao:yu:ju	n.	municipal education bureau
所知	suo:zhi	n.	what is known
骄	jiao	adj.	proud
徐汇区	xu:hui:qu	n.	Xuhui District
第四十七条	di:si:shi:qi:tiao	n.	article 47
金黄色	jin:huang:se	adj.	golden yellow
落到	luo:dao	v.	fall on
闪存	shan:cun	n.	flash memory
划转	hua:zhuan	v.	transfer
保单	bao:dan	n.	insurance policy
房屋拆迁	fang:wu:chai:qian	n.	demolition of houses
办公设备	ban:gong:she:bei	n.	office equipment
跨越式发展	kua:yue:shi:fa:zhan	n.	leapfrog development
计算方法	ji:suan:fang:fa	n.	calculation method
大客户	da:ke:hu	n.	key account
巨型	ju:xing	adj.	giant
农村信用社	nong:cun:xin:yong:she	n.	rural credit cooperative
屏障	ping:zhang	n.	barrier
透气	tou:qi	v.	breathe
透气	tou:qi	adj.	breathable
翻开	fan:kai	v.	open
逃脱	tao:tuo	v.	escape
集体经济	ji:ti:jing:ji	n.	collective economy
健康教育	jian:kang:jiao:yu	n.	health education
辈子	bei:zi	n.	lifetime
深化	shen:hua	v.	deepen
美国政府	mei:guo:zheng:fu	n.	US government
取下	qu:xia	v.	take down
旋风	xuan:feng	n.	whirlwind
羡	xian	v.	envy
行进	xing:jin	v.	advance
攻关	gong:guan	v.	tackle key problem
要钱	yao:qian	v.	ask for money
政府机构	zheng:fu:ji:gou	n.	government agency
尾灯	wei:deng	n.	tail light
吊顶	diao:ding	n.	suspended ceiling
国画	guo:hua	n.	traditional Chinese painting
争创	zheng:chuang	v.	strive to create
中南	zhong:nan	n.	Zhongnan
烟花爆竹	yan:hua:bao:zhu	n.	fireworks
月收入	yue:shou:ru	n.	monthly income
糕	gao	n.	cake
单机	dan:ji	n.	standalone machine
治疗方法	zhi:liao:fang:fa	n.	treatment method
大多数的	da:duo:shu:de	adj.	majority of
角逐	jue:zhu	v.	compete
彬	bin	n.	Bin
曲子	qu:zi	n.	tune
每张	mei:zhang	mw.	every sheet
收费项目	shou:fei:xiang:mu	n.	charge item
征用	zheng:yong	v.	requisition
愚	yu	adj.	foolish
安康	an:kang	adj.	peaceful and healthy
妥善	tuo:shan	adj.	proper
远去	yuan:qu	v.	go far away
城北	cheng:bei	n.	north of the city
迫不及待	po:bu:ji:dai	adj.	impatient
高尚的	gao:shang:de	adj.	noble
开销	kai:xiao	n.	expense
开销	kai:xiao	v.	spend
油条	you:tiao	n.	youtiao
出生于	chu:sheng:yu	v.	be born in
所购	suo:gou	n.	purchased items
下场	xia:chang	n.	end/outcome
下场	xia:chang	v.	get into/enter
来历	lai:li	n.	origin/background
狮子座	shi:zi:zuo	n.	Leo
监制	jian:zhi	v.	supervise production
犯罪分子	fan:zui:fen:zi	n.	criminal
融为一体	rong:wei:yi:ti	v.	integrate
安全带	an:quan:dai	n.	seat belt
基地建设	ji:di:jian:she	n.	base construction
包装材料	bao:zhuang:cai:liao	n.	packaging material
外衣	wai:yi	n.	outerwear
鱼儿	yu:er	n.	fish
产妇	chan:fu	n.	woman in childbirth
防疫	fang:yi	v.	prevent and control epidemic
技术交流	ji:shu:jiao:liu	n.	technical exchange
带我	dai:wo	v.	take me
已婚	yi:hun	adj.	married
黑社会	hei:she:hui	n.	organized crime
几大	ji:da	num.	several major
侦探	zhen:tan	n.	detective
疏	shu	adj.	sparse
疏	shu	v.	neglect
叶酸	ye:suan	n.	folic acid
小腿	xiao:tui	n.	calf
保住	bao:zhu	v.	keep
起作用	qi:zuo:yong	v.	take effect
伤痛	shang:tong	n.	pain
伤痛	shang:tong	v.	hurt
育种	yu:zhong	n.	breeding
格林	ge:lin	n.	Grimm
统治者	tong:zhi:zhe	n.	ruler
新旧	xin:jiu	adj.	new and old
重返	chong:fan	v.	return
得益于	de:yi:yu	v.	benefit from
乳腺癌	ru:xian:ai	n.	breast cancer
社科	she:ke	n.	social sciences
炫耀	xuan:yao	v.	show off
引进了	yin:jin:le	v.	introduce, import
翰	han	n.	writing/brush
中国网通	zhong:guo:wang:tong	n.	China Netcom
更像	geng:xiang	v.	resemble more
能找到	neng:zhao:dao	v.	can find
帮她	bang:ta	v.	help her
堵	du	v.	block
堵	du	adj.	stuffy/congested
自以为	zi:yi:wei	v.	think oneself
劳动力市场	lao:dong:li:shi:chang	n.	labor market
注视	zhu:shi	v.	gaze at
昨天晚上	zuo:tian:wan:shang	n.	last night
九个	jiu:ge	num.	9
家乐福	jia:le:fu	n.	Carrefour
有关系	you:guan:xi	v.	be related
地方财政	di:fang:cai:zheng	n.	local finance
签订合同	qian:ding:he:tong	v.	sign a contract
还是会	hai:shi:hui	adv.	still will
水箱	shui:xiang	n.	water tank
销售经理	xiao:shou:jing:li	n.	sales manager
分钱	fen:qian	v.	split money
开课	kai:ke	v.	start a course
面条	mian:tiao	n.	noodles
一剑	yi:jian	num.	one sword
右边的	you:bian:de	adj.	right-side
显出	xian:chu	v.	show
诚招	cheng:zhao	v.	sincerely recruit
腕	wan	n.	wrist
腕	wan	n.	skill
火炬	huo:ju	n.	torch
另一半	ling:yi:ban	n.	other half
反倒	fan:dao	adv.	on the contrary
贴上	tie:shang	v.	paste on
统一思想	tong:yi:si:xiang	v.	unify thinking
那双	na:shuang	num.	that pair
奇幻	qi:huan	adj.	fantasy
署名	shu:ming	v.	sign
署名	shu:ming	n.	signature
杂交	za:jiao	v.	crossbreed
中餐	zhong:can	n.	Chinese food
何在	he:zai	v.	where is
种苗	zhong:miao	n.	seedling
她才	ta:cai	pron.	she only
那么多的	na:me:duo:de	adj.	so many
林业局	lin:ye:ju	n.	forestry bureau
随身携带	sui:shen:xie:dai	v.	carry with one's person
有信心	you:xin:xin	v.	have confidence
车	ju	n.	vehicle
考查	kao:cha	v.	examine
起兴	qi:xing	v.	start with an allusion
市亩	shi:mu	n.	mu (unit of area)
原产	yuan:chan	v.	originate from
原产	yuan:chan	adj.	native
脱水	tuo:shui	v.	dehydrate
一缕	yi:lv	mw.	a wisp
吃亏	chi:kui	v.	suffer a loss
攻读	gong:du	v.	study intensively
深感	shen:gan	v.	feel deeply
有实力	you:shi:li	v.	have strength
不健康	bu:jian:kang	adj.	unhealthy
国税局	guo:shui:ju	n.	tax bureau
以备	yi:bei	conj.	in order to prepare for
复议	fu:yi	v.	reconsider
数据中心	shu:ju:zhong:xin	n.	data center
眸	mou	n.	eye
互利	hu:li	v.	mutually benefit
工业设计	gong:ye:she:ji	n.	industrial design
