# zh-es: Chinese candidates -> Spanish. Generated; edit corrections/zh-es.tsv instead (see CONTRIBUTING.md).
word	reading	pos	translation
的	de	part.	partícula de posesión
一	yi	num.	uno
是	shi	v.	ser
我	wo	pron.	yo
江泽民	jiang:ze:min	n.	Jiang Zemin
江泽民同志	jiang:ze:min:tong:zhi	n.	camarada Jiang Zemin
在	zai	v.	estar
在	zai	adv.	en proceso de
人	ren	n.	persona
有	you	v.	tener
这	zhe	pron.	este
这	zhei	pron.	este (hablado)
他	ta	pron.	él
来	lai	v.	venir
个	ge	mw.	clasificador general
版权	ban:quan	n.	derechos de autor
三国群英传	san:guo:qun:ying:zhuan	n.	Heroes of the Three Kingdoms
说	shuo	v.	decir
说	shuo	n.	discurso
上	shang	v.	subir
上	shang	n.	encima
到	dao	v.	llegar
到	dao	prep.	hasta
就	jiu	adv.	entonces
就	jiu	v.	acercarse
大	da	adj.	grande
那	na	pron.	ese
也	ye	adv.	también
嗯	eng	int.	hmm
嗯	en	int.	sí
吗	ma	part.	partícula interrogativa
或	huo	conj.	o
或	huo	adv.	quizás
地	de	part.	partícula adverbial
地	di	n.	tierra
地	di	n.	lugar
子	zi	n.	niño
子	zi	n.	hijo
请	qing	v.	invitar
下	xia	v.	bajar
时	shi	n.	tiempo
看	kan	v.	mirar
看	kan	v.	leer
要	yao	v.	querer
要	yao	part.	ir a
她	ta	pron.	ella
放	fang	v.	poner
中	zhong	n.	centro
没	mei	adv.	no
但	dan	conj.	pero
然	ran	adv.	thus
里	li	n.	dentro
为	wei	prep.	para
过	guo	part.	partícula de experiencia
自	zi	prep.	sí mismo
好	hao	adj.	bueno
得	de	part.	partícula de resultado
得	dei	v.	tener que
去	qu	v.	ir
会	hui	v.	poder
会	hui	n.	reunión
天	tian	n.	cielo
天	tian	n.	día
还	hai	adv.	todavía
后	hou	n.	atrás
以	yi	prep.	por
小	xiao	adj.	pequeño
和	he	conj.	y
对	dui	adj.	correcto
对	dui	prep.	hacia
想	xiang	v.	pensar
级	ji	n.	nivel
起	qi	v.	levantarse
房地产	fang:di:chan	n.	bienes raíces
神	shen	n.	dios
神	shen	adj.	asinombre
深	shen	adj.	profundo
啊	a	part.	partícula exclamativa
啊	a	int.	ah
制度	zhi:du	n.	sistema
集	ji	v.	reunir
集	ji	n.	colección
手	shou	n.	mano
而	er	conj.	y
只	zhi	adv.	solo
只	zhi	mw.	(clasificador para animales)
生	sheng	v.	nacer
生	sheng	n.	vida
头	tou	n.	cabeza
事	shi	n.	asunto
多	duo	adj.	mucho
模式	mo:shi	n.	patrón
家	jia	n.	casa
家	jia	n.	experto
面	mian	n.	cara
改革	gai:ge	n.	reforma
改革	gai:ge	v.	reformar
知	zhi	v.	saber
开	kai	v.	abrir
如	ru	v.	como
权利	quan:li	n.	derecho
无	wu	v.	sin
很	hen	adv.	muy
点	dian	n.	punto
点	dian	mw.	un poco
前	qian	n.	delante
发	fa	v.	enviar
经	jing	v.	pasar por
按	an	prep.	según
按	an	v.	pulsar
把	ba	n.	asa
把	ba	mw.	manojo
老	lao	adj.	viejo
些	xie	mw.	algunos
话	hua	n.	palabra
已	yi	adv.	ya
又	you	adv.	otra vez
声	sheng	n.	sonido
意	yi	n.	sentido
啦	la	part.	partícula exclamativa
回	hui	v.	volver
回	hui	mw.	(clasificador para veces)
笑	xiao	v.	reír
哦	o	int.	oh
所	suo	n.	lugar
眼	yan	n.	ojo
了	le	part.	partícula de perfecto
成	cheng	v.	llegar a ser
年	nian	n.	año
见	jian	v.	ver
当	dang	v.	actuar como
当	dang	adv.	cuando
监督	jian:du	v.	supervisar
女	nv	n.	mujer
真	zhen	adj.	verdad
两	liang	num.	dos
力	li	n.	fuerza
做	zuo	v.	hacer
规范	gui:fan	n.	norma
规范	gui:fan	v.	reglamentar
气	qi	n.	aire
气	qi	n.	ira
从	cong	prep.	desde
用	yong	v.	usar
长	chang	adj.	largo
长	zhang	v.	crecer
长	zhang	adj.	mayor
动	dong	v.	mover
间	jian	n.	habitación
国	guo	n.	país
守法	shou:fa	v.	respetar la ley
晒	shai	v.	getar al sol
走	zou	v.	caminar
让	rang	v.	dejar
被	bei	part.	marca de pasivo
不	bu	adv.	no
给	gei	v.	dar
正	zheng	adj.	recto
问	wen	v.	preguntar
打	da	v.	golpear
明	ming	adj.	brillante
儿	er	n.	niño
法	fa	n.	ley
才	cai	adv.	sólo entonces
几	ji	num.	varios
行	hang	n.	fila
行	xing	adj.	vale
三	san	num.	3
定	ding	v.	decidir
此	ci	pron.	esto
进	jin	v.	entrar
再	zai	adv.	otra vez
种	zhong	mw.	tipo
将	jiang	prep.	futuro
实	shi	adj.	real
实	shi	adj.	sólido
实	shi	n.	verdad
同	tong	adj.	mismo
最	zui	adv.	el más
本	ben	mw.	tomo (libros)
向	xiang	prep.	hacia
法院	fa:yuan	n.	tribunal
分	fen	v.	dividir
十	shi	num.	10
学	xue	v.	estudiar
高	gao	adj.	alto
第	di	part.	prefijo ordinal
感	gan	v.	sentir
怎	zen	pron.	cómo
侵犯	qin:fan	v.	violar
连	lian	conj.	incluso
听	ting	v.	escuchar
边	bian	n.	lado
作	zuo	v.	hacer
其	qi	pron.	su
吧	ba	part.	partícula de sugerencia
却	que	adv.	sin embargo
口	kou	n.	boca
觉	jue	v.	sentir
因	yin	conj.	porque
白	bai	adj.	blanco
五个亿	wu:ge:yi	num.	500 millones
次	ci	mw.	vez
出	chu	v.	salir
洗	xi	v.	lavar
外	wai	adj.	exterior
新	xin	adj.	nuevo
光	guang	n.	luz
风	feng	n.	viento
住	zhu	v.	vivir
果	guo	n.	fruta
果	guo	n.	resultado
与	yu	prep.	con
与	yu	conj.	y
全	quan	adj.	completo
全	quan	adv.	completamente
收购	shou:gou	v.	adquirir
收购	shou:gou	n.	adquisición
二	er	num.	dos
候	hou	v.	esperar
非法	fei:fa	adj.	ilegal
公	gong	adj.	público
相	xiang	adv.	mutuamente
相	xiang	n.	apariencia
等	deng	v.	esperar
等	deng	adj.	igual
等	deng	pron.	etc.
别	bie	adv.	nova
别	bie	adj.	otro
色	se	n.	color
死	si	v.	morir
死	si	adj.	muerto
张	zhang	mw.	(CL: objetos planos)
部	bu	n.	departamento
部	bu	mw.	medida para obras
太	tai	adv.	demasiado
日	ri	n.	día
日	ri	n.	sol
少	shao	adj.	poco
少	shao	v.	faltar
发展	fa:zhan	v.	desarrollarse
发展	fa:zhan	n.	desarrollo
理	li	n.	razón
理	li	v.	gestionar
直	zhi	adj.	recto
直	zhi	adv.	directamente
重	zhong	adj.	pesado
重	zhong	adj.	importante
王	wang	n.	rey
像	xiang	v.	parecerse
像	xiang	n.	imagen
上市公司	shang:shi:gong:si	n.	empresa cotizada
脸	lian	n.	cara
比	bi	prep.	que
比	bi	v.	comparar
快	kuai	adj.	rápido
快	kuai	adj.	feliz
及	ji	conj.	y
及	ji	v.	alcanzar
何	he	pron.	qué
水	shui	n.	agua
名	ming	n.	nombre
名	ming	mw.	medida para personas
东	dong	n.	este
叫	jiao	v.	llamarse
叫	jiao	v.	gritar
西	xi	n.	oeste
土豆	tu:dou	n.	patata
应	ying	v.	deber
违法	wei:fa	v.	violentar la ley
违法	wei:fa	adj.	illegal
便	bian	adv.	entonces
便	bian	adj.	práctico
马	ma	n.	caballo
难	nan	adj.	difícil
难	nan	adj.	desagradable
轻	qing	adj.	ligero
部门	bu:men	n.	departamento
更	geng	adv.	más
美	mei	adj.	bonito
美	mei	n.	América
位	wei	mw.	clasificador de personas
关	guan	v.	cerrar
关	guan	v.	apagar
机	ji	n.	máquina
接	jie	v.	recibir
接	jie	v.	conectar
先	xian	adv.	primero
文	wen	n.	texto
处	chu	n.	lugar
并	bing	conj.	y
并	bing	adv.	simultáneamente
望	wang	v.	esperar
望	wang	v.	mirar
常	chang	adv.	a menudo
完	wan	v.	terminar
完	wan	adv.	completamente
政府	zheng:fu	n.	gobierno
着	zhe	part.	marcador de aspecto progresivo
于	yu	prep.	en
四	si	num.	cuatro
飞	fei	v.	volar
飞	fei	adj.	veloz
师	shi	n.	maestro
师	shi	n.	profesor
者	zhe	part.	-_persona que
清	qing	adj.	claro
清	qing	v.	limpiar
刚	gang	adv.	acabar de
心	xin	n.	corazón
心	xin	n.	mente
跟	gen	prep.	con
跟	gen	v.	seguir
信	xin	n.	carta
信	xin	v.	creer
山	shan	n.	montaña
爱	ai	v.	amar
爱	ai	n.	amor
内	nei	n.	interior
龙	long	n.	dragón
空	kong	adj.	vacío
空	kong	n.	cielo
带	dai	v.	llevar
找	zhao	v.	buscar
原	yuan	n.	origen
入	ru	v.	entrar
李	li	n.	ciruela
吃	chi	v.	comer
场	chang	n.	lugar
平	ping	adj.	plano
思	si	v.	pensar
林	lin	n.	bosque
变	bian	v.	cambiar
轿车	jiao:che	n.	sedán
轿车	jiao:che	n.	coche
你	ni	pron.	tú
使	shi	v.	usar
由	you	prep.	de
经济	jing:ji	n.	economía
翻	fan	v.	voltear
受	shou	v.	recibir
亲	qin	adj.	cercano
服务	fu:wu	v.	servir
命	ming	n.	vida
目	mu	n.	ojo
执法	zhi:fa	v.	hacer cumplir la ley
强	qiang	adj.	fuerte
屎	shi	n.	heces
男	nan	n.	masculino
任	ren	v.	nombrar
该	gai	pron.	ese
该	gai	part.	deber
有关部门	you:guan:bu:men	n.	departamentos competentes
路	lu	n.	camino
车	che	n.	vehículo
今	jin	n.	ahora
海	hai	n.	mar
加	jia	v.	añadir
公司	gong:si	n.	empresa
远	yuan	adj.	lejos
活	huo	v.	vivir
特	te	adv.	especialmente
解	jie	v.	resolver
电	dian	n.	electricidad
世	shi	n.	mundo
性	xing	n.	naturaleza
性	xing	n.	sexo
表	biao	n.	tabla
表	biao	n.	reloj
许	xu	v.	permitir
它	ta	pron.	ello, él
立	li	v.	estar de pie
黑	hei	adj.	negro
金	jin	n.	oro
债券	zhai:quan	n.	bono
红	hong	adj.	rojo
花	hua	n.	flor
转	zhuan	v.	girar
总	zong	adj.	total
算	suan	v.	calcular
披露	pi:lu	v.	revelar
城	cheng	n.	ciudad
队	dui	n.	equipo
孩	hai	n.	niño
反	fan	adj.	inverso
工	gong	n.	trabajo
始	shi	v.	empezar
满	man	adj.	lleno
兵	bing	n.	soldado
物	wu	n.	cosa
离	li	v.	dejar
非	fei	n.	error
虽	sui	conj.	aunque
云	yun	n.	nube
似	si	v.	parecerse
似	si	prep.	como
万	wan	num.	10.000
至	zhi	v.	llegar
干	gan	adj.	seco
专利	zhuan:li	n.	patente
通	tong	v.	pasar
通	tong	adj.	directo
通	tong	v.	conectar
认	ren	v.	reconocer
失	shi	v.	perder
火	huo	n.	fuego
哥	ge	n.	hermano mayor
士	shi	n.	caballero
之	zhi	part.	de
五	wu	num.	cinco
惊	jing	v.	sorprenderse
现	xian	v.	aparecer
魔	mo	n.	demonio
竟	jing	adv.	inesperadamente
竟	jing	v.	completar
姐	jie	n.	hermana mayor
乎	hu	part.	de
主	zhu	n.	amo
剑	jian	n.	espada
苹果	ping:guo	n.	manzana
往	wang	prep.	hacia
量	liang	n.	cantidad
早	zao	adj.	temprano
董事长	dong:shi:zhang	n.	presidente
结	jie	v.	atendar
北京	bei:jing	n.	Pekín
怕	pa	v.	temer
流	liu	v.	fluir
二手车	er:shou:che	n.	coche de segunda mano
删	shan	v.	eliminar
湿	shi	adj.	mojo
突	tu	v.	salir
坐	zuo	v.	sentarse
斯	si	pron.	esto
音	yin	n.	sonido
紧	jin	adj.	ajustado
指	zhi	v.	señalar
半	ban	num.	mitad
记	ji	v.	recordar
记	ji	n.	nota
且	qie	conj.	además
利	li	n.	beneficio
利	li	adj.	agudo
合	he	v.	combinar
倒	dao	v.	caerse
倒	dao	adv.	al revés
书	shu	n.	libro
微	wei	adj.	minúsculo
步	bu	n.	paso
们	men	part.	marcador de plural
教	jiao	v.	enseñar
教	jiao	n.	religión
喜	xi	v.	gustar
喜	xi	n.	alegría
可	ke	part.	poder
越	yue	v.	cruzar
越	yue	adv.	cada vez más
影	ying	n.	sombra
谁	shei	pron.	quién
谁	shui	pron.	quién
冷	leng	adj.	frío
道	dao	n.	camino
道	dao	v.	decir
实现	shi:xian	v.	realizar
告	gao	v.	decir
落	luo	v.	caerse
市场	shi:chang	n.	mercado
象	xiang	n.	elefante
容	rong	v.	contener
容	rong	n.	apariencia
怪	guai	adj.	extraño
怪	guai	v.	echar la culpa
传	chuan	v.	transmitir
传	chuan	n.	biografía
钱	qian	n.	dinero
季	ji	n.	estación
提	ti	v.	llevar
提	ti	v.	mencionar
言	yan	n.	palabra
言	yan	v.	decir
招标	zhao:biao	v.	llamar a licitación
养	yang	v.	criar
随	sui	v.	seguir
每	mei	pron.	cada
双	shuang	mw.	par
服	fu	n.	ropa
服	fu	v.	servir
击	ji	v.	golpear
急	ji	adj.	urgente
鸡	ji	n.	pollo
挤	ji	v.	apretar
武	wu	adj.	marcial
哪	na	pron.	cuál
换	huan	v.	cambiar
数	shu	num.	número
数	shu	v.	contar
站	zhan	v.	estar de pie
站	zhan	n.	estación
签约	qian:yue	v.	firmar un contrato
微信	wei:xin	n.	WeChat
奇	qi	adj.	extraño
房	fang	n.	casa
安	an	adj.	tranquilo
管	guan	v.	gestionar
管	guan	n.	tubo
刻	ke	mw.	cuarto de hora
刻	ke	v.	tallar
啥	sha	pron.	qué (coloq.)
题	ti	n.	pregunta
题	ti	n.	título
衣	yi	n.	prenda
周	zhou	n.	semana
周	zhou	adj.	minucioso
样	yang	n.	aspecto
静	jing	adj.	tranquilo
伤	shang	v.	herir
百	bai	num.	cien
哇	wa	int.	guau
拿	na	v.	coger
妈	ma	n.	mamá
办	ban	v.	gestionar
星	xing	n.	estrella
化	hua	v.	transformarse
功	gong	n.	mérito
绝	jue	v.	cortar
令	ling	v.	ordenar
系	ji	v.	atar
系	xi	v.	ser
般	ban	part.	tipo de
必	bi	adv.	seguramente
业	ye	n.	negocio
尔	er	pron.	tú
件	jian	mw.	pieza
血	xie	n.	sangre
血	xue	n.	sangre
代	dai	n.	generación
精	jing	adj.	refinado
只会	zhi:hui	adv.	solo saber cómo
弟	di	n.	hermano menor
终	zhong	adv.	por fin
评论	ping:lun	n.	comentario
近	jin	adj.	cercano
条	tiao	mw.	tira
战	zhan	n.	guerra
值	zhi	v.	valer
猥琐	wei:suo	adj.	aborrecible
搭理	da:li	v.	hacer caso
青	qing	adj.	verde
界	jie	n.	mundo
司	si	n.	departamento
整	zheng	adj.	entero
字	zi	n.	carácter
晚	wan	adj.	tarde
民	min	n.	pueblo
帮	bang	v.	ayudar
只是	zhi:shi	adv.	solamente
切	qie	v.	cortar
即	ji	conj.	es decir
忙	mang	adj.	ocupado
交	jiao	v.	entregar
支持	zhi:chi	v.	apoyar
暗	an	adj.	oscuro
夫	fu	n.	marido
员	yuan	n.	miembro
根	gen	mw.	raíz
石	shi	n.	piedra
哈	ha	onom.	ja
灵	ling	adj.	eficaz
夜	ye	n.	noche
父	fu	n.	padre
制	zhi	v.	fabricar
友	you	n.	amigo
阿	a	part.	prefijo
美国	mei:guo	n.	Estados Unidos
息	xi	n.	aliento
欺诈	qi:zha	v.	fraudar
冲	chong	v.	precipitarse
九	jiu	num.	nueve
保	bao	v.	proteger
片	pian	mw.	rodaja
形	xing	n.	forma
阵	zhen	mw.	ráfaga
冷静	leng:jing	adj.	tranquilo
南	nan	n.	sur
决	jue	v.	decidir
各	ge	pron.	cada
报	bao	v.	informar
兴	xing	n.	entusiasmo
既	ji	adv.	ya
阳	yang	n.	sol
院长	yuan:zhang	n.	director
语	yu	n.	lengua
亿	yi	num.	mil millones
错	cuo	adj.	equocado
超	chao	v.	exceder
协商	xie:shang	v.	consultar
刘	liu	n.	Liu
极	ji	adv.	extremadamente
度	du	mw.	grado
识	shi	v.	conocer
新车	xin:che	n.	coche nuevo
备	bei	v.	preparar
慢	man	adj.	lento
雪	xue	n.	nieve
蛋糕	dan:gao	n.	pastel
机构	ji:gou	n.	organización
苦	ku	adj.	amargo
若	ruo	conj.	si
领	ling	v.	liderar
收	shou	v.	recibir
底	di	n.	fondo
尽	jin	v.	agotar
准	zhun	adj.	exacto
能力	neng:li	n.	capacidad
资源	zi:yuan	n.	recurso
计划	ji:hua	n.	plan
华	hua	n.	China
体	ti	n.	cuerpo
答	da	v.	responder
众	zhong	n.	multitud
千	qian	num.	mil
消	xiao	v.	desaparecer
筛	shai	v.	cernar
视	shi	v.	mirar
罗	luo	n.	gasa
敢	gan	v.	atreverse
留	liu	v.	quedarse
克	ke	mw.	gramo
系统	xi:tong	n.	sistema
乐	le	n.	música
省委	sheng:wei	n.	comité provincial
够	gou	v.	bastar
梨	li	n.	pera
跑	pao	v.	correr
显	xian	adj.	evidente
嘴	zui	n.	boca
官	guan	n.	funcionario
断	duan	v.	romper
未	wei	adv.	todavía
势	shi	n.	fuerza
巨	ju	adj.	enorme
求	qiu	v.	buscar
计	ji	v.	calcular
论	lun	v.	discutir
证券	zheng:quan	n.	valor
达	da	v.	llegar
则	ze	conj.	entonces
害	hai	v.	dañar
八	ba	num.	ocho
单	dan	adj.	sencillo
酒	jiu	n.	alcohol
脚	jiao	n.	pie
德	de	n.	virtud
元	yuan	n.	yuan
脑	nao	n.	cerebro
楚	chu	adj.	claro
雨	yu	n.	lluvia
睛	jing	n.	ojo
响	xiang	v.	sonar
刀	dao	n.	cuchillo
分享	fen:xiang	v.	compartir
确	que	adj.	seguro
玉	yu	n.	jade
产品	chan:pin	n.	producto
沉	chen	v.	hundirse
北	bei	n.	norte
格	ge	n.	norma
停	ting	v.	detenerse
陈	chen	adj.	viejo
市	shi	n.	ciudad
朝	chao	prep.	nombrar
门户网站	men:hu:wang:zhan	n.	portal
牛奶	niu:nai	n.	leche
喝	he	v.	beber
组	zu	v.	organizar
江	jiang	n.	río
债务	zhai:wu	n.	deuda
团	tuan	n.	grupo
母	mu	n.	madre
章	zhang	n.	capítulo
保险公司	bao:xian:gong:si	n.	compañía de seguros
装	zhuang	v.	instalar
判决	pan:jue	n.	sentencia
亮	liang	adj.	brillante
举	ju	v.	levantar
客	ke	n.	invitado
照	zhao	v.	iluminar
乱	luan	adj.	caótico
汇报	hui:bao	v.	informar
易	yi	adj.	fácil
极其	ji:qi	adv.	extremadamente
足	zu	n.	pie
依	yi	v.	depender
黄	huang	adj.	amarillo
修	xiu	v.	reparar
破	po	adj.	roto
台	tai	mw.	clasificador para aparatos
球	qiu	n.	pelota
呀	ya	part.	partícula exclamativa
院	yuan	n.	patio
送	song	v.	enviar
包	bao	n.	bolsa
义	yi	n.	justicia
诉	su	v.	decir
攻	gong	v.	atacar
网络	wang:luo	n.	red
丝	si	n.	seda
围	wei	v.	rodear
玩	wan	v.	jugar
待	dai	v.	esperar
复	fu	v.	repetir
况	kuang	n.	estado
楼	lou	n.	edificio
丽	li	adj.	bello
痛	tong	adj.	doloroso
梦	meng	n.	sueño
呼	hu	v.	llamar
摇	yao	v.	sacudir
期	qi	n.	período
英	ying	n.	Inglaterra
低	di	adj.	bajo
帝	di	n.	emperador
承包	cheng:bao	v.	contratar
兄	xiong	n.	hermano mayor
背	bei	n.	espalda
提升	ti:sheng	v.	elevar
持	chi	v.	sostener
爷	ye	n.	amo
皇	huang	n.	emperador
七	qi	num.	siete
摩托车	mo:tuo:che	n.	motocicleta
六	liu	num.	seis
穿	chuan	v.	llevar
都	dou	adv.	todos
杨	yang	n.	álamo
政	zheng	n.	política
运	yun	v.	transportar
叶	ye	n.	hoja
热	re	adj.	caliente
校	xiao	n.	escuela
谢	xie	v.	agradecer
曾	ceng	adv.	una vez
古	gu	adj.	antiguo
生效	sheng:xiao	v.	entrar en vigor
市场经济	shi:chang:jing:ji	n.	economía de mercado
细	xi	adj.	fino
产	chan	v.	producir
睡	shui	v.	dormir
希	xi	v.	esperar
速	su	n.	velocidad
室	shi	n.	habitación
报告	bao:gao	v.	informar
报告	bao:gao	n.	informe
旁	pang	n.	lado
另	ling	adj.	otro
拆迁	chai:qian	v.	reubicar y demoler
露	lu	v.	revelar
露	lu	n.	rocío
精神	jing:shen	n.	espíritu
精神	jing:shen	adj.	viguroso
饿	e	adj.	hambriento
异	yi	adj.	distinto
写	xie	v.	escribir
鬼	gui	n.	fantasma
娘	niang	n.	madre
取	qu	v.	tomar
式	shi	n.	estilo
指的是	zhi:de:shi	v.	referirse a
除	chu	prep.	excepto
除	chu	v.	eliminar
建	jian	v.	construir
愿	yuan	v.	desear
愿	yuan	part.	dispuesto
查处	cha:chu	v.	investigar y sancionar
招	zhao	v.	reclutar
招	zhao	v.	parar
面包	mian:bao	n.	pan
饭	fan	n.	arroz
饭	fan	n.	comida
布	bu	n.	tela
续	xu	v.	continuar
程	cheng	n.	trayecto
程	cheng	mw.	grado
首	shou	n.	cabeza
首	shou	num.	primero
观	guan	v.	observar
观	guan	n.	visión
务	wu	n.	asunto
掉	diao	v.	caer
掉	diao	v.	perder
赶	gan	v.	alcanzar
忽	hu	adv.	de repente
注	zhu	v.	verter
注	zhu	v.	prestar atención
身	shen	n.	cuerpo
产业	chan:ye	n.	industria
医院	yi:yuan	n.	hospital
检查	jian:cha	v.	revisar
检查	jian:cha	n.	inspección
术	shu	n.	técnica
标注	biao:zhu	v.	anotar
甚	shen	adv.	muy
用车	yong:che	n.	uso de vehículo
差	cha	adj.	malo
差	cha	v.	faltar
呵	he	onom.	oh
展	zhan	v.	exhibir
展	zhan	v.	desplegar
争	zheng	v.	competir
品	pin	n.	producto
宝	bao	n.	tesoro
香	xiang	adj.	perfumado
斗	dou	v.	luchar
斗	dou	mw.	medida
故	gu	n.	razón
故	gu	n.	fallecido
雷	lei	n.	trueno
念	nian	v.	leer
念	nian	v.	pensar
段	duan	mw.	párrafo
顿	dun	mw.	vez
顿	dun	v.	pausar
角	jiao	n.	cuerno
角	jiao	n.	esquina
疑	yi	v.	dudar
章程	zhang:cheng	n.	reglamento
护	hu	v.	proteger
缺陷	que:xian	n.	defecto
闪	shan	v.	esquivar
闪	shan	v.	destellar
执行	zhi:xing	v.	ejecutar
木	mu	n.	madera
熊猫	xiong:mao	n.	panda
月	yue	n.	luna
戒指	jie:zhi	n.	anillo
需	xu	v.	necesitar
调	diao	v.	trasladar
调	tiao	v.	ajustar
类	lei	n.	tipo
妹	mei	n.	hermana menor
爸	ba	n.	papá
线	xian	n.	hilo
左	zuo	n.	izquierda
游	you	v.	nadar
派	pai	n.	facción
谈	tan	v.	hablar
行业	hang:ye	n.	sector
激	ji	adj.	intenso
呃	e	int.	eh
冰	bing	n.	hielo
敌	di	n.	enemigo
跳	tiao	v.	saltar
支	zhi	mw.	medida de palos
默认	mo:ren	v.	dejar por defecto
宏观调控	hong:guan:tiao:kong	n.	regulación macroeconómica
居	ju	v.	residir
约	yue	v.	aproximadamente
学校	xue:xiao	n.	escuela
巴	ba	v.	pegarse
您	nin	pron.	usted
顾	gu	v.	cuidar
肯	ken	v.	estar dispuesto a
醒	xing	v.	despertar
铁	tie	n.	hierro
抱	bao	v.	abrazar
抱	bao	v.	sostener
需求	xu:qiu	n.	demanda
淡	dan	adj.	insípido
造	zao	v.	fabricar
伙	huo	n.	compañero
资	zi	n.	capital
群	qun	mw.	grupo
联	lian	v.	unir
商	shang	n.	comercio
号	hao	n.	número
调整	tiao:zheng	v.	ajustar
豆腐	dou:fu	n.	tofu
节	jie	n.	fiesta
键	jian	n.	tecla
讲	jiang	v.	hablar
事实	shi:shi	n.	hecho
掌	zhang	n.	palma
我们	wo:men	pron.	nosotros
一个	yi:ge	num.	uno
赵	zhao	n.	Zhao (apellido)
自己	zi:ji	pron.	sí mismo
注册	zhu:ce	v.	registrarse
进行	jin:xing	v.	llevar a cabo
工作	gong:zuo	n.	trabajo
企业	qi:ye	n.	empresa
密	mi	adj.	denso
久	jiu	adj.	largo (tiempo)
病	bing	n.	enfermedad
病	bing	v.	enfermar
中国	zhong:guo	n.	China
可以	ke:yi	v.	poder
积分	ji:fen	n.	puntos
如果	ru:guo	conj.	si
没有	mei:you	v.	no tener
没有	mei:you	adv.	no
时间	shi:jian	n.	tiempo
问题	wen:ti	n.	pregunta
问题	wen:ti	n.	problema
使用	shi:yong	v.	usar
使用	shi:yong	n.	uso
信息	xin:xi	n.	información
他们	ta:men	pron.	ellos
或者	huo:zhe	conj.	o
或者	huo:zhe	adv.	quizás
要求	yao:qiu	v.	pedir
要求	yao:qiu	n.	petición
卫	wei	v.	guardar
通过	tong:guo	prep.	mediante
通过	tong:guo	v.	pasar
文章	wen:zhang	n.	artículo
米	mi	n.	arroz
米	mi	mw.	metro
就是	jiu:shi	adv.	justamente
就是	jiu:shi	v.	ser justo que
威	wei	n.	prestigio
这个	zhe:ge	pron.	este
等级	deng:ji	n.	rango
管理	guan:li	v.	gestionar
管理	guan:li	n.	gestión
论坛	lun:tan	n.	foro
提供	ti:gong	v.	proporcionar
遗产	yi:chan	n.	herencia
作者	zuo:zhe	n.	autor
精华	jing:hua	n.	esencia
状态	zhuang:tai	n.	estado
需要	xu:yao	v.	necesitar
同时	tong:shi	adv.	al mismo tiempo
同时	tong:shi	conj.	además
以及	yi:ji	conj.	así como
继	ji	v.	continuar
一些	yi:xie	num.	algunos
现在	xian:zai	n.	ahora
渐	jian	adv.	gradualmente
这样	zhe:yang	pron.	así
内容	nei:rong	n.	contenido
以上	yi:shang	n.	lo anterior
统	tong	v.	unificar
因为	yin:wei	conj.	porque
规定	gui:ding	v.	establecer
规定	gui:ding	n.	normación
时候	shi:hou	n.	momento
但是	dan:shi	conj.	pero
所以	suo:yi	conj.	por eso
国家	guo:jia	n.	estado
技术	ji:shu	n.	tecnología
这些	zhe:xie	pron.	estos
价格	jia:ge	n.	precio
帖子	tie:zi	n.	entrada
网站	wang:zhan	n.	sitio web
用户	yong:hu	n.	usuario
活动	huo:dong	n.	actividad
活动	huo:dong	v.	activarse
电话	dian:hua	n.	teléfono
项目	xiang:mu	n.	proyecto
已经	yi:jing	adv.	ya
目前	mu:qian	n.	actualmente
具有	ju:you	v.	poseer
所有	suo:you	pron.	todos
学生	xue:sheng	n.	estudiante
其他	qi:ta	adj.	otro
其他	qi:ta	n.	otra cosa
根据	gen:ju	prep.	sigún
根据	gen:ju	v.	basar
根据	gen:ju	n.	base
建设	jian:she	v.	construir
建设	jian:she	n.	construcción
方式	fang:shi	n.	manera
单位	dan:wei	n.	unidad
单位	dan:wei	n.	unidad de trabajo
选择	xuan:ze	v.	elegir
选择	xuan:ze	n.	elección
专业	zhuan:ye	n.	especialidad
专业	zhuan:ye	adj.	profesional
专业	zhuan:ye	n.	profesión
这种	zhe:zhong	pron.	este tipo
作为	zuo:wei	prep.	como
作为	zuo:wei	v.	considerar
由于	you:yu	prep.	debido a
威望	wei:wang	n.	prestigio
什么	shen:me	pron.	qué
功能	gong:neng	n.	función
开始	kai:shi	v.	empezar
开始	kai:shi	n.	comienzo
还是	hai:shi	adv.	todavía
还是	hai:shi	conj.	o
必须	bi:xu	v.	deber
追	zhui	v.	perseguir
追	zhui	v.	buscar
一种	yi:zhong	num.	un tipo
包括	bao:kuo	v.	incluir
我的	wo:de	pron.	mi
设计	she:ji	v.	diseñar
设计	she:ji	n.	diseño
组织	zu:zhi	v.	organizar
组织	zu:zhi	n.	organización
应当	ying:dang	v.	deber
情况	qing:kuang	n.	situación
对于	dui:yu	prep.	acerca de
因此	yin:ci	conj.	por lo tanto
你的	ni:de	pron.	tu
任何	ren:he	pron.	cualquier
学习	xue:xi	v.	estudiar
学习	xue:xi	n.	estudio
软件	ruan:jian	n.	software
最后	zui:hou	adv.	finalmente
最后	zui:hou	adj.	último
地址	di:zhi	n.	dirección
本站	ben:zhan	n.	este sitio
而且	er:qie	conj.	además
方法	fang:fa	n.	método
标准	biao:zhun	n.	estándar
标准	biao:zhun	adj.	estándar
上海	shang:hai	n.	Shanghai
亚	ya	n.	Asia
亚	ya	adj.	segundo
其中	qi:zhong	pron.	entre ellos
主要	zhu:yao	adj.	principal
会员	hui:yuan	n.	miembro
下载	xia:zai	v.	descargar
下载	xia:zai	n.	descarga
研究	yan:jiu	v.	investigar
研究	yan:jiu	n.	investigación
来自	lai:zi	v.	venir de
提高	ti:gao	v.	aumentar
提高	ti:gao	v.	mejorar
相关	xiang:guan	adj.	relacionado
相关	xiang:guan	v.	estar relacionado
他的	ta:de	pron.	su
门派	men:pai	n.	escuela
全国	quan:guo	n.	todo el país
生产	sheng:chan	v.	producir
生产	sheng:chan	n.	producción
商品	shang:pin	n.	mercancía
教育	jiao:yu	n.	educación
教育	jiao:yu	v.	educar
成为	cheng:wei	v.	تمК devenir
成为	cheng:wei	v.	llegar a ser
万元	wan:yuan	n.	diez mil yuanes
简	jian	adj.	sencillo
简	jian	v.	simplificar
影响	ying:xiang	v.	afectar
影响	ying:xiang	n.	influencia
一般	yi:ban	adj.	general
一般	yi:ban	adv.	generalmente
有关	you:guan	v.	relacionarse con
阅读权限	yue:du:quan:xian	n.	permiso de lectura
登录	deng:lu	v.	iniciar sesión
生活	sheng:huo	n.	vida
生活	sheng:huo	v.	vivir
主题	zhu:ti	n.	tema
还有	hai:you	adv.	también
发现	fa:xian	v.	descubrir
发现	fa:xian	n.	descubrimiento
各种	ge:zhong	adj.	varios
个人	ge:ren	n.	individuo
个人	ge:ren	adj.	personal
这是	zhe:shi	pron.	esto es
人员	ren:yuan	n.	personal
品牌	pin:pai	n.	marca
地区	di:qu	n.	región
关于	guan:yu	prep.	sobre
不能	bu:neng	v.	no poder
直接	zhi:jie	adj.	directo
直接	zhi:jie	adv.	directamente
离线	li:xian	v.	fuera de línea
那么	na:me	conj.	entonces
只有	zhi:you	adv.	solo
回复	hui:fu	v.	responder
回复	hui:fu	n.	respuesta
虽然	sui:ran	conj.	aunque
之间	zhi:jian	adv.	entre
之后	zhi:hou	adv.	después
之后	zhi:hou	n.	después
认为	ren:wei	v.	creer
方面	fang:mian	n.	aspecto
采用	cai:yong	v.	adoptar
您的	nin:de	pron.	su
是否	shi:fou	adv.	si
经验	jing:yan	n.	experiencia
小时	xiao:shi	n.	hora
大家	da:jia	pron.	todos
按照	an:zhao	prep.	de acuerdo con
部分	bu:fen	n.	parte
负责	fu:ze	v.	ser responsable
文化	wen:hua	n.	cultura
资料	zi:liao	n.	datos
中心	zhong:xin	n.	centro
出现	chu:xian	v.	aparecer
一样	yi:yang	adj.	igual
不是	bu:shi	v.	no ser
设备	she:bei	n.	equipo
然后	ran:hou	conj.	entonces
很多	hen:duo	adj.	muchos
地方	di:fang	n.	lugar
业务	ye:wu	n.	negocio
能够	neng:gou	v.	poder
环境	huan:jing	n.	medio ambiente
文件	wen:jian	n.	archivo
文件	wen:jian	n.	documento
广告	guang:gao	n.	anuncio
不过	bu:guo	conj.	sin embargo
作用	zuo:yong	n.	efecto
建立	jian:li	v.	establecer
有限公司	you:xian:gong:si	n.	sociedad limitada
名称	ming:cheng	n.	nombre
销售	xiao:shou	v.	vender
销售	xiao:shou	n.	ventas
图片	tu:pian	n.	imagen
分析	fen:xi	v.	analizar
分析	fen:xi	n.	análisis
可能	ke:neng	v.	poder
可能	ke:neng	adj.	posible
申请	shen:qing	v.	solicitar
行为	xing:wei	n.	comportamiento
加强	jia:qiang	v.	fortalecer
记者	ji:zhe	n.	periodista
比较	bi:jiao	v.	comparar
处理	chu:li	v.	procesar
实施	shi:shi	v.	implementar
工程	gong:cheng	n.	ingeniería
进入	jin:ru	v.	entrar
客户	ke:hu	n.	cliente
游戏	you:xi	n.	juego
效果	xiao:guo	n.	efecto
如何	ru:he	adv.	cómo
决定	jue:ding	v.	decidir
手机	shou:ji	n.	teléfono móvil
关系	guan:xi	n.	relación
孩子	hai:zi	n.	niño
投资	tou:zi	v.	invertir
设置	she:zhi	v.	configurar
我国	wo:guo	n.	nuestro país
国际	guo:ji	adj.	internacional
城市	cheng:shi	n.	ciudad
一定	yi:ding	adj.	seguro
培训	pei:xun	v.	capacitar
世界	shi:jie	n.	mundo
一下	yi:xia	adv.	un poco
说明	shuo:ming	v.	explicar
市场价	shi:chang:jia	n.	precio de mercado
朋友	peng:you	n.	amigo
推荐	tui:jian	v.	recomendar
形成	xing:cheng	v.	formar
发帖	fa:tie	v.	publicar
安全	an:quan	adj.	seguro
无门无派	wu:men:wu:pai	adj.	independiente
两个	liang:ge	num.	dos
非常	fei:chang	adv.	muy
一次	yi:ci	num.	una vez
利用	li:yong	v.	utilizar
希望	xi:wang	v.	esperar
程序	cheng:xu	n.	programma
看到	kan:dao	v.	ver
表示	biao:shi	v.	expresar
完成	wan:cheng	v.	completar
不同	bu:tong	adj.	diferente
增加	zeng:jia	v.	aumentar
参加	can:jia	v.	participar
更多	geng:duo	adj.	más
联系	lian:xi	v.	contactar
介绍	jie:shao	v.	presentar
教师	jiao:shi	n.	maestro
结果	jie:guo	n.	resultado
提出	ti:chu	v.	plantear
造成	zao:cheng	v.	causar
金钱	jin:qian	n.	dinero
拥有	yong:you	v.	poseer
发布	fa:bu	v.	publicar
人们	ren:men	n.	gente
质量	zhi:liang	n.	calidad
条件	tiao:jian	n.	condición
材料	cai:liao	n.	material
版主	ban:zhu	n.	moderador de foro
许多	xu:duo	adj.	muchos
其实	qi:shi	adv.	en realidad
感觉	gan:jue	v.	sentir
感觉	gan:jue	n.	sensación
级别	ji:bie	n.	nivel
练	lian	v.	practicar
开发	kai:fa	v.	desarrollar
达到	da:dao	v.	alcanzar
数据	shu:ju	n.	datos
日期	ri:qi	n.	fecha
在线	zai:xian	adj.	en línea
甚至	shen:zhi	adv.	incluso
的话	de:hua	part.	si
系列	xi:lie	n.	serie
当前	dang:qian	adj.	actual
这里	zhe:li	pron.	aquí
之一	zhi:yi	n.	uno de
标题	biao:ti	n.	título
新的	xin:de	adj.	nuevo
会员价	hui:yuan:jia	n.	precio de miembro
合作	he:zuo	v.	cooperar
建议	jian:yi	v.	sugerir
建议	jian:yi	n.	sugerencia
代表	dai:biao	v.	representar
代表	dai:biao	n.	representante
开展	kai:zhan	v.	llevar a cabo
继续	ji:xu	v.	continuar
产生	chan:sheng	v.	producir
今年	jin:nian	n.	este año
存在	cun:zai	v.	existir
存在	cun:zai	n.	existencia
今天	jin:tian	n.	hoy
发表	fa:biao	v.	publicar
基本	ji:ben	adj.	básico
显示	xian:shi	v.	mostrar
目标	mu:biao	n.	objetivo
类型	lei:xing	n.	tipo
不得	bu:de	part.	no se debe
知道	zhi:dao	v.	saber
保护	bao:hu	v.	proteger
保护	bao:hu	n.	protección
这一	zhe:yi	pron.	este
全部	quan:bu	n.	totality
全部	quan:bu	adj.	total
得到	de:dao	v.	obtener
以后	yi:hou	n.	después
最大	zui:da	adj.	máximo
操作	cao:zuo	v.	operar
操作	cao:zuo	n.	operación
保证	bao:zheng	v.	garantizar
保证	bao:zheng	n.	garantía
控制	kong:zhi	v.	controlar
控制	kong:zhi	n.	control
国内	guo:nei	n.	nacional
东西	dong:xi	n.	cosa
作品	zuo:pin	n.	obra
才能	cai:neng	v.	poder
才能	cai:neng	n.	talento
考试	kao:shi	n.	examen
解决	jie:jue	v.	resolver
经过	jing:guo	v.	pasar por
经过	jing:guo	prep.	a través de
如下	ru:xia	adj.	como se sigue
集团	ji:tuan	n.	grupo
空间	kong:jian	n.	espacio
水平	shui:ping	n.	nivel
点击	dian:ji	v.	hacer clic
确定	que:ding	v.	confirmar
确定	que:ding	adj.	seguro
具体	ju:ti	adj.	concreto
先生	xian:sheng	n.	señor
最新	zui:xin	adj.	más reciente
当然	dang:ran	adv.	por supuesto
当然	dang:ran	adj.	evidente
无法	wu:fa	v.	no poder
应用	ying:yong	n.	aplicación
应用	ying:yong	v.	aplicar
你们	ni:men	pron.	ustedes
那些	na:xie	pron.	ésos
左右	zuo:you	n.	izquierda y derecha
左右	zuo:you	v.	controlar
来源	lai:yuan	n.	fuente
政策	zheng:ce	n.	política
有些	you:xie	adv.	un poco
有些	you:xie	pron.	algunos
起来	qi:lai	part.	empezar a
帮助	bang:zhu	v.	ayudar
帮助	bang:zhu	n.	ayuda
免费	mian:fei	adj.	gratuito
通知	tong:zhi	v.	notificar
通知	tong:zhi	n.	aviso
成功	cheng:gong	v.	tener éxito
成功	cheng:gong	n.	éxito
应该	ying:gai	v.	deber
一切	yi:qie	pron.	todo
原因	yuan:yin	n.	causa
金币	jin:bi	n.	moneda de oro
专家	zhuan:jia	n.	experto
及时	ji:shi	adj.	oportuno
及时	ji:shi	adv.	a tiempo
真正	zhen:zheng	adj.	verdadero
传真	chuan:zhen	n.	fax
传真	chuan:zhen	v.	enviar por fax
购买	gou:mai	v.	comprar
法律	fa:lv	n.	ley
查看	cha:kan	v.	ver
注意	zhu:yi	v.	prestar atención
消费者	xiao:fei:zhe	n.	consumidor
正在	zheng:zai	adv.	estar
导致	dao:zhi	v.	provocar
随着	sui:zhe	prep.	con
不断	bu:duan	adv.	constantemente
接受	jie:shou	v.	aceptar
另外	ling:wai	conj.	además
另外	ling:wai	adv.	otro
注册时间	zhu:ce:shi:jian	n.	hora de registro
办理	ban:li	v.	gestionar
音乐	yin:yue	n.	música
费用	fei:yong	n.	coste
形式	xing:shi	n.	forma
基础	ji:chu	n.	base
编辑	bian:ji	v.	editar
编辑	bian:ji	n.	editor
经营	jing:ying	v.	gestionar
人才	ren:cai	n.	talento
变化	bian:hua	n.	cambio
变化	bian:hua	v.	cambiar
一直	yi:zhi	adv.	siempre
可是	ke:shi	conj.	pero
完善	wan:shan	adj.	perfecto
完善	wan:shan	v.	perfeccionar
喜欢	xi:huan	v.	gustar
特别	te:bie	adv.	especialmente
特别	te:bie	adj.	especial
结构	jie:gou	n.	estructura
社区	she:qu	n.	comunidad
办法	ban:fa	n.	método
头衔	tou:xian	n.	título
了解	liao:jie	v.	entender
不要	bu:yao	v.	negative imperative
分钟	fen:zhong	n.	minuto
位置	wei:zhi	n.	posición
发生	fa:sheng	v.	ocurrir
教学	jiao:xue	v.	enseñar
员工	yuan:gong	n.	empleado
过程	guo:cheng	n.	proceso
简单	jian:dan	adj.	sencillo
简单	jian:dan	adv.	simplement
类别	lei:bie	n.	categoría
从事	cong:shi	v.	dedicarse a
原则	yuan:ze	n.	principio
怎么	zen:me	pron.	cómo
进一步	jin:yi:bu	adv.	sMás adelante
进一步	jin:yi:bu	v.	profundizar
历史	li:shi	n.	historia
那个	na:ge	pron.	ese
特点	te:dian	n.	característica
参与	can:yu	v.	participar
网上	wang:shang	n.	en línea
制作	zhi:zuo	v.	elaborar
制作	zhi:zuo	n.	elaboración
并且	bing:qie	conj.	y
坚持	jian:chi	v.	persistir
交流	jiao:liu	v.	comunicarse
交流	jiao:liu	n.	intercambio
数量	shu:liang	n.	cantidad
她的	ta:de	pron.	su
重点	zhong:dian	n.	punto clave
意见	yi:jian	n.	opinión
健康	jian:kang	n.	salud
健康	jian:kang	adj.	sano
整个	zheng:ge	adj.	entero
努力	nu:li	v.	esforzarse
努力	nu:li	n.	esfuerzo
旅游	lv:you	v.	viajar
旅游	lv:you	n.	turismo
领导	ling:dao	v.	dirigir
领导	ling:dao	n.	líder
只要	zhi:yao	conj.	basta que
当时	dang:shi	adv.	entonces
资金	zi:jin	n.	fondos
工具	gong:ju	n.	herramienta
实行	shi:xing	v.	aplicar
保持	bao:chi	v.	mantener
服务器	fu:wu:qi	n.	servidor
男人	nan:ren	n.	hombre
现金	xian:jin	n.	efectivo
女人	nv:ren	n.	mujer
普通	pu:tong	adj.	ordinario
第一	di:yi	num.	primero
超过	chao:guo	v.	superar
电脑	dian:nao	n.	ordenadora
安装	an:zhuang	v.	instalar
促进	cu:jin	v.	fomentar
文字	wen:zi	n.	texto
浏览	liu:lan	v.	navegar
搜索	sou:suo	v.	buscar
搜索	sou:suo	n.	búsqueda
页面	ye:mian	n.	página
咨询	zi:xun	v.	consultar
咨询	zi:xun	n.	consulta
传统	chuan:tong	n.	tradición
传统	chuan:tong	adj.	tradicional
领域	ling:yu	n.	campo
相应	xiang:ying	adj.	correspondiente
相应	xiang:ying	adv.	según
重要	zhong:yao	adj.	importante
于是	yu:shi	conj.	por tanto
计算机	ji:suan:ji	n.	ordenador
责任	ze:ren	n.	responsabilidad
汽车	qi:che	n.	coche
首页	shou:ye	n.	página de inicio
大量	da:liang	adj.	gran cantidad
大量	da:liang	adv.	en gran cantidad
规划	gui:hua	v.	planificar
规划	gui:hua	n.	planificación
完全	wan:quan	adv.	completamente
完全	wan:quan	adj.	completo
首先	shou:xian	adv.	primeramente
不会	bu:hui	adv.	no poder
联系人	lian:xi:ren	n.	contacto
准备	zhun:bei	v.	preparar
准备	zhun:bei	n.	preparación
不同的	bu:tong:de	adj.	distinto
自然	zi:ran	adj.	natural
自然	zi:ran	n.	naturaleza
是一个	shi:yi:ge	v.	ser uno
每个	mei:ge	pron.	cada
任务	ren:wu	n.	tarea
实际	shi:ji	adj.	real
编号	bian:hao	n.	número
编号	bian:hao	v.	numerar
取得	qu:de	v.	obtener
觉得	jue:de	v.	sentir
为什么	wei:shen:me	adv.	por qué
一起	yi:qi	adv.	juntos
别人	bie:ren	n.	otros
风格	feng:ge	n.	estilo
科技	ke:ji	n.	tecnología
香港	xiang:gang	n.	Hong Kong
出来	chu:lai	v.	salir
事情	shi:qing	n.	asunto
范围	fan:wei	n.	alcance
加入	jia:ru	v.	unirse
宣传	xuan:chuan	v.	publicitar
宣传	xuan:chuan	n.	publicidad
管理员	guan:li:yuan	n.	administrador
联系电话	lian:xi:dian:hua	n.	teléfono de contacto
平台	ping:tai	n.	plataforma
发布时间	fa:bu:shi:jian	n.	hora de publicación
广州	guang:zhou	n.	Cantón
结合	jie:he	v.	combinar
全面	quan:mian	adj.	integral
如此	ru:ci	adv.	así
删除	shan:chu	v.	eliminar
记录	ji:lu	v.	registrar
记录	ji:lu	n.	registro
有的	you:de	pron.	algunos
关注	guan:zhu	v.	seguir
关注	guan:zhu	n.	atención
综合	zong:he	v.	sintetizar
综合	zong:he	adj.	integral
机会	ji:hui	n.	oportunidad
协议	xie:yi	n.	acuerdo
协议	xie:yi	n.	protocolo
深圳	shen:zhen	n.	Shenzhen
语言	yu:yan	n.	lengua
现象	xian:xiang	n.	fenómeno
创新	chuang:xin	v.	innovar
创新	chuang:xin	n.	innovación
声音	sheng:yin	n.	sonido
声音	sheng:yin	n.	voz
分别	fen:bie	v.	separarse
分别	fen:bie	adv.	respectivamente
会议	hui:yi	n.	reunión
课程	ke:cheng	n.	curso
阅读	yue:du	v.	leer
理论	li:lun	n.	teoría
一点	yi:dian	num.	un poco
密码	mi:ma	n.	contraseña
欢迎	huan:ying	v.	bienvenido
欢迎	huan:ying	adj.	bienvenido
用于	yong:yu	v.	usarse para
价值	jia:zhi	n.	valor
也有	ye:you	v.	también tener
有效	you:xiao	adj.	eficaz
下面	xia:mian	n.	debajo
下面	xia:mian	n.	abajo
属于	shu:yu	v.	pertenecer
输入	shu:ru	v.	introducir
输入	shu:ru	n.	entrada
改变	gai:bian	v.	cambiar
采取	cai:qu	v.	adoptar
正常	zheng:chang	adj.	normal
培养	pei:yang	v.	cultivar
自动	zi:dong	adj.	automático
自动	zi:dong	adv.	automáticamente
它的	ta:de	pron.	su
谢谢	xie:xie	v.	agradecer
之前	zhi:qian	n.	antes
积极	ji:ji	adj.	positivo
对象	dui:xiang	n.	objetivo
新闻	xin:wen	n.	noticias
不仅	bu:jin	conj.	no solo
大学	da:xue	n.	universidad
各类	ge:lei	adj.	varios
指导	zhi:dao	v.	guiar
共同	gong:tong	adj.	común
访问	fang:wen	v.	visitar
科学	ke:xue	n.	ciencia
他们的	ta:men:de	pron.	su
即可	ji:ke	adv.	inmediatamente
酒店	jiu:dian	n.	hotel
治疗	zhi:liao	v.	tratar
比如	bi:ru	v.	por ejemplo
交易	jiao:yi	n.	transacción
维护	wei:hu	v.	mantener
等等	deng:deng	conj.	etcétera
最好	zui:hao	adv.	mejor
给予	ji:yu	v.	dar
测试	ce:shi	n.	prueba
每天	mei:tian	n.	cada día
期间	qi:jian	n.	período
修改	xiu:gai	v.	modificar
安排	an:pai	v.	arreglar
家庭	jia:ting	n.	familia
农民	nong:min	n.	campesino
新股	xin:gu	n.	acción nueva
从而	cong:er	conj.	por lo tanto
简介	jian:jie	n.	breve introducción
目的	mu:di	n.	objetivo
承担	cheng:dan	v.	asumir
农村	nong:cun	n.	campo
同样	tong:yang	adj.	igual
带来	dai:lai	v.	traer
依法	yi:fa	adv.	según la ley
增长	zeng:zhang	v.	aumentar
针对	zhen:dui	prep.	respecto a
查询	cha:xun	v.	consultar
好的	hao:de	adj.	de acuerdo
引用	yin:yong	v.	citar
思想	si:xiang	n.	pensamiento
体系	ti:xi	n.	sistema
优势	you:shi	n.	ventaja
并不	bing:bu	adv.	para nada
连接	lian:jie	v.	conectar
掌握	zhang:wo	v.	dominar
楼主	lou:zhu	n.	autor del hilo
留言	liu:yan	v.	dejar un mensaje
身体	shen:ti	n.	cuerpo
优秀	you:xiu	adj.	excelente
成本	cheng:ben	n.	costo
而是	er:shi	conj.	sino que
过去	guo:qu	n.	el pasado
过去	guo:qu	v.	pasar
银行	yin:hang	n.	banco
考生	kao:sheng	n.	examinado
运行	yun:xing	v.	funcionar
建筑	jian:zhu	n.	edificio
建筑	jian:zhu	v.	construir
分类	fen:lei	v.	clasificar
分类	fen:lei	n.	clasificación
方向	fang:xiang	n.	dirección
快速	kuai:su	adj.	rápido
几个	ji:ge	num.	varios
理解	li:jie	v.	comprender
表现	biao:xian	v.	mostrar
表现	biao:xian	n.	actuación
减少	jian:shao	v.	disminuir
减少	jian:shao	n.	disminución
长期	chang:qi	n.	largo plazo
后来	hou:lai	adv.	más tarde
平方米	ping:fang:mi	n.	metro cuadrado
方案	fang:an	n.	plan
速度	su:du	n.	velocidad
这么	zhe:me	adv.	tan
只能	zhi:neng	adv.	solo poder
电影	dian:ying	n.	película
以前	yi:qian	n.	antes
批准	pi:zhun	v.	aprobar
评价	ping:jia	v.	evaluar
评价	ping:jia	n.	evaluación
区域	qu:yu	n.	región
措施	cuo:shi	n.	medida
大小	da:xiao	n.	tamaño
利益	li:yi	n.	beneficio
推进	tui:jin	v.	impulsar
考虑	kao:lv	v.	considerar
网友	wang:you	n.	cibernauta
这次	zhe:ci	n.	esta vez
合同	he:tong	n.	contrato
计算	ji:suan	v.	calcular
计算	ji:suan	n.	cálculo
贡献值	gong:xian:zhi	n.	valor de contribución
特别是	te:bie:shi	adv.	especialmente
例如	li:ru	v.	por ejemplo
职业	zhi:ye	n.	ocupación
丰富	feng:fu	adj.	rico
机关	ji:guan	n.	organismo
更新	geng:xin	v.	actualizar
更新	geng:xin	n.	actualización
讨论	tao:lun	v.	discutir
讨论	tao:lun	n.	discusión
每年	mei:nian	adv.	cada año
办公室	ban:gong:shi	n.	oficina
协会	xie:hui	n.	asociación
然而	ran:er	conj.	sin embargo
以来	yi:lai	conj.	desde
因素	yin:su	n.	factor
英语	ying:yu	n.	inglés
电子	dian:zi	n.	electrónico
经常	jing:chang	adv.	a menudo
原来	yuan:lai	adv.	originalmente
不少	bu:shao	adj.	bastantes
时代	shi:dai	n.	época
互联网	hu:lian:wang	n.	Internet
生命	sheng:ming	n.	vida
艺术	yi:shu	n.	arte
情况下	qing:kuang:xia	n.	bajo las circunstancias
十分	shi:fen	adv.	completamente
收入	shou:ru	n.	ingreso
更加	geng:jia	adv.	aún más
现场	xian:chang	n.	escena
发挥	fa:hui	v.	desplegar
终于	zhong:yu	adv.	finalmente
组成	zu:cheng	v.	componer
调查	diao:cha	v.	investigar
满足	man:zu	v.	satisfacer
全球	quan:qiu	n.	sentir
全球	quan:qiu	n.	globo
媒体	mei:ti	n.	medios
现代	xian:dai	adj.	moderno
新手上路	xin:shou:shang:lu	n.	principiante en camino
找到	zhao:dao	v.	encontrar
证明	zheng:ming	v.	demostrar
证明	zheng:ming	n.	prueba
颜色	yan:se	n.	color
大型	da:xing	adj.	a gran escala
引起	yin:qi	v.	provocar
认识	ren:shi	v.	reconocer
认识	ren:shi	v.	conocer
打开	da:kai	v.	abrir
推广	tui:guang	v.	promover
故事	gu:shi	n.	historia
面积	mian:ji	n.	área
做好	zuo:hao	v.	hacer bien
北京市	bei:jing:shi	n.	Ciudad de Peking
面对	mian:dui	v.	encarar
立即	li:ji	adv.	inmediatamente
对方	dui:fang	n.	la otra parte
投入	tou:ru	v.	invertir
投入	tou:ru	n.	inversión
运动	yun:dong	n.	Deporte
运动	yun:dong	v.	moverse
突然	tu:ran	adj.	repentino
享受	xiang:shou	v.	disfrutar
享受	xiang:shou	n.	disfrute
学院	xue:yuan	n.	colegio
共有	gong:you	v.	compartir
力量	li:liang	n.	fuerza
明确	ming:que	adj.	claro
明确	ming:que	v.	aclarar
比赛	bi:sai	n.	competición
人民政府	ren:min:zheng:fu	n.	gobierno popular
最近	zui:jin	adv.	recientemente
认证	ren:zheng	v.	certificar
认证	ren:zheng	n.	certificación
配置	pei:zhi	n.	configuración
配置	pei:zhi	v.	asignar
工业	gong:ye	n.	industria
游客	you:ke	n.	turista
代理	dai:li	n.	agency
代理	dai:li	v.	actuar en nombre de
确认	que:ren	v.	confirmar
广东	guang:dong	n.	Guangdong
正式	zheng:shi	adj.	oficial
当地	dang:di	n.	localidad
位于	wei:yu	v.	estar situado
一年	yi:nian	n.	un año
土地	tu:di	n.	tierra
本人	ben:ren	n.	yo mismo
也许	ye:xu	adv.	quizás
整体	zheng:ti	n.	conjunto
农业	nong:ye	n.	agricultura
女性	nv:xing	n.	mujer
有人	you:ren	pron.	alguien
支付	zhi:fu	v.	pagar
教授	jiao:shou	n.	profesor
特殊	te:shu	adj.	especial
比例	bi:li	n.	proporción
三个	san:ge	num.	tres
特色	te:se	n.	rasgo distintivo
阳光	yang:guang	n.	luz del sol
下午	xia:wu	n.	tarde
供应	gong:ying	v.	suministrar
独立	du:li	adj.	independiente
增强	zeng:qiang	v.	fortalecer
爱情	ai:qing	n.	amor
形象	xing:xiang	n.	imagen
成绩	cheng:ji	n.	resultado
上述	shang:shu	adj.	susdicho
规模	gui:mo	n.	escala
国务院	guo:wu:yuan	n.	Consejo de Estado
推出	tui:chu	v.	lanzar
呵呵	he:he	onom.	jiji
错误	cuo:wu	n.	error
父母	fu:mu	n.	padres
阶段	jie:duan	n.	etapa
所谓	suo:wei	adj.	denominado
双方	shuang:fang	n.	ambas partes
本帖	ben:tie	n.	este mensaje
事业	shi:ye	n.	carrera
在线时间	zai:xian:shi:jian	n.	tiempo en línea
最高	zui:gao	adj.	lo más alto
基金	ji:jin	n.	fondo
数字	shu:zi	n.	número
似乎	si:hu	adv.	aparentemente
添加	tian:jia	v.	añadir
照片	zhao:pian	n.	foto
房屋	fang:wu	n.	viviendas
运用	yun:yong	v.	aplicar
最终	zui:zhong	adv.	finalmente
告诉	gao:su	v.	decir
同学	tong:xue	n.	compañero
风险	feng:xian	n.	riesgo
本文	ben:wen	n.	este texto
方便	fang:bian	adj.	conveniente
确保	que:bao	v.	asegurar
往往	wang:wang	adv.	a menudo
多种	duo:zhong	adj.	múltiples
观点	guan:dian	n.	punto de vista
统计	tong:ji	v.	hacer estadísticas
加工	jia:gong	v.	procesar
容易	rong:yi	adj.	fácil
回答	hui:da	v.	responder
机制	ji:zhi	n.	mecanismo
里面	li:mian	n.	interior
下列	xia:lie	adj.	siguiente
降低	jiang:di	v.	reducir
提交	ti:jiao	v.	entregar
否则	fou:ze	conj.	de lo contrario
未来	wei:lai	n.	futuro
代码	dai:ma	n.	código
总是	zong:shi	adv.	siempre
出版社	chu:ban:she	n.	editorial
怎样	zen:yang	pron.	cómo
限制	xian:zhi	v.	limitar
那样	na:yang	pron.	así
一条	yi:tiao	mw.	un (largo)
高级	gao:ji	adj.	avanzado
交通	jiao:tong	n.	tráfico
手段	shou:duan	n.	medio
详细	xiang:xi	adj.	detallado
一句	yi:ju	mw.	una frase
不错	bu:cuo	adj.	bueno
消费	xiao:fei	v.	consumir
改善	gai:shan	v.	mejorar
政治	zheng:zhi	n.	política
登记	deng:ji	v.	registrar
描述	miao:shu	v.	describir
人类	ren:lei	n.	humanidad
此外	ci:wai	conj.	además
明显	ming:xian	adj.	evidente
都会	dou:hui	adv.	todos pueden
都会	du:hui	n.	metrópoli
您是	nin:shi	pron.	usted es
姓名	xing:ming	n.	nombre completo
很好	hen:hao	adj.	muy bueno
指出	zhi:chu	v.	señalar
患者	huan:zhe	n.	paciente
年龄	nian:ling	n.	edad
营销	ying:xiao	n.	marketing
根本	gen:ben	adv.	fundamentalmente
我想	wo:xiang	v.	creo
保障	bao:zhang	v.	garantizar
规格	gui:ge	n.	especificaciones
在中国	zai:zhong:guo	prep.	en China
身上	shen:shang	n.	en el cuerpo
推动	tui:dong	v.	impulsar
重要的	zhong:yao:de	adj.	importante
尽管	jin:guan	conj.	aunque
党员	dang:yuan	n.	militante
公布	gong:bu	v.	publicar
公里	gong:li	mw.	kilómetro
台湾	tai:wan	n.	Taiwán
概念	gai:nian	n.	concepto
开放	kai:fang	v.	abrir
人民	ren:min	n.	pueblo
不知道	bu:zhi:dao	v.	no saber
各地	ge:di	n.	varios lugares
集中	ji:zhong	v.	concentrar
让我	rang:wo	v.	dejar que
制造	zhi:zao	v.	fabricar
再次	zai:ci	adv.	otra vez
战略	zhan:lve	n.	estrategia
人民币	ren:min:bi	n.	renminbi
压力	ya:li	n.	presión
即使	ji:shi	conj.	incluso si
性能	xing:neng	n.	rendimiento
意义	yi:yi	n.	significado
之中	zhi:zhong	n.	entre
世纪	shi:ji	n.	siglo
数据库	shu:ju:ku	n.	base de datos
一家	yi:jia	num.	una (empresa)
职工	zhi:gong	n.	personal
相对	xiang:dui	adj.	relativo
成员	cheng:yuan	n.	miembro
商业	shang:ye	n.	comercio
公告	gong:gao	n.	anuncio
链接	lian:jie	n.	enlace
视频	shi:pin	n.	vídeo
设立	she:li	v.	establecer
创造	chuang:zao	v.	crear
事件	shi:jian	n.	incidente
成立	cheng:li	v.	fundarse
性别	xing:bie	n.	sexo
落实	luo:shi	v.	implementar
收藏	shou:cang	v.	coleccionar
相当	xiang:dang	adv.	bastante
出口	chu:kou	n.	salida
同意	tong:yi	v.	estar de acuerdo
越来越	yue:lai:yue	adv.	cada vez más
状况	zhuang:kuang	n.	situación
地点	di:dian	n.	lugar
美丽	mei:li	adj.	bello
年代	nian:dai	n.	década
自由	zi:you	adj.	libre
本身	ben:shen	pron.	sí mismo
负责人	fu:ze:ren	n.	responsable
内部	nei:bu	n.	interior
包装	bao:zhuang	n.	envase
适合	shi:he	v.	servir
报名	bao:ming	v.	inscribirse
进口	jin:kou	n.	importación
稳定	wen:ding	adj.	estable
一是	yi:shi	conj.	en primer lugar
年度	nian:du	n.	anual
第一次	di:yi:ci	num.	la primera vez
看看	kan:kan	v.	mirar
连续	lian:xu	adj.	continuo
检测	jian:ce	v.	detectar
中央	zhong:yang	n.	centro
技能	ji:neng	n.	habilidad
相信	xiang:xin	v.	creer
实践	shi:jian	n.	práctica
一天	yi:tian	num.	un día
行动	xing:dong	n.	acción
型号	xing:hao	n.	modelo
版本	ban:ben	n.	versión
设施	she:shi	n.	instalación
群众	qun:zhong	n.	masas
转载	zhuan:zai	v.	reproducir
就业	jiu:ye	n.	empleo
德国	de:guo	n.	Alemania
审核	shen:he	v.	revisar
感到	gan:dao	v.	sentir
解释	jie:shi	v.	explicar
举办	ju:ban	v.	celebrar
举行	ju:xing	v.	celebrar
迅速	xun:su	adj.	rápido
召开	zhao:kai	v.	convocar
母亲	mu:qin	n.	madre
报道	bao:dao	n.	noticia
加快	jia:kuai	v.	acelerar
委员会	wei:yuan:hui	n.	comité
处于	chu:yu	v.	encontrarse
快乐	kuai:le	adj.	feliz
时尚	shi:shang	n.	moda
眼睛	yan:jing	n.	ojo
浙江	zhe:jiang	n.	Zhejiang
多少	duo:shao	pron.	cuánto
填写	tian:xie	v.	rellenar
违反	wei:fan	v.	violar
目录	mu:lu	n.	catálogo
车辆	che:liang	n.	vehículo
广大	guang:da	adj.	amplio
妈妈	ma:ma	n.	mamá
强调	qiang:diao	v.	subrayar
各项	ge:xiang	pron.	cada punto
鼓励	gu:li	v.	animar
考核	kao:he	v.	evaluar
卫生	wei:sheng	n.	higiene
动作	dong:zuo	n.	movimiento
创建	chuang:jian	v.	crear
英国	ying:guo	n.	Reino Unido
人生	ren:sheng	n.	vida
意识	yi:shi	n.	conciencia
现有	xian:you	adj.	existente
父亲	fu:qin	n.	padre
扩大	kuo:da	v.	ampliar
沟通	gou:tong	v.	comunicar
关键	guan:jian	n.	clave
认真	ren:zhen	adj.	serio
下来	xia:lai	v.	bajar
保存	bao:cun	v.	guardar
更新时间	geng:xin:shi:jian	n.	hora de actualización
格式	ge:shi	n.	formato
联系方式	lian:xi:fang:shi	n.	datos de contacto
一份	yi:fen	mw.	una copia
予以	yu:yi	v.	otorgar
贷款	dai:kuan	n.	préstamo
公开	gong:kai	adj.	público
一个人	yi:ge:ren	n.	una persona
本公司	ben:gong:si	n.	nuestra empresa
共享	gong:xiang	v.	compartir
去年	qu:nian	n.	el año pasado
移动	yi:dong	v.	mover
顾客	gu:ke	n.	cliente
招聘	zhao:pin	v.	reclutar
专门	zhuan:men	adj.	especial
不足	bu:zu	adj.	insuficiente
多个	duo:ge	num.	varios
生的	sheng:de	adj.	cru
离开	li:kai	v.	salir
美元	mei:yuan	n.	dólar estadounidense
追求	zhui:qiu	v.	perseguir
皮肤	pi:fu	n.	piel
等方面	deng:fang:mian	n.	etc.
法规	fa:gui	n.	normativa
做到	zuo:dao	v.	lograr
贡献	gong:xian	n.	contribución
属性	shu:xing	n.	atributo
玩家	wan:jia	n.	jugador
引导	yin:dao	v.	guiar
这时	zhe:shi	n.	en este momento
儿童	er:tong	n.	niño
经理	jing:li	n.	gerente
涉及	she:ji	v.	implicar
杭州	hang:zhou	n.	Hangzhou
列表	lie:biao	n.	lista
无论	wu:lun	conj.	sin importar
一旦	yi:dan	adv.	una vez que
韩国	han:guo	n.	Corea
程度	cheng:du	n.	grado
具备	ju:bei	v.	poseer
联合	lian:he	v.	unir
启动	qi:dong	v.	arrancar
上面	shang:mian	n.	arriba
重新	chong:xin	adv.	de nuevo
授权	shou:quan	v.	autorizar
不限	bu:xian	v.	sin límite
仍然	reng:ran	adv.	todavía
晚上	wan:shang	n.	noche
训练	xun:lian	v.	entrenar
严重	yan:zhong	adj.	grave
也就	ye:jiu	adv.	then también
中文	zhong:wen	n.	chino
收到后	shou:dao:hou	v.	tras recibirlo
存款	cun:kuan	n.	depósito
关闭	guan:bi	v.	cerrar
两人	liang:ren	num.	dos personas
收到	shou:dao	v.	recibir
月份	yue:fen	n.	mes
重视	zhong:shi	v.	valorar
出版	chu:ban	v.	publicar
基地	ji:di	n.	base
通常	tong:chang	adv.	normalmente
消息	xiao:xi	n.	noticia
有着	you:zhe	v.	tener
距离	ju:li	n.	distancia
民族	min:zu	n.	nación
相同	xiang:tong	adj.	idéntico
至少	zhi:shao	adv.	al menos
版权所有	ban:quan:suo:you	n.	derechos de autor
永远	yong:yuan	adv.	para siempre
竞争	jing:zheng	v.	competir
上午	shang:wu	n.	mañana
国外	guo:wai	n.	exterior
命令	ming:ling	n.	orden
主管部门	zhu:guan:bu:men	n.	departamento competente
团队	tuan:dui	n.	equipo
附件	fu:jian	n.	adjunto
教材	jiao:cai	n.	material didáctico
人气	ren:qi	n.	popularidad
正是	zheng:shi	adv.	precisamente
规则	gui:ze	n.	regla
色彩	se:cai	n.	color
准确	zhun:que	adj.	exacto
不知	bu:zhi	v.	no saber
干部	gan:bu	n.	cuadro
阅读者	yue:du:zhe	n.	lector
平均	ping:jun	adj.	promedio
曾经	ceng:jing	adv.	una vez
天津	tian:jin	n.	Tianjin
有点	you:dian	adv.	un poco
发送	fa:song	v.	enviar
展示	zhan:shi	v.	exhibir
老板	lao:ban	n.	jefe
在这里	zai:zhe:li	adv.	aquí
资产	zi:chan	n.	activo
地位	di:wei	n.	posición
所在	suo:zai	n.	ubicación
避免	bi:mian	v.	evitar
女孩	nv:hai	n.	chica
缺乏	que:fa	v.	faltar
最佳	zui:jia	adj.	mejor
评估	ping:gu	v.	evaluar
熟悉	shou:xi	v.	familiarizarse
熟悉	shu:xi	adj.	familiar
依照	yi:zhao	prep.	de acuerdo con
允许	yun:xu	v.	permitir
此时	ci:shi	n.	este momento
保密	bao:mi	v.	mantener el secreto
人物	ren:wu	n.	carácter
资格	zi:ge	n.	cualificación
工作人员	gong:zuo:ren:yuan	n.	personal
损失	sun:shi	n.	pérdida
无关	wu:guan	adj.	irrelevante
不再	bu:zai	adv.	ya no
出售	chu:shou	v.	vender
很快	hen:kuai	adv.	muy pronto
品种	pin:zhong	n.	variedad
人士	ren:shi	n.	persona
网址	wang:zhi	n.	dirección web
证书	zheng:shu	n.	certificado
不可	bu:ke	adv.	no
成都	cheng:du	n.	Chengdu
角度	jiao:du	n.	ángulo
心中	xin:zhong	n.	en el corazón
标签	biao:qian	n.	etiqueta
创业	chuang:ye	v.	emprender
答案	da:an	n.	respuesta
面议	mian:yi	v.	negociar en persona
相比	xiang:bi	v.	comparar
配合	pei:he	v.	coordinar
强大	qiang:da	adj.	poderoso
而言	er:yan	part.	en cuanto a
每次	mei:ci	pron.	cada vez
协调	xie:tiao	v.	coordinar
心里	xin:li	n.	en el corazón
名字	ming:zi	n.	nombre
身份	shen:fen	n.	identidad
时期	shi:qi	n.	período
相关图片	xiang:guan:tu:pian	n.	imagen relacionada
保留	bao:liu	v.	retener
青年	qing:nian	n.	juventud
加大	jia:da	v.	aumentar
结束	jie:shu	v.	terminar
做出	zuo:chu	v.	hacer
面前	mian:qian	n.	delante de
山东	shan:dong	n.	Shandong
对此	dui:ci	pron.	al respecto
收费	shou:fei	v.	cobrar
成果	cheng:guo	n.	resultado
服装	fu:zhuang	n.	ropa
有权	you:quan	v.	tener derecho
主动	zhu:dong	adj.	activo
完整	wan:zheng	adj.	completo
工艺	gong:yi	n.	artesanía
几乎	ji:hu	adv.	casi
下降	xia:jiang	v.	descender
尺寸	chi:cun	n.	medidas
独特	du:te	adj.	único
多年	duo:nian	n.	muchos años
感受	gan:shou	n.	sensación
那种	na:zhong	pron.	ese tipo de
医生	yi:sheng	n.	médico
博客	bo:ke	n.	blog
重庆	chong:qing	n.	Chongqing
寻找	xun:zhao	v.	buscar
自治区	zi:zhi:qu	n.	región autónoma
药品	yao:pin	n.	medicamento
防止	fang:zhi	v.	prevenir
特征	te:zheng	n.	característica
性质	xing:zhi	n.	naturaleza
遇到	yu:dao	v.	encontrar
高度	gao:du	n.	altura
利润	li:run	n.	beneficio
小姐	xiao:jie	n.	señorita
恢复	hui:fu	v.	recuperarse
强化	qiang:hua	v.	reforzar
持续	chi:xu	v.	continuar
上海市	shang:hai:shi	n.	Shanghai
装备	zhuang:bei	n.	equipo
攻击	gong:ji	v.	atacar
禁止	jin:zhi	v.	prohibir
升级	sheng:ji	v.	actualizar
一项	yi:xiang	num.	un (artículo)
反应	fan:ying	n.	reacción
道路	dao:lu	n.	carretera
话题	hua:ti	n.	tema
学会	xue:hui	v.	dominar
看来	kan:lai	adv.	por lo visto
体现	ti:xian	v.	encarnar
传播	chuan:bo	v.	difundir
绝对	jue:dui	adj.	absoluto
习惯	xi:guan	n.	costumbre
习惯	xi:guan	v.	acostumbrarse
一张	yi:zhang	mw.	un (hoja)
感情	gan:qing	n.	emoción
电视	dian:shi	n.	televisión
基于	ji:yu	prep.	basado en
幸福	xing:fu	n.	felicidad
暂无	zan:wu	v.	no disponible por ahora
两种	liang:zhong	num.	dos clases
病毒	bing:du	n.	virus
打造	da:zao	v.	crear
立场	li:chang	n.	posición
申报	shen:bao	v.	declarar
硬盘	ying:pan	n.	disco duro
自行	zi:xing	adv.	por sí mismo
观察	guan:cha	v.	observar
万人	wan:ren	n.	diez mil personas
构成	gou:cheng	v.	constituir
广泛	guang:fan	adj.	amplio
心情	xin:qing	n.	estado de ánimo
此次	ci:ci	pron.	esta vez
当事人	dang:shi:ren	n.	interesado
读者	du:zhe	n.	lector
联盟	lian:meng	n.	alianza
总结	zong:jie	v.	resumir
检验	jian:yan	v.	comprobar
核心	he:xin	n.	núcleo
网页	wang:ye	n.	página web
当年	dang:nian	n.	en aquel entonces
绿色	lv:se	n.	verde
马上	ma:shang	adv.	enseguida
实际上	shi:ji:shang	adv.	en realidad
素质	su:zhi	n.	calidad
态度	tai:du	n.	actitud
动物	dong:wu	n.	animal
环保	huan:bao	n.	protección ambiental
全新	quan:xin	adj.	totalmente nuevo
施工	shi:gong	v.	ejecutar obras
委托	wei:tuo	v.	encargar
档案	dang:an	n.	archivo
深圳市	shen:zhen:shi	n.	Shenzhen
自身	zi:shen	pron.	uno mismo
第一个	di:yi:ge	num.	el primero
发出	fa:chu	v.	emitir
上市	shang:shi	v.	salir a bolsa
他人	ta:ren	pron.	otro
域名	yu:ming	n.	nombre de dominio
保险	bao:xian	n.	seguro
有时	you:shi	adv.	a veces
承诺	cheng:nuo	v.	prometer
窗口	chuang:kou	n.	ventana
奖励	jiang:li	v.	recompensar
江苏	jiang:su	n.	Jiangsu
节目	jie:mu	n.	programma
理念	li:nian	n.	idea
理由	li:you	n.	razón
欧洲	ou:zhou	n.	Europa
之外	zhi:wai	n.	fuera de
人数	ren:shu	n.	número de personas
邮件	you:jian	n.	correo
组合	zu:he	n.	combinación
参数	can:shu	n.	parámetro
工资	gong:zi	n.	salario
经典	jing:dian	n.	clásico
身边	shen:bian	n.	a lado
儿子	er:zi	n.	hijo
律师	lv:shi	n.	abogado
日前	ri:qian	adv.	hace unos días
我市	wo:shi	n.	nuestra ciudad
来到	lai:dao	v.	llegar
投资者	tou:zi:zhe	n.	inversor
用的	yong:de	part.	usado
变得	bian:de	v.	volverse
发言	fa:yan	v.	hablar
发言	fa:yan	n.	intervención
观念	guan:nian	n.	noción
实验	shi:yan	n.	experimento
正确	zheng:que	adj.	correcto
指标	zhi:biao	n.	indicador
拒绝	ju:jue	v.	rechazar
商务	shang:wu	n.	negocios
在一起	zai:yi:qi	adv.	juntos
备案	bei:an	v.	registrar
标志	biao:zhi	n.	símbolo
标志	biao:zhi	v.	indicar
法国	fa:guo	n.	Francia
家长	jia:zhang	n.	padre
直到	zhi:dao	prep.	hasta
指数	zhi:shu	n.	índice
本科	ben:ke	n.	grado
某些	mou:xie	pron.	cierto
全省	quan:sheng	n.	toda la provincia
天下	tian:xia	n.	mundo
专用	zhuan:yong	adj.	especial
专用	zhuan:yong	v.	reservar
附近	fu:jin	n.	cercanía
各级	ge:ji	pron.	todos los niveles
判断	pan:duan	v.	juzgar
判断	pan:duan	n.	juicio
装修	zhuang:xiu	v.	renovar
技巧	ji:qiao	n.	técnica
加上	jia:shang	v.	añadir
授权方式	shou:quan:fang:shi	n.	modo de autorización
第三	di:san	num.	tercero
经历	jing:li	v.	vivir
经历	jing:li	n.	experiencia
就像	jiu:xiang	v.	ser como
体验	ti:yan	n.	experiencia
文明	wen:ming	n.	civilización
小学	xiao:xue	n.	escuela primaria
学历	xue:li	n.	formación académica
重大	zhong:da	adj.	importante
发行	fa:xing	v.	publicar
改造	gai:zao	v.	transformar
就要	jiu:yao	adv.	estar a punto de
表明	biao:ming	v.	indicar
播放	bo:fang	v.	transmitir
一边	yi:bian	n.	un lado
岗位	gang:wei	n.	puesto
突出	tu:chu	adj.	sobresaliente
变成	bian:cheng	v.	convertirse en
审查	shen:cha	v.	examinar
短信	duan:xin	n.	mensaje de texto
财富	cai:fu	n.	riqueza
复杂	fu:za	adj.	complejo
合理	he:li	adj.	razonable
角色	jue:se	n.	papel
拍摄	pai:she	v.	filmar
审批	shen:pi	v.	aprobar
大学生	da:xue:sheng	n.	estudiante universitario
品质	pin:zhi	n.	calidad
突破	tu:po	v.	superar
突破	tu:po	n.	avance
超级	chao:ji	adj.	super
金额	jin:e	n.	importe
成熟	cheng:shu	adj.	maduro
困难	kun:nan	adj.	difícil
困难	kun:nan	n.	dificultad
万吨	wan:dun	num.	10.000 toneladas
事项	shi:xiang	n.	asunto
维修	wei:xiu	v.	reparar
一批	yi:pi	mw.	un lote
原创	yuan:chuang	adj.	original
出租	chu:zu	v.	alquilar
手续	shou:xu	n.	trámite
约定	yue:ding	v.	acordar
约定	yue:ding	n.	acuerdo
中间	zhong:jian	n.	medio
或是	huo:shi	conj.	o
上网	shang:wang	v.	navegar por Internet
物品	wu:pin	n.	objeto
有效的	you:xiao:de	adj.	eficaz
栏目	lan:mu	n.	rúbrica
成长	cheng:zhang	v.	crecer
货物	huo:wu	n.	mercancía
内存	nei:cun	n.	memoria
适应	shi:ying	v.	adaptarse
说的	shuo:de	part.	que se dice
欣赏	xin:shang	v.	apreciar
欣赏	xin:shang	v.	admirar
运行环境	yun:xing:huan:jing	n.	entorno de ejecución
参考	can:kao	v.	consultar
参考	can:kao	n.	referencia
动态	dong:tai	n.	dinámica
动态	dong:tai	adj.	dinámico
感谢	gan:xie	v.	agradecer
你可以	ni:ke:yi	pron.	puedes
不到	bu:dao	v.	menos de
个性	ge:xing	n.	personalidad
所属	suo:shu	n.	pertenencia
渠道	qu:dao	n.	canal
也没有	ye:mei:you	adv.	tampoco
一片	yi:pian	mw.	un trozo
逐渐	zhu:jian	adv.	gradualmente
主体	zhu:ti	n.	parte principal
优惠	you:hui	n.	ventaja
杂志	za:zhi	n.	revista
指定	zhi:ding	v.	designar
如今	ru:jin	n.	hoy en día
选项	xuan:xiang	n.	opción
学员	xue:yuan	n.	alumno
预计	yu:ji	v.	prever
整合	zheng:he	v.	integrar
策略	ce:lve	n.	estrategia
还可以	hai:ke:yi	adv.	aún está bien
认定	ren:ding	v.	determinar
本次	ben:ci	pron.	esta vez
补充	bu:chong	v.	completar
影片	ying:pian	n.	película
周围	zhou:wei	n.	alrededores
报价	bao:jia	n.	cotización
操作系统	cao:zuo:xi:tong	n.	sistema operativo
肯定	ken:ding	adj.	seguro
肯定	ken:ding	adv.	seguramente
义务	yi:wu	n.	obligación
包含	bao:han	v.	contener
定位	ding:wei	v.	posicionar
家里	jia:li	n.	casa
商家	shang:jia	n.	comerciante
武汉	wu:han	n.	Wuhan
一名	yi:ming	mw.	un(a)
有关规定	you:guan:gui:ding	n.	normas pertinentes
又是	you:shi	adv.	otra vez
执行时间	zhi:xing:shi:jian	n.	tiempo de ejecución
不用	bu:yong	v.	no hacer falta
队伍	dui:wu	n.	filas
改进	gai:jin	v.	mejorar
留下	liu:xia	v.	dejar
提醒	ti:xing	v.	recordar
药物	yao:wu	n.	medicamento
不好	bu:hao	adj.	malo
会有	hui:you	v.	habrá
强烈	qiang:lie	adj.	intenso
商标	shang:biao	n.	marca
死亡	si:wang	n.	muerte
这位	zhe:wei	pron.	esta persona
罚款	fa:kuan	n.	multa
依然	yi:ran	adv.	todavía
优化	you:hua	v.	optimizar
转让	zhuan:rang	v.	ceder
广场	guang:chang	n.	plaza
深入	shen:ru	v.	profundizar
思考	si:kao	v.	pensar
先后	xian:hou	adv.	sucesivamente
观众	guan:zhong	n.	público
客人	ke:ren	n.	invitado
三年	san:nian	num.	tres años
一段	yi:duan	mw.	un segmento
担任	dan:ren	v.	desempeñar
食物	shi:wu	n.	comida
动力	dong:li	n.	fuerza motriz
机器	ji:qi	n.	máquina
那里	na:li	pron.	allí
听到	ting:dao	v.	oír
遵守	zun:shou	v.	cumplir
昨天	zuo:tian	n.	ayer
说话	shuo:hua	v.	hablar
中学	zhong:xue	n.	escuela secundaria
逐步	zhu:bu	adv.	gradualmente
诚信	cheng:xin	n.	integridad
良好	liang:hao	adj.	bueno
随时	sui:shi	adv.	en cualquier momento
温度	wen:du	n.	temperatura
衣服	yi:fu	n.	ropa
充分	chong:fen	adj.	suficiente
租赁	zu:lin	v.	arrendar
多次	duo:ci	adv.	muchas veces
公路	gong:lu	n.	carretera
确实	que:shi	adv.	ciertamente
人口	ren:kou	n.	población
在此	zai:ci	adv.	aquí
站点	zhan:dian	n.	estación
和谐	he:xie	adj.	armonioso
机械	ji:xie	n.	maquinaria
普遍	pu:bian	adj.	universal
首次	shou:ci	adv.	por primera vez
所需	suo:xu	adj.	necesario
一套	yi:tao	mw.	un juego
广东省	guang:dong:sheng	n.	Guangdong
后面	hou:mian	n.	detrás
美女	mei:nv	n.	bella
社会主义	she:hui:zhu:yi	n.	socialismo
愿意	yuan:yi	v.	estar dispuesto
论文	lun:wen	n.	artículo
人家	ren:jia	pron.	yo
行政	xing:zheng	n.	administración
英文	ying:wen	n.	inglés
自我	zi:wo	n.	yo mismo
做法	zuo:fa	n.	método
病人	bing:ren	n.	paciente
热情	re:qing	adj.	entusiasta
图书	tu:shu	n.	libros
物流	wu:liu	n.	logística
成功的	cheng:gong:de	adj.	exitoso
难以	nan:yi	v.	difícil de
先进	xian:jin	adj.	avanzado
众多	zhong:duo	adj.	numeroso
设定	she:ding	v.	establecer
挑战	tiao:zhan	n.	desafío
总数	zong:shu	n.	total
返回	fan:hui	v.	volver
哈哈	ha:ha	onom.	jaja
俱乐部	ju:le:bu	n.	club
矛盾	mao:dun	n.	contradicción
毕业生	bi:ye:sheng	n.	titulado
到达	dao:da	v.	llegar
过来	guo:lai	v.	venir
今后	jin:hou	n.	de ahora en adelante
配套	pei:tao	adj.	complementario
运输	yun:shu	n.	transporte
好像	hao:xiang	v.	parecer
公务员	gong:wu:yuan	n.	funcionario
趋势	qu:shi	n.	tendencia
一场	yi:chang	mw.	una (sesión)
预防	yu:fang	v.	prevenir
在于	zai:yu	v.	consistir en
复制	fu:zhi	v.	copiar
排名	pai:ming	v.	clasificar
实在	shi:zai	adv.	realmente
用户名	yong:hu:ming	n.	nombre de usuario
尊重	zun:zhong	v.	respetar
不够	bu:gou	adj.	insuficiente
定义	ding:yi	n.	definición
情感	qing:gan	n.	emoción
生物	sheng:wu	n.	organismo
最多	zui:duo	adv.	como máximo
厂商	chang:shang	n.	fabricante
合格	he:ge	adj.	cualificado
等待	deng:dai	v.	esperar
市民	shi:min	n.	ciudadano
创作	chuang:zuo	v.	crear
房间	fang:jian	n.	habitación
数学	shu:xue	n.	matemáticas
编制	bian:zhi	n.	plantilla
编制	bian:zhi	v.	tejer
表面	biao:mian	n.	superficie
歌曲	ge:qu	n.	canción
每一个	mei:yi:ge	pron.	cada
难道	nan:dao	adv.	acaso
一部分	yi:bu:fen	n.	una parte
正确的	zheng:que:de	adj.	correcto
按钮	an:niu	n.	botón
大部分	da:bu:fen	n.	la mayoría
探索	tan:suo	v.	explorar
给你	gei:ni	v.	darte
家具	jia:ju	n.	muebles
会计	kuai:ji	n.	contabilidad
令人	ling:ren	v.	hacer que uno
这就是	zhe:jiu:shi	v.	esto es
职责	zhi:ze	n.	deber
声明	sheng:ming	v.	declarar
变更	bian:geng	v.	cambiar
变更	bian:geng	n.	cambio
大会	da:hui	n.	asamblea
大会	da:hui	n.	conferencia
巨大的	ju:da:de	adj.	enorme
老人	lao:ren	n.	anciano
年轻	nian:qing	adj.	joven
实力	shi:li	n.	fuerza
四个	si:ge	num.	cuatro
各个	ge:ge	pron.	cada
金属	jin:shu	n.	metal
投票	tou:piao	v.	votar
投票	tou:piao	n.	voto
吸引	xi:yin	v.	atraer
厦门	xia:men	n.	Xiamen
预测	yu:ce	v.	predecir
预测	yu:ce	n.	predicción
注重	zhu:zhong	v.	poner atención
装置	zhuang:zhi	n.	dispositivo
各位	ge:wei	pron.	todos
公斤	gong:jin	n.	kilogramo
购物	gou:wu	v.	hacer compras
接触	jie:chu	v.	tocar
接触	jie:chu	n.	contacto
小区	xiao:qu	n.	vecindario
学科	xue:ke	n.	disciplina
样子	yang:zi	n.	apariencia
整理	zheng:li	v.	organizar
职务	zhi:wu	n.	cargo
画面	hua:mian	n.	imagen
输出	shu:chu	v.	generar
输出	shu:chu	n.	salida
投诉	tou:su	v.	reclamarse
引进	yin:jin	v.	introducir
电子邮件	dian:zi:you:jian	n.	correo electrónico
毕业	bi:ye	v.	graduarse
打印	da:yin	v.	imprimir
刚刚	gang:gang	adv.	recién
关心	guan:xin	v.	importarse
关心	guan:xin	n.	interés
近年来	jin:nian:lai	n.	últimos años
权限	quan:xian	n.	permiso
四川	si:chuan	n.	Sichuan
作业	zuo:ye	n.	tarea
放弃	fang:qi	v.	renunciar
环节	huan:jie	n.	eslabón
医疗	yi:liao	n.	atención médica
特性	te:xing	n.	característica
邮箱	you:xiang	n.	buzón
展开	zhan:kai	v.	desplegar
女子	nv:zi	n.	mujer
破坏	po:huai	v.	destruir
前面	qian:mian	n.	frente
黑色	hei:se	n.	negro
疾病	ji:bing	n.	enfermedad
轻松	qing:song	adj.	relajado
为此	wei:ci	adv.	por esto
字体	zi:ti	n.	fuente
专题	zhuan:ti	n.	tema especial
进程	jin:cheng	n.	proceso
停止	ting:zhi	v.	detener
物质	wu:zhi	n.	materia
至今	zhi:jin	adv.	hasta ahora
至于	zhi:yu	v.	en cuanto a
经销商	jing:xiao:shang	n.	distribuidor
未经	wei:jing	prep.	sin
情绪	qing:xu	n.	emoción
收取	shou:qu	v.	cobrar
财产	cai:chan	n.	propiedad
看见	kan:jian	v.	ver
体育	ti:yu	n.	deporte
金融	jin:rong	n.	finanzas
是以	shi:yi	conj.	por lo tanto
翻译	fan:yi	v.	traducir
股东	gu:dong	n.	accionista
精品	jing:pin	n.	producto de lujo
收集	shou:ji	v.	recolectar
唯一	wei:yi	adj.	único
许可	xu:ke	v.	permitir
宠物	chong:wu	n.	mascota
空调	kong:tiao	n.	aire acondicionado
频道	pin:dao	n.	canal
面试	mian:shi	n.	entrevista
热线	re:xian	n.	línea directa
始终	shi:zhong	adv.	siempre
下一页	xia:yi:ye	n.	página siguiente
相互	xiang:hu	adv.	mutuamente
兴趣	xing:qu	n.	interés
兄弟	xiong:di	n.	hermanos
房子	fang:zi	n.	casa
取消	qu:xiao	v.	cancelar
尚未	shang:wei	adv.	todavía no
责任编辑	ze:ren:bian:ji	n.	editor responsable
电子商务	dian:zi:shang:wu	n.	comercio electrónico
加盟	jia:meng	v.	afiliarse
情形	qing:xing	n.	situación
想法	xiang:fa	n.	idea
一块	yi:kuai	n.	un yuan
一块	yi:kuai	adv.	juntos
公民	gong:min	n.	ciudadano
笔者	bi:zhe	n.	el autor
担心	dan:xin	v.	preocuparse
基层	ji:ceng	n.	ele base
平时	ping:shi	n.	en tiempo normal
让我们	rang:wo:men	v.	dejemos que
文学	wen:xue	n.	literatura
漂亮	piao:liang	adj.	bonito
现实	xian:shi	n.	realidad
动画	dong:hua	n.	animación
获取	huo:qu	v.	obtener
较大	jiao:da	adj.	relativamente grande
录入	lu:ru	v.	introducir
面临	mian:lin	v.	encarar
信息化	xin:xi:hua	n.	informatización
植物	zhi:wu	n.	planta
固定	gu:ding	v.	fijar
股票	gu:piao	n.	acción
集体	ji:ti	n.	colectivo
进步	jin:bu	v.	progresar
居民	ju:min	n.	habitante
劳动	lao:dong	v.	trabajar
试验	shi:yan	n.	prueba
像素	xiang:su	n.	píxel
一级	yi:ji	n.	primer nivel
浏览器	liu:lan:qi	n.	navegador
商城	shang:cheng	n.	centro comercial
依据	yi:ju	prep.	de acuerdo con
不敢	bu:gan	v.	no atreverse
贸易	mao:yi	n.	comercio
详细信息	xiang:xi:xin:xi	n.	información detallada
小说	xiao:shuo	n.	novela
有利于	you:li:yu	v.	ser beneficioso para
值得	zhi:de	v.	s valer
宝宝	bao:bao	n.	bebé
河南	he:nan	n.	Henan
人民法院	ren:min:fa:yuan	n.	tribunal popular
收藏本页	shou:cang:ben:ye	v.	guardar página
损害	sun:hai	v.	dañar
提前	ti:qian	v.	anticipar
不但	bu:dan	conj.	no solo
称为	cheng:wei	v.	ser llamado
定期	ding:qi	adj.	periódico
妇女	fu:nv	n.	mujer
妻子	qi:zi	n.	esposa
伤害	shang:hai	v.	herir
主管	zhu:guan	n.	supervisor
博士	bo:shi	n.	doctor
当中	dang:zhong	n.	entre
分配	fen:pei	v.	asignar
歌手	ge:shou	n.	cantor
受理	shou:li	v.	aceptar
表情	biao:qing	n.	expresión
流行	liu:xing	adj.	de moda
满意	man:yi	adj.	satisfecho
行政主管	xing:zheng:zhu:guan	n.	supervisor administrativo
白色	bai:se	n.	blanco
表演	biao:yan	v.	actuar
收益	shou:yi	n.	ingreso
图像	tu:xiang	n.	imagen
意思	yi:si	n.	significado
营养	ying:yang	n.	nutrición
直辖市	zhi:xia:shi	n.	municipalidad
住宅	zhu:zhai	n.	vivienda
刺激	ci:ji	v.	estimular
电池	dian:chi	n.	pila
好了	hao:le	int.	bien
鉴定	jian:ding	v.	tasar
另一个	ling:yi:ge	pron.	otro
驱动	qu:dong	v.	impulsar
日子	ri:zi	n.	día
申请人	shen:qing:ren	n.	solicitante
亚洲	ya:zhou	n.	Asia
重量	zhong:liang	n.	peso
策划	ce:hua	v.	planificar
而已	er:yi	part.	solamente
结婚	jie:hun	v.	casarse
竟然	jing:ran	adv.	inesperadamente
理想	li:xiang	n.	ideal
请求	qing:qiu	v.	solicitar
信号	xin:hao	n.	señal
层次	ceng:ci	n.	nivel
流程	liu:cheng	n.	proceso
切实	qie:shi	adj.	real
时刻	shi:ke	n.	momento
运作	yun:zuo	v.	funcionar
厂家	chang:jia	n.	fabricante
上升	shang:sheng	v.	subir
多媒体	duo:mei:ti	n.	multimedia
男性	nan:xing	n.	masculino
数据查询	shu:ju:cha:xun	n.	consulta de datos
想到	xiang:dao	v.	ocurrírsele
好评度	hao:ping:du	n.	grado de aprobación
决策	jue:ce	n.	decisión
太多	tai:duo	adj.	z demasiados
因而	yin:er	conj.	por lo tanto
电源	dian:yuan	n.	fuente de alimentación
发布日期	fa:bu:ri:qi	n.	fecha de lanzamiento
情节	qing:jie	n.	trama
宣布	xuan:bu	v.	anunciar
股份有限公司	gu:fen:you:xian:gong:si	n.	sociedad anónima
练习	lian:xi	v.	practicar
期限	qi:xian	n.	plazo
人体	ren:ti	n.	cuerpo humano
新型	xin:xing	adj.	nuevo tipo
邀请	yao:qing	v.	invitar
一系列	yi:xi:lie	num.	una serie de
转变	zhuan:bian	v.	cambiar
玻璃	bo:li	n.	vidrio
充满	chong:man	v.	llenar
构建	gou:jian	v.	construir
近期	jin:qi	n.	periodo reciente
软件类别	ruan:jian:lei:bie	n.	categoría de software
事故	shi:gu	n.	accidente
特定	te:ding	adj.	específico
也就是	ye:jiu:shi	conj.	es decir
本网站	ben:wang:zhan	n.	este sitio web
广州市	guang:zhou:shi	n.	Guangzhou
大多数	da:duo:shu	n.	mayoría
工程师	gong:cheng:shi	n.	ingeniero
国内外	guo:nei:wai	n.	dentro y fuera del país
湖南	hu:nan	n.	Hunan
每月	mei:yue	adv.	cada mes
调节	tiao:jie	v.	regulalar
主持	zhu:chi	v.	presidir
背景	bei:jing	n.	fondo
表达	biao:da	v.	expresar
业绩	ye:ji	n.	resultados
原理	yuan:li	n.	principio
战争	zhan:zheng	n.	guerra
案例	an:li	n.	caso
宾馆	bin:guan	n.	hotel
电信	dian:xin	n.	telecomunicaciones
感染	gan:ran	v.	infectar
还没	hai:mei	adv.	todavía no
手中	shou:zhong	n.	en las manos
树立	shu:li	v.	establecer
未知	wei:zhi	adj.	desconocido
纷纷	fen:fen	adv.	uno tras otro
明天	ming:tian	n.	mañana
下去	xia:qu	v.	continuar
言论	yan:lun	n.	declaraciones
订单	ding:dan	n.	pedido
东方	dong:fang	n.	Oriente
机场	ji:chang	n.	aeropuerto
尽量	jin:liang	adv.	lo más posible
平衡	ping:heng	n.	equilibrio
财政	cai:zheng	n.	hacienda
大专	da:zhuan	n.	escuela técnica
供应商	gong:ying:shang	n.	proveedor
界面	jie:mian	n.	interfaz
业主	ye:zhu	n.	propietario
装饰	zhuang:shi	v.	decorar
仓库	cang:ku	n.	almacén
场所	chang:suo	n.	lugar
福建	fu:jian	n.	Fujian
上一页	shang:yi:ye	n.	página anterior
新疆	xin:jiang	n.	Xinjiang
住房	zhu:fang	n.	vivienda
红色	hong:se	n.	rojo
生态	sheng:tai	n.	ecología
思维	si:wei	n.	pensamiento
常常	chang:chang	adv.	a menudo
回家	hui:jia	v.	volver a casa
回来	hui:lai	v.	volver
回来	hui:lai	n.	regreso
立刻	li:ke	adv.	inmediatamente
效益	xiao:yi	n.	beneficio
本地	ben:di	n.	local
待遇	dai:yu	n.	trato
待遇	dai:yu	n.	salario
导演	dao:yan	n.	director
导演	dao:yan	v.	dirigir
估计	gu:ji	v.	estimar
审计	shen:ji	n.	auditoría
说法	shuo:fa	n.	formulación
说法	shuo:fa	n.	versión
天然	tian:ran	adj.	natural
研发	yan:fa	v.	desarrollar
研发	yan:fa	n.	I+D
严重的	yan:zhong:de	adj.	grave
本书	ben:shu	n.	este libro
大大	da:da	adv.	enormemente
科研	ke:yan	n.	investigación científica
效率	xiao:lv	n.	eficiencia
模块	mo:kuai	n.	módulo
显得	xian:de	v.	parecer
优质	you:zhi	adj.	de alta calidad
重复	chong:fu	v.	repetir
重复	chong:fu	adj.	repetitivo
刚才	gang:cai	adv.	hace un momento
高中	gao:zhong	n.	preparatoria
含有	han:you	v.	contener
所在地	suo:zai:di	n.	ubicación
想要	xiang:yao	v.	querer
转移	zhuan:yi	v.	transferir
不管	bu:guan	conj.	sea cual sea
车型	che:xing	n.	modelo de coche
发动机	fa:dong:ji	n.	motor
记得	ji:de	v.	recordar
监管	jian:guan	v.	supervisar
类似	lei:si	adj.	similar
明白	ming:bai	v.	entender
手术	shou:shu	n.	operación
通信	tong:xin	n.	comunicación
休闲	xiu:xian	n.	ocio
以便	yi:bian	conj.	para que
有所	you:suo	adv.	en cierto modo
规律	gui:lv	n.	patrón
很少	hen:shao	adv.	raramente
权力	quan:li	n.	poder
新增	xin:zeng	v.	añadir
研究所	yan:jiu:suo	n.	instituto de investigación
点击数	dian:ji:shu	n.	número de clics
互动	hu:dong	v.	interactuar
客服	ke:fu	n.	servicio al cliente
空气	kong:qi	n.	aire
另一方面	ling:yi:fang:mian	conj.	por otra parte
条款	tiao:kuan	n.	cláusula
条例	tiao:li	n.	reglamento
消除	xiao:chu	v.	eliminar
尤其	you:qi	adv.	especialmente
毕竟	bi:jing	adv.	después de todo
道德	dao:de	n.	moralidad
或许	huo:xu	adv.	quizás
力度	li:du	n.	intensidad
能否	neng:fou	v.	poder
批发	pi:fa	v.	vender al por mayor
体制	ti:zhi	n.	sistema
演出	yan:chu	n.	actuación
英雄	ying:xiong	n.	héroe
责令	ze:ling	v.	ordenar
中华	zhong:hua	n.	China
资讯	zi:xun	n.	información
物业	wu:ye	n.	administración
协助	xie:zhu	v.	ayudar
一方面	yi:fang:mian	conj.	por una parte
印刷	yin:shua	v.	imprimir
著名	zhu:ming	adj.	famoso
步骤	bu:zhou	n.	paso
慢慢	man:man	adv.	lentamente
原料	yuan:liao	n.	materia prima
临时	lin:shi	adj.	temporal
太阳	tai:yang	n.	sol
委员	wei:yuan	n.	miembro del comité
花园	hua:yuan	n.	jardín
尽快	jin:kuai	adv.	lo antes posible
性格	xing:ge	n.	carácter
光盘	guang:pan	n.	disco óptico
广西	guang:xi	n.	Guangxi
失败	shi:bai	v.	fallar
浙江省	zhe:jiang:sheng	n.	provincia de Zhejiang
走向	zou:xiang	v.	encaminarse hacia
租房	zu:fang	v.	alquilar vivienda
飞机	fei:ji	n.	avión
危害	wei:hai	v.	dañar
围绕	wei:rao	v.	rodear
围绕	wei:rao	prep.	alrededor de
污染	wu:ran	v.	contaminar
用人单位	yong:ren:dan:wei	n.	empleador
云南	yun:nan	n.	Yunnan
主机	zhu:ji	n.	ordenador central
不对	bu:dui	adj.	incorrecto
差异	cha:yi	n.	diferencia
反对	fan:dui	v.	oponerse
梦想	meng:xiang	n.	sueño
区别	qu:bie	n.	diferencia
全体	quan:ti	n.	el conjunto
上传	shang:chuan	v.	subir
与其	yu:qi	conj.	más bien que
资本	zi:ben	n.	capital
对比	dui:bi	v.	contrastar
江苏省	jiang:su:sheng	n.	provincia de Jiangsu
思路	si:lu	n.	línea de pensamiento
出发	chu:fa	v.	salir
更为	geng:wei	adv.	aún más
观看	guan:kan	v.	ver
简历	jian:li	n.	curriculum
数码	shu:ma	n.	digital
一款	yi:kuan	num.	ein
总经理	zong:jing:li	n.	director general
备注	bei:zhu	n.	observación
常用	chang:yong	adj.	común
运营	yun:ying	v.	operar
招生	zhao:sheng	v.	reclutar alumnos
真实性	zhen:shi:xing	n.	autenticidad
出去	chu:qu	v.	salir
分公司	fen:gong:si	n.	filial
化学	hua:xue	n.	química
记忆	ji:yi	n.	memoria
某个	mou:ge	pron.	cierto
印度	yin:du	n.	India
总体	zong:ti	n.	conjunto
最低	zui:di	adj.	mínimo
分布	fen:bu	n.	distribución
高速	gao:su	adj.	alta velocidad
模型	mo:xing	n.	modelo
佚名	yi:ming	n.	anónimo
居然	ju:ran	adv.	inesperadamente
内置	nei:zhi	v.	integrado
芯片	xin:pian	n.	chip
幼儿园	you:er:yuan	n.	jardín de infancia
优先	you:xian	v.	priorizar
元素	yuan:su	n.	elemento
开发商	kai:fa:shang	n.	desarrollador
评分	ping:fen	n.	puntuación
由此	you:ci	adv.	por esto
诊断	zhen:duan	v.	diagnosticar
安徽	an:hui	n.	Anhui
大师	da:shi	n.	maestro
河北	he:bei	n.	Hebei
见到	jian:dao	v.	ver
接近	jie:jin	v.	acercarse
细胞	xi:bao	n.	célula
以为	yi:wei	v.	creer
症状	zheng:zhuang	n.	síntoma
处罚	chu:fa	v.	castigar
年底	nian:di	n.	fin de año
事实上	shi:shi:shang	adv.	de hecho
学者	xue:zhe	n.	erudito
别的	bie:de	pron.	otro
更大	geng:da	adj.	más grande
工厂	gong:chang	n.	fábrica
严格	yan:ge	adj.	estricto
建成	jian:cheng	v.	completar
可爱	ke:ai	adj.	adorable
细节	xi:jie	n.	detalle
造型	zao:xing	n.	estilo
站长	zhan:zhang	n.	jefe de estación
昨日	zuo:ri	n.	ayer
财务	cai:wu	n.	finanzas
超市	chao:shi	n.	supermercado
地图	di:tu	n.	mapa
发放	fa:fang	v.	distribuir
更换	geng:huan	v.	cambiar
经费	jing:fei	n.	fondos
厘米	li:mi	mw.	centímetro
生存	sheng:cun	v.	sobrevivir
展览	zhan:lan	n.	exposición
并非	bing:fei	adv.	para nada
低于	di:yu	v.	inferior a
能源	neng:yuan	n.	energía
最为	zui:wei	adv.	más
家族	jia:zu	n.	familia
解决方案	jie:jue:fang:an	n.	solución
设计师	she:ji:shi	n.	diseñador
享有	xiang:you	v.	disfrutar de
小组	xiao:zu	n.	grupo
意大利	yi:da:li	n.	Italia
种类	zhong:lei	n.	tipo
转换	zhuan:huan	v.	convertir
称号	cheng:hao	n.	título
紧张	jin:zhang	adj.	nervioso
期待	qi:dai	v.	esperar
一阵	yi:zhen	mw.	un rato
硬件	ying:jian	n.	hardware
俄罗斯	e:luo:si	n.	Rusia
监控	jian:kong	v.	monitorear
节省	jie:sheng	v.	ahorrar
旅行社	lv:xing:she	n.	agencia de viajes
市政府	shi:zheng:fu	n.	ayuntamiento
武器	wu:qi	n.	arma
乡镇	xiang:zhen	n.	pueblos y municipios
营造	ying:zao	v.	crear
丈夫	zhang:fu	n.	marido
到底	dao:di	adv.	al fin y al cabo
敌人	di:ren	n.	enemigo
经济发展	jing:ji:fa:zhan	n.	desarrollo económico
境内	jing:nei	n.	dentro del territorio
两年	liang:nian	num.	dos años
配件	pei:jian	n.	accesorios
搜索引擎	sou:suo:yin:qing	n.	motor de búsqueda
痛苦	tong:ku	adj.	doloroso
透露	tou:lu	v.	revelar
途径	tu:jing	n.	vía
西方	xi:fang	n.	Occidente
大陆	da:lu	n.	continente
基本上	ji:ben:shang	adv.	básicamente
接着	jie:zhe	conj.	luego
签订	qian:ding	v.	firmar
验收	yan:shou	v.	inspeccionar
测量	ce:liang	v.	medir
含量	han:liang	n.	contenido
机动车	ji:dong:che	n.	vehículo de motor
肌肤	ji:fu	n.	piel
监测	jian:ce	v.	monitorear
课题	ke:ti	n.	tema de investigación
心灵	xin:ling	n.	mente
行政部门	xing:zheng:bu:men	n.	departamento administrativo
邮政编码	you:zheng:bian:ma	n.	código postal
哲学	zhe:xue	n.	filosofía
摄影	she:ying	n.	fotografía
有没有	you:mei:you	v.	tener o no
招商	zhao:shang	v.	captar inversiones
这类	zhe:lei	pron.	este tipo
大连	da:lian	n.	Dalian
关键词	guan:jian:ci	n.	palabra clave
黄金	huang:jin	n.	oro
即将	ji:jiang	adv.	pronto
年前	nian:qian	n.	antes del Año Nuevo
签名	qian:ming	v.	firmar
热门	re:men	adj.	popular
随后	sui:hou	adv.	poco después
通讯	tong:xun	n.	comunicación
校园	xiao:yuan	n.	campus
种子	zhong:zi	n.	semilla
其次	qi:ci	adv.	En segundo lugar
实验室	shi:yan:shi	n.	laboratorio
主人	zhu:ren	n.	amo
尝试	chang:shi	v.	intentar
订购	ding:gou	v.	pedir
合法权益	he:fa:quan:yi	n.	derechos legítimos
集成	ji:cheng	v.	integrar
蔬菜	shu:cai	n.	verdura
危险	wei:xian	adj.	peligroso
详情	xiang:qing	n.	detalles
主办	zhu:ban	v.	organizar
注明	zhu:ming	v.	indicar
不必	bu:bi	adv.	no necesitar
创意	chuang:yi	n.	idea
精彩	jing:cai	adj.	maravilloso
每日	mei:ri	n.	todos los días
暂时	zan:shi	adv.	temporalmente
成就	cheng:jiu	n.	logro
好友	hao:you	n.	buen amigo
湖北	hu:bei	n.	Hubei
纳入	na:ru	v.	incorporar
男子	nan:zi	n.	hombre
研究生	yan:jiu:sheng	n.	estudiante de posgrado
智慧	zhi:hui	n.	sabiduría
地上	di:shang	n.	en el suelo
清楚	qing:chu	adj.	claro
日志	ri:zhi	n.	registro
完美	wan:mei	adj.	perfecto
休息	xiu:xi	v.	descansar
电力	dian:li	n.	energía eléctrica
激情	ji:qing	n.	pasión
科目	ke:mu	n.	asignatura
扩展	kuo:zhan	v.	ampliar
显然	xian:ran	adv.	obviamente
现状	xian:zhuang	n.	estado actual
优点	you:dian	n.	mérito
争取	zheng:qu	v.	luchar por
的确	di:que	adv.	ciertamente
加速	jia:su	v.	acelerar
累计	lei:ji	v.	acumular
前往	qian:wang	v.	acudir a
三个代表	san:ge:dai:biao	n.	Tres Representaciones
苏州	su:zhou	n.	Suzhou
用来	yong:lai	v.	servir para
账号	zhang:hao	n.	cuenta
忽然	hu:ran	adv.	de repente
基	ji	n.	base
插入	cha:ru	v.	insertar
同步	tong:bu	v.	sincronizar
意味着	yi:wei:zhe	v.	significar
上下	shang:xia	n.	arriba y abajo
选	xuan	v.	elegir
办公	ban:gong	v.	trabajar de oficina
之下	zhi:xia	n.	bajo
跨越	kua:yue	v.	cruzar
持有	chi:you	v.	poseer
推	tui	v.	empujar
房产	fang:chan	n.	inmueble
天使	tian:shi	n.	ángel
旁边	pang:bian	n.	al lado
噢	o	int.	oh
物理	wu:li	n.	física
教育部	jiao:yu:bu	n.	ministerio de Educación
街道	jie:dao	n.	calle
改	gai	v.	cambiar
承担责任	cheng:dan:ze:ren	v.	asumir la responsabilidad
治理	zhi:li	v.	gobernar
一把	yi:ba	mw.	un puñado
上涨	shang:zhang	v.	subir
萝卜	luo:bo	n.	rábano
充分发挥	chong:fen:fa:hui	v.	aprovechar plenamente
退	tui	v.	retirarse
缴纳	jiao:na	v.	pagar
镜头	jing:tou	n.	objetivo
著名的	zhu:ming:de	adj.	famoso
点券	dian:quan	n.	bono de puntos
三星	san:xing	n.	Samsung
味	wei	n.	sabor
发表时间	fa:biao:shi:jian	n.	hora de publicación
份	fen	mw.	porción
味道	wei:dao	n.	sabor
失去	shi:qu	v.	perder
婚姻	hun:yin	n.	matrimonio
示	shi	v.	mostrar
忍	ren	v.	soportar
天气	tian:qi	n.	tiempo
足够	zu:gou	adj.	suficiente
超级版主	chao:ji:ban:zhu	n.	supermoderador
沈阳	shen:yang	n.	Shenyang
较为	jiao:wei	adv.	relativemente
印象	yin:xiang	n.	impresión
历	li	n.	calendario
任意	ren:yi	adj.	arbitrario
读书	du:shu	v.	leer
展会	zhan:hui	n.	exposición
通道	tong:dao	n.	pasaje
目光	mu:guang	n.	mirada
文档	wen:dang	n.	documento
青少年	qing:shao:nian	n.	adolescente
主板	zhu:ban	n.	placa base
承认	cheng:ren	v.	reconocer
器	qi	n.	utensilio
恐	kong	v.	temer
引	yin	v.	tirar
折扣	zhe:kou	n.	descuento
这款	zhe:kuan	pron.	este modelo
公共	gong:gong	adj.	público
试	shi	v.	intentar
垃圾	la:ji	n.	basura
端口	duan:kou	n.	puerto
高手	gao:shou	n.	experto
不想	bu:xiang	v.	no querer
公园	gong:yuan	n.	parque
自身的	zi:shen:de	adj.	propio
面向	mian:xiang	v.	orientar
面向	mian:xiang	prep.	dirigido a
爸爸	ba:ba	n.	papá
皮	pi	n.	piel
皮	pi	n.	cuero
定价	ding:jia	n.	precio fijo
定价	ding:jia	v.	fijar el precio
既然	ji:ran	conj.	puesto que
打击	da:ji	v.	golpear
打击	da:ji	n.	golpe
证据	zheng:ju	n.	prueba
寄	ji	v.	enviar
习	xi	v.	practicar
电视台	dian:shi:tai	n.	cadena de televisión
认可	ren:ke	v.	aprobar
认可	ren:ke	n.	aprobación
靠	kao	v.	apoyarse
靠	kao	v.	confiar en
导	dao	v.	guiar
安全生产	an:quan:sheng:chan	n.	seguridad de producción
眼前	yan:qian	n.	delante de los ojos
人群	ren:qun	n.	multitud
存	cun	v.	ahorrar
存	cun	v.	existir
莫	mo	adv.	no
志	zhi	n.	aspiración
志	zhi	n.	revista
区	qu	n.	distrito
彻底	che:di	adj.	minucioso
早已	zao:yi	adv.	ya
不可能	bu:ke:neng	adj.	imposible
明星	ming:xing	n.	estrella
汉	han	n.	chino
汉	han	n.	han
江西	jiang:xi	n.	Jiangxi
维持	wei:chi	v.	mantener
城镇	cheng:zhen	n.	ciudad
右	you	n.	derecha
失误	shi:wu	n.	error
覆盖	fu:gai	v.	cubrir
复印件	fu:yin:jian	n.	fotocopia
群体	qun:ti	n.	grupo
写作	xie:zuo	v.	escribir
什	shen	pron.	qué
生成	sheng:cheng	v.	generar
写字楼	xie:zi:lou	n.	edificio de oficinas
顺利	shun:li	adj.	exitoso
求职	qiu:zhi	v.	buscar empleo
严	yan	adj.	estricto
医药	yi:yao	n.	medicina
对手	dui:shou	n.	adversario
合租	he:zu	v.	compartir piso
信心	xin:xin	n.	confianza
许可证	xu:ke:zheng	n.	licencia
地面	di:mian	n.	suelo
不如	bu:ru	v.	no ser tan bueno como
请问	qing:wen	v.	perdone
反而	fan:er	adv.	al contrario
主席	zhu:xi	n.	presidente
文章来源	wen:zhang:lai:yuan	n.	fuente del artículo
异常	yi:chang	adj.	anormal
异常	yi:chang	n.	anomalía
态	tai	n.	estado
套	tao	mw.	juego
套	tao	v.	servir
天空	tian:kong	n.	cielo
校长	xiao:zhang	n.	director
老婆	lao:po	n.	esposa
买	mai	v.	comprar
支撑	zhi:cheng	v.	sostener
宁波	ning:bo	n.	Ningbo
幸	xing	adj.	afortunado
能量	neng:liang	n.	energía
商铺	shang:pu	n.	tienda
仿佛	fang:fu	adv.	como si
总部	zong:bu	n.	sede
培育	pei:yu	v.	cultivar
佛	fo	n.	Buda
主持人	zhu:chi:ren	n.	presentador
临床	lin:chuang	adj.	clínico
产量	chan:liang	n.	producción
主页	zhu:ye	n.	página principal
议	yi	v.	discutir
全文	quan:wen	n.	texto completo
外面	wai:mian	n.	exterior
差距	cha:ju	n.	brecha
必然	bi:ran	adj.	inevitable
可见	ke:jian	conj.	por lo visto
树	shu	n.	árbol
哪些	na:xie	pron.	cuáles
公众	gong:zhong	n.	público
中小企业	zhong:xiao:qi:ye	n.	pymes
赠送	zeng:song	v.	regalar
一道	yi:dao	adv.	juntos
一面	yi:mian	num.	un lado
灵活	ling:huo	adj.	flexible
止	zhi	v.	detener
阴谋	yin:mou	n.	conspiración
块	kuai	mw.	trozo
女士	nv:shi	n.	señora
农产品	nong:chan:pin	n.	producto agrícola
民主	min:zhu	n.	democracia
医学	yi:xue	n.	medicina
外观	wai:guan	n.	apariencia
插件	cha:jian	n.	complemento
饭店	fan:dian	n.	hotel
守	shou	v.	guardar
参观	can:guan	v.	visitar
支出	zhi:chu	n.	gasto
从此	cong:ci	adv.	desde entonces
毛	mao	n.	pelo
世界上	shi:jie:shang	n.	en el mundo
英寸	ying:cun	n.	pulgada
厂房	chang:fang	n.	nave industrial
部位	bu:wei	n.	parte
拓展	tuo:zhan	v.	ampliar
军队	jun:dui	n.	ejército
对话	dui:hua	n.	diálogo
挥	hui	v.	agitar
学术	xue:shu	adj.	académico
胡	hu	adv.	caprichosamente
权益	quan:yi	n.	derechos e intereses
第二天	di:er:tian	n.	el día siguiente
激励	ji:li	v.	alentar
散	san	adj.	disperso
股份	gu:fen	n.	acción
革命	ge:ming	n.	revolución
部署	bu:shu	v.	desplegar
一生	yi:sheng	n.	toda la vida
板	ban	n.	tabla
仅	jin	adv.	solamente
对外	dui:wai	adv.	hacia el exterior
粮食	liang:shi	n.	cereales
心态	xin:tai	n.	mentalidad
故障	gu:zhang	n.	avería
隐	yin	v.	ocultar
怒	nu	v.	enfadarse
人力资源	ren:li:zi:yuan	n.	recursos humanos
床	chuang	n.	cama
海关	hai:guan	n.	aduana
苏	su	v.	revivir
用途	yong:tu	n.	uso
温暖	wen:nuan	adj.	cálido
带有	dai:you	v.	llevar
常见	chang:jian	adj.	común
依靠	yi:kao	v.	confiar en
现代化	xian:dai:hua	n.	modernización
交换	jiao:huan	v.	intercambiar
更高	geng:gao	adj.	más alto
探讨	tan:tao	v.	explorar
铁路	tie:lu	n.	férrocarril
拖	tuo	v.	arrastrar
屏幕	ping:mu	n.	pantalla
新建	xin:jian	v.	construir de nuevo
怀疑	huai:yi	v.	sospechar
合适	he:shi	adj.	adecuado
报考	bao:kao	v.	inscribirse a un examen
频率	pin:lv	n.	frecuencia
风景	feng:jing	n.	paisaje
股	gu	mw.	hebra
忌	ji	v.	evitar
局	ju	n.	oficina
有效期	you:xiao:qi	n.	validez
秘密	mi:mi	n.	secreto
少年	shao:nian	n.	adolescente
容量	rong:liang	n.	capacidad
局长	ju:zhang	n.	director de oficina
生意	sheng:yi	n.	negocio
班	ban	mw.	turno
存储	cun:chu	v.	almacenar
气氛	qi:fen	n.	atmósfera
巨大	ju:da	adj.	enorme
邦迪	bang:di	n.	tirita
菜单	cai:dan	n.	menú
一致	yi:zhi	adj.	unánime
健全	jian:quan	adj.	sano
图	tu	n.	figura
评审	ping:shen	n.	revisión
评审	ping:shen	v.	evaluar
己	ji	n.	yo
互相	hu:xiang	adv.	mutuamente
岁	sui	mw.	años
礼	li	n.	regalo
礼	li	n.	cortesía
独	du	adj.	solo
独	du	adv.	solo
很多人	hen:duo:ren	n.	mucha gente
以内	yi:nei	n.	dentro de
初	chu	adj.	principio
初	chu	adv.	por primera vez
福	fu	n.	felicidad
全身	quan:shen	n.	todo el cuerpo
开通	kai:tong	v.	abrir
开通	kai:tong	adj.	abierto
头发	tou:fa	n.	pelo
较高	jiao:gao	adj.	relativamente alto
一路	yi:lu	adv.	todo el camino
顺	shun	adj.	liso
顺	shun	v.	seguir
狂	kuang	adj.	loco
修复	xiu:fu	v.	restaurar
修复	xiu:fu	n.	restauración
报纸	bao:zhi	n.	periódico
外国	wai:guo	n.	país extranjero
天地	tian:di	n.	mundo
局面	ju:mian	n.	situación
说是	shuo:shi	v.	dicen que
麻烦	ma:fan	adj.	molesto
麻烦	ma:fan	v.	molestar
麻烦	ma:fan	n.	molestia
浪漫	lang:man	adj.	romántico
默	mo	adv.	en silencio
笔记本	bi:ji:ben	n.	cuaderno
笔记本	bi:ji:ben	n.	ordenador portátil
神秘	shen:mi	adj.	misterioso
微软	wei:ruan	n.	Microsoft
看法	kan:fa	n.	opinión
网吧	wang:ba	n.	cibercafé
教程	jiao:cheng	n.	tutorial
礼品	li:pin	n.	regalo
万美元	wan:mei:yuan	n.	10.000 dólares
五年	wu:nian	n.	cinco años
松	song	adj.	flojo
松	song	v.	aflojar
松	song	n.	pino
证	zheng	n.	certificado
证	zheng	v.	probar
门口	men:kou	n.	entrada
多数	duo:shu	n.	mayoría
不在	bu:zai	v.	no estar
中国人	zhong:guo:ren	n.	chino
将来	jiang:lai	n.	futuro
要是	yao:shi	conj.	si
否	fou	v.	negar
恶	e	adj.	malo
恶	e	v.	odiar
治	zhi	v.	curar
摘要	zhai:yao	n.	resumen
大概	da:gai	adv.	probablemente
大概	da:gai	n.	aproximación
一流	yi:liu	adj.	de primera
缓	huan	adj.	lento
出台	chu:tai	v.	salir
命运	ming:yun	n.	destino
排	pai	v.	hacer fila
排	pai	v.	arreglar
费	fei	n.	tarifa
费	fei	v.	gastar
拍	pai	v.	abofetear
拍	pai	v.	filmar
预算	yu:suan	n.	presupuesto
耳	er	n.	Oído
放心	fang:xin	v.	estar tranquilo
上级	shang:ji	n.	superior
医	yi	n.	medicina
走到	zou:dao	v.	llegar andando
寒	han	adj.	frío
小小	xiao:xiao	adj.	pequeñito
我知道	wo:zhi:dao	v.	lo sé
验证	yan:zheng	v.	verificar
哭	ku	v.	llorar
该公司	gai:gong:si	n.	esta compañía
温	wen	adj.	cálido
大众	da:zhong	n.	público
长度	chang:du	n.	longitud
成分	cheng:fen	n.	ingrediente
山东省	shan:dong:sheng	n.	provincia de Shandong
管理人员	guan:li:ren:yuan	n.	personal de gestión
竞争力	jing:zheng:li	n.	competitividad
男女	nan:nv	n.	hombres y mujeres
化工	hua:gong	n.	industria química
鉴权	jian:quan	v.	autenticar
证券交易所	zheng:quan:jiao:yi:suo	n.	bolsa de valores
子女	zi:nv	n.	hijos
背后	bei:hou	n.	detrás
房价	fang:jia	n.	precio de la vivienda
府	fu	n.	mansión
担	dan	v.	llevar
民间	min:jian	n.	civil
用户组	yong:hu:zu	n.	grupo de usuarios
各方	ge:fang	n.	todas las partes
回避	hui:bi	v.	evitar
称	cheng	v.	llamar
海外	hai:wai	n.	ultramar
通用	tong:yong	adj.	universal
余	yu	num.	resto
求租	qiu:zu	v.	buscar alquiler
事物	shi:wu	n.	cosa
女生	nv:sheng	n.	estudiante
单独	dan:du	adv.	por separado
哪里	na:li	pron.	dónde
仅仅	jin:jin	adv.	solamente
两次	liang:ci	num.	dos veces
带动	dai:dong	v.	impulsar
山西	shan:xi	n.	Shanxi
钟	zhong	n.	reloj
泪	lei	n.	lágrima
反复	fan:fu	v.	repetir
反复	fan:fu	adv.	repetidamente
经营者	jing:ying:zhe	n.	gestor
长沙	chang:sha	n.	Changsha
那时	na:shi	n.	aquel entonces
售价	shou:jia	n.	precio de venta
就算	jiu:suan	conj.	aunque mesmo
就算	jiu:suan	v.	considerar
前后	qian:hou	n.	alrededor de
前后	qian:hou	n.	de principio a fin
只好	zhi:hao	adv.	no quedar más remedio
美容	mei:rong	n.	belleza
形势	xing:shi	n.	situación
产地	chan:di	n.	lugar de origen
一步	yi:bu	n.	un paso
据了解	ju:liao:jie	v.	por lo visto
模拟	mo:ni	v.	simular
模拟	mo:ni	adj.	simulado
公平	gong:ping	adj.	justo
合并	he:bing	v.	fusionar
水果	shui:guo	n.	fruta
日常	ri:chang	adj.	cotidiano
烟	yan	n.	humo
烟	yan	n.	cigarrillo
仪表	yi:biao	n.	indicador
仪表	yi:biao	n.	apariencia
院校	yuan:xiao	n.	instituciones educativas
公安机关	gong:an:ji:guan	n.	órgano de seguridad pública
名单	ming:dan	n.	lista de nombres
胜利	sheng:li	n.	victoria
胜利	sheng:li	v.	vencer
负担	fu:dan	n.	carga
负担	fu:dan	v.	asumir
页次	ye:ci	n.	número de página
景区	jing:qu	n.	zona turística
塑料	su:liao	n.	plástico
普及	pu:ji	v.	popularizar
仍	reng	adv.	aún
具	ju	n.	herramienta
具	ju	v.	poseer
忘	wang	v.	olvidar
采访	cai:fang	v.	entrevistar
甲方	jia:fang	n.	parte A
恩	en	n.	favor
毕	bi	v.	terminar
警	jing	n.	policía
哪个	na:ge	pron.	cuál
出具	chu:ju	v.	emitir
领取	ling:qu	v.	recibir
抓住	zhua:zhu	v.	agarrar
抓住	zhua:zhu	v.	aprovechar
强奸	qiang:jian	v.	violar
注册会员	zhu:ce:hui:yuan	n.	miembro registrado
编写	bian:xie	v.	compilar
无线	wu:xian	adj.	inalámbrico
蓝	lan	adj.	azul
举报	ju:bao	v.	denunciar
图书馆	tu:shu:guan	n.	biblioteca
宫	gong	n.	palacio
吸	xi	v.	inhalar
吸	xi	v.	chupar
陆	lu	n.	tierra
重要思想	zhong:yao:si:xiang	n.	pensamiento importante
另一	ling:yi	adj.	otro
郑州	zheng:zhou	n.	Zhengzhou
适当	shi:dang	adj.	apropiado
发票	fa:piao	n.	factura
战斗	zhan:dou	n.	combate
战斗	zhan:dou	v.	combate
旧	jiu	adj.	viejo
积累	ji:lei	v.	acumular
库存	ku:cun	n.	stock
合法	he:fa	adj.	legal
录取	lu:qu	v.	admitir
陕西	shan:xi	n.	Shaanxi
大赛	da:sai	n.	concurso
鼠标	shu:biao	n.	ratón
债权	zhai:quan	n.	crédito
视为	shi:wei	v.	considerar
景点	jing:dian	n.	lugar turístico
压	ya	v.	pulsar
税收	shui:shou	n.	ingresos fiscales
救	jiu	v.	salvar
美好	mei:hao	adj.	maravilloso
主张	zhu:zhang	v.	defender
主张	zhu:zhang	n.	tesis
呆	dai	adj.	tonto
呆	dai	v.	quedarse
乙方	yi:fang	n.	parte B
障碍	zhang:ai	n.	obstáculo
明年	ming:nian	n.	el año próximo
某种	mou:zhong	pron.	cierto
河	he	n.	río
试试	shi:shi	v.	intentar
信息网	xin:xi:wang	n.	red de información
应用程序	ying:yong:cheng:xu	n.	aplicación
大约	da:yue	adv.	aproximadamente
行情	hang:qing	n.	cotización
迷	mi	v.	fascinar
迷	mi	n.	aficionado
便是	bian:shi	adv.	es decir
众人	zhong:ren	n.	gente
枪	qiang	n.	arma
族	zu	n.	tribu
日内	ri:nei	n.	dentro de pocos días
森林	sen:lin	n.	bosque
管理办法	guan:li:ban:fa	n.	normas de gestión
领导干部	ling:dao:gan:bu	n.	dirigentes
咱们	zan:men	pron.	nosotros
姑娘	gu:niang	n.	chica
查找	cha:zhao	v.	buscar
不大	bu:da	adj.	no grande
开发区	kai:fa:qu	n.	zona de desarrollo
权	quan	n.	poder
权	quan	n.	derecho
汇款	hui:kuan	v.	girar fondos
汇款	hui:kuan	n.	giro
半年	ban:nian	n.	medio año
水晶	shui:jing	n.	cristal
告知	gao:zhi	v.	notificar
吃饭	chi:fan	v.	comer
叹	tan	v.	suspirar
节能	jie:neng	v.	ahorrar energía
点评	dian:ping	v.	comentar
县级以上	xian:ji:yi:shang	n.	nivel de condado y superior
地下	di:xia	n.	subsuelo
地球	di:qiu	n.	Tierra
每个人	mei:ge:ren	pron.	todos
孙	sun	n.	nieto
路线	lu:xian	n.	ruta
环境保护	huan:jing:bao:hu	n.	protección ambiental
蓝色	lan:se	n.	azul
商机	shang:ji	n.	oportunidad de negocio
双手	shuang:shou	n.	ambas manos
推行	tui:xing	v.	implantar
卷	juan	n.	tomo
卷	juan	v.	enrollar
全年	quan:nian	n.	todo el año
发表评论	fa:biao:ping:lun	v.	comentar
高考	gao:kao	n.	examen de acceso universitario
工人	gong:ren	n.	obrero
专科	zhuan:ke	n.	formación profesional
锻炼	duan:lian	v.	ejercitarse
信任	xin:ren	v.	confiar
例子	li:zi	n.	ejemplo
字节	zi:jie	n.	byte
记住	ji:zhu	v.	recordar
体会	ti:hui	v.	comprender
体会	ti:hui	n.	comprensión
国家安全	guo:jia:an:quan	n.	seguridad nacional
什么样的	shen:me:yang:de	pron.	qué clase de
她说	ta:shuo	v.	ella dice
鲜花	xian:hua	n.	flores frescas
同事	tong:shi	n.	colega
查	cha	v.	comprobar
查	cha	v.	consultar
颁发	ban:fa	v.	otorgar
尾页	wei:ye	n.	última página
村民	cun:min	n.	aldeano
司机	si:ji	n.	conductor
走进	zou:jin	v.	entrar en
团体	tuan:ti	n.	grupo
以下简称	yi:xia:jian:cheng	v.	denominado en lo sucesivo
次数	ci:shu	n.	v número de veces
哥哥	ge:ge	n.	hermano mayor
十年	shi:nian	n.	diez años
无奈	wu:nai	adj.	impotente
灌水	guan:shui	v.	floodear
种植	zhong:zhi	v.	cultivar
结论	jie:lun	n.	conclusión
更改	geng:gai	v.	modificar
回忆	hui:yi	v.	recordar
回忆	hui:yi	n.	recuerdo
居住	ju:zhu	v.	residir
海南	hai:nan	n.	Hainan
毫	hao	n.	mili-
合理的	he:li:de	adj.	razonable
室内	shi:nei	n.	interior
高档	gao:dang	adj.	de gama alta
春	chun	n.	primavera
察	cha	v.	observar
生长	sheng:zhang	v.	dem haben
生长	sheng:zhang	n.	crecimiento
引发	yin:fa	v.	desencadenar
搭配	da:pei	v.	combinar
搭配	da:pei	n.	combinación
圣	sheng	adj.	santo
开心	kai:xin	adj.	feliz
开心	kai:xin	v.	divertirse
传输	chuan:shu	v.	transmitir
传输	chuan:shu	n.	transmisión
以往	yi:wang	n.	el pasado
无限	wu:xian	adj.	ilimitado
威胁	wei:xie	v.	amenazar
威胁	wei:xie	n.	amenaza
灵魂	ling:hun	n.	alma
生日	sheng:ri	n.	cumpleaños
一人	yi:ren	n.	una persona
接到	jie:dao	v.	recibir
外部	wai:bu	n.	exterior
草	cao	n.	hierba
天天	tian:tian	adv.	todos los días
较	jiao	adv.	relativemente
较	jiao	v.	comparar
流动	liu:dong	v.	fluir
流动	liu:dong	adj.	móvil
早期	zao:qi	n.	primeros tiempos
胜	sheng	v.	ganar
微笑	wei:xiao	v.	sonreír
微笑	wei:xiao	n.	sonrisa
严禁	yan:jin	v.	prohibir estrictamente
隐藏	yin:cang	v.	ocultar
小孩	xiao:hai	n.	niño
联系地址	lian:xi:di:zhi	n.	dirección de contacto
机票	ji:piao	n.	billete de avión
究竟	jiu:jing	adv.	de verdad
究竟	jiu:jing	n.	resultado
劳动者	lao:dong:zhe	n.	trabajador
资质	zi:zhi	n.	cualificaciones
监督管理	jian:du:guan:li	v.	supervisar y gestionar
理性	li:xing	n.	razón
理性	li:xing	adj.	racional
随意	sui:yi	adj.	arbitrario
随意	sui:yi	adv.	a voluntad
文本	wen:ben	n.	texto
咖啡	ka:fei	n.	café
打算	da:suan	v.	planeuar
打算	da:suan	n.	propósito
姐姐	jie:jie	n.	hermana mayor
知识产权	zhi:shi:chan:quan	n.	propiedad intelectual
海洋	hai:yang	n.	océano
遇	yu	v.	encontrar
充	chong	v.	llenar
充	chong	v.	cargar
史	shi	n.	historia
喜爱	xi:ai	v.	amar
活力	huo:li	n.	vitalidad
流量	liu:liang	n.	tráfico
流量	liu:liang	n.	caudal
为准	wei:zhun	v.	servir de norma
领导小组	ling:dao:xiao:zu	n.	grupo dirigente
关键字	guan:jian:zi	n.	palabra clave
不得不	bu:de:bu	adv.	no tener más remedio
饮食	yin:shi	n.	dieta
工作经验	gong:zuo:jing:yan	n.	experiencia laboral
西藏	xi:zang	n.	Tíbet
男孩	nan:hai	n.	niño
各自	ge:zi	pron.	cada uno
还	huan	v.	devolver
顾问	gu:wen	n.	asesor
长的	chang:de	adj.	largo
防	fang	v.	evitar
信用	xin:yong	n.	crédit
征收	zheng:shou	v.	recaudar
主流	zhu:liu	n.	corriente principal
据	ju	prep.	según
一方	yi:fang	n.	una parte
应对	ying:dui	v.	responder
可用	ke:yong	adj.	utilizable
亲自	qin:zi	adv.	personalmente
十一五	shi:yi:wu	n.	11º Plan Quinquenal
批评	pi:ping	v.	criticar
终端	zhong:duan	n.	terminal
会上	hui:shang	n.	en la reunión
之类	zhi:lei	n.	y semejantes
选用	xuan:yong	v.	seleccionar
浏览次数	liu:lan:ci:shu	n.	número de vistas
加拿大	jia:na:da	n.	Canadá
清晰	qing:xi	adj.	claro
种种	zhong:zhong	adj.	diversos
玩具	wan:ju	n.	juguete
材质	cai:zhi	n.	material
一座	yi:zuo	num.	ein/un
清洁	qing:jie	adj.	limpio
猛	meng	adj.	violento
清除	qing:chu	v.	eliminar
骑	qi	v.	montar
相结合	xiang:jie:he	v.	combinar
除外	chu:wai	v.	excluir
土	tu	n.	tierra
卡	ka	n.	tarjeta
体内	ti:nei	n.	dentro del cuerpo
图形	tu:xing	n.	figura
这项	zhe:xiang	pron.	este
当前位置	dang:qian:wei:zhi	n.	posición actual
助	zhu	v.	ayudar
昆明	kun:ming	n.	Kunming
玉米	yu:mi	n.	maíz
高于	gao:yu	v.	superior a
魅力	mei:li	n.	encanto
很容易	hen:rong:yi	adj.	muy fácil
分离	fen:li	v.	separar
对不起	dui:bu:qi	v.	perdón
呈现	cheng:xian	v.	presentar
反映	fan:ying	v.	reflejar
一件	yi:jian	num.	ein/un
改正	gai:zheng	v.	corregir
单击	dan:ji	v.	hacer clic
函数	han:shu	n.	función
化妆品	hua:zhuang:pin	n.	cosmético
联想	lian:xiang	v.	asociar
京	jing	n.	capital
银	yin	n.	plata
改为	gai:wei	v.	cambiar
总量	zong:liang	n.	cantidad total
贵	gui	adj.	caro
永	yong	adj.	eterno
质	zhi	n.	calidad
屋	wu	n.	casa
行政机关	xing:zheng:ji:guan	n.	órgano administrativo
之所以	zhi:suo:yi	conj.	la razón por la cual
警察	jing:cha	n.	policía
自动化	zi:dong:hua	n.	automatización
寻求	xun:qiu	v.	buscar
采用了	cai:yong:le	v.	adoptado
起到	qi:dao	v.	desempeñar (un papel)
聊天	liao:tian	v.	charlar
须	xu	part.	deber
应当在	ying:dang:zai	part.	debería estar en
题目	ti:mu	n.	título
更好地	geng:hao:de	adv.	mejor
石油	shi:you	n.	petróleo
商场	shang:chang	n.	centro comercial
副	fu	adj.	secundario
乃至	nai:zhi	conj.	incluso hasta
团结	tuan:jie	v.	unirse
售后服务	shou:hou:fu:wu	n.	servicio posventa
循环	xun:huan	v.	circular
家园	jia:yuan	n.	hogar
毛泽东	mao:ze:dong	n.	Mao Zedong
事务	shi:wu	n.	asuntos
这是一个	zhe:shi:yi:ge	pron.	esto es un
活跃	huo:yue	adj.	activo
赔偿	pei:chang	v.	indemnizar
试题	shi:ti	n.	pregunta de examen
字符串	zi:fu:chuan	n.	cadena de caracteres
平等	ping:deng	adj.	igual
初中	chu:zhong	n.	escuela secundaria inicial
行政许可	xing:zheng:xu:ke	n.	licencia administrativa
技术支持	ji:shu:zhi:chi	n.	soporte técnico
也就是说	ye:jiu:shi:shuo	conj.	es decir
本条例	ben:tiao:li	n.	este reglamento
刺	ci	v.	apter
属	shu	v.	pertenecer
闻	wen	v.	oler
中医	zhong:yi	n.	medicina china
你说	ni:shuo	pron.	tú dices
使其	shi:qi	v.	hacerlo
路上	lu:shang	n.	en el camino
承接	cheng:jie	v.	emprender
以免	yi:mian	conj.	para evitar
怎么样	zen:me:yang	pron.	cómo
形态	xing:tai	n.	forma
境	jing	n.	límite
禁	jin	v.	prohibir
活动中	huo:dong:zhong	n.	durante la actividad
温州	wen:zhou	n.	Wenzhou
促销	cu:xiao	v.	promover las ventas
阴	yin	n.	sombra
我们就	wo:men:jiu	pron.	nosotros entonces
布局	bu:ju	n.	distribución
共	gong	adv.	juntos
事业单位	shi:ye:dan:wei	n.	institución pública
终止	zhong:zhi	v.	terminar
副主任	fu:zhu:ren	n.	subdirector
疯狂	feng:kuang	adj.	loco
成人	cheng:ren	n.	adulto
魔法	mo:fa	n.	magia
负	fu	v.	cargar
负	fu	adj.	negativo
豪华	hao:hua	adj.	lujoso
弄	nong	v.	hacer
弄	nong	v.	conseguir
虎	hu	n.	tigre
当天	dang:tian	n.	ese día
层	ceng	mw.	capa
清理	qing:li	v.	limpiar
喊	han	v.	gritar
建材	jian:cai	n.	materiales de construcción
研制	yan:zhi	v.	desarrollar
接待	jie:dai	v.	recibir
接待	jie:dai	n.	recepción
明显的	ming:xian:de	adj.	evidente
施行	shi:xing	v.	aplicar
施行	shi:xing	v.	entrar en vigor
将军	jiang:jun	n.	general
统一的	tong:yi:de	adj.	unificado
不需要	bu:xu:yao	v.	no necesitar
餐厅	can:ting	n.	restaurante
不久	bu:jiu	adv.	pronto
询问	xun:wen	v.	preguntar
复习	fu:xi	v.	repasar
复习	fu:xi	n.	repaso
逃	tao	v.	huir
晓	xiao	n.	amanecer
座	zuo	mw.	~ (edificios)
座	zuo	n.	asiento
所得	suo:de	n.	ingreso
冲突	chong:tu	n.	conflicto
动漫	dong:man	n.	animé y manga
调研	diao:yan	v.	investigar
演员	yan:yuan	n.	actor
情	qing	n.	sentimiento
全县	quan:xian	n.	todo el condado
在内	zai:nei	prep.	incluido
消失	xiao:shi	v.	desaparecer
雅	ya	adj.	elegante
参	can	n.	ginseng
射	she	v.	disparar
射	she	v.	eyectar
一层	yi:ceng	num.	una capa
有限	you:xian	adj.	limitado
功效	gong:xiao	n.	eficacia
消耗	xiao:hao	v.	consumir
险	xian	adj.	peligroso
险	xian	n.	peligro
出生	chu:sheng	v.	nacer
单纯	dan:chun	adj.	sencillo
温柔	wen:rou	adj.	tierno
总之	zong:zhi	adv.	en resumen
对应	dui:ying	v.	corresponder
荣誉	rong:yu	n.	honor
走出	zou:chu	v.	salir
听说	ting:shuo	v.	oír decir
听说	ting:shuo	adv.	al parecer
书籍	shu:ji	n.	libros
划	hua	v.	remar
划	hua	v.	rayar
二十	er:shi	num.	veinte
坚	jian	adj.	sólido
坚	jian	v.	afianzar
价	jia	n.	precio
无数	wu:shu	adj.	incontables
实际情况	shi:ji:qing:kuang	n.	situación real
用品	yong:pin	n.	artículos
识别	shi:bie	v.	identificar
秩序	zhi:xu	n.	orden
互联	hu:lian	v.	interconectar
彩色	cai:se	adj.	en color
国产	guo:chan	adj.	de fabricación nacional
水泥	shui:ni	n.	cemento
扬	yang	v.	alzar
扬	yang	v.	difundir
表格	biao:ge	n.	formulario
科	ke	n.	sección
科	ke	mw.	clasificador
小型	xiao:xing	adj.	pequeño
分辨率	fen:bian:lv	n.	resolución
祝福	zhu:fu	v.	bendecir
祝福	zhu:fu	n.	bendición
得分	de:fen	v.	anotar
得分	de:fen	n.	puntuación
得分儿	de:fen:er	n.	puntuación
可惜	ke:xi	adj.	lamentable
狠	hen	adj.	cruel
那天	na:tian	n.	ese día
投标	tou:biao	v.	presentar una oferta
下载次数	xia:zai:ci:shu	n.	número de descargas
军事	jun:shi	n.	asuntos militares
军事	jun:shi	adj.	militar
融合	rong:he	v.	fusionar
野	ye	adj.	salvaje
野	ye	n.	campo abierto
秦	qin	n.	Qin
共产党员	gong:chan:dang:yuan	n.	miembro del Partido Comunista
道理	dao:li	n.	razón
道理	dao:li	n.	principio
前来	qian:lai	v.	venir
热点	re:dian	n.	punto caliente
秘	mi	adj.	secreto
清洗	qing:xi	v.	limpiar
注意事项	zhu:yi:shi:xiang	n.	advertencias
责任感	ze:ren:gan	n.	sentido de la responsabilidad
退出	tui:chu	v.	retirarse
公司地址	gong:si:di:zhi	n.	dirección de la empresa
格局	ge:ju	n.	estructura
格局	ge:ju	n.	disposición
积极性	ji:ji:xing	n.	entusiasmo
熟	shou	adj.	cocido
熟	shu	adj.	maduro
熟	shu	adj.	familiar
置	zhi	v.	colocar
置	zhi	v.	comprar
图案	tu:an	n.	motivo
仙	xian	n.	inmortal
随便	sui:bian	adj.	indiferente
配送	pei:song	n.	entrega
冠军	guan:jun	n.	campeón
模	mo	n.	modelo
模	mu	n.	molde
极为	ji:wei	adv.	extremadamente
不宜	bu:yi	v.	nombre apropiado
伸	shen	v.	estirar
新鲜	xin:xian	adj.	fresco
呼吸	hu:xi	v.	respirar
货币	huo:bi	n.	moneda
出现在	chu:xian:zai	v.	aparecer en
波	bo	n.	ola
此类	ci:lei	pron.	este tipo
信誉	xin:yu	n.	credibilidad
付出	fu:chu	v.	dedicar
肉	rou	n.	carne
难度	nan:du	n.	dificultad
提取	ti:qu	v.	extraer
假	jia	adj.	falso
据悉	ju:xi	adv.	según se sabe
爱的	ai:de	part.	del amor
把我	ba:wo	part.	me
指定的	zhi:ding:de	adj.	designado
争议	zheng:yi	n.	controversia
产生了	chan:sheng:le	v.	producido
齐	qi	adj.	uniforme
到来	dao:lai	n.	llegada
其余	qi:yu	pron.	el resto
舞	wu	n.	danza
西部	xi:bu	n.	oeste
提到	ti:dao	v.	mencionar
仔细	zi:xi	adj.	cuidadoso
两位	liang:wei	num.	dos personas
致力于	zhi:li:yu	v.	dedicarse a
拍卖	pai:mai	v.	subastar
脱	tuo	v.	quitarse
期望	qi:wang	v.	esperar
广	guang	adj.	amplio
姑	gu	n.	tía
坚决	jian:jue	adj.	resuelto
巩固	gong:gu	v.	consolidar
东莞	dong:guan	n.	Dongguan
麻	ma	n.	cáñamo
补贴	bu:tie	n.	subsidio
混合	hun:he	v.	mezclar
流通	liu:tong	v.	circular
官方	guan:fang	adj.	oficial
多人	duo:ren	n.	mucha gente
投	tou	v.	lanzar
不符合	bu:fu:he	v.	no ajustarse a
巧克力	qiao:ke:li	n.	chocolate
宗教	zong:jiao	n.	religión
比重	bi:zhong	n.	proporción
没想到	mei:xiang:dao	v.	unexpectedly
您好	nin:hao	int.	hola
出处	chu:chu	n.	fuente
安全性	an:quan:xing	n.	seguridad
天堂	tian:tang	n.	paraíso
新人	xin:ren	n.	novato
什么时候	shen:me:shi:hou	pron.	cuándo
初始化	chu:shi:hua	v.	inicializar
对待	dui:dai	v.	tratar
日益	ri:yi	adv.	cada día más
内涵	nei:han	n.	connotación
实时	shi:shi	adj.	en tiempo real
顶	ding	v.	pulsar
顶	ding	v.	cima
忘记	wang:ji	v.	olvidar
国家法律	guo:jia:fa:lv	n.	ley nacional
一律	yi:lv	adv.	sin excepción
产权	chan:quan	n.	derecho de propiedad
配偶	pei:ou	n.	cónyuge
手里	shou:li	n.	en la mano
几年	ji:nian	num.	varios años
原本	yuan:ben	adv.	originalmente
一眼	yi:yan	n.	un vistazo
美术	mei:shu	n.	bellas artes
轻轻	qing:qing	adv.	suavemente
民生	min:sheng	n.	subsistencia del pueblo
周期	zhou:qi	n.	ciclo
成交	cheng:jiao	v.	cerrar un trato
致	zhi	v.	provocar
责	ze	v.	reprochar
讲话	jiang:hua	v.	hablar
讲话	jiang:hua	n.	discurso
个体	ge:ti	n.	individuo
早上	zao:shang	n.	mañana
逻辑	luo:ji	n.	lógica
老公	lao:gong	n.	marido
照顾	zhao:gu	v.	cuidar
景	jing	n.	paisaje
营	ying	v.	operar
领先	ling:xian	v.	liderar
维	wei	mw.	dimensión
设	she	v.	establecer
仪器	yi:qi	n.	instrumento
就这样	jiu:zhe:yang	adv.	eso es todo
皇帝	huang:di	n.	emperador
厨房	chu:fang	n.	cocina
损坏	sun:huai	v.	dañar
必要	bi:yao	adj.	necesario
某一	mou:yi	pron.	cierto
框架	kuang:jia	n.	marco
新加坡	xin:jia:po	n.	Singapur
收获	shou:huo	v.	cosechar
收获	shou:huo	n.	cosecha
层面	ceng:mian	n.	nivel
一个月	yi:ge:yue	num.	un mes
要素	yao:su	n.	elemento
方针	fang:zhen	n.	directriz
相机	xiang:ji	n.	cámara
法律责任	fa:lv:ze:ren	n.	responsabilidad legal
跟踪	gen:zong	v.	seguir
制造业	zhi:zao:ye	n.	fabricación
欢迎您	huan:ying:nin	v.	bienvenido
提问	ti:wen	v.	hacer una pregunta
显示器	xian:shi:qi	n.	monitor
精灵	jing:ling	n.	duende
回报	hui:bao	v.	devolver
经营的	jing:ying:de	v.	explotado
不含	bu:han	v.	no contener
周边	zhou:bian	n.	periferia
传递	chuan:di	v.	transmitir
贯彻	guan:che	v.	llevar a cabo
一句话	yi:ju:hua	n.	una frase
指南	zhi:nan	n.	guía
如果有	ru:guo:you	conj.	si hay
当代	dang:dai	n.	época contemporánea
或其他	huo:qi:ta	conj.	u otro
把自己	ba:zi:ji	prep.	si mismo
一体	yi:ti	n.	un cuerpo
回收	hui:shou	v.	reciclar
本月	ben:yue	n.	este mes
坏	huai	adj.	malo
坏	huai	v.	estropearse
各部门	ge:bu:men	n.	cada departamento
无效	wu:xiao	adj.	inválido
每页	mei:ye	n.	cada página
少女	shao:nv	n.	chica
和平	he:ping	n.	paz
预期	yu:qi	v.	esperar
预期	yu:qi	n.	expectativa
澳大利亚	ao:da:li:ya	n.	Australia
配备	pei:bei	v.	equipar
分割	fen:ge	v.	dividir
精美	jing:mei	adj.	exquiso
打电话	da:dian:hua	v.	llamar por teléfono
秀	xiu	v.	mostrar
秀	xiu	adj.	elegante
有时候	you:shi:hou	adv.	a veces
败	bai	v.	ser derrotado
败	bai	adj.	podrido
幼儿	you:er	n.	niño pequeño
二人	er:ren	num.	dos personas
重要性	zhong:yao:xing	n.	importancia
齐全	qi:quan	adj.	completo
你还	ni:hai	adv.	tú todavía
嘿嘿	hei:hei	onom.	jeje
怎么办	zen:me:ban	v.	qué hacer
可能性	ke:neng:xing	n.	posibilidad
遥控	yao:kong	v.	controlar a distancia
处分	chu:fen	v.	sancionar
放入	fang:ru	v.	introducir
你也	ni:ye	adv.	tú también
眉	mei	n.	ceja
较大的	jiao:da:de	adj.	relativamente grande
键盘	jian:pan	n.	teclado
州	zhou	n.	estado
百度	bai:du	n.	Baidu
显卡	xian:ka	n.	tarjeta gráfica
生活中	sheng:huo:zhong	n.	en la vida
辽宁	liao:ning	n.	Liaoning
结算	jie:suan	v.	liquidar
上来	shang:lai	v.	subir
市区	shi:qu	n.	zona urbana
管理者	guan:li:zhe	n.	gestor
各国	ge:guo	n.	cada país
体重	ti:zhong	n.	peso corporal
生产企业	sheng:chan:qi:ye	n.	empresa de producción
任何人	ren:he:ren	pron.	cualquiera
害怕	hai:pa	v.	temer
自觉	zi:jue	adj.	consciente
药	yao	n.	medicina
其他的	qi:ta:de	adj.	otro
来电	lai:dian	n.	llamada entrante
承	cheng	v.	asumir
承	cheng	v.	recibir
付款	fu:kuan	v.	pagar
设有	she:you	v.	verfügen über
案	an	n.	caso
商品名称	shang:pin:ming:cheng	n.	nombre del producto
侵权行为	qin:quan:xing:wei	n.	acto infractor
减肥	jian:fei	v.	bajar de peso
一次性	yi:ci:xing	adj.	desechable
友情	you:qing	n.	amistad
狼	lang	n.	lobo
对面	dui:mian	n.	enfrente
开关	kai:guan	n.	interrupteur
专	zhuan	adj.	especial
大于	da:yu	v.	mayor que
便宜	pian:yi	adj.	barato
便宜	pian:yi	n.	ventaja
诺基亚	nuo:ji:ya	n.	Nokia
选手	xuan:shou	n.	concursante
新技术	xin:ji:shu	n.	nueva tecnología
零部件	ling:bu:jian	n.	repuestos
偷	tou	v.	robar
四是	si:shi	v.	cuarto, es
扶持	fu:chi	v.	apoyar
告诉我	gao:su:wo	v.	decirme
景观	jing:guan	n.	paisaje
画	hua	v.	dibujar
画	hua	n.	cuadro
过于	guo:yu	adv.	demasiado
管理工作	guan:li:gong:zuo	n.	trabajo de gestión
零售	ling:shou	n.	venta al por menor
社会发展	she:hui:fa:zhan	n.	desarrollo social
相当于	xiang:dang:yu	v.	equivaler a
产品质量	chan:pin:zhi:liang	n.	calidad del producto
中介	zhong:jie	n.	intermediación
茶叶	cha:ye	n.	hoja de té
辅导	fu:dao	v.	enseñar
保健	bao:jian	n.	cuidado de la salud
记载	ji:zai	v.	registrar
记载	ji:zai	n.	registro
吴	wu	n.	Wu (apellido)
代理商	dai:li:shang	n.	agente
如同	ru:tong	v.	como
数组	shu:zu	n.	matriz
原始	yuan:shi	adj.	primitivo
董事会	dong:shi:hui	n.	consejo de administración
被告	bei:gao	n.	acusado
四川省	si:chuan:sheng	n.	provincia de Sichuan
同学们	tong:xue:men	n.	compañeros de clase
当初	dang:chu	n.	al principio
制品	zhi:pin	n.	producto
赚钱	zhuan:qian	v.	ganar dinero
进去	jin:qu	v.	entrar
指令	zhi:ling	n.	instrucción
回去	hui:qu	v.	volver
外语	wai:yu	n.	idioma extranjero
看起来	kan:qi:lai	v.	parecer
店	dian	n.	tienda
饮料	yin:liao	n.	bebida
用地	yong:di	n.	suelo
福州	fu:zhou	n.	Fuzhou
好处	hao:chu	n.	ventaja
弹	dan	v.	rebotar
弹	tan	v.	tocar
反馈	fan:kui	n.	retroalimentación
故意	gu:yi	adv.	a propósito
行使	xing:shi	v.	ejercer
月底	yue:di	n.	fin de mes
犯罪	fan:zui	v.	cometer un delito
战士	zhan:shi	n.	soldado
婴儿	ying:er	n.	bebé
人工	ren:gong	n.	artificial
后果	hou:guo	n.	consecuencia
护理	hu:li	v.	cuidar
电站	dian:zhan	n.	central eléctrica
冲击	chong:ji	n.	impacto
官员	guan:yuan	n.	funcionario
奇怪	qi:guai	adj.	extraño
担保	dan:bao	v.	garantizar
大多	da:duo	adv.	mayormente
脂肪	zhi:fang	n.	grasa
食	shi	v.	comer
队员	dui:yuan	n.	miembro del equipo
身高	shen:gao	n.	estatura
欲	yu	v.	desear
传说	chuan:shuo	n.	leyenda
大哥	da:ge	n.	hermano mayor
标准化	biao:zhun:hua	n.	estandarización
激烈	ji:lie	adj.	intenso
自主	zi:zhu	adj.	autónomo
延长	yan:chang	v.	prolongar
扫描	sao:miao	v.	escanear
抬	tai	v.	levantar
学费	xue:fei	n.	matrícula
最初	zui:chu	adv.	al principio
自信	zi:xin	n.	confianza en sí
年轻人	nian:qing:ren	n.	routing joven
开设	kai:she	v.	establecer
游览	you:lan	v.	visitar
标	biao	v.	marcar
秋	qiu	n.	otoño
身份证	shen:fen:zheng	n.	carné de identidad
厉	li	adj.	estricto
厉	li	adj.	violento
国家级	guo:jia:ji	adj.	nacional
站内	zhan:nei	n.	dentro del sitio
良	liang	adj.	bueno
良	liang	n.	bondad
评选	ping:xuan	v.	seleccionar
际	ji	n.	borde
际	ji	n.	entre
公司名称	gong:si:ming:cheng	n.	razón social
住宿	zhu:su	v.	alojarse
住宿	zhu:su	n.	alojamiento
状	zhuang	adj.	en forma de
状	zhuang	n.	estado
城区	cheng:qu	n.	distrito urbano
广播	guang:bo	v.	transmitir
广播	guang:bo	n.	emisión
证券市场	zheng:quan:shi:chang	n.	mercado de valores
愿望	yuan:wang	n.	deseo
想象	xiang:xiang	v.	imaginar
想象	xiang:xiang	n.	imaginación
船舶	chuan:bo	n.	buque
或者其他	huo:zhe:qi:ta	conj.	u otro
烦	fan	adj.	molesto
烦	fan	adj.	engorroso
买卖	mai:mai	n.	negocio
买卖	mai:mai	n.	trato
午	wu	n.	mediodía
瞬间	shun:jian	n.	instante
天津市	tian:jin:shi	n.	Tianjin
三级	san:ji	n.	nivel tres
是的	shi:de	adj.	sí
顺序	shun:xu	n.	orden
穿着	chuan:zhe	v.	llevar puesto
穿着	chuan:zhuo	n.	vestimenta
第一章	di:yi:zhang	n.	capítulo uno
向上	xiang:shang	v.	subar
向上	xiang:shang	adv.	hacia arriba
有机	you:ji	adj.	orgánico
示范	shi:fan	v.	demostrar
示范	shi:fan	n.	demostración
到位	dao:wei	v.	estar en su lugar
也不会	ye:bu:hui	conj.	ni tampoco
授予	shou:yu	v.	confieren
摆	bai	v.	colocar
摆	bai	v.	oscilar
获得了	huo:de:le	v.	haber obtenido
课件	ke:jian	n.	material didáctico
信息技术	xin:xi:ji:shu	n.	tecnología de la información
营业执照	ying:ye:zhi:zhao	n.	licencia comercial
家人	jia:ren	n.	familia
季节	ji:jie	n.	estación
最早	zui:zao	adv.	lo más temprano
本周	ben:zhou	n.	esta semana
演唱	yan:chang	v.	cantar
引擎	yin:qing	n.	motor
贵宾	gui:bin	n.	invitado de honor
人事	ren:shi	n.	personal
大幅	da:fu	adv.	considerablemente
餐饮	can:yin	n.	restauración
破解	po:jie	v.	descifrar
体现了	ti:xian:le	v.	haber encarnado
内地	nei:di	n.	Binterior
内地	nei:di	n.	la China continental
那就是	na:jiu:shi	conj.	es decir
危机	wei:ji	n.	crisis
主要有	zhu:yao:you	v.	incluir principalmente
河南省	he:nan:sheng	n.	provincia de Henan
达成	da:cheng	v.	lograr
地板	di:ban	n.	suelo
戏	xi	n.	obra de teatro
证实	zheng:shi	v.	confirmar
十一	shi:yi	num.	11
方	fang	n.	cuadrado
贵州	gui:zhou	n.	Guizhou
年中	nian:zhong	n.	mediados de año
国有	guo:you	adj.	estatal
前进	qian:jin	v.	avanzar
列入	lie:ru	v.	incluir
桌	zhuo	n.	mesa
陶瓷	tao:ci	n.	cerámica
点心	dian:xin	n.	dim sum
点心	dian:xin	n.	aperitivo
干净	gan:jing	adj.	limpio
船	chuan	n.	barco
东北	dong:bei	n.	noreste
宪法	xian:fa	n.	constitución
青春	qing:chun	n.	juventud
涂料	tu:liao	n.	pintura
短	duan	adj.	corto
人均	ren:jun	n.	per cápita
违约	wei:yue	n.	incumplimiento
拿出	na:chu	v.	sacar
百姓	bai:xing	n.	pueblo
若干	ruo:gan	num.	varios
恐怕	kong:pa	adv.	probablemente
恐怕	kong:pa	v.	temer
进来	jin:lai	v.	entrar
行政法规	xing:zheng:fa:gui	n.	reglamentos administrativos
南方	nan:fang	n.	sur
免费版	mian:fei:ban	n.	versión gratuita
十五	shi:wu	num.	15
常规	chang:gui	n.	rutina
博物馆	bo:wu:guan	n.	museo
村	cun	n.	pueblo
超越	chao:yue	v.	superar
初级	chu:ji	adj.	elemental
功夫	gong:fu	n.	kung fu
功夫	gong:fu	n.	esfuerzo
一时	yi:shi	adv.	temporalmente
一时	yi:shi	n.	un momento
电压	dian:ya	n.	tensión
奖金	jiang:jin	n.	prima
眼神	yan:shen	n.	mirada
中小学	zhong:xiao:xue	n.	escuelas
变动	bian:dong	v.	cambiar
变动	bian:dong	n.	cambio
驾驶	jia:shi	v.	conducir
划分	hua:fen	v.	dividir
划分	hua:fen	n.	división
据说	ju:shuo	v.	se dice
据说	ju:shuo	adv.	supuestamente
江湖	jiang:hu	n.	el mundo
鸡蛋	ji:dan	n.	huevo
某	mou	pron.	cierto
转向	zhuan:xiang	v.	girar
富有	fu:you	adj.	rico
出色	chu:se	adj.	excelente
古代	gu:dai	n.	antigüedad
古代	gu:dai	adj.	antiguo
摸	mo	v.	tocar
哈尔滨	ha:er:bin	n.	Harbin
原价	yuan:jia	n.	precio original
楼盘	lou:pan	n.	promoción inmobiliaria
谈判	tan:pan	v.	negociar
全程	quan:cheng	n.	todo el recorrido
付	fu	v.	pagar
新产品	xin:chan:pin	n.	producto nuevo
上帝	shang:di	n.	Dios
压缩	ya:suo	v.	comprimir
干燥	gan:zao	adj.	seco
演	yan	v.	actuar
第二章	di:er:zhang	n.	capítulo dos
规	gui	n.	regla
萧	xiao	n.	Xiao (apellido)
正文	zheng:wen	n.	texto principal
实习	shi:xi	v.	hacer prácticas
封	feng	v.	sellar
大人	da:ren	n.	adulto
导航	dao:hang	v.	navegar
握	wo	v.	sostener
高度重视	gao:du:zhong:shi	v.	dar gran importancia
三十	san:shi	num.	30
不一样	bu:yi:yang	adj.	distinto
彼此	bi:ci	pron.	uno al otro
文件夹	wen:jian:jia	n.	carpeta
文物	wen:wu	n.	reliquia cultural
业界	ye:jie	n.	sector industrial
跟着	gen:zhe	adv.	siguiendo
证件	zheng:jian	n.	documento
田	tian	n.	campo
字符	zi:fu	n.	carácter
福建省	fu:jian:sheng	n.	provincia de Fujian
精力	jing:li	n.	energía
藏	cang	v.	esconder
相关信息	xiang:guan:xin:xi	n.	información relacionada
名义	ming:yi	n.	nombre
场地	chang:di	n.	recinto
抑制	yi:zhi	v.	suprimir
指挥	zhi:hui	v.	dirigir
指挥	zhi:hui	n.	director
更好	geng:hao	adj.	mejor
境外	jing:wai	n.	exterior
建设项目	jian:she:xiang:mu	n.	proyecto de construcción
中共	zhong:gong	n.	Partido Comunista de China
震	zhen	v.	sacudir
一颗	yi:ke	num.	uno (objeto redondo)
之内	zhi:nei	n.	dentro de
公主	gong:zhu	n.	princesa
混	hun	v.	mezclar
唯一的	wei:yi:de	adj.	único
作家	zuo:jia	n.	escritor
视觉	shi:jue	n.	visión
本质	ben:zhi	n.	esencia
立法	li:fa	v.	legislar
立法	li:fa	n.	legislación
几次	ji:ci	num.	cuántas veces
一堆	yi:dui	num.	un montón
城乡	cheng:xiang	n.	ciudad y campo
虚	xu	adj.	falso
虚	xu	adj.	débil
前提	qian:ti	n.	prerrequisito
前提	qian:ti	n.	premisa
扩张	kuo:zhang	v.	expandir
爱心	ai:xin	n.	amor
电器	dian:qi	n.	electrodoméstico
原件	yuan:jian	n.	original
原件	yuan:jian	n.	pieza original
只见	zhi:jian	v.	solo ver
马克思主义	ma:ke:si:zhu:yi	n.	marxismo
透	tou	v.	penetrar
透	tou	adj.	transparente
饲料	si:liao	n.	pienso
浪费	lang:fei	v.	desperdiciar
解决了	jie:jue:le	v.	resuelto
妹妹	mei:mei	n.	hermana menor
客观	ke:guan	adj.	objetivo
纪	ji	n.	era
订阅	ding:yue	v.	suscribirse
总计	zong:ji	v.	totalizar
总计	zong:ji	adv.	en total
融资	rong:zi	v.	financiar
凌	ling	v.	acercarse
应有	ying:you	v.	debería tener
基础设施	ji:chu:she:shi	n.	infraestructura
影视	ying:shi	n.	cine y televisión
硕士	shuo:shi	n.	máster
没什么	mei:shen:me	pron.	nada
友情链接	you:qing:lian:jie	n.	enlace amigable
组建	zu:jian	v.	crear
应聘	ying:pin	v.	solicitar un empleo
拾取	shi:qu	v.	recoger
团购	tuan:gou	v.	compra colectiva
休	xiu	v.	descansar
嘛	ma	part.	partícula obvia
打印机	da:yin:ji	n.	impresora
管道	guan:dao	n.	tubería
潜在	qian:zai	adj.	potencial
介绍了	jie:shao:le	v.	presentado
定位器	ding:wei:qi	n.	localizador
大道	da:dao	n.	avenida
大道	da:dao	n.	el Camino
路径	lu:jing	n.	camino
感动	gan:dong	v.	conmoverse
感动	gan:dong	n.	emoción
肌肉	ji:rou	n.	músculo
赶紧	gan:jin	adv.	rápidamente
小心	xiao:xin	adj.	cuidadoso
合成	he:cheng	v.	sintetizar
梅	mei	n.	ciruela
体力	ti:li	n.	fuerza física
如图	ru:tu	v.	como se muestra
储存	chu:cun	v.	almacenar
食材	shi:cai	n.	ingrediente
一众	yi:zhong	num.	un grupo
透明	tou:ming	adj.	transparente
携带	xie:dai	v.	llevar consigo
党组织	dang:zu:zhi	n.	organización del partido
舞台	wu:tai	n.	escenario
石头	shi:tou	n.	piedra
你好	ni:hao	int.	hola
紫	zi	adj.	púrpura
黑暗	hei:an	n.	oscuridad
歌	ge	n.	canción
建筑面积	jian:zhu:mian:ji	n.	superficie construida
临	lin	v.	acercarse
临	lin	v.	estar frente a
补偿	bu:chang	v.	compensar
补偿	bu:chang	n.	compensación
用了	yong:le	part.	usado
旅行	lv:xing	v.	viajar
旅行	lv:xing	n.	viaje
果然	guo:ran	adv.	en efecto
影响力	ying:xiang:li	n.	influencia
组件	zu:jian	n.	componente
管理部门	guan:li:bu:men	n.	departamento de gestión
模板	mu:ban	n.	plantilla
毒	du	n.	veneno
毒	du	adj.	venenoso
家中	jia:zhong	n.	hogar
既是	ji:shi	conj.	dado que
载入	zai:ru	v.	cargar
疼痛	teng:tong	n.	dolor
精英	jing:ying	n.	élite
足球	zu:qiu	n.	fútbol
舒适	shu:shi	adj.	cómodo
旅客	lv:ke	n.	pasajero
乐趣	le:qu	n.	placer
反正	fan:zheng	adv.	de todos modos
咸	xian	adj.	salado
写的	xie:de	adj.	escrito
无须	wu:xu	adv.	no necesitar
进攻	jin:gong	v.	atacar
合作伙伴	he:zuo:huo:ban	n.	socio
防火墙	fang:huo:qiang	n.	cortafuegos
合法性	he:fa:xing	n.	legalidad
不论	bu:lun	conj.	no importa
新手	xin:shou	n.	principiante
我已经	wo:yi:jing	pron.	yo ya
宗	zong	n.	secta
单一	dan:yi	adj.	único
播放器	bo:fang:qi	n.	reproductor
要想	yao:xiang	v.	querer
著	zhu	v.	escribir
著	zhu	adj.	notable
而来	er:lai	v.	venir
索	suo	n.	cuerda
索	suo	v.	buscar
等人	deng:ren	v.	esperar a alguien
行程	xing:cheng	n.	itinerario
简体中文	jian:ti:zhong:wen	n.	chino simplificado
北方	bei:fang	n.	norte
解决问题	jie:jue:wen:ti	v.	resolver problemas
安徽省	an:hui:sheng	n.	provincia de Anhui
第二个	di:er:ge	num.	el segundo
人次	ren:ci	mw.	visitas-personas
语音	yu:yin	n.	voz
依托	yi:tuo	v.	basar en
客户端	ke:hu:duan	n.	cliente
办事	ban:shi	v.	ocuparse de asuntos
印	yin	n.	sello
印	yin	v.	imprimir
主演	zhu:yan	n.	protagonista
主演	zhu:yan	v.	papel principal
寻	xun	v.	buscar
账户	zhang:hu	n.	cuenta
图标	tu:biao	n.	icono
最快	zui:kuai	adj.	el más rápido
湖	hu	n.	lago
地理	di:li	n.	geografía
劲	jin	n.	fuerza
劲	jin	n.	energía
爱好者	ai:hao:zhe	n.	aficionado
物业管理	wu:ye:guan:li	n.	gestión inmobiliaria
运营商	yun:ying:shang	n.	operador
烦恼	fan:nao	adj.	preocupado
烦恼	fan:nao	n.	preocupación
中午	zhong:wu	n.	mediodía
拿到	na:dao	v.	conseguir
名为	ming:wei	v.	llamarse
奥迪	ao:di	n.	Audi
编程	bian:cheng	v.	programar
编程	bian:cheng	n.	programación
老大	lao:da	n.	jefe
老大	lao:da	n.	el mayor
固定资产	gu:ding:zi:chan	n.	activos fijos
编码	bian:ma	n.	código
编码	bian:ma	v.	codificar
血液	xue:ye	n.	sangre
职	zhi	n.	trabajo
技	ji	n.	habilidad
解答	jie:da	v.	responder
解答	jie:da	n.	respuesta
全球化	quan:qiu:hua	n.	globalización
恨	hen	v.	odiar
婆	po	n.	vieja
冬季	dong:ji	n.	invierno
序号	xu:hao	n.	número de serie
电路	dian:lu	n.	circuito
早就	zao:jiu	adv.	hace mucho tiempo
远程	yuan:cheng	adj.	remoto
高层	gao:ceng	n.	alto nivel
高层	gao:ceng	n.	directivos
从中	cong:zhong	adv.	de ello
辅助	fu:zhu	v.	ayudar
火锅	huo:guo	n.	hot pot
服用	fu:yong	v.	tomar
杰	jie	adj.	soberbio
五个	wu:ge	num.	5
部长	bu:zhang	n.	ministro
减轻	jian:qing	v.	aliviar
减轻	jian:qing	v.	mitigar
手动	shou:dong	adj.	manual
集团公司	ji:tuan:gong:si	n.	grupo empresarial
江南	jiang:nan	n.	Jiangnan
面板	mian:ban	n.	panel
第三章	di:san:zhang	n.	capítulo 3
一股	yi:gu	mw.	un chorro
不愿	bu:yuan	v.	no querer
放松	fang:song	v.	relajar
缺点	que:dian	n.	defecto
意外	yi:wai	adj.	inesperado
舞蹈	wu:dao	n.	danza
安置	an:zhi	v.	instalar
整改	zheng:gai	v.	rectificar
球队	qiu:dui	n.	equipo
似的	shi:de	part.	como (partícula)
相似	xiang:si	adj.	parecido
羽	yu	n.	pluma
场景	chang:jing	n.	escena
修订	xiu:ding	v.	revisar
修订	xiu:ding	n.	revisión
制动	zhi:dong	n.	frenado
科学技术	ke:xue:ji:shu	n.	ciencia y tecnología
一定会	yi:ding:hui	adv.	g
咱	zan	pron.	nosotros
简称	jian:cheng	n.	abreviatura
便于	bian:yu	v.	facilitar
球员	qiu:yuan	n.	jugador
为何	wei:he	adv.	por qué
客户服务	ke:hu:fu:wu	n.	servicio al cliente
开拓	kai:tuo	v.	explotar
素	su	adj.	sencillo
间接	jian:jie	adj.	indirecto
善于	shan:yu	v.	salir bien
凡	fan	adv.	todo
较多	jiao:duo	adj.	bastante
最小	zui:xiao	adj.	mínimo
录音	lu:yin	v.	grabar
偶尔	ou:er	adv.	ocasionalmente
搞好	gao:hao	v.	hacer bien
飘	piao	v.	flotar
差别	cha:bie	n.	diferencia
深度	shen:du	n.	profundidad
市盈率	shi:ying:lv	n.	ti
年内	nian:nei	n.	dentro del ao
女孩子	nv:hai:zi	n.	niña
解除	jie:chu	v.	levantar
嘿	hei	int.	ey
形状	xing:zhuang	n.	forma
个别	ge:bie	adj.	individual
知名	zhi:ming	adj.	conocido
全区	quan:qu	n.	todo el distrito
管理局	guan:li:ju	n.	oficina de administracin
资助	zi:zhu	v.	subvencionar
考虑到	kao:lv:dao	v.	tener en cuenta
当作	dang:zuo	v.	considerar
科技有限公司	ke:ji:you:xian:gong:si	n.	sociedad de tecnología
激发	ji:fa	v.	estimular
管理系统	guan:li:xi:tong	n.	sistema de gestión
呗	bei	part.	partícula obvia
增大	zeng:da	v.	aumentar
笑容	xiao:rong	n.	sonrisa
布置	bu:zhi	v.	disponer
士兵	shi:bing	n.	soldado
推迟	tui:chi	v.	aplazar
铃声	ling:sheng	n.	tono
公寓	gong:yu	n.	apartamento
普	pu	adj.	universal
严格的	yan:ge:de	adj.	estricto
特价	te:jia	n.	oferta especial
效应	xiao:ying	n.	efecto
别墅	bie:shu	n.	villa
干扰	gan:rao	v.	interferir
干扰	gan:rao	n.	interferencia
不良	bu:liang	adj.	malo
男生	nan:sheng	n.	chico
宁	ning	adv.	más bien
均	jun	adv.	ambos
上班	shang:ban	v.	ir al trabajo
不多	bu:duo	adj.	no muchos
交往	jiao:wang	v.	tratar
吓	xia	v.	asustar
全方位	quan:fang:wei	n.	omnidireccional
有一	you:yi	v.	hay uno
报警	bao:jing	v.	llamar a la policía
消防	xiao:fang	n.	bomberos
家电	jia:dian	n.	electrodoméstico
恋爱	lian:ai	n.	amor
恋爱	lian:ai	v.	estar enamorado
排除	pai:chu	v.	excluir
起了	qi:le	v.	se levantó
建筑物	jian:zhu:wu	n.	edificio
兽	shou	n.	bestia
救援	jiu:yuan	n.	rescate
歌词	ge:ci	n.	letra
敬请	jing:qing	adv.	por favor
带领	dai:ling	v.	liderar
进展	jin:zhan	n.	progreso
进展	jin:zhan	v.	avanzar
夏	xia	n.	verano
第二次	di:er:ci	num.	la segunda vez
权威	quan:wei	n.	autoridad
欲望	yu:wang	n.	deseo
前期	qian:qi	n.	primera etapa
在网上	zai:wang:shang	prep.	en internet
你有	ni:you	v.	tienes
地产	di:chan	n.	inmobiliaria
体积	ti:ji	n.	volumen
不行	bu:xing	adj.	no sirve
交给	jiao:gei	v.	entregar
左右的	zuo:you:de	adj.	aproximado
想起	xiang:qi	v.	recordar
同比增长	tong:bi:zeng:zhang	v.	crecimiento interanual
小游戏	xiao:you:xi	n.	minijuego
建设工程	jian:she:gong:cheng	n.	proyecto de construcción
菩萨	pu:sa	n.	bodhisattva
长江	chang:jiang	n.	río Yangtsé
夫人	fu:ren	n.	señora
赢得	ying:de	v.	ganar
教室	jiao:shi	n.	aula
读	du	v.	leer
街	jie	n.	calle
调用	diao:yong	v.	llamar
牛	niu	n.	vaca
只愿	zhi:yuan	v.	solo desear
焦点	jiao:dian	n.	foco
焦点	jiao:dian	n.	punto central
记性	ji:xing	n.	memoria
认同	ren:tong	v.	reconocer
认同	ren:tong	n.	identificación
仿	fang	v.	imitar
胸	xiong	n.	pecho
胸	xiong	n.	ánimo
同期	tong:qi	n.	mismo período
历史的	li:shi:de	adj.	histórico
企业家	qi:ye:jia	n.	empresario
浪	lang	n.	ola
浪	lang	adj.	indisciplinado
竞赛	jing:sai	n.	competición
一会儿	yi:hui:er	n.	un rato
警告	jing:gao	v.	advertir
警告	jing:gao	n.	advertencia
神经	shen:jing	n.	nervio
经济效益	jing:ji:xiao:yi	n.	beneficio económico
无权	wu:quan	v.	no tener derecho
总额	zong:e	n.	importe total
富	fu	adj.	rico
富	fu	adj.	abundante
期货	qi:huo	n.	futuros
中药	zhong:yao	n.	medicina china
重庆市	chong:qing:shi	n.	Chongqing
课堂	ke:tang	n.	aula
遵循	zun:xun	v.	seguir
热爱	re:ai	v.	entender profondément
孤独	gu:du	adj.	solitario
虚假	xu:jia	adj.	falso
试卷	shi:juan	n.	hoja de examen
虚拟	xu:ni	adj.	virtual
区内	qu:nei	n.	dentro del distrito
尚	shang	adv.	todavía
尚	shang	v.	valorer
参照	can:zhao	v.	referirse
夫妻	fu:qi	n.	matrimonio
毫米	hao:mi	n.	milímetro
释放	shi:fang	v.	liberar
选举	xuan:ju	v.	elegir
擅自	shan:zi	adv.	sin autorización
又要	you:yao	adv.	otra vez
礼物	li:wu	n.	regalo
老百姓	lao:bai:xing	n.	gente común
宇	yu	n.	alero
开启	kai:qi	v.	abrir
增值税	zeng:zhi:shui	n.	impuesto sobre el valor añadido
港口	gang:kou	n.	puerto
正如	zheng:ru	conj.	tal como
导向	dao:xiang	n.	orientación
残疾人	can:ji:ren	n.	discapacitado
玫瑰	mei:gui	n.	rosa
索尼	suo:ni	n.	Sony
骨	gu	n.	hueso
服饰	fu:shi	n.	vestimenta
算是	suan:shi	v.	contar como
各大	ge:da	adj.	cada gran
智	zhi	n.	sabiduría
违法行为	wei:fa:xing:wei	n.	acto ilegal
个性化	ge:xing:hua	v.	personalizar
强度	qiang:du	n.	intensidad
真实的	zhen:shi:de	adj.	real
注册用户	zhu:ce:yong:hu	n.	usuario registrado
说完	shuo:wan	v.	acabar de hablar
知识	zhi:shi	n.	conocimiento
海鲜	hai:xian	n.	mariscos
找不到	zhao:bu:dao	v.	no poder encontrar
撤销	che:xiao	v.	revocar
少数	shao:shu	n.	minoría
班级	ban:ji	n.	clase
较好	jiao:hao	adj.	bastante bueno
让他们	rang:ta:men	v.	dejar que ellos
未成年人	wei:cheng:nian:ren	n.	menor de edad
一下子	yi:xia:zi	adv.	de golpe
手册	shou:ce	n.	manual
承办	cheng:ban	v.	encargarse de
业内	ye:nei	n.	dentro del sector
一本	yi:ben	mw.	un (tomo)
机遇	ji:yu	n.	oportunidad
有可能	you:ke:neng	adj.	ser posible
不禁	bu:jin	adv.	no poder evitar
佛教	fo:jiao	n.	budismo
还可	hai:ke	adv.	también puede
当事	dang:shi	n.	la parte afectada
二手	er:shou	adj.	de segunda mano
眼泪	yan:lei	n.	lágrima
纷	fen	adj.	numeroso
加油	jia:you	v.	alentar
只想	zhi:xiang	v.	solo querer
航空	hang:kong	n.	aviación
请点击	qing:dian:ji	v.	por favor haga clic
出席	chu:xi	v.	asistir
纳税人	na:shui:ren	n.	contribuyente
几天	ji:tian	num.	unos días
升	sheng	mw.	litro
文献	wen:xian	n.	literatura
下属	xia:shu	n.	subordinado
给您	gei:nin	v.	darle a usted
借鉴	jie:jian	v.	tomar como referencia
广泛的	guang:fan:de	adj.	amplio
帮忙	bang:mang	v.	ayudar
传感器	chuan:gan:qi	n.	sensor
法律法规	fa:lv:fa:gui	n.	leyes y reglamentos
婚	hun	n.	matrimonio
年初	nian:chu	n.	comienzo del año
纠纷	jiu:fen	n.	disputa
过滤	guo:lv	v.	filtrar
早在	zao:zai	adv.	ya desde
搜集	sou:ji	v.	recolectar
叔	shu	n.	tío
试点	shi:dian	n.	proyecto piloto
办学	ban:xue	v.	dirigir una escuela
可持续发展	ke:chi:xu:fa:zhan	n.	desarrollo sostenible
所以我	suo:yi:wo	conj.	así que yo
差不多	cha:bu:duo	adv.	casi
正规	zheng:gui	adj.	regular
笑道	xiao:dao	v.	decir riendo
漫画	man:hua	n.	historieta
制定	zhi:ding	v.	formular
制订	zhi:ding	v.	establecer
多么	duo:me	adv.	qué
上半年	shang:ban:nian	n.	primer semestre
性感	xing:gan	adj.	sexy
局部	ju:bu	n.	parte
按摩	an:mo	v.	masajar
善	shan	adj.	bueno
进出口	jin:chu:kou	n.	importación y exportación
商店	shang:dian	n.	tienda
弱	ruo	adj.	débil
后者	hou:zhe	n.	este último
促使	cu:shi	v.	impulsar
核准	he:zhun	v.	aprobar
平安	ping:an	adj.	sano y salvo
缘由	yuan:you	n.	motivo
不易	bu:yi	adj.	no fácil
架	jia	mw.	classificador para máquinas
感觉到	gan:jue:dao	v.	sentir
不详	bu:xiang	adj.	poco claro
朋友们	peng:you:men	n.	amigos
河北省	he:bei:sheng	n.	provincia de Hebei
兴奋	xing:fen	adj.	excitado
卖	mai	v.	vender
试图	shi:tu	v.	intentar
信息服务	xin:xi:fu:wu	n.	servicio de información
袋	dai	mw.	bolsa
袋	dai	mw.	full
网	wang	n.	red
煤矿	mei:kuang	n.	mina de carbón
缺少	que:shao	v.	faltar
每周	mei:zhou	adv.	cada semana
参展	can:zhan	v.	participar en una exposición
须要	xu:yao	v.	necesitar
精心	jing:xin	adv.	cuidadosamente
懂得	dong:de	v.	entender
初期	chu:qi	n.	etapa inicial
十大	shi:da	adj.	los diez mejores
书面	shu:mian	adj.	escrito
使用者	shi:yong:zhe	n.	usuario
朱	zhu	n.	Zhu (apellido)
手指	shou:zhi	n.	dedo
消毒	xiao:du	v.	desinfectar
纠正	jiu:zheng	v.	corregir
人人	ren:ren	pron.	todos
模具	mu:ju	n.	molde
高速公路	gao:su:gong:lu	n.	autopista
骂	ma	v.	insultar
外资	wai:zi	n.	capital extranjero
企业文化	qi:ye:wen:hua	n.	cultura empresarial
公司董事会	gong:si:dong:shi:hui	n.	consejo de administración
雄	xiong	adj.	sexen
代替	dai:ti	v.	sustituir
整治	zheng:zhi	v.	rectificar
语文	yu:wen	n.	idioma chino
赛	sai	v.	competir
略	lve	adv.	brevemente
略	lve	v.	omitir
杯	bei	mw.	taza
施	shi	v.	ejecutar
纳税	na:shui	v.	pagar impuestos
湖北省	hu:bei:sheng	n.	provincia de Hubei
典型	dian:xing	adj.	típico
典型	dian:xing	n.	model
墙	qiang	n.	pared
澳门	ao:men	n.	Macao
等到	deng:dao	conj.	hasta que
上报	shang:bao	v.	informar
宇宙	yu:zhou	n.	universo
不断地	bu:duan:de	adv.	sin cesar
原告	yuan:gao	n.	demandante
环	huan	n.	anillo
直至	zhi:zhi	prep.	hasta
罪	zui	n.	crimen
选购	xuan:gou	v.	elegir y comprar
寂寞	ji:mo	adj.	solo
足以	zu:yi	adv.	suficiente para
牙	ya	n.	diente
食品	shi:pin	n.	alimento
使得	shi:de	v.	hacer
使得	shi:de	v.	de modo que
本报	ben:bao	n.	este periódico
欧美	ou:mei	n.	Europa y América
主编	zhu:bian	v.	redactor jefe
时区	shi:qu	n.	huso horario
一遍	yi:bian	mw.	una vez
三人	san:ren	n.	tres personas
助理	zhu:li	n.	asistente
得知	de:zhi	v.	saber
越职	yue:zhi	v.	excederse en sus funciones
叫作	jiao:zuo	v.	llamarse
讲座	jiang:zuo	n.	conferencia
监督检查	jian:du:jian:cha	v.	supervisar e inspeccionar
表单	biao:dan	n.	formulario
占用	zhan:yong	v.	ocupar
移民	yi:min	v.	inmigrar
移民	yi:min	n.	inmigrante
合同样本	he:tong:yang:ben	n.	modelo de contrato
之路	zhi:lu	n.	camino hacia
指示	zhi:shi	n.	instrucción
指示	zhi:shi	v.	indicar
葡萄酒	pu:tao:jiu	n.	vino
影像	ying:xiang	n.	imagen
凭借	ping:jie	prep.	mediante
制约	zhi:yue	v.	restringir
没收	mo:shou	v.	confiscar
后期	hou:qi	n.	fase tardía
总裁	zong:cai	n.	presidente
调控	tiao:kong	v.	regular
窗	chuang	n.	ventana
无比	wu:bi	adj.	incomparable
展现	zhan:xian	v.	mostrar
欧盟	ou:meng	n.	Unión Europea
柳	liu	n.	sauce
火车	huo:che	n.	tren
纪念	ji:nian	v.	conmemorar
斑竹	ban:zhu	n.	bambú moteado
销量	xiao:liang	n.	volumen de ventas
说到	shuo:dao	v.	mencionar
数码相机	shu:ma:xiang:ji	n.	cámara digital
厅	ting	n.	sala
搞	gao	v.	hacer
行驶	xing:shi	v.	circular
国民经济	guo:min:jing:ji	n.	economía nacional
成效	cheng:xiao	n.	efecto
不变	bu:bian	adj.	inmutable
医疗机构	yi:liao:ji:gou	n.	institución médica
不满	bu:man	adj.	descontento
周末	zhou:mo	n.	fin de semana
报送	bao:song	v.	presentar
引入	yin:ru	v.	introducir
份额	fen:e	n.	cuota
检索	jian:suo	v.	recuperar
端	duan	n.	extremo
志愿者	zhi:yuan:zhe	n.	voluntario
出资	chu:zi	v.	financiar
送到	song:dao	v.	entregar
标记	biao:ji	n.	marca
作战	zuo:zhan	v.	combatir
疑问	yi:wen	n.	pregunta
一段时间	yi:duan:shi:jian	n.	un tiempo
洞	dong	n.	agujero
法官	fa:guan	n.	juez
开车	kai:che	v.	conducir
一口	yi:kou	mw.	un bocado
直径	zhi:jing	n.	diámetro
上次	shang:ci	n.	la última vez
板块	ban:kuai	n.	placa
准确性	zhun:que:xing	n.	exactitud
四周	si:zhou	n.	alrededores
适	shi	adj.	adecuado
自从	zi:cong	prep.	desde
拥	yong	v.	sostener
释	shi	v.	explicar
都市	du:shi	n.	ciudad
发布人	fa:bu:ren	n.	portavoz
延伸	yan:shen	v.	extender
再说	zai:shuo	v.	adicionalmente
处置	chu:zhi	v.	disponer
股权	gu:quan	n.	capital
门票	men:piao	n.	entrada
气候	qi:hou	n.	clima
审议	shen:yi	v.	deliberar
落后	luo:hou	adj.	atrasado
正好	zheng:hao	adv.	justamente
洋	yang	adj.	extranjero
创办	chuang:ban	v.	fundar
有车	you:che	v.	tener coche
传媒	chuan:mei	n.	medios
气息	qi:xi	n.	aliento
无疑	wu:yi	adj.	indudable
渴望	ke:wang	v.	ansiar
无锡	wu:xi	n.	Wuxi
高科技	gao:ke:ji	n.	alta tecnología
肿瘤	zhong:liu	n.	tumor
没有什么	mei:you:shen:me	v.	no tener nada
公正	gong:zheng	adj.	justo
养殖	yang:zhi	v.	criar
同行	tong:hang	n.	colega del gremio
同行	tong:xing	v.	acompañar
肩	jian	n.	hombro
纤维	xian:wei	n.	fibra
导游	dao:you	n.	guía
市场价格	shi:chang:jia:ge	n.	precio de mercado
服务中心	fu:wu:zhong:xin	n.	centro de servicios
机型	ji:xing	n.	modelo
魂	hun	n.	alma
发给	fa:gei	v.	enviar
职称	zhi:cheng	n.	título profesional
节日	jie:ri	n.	fiesta
求购	qiu:gou	v.	buscar comprar
不锈钢	bu:xiu:gang	n.	acero inoxidable
闹	nao	v.	hacer ruido
利于	li:yu	v.	beneficiar
蒙	meng	v.	cubrir
奥运	ao:yun	n.	Juegos Olímpicos
黑龙江	hei:long:jiang	n.	Heilongjiang
艾滋病	ai:zi:bing	n.	sida
排列	pai:lie	v.	arreglar
收费标准	shou:fei:biao:zhun	n.	tarifa
望着	wang:zhe	v.	mirar fixamente
正面	zheng:mian	n.	frente
正面	zheng:mian	adj.	positivo
分数	fen:shu	n.	puntuación
高等教育	gao:deng:jiao:yu	n.	educación superior
境界	jing:jie	n.	estado espiritual
分区	fen:qu	n.	partición
缓解	huan:jie	v.	aliviar
国际化	guo:ji:hua	n.	internacionalización
灯	deng	n.	lámpara
锁定	suo:ding	v.	bloquear
论坛版主	lun:tan:ban:zhu	n.	moderador de foro
借	jie	v.	pedir prestado
眼中	yan:zhong	n.	a los ojos
平米	ping:mi	n.	metro cuadrado
营业	ying:ye	v.	ejercer comercio
伯	bo	n.	tío
免	mian	v.	eximir
文件大小	wen:jian:da:xiao	n.	tamaño de archivo
绩效	ji:xiao	n.	rendimiento
内心	nei:xin	n.	interior
菜	cai	n.	plato
白天	bai:tian	n.	día
验	yan	v.	comprobar
林业	lin:ye	n.	silvicultura
包子	bao:zi	n.	bollos al vapor
测	ce	v.	medir
凤	feng	n.	fénix
吉林	ji:lin	n.	Jilin
样品	yang:pin	n.	muestra
计划生育	ji:hua:sheng:yu	n.	planificación familiar
主要内容	zhu:yao:nei:rong	n.	contenido principal
带宽	dai:kuan	n.	ancho de banda
鱼	yu	n.	pez
第二条	di:er:tiao	n.	artículo 2
事先	shi:xian	adv.	de antemano
约束	yue:shu	v.	restringir
高端	gao:duan	adj.	gama alta
数额	shu:e	n.	(importe) cantidad
诗人	shi:ren	n.	poeta
一篇	yi:pian	mw.	un (artículo)
实例	shi:li	n.	ejemplo
器材	qi:cai	n.	equipo
春天	chun:tian	n.	primavera
依旧	yi:jiu	adv.	todavía
徐	xu	n.	Xu
生动	sheng:dong	adj.	vivo
评定	ping:ding	v.	evaluar
快捷	kuai:jie	adj.	veloz
出于	chu:yu	prep.	por
附加	fu:jia	adj.	adicional
显著	xian:zhu	adj.	notable
我院	wo:yuan	n.	Nuestro instituto
星级	xing:ji	n.	categoría por estrellas
借助	jie:zhu	v.	con la ayuda de
决心	jue:xin	n.	determinación
地域	di:yu	n.	región
音频	yin:pin	n.	audio
型	xing	n.	tipo
边缘	bian:yuan	n.	borde
几种	ji:zhong	num.	varias clases
娜	na	n.	Na（nombre）
冬天	dong:tian	n.	invierno
宽度	kuan:du	n.	anchura
绿化	lv:hua	v.	verdear
在家	zai:jia	v.	estar en casa
暴	bao	adj.	violento
暴	bao	v.	exponer
气质	qi:zhi	n.	temperamento
亡	wang	v.	morir
毫无	hao:wu	adv.	en absoluto
中国共产党	zhong:guo:gong:chan:dang	n.	Partido Comunista de China
铁树	tie:shu	n.	cica
高兴	gao:xing	adj.	alegre
桌面	zhuo:mian	n.	escritorio
部队	bu:dui	n.	tropas
税务机关	shui:wu:ji:guan	n.	autoridad fiscal
君	jun	n.	señor
孩子们	hai:zi:men	n.	los niños
办事处	ban:shi:chu	n.	oficina
率先	shuai:xian	adv.	en primer lugar
一周	yi:zhou	n.	una semana
律师事务所	lv:shi:shi:wu:suo	n.	bufete
建造	jian:zao	v.	construir
地震	di:zhen	n.	terremoto
各项工作	ge:xiang:gong:zuo	n.	todos los trabajos
嫌弃	xian:qi	v.	desdeñar
国有企业	guo:you:qi:ye	n.	empresa estatal
科学家	ke:xue:jia	n.	científico
致使	zhi:shi	v.	provocar
下载地址	xia:zai:di:zhi	n.	enlace de descarga
全世界	quan:shi:jie	n.	el mundo entero
发货	fa:huo	v.	enviar mercancía
大地	da:di	n.	tierra
传奇	chuan:qi	n.	leyenda
星光	xing:guang	n.	luz de las estrellas
黄色	huang:se	n.	amarillo
便利	bian:li	adj.	conveniente
候选	hou:xuan	v.	ser candidato
讲解	jiang:jie	v.	explicar
木马	mu:ma	n.	caballo de Troya
认识到	ren:shi:dao	v.	darse cuenta de
直销	zhi:xiao	n.	venta directa
保养	bao:yang	v.	mantener
百分点	bai:fen:dian	n.	punto porcentual
劳动力	lao:dong:li	n.	fuerza laboral
变革	bian:ge	v.	transformar
变革	bian:ge	n.	transformación
多元	duo:yuan	adj.	diverso
农民工	nong:min:gong	n.	trabajador migrante
工商	gong:shang	n.	industria y comercio
频繁	pin:fan	adj.	frecuente
商品房	shang:pin:fang	n.	vivienda comercial
两者	liang:zhe	pron.	ambos
维权	wei:quan	v.	defender derechos
信息披露	xin:xi:pi:lu	n.	divulgación de información
长城	chang:cheng	n.	Gran Muralla
深刻	shen:ke	adj.	profundo
混乱	hun:luan	adj.	caótico
混乱	hun:luan	n.	caos
讨	tao	v.	pedir
讨	tao	v.	discutir
没事	mei:shi	adj.	no pasa nada
店铺	dian:pu	n.	tienda
假如	jia:ru	conj.	si
辈	bei	n.	generación
辈	bei	mw.	generación (clasificador)
适当的	shi:dang:de	adj.	apropiado
内蒙古	nei:meng:gu	n.	Mongolia Interior
象征	xiang:zheng	v.	simbolizar
象征	xiang:zheng	n.	símbolo
转化	zhuan:hua	v.	transformar
当日	dang:ri	n.	aquel día
分子	fen:zi	n.	molécula
分子	fen:zi	n.	miembro
户外	hu:wai	n.	aire libre
户外	hu:wai	adj.	al aire libre
所有权	suo:you:quan	n.	propiedad
对价	dui:jia	n.	contraprestación
燃烧	ran:shao	v.	arder
懂	dong	v.	entender
海淀区	hai:dian:qu	n.	distrito de Haidian
蛋白质	dan:bai:zhi	n.	proteína
全力	quan:li	n.	máximo esfuerzo
实物	shi:wu	n.	objeto real
夏天	xia:tian	n.	verano
书法	shu:fa	n.	caligrafía
腿	tui	n.	pierna
说过	shuo:guo	v.	ha dicho
灭	mie	v.	apagar
气体	qi:ti	n.	gas
上门	shang:men	v.	visitar
不懂	bu:dong	v.	no entender
妙	miao	adj.	ingenioso
发明	fa:ming	v.	inventar
金融机构	jin:rong:ji:gou	n.	institución financiera
继承	ji:cheng	v.	heredar
原帖	yuan:tie	n.	publicación original
凭证	ping:zheng	n.	comprobante
执法人员	zhi:fa:ren:yuan	n.	agente del orden
效	xiao	n.	efecto
危	wei	adj.	peligroso
不合格	bu:he:ge	adj.	no conforme
多年来	duo:nian:lai	adv.	durante años
各单位	ge:dan:wei	n.	cada unidad
师生	shi:sheng	n.	profesores y alumnos
遭遇	zao:yu	v.	encontrar
遭遇	zao:yu	n.	contratiempo
优	you	adj.	excelente
盘	pan	n.	plato
盘	pan	mw.	vuelta
留学	liu:xue	v.	estudiar en el extranjero
架构	jia:gou	n.	arquitectura
匿名	ni:ming	adj.	anónimo
万亩	wan:mu	n.	10.000 mu
丁	ding	n.	hombre
丁	ding	n.	Ding
趣	qu	n.	diversión
修正	xiu:zheng	v.	corregir
修正	xiu:zheng	n.	corrección
湖南省	hu:nan:sheng	n.	provincia de Hunan
妖	yao	n.	demonio
相反	xiang:fan	adj.	contrario
相反	xiang:fan	adv.	al contrario
随机	sui:ji	adj.	aleatorio
束	shu	mw.	ramo
束	shu	v.	atar
透过	tou:guo	prep.	a través de
潜力	qian:li	n.	potencial
建设部	jian:she:bu	n.	ministerio de Construcción
一群	yi:qun	mw.	un grupo
增多	zeng:duo	v.	aumentar
诗	shi	n.	poesia
人间	ren:jian	n.	mundo humano
连锁	lian:suo	n.	cadena
连锁	lian:suo	v.	encadenado
难题	nan:ti	n.	problema difícil
调动	diao:dong	v.	trasladar
调动	diao:dong	v.	movilizar
迎	ying	v.	recibir
下次	xia:ci	n.	la próxima vez
舍	she	v.	abandonner
舍	she	n.	casa
轮胎	lun:tai	n.	neumático
入住	ru:zhu	v.	registrarse
倡导	chang:dao	v.	defender
大门	da:men	n.	puerta
不然	bu:ran	conj.	de lo contrario
二年	er:nian	num.	dos años
咨询电话	zi:xun:dian:hua	n.	teléfono de información
私人	si:ren	adj.	privado
同类	tong:lei	n.	mismo tipo
温馨	wen:xin	adj.	acogedor
诸多	zhu:duo	adj.	muchos
究	jiu	v.	investigar
物体	wu:ti	n.	objeto
融入	rong:ru	v.	integrarse
送达	song:da	v.	entregar
明确的	ming:que:de	adj.	claro
乡村	xiang:cun	n.	campo
电流	dian:liu	n.	corriente
彩	cai	n.	color
大街	da:jie	n.	avenida
神奇	shen:qi	adj.	mágico
国语	guo:yu	n.	lengua nacional
不准	bu:zhun	v.	no permitir
委	wei	v.	confiar
采集	cai:ji	v.	recolectar
挂	gua	v.	colgar
强制	qiang:zhi	v.	forzar
供电	gong:dian	v.	suministrar electricidad
笔	bi	n.	bolígrafo
笔	bi	mw.	trazo
光明	guang:ming	adj.	claro
完毕	wan:bi	v.	terminar
楼层	lou:ceng	n.	piso
陆续	lu:xu	adv.	uno tras otro
经验值	jing:yan:zhi	n.	puntos de experiencia
平面	ping:mian	n.	plano
狗	gou	n.	perro
骑士	qi:shi	n.	caballero
离婚	li:hun	v.	divorciarse
发育	fa:yu	v.	desarrollarse
可靠	ke:kao	adj.	fiable
均匀	jun:yun	adj.	uniforme
不妨	bu:fang	adv.	bien puede
鲜	xian	adj.	fresco
抱着	bao:zhe	v.	abrazar
纸	zhi	n.	papel
网友评论	wang:you:ping:lun	n.	comentarios de internautas
第三条	di:san:tiao	num.	tercero
抗	kang	v.	resistir
防御	fang:yu	v.	defender
探	tan	v.	explorar
韩	han	n.	Corea
读取	du:qu	v.	leer
下跌	xia:die	v.	bajar
要点	yao:dian	n.	punto clave
早餐	zao:can	n.	desayuno
经营许可证	jing:ying:xu:ke:zheng	n.	licencia comercial
较强	jiao:qiang	adj.	relativamente fuerte
尼	ni	n.	ni
竞争的	jing:zheng:de	adj.	competitivo
秘书	mi:shu	n.	secretario
控	kong	v.	controlar
可达	ke:da	v.	poder alcanzar
惜	xi	v.	aporiciar
传来	chuan:lai	v.	llegar
珠	zhu	n.	perla
预览	yu:lan	v.	vista previa
脚本	jiao:ben	n.	guion
有一天	you:yi:tian	adv.	un día
签证	qian:zheng	n.	visado
年后	nian:hou	n.	después del Año Nuevo
抽	chou	v.	sacar
周岁	zhou:sui	n.	año cumplido
凡是	fan:shi	adv.	todo
世界杯	shi:jie:bei	n.	Mundial
水分	shui:fen	n.	humedad
创	chuang	v.	crear
职业教育	zhi:ye:jiao:yu	n.	formación profesional
新年	xin:nian	n.	año nuevo
限期	xian:qi	n.	plazo
归	gui	v.	volver
好多	hao:duo	adj.	mucho
此前	ci:qian	adv.	anteriormente
星座	xing:zuo	n.	constelación
省政府	sheng:zheng:fu	n.	gobierno provincial
多元化	duo:yuan:hua	v.	diversificar
挺	ting	adv.	bastante
手法	shou:fa	n.	técnica
奋	fen	adj.	ardiente
解析	jie:xi	v.	analizar
西班牙	xi:ban:ya	n.	España
财政部	cai:zheng:bu	n.	ministerio de Hacienda
春节	chun:jie	n.	Fiesta de la Primavera
恐惧	kong:ju	n.	miedo
构成犯罪	gou:cheng:fan:zui	v.	constituir un delito
陪	pei	v.	acompañar
电梯	dian:ti	n.	ascensor
旋转	xuan:zhuan	v.	rotar
专区	zhuan:qu	n.	zona especial
宽带	kuan:dai	n.	banda ancha
印花税	yin:hua:shui	n.	impuesto de timbre
不应	bu:ying	v.	no debe
功率	gong:lv	n.	potencia
大酒店	da:jiu:dian	n.	gran hotel
从业人员	cong:ye:ren:yuan	n.	profesional
公安	gong:an	n.	seguridad pública
仅供参考	jin:gong:can:kao	v.	solo como referencia
去看	qu:kan	v.	ir a ver
上课	shang:ke	v.	asistir a clase
第五条	di:wu:tiao	n.	artículo 5
节约	jie:yue	v.	ahorrar
马自达	ma:zi:da	n.	Mazda
硬	ying	adj.	duro
硬	ying	adv.	tercamente
避	bi	v.	evitar
情人	qing:ren	n.	amante
牵引	qian:yin	v.	arrastrar
草原	cao:yuan	n.	pradera
医疗保险	yi:liao:bao:xian	n.	seguro médico
等于	deng:yu	v.	ser igual a
园	yuan	n.	jardín
托	tuo	v.	sostener
托	tuo	v.	encargar
智力	zhi:li	n.	inteligencia
充分利用	chong:fen:li:yong	v.	aprovechar plenamente
一日	yi:ri	n.	un día
风光	feng:guang	n.	paisaje
配方	pei:fang	n.	fórmula
配方	pei:fang	n.	receta
以此	yi:ci	prep.	por esto
训	xun	v.	instruir
见面	jian:mian	v.	encontrarse
签字	qian:zi	v.	firmar
综合性	zong:he:xing	n.	carácter integral
扭矩	niu:ju	n.	par de torsión
第四条	di:si:tiao	n.	el artículo cuatro
钻石	zuan:shi	n.	diamante
这句话	zhe:ju:hua	n.	esta frase
勇	yong	adj.	valiente
两天	liang:tian	n.	dos días
防范	fang:fan	v.	prevenir
场合	chang:he	n.	ocasión
替代	ti:dai	v.	sustituir
发动	fa:dong	v.	arrancar
发动	fa:dong	v.	lanzar
像是	xiang:shi	v.	parecer ser
第五章	di:wu:zhang	n.	el capítulo cinco
与此同时	yu:ci:tong:shi	conj.	al mismo tiempo
阻止	zu:zhi	v.	impedir
确立	que:li	v.	establecer
决议	jue:yi	n.	resolución
找出	zhao:chu	v.	encontrar
授课	shou:ke	v.	dar clases
接入	jie:ru	v.	conectar
稳定性	wen:ding:xing	n.	estabilidad
聊	liao	v.	charlar
轻易	qing:yi	adv.	fácilmente
测定	ce:ding	v.	medir
外贸	wai:mao	n.	comercio exterior
奶	nai	n.	leche
有无	you:wu	n.	existencia
前景	qian:jing	n.	perspectivas
快递	kuai:di	n.	mensajería
专业化	zhuan:ye:hua	n.	especialización
一副	yi:fu	mw.	un par de
一行	yi:hang	n.	una línea
一行	yi:xing	n.	una línea
一行	yi:xing	n.	un grupo
生产经营	sheng:chan:jing:ying	n.	producción y gestión
放到	fang:dao	v.	poner en
签署	qian:shu	v.	firmar
庄	zhuang	n.	aldea
庄	zhuang	n.	la banca
庄	zhuang	adj.	solemne
参赛	can:sai	v.	competir
分散	fen:san	v.	dispersar
分散	fen:san	adj.	disperso
奔	ben	v.	correr
奔	ben	prep.	hacia
放大	fang:da	v.	ampliar
辩护	bian:hu	v.	defender
有序	you:xu	adj.	ordenado
见过	jian:guo	v.	haber visto
扣除	kou:chu	v.	deducir
镇	zhen	n.	pueblo
镇	zhen	v.	sofocar
拳	quan	n.	puño
合肥	he:fei	n.	Hefei
灯光	deng:guang	n.	iluminación
荣获	rong:huo	v.	obtener con honor
分开	fen:kai	v.	separar
耳机	er:ji	n.	auriculares
内外	nei:wai	n.	dentro y fuera
丢失	diu:shi	v.	perder
原材料	yuan:cai:liao	n.	materias primas
黄河	huang:he	n.	río Amarillo
采	cai	v.	recoger
采	cai	v.	extraer
并未	bing:wei	adv.	en absoluto
健身	jian:shen	v.	hacer ejercicio
研	yan	v.	moler
研	yan	v.	investigar
专项	zhuan:xiang	n.	partida especial
专项	zhuan:xiang	adj.	especial
碰到	peng:dao	v.	chocar con
碰到	peng:dao	v.	encontrarse con
教练	jiao:lian	n.	entrenador
啤酒	pi:jiu	n.	cerveza
友谊	you:yi	n.	amistad
料	liao	n.	material
料	liao	v.	esperar
紧急	jin:ji	adj.	urgente
产业化	chan:ye:hua	n.	industrialización
纽约	niu:yue	n.	Nueva York
祖国	zu:guo	n.	patria
对着	dui:zhe	prep.	hacia frente
顿时	dun:shi	adv.	en seguida
规章	gui:zhang	n.	reglamento
一等奖	yi:deng:jiang	n.	primer premio
惊喜	jing:xi	n.	sorpresa agradable
提起	ti:qi	v.	mentar
提起	ti:qi	v.	alzar
防护	fang:hu	n.	protección
防护	fang:hu	v.	proteger
方可	fang:ke	adv.	solamente entonces
作文	zuo:wen	n.	redacción
损伤	sun:shang	n.	daño
损伤	sun:shang	v.	dañar
农药	nong:yao	n.	pesticida
亲爱的	qin:ai:de	adj.	querido
配	pei	v.	pegar
配	pei	v.	asignar
有力	you:li	adj.	poderoso
生产线	sheng:chan:xian	n.	línea de producción
耐心	nai:xin	n.	paciencia
耐心	nai:xin	adj.	paciente
不太	bu:tai	adv.	no muy
诱惑	you:huo	n.	tentación
诱惑	you:huo	v.	tentar
介	jie	n.	concha
介	jie	prep.	entre
我自己	wo:zi:ji	pron.	yo mismo
企业管理	qi:ye:guan:li	n.	gestión empresarial
运行平台	yun:xing:ping:tai	n.	plataforma de ejecución
存放	cun:fang	v.	almacenar
有意	you:yi	adj.	intencional
有意	you:yi	v.	tener la intención
身子	shen:zi	n.	cuerpo
第六条	di:liu:tiao	n.	artículo seis
这份	zhe:fen	mw.	este
进而	jin:er	conj.	además
符号	fu:hao	n.	símbolo
改革开放	gai:ge:kai:fang	n.	reforma y apertura
部落	bu:luo	n.	tribu
尊	zun	mw.	clasificador para estatuas
尊	zun	v.	respetar
答复	da:fu	v.	responder
答复	da:fu	n.	respuesta
桥梁	qiao:liang	n.	puente
民营企业	min:ying:qi:ye	n.	empresa privada
基因	ji:yin	n.	gen
赋予	fu:yu	v.	confiar
县城	xian:cheng	n.	cabecera de distrito
应急	ying:ji	v.	actuar ante emergencias
取决于	qu:jue:yu	v.	depender de
承受	cheng:shou	v.	soportar
想想	xiang:xiang	v.	pensar en
短期	duan:qi	n.	corto plazo
理财	li:cai	v.	gestionar finanzas
自愿	zi:yuan	adj.	voluntario
金牌	jin:pai	n.	medalla de oro
救助	jiu:zhu	v.	socorrer
液体	ye:ti	n.	líquido
奉献	feng:xian	v.	dedicar
奉献	feng:xian	n.	dedicación
真诚	zhen:cheng	adj.	sincero
买家	mai:jia	n.	comprador
安静	an:jing	adj.	tranquilo
全局	quan:ju	n.	situación general
剩余	sheng:yu	adj.	excedente
规范化	gui:fan:hua	v.	estandarizar
主力	zhu:li	n.	fuerza principal
动员	dong:yuan	v.	movilizar
弹性	tan:xing	n.	elasticidad
过多	guo:duo	adj.	excesivo
辐射	fu:she	n.	radiación
辐射	fu:she	v.	radiar
集中在	ji:zhong:zai	v.	concentrarse en
中华民族	zhong:hua:min:zu	n.	nación china
冒	mao	v.	emitir
冒	mao	v.	arriesgar
第七条	di:qi:tiao	n.	artículo siete
细致	xi:zhi	adj.	minucioso
楼上	lou:shang	n.	piso de arriba
大致	da:zhi	adv.	aproximadamente
词汇	ci:hui	n.	vocabulario
可怜	ke:lian	adj.	digno de lástima
东路	dong:lu	n.	camino este
省市	sheng:shi	n.	provincias y ciudades
租金	zu:jin	n.	alquiler
命题	ming:ti	n.	proposición
千万	qian:wan	num.	diez millones
千万	qian:wan	adv.	por favor
军	jun	n.	ejército
意志	yi:zhi	n.	voluntad
发起	fa:qi	v.	iniciar
土壤	tu:rang	n.	suelo
事宜	shi:yi	n.	asuntos
电缆	dian:lan	n.	cable
外地	wai:di	n.	otros lugares
聪明	cong:ming	adj.	inteligente
煤炭	mei:tan	n.	carbón
依赖	yi:lai	v.	depender
依赖	yi:lai	n.	dependencia
实体	shi:ti	n.	entidad
用药	yong:yao	n.	medicación
路口	lu:kou	n.	cruce
地处	di:chu	v.	estar situado
总公司	zong:gong:si	n.	sede central
不见	bu:jian	v.	no ver
价值观	jia:zhi:guan	n.	valores
霸道	ba:dao	adj.	despótico
睡觉	shui:jiao	v.	dormir
激动	ji:dong	adj.	emocionado
激动	ji:dong	v.	emocionar
行政处罚	xing:zheng:chu:fa	n.	sanción administrativa
送给	song:gei	v.	regalar
身后	shen:hou	n.	después de la muerte
农户	nong:hu	n.	hogar campesino
谋杀	mou:sha	n.	asesinato
谋杀	mou:sha	v.	asesinar
占有	zhan:you	v.	poseer
劳动保障	lao:dong:bao:zhang	n.	protección laboral
诗歌	shi:ge	n.	poesía
南路	nan:lu	n.	camino sur
克服	ke:fu	v.	superar
大脑	da:nao	n.	cerebro
交纳	jiao:na	v.	pagar
试听	shi:ting	v.	escuchar una prueba
加载	jia:zai	v.	cargar
邮寄	you:ji	v.	enviar por correo
机身	ji:shen	n.	fuselaje
小于	xiao:yu	v.	menor que
飞行	fei:xing	v.	volar
飞行	fei:xing	n.	vuelo
僵尸	jiang:shi	n.	zombi
敬	jing	v.	respetar
第八条	di:ba:tiao	num.	echo octavo
勇气	yong:qi	n.	valor
丹	dan	n.	cinabrio
版面	ban:mian	n.	diseño de página
得出	de:chu	v.	sacar
珠海	zhu:hai	n.	Zhuhai
舒	shu	adj.	cómodo
舒	shu	v.	extender
蛋	dan	n.	huevo
班主任	ban:zhu:ren	n.	tutor jefe
哼	heng	int.	hmph
哼	heng	onom.	ronquido
宋	song	n.	dinastía Song
停留	ting:liu	v.	quedarse
西路	xi:lu	n.	ruta oeste
信访	xin:fang	n.	sistema de peticiones
艺术家	yi:shu:jia	n.	artista
满意地	man:yi:de	adv.	satisfactoriamente
济	ji	v.	socorrer
济	ji	v.	cruzar un río
朝阳区	chao:yang:qu	n.	distrito de Chaoyang
制定的	zhi:ding:de	adj.	establecido
转身	zhuan:shen	v.	darse la vuelta
告诉你	gao:su:ni	v.	decirte
法人	fa:ren	n.	persona jurídica
路由器	lu:you:qi	n.	enrutador
妇	fu	n.	mujer
考验	kao:yan	n.	prueba
管理制度	guan:li:zhi:du	n.	sistema de gestión
半天	ban:tian	n.	medio día
生产力	sheng:chan:li	n.	productividad
箭	jian	n.	flecha
句	ju	n.	frase
句	ju	mw.	clasificador de frases
优雅	you:ya	adj.	elegante
均有	jun:you	v.	todos tener
择	ze	v.	elegir
犯	fan	v.	cometer
与管理	yu:guan:li	prep.	con la gestión
人格	ren:ge	n.	personalidad
人格	ren:ge	n.	carácter
生态环境	sheng:tai:huan:jing	n.	medio ambiente ecológico
遥控器	yao:kong:qi	n.	mando a distancia
昵称	ni:cheng	n.	apodo
欣	xin	adj.	alegre
会同	hui:tong	v.	juntamente con
爱好	ai:hao	n.	afición
开业	kai:ye	v.	inaugurar un negocio
拨打	bo:da	v.	marcar
甲	jia	n.	primero
甲	jia	n.	caparazón
欧	ou	n.	Europa
一一	yi:yi	adv.	uno a uno
第一节	di:yi:jie	n.	primera sección
面料	mian:liao	n.	tejido
总统	zong:tong	n.	presidente
幻想	huan:xiang	n.	fantasía
这样做	zhe:yang:zuo	v.	hacer así
课	ke	n.	clase
心脏	xin:zang	n.	corazón
平方公里	ping:fang:gong:li	mw.	kilómetro cuadrado
永恒	yong:heng	adj.	eterno
研究院	yan:jiu:yuan	n.	academia
服务业	fu:wu:ye	n.	sector servicios
胃	wei	n.	estómago
未婚	wei:hun	adj.	soltero
扑	pu	v.	abalanzarse
潮流	chao:liu	n.	marea
潮流	chao:liu	n.	tendencia
菲	fei	adj.	humilde
有助于	you:zhu:yu	v.	contribuir a
论证	lun:zheng	v.	demostrar
论证	lun:zheng	n.	argumentación
感受到	gan:shou:dao	v.	percibir
第九条	di:jiu:tiao	n.	artículo 9
空中	kong:zhong	n.	en el aire
注册表	zhu:ce:biao	n.	registro
一身	yi:shen	n.	todo el cuerpo
那位	na:wei	pron.	esa persona
简直	jian:zhi	adv.	simplement
电视剧	dian:shi:ju	n.	serie de televisión
邓小平理论	deng:xiao:ping:li:lun	n.	teoría de Deng Xiaoping
燕	yan	n.	golondrina
激光	ji:guang	n.	láser
抵触	di:chu	v.	chocar
一审	yi:shen	n.	primera instancia
内在	nei:zai	adj.	interno
交付	jiao:fu	v.	entregar
交付	jiao:fu	n.	entrega
给出	gei:chu	v.	dar
给出	gei:chu	v.	proporcionar
搬完	ban:wan	v.	terminar de mudar
不高	bu:gao	adj.	no alto
来源于	lai:yuan:yu	v.	proceder de
作风	zuo:feng	n.	estilo de trabajo
走势	zou:shi	n.	tendencia
大事	da:shi	n.	asunto importante
大事	da:shi	n.	cuestión importante
加密	jia:mi	v.	cifrar
加密	jia:mi	n.	cifrado
国产软件	guo:chan:ruan:jian	n.	software nacional
曲	qu	n.	melodía
曲	qu	n.	canción
繁荣	fan:rong	adj.	próspero
繁荣	fan:rong	v.	prosperar
演讲	yan:jiang	v.	dar un discurso
演讲	yan:jiang	n.	discurso
诞生	dan:sheng	v.	nacer
满意的	man:yi:de	adj.	satisfecho
亏损	kui:sun	n.	pérdida
亏损	kui:sun	v.	perder dinero
快速发展	kuai:su:fa:zhan	v.	desarrollarse rápidamente
执业	zhi:ye	v.	ejercer la profesión
温泉	wen:quan	n.	aguas termales
住在	zhu:zai	v.	vivir en
倾向	qing:xiang	n.	tendencia
倾向	qing:xiang	v.	tender a
另有	ling:you	v.	tener otro
工作者	gong:zuo:zhe	n.	trabajador
回应	hui:ying	v.	responder
回应	hui:ying	n.	respuesta
帅哥	shuai:ge	n.	chico guapo
第二节	di:er:jie	n.	segunda sección
躲	duo	v.	esconderse
躲	duo	v.	evitar
露出	lou:chu	v.	revelar
露出	lou:chu	v.	filtrarse
露出	lu:chu	v.	mostrar
广阔	guang:kuo	adj.	amplio
火车站	huo:che:zhan	n.	estación de tren
除非	chu:fei	conj.	a menos que
玄	xuan	adj.	misterioso
玄	xuan	adj.	negro
此后	ci:hou	adv.	después de eso
提倡	ti:chang	v.	predicar
原作者	yuan:zuo:zhe	n.	autor original
幻	huan	n.	ilusión
幻	huan	adj.	ilusorio
茶	cha	n.	té
王子	wang:zi	n.	príncipe
刊登	kan:deng	v.	publicar
太太	tai:tai	n.	esposa
太太	tai:tai	n.	Sra.
新生	xin:sheng	n.	estudiante nuevo
新生	xin:sheng	adj.	recién nacido
折	zhe	v.	doblar
折	zhe	v.	romper
折	zhe	n.	descuento
永久	yong:jiu	adj.	permanente
永久	yong:jiu	adv.	para siempre
高温	gao:wen	n.	alta temperatura
伊	yi	pron.	ella
岁月	sui:yue	n.	años
接下来	jie:xia:lai	conj.	luego
解压	jie:ya	v.	descomprimir
解压	jie:ya	v.	liberar el estrés
武汉市	wu:han:shi	n.	Wuhan
傻	sha	adj.	tonto
姓	xing	n.	apellido
姓	xing	v.	ape llarse
相继	xiang:ji	adv.	sucesivamente
这时候	zhe:shi:hou	n.	en este momento
源	yuan	n.	fuente
洛	luo	n.	Luo
市场营销	shi:chang:ying:xiao	n.	marketing
遍	bian	mw.	veces
遍	bian	adj.	por todas partes
劳动合同	lao:dong:he:tong	n.	contrato laboral
意向	yi:xiang	n.	intención
卫星	wei:xing	n.	satélite
网民	wang:min	n.	internauta
石家庄	shi:jia:zhuang	n.	Shijiazhuang
首届	shou:jie	adj.	primera (edición)
管辖	guan:xia	v.	haben jurisdicción
北路	bei:lu	n.	camino del norte
展览会	zhan:lan:hui	n.	exposición
学位	xue:wei	n.	grado académico
若是	ruo:shi	conj.	si
一对	yi:dui	num.	un par
脑袋	nao:dai	n.	cabeza
题材	ti:cai	n.	tema
全社会	quan:she:hui	n.	toda la sociedad
节奏	jie:zou	n.	ritmo
培训班	pei:xun:ban	n.	clase de formación
解放	jie:fang	v.	liberar
臣	chen	n.	súbdito
弃	qi	v.	abandonar
中断	zhong:duan	v.	interrumpir
宿舍	su:she	n.	residencia
通报	tong:bao	v.	notificar
通报	tong:bao	n.	comunicado
弟子	di:zi	n.	discípulo
可选	ke:xuan	adj.	opcional
照明	zhao:ming	n.	iluminación
收录	shou:lu	v.	incluir
犹	you	adv.	todavía
看出	kan:chu	v.	percibir
厦门市	xia:men:shi	n.	Xiamen
长春	chang:chun	n.	Changchun
水资源	shui:zi:yuan	n.	recursos hídricos
运动员	yun:dong:yuan	n.	atleta
变量	bian:liang	n.	variable
工作地点	gong:zuo:di:dian	n.	lugar de trabajo
原因之一	yuan:yin:zhi:yi	n.	una de las causas
获奖	huo:jiang	v.	ganar un premio
条码	tiao:ma	n.	código de barras
占	zhan	v.	ocupar
占	zhan	v.	suponer
进入了	jin:ru:le	v.	entró
有用	you:yong	adj.	útil
家乡	jia:xiang	n.	tierra natal
辉煌	hui:huang	adj.	brillante
漂	piao	v.	flotar
在那里	zai:na:li	adv.	allí
发布者	fa:bu:zhe	n.	editor
挑	tiao	v.	elegir
挑	tiao	v.	llevar al hombro
暂停	zan:ting	v.	pausar
暂停	zan:ting	n.	pausa
辛苦	xin:ku	adj.	penoso
辛苦	xin:ku	adj.	arduo
注册码	zhu:ce:ma	n.	código de registro
获	huo	v.	obtener
口气	kou:qi	n.	tono
口气	kou:qi	n.	manera de hablar
年间	nian:jian	n.	durante los años
尴尬	gan:ga	adj.	incómodo
农民房	nong:min:fang	n.	casa de campesino
馒头	man:tou	n.	panecillo al vapor
绿	lv	adj.	verde
饰品	shi:pin	n.	complement
高潮	gao:chao	n.	clímax
斗争	dou:zheng	v.	luchar
斗争	dou:zheng	n.	lucha
婚礼	hun:li	n.	boda
日记	ri:ji	n.	diario
警方	jing:fang	n.	policía
峰	feng	n.	cima
多功能	duo:gong:neng	adj.	multifuncional
老虎机	lao:hu:ji	n.	máquina tragamonedas
我家	wo:jia	n.	mi casa
挖掘	wa:jue	v.	excavar
挖掘	wa:jue	v.	desenterrar
俊	jun	adj.	guapo
三次	san:ci	num.	tres veces
曲线	qu:xian	n.	curva
疯	feng	adj.	loco
法定代表人	fa:ding:dai:biao:ren	n.	representante legal
倒是	dao:shi	adv.	en realidad
适宜	shi:yi	adj.	adecuado
生理	sheng:li	n.	fisiología
展位	zhan:wei	n.	stand de exposición
江西省	jiang:xi:sheng	n.	provincia de Jiangxi
不想干	bu:xiang:gan	v.	no querer hacer
列	lie	n.	fila
逾期	yu:qi	v.	estar vencido
主导	zhu:dao	v.	dirigir
主导	zhu:dao	adj.	dominante
演示	yan:shi	v.	demostrar
前款	qian:kuan	n.	párrafo anterior
床上	chuang:shang	n.	sobre la cama
商人	shang:ren	n.	mercader
贫困	pin:kun	adj.	pobre
区分	qu:fen	v.	distinguir
区分	qu:fen	n.	distinción
您的位置	nin:de:wei:zhi	n.	su ubicación
获悉	huo:xi	v.	enterarse
杭州市	hang:zhou:shi	n.	Hangzhou
淘宝	tao:bao	n.	Taobao
志愿	zhi:yuan	n.	aspiración
志愿	zhi:yuan	v.	hacerse voluntario
意识到	yi:shi:dao	v.	darse cuenta de
森	sen	n.	bosque
排序	pai:xu	n.	ordenación
排序	pai:xu	v.	ordenar
中山	zhong:shan	n.	Zhongshan
发达国家	fa:da:guo:jia	n.	país desarrollado
发达国家	fa:da:guo:jia	n.	países desarrollados
部件	bu:jian	n.	componente
妻	qi	n.	esposa
恋	lian	n.	amor
这只	zhe:zhi	pron.	este
回头	hui:tou	v.	volver la cabeza
误	wu	v.	equivocarse
误	wu	adj.	erróneo
洽谈	qia:tan	v.	negociar
接收了	jie:shou:le	v.	recibido
第十条	di:shi:tiao	num.	punto 10
较低	jiao:di	adj.	relativamente bajo
排行	pai:hang	n.	clasificación
排行	pai:hang	v.	clasificar
拜	bai	v.	adorar
拜	bai	v.	hacer una visita
伟	wei	adj.	grandioso
移	yi	v.	mover
维生素	wei:sheng:su	n.	vitamina
没人	mei:ren	pron.	nadie
恐怖	kong:bu	n.	terror
诉讼	su:song	n.	demanda
主角	zhu:jue	n.	protagonista
信仰	xin:yang	n.	fe
纳	na	v.	aceptar
结合起来	jie:he:qi:lai	v.	combinar
塑造	su:zao	v.	moldear
党	dang	n.	partido
公示	gong:shi	v.	publicar
光驱	guang:qu	n.	unidad óptica
远离	yuan:li	v.	alejarse de
罢	ba	v.	cesar
羊肉	yang:rou	n.	carnero
民警	min:jing	n.	policía
看过	kan:guo	v.	haber visto
爱你	ai:ni	v.	quererte
颁布	ban:bu	v.	promulgar
投放	tou:fang	v.	lanzar
腰	yao	n.	cintura
巧	qiao	adj.	diestro
侵害	qin:hai	v.	violación
手工	shou:gong	n.	trabajo manual
孤	gu	adj.	solitario
利息	li:xi	n.	interés
波动	bo:dong	v.	fluctuar
周一	zhou:yi	n.	lunes
人事部	ren:shi:bu	n.	departamento de personal
软件大小	ruan:jian:da:xiao	n.	tamaño del software
闭	bi	v.	cerrar
响应	xiang:ying	v.	responder
薪酬	xin:chou	n.	salario
商业银行	shang:ye:yin:hang	n.	banco comercial
中期	zhong:qi	n.	mediano plazo
风情	feng:qing	n.	encanto
核实	he:shi	v.	verificar
两国	liang:guo	n.	ambos países
小麦	xiao:mai	n.	trigo
绝大多数	jue:da:duo:shu	n.	gran mayoría
惊讶	jing:ya	adj.	sorprendido
名牌	ming:pai	n.	marca
清单	qing:dan	n.	lista
各自的	ge:zi:de	pron.	propio
民众	min:zhong	n.	pueblo
信息内容	xin:xi:nei:rong	n.	contenido de información
模仿	mo:fang	v.	imitar
圆	yuan	adj.	redondo
圆	yuan	n.	círculo
碰	peng	v.	tocar
做事	zuo:shi	v.	hacer cosas
力争	li:zheng	v.	esforzarse
另一种	ling:yi:zhong	pron.	otro tipo
请填写	qing:tian:xie	v.	por favor rellene
好评	hao:ping	n.	buen comentario
仪式	yi:shi	n.	ceremonia
镜	jing	n.	espejo
无人	wu:ren	adj.	sin personal
向前	xiang:qian	adv.	adelante
软	ruan	adj.	blando
优惠价	you:hui:jia	n.	precio de descuento
全国各地	quan:guo:ge:di	n.	todo el país
两侧	liang:ce	n.	ambos lados
光学	guang:xue	n.	óptica
扶贫	fu:pin	v.	lucha contra la pobreza
质量管理	zhi:liang:guan:li	n.	gestión de calidad
期刊	qi:kan	n.	publicación periódica
厚	hou	adj.	grueso
剧情	ju:qing	n.	trama
款式	kuan:shi	n.	estilo
报刊	bao:kan	n.	prensa
详细说明	xiang:xi:shuo:ming	v.	explicar en detalle
累	lei	adj.	cansado
累	lei	v.	cansar
技术人员	ji:shu:ren:yuan	n.	técnico
昨	zuo	n.	víspera
车主	che:zhu	n.	propietario de coche
幽	you	adj.	tranquilo
战时	zhan:shi	n.	tiempo de guerra
免费软件	mian:fei:ruan:jian	n.	freeware
悲	bei	adj.	triste
供给	gong:ji	v.	suministrar
缴费	jiao:fei	v.	pagar cuotas
竞争对手	jing:zheng:dui:shou	n.	competidor
日后	ri:hou	n.	en el futuro
股市	gu:shi	n.	mercado bursátil
新农村建设	xin:nong:cun:jian:she	n.	construcción rural nueva
表彰	biao:zhang	v.	condecorar
字数	zi:shu	n.	número de palabras
短短	duan:duan	adj.	breve
丈	zhang	mw.	zhang
当场	dang:chang	adv.	en el acto
漏洞	lou:dong	n.	escaparate
全职	quan:zhi	adj.	a tiempo completo
电机	dian:ji	n.	motor eléctrico
用力	yong:li	adv.	con fuerza
副主席	fu:zhu:xi	n.	vicepresidente
门户	men:hu	n.	puerta
门户	men:hu	n.	portal
身材	shen:cai	n.	figura
来信	lai:xin	n.	carta
完美的	wan:mei:de	adj.	perfecto
收回	shou:hui	v.	recuperar
组长	zu:zhang	n.	líder de grupo
侵犯版权	qin:fan:ban:quan	v.	infringir derechos de autor
桂林	gui:lin	n.	Guilin
载体	zai:ti	n.	portador
违规	wei:gui	v.	infringir normas
市场占有率	shi:chang:zhan:you:lv	n.	cuota de mercado
样式	yang:shi	n.	estilo
样式	yang:shi	n.	patrón
生气	sheng:qi	v.	enfadarse
牌	pai	n.	placa
牌	pai	n.	marca
身体健康	shen:ti:jian:kang	adj.	sano
奇迹	qi:ji	n.	milagro
大楼	da:lou	n.	edificio
月薪	yue:xin	n.	salario mensual
国王	guo:wang	n.	rey
降	jiang	v.	bajar
降	jiang	v.	reducir
降	xiang	v.	rendirse
弟弟	di:di	n.	hermano menor
要么	yao:me	conj.	o
恶意	e:yi	n.	maldad
陷入	xian:ru	v.	hundirse
气象	qi:xiang	n.	meteorología
走过	zou:guo	v.	pasar
颜	yan	n.	cara
立体	li:ti	adj.	tridimensional
劳	lao	v.	trabajar
语句	yu:ju	n.	frase
偏	pian	adv.	fundamentalmente
党组	dang:zu	n.	grupo del partido
本土	ben:tu	n.	suelo nativo
省	sheng	v.	ahorrar
过后	guo:hou	adv.	más después
糊	hu	v.	pegar
馆	guan	n.	pabellón
下一步	xia:yi:bu	n.	siguiente paso
控制器	kong:zhi:qi	n.	controlador
烧	shao	v.	quemar
身影	shen:ying	n.	figura
暴力	bao:li	n.	violencia
谓	wei	v.	llamar
起诉	qi:su	v.	demandar
财	cai	n.	riqueza
舰	jian	n.	buque de guerra
谈话	tan:hua	v.	hablar
沙发	sha:fa	n.	sofá
花费	hua:fei	v.	gastar
慢性	man:xing	adj.	crónico
制造商	zhi:zao:shang	n.	fabricante
时光	shi:guang	n.	tiempo
说出	shuo:chu	v.	decir
眼里	yan:li	n.	en los ojos
被动	bei:dong	adj.	pasivo
假设	jia:she	v.	suponer
选拔	xuan:ba	v.	seleccionar
汗	han	n.	sudor
奈	nai	v.	soportar
指使	zhi:shi	v.	instigar
起点	qi:dian	n.	punto de partida
操	cao	v.	joder
贿赂	hui:lu	n.	soborno
应付	ying:fu	v.	arreglárselas
葡萄	pu:tao	n.	uva
联络	lian:luo	v.	contactar
法定	fa:ding	adj.	legal
众生	zhong:sheng	n.	todos los seres vivientes
第十一条	di:shi:yi:tiao	num.	artículo 11
珍惜	zhen:xi	v.	atestiguar
分解	fen:jie	v.	descomponer
经济学	jing:ji:xue	n.	economía
评级	ping:ji	n.	calificación
主办单位	zhu:ban:dan:wei	n.	organizador
档次	dang:ci	n.	nivel
强的	qiang:de	adj.	fuerte
中国企业	zhong:guo:qi:ye	n.	empresa china
虚拟主机	xu:ni:zhu:ji	n.	alojamiento virtual
周年	zhou:nian	n.	Aniversário
盲目	mang:mu	adj.	fundamentfle
邮政	you:zheng	n.	servicio postal
答应	da:ying	v.	prometer
增值	zeng:zhi	v.	apreciarse
特有	te:you	adj.	propio
版块	ban:kuai	n.	sección
首选	shou:xuan	n.	primera elección
幅度	fu:du	n.	amplitud
迹	ji	n.	huella
给自己	gei:zi:ji	v.	darse a sí mismo
更快	geng:kuai	adv.	más rápido
现已	xian:yi	adv.	ahora ya
不利	bu:li	adj.	desfavorable
司法	si:fa	n.	justicia
尸	shi	n.	cadáver
悄	qiao	adj.	quieto
对策	dui:ce	n.	contramedida
到现在	dao:xian:zai	adv.	hasta ahora
到现在	dao:xian:zai	v.	llegar hasta ahora
西北	xi:bei	n.	noroeste
对付	dui:fu	v.	lidiar con
可以让	ke:yi:rang	v.	poder dejar
非洲	fei:zhou	n.	África
公司简介	gong:si:jian:jie	n.	perfil de la empresa
受伤	shou:shang	v.	lesionarse
成都市	cheng:du:shi	n.	Chengdu
一会	yi:hui	n.	un rato
通过了	tong:guo:le	v.	pasado
该企业	gai:qi:ye	n.	esta empresa
做得	zuo:de	v.	hacer bien
伟大的	wei:da:de	adj.	gran
少量	shao:liang	adj.	poca cantidad
古老	gu:lao	adj.	antiguo
为基础	wei:ji:chu	v.	basar en
航空公司	hang:kong:gong:si	n.	línea aérea
著作	zhu:zuo	n.	obra
能不能	neng:bu:neng	v.	poder o no
残	can	adj.	incompleto
缩小	suo:xiao	v.	reducir
严肃	yan:su	adj.	serio
欢乐	huan:le	adj.	alegre
后悔	hou:hui	v.	arrepentirse
协作	xie:zuo	v.	colaborar
不代表	bu:dai:biao	v.	no representar
尖	jian	adj.	afilado
南昌	nan:chang	n.	Nanchang
鲁	lu	n.	Lu
工业化	gong:ye:hua	v.	industrializarse
锋	feng	n.	filo
专业技术	zhuan:ye:ji:shu	n.	tecnología profesional
共享版	gong:xiang:ban	n.	Versión compartida
在使用	zai:shi:yong	v.	estar usando
大中小	da:zhong:xiao	n.	grande, mediano y pequeño
讲述	jiang:shu	v.	narrar
以致	yi:zhi	conj.	de modo que
圈	quan	n.	círculo
外出	wai:chu	v.	salir
首都	shou:du	n.	capital
腐败	fu:bai	n.	corrupción
腐败	fu:bai	adj.	corrupto
撰写	zhuan:xie	v.	redactar
详细介绍	xiang:xi:jie:shao	n.	introducción detallada
客房	ke:fang	n.	habitación
加油站	jia:you:zhan	n.	gasolinera
争执	zheng:zhi	n.	disputa
房地产开发	fang:di:chan:kai:fa	n.	uses
业余	ye:yu	adj.	aficionado
业余	ye:yu	n.	ocio
按规定	an:gui:ding	prep.	conforme a las normas
车站	che:zhan	n.	estación
工作室	gong:zuo:shi	n.	estudio
前者	qian:zhe	n.	el primero
嘉宾	jia:bin	n.	invitado de honor
典型的	dian:xing:de	adj.	típico
无底线	wu:di:xian	adj.	sin límites
自然的	zi:ran:de	adj.	natural
油	you	n.	aceite
入学	ru:xue	v.	matricularse
入学	ru:xue	n.	ingreso
冲动	chong:dong	n.	impulso
冲动	chong:dong	adj.	impulsivo
怪物	guai:wu	n.	monstruo
苏联	su:lian	n.	Unión Soviética
不肯	bu:ken	v.	no querer
甘肃	gan:su	n.	Gansu
项	xiang	mw.	(clasificador)
信用卡	xin:yong:ka	n.	tarjeta de crédito
撞	zhuang	v.	chocar
瞬	shun	n.	instante
管理机构	guan:li:ji:gou	n.	organismo de gestión
日语	ri:yu	n.	japonés
统筹	tong:chou	v.	coordinar
排放	pai:fang	n.	emisión
排放	pai:fang	v.	descargar
无聊	wu:liao	adj.	aburrido
招商引资	zhao:shang:yin:zi	v.	atraer inversión
龙头	long:tou	n.	cabeza de dragón
龙头	long:tou	n.	grifo
组委会	zu:wei:hui	n.	comité organizador
忆	yi	v.	recordar
注入	zhu:ru	v.	inyectar
悄悄	qiao:qiao	adv.	en silencio
部分的	bu:fen:de	adj.	parcial
盖	gai	v.	cubrir
制作的	zhi:zuo:de	adj.	hecho
欢迎光临	huan:ying:guang:lin	int.	bienvenido
名人	ming:ren	n.	famoso
帝国	di:guo	n.	imperio
浓度	nong:du	n.	concentración
稿件	gao:jian	n.	manuscrito
自定义	zi:ding:yi	n.	personalización
自定义	zi:ding:yi	adj.	personalizado
认知	ren:zhi	n.	cognición
认知	ren:zhi	v.	reconocer
知名度	zhi:ming:du	n.	fama
网通	wang:tong	n.	China Netcom
难点	nan:dian	n.	punto difícil
尤	you	adv.	especialmente
股价	gu:jia	n.	precio de la acción
海拔	hai:ba	n.	altitud
码头	ma:tou	n.	muelle
越来越多	yue:lai:yue:duo	adj.	cada vez más
本单位	ben:dan:wei	n.	esta organización
资深	zi:shen	adj.	experimentado
血管	xue:guan	n.	vaso sanguíneo
厉害	li:hai	adj.	terrible
厉害	li:hai	adj.	increíble
代价	dai:jia	n.	precio
义气	yi:qi	n.	lealtad
这么多	zhe:me:duo	pron.	tanto
深受	shen:shou	adv.	profundamente
徒	tu	n.	discípulo
一脸	yi:lian	n.	cara llena
头上	tou:shang	n.	sobre la cabeza
空白	kong:bai	n.	blanco
空白	kong:bai	adj.	en blanco
点击次数	dian:ji:ci:shu	n.	número de clics
大规模	da:gui:mo	adj.	a gran escala
此事	ci:shi	n.	este asunto
乡	xiang	n.	campo
乡	xiang	n.	Gemeinde
商务部	shang:wu:bu	n.	ministerio de Comercio
专卖店	zhuan:mai:dian	n.	tienda especializada
人文	ren:wen	n.	humanidades
用水	yong:shui	n.	uso del agua
颗粒	ke:li	n.	grano
保管	bao:guan	v.	guardia
保管	bao:guan	v.	guardar
概	gai	adv.	en general
百年	bai:nian	n.	siglo
相关文章	xiang:guan:wen:zhang	n.	artículo relacionado
政府采购	zheng:fu:cai:gou	n.	compras públicas
黑客	hei:ke	n.	hacker
钢铁	gang:tie	n.	acero
越南	yue:nan	n.	Vietnam
人民群众	ren:min:qun:zhong	n.	masas populares
尊敬	zun:jing	v.	respetar
叫到	jiao:dao	v.	llamar
密度	mi:du	n.	densidad
乐队	yue:dui	n.	banda
户	hu	mw.	hogar
医疗器械	yi:liao:qi:xie	n.	dispositivo médico
转型	zhuan:xing	n.	transformación
转型	zhuan:xing	v.	transformarse
系列产品	xi:lie:chan:pin	n.	productos de la serie
追究	zhui:jiu	v.	persiguir
棉花	mian:hua	n.	algodón
变形	bian:xing	v.	deformarse
热心	re:xin	adj.	entusiasta
点数	dian:shu	n.	puntuación
荡	dang	v.	meecer
那边	na:bian	n.	allí
查阅	cha:yue	v.	consultar
地铁	di:tie	n.	metro
老子	lao:zi	n.	Laozi
老子	lao:zi	pron.	yo
职权	zhi:quan	n.	atribuciones
病情	bing:qing	n.	estado del paciente
一月	yi:yue	n.	enero
素质教育	su:zhi:jiao:yu	n.	educación integral
场面	chang:mian	n.	escena
迎接	ying:jie	v.	recibir
派出所	pai:chu:suo	n.	comisaría
得多	de:duo	adv.	mucho
脸色	lian:se	n.	cara
正版	zheng:ban	n.	edición oficial
教育教学	jiao:yu:jiao:xue	n.	enseñanza
艺	yi	n.	arte
增	zeng	v.	aumentar
副本	fu:ben	n.	copia
外形	wai:xing	n.	aspecto
导入	dao:ru	v.	importar
大豆	da:dou	n.	soja
祖	zu	n.	antepasado
一个个	yi:ge:ge	adv.	uno a uno
个人意见	ge:ren:yi:jian	n.	opinión personal
欧元	ou:yuan	n.	euro
利率	li:lv	n.	tipo de interés
汉字	han:zi	n.	carácter chino
单词	dan:ci	n.	palabra
激活	ji:huo	v.	activar
被称为	bei:cheng:wei	v.	ser llamado
眼镜	yan:jing	n.	gafas
以人为本	yi:ren:wei:ben	adj.	centrado en las personas
你自己	ni:zi:ji	pron.	tú mismo
购房	gou:fang	v.	comprar vivienda
侵权	qin:quan	v.	violar derechos
困	kun	adj.	soñoliento
困	kun	v.	estar atrapado
殿	dian	n.	palacio
过度	guo:du	adj.	excesivo
对照	dui:zhao	v.	comparar
对照	dui:zhao	n.	contraste
秘书长	mi:shu:zhang	n.	secretario general
迅	xun	n.	Xun
横	heng	adj.	horizontal
范	fan	n.	Fan
伙伴	huo:ban	n.	compañero
价位	jia:wei	n.	nivel de precio
佛山	fo:shan	n.	Foshan
孔子	kong:zi	n.	Confucio
可怕	ke:pa	adj.	temible
奥运会	ao:yun:hui	n.	Juegos Olímpicos
侠客	xia:ke	n.	caballero errante
概述	gai:shu	v.	resumir
概述	gai:shu	n.	resumen
一代	yi:dai	n.	generación
人为	ren:wei	adj.	artificial
说明书	shuo:ming:shu	n.	manual
回帖	hui:tie	v.	responder a una publicación
回帖	hui:tie	n.	respuesta
单价	dan:jia	n.	precio unitario
遗憾	yi:han	adj.	lamentable
遗憾	yi:han	n.	lamentación
脱离	tuo:li	v.	desvincularse
口味	kou:wei	n.	sabor
耳朵	er:duo	n.	oreja
健康发展	jian:kang:fa:zhan	n.	desarrollo saludable
生育	sheng:yu	v.	dar a luz
此刻	ci:ke	n.	este momento
细菌	xi:jun	n.	bacteria
律	lv	n.	ley
朝鲜	chao:xian	n.	Corea del Norte
录像	lu:xiang	v.	grabar video
录像	lu:xiang	n.	grabación
高低	gao:di	n.	altura
高低	gao:di	adv.	diferencia
山水	shan:shui	n.	paisaje
门	men	n.	puerta
门	men	mw.	asignatura
番	fan	mw.	vez
纪律	ji:lv	n.	disciplina
只不过	zhi:bu:guo	adv.	solamente
国有资产	guo:you:zi:chan	n.	activos estatales
失望	shi:wang	v.	estar decepcionado
失望	shi:wang	n.	decepción
业内人士	ye:nei:ren:shi	n.	experto del sector
夜晚	ye:wan	n.	noche
选中	xuan:zhong	v.	seleccionar
月亮	yue:liang	n.	luna
主营	zhu:ying	v.	dedicarse principalmente a
遭到	zao:dao	v.	sufrir
第三方	di:san:fang	n.	tercero
辽宁省	liao:ning:sheng	n.	provincia de Liaoning
企	qi	v.	esperar
惨	can	adj.	trágico
限	xian	v.	limitar
限	xian	n.	límite
样板	yang:ban	n.	modelo
沉默	chen:mo	adj.	silencioso
信念	xin:nian	n.	creencia
喝酒	he:jiu	v.	beber alcohol
回顾	hui:gu	v.	repasar
回顾	hui:gu	n.	repaso
联通	lian:tong	v.	interconectar
教育局	jiao:yu:ju	n.	consejería de educación
聚	ju	v.	reunirse
福利	fu:li	n.	bienestar
福利	fu:li	n.	prestación
含	han	v.	contener
含	han	v.	tener en la boca
顶级	ding:ji	adj.	de primera
集合	ji:he	v.	reunirse
集合	ji:he	n.	conjunto
笑点	xiao:dian	n.	punto cómico
弹出	tan:chu	v.	surgir
弹出	tan:chu	v.	expulsar
内衣	nei:yi	n.	ropa interior
户口	hu:kou	n.	registro de hogar
随即	sui:ji	adv.	inmediatamente
中路	zhong:lu	n.	carril central
唱片	chang:pian	n.	disco
音响	yin:xiang	n.	equipo de sonido
高压	gao:ya	n.	alta presión
第十三条	di:shi:san:tiao	num.	artículo 13
考研	kao:yan	v.	preparar el examen de posgrado
自行车	zi:xing:che	n.	bicicleta
忍不住	ren:bu:zhu	v.	no poder evitar
出国	chu:guo	v.	salir al extranjero
经营管理	jing:ying:guan:li	n.	gestión empresarial
凭	ping	prep.	basándose en
凭	ping	v.	confiar
公交	gong:jiao	n.	transporte público
摄像头	she:xiang:tou	n.	cámara
右手	you:shou	n.	mano derecha
姿势	zi:shi	n.	postura
户型	hu:xing	n.	distribución de la vivienda
媒介	mei:jie	n.	medio
精选	jing:xuan	v.	seleccionar
精选	jing:xuan	n.	selección
清华大学	qing:hua:da:xue	n.	Universidad Tsinghua
网卡	wang:ka	n.	tarjeta de red
剧	ju	n.	drama
回复日期	hui:fu:ri:qi	n.	fecha de respuesta
模糊	mo:hu	adj.	vago
模糊	mo:hu	v.	difuminarse
用法	yong:fa	n.	uso
许多人	xu:duo:ren	n.	mucha gente
瑞士	rui:shi	n.	Suiza
视野	shi:ye	n.	campo visual
视野	shi:ye	n.	horizonte
服务热线	fu:wu:re:xian	n.	línea de atención
任何一个	ren:he:yi:ge	pron.	cualquiera
牺牲	xi:sheng	v.	sacrificar
牺牲	xi:sheng	n.	sacrificio
如果说	ru:guo:shuo	conj.	si se dice
充分的	chong:fen:de	adj.	suficiente
巴西	ba:xi	n.	Brasil
平稳	ping:wen	adj.	estable
碎	sui	adj.	roto
碎	sui	v.	hacerse añicos
调试	tiao:shi	v.	depurar
调试	tiao:shi	v.	ajustar
商品价格	shang:pin:jia:ge	n.	precio de los productos
手上	shou:shang	n.	en la mano
爷爷	ye:ye	n.	abuelo
先锋	xian:feng	n.	pionero
市长	shi:zhang	n.	alcalde
本站原创	ben:zhan:yuan:chuang	n.	contenido original del sitio
多大	duo:da	adj.	qué tan grande
一幅	yi:fu	num.	uno (de cuadros)
躺	tang	v.	acostarse
美观	mei:guan	adj.	bonito
西南	xi:nan	n.	suroeste
什么呢	shen:me:ne	part.	qué (partícula)
敏感	min:gan	adj.	sensible
缘	yuan	n.	borde
笔记本电脑	bi:ji:ben:dian:nao	n.	ordenador portátil
第六章	di:liu:zhang	n.	capítulo seis
色情	se:qing	n.	pornografía
天然气	tian:ran:qi	n.	gas natural
光线	guang:xian	n.	luz
凉	liang	adj.	fresco
网络游戏	wang:luo:you:xi	n.	juego en línea
阴道	yin:dao	n.	vagina
华人	hua:ren	n.	chino de ultramar
汇总	hui:zong	v.	resumir
立方米	li:fang:mi	mw.	metro cúbico
联合国	lian:he:guo	n.	Naciones Unidas
处在	chu:zai	v.	estar en
人力	ren:li	n.	mano de obra
打破	da:po	v.	romper
伟大	wei:da	adj.	grandioso
亲切	qin:qie	adj.	amable
共计	gong:ji	v.	sumar
织	zhi	v.	tejer
抢	qiang	v.	arrebatar
泉州	quan:zhou	n.	Quanzhou
垂直	chui:zhi	adj.	vertical
圣诞	sheng:dan	n.	Navidad
犹如	you:ru	v.	ser como
预	yu	v.	pre-
加热	jia:re	v.	calentar
太平洋	tai:ping:yang	n.	océano Pacífico
超出	chao:chu	v.	exceder
保修	bao:xiu	v.	garantía
工程建设	gong:cheng:jian:she	n.	construcción de obras
沈	shen	n.	Shen (apellido)
扬州	yang:zhou	n.	Yangzhou
木材	mu:cai	n.	madera
替	ti	prep.	por
嘴里	zui:li	n.	en la boca
孔	kong	n.	agujero
放下	fang:xia	v.	dejar
荷兰	he:lan	n.	Países Bajos
申请表	shen:qing:biao	n.	formulario de solicitud
批	pi	mw.	lote
批	pi	v.	criticar
不喜欢	bu:xi:huan	v.	no gustar
回归	hui:gui	v.	volver
兼容	jian:rong	adj.	compatible
社团	she:tuan	n.	assocación
这一切	zhe:yi:qie	pron.	todo
相结合的	xiang:jie:he:de	v.	combinado
必将	bi:jiang	adv.	seguramente
本品	ben:pin	n.	este producto
康	kang	adj.	sano
被评为	bei:ping:wei	v.	bewertet werden
惑	huo	n.	confusión
吸引了	xi:yin:le	v.	atrajo
目的地	mu:di:di	n.	destino
夏季	xia:ji	n.	verano
电话号码	dian:hua:hao:ma	n.	número de teléfono
园林	yuan:lin	n.	jardín
打工	da:gong	v.	trabajar
唯	wei	adv.	solamente
要比	yao:bi	v.	comparar
对她	dui:ta	prep.	a ella
这场	zhe:chang	mw.	este
率	lv	n.	tasa
年级	nian:ji	n.	grado
独家	du:jia	adj.	exclusivo
纯属	chun:shu	v.	puramente
会出现	hui:chu:xian	v.	aparecerá
凤凰	feng:huang	n.	fénix
工作日内	gong:zuo:ri:nei	n.	dentro de días hábiles
各方面	ge:fang:mian	n.	todos los aspectos
他认为	ta:ren:wei	v.	él cree
强劲	qiang:jing	adj.	poderoso
巴黎	ba:li	n.	París
原文	yuan:wen	n.	texto original
第十四条	di:shi:si:tiao	num.	artículo 14
房源	fang:yuan	n.	oferta de viviendas
两集	liang:ji	num.	dos episodios
人大	ren:da	n.	Asamblea Popular Nacional
跑到	pao:dao	v.	a correr hasta
发现的	fa:xian:de	v.	descubierto
惯	guan	v.	acostumbrar
有期徒刑	you:qi:tu:xing	n.	prisión
决定了	jue:ding:le	v.	decidió
培养学生	pei:yang:xue:sheng	v.	formar estudiantes
是想	shi:xiang	v.	tener la intención
将成为	jiang:cheng:wei	v.	llegará a ser
柠檬	ning:meng	n.	limón
补助	bu:zhu	n.	subsidio
这件事	zhe:jian:shi	n.	este asunto
博览会	bo:lan:hui	n.	exposición
为止	wei:zhi	adv.	hasta
女友	nv:you	n.	novia
想着	xiang:zhe	v.	seguir pensando
概括	gai:kuo	v.	resumir
调解	tiao:jie	v.	mediar
月内	yue:nei	n.	dentro del mes
写出	xie:chu	v.	escribir
微微	wei:wei	adv.	ligeramente
封闭	feng:bi	v.	cerrar
日报	ri:bao	n.	periódico diario
少数民族	shao:shu:min:zu	n.	minoría étnica
就必须	jiu:bi:xu	adv.	entonces hay que
柔软	rou:ruan	adj.	blando
养成	yang:cheng	v.	cultivar
登	deng	v.	escalar
求职者	qiu:zhi:zhe	n.	buscardor de empleo
占地	zhan:di	v.	ocupar una superficie
一处	yi:chu	num.	un lugar
摩托罗拉	mo:tuo:luo:la	n.	Motorola
队长	dui:zhang	n.	capitán
遭受	zao:shou	v.	sufrir
年度报告	nian:du:bao:gao	n.	informe anual
消灭	xiao:mie	v.	eliminar
互	hu	adv.	mutuamente
教训	jiao:xun	n.	lección
教训	jiao:xun	v.	dar una lección
项目管理	xiang:mu:guan:li	n.	gestión de proyectos
挑选	tiao:xuan	v.	elegir
显示屏	xian:shi:ping	n.	pantalla
风云	feng:yun	n.	vientos y nubes
风云	feng:yun	n.	situación turbulenta
乐园	le:yuan	n.	paraíso
三等奖	san:deng:jiang	n.	tercer premio
盯	ding	v.	mirar fijamente
公益	gong:yi	n.	bienestar público
球迷	qiu:mi	n.	aficionado
并购	bing:gou	n.	fusión y adquisición
并购	bing:gou	v.	adquirir
稍	shao	adv.	ligeramente
宣	xuan	v.	declarar
唱	chang	v.	cantar
诚	cheng	adj.	sincero
隐身	yin:shen	v.	volverse invisible
注册商标	zhu:ce:shang:biao	n.	marca registrada
剩	sheng	v.	quedar
刷新	shua:xin	v.	actualizar
咬	yao	v.	morder
育	yu	v.	criar
最大限度	zui:da:xian:du	n.	máximo
冰箱	bing:xiang	n.	nevera
水库	shui:ku	n.	embalse
保安	bao:an	n.	vigilante
发展规划	fa:zhan:gui:hua	n.	plan de desarrollo
诸	zhu	adj.	todos
有钱	you:qian	adj.	rico
我去	wo:qu	int.	¡caray!
态势	tai:shi	n.	situación
名片	ming:pian	n.	tarjeta de visita
电动	dian:dong	adj.	eléctrico
公元	gong:yuan	n.	nuestra era
二等奖	er:deng:jiang	n.	segundo premio
截止	jie:zhi	v.	terminar
访客	fang:ke	n.	visitante
传送	chuan:song	v.	transmitir
夫妇	fu:fu	n.	matrimonio
怀孕	huai:yun	v.	estar embarazada
转贴	zhuan:tie	v.	republicar
到处	dao:chu	adv.	en todas partes
香蕉	xiang:jiao	n.	plátano
触	chu	v.	tocar
晨	chen	n.	mañana
疼	teng	adj.	doloroso
漫	man	adj.	desbordado
风采	feng:cai	n.	garbo
产值	chan:zhi	n.	valor de producción
对话框	dui:hua:kuang	n.	cuadro de diálogo
电气	dian:qi	n.	electricidad
切换	qie:huan	v.	conmutar
贯彻落实	guan:che:luo:shi	v.	implementar
列车	lie:che	n.	tren
材	cai	n.	material
机房	ji:fang	n.	sala de máquinas
靠近	kao:jin	v.	acercarse
模样	mu:yang	n.	apariencia
年版	nian:ban	n.	edición anual
关怀	guan:huai	v.	preocuparse por
充实	chong:shi	adj.	sustancioso
招收	zhao:shou	v.	reclutar
老年	lao:nian	n.	vejez
补	bu	v.	reparar
私	si	adj.	privado
吐	tu	v.	vomitar
长安	chang:an	n.	Chang'an
大批	da:pi	n.	gran cantidad
传染病	chuan:ran:bing	n.	enfermedad infecciosa
纯	chun	adj.	puro
隐患	yin:huan	n.	peligro latente
艾	ai	n.	ajenjo
疗效	liao:xiao	n.	eficacia terapéutica
本期	ben:qi	n.	período actual
北京大学	bei:jing:da:xue	n.	Universidad de Pekín
讲究	jiang:jiu	v.	poner esmero
恋人	lian:ren	n.	amante
贝	bei	n.	concha
香水	xiang:shui	n.	perfume
中小	zhong:xiao	adj.	mediano y pequeño
谷	gu	n.	valle
不一定	bu:yi:ding	adv.	no necesariamente
庭	ting	n.	patio
录用	lu:yong	v.	contratar
录用	lu:yong	n.	contratación
胶囊	jiao:nang	n.	cápsula
挡	dang	v.	bloquear
挡	dang	v.	repeler
分成	fen:cheng	v.	dividir
疾病的	ji:bing:de	n.	de enfermedad
势力	shi:li	n.	fuerza
势力	shi:li	n.	influencia
一双	yi:shuang	num.	un par
最具	zui:ju	v.	tener el mayor
不能下载	bu:neng:xia:zai	v.	no poder descargar
南北	nan:bei	n.	norte y sur
控件	kong:jian	n.	widget
控件	kong:jian	n.	control
一口气	yi:kou:qi	adv.	de un tirón
平静	ping:jing	adj.	tranquilo
平静	ping:jing	adj.	pacífico
抵达	di:da	v.	llegar
一直使用	yi:zhi:shi:yong	v.	usar siempre
此处	ci:chu	pron.	aquí
套装	tao:zhuang	n.	conjunto
套装	tao:zhuang	n.	juego
晃	huang	v.	sacudir
晃	huang	v.	balancearse
吉	ji	adj.	afortunado
希望大家	xi:wang:da:jia	v.	esperar que todos
写了	xie:le	v.	escrito
一直是	yi:zhi:shi	v.	siempre ha sido
一向	yi:xiang	adv.	siempre
乳房	ru:fang	n.	seno
网游	wang:you	n.	juego en línea
可靠性	ke:kao:xing	n.	fiabilidad
但是在	dan:shi:zai	conj.	pero en
与社会	yu:she:hui	prep.	con la sociedad
我还是	wo:hai:shi	pron.	yo todavía
赢得了	ying:de:le	v.	ganado
建立起	jian:li:qi	v.	establecer
真理	zhen:li	n.	verdad
中外	zhong:wai	n.	China y el extranjero
线条	xian:tiao	n.	línea
线条	xian:tiao	n.	trazo
睡眠	shui:mian	n.	sueño
凌晨	ling:chen	n.	madrugada
素材	su:cai	n.	material
影子	ying:zi	n.	sombra
低价	di:jia	n.	precio bajo
可以根据	ke:yi:gen:ju	v.	poder basarse en
大力发展	da:li:fa:zhan	v.	desarrollar enérgicamente
分页	fen:ye	n.	paginación
分页	fen:ye	v.	paginar
要对	yao:dui	v.	debe ser correcto
一般来说	yi:ban:lai:shuo	adv.	generalmente hablando
从小	cong:xiao	adv.	desde niño
大全	da:quan	n.	compilación
行政管理	xing:zheng:guan:li	n.	gestión administrativa
销售额	xiao:shou:e	n.	ventas
极限	ji:xian	n.	límite
再就业	zai:jiu:ye	n.	reempleo
吹	chui	v.	soplar
吹	chui	v.	presumir
购物车	gou:wu:che	n.	carrito
康复	kang:fu	v.	recuperarse
平常	ping:chang	adj.	ordinario
平常	ping:chang	adv.	habitualmente
等内容	deng:nei:rong	n.	etc. contenidos
欺骗	qi:pian	v.	engañar
看上去	kan:shang:qu	v.	parecer
谨慎	jin:shen	adj.	prudento
也许是	ye:xu:shi	adv.	quizás es
到我	dao:wo	v.	llegar a mí
各有	ge:you	v.	cada uno tener
社会保险	she:hui:bao:xian	n.	seguridad social
有益	you:yi	adj.	beneficioso
蛋白	dan:bai	n.	proteína
这点	zhe:dian	pron.	este poco
特长	te:chang	n.	especialidad
家伙	jia:huo	n.	tipo
几十	ji:shi	num.	descenas
一带	yi:dai	n.	zona
快乐的	kuai:le:de	adj.	feliz
数值	shu:zhi	n.	valor numérico
残疾	can:ji	n.	discapacidad
震撼	zhen:han	v.	conmover
书写	shu:xie	v.	escribir
督促	du:cu	v.	instar
磁盘	ci:pan	n.	disco
雅虎	ya:hu	n.	Yahoo
提示信息	ti:shi:xin:xi	n.	mensaje de aviso
搭建	da:jian	v.	construir
防水	fang:shui	adj.	impermeable
防水	fang:shui	v.	repeler el agua
仇	chou	n.	odio
凝	ning	v.	coagular
企业名称	qi:ye:ming:cheng	n.	nombre de empresa
天生	tian:sheng	adj.	innato
天生	tian:sheng	adv.	por naturaleza
修理	xiu:li	v.	reparar
新版	xin:ban	n.	nueva edición
均衡	jun:heng	adj.	equilibrado
均衡	jun:heng	n.	equilibrio
着力	zhuo:li	v.	esforzarse
鼓	gu	n.	tambor
鼓	gu	v.	tocar
轴承	zhou:cheng	n.	rodamiento
农	nong	n.	agricultura
游泳	you:yong	v.	nadar
游泳	you:yong	n.	natación
进度	jin:du	n.	avance
和尚	he:shang	n.	monje
南京市	nan:jing:shi	n.	Nankín
中原	zhong:yuan	n.	llanura central
席	xi	n.	asiento
席	xi	mw.	clasificador de banquetes
声望	sheng:wang	n.	prestigio
票价	piao:jia	n.	precio del billete
这儿	zhe:er	pron.	aquí
征	zheng	v.	recaudar
征	zheng	v.	hacer una expedición
这家	zhe:jia	pron.	esta tienda
新品	xin:pin	n.	producto nuevo
帅	shuai	adj.	guapo
帅	shuai	n.	comandante
名录	ming:lu	n.	directorio
当成	dang:cheng	v.	considerar
取代	qu:dai	v.	sustituir
山西省	shan:xi:sheng	n.	provincia de Shanxi
汉语	han:yu	n.	chino
一开始	yi:kai:shi	adv.	al principio
主营产品	zhu:ying:chan:pin	n.	productos principales
崛起	jue:qi	v.	ascender
附	fu	v.	adjuntar
淀粉	dian:fen	n.	almidón
行业协会	hang:ye:xie:hui	n.	asociación gremial
思念	si:nian	v.	extrañar
地方政府	di:fang:zheng:fu	n.	Los Angeles
第五	di:wu	num.	quinto
开口	kai:kou	v.	abrir la boca
多万	duo:wan	num.	más de diez mil
缺	que	v.	faltar
准则	zhun:ze	n.	norma
准则	zhun:ze	n.	directriz
降价	jiang:jia	v.	bajar el precio
脚步	jiao:bu	n.	paso
杀手	sha:shou	n.	asesino
厚度	hou:du	n.	grosor
两岸	liang:an	n.	ambas orillas
展出	zhan:chu	v.	exhibir
注册资本	zhu:ce:zi:ben	n.	capital registrado
细腻	xi:ni	adj.	fino
塞	sai	v.	tapar
时机	shi:ji	n.	oportunidad
延续	yan:xu	v.	continuar
邮局	you:ju	n.	oficina de correos
当今	dang:jin	n.	actualmente
愤怒	fen:nu	adj.	furioso
愤怒	fen:nu	n.	furia
钥匙	yao:shi	n.	llave
豪	hao	adj.	heroico
公式	gong:shi	n.	fórmula
介入	jie:ru	v.	intervenir
单身	dan:shen	n.	soltero
武功	wu:gong	n.	hazaña marcial
经营范围	jing:ying:fan:wei	n.	ámbito de negocio
科普	ke:pu	n.	divulgación científica
不服	bu:fu	v.	no aceptar
常务委员会	chang:wu:wei:yuan:hui	n.	comité permanente
税务	shui:wu	n.	fiscalidad
宁夏	ning:xia	n.	Ningxia
不容易	bu:rong:yi	adj.	no fácil
一辈子	yi:bei:zi	n.	toda la vida
两名	liang:ming	mw.	dos (personas)
奶奶	nai:nai	n.	abuela
用心	yong:xin	v.	esmerarse
用心	yong:xin	n.	intención
对了	dui:le	int.	por cierto
指导思想	zhi:dao:si:xiang	n.	ideología rectora
隔离	ge:li	v.	aislar
清算	qing:suan	v.	liquidar
本届	ben:jie	n.	actual
亦	yi	adv.	también
法师	fa:shi	n.	maestro
批发价	pi:fa:jia	n.	precio al por mayor
不像	bu:xiang	v.	no parecerse
远远	yuan:yuan	adv.	farle
征求	zheng:qiu	v.	solicitar
变为	bian:wei	v.	volverse
杜	du	n.	Du (apellido)
公顷	gong:qing	mw.	hectárea
华夏	hua:xia	n.	Huaxia (China)
努	nu	v.	esforzarse
谈到	tan:dao	v.	hablar de
涨幅	zhang:fu	n.	subida
判	pan	v.	juzgar
省份	sheng:fen	n.	provincia
谋	mou	v.	planear
胆	dan	n.	hígado
运费	yun:fei	n.	gastos de envío
财务管理	cai:wu:guan:li	n.	gestión financiera
国际市场	guo:ji:shi:chang	n.	mercado internacional
信息中心	xin:xi:zhong:xin	n.	centro de información
泪水	lei:shui	n.	lágrimas
尘	chen	n.	polvo
途中	tu:zhong	n.	en el camino
成品	cheng:pin	n.	producto terminado
赶快	gan:kuai	adv.	deprisa
看好	kan:hao	v.	ver con buenos ojos
扎	zha	v.	atarse
四十	si:shi	num.	cuarenta
研讨会	yan:tao:hui	n.	seminario
便捷	bian:jie	adj.	conveniente
对抗	dui:kang	v.	enfrentarse
工作日	gong:zuo:ri	n.	día laborable
任职	ren:zhi	v.	ejercer un cargo
同比	tong:bi	adv.	interanual
叶子	ye:zi	n.	hoja
女朋友	nv:peng:you	n.	novia
泡沫	pao:mo	n.	espuma
优惠政策	you:hui:zheng:ce	n.	política preferencial
滚	gun	v.	rodar
决赛	jue:sai	n.	final
草案	cao:an	n.	anteproyecto
没有底	mei:you:di	v.	estar inseguro
行政复议	xing:zheng:fu:yi	n.	revisión administrativa
幸运	xing:yun	adj.	afortunado
关联	guan:lian	n.	relación
详细资料	xiang:xi:zi:liao	n.	información detallada
不怕	bu:pa	v.	no temer
航班	hang:ban	n.	vuelo
酷	ku	adj.	guay
闷	men	adj.	bochornoso
气温	qi:wen	n.	temperatura
迟	chi	adj.	tarde
稳	wen	adj.	estable
翼	yi	n.	ala
中共中央	zhong:gong:zhong:yang	n.	Comité Central del PCCh
第一步	di:yi:bu	n.	primer paso
吸引力	xi:yin:li	n.	atracción
家用	jia:yong	n.	uso doméstico
赞同	zan:tong	v.	aprobar
诺	nuo	v.	prometer
听力	ting:li	n.	capacidad auditiva
交换机	jiao:huan:ji	n.	conmutador
县委	xian:wei	n.	comité del condado
乘客	cheng:ke	n.	pasajero
再度	zai:du	adv.	otra vez
有望	you:wang	adj.	prometedor
闲	xian	adj.	libre
地质	di:zhi	n.	geología
灰	hui	adj.	gris
合约	he:yue	n.	contrato
性爱	xing:ai	n.	sexualidad
城市规划	cheng:shi:gui:hua	n.	planificación urbana
专职	zhuan:zhi	adj.	de dedicación exclusiva
相关评论	xiang:guan:ping:lun	n.	comentarios relacionados
笑话	xiao:hua	n.	chiste
大海	da:hai	n.	mar
大自然	da:zi:ran	n.	naturaleza
伊拉克	yi:la:ke	n.	Irak
句子	ju:zi	n.	frase
朵	duo	mw.	clasificador de flores
干什么	gan:shen:me	v.	qué hacer
概况	gai:kuang	n.	panorama
花卉	hua:hui	n.	flores
适量	shi:liang	adj.	cantidad moderada
幽默	you:mo	adj.	humor
盛	cheng	v.	llenar
盛	sheng	adj.	floreciente
本报讯	ben:bao:xun	n.	noticia de este periódico
孕妇	yun:fu	n.	embarazada
车子	che:zi	n.	coche
求助	qiu:zhu	v.	buscar ayuda
冒险	mao:xian	v.	arriesgar
穿过	chuan:guo	v.	atravesar
不让	bu:rang	v.	no permitir
体检	ti:jian	n.	examen médico
陕西省	shan:xi:sheng	n.	provincia de Shaanxi
不存在	bu:cun:zai	v.	no existir
梁	liang	n.	viga
课时	ke:shi	n.	hora de clase
新华网	xin:hua:wang	n.	Xinhuanet
光芒	guang:mang	n.	radiación
算法	suan:fa	n.	algoritmo
实质	shi:zhi	n.	esencia
大胆	da:dan	adj.	audaz
疲劳	pi:lao	adj.	fatigado
指向	zhi:xiang	v.	señalar
晶	jing	n.	cristal
开户	kai:hu	v.	abrir una cuenta
发射	fa:she	v.	lanzar
盯着	ding:zhe	v.	mirar fijamente
裁决	cai:jue	n.	fallo
裁决	cai:jue	v.	fallar
餐	can	n.	comida
痕迹	hen:ji	n.	huella
网友观点	wang:you:guan:dian	n.	opinión de internautas
过分	guo:fen	adj.	excesivo
从未	cong:wei	adv.	nunca
反思	fan:si	v.	reflexionar
稍微	shao:wei	adv.	ligeramente
二手房	er:shou:fang	n.	vivienda de segunda mano
保全	bao:quan	v.	conservar
使命	shi:ming	n.	misión
一位	yi:wei	mw.	un (persona)
副书记	fu:shu:ji	n.	secretario adjunto
电台	dian:tai	n.	emisora de radio
华丽	hua:li	adj.	magnífico
学分	xue:fen	n.	crédito
出门	chu:men	v.	salir
电子邮箱	dian:zi:you:xiang	n.	correo electrónico
年限	nian:xian	n.	plazo
停车	ting:che	v.	estacionar
海上	hai:shang	n.	en el mar
立足	li:zu	v.	basar
义务教育	yi:wu:jiao:yu	n.	educación obligatoria
注意到	zhu:yi:dao	v.	darse cuenta
抱怨	bao:yuan	v.	quejarse
点映	dian:ying	n.	avance
益达	yi:da	n.	Extra
聘请	pin:qing	v.	contratar
事后	shi:hou	adv.	después de los hechos
爆	bao	v.	explotar
请勿	qing:wu	adv.	por favor no
随之	sui:zhi	adv.	consiguientemente
首批	shou:pi	n.	primer lote
小雨	xiao:yu	n.	lluvia ligera
小雨	xiao:yu	n.	Xiaoyu
性价比	xing:jia:bi	n.	relación calidad-precio
付款方式	fu:kuan:fang:shi	n.	forma de pago
强势	qiang:shi	adj.	dominante
强势	qiang:shi	adj.	fuerte
伦	lun	n.	relación humana
家属	jia:shu	n.	familiar
云南省	yun:nan:sheng	n.	provincia de Yunnan
正义	zheng:yi	n.	justicia
娇	jiao	adj.	delicada
娇	jiao	adj.	mimado
裁定	cai:ding	v.	fallar
裁定	cai:ding	n.	fallo
班子	ban:zi	n.	equipo
南宁	nan:ning	n.	Nanning
辖区	xia:qu	n.	jurisdicción
东部	dong:bu	n.	este
取出	qu:chu	v.	sacar
珍珠	zhen:zhu	n.	perla
退休	tui:xiu	v.	jubilarse
数目	shu:mu	n.	número
侧	ce	n.	lado
侧	ce	v.	inclinarse
称之为	cheng:zhi:wei	v.	llamarlo
炒几个菜	chao:ji:ge:cai	v.	sofreír unos platos
第十六条	di:shi:liu:tiao	n.	artículo 16
仅供	jin:gong	v.	solo para
修建	xiu:jian	v.	construir
告诉我们	gao:su:wo:men	v.	decirnos
星星	xing:xing	n.	estrella
后台	hou:tai	n.	backend
后台	hou:tai	n.	entre bastidores
一类	yi:lei	n.	una clase
出版日期	chu:ban:ri:qi	n.	fecha de publicación
沿着	yan:zhe	prep.	a lo largo de
一体化	yi:ti:hua	n.	integración
愣	leng	v.	atónito
高尔夫	gao:er:fu	n.	golf
军人	jun:ren	n.	militar
极大	ji:da	adj.	enorme
水质	shui:zhi	n.	calidad del agua
按键	an:jian	n.	tecla
节点	jie:dian	n.	nodo
朝阳	chao:yang	n.	sol matutino
朝阳	chao:yang	n.	Chaoyang
朝阳	zhao:yang	n.	Zhaoyang
发病	fa:bing	v.	enfermar
长时间	chang:shi:jian	n.	mucho tiempo
阴茎	yin:jing	n.	pene
加盖	jia:gai	v.	sellar
鼻	bi	n.	nariz
会长	hui:zhang	n.	presidente
力求	li:qiu	v.	esforzarse por
还真	hai:zhen	adv.	de verdad
听取	ting:qu	v.	escuchar
商贸	shang:mao	n.	comercio
责任制	ze:ren:zhi	n.	sistema de responsabilidad
仅有	jin:you	v.	solo tener
安慰	an:wei	v.	consolar
安慰	an:wei	n.	consuelo
三个月	san:ge:yue	n.	tres meses
在市场	zai:shi:chang	n.	en el mercado
奋斗	fen:dou	v.	luchar
进一步加强	jin:yi:bu:jia:qiang	v.	fortalecer aún más
捐赠	juan:zeng	v.	donar
扎实	zha:shi	adv.	sólidamente
北京的	bei:jing:de	n.	de Pekín
比如说	bi:ru:shuo	conj.	por ejemplo
企事业单位	qi:shi:ye:dan:wei	n.	empresas e instituciones
驾驶员	jia:shi:yuan	n.	conductor
直线	zhi:xian	n.	línea recta
亮点	liang:dian	n.	punto destacado
轮	lun	mw.	turno
独自	du:zi	adv.	solo
我所	wo:suo	n.	nuestro instituto
昏	hun	adj.	aturdido
要让	yao:rang	v.	querer dejar
实务	shi:wu	n.	asuntos prácticos
抖	dou	v.	temblar
这些问题	zhe:xie:wen:ti	n.	estos problemas
在哪里	zai:na:li	pron.	dónde
软件语言	ruan:jian:yu:yan	n.	lenguaje de software
性生活	xing:sheng:huo	n.	vida sexual
壮大	zhuang:da	v.	fortalecerse
她不	ta:bu	n.	ella no
卖家	mai:jia	n.	vendedor
不成	bu:cheng	v.	no lograr
人才市场	ren:cai:shi:chang	n.	mercado laboral
届时	jie:shi	adv.	entonces
陷	xian	v.	hundirse
敏	min	adj.	ágil
贴图	tie:tu	n.	imagen publicada
词	ci	n.	palabra
然后再	ran:hou:zai	conj.	y después
元件	yuan:jian	n.	componente
国家规定	guo:jia:gui:ding	n.	normas del Estado
车间	che:jian	n.	taller
聚会	ju:hui	n.	reunión
慌	huang	adj.	aturdido
书中	shu:zhong	n.	en el libro
要不	yao:bu	conj.	de lo contrario
住院	zhu:yuan	v.	estar hospitalizado
我用	wo:yong	n.	yo uso
世间	shi:jian	n.	el mundo
身心	shen:xin	n.	cuerpo y mente
阻碍	zu:ai	v.	obstar
留下了	liu:xia:le	v.	dejó
社会各界	she:hui:ge:jie	n.	todos los sectores sociales
本合同	ben:he:tong	n.	este contrato
笔试	bi:shi	n.	examen escrito
可使	ke:shi	v.	poder hacer
当然是	dang:ran:shi	adv.	por supuesto
人民代表大会	ren:min:dai:biao:da:hui	n.	Asamblea Popular
第一时间	di:yi:shi:jian	n.	inmediatamente
最后更新	zui:hou:geng:xin	n.	última actualización
大幅度	da:fu:du	adv.	en gran medida
高峰	gao:feng	n.	cima
混凝土	hun:ning:tu	n.	hormigón
新世纪	xin:shi:ji	n.	nuevo siglo
还好	hai:hao	adv.	por suerte
周六	zhou:liu	n.	sábado
核定	he:ding	v.	verificar y aprobar
卫生部	wei:sheng:bu	n.	ministerio de Sanidad
失效	shi:xiao	v.	caducar
弥补	mi:bu	v.	compensar
不允许	bu:yun:xu	v.	no permitir
洛阳	luo:yang	n.	Luoyang
天才	tian:cai	n.	genio
愤	fen	adj.	indignado
燃料	ran:liao	n.	combustible
下车	xia:che	v.	bajarse
防火	fang:huo	v.	ignífugo
高新技术	gao:xin:ji:shu	n.	alta tecnología
大奖	da:jiang	n.	gran premio
做成	zuo:cheng	v.	hacer
怜	lian	v.	lamentar
罢了	ba:le	part.	no más
罢了	ba:liao	part.	no más
颤	chan	v.	temblar
过渡	guo:du	v.	transicionar
杀人	sha:ren	v.	matar
涉案	she:an	v.	involucrado en un caso
被保险人	bei:bao:xian:ren	n.	asegurado
振兴	zhen:xing	v.	revitalizar
看不到	kan:bu:dao	v.	no poder ver
赶到	gan:dao	v.	llegar corriendo
郁闷	yu:men	adj.	deprimido
寿命	shou:ming	n.	esperanza de vida
缓慢	huan:man	adj.	lento
试行	shi:xing	v.	poner a prueba
而非	er:fei	conj.	antes bien
阶	jie	n.	escalón
信息系统	xin:xi:xi:tong	n.	sistema de información
周五	zhou:wu	n.	viernes
苍	cang	adj.	verde pálido
自由的	zi:you:de	adj.	libre
缩短	suo:duan	v.	acortar
天数	tian:shu	n.	número de días
拿起	na:qi	v.	coger
火箭	huo:jian	n.	cohete
感兴趣	gan:xing:qu	v.	interesar
第三节	di:san:jie	n.	sección tres
免责声明	mian:ze:sheng:ming	n.	aviso legal
解压密码	jie:ya:mi:ma	n.	contraseña de descompresión
全过程	quan:guo:cheng	n.	proceso completo
纺织品	fang:zhi:pin	n.	textil
国家标准	guo:jia:biao:zhun	n.	norma nacional
纯粹	chun:cui	adj.	puro
骨干	gu:gan	n.	personal clave
忠诚	zhong:cheng	adj.	leal
海口	hai:kou	n.	puerto
海口	hai:kou	n.	Haikou
储备	chu:bei	v.	reservar
储备	chu:bei	n.	reservas
组织实施	zu:zhi:shi:shi	v.	organizar e implementar
山区	shan:qu	n.	zona montañosa
车身	che:shen	n.	carrocería
分工	fen:gong	n.	división del trabajo
距	ju	prep.	a distancia de
距	ju	v.	estar apartado
交谈	jiao:tan	v.	conversar
听证	ting:zheng	n.	audiencia pública
处处	chu:chu	adv.	en todas partes
净化	jing:hua	v.	purificar
郑	zheng	n.	Zheng
川	chuan	n.	río
川	chuan	n.	Sichuan
扫	sao	v.	barrer
二楼	er:lou	n.	segundo piso
地带	di:dai	n.	zona
否定	fou:ding	v.	negar
否定	fou:ding	n.	negación
逼	bi	v.	obligar
逼	bi	adj.	cercano
不少于	bu:shao:yu	adv.	por lo menos
年份	nian:fen	n.	año
优良	you:liang	adj.	excelente
人才网	ren:cai:wang	n.	sitio de empleo
护士	hu:shi	n.	enfermera
饲养	si:yang	v.	criar
民事	min:shi	n.	asuntos civiles
构造	gou:zao	n.	estructura
人性	ren:xing	n.	naturaleza humana
钢琴	gang:qin	n.	piano
是非	shi:fei	n.	lo correcto y lo incorrecto
县	xian	n.	distrito
涵盖	han:gai	v.	cubrir
农业部	nong:ye:bu	n.	ministerio de Agricultura
抄袭	chao:xi	v.	plagiar
忧	you	v.	preocuparse
忧	you	n.	pena
工业区	gong:ye:qu	n.	zona industrial
软件简介	ruan:jian:jian:jie	n.	introducción del software
地道	di:dao	adj.	auténtico
地道	di:dao	adj.	idiomático
星期五	xing:qi:wu	n.	viernes
税款	shui:kuan	n.	pago de impuestos
米兰	mi:lan	n.	Milán
一同	yi:tong	adv.	juntos
童	tong	n.	niño
兰州	lan:zhou	n.	Lanzhou
轨道	gui:dao	n.	vía
轨道	gui:dao	n.	órbita
英特尔	ying:te:er	n.	Intel
联赛	lian:sai	n.	liga
雄厚	xiong:hou	adj.	considerable
左手	zuo:shou	n.	mano izquierda
再也	zai:ye	adv.	nunca más
不愿意	bu:yuan:yi	v.	no querer
源于	yuan:yu	v.	proceder de
年纪	nian:ji	n.	edad
研讨	yan:tao	v.	estudiar
礼仪	li:yi	n.	etiqueta
外界	wai:jie	n.	mundo exterior
子公司	zi:gong:si	n.	filial
屄	bi	n.	vulva
致富	zhi:fu	v.	enriquecer
纪录	ji:lu	n.	récord
第十七条	di:shi:qi:tiao	n.	artículo 17
画家	hua:jia	n.	pintor
执	zhi	v.	sostener
伤心	shang:xin	adj.	triste
发展趋势	fa:zhan:qu:shi	n.	tendencia de desarrollo
书店	shu:dian	n.	librería
匹配	pi:pei	v.	corresponder
占据	zhan:ju	v.	ocupar
熟练	shu:lian	adj.	hábil
网络实名	wang:luo:shi:ming	n.	nombre real en internet
技术创新	ji:shu:chuang:xin	n.	innovación tecnológica
不当	bu:dang	adj.	inapropiado
十三	shi:san	num.	trece
开办	kai:ban	v.	establecer
为人	wei:ren	n.	carácter
感冒	gan:mao	n.	resfriado
感冒	gan:mao	v.	coger un resfriado
升高	sheng:gao	v.	subir
好看	hao:kan	adj.	guapo
丢	diu	v.	perder
荣	rong	n.	gloria
臂	bi	n.	brazo
逐	zhu	v.	perseguir
搬迁	ban:qian	v.	reubicarse
傲	ao	adj.	soberbio
赛事	sai:shi	n.	competición
控股	kong:gu	n.	holding
注意力	zhu:yi:li	n.	atención
卫生间	wei:sheng:jian	n.	cuarto de baño
分支机构	fen:zhi:ji:gou	n.	sucursal
注销	zhu:xiao	v.	cerrar sesión
注销	zhu:xiao	v.	anular
客厅	ke:ting	n.	sala de estar
极端	ji:duan	adj.	extremo
极端	ji:duan	n.	extremo
戴	dai	v.	llevar
新娘	xin:niang	n.	novia
一手	yi:shou	n.	una mano
一手	yi:shou	adv.	por sí solo
炒作	chao:zuo	v.	promocionar
注射	zhu:she	v.	inyectar
注射	zhu:she	n.	inyección
口中	kou:zhong	n.	en la boca
芒	mang	n.	arista
芒	mang	n.	rayo
燃气	ran:qi	n.	gas
大夫	dai:fu	n.	médico
又一	you:yi	num.	otro
庆	qing	v.	celebrar
早晨	zao:chen	n.	mañana
庞大的	pang:da:de	adj.	enorme
彩票	cai:piao	n.	boleto de lotería
宝贵	bao:gui	adj.	precioso
市场化	shi:chang:hua	n.	mercantilización
下一个	xia:yi:ge	pron.	siguiente
申请书	shen:qing:shu	n.	solicitud
伴	ban	v.	acompañar
伴	ban	n.	compañero
字母	zi:mu	n.	letra
很久	hen:jiu	adv.	mucho tiempo
严谨	yan:jin	adj.	riguroso
等着	deng:zhe	v.	esperar
学报	xue:bao	n.	revista académica
零件	ling:jian	n.	pieza
五大	wu:da	num.	cinco grandes
入口	ru:kou	n.	entrada
宝石	bao:shi	n.	piedra preciosa
章节	zhang:jie	n.	capítulo
相适应	xiang:shi:ying	v.	corresponder
意愿	yi:yuan	n.	voluntad
竣工	jun:gong	v.	terminar las obras
生活方式	sheng:huo:fang:shi	n.	estilo de vida
袭	xi	v.	atacar
征集	zheng:ji	v.	recabar
受益	shou:yi	v.	beneficiarse
胎儿	tai:er	n.	feto
不合理	bu:he:li	adj.	irrazional
全面发展	quan:mian:fa:zhan	n.	desarrollo integral
全面发展	quan:mian:fa:zhan	v.	desarrollarse plenamente
何时	he:shi	pron.	cuándo
供	gong	v.	suministrar
不等	bu:deng	adj.	desigual
索引	suo:yin	n.	índice
工艺品	gong:yi:pin	n.	artesanía
积	ji	v.	acumularse
配置文件	pei:zhi:wen:jian	n.	archivo de configuración
屏蔽	ping:bi	v.	bloquear
贵族	gui:zu	n.	noble
基本信息	ji:ben:xin:xi	n.	información básica
发行日期	fa:xing:ri:qi	n.	fecha de lanzamiento
给大家	gei:da:jia	v.	dar a todos
容器	rong:qi	n.	recipient
动机	dong:ji	n.	motivo
一头	yi:tou	mw.	un (animal)
大声	da:sheng	adj.	voz alta
第十八条	di:shi:ba:tiao	num.	artículo 18
垄断	long:duan	v.	monopolizar
可以实现	ke:yi:shi:xian	v.	poder realizarse
擅长	shan:chang	v.	ser bueno en
伪造	wei:zao	v.	falsificar
遥	yao	adj.	lejano
法学	fa:xue	n.	ciencia del derecho
热量	re:liang	n.	calor (térmico)
罗马	luo:ma	n.	Roma
动手	dong:shou	v.	empezar a trabajar
报到	bao:dao	v.	registrarse
金的	jin:de	adj.	dorado
刑法	xing:fa	n.	derecho penal
阻	zu	v.	obstruir
探究	tan:jiu	v.	explorar
战术	zhan:shu	n.	táctica
汽油	qi:you	n.	gasolina
人性化	ren:xing:hua	adj.	humanizado
中关村	zhong:guan:cun	n.	Zhongguancun
数字化	shu:zi:hua	v.	digitalizar
集团有限公司	ji:tuan:you:xian:gong:si	n.	sociedad limitada de grupo
播出	bo:chu	v.	emitir
精致	jing:zhi	adj.	exquisito
急性	ji:xing	adj.	agudo
演绎	yan:yi	v.	deducir
聚集	ju:ji	v.	reunirse
依次	yi:ci	adv.	por orden
宁静	ning:jing	adj.	tranquilo
女的	nv:de	adj.	femenino
写真	xie:zhen	n.	foto
吉林省	ji:lin:sheng	n.	provincia de Jilin
必备	bi:bei	adj.	imprescindible
那时候	na:shi:hou	n.	en aquel entonces
较快	jiao:kuai	adj.	relativamente rápido
腾讯	teng:xun	n.	Tencent
结局	jie:ju	n.	final
伦敦	lun:dun	n.	Londres
相关部门	xiang:guan:bu:men	n.	departamentos pertinentes
例	li	n.	ejemplo
睁	zheng	v.	abrir (los ojos)
退还	tui:huan	v.	reembolsar
工作时间	gong:zuo:shi:jian	n.	horario de trabajo
公子	gong:zi	n.	joven señor
情侣	qing:lv	n.	pareja
污水	wu:shui	n.	aguas residuales
岛	dao	n.	isla
遗	yi	v.	perder
瞪	deng	v.	centar la mirada
按时	an:shi	adv.	a tiempo
所有人	suo:you:ren	n.	todos los hombres
表述	biao:shu	v.	expresar
常年	chang:nian	adv.	todo el año
分泌	fen:mi	v.	secrecionar
篮球	lan:qiu	n.	baloncesto
加重	jia:zhong	v.	agravar
入手	ru:shou	v.	empezar
观赏	guan:shang	v.	contemplar
心想	xin:xiang	v.	pensar para sí
慕	mu	v.	admirar
什么事	shen:me:shi	pron.	qué pasa
执着	zhi:zhuo	adj.	obsesivo
课堂教学	ke:tang:jiao:xue	n.	docencia en el aula
皱	zhou	v.	arrugar
饮用	yin:yong	v.	beber
环球	huan:qiu	adj.	global
博	bo	v.	ganar
博	bo	adj.	amplio
中国人民	zhong:guo:ren:min	n.	pueblo chino
河流	he:liu	n.	río
黑白	hei:bai	n.	blanco y negro
幕	mu	n.	cortina
算了	suan:le	v.	olvídalo
专栏	zhuan:lan	n.	columna
保险费	bao:xian:fei	n.	prima de seguro
运转	yun:zhuan	v.	funcionar
手机短信	shou:ji:duan:xin	n.	mensaje de texto
第十九条	di:shi:jiu:tiao	num.	décimonovero
块钱	kuai:qian	n.	yuan
双眼	shuang:yan	n.	ambos ojos
乘车	cheng:che	v.	viajar
外表	wai:biao	n.	apariencia
自杀	zi:sha	v.	suicidarse
点头	dian:tou	v.	asentir
口号	kou:hao	n.	consigna
猜	cai	v.	adivinar
长达	chang:da	v.	alcanzar
关爱	guan:ai	v.	cuidar
丧失	sang:shi	v.	perder
相处	xiang:chu	v.	llevarse
实战	shi:zhan	n.	combate real
中旬	zhong:xun	n.	mediados de mes
支行	zhi:hang	n.	sucursal
益	yi	n.	beneficio
马来西亚	ma:lai:xi:ya	n.	Malasia
副局长	fu:ju:zhang	n.	subdirector
东风	dong:feng	n.	viento del este
周日	zhou:ri	n.	domingo
净	jing	adj.	limpio
产业发展	chan:ye:fa:zhan	n.	desarrollo industrial
软件下载	ruan:jian:xia:zai	n.	descarga de software
双击	shuang:ji	v.	hacer doble clic
两家	liang:jia	num.	Zwei
股东大会	gu:dong:da:hui	n.	asamblea de accionistas
还原	huan:yuan	v.	restaurar
从前	cong:qian	n.	antiguamente
缺席	que:xi	v.	estar ausente
甜蜜	tian:mi	adj.	dulce
神情	shen:qing	n.	expresión
很可能	hen:ke:neng	adv.	probablemente
产品信息	chan:pin:xin:xi	n.	información del producto
效力	xiao:li	v.	servir
泽	ze	n.	pantano
炼	lian	v.	refinar
制止	zhi:zhi	v.	detener
黑龙江省	hei:long:jiang:sheng	n.	provincia de Heilongjiang
市场份额	shi:chang:fen:e	n.	cuota de mercado
行李	xing:li	n.	equipaje
提案	ti:an	n.	propuesta
简洁	jian:jie	adj.	conciso
行走	xing:zou	v.	caminar
注释	zhu:shi	n.	nota
供水	gong:shui	v.	abastecer de agua
街头	jie:tou	n.	calle
监	jian	v.	supervisar
听见	ting:jian	v.	oír
几位	ji:wei	num.	varios
老年人	lao:nian:ren	n.	persona mayor
封装	feng:zhuang	v.	encapsular
古典	gu:dian	adj.	clásico
珍	zhen	adj.	precioso
分手	fen:shou	v.	separarse
明亮	ming:liang	adj.	brillante
伏	fu	v.	postrarse
伏	fu	n.	voltio
送货	song:huo	v.	entregar mercancía
终身	zhong:shen	n.	toda la vida
绍	shao	v.	continuar
领导人	ling:dao:ren	n.	líder
爬	pa	v.	escalar
税率	shui:lv	n.	tipo impositivo
全套	quan:tao	n.	juego completo
喜悦	xi:yue	n.	alegría
抬头	tai:tou	v.	levantar la cabeza
抬头	tai:tou	n.	encabezado
丫	ya	n.	horquilla
常务	chang:wu	n.	asuntos permanentes
炸	zha	v.	explotar
炸	zha	v.	freír
职业道德	zhi:ye:dao:de	n.	ética profesional
国民	guo:min	n.	nacional
免疫	mian:yi	n.	inmunidad
变焦	bian:jiao	v.	hacer zoom
珠宝	zhu:bao	n.	joyería
外汇	wai:hui	n.	divisa
交友	jiao:you	v.	hacer amigos
行政处分	xing:zheng:chu:fen	n.	sanción administrativa
三国	san:guo	n.	Tres Reinos
壁	bi	n.	pared
涌	yong	v.	brotar
主观	zhu:guan	adj.	subjetivo
头部	tou:bu	n.	cabeza
协调发展	xie:tiao:fa:zhan	n.	desarrollo coordinado
凶	xiong	adj.	fiero
凶	xiong	adj.	ominoso
测绘	ce:hui	v.	levantar y cartografiar
上学	shang:xue	v.	ir a la escuela
郎	lang	n.	joven
仿冒	fang:mao	v.	falsificar
教育活动	jiao:yu:huo:dong	n.	actividad educativa
本类	ben:lei	n.	esta categoría
生产基地	sheng:chan:ji:di	n.	base de producción
做人	zuo:ren	v.	comportarse
相连	xiang:lian	v.	estar conectado
并进	bing:jin	v.	avanzar a la par
额外	e:wai	adj.	addicional
额外	e:wai	adv.	además
青海	qing:hai	n.	Qinghai
宿	su	n.	alojamiento
宿	su	v.	alojarse
宿	xiu	n.	Constelación
渗透	shen:tou	v.	penetrar
器具	qi:ju	n.	utensilio
列出	lie:chu	v.	listar
制成	zhi:cheng	v.	fabricar
建筑工程	jian:zhu:gong:cheng	n.	obra de construcción
右侧	you:ce	n.	lado derecho
套餐	tao:can	n.	menú
增幅	zeng:fu	n.	tasa de aumento
入侵	ru:qin	v.	invadir
怨	yuan	v.	reprochar
财经	cai:jing	n.	finanzas
嵌入式	qian:ru:shi	adj.	incrustado
紧密	jin:mi	adj.	estrecho
最强	zui:qiang	adj.	el más fuerte
土地使用权	tu:di:shi:yong:quan	n.	berecho de uso del suelo
具体要求	ju:ti:yao:qiu	n.	requisito concreto
里程	li:cheng	n.	kilometraje
愉快	yu:kuai	adj.	agradable
务必	wu:bi	adv.	sin falta
醉	zui	adj.	ebrio
元钱	yuan:qian	n.	yuan
拼	pin	v.	ensamblar
普通话	pu:tong:hua	n.	chino estándar
头脑	tou:nao	n.	mente
双重	shuang:chong	adj.	doble
淡淡的	dan:dan:de	adj.	liger
首席	shou:xi	n.	primer puesto
迫	po	v.	forzar
法治	fa:zhi	n.	estado de derecho
革	ge	n.	cuero
五六	wu:liu	num.	cinco o seis
瞧	qiao	v.	mirar
即便	ji:bian	conj.	if
扮演	ban:yan	v.	representar
大队	da:dui	n.	grupo
奥	ao	int.	oh
头像	tou:xiang	n.	avatar
第一款	di:yi:kuan	num.	primer modelo
值班	zhi:ban	v.	estar de guardia
舆论	yu:lun	n.	opinión pública
争论	zheng:lun	v.	discutir
坚定	jian:ding	adj.	firme
范畴	fan:chou	n.	categoría
小学生	xiao:xue:sheng	n.	escolar
精度	jing:du	n.	precisión
旅游业	lv:you:ye	n.	industria turística
出血	chu:xie	v.	sangrar
出血	chu:xue	v.	sangrar
输	shu	v.	perder
乘坐	cheng:zuo	v.	tomar
整顿	zheng:dun	v.	rectificar
多普达	duo:pu:da	n.	Dopod
语气	yu:qi	n.	tono
莉	li	n.	jazmín
总投资	zong:tou:zi	n.	inversión total
忠	zhong	adj.	leal
法制	fa:zhi	n.	sistema legal
入选	ru:xuan	v.	ser seleccionado
认真贯彻	ren:zhen:guan:che	v.	llevar a cabo seriamente
不适	bu:shi	adj.	malesto
不适	bu:shi	n.	malestar
热闹	re:nao	adj.	animado
热闹	re:nao	n.	animación
过去了	guo:qu:le	v.	ha pasado
中级人民法院	zhong:ji:ren:min:fa:yuan	n.	tribunal popular intermedio
财物	cai:wu	n.	bienes
道具	dao:ju	n.	equipamiento
长沙市	chang:sha:shi	n.	Changsha
现实的	xian:shi:de	adj.	realista
包裹	bao:guo	n.	paquete
最爱	zui:ai	n.	favorito
用量	yong:liang	n.	dosificación
盖章	gai:zhang	v.	sellar
房地产市场	fang:di:chan:shi:chang	n.	mercado inmobiliario
王国	wang:guo	n.	reino
连忙	lian:mang	adv.	rápidamente
会议上	hui:yi:shang	n.	en la reunión
佳	jia	adj.	bueno
教育培训	jiao:yu:pei:xun	n.	educación y formación
医疗费	yi:liao:fei	n.	gastos médicos
唱歌	chang:ge	v.	cantar
呢	ne	part.	partícula continua
字段	zi:duan	n.	campo
旅	lv	n.	viaje
款项	kuan:xiang	n.	suma
二者	er:zhe	pron.	ambos
时空	shi:kong	n.	espacio-tiempo
夜间	ye:jian	n.	noche
代理人	dai:li:ren	n.	agente
食品安全	shi:pin:an:quan	n.	seguridad alimentaria
按照规定	an:zhao:gui:ding	prep.	conforme al reglamento
郑州市	zheng:zhou:shi	n.	Zhengzhou
招聘人数	zhao:pin:ren:shu	n.	número de contrataciones
仁	ren	n.	Menschenliebe
按下	an:xia	v.	pulsar
视线	shi:xian	n.	línea de visión
鸟	niao	n.	pájaro
羡慕	xian:mu	v.	someter
羡慕	xian:mu	v.	envidiar
于此	yu:ci	prep.	aquí
是这样的	shi:zhe:yang:de	v.	ser así
中等	zhong:deng	adj.	medio
销售收入	xiao:shou:shou:ru	n.	ingresos por ventas
骗	pian	v.	engañar
爆炸	bao:zha	v.	explotar
违法所得	wei:fa:suo:de	n.	ganancias ilícitas
浩	hao	adj.	vasto
纳米	na:mi	n.	nanómetro
高素质	gao:su:zhi	adj.	de alta calidad
管理条例	guan:li:tiao:li	n.	reglamento de gestión
伤口	shang:kou	n.	herida
光纤	guang:xian	n.	fibra óptica
鼻子	bi:zi	n.	nariz
姿态	zi:tai	n.	postura
机上	ji:shang	n.	a bordo
不管是	bu:guan:shi	conj.	sin importar si
淘汰	tao:tai	v.	eliminar
连载	lian:zai	v.	publicar por entregas
塔	ta	n.	torre
正的	zheng:de	adj.	positivo
请注意	qing:zhu:yi	v.	tenga en cuenta
仅代表	jin:dai:biao	v.	solo representar
众多的	zhong:duo:de	adj.	numeroso
产物	chan:wu	n.	producto
但有	dan:you	conj.	pero hay
胖	pang	adj.	gordo
万多	wan:duo	num.	más de diez mil
减小	jian:xiao	v.	disminuir
绪	xu	n.	principio
所做	suo:zuo	v.	lo que se hace
在企业	zai:qi:ye	prep.	en la empresa
头痛	tou:tong	v.	dolor de cabeza
光临	guang:lin	v.	prestar su presencia
党支部	dang:zhi:bu	n.	célula del partido
毕业于	bi:ye:yu	v.	graduado de
弘扬	hong:yang	v.	promover
好事	hao:shi	n.	buen hecho
并无	bing:wu	v.	no hay en absoluto
适时	shi:shi	adj.	oportuno
无力	wu:li	adj.	sin fuerzas
党中央	dang:zhong:yang	n.	comité central del partido
坚强	jian:qiang	adj.	fuerte
可以向	ke:yi:xiang	prep.	poder a
企业名录	qi:ye:ming:lu	n.	directorio de empresas
枫	feng	n.	arce
访问量	fang:wen:liang	n.	número de visitas
国人	guo:ren	n.	coterráneos
人才培养	ren:cai:pei:yang	n.	formación de talento
如是	ru:shi	adv.	así
干脆	gan:cui	adj.	resuelto
干脆	gan:cui	adv.	simplemente
相对于	xiang:dui:yu	prep.	en relación con
平凡	ping:fan	adj.	ordinario
再来	zai:lai	v.	volver
交易所	jiao:yi:suo	n.	bolsa
时限	shi:xian	n.	límite de tiempo
投稿	tou:gao	v.	enviar un artículo
拔	ba	v.	arrancar
推销	tui:xiao	v.	promocionar
住房公积金	zhu:fang:gong:ji:jin	n.	fondo de vivienda
市场需求	shi:chang:xu:qiu	n.	demanda del mercado
缓存	huan:cun	n.	caché
缓存	huan:cun	v.	almacenar en caché
短暂	duan:zan	adj.	breve
安全管理	an:quan:guan:li	n.	gestión de seguridad
溶液	rong:ye	n.	solución
疫苗	yi:miao	n.	vacuna
欧阳	ou:yang	n.	Ouyang
百万	bai:wan	num.	millón
大国	da:guo	n.	gran potencia
这些人	zhe:xie:ren	pron.	estas personas
最基本	zui:ji:ben	adj.	lo más básico
海军	hai:jun	n.	marina
家和	jia:he	n.	armonía familiar
心理学	xin:li:xue	n.	psicología
舒服	shu:fu	adj.	cómodo
赞	zan	v.	elogiar
赞	zan	v.	dar me gusta
保守	bao:shou	adj.	conservador
改制	gai:zhi	v.	reestructurar
糖尿病	tang:niao:bing	n.	diabetes
爆发	bao:fa	v.	estallar
爆发	bao:fa	n.	estallido
多久	duo:jiu	adv.	cuánto tiempo
从不	cong:bu	adv.	nunca
电网	dian:wang	n.	red eléctrica
烟台	yan:tai	n.	Yantai
支援	zhi:yuan	v.	apoyar
课文	ke:wen	n.	texto
炮	pao	n.	cañón
深深	shen:shen	adv.	profundamente
伸手	shen:shou	v.	extender la mano
公证	gong:zheng	n.	notariación
翅膀	chi:bang	n.	ala
网络营销	wang:luo:ying:xiao	n.	marketing en línea
傅	fu	n.	Fu
四种	si:zhong	num.	cuatro tipos
太阳能	tai:yang:neng	n.	energía solar
基本情况	ji:ben:qing:kuang	n.	basic situación
不可以	bu:ke:yi	v.	no poder
一族	yi:zu	n.	clan
清华	qing:hua	n.	Tsinghua
凯	kai	adj.	trunfante
月初	yue:chu	n.	principios de mes
战场	zhan:chang	n.	campo de batalla
古城	gu:cheng	n.	ciudad antigua
小朋友	xiao:peng:you	n.	niño
不已	bu:yi	adv.	sin cesar
强力	qiang:li	adj.	poderoso
大盘	da:pan	n.	índice bursátil
保证金	bao:zheng:jin	n.	depósito
广播电视	guang:bo:dian:shi	n.	radio y televisión
金色	jin:se	n.	dorado
蝴蝶	hu:die	n.	mariposa
邪	xie	adj.	maligno
不由	bu:you	adv.	involuntariamente
芳	fang	n.	fragancia
浑	hun	adj.	turbio
第二十条	di:er:shi:tiao	n.	artículo 20
开采	kai:cai	v.	extraer
补丁	bu:ding	n.	parche
夺	duo	v.	arrebatar
洗澡	xi:zao	v.	bañarse
宽	kuan	adj.	ancho
文艺	wen:yi	n.	letras y arte
论述	lun:shu	n.	exposición
座椅	zuo:yi	n.	asiento
堆	dui	mw.	montón
堆	dui	v.	amontonar
归还	gui:huan	v.	devolver
队伍建设	dui:wu:jian:she	n.	formación de equipo
下达	xia:da	v.	transmitir
裂	lie	v.	agrietarse
今晚	jin:wan	n.	esta noche
网站建设	wang:zhan:jian:she	n.	creación de sitios
总监	zong:jian	n.	director
年产	nian:chan	n.	producción anual
现价	xian:jia	n.	precio actual
十六	shi:liu	num.	dieciséis
自助	zi:zhu	n.	autoservicio
座谈会	zuo:tan:hui	n.	mesa redonda
衡量	heng:liang	v.	evaluar
注册资金	zhu:ce:zi:jin	n.	capital registrado
实事求是	shi:shi:qiu:shi	adj.	pragmático
楼下	lou:xia	n.	abajo
筛选	shai:xuan	v.	seleccionar
选取	xuan:qu	v.	elegir
考点	kao:dian	n.	centro de examen
牙齿	ya:chi	n.	diente
国防	guo:fang	n.	defensa nacional
模特	mo:te	n.	modelo
遭	zao	v.	sufrir
持久	chi:jiu	adj.	duradero
亮度	liang:du	n.	brillo
大纲	da:gang	n.	esquema
赤	chi	adj.	rojo
旋	xuan	v.	girar
中国经济	zhong:guo:jing:ji	n.	economía china
太子	tai:zi	n.	príncipe heredero
天涯	tian:ya	n.	confines del mundo
重建	chong:jian	v.	reconstruir
线索	xian:suo	n.	pista
专线	zhuan:xian	n.	línea dedicada
时常	shi:chang	adv.	a menudo
托管	tuo:guan	v.	encargar
滋味	zi:wei	n.	sabor
山上	shan:shang	n.	en la montaña
秋天	qiu:tian	n.	otoño
超标	chao:biao	v.	exceder la norma
一度	yi:du	adv.	una vez
大气	da:qi	n.	atmósfera
扭	niu	v.	torcer
审定	shen:ding	v.	examinar y aprobar
理事会	li:shi:hui	n.	consejo de administración
使用方法	shi:yong:fang:fa	n.	modo de uso
积极参与	ji:ji:can:yu	v.	participar activamente
地段	di:duan	n.	zona
念头	nian:tou	n.	idea
厕所	ce:suo	n.	servicio
特效	te:xiao	n.	efecto especial
概论	gai:lun	n.	introducción
村庄	cun:zhuang	n.	aldea
东南亚	dong:nan:ya	n.	Sudeste Asiático
政府部门	zheng:fu:bu:men	n.	departamento gubernamental
经济增长	jing:ji:zeng:zhang	n.	crecimiento económico
个人观点	ge:ren:guan:dian	n.	opinión personal
长久	chang:jiu	adj.	duradero
监视	jian:shi	v.	vigilar
主要产品	zhu:yao:chan:pin	n.	producto principal
设想	she:xiang	v.	imaginar
洁	jie	adj.	limpio
静态	jing:tai	adj.	estático
发行公司	fa:xing:gong:si	n.	editorial
浮	fu	v.	flotar
阳台	yang:tai	n.	balcón
抵押	di:ya	v.	hipotecar
怀里	huai:li	n.	en los brazos
醒来	xing:lai	v.	despertarse
生产能力	sheng:chan:neng:li	n.	capacidad de producción
门窗	men:chuang	n.	puertas y ventanas
套房	tao:fang	n.	suite
悉	xi	adv.	todo
小子	xiao:zi	n.	chico
研究中心	yan:jiu:zhong:xin	n.	centro de investigación
不算	bu:suan	v.	no contar
债权人	zhai:quan:ren	n.	acreedor
相册	xiang:ce	n.	álbum de fotos
车上	che:shang	n.	en el coche
生产厂家	sheng:chan:chang:jia	n.	fabricante
左侧	zuo:ce	n.	lado izquierdo
忽视	hu:shi	v.	ignorar
焊接	han:jie	v.	soldar
水源	shui:yuan	n.	fuente de agua
审判	shen:pan	n.	juicio
擦	ca	v.	limpiar
洗净	xi:jing	v.	lavar limpio
话说	hua:shuo	v.	se dice
再生	zai:sheng	v.	regenerar
新区	xin:qu	n.	zona nueva
聘用	pin:yong	v.	contratar
毫秒	hao:miao	n.	milisegundo
保健品	bao:jian:pin	n.	producto de salud
本案	ben:an	n.	este caso
口岸	kou:an	n.	puerto
国际贸易	guo:ji:mao:yi	n.	comercio internacional
规章制度	gui:zhang:zhi:du	n.	normas y reglamentos
社会保障	she:hui:bao:zhang	n.	seguridad social
收缩	shou:suo	v.	contraerse
批判	pi:pan	v.	criticar
研究员	yan:jiu:yuan	n.	investigador
相关专业	xiang:guan:zhuan:ye	n.	especialidad relacionada
选定	xuan:ding	v.	seleccionar
重要组成	zhong:yao:zu:cheng	n.	componente importante
服从	fu:cong	v.	obedecer
汉族	han:zu	n.	etnia han
通风	tong:feng	v.	ventilar
出手	chu:shou	v.	actuar
相片	xiang:pian	n.	fotografía
慧	hui	adj.	inteligente
少于	shao:yu	prep.	menos de
重要作用	zhong:yao:zuo:yong	n.	papel importante
缓缓	huan:huan	adv.	lentamente
分行	fen:hang	n.	sucursal
新颖	xin:ying	adj.	novedoso
不幸	bu:xing	adj.	desafortunado
测评	ce:ping	v.	evaluar
后续	hou:xu	n.	continuación
描写	miao:xie	v.	describir
美食	mei:shi	n.	gastronomía
一顿	yi:dun	mw.	una (comida)
销售人员	xiao:shou:ren:yuan	n.	personal de ventas
交通事故	jiao:tong:shi:gu	n.	accidente de tránsito
丽江	li:jiang	n.	Lijiang
本地区	ben:di:qu	n.	esta región
水准	shui:zhun	n.	nivel
物料	wu:liao	n.	materiales
挪用	nuo:yong	v.	desviar
多样化	duo:yang:hua	v.	diversificar
多样化	duo:yang:hua	n.	diversificación
开创	kai:chuang	v.	iniciar
各界	ge:jie	n.	todos los sectores
现代化建设	xian:dai:hua:jian:she	n.	modernización
阴影	yin:ying	n.	sombra
而后	er:hou	conj.	después luego
信息发布	xin:xi:fa:bu	n.	publicación de información
搜狐	sou:hu	n.	Sohu
体制改革	ti:zhi:gai:ge	n.	reforma del sistema
中医药	zhong:yi:yao	n.	medicina china
矿山	kuang:shan	n.	mina
现代化的	xian:dai:hua:de	adj.	moderno
风雨	feng:yu	n.	viento y lluvia
职业资格	zhi:ye:zi:ge	n.	cualificación profesional
广告位	guang:gao:wei	n.	espacio publicitario
得不到	de:bu:dao	v.	no poder obtener
五十	wu:shi	num.	cincuenta
卓越	zhuo:yue	adj.	excelente
请教	qing:jiao	v.	pedir consejo
会议室	hui:yi:shi	n.	sala de reuniones
典	dian	n.	texto canónico
执政	zhi:zheng	v.	estar en el poder
赏	shang	v.	premiar
口语	kou:yu	n.	lengua hablada
年末	nian:mo	n.	fin de año
简化	jian:hua	v.	simplificar
出让	chu:rang	v.	ceder
伊朗	yi:lang	n.	Irán
领导班子	ling:dao:ban:zi	n.	equipo directivo
门槛	men:kan	n.	umbral
必要时	bi:yao:shi	adv.	cuando sea necesario
就此	jiu:ci	adv.	al respecto
蒙古	meng:gu	n.	Mongolia
匆	cong	adj.	apresurado
现任	xian:ren	adj.	actual
订立	ding:li	v.	concluir
饭贴	fan:tie	n.	subsidio de comidas
音箱	yin:xiang	n.	altavoz
评	ping	v.	comentar
发展中	fa:zhan:zhong	adj.	en desarrollo
充电	chong:dian	v.	cargar
一门	yi:men	num.	un
界定	jie:ding	v.	delimitar
界定	jie:ding	n.	definición
车队	che:dui	n.	caravana
车队	che:dui	n.	flota
红军	hong:jun	n.	Ejército Rojo
纵	zong	conj.	aun si
纵	zong	adj.	vertical
宝马	bao:ma	n.	BMW
宝马	bao:ma	n.	caballo magnífico
精确	jing:que	adj.	preciso
在下	zai:xia	pron.	yo (humilde)
兴起	xing:qi	v.	surgir
兴起	xing:qi	n.	auge
跨国公司	kua:guo:gong:si	n.	multinacional
莲	lian	n.	loto
雾	wu	n.	niebla
杜绝	du:jue	v.	erradicar
道路交通	dao:lu:jiao:tong	n.	tráfico rodado
爱人	ai:ren	n.	cónyuge
爱人	ai:ren	n.	amante
审理	shen:li	v.	juzgar
经济社会	jing:ji:she:hui	n.	economía y sociedad
起草	qi:cao	v.	redactar
所学	suo:xue	n.	lo aprendido
领袖	ling:xiu	n.	líder
乌	wu	adj.	negro
乌	wu	n.	cuervo
暗示	an:shi	v.	insinuar
暗示	an:shi	n.	insinuación
总则	zong:ze	n.	disposiciones generales
移动电话	yi:dong:dian:hua	n.	teléfono móvil
我爱你	wo:ai:ni	v.	te amo
跃	yue	v.	saltar
座位	zuo:wei	n.	asiento
讨厌	tao:yan	v.	desagradar
讨厌	tao:yan	adj.	molesto
壮	zhuang	adj.	fuerte
旗下	qi:xia	n.	bajo el mando
省内	sheng:nei	n.	dentro de la provincia
火焰	huo:yan	n.	llama
公约	gong:yue	n.	convención
走上	zou:shang	v.	subir a
贴	tie	v.	pegar
贴	tie	v.	subvencionar
拍照	pai:zhao	n.	fotografiado
返还	fan:huan	v.	devolver
酱油	jiang:you	n.	salsa de soja
误区	wu:qu	n.	error conceptual
截至	jie:zhi	prep.	hasta
丰	feng	adj.	abundante
隔	ge	v.	trennen
看似	kan:si	v.	parecer
他自己	ta:zi:ji	pron.	él mismo
针对性	zhen:dui:xing	n.	pertinencia
万元以下	wan:yuan:yi:xia	n.	menos de 10.000 yuan
健	jian	adj.	sano
仲裁	zhong:cai	n.	arbitraje
修炼	xiu:lian	v.	cultivar
提供者	ti:gong:zhe	n.	proveedor
票据	piao:ju	n.	pagaré
辛	xin	adj.	penoso
全都	quan:dou	adv.	todos
新一代	xin:yi:dai	n.	nueva generación
地狱	di:yu	n.	infierno
第一天	di:yi:tian	n.	primer día
徐州	xu:zhou	n.	Xuzhou
一九	yi:jiu	num.	19
心得	xin:de	n.	reflexión
接管	jie:guan	v.	tomar el control
服务员	fu:wu:yuan	n.	camarero
交叉	jiao:cha	v.	cruzar
抵	di	v.	resistir
竹	zhu	n.	bambú
彻	che	adj.	minucioso
角落	jiao:luo	n.	rincón
科学研究	ke:xue:yan:jiu	n.	investigación científica
离去	li:qu	v.	irse
引领	yin:ling	v.	guiar
摩	mo	v.	frotar
轰	hong	onom.	boom
情报	qing:bao	n.	información
第七章	di:qi:zhang	n.	capítulo siete
最少	zui:shao	adv.	al menos
不好意思	bu:hao:yi:si	adj.	avergonzado
仓储	cang:chu	n.	almacenamiento
培训中心	pei:xun:zhong:xin	n.	centro de formación
有害	you:hai	adj.	perjudicial
做爱	zuo:ai	v.	hacer el amor
适度	shi:du	adj.	moderado
曝光	bao:guang	v.	exponer
发达	fa:da	adj.	desarrollado
常识	chang:shi	n.	sentido común
考场	kao:chang	n.	sala de examen
胸部	xiong:bu	n.	pecho
科室	ke:shi	n.	departamento
编	bian	v.	tejer
肚	du	n.	vientre
出自	chu:zi	v.	proceder
繁殖	fan:zhi	v.	reproducirse
用电	yong:dian	n.	consumo eléctrico
这个人	zhe:ge:ren	pron.	esta persona
插	cha	v.	insertar
启发	qi:fa	v.	inspirar
这话	zhe:hua	pron.	estas palabras
磨	mo	v.	moler
话语	hua:yu	n.	discurso
四级	si:ji	n.	nivel cuatro
护照	hu:zhao	n.	pasaporte
奖学金	jiang:xue:jin	n.	beca
技术服务	ji:shu:fu:wu	n.	servicio técnico
名叫	ming:jiao	v.	llamarse
去除	qu:chu	v.	eliminar
史上	shi:shang	n.	en la historia
门前	men:qian	n.	delante de la puerta
共同所有	gong:tong:suo:you	n.	copropiedad
困扰	kun:rao	v.	atormentar
日历	ri:li	n.	calendario
失踪	shi:zong	v.	desaparecer
解读	jie:du	v.	interpretar
建设用地	jian:she:yong:di	n.	suelo urbano
上方	shang:fang	n.	encima
行政管理部门	xing:zheng:guan:li:bu:men	n.	departamento administrativo
核桃	he:tao	n.	nuez
人身	ren:shen	n.	persona
可靠的	ke:kao:de	adj.	fiable
出示	chu:shi	v.	mostrar
国民党	guo:min:dang	n.	Kuomintang
曹操	cao:cao	n.	Cao Cao
现行	xian:xing	adj.	vigente
派出	pai:chu	v.	enviar
殴打	ou:da	v.	apaleador
哎	ai	int.	oh
友好	you:hao	adj.	amistoso
疫情	yi:qing	n.	situación epidémica
第二十一条	di:er:shi:yi:tiao	n.	audio 21
高原	gao:yuan	n.	meseta
御	yu	v.	conducir
供货	gong:huo	v.	suministrar
与时俱进	yu:shi:ju:jin	v.	avanzar con los tiempos
锅炉	guo:lu	n.	caldera
生死	sheng:si	n.	vida y muerte
监狱	jian:yu	n.	cárcel
填报	tian:bao	v.	rellenar y declarar
卧室	wo:shi	n.	dormitorio
辞职	ci:zhi	v.	dimitir
路面	lu:mian	n.	calzada
我司	wo:si	n.	nuestra empresa
业务员	ye:wu:yuan	n.	comercial
建设单位	jian:she:dan:wei	n.	entidad constructiva
域内	yu:nei	n.	intramuros
转入	zhuan:ru	v.	transferir a
无疑是	wu:yi:shi	adv.	indudablemente
著作权	zhu:zuo:quan	n.	derecho de autor
中毒	zhong:du	v.	envenenamiento
近几年	jin:ji:nian	n.	los últimos años
耐	nai	v.	soportar
惧	ju	v.	temer
真心	zhen:xin	adj.	sincero
真心	zhen:xin	n.	sinceridad
科技成果	ke:ji:cheng:guo	n.	logro científico
氏	shi	n.	nombre de clan
通知书	tong:zhi:shu	n.	notificación
人民检察院	ren:min:jian:cha:yuan	n.	fiscalía popular
向往	xiang:wang	v.	anselar
高出	gao:chu	v.	superar
辉	hui	n.	brillo
语种	yu:zhong	n.	lengua
四处	si:chu	adv.	en todas partes
扶	fu	v.	sostener
温和	wen:he	adj.	manso
网易	wang:yi	n.	NetEase
基础知识	ji:chu:zhi:shi	n.	conocimientos básicos
创造性	chuang:zao:xing	n.	creatividad
创造性	chuang:zao:xing	adj.	creativo
恢	hui	adj.	vasto
口腔	kou:qiang	n.	cavidad oral
困惑	kun:huo	adj.	perplejo
困惑	kun:huo	n.	confusión
中国政府	zhong:guo:zheng:fu	n.	gobierno chino
滚动	gun:dong	v.	desplazarse
滚动	gun:dong	v.	rodar
貌	mao	n.	apariencia
无不	wu:bu	adv.	sin excepción
顺便	shun:bian	adv.	de paso
路过	lu:guo	v.	pasar por
额	e	n.	frente
额	e	n.	importe
述	shu	v.	exponer
总共	zong:gong	adv.	en total
陈述	chen:shu	v.	exponer
陈述	chen:shu	n.	exposición
鉴于	jian:yu	prep.	dado
票	piao	n.	billete
票	piao	n.	voto
联网	lian:wang	v.	conectarse
财政部门	cai:zheng:bu:men	n.	departamento de finanzas
笔记	bi:ji	n.	apuntes
急须	ji:xu	v.	necesitar urgentemente
发扬	fa:yang	v.	fomentar
沈阳市	shen:yang:shi	n.	Shenyang
录制	lu:zhi	v.	grabar
录	lu	v.	grabar
开门	kai:men	v.	abrir
自主创新	zi:zhu:chuang:xin	n.	innovación autónoma
化妆	hua:zhuang	v.	maquillarse
学到	xue:dao	v.	aprender
失业	shi:ye	v.	quedar en paro
支付宝	zhi:fu:bao	n.	Alipay
陷阱	xian:jing	n.	trampa
杀死	sha:si	v.	matar
墙上	qiang:shang	n.	en la pared
饮用水	yin:yong:shui	n.	agua potable
南部	nan:bu	n.	sur
发展战略	fa:zhan:zhan:lve	n.	estrategia de desarrollo
代表团	dai:biao:tuan	n.	delegación
卡号	ka:hao	n.	número de tarjeta
男士	nan:shi	n.	caballero
特种	te:zhong	adj.	especial
被迫	bei:po	v.	ser obligado
多样	duo:yang	adj.	variado
陌生	mo:sheng	adj.	desconocido
膀	bang	n.	ala
较小	jiao:xiao	adj.	relativamente pequeño
央行	yang:hang	n.	banco central
经营活动	jing:ying:huo:dong	n.	actividad comercial
余额	yu:e	n.	saldo
第二十二条	di:er:shi:er:tiao	n.	artículo 22
白云	bai:yun	n.	nube blanca
一楼	yi:lou	n.	primer piso
精密	jing:mi	adj.	preciso
不安	bu:an	adj.	inquieto
言语	yan:yu	n.	palabras
投保	tou:bao	v.	contratar un seguro
差点	cha:dian	adv.	casi
器件	qi:jian	n.	dispositivo
长远	chang:yuan	adj.	a largo plazo
顶部	ding:bu	n.	cima
本报记者	ben:bao:ji:zhe	n.	periodista de este periódico
转发	zhuan:fa	v.	reenviar
页数	ye:shu	n.	número de páginas
镜像	jing:xiang	n.	espejo
阐述	chan:shu	v.	exponer
房租	fang:zu	n.	alquiler
乐观	le:guan	adj.	optimista
驱动程序	qu:dong:cheng:xu	n.	controlador
易于	yi:yu	v.	ser fácil de
外来	wai:lai	adj.	exterior
直属	zhi:shu	adj.	directamente subordinado
梦幻	meng:huan	adj.	ensordeñado
分会	fen:hui	n.	sección
校区	xiao:qu	n.	campus
各级政府	ge:ji:zheng:fu	n.	gobiernos de todos los niveles
预约	yu:yue	v.	reservar
鹰	ying	n.	águila
副教授	fu:jiao:shou	n.	profesor asociado
实惠	shi:hui	adj.	práctico y económico
通行	tong:xing	v.	transitar
督察	du:cha	n.	supervisor
法则	fa:ze	n.	ley
共享软件	gong:xiang:ruan:jian	n.	software de prueba
撸	lu	v.	golpear
孟	meng	n.	Meng (apellido)
沙漠	sha:mo	n.	desierto
送货上门	song:huo:shang:men	v.	entrega a domicilio
北京时间	bei:jing:shi:jian	n.	hora de Pekín
老鼠	lao:shu	n.	ratón
变换	bian:huan	v.	cambiar
品尝	pin:chang	v.	catar
惩罚	cheng:fa	v.	castigar
外商投资企业	wai:shang:tou:zi:qi:ye	n.	empresa de inversión extranjera
发帖数	fa:tie:shu	n.	número de publicaciones
入门	ru:men	v.	iniciarse
干预	gan:yu	v.	intervenir
三亚	san:ya	n.	Sanya
功勋	gong:xun	n.	mérito
拆除	chai:chu	v.	demoler
职场	zhi:chang	n.	lugar de trabajo
零售价	ling:shou:jia	n.	precio al por menor
脚下	jiao:xia	n.	a los pies
书画	shu:hua	n.	caligrafía y pintura
九月	jiu:yue	n.	septiembre
门诊	men:zhen	n.	consulta externa
停车场	ting:che:chang	n.	aparcamiento
递	di	v.	entregar
正当	zheng:dang	adj.	legítimo
一百	yi:bai	num.	cien
深入开展	shen:ru:kai:zhan	v.	llevar a cabo a fondo
指挥官	zhi:hui:guan	n.	comandante
叙述	xu:shu	v.	narrar
共识	gong:shi	n.	consenso
清新	qing:xin	adj.	fresco
发电	fa:dian	v.	generar electricidad
默默	mo:mo	adv.	silenciosamente
侮辱	wu:ru	v.	insultar
务实	wu:shi	adj.	pragmático
兼并	jian:bing	v.	fusionar
不停	bu:ting	adv.	sin parar
乐器	yue:qi	n.	instrumento musical
参见	can:jian	v.	ver (referencia)
平方	ping:fang	n.	cuadrado
说说	shuo:shuo	v.	hablar un poco
瑞	rui	adj.	auspicieux
本日	ben:ri	n.	este día
阴阳	yin:yang	n.	yin y yang
门外	men:wai	n.	fuera de la puerta
关系到	guan:xi:dao	v.	relacionar con
本章	ben:zhang	n.	este capítulo
文件名	wen:jian:ming	n.	nombre de archivo
唇	chun	n.	labio
震动	zhen:dong	v.	vibrar
震动	zhen:dong	n.	impacto
同等	tong:deng	adj.	igual
领导者	ling:dao:zhe	n.	líder
原先	yuan:xian	adv.	originalmente
每当	mei:dang	conj.	cada vez que
与否	yu:fou	conj.	o no
开机	kai:ji	v.	encender
人际关系	ren:ji:guan:xi	n.	relaciones interpersonales
暂	zan	adv.	temporalmente
货	huo	n.	mercancía
隧道	sui:dao	n.	túnel
动感	dong:gan	n.	sensación dinámica
琴	qin	n.	instrumento de cuerda
监察	jian:cha	v.	vigilar
留意	liu:yi	v.	fijarse
伴侣	ban:lv	n.	compañero
固定的	gu:ding:de	adj.	fijo
专业知识	zhuan:ye:zhi:shi	n.	conocimientos profesionales
代谢	dai:xie	n.	metabolismo
瀑布	pu:bu	n.	cascada
破产	po:chan	v.	quebrar
如实	ru:shi	adv.	fielmente
燃油	ran:you	n.	combustible
踪	zong	n.	rastro
白酒	bai:jiu	n.	licor chino
码	ma	n.	código
供应链	gong:ying:lian	n.	cadena de suministro
谈谈	tan:tan	v.	charlar
政协	zheng:xie	n.	CONSIChina
有利	you:li	adj.	favorable
灾难	zai:nan	n.	desastre
携手	xie:shou	v.	arraigar las manos
高贵	gao:gui	adj.	noble
慰	wei	v.	consolar
白领	bai:ling	n.	cuello blanco
营运	ying:yun	v.	operar
蛇	she	n.	serpiente
艺人	yi:ren	n.	artista
专业技术人员	zhuan:ye:ji:shu:ren:yuan	n.	personal técnico
不便	bu:bian	adj.	incomodo
客服电话	ke:fu:dian:hua	n.	teléfono de atención al cliente
隐私	yin:si	n.	privacidad
对外开放	dui:wai:kai:fang	v.	apertura al exterior
一号	yi:hao	n.	número uno
影音	ying:yin	n.	audiovisual
货到付款	huo:dao:fu:kuan	n.	pago contra entrega
玲	ling	n.	Ling
晕	yun	v.	desmayarse
晕	yun	adj.	mareado
副市长	fu:shi:zhang	n.	teniente de alcalde
损	sun	v.	dañar
损	sun	adj.	malicioso
中部	zhong:bu	n.	parte central
吖	a	int.	ah
吖	ya	part.	partícula final
急需	ji:xu	v.	necesitar con urgencia
下一批	xia:yi:pi	n.	próximo lote
晚餐	wan:can	n.	cena
邻居	lin:ju	n.	vecino
轩	xuan	n.	pabellón
粗	cu	adj.	grueso
更新日期	geng:xin:ri:qi	n.	fecha de actualización
掩	yan	v.	cubrir
掩	yan	v.	ocultar
屁	pi	n.	pedo
十月	shi:yue	n.	octubre
体质	ti:zhi	n.	constitución
外壳	wai:ke	n.	carcasa
悠	you	adj.	descansado
悠	you	v.	balancear
此文	ci:wen	n.	este texto
步入	bu:ru	v.	entrar en
机体	ji:ti	n.	fuselaje
机体	ji:ti	n.	cuerpo
卡片	ka:pian	n.	tarjeta
养护	yang:hu	v.	mantener
仰	yang	v.	alzar la mirada
凝聚	ning:ju	v.	condensar
凝聚	ning:ju	v.	converger
科技创新	ke:ji:chuang:xin	n.	innovación tecnológica
威力	wei:li	n.	poder
人民共和国	ren:min:gong:he:guo	n.	república popular
鸳鸯	yuan:yang	n.	pato mandarín
摄像机	she:xiang:ji	n.	cámara de vídeo
心理健康	xin:li:jian:kang	n.	salud mental
地方人民政府	di:fang:ren:min:zheng:fu	n.	gobierno popular local
企图	qi:tu	v.	intentar
企图	qi:tu	n.	intentos
内核	nei:he	n.	núcleo
丝毫	si:hao	n.	pelo
丝毫	si:hao	adv.	para nada
栽培	zai:pei	v.	cultivar
栽培	zai:pei	v.	formar
拼命	pin:ming	v.	arriesgar la vida
拼命	pin:ming	adv.	desesperadamente
新回复	xin:hui:fu	n.	nueva respuesta
奔驰	ben:chi	n.	Benz
奔驰	ben:chi	v.	galopar
教职工	jiao:zhi:gong	n.	personal docente
真空	zhen:kong	n.	vacío
有兴趣	you:xing:qu	v.	interesar
天线	tian:xian	n.	antena
零	ling	num.	cero
绘制	hui:zhi	v.	dibujar
中方	zhong:fang	n.	parte china
线上	xian:shang	adv.	en línea
至此	zhi:ci	adv.	hasta aquí
村里	cun:li	n.	en el pueblo
更多信息	geng:duo:xin:xi	n.	más información
不及	bu:ji	v.	no alcanzar
灵感	ling:gan	n.	inspiración
大方	da:fang	adj.	generoso
大方	da:fang	adj.	natural
古人	gu:ren	n.	antiguos
两边	liang:bian	n.	ambos lados
卖出	mai:chu	v.	vender
牌子	pai:zi	n.	marca
盟	meng	n.	alianza
途	tu	n.	camino
置于	zhi:yu	v.	colocar
滋润	zi:run	v.	humectar
滋润	zi:run	adj.	cómodo
沿海	yan:hai	n.	litoral
沿海	yan:hai	adj.	costero
海水	hai:shui	n.	agua de mar
贼	zei	n.	ladrón
有机会	you:ji:hui	v.	tener la oportunidad
下载速度	xia:zai:su:du	n.	velocidad de descarga
家产	jia:chan	n.	bienes familiares
视角	shi:jiao	n.	perspectiva
具体情况	ju:ti:qing:kuang	n.	situación concreta
发证	fa:zheng	v.	emitir certificados
开支	kai:zhi	n.	gastos
品味	pin:wei	n.	gusto
品味	pin:wei	v.	saborear
共产党	gong:chan:dang	n.	Partido Comunista
户名	hu:ming	n.	titular de la cuenta
洪	hong	n.	inundación
清晨	qing:chen	n.	amanecer
有关单位	you:guan:dan:wei	n.	organismos pertinentes
机组	ji:zu	n.	tripulación
离不开	li:bu:kai	v.	inseparable de
长期以来	chang:qi:yi:lai	adv.	durante mucho tiempo
政权	zheng:quan	n.	poder político
悟	wu	v.	comprender
图文	tu:wen	n.	imágenes y texto
感激	gan:ji	v.	estar agradecido
服务质量	fu:wu:zhi:liang	n.	calidad del servicio
思想政治	si:xiang:zheng:zhi	n.	ideología y política
挫折	cuo:zhe	n.	contratiempo
挫折	cuo:zhe	v.	frustrarse
发了	fa:le	v.	enviar
发了	fa:le	v.	hacerse rico
定时	ding:shi	adv.	periódicamente
定时	ding:shi	adj.	programado
不止	bu:zhi	adv.	más de
不止	bu:zhi	v.	no detenerse
亲人	qin:ren	n.	familiar
关节	guan:jie	n.	articulación
关节	guan:jie	n.	punto clave
癌症	ai:zheng	n.	cáncer
蓝牙	lan:ya	n.	Bluetooth
导弹	dao:dan	n.	misil
市场竞争	shi:chang:jing:zheng	n.	competencia de mercado
各种各样	ge:zhong:ge:yang	adj.	de toda clase
地理位置	di:li:wei:zhi	n.	ubicación geográfica
主要原因	zhu:yao:yuan:yin	n.	causa principal
向下	xiang:xia	adv.	hacia abajo
固	gu	adj.	sólido
固	gu	adv.	sólidamente
固	gu	adv.	desde luego
人选	ren:xuan	n.	candidato
占地面积	zhan:di:mian:ji	n.	superficie ocupada
十几	shi:ji	num.	diecetrece a diecinueve
窗外	chuang:wai	n.	fuera de la ventana
风味	feng:wei	n.	sabor
进一步提高	jin:yi:bu:ti:gao	v.	mejorar aún más
新城	xin:cheng	n.	ciudad nueva
天上	tian:shang	n.	cielo
高级会员	gao:ji:hui:yuan	n.	miembro premium
清醒	qing:xing	adj.	lúcido
清醒	qing:xing	v.	recobrar el conocimiento
重要内容	zhong:yao:nei:rong	n.	contenido importante
往返	wang:fan	v.	ir y volver
往返	wang:fan	n.	ida y vuelta
原则上	yuan:ze:shang	adv.	en principio
青团	qing:tuan	n.	bola de arroz verde
近年	jin:nian	n.	últimos años
三维	san:wei	n.	tres dimensiones
开出	kai:chu	v.	florecer
开出	kai:chu	v.	abrir
商量	shang:liang	v.	discutir
讶	ya	adj.	sorprendido
学时	xue:shi	n.	hora de clase
污染物	wu:ran:wu	n.	contaminante
捕捉	bu:zhuo	v.	capturar
捕捉	bu:zhuo	v.	aprovechar
思想道德	si:xiang:dao:de	n.	ideología y moral
整天	zheng:tian	adv.	todo el día
使者	shi:zhe	n.	enviado
标明	biao:ming	v.	indicar
冬	dong	n.	invierno
说起	shuo:qi	v.	mencionar
滑	hua	v.	deslizarse
抢救	qiang:jiu	v.	rescatar
抢救	qiang:jiu	v.	reanimar
男朋友	nan:peng:you	n.	novio
治安	zhi:an	n.	seguridad pública
有趣	you:qu	adj.	interesante
拓宽	tuo:kuan	v.	ensanchar
日出	ri:chu	n.	amanecer
细分	xi:fen	v.	subdividir
批发市场	pi:fa:shi:chang	n.	mercado mayorista
酒精	jiu:jing	n.	alcohol
甜	tian	adj.	dulce
副总经理	fu:zong:jing:li	n.	gerente general adjunto
剩下的	sheng:xia:de	adj.	restante
关心的	guan:xin:de	adj.	interesado
慢慢地	man:man:de	adv.	lentamente
氧化	yang:hua	v.	oxidar
哪怕	na:pa	conj.	aun si
流域	liu:yu	n.	cuenca
化解	hua:jie	v.	resolver
过大	guo:da	adj.	excesivo
举措	ju:cuo	n.	medida
郁	yu	adj.	melancólico
形容	xing:rong	v.	describir
松下	song:xia	n.	Panasonic
专人	zhuan:ren	n.	persona encargada
期限内	qi:xian:nei	n.	dentro del plazo
五月	wu:yue	n.	mayo
响起	xiang:qi	v.	sonar
穿越	chuan:yue	v.	atravesar
琳	lin	n.	jade fino
租用	zu:yong	v.	alquilar
辆	liang	mw.	para vehículos
山庄	shan:zhuang	n.	villa de montaña
漫长	man:chang	adj.	larguísimo
支持下	zhi:chi:xia	n.	con apoyo
外国人	wai:guo:ren	n.	extranjero
赛车	sai:che	n.	coche de carreras
信赖	xin:lai	v.	confiar
乃	nai	adv.	es decir
有必要	you:bi:yao	adj.	necesario
摘自	zhai:zi	v.	extraído de
赌博	du:bo	v.	gambling
椅子	yi:zi	n.	silla
猪	zhu	n.	cerdo
近代	jin:dai	n.	era moderna
推荐的	tui:jian:de	adj.	recomendado
手臂	shou:bi	n.	brazo
电商	dian:shang	n.	comercio electrónico
一点点	yi:dian:dian	adv.	un poco
疗法	liao:fa	n.	terapia
宁波市	ning:bo:shi	n.	Ningbo
拥抱	yong:bao	v.	abrazar
邓小平	deng:xiao:ping	n.	Deng Xiaoping
暖	nuan	adj.	cálido
挣	zheng	v.	ganar
走路	zou:lu	v.	caminar
新帖	xin:tie	n.	nueva publicación
准备工作	zhun:bei:gong:zuo	n.	preparación
有限的	you:xian:de	adj.	limitado
定向	ding:xiang	v.	orientar
这是因为	zhe:shi:yin:wei	conj.	esto se debe a
一大批	yi:da:pi	num.	un gran lote
奖项	jiang:xiang	n.	premio
边界	bian:jie	n.	frontera
可以选择	ke:yi:xuan:ze	v.	poder elegir
产品规格	chan:pin:gui:ge	n.	especificaciones del producto
下方	xia:fang	n.	parte inferior
加剧	jia:ju	v.	agravar
通讯地址	tong:xun:di:zhi	n.	dirección
期间的	qi:jian:de	adj.	durante el período
社会团体	she:hui:tuan:ti	n.	organización social
球场	qiu:chang	n.	cancha
西安市	xi:an:shi	n.	Xi'an
元旦	yuan:dan	n.	Año Nuevo
副所长	fu:suo:zhang	n.	subdirector
所长	suo:zhang	n.	director
男友	nan:you	n.	novio
立项	li:xiang	v.	aprobar un proyecto
人心	ren:xin	n.	ánimos
免费下载	mian:fei:xia:zai	v.	descarga gratuita
质地	zhi:di	n.	textura
印章	yin:zhang	n.	sello
清水	qing:shui	n.	agua clara
米饭	mi:fan	n.	arroz cocido
车次	che:ci	n.	número de tren
第二十三条	di:er:shi:san:tiao	num.	artículo 23
推翻	tui:fan	v.	derrocar
成功地	cheng:gong:de	adv.	con éxito
总理	zong:li	n.	primer ministro
深深的	shen:shen:de	adj.	profundo
旦	dan	n.	amanecer
信托	xin:tuo	n.	fideicomiso
估	gu	v.	estimar
比起	bi:qi	prep.	comparado con
本专业	ben:zhuan:ye	n.	esta especialidad
坦	tan	adj.	franco
年月日	nian:yue:ri	n.	fecha
惠普	hui:pu	n.	HP
薪水	xin:shui	n.	salario
通话	tong:hua	n.	llamada
碰撞	peng:zhuang	v.	chocar
从来没有	cong:lai:mei:you	adv.	nunca
须知	xu:zhi	n.	aviso
灰色	hui:se	n.	gris
中国市场	zhong:guo:shi:chang	n.	mercado chino
替换	ti:huan	v.	reemplazar
宽容	kuan:rong	adj.	tolerante
恶心	e:xin	v.	tener náuseas
恶心	e:xin	adj.	repugnante
核对	he:dui	v.	cotejar
其间	qi:jian	n.	mientras tanto
第一名	di:yi:ming	n.	el primer lugar
噪音	zao:yin	n.	ruido
肩膀	jian:bang	n.	hombro
树木	shu:mu	n.	árbol
机床	ji:chuang	n.	máquina herramienta
酸奶	suan:nai	n.	yogur
流失	liu:shi	v.	perderse
甘	gan	adj.	dulce
瓶颈	ping:jing	n.	cuello de botella
基础设施建设	ji:chu:she:shi:jian:she	n.	construcción de infraestructura
阀门	fa:men	n.	válvula
否认	fou:ren	v.	negar
乌鲁木齐	wu:lu:mu:qi	n.	Ürümqi
水电	shui:dian	n.	hidroelectricidad
水电	shui:dian	n.	agua y electricidad
实施细则	shi:shi:xi:ze	n.	normas de aplicación
高性能	gao:xing:neng	adj.	de alto rendimiento
下滑	xia:hua	v.	deslizar hacia abajo
高山	gao:shan	n.	montaña alta
佩	pei	v.	llevar
佩	pei	v.	admirar
劳务	lao:wu	n.	trabajo
启示	qi:shi	n.	revelación
启示	qi:shi	n.	inspiración
基金会	ji:jin:hui	n.	fundación
微生物	wei:sheng:wu	n.	microorganismo
精通	jing:tong	v.	dominar
会展	hui:zhan	n.	exposición
莱	lai	n.	chenopodio
半导体	ban:dao:ti	n.	semiconductor
副部长	fu:bu:zhang	n.	viceministro
不明	bu:ming	adj.	poco claro
法学院	fa:xue:yuan	n.	facultad de derecho
发表者	fa:biao:zhe	n.	publicador
企业发展	qi:ye:fa:zhan	n.	desarrollo empresarial
香味	xiang:wei	n.	aroma
没办法	mei:ban:fa	v.	no tener remedio
享	xiang	v.	disfrutar
演奏	yan:zou	v.	interpretar
争夺	zheng:duo	v.	disputar
吼	hou	v.	gritar
吼	hou	n.	grito
批量	pi:liang	n.	lote
构	gou	v.	construir
娃娃	wa:wa	n.	muñeca
现货	xian:huo	n.	mercancía
秋季	qiu:ji	n.	otoño
所得税	suo:de:shui	n.	impuesto sobre la renta
电子政务	dian:zi:zheng:wu	n.	gobierno electrónico
前所未有	qian:suo:wei:you	adj.	sin precedentes
绝望	jue:wang	n.	desesperación
绝望	jue:wang	v.	desesperar
共青团	gong:qing:tuan	n.	Liga de la Juventud Comunista
央视	yang:shi	n.	CCTV
不该	bu:gai	v.	no deber
这边	zhe:bian	pron.	aquí
禁用	jin:yong	v.	deshabilitar
职业技术学院	zhi:ye:ji:shu:xue:yuan	n.	instituto técnico
旋律	xuan:lv	n.	melodía
联合会	lian:he:hui	n.	federación
很是	hen:shi	adv.	muy
付费	fu:fei	v.	pagar
助手	zhu:shou	n.	asistente
寒冷	han:leng	adj.	frío
修养	xiu:yang	n.	cultivo
价钱	jia:qian	n.	precio
管理中心	guan:li:zhong:xin	n.	centro de gestión
一夜	yi:ye	n.	una noche
赞助	zan:zhu	v.	patrocinar
赞助	zan:zhu	n.	patrocinio
管理层	guan:li:ceng	n.	dirección
粉	fen	n.	polvo
粉	fen	adj.	rosa
开头	kai:tou	n.	comienzo
生产商	sheng:chan:shang	n.	fabricante
桌子	zhuo:zi	n.	mesa
工序	gong:xu	n.	proceso
以色列	yi:se:lie	n.	Israel
经贸	jing:mao	n.	economía y comercio
社会化	she:hui:hua	v.	socializar
社会化	she:hui:hua	n.	socialización
吻	wen	v.	besar
吻	wen	n.	beso
行人	xing:ren	n.	peatón
不顾	bu:gu	v.	sin considerar
绍兴	shao:xing	n.	Shaoxing
纵横	zong:heng	v.	recorrer
智能化	zhi:neng:hua	v.	inteligentizar
智能化	zhi:neng:hua	n.	inteligentización
家教	jia:jiao	n.	preceptor
家教	jia:jiao	n.	educación familiar
潜	qian	v.	bucear
潜	qian	adj.	oculto
编译	bian:yi	v.	compilar
难免	nan:mian	adj.	inevitable
难免	nan:mian	adv.	inevitablemente
往来	wang:lai	v.	relacionarse
往来	wang:lai	n.	relaciones
防守	fang:shou	v.	defender
防守	fang:shou	n.	defensa
登上	deng:shang	v.	subir
巨头	ju:tou	n.	magnate
上司	shang:si	n.	jefe
其他人	qi:ta:ren	n.	otras personas
瓶	ping	mw.	botella
上架	shang:jia	v.	colocar en estante
上架	shang:jia	v.	lanzarse
景象	jing:xiang	n.	escena
光滑	guang:hua	adj.	liso
抵抗	di:kang	v.	resistir
抵抗	di:kang	n.	resistencia
驾校	jia:xiao	n.	autoescuela
错过	cuo:guo	v.	perder
网点	wang:dian	n.	sucursal
网点	wang:dian	n.	nodo de red
飞翔	fei:xiang	v.	volar
偶	ou	n.	ídolo
偶	ou	num.	par
偶	ou	adv.	por casualidad
图层	tu:ceng	n.	capa
身为	shen:wei	v.	ser como
戒	jie	v.	abandonar
戒	jie	n.	preceptos
单个	dan:ge	adj.	individual
合金	he:jin	n.	aleación
吉祥	ji:xiang	adj.	propicio
第一批	di:yi:pi	num.	primer lote
十足	shi:zu	adj.	voll
双向	shuang:xiang	adj.	bidireccional
春秋	chun:qiu	n.	primavera y otoño
春秋	chun:qiu	n.	años
整整	zheng:zheng	adv.	entero
协同	xie:tong	v.	coordinar
协同	xie:tong	adj.	colaborativo
副总裁	fu:zong:cai	n.	vicepresidente
浓	nong	adj.	espeso
浓	nong	adj.	intenso
毁	hui	v.	destruir
销	xiao	v.	vender
销	xiao	v.	cancelar
度过	du:guo	v.	pasar
银子	yin:zi	n.	plata
不信	bu:xin	v.	no creer
迪	di	v.	iluminar
产业链	chan:ye:lian	n.	cadena industrial
紧紧	jin:jin	adv.	firmemente
签发	qian:fa	v.	firmar y emitir
贵阳	gui:yang	n.	Guiyang
车内	che:nei	n.	interior del coche
偶像	ou:xiang	n.	ídolo
人力资源管理	ren:li:zi:yuan:guan:li	n.	gestión de recursos humanos
祝贺	zhu:he	v.	felicitar
祝贺	zhu:he	n.	felicitaciones
拒	ju	v.	rechazar
渔业	yu:ye	n.	pesca
原装	yuan:zhuang	adj.	original
所在地区	suo:zai:di:qu	n.	región
医疗卫生	yi:liao:wei:sheng	n.	sanidad
绕	rao	v.	rodear
我们党	wo:men:dang	n.	nuestro partido
热水	re:shui	n.	agua caliente
能力强	neng:li:qiang	adj.	capaz
雕塑	diao:su	n.	escultura
雕塑	diao:su	v.	esculpir
埃及	ai:ji	n.	Egipto
使用的	shi:yong:de	adj.	usado
影史	ying:shi	n.	historia del cine
骄傲	jiao:ao	adj.	orgulloso
骄傲	jiao:ao	n.	orgullo
找了	zhao:le	v.	busqué
拉动	la:dong	v.	impulsar
放行	fang:xing	v.	dejar pasar
跳舞	tiao:wu	v.	bailar
登山	deng:shan	v.	hacer montañismo
自带	zi:dai	v.	traer propio
有力的	you:li:de	adj.	poderoso
市内	shi:nei	n.	dentro de la ciudad
柔和	rou:he	adj.	suave
光荣	guang:rong	adj.	glorioso
光荣	guang:rong	n.	honor
一经	yi:jing	conj.	una vez que
勒	le	v.	frenar
勒	lei	v.	estrangular
捐款	juan:kuan	n.	donación
捐款	juan:kuan	v.	donar
来临	lai:lin	v.	llegar
不稳定	bu:wen:ding	adj.	inestable
底部	di:bu	n.	fondo
伸出	shen:chu	v.	extender
也不知道	ye:bu:zhi:dao	v.	no tener idea
瑞典	rui:dian	n.	Suecia
山的	shan:de	adj.	de montaña
知识分子	zhi:shi:fen:zi	n.	intelectual
朗	lang	adj.	brillante
发热	fa:re	v.	tener fiebre
借款	jie:kuan	n.	préstamo
借款	jie:kuan	v.	pedir prestado
教会	jiao:hui	n.	iglesia
教会	jiao:hui	v.	enseñar
将近	jiang:jin	adv.	casi
每一次	mei:yi:ci	pron.	cada vez
前方	qian:fang	n.	delante
只得	zhi:de	adv.	no tener más remedio
豆浆	dou:jiang	n.	leche de soja
桌上	zhuo:shang	n.	sobre la mesa
十二月	shi:er:yue	n.	diciembre
毫升	hao:sheng	n.	mililitro
中央电视台	zhong:yang:dian:shi:tai	n.	CCTV
没错	mei:cuo	adj.	correcto
窗户	chuang:hu	n.	ventana
西门子	xi:men:zi	n.	Siemens
面临着	mian:lin:zhe	v.	encarar
评议	ping:yi	v.	comentar
面部	mian:bu	n.	cara
流传	liu:chuan	v.	difundirse
四季	si:ji	n.	cuatro estaciones
违背	wei:bei	v.	violar
词语	ci:yu	n.	palabra
着手	zhuo:shou	v.	comenzar
嘻	xi	onom.	carcajada
金山	jin:shan	n.	monte de oro
这一次	zhe:yi:ci	n.	esta vez
那儿	na:er	pron.	allí
第三个	di:san:ge	n.	tercero
尾	wei	n.	cola
善良	shan:liang	adj.	bondadoso
东南	dong:nan	n.	sureste
帐	zhang	n.	cuenta
何况	he:kuang	conj.	por no hablar
过客	guo:ke	n.	transeúnte
废	fei	adj.	desuso
速率	su:lv	n.	velocidad
冶金	ye:jin	n.	metalurgia
万一	wan:yi	conj.	por si acaso
延	yan	v.	prolongar
机器人	ji:qi:ren	n.	robot
路由	lu:you	n.	enrutamiento
教案	jiao:an	n.	plan de clase
推介	tui:jie	v.	promover
六月	liu:yue	n.	junio
衔接	xian:jie	v.	conectar
敲	qiao	v.	golper
来回	lai:hui	adv.	ida y vuelta
烂	lan	adj.	podrido
自考	zi:kao	n.	examen autodidacta
经济建设	jing:ji:jian:she	n.	desarrollo económico
白糖	bai:tang	n.	azúcar blanco
创立	chuang:li	v.	fundar
文书	wen:shu	n.	documentos
带头	dai:tou	v.	liderar
独有	du:you	adj.	exclusivo
美白	mei:bai	v.	blanquear
曼	man	n.	Mann
紫色	zi:se	n.	púrpura
厌	yan	v.	detestar
色泽	se:ze	n.	color y brillo
宜	yi	adj.	adecuado
路边	lu:bian	n.	carretera
新华	xin:hua	n.	Xinhua
中学生	zhong:xue:sheng	n.	instituto
圣诞节	sheng:dan:jie	n.	Navidad
几分	ji:fen	num.	varios
羞	xiu	adj.	vergonzoso
勉强	mian:qiang	adv.	a duras penas
指着	zhi:zhe	v.	señalar
喂	wei	int.	hola
喂	wei	v.	alimentar
敢于	gan:yu	v.	atrever
中文版	zhong:wen:ban	n.	edición china
投产	tou:chan	v.	puesta en producción
在一些	zai:yi:xie	prep.	en algunos
建立一个	jian:li:yi:ge	v.	establecer uno
方便面	fang:bian:mian	n.	fideos instantáneos
吟	yin	v.	recitar
您还	nin:hai	pron.	usted todavía
七月	qi:yue	n.	julio
声誉	sheng:yu	n.	reputación
时装	shi:zhuang	n.	modas
歌声	ge:sheng	n.	canto
普查	pu:cha	n.	encuesta general
这个世界	zhe:ge:shi:jie	n.	este mundo
滴	di	mw.	gota
滴	di	v.	gotear
拉萨	la:sa	n.	Lhasa
分组	fen:zu	v.	dividir en grupos
分组	fen:zu	n.	agrupación
候选人	hou:xuan:ren	n.	candidato
快感	kuai:gan	n.	placer
龙头企业	long:tou:qi:ye	n.	empresa líder
洲	zhou	n.	continente
爹	die	n.	papá
艳	yan	adj.	llamativo
之所	zhi:suo	part.	(lo que)~
比亚迪	bi:ya:di	n.	BYD
晴	qing	adj.	despejado
可口可乐	ke:kou:ke:le	n.	Coca-Cola
示例	shi:li	n.	ejemplo
一味	yi:wei	adv.	sistemáticamente
武林	wu:lin	n.	mundo de las artes marciales
进军	jin:jun	v.	avanzar hacia
看了看	kan:le:kan	v.	echar un vistazo
意图	yi:tu	n.	intención
印发	yin:fa	v.	imprimir y distribuir
起身	qi:shen	v.	levantarse
想让	xiang:rang	v.	querer dejar
要知道	yao:zhi:dao	v.	hay que saber
坚实的	jian:shi:de	adj.	sólido
星期	xing:qi	n.	semana
几乎是	ji:hu:shi	adv.	es casi
抚	fu	v.	acariciar
十个	shi:ge	num.	diez
澳洲	ao:zhou	n.	Australia
显示出	xian:shi:chu	v.	mostrar
社会科学	she:hui:ke:xue	n.	ciencias sociales
转帖	zhuan:tie	v.	republicar
转帖	zhuan:tie	n.	reposteo
小儿	xiao:er	n.	niño pequeño
前途	qian:tu	n.	porvenir
外交	wai:jiao	n.	diplomacia
评委	ping:wei	n.	miembro del jurado
格外	ge:wai	adv.	especialmente
演唱会	yan:chang:hui	n.	concierto
约会	yue:hui	n.	cita
约会	yue:hui	v.	citar
缩	suo	v.	encoger
外包	wai:bao	v.	externalización
索取	suo:qu	v.	exigir
援助	yuan:zhu	n.	ayuda
援助	yuan:zhu	v.	ayudar
经营权	jing:ying:quan	n.	derecho de explotación
爱国	ai:guo	v.	amar a la patria
第二十四条	di:er:shi:si:tiao	n.	artículo 24
农机	nong:ji	n.	maquinaria agrícola
县政府	xian:zheng:fu	n.	gobierno del condado
加之	jia:zhi	adv.	además
去掉	qu:diao	v.	quitar
三月	san:yue	n.	marzo
手下	shou:xia	n.	subordinado
图例	tu:li	n.	leyenda
嘴唇	zui:chun	n.	labio
大桥	da:qiao	n.	gran puente
协	xie	v.	asistir
景色	jing:se	n.	paisaje
庆祝	qing:zhu	v.	celebrar
内容简介	nei:rong:jian:jie	n.	resumen del contenido
北海	bei:hai	n.	Beihai
脖子	bo:zi	n.	cuello
出身	chu:shen	n.	origen
叔叔	shu:shu	n.	tío
卡通	ka:tong	n.	dibujos animados
详细内容	xiang:xi:nei:rong	n.	detalle del contenido
真相	zhen:xiang	n.	verdad
养老	yang:lao	v.	sostener a los ancianos
骗子	pian:zi	n.	estafador
央	yang	v.	suplicar
货款	huo:kuan	n.	pago de mercancías
不许	bu:xu	v.	no permitir
着重	zhuo:zhong	v.	hacer hincapié
着重	zhuo:zhong	adv.	especialmente
战胜	zhan:sheng	v.	vencer
信贷	xin:dai	n.	crédit
悔	hui	v.	arrepentirse
艹	cao	n.	radical de hierba
常委会	chang:wei:hui	n.	comité permanente
密切	mi:qie	adj.	t próximo
乙醇	yi:chun	n.	etanol
相关资料	xiang:guan:zi:liao	n.	material relacionado
行列	hang:lie	n.	filas
仿真	fang:zhen	n.	simulación
旅馆	lv:guan	n.	hotel
逍遥	xiao:yao	adj.	libre
直接责任人员	zhi:jie:ze:ren:ren:yuan	n.	responsable directo
坐着	zuo:zhe	v.	sentar
油脂	you:zhi	n.	grasas
总面积	zong:mian:ji	n.	área total
假期	jia:qi	n.	vacaciones
询价	xun:jia	v.	solicitar cotización
病变	bing:bian	n.	lesión
市政	shi:zheng	n.	administración municipal
不包括	bu:bao:kuo	v.	no incluir
盛大	sheng:da	adj.	magnífico
看待	kan:dai	v.	considerar
长大	zhang:da	v.	crecer
申明	shen:ming	v.	declarar
红柿	hong:shi	n.	tomate alargada
分管	fen:guan	v.	administrar una sección
客运	ke:yun	n.	transporte de pasajeros
肚子	du:zi	n.	vientre
化肥	hua:fei	n.	fertilizante químico
肖	xiao	n.	Xiao (apellido)
内心的	nei:xin:de	adj.	interior
缠	chan	v.	enredar
脆	cui	adj.	crujiente
总线	zong:xian	n.	bus (informática)
老化	lao:hua	v.	envejecer
开工	kai:gong	v.	comenzar las obras
痕	hen	n.	huella
心思	xin:si	n.	pensamiento
大片	da:pian	n.	superproducción
生命力	sheng:ming:li	n.	vitalidad
新课程	xin:ke:cheng	n.	nuevo plan de estudios
软件开发	ruan:jian:kai:fa	n.	desarrollo de software
出品	chu:pin	v.	producir
出行	chu:xing	v.	desplazarse
官方网站	guan:fang:wang:zhan	n.	sitio web oficial
买入	mai:ru	v.	comprar
伍	wu	num.	cinco
看书	kan:shu	v.	leer
病例	bing:li	n.	caso médico
气势	qi:shi	n.	ímpetu
寂	ji	adj.	solitario
何种	he:zhong	pron.	qué clase
流畅	liu:chang	adj.	fluido
达标	da:biao	v.	cumplir la norma
政务	zheng:wu	n.	asuntos gubernamentales
直播	zhi:bo	n.	transmisión en directo
得意	de:yi	adj.	engreído
咳嗽	ke:sou	v.	toser
行了	xing:le	v.	ya basta
个人资料	ge:ren:zi:liao	n.	datos personales
编辑器	bian:ji:qi	n.	editor
未必	wei:bi	adv.	no necesariamente
住所	zhu:suo	n.	domicilio
杀毒软件	sha:du:ruan:jian	n.	antivirus
牛肉	niu:rou	n.	carne de vaca
阶层	jie:ceng	n.	capa social
掌握了	zhang:wo:le	v.	ha dominado
子宫	zi:gong	n.	útero
丰田	feng:tian	n.	Toyota
封面	feng:mian	n.	cubierta
告别	gao:bie	v.	despedirse
发现自己	fa:xian:zi:ji	v.	descubrirse
国家机关	guo:jia:ji:guan	n.	organismo estatal
但又	dan:you	conj.	pero también
红包	hong:bao	n.	sobre rojo
但没	dan:mei	conj.	pero no
有哪些	you:na:xie	v.	cuáles hay
店里	dian:li	n.	en la tienda
产品价格	chan:pin:jia:ge	n.	precio del producto
潜能	qian:neng	n.	potencial
请通知	qing:tong:zhi	v.	por favor notifique
圆形	yuan:xing	n.	círculo
老头	lao:tou	n.	viejo
万物	wan:wu	n.	todas las cosas
看完	kan:wan	v.	terminar de leer
发展中国家	fa:zhan:zhong:guo:jia	n.	país en vías de desarrollo
医治	yi:zhi	v.	tratar
为她	wei:ta	prep.	por ella
呼吁	hu:yu	v.	hacer un llamamiento
地形	di:xing	n.	relieve
袭击	xi:ji	v.	atacar
第二届	di:er:jie	num.	segunda (edición)
刚开始	gang:kai:shi	adv.	acaba de empezar
信息来源	xin:xi:lai:yuan	n.	fuente de información
遗传	yi:chuan	n.	herencia
近来	jin:lai	adv.	últimamente
民营	min:ying	adj.	privado
执业资格	zhi:ye:zi:ge	n.	cualificación profesional
亮相	liang:xiang	v.	presentarse
启	qi	v.	abrir
保湿	bao:shi	v.	hidratar
几句	ji:ju	num.	unas frases
翔	xiang	v.	planear
悬挂	xuan:gua	v.	colgar
路段	lu:duan	n.	tramo de carretera
毫克	hao:ke	mw.	miligramo
为确保	wei:que:bao	conj.	para asegurar
阻力	zu:li	n.	resistencia
避开	bi:kai	v.	evitar
是一项	shi:yi:xiang	v.	es un (ítem)
心目中	xin:mu:zhong	n.	en la mente
坦克	tan:ke	n.	tanque
薄	bao	adj.	fino
薄	bo	adj.	débil
旅游局	lv:you:ju	n.	oficina de turismo
名词	ming:ci	n.	sustantivo
服务商	fu:wu:shang	n.	proveedor de servicios
很重要	hen:zhong:yao	adj.	muy importante
阿姨	a:yi	n.	tía
阿姨	a:yi	n.	niñera
狮子	shi:zi	n.	león
资本主义	zi:ben:zhu:yi	n.	capitalismo
普洱茶	pu:er:cha	n.	té Pu'er
奖品	jiang:pin	n.	premio
集装箱	ji:zhuang:xiang	n.	contenedor
皮革	pi:ge	n.	cuero
货运	huo:yun	n.	carga
价款	jia:kuan	n.	precio
自学	zi:xue	v.	aprender por cuenta propia
丰富多彩	feng:fu:duo:cai	adj.	rico y variado
倾斜	qing:xie	v.	inclinarse
倾斜	qing:xie	adj.	inclinado
浑身	hun:shen	adv.	en todo el cuerpo
挣扎	zheng:zha	v.	debadirse
相遇	xiang:yu	v.	encontrarse
向外	xiang:wai	adv.	hacia afuera
跟随	gen:sui	v.	seguir
权属	quan:shu	n.	titularidad
日本人	ri:ben:ren	n.	japonés
打折	da:zhe	v.	hacer descuento
占领	zhan:ling	v.	ocupar
千克	qian:ke	n.	kilogramo
真情	zhen:qing	n.	sentimientos sinceros
项目经理	xiang:mu:jing:li	n.	director de proyecto
抓紧	zhua:jin	v.	agarrar firmemente
抓紧	zhua:jin	v.	darse prisa
侯	hou	n.	marqués
侯	hou	n.	apellido Hou
西红柿	xi:hong:shi	n.	tomate
理科	li:ke	n.	ciencias
调度	diao:du	v.	despachar
调度	diao:du	n.	despacho
商品型号	shang:pin:xing:hao	n.	modelo de producto
劝	quan	v.	persuadir
高三	gao:san	n.	tercer año de bachillerato
保温	bao:wen	v.	mantener el calor
开辟	kai:pi	v.	abrir
一共	yi:gong	adv.	en total
浓郁	nong:yu	adj.	intenso
填充	tian:chong	v.	rellenar
温州市	wen:zhou:shi	n.	Wenzhou
招聘职位	zhao:pin:zhi:wei	n.	oferta de trabajo
风景区	feng:jing:qu	n.	zona pintoresca
单位名称	dan:wei:ming:cheng	n.	nombre de la organización
时段	shi:duan	n.	franja horaria
法律规定	fa:lv:gui:ding	n.	disposición legal
远处	yuan:chu	n.	lejanía
资本市场	zi:ben:shi:chang	n.	mercado de capitales
节制	jie:zhi	v.	modera
郭	guo	n.	apellido Guo
奴	nu	n.	esclavo
鸣	ming	v.	cantar
花钱	hua:qian	v.	gastar dinero
破解版	po:jie:ban	n.	versión crackeada
兴建	xing:jian	v.	construir
鲁迅	lu:xun	n.	Lu Xun
地步	di:bu	n.	grado
工程项目	gong:cheng:xiang:mu	n.	proyecto de ingeniería
倾	qing	v.	inclinar
招聘信息	zhao:pin:xin:xi	n.	oferta de trabajo
打分	da:fen	v.	puntuar
动人	dong:ren	adj.	conmovedor
性交	xing:jiao	v.	coito
学期	xue:qi	n.	semestre
采取措施	cai:qu:cuo:shi	v.	tomar medidas
研究人员	yan:jiu:ren:yuan	n.	investigador
内向	nei:xiang	adj.	introvertido
彩虹	cai:hong	n.	arcoíris
局域网	ju:yu:wang	n.	red de área local
到期	dao:qi	v.	vencer
买房	mai:fang	v.	comprar una vivienda
公关	gong:guan	n.	relaciones públicas
南海	nan:hai	n.	mar del Sur de China
匆匆	cong:cong	adj.	apresurado
出差	chu:chai	v.	viajar por trabajo
个股	ge:gu	n.	acción individual
前列	qian:lie	n.	primeras filas
质疑	zhi:yi	v.	cuestionar
台阶	tai:jie	n.	escalón
悲哀	bei:ai	adj.	triste
经营理念	jing:ying:li:nian	n.	filosofía empresarial
彼	bi	pron.	aquel
考评	kao:ping	v.	evaluar
首家	shou:jia	n.	primera empresa
扩散	kuo:san	v.	difundirse
有种	you:zhong	adj.	tener agallas
被告人	bei:gao:ren	n.	acusado
全民	quan:min	n.	todo el pueblo
字幕	zi:mu	n.	subtítulos
平民	ping:min	n.	civil
副会长	fu:hui:zhang	n.	vicepresidente
尊严	zun:yan	n.	dignidad
卖场	mai:chang	n.	centro commercial
从业	cong:ye	v.	ejercer una profesión
美人	mei:ren	n.	belleza
异地	yi:di	n.	otro lugar
激素	ji:su	n.	hormona
侧面	ce:mian	n.	lado
来访	lai:fang	v.	venir de visita
扔	reng	v.	tirar
登记表	deng:ji:biao	n.	formulario de registro
好朋友	hao:peng:you	n.	buen amigo
撒	sa	v.	esparcir
种族	zhong:zu	n.	raza
药店	yao:dian	n.	farmacia
共同努力	gong:tong:nu:li	v.	trabajar juntos
几乎所有	ji:hu:suo:you	adj.	casi todos
豫	yu	n.	Henan
感慨	gan:kai	v.	conmoverse
存档	cun:dang	v.	archivar
风水	feng:shui	n.	feng shui
先行	xian:xing	v.	ir adelante
党员干部	dang:yuan:gan:bu	n.	miembro y cuadro del partido
青岛市	qing:dao:shi	n.	ciudad de Qingdao
佩服	pei:fu	v.	admirar
质量问题	zhi:liang:wen:ti	n.	problema de calidad
故乡	gu:xiang	n.	ciudad natal
改装	gai:zhuang	v.	modificar
举动	ju:dong	n.	acto
当下	dang:xia	n.	en este momento
优美	you:mei	adj.	bello
检	jian	v.	inspeccionar
妨碍	fang:ai	v.	estorbar
裁判	cai:pan	n.	árbitro
右键	you:jian	n.	clic derecho
低温	di:wen	n.	baja temperatura
针	zhen	n.	aguja
耀	yao	v.	brillar
无忧	wu:you	adj.	sin preocupaciones
痴	chi	adj.	necio
所在单位	suo:zai:dan:wei	n.	centro de trabajo
姆	mu	n.	nodriza
篇	pian	mw.	medida para artículos
大米	da:mi	n.	arroz
椅	yi	n.	silla
乃是	nai:shi	v.	ser
厂	chang	n.	fábrica
美国人	mei:guo:ren	n.	estadounidense
采取的	cai:qu:de	part.	tomado
刚好	gang:hao	adv.	justo
联手	lian:shou	v.	unir fuerzas
最后一个	zui:hou:yi:ge	n.	último
管制	guan:zhi	v.	controlar
遇见	yu:jian	v.	encontrar
董	dong	v.	dirigir
压抑	ya:yi	v.	reprimir
全自动	quan:zi:dong	adj.	totalmente automático
去吧	qu:ba	v.	vamos
射击	she:ji	v.	disparar
运气	yun:qi	n.	suerte
造访	zao:fang	v.	visitar
之前的	zhi:qian:de	adj.	previo
熊	xiong	n.	oso
坐下	zuo:xia	v.	sentarse
强行	qiang:xing	adv.	por la fuerza
埋	mai	v.	enterrar
电视机	dian:shi:ji	n.	televisor
评比	ping:bi	v.	evaluar y comparar
空军	kong:jun	n.	fuerza aérea
凝聚力	ning:ju:li	n.	cohesión
暴露	bao:lu	v.	exponer
乖	guai	adj.	obediente
举行了	ju:xing:le	v.	se celebró
上线	shang:xian	v.	ponerse en línea
狐	hu	n.	zorro
公共服务	gong:gong:fu:wu	n.	servicio público
可不	ke:bu	adv.	claro
增进	zeng:jin	v.	promover
君子	jun:zi	n.	caballero
因其	yin:qi	prep.	debido a ello
区间	qu:jian	n.	intervalo
外资企业	wai:zi:qi:ye	n.	empresa de capital extranjero
与技术	yu:ji:shu	prep.	y la tecnología
蒋	jiang	n.	Jiang
吉他	ji:ta	n.	guitarra
婆婆	po:po	n.	suegra
申诉	shen:su	v.	apelar
踏	ta	v.	pisar
合力	he:li	n.	esfuerzo conjunto
永远的	yong:yuan:de	adj.	eterno
隆	long	n.	Long
液晶	ye:jing	n.	cristal líquido
括	kuo	v.	incluir
难怪	nan:guai	adv.	no es de extrañar
圆满	yuan:man	adj.	satisfactorio
佛山市	fo:shan:shi	n.	Foshan
潮	chao	n.	marea
再见	zai:jian	v.	adiós
无线电	wu:xian:dian	n.	radio
用以	yong:yi	v.	servir para
实用的	shi:yong:de	adj.	práctico
在网站	zai:wang:zhan	prep.	en el sitio
联邦	lian:bang	n.	federación
唉	ai	int.	ay
摇头	yao:tou	v.	menear la cabeza
困境	kun:jing	n.	Dilemma
店面	dian:mian	n.	Fachada
供求	gong:qiu	n.	oferta y demanda
阶级	jie:ji	n.	clase
综合素质	zong:he:su:zhi	n.	calidad integral
流氓	liu:mang	n.	gamberro
七年	qi:nian	num.	siete años
置顶	zhi:ding	v.	fijar arriba
制备	zhi:bei	v.	preparar
下一篇	xia:yi:pian	n.	siguiente artículo
团委	tuan:wei	n.	comité de la Liga de la Juventud
分级	fen:ji	v.	clasificar
限额	xian:e	n.	cupo
有关问题	you:guan:wen:ti	n.	cuestión relacionada
身旁	shen:pang	n.	lado
几个方面	ji:ge:fang:mian	n.	varios aspectos
穷	qiong	adj.	pobre
崇拜	chong:bai	v.	adorar
胖子	pang:zi	n.	gordito
聪	cong	adj.	listo
解脱	jie:tuo	n.	liberación
同情	tong:qing	v.	compadecerse
茅台	mao:tai	n.	Maotai
有事	you:shi	v.	tener un asunto
摆放	bai:fang	v.	colocar
减免	jian:mian	v.	reducir o eximir
城市建设	cheng:shi:jian:she	n.	construcción urbana
帽子	mao:zi	n.	sombrero
总版主	zong:ban:zhu	n.	moderador jefe
眼球	yan:qiu	n.	globo ocular
关机	guan:ji	v.	apagar
南山	nan:shan	n.	Nanshan
忽略	hu:lve	v.	desatender
除此之外	chu:ci:zhi:wai	conj.	además de esto
加深	jia:shen	v.	profundizar
术后	shu:hou	n.	postoperatorio
探测	tan:ce	v.	detectar
壁纸	bi:zhi	n.	fondo de pantalla
咨询服务	zi:xun:fu:wu	n.	servicio de consultoría
器官	qi:guan	n.	órgano
抗生素	kang:sheng:su	n.	antibiótico
落地	luo:di	v.	aterrizar
买到	mai:dao	v.	conseguir comprar
小时候	xiao:shi:hou	n.	infancia
唤	huan	v.	llamar
年检	nian:jian	n.	inspección anual
快速回复	kuai:su:hui:fu	n.	respuesta rápida
噪声	zao:sheng	n.	ruido
泰	tai	adj.	pacífico
委托人	wei:tuo:ren	n.	mandante
紧张的	jin:zhang:de	adj.	tenso
世人	shi:ren	n.	el mundo
童话	tong:hua	n.	cuento de hadas
之初	zhi:chu	n.	comienzo
难得	nan:de	adj.	raro
鉴别	jian:bie	v.	distinguir
吸烟	xi:yan	v.	fumar
经销	jing:xiao	v.	distribuir
老虎	lao:hu	n.	tigre
版	ban	n.	edición
雕刻	diao:ke	v.	esculpir
丰厚	feng:hou	adj.	generoso
号称	hao:cheng	v.	apodarse
交互	jiao:hu	adj.	interactivo
国土	guo:tu	n.	territorio
急忙	ji:mang	adv.	aprisa
次日	ci:ri	n.	día siguiente
个人信息	ge:ren:xin:xi	n.	información personal
宣传教育	xuan:chuan:jiao:yu	n.	divulgación y educación
在职	zai:zhi	adj.	en activo
保证责任	bao:zheng:ze:ren	n.	responsabilidad de garantía
谢谢合作	xie:xie:he:zuo	int.	gracias por la cooperación
翡翠	fei:cui	n.	jade
淡淡	dan:dan	adv.	débilmente
末	mo	n.	final
一千	yi:qian	num.	mil
信息网络	xin:xi:wang:luo	n.	red de información
效能	xiao:neng	n.	eficacia
购置	gou:zhi	v.	adquirir
小孩子	xiao:hai:zi	n.	niño
心头	xin:tou	n.	corazón
好吃	hao:chi	adj.	rico
配套设施	pei:tao:she:shi	n.	instalaciones complementarias
民用	min:yong	adj.	civil
区县	qu:xian	n.	distritos y condados
分析师	fen:xi:shi	n.	analista
度假	du:jia	v.	pasar vacaciones
鱼类	yu:lei	n.	peces
清代	qing:dai	n.	dinastía Qing
第二十六条	di:er:shi:liu:tiao	num.	artículo 26
负债	fu:zhai	v.	estar en deuda
负债	fu:zhai	n.	pasivo
遏制	e:zhi	v.	contener
旗	qi	n.	bandera
绑定	bang:ding	v.	vincular
八月	ba:yue	n.	agosto
仪	yi	n.	ceremonia
流浪	liu:lang	v.	vagar
妊娠	ren:shen	n.	embarazo
感叹	gan:tan	v.	suspirar
焦	jiao	adj.	quemado
旅游者	lv:you:zhe	n.	turista
修行	xiu:xing	v.	practicar austeridades
同志们	tong:zhi:men	n.	camaradas
公章	gong:zhang	n.	sello oficial
研究成果	yan:jiu:cheng:guo	n.	resultados de investigación
长老	zhang:lao	n.	anciano
明代	ming:dai	n.	dinastía Ming
猫	mao	n.	gato
越是	yue:shi	adv.	cuanto más
美妙	mei:miao	adj.	maravilloso
职员	zhi:yuan	n.	empleado
评测	ping:ce	n.	evalaución
尽情	jin:qing	adv.	a gusto
戴尔	dai:er	n.	Dell
石材	shi:cai	n.	piedra
新款	xin:kuan	n.	modelo nuevo
航线	hang:xian	n.	aérea
北美	bei:mei	n.	Norteamérica
富裕	fu:yu	adj.	rico
放开	fang:kai	v.	soltar
供求信息	gong:qiu:xin:xi	n.	información de oferta y demanda
变压器	bian:ya:qi	n.	Transformador
拟定	ni:ding	v.	elaborar
留学生	liu:xue:sheng	n.	estudiante extranjero
倾听	qing:ting	v.	escuchar atentamente
东东	dong:dong	n.	Dongdong
第一位	di:yi:wei	num.	primero
铝合金	lv:he:jin	n.	aleación de aluminio
盗	dao	v.	robar
好在	hao:zai	adv.	por suerte
月光	yue:guang	n.	luz de la luna
摩擦	mo:ca	v.	frotar
侍	shi	v.	servir
柴油	chai:you	n.	gasóleo
款	kuan	n.	fondos
艰难	jian:nan	adj.	difícil
某某	mou:mou	pron.	tal
折磨	zhe:mo	v.	atormentar
气味	qi:wei	n.	olor
拾	shi	v.	recoger
你我	ni:wo	pron.	tú y yo
提议	ti:yi	v.	proponer
荒	huang	adj.	estéril
春季	chun:ji	n.	primavera
好坏	hao:huai	n.	calidad
新材料	xin:cai:liao	n.	material nuevo
电子公告	dian:zi:gong:gao	n.	anuncio electrónico
大都	da:dou	adv.	en su mayoría
西湖	xi:hu	n.	lago del Ouest
脾气	pi:qi	n.	carácter
千瓦	qian:wa	n.	kilovatio
功能强大	gong:neng:qiang:da	adj.	potente
地毯	di:tan	n.	alfombra
清晰的	qing:xi:de	adj.	claro
特价机票	te:jia:ji:piao	n.	billete de avión de oferta
武装	wu:zhuang	n.	armamento
有趣的	you:qu:de	adj.	interesante
最喜欢的	zui:xi:huan:de	adj.	favorito
手续费	shou:xu:fei	n.	comisión
发展方向	fa:zhan:fang:xiang	n.	dirección de desarrollo
油墨	you:mo	n.	tinta
海内外	hai:nei:wai	n.	dentro y fuera del país
概率	gai:lv	n.	probabilidad
归纳	gui:na	v.	resumir
面子	mian:zi	n.	prestigio
联动	lian:dong	v.	enlace
约翰	yue:han	n.	Juan
前辈	qian:bei	n.	mayor
中国大陆	zhong:guo:da:lu	n.	China continental
时钟	shi:zhong	n.	reloj
表扬	biao:yang	v.	elogiar
特权	te:quan	n.	privilegio
一首	yi:shou	mw.	(clasificador de canciones)
接轨	jie:gui	v.	conectar
姿	zi	n.	cartel
在一定程度上	zai:yi:ding:cheng:du:shang	adv.	en cierta medida
生涯	sheng:ya	n.	carrera
林木	lin:mu	n.	árboles del bosque
域	yu	n.	dominio
搭	da	v.	tomar
切实加强	qie:shi:jia:qiang	v.	fortalecer efectivamente
公用	gong:yong	adj.	público
数控	shu:kong	n.	control numérico
间隔	jian:ge	n.	intervalo
秉承	bing:cheng	v.	seguir
偶然	ou:ran	adv.	por casualidad
期末	qi:mo	n.	fin de curso
贴近	tie:jin	v.	estar cerca
从来	cong:lai	adv.	siempre
出错	chu:cuo	v.	cometer un error
所属行业	suo:shu:hang:ye	n.	industria a la que pertenece
历程	li:cheng	n.	trayectoria
顶端	ding:duan	n.	cima
腹部	fu:bu	n.	abdomen
更具	geng:ju	v.	todavía más
所有信息	suo:you:xin:xi	n.	toda la información
据此	ju:ci	adv.	sobre esta base
道歉	dao:qian	v.	disculparse
不符	bu:fu	adj.	no coincidir
艺术品	yi:shu:pin	n.	obra de arte
第三次	di:san:ci	num.	tercera vez
势头	shi:tou	n.	impulso
涉嫌	she:xian	v.	estar sospechado
有何	you:he	pron.	cuál
最美	zui:mei	adj.	el más bello
贵州省	gui:zhou:sheng	n.	provincia de Guizhou
面谈	mian:tan	n.	entrevista
公交车	gong:jiao:che	n.	autobús
产品编号	chan:pin:bian:hao	n.	número de producto
红旗	hong:qi	n.	bandera roja
订货	ding:huo	v.	hacer un pedido
食堂	shi:tang	n.	comedor
新华社	xin:hua:she	n.	agencia Xinhua
唯有	wei:you	adv.	solamente
心底	xin:di	n.	fondo del corazón
少许	shao:xu	adj.	un poco
刊物	kan:wu	n.	publicación
在这种情况下	zai:zhe:zhong:qing:kuang:xia	adv.	en este caso
蜂蜜	feng:mi	n.	miel
收拾	shou:shi	v.	ordenar
收拾	shou:shi	v.	castigar
弯曲	wan:qu	adj.	curvado
先前	xian:qian	adv.	anteriormente
好奇	hao:qi	adj.	curioso
机箱	ji:xiang	n.	caja
农业生产	nong:ye:sheng:chan	n.	producción agrícola
挂牌	gua:pai	v.	colgar un cartel
编译器	bian:yi:qi	n.	compilador
消费品	xiao:fei:pin	n.	bienes de consumo
节水	jie:shui	v.	ahorrar agua
指责	zhi:ze	v.	criticar
再一次	zai:yi:ci	adv.	una vez más
理智	li:zhi	n.	razón
脉	mai	n.	pulso
脉	mai	n.	vena
接下	jie:xia	v.	asumir
反射	fan:she	n.	reflejo
反射	fan:she	v.	reflejar
夜里	ye:li	n.	de noche
写入	xie:ru	v.	escribir en
看作	kan:zuo	v.	considerar
授	shou	v.	otorgar
作物	zuo:wu	n.	cultivo
军官	jun:guan	n.	oficial
无畏	wu:wei	adj.	intrépido
存货	cun:huo	n.	inventario
亲情	qin:qing	n.	afecto familiar
敏捷	min:jie	adj.	ágil
俗	su	adj.	vulgar
国债	guo:zhai	n.	deuda pública
海域	hai:yu	n.	zona marítima
私营企业	si:ying:qi:ye	n.	empresa privada
感悟	gan:wu	v.	comprender
明确规定	ming:que:gui:ding	n.	disposición clara
管理体制	guan:li:ti:zhi	n.	sistema de gestión
给予警告	ji:yu:jing:gao	v.	dar una advertencia
为期	wei:qi	v.	durar (un período)
附则	fu:ze	n.	disposiciones adicionales
室外	shi:wai	n.	al aire libre
老总	lao:zong	n.	jefe
答题	da:ti	v.	responder preguntas
此人	ci:ren	pron.	esta persona
充足	chong:zu	adj.	abundante
融	rong	v.	fundir
要约	yao:yue	n.	oferta
观光	guan:guang	v.	visitar
观光	guan:guang	n.	turismo
如不	ru:bu	conj.	si no
实业有限公司	shi:ye:you:xian:gong:si	n.	sociedad industrial limitada
狱	yu	n.	prisión
公安部	gong:an:bu	n.	ministerio de Seguridad Pública
欺	qi	v.	engañar
更深	geng:shen	adj.	altas horas de la noche
男的	nan:de	n.	hombre
彩电	cai:dian	n.	televisor en color
投影机	tou:ying:ji	n.	proyector
核发	he:fa	v.	emitir
各县	ge:xian	n.	cada condado
日常生活	ri:chang:sheng:huo	n.	vida cotidiana
中国移动	zhong:guo:yi:dong	n.	China Mobile
说不定	shuo:bu:ding	adv.	a lo mejor
扩建	kuo:jian	v.	ampliar
忙碌	mang:lu	adj.	ocupado
这两种	zhe:liang:zhong	pron.	estos dos tipos
在经济	zai:jing:ji	prep.	en la economía
母公司	mu:gong:si	n.	sociedad matriz
工作站	gong:zuo:zhan	n.	estación de trabajo
电子信息	dian:zi:xin:xi	n.	información electrónica
访	fang	v.	visitar
发酵	fa:jiao	v.	fermentar
右边	you:bian	n.	lado derecho
严密	yan:mi	adj.	estricto
非常好	fei:chang:hao	adj.	muy bueno
审美	shen:mei	n.	estética
强迫	qiang:po	v.	forzar
遇到了	yu:dao:le	v.	haber encontrado
桥	qiao	n.	puente
皇后	huang:hou	n.	emperatriz
奇特	qi:te	adj.	peculiar
佳能	jia:neng	n.	Canon
一并	yi:bing	adv.	junto con
筹备	chou:bei	v.	preparar
掌声	zhang:sheng	n.	aplauso
锁	suo	n.	candado
锁	suo	v.	cerrar
主管人员	zhu:guan:ren:yuan	n.	responsable
见解	jian:jie	n.	opinión
楼梯	lou:ti	n.	escalera
用人	yong:ren	v.	emplear personal
已知	yi:zhi	v.	conocido
肥胖	fei:pang	adj.	gordo
悲伤	bei:shang	adj.	triste
美学	mei:xue	n.	estética
霸	ba	n.	hegemonía
重启	chong:qi	v.	reiniciar
逐年	zhu:nian	adv.	año tras año
创业者	chuang:ye:zhe	n.	empresario
买方	mai:fang	n.	comprador
中级会员	zhong:ji:hui:yuan	n.	miembro intermedio
定额	ding:e	n.	cuota
视力	shi:li	n.	vista
猜测	cai:ce	v.	suponer
奔腾	ben:teng	v.	galopar
控制系统	kong:zhi:xi:tong	n.	sistema de control
主讲	zhu:jiang	v.	dar la conferencia principal
异性	yi:xing	n.	sexo opuesto
不利于	bu:li:yu	v.	ser perjudicial para
洗衣机	xi:yi:ji	n.	lavadora
受损	shou:sun	v.	resultar dañado
顺着	shun:zhe	prep.	a lo largo de
散文	san:wen	n.	prosa
基本要求	ji:ben:yao:qiu	n.	requisito básico
勋章	xun:zhang	n.	condecoración
理事	li:shi	n.	miembro de la junta
左边	zuo:bian	n.	lado izquierdo
新时期	xin:shi:qi	n.	nuevo período
不满意	bu:man:yi	adj.	insatisfecho
焦虑	jiao:lv	n.	ansiedad
组织机构	zu:zhi:ji:gou	n.	organización
资格证书	zi:ge:zheng:shu	n.	certificado de cualificación
简易	jian:yi	adj.	sencillo
牵	qian	v.	llevar de la mano
批复	pi:fu	n.	respuesta oficial
西瓜	xi:gua	n.	sandía
农场	nong:chang	n.	granja
升值	sheng:zhi	v.	apreciarse
小伙子	xiao:huo:zi	n.	joven
研究会	yan:jiu:hui	n.	sociedad de investigación
丛书	cong:shu	n.	colección de libros
构筑	gou:zhu	v.	construir
共同发展	gong:tong:fa:zhan	n.	desarrollo común
赛季	sai:ji	n.	temporada
管理水平	guan:li:shui:ping	n.	nivel de gestión
池	chi	n.	estanque
追踪	zhui:zong	v.	seguir
大战	da:zhan	n.	guerra
共建	gong:jian	v.	construir conjuntamente
战役	zhan:yi	n.	campaña
矿产资源	kuang:chan:zi:yuan	n.	recursos minerales
邮票	you:piao	n.	sello
有意者	you:yi:zhe	n.	interesado
专业人员	zhuan:ye:ren:yuan	n.	profesional
自有	zi:you	adj.	en propiedad
不时	bu:shi	adv.	de vez en cuando
以至	yi:zhi	conj.	hasta el punto de
钻	zuan	v.	perforar
港	gang	n.	puerto
自然保护区	zi:ran:bao:hu:qu	n.	reserva natural
几点	ji:dian	pron.	qué hora
淫秽	yin:hui	adj.	obsceno
喃	nan	onom.	murmullo
廷	ting	n.	corte
自理	zi:li	v.	arreglárselas solo
乘	cheng	v.	tomar
聆听	ling:ting	v.	escuchar atentamente
莲花	lian:hua	n.	flor de loto
再现	zai:xian	v.	reaparecer
疑惑	yi:huo	n.	duda
剧场	ju:chang	n.	teatro
玛	ma	n.	jade fonético
俗称	su:cheng	v.	llamar vulgarmente
港元	gang:yuan	n.	dólar de Hong Kong
实施方案	shi:shi:fang:an	n.	plan de implementación
奉	feng	v.	ofrecer respetuosamente
逃避	tao:bi	v.	evadir
收藏夹	shou:cang:jia	n.	favoritos
中国电信	zhong:guo:dian:xin	n.	China Telecom
服务项目	fu:wu:xiang:mu	n.	servicio
王朝	wang:chao	n.	dinastía
回落	hui:luo	v.	volver a caicer lại
流泪	liu:lei	v.	derramar lágrimas
扯	che	v.	tirar
岳	yue	n.	montaña alta
全家	quan:jia	n.	toda la familia
这事	zhe:shi	pron.	este asunto
不可思议	bu:ke:si:yi	adj.	increíble
口服	kou:fu	n.	administración oral
公司债	gong:si:zhai	n.	bono corporativo
加班	jia:ban	v.	contratar horas extra
专业从事	zhuan:ye:cong:shi	v.	dedicarse profesionalmente
皇上	huang:shang	n.	emperador
减	jian	v.	reducir
无形	wu:xing	adj.	invisible
破案	po:an	v.	resolver un caso
多层	duo:ceng	adj.	multicapa
哪儿	na:er	pron.	dónde
初始	chu:shi	adj.	inicial
世上	shi:shang	n.	mundo
热烈	re:lie	adj.	entusiasta
迅雷	xun:lei	n.	-rayo
烟草	yan:cao	n.	tabaco
退货	tui:huo	v.	devolver mercancía
全场	quan:chang	n.	todo el recinto
磷酸	lin:suan	n.	ácido fosfórico
成人用品	cheng:ren:yong:pin	n.	productos para adultos
基础教育	ji:chu:jiao:yu	n.	educación básica
进货	jin:huo	v.	abastecerse
堪称	kan:cheng	v.	podría llamarse
药品监督管理	yao:pin:jian:du:guan:li	n.	regulación de medicamentos
售后	shou:hou	n.	posventa
参会	can:hui	v.	asistir a una reunión
副院长	fu:yuan:zhang	n.	subdirector
尽力	jin:li	v.	hacer lo posible
雷达	lei:da	n.	radar
犹豫	you:yu	v.	dudar
误差	wu:cha	n.	error
面上	mian:shang	n.	en la superficie
出境	chu:jing	v.	salir del país
判定	pan:ding	v.	resolver
外挂	wai:gua	n.	cheat (en juegos)
弯	wan	adj.	curvo
京城	jing:cheng	n.	ciudad capital
投标人	tou:biao:ren	n.	licitador
城堡	cheng:bao	n.	castillo
好玩	hao:wan	adj.	divertido
船员	chuan:yuan	n.	tripulante
可行	ke:xing	adj.	viable
低头	di:tou	v.	bajar la cabeza
河道	he:dao	n.	cauce
并用	bing:yong	v.	usar conjuntamente
夹	jia	v.	sujetar
转动	zhuan:dong	v.	hacer girar
达不到	da:bu:dao	v.	no poder alcanzar
学业	xue:ye	n.	estudios
认可的	ren:ke:de	adj.	reconocido
法庭	fa:ting	n.	tribunal
百合	bai:he	n.	lirio
幻影	huan:ying	n.	fantasma
计入	ji:ru	v.	incluir en
传统文化	chuan:tong:wen:hua	n.	cultura tradicional
下级	xia:ji	n.	subordinado
毛泽东思想	mao:ze:dong:si:xiang	n.	pensamiento de Mao Zedong
永不	yong:bu	adv.	nunca nunca
横向	heng:xiang	adj.	horizontal
痛苦的	tong:ku:de	adj.	doloroso
上世纪	shang:shi:ji	n.	siglo pasado
组成部分	zu:cheng:bu:fen	n.	componente
座谈	zuo:tan	v.	conversar
辞	ci	v.	despedirse
较多的	jiao:duo:de	adj.	relativamente mucho
百货	bai:huo	n.	artículos varios
又一次	you:yi:ci	adv.	una vez más
胡锦涛	hu:jin:tao	n.	Hu Jintao
无所谓	wu:suo:wei	v.	dar igual
不属于	bu:shu:yu	v.	n o pertenecer
太过	tai:guo	adv.	demasiado
诽谤	fei:bang	v.	calumniar
更强	geng:qiang	adj.	más fuerte
摇滚	yao:gun	n.	rock
岸	an	n.	orilla
小女孩	xiao:nv:hai	n.	niña
灰尘	hui:chen	n.	polvo
深夜	shen:ye	n.	altas horas de la noche
指点	zhi:dian	v.	señalar
层层	ceng:ceng	adv.	capa por capa
辣椒	la:jiao	n.	chile
蓝天	lan:tian	n.	cielo azul
三峡	san:xia	n.	Tres Gargantas
无穷	wu:qiong	adj.	infinito
意识的	yi:shi:de	adj.	consciente
往事	wang:shi	n.	acontecimientos pasados
比率	bi:lv	n.	tasa
希腊	xi:la	n.	Grecia
特意	te:yi	adv.	expresamente
传出	chuan:chu	v.	divulgarse
后方	hou:fang	n.	retaguardia
另类	ling:lei	adj.	poco convencional
另类	ling:lei	n.	alternativo
高质量	gao:zhi:liang	adj.	de alta calidad
高新区	gao:xin:qu	n.	zona de alta tecnología
假日	jia:ri	n.	día festivo
界限	jie:xian	n.	límite
本领	ben:ling	n.	habilidad
岂	qi	adv.	cómo
借口	jie:kou	n.	excusa
借口	jie:kou	v.	alegar
美化	mei:hua	v.	embellecer
反抗	fan:kang	v.	resistir
反抗	fan:kang	n.	resistencia
软件名称	ruan:jian:ming:cheng	n.	nombre del software
中介机构	zhong:jie:ji:gou	n.	agencia intermediaria
屈	qu	v.	ceder
屈	qu	v.	doblar
步伐	bu:fa	n.	paso
磨合	mo:he	v.	rodear
磨合	mo:he	n.	adaptación
本科生	ben:ke:sheng	n.	estudiante de grado
无论如何	wu:lun:ru:he	adv.	sin falta
创新能力	chuang:xin:neng:li	n.	capacidad de innovación
称呼	cheng:hu	v.	llamar
称呼	cheng:hu	n.	tratamiento
将要	jiang:yao	adv.	ir a
紧密结合	jin:mi:jie:he	v.	integrar estrechamente
卖方	mai:fang	n.	vendedor
首饰	shou:shi	n.	joyas
临近	lin:jin	v.	acercarse
片刻	pian:ke	n.	un momento
怎么了	zen:me:le	int.	¿qué pasa
管理规定	guan:li:gui:ding	n.	norma de gestión
子类	zi:lei	n.	subclase
滑雪	hua:xue	v.	esquiar
恼	nao	v.	enfadarse
恼	nao	adj.	molesto
二期	er:qi	n.	fase dos
刑事法律	xing:shi:fa:lv	n.	derecho penal
明明	ming:ming	adv.	claramente
鲜明	xian:ming	adj.	definido
鲜明	xian:ming	adj.	vivo
午餐	wu:can	n.	almuerzo
穿上	chuan:shang	v.	ponerse
合肥市	he:fei:shi	n.	Hefei
解放军	jie:fang:jun	n.	ejército popular
帐篷	zhang:peng	n.	tienda
好吧	hao:ba	int.	está bien
哲	zhe	n.	filosofía (abrev.)
产能	chan:neng	n.	capacidad de producción
党政	dang:zheng	n.	partido y gobierno
三农	san:nong	n.	las tres cuestiones rurales
抵制	di:zhi	v.	boicotear
接过	jie:guo	v.	tomar
职业技能	zhi:ye:ji:neng	n.	cualificaciones profesionales
精神文明建设	jing:shen:wen:ming:jian:she	n.	construcción espiritual
中国队	zhong:guo:dui	n.	equipo chino
术语	shu:yu	n.	terminología
区政府	qu:zheng:fu	n.	gobierno de distrito
骨头	gu:tou	n.	hueso
排出	pai:chu	v.	desalojar
召	zhao	v.	convocar
节假日	jie:jia:ri	n.	días festivos
递交	di:jiao	v.	entregar
硕士学位	shuo:shi:xue:wei	n.	máster
托盘	tuo:pan	n.	bandeja
高新技术企业	gao:xin:ji:shu:qi:ye	n.	empresa de alta tecnología
增收	zeng:shou	v.	aumentar ingresos
部分内容	bu:fen:nei:rong	n.	contenido parcial
餐馆	can:guan	n.	restaurante
相关产品	xiang:guan:chan:pin	n.	productos relacionados
甲醛	jia:quan	n.	formaldehído
点击查看	dian:ji:cha:kan	v.	hacer clic para ver
丧	sang	v.	estar de luto
责任人	ze:ren:ren	n.	responsable
嘞	lei	part.	partícula
增长率	zeng:zhang:lv	n.	tasa de crecimiento
唐代	tang:dai	n.	dinastía Tang
图纸	tu:zhi	n.	plano
房地产业	fang:di:chan:ye	n.	sector inmobiliario
多达	duo:da	adv.	hasta
伦理	lun:li	n.	ética
反垄断	fan:long:duan	v.	antimonopolio
八卦	ba:gua	n.	los ocho trigrammes
工业园	gong:ye:yuan	n.	parque industrial
畅通	chang:tong	adj.	unobstruido
奇瑞	qi:rui	n.	Chery
尝	chang	v.	probar
商用	shang:yong	v.	uso comercial
多位	duo:wei	num.	varios
毛巾	mao:jin	n.	toalla
恭	gong	adj.	respetuoso
狗狗	gou:gou	n.	perrito
异议	yi:yi	n.	objeción
钓鱼	diao:yu	v.	pesca
光泽	guang:ze	n.	brillo
甘肃省	gan:su:sheng	n.	provincia de Gansu
正常使用	zheng:chang:shi:yong	n.	uso normal
重心	zhong:xin	n.	centro de gravedad
患有	huan:you	v.	padecer de
三楼	san:lou	num.	tercer piso
怀念	huai:nian	v.	extrañar
青梅	qing:mei	n.	ciruela verde
外商投资	wai:shang:tou:zi	n.	inversión extranjera
极品	ji:pin	n.	calidad suprema
不知不觉	bu:zhi:bu:jue	adv.	sin darse cuenta
分裂	fen:lie	v.	dividirse
输送	shu:song	v.	transportar
华硕	hua:shuo	n.	Asus
完整性	wan:zheng:xing	n.	integridad
载	zai	v.	llevar
束缚	shu:fu	v.	atrar
面貌	mian:mao	n.	aspecto
误解	wu:jie	v.	malinterpretar
交通运输	jiao:tong:yun:shu	n.	transporte
刻意	ke:yi	adv.	deliberadamente
购房者	gou:fang:zhe	n.	comprador de vivienda
管理模式	guan:li:mo:shi	n.	modelo de gestión
纸张	zhi:zhang	n.	papel
新一轮	xin:yi:lun	n.	nueva ronda
生产工艺	sheng:chan:gong:yi	n.	proceso de producción
几家	ji:jia	num.	unos cuantos hogares
武术	wu:shu	n.	artes marciales
瘦	shou	adj.	delgado
大局	da:ju	n.	situación general
譬如	pi:ru	v.	por ejemplo
桃花	tao:hua	n.	flor de durazno
皆	jie	adv.	todos
教堂	jiao:tang	n.	iglesia
增速	zeng:su	n.	tasa de crecimiento
网络安全	wang:luo:an:quan	n.	ciberseguridad
研究开发	yan:jiu:kai:fa	n.	investigación y desarrollo
颇	po	adv.	bastante
银色	yin:se	n.	color plateado
恶魔	e:mo	n.	demonio
问候	wen:hou	v.	saludar
创造力	chuang:zao:li	n.	creatividad
挂钩	gua:gou	v.	colgar
作弊	zuo:bi	v.	hacer trampa
发作	fa:zuo	v.	manifestarse
茫	mang	adj.	vasto
服务机构	fu:wu:ji:gou	n.	organismo de servicio
因子	yin:zi	n.	factor
年会	nian:hui	n.	reunión anual
三角	san:jiao	n.	triángulo
均价	jun:jia	n.	precio medio
流水	liu:shui	n.	agua corriente
流水	liu:shui	n.	facturación
笑声	xiao:sheng	n.	risa
未经许可	wei:jing:xu:ke	v.	sin permiso
选出	xuan:chu	v.	elegir
社会治安	she:hui:zhi:an	n.	seguridad pública
预警	yu:jing	n.	alerta temprana
还款	huan:kuan	v.	reembolsar
小弟	xiao:di	n.	hermano menor
越野车	yue:ye:che	n.	vehículo todoterreno
屁股	pi:gu	n.	culo
中央军委	zhong:yang:jun:wei	n.	Comisión Militar Central
台北	tai:bei	n.	Taipéi
不具备	bu:ju:bei	v.	no poseer
保姆	bao:mu	n.	niñera
滞后	zhi:hou	v.	rezagar
多谢	duo:xie	v.	muchas gracias
染	ran	v.	teñir
染	ran	v.	contagiar
毛病	mao:bing	n.	defecto
毛病	mao:bing	n.	enfermedad
工作会议	gong:zuo:hui:yi	n.	reunión de trabajo
突出问题	tu:chu:wen:ti	n.	problema destacado
听众	ting:zhong	n.	oyentes
大臣	da:chen	n.	ministro
聘任	pin:ren	v.	nombrar
无锡市	wu:xi:shi	n.	ciudad de Wuxi
发光	fa:guang	v.	emitir luz
前沿	qian:yan	n.	frontera
下发	xia:fa	v.	emitir
政治部	zheng:zhi:bu	n.	departamento político
密集	mi:ji	adj.	denso
企业所得税	qi:ye:suo:de:shui	n.	impuesto sobre sociedades
相差	xiang:cha	v.	diferir en
源码	yuan:ma	n.	código fuente
早日	zao:ri	adv.	lo antes posible
肃	su	adj.	solemne
自律	zi:lv	n.	autodisciplina
工商局	gong:shang:ju	n.	oficina de industria y comercio
爱上	ai:shang	v.	enamorarse de
工业园区	gong:ye:yuan:qu	n.	parque industrial
主意	zhu:yi	n.	idea
膨胀	peng:zhang	v.	dilatarse
提名	ti:ming	v.	nominar
爽	shuang	adj.	fresco
共和国	gong:he:guo	n.	república
向导	xiang:dao	n.	guía
浮动	fu:dong	v.	fluctuar
单片机	dan:pian:ji	n.	microcontrolador
冰雪	bing:xue	n.	hielo y nieve
移植	yi:zhi	v.	trasplantar
移植	yi:zhi	n.	trasplante
冷漠	leng:mo	adj.	indiferente
亏	kui	v.	perder dinero
亏	kui	v.	faltar
最高人民法院	zui:gao:ren:min:fa:yuan	n.	Tribunal Popular Supremo
法医	fa:yi	n.	forense
商业贿赂	shang:ye:hui:lu	n.	soborno comercial
轻微	qing:wei	adj.	leve
历经	li:jing	v.	pasar por
注定	zhu:ding	v.	estar destinado
催化剂	cui:hua:ji	n.	catalizador
梦见	meng:jian	v.	soñar con
鞋子	xie:zi	n.	zapatos
管理软件	guan:li:ruan:jian	n.	software de gestión
三层	san:ceng	num.	tres capas
未成年	wei:cheng:nian	n.	menor de edad
千里	qian:li	num.	mil li
限定	xian:ding	v.	limitar
雇员	gu:yuan	n.	empleado
机动	ji:dong	adj.	flexible
机动	ji:dong	n.	motorizado
地块	di:kuai	n.	parcela
犯罪嫌疑人	fan:zui:xian:yi:ren	n.	sospechoso
获利	huo:li	v.	obtener beneficios
风暴	feng:bao	n.	tormenta
抽查	chou:cha	v.	control aleatorio
吞	tun	v.	tragar
历代	li:dai	n.	sucesivas dinastías
汉化	han:hua	v.	sinizar
拷贝	kao:bei	v.	copiar
拷贝	kao:bei	n.	copia
闪烁	shan:shuo	v.	centellear
海报	hai:bao	n.	cartel
进一步的	jin:yi:bu:de	adj.	ulterior
上周	shang:zhou	n.	semana pasada
康熙	kang:xi	n.	Kangxi
爱护	ai:hu	v.	cuidar
财力	cai:li	n.	recursos financieros
数据线	shu:ju:xian	n.	cable de datos
墙壁	qiang:bi	n.	pared
有效性	you:xiao:xing	n.	eficacia
一圈	yi:quan	num.	una vuelta
面膜	mian:mo	n.	mascarilla facial
继续教育	ji:xu:jiao:yu	n.	educación continua
丁香	ding:xiang	n.	lila
丁香	ding:xiang	n.	clavo
人事局	ren:shi:ju	n.	oficina de personal
按住	an:zhu	v.	mantener pulsado
哭泣	ku:qi	v.	llorar
缺口	que:kou	n.	brecha
缺口	que:kou	n.	muesca
出租车	chu:zu:che	n.	taxi
童年	tong:nian	n.	infancia
惹	re	v.	provocar
新兴	xin:xing	adj.	emergente
本店	ben:dian	n.	esta tienda
银币	yin:bi	n.	moneda de plata
哀	ai	adj.	triste
一直以来	yi:zhi:yi:lai	adv.	siempre
色调	se:diao	n.	tonalidad
风华	feng:hua	n.	elegancia
客车	ke:che	n.	autobús
顺德	shun:de	n.	Shunde
在意	zai:yi	v.	importar
洪水	hong:shui	n.	inundación
突发	tu:fa	v.	estallar
典雅	dian:ya	adj.	elegante
房型	fang:xing	n.	tipo de habitación
青山	qing:shan	n.	montaña verde
核心竞争力	he:xin:jing:zheng:li	n.	competitividad central
细则	xi:ze	n.	normas detalladas
数字电视	shu:zi:dian:shi	n.	televisión digital
步行	bu:xing	v.	caminar
基本原则	ji:ben:yuan:ze	n.	principio básico
回国	hui:guo	v.	regresar al país
处长	chu:zhang	n.	jefe de departamento
裤子	ku:zi	n.	pantalón
代办	dai:ban	v.	actuar en representación
所持	suo:chi	n.	posesión
两极	liang:ji	n.	los dos polos
总分	zong:fen	n.	puntuación total
歧视	qi:shi	v.	discriminar
有空	you:kong	adj.	tener tiempo libre
乔	qiao	n.	Qiao
时时	shi:shi	adv.	a menudo
传承	chuan:cheng	v.	transmitir
大面积	da:mian:ji	adj.	gran extensión
趁	chen	prep.	aprovechando
储蓄	chu:xu	n.	ahorro
蚂蚁	ma:yi	n.	hormiga
周杰伦	zhou:jie:lun	n.	Jay Chou
福田区	fu:tian:qu	n.	distrito de Futian
铺	pu	v.	extender
剂量	ji:liang	n.	dosis
工业企业	gong:ye:qi:ye	n.	empresa industrial
六合彩	liu:he:cai	n.	lotería Mark Six
绝大部分	jue:da:bu:fen	n.	la gran mayoría
电工	dian:gong	n.	electricista
镜子	jing:zi	n.	espejo
互助	hu:zhu	v.	ayudarse mutuamente
招投标	zhao:tou:biao	n.	licitación
党和国家	dang:he:guo:jia	n.	partido y Estado
最先进	zui:xian:jin	adj.	el más avanzado
服务费	fu:wu:fei	n.	tarifa de servicio
电子信箱	dian:zi:xin:xiang	n.	correo electrónico
产品介绍	chan:pin:jie:shao	n.	presentación del producto
传授	chuan:shou	v.	transmitir
信件	xin:jian	n.	carta
培训机构	pei:xun:ji:gou	n.	institución de formación
两类	liang:lei	num.	dos tipos
用餐	yong:can	v.	comer
好人	hao:ren	n.	buena persona
法律援助	fa:lv:yuan:zhu	n.	asistencia jurídica
宏观	hong:guan	adj.	macroscópico
高一	gao:yi	n.	primer año de bachillerato
窗帘	chuang:lian	n.	cortina
安心	an:xin	adj.	tranquilo
王先生	wang:xian:sheng	n.	señor Wang
出入	chu:ru	v.	entrar y salir
大军	da:jun	n.	grande ejército
分销	fen:xiao	v.	distribuir
诚实	cheng:shi	adj.	honesto
脏	zang	adj.	sucio
吕	lv	n.	Lü (apellido)
号召	hao:zhao	v.	convocar
奖	jiang	v.	premio
奖	jiang	n.	premio
芯片组	xin:pian:zu	n.	conjunto de chips
深情	shen:qing	n.	profundo cariño
余年	yu:nian	n.	años restantes
地名	di:ming	n.	topónimo
猴子	hou:zi	n.	mono
倍	bei	mw.	veces
全面推进	quan:mian:tui:jin	v.	impulsar integralmente
管理处	guan:li:chu	n.	oficina de administración
改良	gai:liang	v.	mejorar
把手	ba:shou	n.	asa
个个	ge:ge	pron.	cada uno
中年	zhong:nian	n.	mediana edad
四月	si:yue	n.	abril
汤	tang	n.	sopa
担忧	dan:you	v.	preocuparse
掀起	xian:qi	v.	alzar
振	zhen	v.	sacudir
信息化建设	xin:xi:hua:jian:she	n.	informatización
本能	ben:neng	n.	instinto
本能	ben:neng	adj.	instintivo
轻轻地	qing:qing:de	adv.	ligeramente
为民	wei:min	v.	por el pueblo
同伴	tong:ban	n.	compañero
点播	dian:bo	v.	pedir (programa)
应用软件	ying:yong:ruan:jian	n.	software de aplicación
婷	ting	n.	Тing
学问	xue:wen	n.	saber
高质量的	gao:zhi:liang:de	adj.	de alta calidad
红外	hong:wai	n.	infrarrojo
炎症	yan:zheng	n.	inflamación
开幕	kai:mu	v.	inaugurar
前台	qian:tai	n.	recepción
差额	cha:e	n.	diferencia
城市化	cheng:shi:hua	n.	urbanización
卸载	xie:zai	v.	desinstalar
新西兰	xin:xi:lan	n.	Nueva Zelanda
使用时	shi:yong:shi	adv.	al usar
背包	bei:bao	n.	mochila
这一天	zhe:yi:tian	n.	este día
神仙	shen:xian	n.	immortal
第八章	di:ba:zhang	n.	capítulo ocho
有以下	you:yi:xia	v.	incluir lo siguiente
并把	bing:ba	conj.	y
实地	shi:di	adv.	in situ
项目名称	xiang:mu:ming:cheng	n.	nombre del proyecto
转自	zhuan:zi	v.	reposteado de
办公厅	ban:gong:ting	n.	oficina general
还有很多	hai:you:hen:duo	adv.	aún hay muchos
处罚的	chu:fa:de	adj.	sancionador
再有	zai:you	conj.	además
单项	dan:xiang	n.	artículo único
小企业	xiao:qi:ye	n.	pequeña empresa
功力	gong:li	n.	habilidad
竟是	jing:shi	adv.	en realidad ser
月经	yue:jing	n.	menstruación
极大的	ji:da:de	adj.	enorme
剧本	ju:ben	n.	guion
起码	qi:ma	adv.	al menos
率领	shuai:ling	v.	liderar
一致的	yi:zhi:de	adj.	unánime
手持	shou:chi	adj.	de mano
改编	gai:bian	v.	adaptar
死者	si:zhe	n.	fallecido
应届毕业生	ying:jie:bi:ye:sheng	n.	titulado reciente
代号	dai:hao	n.	nombre en clave
一分	yi:fen	num.	un minuto
一分	yi:fen	num.	un céntimo
打出	da:chu	v.	golpear
也对	ye:dui	adv.	también es cierto
服侍	fu:shi	v.	servir
驾驶证	jia:shi:zheng	n.	licencia de conducir
两句	liang:ju	num.	dos frases
太空	tai:kong	n.	espacio exterior
成千上万	cheng:qian:shang:wan	num.	miles
佛法	fo:fa	n.	enseñanza budista
热水器	re:shui:qi	n.	calentador de agua
持股	chi:gu	v.	tener acciones
选择题	xuan:ze:ti	n.	pregunta de selección
到货	dao:huo	v.	llegar (mercancía)
庞大	pang:da	adj.	enorme
饮水	yin:shui	v.	beber agua
名家	ming:jia	n.	maestro
文科	wen:ke	n.	humanidades
牢	lao	adj.	firme
牢	lao	n.	prisión
扰	rao	v.	molestar
归属	gui:shu	n.	pertenencia
第二十八条	di:er:shi:ba:tiao	n.	artículo 28
投注	tou:zhu	v.	apostar
衣物	yi:wu	n.	ropa
猪肉	zhu:rou	n.	cerdo
单据	dan:ju	n.	recibo
一页	yi:ye	n.	una página
溜	liu	v.	escabullirse
溜	liu	adj.	liso
大王	da:wang	n.	gran rey
大王	dai:wang	n.	gran rey
建筑业	jian:zhu:ye	n.	industria de la construcción
一件事	yi:jian:shi	n.	una cosa
社会效益	she:hui:xiao:yi	n.	beneficio social
工作经历	gong:zuo:jing:li	n.	experiencia laboral
小事	xiao:shi	n.	pequeñez
征服	zheng:fu	v.	conquistar
竞价	jing:jia	v.	pujar
招募	zhao:mu	v.	reclutar
庞	pang	adj.	enorme
插槽	cha:cao	n.	ranura
臭	chou	adj.	apestando
调查研究	diao:cha:yan:jiu	n.	investigación
上前	shang:qian	v.	adelantarse
电阻	dian:zu	n.	resistencia
供养	gong:yang	v.	mantener
供养	gong:yang	v.	ofrecer
悦	yue	adj.	alegre
历时	li:shi	v.	durar
初次	chu:ci	n.	primera vez
如来	ru:lai	n.	Tathagata
复印	fu:yin	v.	fotocopiar
私服	si:fu	n.	servidor privado
四方	si:fang	n.	todas direcciones
净利润	jing:li:run	n.	beneficio neto
朝廷	chao:ting	n.	corte
抽象	chou:xiang	adj.	abstracto
估价	gu:jia	v.	tasabar
汇率	hui:lv	n.	tipo de cambio
应聘者	ying:pin:zhe	n.	aspirante
赫	he	mw.	hercio
设为首页	she:wei:shou:ye	v.	establecer como página de inicio
下半年	xia:ban:nian	n.	segundo semestre del año
提供商	ti:gong:shang	n.	proveedor
赢	ying	v.	ganzer
下旬	xia:xun	n.	la última década del mes
农业银行	nong:ye:yin:hang	n.	banco agrícola
造价	zao:jia	n.	coste
极度	ji:du	adv.	extremamente
贵公司	gui:gong:si	n.	su empresa
总算	zong:suan	adv.	por fin
谈论	tan:lun	v.	hablar de
视察	shi:cha	v.	inspeccionar
雪山	xue:shan	n.	montaña nevada
有条件的	you:tiao:jian:de	adj.	condicional
少的	shao:de	adj.	pocos
神色	shen:se	n.	expresión
黄页	huang:ye	n.	páginas amarillas
模范	mo:fan	n.	modelo
提及	ti:ji	v.	mencionar
推理	tui:li	n.	razonamiento
明了	ming:liao	adj.	claro
跪	gui	v.	arrodillarse
失落	shi:luo	adj.	perdido
除去	chu:qu	v.	quitar
科技进步	ke:ji:jin:bu	n.	progreso tecnológico
麦	mai	n.	trigo
真人	zhen:ren	n.	persona real
抛弃	pao:qi	v.	abandonar
指针	zhi:zhen	n.	puntero
必定	bi:ding	adv.	seguramente
去世	qu:shi	v.	fallecer
点点头	dian:dian:tou	v.	asentir
新闻媒体	xin:wen:mei:ti	n.	medios de comunicación
枝	zhi	mw.	rama
教育工作	jiao:yu:gong:zuo	n.	trabajo educativo
沙拉	sha:la	n.	ensalada
输入法	shu:ru:fa	n.	método de entrada
类似于	lei:si:yu	v.	ser similar a
阅读次数	yue:du:ci:shu	n.	número de lecturas
何处	he:chu	pron.	dónde
量化	liang:hua	v.	cuantificar
和弦	he:xian	n.	acorde
嘴巴	zui:ba	n.	boca
风险投资	feng:xian:tou:zi	n.	capital de riesgo
昂贵	ang:gui	adj.	caro
开会	kai:hui	v.	celebrar una reunión
发音	fa:yin	v.	pronunciar
发音	fa:yin	n.	pronunciación
教学内容	jiao:xue:nei:rong	n.	contenido docente
预先	yu:xian	adv.	de antemano
城里	cheng:li	n.	en la ciudad
姐妹	jie:mei	n.	hermanas
拯救	zheng:jiu	v.	salvar
调查报告	diao:cha:bao:gao	n.	informe de investigación
侠	xia	n.	héroe
第十	di:shi	num.	décimo
济南市	ji:nan:shi	n.	Jinan
有线电视	you:xian:dian:shi	n.	televisión por cable
上游	shang:you	n.	curso superior
终点站	zhong:dian:zhan	n.	estación terminal
泉	quan	n.	manantial
结构调整	jie:gou:tiao:zheng	n.	ajuste estructural
派遣	pai:qian	v.	despachar
勇敢	yong:gan	adj.	valiente
劫	jie	n.	asalto
菜鸟	cai:niao	n.	principiante
某人	mou:ren	n.	cierta persona
一旁	yi:pang	n.	lado
入境	ru:jing	v.	entrada al país
风扇	feng:shan	n.	ventilador
沙滩	sha:tan	n.	playa
不曾	bu:ceng	adv.	nunca
天真	tian:zhen	adj.	ingenuo
刹车	sha:che	v.	frenar
刹车	sha:che	n.	freno
炎	yan	n.	inflamación
炎	yan	n.	llama
游泳池	you:yong:chi	n.	piscina
游人	you:ren	n.	turista
冰冷	bing:leng	adj.	glacial
手套	shou:tao	n.	guantes
兔子	tu:zi	n.	conejo
况且	kuang:qie	conj.	además
负有	fu:you	v.	asumir
穷人	qiong:ren	n.	pobre
运算	yun:suan	n.	cálculo
运算	yun:suan	v.	calcular
泥	ni	n.	lodo
畅销	chang:xiao	adj.	muy vendido
呕吐	ou:tu	v.	vomitar
排水	pai:shui	v.	drenar
排水	pai:shui	n.	drenaje
毁灭	hui:mie	v.	destruir
毁灭	hui:mie	n.	destrucción
赌	du	v.	apostar
另行	ling:xing	adv.	por separado
弓	gong	n.	arco
美金	mei:jin	n.	dólar
苏州市	su:zhou:shi	n.	Suzhou
中国银行	zhong:guo:yin:hang	n.	Banco de China
工行	gong:hang	n.	ICBC
学习型	xue:xi:xing	adj.	orientado al aprendizaje
魏	wei	n.	Wei
水产	shui:chan	n.	productos acuáticos
该校	gai:xiao	n.	esa escuela
罩	zhao	v.	cubrir
口碑	kou:bei	n.	reputación
管理人	guan:li:ren	n.	administrador
文化产业	wen:hua:chan:ye	n.	industria cultural
交通管理	jiao:tong:guan:li	n.	gestión del tráfico
备用	bei:yong	adj.	de reserva
飞扬	fei:yang	v.	alzar el vuelo
光辉	guang:hui	n.	resplandor
感应	gan:ying	v.	percibir
规程	gui:cheng	n.	reglamento
疯子	feng:zi	n.	loco
管理学	guan:li:xue	n.	ciencias de la gestión
民俗	min:su	n.	folclore
昔日	xi:ri	n.	días antiguos
疾	ji	n.	enfermedad
涉外	she:wai	adj.	relacionado con el extranjero
吃惊	chi:jing	v.	sorprenderse
工作环境	gong:zuo:huan:jing	n.	entorno de trabajo
自治	zi:zhi	n.	autonomía
中国科学院	zhong:guo:ke:xue:yuan	n.	Academia de Ciencias de China
惊人	jing:ren	adj.	asombroso
整机	zheng:ji	n.	máquina completa
饰	shi	v.	adornar
符	fu	n.	símbolo
垂	chui	v.	colar
邪恶	xie:e	adj.	malvado
做工	zuo:gong	n.	factura
大唐	da:tang	n.	dinastía Tang
墙面	qiang:mian	n.	superficie de la pared
最大化	zui:da:hua	v.	maximizar
抗日	kang:ri	v.	resistir a Japán
水稻	shui:dao	n.	arroz
哪种	na:zhong	pron.	qué tipo
教学质量	jiao:xue:zhi:liang	n.	calidad de enseñanza
渲染	xuan:ran	v.	renderizar
渲染	xuan:ran	v.	exagerar
制备方法	zhi:bei:fang:fa	n.	método de preparación
分明	fen:ming	adj.	claro
分明	fen:ming	adv.	claramente
平和	ping:he	adj.	dócil
牌照	pai:zhao	n.	licencia
名师	ming:shi	n.	maestro famoso
代表大会	dai:biao:da:hui	n.	congreso
湿地	shi:di	n.	humedal
民办	min:ban	adj.	de gestión privada
本国	ben:guo	n.	propio país
学说	xue:shuo	n.	teoría
最短	zui:duan	adj.	el más corto
铸造	zhu:zao	v.	fundir
广告公司	guang:gao:gong:si	n.	agencia de publicidad
成年	cheng:nian	v.	llegar a la mayoría de edad
成年	cheng:nian	adj.	adulto
潜水	qian:shui	n.	buceo
潜水	qian:shui	v.	bucear
日趋	ri:qu	adv.	día a día
简便	jian:bian	adj.	sencillo y práctico
柜台	gui:tai	n.	mostrador
高等	gao:deng	adj.	superior
冷却	leng:que	v.	enfriar
映	ying	v.	reflejar
映	ying	v.	proyectar
背面	bei:mian	n.	reverso
退回	tui:hui	v.	devolver
校友	xiao:you	n.	antiguo alumno
李先生	li:xian:sheng	n.	señor Li
发表日期	fa:biao:ri:qi	n.	fecha de publicación
欢喜	huan:xi	adj.	alegre
偏差	pian:cha	n.	desviación
涨价	zhang:jia	v.	subir los precios
漠	mo	adj.	indiferente
相爱	xiang:ai	v.	amarse
脖	bo	n.	cuello
一举	yi:ju	n.	de una vez
造就	zao:jiu	v.	formar
演变	yan:bian	v.	evolucionar
演变	yan:bian	n.	evolución
水上	shui:shang	n.	sobre el agua
山路	shan:lu	n.	camino de montaña
经理人	jing:li:ren	n.	gerente
非凡	fei:fan	adj.	extraordinario
八个	ba:ge	num.	ocho
饮	yin	v.	beber
沿	yan	prep.	a lo largo de
沿	yan	v.	seguir
灾害	zai:hai	n.	desastre
粘贴	zhan:tie	v.	pegar
显现	xian:xian	v.	aparecer
力气	li:qi	n.	fuerza
初一	chu:yi	n.	primer día del año lunar
初一	chu:yi	n.	primer año de secundaria
众所周知	zhong:suo:zhou:zhi	v.	como es bien sabido
活泼	huo:po	adj.	vivo
电厂	dian:chang	n.	central eléctrica
岩石	yan:shi	n.	roca
源代码	yuan:dai:ma	n.	código fuente
信息产业	xin:xi:chan:ye	n.	industria de la información
黄蜂	huang:feng	n.	avispa
遗址	yi:zhi	n.	ruinas
资费	zi:fei	n.	tarifas
心愿	xin:yuan	n.	deseo
懒	lan	adj.	perezoso
肤	fu	n.	piel
口令	kou:ling	n.	contraseña
口令	kou:ling	n.	consigna
操纵	cao:zong	v.	manipular
郊区	jiao:qu	n.	afueras
战斗力	zhan:dou:li	n.	capacidad de combate
桑	sang	n.	mora
大型企业	da:xing:qi:ye	n.	gran empresa
下班	xia:ban	v.	salir del trabajo
冷冷	leng:leng	adv.	fríamente
堪	kan	v.	soportar
燃	ran	v.	arder
卓	zhuo	adj.	sobresaliente
对冲	dui:chong	v.	cubrir
慎重	shen:zhong	adj.	prudente
网络技术	wang:luo:ji:shu	n.	tecnología de red
重大问题	zhong:da:wen:ti	n.	cuestión importante
创始人	chuang:shi:ren	n.	fundador
世界各地	shi:jie:ge:di	n.	todo el mundo
优美的	you:mei:de	adj.	gracioso
精细	jing:xi	adj.	fino
着急	zhao:ji	v.	preocuparse
倘若	tang:ruo	conj.	si
湖泊	hu:po	n.	lago
其后	qi:hou	adv.	después
想不到	xiang:bu:dao	v.	no esperar
蔓延	man:yan	v.	propagarse
五一	wu:yi	n.	Día del Trabajo
最新版	zui:xin:ban	n.	última versión
小人	xiao:ren	n.	persona mezquina
债务人	zhai:wu:ren	n.	deudor
搜索结果	sou:suo:jie:guo	n.	resultados de búsqueda
日元	ri:yuan	n.	yen japonés
气象台	qi:xiang:tai	n.	observatorio meteorológico
门店	men:dian	n.	tienda
子弹	zi:dan	n.	bala
祝	zhu	v.	desear
莫名其妙	mo:ming:qi:miao	adj.	inexplicable
清风	qing:feng	n.	brisa fresca
几百	ji:bai	num.	varios cientos
支配	zhi:pei	v.	dominar
支配	zhi:pei	n.	dominio
平淡	ping:dan	adj.	soso
平原	ping:yuan	n.	llanura
第二十九条	di:er:shi:jiu:tiao	num.	29.º
第六	di:liu	num.	sexto
数据结构	shu:ju:jie:gou	n.	estructura de datos
偷偷	tou:tou	adv.	en secreto
源头	yuan:tou	n.	fuente
中东	zhong:dong	n.	Medio Oriente
赖	lai	v.	culpar
制药	zhi:yao	v.	fabricar medicamentos
项链	xiang:lian	n.	collar
一年级	yi:nian:ji	n.	primer curso
下游	xia:you	n.	aguas abajo
掏出	tao:chu	v.	sacar
明月	ming:yue	n.	luna brillante
呼唤	hu:huan	v.	llamar
声称	sheng:cheng	v.	afirmar
民工	min:gong	n.	trabajador migrante
支内	zhi:nei	v.	apoyar el interior
网名	wang:ming	n.	nombre en línea
周刊	zhou:kan	n.	semanario
名额	ming:e	n.	cupo
项目建设	xiang:mu:jian:she	n.	construcción de proyectos
东海	dong:hai	n.	mar de China Oriental
书名	shu:ming	n.	título del libro
本田	ben:tian	n.	Honda
区域内	qu:yu:nei	n.	dentro de la región
街上	jie:shang	n.	en la calle
星期六	xing:qi:liu	n.	sábado
附属	fu:shu	adj.	anexo
外科	wai:ke	n.	cirugía
香烟	xiang:yan	n.	cigarrillo
良性	liang:xing	adj.	benigno
马路	ma:lu	n.	carretera
高雅	gao:ya	adj.	elegante
改动	gai:dong	v.	modificar
改动	gai:dong	n.	modificación
劳动关系	lao:dong:guan:xi	n.	relaciones laborales
灯具	deng:ju	n.	aparato de iluminación
证券公司	zheng:quan:gong:si	n.	corretora de valores
根源	gen:yuan	n.	raíz
出场	chu:chang	v.	salir a escena
过敏	guo:min	v.	ser alérgico
过敏	guo:min	adj.	alérgico
改建	gai:jian	v.	reconstruir
考试成绩	kao:shi:cheng:ji	n.	resultados de examen
适用范围	shi:yong:fan:wei	n.	ámbito de aplicación
宾	bin	n.	invitado
必需	bi:xu	adj.	imprescindible
质感	zhi:gan	n.	textura
党内	dang:nei	n.	interno del partido
两款	liang:kuan	num.	dos modelos
耗材	hao:cai	n.	consumibles
初级会员	chu:ji:hui:yuan	n.	miembro básico
先进技术	xian:jin:ji:shu	n.	tecnología avanzada
户籍	hu:ji	n.	registro de hogar
荣誉勋章	rong:yu:xun:zhang	n.	medalla de honor
生产技术	sheng:chan:ji:shu	n.	tecnología de producción
阿里巴巴	a:li:ba:ba	n.	Alibaba
偏偏	pian:pian	adv.	justamente
高品质	gao:pin:zhi	adj.	alta calidad
程序员	cheng:xu:yuan	n.	programador
贾	jia	n.	Jia (apellido)
两点	liang:dian	num.	las dos
灵活性	ling:huo:xing	n.	flexibilidad
性欲	xing:yu	n.	deseo sexual
搅拌	jiao:ban	v.	remover
电容	dian:rong	n.	capacitancia
延迟	yan:chi	v.	retrasar
为人民服务	wei:ren:min:fu:wu	v.	servir al pueblo
使用权	shi:yong:quan	n.	derecho de uso
血压	xie:ya	n.	presión arterial
血压	xue:ya	n.	presión arterial
恶劣	e:lie	adj.	atroz
本系统	ben:xi:tong	n.	este sistema
勤奋	qin:fen	adj.	diligente
舰队	jian:dui	n.	flota
浴室	yu:shi	n.	cuarto de baño
累积	lei:ji	v.	acumular
喘	chuan	v.	jadear
电线	dian:xian	n.	cable eléctrico
徘徊	pai:huai	v.	deambular
焰	yan	n.	llama
吵	chao	adj.	ruidoso
控制面板	kong:zhi:mian:ban	n.	panel de control
先进单位	xian:jin:dan:wei	n.	unidad modelo
沿途	yan:tu	adv.	por el camino
变态	bian:tai	adj.	pervertido
班长	ban:zhang	n.	delegado
冥	ming	adj.	oscuro
转速	zhuan:su	n.	velocidad de rotación
下载说明	xia:zai:shuo:ming	n.	instrucciones de descarga
消化	xiao:hua	v.	digerir
精子	jing:zi	n.	esperma
越来越大	yue:lai:yue:da	adj.	cada vez más grande
不同程度	bu:tong:cheng:du	n.	grados diferentes
耳边	er:bian	n.	lado de la oreja
无敌	wu:di	adj.	invencible
隆重	long:zhong	adj.	solemne
鞋	xie	n.	zapato
逸	yi	adj.	desahogado
数据类型	shu:ju:lei:xing	n.	tipo de dato
报社	bao:she	n.	oficina de periódico
学生们	xue:sheng:men	n.	estudiantes
果实	guo:shi	n.	fruta
这几天	zhe:ji:tian	n.	estos días
短缺	duan:que	v.	escasear
提成	ti:cheng	n.	comisión
情趣	qing:qu	n.	encanto
高大	gao:da	adj.	alto y grande
初审	chu:shen	n.	primera instancia
板材	ban:cai	n.	tablero
全天	quan:tian	n.	todo el día
工地	gong:di	n.	obra
金刚	jin:gang	n.	vajra
整洁	zheng:jie	adj.	ordenado
公共卫生	gong:gong:wei:sheng	n.	salud pública
实实在在	shi:shi:zai:zai	adj.	honesto
以至于	yi:zhi:yu	conj.	hasta el punto de
国庆	guo:qing	n.	fiesta nacional
库	ku	n.	almacén
几十年	ji:shi:nian	num.	décadas
安定	an:ding	adj.	estable
师兄	shi:xiong	n.	compañero mayor
裤	ku	n.	pantalón
危险化学品	wei:xian:hua:xue:pin	n.	producto químico peligroso
就读	jiu:du	v.	asistir a
团组织	tuan:zu:zhi	n.	organización de la Liga
民国	min:guo	n.	República de China
并发	bing:fa	v.	concurrente
上一主题	shang:yi:zhu:ti	n.	tema anterior
下一主题	xia:yi:zhu:ti	n.	tema siguiente
专家组	zhuan:jia:zu	n.	grupo de expertos
八年	ba:nian	num.	ocho años
楼市	lou:shi	n.	mercado inmobiliario
马克思	ma:ke:si	n.	Marx
出来了	chu:lai:le	v.	salir
碗	wan	n.	tazón
美景	mei:jing	n.	paisaje hermoso
首席执行官	shou:xi:zhi:xing:guan	n.	director ejecutivo
等候	deng:hou	v.	esperar
在乎	zai:hu	v.	importar
航	hang	n.	aviación
航	hang	v.	navegar
以防	yi:fang	conj.	para el caso de
积极探索	ji:ji:tan:suo	v.	explorar activamente
我给	wo:gei	v.	yo doy
平行	ping:xing	adj.	paralelo
让孩子	rang:hai:zi	v.	dejar que el niño
她又	ta:you	adv.	otra vez ella
就想	jiu:xiang	adv.	solo quiere
旗帜	qi:zhi	n.	bandera
叫声	jiao:sheng	n.	grito
生产者	sheng:chan:zhe	n.	productor
踢	ti	v.	patear
排队	pai:dui	v.	hacer fila
比喻	bi:yu	n.	metáfora
比喻	bi:yu	v.	comparar
流动性	liu:dong:xing	n.	liquidez
流动性	liu:dong:xing	n.	movilidad
减弱	jian:ruo	v.	debilitarse
富含	fu:han	v.	rico en
非常重要	fei:chang:zhong:yao	adj.	muy importante
过错	guo:cuo	n.	falta
奶油	nai:you	n.	crema
速度快	su:du:kuai	adj.	veloz
吓得	xia:de	v.	de miedo
繁华	fan:hua	adj.	próspero
繁华	fan:hua	adj.	animado
点点	dian:dian	n.	un poco
麻醉药品	ma:zui:yao:pin	n.	estupefaciente
姨	yi	n.	tía
将我	jiang:wo	v.	que yo
还为	hai:wei	conj.	todavía para
必不可少	bi:bu:ke:shao	adj.	imprescindible
台州	tai:zhou	n.	Taizhou
实施办法	shi:shi:ban:fa	n.	método de aplicación
就在于	jiu:zai:yu	v.	reside precisamente en
追逐	zhui:zhu	v.	perseguir
炼油厂	lian:you:chang	n.	refinería
它会	ta:hui	part.	será que
通常是	tong:chang:shi	v.	suele ser
还有什么	hai:you:shen:me	pron.	qué más
有你	you:ni	v.	hay tú
不觉	bu:jue	adv.	sin darse cuenta
合作关系	he:zuo:guan:xi	n.	relación de cooperación
国有股	guo:you:gu	n.	acciones estatales
片段	pian:duan	n.	fragmento
酸	suan	adj.	ácido
并根据	bing:gen:ju	conj.	y según
我做	wo:zuo	v.	yo hago
一二三四	yi:er:san:si	num.	uno dos tres cuatro
与服务	yu:fu:wu	v.	y servir
几乎没有	ji:hu:mei:you	adv.	casi ninguno
啸	xiao	v.	aullar
啸	xiao	n.	silbido
对立	dui:li	n.	oposición
对立	dui:li	v.	oponerse
薄弱	bo:ruo	adj.	débil
死后	si:hou	adv.	después de la muerte
峡谷	xia:gu	n.	desfiladero
季度	ji:du	n.	trimestre
玄武	xuan:wu	n.	Xuanwu
龄	ling	n.	edad
工程质量	gong:cheng:zhi:liang	n.	calidad de obra
文化部	wen:hua:bu	n.	ministerio de Cultura
阁	ge	n.	pabellón
合同约定	he:tong:yue:ding	n.	estipulación contractual
绿茶	lv:cha	n.	té verde
未经同意	wei:jing:tong:yi	prep.	sin consentimiento
舌	she	n.	lengua
崩溃	beng:kui	v.	derrumbarse
设为	she:wei	v.	establecer como
拖欠	tuo:qian	v.	adeudar
大力支持	da:li:zhi:chi	v.	apoyar firmemente
相关内容	xiang:guan:nei:rong	n.	contenido relacionado
流入	liu:ru	v.	fluir hacia
例外	li:wai	n.	excepción
要好	yao:hao	adj.	ser íntimo
多少钱	duo:shao:qian	num.	cuánto dinero
专项资金	zhuan:xiang:zi:jin	n.	fondos especiales
空前	kong:qian	adj.	sin precedentes
无形资产	wu:xing:zi:chan	n.	activos intangibles
征地	zheng:di	n.	expropiación de tierras
箱	xiang	n.	caja
箱	xiang	mw.	caja（medida）
物质的	wu:zhi:de	adj.	material
申请材料	shen:qing:cai:liao	n.	documentos de solicitud
冯	feng	n.	Feng
萨达姆	sa:da:mu	n.	Saddam
这么说	zhe:me:shuo	conj.	en ese caso
绿色食品	lv:se:shi:pin	n.	alimentos ecológicos
颇为	po:wei	adv.	bastante
小吃	xiao:chi	n.	aperitivo
国情	guo:qing	n.	situación nacional
构思	gou:si	v.	concebir
构思	gou:si	n.	concepción
清爽	qing:shuang	adj.	fresco
坐标	zuo:biao	n.	coordenada
赞美	zan:mei	v.	alabar
下载后	xia:zai:hou	adv.	después de la descarga
面值	mian:zhi	n.	valor nominal
畜牧	xu:mu	n.	ganadería
邦	bang	n.	estado
稳步	wen:bu	adv.	Constantemente
宣传部	xuan:chuan:bu	n.	departamento de propaganda
强有力的	qiang:you:li:de	adj.	poderoso
野生动物	ye:sheng:dong:wu	n.	animales salvajes
封建	feng:jian	adj.	feudal
残留	can:liu	v.	quedar residuo
两地	liang:di	n.	ambos lugares
石膏	shi:gao	n.	yeso
展区	zhan:qu	n.	zona de exposición
钢	gang	n.	acero
较差	jiao:cha	adj.	bastante malo
起床	qi:chuang	v.	levantarse
经营模式	jing:ying:mo:shi	n.	modelo de negocio
英镑	ying:bang	n.	libra esterlina
只剩下	zhi:sheng:xia	v.	quedar solo
专长	zhuan:chang	n.	especialidad
乡镇企业	xiang:zhen:qi:ye	n.	empresa de pueblo
高二	gao:er	n.	segundo año de bachillerato
报关	bao:guan	v.	declarar en aduana
大连市	da:lian:shi	n.	Dalian
短线	duan:xian	n.	especulación a corto plazo
请勿转载	qing:wu:zhuan:zai	v.	no reproducir
招呼	zhao:hu	n.	saludo
歌迷	ge:mi	n.	fan de música
吸纳	xi:na	v.	absorber
霞	xia	n.	nube rosada
工伤	gong:shang	n.	accidente laboral
手表	shou:biao	n.	reloj de pulsera
详细地址	xiang:xi:di:zhi	n.	dirección detalleda
第三十一条	di:san:shi:yi:tiao	num.	artículo 31
定量	ding:liang	v.	cuantificar
第三十条	di:san:shi:tiao	num.	artículo 30
促	cu	v.	promover
泡	pao	v.	remojar
下线	xia:xian	v.	desconectarse
生化	sheng:hua	n.	bioquímica
关税	guan:shui	n.	arancel
全日制	quan:ri:zhi	n.	jornada completa
上岗	shang:gang	v.	incorporarse al puesto
重	chong	adv.	otra vez
不仅仅	bu:jin:jin	adv.	no solo
通告	tong:gao	n.	notificación
通告	tong:gao	v.	anunciar
同上	tong:shang	n.	ídem
服务条款	fu:wu:tiao:kuan	n.	términos del servicio
粉丝	fen:si	n.	fans
组装	zu:zhuang	v.	ensamblar
并提	bing:ti	v.	mencionar juntos
魔鬼	mo:gui	n.	diablo
世界里	shi:jie:li	n.	en el mundo
地税	di:shui	n.	impuesto local
日渐	ri:jian	adv.	día a día
装配	zhuang:pei	v.	ensamblar
双赢	shuang:ying	n.	ganar-ganar
拿来	na:lai	v.	traer
小镇	xiao:zhen	n.	pueblo pequeño
盾	dun	n.	escudo
民航	min:hang	n.	aviación civil
钢管	gang:guan	n.	tubo de acero
石榴	shi:liu	n.	granada
已完成	yi:wan:cheng	v.	completado
发布信息	fa:bu:xin:xi	v.	publicar información
网络服务	wang:luo:fu:wu	n.	servicio de red
以太网	yi:tai:wang	n.	Ethernet
工作时	gong:zuo:shi	n.	en el trabajo
共用	gong:yong	v.	compartir
墨西哥	mo:xi:ge	n.	México
远程教育	yuan:cheng:jiao:yu	n.	educación a distancia
性命	xing:ming	n.	vida
迹象	ji:xiang	n.	indicio
聊天室	liao:tian:shi	n.	sala de chat
反之	fan:zhi	conj.	por el contrario
坚信	jian:xin	v.	creer firmamente
不解	bu:jie	adj.	perplejo
好东西	hao:dong:xi	n.	cosa buena
羊	yang	n.	oveja
充电器	chong:dian:qi	n.	cargador
大企业	da:qi:ye	n.	gran empresa
碧	bi	adj.	verde jade
由此可见	you:ci:ke:jian	conj.	por ello se ve
援	yuan	v.	ayudar
闪电	shan:dian	n.	relámpago
连锁店	lian:suo:dian	n.	tienda en cadena
沙龙	sha:long	n.	tertulia
重要意义	zhong:yao:yi:yi	n.	significado importante
陌生的	mo:sheng:de	adj.	desconocido
难的	nan:de	adj.	difícil
误导	wu:dao	v.	desorientar
一万	yi:wan	num.	diez mil
热潮	re:chao	n.	fiebre
伴随	ban:sui	v.	acompañar
更正	geng:zheng	v.	corregir
人权	ren:quan	n.	derechos humanos
博士学位	bo:shi:xue:wei	n.	doctorado
实用性	shi:yong:xing	n.	practicidad
国内市场	guo:nei:shi:chang	n.	mercado nacional
抹	ma	v.	limpiar
抹	mo	v.	untar
全额	quan:e	n.	importe total
出版物	chu:ban:wu	n.	publicación
保持了	bao:chi:le	v.	mantener
该机	gai:ji	n.	esta máquina
见习	jian:xi	v.	hacer prácticas
也应该	ye:ying:gai	adv.	también debería
征得	zheng:de	v.	obtener
非常重	fei:chang:zhong	adj.	muy pesado
文凭	wen:ping	n.	título
政党	zheng:dang	n.	partido
构造函数	gou:zao:han:shu	n.	constructor
皇家	huang:jia	adj.	real
观测	guan:ce	v.	observar
失眠	shi:mian	n.	insomnio
片长	pian:chang	n.	duración de la película
讲授	jiang:shou	v.	enseñar
岂是	qi:shi	v.	cómo podría ser
认购	ren:gou	v.	suscribir
怎么回事	zen:me:hui:shi	v.	qué está pasando
真诚的	zhen:cheng:de	adj.	sincero
题型	ti:xing	n.	tipo de pregunta
经纪人	jing:ji:ren	n.	agente
亿吨	yi:dun	num.	100 millones de toneladas
电子书	dian:zi:shu	n.	libro electrónico
统计数据	tong:ji:shu:ju	n.	datos estadísticos
已于	yi:yu	prep.	ya el
倩	qian	adj.	hermoso
定为	ding:wei	v.	definir como
山顶	shan:ding	n.	cumbre
锐	rui	adj.	agudo
我们知道	wo:men:zhi:dao	v.	sabemos
委屈	wei:qu	adj.	agraviado
线程	xian:cheng	n.	hilo
一直没有	yi:zhi:mei:you	v.	nunca tener
冲洗	chong:xi	v.	enjuagar
摄像	she:xiang	v.	filmar
难过	nan:guo	adj.	triste
不清	bu:qing	adj.	poco claro
只听	zhi:ting	v.	solo oír
要进行	yao:jin:xing	v.	llevar a cabo
油耗	you:hao	n.	consumo de combustible
则可	ze:ke	adv.	entonces se puede
喷	pen	v.	rociar
收货人	shou:huo:ren	n.	destinatario
那段	na:duan	pron.	ese pasaje
占了	zhan:le	v.	ocupar
拦	lan	v.	bloquear
难忘	nan:wang	adj.	inolvidable
嘉	jia	adj.	excelente
交货	jiao:huo	v.	entregar
也不要	ye:bu:yao	adv.	tampoco querer
袖	xiu	n.	manga
教育事业	jiao:yu:shi:ye	n.	causa educativa
榜样	bang:yang	n.	ejemplo
刻录	ke:lu	v.	grabar
估算	gu:suan	v.	estimar
豆油	dou:you	n.	aceite de soja
亦不	yi:bu	adv.	tampoco
声卡	sheng:ka	n.	tarjeta de sonido
周到	zhou:dao	adj.	minucioso
亲戚	qin:qi	n.	pariente
什么东西	shen:me:dong:xi	n.	qué cosa
教研室	jiao:yan:shi	n.	oficina de enseñanza
花朵	hua:duo	n.	flor
主要任务	zhu:yao:ren:wu	n.	tarea principal
税费	shui:fei	n.	impuestos y tasas
信息管理	xin:xi:guan:li	n.	gestión de la información
房间里	fang:jian:li	n.	en la habitación
其二	qi:er	n.	en segundo lugar
大学本科	da:xue:ben:ke	n.	estudios de grado
殊	shu	adj.	distinto
终结	zhong:jie	n.	fin
徒步	tu:bu	v.	a pie
农作物	nong:zuo:wu	n.	cultivo
触摸	chu:mo	v.	tocar
派人	pai:ren	v.	enviar a alguien
深远	shen:yuan	adj.	profundo
文化建设	wen:hua:jian:she	n.	desarrollo cultural
腹泻	fu:xie	n.	diarrea
分居	fen:ju	v.	vivir separado
头顶	tou:ding	n.	coronilla
整齐	zheng:qi	adj.	arreglado
大城市	da:cheng:shi	n.	ciudad grande
验证码	yan:zheng:ma	n.	código de verificación
辰	chen	n.	el quinto tronco
台上	tai:shang	n.	en el escenario
公司法	gong:si:fa	n.	derecho societario
仔细阅读	zi:xi:yue:du	v.	leer con atención
唱片公司	chang:pian:gong:si	n.	discográfica
描绘	miao:hui	v.	describir
出厂	chu:chang	v.	salir de fábrica
蒸气	zheng:qi	n.	vapor
口袋	kou:dai	n.	bolsillo
天后	tian:hou	n.	diva
低成本	di:cheng:ben	n.	bajo costo
归来	gui:lai	v.	regresar
总的	zong:de	adj.	en general
出路	chu:lu	n.	salida
细心	xi:xin	adj.	cuidadoso
充值	chong:zhi	v.	recargar
社会经济	she:hui:jing:ji	n.	economía social
转载请注明	zhuan:zai:qing:zhu:ming	v.	indicar la fuente al reproducir
进球	jin:qiu	v.	marcar un gol
特制	te:zhi	adj.	fabricado especialmente
繁	fan	adj.	numeroso
沉淀	chen:dian	v.	precipitar
发展空间	fa:zhan:kong:jian	n.	margen de desarrollo
本校	ben:xiao	n.	esta escuela
珍贵	zhen:gui	adj.	precioso
消失了	xiao:shi:le	v.	desaparecer
声道	sheng:dao	n.	canal de sonido
屋里	wu:li	n.	dentro de la casa
主要负责人	zhu:yao:fu:ze:ren	n.	responsable principal
感性	gan:xing	n.	sensibilidad
法语	fa:yu	n.	francés
编辑部	bian:ji:bu	n.	redacción
条规	tiao:gui	n.	normas
络	luo	n.	red
留言板	liu:yan:ban	n.	tablón de anuncios
第三人	di:san:ren	n.	tercera persona
捆绑	kun:bang	v.	atarse
党章	dang:zhang	n.	estatuto del partido
轮廓	lun:kuo	n.	contorno
银行业	yin:hang:ye	n.	industria bancaria
抛	pao	v.	lanzar
负载	fu:zai	n.	carga
税法	shui:fa	n.	ley fiscal
很喜欢	hen:xi:huan	v.	gustar mucho
破裂	po:lie	v.	romperse
一倍	yi:bei	num.	un vez
场上	chang:shang	n.	en el campo
嫁	jia	v.	casarse (mujer)
咒	zhou	n.	maldición
油画	you:hua	n.	pintura al óleo
音效	yin:xiao	n.	efecto de sonido
开盘	kai:pan	v.	abrir
主场	zhu:chang	n.	campo propio
不清楚	bu:qing:chu	adj.	poco claro
撤	che	v.	retirarse
一坨	yi:tuo	mw.	un montón
三类	san:lei	num.	tres tipos
违约金	wei:yue:jin	n.	indemnización
报销	bao:xiao	v.	reembolsar
推开	tui:kai	v.	empujar para abrir
解说	jie:shuo	v.	comentar
后人	hou:ren	n.	descendientes
合伙人	he:huo:ren	n.	socio
前端	qian:duan	n.	front-end
历史文化	li:shi:wen:hua	n.	historia y cultura
管理类	guan:li:lei	n.	categoría de gestión
国际标准	guo:ji:biao:zhun	n.	norma internacional
何必	he:bi	adv.	para qué
体现出	ti:xian:chu	v.	reflejar
警惕	jing:ti	v.	estar alerta
主营业务	zhu:ying:ye:wu	n.	negocio principal
客服热线	ke:fu:re:xian	n.	línea de atención
器械	qi:xie	n.	instrumento
器械	qi:xie	n.	aparato
视听	shi:ting	n.	audiovisual
管委会	guan:wei:hui	n.	comité de gestión
落户	luo:hu	v.	establecerse
工夫	gong:fu	n.	tiempo
工夫	gong:fu	n.	esfuerzo
元宝	yuan:bao	n.	lingote
突发事件	tu:fa:shi:jian	n.	emergencia
预案	yu:an	n.	plan de contingencia
华北	hua:bei	n.	norte de China
一时间	yi:shi:jian	adv.	por un momento
定要	ding:yao	adv.	seguramente
养老保险	yang:lao:bao:xian	n.	seguro de pensiones
治愈	zhi:yu	v.	curar
治愈	zhi:yu	n.	curación
跳跃	tiao:yue	v.	saltar
跳跃	tiao:yue	n.	salto
深深地	shen:shen:de	adv.	profundamente
西门	xi:men	n.	Ximen
西门	xi:men	n.	puerta oeste
书生	shu:sheng	n.	erudito
肝脏	gan:zang	n.	hígado
十一月	shi:yi:yue	num.	noviembre
进化	jin:hua	v.	evolucionar
进化	jin:hua	n.	evolución
附录	fu:lu	n.	apéndice
六十	liu:shi	num.	sesenta
生病	sheng:bing	v.	enfermarse
之作	zhi:zuo	n.	obra
牡丹	mu:dan	n.	peonía
高校毕业生	gao:xiao:bi:ye:sheng	n.	titulado universitario
快点	kuai:dian	v.	apúrate
愉悦	yu:yue	adj.	alegre
助学	zhu:xue	v.	ayudar a estudiar
月饼	yue:bing	n.	pastel de luna
虫	chong	n.	insecto
此举	ci:ju	n.	este acto
审	shen	v.	examinar
施工单位	shi:gong:dan:wei	n.	empresa constructora
献	xian	v.	ofrecer
千元	qian:yuan	n.	mil yuan
雇主	gu:zhu	n.	empleador
饰演	shi:yan	v.	interpretar
散发	san:fa	v.	repartir
我们自己	wo:men:zi:ji	pron.	nosotros mismos
奶酪	nai:lao	n.	queso
结尾	jie:wei	n.	final
人大代表	ren:da:dai:biao	n.	diputado de la ANP
虽说	sui:shuo	conj.	aunque
免费注册	mian:fei:zhu:ce	v.	registrarse gratis
专卖	zhuan:mai	v.	monopolizar la venta
喜剧	xi:ju	n.	comedia
不得以	bu:de:yi	v.	no poder
废止	fei:zhi	v.	abolir
不同意	bu:tong:yi	v.	no estar de acuerdo
专业人士	zhuan:ye:ren:shi	n.	profesional
青菜	qing:cai	n.	verdura
习惯了	xi:guan:le	v.	acostumbrarse
饮酒	yin:jiu	v.	beber alcohol
媚	mei	adj.	encantador
预报	yu:bao	n.	predicción
朝着	chao:zhe	prep.	hacia
报复	bao:fu	n.	represalia
相识	xiang:shi	v.	acercarse a conocer
亲属	qin:shu	n.	pariente
小狗	xiao:gou	n.	cachorro
福州市	fu:zhou:shi	n.	ciudad de Fuzhou
发型	fa:xing	n.	peinado
管理部	guan:li:bu	n.	departamento de gestión
为国家	wei:guo:jia	prep.	por el país
宣言	xuan:yan	n.	declaración
还很	hai:hen	adv.	aún muy
浸泡	jin:pao	v.	remojar
国土资源部	guo:tu:zi:yuan:bu	n.	Ministerio de Tierra y Recursos
陈列	chen:lie	v.	exhibir
就是我	jiu:shi:wo	pron.	soy yo
我当时	wo:dang:shi	n.	yo entonces
环境污染	huan:jing:wu:ran	n.	contaminación ambiental
华南	hua:nan	n.	Sur de China
此版	ci:ban	n.	esta edición
承办单位	cheng:ban:dan:wei	n.	organizador
反映出	fan:ying:chu	v.	reflejar
年年	nian:nian	adv.	año tras año
要严格	yao:yan:ge	adj.	debe ser estricto
光电	guang:dian	n.	fotoelectricidad
讥笑	ji:xiao	v.	burlarse de
优越	you:yue	adj.	superior
将由	jiang:you	prep.	por
起板	qi:ban	n.	compás de ópera
亿元	yi:yuan	num.	100 millones de yuanes
多层次	duo:ceng:ci	adj.	multinivel
厨师	chu:shi	n.	cocinero
严峻	yan:jun	adj.	severo
为首	wei:shou	v.	estar a la cabeza
这意味着	zhe:yi:wei:zhe	v.	esto significa
面粉	mian:fen	n.	harina
农村经济	nong:cun:jing:ji	n.	economía rural
奶茶	nai:cha	n.	té con leche
切割	qie:ge	v.	cortar
日照	ri:zhao	n.	soleamiento
禽流感	qin:liu:gan	n.	gripe aviar
外型	wai:xing	n.	apariencia
推动了	tui:dong:le	v.	impulsó
想做	xiang:zuo	v.	quiere hacer
本行	ben:hang	n.	propia profesión
成交量	cheng:jiao:liang	n.	volumen de transacciones
递给	di:gei	v.	entregar a
心跳	xin:tiao	n.	latido del corazón
贤	xian	adj.	virtuoso
走廊	zou:lang	n.	pasillo
规矩	gui:ju	n.	regla
规矩	gui:ju	adj.	comportado
大家好	da:jia:hao	int.	hola a todos
拉	la	v.	tirar
发售	fa:shou	v.	puesta en venta
落下	la:xia	v.	dejar
落下	luo:xia	v.	caer
国际上	guo:ji:shang	n.	ámbito internacional
深处	shen:chu	n.	profundidades
杀	sha	v.	matar
新药	xin:yao	n.	medicamento nuevo
贯穿	guan:chuan	v.	travesar
中止	zhong:zhi	v.	suspender
葛	ge	n.	kudzu
葛	ge	n.	Ge
不给	bu:gei	v.	no dar
潇洒	xiao:sa	adj.	elegante
刹	sha	n.	templo
刹	sha	v.	frenar
需求量	xu:qiu:liang	n.	cantidad demandada
几率	ji:lv	n.	probabilidad
一再	yi:zai	adv.	una y otra vez
应为	ying:wei	v.	debe ser
店主	dian:zhu	n.	tendero
域名注册	yu:ming:zhu:ce	n.	registro de dominio
开本	kai:ben	n.	formato
党的建设	dang:de:jian:she	n.	construcción del partido
强制性	qiang:zhi:xing	n.	carácter obligatorio
袁	yuan	n.	Yuan
不正确	bu:zheng:que	adj.	incorrecto
高职	gao:zhi	n.	educación profesional superior
花生	hua:sheng	n.	cacahuete
野生	ye:sheng	adj.	salvaje
较重	jiao:zhong	adj.	relativamente pesado
事务所	shi:wu:suo	n.	despacho
煤气	mei:qi	n.	gas
第三十二条	di:san:shi:er:tiao	num.	artículo 32
司马	si:ma	n.	Sima
司马	si:ma	n.	mariscal
刘备	liu:bei	n.	Liu Bei
说服	shuo:fu	v.	persuadir
拉开	la:kai	v.	abrir tirando
摔	shuai	v.	caerse
摔	shuai	v.	lanzar
公文	gong:wen	n.	documento oficial
序	xu	n.	prefacio
序	xu	n.	orden
开发者	kai:fa:zhe	n.	desarrollador
占到	zhan:dao	v.	representar
粤语	yue:yu	n.	cantonés
今年以来	jin:nian:yi:lai	adv.	desde comienzos de año
始发站	shi:fa:zhan	n.	estación de origen
不远	bu:yuan	adj.	no lejos
特殊情况	te:shu:qing:kuang	n.	circunstancia especial
指挥部	zhi:hui:bu	n.	cuartel general
麦当劳	mai:dang:lao	n.	McDonald's
预备	yu:bei	v.	preparar
自在	zi:zai	adj.	desahogado
分支	fen:zhi	n.	rama
遍布	bian:bu	v.	extenderse por todas partes
群发	qun:fa	v.	enviar en masa
多方	duo:fang	adj.	multilateral
就是说	jiu:shi:shuo	conj.	es decir
政务公开	zheng:wu:gong:kai	n.	transparencia gubernamental
反击	fan:ji	v.	contraatacar
归档	gui:dang	v.	archivar
清澈	qing:che	adj.	claro
动画片	dong:hua:pian	n.	dibujos animados
访谈	fang:tan	n.	entrevista
可行性	ke:xing:xing	n.	viabilidad
剖析	pou:xi	v.	analizar
下设	xia:she	v.	tener bajo su dependencia
契约	qi:yue	n.	contrato
臀部	tun:bu	n.	nalgas
对接	dui:jie	v.	acoplar
毛主席	mao:zhu:xi	n.	presidente Mao
企业经营	qi:ye:jing:ying	n.	gestión empresarial
有线	you:xian	n.	cableado
揭示	jie:shi	v.	revelar
自费	zi:fei	adv.	a su costa
公益性	gong:yi:xing	n.	carácter público
末页	mo:ye	n.	última página
皱纹	zhou:wen	n.	arruga
到目前为止	dao:mu:qian:wei:zhi	adv.	hasta ahora
自然科学	zi:ran:ke:xue	n.	ciencia natural
筑	zhu	v.	construir
可谓	ke:wei	v.	podría decirse
自负	zi:fu	adj.	presumido
排斥	pai:chi	v.	excluir
初三	chu:san	n.	tercero de secundaria
湿度	shi:du	n.	humedad
财务会计	cai:wu:kuai:ji	n.	contabilidad financiera
斜	xie	adj.	inclinado
女装	nv:zhuang	n.	ropa de mujer
经营性	jing:ying:xing	n.	naturaleza comercial
慕容	mu:rong	n.	Murong
到时候	dao:shi:hou	adv.	cuando llegue el momento
谁知	shei:zhi	conj.	quién sabe
当期	dang:qi	n.	período actual
散热	san:re	v.	disipar el calor
考古	kao:gu	v.	arqueología
办案	ban:an	v.	instruir un caso
重新启动	chong:xin:qi:dong	v.	reiniciar
快速增长	kuai:su:zeng:zhang	n.	crecimiento rápido
瓦	wa	mw.	vatio
高层次	gao:ceng:ci	adj.	de alto nivel
长征	chang:zheng	n.	Larga Marcha
光圈	guang:quan	n.	diafragma
督导	du:dao	v.	supervisar
面孔	mian:kong	n.	rostro
领队	ling:dui	n.	líder del equipo
喜好	xi:hao	n.	preferencia
个数	ge:shu	n.	número
固然	gu:ran	adv.	cierto
拼音	pin:yin	n.	pinyin
情人节	qing:ren:jie	n.	San Valentín
随时随地	sui:shi:sui:di	adv.	en cualquier momento y lugar
毒品	du:pin	n.	droga
南宁市	nan:ning:shi	n.	Nanning
药材	yao:cai	n.	materia médica
涂	tu	v.	untar
天赋	tian:fu	n.	don
防汛	fang:xun	v.	control de inundaciones
参展商	can:zhan:shang	n.	expositor
深层	shen:ceng	n.	capa profunda
湾	wan	n.	bahía
卓越的	zhuo:yue:de	adj.	excelente
初二	chu:er	n.	segundo año de secundaria
一心	yi:xin	adv.	con toda el alma
收支	shou:zhi	n.	ingresos y gastos
简要	jian:yao	adj.	breve
莎	sha	n.	ciperácea
视图	shi:tu	n.	vista
光源	guang:yuan	n.	fuente de luz
为宜	wei:yi	v.	ser conveniente
灿烂	can:lan	adj.	brillante
技术水平	ji:shu:shui:ping	n.	nivel técnico
团长	tuan:zhang	n.	jefe de regimiento
广告服务	guang:gao:fu:wu	n.	servicio publicitario
生产设备	sheng:chan:she:bei	n.	equipos de producción
命中	ming:zhong	v.	acertar
闪光	shan:guang	n.	destello
闪光	shan:guang	v.	destellar
崇	chong	v.	venerar
几个人	ji:ge:ren	n.	algunas personas
发改委	fa:gai:wei	n.	Comisión de Desarrollo
脱落	tuo:luo	v.	desprenderse
肉眼	rou:yan	n.	ojo desnudo
比较好	bi:jiao:hao	adj.	bastante bueno
抽烟	chou:yan	v.	fumar
拥护	yong:hu	v.	apoyar
猎	lie	v.	cazar
办公楼	ban:gong:lou	n.	edificio de oficinas
戏曲	xi:qu	n.	ópera tradicional
刑	xing	n.	castigo
墨	mo	n.	tinta
陪同	pei:tong	v.	acompañar
从容	cong:rong	adj.	sereno
没关系	mei:guan:xi	v.	no importa
诊疗	zhen:liao	v.	diagnosticar y tratar
国土资源	guo:tu:zi:yuan	n.	recursos naturales
一枚	yi:mei	mw.	una (moneda)
卖点	mai:dian	n.	punto de venta
习俗	xi:su	n.	costumbre
瑜伽	yu:jia	n.	yoga
用作	yong:zuo	v.	servir de
职能部门	zhi:neng:bu:men	n.	departamento funcional
固体	gu:ti	n.	sólido
雨水	yu:shui	n.	agua de lluvia
雨水	yu:shui	n.	Lluvia (término solar)
娃	wa	n.	bebé
飞跃	fei:yue	v.	dar un salto
大腿	da:tui	n.	muslo
文革	wen:ge	n.	Revolución Cultural
管理体系	guan:li:ti:xi	n.	sistema de gestión
刀具	dao:ju	n.	herramienta de corte
梯	ti	n.	escalera
涂抹	tu:mo	v.	untuar
固定资产投资	gu:ding:zi:chan:tou:zi	n.	inversión en activos fijos
嘴角	zui:jiao	n.	comisura de la boca
集成电路	ji:cheng:dian:lu	n.	circuito integrado
管理费	guan:li:fei	n.	gastos de administración
桃	tao	n.	melocotón
豆	dou	n.	frijol
驾	jia	v.	conducir
木耳	mu:er	n.	oreja de madera
不小心	bu:xiao:xin	adv.	descuidadamente
春风	chun:feng	n.	brisa primaveral
开幕式	kai:mu:shi	n.	ceremonia de apertura
表决	biao:jue	v.	votar
教学方法	jiao:xue:fang:fa	n.	método de enseñanza
特质	te:zhi	n.	rasgo
重要讲话	zhong:yao:jiang:hua	n.	discurso importante
实效	shi:xiao	n.	efecto real
专注	zhuan:zhu	adj.	concentrado
专注	zhuan:zhu	v.	concentrarse
中奖	zhong:jiang	v.	ganar un premio
浅	qian	adj.	poco profundo
超值	chao:zhi	adj.	de gran valor
趣味	qu:wei	n.	diversión
趣味	qu:wei	n.	interés
一说	yi:shuo	n.	una teoría
的	di	part.	partícula de posesión
黎明	li:ming	n.	amanecer
变更登记	bian:geng:deng:ji	n.	cambio de registro
富贵	fu:gui	adj.	rico y honrado
大有	da:you	v.	tener en abundancia
事业发展	shi:ye:fa:zhan	n.	desarrollo profesional
烹饪	peng:ren	n.	cocina
烹饪	peng:ren	v.	cocinar
恶化	e:hua	v.	empeorar
藏族	zang:zu	n.	tibetanos
博士后	bo:shi:hou	n.	posdoctorado
迫使	po:shi	v.	obligar
信用证	xin:yong:zheng	n.	carta de crédito
承运人	cheng:yun:ren	n.	transportista
艰苦	jian:ku	adj.	duro
热线电话	re:xian:dian:hua	n.	línea directa
索赔	suo:pei	v.	reclamar una indemnización
未注册	wei:zhu:ce	adj.	no registrado
牢固	lao:gu	adj.	firme
驱动器	qu:dong:qi	n.	unidad
径	jing	n.	sendero
径	jing	n.	diámetro
红楼梦	hong:lou:meng	n.	Sueño en el pabellón rojo
人大常委会	ren:da:chang:wei:hui	n.	Comité Permanente de la ANP
太极	tai:ji	n.	taiji
疲	pi	adj.	cansado
万里	wan:li	n.	Wanli
不动产	bu:dong:chan	n.	bienes inmuebles
腐蚀	fu:shi	v.	corroer
直观	zhi:guan	adj.	intuitivo
好莱坞	hao:lai:wu	n.	Hollywood
搬	ban	v.	mudar
搬	ban	v.	llevar
移交	yi:jiao	v.	transferir
瓜	gua	n.	melón
莹	ying	adj.	lustroso
敬业	jing:ye	adj.	dedicado
开发利用	kai:fa:li:yong	n.	aprovechamiento
小店	xiao:dian	n.	tienda pequeña
元老	yuan:lao	n.	veterano
梦中	meng:zhong	n.	sueño
隐瞒	yin:man	v.	ocultar
大类	da:lei	n.	categoría mayor
牢牢	lao:lao	adv.	firmemente
惊人的	jing:ren:de	adj.	asombroso
滋	zi	v.	nutrir
跨国	kua:guo	adj.	transnacional
美味	mei:wei	n.	delicia
配制	pei:zhi	v.	preparar
润	run	adj.	húmedo
商户	shang:hu	n.	comerciante
批次	pi:ci	n.	lote
确有	que:you	v.	efectivamente tener
浓缩	nong:suo	v.	concentrar
后勤	hou:qin	n.	logística
火星	huo:xing	n.	Marte
铃	ling	n.	campana
聪明的	cong:ming:de	adj.	inteligente
疗程	liao:cheng	n.	tratamiento
停下	ting:xia	v.	detenerse
另有规定	ling:you:gui:ding	v.	otra disposición
当即	dang:ji	adv.	inmediatamente
直流	zhi:liu	n.	corriente continua
绝缘	jue:yuan	v.	aislar
难受	nan:shou	adj.	incómodo
包括了	bao:kuo:le	v.	incluir
表达了	biao:da:le	v.	expresar
工作组	gong:zuo:zu	n.	grupo de trabajo
香气	xiang:qi	n.	fragancia
饱满	bao:man	adj.	lleno
呼叫	hu:jiao	v.	llamar
加大了	jia:da:le	v.	aumentar
欺负	qi:fu	v.	maltratar
手感	shou:gan	n.	tacto del tacto
更何况	geng:he:kuang	conj.	mucho menos
发达的	fa:da:de	adj.	desarrollado
新高	xin:gao	n.	máximo histórico
投影	tou:ying	n.	proyección
语言种类	yu:yan:zhong:lei	n.	tipo de idioma
打开了	da:kai:le	v.	abrir
蛮	man	adv.	bastante
累了	lei:le	adj.	cansado
入库	ru:ku	v.	registrarse en almacén
脆弱	cui:ruo	adj.	frágil
误会	wu:hui	v.	malentender
出席了	chu:xi:le	v.	asistir
蒂	di	n.	pezón
序列号	xu:lie:hao	n.	número de serie
村委会	cun:wei:hui	n.	comité de aldea
拨	bo	v.	marcar
纯净	chun:jing	adj.	puro
十七	shi:qi	num.	17
总局	zong:ju	n.	dirección general
二年级	er:nian:ji	n.	segundo grado
科学院	ke:xue:yuan	n.	academia de ciencias
贮存	zhu:cun	v.	almacenar
暑假	shu:jia	n.	vacaciones de verano
贯彻执行	guan:che:zhi:xing	v.	ejecutar
盗版	dao:ban	n.	piratería
南非	nan:fei	n.	Sudáfrica
产业结构	chan:ye:jie:gou	n.	estructura industrial
建筑材料	jian:zhu:cai:liao	n.	materiales de construcción
礼貌	li:mao	n.	cortesía
有益的	you:yi:de	adj.	beneficioso
法人代表	fa:ren:dai:biao	n.	representante legal
涛	tao	n.	grandes olas
营业税	ying:ye:shui	n.	impuesto sobre negocios
予	yu	v.	dar
胸前	xiong:qian	n.	delante del pecho
网管	wang:guan	n.	administrador de red
勾	gou	v.	marcar
能耗	neng:hao	n.	consumo de energía
世界观	shi:jie:guan	n.	cosmovisión
惠	hui	n.	favor
阿根廷	a:gen:ting	n.	Argentina
析	xi	v.	analizar
铁板	tie:ban	n.	plancha de hierro
打折机票	da:zhe:ji:piao	n.	billete de avión con descuento
遗忘	yi:wang	v.	olvidar
中性	zhong:xing	adj.	neutro
延期	yan:qi	v.	aplazar
畸形	ji:xing	adj.	deforme
武侠	wu:xia	n.	ficción de artes marciales
祭祀	ji:si	v.	ofrecer sacrificios
有关事项	you:guan:shi:xiang	n.	asuntos pertinentes
相关法律	xiang:guan:fa:lv	n.	leyes pertinentes
在此基础上	zai:ci:ji:chu:shang	prep.	sobre esta base
薪资	xin:zi	n.	salario
脱颖而出	tuo:ying:er:chu	v.	destacar
检察院	jian:cha:yuan	n.	fiscalía
砍	kan	v.	cortar
平面设计	ping:mian:she:ji	n.	diseño gráfico
杀毒	sha:du	v.	desinfectar
外在	wai:zai	adj.	externo
撑	cheng	v.	sostener
截	jie	v.	cortar
有关人员	you:guan:ren:yuan	n.	personal correspondiente
超声波	chao:sheng:bo	n.	ultrasonido
氧气	yang:qi	n.	oxígenо
炸弹	zha:dan	n.	bomba
廉价	lian:jia	adj.	barato
营业部	ying:ye:bu	n.	departamento de ventas
序列	xu:lie	n.	secuencia
世界各国	shi:jie:ge:guo	n.	todos los países del mundo
讨论区	tao:lun:qu	n.	foro de discusión
时报	shi:bao	n.	periódico
报废	bao:fei	v.	descartar
绿地	lv:di	n.	zona verde
飞利浦	fei:li:pu	n.	Philips
磨损	mo:sun	v.	desgastar
本性	ben:xing	n.	naturaleza
全心全意	quan:xin:quan:yi	adv.	con toda el alma
特产	te:chan	n.	especialidad local
试点工作	shi:dian:gong:zuo	n.	trabajo piloto
措	cuo	v.	arreglar
魔力	mo:li	n.	poder mágico
肉体	rou:ti	n.	carne
长途	chang:tu	adj.	larga distancia
电子有限公司	dian:zi:you:xian:gong:si	n.	S.R.L. de electrónica
第三十三条	di:san:shi:san:tiao	num.	hasta 33
舌头	she:tou	n.	lengua
半夜	ban:ye	n.	medianoche
对外贸易	dui:wai:mao:yi	n.	comercio exterior
有色金属	you:se:jin:shu	n.	metal no ferroso
寝室	qin:shi	n.	dormitorio
用具	yong:ju	n.	utensilio
当晚	dang:wan	n.	esa noche
勇于	yong:yu	v.	atreverse
大叫	da:jiao	v.	gritar
几何	ji:he	n.	geometría
努力提高	nu:li:ti:gao	v.	esforzarse por mejorar
全书	quan:shu	n.	todo el libro
黄昏	huang:hun	n.	crepúsculo
严重影响	yan:zhong:ying:xiang	v.	afectar gravemente
币	bi	n.	moneda
势必	shi:bi	adv.	inevitablemente
开店	kai:dian	v.	abrir una tienda
三菱	san:ling	n.	Mitsubishi
意味	yi:wei	n.	significado
意味	yi:wei	v.	significar
弱点	ruo:dian	n.	punto débil
规范性	gui:fan:xing	n.	normatividad
煽动	shan:dong	v.	incitar
前列腺	qian:lie:xian	n.	próstata
主动性	zhu:dong:xing	n.	iniciativa
功德	gong:de	n.	mérito
玩笑	wan:xiao	n.	broma
课本	ke:ben	n.	libro de texto
单间	dan:jian	n.	habitación individual
夸张	kua:zhang	v.	exagerar
夸张	kua:zhang	adj.	exagerado
产品销售	chan:pin:xiao:shou	n.	venta de productos
这样一来	zhe:yang:yi:lai	conj.	in ese caso
排量	pai:liang	n.	cilindrada
长发	chang:fa	n.	pelo largo
非要	fei:yao	adv.	por todos los medios
连同	lian:tong	prep.	junto con
送上	song:shang	v.	entregar
流出	liu:chu	v.	fluir
长短	chang:duan	n.	longitud
终极	zhong:ji	adj.	último
零售商	ling:shou:shang	n.	minorista
薇	wei	n.	rosa silvestre
处女	chu:nv	n.	virgin
无情	wu:qing	adj.	despiadado
哈尔滨市	ha:er:bin:shi	n.	ciudad de Harbin
免征	mian:zheng	v.	exentar de impuestos
沐浴	mu:yu	v.	bañarse
不适合	bu:shi:he	adj.	inadecuado
沃尔玛	wo:er:ma	n.	Walmart
无知	wu:zhi	n.	ignorancia
无知	wu:zhi	adj.	ignorante
工商银行	gong:shang:yin:hang	n.	ICBC
聚焦	ju:jiao	v.	enfocar
感知	gan:zhi	v.	percibir
一刻	yi:ke	n.	un instante
车载	che:zai	adj.	montado en vehículo
招聘会	zhao:pin:hui	n.	feria de empleo
杂志社	za:zhi:she	n.	editorial de revista
透明度	tou:ming:du	n.	transparencia
播种	bo:zhong	v.	sembrar
太平	tai:ping	adj.	pacífico
低调	di:diao	adj.	discreto
幸好	xing:hao	adv.	por suerte
组织开展	zu:zhi:kai:zhan	v.	organizar y llevar a cabo
中国文化	zhong:guo:wen:hua	n.	cultura china
陛下	bi:xia	n.	Vuestra Majesté
技术开发	ji:shu:kai:fa	n.	desarrollo tecnológico
叶片	ye:pian	n.	pala
黄金周	huang:jin:zhou	n.	semana dorada
变迁	bian:qian	n.	cambio
人中	ren:zhong	n.	filtro
周恩来	zhou:en:lai	n.	Zhou Enlai
一脚	yi:jiao	n.	un puntapié
自觉地	zi:jue:de	adv.	conscientemente
塑胶	su:jiao	n.	plástico
整车	zheng:che	n.	vehículo completo
透明的	tou:ming:de	adj.	transparente
中型	zhong:xing	adj.	de tamaño mediano
各级人民政府	ge:ji:ren:min:zheng:fu	n.	gobiernos de todos los niveles
愈	yu	adv.	cada vez más
菜肴	cai:yao	n.	plato
魔兽	mo:shou	n.	monstruo
制度建设	zhi:du:jian:she	n.	construcción institucional
意识形态	yi:shi:xing:tai	n.	ideología
攻略	gong:lve	n.	guía
督	du	v.	supervisar
大户	da:hu	n.	cliente grande
尺度	chi:du	n.	medida
一般人	yi:ban:ren	n.	persona común
狐狸	hu:li	n.	zorro
找工作	zhao:gong:zuo	v.	buscar trabajo
锂电池	li:dian:chi	n.	batería de litio
胸口	xiong:kou	n.	pecho
通往	tong:wang	v.	llevar a
克隆	ke:long	v.	clonar
全校	quan:xiao	n.	toda la escuela
两级	liang:ji	num.	dos niveles
程度上	cheng:du:shang	adv.	en cierto grado
专柜	zhuan:gui	n.	mostrador especial
历来	li:lai	adv.	siempre
交通便利	jiao:tong:bian:li	adj.	transporte conveniente
银行卡	yin:hang:ka	n.	tarjeta bancaria
周四	zhou:si	n.	jueves
符合条件	fu:he:tiao:jian	v.	cumplir los requisitos
保护区	bao:hu:qu	n.	reserva
终生	zhong:sheng	adv.	de por vida
祥	xiang	adj.	auspicioso
提起诉讼	ti:qi:su:song	v.	presentar una demanda
供热	gong:re	v.	suministrar calor
供热	gong:re	n.	suministro de calefacción
唐山	tang:shan	n.	Tangshan
喇叭	la:ba	n.	altavoz
喇叭	la:ba	n.	trompeta
丫头	ya:tou	n.	chica
丫头	ya:tou	n.	sirvienta
就行	jiu:xing	v.	estar bien
国家主席	guo:jia:zhu:xi	n.	presidente del Estado
浦东	pu:dong	n.	Pudong
经济法	jing:ji:fa	n.	derecho económico
额度	e:du	n.	cupo
老家	lao:jia	n.	pueblo natal
星空	xing:kong	n.	cielo estrellado
工作效率	gong:zuo:xiao:lv	n.	eficiencia laboral
怖	bu	adj.	atemorizante
化学品	hua:xue:pin	n.	producto químico
亲密	qin:mi	adj.	intimo
本部	ben:bu	n.	sede central
高清	gao:qing	adj.	alta definición
忠实	zhong:shi	adj.	fiel
分部	fen:bu	n.	sección
半小时	ban:xiao:shi	n.	media hora
增高	zeng:gao	v.	aumentar la altura
职业经理人	zhi:ye:jing:li:ren	n.	gerente profesional
做饭	zuo:fan	v.	cocinar
进入中国	jin:ru:zhong:guo	v.	entrar en China
不乏	bu:fa	v.	no faltar
离职	li:zhi	v.	dejar el puesto
屋顶	wu:ding	n.	tejado
管线	guan:xian	n.	tubería
没问题	mei:wen:ti	adj.	sin problema
登记机关	deng:ji:ji:guan	n.	organismo de registro
复查	fu:cha	v.	revisar de nuevo
充当	chong:dang	v.	servir de
公认的	gong:ren:de	adj.	reconocido
我们公司	wo:men:gong:si	n.	nuestra empresa
阁下	ge:xia	n.	Vuestra Excelencia
苦笑	ku:xiao	v.	sonreír con amargura
公司章程	gong:si:zhang:cheng	n.	estatutos de la sociedad
废物	fei:wu	n.	desecho
专著	zhuan:zhu	n.	monografía
图库	tu:ku	n.	biblioteca de imágenes
高位	gao:wei	n.	alta posición
惠州	hui:zhou	n.	Huizhou
工伤保险	gong:shang:bao:xian	n.	seguro de accidentes laboral
摄入	she:ru	v.	ingerir
不正常	bu:zheng:chang	adj.	anormal
配送方式	pei:song:fang:shi	n.	modo de entrega
三者	san:zhe	n.	los tres
发蜡	fa:la	n.	cera para el pelo
质量监督	zhi:liang:jian:du	n.	supervisión de calidad
迁移	qian:yi	v.	migrar
侵	qin	v.	invadir
投机	tou:ji	v.	especular
上传时间	shang:chuan:shi:jian	n.	hora de subida
根本利益	gen:ben:li:yi	n.	interés fundamental
岩	yan	n.	roca
特约	te:yue	v.	contrato especial
专业性	zhuan:ye:xing	n.	profesionalidad
制度化	zhi:du:hua	v.	institucionalizar
扮	ban	v.	representar
机能	ji:neng	n.	función
打扮	da:ban	v.	arreglarse
该市	gai:shi	n.	esta ciudad
糟	zao	adj.	terrible
跳槽	tiao:cao	v.	cambiar de trabajo
略有	lve:you	v.	tener ligeramente
才华	cai:hua	n.	talento
盈	ying	v.	estar lleno
生姜	sheng:jiang	n.	jengibre
歌舞	ge:wu	n.	canto y danza
医学院	yi:xue:yuan	n.	facultad de medicina
畜牧业	xu:mu:ye	n.	ganadería
万台	wan:tai	num.	10.000 (unidades)
自制	zi:zhi	adj.	casero
投资项目	tou:zi:xiang:mu	n.	proyecto de inversión
附带	fu:dai	v.	adjuntar
粮油	liang:you	n.	cereales y aceite
吩咐	fen:fu	v.	encargar
首发	shou:fa	v.	estreno
威海	wei:hai	n.	Weihai
腹	fu	n.	abdomen
企业内部	qi:ye:nei:bu	n.	interior de la empresa
公分	gong:fen	n.	centímetro
拜访	bai:fang	v.	visitar
西部地区	xi:bu:di:qu	n.	región occidental
乾隆	qian:long	n.	Qianlong
正式版	zheng:shi:ban	n.	versión oficial
迷你	mi:ni	adj.	mini
中级	zhong:ji	n.	nivel intermedio
垃圾邮件	la:ji:you:jian	n.	correo basura
组织部	zu:zhi:bu	n.	departamento de organización
无名	wu:ming	adj.	sin nombre
名胜区	ming:sheng:qu	n.	zona pintoresca
全党	quan:dang	n.	todo el partido
骚扰	sao:rao	v.	acosar
微型	wei:xing	adj.	miniatura
艺术类	yi:shu:lei	n.	categoría artística
专业委员会	zhuan:ye:wei:yuan:hui	n.	comité especializado
事迹	shi:ji	n.	hazañas
增添	zeng:tian	v.	añadir
背着	bei:zhe	v.	llevar a cuestas
探险	tan:xian	n.	exploración
斩	zhan	v.	cercenar
股份制	gu:fen:zhi	n.	sistema de acciones
行业发展	hang:ye:fa:zhan	n.	desarrollo del sector
考证	kao:zheng	v.	verificar
润滑油	run:hua:you	n.	aceite lubricante
早晚	zao:wan	adv.	tarde o temprano
早晚	zao:wan	n.	mañana y noche
吊销	diao:xiao	v.	revocar
多方面的	duo:fang:mian:de	adj.	de muchos aspectos
支队	zhi:dui	n.	destacamento
计费	ji:fei	v.	facturar
呵护	he:hu	v.	cuidar
招牌	zhao:pai	n.	rótulo
副秘书长	fu:mi:shu:zhang	n.	subsecretario
添加剂	tian:jia:ji	n.	adiitivo
抽出	chou:chu	v.	extraer
尺	chi	n.	regla
爱立信	ai:li:xin	n.	Ericsson
网关	wang:guan	n.	puerta de enlace
品牌形象	pin:pai:xing:xiang	n.	imagen de marca
压迫	ya:po	v.	oprimir
会场	hui:chang	n.	lugar de reunión
遇上	yu:shang	v.	encontrarse
数百	shu:bai	num.	hundreds
倍数	bei:shu	n.	múltiplo
空格	kong:ge	n.	espacio
签	qian	v.	firmar
氨基酸	an:ji:suan	n.	aminoácido
牢记	lao:ji	v.	guardar en la memoria
扩充	kuo:chong	v.	ampliar
稀	xi	adj.	escaso
延安	yan:an	n.	Yan'an
先天	xian:tian	adj.	congénito
好不好	hao:bu:hao	adv.	está bien
商学院	shang:xue:yuan	n.	escuela de negocios
掏	tao	v.	sacar
构建和谐社会	gou:jian:he:xie:she:hui	v.	construir una sociedad armoniosa
夸	kua	v.	elogiar
行业标准	hang:ye:biao:zhun	n.	estándar de la industria
电子产品	dian:zi:chan:pin	n.	producto electrónico
慷慨	kang:kai	adj.	generoso
循环经济	xun:huan:jing:ji	n.	economía circular
汽	qi	n.	vapor
黄豆	huang:dou	n.	soja
万余	wan:yu	num.	más de 10.000
还不错	hai:bu:cuo	adj.	no está mal
武士	wu:shi	n.	guerrero
机械设备	ji:xie:she:bei	n.	maquinaria y equipo
外套	wai:tao	n.	abrigo
液	ye	n.	líquido
俄国	e:guo	n.	Rusia
津贴	jin:tie	n.	subsidio
姬	ji	n.	concubina
愧	kui	v.	avergonzarse
解决方法	jie:jue:fang:fa	n.	solución
一事	yi:shi	n.	un asunto
抢劫	qiang:jie	v.	asaltar
五行	wu:xing	n.	los Cinco Elementos
散步	san:bu	v.	pasear
祈祷	qi:dao	v.	rezar
体系建设	ti:xi:jian:she	n.	construcción de sistemas
谢文东	xie:wen:dong	n.	Xie Wendong
参考价格	can:kao:jia:ge	n.	precio de referencia
汇	hui	v.	remitir
汇	hui	n.	cambio
陆军	lu:jun	n.	ejército de tierra
挣钱	zheng:qian	v.	ganar dinero
清楚地	qing:chu:de	adv.	claramente
歌唱	ge:chang	v.	cantar
愉快的	yu:kuai:de	adj.	agradable
职业病	zhi:ye:bing	n.	enfermedad occupational
加入收藏	jia:ru:shou:cang	v.	añadir a favoritos
如意	ru:yi	adj.	como uno desea
执行情况	zhi:xing:qing:kuang	n.	situación de ejecución
第二款	di:er:kuan	n.	segundo modelo
盛会	sheng:hui	n.	gran reunión
漫游	man:you	v.	deambular
漫游	man:you	n.	itinerancia
三七	san:qi	n.	notoginseng
无意	wu:yi	adj.	sin intención
无意	wu:yi	adj.	involuntario
中途	zhong:tu	n.	medio camino
柱	zhu	n.	pilar
升华	sheng:hua	v.	sublimar
升华	sheng:hua	n.	sublimación
织物	zhi:wu	n.	tejido
蒸汽	zheng:qi	n.	vapor
并重	bing:zhong	v.	dar igual importancia
背上	bei:shang	n.	sobre la espalda
烤肉	kao:rou	n.	carne asada
早点	zao:dian	n.	desayuno
过期	guo:qi	v.	caducar
分值	fen:zhi	n.	valor de puntos
以下内容	yi:xia:nei:rong	n.	el siguiente contenido
原谅	yuan:liang	v.	perdonar
终点	zhong:dian	n.	meta
彩信	cai:xin	n.	MMS
二字	er:zi	num.	dos caracteres
打呼	da:hu	v.	roncar
求购信息	qiu:gou:xin:xi	n.	información de compra
吸取	xi:qu	v.	absorber
以使	yi:shi	conj.	para que
雅思	ya:si	n.	IELTS
轮回	lun:hui	n.	reencarnación
高高	gao:gao	adv.	altamente
诱发	you:fa	v.	inducir
这三个	zhe:san:ge	pron.	estos tres
习题	xi:ti	n.	ejercicio
说实话	shuo:shi:hua	v.	a decir verdad
和谐社会	he:xie:she:hui	n.	sociedad armoniosa
醒目	xing:mu	adj.	llamativo
建设工作	jian:she:gong:zuo	n.	trabajo de construcción
上演	shang:yan	v.	representar
一封	yi:feng	mw.	un (carta)
打下	da:xia	v.	sentar
尚有	shang:you	v.	todavía tener
社会上	she:hui:shang	n.	en la sociedad
一个字	yi:ge:zi	num.	una palabra
人参	ren:shen	n.	ginseng
精髓	jing:sui	n.	esencia
中国古代	zhong:guo:gu:dai	n.	la China antigua
可调	ke:tiao	adj.	ajustable
老师	lao:shi	n.	maestro
迅速发展	xun:su:fa:zhan	v.	desarrollarse rápidamente
烧烤	shao:kao	n.	barbacoa
工作单位	gong:zuo:dan:wei	n.	centro de trabajo
高新技术产业	gao:xin:ji:shu:chan:ye	n.	industria de alta tecnología
家用电器	jia:yong:dian:qi	n.	electrodomésticos
密切相关	mi:qie:xiang:guan	adj.	estrechamente relacionado
登记管理	deng:ji:guan:li	n.	gestión de registro
组团	zu:tuan	v.	formar un grupo
典范	dian:fan	n.	modelo
经济开发区	jing:ji:kai:fa:qu	n.	zona de desarrollo económico
数据包	shu:ju:bao	n.	paquete de datos
间隙	jian:xi	n.	huelgo
招标文件	zhao:biao:wen:jian	n.	documentos de licitación
九五	jiu:wu	num.	95
水产品	shui:chan:pin	n.	producto del mar
光彩	guang:cai	n.	resplandor
瓷砖	ci:zhuan	n.	azulejo
抗体	kang:ti	n.	anticuerpo
农历	nong:li	n.	calendario lunar
职业培训	zhi:ye:pei:xun	n.	formación profesional
听课	ting:ke	v.	asistir a una clase
召唤	zhao:huan	v.	invocar
粮	liang	n.	cereal
十六届	shi:liu:jie	num.	16.º período
堡	bao	n.	fortaleza
圈子	quan:zi	n.	círculo
仗	zhang	n.	batalla
全集	quan:ji	n.	obras completas
小偷	xiao:tou	n.	ladrón
法律顾问	fa:lv:gu:wen	n.	asesor legal
网店	wang:dian	n.	tienda en línea
笨	ben	adj.	tonto
奏	zou	v.	tocar
养生	yang:sheng	v.	cuidar la salud
下一代	xia:yi:dai	n.	próxima generación
叹息	tan:xi	v.	suspirar
中美	zhong:mei	n.	China y EE. UU.
参与者	can:yu:zhe	n.	participante
手机号码	shou:ji:hao:ma	n.	número de móvil
技术标准	ji:shu:biao:zhun	n.	norma técnica
能力建设	neng:li:jian:she	n.	creación de capacidades
猎人	lie:ren	n.	cazador
公元前	gong:yuan:qian	n.	a. C.
指引	zhi:yin	v.	guiar
搬家	ban:jia	v.	mudarse
冷笑	leng:xiao	v.	reír con desdén
流转	liu:zhuan	v.	circular
歉	qian	n.	disculpa
典当	dian:dang	v.	empeñar
甩	shuai	v.	azotar
怔	zheng	v.	quedarse boquiabierto
那个时候	na:ge:shi:hou	n.	en aquella época
星期四	xing:qi:si	n.	jueves
什么人	shen:me:ren	pron.	quién
航天	hang:tian	n.	aeroespacial
心理	xin:li	n.	psicología
伴有	ban:you	v.	acompañar
开拓创新	kai:tuo:chuang:xin	v.	innovar
申办	shen:ban	v.	presentar candidatura
实践活动	shi:jian:huo:dong	n.	actividad práctica
先进性教育	xian:jin:xing:jiao:yu	n.	educación progresista
每个月	mei:ge:yue	n.	cada mes
液压	ye:ya	n.	hidráulica
大肉	da:rou	n.	cerdo
允	yun	v.	permitir
教育厅	jiao:yu:ting	n.	consejería de educación
大力推进	da:li:tui:jin	v.	impulsar enérgicamente
水域	shui:yu	n.	aguas
本企业	ben:qi:ye	n.	esta empresa
进修	jin:xiu	v.	perfeccionarse
案件	an:jian	n.	caso
三分之一	san:fen:zhi:yi	num.	un tercio
副作用	fu:zuo:yong	n.	efecto secundario
资产评估	zi:chan:ping:gu	n.	tasación de activos
兑现	dui:xian	v.	cobrar
口头	kou:tou	adj.	oral
蜡烛	la:zhu	n.	vela
跑车	pao:che	n.	coche deportivo
网络广告	wang:luo:guang:gao	n.	publicidad en línea
意境	yi:jing	n.	concepción artística
有时间	you:shi:jian	v.	tener tiempo
走出去	zou:chu:qu	v.	salir
满分	man:fen	n.	puntuación máxima
竞	jing	v.	competir
写下	xie:xia	v.	anotar
专辑	zhuan:ji	n.	álbum
林肯	lin:ken	n.	Lincoln
点燃	dian:ran	v.	encender
证明材料	zheng:ming:cai:liao	n.	documentos justificativos
圣人	sheng:ren	n.	sabio
称赞	cheng:zan	v.	elogiar
几个月	ji:ge:yue	num.	varios meses
影院	ying:yuan	n.	cine
思想政治工作	si:xiang:zheng:zhi:gong:zuo	n.	trabajo ideológico
祸	huo	n.	desgracia
边境	bian:jing	n.	frontera
分店	fen:dian	n.	sucursal
个人所得税	ge:ren:suo:de:shui	n.	impuesto sobre la renta
信息安全	xin:xi:an:quan	n.	seguridad de la información
病因	bing:yin	n.	causa de la enfermedad
发展有限公司	fa:zhan:you:xian:gong:si	n.	sociedad de desarrollo
销毁	xiao:hui	v.	destruir
耶	ye	int.	¡sí!
警示	jing:shi	v.	advertir
修饰	xiu:shi	v.	embellir
必要性	bi:yao:xing	n.	necesidad
请登录	qing:deng:lu	v.	por favor inicie sesión
卫生局	wei:sheng:ju	n.	consejería de salud
农业科技	nong:ye:ke:ji	n.	ciencia y tecnología agrícolas
复兴	fu:xing	v.	revivir
个体工商户	ge:ti:gong:shang:hu	n.	autónomo
直达	zhi:da	v.	ir directo
直达	zhi:da	adj.	directo
免除	mian:chu	v.	eximir
胳膊	ge:bo	n.	brazo
文体	wen:ti	n.	estilo
文体	wen:ti	n.	cultura y deporte
忍受	ren:shou	v.	soportar
宋体	song:ti	n.	letra Song
准予	zhun:yu	v.	conceder
梅花	mei:hua	n.	flor de ciruelo
清朝	qing:chao	n.	dinastía Qing
西蜀子云亭	xi:shu:zi:yun:ting	n.	pabellón Xishu Ziyun
刀塔	dao:ta	n.	Dota
老是	lao:shi	adv.	siempre
谈家渡桥	tan:jia:du:qiao	n.	puente Tanjiadu
白嫖	bai:piao	v.	cardar sin pagar
百事	bai:shi	n.	Pepsi
暴风	bao:feng	n.	viento fuerte
宝箱	bao:xiang	n.	cofre del tesoro
辨识	bian:shi	v.	identificar
补给	bu:ji	n.	abastecimiento
补给	bu:ji	v.	abastecer
沉眠	chen:mian	v.	dormir profundo
辰星	chen:xing	n.	Mercurio
蠢材	chun:cai	n.	idiota
搭线	da:xian	v.	hacer de enlace
打制	da:zhi	v.	labrar a golpe
得一逼	de:yi:bi	adv.	de coña
定当	ding:dang	adv.	sin duda
定制	ding:zhi	v.	personalizar
定制	ding:zhi	n.	personalización
多多	duo:duo	adv.	mucho
恶感	e:gan	n.	antipatía
反常	fan:chang	adj.	anormal
盖菜	gai:cai	n.	mostaza
改点	gai:dian	v.	cambiar el horario
搞怪	gao:guai	v.	hacer tonterías
古埃及人	gu:ai:ji:ren	n.	antiguos egipcios
红运	hong:yun	n.	suerte
护食	hu:shi	v.	defender su comida
护养	hu:yang	v.	cuidar
花呗	hua:bei	n.	Huabei
会儿	hui:er	mw.	un rato
机翻	ji:fan	n.	traducción automática
鸡鸡	ji:ji	n.	pito
箭步	jian:bu	n.	paso rápido
健康宝	jian:kang:bao	n.	aplicación de salud
践行	jian:xing	v.	llevar a la práctica
糨糊	jiang:hu	n.	pasta
精光	jing:guang	adv.	completamente
酒花	jiu:hua	n.	lúpulo
局地	ju:di	adj.	local
举发	ju:fa	v.	delatar
氪金	ke:jin	v.	gastar en el juego
啦啦啦	la:la:la	onom.	la la la
啦啦啦啦	la:la:la:la	onom.	la la la la
力挺	li:ting	v.	apoyar firmemente
连连	lian:lian	adv.	repetidamente
脸形	lian:xing	n.	forma de la cara
没得	mei:de	v.	no tener
那个啥	na:ge:sha	pron.	geno que digamos
脑残	nao:can	adj.	necio de mente
女儿	nv:er	n.	hija
喷子	pen:zi	n.	hater
钱数	qian:shu	n.	cantidad de dinero
热场	re:chang	v.	animar al público
傻傻地	sha:sha:de	adv.	tontamente
上一集	shang:yi:ji	n.	episodio anterior
什么的	shen:me:de	part.	y demás
时艰	shi:jian	n.	tiempos difíciles
屎山	shi:shan	n.	código mierda
算啦	suan:la	int.	olvídalo
特么	te:me	adv.	malditamente
天呐	tian:na	int.	dios mío
通传	tong:chuan	v.	transmitir
同人	tong:ren	n.	fan
团战	tuan:zhan	n.	pelea de equipo
文件树	wen:jian:shu	n.	árbol de archivos
文身	wen:shen	n.	tatuaje
文身	wen:shen	v.	tatuarse
无需	wu:xu	v.	no necesitar
戏骨	xi:gu	n.	actor veterano
吸金	xi:jin	v.	amasar dinero
险棋	xian:qi	n.	jugada arriesgada
献忠	xian:zhong	v.	desquadrarse
降伏	xiang:fu	v.	someter
小喵	xiao:miao	n.	minino
信谣	xin:yao	v.	creer rumores
星象	xing:xiang	n.	astrología
星爷	xing:ye	n.	Stephen Chow
徐公	xu:gong	n.	señor Xu
眼光	yan:guang	n.	criterio
眼光	yan:guang	n.	perspicacia
药神	yao:shen	n.	dios de la medicina
一档	yi:dang	num.	un programa
蚁人	yi:ren	n.	Ant-Man
引座	yin:zuo	v.	acompañar al asiento
盈利	ying:li	v.	obtener beneficios
盈利	ying:li	n.	beneficio
优酷	you:ku	n.	Youku
尤其是	you:qi:shi	adv.	especialmente
愿景	yuan:jing	n.	visión
原神	yuan:shen	n.	Genshin Impact
悦刻	yue:ke	n.	RELX
涨薪	zhang:xin	v.	recibir un aumento
正太	zheng:tai	n.	shota
争相	zheng:xiang	adv.	rivalizando
职位	zhi:wei	n.	puesto
重价	zhong:jia	n.	precio alto
成品油	cheng:pin:you	n.	combustible
培训工作	pei:xun:gong:zuo	n.	trabajo de formación
少有	shao:you	adj.	raro
糖果	tang:guo	n.	caramelo
祝愿	zhu:yuan	v.	desear
上将	shang:jiang	n.	general
进出	jin:chu	v.	entrar y salir
一瓶	yi:ping	num.	una botella
方正	fang:zheng	adj.	recto
方正	fang:zheng	n.	Founder
性病	xing:bing	n.	enfermedad venérea
北京现代	bei:jing:xian:dai	n.	Beijing Hyundai
赏识	shang:shi	v.	apreciar
不定期	bu:ding:qi	adj.	irregular
摩托	mo:tuo	n.	moto
货源	huo:yuan	n.	fuente de mercancía
访问者	fang:wen:zhe	n.	visitante
拍拍	pai:pai	v.	futboloteari
拍拍	pai:pai	onom.	tap tap
准时	zhun:shi	adj.	puntual
有效期限	you:xiao:qi:xian	n.	fecha de caducidad
国家公务员	guo:jia:gong:wu:yuan	n.	funcionario público
经济适用房	jing:ji:shi:yong:fang	n.	vivienda asequienda
小白	xiao:bai	n.	principiante
注册机	zhu:ce:ji	n.	keygen
当选	dang:xuan	v.	ser elegido
辅导员	fu:dao:yuan	n.	asesor
远方	yuan:fang	n.	lejanía
放过	fang:guo	v.	perdonar
征税	zheng:shui	v.	recaudar impuestos
不良反应	bu:liang:fan:ying	n.	efecto adverso
实话	shi:hua	n.	verdad
内裤	nei:ku	n.	ropa interior
狠狠	hen:hen	adv.	duro
化工有限公司	hua:gong:you:xian:gong:si	n.	sociedad química
相思	xiang:si	n.	melancolía amorosa
自来水	zi:lai:shui	n.	agua del grifo
物价	wu:jia	n.	precios
情怀	qing:huai	n.	sentimiento
资格考试	zi:ge:kao:shi	n.	examen de calificación
四肢	si:zhi	n.	cuatro extremidades
监事会	jian:shi:hui	n.	consejo de vigilancia
拆	chai	v.	abrir
解散	jie:san	v.	disolver
这几年	zhe:ji:nian	n.	estos años
奇妙	qi:miao	adj.	maravilloso
高频	gao:pin	n.	alta frecuencia
干涉	gan:she	v.	injerir
这本书	zhe:ben:shu	n.	este libro
文秘	wen:mi	n.	trabajo de secretaría
有一点	you:yi:dian	adv.	un poco
货品	huo:pin	n.	bienes
新车型	xin:che:xing	n.	nuevo modelo de coche
又名	you:ming	v.	también llamado
事业部	shi:ye:bu	n.	división
汇集	hui:ji	v.	reunirse
年薪	nian:xin	n.	salario anual
双核	shuang:he	n.	doble núcleo
悠悠	you:you	adv.	con calma
电信业务	dian:xin:ye:wu	n.	servicios de telecomunicaciones
硕士研究生	shuo:shi:yan:jiu:sheng	n.	estudiante de máster
网站推广	wang:zhan:tui:guang	n.	promoción web
卖给	mai:gei	v.	vender a
现阶段	xian:jie:duan	n.	etapa actual
招租	zhao:zu	v.	se alquila
政策法规	zheng:ce:fa:gui	n.	políticas y reglamentos
小结	xiao:jie	n.	resumen
汗水	han:shui	n.	sudor
温馨提示	wen:xin:ti:shi	n.	recordatorio amistoso
副校长	fu:xiao:zhang	n.	vicedirector
宣称	xuan:cheng	v.	afirmar
星期一	xing:qi:yi	n.	lunes
烦人	fan:ren	adj.	molesto
展望	zhan:wang	v.	vislumbrar
最后一次	zui:hou:yi:ci	n.	la última vez
夕阳	xi:yang	n.	sol poniente
知名品牌	zhi:ming:pin:pai	n.	marca familla
罪犯	zui:fan	n.	criminal
竞争优势	jing:zheng:you:shi	n.	ventaja competitiva
儿女	er:nv	n.	hijos
法律依据	fa:lv:yi:ju	n.	base legal
生物技术	sheng:wu:ji:shu	n.	biotecnología
改名	gai:ming	v.	renombrar
没	mo	v.	no tener
爵	jue	n.	título nobiliario
准考证	zhun:kao:zheng	n.	tarjeta de examen
绩	ji	n.	logro
现存	xian:cun	adj.	existente
底层	di:ceng	n.	capa inferior
广大党员	guang:da:dang:yuan	n.	masas del partido
荣誉称号	rong:yu:cheng:hao	n.	título honorífico
进行调查	jin:xing:diao:cha	v.	llevar a cabo una investigación
向后	xiang:hou	adv.	hacia atrás
真好	zhen:hao	adj.	realmente bueno
离子	li:zi	n.	ion
脸部	lian:bu	n.	cara
海岸	hai:an	n.	costa
音质	yin:zhi	n.	calidad de sonido
自发	zi:fa	adj.	espontáneo
曲折	qu:zhe	adj.	tortuoso
放进	fang:jin	v.	meter dentro
测算	ce:suan	v.	calcular
扭曲	niu:qu	v.	distorsionar
诱	you	v.	atraer
一起来	yi:qi:lai	v.	venir juntos
赞成	zan:cheng	v.	aprobar
装潢	zhuang:huang	v.	decorar
压制	ya:zhi	v.	reprimir
党委书记	dang:wei:shu:ji	n.	secretario del partido
总体规划	zong:ti:gui:hua	n.	plan general
第三十四条	di:san:shi:si:tiao	num.	artículo 34
搜寻	sou:xun	v.	buscar
搜寻	sou:xun	n.	búsqueda
呜	wu	onom.	uy
不了解	bu:liao:jie	v.	no entender
上映	shang:ying	v.	estrenarse
程序设计	cheng:xu:she:ji	n.	programación
不相信	bu:xiang:xin	v.	no creer
变频器	bian:pin:qi	n.	variador de frecuencia
正宗	zheng:zong	adj.	auténtico
成功率	cheng:gong:lv	n.	tasa de éxito
实业	shi:ye	n.	industria
插手	cha:shou	v.	inmiscuirse
沉重	chen:zhong	adj.	pesado
名誉	ming:yu	n.	reputación
穴	xue	n.	agujero
穴	xue	n.	punto
衰老	shuai:lao	v.	envejecer
衰老	shuai:lao	n.	envejecimiento
老太太	lao:tai:tai	n.	anciana
有价值的	you:jia:zhi:de	adj.	valioso
二十年	er:shi:nian	n.	veinte años
趋于	qu:yu	v.	tender a
好不容易	hao:bu:rong:yi	adv.	y con mucho esfuerzo
黎	li	n.	Li (apellido)
介绍一下	jie:shao:yi:xia	v.	presentar brevemente
租	zu	v.	alquilar
租	zu	n.	alquiler
培	pei	v.	aporcar
咋	za	adv.	cómo (dialecto)
开阔	kai:kuo	adj.	amplio
开阔	kai:kuo	v.	ensanchar
不可避免	bu:ke:bi:mian	adj.	inevitable
经营企业	jing:ying:qi:ye	v.	gestionar una empresa
议论	yi:lun	v.	discutir
议论	yi:lun	n.	comentario
过滤器	guo:lv:qi	n.	filtro
保健食品	bao:jian:shi:pin	n.	alimento saludible
没收违法所得	mo:shou:wei:fa:suo:de	v.	confiscar ganancias ilícitas
限量	xian:liang	v.	limitar la cantidad
阵阵	zhen:zhen	adv.	a ráfagas
现今	xian:jin	adv.	hoy en día
这样的话	zhe:yang:de:hua	conj.	en ese caso
平的	ping:de	adj.	plano
小品	xiao:pin	n.	sketch cómico
小品	xiao:pin	n.	pequeño ensayo
粉末	fen:mo	n.	polvo
最终的	zui:zhong:de	adj.	final
宋代	song:dai	n.	dinastía Song
没钱	mei:qian	adj.	sin dinero
梳理	shu:li	v.	peinar
梳理	shu:li	v.	ordenar
老爸	lao:ba	n.	papá
井	jing	n.	pozo
选址	xuan:zhi	v.	elegir un sitio
皮鞋	pi:xie	n.	zapatos de cuero
黄瓜	huang:gua	n.	pepino
上天	shang:tian	v.	subir al cielo
上天	shang:tian	n.	cielo
相邻	xiang:lin	adj.	adyacente
牢固树立	lao:gu:shu:li	v.	establecer firmemente
银河	yin:he	n.	Vía Láctea
综合治理	zong:he:zhi:li	n.	gestión integral
病房	bing:fang	n.	habitación de hospital
服务体系	fu:wu:ti:xi	n.	sistema de servicios
交通工具	jiao:tong:gong:ju	n.	medio de transporte
街道办事处	jie:dao:ban:shi:chu	n.	oficina de subdistrito
各个方面	ge:ge:fang:mian	n.	todos los aspectos
来看看	lai:kan:kan	v.	venir a ver
工作性质	gong:zuo:xing:zhi	n.	naturaleza del trabajo
专利权	zhuan:li:quan	n.	derechos de patente
何以	he:yi	adv.	por qué
窝	wo	n.	nido
窝	wo	mw.	una camada
财税	cai:shui	n.	hacienda y fiscalidad
借用	jie:yong	v.	tomar prestado
借用	jie:yong	n.	préstamo
润滑	run:hua	v.	lubricar
触发	chu:fa	v.	desencadenar
自家	zi:jia	pron.	propio
蒋介石	jiang:jie:shi	n.	Chiang Kai-shek
会见	hui:jian	v.	entrevistarse
村级	cun:ji	adj.	a nivel de aldea
起飞	qi:fei	v.	despegar
和谐发展	he:xie:fa:zhan	n.	desarrollo armonioso
繁忙	fan:mang	adj.	ocupado
嘻嘻	xi:xi	onom.	jeje
工作量	gong:zuo:liang	n.	carga de trabajo
宽松	kuan:song	adj.	holgado
偿还	chang:huan	v.	reembolsar
使用寿命	shi:yong:shou:ming	n.	vida útil
工程技术	gong:cheng:ji:shu	n.	tecnología de ingeniería
无偿	wu:chang	adj.	gratuito
常见问题	chang:jian:wen:ti	n.	preguntas frecuentes
司法机关	si:fa:ji:guan	n.	autoridad judicial
上限	shang:xian	n.	límite superior
通用网址	tong:yong:wang:zhi	n.	dirección web genérica
扬声器	yang:sheng:qi	n.	altavoz
宣告	xuan:gao	v.	declarar
经商	jing:shang	v.	hacer negocios
校内	xiao:nei	n.	dentro del campus
见证	jian:zheng	v.	ser testigo
处方	chu:fang	n.	receta
投递	tou:di	v.	entregar
外企	wai:qi	n.	empresa extranjera
少见	shao:jian	adj.	raro
中山市	zhong:shan:shi	n.	Zhongshan
分校	fen:xiao	n.	sucursal
弥	mi	v.	llenar
相声	xiang:sheng	n.	comedia dialogada
苍白	cang:bai	adj.	pálido
拦截	lan:jie	v.	interceptar
酝酿	yun:niang	v.	gestarse
守护	shou:hu	v.	proteger
返	fan	v.	regresar
问世	wen:shi	v.	salir al mercado
匹	pi	mw.	(clasificador para caballos)
尤为	you:wei	adv.	especialmente
带走	dai:zou	v.	llevarse
凑	cou	v.	reunir
朗读	lang:du	v.	leer en voz alta
古镇	gu:zhen	n.	pueblo antiguo
纸币	zhi:bi	n.	billete
贸易有限公司	mao:yi:you:xian:gong:si	n.	compañía comercial
奸	jian	adj.	falso
解放思想	jie:fang:si:xiang	v.	liberar la mente
后代	hou:dai	n.	descendiente
技师	ji:shi	n.	técnico
低端	di:duan	adj.	gama baja
装的	zhuang:de	v.	fingir
长寿	chang:shou	adj.	longevidad
交际	jiao:ji	n.	relaciones
实质性	shi:zhi:xing	adj.	sustancial
与环境	yu:huan:jing	prep.	con el medio ambiente
建筑设计	jian:zhu:she:ji	n.	diseño arquitectónico
新闻网	xin:wen:wang	n.	sitio de noticias
说要	shuo:yao	v.	decir
他能	ta:neng	pron.	él puede
一幕	yi:mu	n.	una escena
又好又快	you:hao:you:kuai	adj.	bueno y rápido
战斗机	zhan:dou:ji	n.	caza
对的	dui:de	adj.	correcto
规模化	gui:mo:hua	v.	escalar a gran escala
长春市	chang:chun:shi	n.	Changchun
招商银行	zhao:shang:yin:hang	n.	China Merchants Bank
下手	xia:shou	v.	empezar
下手	xia:shou	n.	subordinado
生活费	sheng:huo:fei	n.	gastos de manutención
新品种	xin:pin:zhong	n.	nueva variedad
置换	zhi:huan	v.	sustituir
万能	wan:neng	adj.	todopoderoso
华侨	hua:qiao	n.	chino de ultramar
还不够	hai:bu:gou	adv.	todavía insuficiente
法宝	fa:bao	n.	arma mágica
两部分	liang:bu:fen	n.	dos partes
持续发展	chi:xu:fa:zhan	v.	desarrollo sostenible
艰苦奋斗	jian:ku:fen:dou	v.	luchar con dureza
陌	mo	n.	camino rural
叛	pan	v.	traicionar
关键在于	guan:jian:zai:yu	v.	la clave está en
复活	fu:huo	v.	resucitar
同时又	tong:shi:you	conj.	al mismo tiempo
智能手机	zhi:neng:shou:ji	n.	teléfono inteligente
矿产	kuang:chan	n.	recursos minerales
正处于	zheng:chu:yu	v.	situarse
多余的	duo:yu:de	adj.	superfluo
实践经验	shi:jian:jing:yan	n.	experiencia práctica
走访	zou:fang	v.	visitar
清楚的	qing:chu:de	adj.	claro
大侠	da:xia	n.	héroe
点缀	dian:zhui	v.	adornar
环保局	huan:bao:ju	n.	oficina de protección ambiental
女神	nv:shen	n.	diosa
本协议	ben:xie:yi	n.	este acuerdo
欲知	yu:zhi	v.	querer saber
心疼	xin:teng	v.	compadecer
大公司	da:gong:si	n.	empresa grande
每一天	mei:yi:tian	n.	cada día
头文件	tou:wen:jian	n.	archivo de cabecera
基准	ji:zhun	n.	referencia
基准	ji:zhun	n.	parámetro de referencia
颤抖	chan:dou	v.	temblar
填补	tian:bu	v.	rellenar
学士学位	xue:shi:xue:wei	n.	título de grado
方言	fang:yan	n.	dialecto
缘分	yuan:fen	n.	destino
着	zhao	part.	partícula aspectual
着	zhuo	part.	partícula aspectual
十万	shi:wan	num.	100.000
剩下	sheng:xia	v.	quedar
核	he	n.	núcleo
从上	cong:shang	prep.	desde arriba
急救	ji:jiu	n.	primeros auxilios
颠覆	dian:fu	v.	derrocar
双腿	shuang:tui	n.	las dos piernes
空缺	kong:que	n.	vacante
菲律宾	fei:lv:bin	n.	Filipinas
卧	wo	v.	acostarse
眼看	yan:kan	adv.	a punto de
多重	duo:chong	adj.	múltiple
破碎	po:sui	v.	romperse
幅	fu	mw.	medida para superficies
眨	zha	v.	parpadear
耗	hao	v.	desperdiciar
加分	jia:fen	v.	añadir puntos
自动滚屏	zi:dong:gun:ping	n.	desplazamiento automático
发行时间	fa:xing:shi:jian	n.	fecha de lanzamiento
洒	sa	v.	esparcir
提请	ti:qing	v.	presentar
走近	zou:jin	v.	acercarse
财政收入	cai:zheng:shou:ru	n.	ingresos fiscales
财政局	cai:zheng:ju	n.	dirección de hacienda
偏低	pian:di	adj.	más bien bajo
雪花	xue:hua	n.	copo de nieve
有关专家	you:guan:zhuan:jia	n.	expertos pertinentes
舞曲	wu:qu	n.	música de baile
闪光灯	shan:guang:deng	n.	flash
优质服务	you:zhi:fu:wu	n.	servicio de calidad
合作社	he:zuo:she	n.	cooperativa
组图	zu:tu	n.	serie de fotos
各部	ge:bu	n.	cada departamento
哪有	na:you	adv.	cómo va
一员	yi:yuan	n.	miembro
东亚	dong:ya	n.	Asia Oriental
收款	shou:kuan	v.	cobrar
接头	jie:tou	v.	tomar contacto
多吃	duo:chi	v.	comer más
电邮	dian:you	n.	correo electrónico
这下	zhe:xia	pron.	ahora sí
计算机网络	ji:suan:ji:wang:luo	n.	red de ordenadores
行销	xing:xiao	v.	comercializar
忧伤	you:shang	adj.	afligido
没法	mei:fa	adv.	ni modo
艰辛	jian:xin	adj.	duro
击败	ji:bai	v.	vencer
击败	ji:bai	v.	derrotar
与会	yu:hui	v.	asistir a una reunión
怡	yi	adj.	alegre
高价	gao:jia	n.	precio alto
高价	gao:jia	adj.	caro
学习者	xue:xi:zhe	n.	aprendiz
莫名	mo:ming	adj.	inexplicable
切除	qie:chu	v.	extirpar
写明	xie:ming	v.	especificar
本省	ben:sheng	n.	la propia provincia
父子	fu:zi	n.	padre e hijo
旅游区	lv:you:qu	n.	zona turística
详	xiang	adj.	detallado
有如	you:ru	v.	ser como
新中国	xin:zhong:guo	n.	Nueva China
副食	fu:shi	n.	alimentos complementarios
兼容性	jian:rong:xing	n.	compatibilidad
死机	si:ji	v.	colgarse
履行职责	lv:xing:zhi:ze	v.	cumplir deberes
上调	shang:diao	v.	subir
上调	shang:diao	n.	subida
上调	shang:tiao	v.	cambiar hacia arriba
张家界	zhang:jia:jie	n.	Zhangjiajie
建行	jian:hang	n.	banco de construcción
寺庙	si:miao	n.	templo
不规范	bu:gui:fan	adj.	no normalizado
福特	fu:te	n.	Ford
统领	tong:ling	v.	comandar
傍晚	bang:wan	n.	atardecer
合格证	he:ge:zheng	n.	certificado de calidad
卢	lu	n.	Lu
扣	kou	v.	abrochar
扣	kou	v.	descontar
当局	dang:ju	n.	autoridades
滥用	lan:yong	v.	usar abusivamente
屠城	tu:cheng	v.	masacrar una ciudad
责任心	ze:ren:xin	n.	sentido de responsabilidad
增长速度	zeng:zhang:su:du	n.	ritmo de crecimiento
中小学生	zhong:xiao:xue:sheng	n.	alumnos
尾巴	wei:ba	n.	cola
想象力	xiang:xiang:li	n.	imaginación
保险人	bao:xian:ren	n.	asegurador
周三	zhou:san	n.	miércoles
小康	xiao:kang	n.	holgada
宣扬	xuan:yang	v.	predicar
带回	dai:hui	v.	traer de vuelta
轻松的	qing:song:de	adj.	relajado
轻松的	qing:song:de	adj.	fácil
丑	chou	adj.	feo
丑	chou	n.	payaso
有待	you:dai	v.	quedar pendiente
张开	zhang:kai	v.	abrir
分流	fen:liu	v.	desviar
勉	mian	v.	esforzarse
孝	xiao	n.	piedad filial
心动	xin:dong	v.	sentir atracción
逛街	guang:jie	v.	ir de compras
文集	wen:ji	n.	obras recopiladas
何意	he:yi	n.	qué significado
取胜	qu:sheng	v.	ganar
发起人	fa:qi:ren	n.	promotor
物价局	wu:jia:ju	n.	oficina de precios
契机	qi:ji	n.	oportunidad
市中心	shi:zhong:xin	n.	centro de la ciudad
伤感	shang:gan	adj.	sentimental
主要功能	zhu:yao:gong:neng	n.	función principal
矛	mao	n.	lanza
浪潮	lang:chao	n.	ola
法律服务	fa:lv:fu:wu	n.	servicios jurídicos
运送	yun:song	v.	transportar
肥料	fei:liao	n.	fertilizante
明知	ming:zhi	v.	saber plenamente
眼下	yan:xia	n.	actualmente
丹麦	dan:mai	n.	Dinamarca
奶牛	nai:niu	n.	vaca lechera
体育馆	ti:yu:guan	n.	gimnasio
辉煌的	hui:huang:de	adj.	brillante
快门	kuai:men	n.	obturador
生产型	sheng:chan:xing	n.	tipo de producción
留言内容	liu:yan:nei:rong	n.	contenido del mensaje
会所	hui:suo	n.	casa club
业务范围	ye:wu:fan:wei	n.	ámbito de negocio
打架	da:jia	v.	pelearse
出土	chu:tu	v.	desenterrarse
瘦身	shou:shen	v.	adelgazar
低廉	di:lian	adj.	barato
国美	guo:mei	n.	Gome
销售商	xiao:shou:shang	n.	vendedor
反腐倡廉	fan:fu:chang:lian	n.	campaña anticorrupción
氛	fen	n.	atmósfera
交代	jiao:dai	v.	explicar
台风	tai:feng	n.	tifón
基数	ji:shu	n.	número cardinal
衡	heng	v.	pesar
并存	bing:cun	v.	coexistir
道路运输	dao:lu:yun:shu	n.	transporte por carretera
苦恼	ku:nao	adj.	afligido
建站	jian:zhan	v.	crear un sitio web
陶	tao	n.	cerámica
指甲	zhi:jia	n.	uña
成套	cheng:tao	adj.	en juego
租屋	zu:wu	n.	vivienda de alquiler
着眼于	zhuo:yan:yu	v.	enfocarse en
各式	ge:shi	adj.	de todo tipo
姓氏	xing:shi	n.	apellido
腾	teng	v.	elevarse
腾	teng	v.	volar
制冷	zhi:leng	v.	refrigerar
制冷	zhi:leng	n.	refrigeración
抵御	di:yu	v.	resistir
开放式	kai:fang:shi	adj.	de tipo abierto
购	gou	v.	comprar
备忘录	bei:wang:lu	n.	memorando
最先	zui:xian	adv.	primero
厂长	chang:zhang	n.	director de fábrica
亲友	qin:you	n.	familiares y amigos
昆山	kun:shan	n.	Kunshan
检修	jian:xiu	v.	inspeccionar
轨迹	gui:ji	n.	trayectoria
澄清	cheng:qing	v.	aclarar
澄清	cheng:qing	v.	decantar
念佛	nian:fo	v.	recitar el nombre de Buda
这回	zhe:hui	pron.	esta vez
检察机关	jian:cha:ji:guan	n.	fiscalía
接纳	jie:na	v.	aceptar
瞄准	miao:zhun	v.	apuntar
公务	gong:wu	n.	asuntos oficiales
听听	ting:ting	v.	escuchar un poco
火热	huo:re	adj.	ardiente
张扬	zhang:yang	adj.	llamativo
老乡	lao:xiang	n.	paisano
子孙	zi:sun	n.	descendientes
手掌	shou:zhang	n.	palma
汪	wang	onom.	guau
高技术	gao:ji:shu	n.	alta tecnología
全能	quan:neng	adj.	todoterreno
工具栏	gong:ju:lan	n.	barra de herramientas
二层	er:ceng	n.	segundo piso
展厅	zhan:ting	n.	sala de exposiciones
非常感谢	fei:chang:gan:xie	v.	muchas gracias
明朝	ming:chao	n.	dinastía Ming
那次	na:ci	pron.	aquella vez
打败	da:bai	v.	vencer
少儿	shao:er	n.	niños
颁奖	ban:jiang	v.	entregar premios
新年快乐	xin:nian:kuai:le	adj.	feliz año nuevo
衬衫	chen:shan	n.	camisa
僵	jiang	adj.	rígido
冻结	dong:jie	v.	congelar
弊端	bi:duan	n.	abuso
海底	hai:di	n.	fondo del mar
载明	zai:ming	v.	indicar
亮丽	liang:li	adj.	brillante
小猪	xiao:zhu	n.	cerdito
祖先	zu:xian	n.	antepasado
另一方	ling:yi:fang	n.	la otra parte
总和	zong:he	n.	suma
福田	fu:tian	n.	Fukuda
计价	ji:jia	v.	fijar el precio
规避	gui:bi	v.	eludir
断裂	duan:lie	v.	fracturarse
断裂	duan:lie	n.	fractura
心理咨询	xin:li:zi:xun	n.	consulta psicológica
展馆	zhan:guan	n.	pabellón
第三者	di:san:zhe	n.	tercero
弹簧	tan:huang	n.	muelle
网上购物	wang:shang:gou:wu	n.	compra en línea
人才招聘	ren:cai:zhao:pin	n.	reclutamiento
金奖	jin:jiang	n.	premio de oro
前几天	qian:ji:tian	n.	los últimos días
忧郁	you:yu	adj.	melancólico
享用	xiang:yong	v.	disfrutar
工作岗位	gong:zuo:gang:wei	n.	puesto de trabajo
摄影师	she:ying:shi	n.	fotógrafo
底下	di:xia	n.	debajo
女方	nv:fang	n.	parte de la mujer
电视节目	dian:shi:jie:mu	n.	programa de televisión
经验丰富	jing:yan:feng:fu	adj.	experimentado
参考价	can:kao:jia	n.	precio de referencia
方向盘	fang:xiang:pan	n.	volante
建构	jian:gou	v.	construir
一派	yi:pai	n.	escuela
一派	yi:pai	adv.	bastante
起源	qi:yuan	n.	origen
起源	qi:yuan	v.	proceder
隐蔽	yin:bi	adj.	oculto
疗	liao	v.	tratar
哪一个	na:yi:ge	pron.	cuál
新兵	xin:bing	n.	recluta
骨折	gu:zhe	n.	fractura
粒子	li:zi	n.	partícula
招考	zhao:kao	v.	reclutar por examen
筹建	chou:jian	v.	preparar la construcción
脑子	nao:zi	n.	cerebro
热带	re:dai	n.	trópicos
兵力	bing:li	n.	fuerzas militares
管理器	guan:li:qi	n.	gestor
疲惫	pi:bei	adj.	exhausto
连线	lian:xian	v.	conectar en línea
放射性	fang:she:xing	n.	radioactividad
三点	san:dian	n.	las tres
三点	san:dian	num.	tres
使用说明	shi:yong:shuo:ming	n.	instrucciones
重要因素	zhong:yao:yin:su	n.	factor importante
银行存款	yin:hang:cun:kuan	n.	depósito bancario
研究者	yan:jiu:zhe	n.	investigador
慈善	ci:shan	adj.	benéfico
唐朝	tang:chao	n.	dinastía Tang
音像制品	yin:xiang:zhi:pin	n.	producto audiovisual
妃	fei	n.	concubina
罚	fa	v.	castigar
李白	li:bai	n.	Li Bai
涂层	tu:ceng	n.	recubrimiento
交通部	jiao:tong:bu	n.	Ministerio de Transportes
想来	xiang:lai	adv.	probablemente
收看	shou:kan	v.	ver (TV)
洋葱	yang:cong	n.	cebolla
调配	diao:pei	v.	asignar
调配	tiao:pei	v.	mezclar
相等	xiang:deng	adj.	igual
刘德华	liu:de:hua	n.	Andy Lau
请进	qing:jin	v.	adelante, pase
授权委托书	shou:quan:wei:tuo:shu	n.	poder notarial
存储器	cun:chu:qi	n.	memoria
立案	li:an	v.	abrir un caso
首创	shou:chuang	v.	pionear
过年	guo:nian	v.	celebrar el Año Nuevo
本事	ben:shi	n.	habilidad
做大	zuo:da	v.	hacer más grande
免税	mian:shui	v.	exentar de impuestos
老爷	lao:ye	n.	amo
音量	yin:liang	n.	volumen
心脏病	xin:zang:bing	n.	enfermedad cardíaca
中和	zhong:he	v.	neutralizar
本刊	ben:kan	n.	esta revista
开花	kai:hua	v.	florecer
农资	nong:zi	n.	insumos agrícolas
血型	xie:xing	n.	tipo de sangre
血型	xue:xing	n.	tipo de sangre
肉类	rou:lei	n.	carne
二月	er:yue	n.	febrero
行政诉讼	xing:zheng:su:song	n.	litigio administrativo
讲课	jiang:ke	v.	dar una clase
棋	qi	n.	ajedrez
定性	ding:xing	v.	caracterizar
几千	ji:qian	num.	varios miles
不惜	bu:xi	v.	no vacilar en
缝	feng	v.	coser
美颜	mei:yan	n.	filtro de belleza
完工	wan:gong	v.	terminarse
尽头	jin:tou	n.	final
有名	you:ming	adj.	famoso
专业课	zhuan:ye:ke	n.	asignatura de especialización
旅途	lv:tu	n.	viaje
拥挤	yong:ji	adj.	abarrotado
自学考试	zi:xue:kao:shi	n.	examen de autoaprendizaje
相传	xiang:chuan	adv.	supuestamente
相传	xiang:chuan	v.	transmitir
有机结合	you:ji:jie:he	n.	combinación orgánica
收发	shou:fa	v.	enviar y recibir
震惊	zhen:jing	v.	conmover
三千	san:qian	num.	3000
不久前	bu:jiu:qian	adv.	hace poco tiempo
发泄	fa:xie	v.	desahogar
观音	guan:yin	n.	Guanyin
菊花	ju:hua	n.	crisantemo
同行业	tong:hang:ye	n.	mismo sector
周二	zhou:er	n.	martes
脉冲	mai:chong	n.	pulso
巨人	ju:ren	n.	gigante
收音机	shou:yin:ji	n.	radio
路程	lu:cheng	n.	recorrido
温家宝	wen:jia:bao	n.	Wen Jiabao
立体声	li:ti:sheng	n.	estéreo
商圈	shang:quan	n.	zona comercial
确切	que:qie	adj.	exacto
有关情况	you:guan:qing:kuang	n.	situación pertinente
味精	wei:jing	n.	ajinomoto
粉碎	fen:sui	v.	hacer añicos
粉碎	fen:sui	v.	smash
看点	kan:dian	n.	punto de interés
廉政	lian:zheng	n.	gobierno limpio
罚金	fa:jin	n.	multa
社交	she:jiao	n.	relaciones sociales
社交	she:jiao	v.	socializar
引来	yin:lai	v.	atraer
筹资	chou:zi	v.	recaudar fondos
动向	dong:xiang	n.	tendencia
顶尖	ding:jian	adj.	de primera
流星	liu:xing	n.	meteoro
协定	xie:ding	n.	acuerdo
咨询热线	zi:xun:re:xian	n.	línea de información
期盼	qi:pan	v.	esperar anhelante
中介服务	zhong:jie:fu:wu	n.	servicio de intermediación
不平衡	bu:ping:heng	adj.	desequilibrado
体温	ti:wen	n.	temperatura corporal
经济学家	jing:ji:xue:jia	n.	economista
职业生涯	zhi:ye:sheng:ya	n.	carrera profesional
诉求	su:qiu	n.	reivindicación
几张	ji:zhang	num.	cuántas (hojas)
中秋	zhong:qiu	n.	fiesta del Medio Otoño
毕业论文	bi:ye:lun:wen	n.	tesis de graduación
送来	song:lai	v.	entregar
折旧	zhe:jiu	n.	depreciación
第三十五条	di:san:shi:wu:tiao	n.	artículo 35
躯	qu	n.	cuerpo
交替	jiao:ti	v.	alternar
山下	shan:xia	n.	al pie de la montaña
泛	fan	v.	general
移动通信	yi:dong:tong:xin	n.	comunicación móvil
楼房	lou:fang	n.	edificio
希特勒	xi:te:le	n.	Hitler
去过	qu:guo	v.	haber estado
发展前景	fa:zhan:qian:jing	n.	perspectivas de desarrollo
在线支付	zai:xian:zhi:fu	n.	pago en línea
愁	chou	v.	preocuparse
净值	jing:zhi	n.	valor neto
齿轮	chi:lun	n.	engranaje
什么地方	shen:me:di:fang	pron.	dónde
坚固	jian:gu	adj.	sólido
没有办法	mei:you:ban:fa	v.	no tener manera
慰问	wei:wen	v.	console
新陈代谢	xin:chen:dai:xie	n.	metabolismo
莫斯科	mo:si:ke	n.	Moscú
硬度	ying:du	n.	dureza
用语	yong:yu	n.	término
品德	pin:de	n.	cualidad moral
平均水平	ping:jun:shui:ping	n.	nivel promedio
编剧	bian:ju	n.	guionista
采纳	cai:na	v.	adoptar
购车	gou:che	v.	comprar un coche
导出	dao:chu	v.	exportar
港币	gang:bi	n.	dólar de Hong Kong
真爱	zhen:ai	n.	amor verdadero
排污	pai:wu	v.	descargar contaminantes
肯定的	ken:ding:de	adj.	certo
新问题	xin:wen:ti	n.	nuevo problema
企业形象	qi:ye:xing:xiang	n.	imagen corporativa
搜	sou	v.	buscar
大笑	da:xiao	v.	reír a carcajadas
人生观	ren:sheng:guan	n.	concepción de la vida
毫无疑问	hao:wu:yi:wen	adv.	sin duda
投保人	tou:bao:ren	n.	asegurado
慈	ci	adj.	bondadoso
肥	fei	adj.	gordo
屌	diao	n.	polla
深厚的	shen:hou:de	adj.	profundo
掩盖	yan:gai	v.	encubrir
源自	yuan:zi	v.	proceder de
并发症	bing:fa:zheng	n.	complicación
远的	yuan:de	adj.	lejos
静脉	jing:mai	n.	vena
名次	ming:ci	n.	clasificación
勘察	kan:cha	v.	inspeccionar
词典	ci:dian	n.	diccionario
极强	ji:qiang	adj.	extremadamente fuerte
自我介绍	zi:wo:jie:shao	n.	presentación
富人	fu:ren	n.	rico
仪器仪表	yi:qi:yi:biao	n.	instrumentos
恐龙	kong:long	n.	dinosaurio
原版	yuan:ban	n.	edición original
交警	jiao:jing	n.	policía de tráfico
资质证书	zi:zhi:zheng:shu	n.	certificado de calificación
超纲	chao:gang	v.	exceder el programa
历年	li:nian	adv.	con los años
教育机构	jiao:yu:ji:gou	n.	institución educativa
良种	liang:zhong	n.	buena semilla
良种	liang:zhong	n.	buena raza
资格证	zi:ge:zheng	n.	certificado de cualificación
网页设计	wang:ye:she:ji	n.	diseño web
兵器	bing:qi	n.	arma
科研机构	ke:yan:ji:gou	n.	institución de investigación
赞赏	zan:shang	v.	apreciar
赞赏	zan:shang	n.	aprecio
抗战	kang:zhan	n.	guerra de resistencia
产后	chan:hou	adj.	posparto
教导	jiao:dao	v.	enseñar
教导	jiao:dao	n.	enseñanza
入党	ru:dang	v.	ingresar al partido
几亿	ji:yi	num.	varios cientos de millones
计算器	ji:suan:qi	n.	calculadora
静静的	jing:jing:de	adj.	tranquilo
开户行	kai:hu:hang	n.	banco de la cuenta
笼	long	n.	jaula
芳香	fang:xiang	n.	fragancia
芳香	fang:xiang	adj.	fragante
总机	zong:ji	n.	centralita
医用	yi:yong	adj.	uso médico
一季度	yi:ji:du	n.	primer trimestre
残酷	can:ku	adj.	cruel
预言	yu:yan	v.	predecir
其他国家	qi:ta:guo:jia	n.	otros países
最容易	zui:rong:yi	adj.	el más fácil
优于	you:yu	v.	superior a
无帮无派	wu:bang:wu:pai	adj.	sin facción
申购	shen:gou	v.	suscribir
广大人民	guang:da:ren:min	n.	pueblo amplio
后退	hou:tui	v.	retroceder
缓冲	huan:chong	v.	amortiguar
谓之	wei:zhi	v.	se llama
村镇	cun:zhen	n.	pueblos y aldeas
背影	bei:ying	n.	silueta de espaldas
可能出现	ke:neng:chu:xian	v.	puede aparecer
篮	lan	n.	cesta
禁忌	jin:ji	n.	tabú
市场经济体制	shi:chang:jing:ji:ti:zhi	n.	economía de mercado
护肤	hu:fu	v.	cuidado de la piel
俱	ju	adv.	todos
外围	wai:wei	n.	periferia
暂行规定	zan:xing:gui:ding	n.	norma provisional
缺少的	que:shao:de	adj.	que falta
学制	xue:zhi	n.	sistema educativo
废除	fei:chu	v.	aboliir
照样	zhao:yang	adv.	como siempre
娃哈哈	wa:ha:ha	n.	Wahaha
不舒服	bu:shu:fu	adj.	malestar
媳妇	xi:fu	n.	esposa
供需	gong:xu	n.	oferta y demanda
直接影响	zhi:jie:ying:xiang	n.	influencia directa
辛苦了	xin:ku:le	int.	gracias por el esfuerzo
声响	sheng:xiang	n.	sonido
不忘	bu:wang	v.	no olvidar
漂流	piao:liu	v.	a la deriva
理工	li:gong	n.	ciencias e ingeniería
医疗服务	yi:liao:fu:wu	n.	servicio médico
旅程	lv:cheng	n.	viaje
耶稣	ye:su	n.	Jesús
基础性	ji:chu:xing	n.	naturaleza fundamental
通讯员	tong:xun:yuan	n.	corresponsal
资产阶级	zi:chan:jie:ji	n.	burguesía
惟	wei	conj.	solamente
费率	fei:lv	n.	tarifa
支架	zhi:jia	n.	soporte
堵塞	du:se	v.	atasar
三方	san:fang	n.	tres partes
出游	chu:you	v.	salir de excursión
登入	deng:ru	v.	iniciar sesión
智子	zhi:zi	n.	Satoko
富豪	fu:hao	n.	ricachón
自尊	zi:zun	n.	amor propio
捋清	lv:qing	v.	aclarar
固有	gu:you	adj.	inherente
中科院	zhong:ke:yuan	n.	Academia de Ciencias de China
汇编	hui:bian	n.	compilación
应试	ying:shi	v.	presentarse a un examen
奥地利	ao:di:li	n.	Austria
随手	sui:shou	adv.	de paso
调剂	tiao:ji	v.	ajustar
风流	feng:liu	adj.	galante
酒局	jiu:ju	n.	fiesta de bebida
专员	zhuan:yuan	n.	comisario
帝王	di:wang	n.	emperador
车门	che:men	n.	puerta del coche
实例化	shi:li:hua	v.	instanciar
逼真	bi:zhen	adj.	verosímil
太好了	tai:hao:le	int.	¡qué bien!
统考	tong:kao	n.	examen unificado
截图	jie:tu	n.	captura de pantalla
标准配置	biao:zhun:pei:zhi	n.	configuración estándar
递归	di:gui	n.	recursión
兽医	shou:yi	n.	veterinario
而今	er:jin	adv.	hoy en día
柜	gui	n.	armario
上路	shang:lu	v.	poner en camino
文件格式	wen:jian:ge:shi	n.	formato de archivo
迷信	mi:xin	n.	superstición
福彩	fu:cai	n.	lotería benéfica
拿下	na:xia	v.	capturar
产出	chan:chu	n.	producción
急于	ji:yu	v.	ansiar por
收益率	shou:yi:lv	n.	rendimiento
长效机制	chang:xiao:ji:zhi	n.	mecanismo a largo plazo
新生儿	xin:sheng:er	n.	recién nacido
今生	jin:sheng	n.	esta vida
死去	si:qu	v.	morir
骑行	qi:xing	v.	ir en bicicleta
落叶	luo:ye	n.	hoja caida
落叶	luo:ye	v.	perder las hojas
始建于	shi:jian:yu	v.	fundado en
文人	wen:ren	n.	hombre de letras
做梦	zuo:meng	v.	soñar
无声	wu:sheng	adj.	sordo
迷人	mi:ren	adj.	encantador
几年来	ji:nian:lai	adv.	desde hace varios años
中考	zhong:kao	n.	examen de ingreso a bachillerato
交费	jiao:fei	v.	pagar cuotas
手腕	shou:wan	n.	muñeca
手腕	shou:wan	n.	chico astuto
他们说	ta:men:shuo	v.	ellos dicen
快捷键	kuai:jie:jian	n.	atajo de teclado
信息资源	xin:xi:zi:yuan	n.	recursos de información
酒楼	jiu:lou	n.	restaurante
淹	yan	v.	ahogar
淹	yan	v.	inundar
抗菌	kang:jun	adj.	antibacteriano
胡萝卜	hu:luo:bo	n.	zanahoria
包容	bao:rong	v.	tolerar
包容	bao:rong	adj.	tolerante
忠心	zhong:xin	n.	lealtad
国籍	guo:ji	n.	nacionalidad
民法	min:fa	n.	derecho civil
甚至连	shen:zhi:lian	conj.	incluso
有较大	you:jiao:da	v.	ser bastante grande
诸葛亮	zhu:ge:liang	n.	Zhuge Liang
客户服务中心	ke:hu:fu:wu:zhong:xin	n.	centro de atención al cliente
迷惑	mi:huo	v.	confundir
迷惑	mi:huo	adj.	confuso
与中华	yu:zhong:hua	prep.	con China
问问	wen:wen	v.	preguntar
高分	gao:fen	n.	puntuación alta
要做到	yao:zuo:dao	v.	lograr
你才	ni:cai	pron.	tú
知识点	zhi:shi:dian	n.	punto de conocimiento
就算是	jiu:suan:shi	v.	aun si
捉	zhuo	v.	capturar
环绕	huan:rao	v.	rodear
快要	kuai:yao	adv.	casi
落到实处	luo:dao:shi:chu	v.	ponerse en práctica
第三产业	di:san:chan:ye	n.	sector terciario
社会生活	she:hui:sheng:huo	n.	vida social
转换为	zhuan:huan:wei	v.	convertir en
特区	te:qu	n.	zona especial
配备了	pei:bei:le	v.	estar equipado con
质量控制	zhi:liang:kong:zhi	n.	control de calidad
蜘蛛	zhi:zhu	n.	araña
削弱	xue:ruo	v.	debilitar
既能	ji:neng	v.	poder también
分歧	fen:qi	n.	desacuerdo
产品开发	chan:pin:kai:fa	n.	desarrollo de productos
同类产品	tong:lei:chan:pin	n.	producto similar
讯息	xun:xi	n.	mensaje
过户	guo:hu	v.	transferir la propiedad
人民医院	ren:min:yi:yuan	n.	hospital del pueblo
毒素	du:su	n.	toxina
标本	biao:ben	n.	espécimen
标本	biao:ben	n.	modelo
秘诀	mi:jue	n.	secreto
旺盛	wang:sheng	adj.	vigoroso
好听	hao:ting	adj.	agradable
连续剧	lian:xu:ju	n.	serie de televisión
来往	lai:wang	v.	tratar
来往	lai:wang	n.	relaciones
好久	hao:jiu	adv.	mucho tiempo
清香	qing:xiang	n.	aroma suel
山地	shan:di	n.	región montañosa
几下	ji:xia	num.	unas cuantas veces
悬	xuan	adj.	suspendido
悬	xuan	adj.	en el aire
教科书	jiao:ke:shu	n.	libro de texto
预留	yu:liu	v.	reservar
萎缩	wei:suo	v.	atrofiarse
交易日	jiao:yi:ri	n.	día de bolsa
贫穷	pin:qiong	adj.	pobre
推崇	tui:chong	v.	venerar
网上报名	wang:shang:bao:ming	v.	inscribirse en línea
口水	kou:shui	n.	saliva
万亿	wan:yi	num.	billón
施加	shi:jia	v.	ejercer
研究报告	yan:jiu:bao:gao	n.	informe de investigación
别忘了	bie:wang:le	v.	no olvides
解开	jie:kai	v.	desatar
看重	kan:zhong	v.	apreciar
专业人才	zhuan:ye:ren:cai	n.	talento profesional
迷茫	mi:mang	adj.	confundido
动静	dong:jing	n.	movimiento
动静	dong:jing	n.	actividad
霍	huo	n.	Huo
一架	yi:jia	mw.	un (avión)
科研成果	ke:yan:cheng:guo	n.	logro de investigación
光华	guang:hua	n.	resplandor
基本知识	ji:ben:zhi:shi	n.	conocimientos básicos
恰恰	qia:qia	adv.	exactamente
前卫	qian:wei	n.	vanguardia
前卫	qian:wei	adj.	vanguardista
湿润	shi:run	adj.	húmedo
第四届	di:si:jie	num.	4a sesión
估值	gu:zhi	n.	valoración
所指	suo:zhi	n.	referente
日韩	ri:han	n.	Japón y Corea
全面提高	quan:mian:ti:gao	v.	mejorar integralmente
试用期	shi:yong:qi	n.	período de prueba
毒性	du:xing	n.	toxicidad
泄	xie	v.	filtrarse
自称	zi:cheng	v.	autoproclamarse
报告错误	bao:gao:cuo:wu	v.	informar de un error
久久	jiu:jiu	adv.	mucho tiempo
欢	huan	adj.	alegre
哈哈哈	ha:ha:ha	onom.	ja ja
胜任	sheng:ren	v.	estar a la altura
紫外线	zi:wai:xian	n.	rayos ultravioletas
党建	dang:jian	n.	construcción del partido
问答	wen:da	n.	preguntas y respuestas
最热	zui:re	adj.	el más caliente
软盘	ruan:pan	n.	disquete
网球	wang:qiu	n.	tenis
开玩笑	kai:wan:xiao	v.	bromear
拨号	bo:hao	v.	marcar
赶来	gan:lai	v.	llegar apresuradamente
人民日报	ren:min:ri:bao	n.	Diario del Pueblo
新房	xin:fang	n.	casa nueva
残忍	can:ren	adj.	cruel
全长	quan:chang	n.	longitud total
人气指数	ren:qi:zhi:shu	n.	índice de popularidad
相近	xiang:jin	adj.	parecido
咽	yan	v.	tragar
齿	chi	n.	diente
点击率	dian:ji:lv	n.	tasa de clics
普通高校	pu:tong:gao:xiao	n.	universidad ordinaria
尽早	jin:zao	adv.	cuanto antes
开学	kai:xue	v.	inicio de clases
共产主义	gong:chan:zhu:yi	n.	comunismo
分化	fen:hua	v.	diferenciarse
显存	xian:cun	n.	memoria de vídeo
那一天	na:yi:tian	n.	aquel día
车程	che:cheng	n.	tiempo de trayecto
辩论	bian:lun	n.	debate
键位	jian:wei	n.	posición de tecla
秒	miao	mw.	segundo
指明	zhi:ming	v.	indicar claramente
不全	bu:quan	adj.	incompleto
一分钟	yi:fen:zhong	mw.	un minuto
逐一	zhu:yi	adv.	uno por uno
迫切	po:qie	adj.	urgente
支付方式	zhi:fu:fang:shi	n.	método de pago
发言人	fa:yan:ren	n.	portavoz
人力资源部	ren:li:zi:yuan:bu	n.	departamento de recursos humanos
陌生人	mo:sheng:ren	n.	extraño
日常工作	ri:chang:gong:zuo	n.	trabajo diario
需要注意	xu:yao:zhu:yi	v.	necesitar atención
一次次	yi:ci:ci	adv.	una y otra vez
南昌市	nan:chang:shi	n.	Nanchang
普法	pu:fa	n.	educación legal
教研	jiao:yan	n.	docencia e investigación
专项整治	zhuan:xiang:zheng:zhi	n.	rectificación especial
传真号码	chuan:zhen:hao:ma	n.	número de fax
货架	huo:jia	n.	estantería
帮派	bang:pai	n.	banda
香菇	xiang:gu	n.	champiñón shiitake
条约	tiao:yue	n.	tratado
投资人	tou:zi:ren	n.	inversor
税务局	shui:wu:ju	n.	oficina de impuestos
假的	jia:de	adj.	falso
书房	shu:fang	n.	despacho
晚报	wan:bao	n.	periódico vespertino
大理石	da:li:shi	n.	mármol
吉利	ji:li	adj.	propicio
忙着	mang:zhe	adj.	ocupado
纠缠	jiu:chan	v.	molestar
超人	chao:ren	n.	superhombre
画眉鸟	hua:mei:niao	n.	ruiseñor
壮观	zhuang:guan	adj.	espectacular
生物学	sheng:wu:xue	n.	biología
电大	dian:da	n.	universidad a distancia
海滩	hai:tan	n.	playa
聚合	ju:he	v.	polimerizar
岛屿	dao:yu	n.	islas
救济	jiu:ji	v.	socorrer
这般	zhe:ban	adv.	así
侵略	qin:lve	n.	agresión
明日	ming:ri	n.	mañana
盗窃	dao:qie	v.	copiar
哥们	ge:men	n.	colega
有的是	you:de:shi	v.	haber de sobra
包围	bao:wei	v.	rodear
就诊	jiu:zhen	v.	acudir al médico
投资环境	tou:zi:huan:jing	n.	clima de inversión
纪念馆	ji:nian:guan	n.	museo conmemorativo
深加工	shen:jia:gong	n.	elaboración intensiva
勤	qin	adj.	diligente
核心技术	he:xin:ji:shu	n.	tecnología clave
科学性	ke:xue:xing	n.	carácter científico
领会	ling:hui	v.	comprender
极少	ji:shao	adv.	muy poco
诚聘	cheng:pin	v.	contratar sinceramente
秒钟	miao:zhong	n.	segundo
三年级	san:nian:ji	n.	tercer curso
闲置	xian:zhi	v.	desocupar
想念	xiang:nian	v.	extrañar
胆固醇	dan:gu:chun	n.	colesterol
合一	he:yi	n.	unidad
走私	zou:si	v.	contrabandear
辨别	bian:bie	v.	distinguir
倾向于	qing:xiang:yu	v.	tender a
扩	kuo	v.	expandir
撞击	zhuang:ji	v.	chochar
眼部	yan:bu	n.	zona ocular
屏	ping	n.	pantalla
消极	xiao:ji	adj.	negativo
促销活动	cu:xiao:huo:dong	n.	promoción
兑换	dui:huan	v.	cambiar
对称	dui:chen	adj.	simétrico
奥林匹克	ao:lin:pi:ke	n.	Olímpico
记账	ji:zhang	v.	llevar cuentas
野外	ye:wai	n.	aire libre
滤镜	lv:jing	n.	filtro
生产成本	sheng:chan:cheng:ben	n.	costo de producción
帝国主义	di:guo:zhu:yi	n.	imperialismo
看病	kan:bing	v.	ir al médico
霜	shuang	n.	escarcha
城墙	cheng:qiang	n.	muralla
第三十六条	di:san:shi:liu:tiao	num.	artículo 36
领略	ling:lve	v.	captar
体贴	ti:tie	adj.	considerado
骑兵	qi:bing	n.	caballería
指纹	zhi:wen	n.	huella dactilar
超大	chao:da	adj.	extragrande
键入	jian:ru	v.	escribir
任期	ren:qi	n.	mandato
一侧	yi:ce	n.	un lado
妇联	fu:lian	n.	federación femenina
施肥	shi:fei	v.	abonar
恰当	qia:dang	adj.	apropiado
特大	te:da	adj.	extraordinariamente grande
人称	ren:cheng	n.	persona
昆明市	kun:ming:shi	n.	Kunming
做生意	zuo:sheng:yi	v.	hacer negocios
考试时间	kao:shi:shi:jian	n.	horario de examen
促成	cu:cheng	v.	promover
驾车	jia:che	v.	conducir
求真务实	qiu:zhen:wu:shi	adj.	pragmático
身躯	shen:qu	n.	cuerpo
复发	fu:fa	v.	recaer
名校	ming:xiao	n.	escuela famosa
工作任务	gong:zuo:ren:wu	n.	tarea de trabajo
亲手	qin:shou	adv.	personalmente
笑笑	xiao:xiao	v.	sonreír un poco
奔跑	ben:pao	v.	correr
袍	pao	n.	túnica
考试大纲	kao:shi:da:gang	n.	temario de examen
被盗	bei:dao	v.	ser robado
婚纱	hun:sha	n.	vestido de novia
马克	ma:ke	n.	marco
东芝	dong:zhi	n.	Toshiba
插座	cha:zuo	n.	enchufe
一大堆	yi:da:dui	n.	un montón
重点项目	zhong:dian:xiang:mu	n.	proyecto clave
悄然	qiao:ran	adv.	silenciosamente
举起	ju:qi	v.	levantar
未曾	wei:ceng	adv.	nunca jamás
国外软件	guo:wai:ruan:jian	n.	software extranjero
企业集团	qi:ye:ji:tuan	n.	grupo empresarial
死刑	si:xing	n.	pena de muerte
在里面	zai:li:mian	adv.	dentro
曾任	ceng:ren	v.	antes ejercer
捐助	juan:zhu	v.	donar
蝶	die	n.	mariposa
利用率	li:yong:lv	n.	tasa de utilización
原子	yuan:zi	n.	átomo
打包	da:bao	v.	empaquetar
第二种	di:er:zhong	num.	el segundo tipo
手机号	shou:ji:hao	n.	número de móvil
隐隐	yin:yin	adv.	vagamente
飞快	fei:kuai	adj.	muy rápido
中队	zhong:dui	n.	compañía
商标注册	shang:biao:zhu:ce	n.	registro de marca
一个男人	yi:ge:nan:ren	n.	un hombre
祭	ji	v.	sacrificar
省会	sheng:hui	n.	capital provincial
生产许可证	sheng:chan:xu:ke:zheng	n.	licencia de producción
乒乓球	ping:pang:qiu	n.	ping-pong
返利	fan:li	n.	reembolso
松花	song:hua	n.	flor de pino
国际机票	guo:ji:ji:piao	n.	billete de avión internacional
出发点	chu:fa:dian	n.	punto de partida
孙子	sun:zi	n.	nieto
防静电	fang:jing:dian	adj.	antiestático
厨	chu	n.	cocina
进食	jin:shi	v.	comer
安全技术	an:quan:ji:shu	n.	tecnología de seguridad
连云港	lian:yun:gang	n.	Lianyungang
千方百计	qian:fang:bai:ji	adv.	por todos los medios
不方便	bu:fang:bian	adj.	poco práctico
上扬	shang:yang	v.	subir
中国社会	zhong:guo:she:hui	n.	la sociedad china
正品	zheng:pin	n.	producto auténtico
神圣	shen:sheng	adj.	sagrado
工程设计	gong:cheng:she:ji	n.	diseño de ingeniería
亲近	qin:jin	adj.	cercano
书签	shu:qian	n.	marcador
结界	jie:jie	n.	barrera
胁	xie	v.	amenazar
谅解	liang:jie	v.	comprender
前锋	qian:feng	n.	delantero
农家	nong:jia	n.	hogar campesino
活跃度	huo:yue:du	n.	nivel de actividad
阵容	zhen:rong	n.	alineación
新概念	xin:gai:nian	n.	nuevo concepto
粗糙	cu:cao	adj.	aspero
民办学校	min:ban:xue:xiao	n.	escuela privada
商务网	shang:wu:wang	n.	sitio de negocios
旺季	wang:ji	n.	temporada alta
小心翼翼	xiao:xin:yi:yi	adj.	muy cauteloso
璃	li	n.	fragmento de vidrio
卡尔	ka:er	n.	Carl
下岗	xia:gang	v.	quedar desempleado
朋	peng	n.	amigo
法术	fa:shu	n.	magia
支柱	zhi:zhu	n.	pilar
经济管理	jing:ji:guan:li	n.	gestión económica
劈	pi	v.	hender
赚	zhuan	v.	ganar
丛林	cong:lin	n.	selva
白银	bai:yin	n.	plata
锦	jin	n.	brocado
支持度	zhi:chi:du	n.	nivel de apoyo
自豪	zi:hao	adj.	orgulloso
郑重	zheng:zhong	adj.	solemne
紧接着	jin:jie:zhe	adv.	inmediatamente después
承载	cheng:zai	v.	transportar
遗失	yi:shi	v.	perder
尬	ga	adj.	incómodo
邮购	you:gou	v.	comprar por correo
尴	gan	adj.	avergonzado
九江	jiu:jiang	n.	Jiujiang
前去	qian:qu	v.	ir a
便秘	bian:mi	n.	estreñimiento
年终	nian:zhong	n.	fin de año
证明文件	zheng:ming:wen:jian	n.	documento justificativo
树叶	shu:ye	n.	hoja
代为	dai:wei	adv.	en nombre de
攻击力	gong:ji:li	n.	poder de ataque
液晶电视	ye:jing:dian:shi	n.	televisor LCD
高级管理人员	gao:ji:guan:li:ren:yuan	n.	directivo
绯闻	fei:wen	n.	escándalo
恭喜	gong:xi	v.	felicitar
前行	qian:xing	v.	avanzar
多用	duo:yong	v.	usar mucho
票房	piao:fang	n.	taquilla
大姐	da:jie	n.	hermana mayor
不料	bu:liao	conj.	inesperadamente
伤势	shang:shi	n.	estado de las heridas
重重	chong:chong	adj.	por capas
重重	zhong:zhong	adj.	numerosos
定律	ding:lv	n.	ley
干部职工	gan:bu:zhi:gong	n.	cuadros y empleados
乐于	le:yu	v.	gustar hacer
精神文明	jing:shen:wen:ming	n.	civilización espiritual
川菜	chuan:cai	n.	cocina de Sichuan
工作情况	gong:zuo:qing:kuang	n.	situación laboral
队友	dui:you	n.	compañero de equipo
熙	xi	adj.	brillante
曙光	shu:guang	n.	alba
个案	ge:an	n.	caso individual
寺	si	n.	templo
遥远的	yao:yuan:de	adj.	lejano
宾客	bin:ke	n.	invitado
传销	chuan:xiao	n.	venta piramidal
黄金甲	huang:jin:jia	n.	armadura dorada
父类	fu:lei	n.	clase padre
夺得	duo:de	v.	conquistar
精致的	jing:zhi:de	adj.	refinado
忧虑	you:lv	v.	preocuparse
利润率	li:run:lv	n.	margen de beneficio
攀升	pan:sheng	v.	escalar
休闲娱乐	xiu:xian:yu:le	n.	ocio y entretenimiento
取得联系	qu:de:lian:xi	v.	tomar contacto
加工厂	jia:gong:chang	n.	fábrica de procesamiento
保卫	bao:wei	v.	defender
飞机票	fei:ji:piao	n.	billete de avión
江山	jiang:shan	n.	territorio nacional
过量	guo:liang	adj.	excesivo
追问	zhui:wen	v.	preguntar insistentemente
树林	shu:lin	n.	bosco
升起	sheng:qi	v.	elevarse
杀菌	sha:jun	v.	töten
中长期	zhong:chang:qi	n.	medio y largo plazo
过剩	guo:sheng	adj.	excedente
进驻	jin:zhu	v.	ocupar
冷冻	leng:dong	v.	congelar
黑夜	hei:ye	n.	noche
昌	chang	adj.	próspero
国家利益	guo:jia:li:yi	n.	interes nacional
土耳其	tu:er:qi	n.	Turquía
系统工程	xi:tong:gong:cheng	n.	ingeniería de sistemas
超频	chao:pin	v.	hacer overclocking
航母	hang:mu	n.	portaaviones
编排	bian:pai	v.	arreglar
编排	bian:pai	n.	arreglo
短时间内	duan:shi:jian:nei	n.	en poco tiempo
社保	she:bao	n.	seguridad social
兼职	jian:zhi	n.	trabajo a tiempo parcial
兼职	jian:zhi	v.	trabajar a tiempo parcial
明清	ming:qing	n.	Ming y Qing
人品	ren:pin	n.	carácter
基层组织	ji:ceng:zu:zhi	n.	organización de base
全国性	quan:guo:xing	adj.	nacional
电话联系	dian:hua:lian:xi	v.	contactar por teléfono
平日	ping:ri	n.	día laborable
平日	ping:ri	adv.	habitualmente
特许	te:xu	n.	licencia especial
特许	te:xu	v.	autorizar especialmente
站立	zhan:li	v.	estar de pie
总资产	zong:zi:chan	n.	activo total
人造	ren:zao	adj.	artificial
早早	zao:zao	adv.	muy temprano
上传附件	shang:chuan:fu:jian	v.	subir un adjunto
自信心	zi:xin:xin	n.	confianza en sí mismo
管理经验	guan:li:jing:yan	n.	experiencia en gestión
个人主页	ge:ren:zhu:ye	n.	página personal
他妈	ta:ma	n.	su madre
他妈	ta:ma	int.	maldición!
上市日期	shang:shi:ri:qi	n.	fecha de cotización
贺	he	v.	felicitar
心境	xin:jing	n.	estado de ánimo
截止日期	jie:zhi:ri:qi	n.	fecha límite
真皮	zhen:pi	n.	piel auténtica
真皮	zhen:pi	n.	dermis
新开	xin:kai	v.	abrir recientemente
复旦大学	fu:dan:da:xue	n.	Universidad Fudan
名声	ming:sheng	n.	reputación
生前	sheng:qian	n.	en vida
巾	jin	n.	paño
非流通股	fei:liu:tong:gu	n.	acción no negociable
育人	yu:ren	v.	educar a las personas
大体	da:ti	adv.	en general
大体	da:ti	n.	líneas generales
尊贵	zun:gui	adj.	noble
长三角	chang:san:jiao	n.	delta del Yangtsé
过关	guo:guan	v.	pasar la prueba
灌溉	guan:gai	v.	regar
杯子	bei:zi	n.	vaso
新形势	xin:xing:shi	n.	nueva situación
涌现	yong:xian	v.	surgir en masa
信息港	xin:xi:gang	n.	puerto de información
寺院	si:yuan	n.	templo
工作机制	gong:zuo:ji:zhi	n.	mecanismo de trabajo
递增	di:zeng	v.	aumentar progresivamente
婚庆	hun:qing	n.	celebración de boda
变相	bian:xiang	adj.	encubierto
运动会	yun:dong:hui	n.	juegos deportivos
增减	zeng:jian	n.	aumento y disminución
创设	chuang:she	v.	crear
发展目标	fa:zhan:mu:biao	n.	objetivo de desarrollo
观摩	guan:mo	v.	observar y aprender
住户	zhu:hu	n.	hogar
包月	bao:yue	v.	suscripción mensual
卡死	ka:si	v.	congelarse
党校	dang:xiao	n.	escuela del partido
得罪	de:zui	v.	ofender
秦皇岛	qin:huang:dao	n.	Qinhuangdao
描	miao	v.	calcar
芙蓉	fu:rong	n.	hibisco
芙蓉	fu:rong	n.	loto
内存容量	nei:cun:rong:liang	n.	capacidad de memoria
中药材	zhong:yao:cai	n.	materiales medicinales chinos
被子	bei:zi	n.	edredón
短消息	duan:xiao:xi	n.	mensaje corto
当月	dang:yue	n.	mes en curso
防腐	fang:fu	v.	prevenir la corrosión
防腐	fang:fu	adj.	anticorrosivo
生活水平	sheng:huo:shui:ping	n.	nivel de vida
第三十七条	di:san:shi:qi:tiao	n.	artículo 37
工作报告	gong:zuo:bao:gao	n.	informe de trabajo
内饰	nei:shi	n.	interior
科长	ke:zhang	n.	jefe de sección
泡泡	pao:pao	n.	burbuja
草地	cao:di	n.	césped
进行调整	jin:xing:tiao:zheng	v.	ajustar
工商管理	gong:shang:guan:li	n.	administración de empresas
小鱼	xiao:yu	n.	pez pequeño
测验	ce:yan	n.	prueba
低下	di:xia	adj.	bajo
低下	di:xia	v.	rebajar
市场部	shi:chang:bu	n.	departamento de marketing
医药费	yi:yao:fei	n.	gastos médicos
嫂嫂	sao:sao	n.	cuñada
社会学	she:hui:xue	n.	sociología
搞定	gao:ding	v.	resolver
想办法	xiang:ban:fa	v.	buscar una solución
组织领导	zu:zhi:ling:dao	v.	organizar y dirigir
捕	bu	v.	capturar
张贴	zhang:tie	v.	pegar
广电	guang:dian	n.	radio y televisión
接收	jie:shou	v.	recibir
段落	duan:luo	n.	párrafo
降低成本	jiang:di:cheng:ben	v.	reducir costes
守则	shou:ze	n.	normas
书面通知	shu:mian:tong:zhi	n.	notificación escrita
第九章	di:jiu:zhang	n.	capítulo 9
市人大	shi:ren:da	n.	congreso popular municipal
个人简历	ge:ren:jian:li	n.	curriculum
课程改革	ke:cheng:gai:ge	n.	reforma curricular
病理	bing:li	n.	patología
很多时候	hen:duo:shi:hou	adv.	muchas veces
针织	zhen:zhi	v.	tejer
针织	zhen:zhi	adj.	de punto
抗议	kang:yi	v.	protestar
抗议	kang:yi	n.	protesta
老人家	lao:ren:jia	n.	anciano
瓷器	ci:qi	n.	porcelana
中国教育	zhong:guo:jiao:yu	n.	educación china
地方各级	di:fang:ge:ji	n.	niveles locales
万户	wan:hu	n.	10.000 hogares
狠抓	hen:zhua	v.	asir firmemente
健康成长	jian:kang:cheng:zhang	v.	crecer sano
行者	xing:zhe	n.	caminante
画廊	hua:lang	n.	galería
弄虚作假	nong:xu:zuo:jia	v.	engañar
工作计划	gong:zuo:ji:hua	n.	plan de trabajo
车厢	che:xiang	n.	vagón
有效时间	you:xiao:shi:jian	n.	tiempo válido
战友	zhan:you	n.	compañero de armas
教师资格	jiao:shi:zi:ge	n.	cualificación docense
来宾	lai:bin	n.	invitado
各区	ge:qu	n.	cada distrito
车轮	che:lun	n.	rueda
武昌	wu:chang	n.	Wuchang
设法	she:fa	v.	las rávagas
吸附	xi:fu	v.	adsorber
颈部	jing:bu	n.	cuello
政策性	zheng:ce:xing	n.	carácter político
协议书	xie:yi:shu	n.	convenio
额头	e:tou	n.	frente
会计报表	kuai:ji:bao:biao	n.	estados financieros
传染	chuan:ran	v.	contagiar
看清	kan:qing	v.	ver con claridad
药业有限公司	yao:ye:you:xian:gong:si	n.	sociedad farmacéutica
迈出	mai:chu	v.	dar un paso
报名参加	bao:ming:can:jia	v.	inscribirse para
挤压	ji:ya	v.	apretar
陈先生	chen:xian:sheng	n.	señor Chen
海带	hai:dai	n.	alga
折叠	zhe:die	v.	doblar
刑事	xing:shi	adj.	penal
朝向	chao:xiang	v.	dar a
年均	nian:jun	adv.	por año en promedio
违纪	wei:ji	v.	infringir la disciplina
血清	xue:qing	n.	suero
有偿	you:chang	adj.	remunerado
极力	ji:li	adv.	vigorosamente
迷人的	mi:ren:de	adj.	encantador
译文	yi:wen	n.	traducción
陵	ling	n.	mausoleo
新闻发布会	xin:wen:fa:bu:hui	n.	rueda de prensa
装有	zhuang:you	v.	estar equipado con
客服中心	ke:fu:zhong:xin	n.	centro de atención al cliente
发挥作用	fa:hui:zuo:yong	v.	desempeñar un papel
降温	jiang:wen	v.	enfriarse
到会	dao:hui	v.	asistir a la reunión
跟帖	gen:tie	n.	comentario
风筝	feng:zheng	n.	cometa
服务管理	fu:wu:guan:li	n.	gestión de servicios
造成损失	zao:cheng:sun:shi	v.	causar pérdidas
内含	nei:han	v.	contener
食欲	shi:yu	n.	apetito
骗取	pian:qu	v.	obtener fraudulentamente
身份证明	shen:fen:zheng:ming	n.	documento de identidad
咳	ke	v.	toser
寻觅	xun:mi	v.	buscar
有所了解	you:suo:liao:jie	v.	tener cierta idea
权证	quan:zheng	n.	certificado
总收入	zong:shou:ru	n.	ingresos totales
辅料	fu:liao	n.	material auxiliar
培训师	pei:xun:shi	n.	formador
奴隶	nu:li	n.	esclavo
点儿	dian:er	mw.	un poco
扇	shan	v.	abanar
仍旧	reng:jiu	adv.	todavía
下调	xia:diao	v.	rebajar
下调	xia:tiao	v.	rebajar
保鲜	bao:xian	v.	mantener fresco
虹	hong	n.	arcoíris
绵	mian	adj.	blando
登场	deng:chang	v.	salir a escena
专心	zhuan:xin	adj.	atento
科技发展	ke:ji:fa:zhan	n.	desarrollo tecnológico
撕	si	v.	rasgar
分数线	fen:shu:xian	n.	nota de corte
农行	nong:hang	n.	Banco Agrícola
光亮	guang:liang	n.	luz
光亮	guang:liang	adj.	brillante
听起来	ting:qi:lai	v.	sonar
全面贯彻	quan:mian:guan:che	v.	aplicar plenamente
巴基斯坦	ba:ji:si:tan	n.	Pakistán
成年人	cheng:nian:ren	n.	adulto
蔡	cai	n.	Cai
划定	hua:ding	v.	delimitar
思索	si:suo	v.	ponderar
高标准	gao:biao:zhun	n.	alto estándar
人事部门	ren:shi:bu:men	n.	departamento de personal
负面	fu:mian	adj.	negativo
加收	jia:shou	v.	cobrar un suplemento
屋子	wu:zi	n.	habitación
解码	jie:ma	v.	descodificar
心血	xin:xie	n.	esfuerzo
心血	xin:xue	n.	esfuerzo
催	cui	v.	apremiar
船上	chuan:shang	n.	a bordo
企业法人	qi:ye:fa:ren	n.	persona jurídica
苗木	miao:mu	n.	plántula
演练	yan:lian	v.	ejercitar
保险金	bao:xian:jin	n.	pago del seguro
数年	shu:nian	num.	varios años
全体员工	quan:ti:yuan:gong	n.	todo el personal
矿物	kuang:wu	n.	mineral
宠	chong	v.	mimar
思绪	si:xu	n.	corriente de pensamiento
思绪	si:xu	n.	pensamientos
教学工作	jiao:xue:gong:zuo	n.	trabajo docente
鼓舞	gu:wu	v.	animar
拨款	bo:kuan	v.	asignar fondos
贪	tan	adj.	avaro
水流	shui:liu	n.	corriente de agua
成才	cheng:cai	v.	llegar a ser útil
危及	wei:ji	v.	peligrear
独一无二	du:yi:wu:er	adj.	único
主义者	zhu:yi:zhe	n.	-ista
有毒	you:du	adj.	tóxico
艺术设计	yi:shu:she:ji	n.	arte y diseño
查验	cha:yan	v.	inspeccionar
植被	zhi:bei	n.	vegetación
凡事	fan:shi	n.	todas las cosas
同居	tong:ju	v.	cohabitar
有关人士	you:guan:ren:shi	n.	partes interesadas
质量保证	zhi:liang:bao:zheng	n.	aseguramiento de calidad
成像	cheng:xiang	v.	formar imagen
调查结果	diao:cha:jie:guo	n.	resultado de la investigación
综合利用	zong:he:li:yong	n.	aprovechamiento integral
修补	xiu:bu	v.	reparar
查杀	cha:sha	v.	detectar y eliminar
好感	hao:gan	n.	simpatía
辱	ru	v.	insultar
誓	shi	v.	jurar
死神	si:shen	n.	muerte
关键技术	guan:jian:ji:shu	n.	tecnología clave
盒	he	mw.	caja
草莓	cao:mei	n.	fresa
审计机关	shen:ji:ji:guan	n.	órgano de auditoría
生机	sheng:ji	n.	vitalidad
细细	xi:xi	adv.	detalladamente
静电	jing:dian	n.	electricidad estática
房门	fang:men	n.	puerta de habitación
高尚	gao:shang	adj.	noble
摸索	mo:suo	v.	palpar
麻醉	ma:zui	n.	anestesia
数据传输	shu:ju:chuan:shu	n.	transmisión de datos
儒家	ru:jia	n.	confucianismo
字体大小	zi:ti:da:xiao	n.	tamaño de fuente
五粮液	wu:liang:ye	n.	Wuliangye
居家	ju:jia	v.	quedarse en casa
格式化	ge:shi:hua	v.	formatear
热卖价	re:mai:jia	n.	precio de mayor venta
钱包	qian:bao	n.	cartera
初学者	chu:xue:zhe	n.	principiante
不免	bu:mian	adv.	inevitablemente
研究室	yan:jiu:shi	n.	sala de investigación
国税	guo:shui	n.	impuesto nacional
切忌	qie:ji	v.	evitar absolutamente
寸	cun	mw.	pulgada
电瓶	dian:ping	n.	batería
披	pi	v.	echar sobre los hombros
卫浴	wei:yu	n.	aseo
信封	xin:feng	n.	sobre
芬兰	fen:lan	n.	Finlandia
天性	tian:xing	n.	naturaleza
小姑娘	xiao:gu:niang	n.	niña pequeña
后天	hou:tian	n.	pasado mañana
后天	hou:tian	adj.	adquirido
赞助商	zan:zhu:shang	n.	patrocinador
党指挥枪	dang:zhi:hui:qiang	n.	el Partido manda sobre el fusil
消防安全	xiao:fang:an:quan	n.	seguridad contra incendios
心痛	xin:tong	adj.	dolido el corazón
搂	lou	v.	abrazar
饶	rao	v.	perdonar
饶	rao	v.	perdonar la vida
通行证	tong:xing:zheng	n.	pase
废水	fei:shui	n.	agua residual
考官	kao:guan	n.	examinador
支柱产业	zhi:zhu:chan:ye	n.	industria pilar
第二年	di:er:nian	n.	el año siguiente
免费电影	mian:fei:dian:ying	n.	película gratuita
制服	zhi:fu	n.	uniforme
制服	zhi:fu	v.	dominar
施展	shi:zhan	v.	desplegar
激励机制	ji:li:ji:zhi	n.	mecanismo de incentivos
使劲	shi:jin	v.	hacer esfuerzos
顺畅	shun:chang	adj.	fluido
中成药	zhong:cheng:yao	n.	medicina china preparada
损耗	sun:hao	n.	pérdida
损耗	sun:hao	v.	desgastarse
汇聚	hui:ju	v.	reunirse
在读	zai:du	v.	estar matriculado
跌	die	v.	caer
果汁	guo:zhi	n.	zumo
傻瓜	sha:gua	n.	tonto
文具	wen:ju	n.	papelería
货车	huo:che	n.	camión
散热器	san:re:qi	n.	radiador
电磁	dian:ci	n.	electromagnetismo
抽样	chou:yang	v.	muestrear
抽样	chou:yang	n.	muestreo
奖惩	jiang:cheng	n.	recompensas y castigos
攀登	pan:deng	v.	escalar
伤残	shang:can	n.	discapacidad
长虹	chang:hong	n.	Changhong
晚期	wan:qi	n.	fase avanzada
波兰	bo:lan	n.	Polonia
苦难	ku:nan	n.	sufrimiento
欠	qian	v.	deber
欣喜	xin:xi	adj.	alegre
近乎	jin:hu	v.	rozarse с
彼此的	bi:ci:de	pron.	recíproco
尖锐	jian:rui	adj.	agudo
理论研究	li:lun:yan:jiu	n.	investigación teórica
动词	dong:ci	n.	verbo
肌	ji	n.	músculo
旅游资源	lv:you:zi:yuan	n.	recursos turísticos
售	shou	v.	vender
背部	bei:bu	n.	espalda
石家庄市	shi:jia:zhuang:shi	n.	Shijiazhuang
陪伴	pei:ban	v.	acompañar
公积金	gong:ji:jin	n.	fondo de previsión
巡	xun	v.	patrullar
余地	yu:di	n.	margen
姐弟	jie:di	n.	hermana y hermano menor
技术力量	ji:shu:li:liang	n.	fuerza técnica
分类信息	fen:lei:xin:xi	n.	información clasificada
大蒜	da:suan	n.	ajo
行政区	xing:zheng:qu	n.	región administrativa
业务流程	ye:wu:liu:cheng	n.	proceso de negocio
相关链接	xiang:guan:lian:jie	n.	enlaces relacionados
推测	tui:ce	v.	inferir
推测	tui:ce	n.	conjetura
剧烈	ju:lie	adj.	violento
首位	shou:wei	n.	primer puesto
星期日	xing:qi:ri	n.	domingo
第三十八条	di:san:shi:ba:tiao	num.	artículo 38
所见	suo:jian	n.	lo que se ve
抑	yi	v.	supprimir
网络化	wang:luo:hua	n.	conversión en red
颜料	yan:liao	n.	pigmento
维基	wei:ji	n.	wiki
创新精神	chuang:xin:jing:shen	n.	espíritu innovador
工程施工	gong:cheng:shi:gong	n.	trabajos de construcción
妓女	ji:nv	n.	prostituta
宫廷	gong:ting	n.	corte (real)
特殊性	te:shu:xing	n.	particularidad
迷失	mi:shi	v.	perderse
威廉	wei:lian	n.	Guillermo
写字	xie:zi	v.	escribir
中国特色	zhong:guo:te:se	n.	particularidades chinas
纹	wen	n.	motivo
配额	pei:e	n.	cuota
特地	te:di	adv.	cordialmente
优秀人才	you:xiu:ren:cai	n.	talentos destacados
留住	liu:zhu	v.	retener
诗词	shi:ci	n.	poesía clásica
柔	rou	adj.	suave
自然人	zi:ran:ren	n.	persona física
口感	kou:gan	n.	textura en boca
上山	shang:shan	v.	subir la montaña
忌妒	ji:du	v.	tener envidia
失业保险	shi:ye:bao:xian	n.	seguro de desempleo
宏	hong	adj.	grand
政策措施	zheng:ce:cuo:shi	n.	medidas políticas
组织者	zu:zhi:zhe	n.	organizador
幼	you	adj.	joven
引人注目	yin:ren:zhu:mu	v.	llamar la atención
肤色	fu:se	n.	color de piel
射精	she:jing	v.	eyacular
出任	chu:ren	v.	asumir un cargo
学士	xue:shi	n.	bachiller
哎呀	ai:ya	int.	ay
家庭教育	jia:ting:jiao:yu	n.	educación familiar
萍	ping	n.	lenteja de agua
平台上	ping:tai:shang	n.	en la plataforma
驻	zhu	v.	estar destinado
会后	hui:hou	n.	después de la reunión
同胞	tong:bao	n.	conciudadano
计提	ji:ti	v.	constituir
军区	jun:qu	n.	región militar
收据	shou:ju	n.	recibo
亚太	ya:tai	n.	Asia-Pacífico
万分	wan:fen	adv.	extremadamente
地表	di:biao	n.	superficie terrestre
违法犯罪	wei:fa:fan:zui	n.	infracción ilegal
总价	zong:jia	n.	precio total
足迹	zu:ji	n.	huella
诈骗	zha:pian	v.	estafar
还给	hai:gei	v.	devolver
两手	liang:shou	n.	dos manos
两手	liang:shou	n.	dos métodos
非公有制	fei:gong:you:zhi	n.	propiedad no pública
丛	cong	n.	montón
掩饰	yan:shi	v.	encubrir
合伙	he:huo	v.	hacer sociedad
对比度	dui:bi:du	n.	contraste
毛孔	mao:kong	n.	poro
只怕	zhi:pa	conj.	temo que
按揭贷款	an:jie:dai:kuan	n.	hipoteca
元年	yuan:nian	n.	año primero
整理时间	zheng:li:shi:jian	n.	tiempo de organización
正确答案	zheng:que:da:an	n.	respuesta correcta
圣经	sheng:jing	n.	Biblia
高明	gao:ming	adj.	brillante
员工人数	yuan:gong:ren:shu	n.	número de empleados
口径	kou:jing	n.	calibre
口径	kou:jing	n.	criterio
播	bo	v.	emitir
特别版	te:bie:ban	n.	edición especial
学生会	xue:sheng:hui	n.	consejo estudiantil
女主角	nv:zhu:jue	n.	protagonista
爵士	jue:shi	n.	jazz
爵士	jue:shi	n.	caballero
火花	huo:hua	n.	chispa
基督教	ji:du:jiao	n.	cristianismo
俄	e	n.	Rusia
激起	ji:qi	v.	despertar
托运	tuo:yun	v.	facturar
刃	ren	n.	hoja
单调	dan:diao	adj.	monótono
黑人	hei:ren	n.	negro
请假	qing:jia	v.	pedir permiso
省钱	sheng:qian	v.	ahorrar dinero
原名	yuan:ming	n.	nombre original
矿物质	kuang:wu:zhi	n.	mineral
少年儿童	shao:nian:er:tong	n.	niños y adolescentes
招标投标	zhao:biao:tou:biao	n.	licitación
闹钟	nao:zhong	n.	despertador
准备好	zhun:bei:hao	v.	estar listo
违章	wei:zhang	v.	infringir el reglamento
缅甸	mian:dian	n.	Myanmar
处境	chu:jing	n.	situación
风俗	feng:su	n.	costumbre
技术参数	ji:shu:can:shu	n.	parámetros técnicos
想说	xiang:shuo	v.	querer decir
所述	suo:shu	adj.	dicho arriba
发烧	fa:shao	v.	tener fiebre
却无	que:wu	v.	pero no tener
光缆	guang:lan	n.	cable de fibra óptica
物种	wu:zhong	n.	especie
流动人口	liu:dong:ren:kou	n.	población flotante
乐曲	yue:qu	n.	pieza musical
再加强	zai:jia:qiang	v.	fortalecer aún más
防洪	fang:hong	v.	prevención de inundaciones
袜子	wa:zi	n.	calcetines
展品	zhan:pin	n.	exhibición
购物中心	gou:wu:zhong:xin	n.	centro comercial
就像是	jiu:xiang:shi	v.	ser como
并已	bing:yi	adv.	y ya
也难	ye:nan	adj.	también difícil
国内企业	guo:nei:qi:ye	n.	empresa nacional
几分钟	ji:fen:zhong	n.	unos minutos
平整	ping:zheng	adj.	plano
向来	xiang:lai	adv.	siempre
此地	ci:di	n.	este lugar
新时代	xin:shi:dai	n.	nueva era
此案	ci:an	n.	este caso
蕾	lei	n.	botón floral
造纸	zao:zhi	v.	fabricar papel
填入	tian:ru	v.	rellenar
握手	wo:shou	v.	darse la mano
灯泡	deng:pao	n.	bombilla
编织	bian:zhi	v.	tejer
某一个	mou:yi:ge	pron.	uno cierto
民意	min:yi	n.	opinión pública
一路上	yi:lu:shang	v.	todo el camino
羽毛	yu:mao	n.	pluma
自觉遵守	zi:jue:zun:shou	v.	cumplir conscientemente
直觉	zhi:jue	n.	intuición
始于	shi:yu	v.	empezar por
阻挡	zu:dang	v.	bloquear
挨	ai	v.	soportar
别说	bie:shuo	v.	no digas
合格后	he:ge:hou	adv.	después de la aprobación
经济损失	jing:ji:sun:shi	n.	pérdida económica
元帅	yuan:shuai	n.	mariscal
主权	zhu:quan	n.	soberanía
全线	quan:xian	n.	toda la línea
用词	yong:ci	n.	expresión
前夕	qian:xi	n.	víspera
海淀	hai:dian	n.	Haidian
兰花	lan:hua	n.	orquídea
仲	zhong	n.	medio
木头	mu:tou	n.	madera
明细	ming:xi	n.	detalles
迈	mai	v.	dar un paso
营业额	ying:ye:e	n.	volumen de negocio
装卸	zhuang:xie	v.	carga y descarga
将此	jiang:ci	v.	tomar esto
到场	dao:chang	v.	estar presente
可知	ke:zhi	v.	visible de voir
仲裁委员会	zhong:cai:wei:yuan:hui	n.	comité de arbitraje
少爷	shao:ye	n.	joven amo
学习成绩	xue:xi:cheng:ji	n.	rendimiento académico
比利时	bi:li:shi	n.	Bélgica
纯正	chun:zheng	adj.	puro
下山	xia:shan	v.	bajar la montaña
入户	ru:hu	v.	visitar hogares
水量	shui:liang	n.	volumen de agua
使用费	shi:yong:fei	n.	tarifa de uso
青蛙	qing:wa	n.	rana
试驾	shi:jia	v.	probar
发现问题	fa:xian:wen:ti	v.	descubrir problemas
无毒	wu:du	adj.	no tóxico
做完	zuo:wan	v.	terminar hacer
仇恨	chou:hen	n.	odio
专家们	zhuan:jia:men	n.	expertos
多线程	duo:xian:cheng	n.	multihilo
开朗	kai:lang	adj.	alegre
违	wei	v.	violar
双脚	shuang:jiao	n.	ambos pies
无意中	wu:yi:zhong	adv.	involuntariamente
磁带	ci:dai	n.	cinta magnética
固定电话	gu:ding:dian:hua	n.	teléfono fijo
罗湖区	luo:hu:qu	n.	distrito de Luohu
吵架	chao:jia	v.	discutir
这几个	zhe:ji:ge	pron.	estos pocos
订房	ding:fang	v.	reservar habitación
辩	bian	v.	debater
一刀	yi:dao	n.	un tajo
找回	zhao:hui	v.	recuperar
埃	ai	n.	angstrom
增设	zeng:she	v.	añadir
狭窄	xia:zhai	adj.	estrecho
婚姻状况	hun:yin:zhuang:kuang	n.	estado civil
果断	guo:duan	adj.	decidido
泛滥	fan:lan	v.	desbordarse
对联	dui:lian	n.	dístico
怎么做	zen:me:zuo	v.	cómo hacer
客观的	ke:guan:de	adj.	objetivo
本色	ben:se	n.	naturaleza verdadera
献给	xian:gei	v.	dedicar
增加值	zeng:jia:zhi	n.	valor añadido
化合物	hua:he:wu	n.	compuesto
自然界	zi:ran:jie	n.	mundo natural
保洁	bao:jie	v.	limpiar
背叛	bei:pan	v.	traicionar
嘲笑	chao:xiao	v.	burlarse de
嘲笑	chao:xiao	n.	burla
高管	gao:guan	n.	ejecutivo
写信	xie:xin	v.	escribir una carta
在场	zai:chang	adj.	presente
一个星期	yi:ge:xing:qi	num.	una semana
诊治	zhen:zhi	v.	diagnosticar y tratar
试看	shi:kan	v.	intentar ver
研究工作	yan:jiu:gong:zuo	n.	trabajo de investigación
依赖于	yi:lai:yu	v.	depender de
举例	ju:li	v.	dar un ejemplo
并列	bing:lie	v.	estar en paralelo
发病率	fa:bing:lv	n.	tasa de incidencia
名列	ming:lie	v.	figurar en la lista
容积	rong:ji	n.	capacidad, volumen
东风日产	dong:feng:ri:chan	n.	Dongfeng Nissan
最常	zui:chang	adv.	más frecuentemente
艘	sou	mw.	barco (clasificador)
可以帮助	ke:yi:bang:zhu	v.	poder ayudar
秀才	xiu:cai	n.	erudito
躲避	duo:bi	v.	evadir, evitar
干嘛	gan:ma	pron.	para qué, por qué
停靠站	ting:kao:zhan	n.	parada, estación
方方面面	fang:fang:mian:mian	n.	todos los aspectos
私营	si:ying	adj.	privado
知情	zhi:qing	v.	estar al tanto
天子	tian:zi	n.	emperador
婚后	hun:hou	n.	después del matrimonio
探测器	tan:ce:qi	n.	detector, sonda
比分	bi:fen	n.	marcador, puntuación
踏上	ta:shang	v.	pisar, embarcar
琪	qi	n.	Qi (nombre)
进取	jin:qu	v.	ser emprendedor
可得	ke:de	part.	poder obtener
可得	ke:dei	v.	poder obtener
通讯录	tong:xun:lu	n.	agenda, libreta de direcciones
大中型	da:zhong:xing	adj.	grande y mediana
默默地	mo:mo:de	adv.	silenciosamente
各家	ge:jia	n.	cada familia
灾	zai	n.	desastre
储量	chu:liang	n.	reserva
简约	jian:yue	adj.	sencillo
列举	lie:ju	v.	enumerar
冒充	mao:chong	v.	suplantar
僧	seng	n.	monje
持平	chi:ping	v.	empatar
丰满	feng:man	adj.	voluptuoso
认真落实	ren:zhen:luo:shi	v.	implementar seriamente
专场	zhuan:chang	n.	sesión especial
渡	du	v.	cruzar
多宝	duo:bao	n.	Duobao
中国人民大学	zhong:guo:ren:min:da:xue	n.	Universidad Renmin de China
此为	ci:wei	conj.	esto es
参考文献	can:kao:wen:xian	n.	referencias
还记得	hai:ji:de	v.	recordar
谋求	mou:qiu	v.	buscar
相伴	xiang:ban	v.	acompañar
也成	ye:cheng	adv.	también vale
入围	ru:wei	v.	clasificar
舍不得	she:bu:de	v.	no querer dejar
爱国主义	ai:guo:zhu:yi	n.	patriotismo
避孕	bi:yun	v.	contracepción
支票	zhi:piao	n.	cheque
一半	yi:ban	num.	mitad
下令	xia:ling	v.	ordenar
阳性	yang:xing	adj.	positivo
负面影响	fu:mian:ying:xiang	n.	impacto negativo
话费	hua:fei	n.	gastos de teléfono
卑	bei	adj.	bajo
安宁	an:ning	adj.	pacífico
每小时	mei:xiao:shi	num.	por hora
前言	qian:yan	n.	prefacio
设计院	she:ji:yuan	n.	instituto de diseño
恰好	qia:hao	adv.	casualmente
第一届	di:yi:jie	num.	primera sesión
教育学	jiao:yu:xue	n.	pedagogía
抓	zhua	v.	agarrar
伴奏	ban:zou	v.	acompañar
动植物	dong:zhi:wu	n.	flora y fauna
面具	mian:ju	n.	máscara
爸爸妈妈	ba:ba:ma:ma	n.	padres
前不久	qian:bu:jiu	adv.	hace poco tiempo
雕	diao	v.	tallar
珍贵的	zhen:gui:de	adj.	precioso
提单	ti:dan	n.	conocimiento
领悟	ling:wu	v.	comprender, entender
就餐	jiu:can	v.	cenar, comer
婴幼儿	ying:you:er	n.	lactante y niño pequeño
白的	bai:de	adj.	blanco
车手	che:shou	n.	piloto, conductor
鼠	shu	n.	rata, ratón
封锁	feng:suo	v.	bloquear, cercar
华山	hua:shan	n.	Monte Huashan
每平方米	mei:ping:fang:mi	mw.	por metro cuadrado
遵纪守法	zun:ji:shou:fa	v.	respetar las leyes y normas
资源共享	zi:yuan:gong:xiang	n.	compartir recursos
看一下	kan:yi:xia	v.	echar un vistazo
无边	wu:bian	adj.	infinito, sin límites
理论上	li:lun:shang	adv.	teóricamente
最深	zui:shen	adj.	más profundo
牧师	mu:shi	n.	pastor, sacerdote
讯	xun	n.	noticia, información
工作年限	gong:zuo:nian:xian	n.	años de experiencia
好像是	hao:xiang:shi	v.	parece ser
揭露	jie:lu	v.	revelar, denunciar
沉思	chen:si	v.	meditar, reflexionar
组织结构	zu:zhi:jie:gou	n.	estructura organizacional
安全事故	an:quan:shi:gu	n.	accidente de seguridad
代表性	dai:biao:xing	n.	representatividad
二房	er:fang	n.	concubina
兵团	bing:tuan	n.	cuerpo
常州市	chang:zhou:shi	n.	ciudad de Changzhou
笑脸	xiao:lian	n.	cara sonriente
评判	ping:pan	v.	juzgar
评判	ping:pan	n.	juicio
全称	quan:cheng	n.	nombre completo
堕落	duo:luo	v.	degenerar
堕落	duo:luo	adj.	depravado
无公害	wu:gong:hai	adj.	no contaminante
辣	la	adj.	picante
顺应	shun:ying	v.	adaptarse a
放映	fang:ying	v.	proyectar
科技园	ke:ji:yuan	n.	parque tecnológico
三条	san:tiao	num.	3 tiras
增值服务	zeng:zhi:fu:wu	n.	servicio de valor añadido
海滨	hai:bin	n.	costa
狂热	kuang:re	adj.	fanático
狂热	kuang:re	n.	fanatismo
女王	nv:wang	n.	reina
该书	gai:shu	n.	este libro
单曲	dan:qu	n.	sencillo
勃起	bo:qi	v.	erección
自私	zi:si	adj.	egoísta
体育场	ti:yu:chang	n.	estadio
相关政策	xiang:guan:zheng:ce	n.	políticas relacionadas
刷	shua	v.	cepillar
刷	shua	v.	deslizar
行政审批	xing:zheng:shen:pi	n.	aprobación administrativa
漫步	man:bu	v.	pasear
老外	lao:wai	n.	extranjero
牛仔裤	niu:zai:ku	n.	vaqueros
山谷	shan:gu	n.	valle
记者采访	ji:zhe:cai:fang	n.	entrevista periodística
言行	yan:xing	n.	palabras y actos
防控	fang:kong	v.	prevención y control
改革委	gai:ge:wei	n.	comisión de reforma
范本	fan:ben	n.	modelo
治病	zhi:bing	v.	curar
大多数人	da:duo:shu:ren	n.	la mayoría de la gente
热卖	re:mai	v.	vender bien
百分比	bai:fen:bi	n.	porcentaje
踏实	ta:shi	adj.	estable
踏实	ta:shi	v.	sentirse tranquilo
师范	shi:fan	n.	escuela normal
业主委员会	ye:zhu:wei:yuan:hui	n.	comité de propietarios
一如既往	yi:ru:ji:wang	adv.	como siempre
高举	gao:ju	v.	alzar en alto
低微	di:wei	adj.	humilde
一碗	yi:wan	num.	un tazón
可视	ke:shi	adj.	visible
侵入	qin:ru	v.	invadir
抱歉	bao:qian	v.	disculparse
艰	jian	adj.	difícil
取向	qu:xiang	n.	orientación
十六大	shi:liu:da	n.	16. congreso
创伤	chuang:shang	n.	trauma
扩大了	kuo:da:le	v.	expandir
看望	kan:wang	v.	visitar
彰显	zhang:xian	v.	resaltar
斥	chi	v.	reprender
切身利益	qie:shen:li:yi	n.	interés personal
时长	shi:chang	n.	duración
最关键	zui:guan:jian	adj.	más crítico
第五届	di:wu:jie	num.	5. sesión
形体	xing:ti	n.	forma del cuerpo
遗漏	yi:lou	v.	omitir
遗漏	yi:lou	n.	omisión
下毒	xia:du	v.	envenenar
理会	li:hui	v.	comprender
理会	li:hui	v.	prestar atención
示意	shi:yi	v.	hacer una señal
受害者	shou:hai:zhe	n.	víctima
销售量	xiao:shou:liang	n.	volumen de ventas
造林	zao:lin	v.	reforestar
革新	ge:xin	v.	innovar
革新	ge:xin	n.	innovación
全文检索	quan:wen:jian:suo	n.	búsqueda de texto completo
所在区域	suo:zai:qu:yu	n.	zona donde se encuentra
裙	qun	n.	falda
改版	gai:ban	v.	reformatear
新郎	xin:lang	n.	novio
碎片	sui:pian	n.	fragmento
翠	cui	adj.	esmeralda
间距	jian:ju	n.	espaciado
心事	xin:shi	n.	preocupación
之二	zhi:er	num.	2 de 2
专利技术	zhuan:li:ji:shu	n.	tecnología patentada
饱	bao	adj.	lleno
饱	bao	v.	saciar
解决办法	jie:jue:ban:fa	n.	solución
退税	tui:shui	n.	devolución de impuestos
叫人	jiao:ren	v.	hacer (alguien)
流向	liu:xiang	n.	dirección de flujo
流向	liu:xiang	v.	fluir hacia
净资产	jing:zi:chan	n.	activos netos
千米	qian:mi	n.	kilómetro
手脚	shou:jiao	n.	extremidades
手脚	shou:jiao	n.	destreza
水温	shui:wen	n.	temperatura del agua
读过	du:guo	v.	haber leído
相见	xiang:jian	v.	encontrarse
掠	lve	v.	rozarr
当面	dang:mian	adv.	cara a cara
合影	he:ying	v.	tomar una foto de grupo
通通	tong:tong	adv.	completamente, todo
宠物资料	chong:wu:zi:liao	n.	información de mascotas
讽刺	feng:ci	v.	satirizar, burlarse
讽刺	feng:ci	n.	sátira, ironía
旧的	jiu:de	adj.	viejo, antiguo
宣传工作	xuan:chuan:gong:zuo	n.	labor de divulgación
主打	zhu:da	v.	promocionar, destacar
人影	ren:ying	n.	figura humana, silueta
私下	si:xia	adv.	en privado, secretamente
自然灾害	zi:ran:zai:hai	n.	desastre natural
案例分析	an:li:fen:xi	n.	análisis de casos
询	xun	v.	preguntar, consultar
中英文	zhong:ying:wen	n.	chino e inglese
数千	shu:qian	num.	miles de
科学化	ke:xue:hua	v.	cientificizar
魔术	mo:shu	n.	magia, truco de magia
勃	bo	v.	brotar, surgir, florecer
一角	yi:jiao	n.	diez centavos
人类社会	ren:lei:she:hui	n.	sociedad humana
我军	wo:jun	n.	nuestro ejército
蓄电池	xu:dian:chi	n.	acumulador
夕	xi	n.	tarde
上市时间	shang:shi:shi:jian	n.	hora de lanzamiento
不只是	bu:zhi:shi	adv.	no solo
密切的	mi:qie:de	adj.	estrecho
还提供	hai:ti:gong	v.	también proporcionar
起初	qi:chu	n.	al principio
坚硬	jian:ying	adj.	duro
矮	ai	adj.	bajo, bajo
访问次数	fang:wen:ci:shu	n.	número de visitas
好帖	hao:tie	n.	bu publicación
握住	wo:zhu	v.	sujetar, agarrar
开封	kai:feng	n.	Kaifeng
日月	ri:yue	n.	sol y luna
日月	ri:yue	n.	días y meses
注册登记	zhu:ce:deng:ji	n.	registro
瑶	yao	n.	jade precioso
门类	men:lei	n.	categoría, clase
头疼	tou:teng	v.	tener dolor de cabeza
防线	fang:xian	n.	línea de defensa
经济实力	jing:ji:shi:li	n.	potencia económica
照相	zhao:xiang	v.	tomar una foto
安利	an:li	n.	Amway
注册号	zhu:ce:hao	n.	número de registro
集群	ji:qun	n.	clúster
传闻	chuan:wen	n.	rumor
传闻	chuan:wen	v.	rumorear
按揭	an:jie	v.	pagar a plazos
技术改造	ji:shu:gai:zao	n.	transformación técnica
一趟	yi:tang	mw.	un viaje
多发	duo:fa	v.	ocurrir con frecuencia
院内	yuan:nei	n.	dentro del hospital
赐	ci	v.	conceder
软件介绍	ruan:jian:jie:shao	n.	presentación de software
潍坊	wei:fang	n.	Weifang
承租人	cheng:zu:ren	n.	arrendatario
捏	nie	v.	pellizcar
劳动争议	lao:dong:zheng:yi	n.	disputa laboral
嫁给	jia:gei	v.	casarse con
构图	gou:tu	n.	composición
打交道	da:jiao:dao	v.	tratar con
游玩	you:wan	v.	jugar, viajar
东城区	dong:cheng:qu	n.	distrito de Dongcheng
京剧	jing:ju	n.	ópera de Pekín
飞船	fei:chuan	n.	nave espacial
美容院	mei:rong:yuan	n.	salón de belleza
各级领导	ge:ji:ling:dao	n.	líderes de todos los niveles
各专业	ge:zhuan:ye	n.	cada profesión
青铜	qing:tong	n.	bronce
围着	wei:zhe	v.	rodear, circundar
反垄断法	fan:long:duan:fa	n.	ley antimonopolio
油田	you:tian	n.	campo petrolífero
重要的是	zhong:yao:de:shi	conj.	lo importante es que
提炼	ti:lian	v.	refinar, extraer
姚	yao	n.	Yao
不小	bu:xiao	adj.	no pequeño, grande
该行	gai:hang	n.	este sector, este banco
互补	hu:bu	v.	complementarse
瑟	se	n.	sé
这个名字	zhe:ge:ming:zi	n.	este nombre
华盛顿	hua:sheng:dun	n.	Washington
就和	jiu:he	conj.	justo con
考试科目	kao:shi:ke:mu	n.	asignaturas de examen
工程造价	gong:cheng:zao:jia	n.	coste de ingeniería
白金	bai:jin	n.	platino
超前	chao:qian	adj.	adelantado, avanzado
耗费	hao:fei	v.	consumir, gastar
迎来	ying:lai	v.	dar bienvenida
宽阔	kuan:kuo	adj.	ancho, amplio
盛行	sheng:xing	v.	prevalecer, estar de moda
底线	di:xian	n.	línea de fondo, límite
防晒	fang:shai	v.	protección solar
冒出	mao:chu	v.	emerger, surgir
来人	lai:ren	n.	visitante
勘查	kan:cha	v.	explorar, inspeccionar
山峰	shan:feng	n.	pico, cumbre
反动	fan:dong	adj.	reaccionario
交接	jiao:jie	v.	entregar
任职资格	ren:zhi:zi:ge	n.	cualificaciones
干旱	gan:han	n.	sequía
为您服务	wei:nin:fu:wu	v.	servirle
越野	yue:ye	v.	hacer todoterreno
图中	tu:zhong	n.	en la imagen
申请者	shen:qing:zhe	n.	solicitante
放手	fang:shou	v.	soltar
金鹰	jin:ying	n.	águila real
感人	gan:ren	adj.	conmovedor
作曲	zuo:qu	v.	componer
机理	ji:li	n.	mecanismo
读写	du:xie	n.	lectura y escritura
合同法	he:tong:fa	n.	derecho de contratos
要你	yao:ni	v.	quererte
不失	bu:shi	v.	no perder
会做	hui:zuo	v.	saber hacer
民政	min:zheng	n.	asuntos civiles
车道	che:dao	n.	carril
渴	ke	adj.	sediento
现实中	xian:shi:zhong	n.	en la realidad
完后	wan:hou	n.	después de terminar
人流	ren:liu	n.	flujo de personas
铺设	pu:she	v.	tender
证券法	zheng:quan:fa	n.	derecho de valores
谅	liang	v.	perdonar
鱿鱼	you:yu	n.	calamar
不同类型	bu:tong:lei:xing	n.	tipo diferente
快去	kuai:qu	v.	ir rápido
昂	ang	v.	levantar
山药	shan:yao	n.	ñame
热销	re:xiao	v.	venderse bien
该县	gai:xian	n.	este condado
诊所	zhen:suo	n.	clínica
王某	wang:mou	n.	un tal Sr. Wang
说出来	shuo:chu:lai	v.	decir
透视	tou:shi	v.	perspectiva
已经有了	yi:jing:you:le	v.	ya tener
串	chuan	mw.	brocheta
串	chuan	n.	cordel
更重要的	geng:zhong:yao:de	adj.	más importante
总代理	zong:dai:li	n.	agente general
张力	zhang:li	n.	tensión
宝宝的	bao:bao:de	n.	del bebé
旗下的	qi:xia:de	adj.	bajo la bandera de
部分地区	bu:fen:di:qu	n.	partes de la región
几年前	ji:nian:qian	n.	hace unos años
宁愿	ning:yuan	v.	preferir
也还	ye:hai	adv.	todavía también
跟进	gen:jin	v.	dar seguimiento
网站首页	wang:zhan:shou:ye	n.	página de inicio
议题	yi:ti	n.	tema
国家队	guo:jia:dui	n.	equipo nacional
化疗	hua:liao	n.	quimioterapia
医保	yi:bao	n.	seguro médico
急剧	ji:ju	adj.	brusco
实施意见	shi:shi:yi:jian	n.	opiniones de implementación
沟	gou	n.	zanja
原产地	yuan:chan:di	n.	lugar de origen
一小时	yi:xiao:shi	num.	1 hora
港台	gang:tai	n.	Hong Kong y Taiwán
杰出	jie:chu	adj.	sobresaliente
放出	fang:chu	v.	liberar
三包	san:bao	n.	tres garantías
动脉	dong:mai	n.	arteria
生活质量	sheng:huo:zhi:liang	n.	calidad de vida
谈起	tan:qi	v.	hablar de
咨询公司	zi:xun:gong:si	n.	empresa de consultoría
证监会	zheng:jian:hui	n.	regulador de valores
分量	fen:liang	n.	peso
天文	tian:wen	n.	astronomía
司法行政	si:fa:xing:zheng	n.	administración judicial
涉	she	v.	involucrar
总要	zong:yao	adv.	debe, tener que
疯了	feng:le	adj.	loco
一瞬间	yi:shun:jian	n.	instante
回味	hui:wei	v.	saborear
回味	hui:wei	n.	regusto
变异	bian:yi	v.	mutar
变异	bian:yi	n.	mutación
箱子	xiang:zi	n.	caja
笔录	bi:lu	n.	acta
智商	zhi:shang	n.	CI
诱导	you:dao	v.	inducir
切勿	qie:wu	v.	no deber
突出重点	tu:chu:zhong:dian	v.	resaltar puntos clave
迎合	ying:he	v.	complacer
八荣八耻	ba:rong:ba:chi	n.	ocho honores y ocho vergüenzas
咕	gu	onom.	gorjear
聚乙烯	ju:yi:xi	n.	polietileno
醒醒	xing:xing	v.	despertarse
驶	shi	v.	conducir
第三十九条	di:san:shi:jiu:tiao	num.	artículo 39
解决好	jie:jue:hao	v.	resolver bien
星球	xing:qiu	n.	planeta
增生	zeng:sheng	v.	hipertrofiar
增生	zeng:sheng	n.	hipertrofia
摄	she	v.	tomar
海盗	hai:dao	n.	pirata
往下	wang:xia	adv.	hacia abajo
增产	zeng:chan	v.	aumentar la producción
餐饮业	can:yin:ye	n.	sector de restauración
纯真	chun:zhen	adj.	inocente
工作作风	gong:zuo:zuo:feng	n.	estilo de trabajo
统一管理	tong:yi:guan:li	v.	gestión unificada
券商	quan:shang	n.	corredor de bolsa
太湖	tai:hu	n.	lago Taihu
面对面	mian:dui:mian	adj.	cara a cara
上空	shang:kong	n.	cielo
梦里	meng:li	n.	en un sueño
逃跑	tao:pao	v.	escapar
配音	pei:yin	v.	doblar
一票	yi:piao	num.	un voto
多样性	duo:yang:xing	n.	diversidad
西城区	xi:cheng:qu	n.	distrito de Xicheng
巨额	ju:e	adj.	monto enorme
接种	jie:zhong	v.	vacunar
免疫力	mian:yi:li	n.	inmunidad
贫	pin	adj.	pobre
参谋	can:mou	n.	oficial de estado mayor
飞碟	fei:die	n.	platillo volante
不负	bu:fu	v.	no defraudar
任教	ren:jiao	v.	enseñar
就医	jiu:yi	v.	ir al médico
一节	yi:jie	num.	una sección
城镇居民	cheng:zhen:ju:min	n.	residente urbano
平静的	ping:jing:de	adj.	calmo
内科	nei:ke	n.	medicina interna
浮现	fu:xian	v.	aparecer
之风	zhi:feng	n.	estilo, viento, tendencia
国家旅游局	guo:jia:lv:you:ju	n.	Oficina Nacional de Turismo
精油	jing:you	n.	aceite esencial
浓浓	nong:nong	adj.	espeso, fuerte
全面落实	quan:mian:luo:shi	v.	implementar plenamente
盘中	pan:zhong	prep.	en el plato
稳健	wen:jian	adj.	estable, prudente
边框	bian:kuang	n.	marco, borde
吃完	chi:wan	v.	terminar de comer
阅读全文	yue:du:quan:wen	v.	leer el texto completo
好几	hao:ji	num.	varios, algunos
美容美发	mei:rong:mei:fa	n.	belleza y peluquería
流氓软件	liu:mang:ruan:jian	n.	software malicioso
扫描仪	sao:miao:yi	n.	escáner
辕	yuan	n.	yugo, eje
渤海	bo:hai	n.	Mar de Bohai
拖拉机	tuo:la:ji	n.	tractor
一致性	yi:zhi:xing	n.	consistencia, uniformidad
丰胸	feng:xiong	v.	aumento de pecho
文化交流	wen:hua:jiao:liu	n.	intercambio cultural
卷烟	juan:yan	n.	cigarrillo
采样	cai:yang	v.	muestreo
新奇	xin:qi	adj.	novedoso
放宽	fang:kuan	v.	relajar, flexibilizar
可获得	ke:huo:de	v.	obtenible
世界经济	shi:jie:jing:ji	n.	economía mundial
也许会	ye:xu:hui	adv.	tal vez
食品有限公司	shi:pin:you:xian:gong:si	n.	sociedad alimentaria limitada
溶解	rong:jie	v.	disolver
生产厂商	sheng:chan:chang:shang	n.	fabricante
婉	wan	adj.	gentil, suave
下雨	xia:yu	v.	llover
营业时间	ying:ye:shi:jian	n.	horario comercial
几级	ji:ji	num.	cuántos niveles
细微	xi:wei	adj.	sutil, minúsculo
出卖	chu:mai	v.	traicionar, vender
假冒	jia:mao	v.	falsificar, suplantar
冰川	bing:chuan	n.	glaciar
西宁	xi:ning	n.	Xining
意为	yi:wei	v.	significar
细小	xi:xiao	adj.	pequeño
中央空调	zhong:yang:kong:tiao	n.	aire acondicionado central
昆虫	kun:chong	n.	insecto
越过	yue:guo	v.	cruzar
绚丽	xuan:li	adj.	magnífico
乞丐	qi:gai	n.	mendigo
成败	cheng:bai	n.	éxito o fracaso
相约	xiang:yue	v.	quedar
徒弟	tu:di	n.	aprendiz
终究	zhong:jiu	adv.	al final
分层	fen:ceng	v.	estratificar
档案管理	dang:an:guan:li	n.	gestión de archivos
救治	jiu:zhi	v.	tratar
自主知识产权	zi:zhu:zhi:shi:chan:quan	n.	propiedad intelectual propia
挤出	ji:chu	v.	exprimir
深沉	shen:chen	adj.	profundo
自治县	zi:zhi:xian	n.	condado autónomo
一曲	yi:qu	mw.	una pieza musical
质量标准	zhi:liang:biao:zhun	n.	estándar de calidad
身形	shen:xing	n.	forma del cuerpo
上行	shang:xing	v.	ascender
正要	zheng:yao	adv.	estar a punto de
自然资源	zi:ran:zi:yuan	n.	recursos naturales
备受	bei:shou	v.	sufrir, recibir
平板	ping:ban	adj.	plano, tableta
厌恶	yan:wu	v.	detestar
水利工程	shui:li:gong:cheng	n.	obra hidráulica
气愤	qi:fen	adj.	indignado
请务必	qing:wu:bi	adv.	por favor, asegúrese de
泉州市	quan:zhou:shi	n.	ciudad de Quanzhou
再上	zai:shang	v.	subir de nuevo
首个	shou:ge	adj.	primer
鹏	peng	n.	peng (ave mitológica)
无误	wu:wu	adj.	sin error
姜	jiang	n.	jengibre
大爷	da:ye	n.	tío, señor
社会环境	she:hui:huan:jing	n.	entorno social
九寨沟	jiu:zhai:gou	n.	Jiuzhaigou
扭转	niu:zhuan	v.	dar vuelta
散布	san:bu	v.	esparcir
文化艺术	wen:hua:yi:shu	n.	cultura y arte
重在	zhong:zai	v.	centrarse en
盒子	he:zi	n.	caja
十几个	shi:ji:ge	num.	die zehn (plus)
但愿	dan:yuan	v.	desear
教务处	jiao:wu:chu	n.	oficina académica
妈的	ma:de	int.	maldita sea
碍	ai	v.	obstaculizar
动物园	dong:wu:yuan	n.	zoo
中国证监会	zhong:guo:zheng:jian:hui	n.	CSRC
荷	he	n.	loto
代表作	dai:biao:zuo	n.	obra maestra
枕头	zhen:tou	n.	almohada
公司债券	gong:si:zhai:quan	n.	bono corporativo
港澳	gang:ao	n.	Hong Kong y Macao
管理委员会	guan:li:wei:yuan:hui	n.	comité de gestión
极高的	ji:gao:de	adj.	extrem alto
沿线	yan:xian	n.	a lo largo de la línea
查出	cha:chu	v.	descubrir
冠	guan	n.	corona
冠	guan	v.	ganar
最低价	zui:di:jia	n.	precio más bajo
也不过	ye:bu:guo	adv.	no es más que
魅	mei	v.	encantar
彻底的	che:di:de	adj.	completo
曲目	qu:mu	n.	programa, repertorio
拘役	ju:yi	n.	prisión
飞行员	fei:xing:yuan	n.	piloto
年报	nian:bao	n.	informe anual
玫	mei	n.	rosa
可随时	ke:sui:shi	adv.	puede en cualquier momento
最受欢迎	zui:shou:huan:ying	adj.	más popular
裁	cai	v.	cortar, confeccionar
突破口	tu:po:kou	n.	punto de ruptura
成员国	cheng:yuan:guo	n.	Estado miembro
身心健康	shen:xin:jian:kang	n.	salud física y mental
吃得	chi:de	v.	poder comer
等待着	deng:dai:zhe	v.	esperando
第二批	di:er:pi	n.	segundo lote
相对应	xiang:dui:ying	v.	corresponder
超薄	chao:bao	adj.	ultrafino
侵犯到	qin:fan:dao	v.	infringir
服务站	fu:wu:zhan	n.	estación de servicio
良心	liang:xin	n.	conciencia
工作方式	gong:zuo:fang:shi	n.	modo de trabajo
海边	hai:bian	n.	orilla del mar
受不了	shou:bu:liao	v.	no soportar
证人	zheng:ren	n.	testigo
设计者	she:ji:zhe	n.	diseñador
坡	po	n.	pendiente
不公	bu:gong	adj.	injusto
方才	fang:cai	adv.	hace un momento
宫殿	gong:dian	n.	palacio
玩游戏	wan:you:xi	v.	jugar juegos
给你们	gei:ni:men	v.	darles a ustedes
违反规定	wei:fan:gui:ding	v.	violar las normas
品种的	pin:zhong:de	adj.	de variedades
善意	shan:yi	n.	buena voluntad
第二大	di:er:da	num.	segundo más grande
食宿	shi:su	n.	comida y alojamiento
一点都	yi:dian:dou	adv.	para nada
倒入	dao:ru	v.	verter en
建筑装饰	jian:zhu:zhuang:shi	n.	decoración arquitectónica
可以达到	ke:yi:da:dao	v.	poder alcanzar
取名	qu:ming	v.	nombrar
标示	biao:shi	v.	marcar, indicar
貌似	mao:si	v.	parecer, aparentar
全镇	quan:zhen	n.	todo el pueblo
简直是	jian:zhi:shi	adv.	ser simplemente
立足于	li:zu:yu	v.	basarse en, apoyarse en
极易	ji:yi	adv.	extrem fácil de
不合	bu:he	v.	no convenir
不合	bu:he	adj.	inadecuado
有三	you:san	v.	tener 3
鸿	hong	n.	cisne
药品生产	yao:pin:sheng:chan	n.	producción de medicamentos
迎来了	ying:lai:le	v.	dar la bienvenida
居委会	ju:wei:hui	n.	comité de barrio
泥土	ni:tu	n.	tierra, lodo
手枪	shou:qiang	n.	pistola
状元	zhuang:yuan	n.	primer puesto
跳转	tiao:zhuan	v.	saltar, brincar
所有者	suo:you:zhe	n.	propietario, dueño
无心	wu:xin	adj.	descuidadamente, sin intención
意象	yi:xiang	n.	imagen, imaginería
这支	zhe:zhi	mw.	este/esta (clasificador)
我方	wo:fang	n.	nuestra parte
穿梭	chuan:suo	v.	ir y venir
党和政府	dang:he:zheng:fu	n.	partido y gobierno
乘机	cheng:ji	v.	aprovechar una oportunidad
珍藏	zhen:cang	v.	atesorar
珍藏	zhen:cang	n.	colección preciosa
茶馆	cha:guan	n.	casa de té
下岗职工	xia:gang:zhi:gong	n.	trabajador despedido
谎言	huang:yan	n.	mentira
第一页	di:yi:ye	n.	primera página
农副产品	nong:fu:chan:pin	n.	productos agrícolas secundarios
资产负债表	zi:chan:fu:zhai:biao	n.	balance de situación
一则	yi:ze	num.	una regla
最优	zui:you	adj.	óptimo
最终解释权	zui:zhong:jie:shi:quan	n.	derecho de interpretación final
巧妙	qiao:miao	adj.	ingenioso
各行业	ge:hang:ye	n.	diversos sectores
城市居民	cheng:shi:ju:min	n.	residente urbano
两端	liang:duan	n.	ambos extremos
免得	mian:de	conj.	para evitar
随身	sui:shen	adj.	conmigo
趋向	qu:xiang	v.	tender hacia
趋向	qu:xiang	n.	tendencia
权威性	quan:wei:xing	n.	autoridad
应届	ying:jie	adj.	del año en curso
秘书处	mi:shu:chu	n.	secretaría
无尽的	wu:jin:de	adj.	infinito
高薪	gao:xin	n.	sueldo alto
总站	zong:zhan	n.	terminal
邓	deng	n.	Deng
或许是	huo:xu:shi	adv.	tal vez
竞技	jing:ji	n.	atletismo
固顶	gu:ding	v.	fijar arriba
新局面	xin:ju:mian	n.	nueva situación
暂行办法	zan:xing:ban:fa	n.	medidas provisionales
打听	da:ting	v.	averiguar
毗邻	pi:lin	v.	lindar
一招	yi:zhao	mw.	un movimiento
喝茶	he:cha	v.	beber té
整形	zheng:xing	n.	cirugía estética
重任	zhong:ren	n.	responsabilidad pesada
副总	fu:zong	n.	vicepresidente
爬上	pa:shang	v.	subir
增添了	zeng:tian:le	v.	añadir
自主品牌	zi:zhu:pin:pai	n.	marca propia
判处	pan:chu	v.	sentenciar
菩提	pu:ti	n.	bodhi
一想	yi:xiang	v.	pensar
小屋	xiao:wu	n.	casita
接听	jie:ting	v.	contestar
魔法师	mo:fa:shi	n.	mago
放假	fang:jia	v.	tener vacaciones
持有人	chi:you:ren	n.	titular
查获	cha:huo	v.	incautar
思维方式	si:wei:fang:shi	n.	forma de pensar
想必	xiang:bi	adv.	seguramente
免去	mian:qu	v.	eximir
拒不	ju:bu	adv.	negarse a
新浪网	xin:lang:wang	n.	Sina
金龙	jin:long	n.	dragón dorado
白痴	bai:chi	n.	idiota
取缔	qu:di	v.	prohibir
外人	wai:ren	n.	forastero
好消息	hao:xiao:xi	n.	buenas noticias
后卫	hou:wei	n.	defensa
童装	tong:zhuang	n.	ropa infantil
图画	tu:hua	n.	dibujo
指望	zhi:wang	v.	contar con
竭诚	jie:cheng	v.	de todo corazón
肢体	zhi:ti	n.	extremidades
教师队伍	jiao:shi:dui:wu	n.	cuerpo docente
基本原理	ji:ben:yuan:li	n.	principio básico
风貌	feng:mao	n.	aspecto
分辨	fen:bian	v.	distinguir
夏日	xia:ri	n.	día de verano
色素	se:su	n.	pigmento
染色	ran:se	v.	teñir
低压	di:ya	n.	baja presión
岗位职责	gang:wei:zhi:ze	n.	responsabilidades
环境变量	huan:jing:bian:liang	n.	variable de entorno
城内	cheng:nei	n.	dentro de la ciudad
怪异	guai:yi	adj.	extraño
划分为	hua:fen:wei	v.	dividir en
迄今为止	qi:jin:wei:zhi	adv.	hasta ahora
协议范本	xie:yi:fan:ben	n.	modelo de acuerdo
质押	zhi:ya	v.	plerenear
便携式	bian:xie:shi	adj.	portátil
年下	nian:xia	n.	más joven
镶嵌	xiang:qian	v.	incrustar
技法	ji:fa	n.	técnica
遥远	yao:yuan	adj.	distante
庆幸	qing:xing	v.	regocijarse
欣慰	xin:wei	adj.	reconfortante
诡异	gui:yi	adj.	extraño
离世	li:shi	v.	fallecer
点半	dian:ban	n.	media
掌控	zhang:kong	v.	controlar
骑马	qi:ma	v.	montar a caballo
公共场所	gong:gong:chang:suo	n.	lugar público
本年度	ben:nian:du	n.	este año fiscal
敏感的	min:gan:de	adj.	sensible
全球最大	quan:qiu:zui:da	adj.	el más grande del mundo
团队精神	tuan:dui:jing:shen	n.	espíritu de equipo
歪	wai	adj.	torcido
劳动法	lao:dong:fa	n.	ley laboral
抬起	tai:qi	v.	levantar
诸侯	zhu:hou	n.	señor feudal
风险管理	feng:xian:guan:li	n.	gestión de riesgos
谁来	shei:lai	pron.	quién vendrá
谁来	shui:lai	pron.	quién vendrá
加固	jia:gu	v.	reforzar
其他用户	qi:ta:yong:hu	n.	otros usuarios
专辑名称	zhuan:ji:ming:cheng	n.	título del álbum
装饰装修	zhuang:shi:zhuang:xiu	n.	decoración y renovación
差价	cha:jia	n.	diferencia de precio
怀中	huai:zhong	n.	en el regazo
机油	ji:you	n.	aceite de motor
往前	wang:qian	adv.	hacia adelante
台式机	tai:shi:ji	n.	computadora de escritorio
小城镇	xiao:cheng:zhen	n.	pueblo pequeño
存储卡	cun:chu:ka	n.	tarjeta de memoria
复杂性	fu:za:xing	n.	complejidad
哪位	na:wei	pron.	cuál
使用情况	shi:yong:qing:kuang	n.	estado de uso
秀丽	xiu:li	adj.	bello
假定	jia:ding	v.	suponer
假定	jia:ding	n.	suposición
查看次数	cha:kan:ci:shu	n.	número de vistas
主人公	zhu:ren:gong	n.	protagonista
贫血	pin:xue	n.	anemia
破损	po:sun	v.	dañar
破损	po:sun	adj.	dañado
预售	yu:shou	v.	preventa
夺取	duo:qu	v.	arrebatar
元月	yuan:yue	n.	enero
水母	shui:mu	n.	medusa
深厚	shen:hou	adj.	profundo
多云	duo:yun	adj.	nublado
收款人	shou:kuan:ren	n.	beneficiario
陆地	lu:di	n.	tierra
过失	guo:shi	n.	culpa
乏	fa	adj.	falto
缩写	suo:xie	v.	abreviar
缩写	suo:xie	n.	abreviatura
橄榄油	gan:lan:you	n.	aceite de oliva
前线	qian:xian	n.	frente
一步步	yi:bu:bu	adv.	paso a paso
水泵	shui:beng	n.	bomba de agua
申	shen	v.	exponer
音色	yin:se	n.	timbre
战队	zhan:dui	n.	equipo
诚意	cheng:yi	n.	sinceridad
传入	chuan:ru	v.	transmitir
实名	shi:ming	adj.	nombre real
陷入了	xian:ru:le	v.	caer en
商业秘密	shang:ye:mi:mi	n.	secreto comercial
监控系统	jian:kong:xi:tong	n.	sistema de monitoreo
药品监督	yao:pin:jian:du	n.	supervisión de medicamentos
十九	shi:jiu	num.	diecinueve
水文	shui:wen	n.	hidrología
用工	yong:gong	n.	mano de obra
自治州	zi:zhi:zhou	n.	prefectura autónoma
古希腊	gu:xi:la	n.	Grecia antigua
本会	ben:hui	n.	esta asociación
高效率	gao:xiao:lv	n.	alta eficiencia
扰乱	rao:luan	v.	alterar
报名表	bao:ming:biao	n.	formulario de inscripción
草坪	cao:ping	n.	césped
打死	da:si	v.	matar a golpes
大象	da:xiang	n.	elefante
感官	gan:guan	n.	órgano sensorial
日立	ri:li	n.	Hitachi
开水	kai:shui	n.	agua hirviendo
偏高	pian:gao	adj.	más alto de lo normal
呼声	hu:sheng	n.	clamor
场内	chang:nei	n.	dentro del recinto
串口	chuan:kou	n.	puerto serie
学术交流	xue:shu:jiao:liu	n.	intercambio académico
有关方面	you:guan:fang:mian	n.	partes pertinentes
政区	zheng:qu	n.	distrito administrativo
惯例	guan:li	n.	convención
列兵	lie:bing	v.	alistar
列兵	lie:bing	n.	soldado raso
可否	ke:fou	adv.	si o no
湖水	hu:shui	n.	agua del lago
四海	si:hai	n.	todo el mundo
更方便	geng:fang:bian	adj.	más conveniente
恶搞	e:gao	v.	parodiar
化石	hua:shi	n.	fósil
孙中山	sun:zhong:shan	n.	Sun Yat-sen
待了	dai:le	v.	permanecido
巨鳄	ju:e	n.	cocodrilo gigante
营利	ying:li	v.	lucrar
冬瓜	dong:gua	n.	melón de invierno
男孩子	nan:hai:zi	n.	niño
踊跃	yong:yue	adj.	entusiasta
软硬件	ruan:ying:jian	n.	software y hardware
中国联通	zhong:guo:lian:tong	n.	China Unicom
乐	yue	n.	música
乐	yue	adj.	alegre
中国建筑	zhong:guo:jian:zhu	n.	arquitectura china
诚恳	cheng:ken	adj.	sincero
阿拉伯	a:la:bo	n.	árabe
多快	duo:kuai	adv.	qué tan rápido
谢绝	xie:jue	v.	rechazar
局限	ju:xian	n.	limitación
局限	ju:xian	v.	limitar
却说	que:shuo	v.	se dice que
近似	jin:si	adj.	aproximado
与国家	yu:guo:jia	n.	con el estado
饭菜	fan:cai	n.	comida
重叠	chong:die	v.	solaparse
必须的	bi:xu:de	adj.	necesario
堆积	dui:ji	v.	acumularse
七十	qi:shi	num.	setenta
不尽	bu:jin	adj.	infinito
系统集成	xi:tong:ji:cheng	n.	integración de sistemas
选题	xuan:ti	v.	seleccionar un tema
选题	xuan:ti	n.	selección de temas
戴着	dai:zhe	v.	llevar puesto
潜艇	qian:ting	n.	submarino
兴办	xing:ban	v.	establecer
农业产业化	nong:ye:chan:ye:hua	n.	industrialización agrícola
中国最大	zhong:guo:zui:da	adj.	el más grande de China
欢迎访问	huan:ying:fang:wen	v.	bienvenido a la visita
割	ge	v.	cortar
割	ge	n.	proporción
汽车零部件	qi:che:ling:bu:jian	n.	piezas de automóvil
十几年	shi:ji:nian	num.	die decena de años
矫正	jiao:zheng	v.	corregir
能得到	neng:de:dao	v.	poder obtener
巫	wu	n.	chamán
工期	gong:qi	n.	plazo de construcción
分担	fen:dan	v.	compartir
产品展示	chan:pin:zhan:shi	n.	exhibición de productos
二氧化碳	er:yang:hua:tan	n.	dióxido de carbono
衫	shan	n.	camisa
第四十条	di:si:shi:tiao	n.	artículo 40
晶体	jing:ti	n.	cristal
总结了	zong:jie:le	v.	resumió
做一些	zuo:yi:xie	v.	hacer algo
无助	wu:zhu	adj.	desamparado
救灾	jiu:zai	n.	socorro
东门	dong:men	n.	puerta este
列席	lie:xi	v.	asistir
马车	ma:che	n.	carruaje de caballos
网校	wang:xiao	n.	escuela en línea
德语	de:yu	n.	alemán
天山	tian:shan	n.	montañas Tianshan
功底	gong:di	n.	base
你家	ni:jia	n.	tu casa
耐磨	nai:mo	adj.	resistente al desgaste
俗话说	su:hua:shuo	v.	como dice el refrán
知青	zhi:qing	n.	joven instruido
拖延	tuo:yan	v.	posponer
上一个	shang:yi:ge	num.	el anterior
响了	xiang:le	v.	sonó
上车	shang:che	v.	subir al vehículo
张艺谋	zhang:yi:mou	n.	Zhang Yimou
整体素质	zheng:ti:su:zhi	n.	calidad integral
棒	bang	adj.	excelente
棒	bang	n.	palo
社会稳定	she:hui:wen:ding	n.	estabilidad social
做大做强	zuo:da:zuo:qiang	v.	expandir y fortalecer
经营单位	jing:ying:dan:wei	n.	unidad operativa
课题组	ke:ti:zu	n.	grupo de investigación
支吾	zhi:wu	v.	evadir
社会责任	she:hui:ze:ren	n.	responsabilidad social
首领	shou:ling	n.	líder
想买	xiang:mai	v.	quer comprar
无级	wu:ji	adj.	sin escalones
相反的	xiang:fan:de	adj.	opuesto
阔	kuo	adj.	ancho
要买	yao:mai	v.	quer comprar
贫困地区	pin:kun:di:qu	n.	zona pobre
学年	xue:nian	n.	año escolar
县市	xian:shi	n.	condado y ciudad
揭开	jie:kai	v.	descubrir
开奖	kai:jiang	v.	sortear premio
磁场	ci:chang	n.	campo magnético
权威的	quan:wei:de	adj.	autoritario
泣	qi	v.	llorar
三名	san:ming	num.	3 personas
严格遵守	yan:ge:zun:shou	v.	cumplir estrictamente
绽放	zhan:fang	v.	florecer
查明	cha:ming	v.	determinar
韦	wei	n.	Wei
中国汽车	zhong:guo:qi:che	n.	coche chino
电动车	dian:dong:che	n.	vehículo eléctrico
上层	shang:ceng	n.	capa superior
肾脏	shen:zang	n.	riñón
延误	yan:wu	v.	retrasar
一二	yi:er	num.	uno o dos
许久	xu:jiu	n.	mucho tiempo
办证	ban:zheng	v.	tramitar certificado
珠三角	zhu:san:jiao	n.	delta del río Perla
车市	che:shi	n.	mercado automotriz
纽带	niu:dai	n.	vínculo, lazo
下岗失业人员	xia:gang:shi:ye:ren:yuan	n.	trabajadores desempleados
娱乐场所	yu:le:chang:suo	n.	lugar de entretenimiento
番茄	fan:qie	n.	tomate
也叫	ye:jiao	v.	también llamado
低保	di:bao	n.	subsidio mínimo
主要为	zhu:yao:wei	v.	ser principalmente
打到	da:dao	v.	golpear, alcanzar
触及	chu:ji	v.	tocar, abordar
侵占	qin:zhan	v.	ocupar, apropiarse
倾诉	qing:su	v.	desahogarse, confiar
神州	shen:zhou	n.	Shenzhou (Chine)
喜庆	xi:qing	adj.	festivo, alegre
放电	fang:dian	v.	descargar, descarga
上衣	shang:yi	n.	prenda superior, chaqueta
心声	xin:sheng	n.	voz del corazón
大便	da:bian	n.	heces, excrementos
不由得	bu:you:de	adv.	no poder evitar
出生日期	chu:sheng:ri:qi	n.	fecha de nacimiento
股改	gu:gai	n.	reforma accionaria
直升机	zhi:sheng:ji	n.	helicóptero
拳头	quan:tou	n.	puño
红酒	hong:jiu	n.	vino tinto
恍	huang	adj.	aturdido
景物	jing:wu	n.	paisaje
贯	guan	v.	atravesar
加盟店	jia:meng:dian	n.	franquicia
血糖	xie:tang	n.	glucosa en sangre
血糖	xue:tang	n.	glucosa en sangre
魄	po	n.	alma
就如	jiu:ru	conj.	tal como
第四十一条	di:si:shi:yi:tiao	num.	artículo 41
柄	bing	mw.	mango
头晕	tou:yun	v.	marearse
上年	shang:nian	n.	el año pasado
切记	qie:ji	v.	recordar bien
更低	geng:di	adj.	más bajo
考题	kao:ti	n.	pregunta de examen
报警器	bao:jing:qi	n.	alarma
王者	wang:zhe	n.	rey
杂质	za:zhi	n.	impureza
法律制度	fa:lv:zhi:du	n.	sistema legal
筷子	kuai:zi	n.	palillos
只不过是	zhi:bu:guo:shi	adv.	solamente
两眼	liang:yan	n.	los ojos
社区卫生	she:qu:wei:sheng	n.	salud comunitaria
加工贸易	jia:gong:mao:yi	n.	comercio de procesamiento
本来是	ben:lai:shi	adv.	originalmente era
交易市场	jiao:yi:shi:chang	n.	mercado de intercambio
工作目标	gong:zuo:mu:biao	n.	objetivo de trabajo
构想	gou:xiang	n.	concepción
构想	gou:xiang	v.	concebir
再造	zai:zao	v.	rehacer
暂不	zan:bu	adv.	no por ahora
购买商品	gou:mai:shang:pin	v.	comprar mercancías
销售价格	xiao:shou:jia:ge	n.	precio de venta
装载	zhuang:zai	v.	cargar
服务器端	fu:wu:qi:duan	n.	lado del servidor
宏观经济	hong:guan:jing:ji	n.	macroeconomía
已达到	yi:da:dao	v.	ya ha alcanzado
为了避免	wei:le:bi:mian	conj.	para evitar
社	she	n.	sociedad
跟上	gen:shang	v.	seguir
怀抱	huai:bao	n.	pecho
怀抱	huai:bao	v.	abrazar
阿里	a:li	n.	Alibaba
患	huan	v.	sufrir de
荣耀	rong:yao	n.	gloria
五日	wu:ri	num.	5 días
液晶显示器	ye:jing:xian:shi:qi	n.	monitor LCD
影响着	ying:xiang:zhe	v.	afectando
时节	shi:jie	n.	estación
值得一提	zhi:de:yi:ti	adj.	digno de mencionar
基本资料	ji:ben:zi:liao	n.	datos básicos
半岛	ban:dao	n.	península
该类	gai:lei	n.	este tipo
中山大学	zhong:shan:da:xue	n.	Universidad Sun Yat-sen
保险业	bao:xian:ye	n.	industria de seguros
讲到	jiang:dao	v.	hablar de
拼搏	pin:bo	v.	luchar
着想	zhuo:xiang	v.	considerar
着想	zhuo:xiang	n.	idea
南山区	nan:shan:qu	n.	distrito de Nanshan
跑去	pao:qu	v.	correr hacia
张某	zhang:mou	n.	alguien llamado Zhang
覆	fu	v.	cubrir
进场	jin:chang	v.	entrar
电影院	dian:ying:yuan	n.	cine
蜜	mi	n.	miel
北京地区	bei:jing:di:qu	n.	región de Beijing
质检	zhi:jian	n.	control de calidad
合伙企业	he:huo:qi:ye	n.	sociedad colectiva
实践证明	shi:jian:zheng:ming	v.	la práctica demuestra
未经授权	wei:jing:shou:quan	adj.	no autorizado
排版	pai:ban	v.	maquetación
三日	san:ri	num.	3 días
协办	xie:ban	v.	coorganizar
自拍	zi:pai	v.	hacerse un selfie
贺卡	he:ka	n.	tarjeta de felicitación
轮流	lun:liu	v.	turnarse
精液	jing:ye	n.	semen
人民币升值	ren:min:bi:sheng:zhi	n.	apreciación del renminbi
樱花	ying:hua	n.	flor de cerezo
从业资格	cong:ye:zi:ge	n.	calificación profesional
敦煌	dun:huang	n.	Dunhuang
饭后	fan:hou	n.	después de comer
抚养	fu:yang	v.	criar
香料	xiang:liao	n.	especia
孤立	gu:li	v.	aislar
村干部	cun:gan:bu	n.	funcionario de aldea
着实	zhuo:shi	adv.	realmente, verdaderamente
三百	san:bai	num.	300
遗迹	yi:ji	n.	vestigio, resto
反感	fan:gan	n.	antipatía, aversión
反感	fan:gan	v.	detestar, rechazar
学习方法	xue:xi:fang:fa	n.	método de aprendizaje
婴	ying	n.	infante, bebé
猛然	meng:ran	adv.	repentinamente, de repente
励	li	v.	animar, alentar
不快	bu:kuai	adj.	desagradable, disgustado
不快	bu:kuai	n.	malestar, disgusto
一来	yi:lai	conj.	zin primer
一来	yi:lai	adv.	en cuanto uno viene
有意思	you:yi:si	adj.	interesante
有意思	you:yi:si	v.	interesar
已然	yi:ran	adv.	ya
红尘	hong:chen	n.	mundo mortal
各异	ge:yi	adj.	diferente
建筑师	jian:zhu:shi	n.	arquitecto
竣工验收	jun:gong:yan:shou	n.	inspección de obra
锅	guo	n.	olla
积极作用	ji:ji:zuo:yong	n.	efecto positivo
时速	shi:su	n.	velocidad por hora
陛	bi	n.	emperador
郑重声明	zheng:zhong:sheng:ming	v.	declarar solemnemente
安全感	an:quan:gan	n.	sensación de seguridad
区域性	qu:yu:xing	adj.	regional
上涨的	shang:zhang:de	adj.	ascendente
收货	shou:huo	v.	recibir mercancías
税金	shui:jin	n.	impuesto
不履行	bu:lv:xing	v.	no cumplir
移到	yi:dao	v.	mover a
动摇	dong:yao	v.	sacudir
动摇	dong:yao	adj.	inestable
合理性	he:li:xing	n.	racionalidad
生出	sheng:chu	v.	producir
赞叹	zan:tan	v.	alabar, admirar
筹集	chou:ji	v.	recaudar, reunir
未满	wei:man	adj.	no lleno, incompleto
定居	ding:ju	v.	asentarse, establecerse
老妈	lao:ma	n.	mamá, madre
三期	san:qi	n.	tercera fase, tercer término
浙江大学	zhe:jiang:da:xue	n.	Universidad de Zhejiang
力学	li:xue	n.	mecánica
庄严	zhuang:yan	adj.	solemne, majestuoso
两块	liang:kuai	num.	dos piezas, dos yuanes
安全问题	an:quan:wen:ti	n.	problema de seguridad
解题	jie:ti	v.	resolver un problema
暧昧	ai:mei	adj.	ambiguo, vago
硕士生	shuo:shi:sheng	n.	estudiante de maestría
判决书	pan:jue:shu	n.	sentencia, veredicto
调料	tiao:liao	n.	condimento, sazón
没有必要	mei:you:bi:yao	adj.	no es necesario
印花	yin:hua	n.	estampilla, estampado
都快	dou:kuai	adv.	casi
鲜活	xian:huo	adj.	fresco, vivo
想到了	xiang:dao:le	v.	pensar en, ocurrírsele
企业简介	qi:ye:jian:jie	n.	perfil de empresa
迅速的	xun:su:de	adj.	rápido, veloz
多种形式	duo:zhong:xing:shi	n.	diversas formas
庭院	ting:yuan	n.	patio
主线	zhu:xian	n.	línea principal
领土	ling:tu	n.	territorio
同盟	tong:meng	n.	alianza
同盟	tong:meng	v.	aliar
真气	zhen:qi	n.	Qi
戴上	dai:shang	v.	ponerse
遮	zhe	v.	cubrir
男方	nan:fang	n.	parte del novio
鄙视	bi:shi	v.	despreciar
宗旨	zong:zhi	n.	objet, propósito
共创	gong:chuang	v.	co-crear
隐形	yin:xing	adj.	invisible, oculto
社会事业	she:hui:shi:ye	n.	causa social
韦小宝	wei:xiao:bao	n.	Wei Xiaobao
开源	kai:yuan	v.	código abierto
假装	jia:zhuang	v.	fingir
工作能力	gong:zuo:neng:li	n.	capacidad laboral
心意	xin:yi	n.	intención
政协委员	zheng:xie:wei:yuan	n.	miembro de la CCPPC
不容	bu:rong	v.	no permitir
教委	jiao:wei	n.	comisión de educación
身处	shen:chu	v.	encontrarse en
积极参加	ji:ji:can:jia	v.	participar activamente
仅次于	jin:ci:yu	v.	ser superado solo por
教育网	jiao:yu:wang	n.	red educativa
友情提示	you:qing:ti:shi	n.	recordatorio amistoso
住址	zhu:zhi	n.	dirección
换句话说	huan:ju:hua:shuo	conj.	en otras palabras
来个	lai:ge	v.	tener un, tomar un
跳到	tiao:dao	v.	saltar a
珠海市	zhu:hai:shi	n.	ciudad de Zhuhai
不听	bu:ting	v.	no escuchar
犯了	fan:le	v.	cometer
岗位上	gang:wei:shang	n.	en el puesto
你以为	ni:yi:wei	pron.	tú crees
摇摇头	yao:yao:tou	v.	sacudir la cabeza
一届	yi:jie	num.	una sesión
八十	ba:shi	num.	ochenta
花瓣	hua:ban	n.	pétalo
你先	ni:xian	pron.	tú primero
暑期	shu:qi	n.	vacaciones de verano
新生入学	xin:sheng:ru:xue	n.	matrícula de nuevos alumnos
生猪	sheng:zhu	n.	cerdo vivo
根据需要	gen:ju:xu:yao	adv.	según la necesidad
基本理论	ji:ben:li:lun	n.	teoría básica
家政	jia:zheng	n.	economía doméstica
感恩	gan:en	v.	expresar gratitud
加工企业	jia:gong:qi:ye	n.	empresa de procesamiento
英俊	ying:jun	adj.	guapo
惊奇	jing:qi	v.	sorprender
内部管理	nei:bu:guan:li	n.	gestión interna
帕	pa	n.	pañuelo
本节	ben:jie	n.	esta sección
调理	tiao:li	v.	acondicionar
调理	tiao:li	n.	régimen
党的领导	dang:de:ling:dao	n.	liderazgo del partido
自觉性	zi:jue:xing	n.	autoconciencia
进城	jin:cheng	v.	entrar en la ciudad
司令	si:ling	n.	comandante
无条件	wu:tiao:jian	adj.	incondicional
又想	you:xiang	adv.	querer de nuevo
晚饭	wan:fan	n.	cena
报案	bao:an	v.	denunciar un caso
反过来	fan:guo:lai	adv.	al contrario
加盟商	jia:meng:shang	n.	franquiciado
武汉大学	wu:han:da:xue	n.	Universidad de Wuhan
流产	liu:chan	v.	abortar
为难	wei:nan	v.	dificultar
店内	dian:nei	n.	en la tienda
满意度	man:yi:du	n.	nivel de satisfacción
进一步发展	jin:yi:bu:fa:zhan	v.	desarrollar más
发布会	fa:bu:hui	n.	rueda de prensa
稍稍	shao:shao	adv.	un poco
扣押	kou:ya	v.	incautar
加快推进	jia:kuai:tui:jin	v.	acelerar el progreso
见识	jian:shi	n.	conocimiento
见识	jian:shi	v.	experimentar
打入	da:ru	v.	penetrar
简述	jian:shu	v.	resumir brevemente
廉洁	lian:jie	adj.	íntegro
曼联	man:lian	n.	Manchester United
见效	jian:xiao	v.	surtiar efecto
功耗	gong:hao	n.	consumo de energía
会谈	hui:tan	v.	mantener conversaciones
官司	guan:si	n.	pleito
道教	dao:jiao	n.	taoísmo
放着	fang:zhe	v.	estar puesto
极佳	ji:jia	adj.	excelente
废话	fei:hua	n.	tonterías
工种	gong:zhong	n.	tipo de trabajo
急速	ji:su	adj.	rápido
升温	sheng:wen	v.	subir la temperatura
具体办法	ju:ti:ban:fa	n.	medidas concretas
小鸟	xiao:niao	n.	pájaro pequeño
独到	du:dao	adj.	original, único
蘑菇	mo:gu	n.	champiñón
微量元素	wei:liang:yuan:su	n.	oligoelement
后门	hou:men	n.	puerta trasera
很差	hen:cha	adj.	muy malo
博士生	bo:shi:sheng	n.	estudiante de doctorado
客气	ke:qi	adj.	cortés
咖	ka	n.	café
前身	qian:shen	n.	predecesor
管理咨询	guan:li:zi:xun	n.	consultoría de gestión
嫌	xian	v.	detestar, quejarse de
利用外资	li:yong:wai:zi	v.	utilizar capital extranjero
眉头	mei:tou	n.	cejas
担当	dan:dang	v.	asumir, encargarse de
中式	zhong:shi	adj.	estilo chino
纯洁	chun:jie	adj.	puro, casto
两旁	liang:pang	n.	ambos lados
平坦	ping:tan	adj.	plano
轻柔	qing:rou	adj.	suave
欢迎你	huan:ying:ni	v.	darte bienvenida
他们自己	ta:men:zi:ji	pron.	ellos mismos
之法	zhi:fa	n.	método
大使	da:shi	n.	embajador
优异的	you:yi:de	adj.	excelente
争吵	zheng:chao	v.	discutir
争吵	zheng:chao	n.	disputa
木质	mu:zhi	n.	madera
航道	hang:dao	n.	vía navegable
心地	xin:di	n.	naturaleza
餐具	can:ju	n.	vajilla
公司网址	gong:si:wang:zhi	n.	sitio web de la empresa
商业用途	shang:ye:yong:tu	n.	uso comercial
出价	chu:jia	v.	ofertar
出众	chu:zhong	adj.	sobresaliente
非会员	fei:hui:yuan	n.	no socio
死于	si:yu	v.	morir de
再做	zai:zuo	v.	hacer de nuevo
第二部分	di:er:bu:fen	n.	segunda parte
年平均	nian:ping:jun	adj.	promedio anual
农田	nong:tian	n.	tierra de cultivo
胳	ge	mw.	brazo
曾是	ceng:shi	v.	haber sido
及早	ji:zao	adv.	temprano
投入使用	tou:ru:shi:yong	v.	poner en uso
挖	wa	v.	cavar
啪	pa	onom.	chasquido
矿	kuang	n.	mina, mineral
别名	bie:ming	n.	alias
推车	tui:che	n.	carrito
推车	tui:che	v.	empujar un carro
好奇心	hao:qi:xin	n.	curiosidad
技术要求	ji:shu:yao:qiu	n.	requisitos técnicos
铅笔	qian:bi	n.	lápiz
万年	wan:nian	num.	10,000 años
蒸发	zheng:fa	v.	evaporar
蒸发	zheng:fa	n.	evaporación
身穿	shen:chuan	v.	llevar puesto
喝道	he:dao	v.	gritar
金银	jin:yin	n.	oro y plata
抑郁	yi:yu	adj.	deprimido
抑郁	yi:yu	v.	deprimirse
助于	zhu:yu	v.	contribuir a
环境卫生	huan:jing:wei:sheng	n.	higiene ambiental
水位	shui:wei	n.	nivel del agua
一口价	yi:kou:jia	n.	precio fijo
古今	gu:jin	adj.	antiguo y moderno
信息交流	xin:xi:jiao:liu	n.	intercambio de información
过往	guo:wang	n.	eventos pasados
篇幅	pian:fu	n.	extensión
学校教育	xue:xiao:jiao:yu	n.	educación escolar
文件系统	wen:jian:xi:tong	n.	sistema de archivos
产销	chan:xiao	n.	producción y ventas
擦拭	ca:shi	v.	limpiar
审批机关	shen:pi:ji:guan	n.	autoridad de aprobación
报名时间	bao:ming:shi:jian	n.	tiempo de inscripción
工程机械	gong:cheng:ji:xie	n.	maquinaria de construcción
凄	qi	adj.	desolado
会议精神	hui:yi:jing:shen	n.	espíritu de la reunión
至关重要	zhi:guan:zhong:yao	adj.	crucial
花开	hua:kai	v.	flores florecer
中国二手车城	zhong:guo:er:shou:che:cheng	n.	China Used Car City
建立时间	jian:li:shi:jian	n.	tiempo de establecimiento
魅力值	mei:li:zhi	n.	valor de encanto
跳出	tiao:chu	v.	saltar
常人	chang:ren	n.	persona común
风气	feng:qi	n.	ambiente, tendencia
点选	dian:xuan	v.	hacer clic y seleccionar
云集	yun:ji	v.	reunirse en masa
高中生	gao:zhong:sheng	n.	estudiante de secundaria
高水平	gao:shui:ping	adj.	de alto nivel
弱势	ruo:shi	n.	posición débil
经济适用住房	jing:ji:shi:yong:zhu:fang	n.	vivienda económica
晋江	jin:jiang	n.	Jinjiang
女郎	nv:lang	n.	dama, mujer joven
蒙迪欧	meng:di:ou	n.	Mondeo
每条	mei:tiao	num.	cada (clasificador)
默认的	mo:ren:de	adj.	predeterminado
幽灵	you:ling	n.	fantasma
报错	bao:cuo	v.	reportar error
少先队	shao:xian:dui	n.	Jóvenes Pioneros
用房	yong:fang	n.	vivienda de uso
察觉	cha:jue	v.	percibir
裙子	qun:zi	n.	falda
第一阶段	di:yi:jie:duan	n.	primera etapa
柳州	liu:zhou	n.	Liuzhou
经济组织	jing:ji:zu:zhi	n.	organización económica
不难	bu:nan	adj.	no difícil
规划设计	gui:hua:she:ji	v.	planificar y diseñar
零售业	ling:shou:ye	n.	sector de venta al por menor
木地板	mu:di:ban	n.	suelo de madera
成人教育	cheng:ren:jiao:yu	n.	educación de adultos
很漂亮	hen:piao:liang	adj.	muy hermoso
穿的	chuan:de	n.	ropa
夹紧	jia:jin	v.	apretar
鉴赏	jian:shang	v.	apreciar
靠在	kao:zai	v.	apoyarse en
脑子里	nao:zi:li	n.	en la mente
强制执行	qiang:zhi:zhi:xing	v.	ejecutar forzosamente
中国传统	zhong:guo:chuan:tong	n.	tradición china
奋斗目标	fen:dou:mu:biao	n.	objetivo de lucha
出击	chu:ji	v.	atacar
专注于	zhuan:zhu:yu	v.	concentrarse en
名气	ming:qi	n.	fama
控股公司	kong:gu:gong:si	n.	sociedad holding
计数	ji:shu	v.	contar
在路上	zai:lu:shang	adj.	en camino
老者	lao:zhe	n.	anciano
侧重	ce:zhong	v.	hacer hincapié en
存在问题	cun:zai:wen:ti	n.	problemas existentes
独创	du:chuang	v.	crear de forma original
分立	fen:li	v.	separar
第一部分	di:yi:bu:fen	n.	primera parte
发展阶段	fa:zhan:jie:duan	n.	etapa de desarrollo
销售热线	xiao:shou:re:xian	n.	línea directa de ventas
移动的	yi:dong:de	adj.	móvil
医务人员	yi:wu:ren:yuan	n.	personal médico
推广应用	tui:guang:ying:yong	v.	promover y aplicar
侦察	zhen:cha	v.	reconocer
侦察	zhen:cha	n.	reconocimiento
柏林	bo:lin	n.	Berlín
正值	zheng:zhi	v.	coincidir con
坚定不移	jian:ding:bu:yi	adj.	inquebrantable
乔治	qiao:zhi	n.	George
课堂上	ke:tang:shang	n.	en clase
条形码	tiao:xing:ma	n.	código de barras
毅力	yi:li	n.	perseverancia
执行力	zhi:xing:li	n.	capacidad de ejecución
广泛开展	guang:fan:kai:zhan	v.	desarrollar ampliamente
研究机构	yan:jiu:ji:gou	n.	institución de investigación
物权	wu:quan	n.	derecho de propiedad
第一年	di:yi:nian	n.	primer año
几集	ji:ji	mw.	unas pocas series
科技人员	ke:ji:ren:yuan	n.	personal técnico
爪	zhao	n.	garra
爪	zhua	v.	rasguñar
地势	di:shi	n.	terreno
检验检疫	jian:yan:jian:yi	n.	inspección y cuarentena
线性	xian:xing	adj.	lineal
皇冠	huang:guan	n.	corona
废弃	fei:qi	v.	abandonar
废弃	fei:qi	adj.	desechado
实际问题	shi:ji:wen:ti	n.	problema práctico
眠	mian	v.	dormir
教唆	jiao:suo	v.	instigar
卫生院	wei:sheng:yuan	n.	dispensario
一把手	yi:ba:shou	n.	líder
挽救	wan:jiu	v.	salvar
星期三	xing:qi:san	n.	miércoles
食品生产	shi:pin:sheng:chan	n.	producción de alimentos
穆	mu	n.	Mu
不通	bu:tong	adj.	no funciona
专业技术职务	zhuan:ye:ji:shu:zhi:wu	n.	puesto técnico profesional
大洋	da:yang	n.	océano
听完	ting:wan	v.	terminar de escuchar
同仁	tong:ren	n.	colega
总书记	zong:shu:ji	n.	secretario general
死在	si:zai	v.	morir en
乖乖	guai:guai	adj.	obediente
乖乖	guai:guai	int.	¡caramba!
自卑	zi:bei	adj.	complejo de inferiority
啡	fei	n.	café
第三天	di:san:tian	n.	tercer día
加急	jia:ji	v.	urgir
妇人	fu:ren	n.	mujer
客栈	ke:zhan	n.	posada
容纳	rong:na	v.	alojar
中国互联网	zhong:guo:hu:lian:wang	n.	internet chino
党代会	dang:dai:hui	n.	congreso del partido
花儿	hua:er	n.	flor
气球	qi:qiu	n.	globo
生命周期	sheng:ming:zhou:qi	n.	ciclo de vida
睾丸	gao:wan	n.	testículo
企业制度	qi:ye:zhi:du	n.	sistema empresarial
真实姓名	zhen:shi:xing:ming	n.	nombre real
火车票	huo:che:piao	n.	billete de tren
内幕	nei:mu	n.	entresijos
市面上	shi:mian:shang	n.	en el mercado
班车	ban:che	n.	autobús de enlace
效果图	xiao:guo:tu	n.	renderización
出面	chu:mian	v.	intervenir
日产	ri:chan	n.	Nissan
招待	zhao:dai	v.	recepcionar
招待	zhao:dai	n.	hospitalidad
布料	bu:liao	n.	tela
危险性	wei:xian:xing	n.	peligrosidad
译者	yi:zhe	n.	traductor
没用	mei:yong	adj.	inútil
预设	yu:she	v.	preajustar
预设	yu:she	n.	ajuste preestablecido
吾	wu	pron.	yo
多头	duo:tou	adj.	multicabeza
投降	tou:xiang	v.	rendirse
中签	zhong:qian	v.	ganar el sorteo
存入	cun:ru	v.	depositar
新东方	xin:dong:fang	n.	New Oriental
批准文号	pi:zhun:wen:hao	n.	número de aprobación
乳液	ru:ye	n.	loción
相关新闻	xiang:guan:xin:wen	n.	noticias relacionadas
停下来	ting:xia:lai	v.	detenerse
西侧	xi:ce	n.	lado oeste
造就了	zao:jiu:le	v.	crear
齐全的	qi:quan:de	adj.	completo
宛如	wan:ru	v.	como si
要不要	yao:bu:yao	v.	sí o no
看去	kan:qu	v.	parecer
大容量	da:rong:liang	n.	gran capacidad
待定	dai:ding	adj.	por determinar
申领	shen:ling	v.	solicitar
五百	wu:bai	num.	500
就能够	jiu:neng:gou	v.	poder
坛	tan	n.	jarra
全会	quan:hui	n.	sesión plenaria
都认为	dou:ren:wei	v.	todos creen
脾	pi	n.	bazo
螺旋	luo:xuan	n.	espiral
钞票	chao:piao	n.	billete
籍贯	ji:guan	n.	lugar de origen
泉水	quan:shui	n.	agua de manantial
听到了	ting:dao:le	v.	oído
知名企业	zhi:ming:qi:ye	n.	empresa conocida
配上	pei:shang	v.	combinar
勇士	yong:shi	n.	guerrero
专辑列表	zhuan:ji:lie:biao	n.	lista de álbumes
多条	duo:tiao	mw.	muchos
可享受	ke:xiang:shou	v.	poder disfrutar
文员	wen:yuan	n.	oficinista
中兴	zhong:xing	n.	renacimiento
待在	dai:zai	v.	quedarse
恒	heng	adj.	constante
坏人	huai:ren	n.	malvado
沧桑	cang:sang	n.	vicisitudes
盗贼	dao:zei	n.	ladrón
民居	min:ju	n.	vivienda popular
在校生	zai:xiao:sheng	n.	estudiante
冲刺	chong:ci	v.	esprintar
所涉及	suo:she:ji	v.	involucrar
屠	tu	v.	matar
岛上	dao:shang	n.	en la isla
行星	xing:xing	n.	planeta
素描	su:miao	n.	boceto
皇宫	huang:gong	n.	palacio imperial
一家人	yi:jia:ren	n.	una familia
蓉	rong	n.	loto
支持你	zhi:chi:ni	v.	apoyarte
第二代	di:er:dai	n.	segunda generación
包头	bao:tou	n.	Baotou
各乡镇	ge:xiang:zhen	n.	diversos pueblos
中层	zhong:ceng	n.	capa media
长相	zhang:xiang	n.	apariencia
不到位	bu:dao:wei	adj.	insuficiente
代理服务器	dai:li:fu:wu:qi	n.	servidor proxy
城中	cheng:zhong	n.	en la ciudad
三个人	san:ge:ren	n.	tres personas
树上	shu:shang	n.	en el árbol
共性	gong:xing	n.	comunalidad
础	chu	n.	cimiento
曰	yue	v.	decir
见附件	jian:fu:jian	v.	ver anexo
耸	song	v.	encoger los hombros
不接受	bu:jie:shou	v.	no aceptar
计划经济	ji:hua:jing:ji	n.	economía planificada
裂缝	lie:feng	n.	grieta
理所当然	li:suo:dang:ran	adj.	natural
膊	bo	n.	brazo
面容	mian:rong	n.	rostro
售出	shou:chu	v.	vender
主宰	zhu:zai	v.	dirigir
主宰	zhu:zai	n.	soberano
降临	jiang:lin	v.	descender
市场前景	shi:chang:qian:jing	n.	perspectivas del mercado
网站地图	wang:zhan:di:tu	n.	mapa del sitio
拇指	mu:zhi	n.	pulgar
精简	jing:jian	v.	simplificar
不可或缺	bu:ke:huo:que	adj.	indispensable
十佳	shi:jia	adj.	top diez
通路	tong:lu	n.	pasaje
通路	tong:lu	n.	vía
近百	jin:bai	num.	casi 100
建设局	jian:she:ju	n.	oficina de construcción
政绩	zheng:ji	n.	logro político
周密	zhou:mi	adj.	minucioso
民政部门	min:zheng:bu:men	n.	departamento de asuntos civiles
瓶子	ping:zi	n.	botella
无图	wu:tu	adj.	sin imagen
一卡通	yi:ka:tong	n.	tarjeta inteligente
经历过	jing:li:guo	v.	haber experimentado
开除	kai:chu	v.	despedir
大大提高	da:da:ti:gao	v.	mejorar enormemente
逆	ni	adj.	inverso
粪便	fen:bian	n.	heces
共鸣	gong:ming	n.	resonancia
共鸣	gong:ming	v.	resonar
净土	jing:tu	n.	tierra pura
可想而知	ke:xiang:er:zhi	v.	se puede imaginar
每吨	mei:dun	num.	por tonelada
压缩机	ya:suo:ji	n.	compresor
神话	shen:hua	n.	mito
神话	shen:hua	v.	mitificar
积蓄	ji:xu	v.	ahorrar
积蓄	ji:xu	n.	ahorros
山林	shan:lin	n.	bosque montañoso
坚定的	jian:ding:de	adj.	firme
文化程度	wen:hua:cheng:du	n.	nivel educativo
幼稚	you:zhi	adj.	infantil
寂寞的	ji:mo:de	adj.	solitario
经由	jing:you	prep.	vía
双双	shuang:shuang	num.	por parejas
优先级	you:xian:ji	n.	prioridad
市人民政府	shi:ren:min:zheng:fu	n.	gobierno popular municipal
往上	wang:shang	adv.	hacia arriba
审视	shen:shi	v.	escrutar
寿	shou	n.	longevidad
变质	bian:zhi	v.	deteriorarse
变质	bian:zhi	v.	cambiar de naturaleza
毛衣	mao:yi	n.	suéter
驾驭	jia:yu	v.	controlar
赎回	shu:hui	v.	rescatar
驱	qu	v.	expulsar
小猫	xiao:mao	n.	gatito
越发	yue:fa	adv.	cada vez más
技术培训	ji:shu:pei:xun	n.	capacitación técnica
膝盖	xi:gai	n.	rodilla
孟子	meng:zi	n.	Mencio
照相机	zhao:xiang:ji	n.	cámara
免收	mian:shou	v.	eximir de pago
土地管理	tu:di:guan:li	n.	gestión de tierras
猴	hou	n.	mono
爱尔兰	ai:er:lan	n.	Irlanda
佣	yong	n.	comisión
轻声	qing:sheng	n.	tono neutro
出口企业	chu:kou:qi:ye	n.	empresa exportadora
当地政府	dang:di:zheng:fu	n.	gobierno local
镜片	jing:pian	n.	lente
品格	pin:ge	n.	carácter
新工艺	xin:gong:yi	n.	nuevo proceso
区域经济	qu:yu:jing:ji	n.	economía regional
太原市	tai:yuan:shi	n.	ciudad de Taiyuan
毅	yi	adj.	resuelto
青龙	qing:long	n.	Qinglong
嫌疑	xian:yi	n.	sospecha
嫌疑	xian:yi	v.	sospechar
外观设计	wai:guan:she:ji	n.	diseño exterior
玉器	yu:qi	n.	objetos de jade
舅	jiu	n.	tío materno
经济型	jing:ji:xing	adj.	tipo económico
课题研究	ke:ti:yan:jiu	n.	investigación de proyecto
矩阵	ju:zhen	n.	matriz
茫茫	mang:mang	adj.	vasto
商品信息	shang:pin:xin:xi	n.	información de producto
与众不同	yu:zhong:bu:tong	adj.	único
暗中	an:zhong	adv.	en secreto
公共汽车	gong:gong:qi:che	n.	autobús
主办方	zhu:ban:fang	n.	organizador
映射	ying:she	v.	mapear
车票	che:piao	n.	boleto
贝壳	bei:ke	n.	concha
选民	xuan:min	n.	votante
牙膏	ya:gao	n.	pasta dental
监听	jian:ting	v.	escuchar
紧紧地	jin:jin:de	adv.	estrechamente
境地	jing:di	n.	situación
挪威	nuo:wei	n.	Noruega
招生计划	zhao:sheng:ji:hua	n.	plan de admisión
开发人员	kai:fa:ren:yuan	n.	desarrollador
铜	tong	n.	cobre
通俗	tong:su	adj.	popular
较量	jiao:liang	v.	competir
结成	jie:cheng	v.	formar
全员	quan:yuan	n.	todos los miembros
至尊	zhi:zun	adj.	supremo
该片	gai:pian	n.	esta película
气流	qi:liu	n.	corriente de aire
各个环节	ge:ge:huan:jie	n.	cada etapa
发短信	fa:duan:xin	v.	enviar un mensaje
沟通能力	gou:tong:neng:li	n.	capacidad de comunicación
美德	mei:de	n.	virtud
房屋建筑	fang:wu:jian:zhu	n.	construcción de edificios
第三代	di:san:dai	n.	tercera generación
韭菜	jiu:cai	n.	puerro
水土保持	shui:tu:bao:chi	v.	conservación de suelos
林地	lin:di	n.	terreno forestal
太小	tai:xiao	adj.	demasiado pequeño
娟	juan	n.	Juan (nombre)
双面	shuang:mian	adj.	doble cara
搬运	ban:yun	v.	transportar
不一致	bu:yi:zhi	adj.	inconsistente
不一致	bu:yi:zhi	v.	no coincidir
眯	mi	v.	entornar los ojos
保暖	bao:nuan	v.	mantener caliente
红外线	hong:wai:xian	n.	infrarrojo
下页	xia:ye	n.	página siguiente
短片	duan:pian	n.	cortometraje
诗仙	shi:xian	n.	poeta inmortal
绘图	hui:tu	v.	dibujar
动用	dong:yong	v.	utilizar
多彩	duo:cai	adj.	colorido
损益	sun:yi	n.	pérdidas y ganancias
赞誉	zan:yu	n.	elogio
赞誉	zan:yu	v.	elogiar
政法	zheng:fa	n.	política y derecho
服务部	fu:wu:bu	n.	departamento de servicio
资历	zi:li	n.	calificación
少林	shao:lin	n.	Shaolin
抗拒	kang:ju	v.	resistir
老师们	lao:shi:men	n.	profesores
鹦鹉	ying:wu	n.	loro
探头	tan:tou	v.	asomarse
花样	hua:yang	n.	patrón
花样	hua:yang	n.	truco
城建	cheng:jian	n.	construcción urbana
奶粉	nai:fen	n.	leche en polvo
水肿	shui:zhong	n.	edema
淫	yin	adj.	lascivo
腰带	yao:dai	n.	cinturón
食盐	shi:yan	n.	sal
出货	chu:huo	v.	enviar mercancía
默契	mo:qi	n.	entendimiento
幕后	mu:hou	n.	detrás de escena
真伪	zhen:wei	n.	autenticidad
大学英语	da:xue:ying:yu	n.	inglés universitario
小车	xiao:che	n.	coche pequeño
灵敏	ling:min	adj.	sensible
灵敏	ling:min	adj.	ágil
重型	zhong:xing	adj.	pesado
风机	feng:ji	n.	aerogenerador
郭靖	guo:jing	n.	Guo Jing
万家	wan:jia	n.	diez mil hogares
子系统	zi:xi:tong	n.	subsistema
服务水平	fu:wu:shui:ping	n.	nivel de servicio
二中	er:zhong	n.	segundo instituto
重伤	zhong:shang	n.	lesión grave
重伤	zhong:shang	v.	herir gravemente
地下水	di:xia:shui	n.	agua subterránea
加息	jia:xi	v.	subir tasas de interés
一文	yi:wen	n.	un artículo
高品质的	gao:pin:zhi:de	adj.	de alta calidad
委托代理人	wei:tuo:dai:li:ren	n.	apoderado
摄取	she:qu	v.	absorber
教学过程	jiao:xue:guo:cheng	n.	proceso de enseñanza
吩	fen	v.	murmurar
开心的	kai:xin:de	adj.	feliz
主要问题	zhu:yao:wen:ti	n.	problema principal
给学生	gei:xue:sheng	v.	dar a los estudiantes
本部门	ben:bu:men	n.	este departamento
盛世	sheng:shi	n.	era próspera
回首	hui:shou	v.	mirar atrás
缺货	que:huo	v.	estar agotado
星际	xing:ji	adj.	interestelar
巡逻	xun:luo	v.	patrullar
祝你	zhu:ni	v.	te deseo
葡萄牙	pu:tao:ya	n.	Portugal
溶剂	rong:ji	n.	solvente
划拨	hua:bo	v.	asignar
民营经济	min:ying:jing:ji	n.	economía privada
七天	qi:tian	num.	7 días
每种	mei:zhong	pron.	cada tipo
匪	fei	n.	bandido
西装	xi:zhuang	n.	traje
见到了	jian:dao:le	v.	encontrado
纯净水	chun:jing:shui	n.	agua purificada
共产	gong:chan	v.	comunista
好用	hao:yong	adj.	útil
问卷	wen:juan	n.	cuestionario
绩效考核	ji:xiao:kao:he	n.	evaluación del desempeño
江河	jiang:he	n.	río, río
启动了	qi:dong:le	v.	iniciar
始终保持	shi:zhong:bao:chi	v.	siempre mantener
用时	yong:shi	n.	tiempo empleado
转了	zhuan:le	v.	girado
冶炼	ye:lian	v.	fundir
没想	mei:xiang	v.	no pensar
羽毛球	yu:mao:qiu	n.	bádminton
实习生	shi:xi:sheng	n.	pasante
誓言	shi:yan	n.	juramento
健全的	jian:quan:de	adj.	sano
残酷的	can:ku:de	adj.	cruel
激战	ji:zhan	n.	combate feroz
选择性	xuan:ze:xing	n.	selectividad
对我来说	dui:wo:lai:shuo	prep.	para mí
初衷	chu:zhong	n.	intención original
独立性	du:li:xing	n.	independencia
管理学院	guan:li:xue:yuan	n.	escuela de administración
新阶段	xin:jie:duan	n.	nueva etapa
腰部	yao:bu	n.	cintura
家庭成员	jia:ting:cheng:yuan	n.	miembro de la familia
禁区	jin:qu	n.	zona prohibida
信道	xin:dao	n.	canal
心爱	xin:ai	adj.	amado
意外的	yi:wai:de	adj.	inesperado
混淆	hun:xiao	v.	confundir
片名	pian:ming	n.	título de película
第四十二条	di:si:shi:er:tiao	num.	artículo 42
牧	mu	v.	pastorear
湿的	shi:de	adj.	mojado
役	yi	n.	papel
护肤品	hu:fu:pin	n.	producto para la piel
应用系统	ying:yong:xi:tong	n.	sistema de aplicación
呼吸道	hu:xi:dao	n.	vías respiratorias
主管机关	zhu:guan:ji:guan	n.	autoridad competente
诡	gui	adj.	engañoso
供货商	gong:huo:shang	n.	proveedor
适应性	shi:ying:xing	n.	adaptabilidad
追赶	zhui:gan	v.	perseguir
男主角	nan:zhu:jue	n.	protagonista masculino
琢磨	zhuo:mo	v.	reflexionar
琢磨	zuo:mo	v.	meditar
沮丧	ju:sang	adj.	deprimido
最主要	zui:zhu:yao	adj.	más importante
还请	hai:qing	adv.	por favor también
触摸屏	chu:mo:ping	n.	pantalla táctil
下降了	xia:jiang:le	v.	disminuir
善良的	shan:liang:de	adj.	bondadoso
阶段性	jie:duan:xing	adj.	por etapas
城管	cheng:guan	n.	gestor urbano
端正	duan:zheng	adj.	recto
发电机	fa:dian:ji	n.	generador
无量	wu:liang	adj.	inmenso
来得及	lai:de:ji	v.	dar suficiente tiempo
烟雾	yan:wu	n.	humo
正确地	zheng:que:de	adv.	correctamente
不慎	bu:shen	adv.	imprudente
私自	si:zi	adv.	por cuenta propia
现代教育	xian:dai:jiao:yu	n.	educación moderna
以下几点	yi:xia:ji:dian	n.	los siguientes puntos
多半	duo:ban	adv.	probablemente
阵营	zhen:ying	n.	campamento
他觉得	ta:jue:de	pron.	él siente
现行的	xian:xing:de	adj.	actual
付出了	fu:chu:le	v.	pagar
虽是	sui:shi	conj.	aunque
皮带	pi:dai	n.	cinturón
号为	hao:wei	v.	ser llamado
基本条件	ji:ben:tiao:jian	n.	condiciones básicas
养老金	yang:lao:jin	n.	pensión
书目	shu:mu	n.	catálogo
星期二	xing:qi:er	n.	martes
惬意	qie:yi	adj.	agradable
蓬勃发展	peng:bo:fa:zhan	v.	desarrollarse vigorosamente
送去	song:qu	v.	enviar
普通人	pu:tong:ren	n.	persona común
纤	xian	adj.	fino
没有想到	mei:you:xiang:dao	v.	no esperar
庐山	lu:shan	n.	Monte Lu
心理的	xin:li:de	adj.	psicológico
服药	fu:yao	v.	tomar medicación
赶上	gan:shang	v.	alcanzar
式样	shi:yang	n.	estilo, modelo
配料	pei:liao	n.	ingrediente
天气预报	tian:qi:yu:bao	n.	pronóstico del tiempo
场馆	chang:guan	n.	recinto
画出	hua:chu	v.	dibujar
昏迷	hun:mi	v.	estar en coma
昏迷	hun:mi	n.	coma
销售部	xiao:shou:bu	n.	departamento de ventas
溢出	yi:chu	v.	desbordarse
航行	hang:xing	v.	navegar
深层次	shen:ceng:ci	n.	nivel profundo
抓起	zhua:qi	v.	agarrar
旅游景点	lv:you:jing:dian	n.	atractivo turístico
胜利的	sheng:li:de	adj.	victorioso
组织协调	zu:zhi:xie:tiao	v.	organizar y coordinar
腐	fu	v.	pudrir
叉车	cha:che	n.	montacargas
太极拳	tai:ji:quan	n.	Tai Chi
达成协议	da:cheng:xie:yi	v.	llegar a un acuerdo
哲学家	zhe:xue:jia	n.	filósofo
更需要	geng:xu:yao	v.	necesitar más
先看	xian:kan	v.	mirar primero
而行	er:xing	v.	actuar
最难	zui:nan	adj.	más difícil
现代社会	xian:dai:she:hui	n.	sociedad moderna
个人空间	ge:ren:kong:jian	n.	espacio personal
特许经营	te:xu:jing:ying	n.	franquicia
资源优势	zi:yuan:you:shi	n.	ventaja de recursos
姻	yin	n.	matrimonio
下单	xia:dan	v.	hacer un pedido
差异化	cha:yi:hua	v.	diferenciar
晰	xi	adj.	claro
渊	yuan	n.	abismo
亭	ting	n.	pabellón
购进	gou:jin	v.	comprar
邀	yao	v.	invitar
佩戴	pei:dai	v.	llevar puesto
高额	gao:e	n.	gran cantidad
所有制	suo:you:zhi	n.	sistema de propiedad
哄	hong	v.	engatusar
刘先生	liu:xian:sheng	n.	Sr. Liu
功能性	gong:neng:xing	n.	funcionalidad
装入	zhuang:ru	v.	cargar en
异味	yi:wei	n.	olor extraño
继而	ji:er	adv.	luego
相互作用	xiang:hu:zuo:yong	n.	interacción
凶手	xiong:shou	n.	asesino
租车	zu:che	v.	alquilar un coche
骚	sao	adj.	obsceno
骚	sao	adj.	hediondo
技术资料	ji:shu:zi:liao	n.	datos técnicos
厚重	hou:zhong	adj.	grueso y pesado
家门	jia:men	n.	puerta de la casa
宝安区	bao:an:qu	n.	distrito de Bao'an
打斗	da:dou	v.	pelear
理事长	li:shi:zhang	n.	presidente
墓	mu	n.	tumba
倒下	dao:xia	v.	caerse
自古	zi:gu	adv.	desde la antigüedad
宝典	bao:dian	n.	manual precioso
统称	tong:cheng	v.	denominar colectivamente
柯	ke	n.	Ke
快餐	kuai:can	n.	comida rápida
平滑	ping:hua	adj.	liso
最著名	zui:zhu:ming	adj.	más famoso
谦虚	qian:xu	adj.	modesto
游离	you:li	v.	derivar
潮湿	chao:shi	adj.	húmedo
武警	wu:jing	n.	policía armada
船长	chuan:zhang	n.	capitán
轻度	qing:du	adj.	leve
轻度	qing:du	n.	levedad
狗肉	gou:rou	n.	carne de perro
书法家	shu:fa:jia	n.	calígrafo
看电影	kan:dian:ying	v.	ver un film
胃口	wei:kou	n.	apetito
技术员	ji:shu:yuan	n.	técnico
开发公司	kai:fa:gong:si	n.	empresa de desarrollo
不屑	bu:xie	v.	despreciar
荆州	jing:zhou	n.	Jingzhou
市值	shi:zhi	n.	valor de mercado
拉住	la:zhu	v.	retener
拖动	tuo:dong	v.	arrastrar
押金	ya:jin	n.	depósito
中国工商银行	zhong:guo:gong:shang:yin:hang	n.	ICBC
两三	liang:san	num.	dos o tres
这批	zhe:pi	pron.	este lote
请点击这里	qing:dian:ji:zhe:li	v.	haga clic aquí
任免	ren:mian	v.	nombrar y remover
谢谢了	xie:xie:le	v.	gracias
方圆	fang:yuan	n.	radio/circunferencia
胜负	sheng:fu	n.	victoria o derrota
委实	wei:shi	adv.	realmente
控告	kong:gao	v.	acusar
苗族	miao:zu	n.	pueblo Miao
虚伪	xu:wei	adj.	hipócrita
液晶屏	ye:jing:ping	n.	pantalla lcd
增量	zeng:liang	n.	incremento
增量	zeng:liang	v.	incrementar
相聚	xiang:ju	v.	reunirse
攻势	gong:shi	n.	ofensiva
深表	shen:biao	v.	expresar profundamente
筋	jin	n.	músculo
编著	bian:zhu	v.	compilar
编著	bian:zhu	n.	compilación
答疑	da:yi	v.	responder preguntas
服务内容	fu:wu:nei:rong	n.	contenido del servicio
桑拿	sang:na	n.	sauna
崔	cui	n.	Cui
单独的	dan:du:de	adj.	solo, separado
全国人大	quan:guo:ren:da	n.	Asamblea Popular Nacional
充满活力	chong:man:huo:li	adj.	lleno de vitalidad
出名	chu:ming	v.	hacerse famoso
废弃物	fei:qi:wu	n.	desecho, residuo
迈进	mai:jin	v.	avanzar, progresar
科技局	ke:ji:ju	n.	oficina de ciencia y tecnología
山中	shan:zhong	n.	en la montaña
原是	yuan:shi	v.	era originalmente
路子	lu:zi	n.	vía, método
照射	zhao:she	v.	irradiar, iluminar
情歌	qing:ge	n.	canción de amor
红了	hong:le	v.	volverse popular, ponerse rojo
回放	hui:fang	v.	reproducir, volver a reproducir
在任	zai:ren	adj.	en funciones, en el cargo
好运	hao:yun	n.	buena suerte
入市	ru:shi	v.	entrar al mercado
应予	ying:yu	v.	debería otorgar
服务电话	fu:wu:dian:hua	n.	teléfono de servicio
可口	ke:kou	adj.	sabroso, delicioso
正式的	zheng:shi:de	adj.	formal
双线	shuang:xian	n.	línea doble
四次	si:ci	num.	4 veces
追捧	zhui:peng	v.	perseguir
这样的事	zhe:yang:de:shi	n.	cosas así
可进	ke:jin	v.	poder entrar
分发	fen:fa	v.	distribuir
键值	jian:zhi	n.	clave-valor
浪子	lang:zi	n.	hijo pródigo
车速	che:su	n.	velocidad del vehículo
不适应	bu:shi:ying	v.	no adaptarse
包袱	bao:fu	n.	carga
接送	jie:song	v.	recoger y llevar
灿	can	adj.	brillante
不在线	bu:zai:xian	adj.	fuera de línea
分期	fen:qi	v.	pagar a plazos
特别注意	te:bie:zhu:yi	v.	prestar especial atención
消费税	xiao:fei:shui	n.	impuesto al consumo
又叫	you:jiao	v.	también llamado
只知道	zhi:zhi:dao	v.	solo saber
光照	guang:zhao	n.	irradiación
荷花	he:hua	n.	flor de loto
焦距	jiao:ju	n.	distancia focal
高速发展	gao:su:fa:zhan	v.	desarrollarse rápidamente
高速发展	gao:su:fa:zhan	n.	desarrollo rápido
三代	san:dai	num.	3.ª generación
在现场	zai:xian:chang	prep.	en el lugar
告诫	gao:jie	v.	advertir, amonestar
所言	suo:yan	n.	lo dicho
基本概念	ji:ben:gai:nian	n.	concepto básico
换取	huan:qu	v.	canjear
汕头市	shan:tou:shi	n.	ciudad de Shantou
为契机	wei:qi:ji	prep.	como oportunidad
安全套	an:quan:tao	n.	condón
退役	tui:yi	v.	retirarse del servicio
折腾	zhe:teng	v.	dar vueltas
总金额	zong:jin:e	n.	monto total
社区服务	she:qu:fu:wu	n.	servicio comunitario
志愿服务	zhi:yuan:fu:wu	n.	servicio voluntario
回升	hui:sheng	v.	subir, repuntar
排查	pai:cha	v.	inspeccionar, investigar
此商品	ci:shang:pin	n.	este producto
自用	zi:yong	v.	uso propio
高产	gao:chan	adj.	de alto rendimiento
在建	zai:jian	adj.	en construcción
打断	da:duan	v.	interrumpir
一个小时	yi:ge:xiao:shi	num.	una hora
捷	jie	adj.	rápido, ágil
十五日	shi:wu:ri	num.	día 15
可采用	ke:cai:yong	v.	poder adoptar
发呆	fa:dai	v.	aturdir
拘留	ju:liu	v.	detener
拘留	ju:liu	n.	detención
昆仑	kun:lun	n.	montes Kunlun
好似	hao:si	v.	parecer
电讯	dian:xun	n.	telecomunicaciones
史料	shi:liao	n.	materiales históricos
当真	dang:zhen	adv.	realmente
人像	ren:xiang	n.	retrato
网络管理	wang:luo:guan:li	n.	gestión de red
大叔	da:shu	n.	tío
遗憾的是	yi:han:de:shi	conj.	lamentablemente
赠品	zeng:pin	n.	regalo
股本	gu:ben	n.	capital social
年月	nian:yue	n.	años y meses
午夜	wu:ye	n.	medianoche
停产	ting:chan	v.	detener la producción
方便地	fang:bian:de	adv.	convenientemente
偶然的	ou:ran:de	adj.	accidental
呆了	dai:le	v.	quedarse atónito
学术界	xue:shu:jie	n.	mundo académico
代言	dai:yan	v.	promocionar
墙体	qiang:ti	n.	pared, muro
淋	lin	v.	empapar, rociar
刻录机	ke:lu:ji	n.	grabador, grabadora
突破了	tu:po:le	v.	romper, superar
摄氏度	she:shi:du	n.	grado Celsius, centígrado
再创	zai:chuang	v.	crear de nuevo
适中	shi:zhong	adj.	moderado, medio
侦查	zhen:cha	v.	investigar, reconocimiento
附表	fu:biao	n.	anexo, tabla adjunta
高涨	gao:zhang	v.	subir, aumentar
集聚	ji:ju	v.	reunir, agrupar
睡了	shui:le	v.	dormido, dormí
视窗	shi:chuang	n.	ventana
双层	shuang:ceng	adj.	doble, de dos capas
卡车	ka:che	n.	camión, camioneta
综合征	zong:he:zheng	n.	síndrome
用料	yong:liao	n.	ingredientes, materiales
听取了	ting:qu:le	v.	escuchado, oído
弗	fu	part.	no, no es
本本	ben:ben	num.	cada libro
人才队伍	ren:cai:dui:wu	n.	banco de talentos
六级	liu:ji	num.	nivel seis, sexto grado
涉足	she:zu	v.	pisar, involucrarse
无语	wu:yu	adj.	sin palabras
围绕着	wei:rao:zhe	v.	rodear
地主	di:zhu	n.	terrateniente
矿泉水	kuang:quan:shui	n.	agua mineral
普通高中	pu:tong:gao:zhong	n.	instituto de bachillerato
上诉	shang:su	v.	apelar
交通安全	jiao:tong:an:quan	n.	seguridad vial
机子	ji:zi	n.	máquina
冷水	leng:shui	n.	agua fría
辑	ji	v.	editar
患病	huan:bing	v.	enfermar
英文名	ying:wen:ming	n.	nombre en inglés
孕育	yun:yu	v.	nutrir
诅咒	zu:zhou	v.	maldecir
书本	shu:ben	n.	libros
技术含量	ji:shu:han:liang	n.	contenido técnico
大部分的	da:bu:fen:de	adj.	la mayoría de
美眉	mei:mei	n.	chica guapa
面色	mian:se	n.	color de rostro
向东	xiang:dong	prep.	hacia el este
翻身	fan:shen	v.	voltearse
导购	dao:gou	v.	guiar compras
导购	dao:gou	n.	guía de compras
咨询师	zi:xun:shi	n.	consultor
忽略了	hu:lve:le	v.	ignorar
多年前	duo:nian:qian	n.	hace muchos años
深知	shen:zhi	v.	saber profundamente
自然环境	zi:ran:huan:jing	n.	medio ambiente
新闻发布	xin:wen:fa:bu	n.	comunicado de prensa
随心所欲	sui:xin:suo:yu	v.	hacer lo que uno quiera
实事	shi:shi	n.	hecho
同城	tong:cheng	adj.	misma ciudad
建成后	jian:cheng:hou	n.	tras la construcción
充分认识	chong:fen:ren:shi	v.	comprender plenamente
构件	gou:jian	n.	componente
外交部	wai:jiao:bu	n.	ministerio de Asuntos Exteriores
总能	zong:neng	adv.	siempre poder
恐慌	kong:huang	n.	pánico
恐慌	kong:huang	v.	entrar en pánico
数码产品	shu:ma:chan:pin	n.	productos digitales
庄子	zhuang:zi	n.	Zhuangzi
尖叫	jian:jiao	v.	chillar
必需的	bi:xu:de	adj.	esencial
新情况	xin:qing:kuang	n.	nueva situación
来不及	lai:bu:ji	v.	no tener tiempo suficiente
成语	cheng:yu	n.	modismo
钢结构	gang:jie:gou	n.	estructura de acero
香格里拉	xiang:ge:li:la	n.	Shangri-La
检举	jian:ju	v.	denunciar
棍	gun	n.	palo
四位	si:wei	num.	4 personas
一时的	yi:shi:de	adj.	temporal
部委	bu:wei	n.	ministerio y comisión
电镀	dian:du	v.	galvanizar
日夜	ri:ye	n.	día y noche
日夜	ri:ye	adv.	día y noche
一地	yi:di	n.	un lugar
纸上	zhi:shang	n.	en papel
经办机构	jing:ban:ji:gou	n.	organismo gestor
答应了	da:ying:le	v.	aceptó
反响	fan:xiang	n.	reacción
走入	zou:ru	v.	entrar en
烟花	yan:hua	n.	fuegos artificiales
极高	ji:gao	adj.	extrem alto
开局	kai:ju	n.	apertura
表达式	biao:da:shi	n.	expresión
修剪	xiu:jian	v.	podar
英格兰	ying:ge:lan	n.	Inglaterra
绳	sheng	n.	cuerda
入股	ru:gu	v.	invertir
双色球	shuang:se:qiu	n.	bola bicolor
严厉	yan:li	adj.	estricto
税额	shui:e	n.	monto de impuesto
优劣	you:lie	n.	pros y contras
作法	zuo:fa	n.	método
骆驼	luo:tuo	n.	camello
灭火	mie:huo	v.	extinguir fuego
别致	bie:zhi	adj.	peculiar
餐桌	can:zhuo	n.	mesa de comedor
二百	er:bai	num.	doscientos
频	pin	adv.	frecuentemente
佛像	fo:xiang	n.	estatua de Buda
干活	gan:huo	v.	trabajar
受教育	shou:jiao:yu	v.	recibir educación
四楼	si:lou	n.	cuarto piso
总决赛	zong:jue:sai	n.	final
酒类	jiu:lei	n.	alcohol
钢板	gang:ban	n.	placa de acero
巡视	xun:shi	v.	inspeccionar
高空	gao:kong	n.	gran altura
污水处理	wu:shui:chu:li	n.	tratamiento de aguas residuales
安全隐患	an:quan:yin:huan	n.	peligro de seguridad
淡化	dan:hua	v.	diluir
望去	wang:qu	v.	mirar hacia
入睡	ru:shui	v.	dormirse
廊	lang	n.	pasillo
宝钢	bao:gang	n.	Baosteel
长效	chang:xiao	adj.	de larga duración
该死	gai:si	adj.	maldito
九年	jiu:nian	num.	9 años
两方面	liang:fang:mian	n.	dos aspectos
恋情	lian:qing	n.	romance
负责任	fu:ze:ren	v.	asumir responsabilidad
也罢	ye:ba	part.	sea como sea
纹理	wen:li	n.	textura
美洲	mei:zhou	n.	América
步兵	bu:bing	n.	infantería
覆盖面	fu:gai:mian	n.	cobertura
伤亡	shang:wang	n.	bajas
六个月	liu:ge:yue	num.	6 meses
篮板	lan:ban	n.	rebote
表现形式	biao:xian:xing:shi	n.	forma de expresión
迟到	chi:dao	v.	llegar tarde
公司网站	gong:si:wang:zhan	n.	sitio web de la empresa
稳固	wen:gu	adj.	estable
稳固	wen:gu	v.	consolidar
名牌产品	ming:pai:chan:pin	n.	producto de marca
畏	wei	v.	temer
洗脸	xi:lian	v.	lavarse la cara
先进个人	xian:jin:ge:ren	n.	individuo ejemplar
有情	you:qing	adj.	afectuoso
歇	xie	v.	descansar
大股东	da:gu:dong	n.	accionista mayoritario
第二阶段	di:er:jie:duan	n.	segunda etapa
示范区	shi:fan:qu	n.	zona de demostración
裹	guo	v.	envolver
苗	miao	n.	brote
苗	miao	n.	vacuna
海龙	hai:long	n.	dragón de mar
选区	xuan:qu	n.	circunscripción
病症	bing:zheng	n.	síntoma
车位	che:wei	n.	plaza de aparcamiento
早年	zao:nian	n.	años tempranos
繁体中文	fan:ti:zhong:wen	n.	chino tradicional
买来	mai:lai	v.	comprar
抽取	chou:qu	v.	extraer
喝水	he:shui	v.	beber agua
第三步	di:san:bu	n.	tercer paso
山脉	shan:mai	n.	cordillera
绳子	sheng:zi	n.	cuerda
墨水	mo:shui	n.	tinta
圣地	sheng:di	n.	tierra santa
要做好	yao:zuo:hao	v.	hacer bien
较短	jiao:duan	adj.	relativamente corto
网络信息	wang:luo:xin:xi	n.	información en línea
贮藏	zhu:cang	v.	almacenar
射线	she:xian	n.	rayo
百余	bai:yu	num.	más de 100
乙肝	yi:gan	n.	hepatitis B
盼	pan	v.	esperar
小幅	xiao:fu	adj.	ligero
打字	da:zi	v.	teclear
房东	fang:dong	n.	propietario
社会主义事业	she:hui:zhu:yi:shi:ye	n.	causa socialista
软件类型	ruan:jian:lei:xing	n.	tipo de software
两层	liang:ceng	num.	dos capas
两层	liang:ceng	n.	dos pisos
国际合作	guo:ji:he:zuo	n.	cooperación internacional
楼宇	lou:yu	n.	edificios
七大	qi:da	num.	siete grandes
四年级	si:nian:ji	n.	cuarto grado
工作职责	gong:zuo:zhi:ze	n.	responsabilidades laborales
喊道	han:dao	v.	gritar
房里	fang:li	n.	en la habitación
共赢	gong:ying	v.	ganar-ganar
七彩	qi:cai	adj.	multicolor
装扮	zhuang:ban	v.	disfrazar
装扮	zhuang:ban	n.	disfraz
变速箱	bian:su:xiang	n.	caja de cambios
换来	huan:lai	v.	traer
嵌入	qian:ru	v.	incrustar
小路	xiao:lu	n.	camino
耍	shua	v.	jugar
煞	sha	adv.	extremadamente
生活环境	sheng:huo:huan:jing	n.	entorno de vida
晓得	xiao:de	v.	saber
延时	yan:shi	v.	retrasar
不由自主	bu:you:zi:zhu	adj.	involuntariamente
两周	liang:zhou	num.	2 semanas
容貌	rong:mao	n.	apariencia
寝	qin	v.	dormir
开户银行	kai:hu:yin:hang	n.	banco de apertura de cuenta
实质上	shi:zhi:shang	adv.	sustancialmente
盐酸	yan:suan	n.	ácido clorhídrico
复印机	fu:yin:ji	n.	fotocopiadora
交流会	jiao:liu:hui	n.	reunión de intercambio
麻将	ma:jiang	n.	mahjong
产品设计	chan:pin:she:ji	n.	diseño de producto
转头	zhuan:tou	v.	girar la cabeza
尘埃	chen:ai	n.	polvo
迫切需要	po:qie:xu:yao	v.	necesitar urgentemente
野兽	ye:shou	n.	bestia
多处	duo:chu	n.	muchos lugares
第五节	di:wu:jie	n.	quinta sección
银川	yin:chuan	n.	Yinchuan
缺省	que:sheng	v.	establecer por defecto
瞒	man	v.	ocultar
换届	huan:jie	v.	renovación
干部队伍	gan:bu:dui:wu	n.	equipo de cuadros
芝麻	zhi:ma	n.	sésamo
打招呼	da:zhao:hu	v.	saludar
国度	guo:du	n.	país, nación
商务中心	shang:wu:zhong:xin	n.	centro de negocios
憧憬	chong:jing	v.	anhelar
憧憬	chong:jing	n.	anhelo, ideal
法制宣传	fa:zhi:xuan:chuan	n.	propaganda jurídica
火山	huo:shan	n.	volcán
相貌	xiang:mao	n.	apariencia, rostro
四项	si:xiang	num.	4 artículos, 4 elementos
电脑网络	dian:nao:wang:luo	n.	red informática
接地	jie:di	v.	conectar a tierra
火力	huo:li	n.	potencia de fuego
减速	jian:su	v.	desacelerar
每期	mei:qi	num.	cada número, cada sesión
时事	shi:shi	n.	asuntos de actualidad
网飞	wang:fei	n.	Netflix
约莫	yue:mo	adv.	aproximadamente
东京	dong:jing	n.	Tokio
寄存器	ji:cun:qi	n.	registro
理顺	li:shun	v.	ordenar, aclarar
个人网站	ge:ren:wang:zhan	n.	sitio web personal
罪恶	zui:e	n.	pecado
南宫	nan:gong	n.	Nangong
税务登记	shui:wu:deng:ji	n.	registro fiscal
羊毛	yang:mao	n.	lana
添	tian	v.	añadir
股指	gu:zhi	n.	índice bursátil
汉子	han:zi	n.	hombre
中文网	zhong:wen:wang	n.	sitio web chino
青海省	qing:hai:sheng	n.	provincia de Qinghai
有关政策	you:guan:zheng:ce	n.	políticas pertinentes
农业技术	nong:ye:ji:shu	n.	tecnología agrícola
茫然	mang:ran	adj.	desorientado
酸性	suan:xing	n.	acidez
松开	song:kai	v.	soltar
长出	zhang:chu	v.	crecer
校外	xiao:wai	n.	fuera del campus
燕子	yan:zi	n.	golondrina
报告会	bao:gao:hui	n.	reunión informativa
步行街	bu:xing:jie	n.	calle peatonal
人民银行	ren:min:yin:hang	n.	Banco del pueblo
嫂	sao	n.	cuñada
独资	du:zi	v.	invertir solo
独资	du:zi	n.	propiedad exclusiva
全部内容	quan:bu:nei:rong	n.	todo el contenido
宴会	yan:hui	n.	banquete
宴会	yan:hui	v.	celebrar un banquete
广告宣传	guang:gao:xuan:chuan	n.	publicidad
申报材料	shen:bao:cai:liao	n.	documentos de declaración
主频	zhu:pin	n.	frecuencia principal
中西	zhong:xi	n.	China y Occidente
更长	geng:chang	adj.	más largo
计数器	ji:shu:qi	n.	contador
胸怀	xiong:huai	n.	corazón
胸怀	xiong:huai	v.	abrazar
正常运行	zheng:chang:yun:xing	v.	funcionar normalmente
工程量	gong:cheng:liang	n.	volumen de obra
外墙	wai:qiang	n.	pared exterior
纠	jiu	v.	corregir
金字塔	jin:zi:ta	n.	pirámide
慨	kai	v.	lamentar
每亩	mei:mu	num.	por mu
嚷	rang	v.	gritar
科幻	ke:huan	n.	ciencia ficción
民族文化	min:zu:wen:hua	n.	cultura nacional
瞩目	zhu:mu	v.	atraer la atención
高超	gao:chao	adj.	magistral
货币政策	huo:bi:zheng:ce	n.	política monetaria
松弛	song:chi	adj.	relajado
松弛	song:chi	v.	relajar
城镇化	cheng:zhen:hua	n.	urbanización
办公自动化	ban:gong:zi:dong:hua	n.	automatización de oficinas
天宇	tian:yu	n.	universo
驰	chi	v.	galopar
停电	ting:dian	n.	apagón
在线用户	zai:xian:yong:hu	n.	usuario en línea
居多	ju:duo	v.	ser la mayoría
水管	shui:guan	n.	tubería de agua
研究方向	yan:jiu:fang:xiang	n.	dirección de investigación
尼龙	ni:long	n.	nailon
各科	ge:ke	n.	cada asignatura
蚊子	wen:zi	n.	mosquito
长处	chang:chu	n.	ventaja
精明	jing:ming	adj.	astuto
生产管理	sheng:chan:guan:li	n.	gestión de producción
利害关系	li:hai:guan:xi	n.	intereses
浓厚	nong:hou	adj.	intenso
螺丝	luo:si	n.	tornillo
美誉	mei:yu	n.	buena reputación
证券营业部	zheng:quan:ying:ye:bu	n.	sucursal de valores
承担法律责任	cheng:dan:fa:lv:ze:ren	v.	assumir la responsabilidad legal
完成任务	wan:cheng:ren:wu	v.	completar una tarea
第四十四条	di:si:shi:si:tiao	num.	artículo 44
红的	hong:de	adj.	rojo
背景的	bei:jing:de	adj.	relativo al fondo
两个字	liang:ge:zi	n.	dos caracteres
拐	guai	v.	girar
拐	guai	v.	secuestrar
红利	hong:li	n.	dividendo
取消了	qu:xiao:le	v.	cancelado
冰点	bing:dian	n.	punto de congelación
有声	you:sheng	adj.	sonoro
博览	bo:lan	v.	explorar ampliamente
解释权	jie:shi:quan	n.	derecho de interpretación
收盘	shou:pan	v.	cerrar el mercado
宴	yan	n.	banquete
津	jin	n.	puerto
上月	shang:yue	n.	el mes pasado
对准	dui:zhun	v.	apuntar
卡卡	ka:ka	onom.	entrecortado
抗旱	kang:han	v.	resistente a la sequía
豆芽	dou:ya	n.	brote de soja
表态	biao:tai	v.	expresar una actitud
起始	qi:shi	v.	comenzar
起始	qi:shi	n.	principio
古朴	gu:pu	adj.	sencillo y rústico
岚	lan	n.	niebla
留有	liu:you	v.	conservar
冠心病	guan:xin:bing	n.	enfermedad coronaria
票数	piao:shu	n.	número de votos
关掉	guan:diao	v.	apagar
生怕	sheng:pa	adv.	temer que
经济利益	jing:ji:li:yi	n.	interés económico
邮费	you:fei	n.	franco postal
立志	li:zhi	v.	aspirar a
官网	guan:wang	n.	sitio web oficial
制度改革	zhi:du:gai:ge	n.	reforma institucional
今夜	jin:ye	n.	esta noche
法律文件	fa:lv:wen:jian	n.	documento legal
可不是	ke:bu:shi	int.	ciertamente
妥协	tuo:xie	v.	comprometerse
浴	yu	v.	bañar, bañarse
违反了	wei:fan:le	v.	violar
伪装	wei:zhuang	v.	disfrazar, camuflar
伪装	wei:zhuang	n.	disfraz, camuflaje
往后	wang:hou	adv.	después, luego
往后	wang:hou	n.	el futuro, de ahora en adelante
了不起	liao:bu:qi	adj.	increíble, extraordinario
耻	chi	n.	vergüenza, deshonor
每晚	mei:wan	n.	cada noche
故宫	gu:gong	n.	Ciudad Prohibida
教育资源	jiao:yu:zi:yuan	n.	recursos educativos
红茶	hong:cha	n.	té negro
成龙	cheng:long	n.	Jackie Chan
电价	dian:jia	n.	precio de la electricidad
话筒	hua:tong	n.	micrófono
团队合作	tuan:dui:he:zuo	n.	trabajo en equipo
兴隆	xing:long	adj.	próspero, floreciente
兴隆	xing:long	v.	prosperar, florecer
理赔	li:pei	v.	indemnizar
批准文件	pi:zhun:wen:jian	n.	documento de aprobación
要来	yao:lai	v.	venir
偏好	pian:hao	n.	preferencia
偏好	pian:hao	v.	preferir
第四十三条	di:si:shi:san:tiao	num.	artículo 43
附加值	fu:jia:zhi	n.	valor añadido
清洁生产	qing:jie:sheng:chan	n.	producción limpia
总人口	zong:ren:kou	n.	población total
挽	wan	v.	tirar
挽	wan	v.	tomar de la mano
瘫痪	tan:huan	v.	paralizar
剧院	ju:yuan	n.	teatro
航运	hang:yun	n.	transporte marítimo
不予受理	bu:yu:shou:li	v.	no aceptar
国库	guo:ku	n.	tesoro nacional
宽屏	kuan:ping	n.	pantalla ancha
页	ye	mw.	página
舒缓	shu:huan	v.	aliviar
采暖	cai:nuan	v.	calentar
愚蠢	yu:chun	adj.	estúpido
欠缺	qian:que	v.	carecer
床位	chuang:wei	n.	plaza de cama
服务对象	fu:wu:dui:xiang	n.	público objetivo
誉	yu	n.	reputación
乐意	le:yi	v.	estar dispuesto
装上	zhuang:shang	v.	instalar
标准间	biao:zhun:jian	n.	habitación estándar
新兴的	xin:xing:de	adj.	emergente
建设成为	jian:she:cheng:wei	v.	construir en
无机	wu:ji	adj.	inorgánico
行政区域	xing:zheng:qu:yu	n.	región administrativa
相通	xiang:tong	v.	comunicarse
知晓	zhi:xiao	v.	saber
低声	di:sheng	adj.	en voz baja
低声	di:sheng	v.	susurrar
考试中心	kao:shi:zhong:xin	n.	centro de exámenes
阳朔	yang:shuo	n.	Yangshuo
演艺	yan:yi	n.	art escénica
握着	wo:zhe	v.	sujet de algo
专属	zhuan:shu	adj.	exclusivo
群组	qun:zu	n.	grupo
上官	shang:guan	n.	superior
摊位	tan:wei	n.	puesto
这一年	zhe:yi:nian	n.	este año
牲	sheng	n.	ganado
大堂	da:tang	n.	vestíbulo
网络公司	wang:luo:gong:si	n.	empresa de internet
佛陀	fo:tuo	n.	Buda
确诊	que:zhen	v.	diagnosticar
乳	ru	n.	leche
裸体	luo:ti	adj.	desnudo
结束时间	jie:shu:shi:jian	n.	hora de finalización
打球	da:qiu	v.	jugar a la pelota
网页制作	wang:ye:zhi:zuo	n.	diseño web
强国	qiang:guo	n.	potencia
叙事	xu:shi	v.	narrar
有形	you:xing	adj.	tangible
葫芦	hu:lu	n.	calabaza
仓	cang	n.	almacén
手势	shou:shi	n.	gesto
征求意见	zheng:qiu:yi:jian	v.	pedir opiniones
月前	yue:qian	n.	hace meses
积极配合	ji:ji:pei:he	v.	cooperar activamente
曾说	ceng:shuo	v.	dijo una vez
迈克尔	mai:ke:er	n.	Michael
评选活动	ping:xuan:huo:dong	n.	actividad de selección
专访	zhuan:fang	n.	entrevista exclusiva
粉色	fen:se	n.	rosa
青鸟	qing:niao	n.	pájaro azul
不平	bu:ping	adj.	injusto
故居	gu:ju	n.	antigua residencia
中小型	zhong:xiao:xing	adj.	pequeño y mediano
阐述了	chan:shu:le	v.	exponer, detallar
洗衣	xi:yi	v.	lavar la ropa
称作	cheng:zuo	v.	llamar, denominar
解剖	jie:pou	v.	diseccionar, autopsiar
解剖	jie:pou	n.	anatomía, disección
中国区	zhong:guo:qu	n.	región de China
切断	qie:duan	v.	cortar, interrumpir
最全	zui:quan	adj.	más completo
多余	duo:yu	adj.	superfluo, redundante
富民	fu:min	v.	enriquecer al pueblo
第六届	di:liu:jie	num.	6. sesión
规格型号	gui:ge:xing:hao	n.	especificaciones y modelos
获胜	huo:sheng	v.	ganar, triunfar
打扰	da:rao	v.	molestar, molestar
这里面	zhe:li:mian	pron.	dentro de esto
第八	di:ba	num.	octavo
强盗	qiang:dao	n.	bandido, ladrón
颇具	po:ju	v.	poseer bastante
白菜	bai:cai	n.	col china
流感	liu:gan	n.	gripe
工作重点	gong:zuo:zhong:dian	n.	enfoque de trabajo
后视镜	hou:shi:jing	n.	espejo retrovisor
链条	lian:tiao	n.	cadena
汽车站	qi:che:zhan	n.	estación de autobuses
亲身	qin:shen	adv.	personalmente
总建筑	zong:jian:zhu	n.	arquitectura total
半点	ban:dian	mw.	un poco
半点儿	ban:dian:er	mw.	un poco
无产阶级	wu:chan:jie:ji	n.	proletariado
健美	jian:mei	adj.	atlético
再按	zai:an	v.	presionar de nuevo
多做	duo:zuo	v.	hacer más
相比之下	xiang:bi:zhi:xia	conj.	en comparación
也做	ye:zuo	v.	hacer también
逝	shi	v.	fallecer
报仇	bao:chou	v.	vengar
继电器	ji:dian:qi	n.	relé
没有找到	mei:you:zhao:dao	v.	no encontrar
并行	bing:xing	v.	correr en paralelo
于是就	yu:shi:jiu	conj.	entonces
打动	da:dong	v.	conmover
艺术节	yi:shu:jie	n.	festival de artes
使馆	shi:guan	n.	embajada
这种人	zhe:zhong:ren	pron.	este tipo de persona
设计方案	she:ji:fang:an	n.	plan de diseño
在当前	zai:dang:qian	prep.	en el presente
真正做到	zhen:zheng:zuo:dao	v.	realmente lograr
一体化的	yi:ti:hua:de	adj.	integrado
病虫害	bing:chong:hai	n.	plagas
亨利	heng:li	n.	Henry
同意的	tong:yi:de	adj.	de acuerdo
每件	mei:jian	num.	cada pieza
爱车	ai:che	n.	auto querido
表白	biao:bai	v.	declarar amor
丰台区	feng:tai:qu	n.	distrito de Fengtai
不负责任	bu:fu:ze:ren	adj.	irresponsable
科教	ke:jiao	n.	ciencia y educación
凸显	tu:xian	v.	resaltar
宣传活动	xuan:chuan:huo:dong	n.	campaña publicitaria
找准	zhao:zhun	v.	localizar con precisión
人因	ren:yin	n.	factores humanos
一艘	yi:sou	mw.	un (barco)
乳头	ru:tou	n.	pezón
外形尺寸	wai:xing:chi:cun	n.	dimensiones externas
喉	hou	n.	garganta
发展观	fa:zhan:guan	n.	concepto de desarrollo
逛	guang	v.	pasear
技术指标	ji:shu:zhi:biao	n.	indicador técnico
上床	shang:chuang	v.	ir a la cama
半晌	ban:shang	n.	un rato
食品卫生	shi:pin:wei:sheng	n.	higiene alimentaria
音乐会	yin:yue:hui	n.	concierto
局限性	ju:xian:xing	n.	limitación
合作方式	he:zuo:fang:shi	n.	modo de cooperación
一目了然	yi:mu:liao:ran	adj.	evidente a simple vista
老干部	lao:gan:bu	n.	cuadro veterano
物流企业	wu:liu:qi:ye	n.	empresa de logística
染料	ran:liao	n.	colorante
散发出	san:fa:chu	v.	emitir
悟性	wu:xing	n.	comprensión
跟在	gen:zai	v.	seguir
调和	tiao:he	v.	armonizar
一寸	yi:cun	num.	una pulgada
找寻	zhao:xun	v.	buscar
过热	guo:re	v.	sobrecalentar
公车	gong:che	n.	autobús público
变色	bian:se	v.	cambiar de color
民主政治	min:zhu:zheng:zhi	n.	política democrática
樱	ying	n.	cerezo
正直	zheng:zhi	adj.	íntegro
正直	zheng:zhi	n.	integridad
功课	gong:ke	n.	deberes
多变	duo:bian	adj.	cambiante
公社	gong:she	n.	comuna
开发项目	kai:fa:xiang:mu	n.	proyecto de desarrollo
比尔	bi:er	n.	Bill
建模	jian:mo	v.	modelar
五千	wu:qian	num.	5.000
性情	xing:qing	n.	temperamento
兼	jian	v.	cumplir
突击	tu:ji	v.	asaltar
突击	tu:ji	n.	asalto
自营	zi:ying	v.	autogestion
第十章	di:shi:zhang	n.	capítulo diez
违者	wei:zhe	n.	infractor
特快专递	te:kuai:zhuan:di	n.	entrega exprés
戈	ge	n.	alabarda
哗	hua	onom.	chapoteo
工业经济	gong:ye:jing:ji	n.	economía industrial
港湾	gang:wan	n.	puerto
帷幕	wei:mu	n.	cortina, telón
涯	ya	n.	orilla
惯性	guan:xing	n.	inercia, inercia
韩语	han:yu	n.	coreano
白衣	bai:yi	n.	ropa blanca
说明理由	shuo:ming:li:you	v.	explicar razón
落入	luo:ru	v.	caer en
牛市	niu:shi	n.	mercado alcista
捧	peng	v.	sostener, sujetar
什么事情	shen:me:shi:qing	pron.	qué asunto
大学毕业	da:xue:bi:ye	v.	graduarse de la universidad
五四	wu:si	n.	Movimiento del Cuatro de Mayo
便成	bian:cheng	v.	llegar a ser entonces
管家	guan:jia	n.	mayordomo, administrador
核心的	he:xin:de	adj.	central
精良	jing:liang	adj.	fino, de alta calidad
完备的	wan:bei:de	adj.	completo
些许	xie:xu	adj.	ligero, un poco
对口	dui:kou	adj.	adecuado, correspondiente
而应	er:ying	conj.	y debería
东侧	dong:ce	n.	lado este
接连	jie:lian	adv.	sucesivamente
女职工	nv:zhi:gong	n.	trabajadora, empleada
学了	xue:le	v.	estudiado, aprendido
在线咨询	zai:xian:zi:xun	n.	consulta en línea
铭	ming	v.	inscribir
宽大	kuan:da	adj.	clemente
宽大	kuan:da	adj.	espacioso
妩媚	wu:mei	adj.	encantador, coqueto
内分泌	nei:fen:mi	n.	endocrino
设计理念	she:ji:li:nian	n.	concepto de diseño
七日	qi:ri	num.	7 días
可持续	ke:chi:xu	adj.	sostenible
不认识	bu:ren:shi	v.	no conocer
正中	zheng:zhong	n.	pleno centro
号令	hao:ling	n.	orden
号令	hao:ling	v.	ordenar
削减	xue:jian	v.	reducir
魔兽世界	mo:shou:shi:jie	n.	World of Warcraft
流媒体	liu:mei:ti	n.	streaming
本金	ben:jin	n.	capital
本项目	ben:xiang:mu	n.	este proyecto
博弈	bo:yi	n.	teoría de juegos
博弈	bo:yi	v.	jugar
赚取	zhuan:qu	v.	ganar
静静	jing:jing	adv.	tranquilamente
现代企业	xian:dai:qi:ye	n.	empresa moderna
分娩	fen:mian	v.	dar a luz
成员变量	cheng:yuan:bian:liang	n.	variable miembro
超声	chao:sheng	n.	ultrasonido
信访工作	xin:fang:gong:zuo	n.	trabajo de peticiones
赔偿责任	pei:chang:ze:ren	n.	responsabilidad
逐步建立	zhu:bu:jian:li	v.	establecer paso a paso
障	zhang	n.	obstáculo
课外	ke:wai	adj.	extracurricular
理解为	li:jie:wei	v.	entender como
半径	ban:jing	n.	radio
摊	tan	n.	puesto
摊	tan	v.	extender
差错	cha:cuo	n.	error
想出	xiang:chu	v.	idear
跨	kua	v.	cruzar
更适合	geng:shi:he	v.	ajustarse mejor
办公用品	ban:gong:yong:pin	n.	suministros de oficina
园内	yuan:nei	n.	dentro del jardín
中央政府	zhong:yang:zheng:fu	n.	gobierno central
即成	ji:cheng	adj.	listo para usar
开标	kai:biao	v.	apertura de licitación
刷卡	shua:ka	v.	pasar tarjeta
望远镜	wang:yuan:jing	n.	telescopio
妥	tuo	adj.	adecuado
民歌	min:ge	n.	canción folclórica
延缓	yan:huan	v.	retrasar, demorar
较小的	jiao:xiao:de	adj.	más pequeño
海口市	hai:kou:shi	n.	ciudad de Haikou
红叶	hong:ye	n.	hojas rojas
投诉电话	tou:su:dian:hua	n.	teléfono de reclamaciones
投资额	tou:zi:e	n.	monto de inversión
图片数	tu:pian:shu	n.	número de imágenes
总体上	zong:ti:shang	adv.	en general
送出	song:chu	v.	enviar
单位地址	dan:wei:di:zhi	n.	dirección de la unidad
花香	hua:xiang	n.	aroma de flor
治一治	zhi:yi:zhi	v.	tratar un poco
反倾销	fan:qing:xiao	n.	antidumping
白马	bai:ma	n.	caballo blanco
粉红色	fen:hong:se	n.	color rosa
揉	rou	v.	frotar, amasar
被视为	bei:shi:wei	v.	ser considerado como
喂食	wei:shi	v.	alimentar
函授	han:shou	v.	enseñanza por correspondencia
老的	lao:de	adj.	viejo
诸位	zhu:wei	pron.	todos ustedes
便能	bian:neng	adv.	poder entonces
该商品	gai:shang:pin	n.	el producto
通关	tong:guan	v.	pasar la aduana
中文域名	zhong:wen:yu:ming	n.	dominio en chino
查封	cha:feng	v.	precintar
比萨	bi:sa	n.	pizza
库区	ku:qu	n.	zona del embalse
之和	zhi:he	n.	suma
技术进步	ji:shu:jin:bu	n.	progreso técnico
网上支付	wang:shang:zhi:fu	n.	pago en línea
学派	xue:pai	n.	escuela de pensamiento
不长	bu:chang	adj.	no largo
衣着	yi:zhuo	n.	vestimenta
社会实践	she:hui:shi:jian	n.	práctica social
晋	jin	n.	dinastía Jin
会计学	kuai:ji:xue	n.	contabilidad
产业政策	chan:ye:zheng:ce	n.	política industrial
中信	zhong:xin	n.	CITIC
基础理论	ji:chu:li:lun	n.	teoría básica
枢纽	shu:niu	n.	eje
寞	mo	adj.	solitario
自如	zi:ru	adj.	con naturalidad
牵挂	qian:gua	v.	preocuparse, extrañar
围棋	wei:qi	n.	Go
选派	xuan:pai	v.	seleccionar y enviar
格子	ge:zi	n.	cuadrícula, rejilla
罕见的	han:jian:de	adj.	raro, poco común
热门主题	re:men:zhu:ti	n.	tema popular
博士生导师	bo:shi:sheng:dao:shi	n.	tutor de doctorado
马力	ma:li	n.	caballo de fuerza
产品结构	chan:pin:jie:gou	n.	estructura de producto
漆	qi	n.	laca, pintura
漆	qi	v.	lacar, pintar
营地	ying:di	n.	campamento
迭代	die:dai	v.	iterar
取证	qu:zheng	v.	recoger pruebas
成名	cheng:ming	v.	hacerse famoso
肝炎	gan:yan	n.	hepatitis
深化改革	shen:hua:gai:ge	n.	profundización de la reforma
人等	ren:deng	n.	gente, etc.
南宋	nan:song	n.	dinastía Song del Sur
冲着	chong:zhe	prep.	hacia, dirigido a
恐怖的	kong:bu:de	adj.	terrorífico, aterrador
呼和浩特	hu:he:hao:te	n.	Hohhot
相信自己	xiang:xin:zi:ji	v.	creer en sí mismo
研究了	yan:jiu:le	v.	investigado
新来	xin:lai	adj.	recién llegado
泄密	xie:mi	v.	filtrar secretos
借款人	jie:kuan:ren	n.	prestatario
经济全球化	jing:ji:quan:qiu:hua	n.	globalización económica
船只	chuan:zhi	n.	embarcaciones
摧毁	cui:hui	v.	destruir
计较	ji:jiao	v.	discutir
谋取	mou:qu	v.	buscar
麻木	ma:mu	adj.	entumecido
紧缺	jin:que	adj.	escaso
数次	shu:ci	num.	varias veces
贴心	tie:xin	adj.	atento
有的时候	you:de:shi:hou	adv.	a veces
玉石	yu:shi	n.	jade y piedra
展台	zhan:tai	n.	stand de exhibición
主要工作	zhu:yao:gong:zuo	n.	trabajo principal
熄火	xi:huo	v.	apagar el motor
追加	zhui:jia	v.	añadir
二号	er:hao	num.	número dos
高精度	gao:jing:du	n.	alta precisión
将获	jiang:huo	v.	va a obtener
麒麟	qi:lin	n.	qilin
靠着	kao:zhe	v.	apoyarse en
靠着	kao:zhe	v.	depender de
桑塔纳	sang:ta:na	n.	Santana
所想	suo:xiang	n.	pensamiento
可做	ke:zuo	v.	poder hacer
轩辕	xuan:yuan	n.	Xuanyuan
测试仪	ce:shi:yi	n.	probador
获得者	huo:de:zhe	n.	ganador
死人	si:ren	n.	muerto
污	wu	adj.	sucio
恶性	e:xing	adj.	maligno
礼拜	li:bai	n.	culto
礼拜	li:bai	n.	Woche
跟前	gen:qian	n.	delante de
艰难的	jian:nan:de	adj.	difícil
好几个	hao:ji:ge	num.	varios
伸展	shen:zhan	v.	extender
抚摸	fu:mo	v.	acariciar
度假村	du:jia:cun	n.	centro vacacional
才好	cai:hao	adv.	solo entonces
筹划	chou:hua	v.	planear
立时	li:shi	adv.	inmediatamente
技术规范	ji:shu:gui:fan	n.	especificación técnica
明显提高	ming:xian:ti:gao	v.	mejorar notablemente
精心组织	jing:xin:zu:zhi	v.	organizar cuidadosamente
已开始	yi:kai:shi	v.	ya comenzado
去想	qu:xiang	v.	ir a pensar
阻塞	zu:se	v.	bloquear
老实	lao:shi	adj.	honesto
轰动	hong:dong	v.	causar sensación
商标局	shang:biao:ju	n.	oficina de marcas
坚守	jian:shou	v.	defender firmemente
文章搜索	wen:zhang:sou:suo	n.	búsqueda de artículos
且有	qie:you	conj.	y también tener
申报表	shen:bao:biao	n.	formulario de declaración
多米	duo:mi	n.	dominó
高昂	gao:ang	adj.	alto, elevado
滥用职权	lan:yong:zhi:quan	v.	abuso de poder
联系方法	lian:xi:fang:fa	n.	método de contacto
征文	zheng:wen	n.	convocatoria de ensayos
教育管理	jiao:yu:guan:li	n.	gestión educativa
外币	wai:bi	n.	moneda extranjera
就好像	jiu:hao:xiang	adv.	tal como
年增长	nian:zeng:zhang	n.	crecimiento anual
程序运行	cheng:xu:yun:xing	n.	ejecución de programa
其他地区	qi:ta:di:qu	n.	otras regiones
嘲	chao	v.	burlarse
未取	wei:qu	v.	no tomado
微观	wei:guan	adj.	microscópico
进展情况	jin:zhan:qing:kuang	n.	situación de progreso
引出	yin:chu	v.	sacar
发展水平	fa:zhan:shui:ping	n.	nivel de desarrollo
诉说	su:shuo	v.	contar
枚	mei	mw.	pieza
天王	tian:wang	n.	rey de los dioses
十分重视	shi:fen:zhong:shi	v.	dar gran importancia
饼干	bing:gan	n.	galleta
顺手	shun:shou	adj.	a mano
顺手	shun:shou	v.	hacer de paso
新老	xin:lao	adj.	nuevo y viejo
人情	ren:qing	n.	sentimiento humano
送的	song:de	adj.	gratis
法律效力	fa:lv:xiao:li	n.	efecto jurídico
果树	guo:shu	n.	árbol frutal
平房	ping:fang	n.	casa de una planta
未来发展	wei:lai:fa:zhan	n.	desarrollo futuro
基本建设	ji:ben:jian:she	n.	infraestructura
吊	diao	v.	colgar, suspender
吊	diao	adj.	excelente, maravilloso
乾	qian	n.	sequedad, aridez
高兴的	gao:xing:de	adj.	feliz, alegre
稍后	shao:hou	adv.	luego, un momento
我啊	wo:a	pron.	yo (partícula)
一步一步	yi:bu:yi:bu	adv.	paso a paso
一等	yi:deng	adj.	de primera clase
英文版	ying:wen:ban	n.	versión en inglés
中国农业银行	zhong:guo:nong:ye:yin:hang	n.	Banco Agrícola de China
缔约国	di:yue:guo	n.	Estado contratante
馨	xin	adj.	fragante, perfumado
装饰材料	zhuang:shi:cai:liao	n.	material decorativo
要不然	yao:bu:ran	conj.	de lo contrario
基本功能	ji:ben:gong:neng	n.	función básica
双人	shuang:ren	adj.	para dos, doble
去向	qu:xiang	n.	destino, dirección
身着	shen:zhuo	v.	llevar puesto, vestir
执照	zhi:zhao	n.	licencia, permiso
太后	tai:hou	n.	emperatriz viuda
做好了	zuo:hao:le	v.	hecho, terminado
一下吧	yi:xia:ba	part.	(partícula de sugerencia)
糖水	tang:shui	n.	agua dulce
八十年代	ba:shi:nian:dai	n.	los años 80
整个人	zheng:ge:ren	n.	toda la persona
不就是	bu:jiu:shi	adv.	no es más que
眼角	yan:jiao	n.	ángulo del ojo
应急预案	ying:ji:yu:an	n.	plan de emergencia
层出不穷	ceng:chu:bu:qiong	adj.	aparecer sin cesar
美术馆	mei:shu:guan	n.	museo de arte
显示为	xian:shi:wei	v.	mostrarse como
起誓	qi:shi	v.	jurar
网上银行	wang:shang:yin:hang	n.	banca en línea
樱桃	ying:tao	n.	cereza
伪	wei	adj.	falso
高强度	gao:qiang:du	adj.	alta intensidad
不忍	bu:ren	v.	no poder soportar
社会力量	she:hui:li:liang	n.	fuerzas sociales
书院	shu:yuan	n.	academia
真想	zhen:xiang	v.	realmente querer
电子版	dian:zi:ban	n.	versión electrónica
校对	jiao:dui	v.	corregir
嗓	sang	n.	voz
结合实际	jie:he:shi:ji	v.	combinar con la realidad
监护	jian:hu	v.	custodiar
有缘	you:yuan	adj.	predestinado
调制解调器	tiao:zhi:jie:tiao:qi	n.	módem
循序渐进	xun:xu:jian:jin	v.	progresar paso a paso
神态	shen:tai	n.	expresión
呈	cheng	v.	presentar
传给	chuan:gei	v.	transmitir a
身价	shen:jia	n.	valor de mercado
小声	xiao:sheng	adj.	en voz baja
试剂	shi:ji	n.	reactivo
玩法	wan:fa	n.	forma de jugar
固化	gu:hua	v.	solidificar
糟糕	zao:gao	adj.	terrible
北宋	bei:song	n.	dinastía Song del Norte
矿区	kuang:qu	n.	zona minera
成形	cheng:xing	v.	tomar forma
各式各样	ge:shi:ge:yang	adj.	variado, diverso
夸大	kua:da	v.	exagerar
尼康	ni:kang	n.	Nikon
医疗事故	yi:liao:shi:gu	n.	error médica
充分肯定	chong:fen:ken:ding	v.	afirmar plenamente
八一	ba:yi	n.	1 de agosto
远销	yuan:xiao	v.	vender a lo lejos
卿	qing	n.	ministro
卿	qing	pron.	vos, señor
监理工程师	jian:li:gong:cheng:shi	n.	ingeniero supervisor
有效控制	you:xiao:kong:zhi	v.	controlar eficazmente
大院	da:yuan	n.	patio, recinto
飞到	fei:dao	v.	volar a
职业学校	zhi:ye:xue:xiao	n.	escuela profesional
楠	nan	n.	madera de nanmu
桂花	gui:hua	n.	osmanthus
各人	ge:ren	n.	cada persona
急事	ji:shi	n.	asunto urgente
商品分类	shang:pin:fen:lei	n.	clasificación de mercancías
送礼	song:li	v.	dar regalos
粉红	fen:hong	adj.	rosa
服务端	fu:wu:duan	n.	lado del servidor
反省	fan:xing	v.	reflexionar
期待着	qi:dai:zhe	v.	esperar con ansia
星期天	xing:qi:tian	n.	domingo
许可证号	xu:ke:zheng:hao	n.	número de licencia
厚厚的	hou:hou:de	adj.	grueso
荧光	ying:guang	n.	fluorescencia
有关文件	you:guan:wen:jian	n.	documentos relacionados
乐乐	le:le	n.	Lele
秋冬	qiu:dong	n.	otoño e invierno
电子技术	dian:zi:ji:shu	n.	tecnología electrónica
唤醒	huan:xing	v.	despertar
气功	qi:gong	n.	qigong
银杏	yin:xing	n.	ginkgo
表现了	biao:xian:le	v.	mostró
用什么	yong:shen:me	pron.	usar qué
永远都	yong:yuan:dou	adv.	siempre
主动的	zhu:dong:de	adj.	proactivo
案子	an:zi	n.	caso
交通局	jiao:tong:ju	n.	jefatura de tráfico
二三	er:san	num.	dos o tres
只剩	zhi:sheng	v.	solo quedar
囧	jiong	adj.	avergonzado
打赏	da:shang	v.	dar una propina
耳熟	er:shou	adj.	familiar
鸡儿	ji:er	n.	pene
棋士	qi:shi	n.	jugador de ajedrez
是哒	shi:da	int.	sí (tierno)
鲜香	xian:xiang	adj.	fresco y fragante
坏事	huai:shi	n.	mala cosa, desgracia
电路板	dian:lu:ban	n.	placa de circuito
型材	xing:cai	n.	material perfilado
矿井	kuang:jing	n.	mina, pozo de mina
足额	zu:e	adj.	gabineto
跳动	tiao:dong	v.	latir, palpitar
籍	ji	n.	registro, partida
电极	dian:ji	n.	electrodo
匮乏	kui:fa	adj.	escasez, carencia
加快了	jia:kuai:le	v.	acelerar, acelerado
车祸	che:huo	n.	accidente de tráfico
机械化	ji:xie:hua	n.	mecanización
论点	lun:dian	n.	argumento, tesis
集资	ji:zi	v.	recaudar fondos
国家统计局	guo:jia:tong:ji:ju	n.	Oficina Nacional de Estadística
来过	lai:guo	v.	haber venido
战略性	zhan:lve:xing	adj.	estratégico
战舰	zhan:jian	n.	buque de guerra
裸	luo	adj.	desnudo, desnudo
刺激的	ci:ji:de	adj.	estimulante
红星	hong:xing	n.	estrella roja
根目录	gen:mu:lu	n.	directorio raíz
血腥	xie:xing	adj.	sangriento
血腥	xue:xing	n.	sangriento
生肖	sheng:xiao	n.	signos del zodiaco
链	lian	n.	cadena
物理学	wu:li:xue	n.	física
收听	shou:ting	v.	escuchar
调制	tiao:zhi	v.	modular
调制	tiao:zhi	v.	mezclar
方针政策	fang:zhen:zheng:ce	n.	directrices y políticas
保险合同	bao:xian:he:tong	n.	contrato de seguro
胶片	jiao:pian	n.	película
半月	ban:yue	n.	media luna
烈士	lie:shi	n.	mártir
管材	guan:cai	n.	material de tubería
建设银行	jian:she:yin:hang	n.	China Construction Bank
新书	xin:shu	n.	libro nuevo
处理厂	chu:li:chang	n.	planta de tratamiento
年终奖	nian:zhong:jiang	n.	bono de fin de año
买车	mai:che	v.	comprar un coche
短路	duan:lu	n.	cortocircuito
奠定	dian:ding	v.	establecer
校正	jiao:zheng	v.	corregir
见图	jian:tu	v.	ver figura
现成	xian:cheng	adj.	listo
惩治	cheng:zhi	v.	castigar
饱和	bao:he	adj.	saturado
饱和	bao:he	v.	saturar
做出决定	zuo:chu:jue:ding	v.	tomar una decisión
商议	shang:yi	v.	discutir
眉毛	mei:mao	n.	ceja
灌	guan	v.	verter
小米	xiao:mi	n.	mijo
八字	ba:zi	n.	ocho caracteres
切实可行	qie:shi:ke:xing	adj.	práctico, viable
战后	zhan:hou	n.	posguerra
参股	can:gu	v.	tener acciones
干扰器	gan:rao:qi	n.	inhibidor
很美	hen:mei	adj.	muy bello
昆	kun	n.	Kun
军衔	jun:xian	n.	rango militar
存取	cun:qu	v.	almacenar y recuperar
脸庞	lian:pang	n.	rostro
畅	chang	adj.	fluido
大大小小	da:da:xiao:xiao	adj.	grande y pequeño
逍	xiao	v.	vagar
反向	fan:xiang	n.	dirección inversa
回车	hui:che	v.	regresar con el coche
死亡率	si:wang:lv	n.	tasa de mortalidad
时间表	shi:jian:biao	n.	horario
往日	wang:ri	n.	días pasados
帽	mao	n.	sombrero
批发商	pi:fa:shang	n.	mayorista
事前	shi:qian	n.	antes de
阅	yue	v.	leer, inspeccionar
隐约	yin:yue	adj.	vago
联席会议	lian:xi:hui:yi	n.	reunión conjunta
难平	nan:ping	v.	indignarse
软体	ruan:ti	n.	cuerpo blando
柔性	rou:xing	adj.	flexible
失控	shi:kong	v.	perder el control
小妹	xiao:mei	n.	hermana menor
我这里	wo:zhe:li	pron.	aquí, mi lugar
胁迫	xie:po	v.	coaccionar, coacción
财务报表	cai:wu:bao:biao	n.	estado financiero
活塞	huo:sai	n.	pistón
赛区	sai:qu	n.	zona de competición
二位	er:wei	num.	dos (cortés)
四面	si:mian	n.	cuatro lados, por todas partes
生长发育	sheng:zhang:fa:yu	n.	crecimiento y desarrollo
一惊	yi:jing	v.	asombrarse, sobresaltarse
绵羊	mian:yang	n.	oveja
垫付	dian:fu	v.	adelantar (pagos)
逗	dou	v.	bromear, divertir
以期	yi:qi	conj.	con la esperanza de
蹲	dun	v.	agacharse, acuclillarse
门将	men:jiang	n.	portero
执政为民	zhi:zheng:wei:min	v.	gobernar para el pueblo
游记	you:ji	n.	relato de viaje
陈水扁	chen:shui:bian	n.	Chen Shui-bian
统计局	tong:ji:ju	n.	oficina de estadística
缺水	que:shui	v.	falta de agua
教学模式	jiao:xue:mo:shi	n.	modelo de enseñanza
锦标赛	jin:biao:sai	n.	campeonato
三分之二	san:fen:zhi:er	num.	dos tercios
打过	da:guo	v.	haber golpeado
倒霉	dao:mei	adj.	desafortunado
所为	suo:wei	n.	acto
迟迟	chi:chi	adv.	tardíamente
偷拍	tou:pai	v.	filmar a escondidas
无用	wu:yong	adj.	inútil
摇了摇头	yao:le:yao:tou	v.	sacudir la cabeza
意念	yi:nian	n.	idea
以示	yi:shi	conj.	para mostrar
有余	you:yu	adj.	sobrante
银行汇款	yin:hang:hui:kuan	n.	transferencia bancaria
大街上	da:jie:shang	n.	en la calle
应收	ying:shou	v.	cobrable
待机	dai:ji	v.	en espera
犯规	fan:gui	v.	infringir las reglas
里边	li:bian	n.	dentro
两倍	liang:bei	num.	el doble
一排	yi:pai	mw.	una fila
基本功	ji:ben:gong	n.	habilidad básica
跑步	pao:bu	v.	correr
亲吻	qin:wen	v.	besar
性用品	xing:yong:pin	n.	producto sexual
不只	bu:zhi	adv.	no solo
宽广	kuan:guang	adj.	amplio
县长	xian:zhang	n.	magistrado de condado
箭头	jian:tou	n.	punta de flecha
用好	yong:hao	v.	usar bien
通话时间	tong:hua:shi:jian	n.	duración de la llamada
踩	cai	v.	pisar
可实现	ke:shi:xian	adj.	realizable
受益人	shou:yi:ren	n.	beneficiario
上进	shang:jin	adj.	emprendedor
工作原理	gong:zuo:yuan:li	n.	principio de funcionamiento
市场环境	shi:chang:huan:jing	n.	entorno de mercado
通畅	tong:chang	adj.	fluido
艳丽	yan:li	adj.	deslumbrante
一点儿	yi:dian:er	mw.	un poco
弥漫	mi:man	v.	impregnar
海棠	hai:tang	n.	begonia
丧失了	sang:shi:le	v.	perder
初恋	chu:lian	n.	primer amor
吸入	xi:ru	v.	inhalar
教学目标	jiao:xue:mu:biao	n.	objetivos de enseñanza
窜	cuan	v.	escabullirse
各行各业	ge:hang:ge:ye	n.	todos los sectores
上交	shang:jiao	v.	entregar
哑	ya	adj.	mudo
复合材料	fu:he:cai:liao	n.	material compuesto
浮躁	fu:zao	adj.	impaciente
规范性文件	gui:fan:xing:wen:jian	n.	documento normativo
客场	ke:chang	n.	partido de visitante
链表	lian:biao	n.	lista enlazada
物件	wu:jian	n.	objeto
升降	sheng:jiang	n.	ascenso y descenso
写上	xie:shang	v.	escribir
严重警告	yan:zhong:jing:gao	n.	advertencia seria
自备	zi:bei	v.	proveerse por cuenta propia
布满	bu:man	v.	cubrir
奋力	fen:li	v.	esforzarse
无线网络	wu:xian:wang:luo	n.	red inalámbrica
露天	lu:tian	adj.	al aire libre
趴	pa	v.	estar tumbado
不断加强	bu:duan:jia:qiang	v.	fortalecer continuamente
公益事业	gong:yi:shi:ye	n.	obra de bienestar público
代理机构	dai:li:ji:gou	n.	agencia
喷雾	pen:wu	n.	spray
喷雾	pen:wu	v.	rociar
逢	feng	v.	encontrar
国会	guo:hui	n.	congreso
换上	huan:shang	v.	cambiar a
事关	shi:guan	v.	concernir
台下	tai:xia	n.	bajo el escenario
隔壁	ge:bi	n.	vecino
出生年月	chu:sheng:nian:yue	n.	fecha de nacimiento
害羞	hai:xiu	adj.	tímido
害羞	hai:xiu	v.	sentir vergüenza
人民出版社	ren:min:chu:ban:she	n.	Editorial del Pueblo
现代农业	xian:dai:nong:ye	n.	agricultura moderna
彩铃	cai:ling	n.	tono de llamada
空虚	kong:xu	adj.	vacío
风吹	feng:chui	v.	soplar
不知所措	bu:zhi:suo:cuo	adj.	estar desconcertado
在校学生	zai:xiao:xue:sheng	n.	estudiante
著称	zhu:cheng	v.	ser conocido por
繁育	fan:yu	v.	criar
流派	liu:pai	n.	escuela
省外	sheng:wai	n.	fuera de la provincia
超高	chao:gao	adj.	ultra alto
植	zhi	v.	plantar
时间段	shi:jian:duan	n.	período de tiempo
幻灯片	huan:deng:pian	n.	diapositiva
社会福利	she:hui:fu:li	n.	bienestar social
淡水	dan:shui	n.	agua dulce
复位	fu:wei	v.	restablecer
媒	mei	n.	medio
弱势群体	ruo:shi:qun:ti	n.	grupo vulnerable
亚军	ya:jun	n.	subcampeón
大学城	da:xue:cheng	n.	ciudad universitaria
汉化版	han:hua:ban	n.	versión china
糊涂	hu:tu	adj.	confuso
书刊	shu:kan	n.	libros y revistas
伊斯兰	yi:si:lan	n.	islam
内力	nei:li	n.	fuerza interna
树脂	shu:zhi	n.	resina
莫非	mo:fei	adv.	acaso
现出	xian:chu	v.	aparecer
寂静	ji:jing	adj.	silencioso
寂静	ji:jing	n.	silencio
几名	ji:ming	num.	unos pocos
胡萝卜素	hu:luo:bo:su	n.	caroteno
停牌	ting:pai	v.	suspender la cotación
韵	yun	n.	rima
司法解释	si:fa:jie:shi	n.	interpretación judicial
昭	zhao	adj.	claro
紧凑	jin:cou	adj.	compacto
期权	qi:quan	n.	opción
排放标准	pai:fang:biao:zhun	n.	norma de emisión
尹	yin	n.	Yin
懒得	lan:de	v.	no tener ganas de
毕业证书	bi:ye:zheng:shu	n.	diploma
倒钩	dao:gou	n.	anzuelo
多种多样	duo:zhong:duo:yang	adj.	diverso
生态系统	sheng:tai:xi:tong	n.	ecosistema
所在城市	suo:zai:cheng:shi	n.	ciudad donde reside
投身	tou:shen	v.	dedicarse
剜掉	wan:diao	v.	extraer
疫病	yi:bing	n.	epidemia
推动作用	tui:dong:zuo:yong	n.	fuerza impulsora
流血	liu:xie	v.	sangrar
流血	liu:xue	n.	sangrado
无缝	wu:feng	adj.	sin costuras
这么大	zhe:me:da	adj.	tan grande
城市管理	cheng:shi:guan:li	n.	gestión urbana
谦	qian	adj.	modesto
花木	hua:mu	n.	flores y árboles
受贿	shou:hui	v.	aceptar sobornos
档	dang	mw.	archivo
化名	hua:ming	n.	pseudónimo
化名	hua:ming	v.	usar un pseudónimo
小额	xiao:e	adj.	de pequeño monto
论语	lun:yu	n.	Analectas
香草	xiang:cao	n.	hierba aromática
陈旧	chen:jiu	adj.	anticuado
分布式	fen:bu:shi	adj.	distribuido
百分之	bai:fen:zhi	num.	por ciento
放射	fang:she	v.	radiar
放射	fang:she	n.	radiación
黑马	hei:ma	n.	caballo negro
建筑节能	jian:zhu:jie:neng	n.	ahorro energético en edificios
社长	she:zhang	n.	presidente
标致	biao:zhi	adj.	bonito
基本养老保险	ji:ben:yang:lao:bao:xian	n.	seguro de jubilación básico
架设	jia:she	v.	instalar
科研院所	ke:yan:yuan:suo	n.	institutos de investigación
抛光	pao:guang	v.	pulir
精巧	jing:qiao	adj.	exquisito
淋漓尽致	lin:li:jin:zhi	adj.	plenamente
知己	zhi:ji	n.	alma gemela
吃到	chi:dao	v.	comer
马丁	ma:ding	n.	Martin
乱收费	luan:shou:fei	v.	cobrar indebidamente
教主	jiao:zhu	n.	líder de culto
藏宝	cang:bao	v.	esconder un tesoro
过快	guo:kuai	adj.	demasiado rápido
暴雨	bao:yu	n.	lluvia torrencial
全村	quan:cun	n.	todo el pueblo
玩耍	wan:shua	v.	jugar
沾	zhan	v.	tocar
复方	fu:fang	n.	fórmula compuesta
水体	shui:ti	n.	cuerpo de agua
现代人	xian:dai:ren	n.	gente moderna
秋风	qiu:feng	n.	viento de otoño
致命的	zhi:ming:de	adj.	fatal
价格上涨	jia:ge:shang:zhang	v.	subida de precios
两组	liang:zu	num.	dos grupos
下行	xia:xing	v.	bajar
群号	qun:hao	n.	número de grupo
高度评价	gao:du:ping:jia	v.	evaluar altamente
室内设计	shi:nei:she:ji	n.	diseño de interiores
稀土	xi:tu	n.	tierras raras
标语	biao:yu	n.	eslogan
存量	cun:liang	n.	existencias
泡菜	pao:cai	n.	encurtidos
电报	dian:bao	n.	telegrama
宁可	ning:ke	adv.	preferir
医疗保健	yi:liao:bao:jian	n.	atención sanitaria
机械厂	ji:xie:chang	n.	fábrica de maquinaria
稳重	wen:zhong	adj.	sereno
相比较	xiang:bi:jiao	v.	comparar
制作方法	zhi:zuo:fang:fa	n.	método de fabricación
留言者	liu:yan:zhe	n.	autor de un mensaje
治安管理	zhi:an:guan:li	n.	gestión de seguridad pública
景德镇	jing:de:zhen	n.	Jingdezhen
过硬	guo:ying	adj.	muy sólido
英才	ying:cai	n.	talento
赣州	gan:zhou	n.	Ganzhou
沼气	zhao:qi	n.	biogás
发展起来	fa:zhan:qi:lai	v.	desarrollarse
长约	chang:yue	n.	contrato a largo plazo
购物指南	gou:wu:zhi:nan	n.	guía de compras
科技含量	ke:ji:han:liang	n.	contenido tecnológico
行货	hang:huo	n.	mercancía auténtica
加工业	jia:gong:ye	n.	industria de procesamiento
兔	tu	n.	conejo
内容丰富	nei:rong:feng:fu	adj.	rico en contenido
烹调	peng:tiao	v.	cocinar
烹调	peng:tiao	n.	cocina
日程	ri:cheng	n.	itinerario
以求	yi:qiu	conj.	para buscar
南瓜	nan:gua	n.	calabaza
新闻中心	xin:wen:zhong:xin	n.	centro de noticias
订	ding	v.	pedir
乾坤	qian:kun	n.	universo
韵味	yun:wei	n.	encanto
重点工程	zhong:dian:gong:cheng	n.	proyecto clave
自强	zi:qiang	v.	fortalecerse
北京西	bei:jing:xi	n.	Beijing West
必读	bi:du	v.	lectura obligatoria
唐僧	tang:seng	n.	monje Tang
地盘	di:pan	n.	territorio
六中全会	liu:zhong:quan:hui	n.	sexta sesión plenaria
恰当的	qia:dang:de	adj.	adecuado
总管	zong:guan	n.	gestor
总管	zong:guan	v.	gestionar
多渠道	duo:qu:dao	adj.	multicanal
马达	ma:da	n.	motor
内部审计	nei:bu:shen:ji	n.	auditoría interna
休假	xiu:jia	v.	tomar vacaciones
休假	xiu:jia	n.	vacaciones
什么样	shen:me:yang	pron.	qué tipo de
反驳	fan:bo	v.	refutar
酒杯	jiu:bei	n.	copa de vino
朴	pu	adj.	sencillo
长辈	zhang:bei	n.	mayor
剧组	ju:zu	n.	equipo de rodaje
大火	da:huo	n.	gran incendio
瞎	xia	adj.	ciego
瞎	xia	adv.	a ciegas
柔情	rou:qing	n.	ternura
仅限	jin:xian	v.	limitado a
稀释	xi:shi	v.	diluir
民主管理	min:zhu:guan:li	n.	gestión democrática
资格审查	zi:ge:shen:cha	n.	revisión de cualificación
合资企业	he:zi:qi:ye	n.	empresa conjunta
逐步形成	zhu:bu:xing:cheng	v.	formarse gradualmente
摘	zhai	v.	recoger
不妥	bu:tuo	adj.	inadecuado
扩大到	kuo:da:dao	v.	expandir a
鞭	bian	n.	látigo
世界第一	shi:jie:di:yi	n.	número uno mundial
世界第一	shi:jie:di:yi	adj.	el mejor del mundo
第二名	di:er:ming	n.	segundo lugar
俺	an	pron.	yo
会成为	hui:cheng:wei	v.	llegar a ser
阐明	chan:ming	v.	elucidar
分泌物	fen:mi:wu	n.	secreción
受害	shou:hai	v.	ser víctima
外籍	wai:ji	n.	nacionalidad extranjera
溃疡	kui:yang	n.	úlcera
目标管理	mu:biao:guan:li	n.	gestión por objetivos
该院	gai:yuan	n.	esta institución
殿堂	dian:tang	n.	palacio, salón
头盔	tou:kui	n.	casco
斤	jin	mw.	Pfund, 0.5 kg
原地	yuan:di	n.	lugar original
菠菜	bo:cai	n.	espinaca, espinaca
抉择	jue:ze	v.	elegir, elegir
副省长	fu:sheng:zhang	n.	vicegobernador
极致	ji:zhi	n.	extremo, extremo
南门	nan:men	n.	puerta sur
建房	jian:fang	v.	construir casa
若能	ruo:neng	conj.	si se puede
新老客户	xin:lao:ke:hu	n.	nuevos y viejos clientes
优惠的	you:hui:de	adj.	preferencial, ventajoso
之列	zhi:lie	n.	rango, categoría
升至	sheng:zhi	v.	subir a
每每	mei:mei	adv.	a menudo, frecuentemente
英文名称	ying:wen:ming:cheng	n.	nombre en inglés
按要求	an:yao:qiu	prep.	según los requisitos
办了	ban:le	v.	hecho, tramitado
交由	jiao:you	v.	entregar a
为零	wei:ling	v.	ser cero
我只能	wo:zhi:neng	pron.	solo puedo
帕萨特	pa:sa:te	n.	Passat
在中央	zai:zhong:yang	prep.	en el centro
与我国	yu:wo:guo	prep.	con mi país
院系	yuan:xi	n.	facultad y departamento
公司产品	gong:si:chan:pin	n.	productos de la empresa
无私	wu:si	adj.	desinteresado
每秒	mei:miao	num.	por segundo
缓和	huan:he	v.	mitigar, suavizar
缓和	huan:he	adj.	moderado
赚了	zhuan:le	v.	ganado
这两天	zhe:liang:tian	n.	estos días
文选	wen:xuan	n.	antología
卡特	ka:te	n.	Carter
热忱	re:chen	n.	entusiasmo
热忱	re:chen	adj.	entusiasta
定型	ding:xing	v.	estandarizar, tomar forma
宣读	xuan:du	v.	proclamar, leer en voz alta
倍以上	bei:yi:shang	num.	más del doble
并不会	bing:bu:hui	adv.	no es que...
晚间	wan:jian	n.	tarde, noche
在党	zai:dang	prep.	en el partido
孵化	fu:hua	v.	eclosionar
卖掉	mai:diao	v.	vender
上缴	shang:jiao	v.	entregar
她自己	ta:zi:ji	pron.	ella misma
铁道	tie:dao	n.	ferrocarril
这台	zhe:tai	mw.	esta (máquina)
千兆	qian:zhao	num.	giga
窗体	chuang:ti	n.	marco de ventana
减退	jian:tui	v.	declinar
收养	shou:yang	v.	adoptar
这家伙	zhe:jia:huo	n.	este tipo
任用	ren:yong	v.	emplear
坏死	huai:si	v.	necrosar
无缘	wu:yuan	adj.	sin relación
心理素质	xin:li:su:zhi	n.	calidad mental
硬化	ying:hua	v.	endurecer
未填	wei:tian	v.	sin rellenar
严格要求	yan:ge:yao:qiu	n.	exigencia estricta
服务意识	fu:wu:yi:shi	n.	conciencia de servicio
好呢	hao:ne	part.	partícula
气血	qi:xie	n.	qi y sangre
气血	qi:xue	n.	qi y sangre
无可奈何	wu:ke:nai:he	adj.	desamparado
详尽	xiang:jin	adj.	detallado
要不是	yao:bu:shi	conj.	si no fuera
绝无	jue:wu	adv.	absolutamente ninguno
瓦斯	wa:si	n.	gas
男装	nan:zhuang	n.	ropa de hombre
镇政府	zhen:zheng:fu	n.	gobierno municipal
野马	ye:ma	n.	caballo salvaje
坦然	tan:ran	adj.	tranquilo
义务人	yi:wu:ren	n.	obligado
记下	ji:xia	v.	anotar
躯体	qu:ti	n.	cuerpo
翅	chi	n.	ala
阿弥陀佛	e:mi:tuo:fo	int.	Amitabha
重中之重	zhong:zhong:zhi:zhong	n.	prioridad absoluta
愈来愈	yu:lai:yu	adv.	cada vez más
管理服务	guan:li:fu:wu	n.	servicio de gestión
回购	hui:gou	v.	recomprar
上台	shang:tai	v.	subir al escenario
上台	shang:tai	v.	asumir el cargo
背诵	bei:song	v.	recitar
爱上了	ai:shang:le	v.	enamorarse
发财	fa:cai	v.	hacerse rico
可言	ke:yan	adj.	decible
光顾	guang:gu	v.	frecuentar
加水	jia:shui	v.	añadir agua
签署了	qian:shu:le	v.	firmado
酒水	jiu:shui	n.	bebidas
局限于	ju:xian:yu	v.	limitado a
得天独厚	de:tian:du:hou	adj.	privilegiado
顾虑	gu:lv	n.	preocupación
顾虑	gu:lv	v.	preocuparse
乌克兰	wu:ke:lan	n.	Ucrania
组织工作	zu:zhi:gong:zuo	n.	trabajo de organización
逃离	tao:li	v.	escapar
月中	yue:zhong	n.	mediados de mes
告诉大家	gao:su:da:jia	v.	decir a todos
暗自	an:zi	adv.	secretamente
不具有	bu:ju:you	v.	no poseer
前天	qian:tian	n.	anteayer
酌情	zhuo:qing	v.	según la situación
错过了	cuo:guo:le	v.	perder
紧迫	jin:po	adj.	urgente
人民网	ren:min:wang	n.	sitio del Diario del Pueblo
柯达	ke:da	n.	Kodak
再好	zai:hao	adv.	por muy bueno que
欢呼	huan:hu	v.	vitorear
欢呼	huan:hu	n.	vitoreo
狂欢	kuang:huan	v.	festejar
狂欢	kuang:huan	n.	juerga
荣誉会员	rong:yu:hui:yuan	n.	miembro honorario
先进文化	xian:jin:wen:hua	n.	cultura avanzada
内部控制	nei:bu:kong:zhi	n.	control interno
高级工程师	gao:ji:gong:cheng:shi	n.	ingeniero sénior
肠	chang	n.	intestino
捕获	bu:huo	v.	capturar
雀	que	n.	gorrión
外加	wai:jia	v.	añadir
备考	bei:kao	v.	preparar un examen
挤挤	ji:ji	v.	apretujarse
附图	fu:tu	n.	diagrama adjunto
非常大	fei:chang:da	adj.	muy grande
是否存在	shi:fou:cun:zai	v.	si existe
多说	duo:shuo	v.	hablar más
万岁	wan:sui	int.	viva
元器件	yuan:qi:jian	n.	componente
仙人	xian:ren	n.	inmortal
中外合作	zhong:wai:he:zuo	n.	cooperación sino-extranjera
慎	shen	adj.	prudente
我的电脑	wo:de:dian:nao	n.	mi ordenador
优先考虑	you:xian:kao:lv	v.	priorizar
三季度	san:ji:du	n.	tercer trimestre
鸭子	ya:zi	n.	pato
物流管理	wu:liu:guan:li	n.	gestión logística
广告位置	guang:gao:wei:zhi	n.	espacio publicitario
该局	gai:ju	n.	la oficina
斯柯达	si:ke:da	n.	Skoda
研发中心	yan:fa:zhong:xin	n.	centro de I+D
盆	pen	n.	palangana
交错	jiao:cuo	v.	entrelazarse
迁	qian	v.	mudarse
工程有限公司	gong:cheng:you:xian:gong:si	n.	sociedad de ingeniería limitada
研究生院	yan:jiu:sheng:yuan	n.	escuela de posgrado
注视着	zhu:shi:zhe	v.	mirar, observar
共同体	gong:tong:ti	n.	comunidad
殿下	dian:xia	n.	alteza
进行修改	jin:xing:xiu:gai	v.	modificar, revisar
票务	piao:wu	n.	taquilla, venta de entradas
揭晓	jie:xiao	v.	revelar, anunciar
里程碑	li:cheng:bei	n.	hito, piedra angular
受伤的	shou:shang:de	adj.	herido, lesionado
动态的	dong:tai:de	adj.	dinámico, móvil
监护人	jian:hu:ren	n.	tutor, guardián
农业局	nong:ye:ju	n.	departamento de agricultura
企业信息化	qi:ye:xin:xi:hua	n.	informatización empresarial
赛场	sai:chang	n.	arena, campo de juego
卡巴斯基	ka:ba:si:ji	n.	Kaspersky
缠绵	chan:mian	adj.	melancólico, tierno
上页	shang:ye	n.	página anterior
战略目标	zhan:lve:mu:biao	n.	objetivo estratégico
减去	jian:qu	v.	restar, deducir
谈恋爱	tan:lian:ai	v.	enamorarse, salir con alguien
在线人数	zai:xian:ren:shu	n.	número de usuarios en línea
另一位	ling:yi:wei	pron.	otro/a
镖	biao	n.	dardo
小手	xiao:shou	n.	manita, mano pequeña
车友	che:you	n.	entusiasta de los coches
发信	fa:xin	v.	enviar mensaje
我身边	wo:shen:bian	pron.	mi lado
碰上	peng:shang	v.	encontrar
综述	zong:shu	n.	resumen
综述	zong:shu	v.	resumir
冒着	mao:zhe	v.	arriesgar
苏格兰	su:ge:lan	n.	Escocia
一下就	yi:xia:jiu	adv.	de inmediato
应邀	ying:yao	v.	aceptar invitación
大餐	da:can	n.	gran banquete
任性	ren:xing	adj.	caprichoso
零配件	ling:pei:jian	n.	piezas de repuesto
但是现在	dan:shi:xian:zai	conj.	pero ahora
中以	zhong:yi	n.	China-Israel
片面	pian:mian	adj.	unilateral
生产总值	sheng:chan:zong:zhi	n.	PIB
倒也	dao:ye	adv.	de hecho
丰收	feng:shou	n.	cosecha
丰收	feng:shou	v.	cosechar
单车	dan:che	n.	bicicleta
房贷	fang:dai	n.	hipoteca
使命感	shi:ming:gan	n.	sentido de la misión
紊乱	wen:luan	adj.	desordenado
紊乱	wen:luan	v.	desordenar
目标人物	mu:biao:ren:wu	n.	persona objetivo
目标任务	mu:biao:ren:wu	n.	tarea objetivo
签的	qian:de	v.	firmado
移送	yi:song	v.	transferir
复苏	fu:su	v.	recuperar
找来	zhao:lai	v.	encontrar
风波	feng:bo	n.	agitación
活了	huo:le	v.	vivido
活了	huo:le	part.	completado
劣质	lie:zhi	adj.	de mala calidad
眼睛里	yan:jing:li	n.	en los ojos
大市场	da:shi:chang	n.	gran mercado
就做	jiu:zuo	v.	solo hacer
面目	mian:mu	n.	apariencia
外国语	wai:guo:yu	n.	lengua extranjera
外婆	wai:po	n.	abuela materna
用处	yong:chu	n.	uso
芬	fen	n.	fragancia
感到很	gan:dao:hen	v.	sentirse muy
服务型	fu:wu:xing	adj.	de tipo servicio
能看	neng:kan	v.	poder ver
长年	chang:nian	n.	muchos años
为了防止	wei:le:fang:zhi	conj.	para prevenir
仙子	xian:zi	n.	hada
有病	you:bing	adj.	enfermo
显而易见	xian:er:yi:jian	adj.	evidente
原型	yuan:xing	n.	prototipo
铁观音	tie:guan:yin	n.	Tieguanyin
零食	ling:shi	n.	aperitivo
长官	zhang:guan	n.	oficial
崖	ya	n.	acantilado
西服	xi:fu	n.	traje
一字	yi:zi	n.	carácter 'uno
维他命	wei:ta:ming	n.	vitamina
培训课程	pei:xun:ke:cheng	n.	curso de formación
工作思路	gong:zuo:si:lu	n.	enfoque de trabajo
优良传统	you:liang:chuan:tong	n.	buena tradición
入世	ru:shi	v.	unirse a la OMC
丘	qiu	n.	colina
分院	fen:yuan	n.	sucursal
退款	tui:kuan	v.	reembolsar
如虎	ru:hu	adj.	como un tigre
第四十六条	di:si:shi:liu:tiao	n.	artículo 46
商业街	shang:ye:jie	n.	calle comercial
真题	zhen:ti	n.	preguntas reales
看一看	kan:yi:kan	v.	echar un vistazo
公共交通	gong:gong:jiao:tong	n.	transporte público
领带	ling:dai	n.	corbata
技术中心	ji:shu:zhong:xin	n.	centro técnico
救了	jiu:le	v.	salvar
妻室	qi:shi	n.	familia de la esposa
项目合作	xiang:mu:he:zuo	n.	cooperación de proyecto
有谁	you:shei	pron.	quién
有谁	you:shui	pron.	quién
点击这里	dian:ji:zhe:li	v.	hacer clic aquí
定做	ding:zuo	v.	hacer por encargo
文史	wen:shi	n.	literatura e história
中高档	zhong:gao:dang	adj.	gama media-alta
饥饿	ji:e	n.	hambre
饥饿	ji:e	adj.	hambriento
培养目标	pei:yang:mu:biao	n.	objetivo de formación
正视	zheng:shi	v.	enfrentar
脑中	nao:zhong	n.	en la mente
车库	che:ku	n.	garaje
可操作性	ke:cao:zuo:xing	n.	operabilidad
小男孩	xiao:nan:hai	n.	niño pequeño
实际工作	shi:ji:gong:zuo	n.	trabajo real
往外	wang:wai	prep.	hacia afuera
哈哈大笑	ha:ha:da:xiao	v.	reír a carcajadas
居住在	ju:zhu:zai	v.	residir
多情	duo:qing	adj.	cariñoso
大风	da:feng	n.	viento fuerte
第四十五条	di:si:shi:wu:tiao	num.	artículo 45
觉悟	jue:wu	v.	darse cuenta, despertar
觉悟	jue:wu	n.	conciencia, percepción
热血	re:xie	n.	sangre caliente, pasión
热血	re:xue	adj.	apasionado, fogoso
科学发展	ke:xue:fa:zhan	n.	desarrollo científico
奉行	feng:xing	v.	aplicar, seguir
大喊	da:han	v.	gritar, exclamar
全体会议	quan:ti:hui:yi	n.	sesión plenaria
绝不会	jue:bu:hui	adv.	absolutamente no
设计单位	she:ji:dan:wei	n.	unidad de diseño
下水	xia:shui	v.	lanzar al agua
寒假	han:jia	n.	vacaciones de invierno
正因为	zheng:yin:wei	conj.	precisamente porque
蠢	chun	adj.	estúpido, tonto
用户登录	yong:hu:deng:lu	n.	inicio de sesión de usuario
詹姆斯	zhan:mu:si	n.	James
牟利	mou:li	v.	lucrar, buscar lucro
庙	miao	n.	templo
潘	pan	n.	Pan
飞舞	fei:wu	v.	bailar, revolotear
页码	ye:ma	n.	número de página
求得	qiu:de	v.	obtener
贸易公司	mao:yi:gong:si	n.	empresa de comercio
电话机	dian:hua:ji	n.	teléfono
防爆	fang:bao	v.	a prueba de explosiones
很长时间	hen:chang:shi:jian	n.	mucho tiempo
一世	yi:shi	n.	toda una vida
组别	zu:bie	n.	categoría
客服信箱	ke:fu:xin:xiang	n.	buzón de atención al cliente
市容	shi:rong	n.	aspect de la ville
重现	chong:xian	v.	reaparecer
现身	xian:shen	v.	aparecer
平邮	ping:you	n.	correo ordinario
一早	yi:zao	adv.	muy temprano
插图	cha:tu	n.	ilustración
台州市	tai:zhou:shi	n.	Taizhou
新世界	xin:shi:jie	n.	nuevo mundo
发展成为	fa:zhan:cheng:wei	v.	desarrollarse en
半数	ban:shu	n.	mitad
传言	chuan:yan	n.	rumor
传言	chuan:yan	v.	rumorear
无非	wu:fei	adv.	no más que
门锁	men:suo	n.	cerradura
本职工作	ben:zhi:gong:zuo	n.	trabajo habitual
应尽	ying:jin	v.	deber cumplir
准入	zhun:ru	v.	admitir
准入	zhun:ru	n.	acceso
甲级	jia:ji	n.	grado A
森林公园	sen:lin:gong:yuan	n.	parque forestal
肠道	chang:dao	n.	intestino
九州	jiu:zhou	n.	China
管理方式	guan:li:fang:shi	n.	estilo de gestión
竞争者	jing:zheng:zhe	n.	competidor
科员	ke:yuan	n.	empleado
总的来说	zong:de:lai:shuo	adv.	en general
誉为	yu:wei	v.	ser elogiado como
后世	hou:shi	n.	generaciones futuras
因缘	yin:yuan	n.	destino
国家宗教	guo:jia:zong:jiao	n.	religión estatal
光绪	guang:xu	n.	Guangxu
忍者	ren:zhe	n.	ninja
悠闲	you:xian	adj.	tranquilo
做些	zuo:xie	v.	hacer algo
防治工作	fang:zhi:gong:zuo	n.	trabajo de prevención
上海大众	shang:hai:da:zhong	n.	SAIC Volkswagen
相关知识	xiang:guan:zhi:shi	n.	conocimientos relacionados
肯德基	ken:de:ji	n.	KFC
窒息	zhi:xi	v.	asfixiar
把关	ba:guan	v.	controlar
行为规范	xing:wei:gui:fan	n.	código de conducta
民政局	min:zheng:ju	n.	oficina de asuntos civiles
颖	ying	n.	astucia
侵蚀	qin:shi	v.	erosionar
小王	xiao:wang	n.	Xiao Wang
资质等级	zi:zhi:deng:ji	n.	nivel de calificación
德军	de:jun	n.	ejército alemán
失恋	shi:lian	v.	romper con alguien
责任者	ze:ren:zhe	n.	responsable
不公平	bu:gong:ping	adj.	injusto
诧异	cha:yi	adj.	sorprendido
埋怨	man:yuan	v.	quejarse
拖着	tuo:zhe	v.	arrastrar
咽喉	yan:hou	n.	garganta
妖精	yao:jing	n.	duende
决战	jue:zhan	n.	batalla decisiva
仅有的	jin:you:de	adj.	único
习惯于	xi:guan:yu	v.	acostumbrarse
活动时间	huo:dong:shi:jian	n.	tiempo de actividad
一两	yi:liang	num.	uno o dos
进行比较	jin:xing:bi:jiao	v.	comparar
受害人	shou:hai:ren	n.	víctima
台独	tai:du	n.	independencia de Taiwán
暂行条例	zan:xing:tiao:li	n.	reglamento provisional
才算	cai:suan	v.	contar como
待机时间	dai:ji:shi:jian	n.	tiempo de espera
冲出	chong:chu	v.	salir corriendo
嵌套	qian:tao	v.	anidar
截止时间	jie:zhi:shi:jian	n.	fecha límite
社会管理	she:hui:guan:li	n.	gestión social
自己做	zi:ji:zuo	v.	hacer uno mismo
上访	shang:fang	v.	presentar una petición
树枝	shu:zhi	n.	rama
拓	tuo	v.	expandir, desarrollar
晴转多云	qing:zhuan:duo:yun	adj.	soleado a nublado
向右	xiang:you	adv.	a la derecha
只因	zhi:yin	conj.	solo porque
做着	zuo:zhe	v.	haciendo
娶	qu	v.	casarse
开工建设	kai:gong:jian:she	v.	comenzar la construcción
药剂	yao:ji	n.	agente, solución
在很大程度上	zai:hen:da:cheng:du:shang	adv.	en gran medida
市场调查	shi:chang:diao:cha	n.	estudio de mercado
生产过程	sheng:chan:guo:cheng	n.	proceso de producción
为适应	wei:shi:ying	conj.	para adaptarse
路灯	lu:deng	n.	farola
下落	xia:luo	n.	paradero, caída
附有	fu:you	v.	estar acompañado de
好心	hao:xin	n.	buena intención
快来	kuai:lai	v.	venir rápido
箱包	xiang:bao	n.	bolsos, equipaje
语言文字	yu:yan:wen:zi	n.	lenguaje y escritura
科研项目	ke:yan:xiang:mu	n.	proyecto de investigación
发来	fa:lai	v.	enviar
失衡	shi:heng	v.	perder el equilibrio
失衡	shi:heng	n.	desequilibrio
短语	duan:yu	n.	frase
外文	wai:wen	n.	lengua extranjera
纱	sha	n.	gasa, hilo
监督员	jian:du:yuan	n.	supervisor
骷髅	ku:lou	n.	esqueleto
汽配	qi:pei	n.	repuestos de autos
主干	zhu:gan	n.	tronco, tallo principal
行为人	xing:wei:ren	n.	actor, autor
祭奠	ji:dian	v.	ofrendar
太监	tai:jian	n.	eunuco
周易	zhou:yi	n.	I Ching
极点	ji:dian	n.	extremo, polo
祭典	ji:dian	n.	ceremonia, ritual
抬起头	tai:qi:tou	v.	levant la cabeza
战略合作	zhan:lve:he:zuo	n.	cooperación estratégica
或多或少	huo:duo:huo:shao	adv.	más o menos
位数	wei:shu	n.	cifra, dígito
闻到	wen:dao	v.	oler
学好	xue:hao	v.	aprender bien
情结	qing:jie	n.	complejo
一分钱	yi:fen:qian	n.	un centavo
漏	lou	v.	gotear
漏	lou	n.	fuga
极速	ji:su	n.	velocidad extrema
尿素	niao:su	n.	urea
完好	wan:hao	adj.	intacto
会员卡	hui:yuan:ka	n.	tarjeta de miembro
天龙	tian:long	n.	Tianlong
想一想	xiang:yi:xiang	v.	pensar
少妇	shao:fu	n.	mujer joven casada
住处	zhu:chu	n.	residencia
数据采集	shu:ju:cai:ji	n.	recopilación de datos
忠告	zhong:gao	n.	consejo
忠告	zhong:gao	v.	aconsejar
田园	tian:yuan	n.	campo
贴身	tie:shen	adj.	ajustado
特别提示	te:bie:ti:shi	n.	aviso especial
何等	he:deng	adv.	qué tan
翻新	fan:xin	v.	renovar
两千	liang:qian	num.	2.000
迅速地	xun:su:de	adv.	rápidamente
充值卡	chong:zhi:ka	n.	tarjeta de recarga
出演	chu:yan	v.	actuar, aparecer
里头	li:tou	n.	dentro, interior
树种	shu:zhong	n.	especie de árbol
工人阶级	gong:ren:jie:ji	n.	clase obrera
营业厅	ying:ye:ting	n.	sala de ventas, oficina
往年	wang:nian	n.	años anteriores
一半的	yi:ban:de	adj.	mit la mitad, mitad de
主题曲	zhu:ti:qu	n.	canción tema
流体	liu:ti	n.	fluido
商贸通	shang:mao:tong	n.	noticias comerciales
团支部	tuan:zhi:bu	n.	rama de la liga
网络设备	wang:luo:she:bei	n.	equipo de red
有幸	you:xing	adv.	tener la fortuna
金子	jin:zi	n.	oro
利税	li:shui	n.	beneficios e impuestos
软件产品	ruan:jian:chan:pin	n.	producto de software
强者	qiang:zhe	n.	persona fuerte
请下载	qing:xia:zai	v.	por favor descargue
几方面	ji:fang:mian	n.	varios aspectos
设计制作	she:ji:zhi:zuo	v.	diseñar y producir
小熊	xiao:xiong	n.	osito, osito de peluche
波形	bo:xing	n.	forma de onda
建设规划	jian:she:gui:hua	n.	plan de construcción
海峡	hai:xia	n.	estrecho
食指	shi:zhi	n.	índice
点火	dian:huo	v.	encender
化身	hua:shen	n.	encarnación
老天	lao:tian	n.	dioses
已满	yi:man	adj.	lleno
培养出	pei:yang:chu	v.	cultivar
一模一样	yi:mu:yi:yang	adj.	idéntico
抗震	kang:zhen	v.	resistencia sísmica
留学人员	liu:xue:ren:yuan	n.	estudiantes extranjeros
豪宅	hao:zhai	n.	mansión
胡乱	hu:luan	adv.	desordenadamente
无从	wu:cong	v.	no tener forma de
腹痛	fu:tong	n.	dolor de estómago
同在	tong:zai	v.	estar juntos
密切配合	mi:qie:pei:he	v.	coordinar estrechamente
肠胃	chang:wei	n.	estómago e intestinos
出入境	chu:ru:jing	n.	entrada y salida
谨	jin	v.	ser cauteloso
本栏	ben:lan	n.	esta columna
党总支	dang:zong:zhi	n.	rama general del partido
可疑	ke:yi	adj.	sospechoso
用上	yong:shang	v.	empezar a usar
尽管如此	jin:guan:ru:ci	conj.	sin embargo
水处理	shui:chu:li	n.	tratamiento de agua
无痕	wu:hen	adj.	sin rastro
汉代	han:dai	n.	dinastía Han
决定书	jue:ding:shu	n.	decisión
高速增长	gao:su:zeng:zhang	n.	crecimiento rápido
驴友	lv:you	n.	compañero de viaje
管理能力	guan:li:neng:li	n.	capacidad de gestión
全局变量	quan:ju:bian:liang	n.	variable global
竭力	jie:li	v.	hacer todo lo posible
珊	shan	n.	coral
受体	shou:ti	n.	receptor
战绩	zhan:ji	n.	récord de combate
发帖数量	fa:tie:shu:liang	n.	número de publicaciones
妥善处理	tuo:shan:chu:li	v.	tratar adecuadamente
问到	wen:dao	v.	preguntar
结婚了	jie:hun:le	v.	casarse
盼望	pan:wang	v.	anhelar
归类	gui:lei	v.	clasificar
被发现	bei:fa:xian	v.	ser descubierto
所载	suo:zai	n.	contenido registrado
闻名	wen:ming	v.	ser famoso
传世	chuan:shi	v.	transmitir a la posteridad
杀害	sha:hai	v.	asesinar
脸颊	lian:jia	n.	mejilla
不规则	bu:gui:ze	adj.	irregular
孤儿	gu:er	n.	huérfano
晚年	wan:nian	n.	vejez
明朗	ming:lang	adj.	claro
他俩	ta:lia	pron.	ellos dos
星辰	xing:chen	n.	estrellas
严厉打击	yan:li:da:ji	v.	reprimir severamente
一整套	yi:zheng:tao	mw.	un juego completo
行政村	xing:zheng:cun	n.	pueblo administrativo
飞速发展	fei:su:fa:zhan	v.	desarrollarse rápidamente
做不到	zuo:bu:dao	v.	no poder hacer
次年	ci:nian	n.	el año siguiente
清明	qing:ming	n.	festival Qingming
新农村	xin:nong:cun	n.	nuevo campo rural
高水平的	gao:shui:ping:de	adj.	de alto nivel
提着	ti:zhe	v.	llevar
一年来	yi:nian:lai	prep.	durante el último año
腾飞	teng:fei	v.	despegar, elevarse
吓了一跳	xia:le:yi:tiao	v.	asustarse
前置	qian:zhi	v.	preponer, colocar delante
银行贷款	yin:hang:dai:kuan	n.	préstamo bancario
霸王	ba:wang	n.	tirano, soberano
教学改革	jiao:xue:gai:ge	n.	reforma educativa
装机	zhuang:ji	v.	instalar
认出	ren:chu	v.	reconocer
时间长	shi:jian:chang	adj.	largo tiempo
手机铃声	shou:ji:ling:sheng	n.	tono de móvil
电量	dian:liang	n.	capacidad de batería
水印	shui:yin	n.	marca de agua
高峰期	gao:feng:qi	n.	periodo de máxima actividad
得当	de:dang	adj.	adecuado
家禽	jia:qin	n.	aves de corral
残联	can:lian	n.	federación de discapacitados
不远处	bu:yuan:chu	n.	no muy lejos
内蒙	nei:meng	n.	Mongolia Interior
新一	xin:yi	n.	Xin Yi
洛杉矶	luo:shan:ji	n.	Los Angeles
毛发	mao:fa	n.	pelo, cabello
一粒	yi:li	num.	una semilla/grano
海量	hai:liang	n.	gran cantidad
海量	hai:liang	adj.	gran capacidad
毕业证	bi:ye:zheng	n.	título
坐到	zuo:dao	v.	sentarse en
并成	bing:cheng	v.	fusionar en
根基	gen:ji	n.	fundamento, base
自然而然	zi:ran:er:ran	adv.	naturalmente
抛出	pao:chu	v.	lanzar, arrojar
要花	yao:hua	v.	costar, requerir
音符	yin:fu	n.	nota musical
肛门	gang:men	n.	ano
深喉	shen:hou	n.	garganta profunda
田间	tian:jian	n.	campos
苍蝇	cang:ying	n.	mosca
转过	zhuan:guo	v.	girar
回到家	hui:dao:jia	v.	volver a casa
打倒	da:dao	v.	derrocar
上个世纪	shang:ge:shi:ji	n.	siglo pasado
资金来源	zi:jin:lai:yuan	n.	fuente de fondos
充分调动	chong:fen:diao:dong	v.	movilizar plenamente
出家	chu:jia	v.	hacerse monje
精装	jing:zhuang	adj.	encuadernación en tapa dura
波长	bo:chang	n.	longitud de onda
行业管理	hang:ye:guan:li	n.	gestión de la industria
响亮	xiang:liang	adj.	sonoro
浏览者	liu:lan:zhe	n.	navegador
城乡居民	cheng:xiang:ju:min	n.	habitantes urbanos y rurales
灭亡	mie:wang	v.	perecer
网格	wang:ge	n.	rejilla
股份公司	gu:fen:gong:si	n.	sociedad anónima
复式	fu:shi	adj.	de partida doble
较弱	jiao:ruo	adj.	relativamente débil
仆	pu	n.	sirviente
字典	zi:dian	n.	diccionario
辞退	ci:tui	v.	despedir
沿江	yan:jiang	adj.	a lo largo del río
惭愧	can:kui	adj.	avergonzado
聚合物	ju:he:wu	n.	polímero
一万元	yi:wan:yuan	num.	10.000 yuan
专营	zhuan:ying	v.	explotar exclusivamente
村民委员会	cun:min:wei:yuan:hui	n.	comité de aldea
委派	wei:pai	v.	comisionar
导线	dao:xian	n.	cable
容忍	rong:ren	v.	tolerar
根据地	gen:ju:di	n.	base
路人	lu:ren	n.	transeúnte
同性恋	tong:xing:lian	n.	homosexualidad
要件	yao:jian	n.	elemento esencial
大将	da:jiang	n.	general
温情	wen:qing	n.	ternura
助力	zhu:li	v.	ayudar
雇佣	gu:yong	v.	emplear
乏力	fa:li	adj.	débil
分站	fen:zhan	n.	estación secundaria
新春	xin:chun	n.	año nuevo
飞天	fei:tian	n.	apsara voladora
工资待遇	gong:zi:dai:yu	n.	salario y beneficios
流淌	liu:tang	v.	fluir
卵巢	luan:chao	n.	ovario
热的	re:de	adj.	caliente
奔波	ben:bo	v.	correr
举止	ju:zhi	n.	manera
一览表	yi:lan:biao	n.	cuadro resumen
第九	di:jiu	num.	noveno
猎头	lie:tou	n.	caza de talentos
销售渠道	xiao:shou:qu:dao	n.	canal de ventas
版权问题	ban:quan:wen:ti	n.	problema de derechos de autor
世尊	shi:zun	n.	el Bienaventurado
赞扬	zan:yang	v.	elogiar
华语	hua:yu	n.	chino
适于	shi:yu	v.	adecuar
牛仔	niu:zai	n.	vaquero
索性	suo:xing	adv.	simplemente
睫毛	jie:mao	n.	pestaña
宙	zhou	n.	universo
客户关系	ke:hu:guan:xi	n.	relaciones con clientes
李宇春	li:yu:chun	n.	Li Yuchun
融化	rong:hua	v.	derretir
鱼头	yu:tou	n.	cabeza de pescado
立马	li:ma	adv.	inmediatamente
芬芳	fen:fang	adj.	fragante
芬芳	fen:fang	n.	fragancia
我的爱	wo:de:ai	n.	mi amor
传	zhuan	v.	transmitir
传	zhuan	n.	leyenda
多一点	duo:yi:dian	mw.	un poco más
尉	wei	n.	oficial
继承了	ji:cheng:le	v.	heredó
野猫	ye:mao	n.	gato callejero
胡子	hu:zi	n.	barba
回想	hui:xiang	v.	rememorar
留着	liu:zhe	v.	mantener
其三	qi:san	num.	el tercero
我的博客	wo:de:bo:ke	n.	mi blog
屑	xie	n.	sobras
学过	xue:guo	v.	haber estudiado
一个地方	yi:ge:di:fang	n.	un lugar
水里	shui:li	n.	en el agua
指示灯	zhi:shi:deng	n.	luz indicadora
技术发展	ji:shu:fa:zhan	n.	desarrollo tecnológico
儒学	ru:xue	n.	confucianismo
初学	chu:xue	v.	empezar a aprender
强悍	qiang:han	adj.	fuerte, feroz
预料	yu:liao	v.	prever, anticipar
叮	ding	v.	picar, morder
便民	bian:min	v.	facilitar la vida
暖气	nuan:qi	n.	calefacción, calefacción
春运	chun:yun	n.	viaje del Año Nuevo
世家	shi:jia	n.	familia distinguida
天河区	tian:he:qu	n.	distrito de Tianhe
业务发展	ye:wu:fa:zhan	n.	desarrollo de negocios
办实事	ban:shi:shi	v.	hacer cosas prácticas
中高级	zhong:gao:ji	adj.	intermedio a avanzado
版权声明	ban:quan:sheng:ming	n.	aviso de derechos de autor
教育改革	jiao:yu:gai:ge	n.	reforma educativa
身份证复印件	shen:fen:zheng:fu:yin:jian	n.	copia del documento de identidad
巡查	xun:cha	v.	patrullar, inspeccionar
游戏规则	you:xi:gui:ze	n.	reglas del juego
单体	dan:ti	n.	monómero
就地	jiu:di	adv.	en el lugar, sobre la marcha
当着	dang:zhe	prep.	delante
捂	wu	v.	cubrir
洞口	dong:kou	n.	entrada de la cueva
烦躁	fan:zao	adj.	irritable
烦躁	fan:zao	v.	irritarse
高地	gao:di	n.	tierra alta
近两年	jin:liang:nian	n.	los últimos dos años
涩	se	adj.	astringente
进行研究	jin:xing:yan:jiu	v.	realizar una investigación
商业化	shang:ye:hua	n.	comercialización
商业化	shang:ye:hua	v.	comercializar
尚书	shang:shu	n.	Clásico de los documentos
直奔	zhi:ben	v.	dirigirse directamente a
派对	pai:dui	n.	fiesta
婚约	hun:yue	n.	compromiso
苦苦	ku:ku	adv.	amargamente
抵挡	di:dang	v.	resistir
化作	hua:zuo	v.	convertirse en
配送费	pei:song:fei	n.	gastos de envío
直击	zhi:ji	v.	golpear directamente
主要技术	zhu:yao:ji:shu	n.	tecnología principal
摆设	bai:she	n.	adorno
交流平台	jiao:liu:ping:tai	n.	plataforma de intercambio
所不同	suo:bu:tong	v.	diferirse
晋级	jin:ji	v.	ascender
内侧	nei:ce	n.	lado interior
大一	da:yi	n.	estudiante de primer año
看不出	kan:bu:chu	v.	no poder distinguir
鲜奶	xian:nai	n.	leche fresca
先去	xian:qu	v.	ir primero
神圣的	shen:sheng:de	adj.	sagrado
有两	you:liang	v.	tener dos
狠狠地	hen:hen:de	adv.	cruelmente
子曰	zi:yue	v.	Confucio dijo
注射液	zhu:she:ye	n.	solución inyectable
手柄	shou:bing	n.	mango
红花	hong:hua	n.	cártamo
取水	qu:shui	v.	recoger agua
印证	yin:zheng	v.	verificar
城市发展	cheng:shi:fa:zhan	n.	desarrollo urbano
呻吟	shen:yin	v.	gemir
半个月	ban:ge:yue	n.	media mes
建的	jian:de	adj.	construido
变速器	bian:su:qi	n.	caja de cambios
起名	qi:ming	v.	nombrar
再过	zai:guo	v.	después de más
总队	zong:dui	n.	cuartel general
解到	jie:dao	v.	resolver
农村基层	nong:cun:ji:ceng	n.	base rural
所受	suo:shou	v.	recibido
代收	dai:shou	v.	cobrar en nombre de
不讲	bu:jiang	v.	no hablar
过时	guo:shi	adj.	anticuado
通向	tong:xiang	v.	conducir a
剧中	ju:zhong	n.	en la obra
途经	tu:jing	v.	pasar por
海运	hai:yun	n.	transporte marítimo
海运	hai:yun	v.	transportar por mar
左键	zuo:jian	n.	tecla izquierda
诧	cha	v.	sorprenderse
停顿	ting:dun	v.	hacer una pausa
停顿	ting:dun	n.	pausa
匈奴	xiong:nu	n.	Xiongnu
两性	liang:xing	n.	sexualidad
柴	chai	n.	leña
耽误	dan:wu	v.	retrasar
一站式	yi:zhan:shi	adj.	todo en uno
协会会员	xie:hui:hui:yuan	n.	miembro de la asociación
孙悟空	sun:wu:kong	n.	Sun Wukong
转而	zhuan:er	conj.	en cambio
公共利益	gong:gong:li:yi	n.	interés público
避孕套	bi:yun:tao	n.	condón
传动	chuan:dong	n.	transmisión
会费	hui:fei	n.	cuota de membresía
每分钟	mei:fen:zhong	num.	por minuto
免责	mian:ze	v.	eximir de responsabilidad
树形	shu:xing	n.	estructura de árbol
木板	mu:ban	n.	tabla
甜美	tian:mei	adj.	dulce
甜美	tian:mei	n.	dulzura
诱人	you:ren	adj.	tentador
跳了	tiao:le	v.	saltó
总产值	zong:chan:zhi	n.	valor de producción total
按期	an:qi	adv.	a tiempo
雕像	diao:xiang	n.	estatua
开张	kai:zhang	v.	abrir
繁重	fan:zhong	adj.	pesado
承受能力	cheng:shou:neng:li	n.	capacidad de resistencia
乐团	yue:tuan	n.	orquesta
点滴	dian:di	n.	gotas
点滴	dian:di	adj.	gradual
挥手	hui:shou	v.	saludar con la mano
走着	zou:zhe	v.	caminar
击中	ji:zhong	v.	golpear
这一个	zhe:yi:ge	pron.	este
转弯	zhuan:wan	v.	girar
干事	gan:shi	n.	oficial
杆	gan	n.	vara
大喜	da:xi	v.	alegrarse mucho
最根本	zui:gen:ben	adj.	más fundamental
或将	huo:jiang	adv.	quizás
远大	yuan:da	adj.	grandioso
忽视了	hu:shi:le	v.	ignorar
部分人	bu:fen:ren	n.	algunas personas
龙门	long:men	n.	Longmen
单人	dan:ren	n.	persona sola
方形	fang:xing	n.	cuadrado
前世	qian:shi	n.	vida pasada
主要业务	zhu:yao:ye:wu	n.	negocio principal
充分考虑	chong:fen:kao:lv	v.	considerar plenamente
所面临	suo:mian:lin	v.	enfrentar
国标	guo:biao	n.	norma nacional
深入研究	shen:ru:yan:jiu	v.	estudiar a fondo
风范	feng:fan	n.	estilo
迄今	qi:jin	adv.	hasta ahora
抽象的	chou:xiang:de	adj.	abstracto
短文	duan:wen	n.	ensayo
转基因	zhuan:ji:yin	n.	ingeniería genética
过低	guo:di	adj.	demasiado bajo
举报电话	ju:bao:dian:hua	n.	línea de denuncia
地球上	di:qiu:shang	n.	en la tierra
请发	qing:fa	v.	por favor enviar
实践能力	shi:jian:neng:li	n.	capacidad práctica
年均增长	nian:jun:zeng:zhang	v.	crecimiento medio anual
钱财	qian:cai	n.	dinero y riqueza
投资公司	tou:zi:gong:si	n.	empresa de inversión
西街	xi:jie	n.	calle oeste
衍生	yan:sheng	v.	derivar
该地区	gai:di:qu	n.	la región
熟人	shou:ren	n.	conocido
熟人	shu:ren	n.	conocido
涵	han	n.	contener
世俗	shi:su	adj.	secular
城市里	cheng:shi:li	n.	en la ciudad
从来不	cong:lai:bu	adv.	nunca
野心	ye:xin	n.	ambición
校验	jiao:yan	v.	verificar
理论知识	li:lun:zhi:shi	n.	conocimiento teórico
麦克风	mai:ke:feng	n.	micrófono
新婚	xin:hun	adj.	recién casado
一对一	yi:dui:yi	num.	uno a uno
成就感	cheng:jiu:gan	n.	sentido de logro
媒体报道	mei:ti:bao:dao	n.	informe de los medios
效果好	xiao:guo:hao	adj.	buen efectos
资金投入	zi:jin:tou:ru	n.	inversión de capital
展现了	zhan:xian:le	v.	mostró
肺炎	fei:yan	n.	neumonía
患儿	huan:er	n.	niño enfermo
坠	zhui	v.	caer
发生过	fa:sheng:guo	v.	ha ocurrido
努力实现	nu:li:shi:xian	v.	esforzarse por realizar
企业性质	qi:ye:xing:zhi	n.	naturaleza de la empresa
医疗费用	yi:liao:fei:yong	n.	gastos médicos
全世界的	quan:shi:jie:de	adj.	mundial
庄家	zhuang:jia	n.	la casa
赔	pei	v.	perder dinero
渊源	yuan:yuan	n.	origen
创下	chuang:xia	v.	establecer
涨	zhang	v.	subir
乌龟	wu:gui	n.	tortuga
黄健翔	huang:jian:xiang	n.	Huang Jianxiang
帮助企业	bang:zhu:qi:ye	v.	ayudar a la empresa
点击下载	dian:ji:xia:zai	v.	hacer clic para descargar
检定	jian:ding	v.	verificar
启蒙	qi:meng	v.	iluminar
好些	hao:xie	pron.	algunos
悬念	xuan:nian	n.	suspenso
国际经济	guo:ji:jing:ji	n.	economía internacional
考勤	kao:qin	n.	asistencia
凝固	ning:gu	v.	coagular
凝固	ning:gu	v.	solidificar
嘟	du	onom.	puchero
崩	beng	v.	colapsar
国际竞争力	guo:ji:jing:zheng:li	n.	competitividad internacional
司法部	si:fa:bu	n.	ministerio de justicia
处女座	chu:nv:zuo	n.	Virgo
雷电	lei:dian	n.	trueno y relámpago
不能不	bu:neng:bu	adv.	no poder evitar
怎么办呢	zen:me:ban:ne	int.	qué hacer
薛	xue	n.	Xue
经常性	jing:chang:xing	adj.	regular
农业机械	nong:ye:ji:xie	n.	maquinaria agrícola
站内搜索	zhan:nei:sou:suo	n.	búsqueda en el sitio
绝对不会	jue:dui:bu:hui	adv.	absolutamente no
预付	yu:fu	v.	pagar por adelantado
威望值	wei:wang:zhi	n.	puntos de prestigio
抢占	qiang:zhan	v.	apoderarse de
销售网络	xiao:shou:wang:luo	n.	red de ventas
藤	teng	n.	enredadera
品类	pin:lei	n.	categoría
罕见	han:jian	adj.	raro
早已经	zao:yi:jing	adv.	ya
执行董事	zhi:xing:dong:shi	n.	director ejecutivo
猫猫	mao:mao	n.	gatito
是假	shi:jia	adj.	falso
就变成	jiu:bian:cheng	v.	convertirse en
商业模式	shang:ye:mo:shi	n.	modelo de negocio
税	shui	n.	impuesto
四环	si:huan	n.	cuarto anillo
长大了	zhang:da:le	v.	crecer
生物制品	sheng:wu:zhi:pin	n.	productos biológicos
营业员	ying:ye:yuan	n.	vendedor
随笔	sui:bi	n.	ensayo
登记注册	deng:ji:zhu:ce	v.	registrar
就业服务	jiu:ye:fu:wu	n.	servicio de empleo
诗的	shi:de	adj.	poético
课程设置	ke:cheng:she:zhi	n.	diseño de currículo
神经系统	shen:jing:xi:tong	n.	sistema nervioso
逃走	tao:zou	v.	escapar
可再生能源	ke:zai:sheng:neng:yuan	n.	energía renovable
荔枝	li:zhi	n.	lichi
通车	tong:che	v.	abrir al tráfico
两套	liang:tao	mw.	dos juegos
磁性	ci:xing	n.	magnetismo
技术部	ji:shu:bu	n.	departamento técnico
贪污	tan:wu	v.	malversar
四星级	si:xing:ji	adj.	de cuatro estrellas
玩忽职守	wan:hu:zhi:shou	v.	negligencia de funciones
压缩包	ya:suo:bao	n.	archivo comprimido
房地产企业	fang:di:chan:qi:ye	n.	empresa inmobiliaria
谈不上	tan:bu:shang	v.	no puede decirse que
发展环境	fa:zhan:huan:jing	n.	entorno de desarrollo
套件	tao:jian	n.	suite
蜗牛	wo:niu	n.	caracol
仪器设备	yi:qi:she:bei	n.	instrumentos y equipos
铁道部	tie:dao:bu	n.	ministerio de ferrocarriles
抵扣	di:kou	v.	deducir
面广	mian:guang	adj.	amplio alcance
企业邮局	qi:ye:you:ju	n.	oficina de correos de la empresa
复仇	fu:chou	v.	vengar
无耻	wu:chi	adj.	vergonzoso
这群	zhe:qun	n.	este grupo
注明出处	zhu:ming:chu:chu	v.	citar la fuente
寓意	yu:yi	n.	significado
抓获	zhua:huo	v.	capturar, arrestar
将领	jiang:ling	n.	general, comandante
枯	ku	adj.	marchito, seco
不足以	bu:zu:yi	adv.	no suficiente para
拉链	la:lian	n.	cremallera
认证机构	ren:zheng:ji:gou	n.	organismo de certificación
演化	yan:hua	v.	evolucionar
演化	yan:hua	n.	evolución
检讨	jian:tao	n.	autocrítica
肝癌	gan:ai	n.	cáncer de hígado
忠诚度	zhong:cheng:du	n.	lealtad
爱情故事	ai:qing:gu:shi	n.	historia de amor
按月	an:yue	adv.	mensualmente
中介公司	zhong:jie:gong:si	n.	agencia
经济运行	jing:ji:yun:xing	n.	funcionamiento económico
鞋业	xie:ye	n.	industria del calzado
生活习惯	sheng:huo:xi:guan	n.	hábitos de vida
收敛	shou:lian	v.	restricción, moderación
珍品	zhen:pin	n.	tesoro, objeto raro
名贵	ming:gui	adj.	precioso, costoso
发展潜力	fa:zhan:qian:li	n.	potencial de desarrollo
抵抗力	di:kang:li	n.	resistencia, inmunidad
陪着	pei:zhe	v.	acompañar, estar con
这么多年	zhe:me:duo:nian	n.	tantos años
出国留学	chu:guo:liu:xue	v.	estudiar en el extranjero
夜景	ye:jing	n.	vista nocturna, paisaje nocturno
友好的	you:hao:de	adj.	amistoso, amigable
联系起来	lian:xi:qi:lai	v.	conectar, vincular
篡改	cuan:gai	v.	falsificar, alterar
明确提出	ming:que:ti:chu	v.	plantear claramente
这些年	zhe:xie:nian	n.	estos años
调味	tiao:wei	v.	sazonar, condimentar
谋划	mou:hua	v.	planear, tramar
评审委员会	ping:shen:wei:yuan:hui	n.	comité de revisión
睡袋	shui:dai	n.	saco de dormir
历史悠久	li:shi:you:jiu	adj.	historia larga
停止了	ting:zhi:le	v.	detenerse
技术有限公司	ji:shu:you:xian:gong:si	n.	sociedad de tecnología
经贸委	jing:mao:wei	n.	comisión de comercio
嫖客	piao:ke	n.	cliente de prostitución
人才工作	ren:cai:gong:zuo	n.	trabajo de talento
择优	ze:you	v.	seleccionar lo mejor
对白	dui:bai	n.	diálogo
广大客户	guang:da:ke:hu	n.	amplia clientela
这个网站	zhe:ge:wang:zhan	n.	este sitio web
会计核算	kuai:ji:he:suan	n.	contabilidad
不确定性	bu:que:ding:xing	n.	incertidumbre
交易会	jiao:yi:hui	n.	feria comercial
网络系统	wang:luo:xi:tong	n.	sistema de red
劣势	lie:shi	n.	desventaja
借此	jie:ci	conj.	por este medio
经受	jing:shou	v.	soportar
综合评价	zong:he:ping:jia	n.	evaluación integral
华中	hua:zhong	n.	China central
译	yi	v.	traducir
市场准入	shi:chang:zhun:ru	n.	acceso al mercado
帘	lian	n.	cortina
理想信念	li:xiang:xin:nian	n.	ideal y creencia
鸟类	niao:lei	n.	aves
糖	tang	n.	azúcar
糖	tang	n.	caramelo
深邃	shen:sui	adj.	profundo
围巾	wei:jin	n.	bufanda
怀	huai	v.	abrazar
怀	huai	n.	pecho
电动机	dian:dong:ji	n.	motor eléctrico
有心	you:xin	adj.	intencional
行动计划	xing:dong:ji:hua	n.	plan de acción
最关心	zui:guan:xin	v.	preocuparse más por
大中城市	da:zhong:cheng:shi	n.	ciudades grandes y medianas
方法论	fang:fa:lun	n.	metodología
鸡肉	ji:rou	n.	carne de pollo
开到	kai:dao	v.	conducir hasta
三中	san:zhong	num.	tercero
城南	cheng:nan	n.	sur de la ciudad
网络电话	wang:luo:dian:hua	n.	telefonía por internet
吸毒	xi:du	v.	consumir drogas
真挚	zhen:zhi	adj.	sincero
驻外	zhu:wai	v.	estar destinado en el extranjero
二十一世纪	er:shi:yi:shi:ji	n.	siglo XXI
废旧	fei:jiu	adj.	viejo/usado
指控	zhi:kong	v.	acusar
指控	zhi:kong	n.	acusación
愉	yu	adj.	agradable
网络媒体	wang:luo:mei:ti	n.	medios digitales
师长	shi:zhang	n.	comandante de división
疏忽	shu:hu	v.	descuidar
疏忽	shu:hu	n.	descuido
天鹅	tian:e	n.	cisne
耐用	nai:yong	adj.	duradero
市教育局	shi:jiao:yu:ju	n.	oficina municipal de educación
所知	suo:zhi	n.	lo que se sabe
骄	jiao	adj.	orgulloso
徐汇区	xu:hui:qu	n.	distrito de Xuhui
第四十七条	di:si:shi:qi:tiao	n.	artículo 47
金黄色	jin:huang:se	adj.	amarillo dorado
落到	luo:dao	v.	caer en
闪存	shan:cun	n.	memoria flash
划转	hua:zhuan	v.	transferir
保单	bao:dan	n.	póliza de seguro
房屋拆迁	fang:wu:chai:qian	n.	demolición de casas
办公设备	ban:gong:she:bei	n.	equipo de oficina
跨越式发展	kua:yue:shi:fa:zhan	n.	desarrollo por saltos
计算方法	ji:suan:fang:fa	n.	método de cálculo
大客户	da:ke:hu	n.	cliente importante
巨型	ju:xing	adj.	gigante
农村信用社	nong:cun:xin:yong:she	n.	cooperativa de crédito rural
屏障	ping:zhang	n.	barrera
透气	tou:qi	v.	respirar
透气	tou:qi	adj.	transpirable
翻开	fan:kai	v.	abrir
逃脱	tao:tuo	v.	escapar
集体经济	ji:ti:jing:ji	n.	economía colectiva
健康教育	jian:kang:jiao:yu	n.	educación para la salud
辈子	bei:zi	n.	vida
深化	shen:hua	v.	profundizar
美国政府	mei:guo:zheng:fu	n.	gobierno de EE. UU.
取下	qu:xia	v.	quitar
旋风	xuan:feng	n.	torbellino
羡	xian	v.	envidiar
行进	xing:jin	v.	avanzar
攻关	gong:guan	v.	abordar un problema
要钱	yao:qian	v.	pedir dinero
政府机构	zheng:fu:ji:gou	n.	organismo gubernamental
尾灯	wei:deng	n.	luz trasera
吊顶	diao:ding	n.	techo suspendido
国画	guo:hua	n.	pintura china
争创	zheng:chuang	v.	esforzarse por crear
中南	zhong:nan	n.	Zhongnan
烟花爆竹	yan:hua:bao:zhu	n.	fuegos artificiales
月收入	yue:shou:ru	n.	ingresos mensuales
糕	gao	n.	pastel
单机	dan:ji	n.	máquina independiente
治疗方法	zhi:liao:fang:fa	n.	método de tratamiento
大多数的	da:duo:shu:de	adj.	mayoritario
角逐	jue:zhu	v.	competir
彬	bin	n.	Bin
曲子	qu:zi	n.	melodía
每张	mei:zhang	mw.	cada hoja
收费项目	shou:fei:xiang:mu	n.	artículo de cobro
征用	zheng:yong	v.	requisar
愚	yu	adj.	tonto
安康	an:kang	adj.	pacífico y sano
妥善	tuo:shan	adj.	adecuado
远去	yuan:qu	v.	alejarse
城北	cheng:bei	n.	norte de la ciudad
迫不及待	po:bu:ji:dai	adj.	impaciente
高尚的	gao:shang:de	adj.	noble
开销	kai:xiao	n.	gasto
开销	kai:xiao	v.	gastar
油条	you:tiao	n.	youtiao
出生于	chu:sheng:yu	v.	nacer en
所购	suo:gou	n.	comprados
下场	xia:chang	n.	final
下场	xia:chang	v.	entrar en el campo
来历	lai:li	n.	origen
狮子座	shi:zi:zuo	n.	Leo
监制	jian:zhi	v.	supervisar la producción
犯罪分子	fan:zui:fen:zi	n.	criminal
融为一体	rong:wei:yi:ti	v.	fusionar
安全带	an:quan:dai	n.	cinturón de seguridad
基地建设	ji:di:jian:she	n.	construcción de base
包装材料	bao:zhuang:cai:liao	n.	material de embalaje
外衣	wai:yi	n.	abrigo
鱼儿	yu:er	n.	pez
产妇	chan:fu	n.	mujer en parto
防疫	fang:yi	v.	prevenir epidemia
技术交流	ji:shu:jiao:liu	n.	intercambio técnico
带我	dai:wo	v.	llevarme
已婚	yi:hun	adj.	casado
黑社会	hei:she:hui	n.	mafia
几大	ji:da	num.	varios grandes
侦探	zhen:tan	n.	detective
疏	shu	adj.	raro
疏	shu	v.	descuidar
叶酸	ye:suan	n.	ácido fólico
小腿	xiao:tui	n.	pantorrilla
保住	bao:zhu	v.	mantener
起作用	qi:zuo:yong	v.	actuar
伤痛	shang:tong	n.	dolor
伤痛	shang:tong	v.	herir
育种	yu:zhong	n.	cría
格林	ge:lin	n.	Grimm
统治者	tong:zhi:zhe	n.	gobernante
新旧	xin:jiu	adj.	nuevo y viejo
重返	chong:fan	v.	regresar
得益于	de:yi:yu	v.	beneficiarse de
乳腺癌	ru:xian:ai	n.	cáncer de mama
社科	she:ke	n.	ciencias sociales
炫耀	xuan:yao	v.	presumir
引进了	yin:jin:le	v.	introducir
翰	han	n.	escritura
中国网通	zhong:guo:wang:tong	n.	China Netcom
更像	geng:xiang	v.	parecerse más
能找到	neng:zhao:dao	v.	poder encontrar
帮她	bang:ta	v.	ayudarla
堵	du	v.	bloquear
堵	du	adj.	congestionado
自以为	zi:yi:wei	v.	creerse
劳动力市场	lao:dong:li:shi:chang	n.	mercado laboral
注视	zhu:shi	v.	mirar fijamente
昨天晚上	zuo:tian:wan:shang	n.	anoche
九个	jiu:ge	num.	9
家乐福	jia:le:fu	n.	Carrefour
有关系	you:guan:xi	v.	tener relación
地方财政	di:fang:cai:zheng	n.	finanzas locales
签订合同	qian:ding:he:tong	v.	firmar un contrato
还是会	hai:shi:hui	adv.	todavía va a
水箱	shui:xiang	n.	tanque de agua
销售经理	xiao:shou:jing:li	n.	jefe de ventas
分钱	fen:qian	v.	repartir el dinero
开课	kai:ke	v.	empezar un curso
面条	mian:tiao	n.	fideos
一剑	yi:jian	num.	una espada
右边的	you:bian:de	adj.	de la derecha
显出	xian:chu	v.	mostrar
诚招	cheng:zhao	v.	contratar sinceramente
腕	wan	n.	muñeca
腕	wan	n.	habilidad
火炬	huo:ju	n.	antorcha
另一半	ling:yi:ban	n.	otra mitad
反倒	fan:dao	adv.	por el contrario
贴上	tie:shang	v.	pegar
统一思想	tong:yi:si:xiang	v.	unificar el pensamiento
那双	na:shuang	num.	ese par
奇幻	qi:huan	adj.	fantástico
署名	shu:ming	v.	firmar
署名	shu:ming	n.	firma
杂交	za:jiao	v.	cruzar
中餐	zhong:can	n.	comida china
何在	he:zai	v.	dónde está
种苗	zhong:miao	n.	plántula
她才	ta:cai	pron.	ella solo
那么多的	na:me:duo:de	adj.	tantos
林业局	lin:ye:ju	n.	oficina forestal
随身携带	sui:shen:xie:dai	v.	llevar consigo
有信心	you:xin:xin	v.	tener confianza
车	ju	n.	vehículo
考查	kao:cha	v.	examinar
起兴	qi:xing	v.	hacer una alusión
市亩	shi:mu	n.	mu
原产	yuan:chan	v.	ser originario de
原产	yuan:chan	adj.	nativo
脱水	tuo:shui	v.	deshidratar
一缕	yi:lv	mw.	una mecha
吃亏	chi:kui	v.	sufrir una pérdida
攻读	gong:du	v.	estudiar
深感	shen:gan	v.	sentir profundamente
有实力	you:shi:li	v.	tener capacidad
不健康	bu:jian:kang	adj.	insalubre
国税局	guo:shui:ju	n.	oficina de impuestos
以备	yi:bei	conj.	para preparar
复议	fu:yi	v.	reconsiderar
数据中心	shu:ju:zhong:xin	n.	centro de datos
眸	mou	n.	ojo
互利	hu:li	v.	beneficiar mutuamente
工业设计	gong:ye:she:ji	n.	diseño industrial
