# zh-fr: Chinese candidates -> French. Generated; edit corrections/zh-fr.tsv instead (see CONTRIBUTING.md).
word	reading	pos	translation
的	de	part.	particule de possession
一	yi	num.	un
是	shi	v.	être
我	wo	pron.	je
江泽民	jiang:ze:min	n.	Jiang Zemin
江泽民同志	jiang:ze:min:tong:zhi	n.	camarade Jiang Zemin
在	zai	v.	être à
在	zai	adv.	être en train de
人	ren	n.	personne
有	you	v.	avoir
这	zhe	pron.	ce
这	zhei	pron.	ce (oral)
他	ta	pron.	il
来	lai	v.	venir
个	ge	mw.	général (classificateur)
版权	ban:quan	n.	droit d'auteur
三国群英传	san:guo:qun:ying:zhuan	n.	Heroes of the Three Kingdoms
说	shuo	v.	dire
说	shuo	n.	discours
上	shang	v.	monter
上	shang	n.	sommet
到	dao	v.	arriver
到	dao	prep.	jusqu'à
就	jiu	adv.	alors
就	jiu	v.	approcher
大	da	adj.	grand
那	na	pron.	ce
也	ye	adv.	aussi
嗯	eng	int.	hé bien
嗯	en	int.	oui
吗	ma	part.	particule interrogative
或	huo	conj.	ou
或	huo	adv.	peut-être
地	de	part.	particule adverbiale
地	di	n.	terre
地	di	n.	lieu
子	zi	n.	enfant
子	zi	n.	fils
请	qing	v.	inviter
下	xia	v.	descendre
时	shi	n.	temps
看	kan	v.	regarder
看	kan	v.	lire
要	yao	v.	vouloir
要	yao	part.	devoir
她	ta	pron.	elle
放	fang	v.	poser
中	zhong	n.	centre
没	mei	adv.	ne pas
但	dan	conj.	mais
然	ran	adv.	ainsi
里	li	n.	intérieur
为	wei	prep.	pour
过	guo	part.	particule d'expérience
自	zi	prep.	de soi
好	hao	adj.	bon
得	de	part.	particule de résultat
得	dei	v.	devoir
去	qu	v.	aller
会	hui	v.	pouvoir
会	hui	n.	réunion
天	tian	n.	ciel
天	tian	n.	jour
还	hai	adv.	encore
后	hou	n.	arrière
以	yi	prep.	moyennant
小	xiao	adj.	petit
和	he	conj.	et
对	dui	adj.	correct
对	dui	prep.	en
想	xiang	v.	penser
级	ji	n.	niveau
起	qi	v.	se lever
房地产	fang:di:chan	n.	immobilier
神	shen	n.	dieu
神	shen	adj.	merveilleux
深	shen	adj.	profond
啊	a	part.	particule exclamative
啊	a	int.	ah
制度	zhi:du	n.	système
集	ji	v.	rassembler
集	ji	n.	collection
手	shou	n.	main
而	er	conj.	et
只	zhi	adv.	seulement
只	zhi	mw.	(classificateur pour animaux)
生	sheng	v.	naître
生	sheng	n.	vie
头	tou	n.	tête
事	shi	n.	chose
多	duo	adj.	nombreux
模式	mo:shi	n.	modèle
家	jia	n.	maison
家	jia	n.	expert
面	mian	n.	visage
改革	gai:ge	n.	réforme
改革	gai:ge	v.	réformer
知	zhi	v.	savoir
开	kai	v.	ouvrir
如	ru	v.	comme
权利	quan:li	n.	droit
无	wu	v.	sans
很	hen	adv.	très
点	dian	n.	point
点	dian	mw.	un peu
前	qian	n.	devant
发	fa	v.	envoyer
经	jing	v.	traverser
按	an	prep.	selon
按	an	v.	appuyer
把	ba	n.	manche
把	ba	mw.	poignée
老	lao	adj.	vieux
些	xie	mw.	quelques
话	hua	n.	parole
已	yi	adv.	déjà
又	you	adv.	encore
声	sheng	n.	son
意	yi	n.	sens
啦	la	part.	particule exclamative
回	hui	v.	retourner
回	hui	mw.	(classificateur pour fois)
笑	xiao	v.	rire
哦	o	int.	oh
所	suo	n.	endroit
眼	yan	n.	oeil
了	le	part.	particule d'accompli
成	cheng	v.	devenir
年	nian	n.	année
见	jian	v.	voir
当	dang	v.	servir de
当	dang	adv.	lorsque
监督	jian:du	v.	superviser
女	nv	n.	femme
真	zhen	adj.	vrai
两	liang	num.	deux
力	li	n.	force
做	zuo	v.	faire
规范	gui:fan	n.	norme
规范	gui:fan	v.	réglementer
气	qi	n.	air
气	qi	n.	colère
从	cong	prep.	de
用	yong	v.	utiliser
长	chang	adj.	long
长	zhang	v.	pousser
长	zhang	adj.	aîné
动	dong	v.	bouger
间	jian	n.	pièce
国	guo	n.	pays
守法	shou:fa	v.	respecter la loi
晒	shai	v.	sécher au soleil
走	zou	v.	marcher
让	rang	v.	laisser
被	bei	part.	marque de passif
不	bu	adv.	ne
给	gei	v.	donner
正	zheng	adj.	droit
问	wen	v.	demander
打	da	v.	frapper
明	ming	adj.	lumineux
儿	er	n.	enfant
法	fa	n.	loi
才	cai	adv.	ne… qu'alors
几	ji	num.	quelques
行	hang	n.	rangée
行	xing	adj.	d'accord
三	san	num.	3
定	ding	v.	décider
此	ci	pron.	ceci
进	jin	v.	entrer
再	zai	adv.	encore
种	zhong	mw.	espèce
将	jiang	prep.	futur
实	shi	adj.	réel
实	shi	adj.	solide
实	shi	n.	vérité
同	tong	adj.	même
最	zui	adv.	le plus
本	ben	mw.	volume (livres)
向	xiang	prep.	vers
法院	fa:yuan	n.	tribunal
分	fen	v.	diviser
十	shi	num.	10
学	xue	v.	étudier
高	gao	adj.	haut
第	di	part.	préfixe ordinal
感	gan	v.	sentir
怎	zen	pron.	comment
侵犯	qin:fan	v.	porter atteinte à
连	lian	conj.	même
听	ting	v.	écouter
边	bian	n.	bord
作	zuo	v.	faire
其	qi	pron.	son
吧	ba	part.	particule de suggestion
却	que	adv.	pourtant
口	kou	n.	bouche
觉	jue	v.	sentir
因	yin	conj.	parce que
白	bai	adj.	blanc
五个亿	wu:ge:yi	num.	500 millions
次	ci	mw.	fois
出	chu	v.	sortir
洗	xi	v.	laver
外	wai	adj.	extérieur
新	xin	adj.	nouveau
光	guang	n.	lumière
风	feng	n.	vent
住	zhu	v.	habiter
果	guo	n.	fruit
果	guo	n.	résultat
与	yu	prep.	avec
与	yu	conj.	et
全	quan	adj.	complet
全	quan	adv.	entièrement
收购	shou:gou	v.	acquérir
收购	shou:gou	n.	acquisition
二	er	num.	deux
候	hou	v.	attendre
非法	fei:fa	adj.	illégal
公	gong	adj.	public
相	xiang	adv.	mutuellement
相	xiang	n.	apparence
等	deng	v.	attendre
等	deng	adj.	égal
等	deng	pron.	etc.
别	bie	adv.	ne pas
别	bie	adj.	autre
色	se	n.	couleur
死	si	v.	mourir
死	si	adj.	mort
张	zhang	mw.	(CL: objets plats)
部	bu	n.	département
部	bu	mw.	classificateur pour œuvres
太	tai	adv.	trop
日	ri	n.	jour
日	ri	n.	soleil
少	shao	adj.	peu
少	shao	v.	manquer
发展	fa:zhan	v.	développer
发展	fa:zhan	n.	développement
理	li	n.	raison
理	li	v.	gérer
直	zhi	adj.	droit
直	zhi	adv.	directement
重	zhong	adj.	lourd
重	zhong	adj.	important
王	wang	n.	roi
像	xiang	v.	ressembler
像	xiang	n.	image
上市公司	shang:shi:gong:si	n.	société cotée
脸	lian	n.	visage
比	bi	prep.	que
比	bi	v.	comparer
快	kuai	adj.	rapide
快	kuai	adj.	heureux
及	ji	conj.	et
及	ji	v.	atteindre
何	he	pron.	quoi
水	shui	n.	eau
名	ming	n.	nom
名	ming	mw.	classificateur pour personnes
东	dong	n.	est
叫	jiao	v.	s'appeler
叫	jiao	v.	crier
西	xi	n.	ouest
土豆	tu:dou	n.	pomme de terre
应	ying	v.	devoir
违法	wei:fa	v.	violer la loi
违法	wei:fa	adj.	illégal
便	bian	adv.	alors
便	bian	adj.	pratique
马	ma	n.	cheval
难	nan	adj.	difficile
难	nan	adj.	désagréable
轻	qing	adj.	léger
部门	bu:men	n.	département
更	geng	adv.	plus
美	mei	adj.	beau
美	mei	n.	Amérique
关	guan	v.	ferner
关	guan	v.	éteindre
机	ji	n.	machine
接	jie	v.	recevoir
接	jie	v.	connecter
先	xian	adv.	d'abord
文	wen	n.	texte
处	chu	n.	endroit
并	bing	conj.	et
并	bing	adv.	simultanément
望	wang	v.	espérer
望	wang	v.	regarder
常	chang	adv.	souvent
完	wan	v.	finir
完	wan	adv.	complètement
政府	zheng:fu	n.	gouvernement
着	zhe	part.	marqueur d'aspect duratif
于	yu	prep.	à
四	si	num.	quatre
飞	fei	v.	voler
飞	fei	adj.	rapide
师	shi	n.	maître
师	shi	n.	enseignant
者	zhe	part.	personne qui
清	qing	adj.	clair
清	qing	v.	nettoyer
刚	gang	adv.	vient de
心	xin	n.	cœur
心	xin	n.	esprit
跟	gen	prep.	avec
跟	gen	v.	suivre
信	xin	n.	lettre
信	xin	v.	croire
山	shan	n.	montagne
爱	ai	v.	aimer
爱	ai	n.	amour
内	nei	n.	intérieur
龙	long	n.	dragon
空	kong	adj.	vide
空	kong	n.	ciel
带	dai	v.	apporter
找	zhao	v.	chercher
原	yuan	n.	origine
入	ru	v.	entrer
李	li	n.	prune
吃	chi	v.	manger
场	chang	n.	lieu
平	ping	adj.	plat
思	si	v.	penser
林	lin	n.	forêt
变	bian	v.	changer
轿车	jiao:che	n.	berline
轿车	jiao:che	n.	voiture
你	ni	pron.	tu
使	shi	v.	utiliser
由	you	prep.	de
经济	jing:ji	n.	économie
翻	fan	v.	tourner
受	shou	v.	recevoir
亲	qin	adj.	proche
服务	fu:wu	v.	servir
命	ming	n.	vie
目	mu	n.	œil
执法	zhi:fa	v.	faire appliquer la loi
强	qiang	adj.	fort
屎	shi	n.	excrément
男	nan	n.	mâle
任	ren	v.	nommer
该	gai	pron.	cet
该	gai	part.	devoir
有关部门	you:guan:bu:men	n.	autorités compétentes
路	lu	n.	route
车	che	n.	véhicule
今	jin	n.	maintenant
海	hai	n.	mer
加	jia	v.	ajouter
公司	gong:si	n.	société
远	yuan	adj.	loin
活	huo	v.	vivre
特	te	adv.	particulièrement
解	jie	v.	résoudre
电	dian	n.	électricité
世	shi	n.	monde
性	xing	n.	nature
性	xing	n.	sexe
表	biao	n.	tableau
表	biao	n.	montre
许	xu	v.	permettre
它	ta	pron.	il, ça
立	li	v.	se tenir debout
黑	hei	adj.	noir
债券	zhai:quan	n.	obligation
红	hong	adj.	rouge
花	hua	n.	fleur
转	zhuan	v.	tourner
总	zong	adj.	total
算	suan	v.	calculer
披露	pi:lu	v.	divulger
城	cheng	n.	ville
队	dui	n.	équipe
孩	hai	n.	enfant
反	fan	adj.	inverse
工	gong	n.	travail
始	shi	v.	commencer
满	man	adj.	plein
兵	bing	n.	soldat
物	wu	n.	chose
离	li	v.	quitter
非	fei	n.	erreur
虽	sui	conj.	bien que
云	yun	n.	nuage
似	si	v.	ressembler
似	si	prep.	comme
万	wan	num.	10 000
至	zhi	v.	arriver
干	gan	adj.	sec
专利	zhuan:li	n.	brevet
通	tong	v.	passer
通	tong	adj.	direct
通	tong	v.	relier
认	ren	v.	reconnaître
失	shi	v.	perdre
火	huo	n.	feu
哥	ge	n.	frère aîné
士	shi	n.	gentilhomme
之	zhi	part.	de
五	wu	num.	cinq
惊	jing	v.	s'être surpris
现	xian	v.	apparaître
魔	mo	n.	démon
竟	jing	adv.	inattendument
竟	jing	v.	achever
姐	jie	n.	sœur aînée
乎	hu	part.	de
主	zhu	n.	maître
剑	jian	n.	épée
苹果	ping:guo	n.	pomme
往	wang	prep.	vers
量	liang	n.	quantité
早	zao	adj.	tôt
董事长	dong:shi:zhang	n.	president du conseil
结	jie	v.	nouer
北京	bei:jing	n.	Pékin
怕	pa	v.	craindre
流	liu	v.	couler
二手车	er:shou:che	n.	voiture d'occasion
删	shan	v.	supprimer
湿	shi	adj.	mouillé
突	tu	v.	dépasser
坐	zuo	v.	s'asseoir
斯	si	pron.	ceci
音	yin	n.	son
紧	jin	adj.	sergé
指	zhi	v.	pointer
半	ban	num.	demi
记	ji	v.	se souvenir of
记	ji	n.	note
且	qie	conj.	de plus
利	li	n.	bénéfice
利	li	adj.	tranchant
合	he	v.	combiner
倒	dao	v.	tomber
倒	dao	adv.	inversement
书	shu	n.	livre
微	wei	adj.	minuscule
步	bu	n.	pas
们	men	part.	marqueur de pluriel
教	jiao	v.	enseigner
教	jiao	n.	religion
喜	xi	v.	aimer
喜	xi	n.	joie
可	ke	part.	pouvoir
越	yue	v.	franchir
越	yue	adv.	de plus en plus
影	ying	n.	ombre
谁	shei	pron.	qui
谁	shui	pron.	qui
冷	leng	adj.	froid
道	dao	n.	chemin
道	dao	v.	dire
实现	shi:xian	v.	réaliser
告	gao	v.	dire
落	luo	v.	tomber
市场	shi:chang	n.	marché
象	xiang	n.	éléphant
容	rong	v.	contenir
容	rong	n.	apparence
怪	guai	adj.	bizarre
怪	guai	v.	reprocher
传	chuan	v.	transmettre
传	chuan	n.	biographie
钱	qian	n.	argent
季	ji	n.	saison
提	ti	v.	porter
提	ti	v.	mentionner
言	yan	n.	parole
言	yan	v.	dire
招标	zhao:biao	v.	appel d'offres
养	yang	v.	élever
随	sui	v.	suivre
每	mei	pron.	chaque
双	shuang	mw.	paire
服	fu	n.	vêtements
服	fu	v.	servir
击	ji	v.	frapper
急	ji	adj.	urgent
鸡	ji	n.	poulet
挤	ji	v.	serrer
武	wu	adj.	martial
哪	na	pron.	quel
换	huan	v.	changer
数	shu	num.	nombre
数	shu	v.	compter
站	zhan	v.	être debout
站	zhan	n.	station
签约	qian:yue	v.	signer un contrat
微信	wei:xin	n.	WeChat
奇	qi	adj.	étrange
房	fang	n.	maison
安	an	adj.	tranquille
管	guan	v.	gérer
管	guan	n.	tube
刻	ke	mw.	caractère grave (quart d'heure)
刻	ke	v.	graver
啥	sha	pron.	que (fam.)
题	ti	n.	question
题	ti	n.	titre
衣	yi	n.	vêtement
周	zhou	n.	semaine
周	zhou	adj.	minutieux
样	yang	n.	apparence
静	jing	adj.	calme
伤	shang	v.	blesser
百	bai	num.	cent
哇	wa	int.	oh
拿	na	v.	prendre
妈	ma	n.	maman
办	ban	v.	gérer
星	xing	n.	étoile
化	hua	v.	transformer
功	gong	n.	mérite
绝	jue	v.	couper
令	ling	v.	ordonner
系	ji	v.	nouer
系	xi	v.	être
般	ban	part.	espèce de
必	bi	adv.	nécessairement
业	ye	n.	affaires
尔	er	pron.	tu
件	jian	mw.	piece
血	xie	n.	sang
血	xue	n.	sang
代	dai	n.	génération
精	jing	adj.	raffiné
只会	zhi:hui	adv.	ne savoir que
弟	di	n.	petit frère
终	zhong	adv.	enfin
评论	ping:lun	n.	commentaire
近	jin	adj.	proche
条	tiao	mw.	bande
战	zhan	n.	guerre
值	zhi	v.	valoir
猥琐	wei:suo	adj.	rusé
搭理	da:li	v.	faire attention à
青	qing	adj.	vert
界	jie	n.	monde
司	si	n.	département
整	zheng	adj.	entier
字	zi	n.	caractère
晚	wan	adj.	tard
民	min	n.	peuple
帮	bang	v.	aider
只是	zhi:shi	adv.	seulement
切	qie	v.	couper
即	ji	conj.	c'est-à-dire
忙	mang	adj.	occupé
交	jiao	v.	remettre
支持	zhi:chi	v.	soutenir
暗	an	adj.	sombre
夫	fu	n.	mari
员	yuan	n.	membre
根	gen	mw.	racine
石	shi	n.	pierre
哈	ha	onom.	ha
灵	ling	adj.	efficace
夜	ye	n.	nuit
父	fu	n.	père
制	zhi	v.	fabriquer
友	you	n.	ami
阿	a	part.	préfixe
美国	mei:guo	n.	États-Unis
息	xi	n.	souffle
欺诈	qi:zha	v.	frauder
冲	chong	v.	se précipiter
九	jiu	num.	neuf
保	bao	v.	protéger
片	pian	mw.	tranche
形	xing	n.	forme
阵	zhen	mw.	rafale
冷静	leng:jing	adj.	calm
南	nan	n.	sud
决	jue	v.	décider
各	ge	pron.	chaque
报	bao	v.	rapporter
兴	xing	n.	excitation
既	ji	adv.	déjà
阳	yang	n.	soleil
院长	yuan:zhang	n.	directeur
语	yu	n.	langue
亿	yi	num.	milliard
错	cuo	adj.	faux
超	chao	v.	dépasser
协商	xie:shang	v.	consulter
刘	liu	n.	Liu
极	ji	adv.	extrêmement
度	du	mw.	degré
识	shi	v.	connaître
新车	xin:che	n.	voiture neuve
备	bei	v.	préparer
慢	man	adj.	lent
雪	xue	n.	neige
蛋糕	dan:gao	n.	gâteau
机构	ji:gou	n.	organisme
苦	ku	adj.	amer
若	ruo	conj.	si
领	ling	v.	conduire
收	shou	v.	recevoir
底	di	n.	fond
尽	jin	v.	épuiser
准	zhun	adj.	précis
能力	neng:li	n.	capacité
资源	zi:yuan	n.	ressource
计划	ji:hua	n.	plan
华	hua	n.	Chine
体	ti	n.	corps
答	da	v.	répondre
众	zhong	n.	crowd
千	qian	num.	mille
消	xiao	v.	disparaître
筛	shai	v.	tamiser
视	shi	v.	regarder
罗	luo	n.	gaze
敢	gan	v.	oser
留	liu	v.	rester
克	ke	mw.	gramme
系统	xi:tong	n.	système
乐	le	n.	musique
省委	sheng:wei	n.	comité provincial
够	gou	v.	suffire
梨	li	n.	poire
跑	pao	v.	courir
显	xian	adj.	évident
嘴	zui	n.	bouche
官	guan	n.	fonctionnaire
断	duan	v.	casser
未	wei	adv.	pas encore
势	shi	n.	force
巨	ju	adj.	énorme
求	qiu	v.	demander
计	ji	v.	calculer
论	lun	v.	discuter
证券	zheng:quan	n.	valeur mobilière
达	da	v.	atteindre
则	ze	conj.	alors
害	hai	v.	nuire
八	ba	num.	huit
单	dan	adj.	simple
有限责任公司	you:xian:ze:ren:gong:si	n.	société à responsabilité limitée
酒	jiu	n.	alcool
脚	jiao	n.	pied
德	de	n.	vertu
元	yuan	n.	yuan
脑	nao	n.	cerveau
楚	chu	adj.	clair
雨	yu	n.	pluie
睛	jing	n.	œil
响	xiang	v.	sonner
刀	dao	n.	couteau
分享	fen:xiang	v.	partager
确	que	adj.	vrai
玉	yu	n.	jade
产品	chan:pin	n.	produit
沉	chen	v.	couler
北	bei	n.	nord
格	ge	n.	norme
停	ting	v.	s'arrêter
陈	chen	adj.	vieux
市	shi	n.	ville
朝	chao	prep.	vers
门户网站	men:hu:wang:zhan	n.	portail
牛奶	niu:nai	n.	lait
喝	he	v.	boire
组	zu	v.	organiser
江	jiang	n.	fleuve
债务	zhai:wu	n.	dette
团	tuan	n.	groupe
母	mu	n.	mère
章	zhang	n.	chapitre
保险公司	bao:xian:gong:si	n.	société d'assurance
装	zhuang	v.	installer
判决	pan:jue	n.	jugement
亮	liang	adj.	lumeux
举	ju	v.	lever
客	ke	n.	invité
照	zhao	v.	éclairer
乱	luan	adj.	chaotique
汇报	hui:bao	v.	rendre compte
易	yi	adj.	facile
极其	ji:qi	adv.	extrêmement
足	zu	n.	pied
依	yi	v.	dépendre
黄	huang	adj.	jaune
修	xiu	v.	réparer
破	po	adj.	cassé
台	tai	mw.	classificateur pour machines
球	qiu	n.	ballon
呀	ya	part.	particule exclamative
院	yuan	n.	cour
送	song	v.	envoyer
包	bao	n.	sac
义	yi	n.	justice
诉	su	v.	raconter
攻	gong	v.	attaquer
网络	wang:luo	n.	réseau
丝	si	n.	soie
围	wei	v.	entourer
玩	wan	v.	jouer
待	dai	v.	attendre
复	fu	v.	répéter
况	kuang	n.	état
楼	lou	n.	bâtiment
丽	li	adj.	beau
痛	tong	adj.	douloureux
梦	meng	n.	rêve
呼	hu	v.	appeler
摇	yao	v.	secouer
期	qi	n.	période
英	ying	n.	Angleterre
低	di	adj.	bas
帝	di	n.	empereur
承包	cheng:bao	v.	contracter
兄	xiong	n.	frère aîné
背	bei	n.	dos
提升	ti:sheng	v.	élever
持	chi	v.	tenir
爷	ye	n.	maître
皇	huang	n.	empereur
七	qi	num.	sept
摩托车	mo:tuo:che	n.	moto
六	liu	num.	six
穿	chuan	v.	porter
都	dou	adv.	tout
杨	yang	n.	peuplier
政	zheng	n.	politique
运	yun	v.	transporter
叶	ye	n.	feuille
热	re	adj.	chaud
校	xiao	n.	école
谢	xie	v.	remercier
曾	ceng	adv.	jadis
古	gu	adj.	ancien
生效	sheng:xiao	v.	entrer en vigueur
市场经济	shi:chang:jing:ji	n.	économie de marché
细	xi	adj.	fin
产	chan	v.	produire
睡	shui	v.	dormir
希	xi	v.	espérer
速	su	n.	vitesse
室	shi	n.	pièce
报告	bao:gao	v.	rendre compte
报告	bao:gao	n.	rapport
旁	pang	n.	côté
另	ling	adj.	autre
拆迁	chai:qian	v.	demolition et relogement
露	lu	v.	révéler
露	lu	n.	rosée
精神	jing:shen	n.	esprit
精神	jing:shen	adj.	vif
饿	e	adj.	affamé
异	yi	adj.	différent
写	xie	v.	écrire
鬼	gui	n.	fantôme
娘	niang	n.	mère
取	qu	v.	prendre
式	shi	n.	style
指的是	zhi:de:shi	v.	désigner
除	chu	prep.	sauf
除	chu	v.	éliminer
建	jian	v.	construire
愿	yuan	v.	souhaiter
愿	yuan	part.	vouloir
查处	cha:chu	v.	enquêter et sanctionner
招	zhao	v.	recruter
招	zhao	v.	parer
面包	mian:bao	n.	pain
饭	fan	n.	riz
饭	fan	n.	repas
布	bu	n.	tissu
续	xu	v.	continue
程	cheng	n.	trajet
程	cheng	mw.	degré
首	shou	n.	tête
首	shou	num.	premier
观	guan	v.	observer
观	guan	n.	visible
务	wu	n.	affaires
掉	diao	v.	tomber
掉	diao	v.	perdre
赶	gan	v.	rattraper
忽	hu	adv.	soudain
注	zhu	v.	verser
注	zhu	v.	faire attention
身	shen	n.	corps
产业	chan:ye	n.	industrie
医院	yi:yuan	n.	hôpital
检查	jian:cha	v.	vérifier
检查	jian:cha	n.	contrôle
术	shu	n.	technique
标注	biao:zhu	v.	annoter
甚	shen	adv.	très
用车	yong:che	n.	usage de véhicule
差	cha	adj.	mauvais
差	cha	v.	manquer
呵	he	onom.	exclamación oh
展	zhan	v.	exposer
展	zhan	v.	déplier
争	zheng	v.	rivaliser
品	pin	n.	produit
宝	bao	n.	trésor
香	xiang	adj.	parfumé
斗	dou	v.	se battre
斗	dou	mw.	measure
故	gu	n.	raison
故	gu	n.	défunt
雷	lei	n.	tonnerre
念	nian	v.	lire
念	nian	v.	penser
段	duan	mw.	paragraphe
顿	dun	mw.	fois
顿	dun	v.	s'arrêter
角	jiao	n.	corne
角	jiao	n.	coin
疑	yi	v.	douter
章程	zhang:cheng	n.	règlement
护	hu	v.	protéger
缺陷	que:xian	n.	défaut
闪	shan	v.	esquiver
闪	shan	v.	flash
执行	zhi:xing	v.	exécuter
木	mu	n.	bois
熊猫	xiong:mao	n.	panda
月	yue	n.	lune
戒指	jie:zhi	n.	bague
需	xu	v.	avoir besoin de
调	diao	v.	muter
调	tiao	v.	ajuster
类	lei	n.	genre
妹	mei	n.	petite sœur
爸	ba	n.	papa
线	xian	n.	fil
左	zuo	n.	gauche
游	you	v.	nager
派	pai	n.	faction
谈	tan	v.	parler
行业	hang:ye	n.	secteur
激	ji	adj.	intense
呃	e	int.	hein
冰	bing	n.	glace
敌	di	n.	ennemi
跳	tiao	v.	sauter
支	zhi	mw.	mesure de baguette
默认	mo:ren	v.	mettre par défaut
宏观调控	hong:guan:tiao:kong	n.	régulation macroéconomique
居	ju	v.	résider
约	yue	v.	approximativement
学校	xue:xiao	n.	école
巴	ba	v.	s'agripper
您	nin	pron.	vous (poli)
顾	gu	v.	s'occuper de
肯	ken	v.	être disposé à
醒	xing	v.	se réveiller
铁	tie	n.	fer
抱	bao	v.	étreindre
抱	bao	v.	tenir dans les bras
需求	xu:qiu	n.	demande
淡	dan	adj.	fade
造	zao	v.	fabriquer
伙	huo	n.	copain
资	zi	n.	capital
群	qun	mw.	groupe
联	lian	v.	unir
商	shang	n.	commerce
号	hao	n.	numéro
调整	tiao:zheng	v.	ajuster
豆腐	dou:fu	n.	tofu
节	jie	n.	fête
键	jian	n.	touche
讲	jiang	v.	parler
事实	shi:shi	n.	fait
掌	zhang	n.	paume
我们	wo:men	pron.	nous
一个	yi:ge	num.	un
赵	zhao	n.	Zhao (nom)
自己	zi:ji	pron.	soi-même
注册	zhu:ce	v.	s'inscrire
进行	jin:xing	v.	mener
工作	gong:zuo	n.	travail
企业	qi:ye	n.	entreprise
密	mi	adj.	dicht
久	jiu	adj.	longue (temps)
病	bing	n.	maladie
病	bing	v.	tomber malade
中国	zhong:guo	n.	Chine
可以	ke:yi	v.	pouvoir
积分	ji:fen	n.	points
如果	ru:guo	conj.	si
没有	mei:you	v.	ne pas avoir
没有	mei:you	adv.	ne pas
时间	shi:jian	n.	temps
问题	wen:ti	n.	question
问题	wen:ti	n.	problème
使用	shi:yong	v.	utiliser
使用	shi:yong	n.	utilisation
信息	xin:xi	n.	information
他们	ta:men	pron.	ils
或者	huo:zhe	conj.	ou
或者	huo:zhe	adv.	peut-être
要求	yao:qiu	v.	demander
要求	yao:qiu	n.	exigence
卫	wei	v.	garder
通过	tong:guo	prep.	par
通过	tong:guo	v.	passer
文章	wen:zhang	n.	article
米	mi	n.	riz
米	mi	mw.	mètre
就是	jiu:shi	adv.	précisément
就是	jiu:shi	v.	c'est justement
威	wei	n.	prestige
这个	zhe:ge	pron.	ceci
等级	deng:ji	n.	rang
管理	guan:li	v.	gérer
管理	guan:li	n.	gestion
论坛	lun:tan	n.	forum
提供	ti:gong	v.	fournir
遗产	yi:chan	n.	héritage
作者	zuo:zhe	n.	auteur
精华	jing:hua	n.	essence
状态	zhuang:tai	n.	état
需要	xu:yao	v.	avoir besoin de
同时	tong:shi	adv.	en même temps
同时	tong:shi	conj.	de plus
以及	yi:ji	conj.	ainsi que
继	ji	v.	continuer
一些	yi:xie	num.	quelques
现在	xian:zai	n.	maintenant
渐	jian	adv.	progressivement
这样	zhe:yang	pron.	ainsi
内容	nei:rong	n.	contenu
以上	yi:shang	n.	ci-dessus
统	tong	v.	unifier
因为	yin:wei	conj.	parce que
规定	gui:ding	v.	stipuler
规定	gui:ding	n.	règlement
时候	shi:hou	n.	moment
但是	dan:shi	conj.	mais
所以	suo:yi	conj.	donc
国家	guo:jia	n.	État
技术	ji:shu	n.	technologie
这些	zhe:xie	pron.	ceux-ci
价格	jia:ge	n.	prix
帖子	tie:zi	n.	message
网站	wang:zhan	n.	site web
用户	yong:hu	n.	utilisateur
活动	huo:dong	n.	activité
活动	huo:dong	v.	être actif
电话	dian:hua	n.	téléphone
项目	xiang:mu	n.	projet
已经	yi:jing	adv.	déjà
目前	mu:qian	n.	actuellement
具有	ju:you	v.	poséder
所有	suo:you	pron.	tous
学生	xue:sheng	n.	étudiant
其他	qi:ta	adj.	autre
其他	qi:ta	n.	autre chose
根据	gen:ju	prep.	selon
根据	gen:ju	v.	baser
根据	gen:ju	n.	base
建设	jian:she	v.	construire
建设	jian:she	n.	construction
方式	fang:shi	n.	manière
单位	dan:wei	n.	unité
单位	dan:wei	n.	unité de travail
选择	xuan:ze	v.	choisir
选择	xuan:ze	n.	choix
专业	zhuan:ye	n.	spécialité
专业	zhuan:ye	adj.	professionnel
专业	zhuan:ye	n.	profession
这种	zhe:zhong	pron.	cette sorte
作为	zuo:wei	prep.	en tant que
作为	zuo:wei	v.	considérer comme
由于	you:yu	prep.	en raison de
威望	wei:wang	n.	prestige
什么	shen:me	pron.	quoi
功能	gong:neng	n.	fonction
开始	kai:shi	v.	commencer
开始	kai:shi	n.	début
还是	hai:shi	adv.	encore
还是	hai:shi	conj.	ou
必须	bi:xu	v.	devoir
追	zhui	v.	poursuivre
一种	yi:zhong	num.	un genre
包括	bao:kuo	v.	inclure
我的	wo:de	pron.	mon
设计	she:ji	v.	concevoir
设计	she:ji	n.	conception
组织	zu:zhi	v.	organiser
组织	zu:zhi	n.	organisation
应当	ying:dang	v.	devoir
情况	qing:kuang	n.	situation
对于	dui:yu	prep.	quant à
因此	yin:ci	conj.	donc
你的	ni:de	pron.	ton
任何	ren:he	pron.	tout
学习	xue:xi	v.	étudier
学习	xue:xi	n.	étude
软件	ruan:jian	n.	logiciel
最后	zui:hou	adv.	finalement
最后	zui:hou	adj.	dernier
地址	di:zhi	n.	adresse
本站	ben:zhan	n.	ce site
而且	er:qie	conj.	de plus
方法	fang:fa	n.	méthode
标准	biao:zhun	n.	norme
标准	biao:zhun	adj.	standard
上海	shang:hai	n.	Shanghai
亚	ya	n.	Asie
亚	ya	adj.	second
其中	qi:zhong	pron.	parmi eux
主要	zhu:yao	adj.	principal
会员	hui:yuan	n.	membre
下载	xia:zai	v.	télécharger
下载	xia:zai	n.	téléchargement
研究	yan:jiu	v.	étudier
研究	yan:jiu	n.	recherche
来自	lai:zi	v.	venir de
提高	ti:gao	v.	augmenter
提高	ti:gao	v.	améliorer
相关	xiang:guan	adj.	apparenté
相关	xiang:guan	v.	être lié
他的	ta:de	pron.	son
门派	men:pai	n.	école
全国	quan:guo	n.	tout le pays
生产	sheng:chan	v.	produire
生产	sheng:chan	n.	production
商品	shang:pin	n.	marchandise
教育	jiao:yu	n.	éducation
教育	jiao:yu	v.	éduquer
成为	cheng:wei	v.	devenir
成为	cheng:wei	v.	venir
万元	wan:yuan	n.	dix mille yuans
简	jian	adj.	simple
简	jian	v.	simplifier
影响	ying:xiang	v.	affecter
影响	ying:xiang	n.	influence
一般	yi:ban	adj.	général
一般	yi:ban	adv.	généralement
有关	you:guan	v.	concerner
阅读权限	yue:du:quan:xian	n.	permission de lecture
登录	deng:lu	v.	se connecter
生活	sheng:huo	n.	vie
生活	sheng:huo	v.	vivre
主题	zhu:ti	n.	thème
还有	hai:you	adv.	aussi
发现	fa:xian	v.	découvrir
发现	fa:xian	n.	découverte
各种	ge:zhong	adj.	divers
个人	ge:ren	n.	individu
个人	ge:ren	adj.	personnel
这是	zhe:shi	pron.	c'est
人员	ren:yuan	n.	personnel
品牌	pin:pai	n.	marque
地区	di:qu	n.	région
关于	guan:yu	prep.	à propos de
不能	bu:neng	v.	ne pas pouvoir
直接	zhi:jie	adj.	direct
直接	zhi:jie	adv.	directement
离线	li:xian	v.	hors ligne
那么	na:me	conj.	alors
只有	zhi:you	adv.	clause restriction
回复	hui:fu	v.	répondre
回复	hui:fu	n.	réponse
虽然	sui:ran	conj.	bien que
之间	zhi:jian	adv.	entre
之后	zhi:hou	adv.	après
之后	zhi:hou	n.	ensuite
认为	ren:wei	v.	penser
方面	fang:mian	n.	aspect
采用	cai:yong	v.	adopter
您的	nin:de	pron.	votre
是否	shi:fou	adv.	si
经验	jing:yan	n.	expérience
小时	xiao:shi	n.	heure
大家	da:jia	pron.	tout le monde
按照	an:zhao	prep.	selon
部分	bu:fen	n.	partie
负责	fu:ze	v.	être responsable
文化	wen:hua	n.	culture
资料	zi:liao	n.	données
中心	zhong:xin	n.	centre
出现	chu:xian	v.	apparaître
一样	yi:yang	adj.	pareil
不是	bu:shi	v.	ne pas être
设备	she:bei	n.	équipement
然后	ran:hou	conj.	puis
很多	hen:duo	adj.	beaucoup de
地方	di:fang	n.	endroit
业务	ye:wu	n.	activités
能够	neng:gou	v.	pouvoir
环境	huan:jing	n.	environnement
文件	wen:jian	n.	fichier
文件	wen:jian	n.	document
广告	guang:gao	n.	publicité
不过	bu:guo	conj.	cependant
作用	zuo:yong	n.	effet
建立	jian:li	v.	établir
有限公司	you:xian:gong:si	n.	société à responsabilité limitée
名称	ming:cheng	n.	nom
销售	xiao:shou	v.	vendre
销售	xiao:shou	n.	ventes
图片	tu:pian	n.	image
分析	fen:xi	v.	analyser
分析	fen:xi	n.	analyse
可能	ke:neng	v.	pouvoir
可能	ke:neng	adj.	possible
申请	shen:qing	v.	demander
行为	xing:wei	n.	comportement
加强	jia:qiang	v.	renforcer
记者	ji:zhe	n.	journaliste
比较	bi:jiao	v.	comparer
处理	chu:li	v.	traiter
实施	shi:shi	v.	mettre en œuvre
工程	gong:cheng	n.	génie
进入	jin:ru	v.	entrer
客户	ke:hu	n.	client
游戏	you:xi	n.	jeu
效果	xiao:guo	n.	effet
如何	ru:he	adv.	comment
决定	jue:ding	v.	décider
手机	shou:ji	n.	téléphone portable
关系	guan:xi	n.	relation
孩子	hai:zi	n.	enfant
投资	tou:zi	v.	investir
设置	she:zhi	v.	configurer
我国	wo:guo	n.	notre pays
国际	guo:ji	adj.	international
城市	cheng:shi	n.	ville
一定	yi:ding	adj.	certain
培训	pei:xun	v.	former
世界	shi:jie	n.	monde
一下	yi:xia	adv.	un peu
说明	shuo:ming	v.	expliquer
市场价	shi:chang:jia	n.	prix du marché
朋友	peng:you	n.	ami
推荐	tui:jian	v.	recommander
形成	xing:cheng	v.	former
发帖	fa:tie	v.	publier
安全	an:quan	adj.	sûr
无门无派	wu:men:wu:pai	adj.	sans affiliation
两个	liang:ge	num.	deux
非常	fei:chang	adv.	très
一次	yi:ci	num.	une fois
利用	li:yong	v.	utiliser
希望	xi:wang	v.	espérer
程序	cheng:xu	n.	programme
看到	kan:dao	v.	voir
表示	biao:shi	v.	exprimer
完成	wan:cheng	v.	terminer
不同	bu:tong	adj.	différent
增加	zeng:jia	v.	augmenter
参加	can:jia	v.	participer
更多	geng:duo	adj.	plus
联系	lian:xi	v.	contacter
介绍	jie:shao	v.	présenter
教师	jiao:shi	n.	enseignant
结果	jie:guo	n.	résultat
提出	ti:chu	v.	soulever
造成	zao:cheng	v.	causer
金钱	jin:qian	n.	argent
拥有	yong:you	v.	posséder
发布	fa:bu	v.	publier
人们	ren:men	n.	gens
质量	zhi:liang	n.	qualité
条件	tiao:jian	n.	condition
材料	cai:liao	n.	matériau
版主	ban:zhu	n.	modérateur de forum
许多	xu:duo	adj.	beaucoup de
其实	qi:shi	adv.	en fait
感觉	gan:jue	v.	sentir
感觉	gan:jue	n.	sentiment
级别	ji:bie	n.	rang
练	lian	v.	s'entraîner
开发	kai:fa	v.	développer
达到	da:dao	v.	atteindre
数据	shu:ju	n.	données
日期	ri:qi	n.	date
在线	zai:xian	adj.	en ligne
甚至	shen:zhi	adv.	même
的话	de:hua	part.	si
系列	xi:lie	n.	série
当前	dang:qian	adj.	actuel
这里	zhe:li	pron.	ici
之一	zhi:yi	n.	un de
标题	biao:ti	n.	titre
新的	xin:de	adj.	nouveau
会员价	hui:yuan:jia	n.	prix membre
合作	he:zuo	v.	coopérer
建议	jian:yi	v.	suggérer
建议	jian:yi	n.	suggestion
代表	dai:biao	v.	représenter
代表	dai:biao	n.	représentant
开展	kai:zhan	v.	mener
继续	ji:xu	v.	continuer
产生	chan:sheng	v.	produire
今年	jin:nian	n.	cette année
存在	cun:zai	v.	exister
存在	cun:zai	n.	existence
今天	jin:tian	n.	aujourd'hui
发表	fa:biao	v.	publier
基本	ji:ben	adj.	de base
显示	xian:shi	v.	afficher
目标	mu:biao	n.	objectif
类型	lei:xing	n.	type
不得	bu:de	part.	ne pas devoir
知道	zhi:dao	v.	savoir
保护	bao:hu	v.	protéger
保护	bao:hu	n.	protection
这一	zhe:yi	pron.	normally
全部	quan:bu	n.	tout
全部	quan:bu	adj.	entier
得到	de:dao	v.	obtenir
以后	yi:hou	n.	après
最大	zui:da	adj.	maximum
操作	cao:zuo	v.	opérer
操作	cao:zuo	n.	opération
保证	bao:zheng	v.	garantir
保证	bao:zheng	n.	garantie
控制	kong:zhi	v.	contrôler
控制	kong:zhi	n.	contrôle
国内	guo:nei	n.	intérieur
东西	dong:xi	n.	chose
作品	zuo:pin	n.	œuvre
才能	cai:neng	v.	pouvoir
才能	cai:neng	n.	talent
考试	kao:shi	n.	examen
解决	jie:jue	v.	résoudre
经过	jing:guo	v.	passer durch
经过	jing:guo	prep.	par über
如下	ru:xia	adj.	comme suit
集团	ji:tuan	n.	groupe
空间	kong:jian	n.	espace
水平	shui:ping	n.	niveau
点击	dian:ji	v.	cliquer
确定	que:ding	v.	confirmer
确定	que:ding	adj.	certain
具体	ju:ti	adj.	concret
先生	xian:sheng	n.	Monsieur
最新	zui:xin	adj.	dernier
当然	dang:ran	adv.	bien sûr
当然	dang:ran	adj.	évident
无法	wu:fa	v.	ne pas pouvoir
应用	ying:yong	n.	application
应用	ying:yong	v.	appliquer
你们	ni:men	pron.	vous
那些	na:xie	pron.	ceux-là
左右	zuo:you	n.	gauche et droite
左右	zuo:you	v.	contrôler
来源	lai:yuan	n.	source
政策	zheng:ce	n.	politique
有些	you:xie	adv.	quelque peu
有些	you:xie	pron.	quelques
起来	qi:lai	part.	se mettre à
帮助	bang:zhu	v.	aider
帮助	bang:zhu	n.	aide
免费	mian:fei	adj.	gratuit
通知	tong:zhi	v.	notifier
通知	tong:zhi	n.	avis
成功	cheng:gong	v.	réussir
成功	cheng:gong	n.	succès
应该	ying:gai	v.	devoir
一切	yi:qie	pron.	tout
原因	yuan:yin	n.	cause
专家	zhuan:jia	n.	expert
及时	ji:shi	adj.	opportun
及时	ji:shi	adv.	à temps
真正	zhen:zheng	adj.	vrai
传真	chuan:zhen	n.	fax
传真	chuan:zhen	v.	envoyer par fax
购买	gou:mai	v.	acheter
法律	fa:lv	n.	loi
查看	cha:kan	v.	consulter
注意	zhu:yi	v.	faire attention
消费者	xiao:fei:zhe	n.	consommateur
正在	zheng:zai	adv.	être en train de
导致	dao:zhi	v.	entraîner
随着	sui:zhe	prep.	avec
不断	bu:duan	adv.	constamment
接受	jie:shou	v.	accepter
另外	ling:wai	conj.	de plus
另外	ling:wai	adv.	d'autre
注册时间	zhu:ce:shi:jian	n.	heure d'inscription
办理	ban:li	v.	traiter
音乐	yin:yue	n.	musique
费用	fei:yong	n.	frais
形式	xing:shi	n.	forme
基础	ji:chu	n.	base
编辑	bian:ji	v.	éditer
编辑	bian:ji	n.	éditeur
经营	jing:ying	v.	gérer
人才	ren:cai	n.	talent
变化	bian:hua	n.	changement
变化	bian:hua	v.	changer
一直	yi:zhi	adv.	toujours
可是	ke:shi	conj.	mais
完善	wan:shan	adj.	parfait
完善	wan:shan	v.	perfectionner
喜欢	xi:huan	v.	aimer
特别	te:bie	adv.	particulièrement
特别	te:bie	adj.	spécial
结构	jie:gou	n.	structure
社区	she:qu	n.	communauté
办法	ban:fa	n.	moyen
头衔	tou:xian	n.	titre
了解	liao:jie	v.	comprendre
不要	bu:yao	v.	ne pas
分钟	fen:zhong	n.	minute
位置	wei:zhi	n.	position
发生	fa:sheng	v.	se produire
教学	jiao:xue	v.	enseigner
员工	yuan:gong	n.	employé
过程	guo:cheng	n.	processus
简单	jian:dan	adj.	simple
简单	jian:dan	adv.	simplement
类别	lei:bie	n.	catégorie
从事	cong:shi	v.	exercer
原则	yuan:ze	n.	principe
怎么	zen:me	pron.	comment
进一步	jin:yi:bu	adv.	ultérieurement
进一步	jin:yi:bu	v.	aller plus loin
历史	li:shi	n.	histoire
那个	na:ge	pron.	ce
特点	te:dian	n.	caractéristique
参与	can:yu	v.	participer
网上	wang:shang	n.	en ligne
制作	zhi:zuo	v.	fabriquer
制作	zhi:zuo	n.	fabrication
并且	bing:qie	conj.	et
坚持	jian:chi	v.	persister
交流	jiao:liu	v.	communiquer
交流	jiao:liu	n.	échange
数量	shu:liang	n.	quantité
她的	ta:de	pron.	son
重点	zhong:dian	n.	point essentiel
意见	yi:jian	n.	opinion
健康	jian:kang	n.	santé
健康	jian:kang	adj.	sain
整个	zheng:ge	adj.	entier
努力	nu:li	v.	s'efforcer
努力	nu:li	n.	effort
旅游	lv:you	v.	voyager
旅游	lv:you	n.	tourisme
领导	ling:dao	v.	diriger
领导	ling:dao	n.	chef
只要	zhi:yao	conj.	il suffit que
当时	dang:shi	adv.	alors
资金	zi:jin	n.	fonds
工具	gong:ju	n.	outil
实行	shi:xing	v.	appliquer
保持	bao:chi	v.	maintenir
服务器	fu:wu:qi	n.	serveur
男人	nan:ren	n.	homme
现金	xian:jin	n.	espèces
女人	nv:ren	n.	femme
普通	pu:tong	adj.	ordinaire
第一	di:yi	num.	premier
超过	chao:guo	v.	dépasser
电脑	dian:nao	n.	ordinateur
安装	an:zhuang	v.	installer
促进	cu:jin	v.	promouvoir
文字	wen:zi	n.	texte
浏览	liu:lan	v.	naviguer
搜索	sou:suo	v.	rechercher
搜索	sou:suo	n.	recherche
页面	ye:mian	n.	page
咨询	zi:xun	v.	consulter
咨询	zi:xun	n.	consultation
传统	chuan:tong	n.	tradition
传统	chuan:tong	adj.	traditionnel
领域	ling:yu	n.	domaine
相应	xiang:ying	adj.	correspondant
相应	xiang:ying	adv.	en conséquence
重要	zhong:yao	adj.	important
于是	yu:shi	conj.	alors-donc
计算机	ji:suan:ji	n.	ordinateur
责任	ze:ren	n.	responsabilité
汽车	qi:che	n.	voiture
首页	shou:ye	n.	page d'accueil
大量	da:liang	adj.	une grande quantité
大量	da:liang	adv.	en grande quantité
规划	gui:hua	v.	planifier
规划	gui:hua	n.	planification
完全	wan:quan	adv.	complètement
完全	wan:quan	adj.	complet
首先	shou:xian	adv.	tout d'abord
不会	bu:hui	adv.	ne pas pouvoir
联系人	lian:xi:ren	n.	contact
准备	zhun:bei	v.	préparer
准备	zhun:bei	n.	préparation
不同的	bu:tong:de	adj.	différent
自然	zi:ran	adj.	naturell
自然	zi:ran	n.	nature
是一个	shi:yi:ge	v.	être un
每个	mei:ge	pron.	chacun
任务	ren:wu	n.	tâche
实际	shi:ji	adj.	réel
编号	bian:hao	n.	numéro
编号	bian:hao	v.	numéroter
取得	qu:de	v.	obtenir
觉得	jue:de	v.	trouver
为什么	wei:shen:me	adv.	pourquoi
一起	yi:qi	adv.	ensemble
别人	bie:ren	n.	les autres
风格	feng:ge	n.	style
科技	ke:ji	n.	technologie
香港	xiang:gang	n.	Hong Kong
出来	chu:lai	v.	sortir
事情	shi:qing	n.	chose
范围	fan:wei	n.	portée
加入	jia:ru	v.	rejoindre
宣传	xuan:chuan	v.	publiciser
宣传	xuan:chuan	n.	publicité
管理员	guan:li:yuan	n.	administrateur
联系电话	lian:xi:dian:hua	n.	numéro de contact
平台	ping:tai	n.	plateforme
发布时间	fa:bu:shi:jian	n.	heure de publication
广州	guang:zhou	n.	Canton
结合	jie:he	v.	combiner
全面	quan:mian	adj.	global
如此	ru:ci	adv.	ainsi
删除	shan:chu	v.	supprimer
记录	ji:lu	v.	enregistrer
记录	ji:lu	n.	enregistrement
有的	you:de	pron.	certains
关注	guan:zhu	v.	suivre
关注	guan:zhu	n.	attention
综合	zong:he	v.	synthétiser
综合	zong:he	adj.	global
机会	ji:hui	n.	occasion
协议	xie:yi	n.	accord
协议	xie:yi	n.	protocole
深圳	shen:zhen	n.	Shenzhen
语言	yu:yan	n.	langue
现象	xian:xiang	n.	phénomène
创新	chuang:xin	v.	innover
创新	chuang:xin	n.	innovation
声音	sheng:yin	n.	son
声音	sheng:yin	n.	voix
分别	fen:bie	v.	se séparer
分别	fen:bie	adv.	respectivement
会议	hui:yi	n.	réunion
课程	ke:cheng	n.	cours
阅读	yue:du	v.	lire
理论	li:lun	n.	théorie
一点	yi:dian	num.	un peu
密码	mi:ma	n.	mot de passe
欢迎	huan:ying	v.	bienvenue
欢迎	huan:ying	adj.	bienvenue
用于	yong:yu	v.	servir à
价值	jia:zhi	n.	valeur
也有	ye:you	v.	avoir aussi
有效	you:xiao	adj.	efficace
下面	xia:mian	n.	sous
下面	xia:mian	n.	ci-dessous
属于	shu:yu	v.	appartenir
输入	shu:ru	v.	entrer
输入	shu:ru	n.	entrée
改变	gai:bian	v.	changer
采取	cai:qu	v.	adopter
正常	zheng:chang	adj.	normal
培养	pei:yang	v.	cultiver
自动	zi:dong	adj.	automatique
自动	zi:dong	adv.	automatiquement
它的	ta:de	pron.	son
谢谢	xie:xie	v.	remercier
之前	zhi:qian	n.	avant
积极	ji:ji	adj.	positif
对象	dui:xiang	n.	objectif
新闻	xin:wen	n.	nouvelles
不仅	bu:jin	conj.	non seulement
大学	da:xue	n.	université
各类	ge:lei	adj.	divers
指导	zhi:dao	v.	guider
共同	gong:tong	adj.	commun
访问	fang:wen	v.	visiter
科学	ke:xue	n.	science
他们的	ta:men:de	pron.	deur
即可	ji:ke	adv.	immédiatement
酒店	jiu:dian	n.	hôtel
治疗	zhi:liao	v.	traiter
比如	bi:ru	v.	par exemple
交易	jiao:yi	n.	transaction
维护	wei:hu	v.	entretenir
等等	deng:deng	conj.	etcetera
最好	zui:hao	adv.	mieux
给予	ji:yu	v.	donner
测试	ce:shi	n.	test
每天	mei:tian	n.	chaque jour
期间	qi:jian	n.	période
修改	xiu:gai	v.	modifier
安排	an:pai	v.	arranger
家庭	jia:ting	n.	famille
农民	nong:min	n.	paysan
新股	xin:gu	n.	nouvelle action
从而	cong:er	conj.	ains
简介	jian:jie	n.	brève présentation
目的	mu:di	n.	but
承担	cheng:dan	v.	assumer
农村	nong:cun	n.	campagne
同样	tong:yang	adj.	pareil
带来	dai:lai	v.	apporter
依法	yi:fa	adv.	selon la loi
增长	zeng:zhang	v.	croître
针对	zhen:dui	prep.	à l'égard de
查询	cha:xun	v.	consulter
好的	hao:de	adj.	d'accord
引用	yin:yong	v.	citer
思想	si:xiang	n.	pensée
体系	ti:xi	n.	système
优势	you:shi	n.	avantage
并不	bing:bu	adv.	pas du tout
连接	lian:jie	v.	connecter
掌握	zhang:wo	v.	maîtriser
楼主	lou:zhu	n.	auteur du fil
留言	liu:yan	v.	laisser un message
身体	shen:ti	n.	corps
优秀	you:xiu	adj.	excellent
成本	cheng:ben	n.	coût
而是	er:shi	conj.	mais
过去	guo:qu	n.	le passé
过去	guo:qu	v.	passer
银行	yin:hang	n.	banque
考生	kao:sheng	n.	candidat
运行	yun:xing	v.	fonctionner
建筑	jian:zhu	n.	bâtiment
建筑	jian:zhu	v.	construire
分类	fen:lei	v.	classifier
分类	fen:lei	n.	classement
方向	fang:xiang	n.	direction
快速	kuai:su	adj.	rapide
几个	ji:ge	num.	quelques
理解	li:jie	v.	comprendre
表现	biao:xian	v.	montrer
表现	biao:xian	n.	prestation
减少	jian:shao	v.	diminuer
减少	jian:shao	n.	diminution
长期	chang:qi	n.	long terme
后来	hou:lai	adv.	ensuite
平方米	ping:fang:mi	n.	mètre carré
方案	fang:an	n.	plan
速度	su:du	n.	vitesse
这么	zhe:me	adv.	ainsi
只能	zhi:neng	adv.	ne pouvoir que
电影	dian:ying	n.	film
以前	yi:qian	n.	avant
批准	pi:zhun	v.	approuver
评价	ping:jia	v.	évaluer
评价	ping:jia	n.	évaluation
区域	qu:yu	n.	région
措施	cuo:shi	n.	mesure
大小	da:xiao	n.	taille
利益	li:yi	n.	intérêt
推进	tui:jin	v.	faire avancer
考虑	kao:lv	v.	considérer
网友	wang:you	n.	internaute
这次	zhe:ci	n.	cette fois
合同	he:tong	n.	contrat
计算	ji:suan	v.	calculer
计算	ji:suan	n.	calcul
贡献值	gong:xian:zhi	n.	valeur de contribution
特别是	te:bie:shi	adv.	surtout
例如	li:ru	v.	par exemple
职业	zhi:ye	n.	profession
丰富	feng:fu	adj.	riche
机关	ji:guan	n.	organisme
更新	geng:xin	v.	mettre à jour
更新	geng:xin	n.	mise à jour
讨论	tao:lun	v.	discuter
讨论	tao:lun	n.	discussion
每年	mei:nian	adv.	chaque année
办公室	ban:gong:shi	n.	bureau
协会	xie:hui	n.	association
然而	ran:er	conj.	cependant
以来	yi:lai	conj.	depuis
因素	yin:su	n.	facteur
英语	ying:yu	n.	anglais
电子	dian:zi	n.	électronique
经常	jing:chang	adv.	souvent
原来	yuan:lai	adv.	à l'origine
不少	bu:shao	adj.	pas mal
时代	shi:dai	n.	époque
互联网	hu:lian:wang	n.	Internet
生命	sheng:ming	n.	vie
艺术	yi:shu	n.	art
情况下	qing:kuang:xia	n.	dans les circonstances
十分	shi:fen	adv.	tout à fait
收入	shou:ru	n.	revenu
更加	geng:jia	adv.	encore plus
现场	xian:chang	n.	lieu
发挥	fa:hui	v.	mettre en valeur
终于	zhong:yu	adv.	enfin
组成	zu:cheng	v.	composer
调查	diao:cha	v.	enquêter
满足	man:zu	v.	satisfaire
全球	quan:qiu	n.	aide
全球	quan:qiu	n.	globe
媒体	mei:ti	n.	médias
现代	xian:dai	adj.	modern
新手上路	xin:shou:shang:lu	n.	debutant
找到	zhao:dao	v.	trouver
证明	zheng:ming	v.	prouver
证明	zheng:ming	n.	preuve
颜色	yan:se	n.	couleur
大型	da:xing	adj.	grand format
引起	yin:qi	v.	provoquer
认识	ren:shi	v.	reconnaître
认识	ren:shi	v.	connaître
打开	da:kai	v.	ouvrir
推广	tui:guang	v.	promouvoir
故事	gu:shi	n.	histoire
面积	mian:ji	n.	surface
做好	zuo:hao	v.	bien faire
北京市	bei:jing:shi	n.	Ville de Pékin
面对	mian:dui	v.	faire face
立即	li:ji	adv.	immédiatement
对方	dui:fang	n.	la partie contre
投入	tou:ru	v.	investir
投入	tou:ru	n.	investissement
运动	yun:dong	n.	sport
运动	yun:dong	v.	bouger
突然	tu:ran	adj.	soudain
享受	xiang:shou	v.	jouir de
享受	xiang:shou	n.	jouissance
学院	xue:yuan	n.	institut
共有	gong:you	v.	partager
力量	li:liang	n.	force
明确	ming:que	adj.	clair
明确	ming:que	v.	preciser
比赛	bi:sai	n.	compétition
人民政府	ren:min:zheng:fu	n.	gouvernement populaire
最近	zui:jin	adv.	récemment
认证	ren:zheng	v.	certifier
认证	ren:zheng	n.	certification
配置	pei:zhi	n.	configuration
配置	pei:zhi	v.	affecter
工业	gong:ye	n.	industrie
游客	you:ke	n.	touriste
代理	dai:li	n.	agence
代理	dai:li	v.	agir pour
确认	que:ren	v.	confirmer
广东	guang:dong	n.	Guangdong
正式	zheng:shi	adj.	officiel
当地	dang:di	n.	localité
位于	wei:yu	v.	se trouver
一年	yi:nian	n.	un an
土地	tu:di	n.	terre
本人	ben:ren	n.	moi
也许	ye:xu	adv.	peut-être
整体	zheng:ti	n.	ensemble
农业	nong:ye	n.	agriculture
女性	nv:xing	n.	femme
有人	you:ren	pron.	quelqu'un
支付	zhi:fu	v.	payer
教授	jiao:shou	n.	professeur
特殊	te:shu	adj.	spécial
比例	bi:li	n.	proportion
三个	san:ge	num.	trois
特色	te:se	n.	spécificité
阳光	yang:guang	n.	lumière du soleil
下午	xia:wu	n.	après-midi
供应	gong:ying	v.	fournir
独立	du:li	adj.	indépendant
增强	zeng:qiang	v.	renforcer
爱情	ai:qing	n.	amour
形象	xing:xiang	n.	image
成绩	cheng:ji	n.	résultat
上述	shang:shu	adj.	susmentionné
规模	gui:mo	n.	échelle
国务院	guo:wu:yuan	n.	Conseil d'État
推出	tui:chu	v.	lancer
呵呵	he:he	onom.	hihi
错误	cuo:wu	n.	erreur
父母	fu:mu	n.	parents
阶段	jie:duan	n.	étape
所谓	suo:wei	adj.	soi-disant
双方	shuang:fang	n.	les deux parties
本帖	ben:tie	n.	ce message
事业	shi:ye	n.	carrière
在线时间	zai:xian:shi:jian	n.	temps en ligne
最高	zui:gao	adj.	le plus élevé
基金	ji:jin	n.	fonds
数字	shu:zi	n.	chiffre
似乎	si:hu	adv.	aparemment
添加	tian:jia	v.	ajouter
照片	zhao:pian	n.	photo
房屋	fang:wu	n.	maisons
运用	yun:yong	v.	appliquer
最终	zui:zhong	adv.	finally
告诉	gao:su	v.	dire
同学	tong:xue	n.	camarade de classe
风险	feng:xian	n.	risque
本文	ben:wen	n.	ce texte
方便	fang:bian	adj.	pratique
确保	que:bao	v.	assurer
往往	wang:wang	adv.	souvent
多种	duo:zhong	adj.	multiples
观点	guan:dian	n.	point de vue
统计	tong:ji	v.	recenser
加工	jia:gong	v.	transformer
容易	rong:yi	adj.	facile
回答	hui:da	v.	répondre
机制	ji:zhi	n.	mécanisme
里面	li:mian	n.	intérieur
下列	xia:lie	adj.	suivant
降低	jiang:di	v.	abaisser
提交	ti:jiao	v.	soumettre
否则	fou:ze	conj.	sinon
未来	wei:lai	n.	avenir
代码	dai:ma	n.	code
总是	zong:shi	adv.	toujours
出版社	chu:ban:she	n.	maison d'édition
怎样	zen:yang	pron.	comment
限制	xian:zhi	v.	limiter
那样	na:yang	pron.	ainsi
一条	yi:tiao	mw.	un (long)
高级	gao:ji	adj.	avancé
交通	jiao:tong	n.	circulation
手段	shou:duan	n.	moyen
详细	xiang:xi	adj.	détaillé
一句	yi:ju	mw.	une phrase
不错	bu:cuo	adj.	pas mal
消费	xiao:fei	v.	consommer
改善	gai:shan	v.	améliorer
政治	zheng:zhi	n.	politique
登记	deng:ji	v.	enregistrer
描述	miao:shu	v.	décrire
人类	ren:lei	n.	humanité
此外	ci:wai	conj.	en outre
明显	ming:xian	adj.	évident
都会	dou:hui	adv.	capables de
都会	du:hui	n.	métropole
您是	nin:shi	pron.	vous êtes
姓名	xing:ming	n.	nom et prénom
很好	hen:hao	adj.	très bon
指出	zhi:chu	v.	souligner
患者	huan:zhe	n.	patient
年龄	nian:ling	n.	âge
营销	ying:xiao	n.	marketing
根本	gen:ben	adv.	fondamentalement
我想	wo:xiang	v.	je pense
保障	bao:zhang	v.	garantir
规格	gui:ge	n.	spécifications
在中国	zai:zhong:guo	prep.	en Chine
身上	shen:shang	n.	sur soi
推动	tui:dong	v.	promouvoir
重要的	zhong:yao:de	adj.	important
尽管	jin:guan	conj.	bien que
党员	dang:yuan	n.	membre du parti
公布	gong:bu	v.	publier
公里	gong:li	mw.	kilomètre
台湾	tai:wan	n.	Taïwan
概念	gai:nian	n.	concept
开放	kai:fang	v.	ouvrir
人民	ren:min	n.	peuple
不知道	bu:zhi:dao	v.	ne pas savoir
各地	ge:di	n.	partout
集中	ji:zhong	v.	concentrer
让我	rang:wo	v.	laissez-moi
制造	zhi:zao	v.	fabriquer
再次	zai:ci	adv.	une nouvelle fois
战略	zhan:lve	n.	stratégie
人民币	ren:min:bi	n.	yuan
压力	ya:li	n.	pression
即使	ji:shi	conj.	même si
性能	xing:neng	n.	performance
意义	yi:yi	n.	signification
之中	zhi:zhong	n.	parmi
世纪	shi:ji	n.	siècle
数据库	shu:ju:ku	n.	base de données
一家	yi:jia	num.	une (entreprise)
职工	zhi:gong	n.	personnel
相对	xiang:dui	adj.	relatif
成员	cheng:yuan	n.	membre
商业	shang:ye	n.	commerce
公告	gong:gao	n.	annonce
链接	lian:jie	n.	lien
视频	shi:pin	n.	vidéo
设立	she:li	v.	créer
创造	chuang:zao	v.	créer
事件	shi:jian	n.	incidente
成立	cheng:li	v.	fonder
性别	xing:bie	n.	sexe
落实	luo:shi	v.	mettre en œuvre
收藏	shou:cang	v.	collecter
相当	xiang:dang	adv.	assez
出口	chu:kou	n.	sortie
同意	tong:yi	v.	être d'accord
越来越	yue:lai:yue	adv.	de plus en plus
状况	zhuang:kuang	n.	situation
地点	di:dian	n.	endroit
美丽	mei:li	adj.	beau
年代	nian:dai	n.	décennie
自由	zi:you	adj.	libre
本身	ben:shen	pron.	lui-même
负责人	fu:ze:ren	n.	responsable
内部	nei:bu	n.	intérieur
包装	bao:zhuang	n.	emballage
适合	shi:he	v.	convenir
报名	bao:ming	v.	s'inscrire
进口	jin:kou	n.	importation
稳定	wen:ding	adj.	stable
一是	yi:shi	conj.	tout d'abord
年度	nian:du	n.	annuel
第一次	di:yi:ci	num.	la première fois
看看	kan:kan	v.	regarder
连续	lian:xu	adj.	continu
检测	jian:ce	v.	détecter
中央	zhong:yang	n.	centre
技能	ji:neng	n.	compétence
相信	xiang:xin	v.	croire
实践	shi:jian	n.	pratique
一天	yi:tian	num.	un jour
行动	xing:dong	n.	action
型号	xing:hao	n.	modèle
版本	ban:ben	n.	version
设施	she:shi	n.	installation
群众	qun:zhong	n.	foule
转载	zhuan:zai	v.	reproduire
就业	jiu:ye	n.	emploi
德国	de:guo	n.	Allemagne
审核	shen:he	v.	examiner
感到	gan:dao	v.	sentir
解释	jie:shi	v.	expliquer
举办	ju:ban	v.	organiser
举行	ju:xing	v.	tenir
迅速	xun:su	adj.	rapide
召开	zhao:kai	v.	convoquer
母亲	mu:qin	n.	mère
报道	bao:dao	n.	article
加快	jia:kuai	v.	accélérer
委员会	wei:yuan:hui	n.	comité
处于	chu:yu	v.	se trouver
快乐	kuai:le	adj.	heureux
时尚	shi:shang	n.	mode
眼睛	yan:jing	n.	œil
浙江	zhe:jiang	n.	Zhejiang
多少	duo:shao	pron.	combien
填写	tian:xie	v.	remplir
违反	wei:fan	v.	violer
目录	mu:lu	n.	catalogue
车辆	che:liang	n.	véhicule
广大	guang:da	adj.	vaste
妈妈	ma:ma	n.	maman
强调	qiang:diao	v.	souligner
各项	ge:xiang	pron.	chaque élément
鼓励	gu:li	v.	encourager
考核	kao:he	v.	évaluer
卫生	wei:sheng	n.	hygiène
动作	dong:zuo	n.	mouvement
创建	chuang:jian	v.	créer
英国	ying:guo	n.	Royaume-Uni
人生	ren:sheng	n.	vie
意识	yi:shi	n.	conscience
现有	xian:you	adj.	existant
父亲	fu:qin	n.	père
扩大	kuo:da	v.	étendre
沟通	gou:tong	v.	communiquer
关键	guan:jian	n.	clé
认真	ren:zhen	adj.	sérieux
下来	xia:lai	v.	descendre
保存	bao:cun	v.	conserver
更新时间	geng:xin:shi:jian	n.	heure de mise à jour
格式	ge:shi	n.	format
联系方式	lian:xi:fang:shi	n.	coordonnées
一份	yi:fen	mw.	un exemplar
予以	yu:yi	v.	accorder
贷款	dai:kuan	n.	prêt
公开	gong:kai	adj.	public
一个人	yi:ge:ren	n.	une personne
本公司	ben:gong:si	n.	notre entreprise
共享	gong:xiang	v.	partager
去年	qu:nian	n.	l'année dernière
移动	yi:dong	v.	déplacer
顾客	gu:ke	n.	client
招聘	zhao:pin	v.	recruter
专门	zhuan:men	adj.	spécialisé
不足	bu:zu	adj.	insuffisant
多个	duo:ge	num.	plusieurs
生的	sheng:de	adj.	cru
离开	li:kai	v.	quitter
美元	mei:yuan	n.	dollar américain
追求	zhui:qiu	v.	poursuivre
皮肤	pi:fu	n.	peau
等方面	deng:fang:mian	n.	etc.
法规	fa:gui	n.	réglementation
做到	zuo:dao	v.	réaliser
贡献	gong:xian	n.	contribution
属性	shu:xing	n.	attribut
玩家	wan:jia	n.	joueur
引导	yin:dao	v.	guider
这时	zhe:shi	n.	à ce moment
儿童	er:tong	n.	enfant
经理	jing:li	n.	jresponsable
涉及	she:ji	v.	concerner
杭州	hang:zhou	n.	Hangzhou
列表	lie:biao	n.	liste
无论	wu:lun	conj.	quel que soit
一旦	yi:dan	adv.	une fois que
韩国	han:guo	n.	Corée
程度	cheng:du	n.	degré
具备	ju:bei	v.	posséder
联合	lian:he	v.	unir
启动	qi:dong	v.	démarrer
上面	shang:mian	n.	dessus
重新	chong:xin	adv.	de nouveau
授权	shou:quan	v.	autoriser
不限	bu:xian	v.	sans limite
仍然	reng:ran	adv.	encore
晚上	wan:shang	n.	soir
训练	xun:lian	v.	entraîner
严重	yan:zhong	adj.	gravis
也就	ye:jiu	adv.	alors
中文	zhong:wen	n.	chinois
收到后	shou:dao:hou	v.	après réception
存款	cun:kuan	n.	dépôt
关闭	guan:bi	v.	fermer
两人	liang:ren	num.	deux personnes
收到	shou:dao	v.	recevoir
月份	yue:fen	n.	mois
重视	zhong:shi	v.	apprécier
出版	chu:ban	v.	publier
基地	ji:di	n.	base
通常	tong:chang	adv.	habituellement
消息	xiao:xi	n.	nouvelle
有着	you:zhe	v.	posséder
距离	ju:li	n.	distance
民族	min:zu	n.	nation
相同	xiang:tong	adj.	identique
至少	zhi:shao	adv.	au moins
版权所有	ban:quan:suo:you	n.	droit d'auteur
永远	yong:yuan	adv.	pour toujours
竞争	jing:zheng	v.	concourir
上午	shang:wu	n.	matinée
国外	guo:wai	n.	étranger
命令	ming:ling	n.	ordre
主管部门	zhu:guan:bu:men	n.	département compétent
团队	tuan:dui	n.	équipe
附件	fu:jian	n.	pièce jointe
教材	jiao:cai	n.	matériel pédagogique
人气	ren:qi	n.	popularité
正是	zheng:shi	adv.	précisément
规则	gui:ze	n.	règle
色彩	se:cai	n.	couleur
准确	zhun:que	adj.	exact
不知	bu:zhi	v.	ignorer
干部	gan:bu	n.	cadre
阅读者	yue:du:zhe	n.	lecteur
平均	ping:jun	adj.	moyen
曾经	ceng:jing	adv.	autrefois
天津	tian:jin	n.	Tianjin
有点	you:dian	adv.	un peu
发送	fa:song	v.	envoyer
展示	zhan:shi	v.	exposer
老板	lao:ban	n.	chef
在这里	zai:zhe:li	adv.	ici
资产	zi:chan	n.	actif
地位	di:wei	n.	statut
所在	suo:zai	n.	emplacement
避免	bi:mian	v.	éviter
女孩	nv:hai	n.	fille
缺乏	que:fa	v.	manquer
最佳	zui:jia	adj.	meilleur
评估	ping:gu	v.	évaluer
熟悉	shou:xi	v.	être familier
熟悉	shu:xi	adj.	familier
依照	yi:zhao	prep.	selon
允许	yun:xu	v.	permettre
此时	ci:shi	n.	moment présent
是不是	shi:bu:shi	part.	n'est-ce pas
保密	bao:mi	v.	garder le secret
人物	ren:wu	n.	charakter
资格	zi:ge	n.	qualification
工作人员	gong:zuo:ren:yuan	n.	personnel
损失	sun:shi	n.	perte
无关	wu:guan	adj.	sans rapport
不再	bu:zai	adv.	ne plus
出售	chu:shou	v.	vendre
很快	hen:kuai	adv.	vite
品种	pin:zhong	n.	variété
人士	ren:shi	n.	personne
网址	wang:zhi	n.	adresse web
证书	zheng:shu	n.	certificat
不可	bu:ke	adv.	ne pas
成都	cheng:du	n.	Chengdu
角度	jiao:du	n.	angle
心中	xin:zhong	n.	dans le cœur
标签	biao:qian	n.	étiquette
创业	chuang:ye	v.	créer une entreprise
答案	da:an	n.	réponse
面议	mian:yi	v.	négocier de vive voix
相比	xiang:bi	v.	comparer
配合	pei:he	v.	coordonner
强大	qiang:da	adj.	puissant
而言	er:yan	part.	en ce qui concerne
每次	mei:ci	pron.	chaque fois
协调	xie:tiao	v.	coordonner
心里	xin:li	n.	dans le cœur
名字	ming:zi	n.	nom
身份	shen:fen	n.	identité
时期	shi:qi	n.	période
相关图片	xiang:guan:tu:pian	n.	image associée
保留	bao:liu	v.	conserver
青年	qing:nian	n.	jeunesse
加大	jia:da	v.	augmenter
结束	jie:shu	v.	terminer
做出	zuo:chu	v.	faire
面前	mian:qian	n.	devant
山东	shan:dong	n.	Shandong
对此	dui:ci	pron.	à ce sujet
收费	shou:fei	v.	faire payer
成果	cheng:guo	n.	résultat
服装	fu:zhuang	n.	vêtements
有权	you:quan	v.	avoir le droit
主动	zhu:dong	adj.	actif
完整	wan:zheng	adj.	complet
工艺	gong:yi	n.	artisanat
几乎	ji:hu	adv.	presque
下降	xia:jiang	v.	descendre
尺寸	chi:cun	n.	dimensions
独特	du:te	adj.	unique
多年	duo:nian	n.	beaucoup d'années
感受	gan:shou	n.	sentiment
那种	na:zhong	pron.	ce genre de
医生	yi:sheng	n.	médecin
博客	bo:ke	n.	blog
重庆	chong:qing	n.	Chongqing
寻找	xun:zhao	v.	chercher
自治区	zi:zhi:qu	n.	région autonome
药品	yao:pin	n.	médicament
防止	fang:zhi	v.	prévenir
特征	te:zheng	n.	charactéristique
性质	xing:zhi	n.	nature
遇到	yu:dao	v.	rencontrer
高度	gao:du	n.	hauteur
利润	li:run	n.	bénéfice
小姐	xiao:jie	n.	mademoiselle
恢复	hui:fu	v.	rétablir
强化	qiang:hua	v.	renforcer
持续	chi:xu	v.	continuer
上海市	shang:hai:shi	n.	Shanghai
装备	zhuang:bei	n.	équipement
攻击	gong:ji	v.	attaquer
禁止	jin:zhi	v.	interdire
升级	sheng:ji	v.	mettre à niveau
一项	yi:xiang	num.	un (article)
反应	fan:ying	n.	réaction
道路	dao:lu	n.	route
话题	hua:ti	n.	sujet
学会	xue:hui	v.	maîtriser
看来	kan:lai	adv.	il semble
体现	ti:xian	v.	incarner
传播	chuan:bo	v.	répandre
绝对	jue:dui	adj.	absolu
习惯	xi:guan	n.	habitude
习惯	xi:guan	v.	s'habituer à
一张	yi:zhang	mw.	une (feuille)
感情	gan:qing	n.	émotion
电视	dian:shi	n.	télévision
基于	ji:yu	prep.	sur la base de
幸福	xing:fu	n.	bonheur
暂无	zan:wu	v.	indisponible pour l'instant
两种	liang:zhong	num.	deux sortes
病毒	bing:du	n.	virus
打造	da:zao	v.	créer
立场	li:chang	n.	position
申报	shen:bao	v.	déclarer
硬盘	ying:pan	n.	disque dur
自行	zi:xing	adv.	soi-même
观察	guan:cha	v.	observer
万人	wan:ren	n.	dix mille personnes
构成	gou:cheng	v.	constituer
广泛	guang:fan	adj.	vaste
心情	xin:qing	n.	humeur
此次	ci:ci	pron.	cette fois
当事人	dang:shi:ren	n.	personne concernée
读者	du:zhe	n.	lecteur
联盟	lian:meng	n.	alliance
总结	zong:jie	v.	résumer
检验	jian:yan	v.	vérifier
核心	he:xin	n.	cœur
网页	wang:ye	n.	page web
当年	dang:nian	n.	à l'époque
绿色	lv:se	n.	vert
马上	ma:shang	adv.	immédiatement
实际上	shi:ji:shang	adv.	en réalité
素质	su:zhi	n.	qualité
态度	tai:du	n.	attitude
动物	dong:wu	n.	animal
环保	huan:bao	n.	protection de l'environnement
全新	quan:xin	adj.	tout nouveau
施工	shi:gong	v.	construire
委托	wei:tuo	v.	confier
档案	dang:an	n.	archive
深圳市	shen:zhen:shi	n.	Shenzhen
自身	zi:shen	pron.	même
第一个	di:yi:ge	num.	premier
发出	fa:chu	v.	émettre
上市	shang:shi	v.	introduire en bourse
他人	ta:ren	pron.	autrui
域名	yu:ming	n.	nom de domaine
保险	bao:xian	n.	assurance
有时	you:shi	adv.	parfois
承诺	cheng:nuo	v.	promettre
窗口	chuang:kou	n.	fenêtre
奖励	jiang:li	v.	récompenser
江苏	jiang:su	n.	Jiangsu
节目	jie:mu	n.	programme
理念	li:nian	n.	concept
理由	li:you	n.	raison
欧洲	ou:zhou	n.	Europe
之外	zhi:wai	n.	hors de
人数	ren:shu	n.	nombre de personnes
邮件	you:jian	n.	courrier
组合	zu:he	n.	combinaison
参数	can:shu	n.	paramètre
工资	gong:zi	n.	salaire
经典	jing:dian	n.	classique
身边	shen:bian	n.	côté
儿子	er:zi	n.	fils
律师	lv:shi	n.	avocat
日前	ri:qian	adv.	il y a quelques jours
我市	wo:shi	n.	notre ville
来到	lai:dao	v.	arriver
投资者	tou:zi:zhe	n.	investisseur
用的	yong:de	part.	utilisé
变得	bian:de	v.	devenir
发言	fa:yan	v.	prendre la parole
发言	fa:yan	n.	intervention
观念	guan:nian	n.	notion
实验	shi:yan	n.	expérience
正确	zheng:que	adj.	correct
指标	zhi:biao	n.	indicateur
拒绝	ju:jue	v.	refuser
商务	shang:wu	n.	affaires
在一起	zai:yi:qi	adv.	ensemble
备案	bei:an	v.	enregistrer
标志	biao:zhi	n.	symbole
标志	biao:zhi	v.	indiquer
法国	fa:guo	n.	France
家长	jia:zhang	n.	parents
直到	zhi:dao	prep.	jusqu'à
指数	zhi:shu	n.	indice
本科	ben:ke	n.	licence (études)
某些	mou:xie	pron.	certain
全省	quan:sheng	n.	toute la province
天下	tian:xia	n.	le monde
专用	zhuan:yong	adj.	spécialisé
专用	zhuan:yong	v.	réserver
附近	fu:jin	n.	voisinage
各级	ge:ji	pron.	tous les niveaux
判断	pan:duan	v.	juger
判断	pan:duan	n.	jugement
装修	zhuang:xiu	v.	rénover
技巧	ji:qiao	n.	technique
加上	jia:shang	v.	ajouter
授权方式	shou:quan:fang:shi	n.	mode d'autorisation
第三	di:san	num.	troisième
经历	jing:li	v.	vivre
经历	jing:li	n.	expérience
就像	jiu:xiang	v.	être comme
体验	ti:yan	n.	expérience
文明	wen:ming	n.	civilisation
小学	xiao:xue	n.	école primaire
学历	xue:li	n.	niveau d'études
重大	zhong:da	adj.	majeur
发行	fa:xing	v.	publier
改造	gai:zao	v.	transformer
就要	jiu:yao	adv.	être sur de
表明	biao:ming	v.	indiquer
播放	bo:fang	v.	diffuser
一边	yi:bian	n.	un côté
岗位	gang:wei	n.	poste
突出	tu:chu	adj.	saillant
变成	bian:cheng	v.	devenir
审查	shen:cha	v.	examiner
短信	duan:xin	n.	SMS
财富	cai:fu	n.	richeurse
复杂	fu:za	adj.	complexe
合理	he:li	adj.	raisonnable
角色	jue:se	n.	rôle
拍摄	pai:she	v.	filmer
审批	shen:pi	v.	approuver
大学生	da:xue:sheng	n.	étudiant
品质	pin:zhi	n.	qualité
突破	tu:po	v.	percer
突破	tu:po	n.	percée
超级	chao:ji	adj.	super
金额	jin:e	n.	montant
成熟	cheng:shu	adj.	mûr
困难	kun:nan	adj.	difficile
困难	kun:nan	n.	difficulté
万吨	wan:dun	num.	10 000 tonnes
事项	shi:xiang	n.	point
维修	wei:xiu	v.	réparer
一批	yi:pi	mw.	un lot
原创	yuan:chuang	adj.	original
出租	chu:zu	v.	louer
手续	shou:xu	n.	formalité
约定	yue:ding	v.	convenir
约定	yue:ding	n.	accord
中间	zhong:jian	n.	milieu
或是	huo:shi	conj.	ou
上网	shang:wang	v.	naviguer sur Internet
物品	wu:pin	n.	article
有效的	you:xiao:de	adj.	efficace
栏目	lan:mu	n.	rubrique
成长	cheng:zhang	v.	croître
货物	huo:wu	n.	marchandise
内存	nei:cun	n.	mémoire
适应	shi:ying	v.	s'adapter
说的	shuo:de	part.	que l'on dit
欣赏	xin:shang	v.	appécier
欣赏	xin:shang	v.	admirer
运行环境	yun:xing:huan:jing	n.	environnement d'exécution
参考	can:kao	v.	consulter
参考	can:kao	n.	référence
动态	dong:tai	n.	dynamique
动态	dong:tai	adj.	dynamique
感谢	gan:xie	v.	remercier
你可以	ni:ke:yi	pron.	tu peux
不到	bu:dao	v.	moins de
个性	ge:xing	n.	personnalité
所属	suo:shu	n.	appartenance
渠道	qu:dao	n.	canal
也没有	ye:mei:you	adv.	non plus
一片	yi:pian	mw.	une pièce
逐渐	zhu:jian	adv.	progressivement
主体	zhu:ti	n.	partie principale
优惠	you:hui	n.	avantage
杂志	za:zhi	n.	revue
指定	zhi:ding	v.	désigner
如今	ru:jin	n.	de nos jours
选项	xuan:xiang	n.	option
学员	xue:yuan	n.	apprenant
预计	yu:ji	v.	prévoir
整合	zheng:he	v.	intégrer
策略	ce:lve	n.	stratégie
还可以	hai:ke:yi	adv.	encore correct
认定	ren:ding	v.	constater
本次	ben:ci	pron.	cette fois
补充	bu:chong	v.	compléter
影片	ying:pian	n.	film
周围	zhou:wei	n.	environs
报价	bao:jia	n.	offre de prix
操作系统	cao:zuo:xi:tong	n.	système d'exploitation
肯定	ken:ding	adj.	sûr
肯定	ken:ding	adv.	certainement
义务	yi:wu	n.	obligation
包含	bao:han	v.	contenir
定位	ding:wei	v.	positionner
家里	jia:li	n.	maison
商家	shang:jia	n.	commerçant
武汉	wu:han	n.	Wuhan
一名	yi:ming	mw.	un(e)
有关规定	you:guan:gui:ding	n.	dispositions pertinentes
又是	you:shi	adv.	encore
执行时间	zhi:xing:shi:jian	n.	temps d'exécution
不用	bu:yong	v.	ne pas devoir
队伍	dui:wu	n.	rangs
改进	gai:jin	v.	améliorer
留下	liu:xia	v.	laisser
提醒	ti:xing	v.	rappeler
药物	yao:wu	n.	médicament
不好	bu:hao	adj.	mauvais
会有	hui:you	v.	y aura
强烈	qiang:lie	adj.	intense
商标	shang:biao	n.	marque
死亡	si:wang	n.	mort
这位	zhe:wei	pron.	cette personne
罚款	fa:kuan	n.	amende
依然	yi:ran	adv.	encore
优化	you:hua	v.	optimiser
转让	zhuan:rang	v.	céder
广场	guang:chang	n.	place
深入	shen:ru	v.	approfondir
思考	si:kao	v.	réfléchir
先后	xian:hou	adv.	successivement
观众	guan:zhong	n.	public
客人	ke:ren	n.	invité
三年	san:nian	num.	trois ans
一段	yi:duan	mw.	un segment
担任	dan:ren	v.	occuper
食物	shi:wu	n.	nourriture
动力	dong:li	n.	force motrice
机器	ji:qi	n.	machine
那里	na:li	pron.	là
听到	ting:dao	v.	entendre
遵守	zun:shou	v.	respecter
昨天	zuo:tian	n.	hier
说话	shuo:hua	v.	parler
中学	zhong:xue	n.	collège
逐步	zhu:bu	adv.	progressivement
诚信	cheng:xin	n.	intégrité
良好	liang:hao	adj.	bon
随时	sui:shi	adv.	à tout moment
温度	wen:du	n.	température
衣服	yi:fu	n.	vêtements
充分	chong:fen	adj.	suffisant
租赁	zu:lin	v.	louer
多次	duo:ci	adv.	beaucoup de fois
公路	gong:lu	n.	route
确实	que:shi	adv.	en effet
人口	ren:kou	n.	population
在此	zai:ci	adv.	ici
站点	zhan:dian	n.	station
和谐	he:xie	adj.	harmonieux
机械	ji:xie	n.	machinerie
普遍	pu:bian	adj.	universel
首次	shou:ci	adv.	pour la première fois
所需	suo:xu	adj.	requis
一套	yi:tao	mw.	un ensemble
广东省	guang:dong:sheng	n.	Guangdong
后面	hou:mian	n.	derrière
美女	mei:nv	n.	belle femme
社会主义	she:hui:zhu:yi	n.	socialisme
愿意	yuan:yi	v.	vouloir
论文	lun:wen	n.	mémoire
人家	ren:jia	pron.	je
行政	xing:zheng	n.	administration
英文	ying:wen	n.	anglais
自我	zi:wo	n.	moi
做法	zuo:fa	n.	méthode
病人	bing:ren	n.	patient
热情	re:qing	adj.	enthousiast
图书	tu:shu	n.	livres
物流	wu:liu	n.	logistique
成功的	cheng:gong:de	adj.	couronné de succès
难以	nan:yi	v.	difficile à
先进	xian:jin	adj.	avancé
众多	zhong:duo	adj.	nombreux
设定	she:ding	v.	définir
挑战	tiao:zhan	n.	défi
总数	zong:shu	n.	total
返回	fan:hui	v.	retourner
哈哈	ha:ha	onom.	ahaha
俱乐部	ju:le:bu	n.	club
矛盾	mao:dun	n.	contradiction
毕业生	bi:ye:sheng	n.	diplômé
到达	dao:da	v.	arriver
过来	guo:lai	v.	venir
今后	jin:hou	n.	désormais
配套	pei:tao	adj.	complémentaire
运输	yun:shu	n.	transport
好像	hao:xiang	v.	sembrer
公务员	gong:wu:yuan	n.	fonctionnaire
趋势	qu:shi	n.	tendance
一场	yi:chang	mw.	un (événement)
预防	yu:fang	v.	prévenir
在于	zai:yu	v.	résider dans
复制	fu:zhi	v.	copier
排名	pai:ming	v.	classer
实在	shi:zai	adv.	vraiment
用户名	yong:hu:ming	n.	nom d'utilisateur
尊重	zun:zhong	v.	respecter
不够	bu:gou	adj.	pas assez
定义	ding:yi	n.	définition
情感	qing:gan	n.	émotion
生物	sheng:wu	n.	organisme
最多	zui:duo	adv.	au plus
厂商	chang:shang	n.	fabricant
合格	he:ge	adj.	qualifié
等待	deng:dai	v.	attendre
市民	shi:min	n.	citoyen
创作	chuang:zuo	v.	créer
房间	fang:jian	n.	pièce
数学	shu:xue	n.	mathématiques
编制	bian:zhi	n.	effectifs
编制	bian:zhi	v.	tisser
表面	biao:mian	n.	surface
歌曲	ge:qu	n.	chanson
每一个	mei:yi:ge	pron.	chaque
难道	nan:dao	adv.	alors
一部分	yi:bu:fen	n.	une partie
正确的	zheng:que:de	adj.	correct
按钮	an:niu	n.	bouton
大部分	da:bu:fen	n.	la plupart
探索	tan:suo	v.	explorer
给你	gei:ni	v.	t te donner
家具	jia:ju	n.	mobilier
会计	kuai:ji	n.	comptabilité
令人	ling:ren	v.	rendre quelqu'un
这就是	zhe:jiu:shi	v.	c'est ceci
职责	zhi:ze	n.	devoir
声明	sheng:ming	v.	déclarer
变更	bian:geng	v.	changer
变更	bian:geng	n.	changement
大会	da:hui	n.	assemblée
大会	da:hui	n.	congrès
巨大的	ju:da:de	adj.	énorme
老人	lao:ren	n.	vieillard
年轻	nian:qing	adj.	jeune
实力	shi:li	n.	force
四个	si:ge	num.	quatre
各个	ge:ge	pron.	chaque
金属	jin:shu	n.	métal
投票	tou:piao	v.	voter
投票	tou:piao	n.	vote
吸引	xi:yin	v.	attirer
厦门	xia:men	n.	Xiamen
预测	yu:ce	v.	prévoir
预测	yu:ce	n.	prévision
注重	zhu:zhong	v.	accorder de l'importance
装置	zhuang:zhi	n.	dispositif
各位	ge:wei	pron.	mesdames et messieurs
公斤	gong:jin	n.	kilogramme
购物	gou:wu	v.	faire des achats
接触	jie:chu	v.	toucher
接触	jie:chu	n.	contact
小区	xiao:qu	n.	quartier
学科	xue:ke	n.	discipline
样子	yang:zi	n.	apparence
整理	zheng:li	v.	organiser
职务	zhi:wu	n.	fonction
画面	hua:mian	n.	image
输出	shu:chu	v.	sortir
输出	shu:chu	n.	sortie
投诉	tou:su	v.	se plaindre
引进	yin:jin	v.	introducre
电子邮件	dian:zi:you:jian	n.	courriel
毕业	bi:ye	v.	diplômer
打印	da:yin	v.	imprimer
刚刚	gang:gang	adv.	venir de
关心	guan:xin	v.	se soucier
关心	guan:xin	n.	souci
近年来	jin:nian:lai	n.	années récentes
权限	quan:xian	n.	autorisation
四川	si:chuan	n.	Sichuan
作业	zuo:ye	n.	devoirs
放弃	fang:qi	v.	renoncer
环节	huan:jie	n.	maillon
医疗	yi:liao	n.	soins médicaux
特性	te:xing	n.	caractéristique
邮箱	you:xiang	n.	boîte mail
展开	zhan:kai	v.	déplier
女子	nv:zi	n.	femme
破坏	po:huai	v.	détruire
前面	qian:mian	n.	avant
黑色	hei:se	n.	noir
疾病	ji:bing	n.	maladie
轻松	qing:song	adj.	détendu
为此	wei:ci	adv.	pour cela
字体	zi:ti	n.	police
专题	zhuan:ti	n.	thème spécial
进程	jin:cheng	n.	processus
停止	ting:zhi	v.	arrêter
物质	wu:zhi	n.	matériau
至今	zhi:jin	adv.	jusqu'à présent
至于	zhi:yu	v.	quant à
经销商	jing:xiao:shang	n.	distributeur
未经	wei:jing	prep.	sans
情绪	qing:xu	n.	émotion
收取	shou:qu	v.	percevoir
财产	cai:chan	n.	biens
看见	kan:jian	v.	voir
体育	ti:yu	n.	sport
金融	jin:rong	n.	finance
是以	shi:yi	conj.	c'est pourquoi
翻译	fan:yi	v.	traduire
股东	gu:dong	n.	actionnaire
精品	jing:pin	n.	article de luxe
收集	shou:ji	v.	collecter
唯一	wei:yi	adj.	unique
许可	xu:ke	v.	permittieren
宠物	chong:wu	n.	animal domestique
空调	kong:tiao	n.	climatisation
频道	pin:dao	n.	chaîne
面试	mian:shi	n.	entretien
热线	re:xian	n.	ligne directe
始终	shi:zhong	adv.	toujours
下一页	xia:yi:ye	n.	page suivante
相互	xiang:hu	adv.	mutuellement
兴趣	xing:qu	n.	intérêt
兄弟	xiong:di	n.	frères
房子	fang:zi	n.	maison
取消	qu:xiao	v.	annuler
尚未	shang:wei	adv.	pas encore
责任编辑	ze:ren:bian:ji	n.	rédacteur responsable
电子商务	dian:zi:shang:wu	n.	e-commerce
加盟	jia:meng	v.	rejoindre
情形	qing:xing	n.	situation
想法	xiang:fa	n.	idée
一块	yi:kuai	n.	un yuan
一块	yi:kuai	adv.	ensemble
公民	gong:min	n.	citoyen
笔者	bi:zhe	n.	l'auteur
担心	dan:xin	v.	s'inquiéter
基层	ji:ceng	n.	la base
平时	ping:shi	n.	en temps normal
让我们	rang:wo:men	v.	laissez-nous
文学	wen:xue	n.	littérature
漂亮	piao:liang	adj.	joli
现实	xian:shi	n.	réalité
动画	dong:hua	n.	animation
获取	huo:qu	v.	obtenir
较大	jiao:da	adj.	relativement grand
录入	lu:ru	v.	saisir
面临	mian:lin	v.	être confronté à
信息化	xin:xi:hua	n.	informatisation
植物	zhi:wu	n.	plante
固定	gu:ding	v.	fixer
股票	gu:piao	n.	action
集体	ji:ti	n.	collectif
进步	jin:bu	v.	progresser
居民	ju:min	n.	habitant
劳动	lao:dong	v.	travailler
试验	shi:yan	n.	essai
像素	xiang:su	n.	pixel
一级	yi:ji	n.	premier degré
浏览器	liu:lan:qi	n.	navigateur
商城	shang:cheng	n.	centre commercial
依据	yi:ju	prep.	d'après
不敢	bu:gan	v.	ne pas oser
贸易	mao:yi	n.	commerce
详细信息	xiang:xi:xin:xi	n.	informations détaillées
小说	xiao:shuo	n.	roman
有利于	you:li:yu	v.	être favorable à
值得	zhi:de	v.	valoir
宝宝	bao:bao	n.	bébé
河南	he:nan	n.	Henan
人民法院	ren:min:fa:yuan	n.	tribunal populaire
收藏本页	shou:cang:ben:ye	v.	mettre en favori
损害	sun:hai	v.	nuire à
提前	ti:qian	v.	avancer
不但	bu:dan	conj.	non seulement
称为	cheng:wei	v.	être appelé
定期	ding:qi	adj.	régulier
妇女	fu:nv	n.	femme
妻子	qi:zi	n.	femme
伤害	shang:hai	v.	blesser
主管	zhu:guan	n.	Responsable
博士	bo:shi	n.	docteur
当中	dang:zhong	n.	parmi
分配	fen:pei	v.	répartir
歌手	ge:shou	n.	chanteur
受理	shou:li	v.	accepter (une demande)
表情	biao:qing	n.	expression
流行	liu:xing	adj.	à la mode
满意	man:yi	adj.	satisfait
行政主管	xing:zheng:zhu:guan	n.	responsable administratif
白色	bai:se	n.	blanc
表演	biao:yan	v.	jouer
收益	shou:yi	n.	revenu
图像	tu:xiang	n.	image
意思	yi:si	n.	sens
营养	ying:yang	n.	nutrition
直辖市	zhi:xia:shi	n.	municipalité
住宅	zhu:zhai	n.	résidence
刺激	ci:ji	v.	stimuler
电池	dian:chi	n.	pile
好了	hao:le	int.	bien
鉴定	jian:ding	v.	expertiser
另一个	ling:yi:ge	pron.	un autre
驱动	qu:dong	v.	piloter
日子	ri:zi	n.	jour
申请人	shen:qing:ren	n.	demandeur
亚洲	ya:zhou	n.	Asie
重量	zhong:liang	n.	poids
策划	ce:hua	v.	planifier
而已	er:yi	part.	ne ... que
结婚	jie:hun	v.	se marier
竟然	jing:ran	adv.	inattendu
理想	li:xiang	n.	idéal
请求	qing:qiu	v.	demander
信号	xin:hao	n.	signal
层次	ceng:ci	n.	niveau
流程	liu:cheng	n.	processu
切实	qie:shi	adj.	réel
时刻	shi:ke	n.	moment
运作	yun:zuo	v.	fonctionner
厂家	chang:jia	n.	fabricant
上升	shang:sheng	v.	monter
多媒体	duo:mei:ti	n.	multimédia
男性	nan:xing	n.	mâle
数据查询	shu:ju:cha:xun	n.	requête de données
想到	xiang:dao	v.	penser à
好评度	hao:ping:du	n.	niveau d'approbation
决策	jue:ce	n.	décision
太多	tai:duo	adj.	trop
因而	yin:er	conj.	ainsi
电源	dian:yuan	n.	alimentation
发布日期	fa:bu:ri:qi	n.	date de sortie
情节	qing:jie	n.	intrigue
宣布	xuan:bu	v.	annoncer
股份有限公司	gu:fen:you:xian:gong:si	n.	société par actions
练习	lian:xi	v.	s'entraîner
期限	qi:xian	n.	délai
人体	ren:ti	n.	corps humain
新型	xin:xing	adj.	nouveau type
邀请	yao:qing	v.	inviter
一系列	yi:xi:lie	num.	une série de
转变	zhuan:bian	v.	se transformer
玻璃	bo:li	n.	verre
充满	chong:man	v.	remplir
构建	gou:jian	v.	construire
近期	jin:qi	n.	période récente
软件类别	ruan:jian:lei:bie	n.	catégorie de logiciel
事故	shi:gu	n.	accident
特定	te:ding	adj.	spécifique
也就是	ye:jiu:shi	conj.	c'est-à-dire
本网站	ben:wang:zhan	n.	ce site Web
广州市	guang:zhou:shi	n.	Guangzhou
大多数	da:duo:shu	n.	majorité
工程师	gong:cheng:shi	n.	ingénieur
国内外	guo:nei:wai	n.	l'étranger et le pays
湖南	hu:nan	n.	Hunan
每月	mei:yue	adv.	chaque mois
调节	tiao:jie	v.	régler
主持	zhu:chi	v.	présider
背景	bei:jing	n.	arrière-plan
表达	biao:da	v.	exprimer
业绩	ye:ji	n.	résultats
原理	yuan:li	n.	principe
战争	zhan:zheng	n.	guerre
案例	an:li	n.	cas
宾馆	bin:guan	n.	hôtel
电信	dian:xin	n.	télécommunications
感染	gan:ran	v.	infecter
还没	hai:mei	adv.	pas encore
手中	shou:zhong	n.	dans les mains
树立	shu:li	v.	établir
未知	wei:zhi	adj.	inconnu
纷纷	fen:fen	adv.	l'un après l'autre
明天	ming:tian	n.	demain
下去	xia:qu	v.	continuer
言论	yan:lun	n.	propos
订单	ding:dan	n.	commande
东方	dong:fang	n.	Orient
机场	ji:chang	n.	aéroport
尽量	jin:liang	adv.	autant que possible
平衡	ping:heng	n.	équilibre
财政	cai:zheng	n.	finances
大专	da:zhuan	n.	école supérieure courte
供应商	gong:ying:shang	n.	fournisseur
界面	jie:mian	n.	interface
业主	ye:zhu	n.	propriétaire
装饰	zhuang:shi	v.	décorer
仓库	cang:ku	n.	entrepôt
场所	chang:suo	n.	lieu
福建	fu:jian	n.	Fujian
上一页	shang:yi:ye	n.	page précédente
新疆	xin:jiang	n.	Xinjiang
住房	zhu:fang	n.	logement
红色	hong:se	n.	rouge
生态	sheng:tai	n.	écologie
思维	si:wei	n.	pensée
常常	chang:chang	adv.	souvent
回家	hui:jia	v.	rentrer chez soi
回来	hui:lai	v.	rentrer
回来	hui:lai	n.	retour
立刻	li:ke	adv.	immédiatement
效益	xiao:yi	n.	bénéfice
本地	ben:di	n.	local
待遇	dai:yu	n.	traitement
待遇	dai:yu	n.	rémunération
导演	dao:yan	n.	réalisateur
导演	dao:yan	v.	réaliser
估计	gu:ji	v.	estimer
审计	shen:ji	n.	audit
说法	shuo:fa	n.	formulation
说法	shuo:fa	n.	version
天然	tian:ran	adj.	naturel
研发	yan:fa	v.	développer
研发	yan:fa	n.	R&D
严重的	yan:zhong:de	adj.	grave
本书	ben:shu	n.	ce livre
大大	da:da	adv.	considérablement
科研	ke:yan	n.	recherche scientifique
效率	xiao:lv	n.	efficacité
模块	mo:kuai	n.	module
显得	xian:de	v.	paraître
优质	you:zhi	adj.	de haute qualité
重复	chong:fu	v.	répéter
重复	chong:fu	adj.	répétitif
刚才	gang:cai	adv.	à l'instant
高中	gao:zhong	n.	lycée
含有	han:you	v.	contenir
所在地	suo:zai:di	n.	emplacement
想要	xiang:yao	v.	vouloir
转移	zhuan:yi	v.	transferer
不管	bu:guan	conj.	quoi qu
车型	che:xing	n.	modèle de voiture
发动机	fa:dong:ji	n.	moteur
记得	ji:de	v.	se souvenir
监管	jian:guan	v.	surveiller
类似	lei:si	adj.	semblable
明白	ming:bai	v.	comprendre
手术	shou:shu	n.	opération
通信	tong:xin	n.	communication
休闲	xiu:xian	n.	loisirs
以便	yi:bian	conj.	pour que
有所	you:suo	adv.	en quelque sorte
规律	gui:lv	n.	régularité
很少	hen:shao	adv.	rarement
权力	quan:li	n.	pouvoir
新增	xin:zeng	v.	ajouter
研究所	yan:jiu:suo	n.	institut de recherche
点击数	dian:ji:shu	n.	nombre de clics
互动	hu:dong	v.	interagir
客服	ke:fu	n.	service client
空气	kong:qi	n.	air
另一方面	ling:yi:fang:mian	conj.	d'autre part
条款	tiao:kuan	n.	clause
条例	tiao:li	n.	règlement
消除	xiao:chu	v.	éliminer
尤其	you:qi	adv.	surtout
毕竟	bi:jing	adv.	après tout
道德	dao:de	n.	moralité
或许	huo:xu	adv.	peut-être
力度	li:du	n.	intensité
能否	neng:fou	v.	pouvoir
批发	pi:fa	v.	vendre en gros
体制	ti:zhi	n.	système
演出	yan:chu	n.	représentation
英雄	ying:xiong	n.	héros
责令	ze:ling	v.	enjoindre
中华	zhong:hua	n.	Chine
资讯	zi:xun	n.	information
物业	wu:ye	n.	gestion immobilière
协助	xie:zhu	v.	aider
一方面	yi:fang:mian	conj.	d'un côté
印刷	yin:shua	v.	imprimer
著名	zhu:ming	adj.	célèbre
步骤	bu:zhou	n.	étape
慢慢	man:man	adv.	lentement
原料	yuan:liao	n.	matière première
临时	lin:shi	adj.	temporaire
太阳	tai:yang	n.	soleil
委员	wei:yuan	n.	membre de comité
花园	hua:yuan	n.	jardin
尽快	jin:kuai	adv.	aussitôt que möglich
性格	xing:ge	n.	caractère
光盘	guang:pan	n.	disque optique
广西	guang:xi	n.	Guangxi
失败	shi:bai	v.	échouer
浙江省	zhe:jiang:sheng	n.	province du Zhejiang
走向	zou:xiang	v.	aller vers
租房	zu:fang	v.	louer un logement
飞机	fei:ji	n.	avion
危害	wei:hai	v.	nuire
围绕	wei:rao	v.	entourer
围绕	wei:rao	prep.	autour de
污染	wu:ran	v.	polluer
用人单位	yong:ren:dan:wei	n.	employeur
云南	yun:nan	n.	Yunnan
主机	zhu:ji	n.	ordinateur central
不对	bu:dui	adj.	faux
差异	cha:yi	n.	différence
反对	fan:dui	v.	s'opposer
梦想	meng:xiang	n.	rêve
区别	qu:bie	n.	différence
全体	quan:ti	n.	tous les membres
上传	shang:chuan	v.	téléverser
与其	yu:qi	conj.	plutôt que
资本	zi:ben	n.	capital
对比	dui:bi	v.	comparer
江苏省	jiang:su:sheng	n.	province du Jiangsu
思路	si:lu	n.	fil de la pensée
出发	chu:fa	v.	partir
更为	geng:wei	adv.	encore plus
观看	guan:kan	v.	regarder
简历	jian:li	n.	CV
数码	shu:ma	n.	numérique
一款	yi:kuan	num.	un
总经理	zong:jing:li	n.	directeur général
备注	bei:zhu	n.	remarque
常用	chang:yong	adj.	courant
运营	yun:ying	v.	exploiter
招生	zhao:sheng	v.	recruter des étudiants
真实性	zhen:shi:xing	n.	authenticité
出去	chu:qu	v.	sortir
分公司	fen:gong:si	n.	succursale
化学	hua:xue	n.	chimie
记忆	ji:yi	n.	mémoire
某个	mou:ge	pron.	un certain
印度	yin:du	n.	Inde
总体	zong:ti	n.	ensemble
最低	zui:di	adj.	minimum
分布	fen:bu	n.	distribution
高速	gao:su	adj.	haute vitesse
模型	mo:xing	n.	modèle
佚名	yi:ming	n.	anonyme
居然	ju:ran	adv.	inattendu
内置	nei:zhi	v.	intégré
芯片	xin:pian	n.	puce
幼儿园	you:er:yuan	n.	jardin d'enfants
优先	you:xian	v.	prioriser
元素	yuan:su	n.	élément
开发商	kai:fa:shang	n.	promoteur
评分	ping:fen	n.	note
由此	you:ci	adv.	de là
诊断	zhen:duan	v.	diagnostiquer
安徽	an:hui	n.	Anhui
大师	da:shi	n.	maître
河北	he:bei	n.	Hebei
见到	jian:dao	v.	rencontrer
接近	jie:jin	v.	approcher
细胞	xi:bao	n.	cellule
以为	yi:wei	v.	croire
症状	zheng:zhuang	n.	symptôme
处罚	chu:fa	v.	punir
年底	nian:di	n.	fin d'année
事实上	shi:shi:shang	adv.	en fait
学者	xue:zhe	n.	savant
别的	bie:de	pron.	autre
更大	geng:da	adj.	plus grand
工厂	gong:chang	n.	usine
严格	yan:ge	adj.	strict
建成	jian:cheng	v.	achever
可爱	ke:ai	adj.	mignon
细节	xi:jie	n.	détail
造型	zao:xing	n.	stylisation
站长	zhan:zhang	n.	chef de gare
昨日	zuo:ri	n.	hier
财务	cai:wu	n.	finances
超市	chao:shi	n.	supermarché
地图	di:tu	n.	carte
发放	fa:fang	v.	distribuer
更换	geng:huan	v.	remplacer
经费	jing:fei	n.	fonds
厘米	li:mi	mw.	centimètre
生存	sheng:cun	v.	survivre
展览	zhan:lan	n.	exposition
并非	bing:fei	adv.	ne pas du tout
低于	di:yu	v.	inférieur à
能源	neng:yuan	n.	énergie
最为	zui:wei	adv.	le plus
家族	jia:zu	n.	famille
解决方案	jie:jue:fang:an	n.	solution
设计师	she:ji:shi	n.	designer
享有	xiang:you	v.	jouir de
小组	xiao:zu	n.	groupe
意大利	yi:da:li	n.	Italie
种类	zhong:lei	n.	sort
转换	zhuan:huan	v.	convertir
称号	cheng:hao	n.	titre
紧张	jin:zhang	adj.	nerveux
期待	qi:dai	v.	attendre avec impatience
一阵	yi:zhen	mw.	un moment
硬件	ying:jian	n.	matériel
俄罗斯	e:luo:si	n.	Russie
监控	jian:kong	v.	surveiller
节省	jie:sheng	v.	économiser
旅行社	lv:xing:she	n.	agence de voyage
市政府	shi:zheng:fu	n.	municipalité
武器	wu:qi	n.	arme
乡镇	xiang:zhen	n.	bourgs et cantons
营造	ying:zao	v.	construire
丈夫	zhang:fu	n.	mari
到底	dao:di	adv.	en fin de compte
敌人	di:ren	n.	ennemi
经济发展	jing:ji:fa:zhan	n.	développement économique
境内	jing:nei	n.	sur le territoire
两年	liang:nian	num.	deux ans
配件	pei:jian	n.	pièce
搜索引擎	sou:suo:yin:qing	n.	moteur de recherche
痛苦	tong:ku	adj.	douloureux
透露	tou:lu	v.	divulger
途径	tu:jing	n.	moyen
西方	xi:fang	n.	Occident
大陆	da:lu	n.	continent
基本上	ji:ben:shang	adv.	basiquement
接着	jie:zhe	conj.	puis
签订	qian:ding	v.	signer
验收	yan:shou	v.	réceptionner
测量	ce:liang	v.	mesurer
含量	han:liang	n.	teneur
机动车	ji:dong:che	n.	véhicule à moteur
肌肤	ji:fu	n.	peau
监测	jian:ce	v.	surveiller
课题	ke:ti	n.	sujet de recherche
心灵	xin:ling	n.	esprit
行政部门	xing:zheng:bu:men	n.	département administratif
邮政编码	you:zheng:bian:ma	n.	code postal
哲学	zhe:xue	n.	philosophie
摄影	she:ying	n.	photographie
有没有	you:mei:you	v.	avoir ou non
招商	zhao:shang	v.	attirer les investissements
这类	zhe:lei	pron.	ce genre
大连	da:lian	n.	Dalian
关键词	guan:jian:ci	n.	mot-clé
即将	ji:jiang	adv.	bientôt
年前	nian:qian	n.	avant le Nouvel An
签名	qian:ming	v.	signer
热门	re:men	adj.	populaire
随后	sui:hou	adv.	peu après
通讯	tong:xun	n.	communication
校园	xiao:yuan	n.	campus
种子	zhong:zi	n.	graine
其次	qi:ci	adv.	en second lieu
实验室	shi:yan:shi	n.	laboratoire
主人	zhu:ren	n.	maître
尝试	chang:shi	v.	tenter
订购	ding:gou	v.	commander
合法权益	he:fa:quan:yi	n.	droits légitimes
集成	ji:cheng	v.	intégrer
蔬菜	shu:cai	n.	légume
危险	wei:xian	adj.	dangereux
详情	xiang:qing	n.	détails
主办	zhu:ban	v.	organiser
注明	zhu:ming	v.	indiquer
不必	bu:bi	adv.	ne pas devoir
创意	chuang:yi	n.	idée
精彩	jing:cai	adj.	magnifique
每日	mei:ri	n.	chaque jour
暂时	zan:shi	adv.	temporairement
成就	cheng:jiu	n.	accomplissement
好友	hao:you	n.	bon ami
湖北	hu:bei	n.	Hubei
纳入	na:ru	v.	intégrer
男子	nan:zi	n.	homme
研究生	yan:jiu:sheng	n.	étudiant en master
智慧	zhi:hui	n.	sagesse
地上	di:shang	n.	sur le sol
清楚	qing:chu	adj.	clair
日志	ri:zhi	n.	journal
完美	wan:mei	adj.	parfait
休息	xiu:xi	v.	se reposer
电力	dian:li	n.	énergie électrique
激情	ji:qing	n.	passion
科目	ke:mu	n.	matière
扩展	kuo:zhan	v.	étendre
显然	xian:ran	adv.	évidemment
现状	xian:zhuang	n.	état actuel
优点	you:dian	n.	mérite
争取	zheng:qu	v.	s'efforcer d'obtenir
的确	di:que	adv.	en effet
加速	jia:su	v.	accélérer
累计	lei:ji	v.	cumuler
前往	qian:wang	v.	se rendre à
三个代表	san:ge:dai:biao	n.	Trois Représentants
苏州	su:zhou	n.	Suzhou
用来	yong:lai	v.	servir à
账号	zhang:hao	n.	compte
忽然	hu:ran	adv.	soudainement
基	ji	n.	base
插入	cha:ru	v.	insérer
同步	tong:bu	v.	synchroniser
意味着	yi:wei:zhe	v.	signifier
上下	shang:xia	n.	haut et bas
选	xuan	v.	choisir
办公	ban:gong	v.	travailler au bureau
之下	zhi:xia	n.	sous
跨越	kua:yue	v.	franchiser
持有	chi:you	v.	détenir
推	tui	v.	pousser
房产	fang:chan	n.	immobilier
天使	tian:shi	n.	ange
旁边	pang:bian	n.	à côté
噢	o	int.	oh
物理	wu:li	n.	physique
教育部	jiao:yu:bu	n.	ministère de l'Éducation
街道	jie:dao	n.	rue
改	gai	v.	changer
承担责任	cheng:dan:ze:ren	v.	assumer la responsabilité
治理	zhi:li	v.	gouverner
一把	yi:ba	mw.	une poignée
上涨	shang:zhang	v.	monter
萝卜	luo:bo	n.	navet
充分发挥	chong:fen:fa:hui	v.	mettre pleinement en valeur
退	tui	v.	se retirer
缴纳	jiao:na	v.	payer
镜头	jing:tou	n.	objectif
著名的	zhu:ming:de	adj.	célèbre
点券	dian:quan	n.	bon de points
三星	san:xing	n.	Samsung
味	wei	n.	goût
发表时间	fa:biao:shi:jian	n.	heure de publication
份	fen	mw.	part
味道	wei:dao	n.	saveur
失去	shi:qu	v.	perdre
婚姻	hun:yin	n.	mariage
示	shi	v.	montrer
忍	ren	v.	endurer
天气	tian:qi	n.	temps
足够	zu:gou	adj.	suffisant
超级版主	chao:ji:ban:zhu	n.	super modérateur
沈阳	shen:yang	n.	Shenyang
较为	jiao:wei	adv.	relativement
印象	yin:xiang	n.	impression
历	li	n.	calendrier
任意	ren:yi	adj.	arbitraire
读书	du:shu	v.	lire
展会	zhan:hui	n.	exposition
通道	tong:dao	n.	passage
目光	mu:guang	n.	regard
文档	wen:dang	n.	document
青少年	qing:shao:nian	n.	adolescent
主板	zhu:ban	n.	carte mère
承认	cheng:ren	v.	reconnaître
器	qi	n.	ustensile
恐	kong	v.	craindre
引	yin	v.	tirer
折扣	zhe:kou	n.	remise
这款	zhe:kuan	pron.	ce modèle
公共	gong:gong	adj.	public
试	shi	v.	essayer
垃圾	la:ji	n.	déchets
端口	duan:kou	n.	port
高手	gao:shou	n.	expert
不想	bu:xiang	v.	ne pas vouloir
公园	gong:yuan	n.	parc
自身的	zi:shen:de	adj.	propre
面向	mian:xiang	v.	faire face
面向	mian:xiang	prep.	destiné à
爸爸	ba:ba	n.	papa
皮	pi	n.	peau
皮	pi	n.	cuir
定价	ding:jia	n.	prix fixe
定价	ding:jia	v.	fixer le prix
既然	ji:ran	conj.	since
打击	da:ji	v.	frapper
打击	da:ji	n.	coup
证据	zheng:ju	n.	preuve
寄	ji	v.	envoyer
习	xi	v.	s'entraîner
电视台	dian:shi:tai	n.	chaîne de télévision
认可	ren:ke	v.	approuver
认可	ren:ke	n.	approbation
靠	kao	v.	s'appuyer contre
靠	kao	v.	compter sur
导	dao	v.	guider
安全生产	an:quan:sheng:chan	n.	sécurité de production
眼前	yan:qian	n.	devant les yeux
人群	ren:qun	n.	foule
存	cun	v.	économiser
存	cun	v.	exister
莫	mo	adv.	ne... pas
志	zhi	n.	aspiration
志	zhi	n.	revue
区	qu	n.	quartier
彻底	che:di	adj.	radicale
早已	zao:yi	adv.	déjà
不可能	bu:ke:neng	adj.	impossible
明星	ming:xing	n.	étoile
汉	han	n.	chinois
汉	han	n.	Han
江西	jiang:xi	n.	Jiangxi
维持	wei:chi	v.	maintenir
城镇	cheng:zhen	n.	ville
右	you	n.	droite
失误	shi:wu	n.	erreur
覆盖	fu:gai	v.	couvrir
复印件	fu:yin:jian	n.	photocopie
群体	qun:ti	n.	groupe
写作	xie:zuo	v.	écrire
什	shen	pron.	quoi
生成	sheng:cheng	v.	générer
写字楼	xie:zi:lou	n.	immeuble de bureaux
顺利	shun:li	adj.	sans encombre
求职	qiu:zhi	v.	chercher un emploi
严	yan	adj.	sévère
医药	yi:yao	n.	médecine
对手	dui:shou	n.	adversaire
合租	he:zu	v.	partager un appartement
信心	xin:xin	n.	confiance
许可证	xu:ke:zheng	n.	permis
地面	di:mian	n.	sol
不如	bu:ru	v.	ne pas valoir
请问	qing:wen	v.	excusez-moi
反而	fan:er	adv.	au contraire
主席	zhu:xi	n.	président
文章来源	wen:zhang:lai:yuan	n.	source de l'article
异常	yi:chang	adj.	anormal
异常	yi:chang	n.	anomalie
态	tai	n.	état
套	tao	mw.	komplett
套	tao	v.	convenir
天空	tian:kong	n.	ciel
校长	xiao:zhang	n.	directeur
老婆	lao:po	n.	épouse
买	mai	v.	acheter
支撑	zhi:cheng	v.	soutenir
宁波	ning:bo	n.	Ningbo
幸	xing	adj.	heureux
能量	neng:liang	n.	énergie
商铺	shang:pu	n.	boutique
仿佛	fang:fu	adv.	comme si
总部	zong:bu	n.	siège
培育	pei:yu	v.	cultiver
佛	fo	n.	Bouddha
主持人	zhu:chi:ren	n.	animateur
临床	lin:chuang	adj.	clinique
产量	chan:liang	n.	production
主页	zhu:ye	n.	page d'accueil
议	yi	v.	discuter
全文	quan:wen	n.	texte intégral
外面	wai:mian	n.	extérieur
差距	cha:ju	n.	écart
必然	bi:ran	adj.	inévitable
可见	ke:jian	conj.	visiblement
树	shu	n.	arbre
哪些	na:xie	pron.	lesquels
公众	gong:zhong	n.	public
中小企业	zhong:xiao:qi:ye	n.	PME
赠送	zeng:song	v.	offrir
一道	yi:dao	adv.	ensemble
一面	yi:mian	num.	un côté
灵活	ling:huo	adj.	flexible
止	zhi	v.	arrêter
阴谋	yin:mou	n.	complot
块	kuai	mw.	morceau
女士	nv:shi	n.	madame
农产品	nong:chan:pin	n.	produit agricole
民主	min:zhu	n.	démocratie
医学	yi:xue	n.	médecine
外观	wai:guan	n.	apparence
插件	cha:jian	n.	extension
饭店	fan:dian	n.	hôtel
守	shou	v.	garder
参观	can:guan	v.	visiter
支出	zhi:chu	n.	dépense
从此	cong:ci	adv.	dès lors
毛	mao	n.	poil
世界上	shi:jie:shang	n.	dans le monde
英寸	ying:cun	n.	pouce
厂房	chang:fang	n.	bâtiment d'usine
部位	bu:wei	n.	partie
拓展	tuo:zhan	v.	étendre
军队	jun:dui	n.	armée
对话	dui:hua	n.	dialogue
挥	hui	v.	agiter
学术	xue:shu	adj.	universitaire
胡	hu	adv.	bêtement
权益	quan:yi	n.	droits et intérêts
第二天	di:er:tian	n.	le lendemain
激励	ji:li	v.	encourager
散	san	adj.	dispersé
股份	gu:fen	n.	action
革命	ge:ming	n.	révolution
部署	bu:shu	v.	déployer
一生	yi:sheng	n.	toute une vie
板	ban	n.	planche
仅	jin	adv.	seulement
对外	dui:wai	adv.	envers l'extérieur
粮食	liang:shi	n.	céréales
心态	xin:tai	n.	état d'esprit
故障	gu:zhang	n.	panne
隐	yin	v.	cacher
怒	nu	v.	se fâcher
人力资源	ren:li:zi:yuan	n.	ressources humaines
床	chuang	n.	lit
海关	hai:guan	n.	douane
苏	su	v.	ressusciter
用途	yong:tu	n.	usage
温暖	wen:nuan	adj.	chaud
带有	dai:you	v.	porter
常见	chang:jian	adj.	courant
依靠	yi:kao	v.	compter sur
现代化	xian:dai:hua	n.	modernisation
交换	jiao:huan	v.	échanger
更高	geng:gao	adj.	plus haut
探讨	tan:tao	v.	discuter
铁路	tie:lu	n.	chemin de fer
拖	tuo	v.	tirer
屏幕	ping:mu	n.	écran
新建	xin:jian	v.	construire à neuf
怀疑	huai:yi	v.	douter
合适	he:shi	adj.	adapté
报考	bao:kao	v.	s'inscrire à un examen
频率	pin:lv	n.	fréquence
风景	feng:jing	n.	paysage
股	gu	mw.	groupe
忌	ji	v.	éviter
局	ju	n.	bureau
有效期	you:xiao:qi	n.	validité
秘密	mi:mi	n.	secret
少年	shao:nian	n.	adolescent
容量	rong:liang	n.	capacité
局长	ju:zhang	n.	directeur de bureau
生意	sheng:yi	n.	commerce
班	ban	mw.	groupe
存储	cun:chu	v.	stocker
气氛	qi:fen	n.	atmosphère
巨大	ju:da	adj.	immense
邦迪	bang:di	n.	Band-Aid
菜单	cai:dan	n.	menu
一致	yi:zhi	adj.	unanime
健全	jian:quan	adj.	sain
图	tu	n.	figure
评审	ping:shen	n.	examen
评审	ping:shen	v.	examiner
己	ji	n.	soi
互相	hu:xiang	adv.	mutuellement
岁	sui	mw.	an (âge)
礼	li	n.	cadeau
礼	li	n.	politesse
独	du	adj.	seul
独	du	adv.	seul
很多人	hen:duo:ren	n.	beaucoup de gens
以内	yi:nei	n.	dans
初	chu	adj.	début
初	chu	adv.	pour la première fois
福	fu	n.	bonheur
全身	quan:shen	n.	tout le corps
开通	kai:tong	v.	ouvrir
开通	kai:tong	adj.	ouvert
头发	tou:fa	n.	cheveux
较高	jiao:gao	adj.	relativement haut
一路	yi:lu	adv.	tout du long
顺	shun	adj.	fluid
顺	shun	v.	suivre
狂	kuang	adj.	fou
修复	xiu:fu	v.	restaurer
修复	xiu:fu	n.	restauration
报纸	bao:zhi	n.	journal
外国	wai:guo	n.	étranger
天地	tian:di	n.	monde
局面	ju:mian	n.	situation
说是	shuo:shi	v.	on dit que
麻烦	ma:fan	adj.	gênant
麻烦	ma:fan	v.	gêner
麻烦	ma:fan	n.	gêne
浪漫	lang:man	adj.	romantisch
默	mo	adv.	en silence
笔记本	bi:ji:ben	n.	carnet
笔记本	bi:ji:ben	n.	portable
神秘	shen:mi	adj.	mystérieux
微软	wei:ruan	n.	Microsoft
看法	kan:fa	n.	opinion
网吧	wang:ba	n.	cybercafé
教程	jiao:cheng	n.	tutoriel
礼品	li:pin	n.	cadeau
万美元	wan:mei:yuan	n.	10 000 dollars
五年	wu:nian	n.	cinq ans
松	song	adj.	läche
松	song	v.	desserrer
松	song	n.	pin
证	zheng	n.	certificat
证	zheng	v.	prouver
门口	men:kou	n.	porte
多数	duo:shu	n.	majorité
不在	bu:zai	v.	être absent
中国人	zhong:guo:ren	n.	Chinois
将来	jiang:lai	n.	avenir
要是	yao:shi	conj.	si
否	fou	v.	nier
恶	e	adj.	méchant
恶	e	v.	haïr
治	zhi	v.	guérir
摘要	zhai:yao	n.	résumé
大概	da:gai	adv.	sans doute
大概	da:gai	n.	approximation
一流	yi:liu	adj.	de premier ordre
缓	huan	adj.	lent
出台	chu:tai	v.	sortir
命运	ming:yun	n.	destin
排	pai	v.	aligner
排	pai	v.	arranger
费	fei	n.	frais
费	fei	v.	dépenser
拍	pai	v.	giffler
拍	pai	v.	filmer
预算	yu:suan	n.	budget
耳	er	n.	oreille
放心	fang:xin	v.	être tranquille
上级	shang:ji	n.	supérieur
医	yi	n.	médecine
走到	zou:dao	v.	aller à pied
寒	han	adj.	froid
小小	xiao:xiao	adj.	tout petit
我知道	wo:zhi:dao	v.	je sais
验证	yan:zheng	v.	vérifier
哭	ku	v.	pleurer
该公司	gai:gong:si	n.	cette société
温	wen	adj.	chaud
大众	da:zhong	n.	public
长度	chang:du	n.	longueur
成分	cheng:fen	n.	composant
山东省	shan:dong:sheng	n.	province du Shandong
管理人员	guan:li:ren:yuan	n.	personnel de gestion
竞争力	jing:zheng:li	n.	compétitivité
男女	nan:nv	n.	hommes et femmes
化工	hua:gong	n.	industrie chimique
鉴权	jian:quan	v.	authentifier
证券交易所	zheng:quan:jiao:yi:suo	n.	bourse
子女	zi:nv	n.	enfants
背后	bei:hou	n.	derrrière
房价	fang:jia	n.	prix de l'immobilien
府	fu	n.	hôtel particulier
担	dan	v.	porter
民间	min:jian	n.	civil
用户组	yong:hu:zu	n.	groupe d'utilisateurs
各方	ge:fang	n.	toutes les parties
回避	hui:bi	v.	éviter
称	cheng	v.	appeler
海外	hai:wai	n.	étranger
通用	tong:yong	adj.	universel
余	yu	num.	reste
求租	qiu:zu	v.	chercher à louer
事物	shi:wu	n.	chose
女生	nv:sheng	n.	étudiante
单独	dan:du	adv.	séparément
哪里	na:li	pron.	où
仅仅	jin:jin	adv.	seulement
两次	liang:ci	num.	deux fois
带动	dai:dong	v.	entraîner
山西	shan:xi	n.	Shanxi
钟	zhong	n.	horloge
泪	lei	n.	larme
反复	fan:fu	v.	répéter
反复	fan:fu	adv.	répétitivement
经营者	jing:ying:zhe	n.	exploitant
长沙	chang:sha	n.	Changsha
那时	na:shi	n.	ce moment-là
售价	shou:jia	n.	prix de vente
就算	jiu:suan	conj.	même si
就算	jiu:suan	v.	considérer comme
前后	qian:hou	n.	autour
前后	qian:hou	n.	du début à la fin
只好	zhi:hao	adv.	ne pouvoir que
美容	mei:rong	n.	cosmétologie
形势	xing:shi	n.	situation
产地	chan:di	n.	lieu de production
一步	yi:bu	n.	un pas
据了解	ju:liao:jie	v.	il paraît que
模拟	mo:ni	v.	simuler
模拟	mo:ni	adj.	simulé
公平	gong:ping	adj.	équitable
合并	he:bing	v.	fusionner
水果	shui:guo	n.	fruit
日常	ri:chang	adj.	quotidien
烟	yan	n.	fumée
烟	yan	n.	cigarette
仪表	yi:biao	n.	instrument
仪表	yi:biao	n.	apparence
院校	yuan:xiao	n.	établissements d'enseignement
公安机关	gong:an:ji:guan	n.	organes de sécurité publique
名单	ming:dan	n.	liste de noms
胜利	sheng:li	n.	victoire
胜利	sheng:li	v.	gagner
负担	fu:dan	n.	charge
负担	fu:dan	v.	assumer
页次	ye:ci	n.	numéro de page
景区	jing:qu	n.	zone pittoresque
塑料	su:liao	n.	plastique
普及	pu:ji	v.	vulgariser
仍	reng	adv.	encore
具	ju	n.	outil
具	ju	v.	posédernombrar
忘	wang	v.	oublier
采访	cai:fang	v.	interviewer
甲方	jia:fang	n.	party A
恩	en	n.	faveur
毕	bi	v.	terminer
警	jing	n.	police
哪个	na:ge	pron.	lequel
出具	chu:ju	v.	délivrer
领取	ling:qu	v.	percevoir
抓住	zhua:zhu	v.	attraper
抓住	zhua:zhu	v.	saisir
强奸	qiang:jian	v.	violer
注册会员	zhu:ce:hui:yuan	n.	membre inscrit
编写	bian:xie	v.	rédiger
无线	wu:xian	adj.	sans fil
蓝	lan	adj.	bleu
举报	ju:bao	v.	dénoncer
图书馆	tu:shu:guan	n.	bibliothèque
宫	gong	n.	palais
吸	xi	v.	inhaler
吸	xi	v.	aspirer
陆	lu	n.	terre
重要思想	zhong:yao:si:xiang	n.	pensée importante
另一	ling:yi	adj.	un autre
郑州	zheng:zhou	n.	Zhengzhou
适当	shi:dang	adj.	approprié
发票	fa:piao	n.	facture
战斗	zhan:dou	n.	combat
战斗	zhan:dou	v.	combattre
旧	jiu	adj.	vieux
积累	ji:lei	v.	accumuler
库存	ku:cun	n.	stock
合法	he:fa	adj.	légal
录取	lu:qu	v.	admettre
陕西	shan:xi	n.	Shaanxi
大赛	da:sai	n.	concours
鼠标	shu:biao	n.	souris
债权	zhai:quan	n.	créance
视为	shi:wei	v.	considérer
景点	jing:dian	n.	site touristique
压	ya	v.	appuyer
税收	shui:shou	n.	recettes fiscales
救	jiu	v.	sauver
美好	mei:hao	adj.	magnifique
主张	zhu:zhang	v.	soutenir
主张	zhu:zhang	n.	position
呆	dai	adj.	stupide
呆	dai	v.	rester
乙方	yi:fang	n.	partie B
障碍	zhang:ai	n.	obstacle
明年	ming:nian	n.	l'année prochaine
某种	mou:zhong	pron.	certain
河	he	n.	fleuve
试试	shi:shi	v.	essayer
信息网	xin:xi:wang	n.	réseau d'information
应用程序	ying:yong:cheng:xu	n.	application
大约	da:yue	adv.	approximativement
行情	hang:qing	n.	cours
迷	mi	v.	être fasciné
迷	mi	n.	fan
便是	bian:shi	adv.	c'est-à-dire
众人	zhong:ren	n.	foule
枪	qiang	n.	fusil
族	zu	n.	tribu
日内	ri:nei	n.	sous peu
森林	sen:lin	n.	forêt
管理办法	guan:li:ban:fa	n.	dispositions de gestion
领导干部	ling:dao:gan:bu	n.	cadres dirigeants
咱们	zan:men	pron.	nous
姑娘	gu:niang	n.	fille
查找	cha:zhao	v.	chercher
不大	bu:da	adj.	pas grand
开发区	kai:fa:qu	n.	zone de développement
权	quan	n.	pouvoir
权	quan	n.	droit
汇款	hui:kuan	v.	transferir
汇款	hui:kuan	n.	virement
半年	ban:nian	n.	un semestre
水晶	shui:jing	n.	cristal
告知	gao:zhi	v.	notifier
吃饭	chi:fan	v.	manger
叹	tan	v.	soupirer
节能	jie:neng	v.	économiser l'énergie
点评	dian:ping	v.	commenter
县级以上	xian:ji:yi:shang	n.	niveau du district et au-dessus
地下	di:xia	n.	souterrain
地球	di:qiu	n.	Terre
每个人	mei:ge:ren	pron.	tout le monde
孙	sun	n.	petit-fils
路线	lu:xian	n.	itinéraire
环境保护	huan:jing:bao:hu	n.	protection de l'environnement
蓝色	lan:se	n.	bleu
商机	shang:ji	n.	opportunité commerciale
双手	shuang:shou	n.	les deux mains
推行	tui:xing	v.	mettre en œuvre
卷	juan	n.	rouleau
卷	juan	v.	rouler
全年	quan:nian	n.	toute l'année
发表评论	fa:biao:ping:lun	v.	commenter
高考	gao:kao	n.	baccalauréat
工人	gong:ren	n.	ouvrier
专科	zhuan:ke	n.	enseignement supérieur court
锻炼	duan:lian	v.	s'entraîner
信任	xin:ren	v.	faire confiance
例子	li:zi	n.	exemple
字节	zi:jie	n.	octet
记住	ji:zhu	v.	retenir
体会	ti:hui	v.	comprendre par expérience
体会	ti:hui	n.	compréhension
国家安全	guo:jia:an:quan	n.	sécurité nationale
什么样的	shen:me:yang:de	pron.	quel genre de
她说	ta:shuo	v.	elle dit
鲜花	xian:hua	n.	fleurs fraîches
同事	tong:shi	n.	collègue
查	cha	v.	vérifier
查	cha	v.	consulter
颁发	ban:fa	v.	décerner
尾页	wei:ye	n.	dernière page
村民	cun:min	n.	villageois
司机	si:ji	n.	chauffeur
走进	zou:jin	v.	entrer dans
团体	tuan:ti	n.	groupe
以下简称	yi:xia:jian:cheng	v.	ci-après dénommé
次数	ci:shu	n.	nombre de fois
哥哥	ge:ge	n.	frère aîné
十年	shi:nian	n.	dix ans
无奈	wu:nai	adj.	sans recours
灌水	guan:shui	v.	inonder un forum
种植	zhong:zhi	v.	cultiver
结论	jie:lun	n.	conclusion
更改	geng:gai	v.	modifier
回忆	hui:yi	v.	se rappeler
回忆	hui:yi	n.	souvenir
居住	ju:zhu	v.	résider
海南	hai:nan	n.	Haïnan
毫	hao	n.	milli-
合理的	he:li:de	adj.	raisonnable
室内	shi:nei	n.	intérieur
高档	gao:dang	adj.	haut de gamme
春	chun	n.	printemps
察	cha	v.	observer
生长	sheng:zhang	v.	poussier
生长	sheng:zhang	n.	croissance
引发	yin:fa	v.	déclencher
搭配	da:pei	v.	assortir
搭配	da:pei	n.	assortiment
圣	sheng	adj.	saint
开心	kai:xin	adj.	heureux
开心	kai:xin	v.	s'amuser
传输	chuan:shu	v.	transmettre
传输	chuan:shu	n.	transmission
以往	yi:wang	n.	in the past
无限	wu:xian	adj.	illimité
威胁	wei:xie	v.	menacer
威胁	wei:xie	n.	menace
灵魂	ling:hun	n.	âme
生日	sheng:ri	n.	anniversaire
一人	yi:ren	n.	une personne
接到	jie:dao	v.	recevoir
外部	wai:bu	n.	extérieur
草	cao	n.	herbe
天天	tian:tian	adv.	chaque jour
较	jiao	adv.	relativement
较	jiao	v.	comparer
流动	liu:dong	v.	couler
流动	liu:dong	adj.	mobile
早期	zao:qi	n.	début (m)
胜	sheng	v.	gagner
微笑	wei:xiao	v.	sourire
微笑	wei:xiao	n.	sourire
严禁	yan:jin	v.	interdire strictement
隐藏	yin:cang	v.	cacher
小孩	xiao:hai	n.	enfant
联系地址	lian:xi:di:zhi	n.	adresse de contact
机票	ji:piao	n.	billet d'avion
究竟	jiu:jing	adv.	en fin
究竟	jiu:jing	n.	résultat
劳动者	lao:dong:zhe	n.	travailleur
资质	zi:zhi	n.	qualifications
监督管理	jian:du:guan:li	v.	superviser et gérer
理性	li:xing	n.	raison
理性	li:xing	adj.	rationnel
随意	sui:yi	adj.	arbitraire
随意	sui:yi	adv.	à sa guise
文本	wen:ben	n.	texte
咖啡	ka:fei	n.	café
打算	da:suan	v.	prévoir
打算	da:suan	n.	projet
姐姐	jie:jie	n.	grande sœur
知识产权	zhi:shi:chan:quan	n.	propriété intellectuelle
海洋	hai:yang	n.	océan
遇	yu	v.	rencontrer
充	chong	v.	remplir
充	chong	v.	charger
史	shi	n.	histoire
喜爱	xi:ai	v.	aimer
活力	huo:li	n.	vitalité
流量	liu:liang	n.	trafic
流量	liu:liang	n.	débit
为准	wei:zhun	v.	servir de référence
领导小组	ling:dao:xiao:zu	n.	groupe dirigeant
关键字	guan:jian:zi	n.	mot-clé
不得不	bu:de:bu	adv.	être obligé de
饮食	yin:shi	n.	régime alimentaire
工作经验	gong:zuo:jing:yan	n.	expérience professionnelle
西藏	xi:zang	n.	Tibet
男孩	nan:hai	n.	garçon
各自	ge:zi	pron.	chacun
还	huan	v.	rendre
顾问	gu:wen	n.	conseiller
长的	chang:de	adj.	long
防	fang	v.	protéger
信用	xin:yong	n.	crédit
征收	zheng:shou	v.	percevoir
主流	zhu:liu	n.	courant principal
据	ju	prep.	selon
一方	yi:fang	n.	une partie
应对	ying:dui	v.	répondre
可用	ke:yong	adj.	utilisable
亲自	qin:zi	adv.	personnellement
十一五	shi:yi:wu	n.	11e plan quinquennal
批评	pi:ping	v.	critiquer
终端	zhong:duan	n.	terminal
会上	hui:shang	n.	lors de la réunion
之类	zhi:lei	n.	et autres
选用	xuan:yong	v.	choisir
浏览次数	liu:lan:ci:shu	n.	nombre de vues
加拿大	jia:na:da	n.	Canada
清晰	qing:xi	adj.	clair
种种	zhong:zhong	adj.	divers
玩具	wan:ju	n.	jouet
材质	cai:zhi	n.	matériau
一座	yi:zuo	num.	un(e)
清洁	qing:jie	adj.	propre
猛	meng	adj.	violent
清除	qing:chu	v.	éliminer
骑	qi	v.	chevaucher
相结合	xiang:jie:he	v.	combiner
除外	chu:wai	v.	exclure
土	tu	n.	terre
卡	ka	n.	carte
体内	ti:nei	n.	dans le corps
图形	tu:xing	n.	figure
这项	zhe:xiang	pron.	ce
当前位置	dang:qian:wei:zhi	n.	position actuelle
助	zhu	v.	aider
昆明	kun:ming	n.	Kunming
玉米	yu:mi	n.	maïs
高于	gao:yu	v.	supérieur à
魅力	mei:li	n.	charme
很容易	hen:rong:yi	adj.	très facile
分离	fen:li	v.	séparer
对不起	dui:bu:qi	v.	pardon
呈现	cheng:xian	v.	présenter
反映	fan:ying	v.	refléter
一件	yi:jian	num.	un(e)
改正	gai:zheng	v.	corriger
单击	dan:ji	v.	cliquer
函数	han:shu	n.	fonction
化妆品	hua:zhuang:pin	n.	cosmétique
联想	lian:xiang	v.	associer
京	jing	n.	capitale
银	yin	n.	argent
改为	gai:wei	v.	changer
总量	zong:liang	n.	quantité totale
贵	gui	adj.	cher
永	yong	adj.	éternel
质	zhi	n.	qualité
屋	wu	n.	maison
行政机关	xing:zheng:ji:guan	n.	organe administratif
之所以	zhi:suo:yi	conj.	la raison pour laquelle
警察	jing:cha	n.	police
自动化	zi:dong:hua	n.	automatisation
寻求	xun:qiu	v.	chercher
采用了	cai:yong:le	v.	adopté
起到	qi:dao	v.	jouer (un rôle)
聊天	liao:tian	v.	bavarder
须	xu	part.	devoir
应当在	ying:dang:zai	part.	devrait être à
题目	ti:mu	n.	titre
更好地	geng:hao:de	adv.	mieux
石油	shi:you	n.	pétrole
商场	shang:chang	n.	centre commercial
副	fu	adj.	secondaire
乃至	nai:zhi	conj.	et même
团结	tuan:jie	v.	s'unir
售后服务	shou:hou:fu:wu	n.	service après-vente
循环	xun:huan	v.	circuler
家园	jia:yuan	n.	foyer
毛泽东	mao:ze:dong	n.	Mao Zedong
事务	shi:wu	n.	affaires
这是一个	zhe:shi:yi:ge	pron.	ceci est un
活跃	huo:yue	adj.	actif
赔偿	pei:chang	v.	indemniser
试题	shi:ti	n.	sujet d'examen
字符串	zi:fu:chuan	n.	chaîne de caractères
平等	ping:deng	adj.	égal
初中	chu:zhong	n.	collège
行政许可	xing:zheng:xu:ke	n.	licence administrative
技术支持	ji:shu:zhi:chi	n.	support technique
也就是说	ye:jiu:shi:shuo	conj.	c'est-à-dire
本条例	ben:tiao:li	n.	le présent règlement
刺	ci	v.	piquer
属	shu	v.	appartenir
闻	wen	v.	sentir
中医	zhong:yi	n.	médecine chinoise
你说	ni:shuo	pron.	tu dis
使其	shi:qi	v.	le faire
路上	lu:shang	n.	sur la route
承接	cheng:jie	v.	entreprendre
以免	yi:mian	conj.	pour éviter
怎么样	zen:me:yang	pron.	comment
形态	xing:tai	n.	forme
境	jing	n.	frontière
禁	jin	v.	interdire
活动中	huo:dong:zhong	n.	pendant l'activité
温州	wen:zhou	n.	Wenzhou
促销	cu:xiao	v.	promouvoir les ventes
阴	yin	n.	ombre
我们就	wo:men:jiu	pron.	nous alors
布局	bu:ju	n.	agencement
共	gong	adv.	ensemble
事业单位	shi:ye:dan:wei	n.	établissement public
终止	zhong:zhi	v.	terminer
副主任	fu:zhu:ren	n.	directeur adjoint
疯狂	feng:kuang	adj.	fou
成人	cheng:ren	n.	adulte
魔法	mo:fa	n.	magie
负	fu	v.	porter
负	fu	adj.	négatif
豪华	hao:hua	adj.	luxueux
弄	nong	v.	faire
弄	nong	v.	obtenir
虎	hu	n.	tigre
当天	dang:tian	n.	ce jour-là
层	ceng	mw.	couche
清理	qing:li	v.	nettoyer
喊	han	v.	crier
建材	jian:cai	n.	matériaux de construction
研制	yan:zhi	v.	développer
接待	jie:dai	v.	accueillir
接待	jie:dai	n.	accueil
明显的	ming:xian:de	adj.	évident
施行	shi:xing	v.	appliquer
施行	shi:xing	v.	mettre en vigueur
将军	jiang:jun	n.	général
统一的	tong:yi:de	adj.	unifié
不需要	bu:xu:yao	v.	ne pas nécessiter
餐厅	can:ting	n.	restaurant
不久	bu:jiu	adv.	bientôt
询问	xun:wen	v.	demander
复习	fu:xi	v.	réviser
复习	fu:xi	n.	révision
逃	tao	v.	fuir
晓	xiao	n.	aube
座	zuo	mw.	~ (bâtiments)
座	zuo	n.	place
所得	suo:de	n.	revenu
冲突	chong:tu	n.	conflit
动漫	dong:man	n.	anime et manga
调研	diao:yan	v.	mener une enquête
演员	yan:yuan	n.	acteur
情	qing	n.	sentiment
全县	quan:xian	n.	bureau entier
在内	zai:nei	prep.	y compris
消失	xiao:shi	v.	disparaître
雅	ya	adj.	élégant
参	can	n.	ginseng
射	she	v.	tirer
射	she	v.	jaillir
一层	yi:ceng	num.	une couche
有限	you:xian	adj.	limité
功效	gong:xiao	n.	efficacité
消耗	xiao:hao	v.	consommer
险	xian	adj.	dangereux
险	xian	n.	danger
出生	chu:sheng	v.	naître
单纯	dan:chun	adj.	simple
温柔	wen:rou	adj.	doux
总之	zong:zhi	adv.	en somme
对应	dui:ying	v.	correspondre
荣誉	rong:yu	n.	honneur
走出	zou:chu	v.	sortir
听说	ting:shuo	v.	entendre dire
听说	ting:shuo	adv.	on dit
书籍	shu:ji	n.	livres
划	hua	v.	ramer
划	hua	v.	rayer
二十	er:shi	num.	vingt
坚	jian	adj.	solide
坚	jian	v.	renforcer
价	jia	n.	prix
无数	wu:shu	adj.	innombrables
实际情况	shi:ji:qing:kuang	n.	situation réelle
用品	yong:pin	n.	articles
识别	shi:bie	v.	identifier
秩序	zhi:xu	n.	ordre
互联	hu:lian	v.	interconnecter
彩色	cai:se	adj.	en couleurs
国产	guo:chan	adj.	de production nationale
水泥	shui:ni	n.	ciment
扬	yang	v.	lever
扬	yang	v.	répander
表格	biao:ge	n.	formulaire
科	ke	n.	département
科	ke	mw.	classificateur
小型	xiao:xing	adj.	de petit format
分辨率	fen:bian:lv	n.	résolution
祝福	zhu:fu	v.	bénir
祝福	zhu:fu	n.	bénédiction
得分	de:fen	v.	marquer
得分	de:fen	n.	score
得分儿	de:fen:er	n.	score
可惜	ke:xi	adj.	regrettable
狠	hen	adj.	féroce
那天	na:tian	n.	ce jour-là
投标	tou:biao	v.	soumissionner
下载次数	xia:zai:ci:shu	n.	nombre de téléchargements
军事	jun:shi	n.	affaires militaires
军事	jun:shi	adj.	militaire
融合	rong:he	v.	fusionner
野	ye	adj.	sauvage
野	ye	n.	open land
秦	qin	n.	Qin
共产党员	gong:chan:dang:yuan	n.	membre du Parti communiste
道理	dao:li	n.	raison
道理	dao:li	n.	principe
前来	qian:lai	v.	venir
热点	re:dian	n.	point chaud
秘	mi	adj.	secret
清洗	qing:xi	v.	laver
注意事项	zhu:yi:shi:xiang	n.	précautions
责任感	ze:ren:gan	n.	sens des responsabilités
退出	tui:chu	v.	se retirer
公司地址	gong:si:di:zhi	n.	adresse de l'entreprise
格局	ge:ju	n.	structure
格局	ge:ju	n.	disposition
积极性	ji:ji:xing	n.	enthousiasme
熟	shou	adj.	cuit
熟	shu	adj.	mûr
熟	shu	adj.	familier
置	zhi	v.	placer
置	zhi	v.	acheter
图案	tu:an	n.	motif
仙	xian	n.	immortel
随便	sui:bian	adj.	casuel
配送	pei:song	n.	livraison
冠军	guan:jun	n.	champion
模	mo	n.	modèle
模	mu	n.	moule
极为	ji:wei	adv.	extrêmement
不宜	bu:yi	v.	ne pas devoir
伸	shen	v.	étendre
新鲜	xin:xian	adj.	frais
呼吸	hu:xi	v.	respirer
货币	huo:bi	n.	monnaie
出现在	chu:xian:zai	v.	apparaître dans
波	bo	n.	onde
此类	ci:lei	pron.	ce type
信誉	xin:yu	n.	crédit
付出	fu:chu	v.	consacrer
肉	rou	n.	viande
难度	nan:du	n.	difficulté
提取	ti:qu	v.	extrahieren
假	jia	adj.	faux
据悉	ju:xi	adv.	selon les informations
爱的	ai:de	part.	de l'amour
把我	ba:wo	part.	me
指定的	zhi:ding:de	adj.	désigné
争议	zheng:yi	n.	difference
产生了	chan:sheng:le	v.	produit
齐	qi	adj.	uniform
到来	dao:lai	n.	arrivée
其余	qi:yu	pron.	le reste
舞	wu	n.	danse
西部	xi:bu	n.	ouest
提到	ti:dao	v.	mentionner
仔细	zi:xi	adj.	soigneux
两位	liang:wei	num.	deux personnes
致力于	zhi:li:yu	v.	se consacrer à
拍卖	pai:mai	v.	vendre aux enchères
脱	tuo	v.	ôter
期望	qi:wang	v.	attendre
广	guang	adj.	large
姑	gu	n.	tante
坚决	jian:jue	adj.	résolu
巩固	gong:gu	v.	consolider
东莞	dong:guan	n.	Dongguan
麻	ma	n.	chanvre
补贴	bu:tie	n.	subvention
混合	hun:he	v.	mélanger
流通	liu:tong	v.	circuler
官方	guan:fang	adj.	officiel
多人	duo:ren	n.	beaucoup de gens
投	tou	v.	lancer
不符合	bu:fu:he	v.	ne pas correspondre
巧克力	qiao:ke:li	n.	chocolat
宗教	zong:jiao	n.	religion
比重	bi:zhong	n.	proportion
没想到	mei:xiang:dao	v.	ne pas s'attendre
您好	nin:hao	int.	bonjour
出处	chu:chu	n.	source
安全性	an:quan:xing	n.	sécurité
天堂	tian:tang	n.	paradis
新人	xin:ren	n.	nouveau venu
什么时候	shen:me:shi:hou	pron.	quand
初始化	chu:shi:hua	v.	initialiser
对待	dui:dai	v.	traiter
日益	ri:yi	adv.	de jour en jour
内涵	nei:han	n.	connotation
实时	shi:shi	adj.	en temps réel
顶	ding	v.	appuyer
顶	ding	v.	sommet
忘记	wang:ji	v.	oublier
国家法律	guo:jia:fa:lv	n.	loi nationale
一律	yi:lv	adv.	sans exception
产权	chan:quan	n.	droit de propriété
配偶	pei:ou	n.	conjoint
手里	shou:li	n.	dans la main
几年	ji:nian	num.	quelques années
原本	yuan:ben	adv.	à l'origine
一眼	yi:yan	n.	un coup d'œil
美术	mei:shu	n.	beaux-arts
轻轻	qing:qing	adv.	doucement
民生	min:sheng	n.	moyens d'existence des gens
周期	zhou:qi	n.	cycle
成交	cheng:jiao	v.	conclure une affaire
致	zhi	v.	provoquer
责	ze	v.	blâmer
讲话	jiang:hua	v.	parler
讲话	jiang:hua	n.	discours
个体	ge:ti	n.	individu
早上	zao:shang	n.	matin
逻辑	luo:ji	n.	logique
老公	lao:gong	n.	mari
照顾	zhao:gu	v.	s'occuper de
景	jing	n.	paysage
营	ying	v.	exploiter
领先	ling:xian	v.	être en tête
维	wei	mw.	dimension
设	she	v.	établir
仪器	yi:qi	n.	instrument
就这样	jiu:zhe:yang	adv.	ça suffit
皇帝	huang:di	n.	empereur
厨房	chu:fang	n.	cuisine
损坏	sun:huai	v.	endommager
必要	bi:yao	adj.	nécessaire
某一	mou:yi	pron.	un certain
框架	kuang:jia	n.	cadre
新加坡	xin:jia:po	n.	Singapour
收获	shou:huo	v.	récolter
收获	shou:huo	n.	récolte
层面	ceng:mian	n.	niveau
一个月	yi:ge:yue	num.	un mois
要素	yao:su	n.	élément
方针	fang:zhen	n.	ligne directrice
相机	xiang:ji	n.	appareil photo
法律责任	fa:lv:ze:ren	n.	responsabilité légale
跟踪	gen:zong	v.	suivre
制造业	zhi:zao:ye	n.	fabrication
欢迎您	huan:ying:nin	v.	bienvenue
提问	ti:wen	v.	poser une question
显示器	xian:shi:qi	n.	écran
精灵	jing:ling	n.	fée
回报	hui:bao	v.	rendre
经营的	jing:ying:de	v.	exploré
不含	bu:han	v.	ne pas contenir
周边	zhou:bian	n.	périphérie
传递	chuan:di	v.	transmettre
贯彻	guan:che	v.	appliquer
一句话	yi:ju:hua	n.	une phrase
指南	zhi:nan	n.	guide
如果有	ru:guo:you	conj.	s'il y a
当代	dang:dai	n.	époque contemporaine
或其他	huo:qi:ta	conj.	ou autre
把自己	ba:zi:ji	prep.	se~
一体	yi:ti	n.	un tout
回收	hui:shou	v.	recycler
本月	ben:yue	n.	ce mois-ci
坏	huai	adj.	mauvais
坏	huai	v.	se casser
各部门	ge:bu:men	n.	chaque département
无效	wu:xiao	adj.	invalide
每页	mei:ye	n.	chaque page
少女	shao:nv	n.	fille
和平	he:ping	n.	paix
预期	yu:qi	v.	attendre
预期	yu:qi	n.	attente
澳大利亚	ao:da:li:ya	n.	Australie
配备	pei:bei	v.	équiper
分割	fen:ge	v.	diviser
精美	jing:mei	adj.	raffiné
打电话	da:dian:hua	v.	passer un appel
秀	xiu	v.	montrer
秀	xiu	adj.	élégant
有时候	you:shi:hou	adv.	parfois
败	bai	v.	être vaincu
败	bai	adj.	pourri
幼儿	you:er	n.	jeune enfant
二人	er:ren	num.	deux personnes
重要性	zhong:yao:xing	n.	importance
齐全	qi:quan	adj.	complet
你还	ni:hai	adv.	tu encore
嘿嘿	hei:hei	onom.	hihi
怎么办	zen:me:ban	v.	que faire
可能性	ke:neng:xing	n.	possibilité
遥控	yao:kong	v.	télécommander
处分	chu:fen	v.	sanctionner
放入	fang:ru	v.	mettre dans
你也	ni:ye	adv.	tu aussi
眉	mei	n.	sourcil
较大的	jiao:da:de	adj.	relativement grand
键盘	jian:pan	n.	clavier
州	zhou	n.	État
百度	bai:du	n.	Baidu
显卡	xian:ka	n.	carte graphique
生活中	sheng:huo:zhong	n.	dans la vie
辽宁	liao:ning	n.	Liaoning
结算	jie:suan	v.	régler
上来	shang:lai	v.	monter
市区	shi:qu	n.	centre-ville
管理者	guan:li:zhe	n.	gestionnaire
各国	ge:guo	n.	chaque pays
体重	ti:zhong	n.	poids corporel
生产企业	sheng:chan:qi:ye	n.	entreprise de production
任何人	ren:he:ren	pron.	quiconque
害怕	hai:pa	v.	craindre
自觉	zi:jue	adj.	conscient
药	yao	n.	médicament
其他的	qi:ta:de	adj.	autre
来电	lai:dian	n.	appel entrant
承	cheng	v.	assumer
承	cheng	v.	recevoir
付款	fu:kuan	v.	payer
案	an	n.	affaire
商品名称	shang:pin:ming:cheng	n.	nom du produit
侵权行为	qin:quan:xing:wei	n.	acte contrefaisant
减肥	jian:fei	v.	maigrir
一次性	yi:ci:xing	adj.	jetable
友情	you:qing	n.	amitié
狼	lang	n.	loup
对面	dui:mian	n.	en face
开关	kai:guan	n.	interrupteur
专	zhuan	adj.	spécial
大于	da:yu	v.	supérieur à
便宜	pian:yi	adj.	pas cher
便宜	pian:yi	n.	avantage
诺基亚	nuo:ji:ya	n.	Nokia
选手	xuan:shou	n.	concurrent
新技术	xin:ji:shu	n.	nouvelle technologie
零部件	ling:bu:jian	n.	pièces détachées
偷	tou	v.	voler
四是	si:shi	v.	quatrièmement, c'est
扶持	fu:chi	v.	soutenir
告诉我	gao:su:wo	v.	me dire
景观	jing:guan	n.	paysage
画	hua	v.	dessiner
画	hua	n.	tableau
过于	guo:yu	adv.	trop
管理工作	guan:li:gong:zuo	n.	travail de gestion
零售	ling:shou	n.	vente au détail
社会发展	she:hui:fa:zhan	n.	développement social
相当于	xiang:dang:yu	v.	être équivalent à
产品质量	chan:pin:zhi:liang	n.	qualité des produits
中介	zhong:jie	n.	intermédiaire
茶叶	cha:ye	n.	feuille de thé
辅导	fu:dao	v.	donner des cours particuliers
保健	bao:jian	n.	protection de la santé
记载	ji:zai	v.	consigner
记载	ji:zai	n.	inscription
吴	wu	n.	Wu (nom)
代理商	dai:li:shang	n.	agent
如同	ru:tong	v.	comme
数组	shu:zu	n.	tableau
原始	yuan:shi	adj.	primitif
董事会	dong:shi:hui	n.	conseil d'administration
被告	bei:gao	n.	accusé
四川省	si:chuan:sheng	n.	province du Sichuan
同学们	tong:xue:men	n.	camarades de classe
当初	dang:chu	n.	au début
制品	zhi:pin	n.	produit
赚钱	zhuan:qian	v.	gagner de l'argent
进去	jin:qu	v.	entrer
指令	zhi:ling	n.	instruction
回去	hui:qu	v.	rentrer
外语	wai:yu	n.	langue étrangère
看起来	kan:qi:lai	v.	sembler
店	dian	n.	boutique
饮料	yin:liao	n.	boisson
用地	yong:di	n.	terrain
福州	fu:zhou	n.	Fuzhou
好处	hao:chu	n.	avantage
弹	dan	v.	rebondir
弹	tan	v.	jouer
反馈	fan:kui	n.	retour d'information
故意	gu:yi	adv.	exprès
行使	xing:shi	v.	exercer
月底	yue:di	n.	fin du mois
犯罪	fan:zui	v.	commettre un crime
战士	zhan:shi	n.	soldat
婴儿	ying:er	n.	bébé
人工	ren:gong	n.	artificiel
后果	hou:guo	n.	conséquence
护理	hu:li	v.	soigner
电站	dian:zhan	n.	centrale
冲击	chong:ji	n.	impact
官员	guan:yuan	n.	functionnaire
奇怪	qi:guai	adj.	étrange
担保	dan:bao	v.	garantir
大多	da:duo	adv.	majoritairement
脂肪	zhi:fang	n.	graisse
食	shi	v.	manger
队员	dui:yuan	n.	membre de l'équipe
身高	shen:gao	n.	taille
欲	yu	v.	désirer
传说	chuan:shuo	n.	légende
大哥	da:ge	n.	frère aîné
标准化	biao:zhun:hua	n.	normalisation
激烈	ji:lie	adj.	vif
自主	zi:zhu	adj.	autonome
延长	yan:chang	v.	prolonger
扫描	sao:miao	v.	numériser
抬	tai	v.	lever
学费	xue:fei	n.	frais de scolarité
最初	zui:chu	adv.	d'abord
自信	zi:xin	n.	confiance en soi
年轻人	nian:qing:ren	n.	jeune
开设	kai:she	v.	ouvrir
游览	you:lan	v.	visiter
标	biao	v.	marquer
秋	qiu	n.	automne
身份证	shen:fen:zheng	n.	carte d'identité
厉	li	adj.	sévère
厉	li	adj.	violent
国家级	guo:jia:ji	adj.	national
站内	zhan:nei	n.	sur le site
良	liang	adj.	bon
良	liang	n.	ferté
评选	ping:xuan	v.	sélectionner
际	ji	n.	bord
际	ji	n.	entre
公司名称	gong:si:ming:cheng	n.	raison sociale
住宿	zhu:su	v.	loger
住宿	zhu:su	n.	hébergement
状	zhuang	adj.	en forme de
状	zhuang	n.	état
城区	cheng:qu	n.	quartier urbain
广播	guang:bo	v.	diffuser
广播	guang:bo	n.	diffusion
证券市场	zheng:quan:shi:chang	n.	marché des valeurs
愿望	yuan:wang	n.	souhait
想象	xiang:xiang	v.	imaginer
想象	xiang:xiang	n.	imagination
船舶	chuan:bo	n.	navire
或者其他	huo:zhe:qi:ta	conj.	ou autre
烦	fan	adj.	agacé
烦	fan	adj.	pénible
买卖	mai:mai	n.	commerce
买卖	mai:mai	n.	affaire
午	wu	n.	midi
瞬间	shun:jian	n.	instant
天津市	tian:jin:shi	n.	Tianjin
三级	san:ji	n.	niveau trois
是的	shi:de	adj.	oui
顺序	shun:xu	n.	ordre
穿着	chuan:zhe	v.	porter
穿着	chuan:zhuo	n.	tenue
第一章	di:yi:zhang	n.	chapitre un
向上	xiang:shang	v.	monter
向上	xiang:shang	adv.	vers le haut
有机	you:ji	adj.	organique
示范	shi:fan	v.	démontrer
示范	shi:fan	n.	démonstration
到位	dao:wei	v.	être en place
也不会	ye:bu:hui	conj.	ni
授予	shou:yu	v.	décerner
摆	bai	v.	place\n
摆	bai	v.	osciller
获得了	huo:de:le	v.	obtenir
课件	ke:jian	n.	support de cours
信息技术	xin:xi:ji:shu	n.	technologies de l'information
营业执照	ying:ye:zhi:zhao	n.	licence commerciale
家人	jia:ren	n.	famille
季节	ji:jie	n.	saison
最早	zui:zao	adv.	le plus tôt
本周	ben:zhou	n.	cette semaine
演唱	yan:chang	v.	chanter
引擎	yin:qing	n.	moteur
贵宾	gui:bin	n.	invité d'honneur
人事	ren:shi	n.	personnel
大幅	da:fu	adv.	considérablement
餐饮	can:yin	n.	restauration
破解	po:jie	v.	déchiffrer
体现了	ti:xian:le	v.	incarner
内地	nei:di	n.	l'intérieur
内地	nei:di	n.	l'intérieur (Chine)
那就是	na:jiu:shi	conj.	c'est-à-dire
危机	wei:ji	n.	crise
主要有	zhu:yao:you	v.	inclure principalement
河南省	he:nan:sheng	n.	province du Henan
达成	da:cheng	v.	atteindre
地板	di:ban	n.	plancher
戏	xi	n.	pièce
证实	zheng:shi	v.	confirmer
十一	shi:yi	num.	11
方	fang	n.	carré
贵州	gui:zhou	n.	Guizhou
年中	nian:zhong	n.	mi-année
国有	guo:you	adj.	d'État
前进	qian:jin	v.	avancer
列入	lie:ru	v.	inscrire
桌	zhuo	n.	table
陶瓷	tao:ci	n.	céramique
点心	dian:xin	n.	bouchée
点心	dian:xin	n.	collation
干净	gan:jing	adj.	propre
船	chuan	n.	bateau
东北	dong:bei	n.	nord-est
宪法	xian:fa	n.	constitution
青春	qing:chun	n.	jeunesse
涂料	tu:liao	n.	peinture
短	duan	adj.	court
人均	ren:jun	n.	par habitant
违约	wei:yue	n.	violation
拿出	na:chu	v.	sortir
百姓	bai:xing	n.	gens du peuple
若干	ruo:gan	num.	plusieurs
恐怕	kong:pa	adv.	certainement
恐怕	kong:pa	v.	craindre
进来	jin:lai	v.	entrer
行政法规	xing:zheng:fa:gui	n.	règlements administratifs
南方	nan:fang	n.	sud
免费版	mian:fei:ban	n.	version gratuite
十五	shi:wu	num.	15
常规	chang:gui	n.	routine
博物馆	bo:wu:guan	n.	musée
村	cun	n.	village
超越	chao:yue	v.	dépasser
初级	chu:ji	adj.	élémentaire
功夫	gong:fu	n.	kung-fu
功夫	gong:fu	n.	effort
一时	yi:shi	adv.	temporairement
一时	yi:shi	n.	un moment
电压	dian:ya	n.	tension
奖金	jiang:jin	n.	prime
眼神	yan:shen	n.	regard
中小学	zhong:xiao:xue	n.	écoles primaires et secondaires
变动	bian:dong	v.	changer
变动	bian:dong	n.	changement
驾驶	jia:shi	v.	conduire
划分	hua:fen	v.	diviser
划分	hua:fen	n.	division
据说	ju:shuo	v.	paraît-il
据说	ju:shuo	adv.	prétendument
江湖	jiang:hu	n.	le milieu
鸡蛋	ji:dan	n.	œuf
某	mou	pron.	certain
转向	zhuan:xiang	v.	tourner
富有	fu:you	adj.	rico
出色	chu:se	adj.	remarquable
古代	gu:dai	n.	antiquité
古代	gu:dai	adj.	ancien
摸	mo	v.	toucher
哈尔滨	ha:er:bin	n.	Harbin
原价	yuan:jia	n.	prix initial
楼盘	lou:pan	n.	programme immobilier
谈判	tan:pan	v.	négocier
全程	quan:cheng	n.	tout le trajet
付	fu	v.	payer
新产品	xin:chan:pin	n.	nouveau produit
上帝	shang:di	n.	Dieu
压缩	ya:suo	v.	comprimer
干燥	gan:zao	adj.	sec
演	yan	v.	jouer
第二章	di:er:zhang	n.	chapitre deux
规	gui	n.	règle
萧	xiao	n.	Xiao (nom)
正文	zheng:wen	n.	corps du texte
实习	shi:xi	v.	faire un stage
封	feng	v.	sceller
大人	da:ren	n.	adulte
导航	dao:hang	v.	naviguer
握	wo	v.	tenir
高度重视	gao:du:zhong:shi	v.	accorder une grande importance
三十	san:shi	num.	30
不一样	bu:yi:yang	adj.	différent
彼此	bi:ci	pron.	l'un l'autre
文件夹	wen:jian:jia	n.	dossier
文物	wen:wu	n.	relique culturelle
业界	ye:jie	n.	milieu professionnel
跟着	gen:zhe	adv.	suivant
证件	zheng:jian	n.	document
田	tian	n.	champ
字符	zi:fu	n.	caractère
福建省	fu:jian:sheng	n.	province du Fujian
精力	jing:li	n.	énergie
藏	cang	v.	cacher
相关信息	xiang:guan:xin:xi	n.	informations connexes
名义	ming:yi	n.	nom
场地	chang:di	n.	emplacement
抑制	yi:zhi	v.	supprimer
指挥	zhi:hui	v.	diriger
指挥	zhi:hui	n.	chef d'orchestre
更好	geng:hao	adj.	meilleur
境外	jing:wai	n.	étranger
建设项目	jian:she:xiang:mu	n.	projet de construction
中共	zhong:gong	n.	Parti communiste chinois
震	zhen	v.	secouer
一颗	yi:ke	num.	un (objet rond)
之内	zhi:nei	n.	dans
公主	gong:zhu	n.	princesse
混	hun	v.	mélanger
唯一的	wei:yi:de	adj.	unique
作家	zuo:jia	n.	écrivain
视觉	shi:jue	n.	vision
本质	ben:zhi	n.	essence
立法	li:fa	v.	légiférer
立法	li:fa	n.	législation
几次	ji:ci	num.	combien de fois
一堆	yi:dui	num.	un tas
城乡	cheng:xiang	n.	ville et campagne
虚	xu	adj.	faux
虚	xu	adj.	faible
前提	qian:ti	n.	prérequis
前提	qian:ti	n.	prémisse
扩张	kuo:zhang	v.	dilater
爱心	ai:xin	n.	amour
电器	dian:qi	n.	appareil électroménager
原件	yuan:jian	n.	original
原件	yuan:jian	n.	pièce d'origine
只见	zhi:jian	v.	ne voir que
马克思主义	ma:ke:si:zhu:yi	n.	marxisme
透	tou	v.	pénétrer
透	tou	adj.	transpare
饲料	si:liao	n.	Fourrage
浪费	lang:fei	v.	gaspiller
解决了	jie:jue:le	v.	résolu
妹妹	mei:mei	n.	petite sœur
客观	ke:guan	adj.	objectif
纪	ji	n.	ère
订阅	ding:yue	v.	s'abonner
总计	zong:ji	v.	totaliser
总计	zong:ji	adv.	en tout
融资	rong:zi	v.	financer
凌	ling	v.	approcher
应有	ying:you	v.	du avoir
基础设施	ji:chu:she:shi	n.	infrastructure
影视	ying:shi	n.	cinéma et télévision
硕士	shuo:shi	n.	master
没什么	mei:shen:me	pron.	rien de spécial
友情链接	you:qing:lian:jie	n.	lien amical
组建	zu:jian	v.	fonder
应聘	ying:pin	v.	postuler
拾取	shi:qu	v.	ramasser
团购	tuan:gou	v.	achat groupé
休	xiu	v.	se reposer
嘛	ma	part.	indiquant l'évidence
打印机	da:yin:ji	n.	imprimante
管道	guan:dao	n.	pipeline
潜在	qian:zai	adj.	potentiel
介绍了	jie:shao:le	v.	présenté
定位器	ding:wei:qi	n.	localisateur
大道	da:dao	n.	boulevard
大道	da:dao	n.	la Grande Voie
路径	lu:jing	n.	chemin
感动	gan:dong	v.	être ému
感动	gan:dong	n.	émotion
肌肉	ji:rou	n.	muscle
赶紧	gan:jin	adv.	vite
小心	xiao:xin	adj.	prudent
合成	he:cheng	v.	synthétiser
梅	mei	n.	prune
体力	ti:li	n.	force physique
如图	ru:tu	v.	comme sur la figure
储存	chu:cun	v.	stocker
食材	shi:cai	n.	ingrédient
一众	yi:zhong	num.	un groupe
透明	tou:ming	adj.	transparent
携带	xie:dai	v.	transporter
党组织	dang:zu:zhi	n.	organisation du parti
舞台	wu:tai	n.	scène
石头	shi:tou	n.	pierre
你好	ni:hao	int.	bonjour
紫	zi	adj.	violet
黑暗	hei:an	n.	ténèbres
歌	ge	n.	chanson
建筑面积	jian:zhu:mian:ji	n.	surface construite
临	lin	v.	approcher
临	lin	v.	faire face
补偿	bu:chang	v.	compenser
补偿	bu:chang	n.	indemnité
用了	yong:le	part.	utilisé
旅行	lv:xing	v.	voyager
旅行	lv:xing	n.	voyage
果然	guo:ran	adv.	effectivement
影响力	ying:xiang:li	n.	influence
组件	zu:jian	n.	composant
管理部门	guan:li:bu:men	n.	service de gestion
模板	mu:ban	n.	gabarit
毒	du	n.	poison
毒	du	adj.	vénéneux
家中	jia:zhong	n.	maison
既是	ji:shi	conj.	puisque
载入	zai:ru	v.	charger
疼痛	teng:tong	n.	douleur
精英	jing:ying	n.	élite
足球	zu:qiu	n.	football
舒适	shu:shi	adj.	confortable
旅客	lv:ke	n.	voyageur
乐趣	le:qu	n.	plaisir
反正	fan:zheng	adv.	de toute façon
咸	xian	adj.	salé
写的	xie:de	adj.	écrit
无须	wu:xu	adv.	ne pas avoir besoin
进攻	jin:gong	v.	attaquer
合作伙伴	he:zuo:huo:ban	n.	partenario
防火墙	fang:huo:qiang	n.	pare-feu
合法性	he:fa:xing	n.	légalité
不论	bu:lun	conj.	quoi que
新手	xin:shou	n.	débutant
我已经	wo:yi:jing	pron.	j'ai déjà
宗	zong	n.	secte
单一	dan:yi	adj.	unique
播放器	bo:fang:qi	n.	lecteur
要想	yao:xiang	v.	vouloir
著	zhu	v.	écrire
著	zhu	adj.	remarquable
而来	er:lai	v.	venir
索	suo	n.	corde
索	suo	v.	chercher
等人	deng:ren	v.	attendre quelqu'un
行程	xing:cheng	n.	itinéraire
简体中文	jian:ti:zhong:wen	n.	chinois simplifié
北方	bei:fang	n.	nord
解决问题	jie:jue:wen:ti	v.	résoudre des problèmes
安徽省	an:hui:sheng	n.	province d'Anhui
第二个	di:er:ge	num.	le deuxième
人次	ren:ci	mw.	visite-personne
语音	yu:yin	n.	voix
依托	yi:tuo	v.	s'appuyer sur
客户端	ke:hu:duan	n.	client
办事	ban:shi	v.	s'occuper d'affaires
印	yin	n.	sceau
印	yin	v.	imprimer
主演	zhu:yan	n.	premier rôle
主演	zhu:yan	v.	jouer le premier rôle
寻	xun	v.	chercher
账户	zhang:hu	n.	compte
图标	tu:biao	n.	icône
最快	zui:kuai	adj.	le plus rapide
湖	hu	n.	lac
地理	di:li	n.	géographie
劲	jin	n.	force
劲	jin	n.	énergie
爱好者	ai:hao:zhe	n.	passionné
物业管理	wu:ye:guan:li	n.	gestion immobilière
运营商	yun:ying:shang	n.	opérateur
烦恼	fan:nao	adj.	préoccupé
烦恼	fan:nao	n.	souci
中午	zhong:wu	n.	midi
拿到	na:dao	v.	obtenir
名为	ming:wei	v.	s'appeler
奥迪	ao:di	n.	Audi
编程	bian:cheng	v.	programmer
编程	bian:cheng	n.	programmation
老大	lao:da	n.	chef
老大	lao:da	n.	aîné
固定资产	gu:ding:zi:chan	n.	immobilisations
编码	bian:ma	n.	code
编码	bian:ma	v.	coder
血液	xue:ye	n.	sang
职	zhi	n.	job
技	ji	n.	technique
解答	jie:da	v.	répondre
解答	jie:da	n.	réponse
全球化	quan:qiu:hua	n.	mondialisation
恨	hen	v.	haïr
婆	po	n.	vieille femme
冬季	dong:ji	n.	hiver
序号	xu:hao	n.	numéro d'ordre
电路	dian:lu	n.	circuit
早就	zao:jiu	adv.	longtemps
远程	yuan:cheng	adj.	à distance
高层	gao:ceng	n.	haut niveau
高层	gao:ceng	n.	direction
从中	cong:zhong	adv.	de là
辅助	fu:zhu	v.	aider
火锅	huo:guo	n.	fondue chinoise
服用	fu:yong	v.	prendre
杰	jie	adj.	exceptionnel
五个	wu:ge	num.	5
部长	bu:zhang	n.	ministre
减轻	jian:qing	v.	alléger
减轻	jian:qing	v.	soulager
手动	shou:dong	adj.	manuel
集团公司	ji:tuan:gong:si	n.	groupe d'entreprises
江南	jiang:nan	n.	Jiangnan
面板	mian:ban	n.	panneau
第三章	di:san:zhang	n.	chapitre 3
一股	yi:gu	mw.	un flot
不愿	bu:yuan	v.	ne pas vouloir
放松	fang:song	v.	détendre
缺点	que:dian	n.	défaut
意外	yi:wai	adj.	inattendu
舞蹈	wu:dao	n.	danse
安置	an:zhi	v.	installer
整改	zheng:gai	v.	rectifier
球队	qiu:dui	n.	équipe
似的	shi:de	part.	comme (particule)
相似	xiang:si	adj.	semblable
羽	yu	n.	plume
场景	chang:jing	n.	scène
修订	xiu:ding	v.	réviser
修订	xiu:ding	n.	révision
制动	zhi:dong	n.	freinage
科学技术	ke:xue:ji:shu	n.	science et technologie
一定会	yi:ding:hui	adv.	srement
咱	zan	pron.	nous
简称	jian:cheng	n.	abréviation
便于	bian:yu	v.	faciliter
球员	qiu:yuan	n.	joueur
为何	wei:he	adv.	pourquoi
客户服务	ke:hu:fu:wu	n.	service client
开拓	kai:tuo	v.	défricher
素	su	adj.	simple
间接	jian:jie	adj.	indirect
善于	shan:yu	v.	être bon à
凡	fan	adv.	tout
较多	jiao:duo	adj.	relativement nombreux
最小	zui:xiao	adj.	minimum
录音	lu:yin	v.	enregistrer
偶尔	ou:er	adv.	occasionnellement
搞好	gao:hao	v.	bien faire
飘	piao	v.	flotter
差别	cha:bie	n.	diffrence
深度	shen:du	n.	profondeur
市盈率	shi:ying:lv	n.	coefficient bnficiaire
年内	nian:nei	n.	dans l'anne
女孩子	nv:hai:zi	n.	fille
解除	jie:chu	v.	lever
嘿	hei	int.	hey
形状	xing:zhuang	n.	forme
个别	ge:bie	adj.	individuel
知名	zhi:ming	adj.	connu
全区	quan:qu	n.	tout le district
管理局	guan:li:ju	n.	bureau d'administration
资助	zi:zhu	v.	subventionner
考虑到	kao:lv:dao	v.	prendre en compte
当作	dang:zuo	v.	considrer comme
科技有限公司	ke:ji:you:xian:gong:si	n.	société de technologie
激发	ji:fa	v.	stimuler
管理系统	guan:li:xi:tong	n.	système de gestion
呗	bei	part.	indiquant l'évidence
增大	zeng:da	v.	augmenter
笑容	xiao:rong	n.	sourire
布置	bu:zhi	v.	arranger
士兵	shi:bing	n.	soldat
推迟	tui:chi	v.	ajourner
铃声	ling:sheng	n.	sonnerie
公寓	gong:yu	n.	appartement
普	pu	adj.	universel
严格的	yan:ge:de	adj.	strict
特价	te:jia	n.	offre spéciale
效应	xiao:ying	n.	effet
别墅	bie:shu	n.	villa
干扰	gan:rao	v.	interférer
干扰	gan:rao	n.	interférence
不良	bu:liang	adj.	mauvais
男生	nan:sheng	n.	garçon
宁	ning	adv.	plutôt
均	jun	adv.	tous
上班	shang:ban	v.	aller au travail
不多	bu:duo	adj.	pas beaucoup
交往	jiao:wang	v.	fréquenter
吓	xia	v.	effrayer
全方位	quan:fang:wei	n.	tous azimuts
有一	you:yi	v.	il y en a un
报警	bao:jing	v.	alerter la police
消防	xiao:fang	n.	pompiers
家电	jia:dian	n.	électroménager
恋爱	lian:ai	n.	amour
恋爱	lian:ai	v.	être amoureux
排除	pai:chu	v.	exclure
起了	qi:le	v.	s'est levé
建筑物	jian:zhu:wu	n.	bâtiment
兽	shou	n.	bête
救援	jiu:yuan	n.	sauvetage
歌词	ge:ci	n.	paroles
敬请	jing:qing	adv.	veuillez
带领	dai:ling	v.	mener
进展	jin:zhan	n.	progrès
进展	jin:zhan	v.	progresser
夏	xia	n.	été
第二次	di:er:ci	num.	la deuxième fois
权威	quan:wei	n.	autorité
欲望	yu:wang	n.	désir
前期	qian:qi	n.	première phase
在网上	zai:wang:shang	prep.	sur internet
你有	ni:you	v.	tu as
地产	di:chan	n.	immobilier
体积	ti:ji	n.	volume
不行	bu:xing	adj.	pas bon
交给	jiao:gei	v.	donner à
左右的	zuo:you:de	adj.	approximatif
想起	xiang:qi	v.	se rappeler
同比增长	tong:bi:zeng:zhang	v.	croissance annuelle
小游戏	xiao:you:xi	n.	petit jeu
建设工程	jian:she:gong:cheng	n.	projet de construction
菩萨	pu:sa	n.	Bodhisattva
长江	chang:jiang	n.	fleuve Yangtsé
夫人	fu:ren	n.	madame
赢得	ying:de	v.	gagner
教室	jiao:shi	n.	salle de classe
读	du	v.	lire
街	jie	n.	rue
调用	diao:yong	v.	appeler
牛	niu	n.	vache
只愿	zhi:yuan	v.	souhaiter seulement
焦点	jiao:dian	n.	point focal
焦点	jiao:dian	n.	point central
记性	ji:xing	n.	mémoire
认同	ren:tong	v.	approuver
认同	ren:tong	n.	identification
仿	fang	v.	imiterieren
胸	xiong	n.	poitrine
胸	xiong	n.	cœur
同期	tong:qi	n.	même période
历史的	li:shi:de	adj.	historique
企业家	qi:ye:jia	n.	entrepreneur
浪	lang	n.	vague
浪	lang	adj.	dissipé
竞赛	jing:sai	n.	compétition
一会儿	yi:hui:er	n.	un moment
警告	jing:gao	v.	avertir
警告	jing:gao	n.	avertissement
神经	shen:jing	n.	nerve
经济效益	jing:ji:xiao:yi	n.	rendement économique
无权	wu:quan	v.	ne pas avoir le droit
总额	zong:e	n.	montant total
富	fu	adj.	riche
富	fu	adj.	abondant
期货	qi:huo	n.	contrat à terme
中药	zhong:yao	n.	médecine chinoise
重庆市	chong:qing:shi	n.	Chongqing
课堂	ke:tang	n.	salle de classe
遵循	zun:xun	v.	suivre
热爱	re:ai	v.	aimer passionnément
孤独	gu:du	adj.	solitaire
虚假	xu:jia	adj.	faux
试卷	shi:juan	n.	épreuve d'examen
虚拟	xu:ni	adj.	virtuel
区内	qu:nei	n.	dans le quartier
尚	shang	adv.	encore
尚	shang	v.	vériter
参照	can:zhao	v.	référer
夫妻	fu:qi	n.	mari et femme
毫米	hao:mi	n.	millimètre
释放	shi:fang	v.	relâcher
选举	xuan:ju	v.	élire
擅自	shan:zi	adv.	sans autorisation
又要	you:yao	adv.	encore
礼物	li:wu	n.	cadeau
老百姓	lao:bai:xing	n.	gens ordinaires
宇	yu	n.	eaves
开启	kai:qi	v.	ouvrir
增值税	zeng:zhi:shui	n.	taxe sur la valeur ajoutée
港口	gang:kou	n.	port
正如	zheng:ru	conj.	comme justement
导向	dao:xiang	n.	orientation
残疾人	can:ji:ren	n.	personne handicapée
玫瑰	mei:gui	n.	rose
索尼	suo:ni	n.	Sony
骨	gu	n.	os
服饰	fu:shi	n.	habillement
算是	suan:shi	v.	compter comme
各大	ge:da	adj.	chaque grand
智	zhi	n.	sagesse
违法行为	wei:fa:xing:wei	n.	acte illéral
个性化	ge:xing:hua	v.	personnaliser
强度	qiang:du	n.	intensité
真实的	zhen:shi:de	adj.	réel
注册用户	zhu:ce:yong:hu	n.	utilisateur inscrit
说完	shuo:wan	v.	finir de parler
知识	zhi:shi	n.	connaissance
海鲜	hai:xian	n.	fruits de mer
找不到	zhao:bu:dao	v.	ne pas trouver
撤销	che:xiao	v.	annuler
少数	shao:shu	n.	minorité
班级	ban:ji	n.	classe
较好	jiao:hao	adj.	relativement bon
让他们	rang:ta:men	v.	laisser-les
未成年人	wei:cheng:nian:ren	n.	mineur
一下子	yi:xia:zi	adv.	tout d'un coup
手册	shou:ce	n.	manuel
承办	cheng:ban	v.	entreprendre
业内	ye:nei	n.	dans le secteur
一本	yi:ben	mw.	un (volume)
机遇	ji:yu	n.	opportunité
有可能	you:ke:neng	adj.	être possible
不禁	bu:jin	adv.	sans pouvoir s'empêcher
佛教	fo:jiao	n.	bouddhisme
还可	hai:ke	adv.	peut aussi
当事	dang:shi	n.	la partie en cause
二手	er:shou	adj.	d'occasion
眼泪	yan:lei	n.	larme
纷	fen	adj.	nombreux
加油	jia:you	v.	encourager
只想	zhi:xiang	v.	vouloir seulement
航空	hang:kong	n.	aviation
请点击	qing:dian:ji	v.	veuillez cliquer
出席	chu:xi	v.	assister
纳税人	na:shui:ren	n.	contribuable
几天	ji:tian	num.	quelques jours
升	sheng	mw.	litre
文献	wen:xian	n.	littérature
下属	xia:shu	n.	subordonné
给您	gei:nin	v.	vous donner
借鉴	jie:jian	v.	s'inspirer von
广泛的	guang:fan:de	adj.	vaste
帮忙	bang:mang	v.	aider
传感器	chuan:gan:qi	n.	capteur
法律法规	fa:lv:fa:gui	n.	lois et règlements
婚	hun	n.	mariage
年初	nian:chu	n.	début de l'année
纠纷	jiu:fen	n.	different
过滤	guo:lv	v.	filtrer
早在	zao:zai	adv.	dès
搜集	sou:ji	v.	collecter
叔	shu	n.	oncle
试点	shi:dian	n.	projet pilote
办学	ban:xue	v.	gérer une école
可持续发展	ke:chi:xu:fa:zhan	n.	développement durable
所以我	suo:yi:wo	conj.	donc je
差不多	cha:bu:duo	adv.	presque
正规	zheng:gui	adj.	régulier
笑道	xiao:dao	v.	dire en riant
漫画	man:hua	n.	bande dessinée
制定	zhi:ding	v.	élaborer
制订	zhi:ding	v.	élaborer
多么	duo:me	adv.	combien
上半年	shang:ban:nian	n.	premier semestre
性感	xing:gan	adj.	sexy
局部	ju:bu	n.	partie
按摩	an:mo	v.	masser
善	shan	adj.	bon
进出口	jin:chu:kou	n.	importation-exportation
商店	shang:dian	n.	magasin
弱	ruo	adj.	faible
后者	hou:zhe	n.	ce dernier
促使	cu:shi	v.	inciter
核准	he:zhun	v.	approuver
平安	ping:an	adj.	sain et sauf
缘由	yuan:you	n.	raison
不易	bu:yi	adj.	pas facile
架	jia	mw.	classificateur pour machines
感觉到	gan:jue:dao	v.	sentir
不详	bu:xiang	adj.	confus
朋友们	peng:you:men	n.	amis
河北省	he:bei:sheng	n.	province du Hebei
兴奋	xing:fen	adj.	excité
卖	mai	v.	vendre
试图	shi:tu	v.	tenter
信息服务	xin:xi:fu:wu	n.	service d'information
袋	dai	mw.	sac
袋	dai	mw.	un sac de
网	wang	n.	filet
煤矿	mei:kuang	n.	mine de charbon
缺少	que:shao	v.	manquer
每周	mei:zhou	adv.	chaque semaine
参展	can:zhan	v.	participer à une exposition
须要	xu:yao	v.	avoir besoin de
精心	jing:xin	adv.	méticuleusement
懂得	dong:de	v.	comprendre
初期	chu:qi	n.	début
十大	shi:da	adj.	dix meilleurs
书面	shu:mian	adj.	écrit
使用者	shi:yong:zhe	n.	utilisateur
朱	zhu	n.	Zhu (nom)
手指	shou:zhi	n.	doigt
消毒	xiao:du	v.	désinfecter
纠正	jiu:zheng	v.	corriger
人人	ren:ren	pron.	tout le monde
模具	mu:ju	n.	moule
高速公路	gao:su:gong:lu	n.	autoroute
骂	ma	v.	insulter
外资	wai:zi	n.	capital étranger
企业文化	qi:ye:wen:hua	n.	culture d'entreprise
公司董事会	gong:si:dong:shi:hui	n.	conseil d'administration
雄	xiong	adj.	mâle
代替	dai:ti	v.	remplacer
整治	zheng:zhi	v.	assainir
语文	yu:wen	n.	langue chinoise
赛	sai	v.	concourir
略	lve	adv.	en bref
略	lve	v.	omettre
杯	bei	mw.	tasse
施	shi	v.	exécuter
纳税	na:shui	v.	payer des impôts
湖北省	hu:bei:sheng	n.	province du Hubei
典型	dian:xing	adj.	typique
典型	dian:xing	n.	modèle
墙	qiang	n.	mur
澳门	ao:men	n.	Macao
等到	deng:dao	conj.	jusqu'à ce que
上报	shang:bao	v.	rapporter
宇宙	yu:zhou	n.	univers
不断地	bu:duan:de	adv.	sans cesse
原告	yuan:gao	n.	demandeur
环	huan	n.	anneau
直至	zhi:zhi	prep.	jusqu'à
罪	zui	n.	crime
选购	xuan:gou	v.	choisir et acheter
寂寞	ji:mo	adj.	seul
足以	zu:yi	adv.	suffisant pour
牙	ya	n.	requirement
食品	shi:pin	n.	aliment
使得	shi:de	v.	rendre
使得	shi:de	v.	afin que
本报	ben:bao	n.	ce journal
欧美	ou:mei	n.	Europe et Amérique
主编	zhu:bian	v.	éditeur en chef
时区	shi:qu	n.	fuseau horaire
一遍	yi:bian	mw.	une fois
三人	san:ren	n.	trois personnes
助理	zhu:li	n.	assistant
得知	de:zhi	v.	apprendre
越职	yue:zhi	v.	dépasser ses fonctions
叫作	jiao:zuo	v.	s'appeler
讲座	jiang:zuo	n.	conférence
监督检查	jian:du:jian:cha	v.	superviser et inspecter
表单	biao:dan	n.	formulaire
占用	zhan:yong	v.	occuper
移民	yi:min	v.	immigrer
移民	yi:min	n.	immigrant
合同样本	he:tong:yang:ben	n.	modèle de contrat
之路	zhi:lu	n.	chemin vers
指示	zhi:shi	n.	instruction
指示	zhi:shi	v.	indiquer
葡萄酒	pu:tao:jiu	n.	vin
影像	ying:xiang	n.	image
凭借	ping:jie	prep.	au moyen de
制约	zhi:yue	v.	contraindre
没收	mo:shou	v.	confisquer
后期	hou:qi	n.	dernière phase
总裁	zong:cai	n.	president
调控	tiao:kong	v.	réguler
窗	chuang	n.	fenêtre
无比	wu:bi	adj.	incomparable
展现	zhan:xian	v.	montrer
欧盟	ou:meng	n.	Union européenne
柳	liu	n.	saule
火车	huo:che	n.	train
纪念	ji:nian	v.	commémorer
斑竹	ban:zhu	n.	bambou tacheté
销量	xiao:liang	n.	volume des ventes
说到	shuo:dao	v.	mentionner
数码相机	shu:ma:xiang:ji	n.	appareil photo numérique
厅	ting	n.	halle
搞	gao	v.	faire
行驶	xing:shi	v.	circuler
国民经济	guo:min:jing:ji	n.	économie nationale
成效	cheng:xiao	n.	effet
不变	bu:bian	adj.	inchangé
医疗机构	yi:liao:ji:gou	n.	établissement médical
不满	bu:man	adj.	mécontent
周末	zhou:mo	n.	week-end
报送	bao:song	v.	soumettre
引入	yin:ru	v.	introduire
份额	fen:e	n.	part
检索	jian:suo	v.	rechercher
端	duan	n.	bout
志愿者	zhi:yuan:zhe	n.	bénévole
出资	chu:zi	v.	financer
送到	song:dao	v.	livrer
标记	biao:ji	n.	marque
作战	zuo:zhan	v.	combatre
疑问	yi:wen	n.	question
一段时间	yi:duan:shi:jian	n.	un moment
洞	dong	n.	trou
法官	fa:guan	n.	juge
开车	kai:che	v.	conduire
一口	yi:kou	mw.	une bouchée
直径	zhi:jing	n.	diamètre
上次	shang:ci	n.	la dernière fois
板块	ban:kuai	n.	plaques (tectoniques)
准确性	zhun:que:xing	n.	exactitude
四周	si:zhou	n.	environs
适	shi	adj.	convenable
自从	zi:cong	prep.	depuis
拥	yong	v.	tenir
释	shi	v.	expliquer
都市	du:shi	n.	ville
发布人	fa:bu:ren	n.	annonceur
延伸	yan:shen	v.	étendre
再说	zai:shuo	v.	en outre
处置	chu:zhi	v.	traiter
股权	gu:quan	n.	action
门票	men:piao	n.	billet
气候	qi:hou	n.	climat
审议	shen:yi	v.	délibérer
落后	luo:hou	adj.	retardé
正好	zheng:hao	adv.	justement
洋	yang	adj.	étranger
创办	chuang:ban	v.	fonder
有车	you:che	v.	avoir une voiture
传媒	chuan:mei	n.	médias
气息	qi:xi	n.	haleine
无疑	wu:yi	adj.	sans doute
渴望	ke:wang	v.	aspérer
无锡	wu:xi	n.	Wuxi
高科技	gao:ke:ji	n.	haute technologie
肿瘤	zhong:liu	n.	tumeur
没有什么	mei:you:shen:me	v.	ne rien avoir
公正	gong:zheng	adj.	juste
养殖	yang:zhi	v.	élever
同行	tong:hang	n.	confrère
同行	tong:xing	v.	voyager ensemble
肩	jian	n.	épaule
纤维	xian:wei	n.	fibre
导游	dao:you	n.	guide
市场价格	shi:chang:jia:ge	n.	prix du marché
服务中心	fu:wu:zhong:xin	n.	centre de services
机型	ji:xing	n.	modèle
魂	hun	n.	âme
发给	fa:gei	v.	envoyer
职称	zhi:cheng	n.	titre professionnel
节日	jie:ri	n.	fête
求购	qiu:gou	v.	chercher à acheter
不锈钢	bu:xiu:gang	n.	acier inoxydable
闹	nao	v.	faire du bruit
利于	li:yu	v.	favoriser
蒙	meng	v.	couvrir
奥运	ao:yun	n.	Jeux olympiques
黑龙江	hei:long:jiang	n.	Heilongjiang
艾滋病	ai:zi:bing	n.	sida
排列	pai:lie	v.	arranger
收费标准	shou:fei:biao:zhun	n.	grille tarifaire
望着	wang:zhe	v.	regarder
正面	zheng:mian	n.	face avant
正面	zheng:mian	adj.	positif
分数	fen:shu	n.	note
高等教育	gao:deng:jiao:yu	n.	enseignement supérieur
境界	jing:jie	n.	état d'esprit
分区	fen:qu	n.	partition
缓解	huan:jie	v.	soulager
国际化	guo:ji:hua	n.	internationalisation
灯	deng	n.	lampe
锁定	suo:ding	v.	verrouiller
论坛版主	lun:tan:ban:zhu	n.	moderateur de forum
借	jie	v.	emprunter
眼中	yan:zhong	n.	aux yeux de
平米	ping:mi	n.	mètre carré
营业	ying:ye	v.	exercer un commerce
伯	bo	n.	oncle
免	mian	v.	exempter
文件大小	wen:jian:da:xiao	n.	taille de fichier
绩效	ji:xiao	n.	performance
内心	nei:xin	n.	âme
菜	cai	n.	plat
白天	bai:tian	n.	jour
验	yan	v.	vérifier
林业	lin:ye	n.	sylviculture
包子	bao:zi	n.	baozi
测	ce	v.	mesurer
凤	feng	n.	phénix
吉林	ji:lin	n.	Jilin
样品	yang:pin	n.	échantillon
计划生育	ji:hua:sheng:yu	n.	planification familiale
主要内容	zhu:yao:nei:rong	n.	contenu principal
带宽	dai:kuan	n.	largeur de bande
鱼	yu	n.	poisson
第二条	di:er:tiao	n.	article 2
事先	shi:xian	adv.	à l'avance
约束	yue:shu	v.	contraindre
高端	gao:duan	adj.	haut de gamme
数额	shu:e	n.	montant
诗人	shi:ren	n.	poète
一篇	yi:pian	mw.	un (article)
实例	shi:li	n.	exemple
器材	qi:cai	n.	équipement
春天	chun:tian	n.	printemps
依旧	yi:jiu	adv.	encore
徐	xu	n.	Xu
生动	sheng:dong	adj.	vivant
评定	ping:ding	v.	évaluer
快捷	kuai:jie	adj.	rapide
出于	chu:yu	prep.	pour
附加	fu:jia	adj.	supplémentaire
显著	xian:zhu	adj.	notable
我院	wo:yuan	n.	Notre institut
星级	xing:ji	n.	classement étoiles
借助	jie:zhu	v.	à l'aide de
决心	jue:xin	n.	détermination
地域	di:yu	n.	région
音频	yin:pin	n.	audio
型	xing	n.	type
边缘	bian:yuan	n.	bord
几种	ji:zhong	num.	plusieurs sortes
娜	na	n.	Na（prénom）
冬天	dong:tian	n.	hiver
宽度	kuan:du	n.	largeur
绿化	lv:hua	v.	verdir
在家	zai:jia	v.	être à la maison
暴	bao	adj.	violent
暴	bao	v.	exposer
气质	qi:zhi	n.	tempérament
亡	wang	v.	mourir
毫无	hao:wu	adv.	pas du tout
中国共产党	zhong:guo:gong:chan:dang	n.	Parti communiste chinois
铁树	tie:shu	n.	cycas
高兴	gao:xing	adj.	heureux
桌面	zhuo:mian	n.	bureau
部队	bu:dui	n.	troupes
税务机关	shui:wu:ji:guan	n.	administration fiscale
君	jun	n.	monsieur
孩子们	hai:zi:men	n.	les enfants
办事处	ban:shi:chu	n.	bureau
率先	shuai:xian	adv.	en premier
一周	yi:zhou	n.	une semaine
律师事务所	lv:shi:shi:wu:suo	n.	cabinet d'avocats
建造	jian:zao	v.	construire
地震	di:zhen	n.	séisme
各项工作	ge:xiang:gong:zuo	n.	tous les travaux
嫌弃	xian:qi	v.	mépriser
国有企业	guo:you:qi:ye	n.	entreprise d'État
科学家	ke:xue:jia	n.	scientifique
致使	zhi:shi	v.	provoquer
下载地址	xia:zai:di:zhi	n.	lien de téléchargement
全世界	quan:shi:jie	n.	le monde entier
发货	fa:huo	v.	expédier
大地	da:di	n.	terre terrestre
传奇	chuan:qi	n.	légende
星光	xing:guang	n.	lumière des étoiles
黄色	huang:se	n.	jaune
便利	bian:li	adj.	pratique
候选	hou:xuan	v.	être candidat
讲解	jiang:jie	v.	expliquer
木马	mu:ma	n.	cheval de Troie
认识到	ren:shi:dao	v.	se rendre compte
直销	zhi:xiao	n.	vente directe
保养	bao:yang	v.	entretenir
百分点	bai:fen:dian	n.	centième pour cent
劳动力	lao:dong:li	n.	main-d'œuvre
变革	bian:ge	v.	transformer
变革	bian:ge	n.	transformation
多元	duo:yuan	adj.	diversifié
农民工	nong:min:gong	n.	travailleur migrant
工商	gong:shang	n.	industrie et commerce
频繁	pin:fan	adj.	fréquent
商品房	shang:pin:fang	n.	logement commercial
两者	liang:zhe	pron.	les deux
维权	wei:quan	v.	défendre ses droits
信息披露	xin:xi:pi:lu	n.	divulgation d'informations
长城	chang:cheng	n.	Grande Muraille
深刻	shen:ke	adj.	profond
混乱	hun:luan	adj.	chaotique
混乱	hun:luan	n.	chaos
讨	tao	v.	demander
讨	tao	v.	discuter
没事	mei:shi	adj.	ça va
店铺	dian:pu	n.	boutique
假如	jia:ru	conj.	si
辈	bei	n.	génération
辈	bei	mw.	génération (classificateur)
适当的	shi:dang:de	adj.	approprié
内蒙古	nei:meng:gu	n.	Mongolie-Intérieure
象征	xiang:zheng	v.	symboliser
象征	xiang:zheng	n.	symbole
转化	zhuan:hua	v.	transformer
当日	dang:ri	n.	ce jour-là
分子	fen:zi	n.	molécule
分子	fen:zi	n.	membre
户外	hu:wai	n.	extérieur
户外	hu:wai	adj.	en plein air
所有权	suo:you:quan	n.	propriété
对价	dui:jia	n.	contrepartie
燃烧	ran:shao	v.	brûler
懂	dong	v.	comprendre
海淀区	hai:dian:qu	n.	district de Haidian
蛋白质	dan:bai:zhi	n.	protéine
全力	quan:li	n.	tout son effort
实物	shi:wu	n.	objet réel
夏天	xia:tian	n.	été
书法	shu:fa	n.	calligraphie
腿	tui	n.	jambe
说过	shuo:guo	v.	a dit
灭	mie	v.	éteindre
气体	qi:ti	n.	gaz
上门	shang:men	v.	rendre visite
不懂	bu:dong	v.	ne pas comprendre
妙	miao	adj.	ingénieux
发明	fa:ming	v.	inventer
发明	fa:ming	n.	invention
金融机构	jin:rong:ji:gou	n.	institution financière
继承	ji:cheng	v.	hériter
原帖	yuan:tie	n.	message original
凭证	ping:zheng	n.	justificatif
执法人员	zhi:fa:ren:yuan	n.	agent des forces de l'ordre
效	xiao	n.	effet
危	wei	adj.	dangereux
不合格	bu:he:ge	adj.	non conforme
多年来	duo:nian:lai	adv.	depuis des années
各单位	ge:dan:wei	n.	chaque unité
师生	shi:sheng	n.	enseignants et élèves
遭遇	zao:yu	v.	rencontrer
遭遇	zao:yu	n.	épreuve
优	you	adj.	excellent
盘	pan	n.	assiette
盘	pan	mw.	mlang
留学	liu:xue	v.	étudier à l'étranger
架构	jia:gou	n.	architecture
匿名	ni:ming	adj.	anonyme
万亩	wan:mu	n.	10 000 mu
丁	ding	n.	homme
丁	ding	n.	Ding
趣	qu	n.	plaisir
修正	xiu:zheng	v.	corriger
修正	xiu:zheng	n.	correction
湖南省	hu:nan:sheng	n.	province du Hunan
妖	yao	n.	démon
相反	xiang:fan	adj.	inverse
相反	xiang:fan	adv.	au contraire
随机	sui:ji	adj.	aléatoire
束	shu	mw.	bouquet
束	shu	v.	lier
透过	tou:guo	prep.	à travers
潜力	qian:li	n.	potentiel
建设部	jian:she:bu	n.	ministère de la Construction
一群	yi:qun	mw.	groupe
增多	zeng:duo	v.	augmenter
诗	shi	n.	poésie
人间	ren:jian	n.	monde humain
连锁	lian:suo	n.	chaîne
连锁	lian:suo	v.	enchaîné
难题	nan:ti	n.	problème difficile
调动	diao:dong	v.	muter
调动	diao:dong	v.	mobiliser
迎	ying	v.	accueillir
下次	xia:ci	n.	la prochaine fois
舍	she	v.	abandonner
舍	she	n.	maison
轮胎	lun:tai	n.	pneu
入住	ru:zhu	v.	arriver à l'hôtel
倡导	chang:dao	v.	prôner
大门	da:men	n.	portail
不然	bu:ran	conj.	sinon
二年	er:nian	num.	deux ans
咨询电话	zi:xun:dian:hua	n.	téléphone de renseignement
私人	si:ren	adj.	privé
同类	tong:lei	n.	pareille Art
温馨	wen:xin	adj.	chaleureux
诸多	zhu:duo	adj.	de nombreux
究	jiu	v.	étudier
物体	wu:ti	n.	objet
融入	rong:ru	v.	s'intégrer
送达	song:da	v.	livrer
明确的	ming:que:de	adj.	net
乡村	xiang:cun	n.	campagne
电流	dian:liu	n.	courant
彩	cai	n.	couleur
大街	da:jie	n.	avenue
神奇	shen:qi	adj.	magique
国语	guo:yu	n.	langue nationale
不准	bu:zhun	v.	défendre
委	wei	v.	confier
采集	cai:ji	v.	cueillir
挂	gua	v.	pendre
强制	qiang:zhi	v.	forcer
供电	gong:dian	v.	fournir de l'électricité
笔	bi	n.	stylo
笔	bi	mw.	trait
光明	guang:ming	adj.	clair
完毕	wan:bi	v.	terminer
楼层	lou:ceng	n.	étage
陆续	lu:xu	adv.	l'un après l'autre
经验值	jing:yan:zhi	n.	points d'expérience
平面	ping:mian	n.	plan
狗	gou	n.	chien
骑士	qi:shi	n.	chevalier
离婚	li:hun	v.	divorcer
发育	fa:yu	v.	se développer
可靠	ke:kao	adj.	fiable
均匀	jun:yun	adj.	uniforme
不妨	bu:fang	adv.	autant
鲜	xian	adj.	frais
抱着	bao:zhe	v.	serrer
纸	zhi	n.	papier
网友评论	wang:you:ping:lun	n.	commentaires d'internautes
第三条	di:san:tiao	num.	troisième
抗	kang	v.	résister
防御	fang:yu	v.	défendre
探	tan	v.	explorer
韩	han	n.	Corée
读取	du:qu	v.	lire
下跌	xia:die	v.	baisser
要点	yao:dian	n.	point essentiel
早餐	zao:can	n.	petit déjeuner
经营许可证	jing:ying:xu:ke:zheng	n.	licence d'exploitation
较强	jiao:qiang	adj.	relativement fort
尼	ni	n.	ni
竞争的	jing:zheng:de	adj.	compétitif
秘书	mi:shu	n.	secrétaire
控	kong	v.	contrôler
可达	ke:da	v.	pouvoir atteindre
惜	xi	v.	chérir
传来	chuan:lai	v.	parvenir
珠	zhu	n.	perle
预览	yu:lan	v.	prévisualiser
脚本	jiao:ben	n.	scénario
有一天	you:yi:tian	adv.	un jour
签证	qian:zheng	n.	visa
年后	nian:hou	n.	après le nouvel an
抽	chou	v.	tirer
周岁	zhou:sui	n.	année révolue
凡是	fan:shi	adv.	tout
世界杯	shi:jie:bei	n.	Coupe du monde
水分	shui:fen	n.	humidité
创	chuang	v.	créer
职业教育	zhi:ye:jiao:yu	n.	formation professionnelle
新年	xin:nian	n.	nouvel an
限期	xian:qi	n.	délai
归	gui	v.	rentrer
好多	hao:duo	adj.	beaucoup
此前	ci:qian	adv.	auparavant
星座	xing:zuo	n.	_constellation_
省政府	sheng:zheng:fu	n.	gouvernement provincial
多元化	duo:yuan:hua	v.	diversifier
挺	ting	adv.	assez
手法	shou:fa	n.	technique
奋	fen	adj.	ardent
解析	jie:xi	v.	analyser
西班牙	xi:ban:ya	n.	Espagne
财政部	cai:zheng:bu	n.	ministère des finances
春节	chun:jie	n.	fête du Printemps
恐惧	kong:ju	n.	peur
构成犯罪	gou:cheng:fan:zui	v.	constituer un crime
陪	pei	v.	accompagner
电梯	dian:ti	n.	ascenseur
旋转	xuan:zhuan	v.	tourner
专区	zhuan:qu	n.	zone spéciale
宽带	kuan:dai	n.	haut débit
印花税	yin:hua:shui	n.	droit de timbre
不应	bu:ying	v.	ne doit pas
功率	gong:lv	n.	puissance
大酒店	da:jiu:dian	n.	grand hôtel
从业人员	cong:ye:ren:yuan	n.	praticien
公安	gong:an	n.	sécurité publique
仅供参考	jin:gong:can:kao	v.	à titre de référence
去看	qu:kan	v.	aller voir
上课	shang:ke	v.	suivre un cours
第五条	di:wu:tiao	n.	article 5
节约	jie:yue	v.	économiser
马自达	ma:zi:da	n.	Mazda
硬	ying	adj.	dur
硬	ying	adv.	brutalement
避	bi	v.	éviter
情人	qing:ren	n.	amant
牵引	qian:yin	v.	remorquer
草原	cao:yuan	n.	prairie
医疗保险	yi:liao:bao:xian	n.	assurance maladie
等于	deng:yu	v.	être égal à
园	yuan	n.	jardin
托	tuo	v.	soutenir
托	tuo	v.	confier
智力	zhi:li	n.	intelligence
充分利用	chong:fen:li:yong	v.	exploiter pleinement
一日	yi:ri	n.	un jour
风光	feng:guang	n.	paysage
配方	pei:fang	n.	formule
配方	pei:fang	n.	recette
以此	yi:ci	prep.	par ceci
训	xun	v.	instruire
见面	jian:mian	v.	se rencontrer
签字	qian:zi	v.	signer
综合性	zong:he:xing	n.	caractère global
扭矩	niu:ju	n.	couple
第四条	di:si:tiao	n.	article quatre
钻石	zuan:shi	n.	diamant
这句话	zhe:ju:hua	n.	cette phrase
勇	yong	adj.	courageux
两天	liang:tian	n.	deux jours
防范	fang:fan	v.	prévenir
场合	chang:he	n.	occasion
替代	ti:dai	v.	remplacer
发动	fa:dong	v.	démarrer
发动	fa:dong	v.	lancer
像是	xiang:shi	v.	sembrer sein
第五章	di:wu:zhang	n.	chapitre cinq
与此同时	yu:ci:tong:shi	conj.	parallèlement
阻止	zu:zhi	v.	empêcher
确立	que:li	v.	établir
决议	jue:yi	n.	résolution
找出	zhao:chu	v.	trouver
授课	shou:ke	v.	donner un cours
接入	jie:ru	v.	accéder
稳定性	wen:ding:xing	n.	stabilité
聊	liao	v.	bavarder
轻易	qing:yi	adv.	facilement
测定	ce:ding	v.	mesurer
外贸	wai:mao	n.	commerce extérieur
奶	nai	n.	lait
有无	you:wu	n.	existence
前景	qian:jing	n.	perspectives
快递	kuai:di	n.	livraison express
专业化	zhuan:ye:hua	n.	spécialisation
一副	yi:fu	mw.	une paire de
一行	yi:hang	n.	une ligne
一行	yi:xing	n.	une ligne
一行	yi:xing	n.	un groupe
生产经营	sheng:chan:jing:ying	n.	production et gestion
放到	fang:dao	v.	mettre dans
签署	qian:shu	v.	signer
庄	zhuang	n.	village
庄	zhuang	n.	banquier
庄	zhuang	adj.	solemn
参赛	can:sai	v.	participer à une compétition
分散	fen:san	v.	disperser
分散	fen:san	adj.	dispers
奔	ben	v.	courir
奔	ben	prep.	vers
放大	fang:da	v.	agrandir
辩护	bian:hu	v.	défendre
有序	you:xu	adj.	ordonné
见过	jian:guo	v.	avoir vu
扣除	kou:chu	v.	déduire
镇	zhen	n.	ville
镇	zhen	v.	réprimer
拳	quan	n.	poing
合肥	he:fei	n.	Hefei
灯光	deng:guang	n.	éclairage
荣获	rong:huo	v.	être honoré de
分开	fen:kai	v.	séparer
耳机	er:ji	n.	écouteurs
内外	nei:wai	n.	intérieur et extérieur
丢失	diu:shi	v.	perdre
原材料	yuan:cai:liao	n.	matériaux premières
黄河	huang:he	n.	fleuve Jaune
采	cai	v.	cueillir
采	cai	v.	extraire
并未	bing:wei	adv.	pas du tout
健身	jian:shen	v.	se muscler
研	yan	v.	moudre
研	yan	v.	étudier
专项	zhuan:xiang	n.	article spécial
专项	zhuan:xiang	adj.	spécial
碰到	peng:dao	v.	heurter
碰到	peng:dao	v.	rencontrer
教练	jiao:lian	n.	entraîneur
啤酒	pi:jiu	n.	bière
友谊	you:yi	n.	amitié
料	liao	n.	matériau
料	liao	v.	s'attendre à
紧急	jin:ji	adj.	urgent
产业化	chan:ye:hua	n.	industrialisation
纽约	niu:yue	n.	New York
祖国	zu:guo	n.	patrie
对着	dui:zhe	prep.	façant
顿时	dun:shi	adv.	immédiatement
规章	gui:zhang	n.	règlement
一等奖	yi:deng:jiang	n.	premier prix
惊喜	jing:xi	n.	agréable surprise
提起	ti:qi	v.	mentionner
提起	ti:qi	v.	soulever
防护	fang:hu	n.	protection
防护	fang:hu	v.	protéger
方可	fang:ke	adv.	alors seulement
作文	zuo:wen	n.	composition
损伤	sun:shang	n.	dommage
损伤	sun:shang	v.	endommager
农药	nong:yao	n.	pesticide
亲爱的	qin:ai:de	adj.	cher
配	pei	v.	accorder
配	pei	v.	allouer
有力	you:li	adj.	puissant
生产线	sheng:chan:xian	n.	chaîne de production
耐心	nai:xin	n.	patience
耐心	nai:xin	adj.	patient
不太	bu:tai	adv.	pas très
诱惑	you:huo	n.	tentation
诱惑	you:huo	v.	tenter
介	jie	n.	coquille
介	jie	prep.	entre
我自己	wo:zi:ji	pron.	moi-même
企业管理	qi:ye:guan:li	n.	gestion d'entreprise
运行平台	yun:xing:ping:tai	n.	plateforme d'exécution
公安局	gong:an:ju	n.	bureau de la sécurité publique
存放	cun:fang	v.	ranger
有意	you:yi	adj.	intentionnel
有意	you:yi	v.	avoir l'intention
身子	shen:zi	n.	corps
第六条	di:liu:tiao	n.	article six
这份	zhe:fen	mw.	ce
进而	jin:er	conj.	puis
符号	fu:hao	n.	symbole
改革开放	gai:ge:kai:fang	n.	réforme et ouverture
部落	bu:luo	n.	tribu
尊	zun	mw.	classificateur pour statues
尊	zun	v.	respecter
答复	da:fu	v.	répondre
答复	da:fu	n.	réponse
桥梁	qiao:liang	n.	pont
民营企业	min:ying:qi:ye	n.	entreprise privée
基因	ji:yin	n.	gène
赋予	fu:yu	v.	conférer
县城	xian:cheng	n.	chef-lieu de district
应急	ying:ji	v.	faire face à l'urgence
取决于	qu:jue:yu	v.	dépendre de
承受	cheng:shou	v.	supporter
想想	xiang:xiang	v.	penser à
短期	duan:qi	n.	court terme
理财	li:cai	v.	gérer ses finances
自愿	zi:yuan	adj.	volontaire
救助	jiu:zhu	v.	secourir
液体	ye:ti	n.	liquide
奉献	feng:xian	v.	dédier
奉献	feng:xian	n.	dévouement
真诚	zhen:cheng	adj.	sincère
买家	mai:jia	n.	acheteur
安静	an:jing	adj.	calme
全局	quan:ju	n.	situation d'ensemble
剩余	sheng:yu	adj.	surplus
规范化	gui:fan:hua	v.	normaliser
主力	zhu:li	n.	force principale
动员	dong:yuan	v.	mobiliser
弹性	tan:xing	n.	élasticité
过多	guo:duo	adj.	excessif
辐射	fu:she	n.	radiation
辐射	fu:she	v.	rayonner
集中在	ji:zhong:zai	v.	se concentrer dans
中华民族	zhong:hua:min:zu	n.	nation chinoise
冒	mao	v.	émettre
冒	mao	v.	risquer
第七条	di:qi:tiao	n.	article sept
细致	xi:zhi	adj.	méticuleux
楼上	lou:shang	n.	étage supérieur
大致	da:zhi	adv.	en gros
词汇	ci:hui	n.	vocabulaire
可怜	ke:lian	adj.	pitoyable
东路	dong:lu	n.	route est
省市	sheng:shi	n.	provinces et villes
租金	zu:jin	n.	loyer
命题	ming:ti	n.	proposition
千万	qian:wan	num.	dix millions
千万	qian:wan	adv.	absolument
军	jun	n.	armée
意志	yi:zhi	n.	volonté
发起	fa:qi	v.	lancer
土壤	tu:rang	n.	sol
事宜	shi:yi	n.	affaires
电缆	dian:lan	n.	câble
外地	wai:di	n.	autres régions
聪明	cong:ming	adj.	intelligent
煤炭	mei:tan	n.	charbon
依赖	yi:lai	v.	dépendre
依赖	yi:lai	n.	dépendance
实体	shi:ti	n.	entité
用药	yong:yao	n.	prise de médicaments
路口	lu:kou	n.	carrefour
地处	di:chu	v.	être situé
总公司	zong:gong:si	n.	siège
不见	bu:jian	v.	ne pas voir
价值观	jia:zhi:guan	n.	valeurs
霸道	ba:dao	adj.	despotique
睡觉	shui:jiao	v.	dormir
激动	ji:dong	adj.	excité
激动	ji:dong	v.	exciter
行政处罚	xing:zheng:chu:fa	n.	sanction administrative
送给	song:gei	v.	offrir
身后	shen:hou	n.	après la mort
农户	nong:hu	n.	foyer agricole
谋杀	mou:sha	n.	meurtre
谋杀	mou:sha	v.	assassiner
占有	zhan:you	v.	posséder
劳动保障	lao:dong:bao:zhang	n.	protection du travail
诗歌	shi:ge	n.	poésie
南路	nan:lu	n.	route sud
克服	ke:fu	v.	surmonter
大脑	da:nao	n.	cerveau
交纳	jiao:na	v.	payer
试听	shi:ting	v.	écouter à l'essai
加载	jia:zai	v.	charger
邮寄	you:ji	v.	envoyer par poste
机身	ji:shen	n.	fuselage
小于	xiao:yu	v.	inférieur à
飞行	fei:xing	v.	voler
飞行	fei:xing	n.	vol
僵尸	jiang:shi	n.	zombie
敬	jing	v.	respecter
第八条	di:ba:tiao	num.	article huit
勇气	yong:qi	n.	courage
丹	dan	n.	cinabre
版面	ban:mian	n.	mise en page
得出	de:chu	v.	tirer
珠海	zhu:hai	n.	Zhuhai
舒	shu	adj.	confortable
舒	shu	v.	étendre
蛋	dan	n.	œuf
班主任	ban:zhu:ren	n.	professeur principal
哼	heng	int.	humph
哼	heng	onom.	ronflement
宋	song	n.	dynastie Song
停留	ting:liu	v.	rester
西路	xi:lu	n.	route ouest
信访	xin:fang	n.	pétitions administratives
艺术家	yi:shu:jia	n.	artiste
满意地	man:yi:de	adv.	satisfaitement
济	ji	v.	aider
济	ji	v.	traverser une rivière
朝阳区	chao:yang:qu	n.	quartier de Chaoyang
制定的	zhi:ding:de	adj.	établi
转身	zhuan:shen	v.	se retourner
告诉你	gao:su:ni	v.	te dire
法人	fa:ren	n.	personne morale
路由器	lu:you:qi	n.	routeur
妇	fu	n.	femme
考验	kao:yan	n.	épreuve
管理制度	guan:li:zhi:du	n.	système de gestion
半天	ban:tian	n.	demi-journée
生产力	sheng:chan:li	n.	productivité
箭	jian	n.	flèche
句	ju	n.	phrase
句	ju	mw.	classificateur de phrase
优雅	you:ya	adj.	élégant
均有	jun:you	v.	tous avoir
择	ze	v.	choisir
犯	fan	v.	commettre
与管理	yu:guan:li	prep.	avec la gestion
人格	ren:ge	n.	personnalité
人格	ren:ge	n.	charactère
生态环境	sheng:tai:huan:jing	n.	environnement écologique
遥控器	yao:kong:qi	n.	télécommande
昵称	ni:cheng	n.	surnom
欣	xin	adj.	ravi
会同	hui:tong	v.	conjointement
爱好	ai:hao	n.	passe-temps
开业	kai:ye	v.	ouvrir son commerce
拨打	bo:da	v.	composer
甲	jia	n.	premier
甲	jia	n.	coquille
欧	ou	n.	Europe
一一	yi:yi	adv.	uns à uns
第一节	di:yi:jie	n.	première section
面料	mian:liao	n.	tissu
总统	zong:tong	n.	président
幻想	huan:xiang	n.	fantasie
这样做	zhe:yang:zuo	v.	faire ainsi
课	ke	n.	leçon
心脏	xin:zang	n.	coeur
平方公里	ping:fang:gong:li	mw.	kilomètre carré
永恒	yong:heng	adj.	éternel
研究院	yan:jiu:yuan	n.	académie
服务业	fu:wu:ye	n.	secteur des services
胃	wei	n.	estomac
未婚	wei:hun	adj.	célibataire
扑	pu	v.	se jeter sur
潮流	chao:liu	n.	marée
潮流	chao:liu	n.	tendance
菲	fei	adj.	humble
有助于	you:zhu:yu	v.	aider
论证	lun:zheng	v.	démontrer
论证	lun:zheng	n.	argumentation
感受到	gan:shou:dao	v.	ressentir
第九条	di:jiu:tiao	n.	article 9
空中	kong:zhong	n.	dans les airs
注册表	zhu:ce:biao	n.	registre
一身	yi:shen	n.	tout le corps
那位	na:wei	pron.	cette personne
简直	jian:zhi	adv.	vraiment
电视剧	dian:shi:ju	n.	série télévisée
邓小平理论	deng:xiao:ping:li:lun	n.	théorie de Deng Xiaoping
燕	yan	n.	hirondelle
激光	ji:guang	n.	laser
抵触	di:chu	v.	entrer en conflit
一审	yi:shen	n.	première instance
内在	nei:zai	adj.	intérieur
交付	jiao:fu	v.	livrer
交付	jiao:fu	n.	livraison
给出	gei:chu	v.	donner
给出	gei:chu	v.	fournir
搬完	ban:wan	v.	finir de déménager
不高	bu:gao	adj.	pas grand
来源于	lai:yuan:yu	v.	provenir de
作风	zuo:feng	n.	style de travail
走势	zou:shi	n.	tendance
大事	da:shi	n.	grand événement
大事	da:shi	n.	affaire majeure
加密	jia:mi	v.	chiffrer
加密	jia:mi	n.	chiffrement
国产软件	guo:chan:ruan:jian	n.	logiciel national
曲	qu	n.	mélodie
曲	qu	n.	chanson
繁荣	fan:rong	adj.	prospère
繁荣	fan:rong	v.	prospérer
演讲	yan:jiang	v.	faire un discours
演讲	yan:jiang	n.	discours
诞生	dan:sheng	v.	naître
满意的	man:yi:de	adj.	satisfait
亏损	kui:sun	n.	perte
亏损	kui:sun	v.	subir une perte
快速发展	kuai:su:fa:zhan	v.	se développer rapidement
执业	zhi:ye	v.	exercer une profession
温泉	wen:quan	n.	source thermale
住在	zhu:zai	v.	habiter
倾向	qing:xiang	n.	tendance
倾向	qing:xiang	v.	tendre à
另有	ling:you	v.	avoir d'autre
工作者	gong:zuo:zhe	n.	travailleur
回应	hui:ying	v.	répondre
回应	hui:ying	n.	réponse
帅哥	shuai:ge	n.	beau garçon
第二节	di:er:jie	n.	deuxième partie
躲	duo	v.	se cacher
躲	duo	v.	éviter
露出	lou:chu	v.	révéler
露出	lou:chu	v.	fuir
露出	lu:chu	v.	montrer
广阔	guang:kuo	adj.	vaste
火车站	huo:che:zhan	n.	gare
除非	chu:fei	conj.	à moins que
玄	xuan	adj.	mystérieux
玄	xuan	adj.	noir
此后	ci:hou	adv.	par la suite
提倡	ti:chang	v.	préconiser
原作者	yuan:zuo:zhe	n.	auteur original
幻	huan	n.	illusion
幻	huan	adj.	illusoire
茶	cha	n.	thé
王子	wang:zi	n.	prince
刊登	kan:deng	v.	publier
太太	tai:tai	n.	épouse
太太	tai:tai	n.	Madame
新生	xin:sheng	n.	nouvel étudiant
新生	xin:sheng	adj.	nouveau-né
折	zhe	v.	plier
折	zhe	v.	casser
折	zhe	n.	remise
永久	yong:jiu	adj.	permanent
永久	yong:jiu	adv.	pour toujours
高温	gao:wen	n.	haute température
伊	yi	pron.	elle
岁月	sui:yue	n.	années
接下来	jie:xia:lai	conj.	ensuite
解压	jie:ya	v.	décompresser
武汉市	wu:han:shi	n.	Wuhan
傻	sha	adj.	stupid
姓	xing	n.	nom de famille
姓	xing	v.	s'appeler
相继	xiang:ji	adv.	successivement
这时候	zhe:shi:hou	n.	à ce moment-là
源	yuan	n.	source
洛	luo	n.	Luo
市场营销	shi:chang:ying:xiao	n.	marketing
遍	bian	mw.	fois
遍	bian	adj.	all over
劳动合同	lao:dong:he:tong	n.	contrat de travail
意向	yi:xiang	n.	intention
卫星	wei:xing	n.	satellite
网民	wang:min	n.	internaute
石家庄	shi:jia:zhuang	n.	Shijiazhuang
首届	shou:jie	adj.	première (session)
管辖	guan:xia	v.	juridiction
北路	bei:lu	n.	route nord
展览会	zhan:lan:hui	n.	exposition
学位	xue:wei	n.	degré universitaire
若是	ruo:shi	conj.	si
一对	yi:dui	num.	une paire
脑袋	nao:dai	n.	tête
题材	ti:cai	n.	sujet
全社会	quan:she:hui	n.	toute la société
节奏	jie:zou	n.	rythme
培训班	pei:xun:ban	n.	cours de formation
解放	jie:fang	v.	libérer
臣	chen	n.	sujet
弃	qi	v.	abandonner
中断	zhong:duan	v.	interrompre
宿舍	su:she	n.	dortoir
通报	tong:bao	v.	notifier
通报	tong:bao	n.	communiqué
弟子	di:zi	n.	disciple
可选	ke:xuan	adj.	facultatif
照明	zhao:ming	n.	éclairage
收录	shou:lu	v.	inclure
犹	you	adv.	encore
看出	kan:chu	v.	discerner
厦门市	xia:men:shi	n.	Xiamen
长春	chang:chun	n.	Changchun
水资源	shui:zi:yuan	n.	ressources en eau
运动员	yun:dong:yuan	n.	athlète
变量	bian:liang	n.	variable
工作地点	gong:zuo:di:dian	n.	lieu de travail
原因之一	yuan:yin:zhi:yi	n.	une des causes
获奖	huo:jiang	v.	être primé
条码	tiao:ma	n.	code-barres
占	zhan	v.	occuper
占	zhan	v.	représenter
进入了	jin:ru:le	v.	entré
有用	you:yong	adj.	utile
家乡	jia:xiang	n.	pays natal
辉煌	hui:huang	adj.	brillant
漂	piao	v.	flotter
在那里	zai:na:li	adv.	là-bas
发布者	fa:bu:zhe	n.	promulgateur
挑	tiao	v.	choisir
挑	tiao	v.	poter
暂停	zan:ting	v.	pause
暂停	zan:ting	n.	pause
辛苦	xin:ku	adj.	pénible
辛苦	xin:ku	adj.	laborieux
注册码	zhu:ce:ma	n.	code d'enregistrement
获	huo	v.	obtenir
口气	kou:qi	n.	ton
口气	kou:qi	n.	manière de parler
年间	nian:jian	n.	pendant les années
尴尬	gan:ga	adj.	gênant
农民房	nong:min:fang	n.	maison de paysan
馒头	man:tou	n.	boulette cuite à la vapeur
绿	lv	adj.	vert
饰品	shi:pin	n.	accessoire
高潮	gao:chao	n.	climax
斗争	dou:zheng	v.	lutter
斗争	dou:zheng	n.	lutte
婚礼	hun:li	n.	mariage
日记	ri:ji	n.	journal
警方	jing:fang	n.	police
峰	feng	n.	pic
多功能	duo:gong:neng	adj.	multifonction
老虎机	lao:hu:ji	n.	machine à sous
我家	wo:jia	n.	chez moi
挖掘	wa:jue	v.	excaver
挖掘	wa:jue	v.	mettre au jour
俊	jun	adj.	beau
三次	san:ci	num.	trois fois
曲线	qu:xian	n.	courbe
疯	feng	adj.	fou
法定代表人	fa:ding:dai:biao:ren	n.	représentant légal
倒是	dao:shi	adv.	en fait
适宜	shi:yi	adj.	appropriate
生理	sheng:li	n.	physiologie
展位	zhan:wei	n.	stand d'exposition
江西省	jiang:xi:sheng	n.	province du Jiangxi
不想干	bu:xiang:gan	v.	ne pas vouloir faire
列	lie	n.	rang
逾期	yu:qi	v.	être en retard
主导	zhu:dao	v.	diriger
主导	zhu:dao	adj.	dominant
演示	yan:shi	v.	démontrer
前款	qian:kuan	n.	alinéa précédent
床上	chuang:shang	n.	sur le lit
商人	shang:ren	n.	commerçant
贫困	pin:kun	adj.	pauvre
区分	qu:fen	v.	distinguer
区分	qu:fen	n.	distinction
您的位置	nin:de:wei:zhi	n.	votre position
获悉	huo:xi	v.	apprendre
杭州市	hang:zhou:shi	n.	Hangzhou
淘宝	tao:bao	n.	Taobao
志愿	zhi:yuan	n.	aspiration
志愿	zhi:yuan	v.	se porter volontaire
意识到	yi:shi:dao	v.	se rendre compte
森	sen	n.	mori
排序	pai:xu	n.	tri
排序	pai:xu	v.	trier
中山	zhong:shan	n.	Zhongshan
发达国家	fa:da:guo:jia	n.	pays développert
发达国家	fa:da:guo:jia	n.	pays développés
部件	bu:jian	n.	composant
妻	qi	n.	épouse
恋	lian	n.	amour
这只	zhe:zhi	pron.	celui-ci
回头	hui:tou	v.	se retourner
误	wu	v.	se tromper
误	wu	adj.	erroné
洽谈	qia:tan	v.	négocier
接收了	jie:shou:le	v.	reçu
第十条	di:shi:tiao	num.	article 10
较低	jiao:di	adj.	relativement bas
排行	pai:hang	n.	classement
排行	pai:hang	v.	classer
拜	bai	v.	vénérer
拜	bai	v.	render visite
伟	wei	adj.	grand
移	yi	v.	déplacer
维生素	wei:sheng:su	n.	vitamine
没人	mei:ren	pron.	personne
恐怖	kong:bu	n.	terreur
诉讼	su:song	n.	procès
主角	zhu:jue	n.	protagoniste
信仰	xin:yang	n.	foi
纳	na	v.	accepter
结合起来	jie:he:qi:lai	v.	combiner
塑造	su:zao	v.	façonner
党	dang	n.	partei
公示	gong:shi	v.	publier
光驱	guang:qu	n.	lecteur optique
远离	yuan:li	v.	s'éloigner de
罢	ba	v.	cesser
羊肉	yang:rou	n.	agneau
民警	min:jing	n.	policier
看过	kan:guo	v.	avoir vu
爱你	ai:ni	v.	t'aimer
颁布	ban:bu	v.	promulguer
投放	tou:fang	v.	lancer
腰	yao	n.	taille
巧	qiao	adj.	habile
侵害	qin:hai	v.	léser
手工	shou:gong	n.	travail manuel
孤	gu	adj.	solitaire
利息	li:xi	n.	intérêt
波动	bo:dong	v.	fluctuer
周一	zhou:yi	n.	lundi
人事部	ren:shi:bu	n.	service du personnel
软件大小	ruan:jian:da:xiao	n.	taille du logiciel
闭	bi	v.	fermer
响应	xiang:ying	v.	répondre
薪酬	xin:chou	n.	rémunération
商业银行	shang:ye:yin:hang	n.	banque commerciale
中期	zhong:qi	n.	moyen terme
风情	feng:qing	n.	charme
核实	he:shi	v.	vérifier
两国	liang:guo	n.	les deux pays
小麦	xiao:mai	n.	blé
绝大多数	jue:da:duo:shu	n.	écrasante majorité
惊讶	jing:ya	adj.	surpris
名牌	ming:pai	n.	marque
清单	qing:dan	n.	liste
各自的	ge:zi:de	pron.	propre
民众	min:zhong	n.	public
信息内容	xin:xi:nei:rong	n.	contenu de l'information
模仿	mo:fang	v.	imiter
圆	yuan	adj.	rond
圆	yuan	n.	cercle
碰	peng	v.	toucher
做事	zuo:shi	v.	faire des choses
力争	li:zheng	v.	s'efforcer
另一种	ling:yi:zhong	pron.	une autre sorte
请填写	qing:tian:xie	v.	veuillez remplir
好评	hao:ping	n.	commentaire favorable
仪式	yi:shi	n.	cérémonie
镜	jing	n.	miroir
无人	wu:ren	adj.	sans personnel
向前	xiang:qian	adv.	en avant
软	ruan	adj.	doux
优惠价	you:hui:jia	n.	prix réduit
全国各地	quan:guo:ge:di	n.	partout dans le pays
两侧	liang:ce	n.	les deux côtés
光学	guang:xue	n.	optique
扶贫	fu:pin	v.	aide aux pauvres
质量管理	zhi:liang:guan:li	n.	gestion de la qualité
期刊	qi:kan	n.	périodique
厚	hou	adj.	épais
剧情	ju:qing	n.	intrigue
款式	kuan:shi	n.	style
报刊	bao:kan	n.	presse
详细说明	xiang:xi:shuo:ming	v.	expliquer en détail
累	lei	adj.	fatigué
累	lei	v.	fatiguer
技术人员	ji:shu:ren:yuan	n.	technicien
昨	zuo	n.	hier
车主	che:zhu	n.	propriétaire de voiture
幽	you	adj.	calme
战时	zhan:shi	n.	temps de guerre
免费软件	mian:fei:ruan:jian	n.	graticiel
悲	bei	adj.	triste
供给	gong:ji	v.	fournir
缴费	jiao:fei	v.	payer des frais
竞争对手	jing:zheng:dui:shou	n.	concurrent
日后	ri:hou	n.	à l'avenir
股市	gu:shi	n.	bourse
新农村建设	xin:nong:cun:jian:she	n.	construction rurale
表彰	biao:zhang	v.	honorer
字数	zi:shu	n.	nombre de mots
短短	duan:duan	adj.	court
丈	zhang	mw.	toise
当场	dang:chang	adv.	sur place
漏洞	lou:dong	n.	faille
全职	quan:zhi	adj.	à plein temps
电机	dian:ji	n.	moteur électrique
用力	yong:li	adv.	fortement
副主席	fu:zhu:xi	n.	vice-président
门户	men:hu	n.	pporte
门户	men:hu	n.	portail
身材	shen:cai	n.	silhouette
来信	lai:xin	n.	courrier
完美的	wan:mei:de	adj.	parfait
收回	shou:hui	v.	reprendre
组长	zu:zhang	n.	chef de groupe
侵犯版权	qin:fan:ban:quan	v.	violer le droit d'auteur
桂林	gui:lin	n.	Guilin
载体	zai:ti	n.	vecteur
违规	wei:gui	v.	violer le règlement
市场占有率	shi:chang:zhan:you:lv	n.	part de marché
样式	yang:shi	n.	style
样式	yang:shi	n.	motif
生气	sheng:qi	v.	se mettre en colère
牌	pai	n.	plaque
牌	pai	n.	marque
身体健康	shen:ti:jian:kang	adj.	en bonne santé
奇迹	qi:ji	n.	miracle
大楼	da:lou	n.	bâtiment
月薪	yue:xin	n.	salaire mensuel
国王	guo:wang	n.	roi
降	jiang	v.	descendre
降	jiang	v.	réduire
降	xiang	v.	se rendre
弟弟	di:di	n.	petit frère
要么	yao:me	conj.	soit
恶意	e:yi	n.	malice
陷入	xian:ru	v.	sombrer
气象	qi:xiang	n.	météorologie
走过	zou:guo	v.	passer
颜	yan	n.	visage
立体	li:ti	adj.	tridimensionnel
劳	lao	v.	travailler
语句	yu:ju	n.	phrase
偏	pian	adv.	justement
党组	dang:zu	n.	groupe du parti
本土	ben:tu	n.	terroir
省	sheng	v.	économiser
过后	guo:hou	adv.	plus tard
糊	hu	v.	coller
馆	guan	n.	pavillon
下一步	xia:yi:bu	n.	étape suivante
控制器	kong:zhi:qi	n.	contrôleur
烧	shao	v.	brûler
身影	shen:ying	n.	silhouette
暴力	bao:li	n.	violence
谓	wei	v.	appeler
起诉	qi:su	v.	poursuivre
财	cai	n.	richesse
舰	jian	n.	navire de guerre
谈话	tan:hua	v.	parler
沙发	sha:fa	n.	canapé
花费	hua:fei	v.	dépenser
慢性	man:xing	adj.	chronique
制造商	zhi:zao:shang	n.	fabricant
时光	shi:guang	n.	temps
说出	shuo:chu	v.	dire
眼里	yan:li	n.	dans les yeux
被动	bei:dong	adj.	passif
假设	jia:she	v.	supposer
选拔	xuan:ba	v.	sélectionner
汗	han	n.	sueur
奈	nai	v.	supporter
指使	zhi:shi	v.	inciter
起点	qi:dian	n.	point de départ
操	cao	v.	tenir
贿赂	hui:lu	n.	subsornement
应付	ying:fu	v.	faire face
葡萄	pu:tao	n.	raisin
联络	lian:luo	v.	contacter
法定	fa:ding	adj.	légal
众生	zhong:sheng	n.	tous les êtres vivants
第十一条	di:shi:yi:tiao	num.	Article 11
珍惜	zhen:xi	v.	chérir
分解	fen:jie	v.	décomposer
经济学	jing:ji:xue	n.	économie
评级	ping:ji	n.	notation
主办单位	zhu:ban:dan:wei	n.	organisateur
档次	dang:ci	n.	niveau
强的	qiang:de	adj.	fort
中国企业	zhong:guo:qi:ye	n.	entreprise chinoise
虚拟主机	xu:ni:zhu:ji	n.	hébergement virtuel
周年	zhou:nian	n.	anniversaire
盲目	mang:mu	adj.	aveugle
邮政	you:zheng	n.	service postal
答应	da:ying	v.	promettre
增值	zeng:zhi	v.	prendre de la valeur
特有	te:you	adj.	particulier
版块	ban:kuai	n.	rubrique
首选	shou:xuan	n.	premier choix
幅度	fu:du	n.	ampleur
迹	ji	n.	trace
给自己	gei:zi:ji	v.	donner à soi-même
更快	geng:kuai	adv.	plus vite
现已	xian:yi	adv.	déjà déjà
不利	bu:li	adj.	défavorable
司法	si:fa	n.	justice
尸	shi	n.	cadavre
悄	qiao	adj.	silencieux
对策	dui:ce	n.	contremesure
到现在	dao:xian:zai	adv.	jusqu'à présent
到现在	dao:xian:zai	v.	arriver jusqu'à présent
西北	xi:bei	n.	nord-ouest
对付	dui:fu	v.	s'occuper de
可以让	ke:yi:rang	v.	pouvoir laisser
非洲	fei:zhou	n.	Afrique
公司简介	gong:si:jian:jie	n.	présentation de l'entreprise
受伤	shou:shang	v.	être blessé
成都市	cheng:du:shi	n.	Chengdu
一会	yi:hui	n.	un moment
通过了	tong:guo:le	v.	passé
该企业	gai:qi:ye	n.	cette entreprise
做得	zuo:de	v.	bien faire
伟大的	wei:da:de	adj.	grand
少量	shao:liang	adj.	petite quantité
古老	gu:lao	adj.	ancien
为基础	wei:ji:chu	v.	être basé sur
航空公司	hang:kong:gong:si	n.	compagnie aérienne
著作	zhu:zuo	n.	œuvre
能不能	neng:bu:neng	v.	pouvoir ou non
残	can	adj.	incomplet
缩小	suo:xiao	v.	rétrécir
严肃	yan:su	adj.	sérieux
欢乐	huan:le	adj.	joyeux
后悔	hou:hui	v.	regretter
协作	xie:zuo	v.	coopérer
不代表	bu:dai:biao	v.	ne pas représenter
尖	jian	adj.	pointu
南昌	nan:chang	n.	Nanchang
鲁	lu	n.	État de Lu
工业化	gong:ye:hua	v.	s'industrialiser
锋	feng	n.	avant-garde
专业技术	zhuan:ye:ji:shu	n.	technologie professionnelle
共享版	gong:xiang:ban	n.	version partagée
在使用	zai:shi:yong	v.	être en cours d'utilisation
大中小	da:zhong:xiao	n.	grand, moyen et petit
讲述	jiang:shu	v.	raconter
以致	yi:zhi	conj.	de sorte à
圈	quan	n.	cercle
外出	wai:chu	v.	sortir
首都	shou:du	n.	capitale
腐败	fu:bai	n.	corruption
腐败	fu:bai	adj.	corrompu
撰写	zhuan:xie	v.	rédiger
详细介绍	xiang:xi:jie:shao	n.	présentation détaillée
客房	ke:fang	n.	chambre d'hôtes
加油站	jia:you:zhan	n.	station-service
争执	zheng:zhi	n.	dispute
房地产开发	fang:di:chan:kai:fa	n.	immobilier
业余	ye:yu	adj.	amateur
业余	ye:yu	n.	loisir
按规定	an:gui:ding	prep.	selon les règles
车站	che:zhan	n.	gare
工作室	gong:zuo:shi	n.	atelier
前者	qian:zhe	n.	le premier
嘉宾	jia:bin	n.	invité d'honneur
典型的	dian:xing:de	adj.	typique
无底线	wu:di:xian	adj.	sans limite
自然的	zi:ran:de	adj.	naturell
油	you	n.	huile
入学	ru:xue	v.	s'inscrire à l'école
入学	ru:xue	n.	entrée à l'école
冲动	chong:dong	n.	impulsion
冲动	chong:dong	adj.	impulsif
怪物	guai:wu	n.	monstre
苏联	su:lian	n.	Union soviétique
不肯	bu:ken	v.	ne pas vouloir
甘肃	gan:su	n.	Gansu
项	xiang	mw.	(classificateur)
信用卡	xin:yong:ka	n.	carte de crédit
撞	zhuang	v.	heurter
瞬	shun	n.	instant
管理机构	guan:li:ji:gou	n.	organisme de gestion
日语	ri:yu	n.	japonais
统筹	tong:chou	v.	coordonner
排放	pai:fang	n.	émission
排放	pai:fang	v.	rejeter
无聊	wu:liao	adj.	ennuyeux
招商引资	zhao:shang:yin:zi	v.	attirer les investissements
龙头	long:tou	n.	tête de dragon
龙头	long:tou	n.	robinet
组委会	zu:wei:hui	n.	comité d'organisation
忆	yi	v.	se souvenir
注入	zhu:ru	v.	injecter
悄悄	qiao:qiao	adv.	en silence
部分的	bu:fen:de	adj.	partiel
盖	gai	v.	couvrir
制作的	zhi:zuo:de	adj.	fabriqué
欢迎光临	huan:ying:guang:lin	int.	bienvenue
名人	ming:ren	n.	zélèbre
帝国	di:guo	n.	empire
浓度	nong:du	n.	concentration
稿件	gao:jian	n.	manuscrit
自定义	zi:ding:yi	n.	personnalisation
自定义	zi:ding:yi	adj.	personnalisé
认知	ren:zhi	n.	cognition
认知	ren:zhi	v.	reconnaître
知名度	zhi:ming:du	n.	notoriété
网通	wang:tong	n.	China Netcom
难点	nan:dian	n.	point difficile
尤	you	adv.	surtout
股价	gu:jia	n.	cours de l'action
海拔	hai:ba	n.	altitude
码头	ma:tou	n.	quai
越来越多	yue:lai:yue:duo	adj.	de plus en plus
本单位	ben:dan:wei	n.	cette institution
资深	zi:shen	adj.	chevronné
血管	xue:guan	n.	vaisseau sanguin
厉害	li:hai	adj.	redoutable
厉害	li:hai	adj.	formidable
代价	dai:jia	n.	prix
义气	yi:qi	n.	loyauté
这么多	zhe:me:duo	pron.	autant
深受	shen:shou	adv.	profondément
徒	tu	n.	disciple
一脸	yi:lian	n.	un visage plein
头上	tou:shang	n.	sur la tête
空白	kong:bai	n.	blanc
空白	kong:bai	adj.	vide
点击次数	dian:ji:ci:shu	n.	nombre de clics
大规模	da:gui:mo	adj.	à grande échelle
此事	ci:shi	n.	cette affaire
乡	xiang	n.	campagne
乡	xiang	n.	commune
商务部	shang:wu:bu	n.	ministère du Commerce
专卖店	zhuan:mai:dian	n.	boutique spécialisée
人文	ren:wen	n.	sciences humaines
用水	yong:shui	n.	usage de l'eau
颗粒	ke:li	n.	grain
保管	bao:guan	v.	garde
保管	bao:guan	v.	garder
概	gai	adv.	en général
百年	bai:nian	n.	cent
相关文章	xiang:guan:wen:zhang	n.	article connexe
政府采购	zheng:fu:cai:gou	n.	achats publics
黑客	hei:ke	n.	hacker
钢铁	gang:tie	n.	acier
越南	yue:nan	n.	Vietnam
人民群众	ren:min:qun:zhong	n.	masses populaires
尊敬	zun:jing	v.	respecter
叫到	jiao:dao	v.	appeler
密度	mi:du	n.	densité
乐队	yue:dui	n.	groupe
户	hu	mw.	foyer
医疗器械	yi:liao:qi:xie	n.	dispositif médical
转型	zhuan:xing	n.	transformation
转型	zhuan:xing	v.	se transformer
系列产品	xi:lie:chan:pin	n.	produits de la série
追究	zhui:jiu	v.	poursuivre
棉花	mian:hua	n.	coton
变形	bian:xing	v.	se déformer
热心	re:xin	adj.	enthousiaste
点数	dian:shu	n.	nombre de points
荡	dang	v.	bercer
那边	na:bian	n.	là-bas
查阅	cha:yue	v.	consulter
地铁	di:tie	n.	métro
老子	lao:zi	n.	Lao-tseu
老子	lao:zi	pron.	moi
职权	zhi:quan	n.	pouvoirs
病情	bing:qing	n.	état du patient
一月	yi:yue	n.	janvier
素质教育	su:zhi:jiao:yu	n.	éducation qualitative
场面	chang:mian	n.	scene
迎接	ying:jie	v.	accueillir
派出所	pai:chu:suo	n.	commissariat
得多	de:duo	adv.	beaucoup
脸色	lian:se	n.	teint
正版	zheng:ban	n.	édition officielle
教育教学	jiao:yu:jiao:xue	n.	enseignement
艺	yi	n.	art
增	zeng	v.	augmenter
副本	fu:ben	n.	copie
外形	wai:xing	n.	forme
导入	dao:ru	v.	importer
大豆	da:dou	n.	soja
祖	zu	n.	ancêtre
一个个	yi:ge:ge	adv.	un à un
个人意见	ge:ren:yi:jian	n.	opinion personnelle
欧元	ou:yuan	n.	euro
利率	li:lv	n.	taux d'intérêt
汉字	han:zi	n.	caractère chinois
单词	dan:ci	n.	mot
激活	ji:huo	v.	activer
被称为	bei:cheng:wei	v.	être appelé
眼镜	yan:jing	n.	lunettes
以人为本	yi:ren:wei:ben	adj.	centré sur l'homme
你自己	ni:zi:ji	pron.	toi-même
购房	gou:fang	v.	acheter un logement
侵权	qin:quan	v.	violer un droit
困	kun	adj.	ensommeillé
困	kun	v.	être coincé
殿	dian	n.	palais
过度	guo:du	adj.	excessif
对照	dui:zhao	v.	comparer
对照	dui:zhao	n.	contraste
秘书长	mi:shu:zhang	n.	secrétaire général
迅	xun	n.	Xun
横	heng	adj.	horizontal
范	fan	n.	Fan
伙伴	huo:ban	n.	partenaire
价位	jia:wei	n.	niveau de prix
佛山	fo:shan	n.	Foshan
孔子	kong:zi	n.	Confucius
可怕	ke:pa	adj.	effrayant
奥运会	ao:yun:hui	n.	Jeux olympiques
侠客	xia:ke	n.	chevalier errant
概述	gai:shu	v.	résumer
概述	gai:shu	n.	aperçu
一代	yi:dai	n.	génération
人为	ren:wei	adj.	artificiel
说明书	shuo:ming:shu	n.	notice
回帖	hui:tie	v.	répondre à un message
回帖	hui:tie	n.	réponse
单价	dan:jia	n.	prix unitaire
遗憾	yi:han	adj.	regrettable
遗憾	yi:han	n.	regret
脱离	tuo:li	v.	se détacher
口味	kou:wei	n.	goût
耳朵	er:duo	n.	oreille
健康发展	jian:kang:fa:zhan	n.	développement sain
生育	sheng:yu	v.	mettre au monde
此刻	ci:ke	n.	ce moment
细菌	xi:jun	n.	bactérie
律	lv	n.	loi
朝鲜	chao:xian	n.	Corée du Nord
录像	lu:xiang	v.	enregistrer une vidéo
录像	lu:xiang	n.	enregistrement vidéo
高低	gao:di	n.	hauteur
高低	gao:di	adv.	d'autorité
山水	shan:shui	n.	paysage
门	men	n.	porta
门	men	mw.	matière
番	fan	mw.	fois
纪律	ji:lv	n.	discipline
只不过	zhi:bu:guo	adv.	ne... que
国有资产	guo:you:zi:chan	n.	actifs de l'État
失望	shi:wang	v.	être déçu
失望	shi:wang	n.	déception
业内人士	ye:nei:ren:shi	n.	professionnel du secteur
夜晚	ye:wan	n.	nuit
选中	xuan:zhong	v.	sélectionner
月亮	yue:liang	n.	lune
主营	zhu:ying	v.	avoir pour activité principale
遭到	zao:dao	v.	subir
第三方	di:san:fang	n.	tierce partie
辽宁省	liao:ning:sheng	n.	province du Liaoning
企	qi	v.	espérer
惨	can	adj.	tragique
限	xian	v.	limiter
限	xian	n.	limite
样板	yang:ban	n.	exemple type
沉默	chen:mo	adj.	silencieux
信念	xin:nian	n.	croyance
喝酒	he:jiu	v.	boire de l'alcool
回顾	hui:gu	v.	réexaminer
回顾	hui:gu	n.	bilan
联通	lian:tong	v.	interconnecter
教育局	jiao:yu:ju	n.	bureau de l'éducation
聚	ju	v.	se réunir
福利	fu:li	n.	bien-être
福利	fu:li	n.	avantage
含	han	v.	contenir
含	han	v.	garder en bouche
顶级	ding:ji	adj.	de premier orden
集合	ji:he	v.	se rassembler
集合	ji:he	n.	ensemble
笑点	xiao:dian	n.	blague
弹出	tan:chu	v.	apparaître
弹出	tan:chu	v.	éjecter
内衣	nei:yi	n.	sous-vêtements
户口	hu:kou	n.	enregistrement de résidence
随即	sui:ji	adv.	immédiatement
中路	zhong:lu	n.	milieu de voie
唱片	chang:pian	n.	disque
音响	yin:xiang	n.	chaîne hi-fi
高压	gao:ya	n.	haute pression
第十三条	di:shi:san:tiao	num.	article 13
考研	kao:yan	v.	passer le concours de master
自行车	zi:xing:che	n.	bicyclette
忍不住	ren:bu:zhu	v.	ne pas pouvoir s'empêcher
出国	chu:guo	v.	aller à l'étranger
经营管理	jing:ying:guan:li	n.	gestion
凭	ping	prep.	en s'appuyant auf
凭	ping	v.	s'appuyer
公交	gong:jiao	n.	transport public
摄像头	she:xiang:tou	n.	caméra
右手	you:shou	n.	main droite
姿势	zi:shi	n.	posture
户型	hu:xing	n.	plan de logement
媒介	mei:jie	n.	média
精选	jing:xuan	v.	sélectionner
精选	jing:xuan	n.	sélection
清华大学	qing:hua:da:xue	n.	université Tsinghua
网卡	wang:ka	n.	carte réseau
剧	ju	n.	drame
回复日期	hui:fu:ri:qi	n.	date de réponse
模糊	mo:hu	adj.	vague
模糊	mo:hu	v.	s'estomper
用法	yong:fa	n.	usage
许多人	xu:duo:ren	n.	beaucoup de gens
瑞士	rui:shi	n.	Suisse
视野	shi:ye	n.	champ de vision
视野	shi:ye	n.	horizon
服务热线	fu:wu:re:xian	n.	ligne d'assistance
任何一个	ren:he:yi:ge	pron.	quiconque
牺牲	xi:sheng	v.	sacrifier
牺牲	xi:sheng	n.	sacrifice
如果说	ru:guo:shuo	conj.	si l'on dit
充分的	chong:fen:de	adj.	suffisant
巴西	ba:xi	n.	Brésil
平稳	ping:wen	adj.	stable
碎	sui	adj.	cassé
碎	sui	v.	se briser
调试	tiao:shi	v.	déboguer
调试	tiao:shi	v.	régler
商品价格	shang:pin:jia:ge	n.	prix des marchandises
手上	shou:shang	n.	sur la main
爷爷	ye:ye	n.	grand-père
先锋	xian:feng	n.	pionnier
市长	shi:zhang	n.	maire
本站原创	ben:zhan:yuan:chuang	n.	contenu original du site
多大	duo:da	adj.	à quel point grand
一幅	yi:fu	num.	un (tableau)
躺	tang	v.	s'allonger
美观	mei:guan	adj.	esthétique
西南	xi:nan	n.	sud-ouest
什么呢	shen:me:ne	part.	quoi (particule)
敏感	min:gan	adj.	sensible
缘	yuan	n.	bord
笔记本电脑	bi:ji:ben:dian:nao	n.	ordinateur portable
第六章	di:liu:zhang	n.	chapitre six
色情	se:qing	n.	pornographie
天然气	tian:ran:qi	n.	gaz naturel
光线	guang:xian	n.	lumière
凉	liang	adj.	frais
网络游戏	wang:luo:you:xi	n.	jeu en ligne
阴道	yin:dao	n.	vagin
华人	hua:ren	n.	Chinois d'outre-mer
汇总	hui:zong	v.	résumer
立方米	li:fang:mi	mw.	mètre cube
联合国	lian:he:guo	n.	Nations unies
处在	chu:zai	v.	se trouver
人力	ren:li	n.	main-d'œuvre
打破	da:po	v.	casser
伟大	wei:da	adj.	grand
亲切	qin:qie	adj.	aimable
共计	gong:ji	v.	totaliser
织	zhi	v.	tisser
抢	qiang	v.	arracher
泉州	quan:zhou	n.	Quanzhou
垂直	chui:zhi	adj.	vertical
圣诞	sheng:dan	n.	Noël
犹如	you:ru	v.	être comme
预	yu	v.	pré-
加热	jia:re	v.	chauffer
太平洋	tai:ping:yang	n.	océan Pacifique
超出	chao:chu	v.	dépasser
保修	bao:xiu	v.	garantie
工程建设	gong:cheng:jian:she	n.	construction d'ingénierie
沈	shen	n.	Shen (nom)
扬州	yang:zhou	n.	Yangzhou
木材	mu:cai	n.	bois
替	ti	prep.	pour
嘴里	zui:li	n.	dans la bouche
孔	kong	n.	trou
放下	fang:xia	v.	poser
荷兰	he:lan	n.	Pays-Bas
申请表	shen:qing:biao	n.	formulaire de demande
批	pi	mw.	<Action>lot
批	pi	v.	critiquer
不喜欢	bu:xi:huan	v.	ne pas aimer
回归	hui:gui	v.	rentrer
兼容	jian:rong	adj.	compatible
社团	she:tuan	n.	association
这一切	zhe:yi:qie	pron.	tout
相结合的	xiang:jie:he:de	v.	combiné
必将	bi:jiang	adv.	sans doute
本品	ben:pin	n.	ce produit
康	kang	adj.	sain
被评为	bei:ping:wei	v.	être évalué
惑	huo	n.	confusion
吸引了	xi:yin:le	v.	attiré
目的地	mu:di:di	n.	destination
夏季	xia:ji	n.	été
电话号码	dian:hua:hao:ma	n.	numéro de téléphone
园林	yuan:lin	n.	jardin
打工	da:gong	v.	travailler
唯	wei	adv.	seulement
要比	yao:bi	v.	comparer
对她	dui:ta	prep.	à elle
这场	zhe:chang	mw.	ce
率	lv	n.	taux
年级	nian:ji	n.	degré
独家	du:jia	adj.	exclusif
纯属	chun:shu	v.	purement
会出现	hui:chu:xian	v.	apparaître
凤凰	feng:huang	n.	phénix
工作日内	gong:zuo:ri:nei	n.	dans les jours ouvrés
各方面	ge:fang:mian	n.	tous les aspects
他认为	ta:ren:wei	v.	il pense
强劲	qiang:jing	adj.	puissant
巴黎	ba:li	n.	Paris
原文	yuan:wen	n.	texte original
第十四条	di:shi:si:tiao	num.	article 14
房源	fang:yuan	n.	offre de logements
两集	liang:ji	num.	deux épisodes
人大	ren:da	n.	Assemblée populaire nationale
跑到	pao:dao	v.	courir jusqu'à
发现的	fa:xian:de	v.	découvert
惯	guan	v.	habituer
有期徒刑	you:qi:tu:xing	n.	emprisonnement à temps
决定了	jue:ding:le	v.	décidé
培养学生	pei:yang:xue:sheng	v.	former les étudiants
是想	shi:xiang	v.	avoir l'intention
将成为	jiang:cheng:wei	v.	deviendra
柠檬	ning:meng	n.	citron
补助	bu:zhu	n.	subvention
这件事	zhe:jian:shi	n.	cette affaire
博览会	bo:lan:hui	n.	exposition
为止	wei:zhi	adv.	jusqu'à
女友	nv:you	n.	petite amie
想着	xiang:zhe	v.	penser sans cesse
概括	gai:kuo	v.	résumer
调解	tiao:jie	v.	médier
月内	yue:nei	n.	dans le mois
写出	xie:chu	v.	écrire
微微	wei:wei	adv.	légèrement
封闭	feng:bi	v.	sceller
日报	ri:bao	n.	quotidien
少数民族	shao:shu:min:zu	n.	minorité ethnique
就必须	jiu:bi:xu	adv.	alors il faut
柔软	rou:ruan	adj.	souple
养成	yang:cheng	v.	cultiver
登	deng	v.	grimper
求职者	qiu:zhi:zhe	n.	chercheur d'emploi
占地	zhan:di	v.	occuper une superficie
一处	yi:chu	num.	un endroit
摩托罗拉	mo:tuo:luo:la	n.	Motorola
队长	dui:zhang	n.	capitaine
遭受	zao:shou	v.	subir
年度报告	nian:du:bao:gao	n.	rapport annuel
消灭	xiao:mie	v.	éliminer
互	hu	adv.	mutuellement
教训	jiao:xun	n.	leçon
教训	jiao:xun	v.	donner une leçon
项目管理	xiang:mu:guan:li	n.	gestion de projet
挑选	tiao:xuan	v.	choisir
显示屏	xian:shi:ping	n.	écran
风云	feng:yun	n.	vents et nuages
风云	feng:yun	n.	situation turbulente
乐园	le:yuan	n.	paradis
三等奖	san:deng:jiang	n.	troisième prix
盯	ding	v.	fixer du regard
公益	gong:yi	n.	bien public
球迷	qiu:mi	n.	supporter
并购	bing:gou	n.	fusion-acquisition
并购	bing:gou	v.	acquérir
稍	shao	adv.	légèrement
宣	xuan	v.	déclarer
唱	chang	v.	chanter
诚	cheng	adj.	sincère
隐身	yin:shen	v.	devenir invisible
注册商标	zhu:ce:shang:biao	n.	marque déposée
剩	sheng	v.	rester
刷新	shua:xin	v.	rafraîchir
咬	yao	v.	mordre
育	yu	v.	élever
最大限度	zui:da:xian:du	n.	maximum
冰箱	bing:xiang	n.	réfrigérateur
水库	shui:ku	n.	réservoir
保安	bao:an	n.	gardien
发展规划	fa:zhan:gui:hua	n.	plan de développement
诸	zhu	adj.	tous
有钱	you:qian	adj.	riche
我去	wo:qu	int.	zut !
态势	tai:shi	n.	situation
名片	ming:pian	n.	carte de visite
电动	dian:dong	adj.	électrique
公元	gong:yuan	n.	notre ère
二等奖	er:deng:jiang	n.	deuxième prix
截止	jie:zhi	v.	prendre fin
访客	fang:ke	n.	visiteur
传送	chuan:song	v.	transmettre
夫妇	fu:fu	n.	couple marié
怀孕	huai:yun	v.	être enceinte
转贴	zhuan:tie	v.	republier
到处	dao:chu	adv.	partout
香蕉	xiang:jiao	n.	banane
触	chu	v.	toucher
晨	chen	n.	matin
疼	teng	adj.	douloureux
漫	man	adj.	débordant
风采	feng:cai	n.	allure
产值	chan:zhi	n.	valeur de production
对话框	dui:hua:kuang	n.	boîte de dialogue
电气	dian:qi	n.	électricité
切换	qie:huan	v.	commuter
贯彻落实	guan:che:luo:shi	v.	mettre en œuvre
列车	lie:che	n.	train
材	cai	n.	matériau
机房	ji:fang	n.	salle des machines
靠近	kao:jin	v.	s'approcher
模样	mu:yang	n.	apparence
年版	nian:ban	n.	édition annuelle
关怀	guan:huai	v.	se soucier de
充实	chong:shi	adj.	riche
招收	zhao:shou	v.	recruter
老年	lao:nian	n.	vieillesse
补	bu	v.	réparer
私	si	adj.	privé
吐	tu	v.	vomir
长安	chang:an	n.	Chang'an
大批	da:pi	n.	quantité importante
传染病	chuan:ran:bing	n.	maladie infectieuse
纯	chun	adj.	pur
隐患	yin:huan	n.	danger caché
艾	ai	n.	armoise
疗效	liao:xiao	n.	effet thérapeutique
本期	ben:qi	n.	période en cours
北京大学	bei:jing:da:xue	n.	Université de Pékin
讲究	jiang:jiu	v.	mettre du soin à
恋人	lian:ren	n.	amant
贝	bei	n.	coquillage
香水	xiang:shui	n.	parfum
中小	zhong:xiao	adj.	moyen et petit
谷	gu	n.	vallée
不一定	bu:yi:ding	adv.	pas nécessairement
庭	ting	n.	cour
录用	lu:yong	v.	embaucher
录用	lu:yong	n.	embauche
胶囊	jiao:nang	n.	capsule
挡	dang	v.	bloquer
挡	dang	v.	repousser
分成	fen:cheng	v.	diviser
疾病的	ji:bing:de	n.	de maladie
势力	shi:li	n.	force
势力	shi:li	n.	influence
一双	yi:shuang	num.	une paire
最具	zui:ju	v.	posséder le plus
不能下载	bu:neng:xia:zai	v.	ne pas pouvoir télécharger
南北	nan:bei	n.	nord et sud
控件	kong:jian	n.	widget
控件	kong:jian	n.	contrôle
一口气	yi:kou:qi	adv.	d'un souffle
平静	ping:jing	adj.	calme
平静	ping:jing	adj.	paisible
抵达	di:da	v.	arriver
一直使用	yi:zhi:shi:yong	v.	utiliser en continu
此处	ci:chu	pron.	ici
套装	tao:zhuang	n.	ensemble
晃	huang	v.	secouer
晃	huang	v.	osciller
吉	ji	adj.	chanceux
希望大家	xi:wang:da:jia	v.	espérer que tous
写了	xie:le	v.	écrit
一直是	yi:zhi:shi	v.	a toujours été
一向	yi:xiang	adv.	toujours
乳房	ru:fang	n.	sein
网游	wang:you	n.	jeu en ligne
可靠性	ke:kao:xing	n.	fiabilité
但是在	dan:shi:zai	conj.	mais à
与社会	yu:she:hui	prep.	avec la société
我还是	wo:hai:shi	pron.	moi je
赢得了	ying:de:le	v.	gagné
建立起	jian:li:qi	v.	établir
真理	zhen:li	n.	vérité
中外	zhong:wai	n.	Chine et étranger
线条	xian:tiao	n.	ligne
线条	xian:tiao	n.	trait
睡眠	shui:mian	n.	sommeil
凌晨	ling:chen	n.	petit matin
素材	su:cai	n.	matériau
影子	ying:zi	n.	ombre
低价	di:jia	n.	prix bas
可以根据	ke:yi:gen:ju	v.	pouvoir se baser sur
大力发展	da:li:fa:zhan	v.	développer vigoureusement
分页	fen:ye	n.	pagination
分页	fen:ye	v.	paginer
要对	yao:dui	v.	doit être juste
一般来说	yi:ban:lai:shuo	adv.	en général
从小	cong:xiao	adv.	depuis l'enfance
大全	da:quan	n.	compilation
行政管理	xing:zheng:guan:li	n.	gestion administrative
销售额	xiao:shou:e	n.	chiffre d'affaires
极限	ji:xian	n.	limite
再就业	zai:jiu:ye	n.	reemploi
吹	chui	v.	souffler
吹	chui	v.	se vanter
购物车	gou:wu:che	n.	panier
康复	kang:fu	v.	guérir
平常	ping:chang	adj.	ordinaire
平常	ping:chang	adv.	habituellement
等内容	deng:nei:rong	n.	contenus etc.
欺骗	qi:pian	v.	tromper
看上去	kan:shang:qu	v.	on dirait
谨慎	jin:shen	adj.	prudent
也许是	ye:xu:shi	adv.	c'est peut-être
到我	dao:wo	v.	m'atteindre
各有	ge:you	v.	chacun avoir
社会保险	she:hui:bao:xian	n.	assurance sociale
有益	you:yi	adj.	bénéfique
蛋白	dan:bai	n.	protéine
这点	zhe:dian	pron.	ce peu
行政执法	xing:zheng:zhi:fa	n.	faire respecter la loi
特长	te:chang	n.	spécialité
家伙	jia:huo	n.	type
几十	ji:shi	num.	dizaines
一带	yi:dai	n.	quartier
快乐的	kuai:le:de	adj.	heureux
数值	shu:zhi	n.	valeur numérique
残疾	can:ji	n.	handicap
震撼	zhen:han	v.	secouer
书写	shu:xie	v.	écrire
督促	du:cu	v.	exhorter
磁盘	ci:pan	n.	disque
雅虎	ya:hu	n.	Yahoo
提示信息	ti:shi:xin:xi	n.	message d'invite
搭建	da:jian	v.	construire
防水	fang:shui	adj.	étanche
防水	fang:shui	v.	repeler l'eau
仇	chou	n.	resentsissement
凝	ning	v.	coaguler
企业名称	qi:ye:ming:cheng	n.	nom d'entreprise
天生	tian:sheng	adj.	inné
天生	tian:sheng	adv.	de nature
修理	xiu:li	v.	réparer
新版	xin:ban	n.	nouvelle édition
均衡	jun:heng	adj.	équilibré
均衡	jun:heng	n.	équilibre
着力	zhuo:li	v.	concentrer ses efforts
鼓	gu	n.	tambour
鼓	gu	v.	battre
轴承	zhou:cheng	n.	roulement
农	nong	n.	agriculture
游泳	you:yong	v.	nager
游泳	you:yong	n.	natation
进度	jin:du	n.	avancement
和尚	he:shang	n.	moine
南京市	nan:jing:shi	n.	Nankin
中原	zhong:yuan	n.	Plaines centrales
席	xi	n.	place
席	xi	mw.	mesure pour banquets
声望	sheng:wang	n.	prestige
票价	piao:jia	n.	prix du billet
这儿	zhe:er	pron.	ici
征	zheng	v.	percevoir
征	zheng	v.	partir en expédition
这家	zhe:jia	pron.	cette (boutique)
新品	xin:pin	n.	nouveau produit
帅	shuai	adj.	beau
帅	shuai	n.	commandant
名录	ming:lu	n.	annuaire
当成	dang:cheng	v.	considérer comme
取代	qu:dai	v.	remplacer
山西省	shan:xi:sheng	n.	province du Shanxi
汉语	han:yu	n.	chinois
一开始	yi:kai:shi	adv.	au début
主营产品	zhu:ying:chan:pin	n.	produits principaux
崛起	jue:qi	v.	surgir
附	fu	v.	joindre
淀粉	dian:fen	n.	amidon
行业协会	hang:ye:xie:hui	n.	association professionnelle
思念	si:nian	v.	avoir le mal de
地方政府	di:fang:zheng:fu	n.	gouvernement local
第五	di:wu	num.	cinquième
开口	kai:kou	v.	ouvrir la bouche
多万	duo:wan	num.	plus de dix mille
缺	que	v.	manquer
准则	zhun:ze	n.	norme
准则	zhun:ze	n.	directive
降价	jiang:jia	v.	baisser le prix
脚步	jiao:bu	n.	pas
杀手	sha:shou	n.	tueur
厚度	hou:du	n.	épaisseur
两岸	liang:an	n.	les deux rives
展出	zhan:chu	v.	exposer
注册资本	zhu:ce:zi:ben	n.	capital social
细腻	xi:ni	adj.	délicat
塞	sai	v.	boucher
时机	shi:ji	n.	occasion
延续	yan:xu	v.	continuer
邮局	you:ju	n.	bureau de poste
当今	dang:jin	n.	à l'heure actuelle
愤怒	fen:nu	adj.	furieux
愤怒	fen:nu	n.	colère
钥匙	yao:shi	n.	clé
豪	hao	adj.	heroïque
公式	gong:shi	n.	formule
介入	jie:ru	v.	intervenir
单身	dan:shen	n.	célibataire
武功	wu:gong	n.	exploit martial
经营范围	jing:ying:fan:wei	n.	champ d'activité
科普	ke:pu	n.	vulgarisation scientifique
不服	bu:fu	v.	refuser d'obéir
常务委员会	chang:wu:wei:yuan:hui	n.	comité permanent
税务	shui:wu	n.	fiscalité
宁夏	ning:xia	n.	Ningxia
不容易	bu:rong:yi	adj.	pas facile
一辈子	yi:bei:zi	n.	toute une vie
两名	liang:ming	mw.	deux (personnes)
奶奶	nai:nai	n.	grand-mère
用心	yong:xin	v.	être attentif
用心	yong:xin	n.	intention
对了	dui:le	int.	a propos
指导思想	zhi:dao:si:xiang	n.	idéologie directrice
隔离	ge:li	v.	isoler
清算	qing:suan	v.	liquider
本届	ben:jie	n.	actuelle
亦	yi	adv.	aussi
法师	fa:shi	n.	maître
批发价	pi:fa:jia	n.	prix de gros
不像	bu:xiang	v.	ressembler à peine
远远	yuan:yuan	adv.	loin
征求	zheng:qiu	v.	demander
变为	bian:wei	v.	venir
杜	du	n.	Du (nom)
公顷	gong:qing	mw.	hectare
华夏	hua:xia	n.	Chine (ancien)
努	nu	v.	s'efforcer
谈到	tan:dao	v.	parler de
涨幅	zhang:fu	n.	hausse
判	pan	v.	juger
省份	sheng:fen	n.	province
谋	mou	v.	ourdir
胆	dan	n.	foie
运费	yun:fei	n.	frais de port
财务管理	cai:wu:guan:li	n.	gestion financière
国际市场	guo:ji:shi:chang	n.	marché international
信息中心	xin:xi:zhong:xin	n.	centre d'information
泪水	lei:shui	n.	larmes
尘	chen	n.	poussière
途中	tu:zhong	n.	en route
成品	cheng:pin	n.	produit fini
赶快	gan:kuai	adv.	vite
看好	kan:hao	v.	être optimiste sur
扎	zha	v.	nouer
四十	si:shi	num.	quarante
研讨会	yan:tao:hui	n.	séminaire
便捷	bian:jie	adj.	pratique
对抗	dui:kang	v.	résister
工作日	gong:zuo:ri	n.	jour ouvré
任职	ren:zhi	v.	occuper un poste
同比	tong:bi	adv.	en glissement annuel
叶子	ye:zi	n.	feuille
女朋友	nv:peng:you	n.	petite amie
泡沫	pao:mo	n.	mousse
优惠政策	you:hui:zheng:ce	n.	politique préférentielle
滚	gun	v.	rouler
决赛	jue:sai	n.	finale
草案	cao:an	n.	projet
没有底	mei:you:di	v.	être incertain
行政复议	xing:zheng:fu:yi	n.	reconsidération administrative
幸运	xing:yun	adj.	chanceux
关联	guan:lian	n.	relation
详细资料	xiang:xi:zi:liao	n.	informations détaillées
不怕	bu:pa	v.	ne pas craindre
航班	hang:ban	n.	vol
酷	ku	adj.	cool
闷	men	adj.	lourde
气温	qi:wen	n.	température
迟	chi	adj.	tardiv
稳	wen	adj.	stable
翼	yi	n.	aile
中共中央	zhong:gong:zhong:yang	n.	Comité central du PCC
第一步	di:yi:bu	n.	première pas
吸引力	xi:yin:li	n.	attraction
家用	jia:yong	n.	usage domestique
赞同	zan:tong	v.	approuver
诺	nuo	v.	promettre
听力	ting:li	n.	audition
交换机	jiao:huan:ji	n.	commutateur
县委	xian:wei	n.	comité du parti du comté
乘客	cheng:ke	n.	passager
再度	zai:du	adv.	de nouveau
有望	you:wang	adj.	prometteur
闲	xian	adj.	libre
地质	di:zhi	n.	géologie
灰	hui	adj.	gris
合约	he:yue	n.	contrat
性爱	xing:ai	n.	sexualité
城市规划	cheng:shi:gui:hua	n.	urbanisme
专职	zhuan:zhi	adj.	spécialisé
相关评论	xiang:guan:ping:lun	n.	commentaires connexes
笑话	xiao:hua	n.	blague
大海	da:hai	n.	mer
大自然	da:zi:ran	n.	nature
伊拉克	yi:la:ke	n.	Irak
句子	ju:zi	n.	phrase
朵	duo	mw.	mot classificatif pour fleurs
干什么	gan:shen:me	v.	que faire
概况	gai:kuang	n.	aperçu
花卉	hua:hui	n.	fleurs
适量	shi:liang	adj.	moderation
幽默	you:mo	adj.	humour
盛	cheng	v.	remplir
盛	sheng	adj.	florissant
本报讯	ben:bao:xun	n.	dépêche de notre journal
孕妇	yun:fu	n.	femme enceinte
车子	che:zi	n.	voiture
求助	qiu:zhu	v.	demander de l'aide
冒险	mao:xian	v.	prendre un risque
穿过	chuan:guo	v.	traverser
不让	bu:rang	v.	ne pas permettre
体检	ti:jian	n.	examen médical
陕西省	shan:xi:sheng	n.	province du Shaanxi
不存在	bu:cun:zai	v.	ne pas exister
梁	liang	n.	poutre
课时	ke:shi	n.	heure de cours
新华网	xin:hua:wang	n.	Xinhuanet
光芒	guang:mang	n.	éclat
算法	suan:fa	n.	algorithme
实质	shi:zhi	n.	essence
大胆	da:dan	adj.	audacieux
疲劳	pi:lao	adj.	fatigué
指向	zhi:xiang	v.	pointer
晶	jing	n.	cristal
开户	kai:hu	v.	ouvrir un compte
发射	fa:she	v.	lancer
盯着	ding:zhe	v.	fixer du regard
裁决	cai:jue	n.	décision
裁决	cai:jue	v.	trancher
餐	can	n.	repas
痕迹	hen:ji	n.	trace
网友观点	wang:you:guan:dian	n.	opinion des internautes
过分	guo:fen	adj.	excessif
从未	cong:wei	adv.	Jamais
反思	fan:si	v.	réfléchir
稍微	shao:wei	adv.	légèrement
二手房	er:shou:fang	n.	maison d'occasion
保全	bao:quan	v.	préserver
使命	shi:ming	n.	mission
一位	yi:wei	mw.	une (personne)
副书记	fu:shu:ji	n.	secrétaire adjoint
电台	dian:tai	n.	station de radio
华丽	hua:li	adj.	magnifique
学分	xue:fen	n.	crédit
出门	chu:men	v.	sortir
电子邮箱	dian:zi:you:xiang	n.	adresse électronique
年限	nian:xian	n.	durée
停车	ting:che	v.	se garer
海上	hai:shang	n.	en mer
立足	li:zu	v.	s'appuyer
义务教育	yi:wu:jiao:yu	n.	enseignement obligatoire
注意到	zhu:yi:dao	v.	remarquer
抱怨	bao:yuan	v.	se plaindre
点映	dian:ying	n.	avant-première
益达	yi:da	n.	Extra
聘请	pin:qing	v.	engager
事后	shi:hou	adv.	après coup
爆	bao	v.	exploser
请勿	qing:wu	adv.	veuillez ne pas
随之	sui:zhi	adv.	par conséquent
首批	shou:pi	n.	premier lot
小雨	xiao:yu	n.	petite pluie
小雨	xiao:yu	n.	Xiaoyu
性价比	xing:jia:bi	n.	rapport qualité-prix
付款方式	fu:kuan:fang:shi	n.	mode de paiement
强势	qiang:shi	adj.	dominant
强势	qiang:shi	adj.	puissant
伦	lun	n.	bonté humaine
家属	jia:shu	n.	membre de la famille
云南省	yun:nan:sheng	n.	province du Yunnan
正义	zheng:yi	n.	justice
娇	jiao	adj.	fragile
娇	jiao	adj.	gâté
裁定	cai:ding	v.	statuer
裁定	cai:ding	n.	décision
班子	ban:zi	n.	équipe
南宁	nan:ning	n.	Nanning
辖区	xia:qu	n.	juridiction
东部	dong:bu	n.	partie est
取出	qu:chu	v.	retirer
珍珠	zhen:zhu	n.	perle
退休	tui:xiu	v.	retraite
数目	shu:mu	n.	nombre
侧	ce	n.	côté
侧	ce	v.	s'incliner
称之为	cheng:zhi:wei	v.	l'appeler
炒几个菜	chao:ji:ge:cai	v.	faire sauter quelques plats
第十六条	di:shi:liu:tiao	n.	article 16
仅供	jin:gong	v.	réservé à
修建	xiu:jian	v.	construire
告诉我们	gao:su:wo:men	v.	nous dire
星星	xing:xing	n.	étoile
后台	hou:tai	n.	arrière-plan
后台	hou:tai	n.	coulisses
一类	yi:lei	n.	une catégorie
出版日期	chu:ban:ri:qi	n.	date de publication
沿着	yan:zhe	prep.	le long de
一体化	yi:ti:hua	n.	intégration
愣	leng	v.	stupéfait
高尔夫	gao:er:fu	n.	golf
军人	jun:ren	n.	militaire
极大	ji:da	adj.	énorme
水质	shui:zhi	n.	qualité de l'eau
按键	an:jian	n.	touche
节点	jie:dian	n.	nœud
朝阳	chao:yang	n.	soleil matinal
朝阳	chao:yang	n.	Chaoyang
朝阳	zhao:yang	n.	Zhaoyang
发病	fa:bing	v.	tomber malade
长时间	chang:shi:jian	n.	longue durée
阴茎	yin:jing	n.	pénis
加盖	jia:gai	v.	tamponner
鼻	bi	n.	nez
会长	hui:zhang	n.	président
力求	li:qiu	v.	s'efforcer de
还真	hai:zhen	adv.	vraiment
听取	ting:qu	v.	écouter
商贸	shang:mao	n.	commerce
责任制	ze:ren:zhi	n.	système de responsabilité
仅有	jin:you	v.	n'avoir que
安慰	an:wei	v.	consoler
安慰	an:wei	n.	consolation
三个月	san:ge:yue	n.	trois mois
在市场	zai:shi:chang	n.	au marché
奋斗	fen:dou	v.	lutter
进一步加强	jin:yi:bu:jia:qiang	v.	renforcer davantage
捐赠	juan:zeng	v.	donner
扎实	zha:shi	adv.	solidement
北京的	bei:jing:de	n.	de Pékin
比如说	bi:ru:shuo	conj.	par exemple
企事业单位	qi:shi:ye:dan:wei	n.	entreprises et institutions
驾驶员	jia:shi:yuan	n.	conducteur
直线	zhi:xian	n.	ligne droite
亮点	liang:dian	n.	point fort
轮	lun	mw.	tour
独自	du:zi	adv.	seul
我所	wo:suo	n.	notre institut
昏	hun	adj.	étourdi
要让	yao:rang	v.	vouloir laisser
实务	shi:wu	n.	travaux pratiques
抖	dou	v.	trembler
这些问题	zhe:xie:wen:ti	n.	ces problèmes
在哪里	zai:na:li	pron.	où
软件语言	ruan:jian:yu:yan	n.	logiciel de langue
性生活	xing:sheng:huo	n.	vie sexuelle
壮大	zhuang:da	v.	se renforcer
她不	ta:bu	n.	elle ne... pas
卖家	mai:jia	n.	vendeur
不成	bu:cheng	v.	ne pas réussir
人才市场	ren:cai:shi:chang	n.	marché de l'emploi
届时	jie:shi	adv.	à ce moment-là
陷	xian	v.	s'ensabler
敏	min	adj.	rapide
贴图	tie:tu	n.	image publiée
词	ci	n.	mot
然后再	ran:hou:zai	conj.	puis ensuite
元件	yuan:jian	n.	composant
国家规定	guo:jia:gui:ding	n.	règlements d'État
车间	che:jian	n.	atelier
聚会	ju:hui	n.	rassemblement
慌	huang	adj.	affolé
书中	shu:zhong	n.	dans le livre
要不	yao:bu	conj.	sinon
住院	zhu:yuan	v.	être hospitalisé
我用	wo:yong	n.	j'utilise
世间	shi:jian	n.	le monde
身心	shen:xin	n.	corps et esprit
阻碍	zu:ai	v.	entraver
留下了	liu:xia:le	v.	a laissé
社会各界	she:hui:ge:jie	n.	tous les milieux sociaux
本合同	ben:he:tong	n.	le présent contrat
笔试	bi:shi	n.	examen écrit
可使	ke:shi	v.	pouvoir faire
当然是	dang:ran:shi	adv.	bien sûr
人民代表大会	ren:min:dai:biao:da:hui	n.	Assemblée populaire
第一时间	di:yi:shi:jian	n.	immédiatement
最后更新	zui:hou:geng:xin	n.	dernière mise à jour
大幅度	da:fu:du	adv.	considérablement
高峰	gao:feng	n.	pic
混凝土	hun:ning:tu	n.	béton
新世纪	xin:shi:ji	n.	nouveau siècle
还好	hai:hao	adv.	heureusement
周六	zhou:liu	n.	samedi
核定	he:ding	v.	vérifier et approuver
卫生部	wei:sheng:bu	n.	ministère de la Santé
失效	shi:xiao	v.	devenir invalide
弥补	mi:bu	v.	compenser
不允许	bu:yun:xu	v.	ne pas permettre
洛阳	luo:yang	n.	Luoyang
天才	tian:cai	n.	génie
愤	fen	adj.	indigné
燃料	ran:liao	n.	combustible
下车	xia:che	v.	descendre
防火	fang:huo	v.	ignifuge
高新技术	gao:xin:ji:shu	n.	haute technologie
大奖	da:jiang	n.	grand prix
做成	zuo:cheng	v.	fabriquer
怜	lian	v.	plaindre
罢了	ba:le	part.	c'est tout
罢了	ba:liao	part.	c'est tout
颤	chan	v.	trembler
过渡	guo:du	v.	transiter
杀人	sha:ren	v.	tuer
涉案	she:an	v.	impliqué dans une affaire
被保险人	bei:bao:xian:ren	n.	assuré
振兴	zhen:xing	v.	revitaliser
看不到	kan:bu:dao	v.	ne pas voir
赶到	gan:dao	v.	arriver en hâte
郁闷	yu:men	adj.	déprimé
寿命	shou:ming	n.	durée de vie
缓慢	huan:man	adj.	lent
试行	shi:xing	v.	mettre à l'essai
而非	er:fei	conj.	plutôt que
阶	jie	n.	gradué
信息系统	xin:xi:xi:tong	n.	système d'information
周五	zhou:wu	n.	vendredi
苍	cang	adj.	vert pâle
自由的	zi:you:de	adj.	libre
缩短	suo:duan	v.	raccourcir
天数	tian:shu	n.	nombre de jours
拿起	na:qi	v.	ramasser
火箭	huo:jian	n.	fusée
感兴趣	gan:xing:qu	v.	s'intéresser
第三节	di:san:jie	n.	section trois
免责声明	mian:ze:sheng:ming	n.	avis de non-responsabilité
解压密码	jie:ya:mi:ma	n.	mot de passe de décompression
全过程	quan:guo:cheng	n.	processus entier
纺织品	fang:zhi:pin	n.	textile
国家标准	guo:jia:biao:zhun	n.	norme nationale
纯粹	chun:cui	adj.	pur
骨干	gu:gan	n.	pilier
忠诚	zhong:cheng	adj.	loyal
海口	hai:kou	n.	port
海口	hai:kou	n.	Haikou
储备	chu:bei	v.	réserver
储备	chu:bei	n.	réserves
组织实施	zu:zhi:shi:shi	v.	organiser et mettre en œuvre
山区	shan:qu	n.	région montagneuse
车身	che:shen	n.	carrosserie
分工	fen:gong	n.	division du travail
距	ju	prep.	à distance de
距	ju	v.	être distant
交谈	jiao:tan	v.	converser
听证	ting:zheng	n.	audition publique
处处	chu:chu	adv.	partout
净化	jing:hua	v.	purifier
郑	zheng	n.	Zheng
川	chuan	n.	rivière
川	chuan	n.	Sichuan
扫	sao	v.	balayer
二楼	er:lou	n.	premier étage
地带	di:dai	n.	zone
否定	fou:ding	v.	nier
否定	fou:ding	n.	négation
逼	bi	v.	forcer
逼	bi	adj.	proche
不少于	bu:shao:yu	adv.	au moins
年份	nian:fen	n.	année
优良	you:liang	adj.	excellent
人才网	ren:cai:wang	n.	site de recrutement
护士	hu:shi	n.	infirmière
饲养	si:yang	v.	élever
民事	min:shi	n.	affaires civiles
构造	gou:zao	n.	structure
人性	ren:xing	n.	nature humaine
钢琴	gang:qin	n.	piano
是非	shi:fei	n.	le bien et le mal
县	xian	n.	district
涵盖	han:gai	v.	couvrir
农业部	nong:ye:bu	n.	ministère de l'Agriculture
抄袭	chao:xi	v.	plagier
忧	you	v.	s'embarrasser
忧	you	n.	chagrin
工业区	gong:ye:qu	n.	zone industrielle
软件简介	ruan:jian:jian:jie	n.	présentation du logiciel
地道	di:dao	adj.	authentique
地道	di:dao	adj.	idiomatique
星期五	xing:qi:wu	n.	vendredi
税款	shui:kuan	n.	paiement d'impôt
米兰	mi:lan	n.	Milan
一同	yi:tong	adv.	ensemble
童	tong	n.	enfant
兰州	lan:zhou	n.	Lanzhou
轨道	gui:dao	n.	voie
轨道	gui:dao	n.	orbite
英特尔	ying:te:er	n.	Intel
联赛	lian:sai	n.	ligue
雄厚	xiong:hou	adj.	considérable
左手	zuo:shou	n.	main gauche
再也	zai:ye	adv.	plus
不愿意	bu:yuan:yi	v.	ne pas vouloir
源于	yuan:yu	v.	provenir de
年纪	nian:ji	n.	âge
研讨	yan:tao	v.	étudier
礼仪	li:yi	n.	étiquette
外界	wai:jie	n.	monde extérieur
子公司	zi:gong:si	n.	filiale
屄	bi	n.	vulve
致富	zhi:fu	v.	s'enrichir
纪录	ji:lu	n.	record
第十七条	di:shi:qi:tiao	n.	article 17
画家	hua:jia	n.	peintre
执	zhi	v.	tenir
伤心	shang:xin	adj.	triste
发展趋势	fa:zhan:qu:shi	n.	tendance de développement
书店	shu:dian	n.	librairie
匹配	pi:pei	v.	correspondre
占据	zhan:ju	v.	occuper
熟练	shu:lian	adj.	habile
网络实名	wang:luo:shi:ming	n.	nom réel en ligne
技术创新	ji:shu:chuang:xin	n.	innovation technologique
不当	bu:dang	adj.	inapproprié
十三	shi:san	num.	treize
开办	kai:ban	v.	ouvrir
为人	wei:ren	n.	caractère
感冒	gan:mao	n.	rhume
感冒	gan:mao	v.	attraper froid
升高	sheng:gao	v.	monter
好看	hao:kan	adj.	beau
丢	diu	v.	perdre
荣	rong	n.	gloire
臂	bi	n.	bras
逐	zhu	v.	poursuivre
搬迁	ban:qian	v.	déménager
傲	ao	adj.	fier
赛事	sai:shi	n.	compétition
控股	kong:gu	n.	holding
注意力	zhu:yi:li	n.	attention
卫生间	wei:sheng:jian	n.	toilettes
分支机构	fen:zhi:ji:gou	n.	succursale
注销	zhu:xiao	v.	déconnecter
注销	zhu:xiao	v.	annuler
客厅	ke:ting	n.	salon
极端	ji:duan	adj.	extrême
极端	ji:duan	n.	extrême
戴	dai	v.	porter
新娘	xin:niang	n.	mariée
一手	yi:shou	n.	une main
一手	yi:shou	adv.	seul
炒作	chao:zuo	v.	surmédiatiser
注射	zhu:she	v.	injecter
注射	zhu:she	n.	injection
口中	kou:zhong	n.	dans la bouche
芒	mang	n.	aranha
芒	mang	n.	rayon
燃气	ran:qi	n.	gaz
大夫	dai:fu	n.	médecin
又一	you:yi	num.	un autre
庆	qing	v.	célébrer
早晨	zao:chen	n.	matin
庞大的	pang:da:de	adj.	vaste
彩票	cai:piao	n.	ticket de loterie
宝贵	bao:gui	adj.	précieux
市场化	shi:chang:hua	n.	marchandisation
下一个	xia:yi:ge	pron.	suivant
申请书	shen:qing:shu	n.	demande
伴	ban	v.	accompagner
伴	ban	n.	compagnon
字母	zi:mu	n.	lettre
很久	hen:jiu	adv.	longtemps
严谨	yan:jin	adj.	rigoureux
等着	deng:zhe	v.	attendre
学报	xue:bao	n.	revue scientifique
零件	ling:jian	n.	pièce
五大	wu:da	num.	cinq grands
入口	ru:kou	n.	entrée
宝石	bao:shi	n.	pierre précieuse
章节	zhang:jie	n.	chapitre
相适应	xiang:shi:ying	v.	correspondre
意愿	yi:yuan	n.	volonté
竣工	jun:gong	v.	achever
生活方式	sheng:huo:fang:shi	n.	mode de vie
袭	xi	v.	attaquer
征集	zheng:ji	v.	collecter
受益	shou:yi	v.	bénéficier
胎儿	tai:er	n.	fœtus
不合理	bu:he:li	adj.	irraisonnable
全面发展	quan:mian:fa:zhan	n.	développement complet
全面发展	quan:mian:fa:zhan	v.	se développer pleinement
何时	he:shi	pron.	quand
供	gong	v.	fournir
不等	bu:deng	adj.	inégal
索引	suo:yin	n.	index
工艺品	gong:yi:pin	n.	artisanat
积	ji	v.	s'accumuler
配置文件	pei:zhi:wen:jian	n.	fichier de configuration
屏蔽	ping:bi	v.	bloquer
贵族	gui:zu	n.	noble
基本信息	ji:ben:xin:xi	n.	informations de base
发行日期	fa:xing:ri:qi	n.	date de sortie
给大家	gei:da:jia	v.	donner à tous
容器	rong:qi	n.	récipient
动机	dong:ji	n.	motif
一头	yi:tou	mw.	une tête
大声	da:sheng	adj.	fort
第十八条	di:shi:ba:tiao	num.	article 18
垄断	long:duan	v.	monopoler
可以实现	ke:yi:shi:xian	v.	pouvoir se réaliser
擅长	shan:chang	v.	être bon à
伪造	wei:zao	v.	falsifier
遥	yao	adj.	lointain
法学	fa:xue	n.	science du droit
热量	re:liang	n.	chaleur (thermique)
罗马	luo:ma	n.	Rome
动手	dong:shou	v.	se mettre au travail
报到	bao:dao	v.	s'enregistrer
金的	jin:de	adj.	doré
刑法	xing:fa	n.	droit pénal
阻	zu	v.	obstruer
探究	tan:jiu	v.	explorer
战术	zhan:shu	n.	tactique
汽油	qi:you	n.	essence
人性化	ren:xing:hua	adj.	humain
中关村	zhong:guan:cun	n.	Zhongguancun
数字化	shu:zi:hua	v.	numériser
集团有限公司	ji:tuan:you:xian:gong:si	n.	société anonyme de groupe
播出	bo:chu	v.	diffuser
精致	jing:zhi	adj.	exquisit
急性	ji:xing	adj.	aigu
演绎	yan:yi	v.	déduire
聚集	ju:ji	v.	se rassembler
依次	yi:ci	adv.	à tour de rôle
宁静	ning:jing	adj.	tranquille
女的	nv:de	adj.	féminin
写真	xie:zhen	n.	photo
吉林省	ji:lin:sheng	n.	province du Jilin
必备	bi:bei	adj.	indispensable
那时候	na:shi:hou	n.	à cette époque
较快	jiao:kuai	adj.	relativement rapide
腾讯	teng:xun	n.	Tencent
结局	jie:ju	n.	final
伦敦	lun:dun	n.	Londres
相关部门	xiang:guan:bu:men	n.	départements concernés
例	li	n.	exemple
睁	zheng	v.	ouvrir (les yeux)
退还	tui:huan	v.	rembourser
工作时间	gong:zuo:shi:jian	n.	heures de travail
公子	gong:zi	n.	jeune seigneur
情侣	qing:lv	n.	couple
污水	wu:shui	n.	eaux usées
岛	dao	n.	île
遗	yi	v.	perdre
瞪	deng	v.	fixer du regard
按时	an:shi	adv.	à l'heure
所有人	suo:you:ren	n.	tout le monde
表述	biao:shu	v.	exprimer
常年	chang:nian	adv.	toute l'année
分泌	fen:mi	v.	sécréter
篮球	lan:qiu	n.	basket-ball
加重	jia:zhong	v.	aggraver
入手	ru:shou	v.	commencer
观赏	guan:shang	v.	contempler
心想	xin:xiang	v.	penser pour soi
慕	mu	v.	admirer
什么事	shen:me:shi	pron.	qu'y a-t-il
执着	zhi:zhuo	adj.	obstiné
课堂教学	ke:tang:jiao:xue	n.	enseignement en classe
皱	zhou	v.	froncer
饮用	yin:yong	v.	boire
环球	huan:qiu	adj.	mondial
博	bo	v.	gagner
博	bo	adj.	vaste
中国人民	zhong:guo:ren:min	n.	peuple chinois
河流	he:liu	n.	fleuve
黑白	hei:bai	n.	noir et blanc
幕	mu	n.	rideau
算了	suan:le	v.	laisser tomber
专栏	zhuan:lan	n.	chronique
保险费	bao:xian:fei	n.	prime d'assurance
运转	yun:zhuan	v.	fonctionner
手机短信	shou:ji:duan:xin	n.	SMS
第十九条	di:shi:jiu:tiao	num.	dix-neuvième
块钱	kuai:qian	n.	yuan
双眼	shuang:yan	n.	les deux yeux
乘车	cheng:che	v.	prendre un véhicule
外表	wai:biao	n.	apparence
自杀	zi:sha	v.	se suicider
点头	dian:tou	v.	hocher la tête
口号	kou:hao	n.	slogan
猜	cai	v.	deviner
长达	chang:da	v.	atteindre
关爱	guan:ai	v.	prendre soin de
丧失	sang:shi	v.	perdre
相处	xiang:chu	v.	s'entendre
实战	shi:zhan	n.	combat réel
中旬	zhong:xun	n.	mi-mois
支行	zhi:hang	n.	succursale
益	yi	n.	bénéfice
马来西亚	ma:lai:xi:ya	n.	Malaisie
副局长	fu:ju:zhang	n.	sous-directeur
东风	dong:feng	n.	vent d'est
周日	zhou:ri	n.	dimanche
净	jing	adj.	propre
产业发展	chan:ye:fa:zhan	n.	développement industriel
软件下载	ruan:jian:xia:zai	n.	téléchargement de logiciel
双击	shuang:ji	v.	double-cliquer
两家	liang:jia	num.	deux
股东大会	gu:dong:da:hui	n.	assemblée des actionnaires
还原	huan:yuan	v.	restaurer
从前	cong:qian	n.	autrefois
缺席	que:xi	v.	être absent
甜蜜	tian:mi	adj.	doux
神情	shen:qing	n.	expression
很可能	hen:ke:neng	adv.	probablement
产品信息	chan:pin:xin:xi	n.	information produit
效力	xiao:li	v.	servir
泽	ze	n.	marais
炼	lian	v.	raffiner
制止	zhi:zhi	v.	arrêter
黑龙江省	hei:long:jiang:sheng	n.	province du Heilongjiang
市场份额	shi:chang:fen:e	n.	part de marché
行李	xing:li	n.	bagages
提案	ti:an	n.	proposition
简洁	jian:jie	adj.	concis
行走	xing:zou	v.	marcher
注释	zhu:shi	n.	note
供水	gong:shui	v.	alimenter en eau
街头	jie:tou	n.	rue
监	jian	v.	surveiller
听见	ting:jian	v.	entendre
几位	ji:wei	num.	plusieurs
老年人	lao:nian:ren	n.	personne âgée
封装	feng:zhuang	v.	encapsuler
古典	gu:dian	adj.	classique
珍	zhen	adj.	précieux
分手	fen:shou	v.	se séparer
明亮	ming:liang	adj.	lumineux
伏	fu	v.	se coucher
伏	fu	n.	volt
送货	song:huo	v.	livrer
终身	zhong:shen	n.	toute la vie
绍	shao	v.	continuer
领导人	ling:dao:ren	n.	leader
爬	pa	v.	grimper
税率	shui:lv	n.	taux d'imposition
全套	quan:tao	n.	ensemble complet
喜悦	xi:yue	n.	joie
抬头	tai:tou	v.	lever la tête
抬头	tai:tou	n.	en-tête
丫	ya	n.	fourche
常务	chang:wu	n.	affaires courantes
炸	zha	v.	exploser
炸	zha	v.	frire
职业道德	zhi:ye:dao:de	n.	éthique professionnelle
国民	guo:min	n.	national
免疫	mian:yi	n.	immunité
变焦	bian:jiao	v.	zoomer
珠宝	zhu:bao	n.	bijouterie
外汇	wai:hui	n.	change
交友	jiao:you	v.	se faire des amis
行政处分	xing:zheng:chu:fen	n.	sanction administrative
三国	san:guo	n.	Trois Royaumes
壁	bi	n.	mur
涌	yong	v.	jaillir
主观	zhu:guan	adj.	subjectif
头部	tou:bu	n.	tête
协调发展	xie:tiao:fa:zhan	n.	développement coordonné
凶	xiong	adj.	féroce
凶	xiong	adj.	sinistre
测绘	ce:hui	v.	lever et cartographier
上学	shang:xue	v.	aller à l'école
郎	lang	n.	jeune homme
仿冒	fang:mao	v.	contrefaire
教育活动	jiao:yu:huo:dong	n.	activité éducative
本类	ben:lei	n.	cette catégorie
生产基地	sheng:chan:ji:di	n.	base de production
做人	zuo:ren	v.	se conduire
相连	xiang:lian	v.	être relié
并进	bing:jin	v.	avancer de front
额外	e:wai	adj.	supplémentaire
额外	e:wai	adv.	en plus
青海	qing:hai	n.	Qinghai
宿	su	n.	hébergement
宿	su	v.	passer la nuit
宿	xiu	n.	constellation
渗透	shen:tou	v.	pénétrer
器具	qi:ju	n.	ustensile
列出	lie:chu	v.	lister
制成	zhi:cheng	v.	fabriquer
建筑工程	jian:zhu:gong:cheng	n.	chantier de construction
右侧	you:ce	n.	côté droit
套餐	tao:can	n.	formule
增幅	zeng:fu	n.	taux d'augmentation
入侵	ru:qin	v.	envahir
怨	yuan	v.	reprocher
财经	cai:jing	n.	finances
嵌入式	qian:ru:shi	adj.	encastré
紧密	jin:mi	adj.	serré
最强	zui:qiang	adj.	le plus fort
土地使用权	tu:di:shi:yong:quan	n.	droit d'usage du sol
具体要求	ju:ti:yao:qiu	n.	exigence précise
里程	li:cheng	n.	kilométrage
愉快	yu:kuai	adj.	agréable
务必	wu:bi	adv.	bien veiller à
醉	zui	adj.	ivre
元钱	yuan:qian	n.	yuan
拼	pin	v.	assembler
普通话	pu:tong:hua	n.	mandarin
头脑	tou:nao	n.	esprit
双重	shuang:chong	adj.	double
淡淡的	dan:dan:de	adj.	léger
首席	shou:xi	n.	première place
迫	po	v.	forcer
法治	fa:zhi	n.	État de droit
革	ge	n.	cuir
五六	wu:liu	num.	cinq ou six
瞧	qiao	v.	regarder
即便	ji:bian	conj.	même si
扮演	ban:yan	v.	jouer
大队	da:dui	n.	escadron
奥	ao	int.	oh
头像	tou:xiang	n.	avatar
第一款	di:yi:kuan	num.	premier modèle
值班	zhi:ban	v.	être de service
舆论	yu:lun	n.	opinion publique
争论	zheng:lun	v.	débattre
坚定	jian:ding	adj.	résolu
范畴	fan:chou	n.	catégorie
小学生	xiao:xue:sheng	n.	écolier
精度	jing:du	n.	précision
旅游业	lv:you:ye	n.	industrie touristique
出血	chu:xie	v.	saigner
出血	chu:xue	v.	saigner
输	shu	v.	perder
乘坐	cheng:zuo	v.	prendre
整顿	zheng:dun	v.	assainir
多普达	duo:pu:da	n.	Dopod
语气	yu:qi	n.	ton
莉	li	n.	jasmin
总投资	zong:tou:zi	n.	investissement total
忠	zhong	adj.	fidèle
法制	fa:zhi	n.	système juridique
入选	ru:xuan	v.	être sélectionné
认真贯彻	ren:zhen:guan:che	v.	mettre en œuvre sérieusement
不适	bu:shi	adj.	malade
不适	bu:shi	n.	malaise
热闹	re:nao	adj.	animé
热闹	re:nao	n.	animation
过去了	guo:qu:le	v.	est passé
中级人民法院	zhong:ji:ren:min:fa:yuan	n.	tribunal populaire intermédiaire
财物	cai:wu	n.	biens
道具	dao:ju	n.	accessoire
长沙市	chang:sha:shi	n.	Changsha
现实的	xian:shi:de	adj.	réaliste
包裹	bao:guo	n.	paquet
最爱	zui:ai	n.	favori
用量	yong:liang	n.	dosage
盖章	gai:zhang	v.	tamponner
房地产市场	fang:di:chan:shi:chang	n.	marché immobilier
王国	wang:guo	n.	royaume
连忙	lian:mang	adv.	vite
会议上	hui:yi:shang	n.	lors de la réunion
佳	jia	adj.	beau
教育培训	jiao:yu:pei:xun	n.	éducation et formation
医疗费	yi:liao:fei	n.	frais médicaux
唱歌	chang:ge	v.	chanter
呢	ne	part.	particule continue
字段	zi:duan	n.	champ
旅	lv	n.	voyage
款项	kuan:xiang	n.	somme
二者	er:zhe	pron.	les deux
时空	shi:kong	n.	espace-temps
夜间	ye:jian	n.	nuit
代理人	dai:li:ren	n.	agent
食品安全	shi:pin:an:quan	n.	sécurité alimentaire
按照规定	an:zhao:gui:ding	prep.	selon le règlement
郑州市	zheng:zhou:shi	n.	Zhengzhou
招聘人数	zhao:pin:ren:shu	n.	nombre de recrutements
仁	ren	n.	vertu
按下	an:xia	v.	appuyer
视线	shi:xian	n.	ligne de vue
鸟	niao	n.	oiseau
羡慕	xian:mu	v.	envier
于此	yu:ci	prep.	ici
是这样的	shi:zhe:yang:de	v.	être ainsi
中等	zhong:deng	adj.	moyen
销售收入	xiao:shou:shou:ru	n.	revenu des ventes
骗	pian	v.	tromper
爆炸	bao:zha	v.	exploser
违法所得	wei:fa:suo:de	n.	gains illicites
浩	hao	adj.	vaste
纳米	na:mi	n.	nanomètre
高素质	gao:su:zhi	adj.	de haute qualité
管理条例	guan:li:tiao:li	n.	règlement de gestion
伤口	shang:kou	n.	blessure
光纤	guang:xian	n.	fibre optique
鼻子	bi:zi	n.	nez
姿态	zi:tai	n.	posture
机上	ji:shang	n.	bord
不管是	bu:guan:shi	conj.	que ce soit
淘汰	tao:tai	v.	éliminer
连载	lian:zai	v.	publier en feuilleton
塔	ta	n.	tour
正的	zheng:de	adj.	positiv
请注意	qing:zhu:yi	v.	veuillez noter
仅代表	jin:dai:biao	v.	représenter seulement
众多的	zhong:duo:de	adj.	nombreux
产物	chan:wu	n.	produit
但有	dan:you	conj.	mais il y a
胖	pang	adj.	gras
万多	wan:duo	num.	plus de dix mille
减小	jian:xiao	v.	diminuer
绪	xu	n.	début
所做	suo:zuo	v.	ce qui est fait
在企业	zai:qi:ye	prep.	dans l'entreprise
头痛	tou:tong	v.	maux de tête
光临	guang:lin	v.	honorer de sa présence
党支部	dang:zhi:bu	n.	branche du parti
毕业于	bi:ye:yu	v.	diplômé de
弘扬	hong:yang	v.	promouvoir
好事	hao:shi	n.	bonne action
并无	bing:wu	v.	il n'y a pas
适时	shi:shi	adj.	opportun
无力	wu:li	adj.	sans force
党中央	dang:zhong:yang	n.	comité central du parti
坚强	jian:qiang	adj.	robuste
可以向	ke:yi:xiang	prep.	pouvoir vers
企业名录	qi:ye:ming:lu	n.	annuaire d'entreprises
枫	feng	n.	érable
访问量	fang:wen:liang	n.	nombre de visites
国人	guo:ren	n.	nationaux
人才培养	ren:cai:pei:yang	n.	formation des talents
如是	ru:shi	adv.	ainsi
干脆	gan:cui	adj.	franc
干脆	gan:cui	adv.	simplemente
相对于	xiang:dui:yu	prep.	par rapport à
平凡	ping:fan	adj.	ordinaire
再来	zai:lai	v.	revenir
交易所	jiao:yi:suo	n.	bourse
时限	shi:xian	n.	limite de temps
投稿	tou:gao	v.	soumettre un article
拔	ba	v.	arracher
推销	tui:xiao	v.	promouvoir la vente
住房公积金	zhu:fang:gong:ji:jin	n.	fonds de logement
市场需求	shi:chang:xu:qiu	n.	demande du marché
缓存	huan:cun	n.	cache
缓存	huan:cun	v.	mettre en cache
短暂	duan:zan	adj.	court
安全管理	an:quan:guan:li	n.	gestion de la sécurité
溶液	rong:ye	n.	solution
疫苗	yi:miao	n.	vaccin
欧阳	ou:yang	n.	Ouyang
百万	bai:wan	num.	million
大国	da:guo	n.	grand pays
这些人	zhe:xie:ren	pron.	ces personnes
最基本	zui:ji:ben	adj.	le plus basique
海军	hai:jun	n.	marine
家和	jia:he	n.	harmonie familiale
心理学	xin:li:xue	n.	psychologie
舒服	shu:fu	adj.	confortable
赞	zan	v.	louer
赞	zan	v.	aimer
保守	bao:shou	adj.	conservateur
改制	gai:zhi	v.	restructurer
糖尿病	tang:niao:bing	n.	diabète
爆发	bao:fa	v.	éclater
爆发	bao:fa	n.	éruption
多久	duo:jiu	adv.	combien de temps
从不	cong:bu	adv.	ne... jamais
电网	dian:wang	n.	réseau électrique
烟台	yan:tai	n.	Yantai
支援	zhi:yuan	v.	soutenir
课文	ke:wen	n.	texte
炮	pao	n.	canon
深深	shen:shen	adv.	profondément
伸手	shen:shou	v.	tendre la main
公证	gong:zheng	n.	notariat
翅膀	chi:bang	n.	aile
网络营销	wang:luo:ying:xiao	n.	marketing internet
傅	fu	n.	Fu
四种	si:zhong	num.	quatre sortes
太阳能	tai:yang:neng	n.	énergie solaire
基本情况	ji:ben:qing:kuang	n.	situation de base
不可以	bu:ke:yi	v.	ne pas pouvoir
一族	yi:zu	n.	clan
清华	qing:hua	n.	Tsinghua
凯	kai	adj.	triomphant
月初	yue:chu	n.	début du mois
战场	zhan:chang	n.	champ de bataille
古城	gu:cheng	n.	vieille ville
小朋友	xiao:peng:you	n.	enfant
不已	bu:yi	adv.	sans cesse
强力	qiang:li	adj.	puissant
大盘	da:pan	n.	indice boursier
保证金	bao:zheng:jin	n.	caution
广播电视	guang:bo:dian:shi	n.	radio-télévision
金色	jin:se	n.	doré
蝴蝶	hu:die	n.	papillon
邪	xie	adj.	malveillant
不由	bu:you	adv.	involontairement
芳	fang	n.	parfum
浑	hun	adj.	trouble
第二十条	di:er:shi:tiao	n.	article 20
开采	kai:cai	v.	extraire
补丁	bu:ding	n.	correctif
夺	duo	v.	arracher
洗澡	xi:zao	v.	se baigner
宽	kuan	adj.	large
文艺	wen:yi	n.	arts et lettres
论述	lun:shu	n.	exposé
座椅	zuo:yi	n.	siège
堆	dui	mw.	pile
堆	dui	v.	entasser
归还	gui:huan	v.	rendre
队伍建设	dui:wu:jian:she	n.	constitution d'équipe
下达	xia:da	v.	transmettre
裂	lie	v.	se fendre
今晚	jin:wan	n.	ce soir
网站建设	wang:zhan:jian:she	n.	création de site
总监	zong:jian	n.	directeur
年产	nian:chan	n.	production annuelle
现价	xian:jia	n.	prix actuel
十六	shi:liu	num.	seize
自助	zi:zhu	n.	libre-service
座谈会	zuo:tan:hui	n.	colloque
衡量	heng:liang	v.	évaluer
注册资金	zhu:ce:zi:jin	n.	capital enregistré
实事求是	shi:shi:qiu:shi	adj.	réaliste
楼下	lou:xia	n.	en bas
筛选	shai:xuan	v.	filtrer
选取	xuan:qu	v.	sélectionner
考点	kao:dian	n.	centre d'examen
牙齿	ya:chi	n.	dent
国防	guo:fang	n.	défense nationale
模特	mo:te	n.	mannequin
遭	zao	v.	subir
持久	chi:jiu	adj.	durabile
亮度	liang:du	n.	luminosité
大纲	da:gang	n.	plan général
赤	chi	adj.	rouge
旋	xuan	v.	tourner
中国经济	zhong:guo:jing:ji	n.	économie chinoise
太子	tai:zi	n.	prince héritier
天涯	tian:ya	n.	bout du monde
重建	chong:jian	v.	reconstruire
线索	xian:suo	n.	indice
专线	zhuan:xian	n.	ligne spécialisée
时常	shi:chang	adv.	souvent
托管	tuo:guan	v.	confier
滋味	zi:wei	n.	goût
山上	shan:shang	n.	sur la montagne
秋天	qiu:tian	n.	automne
超标	chao:biao	v.	dépasser la norme
一度	yi:du	adv.	une fois
大气	da:qi	n.	atmosphère
扭	niu	v.	tordre
审定	shen:ding	v.	examiner et approuver
理事会	li:shi:hui	n.	conseil d'administration
使用方法	shi:yong:fang:fa	n.	mode d'emploi
积极参与	ji:ji:can:yu	v.	participer activement
地段	di:duan	n.	quartier
念头	nian:tou	n.	pensée
厕所	ce:suo	n.	toilettes
特效	te:xiao	n.	effet spécial
概论	gai:lun	n.	introduction
村庄	cun:zhuang	n.	village
东南亚	dong:nan:ya	n.	Asie du Sud-Est
政府部门	zheng:fu:bu:men	n.	département gouvernemental
经济增长	jing:ji:zeng:zhang	n.	croissance économique
个人观点	ge:ren:guan:dian	n.	opinion personnelle
长久	chang:jiu	adj.	durable
监视	jian:shi	v.	surveiller
主要产品	zhu:yao:chan:pin	n.	produit principal
设想	she:xiang	v.	imaginer
洁	jie	adj.	propre
静态	jing:tai	adj.	statique
发行公司	fa:xing:gong:si	n.	société d'édition
浮	fu	v.	flotter
阳台	yang:tai	n.	balcon
抵押	di:ya	v.	hypothéquer
怀里	huai:li	n.	dans les bras
醒来	xing:lai	v.	se réveiller
生产能力	sheng:chan:neng:li	n.	capacité de production
门窗	men:chuang	n.	portes et fenêtres
套房	tao:fang	n.	suite
悉	xi	adv.	tout
小子	xiao:zi	n.	gamin
研究中心	yan:jiu:zhong:xin	n.	centre de recherche
不算	bu:suan	v.	ne pas compter
债权人	zhai:quan:ren	n.	créancier
相册	xiang:ce	n.	album photo
车上	che:shang	n.	sur la voiture
生产厂家	sheng:chan:chang:jia	n.	fabricant
左侧	zuo:ce	n.	côté gauche
忽视	hu:shi	v.	négliger
焊接	han:jie	v.	souder
水源	shui:yuan	n.	source d'eau
审判	shen:pan	n.	procès
擦	ca	v.	essuyer
洗净	xi:jing	v.	laver proprement
话说	hua:shuo	v.	dire que
再生	zai:sheng	v.	régénérer
新区	xin:qu	n.	nouveau quartier
聘用	pin:yong	v.	engager
毫秒	hao:miao	n.	milliseconde
保健品	bao:jian:pin	n.	produit de santé
本案	ben:an	n.	la présente affaire
口岸	kou:an	n.	port
国际贸易	guo:ji:mao:yi	n.	commerce international
规章制度	gui:zhang:zhi:du	n.	règlements
社会保障	she:hui:bao:zhang	n.	sécurité sociale
收缩	shou:suo	v.	se contracter
批判	pi:pan	v.	critiquer
研究员	yan:jiu:yuan	n.	chercheur
相关专业	xiang:guan:zhuan:ye	n.	spécialité connexe
选定	xuan:ding	v.	sélectionner
重要组成	zhong:yao:zu:cheng	n.	composante importante
服从	fu:cong	v.	obéir
汉族	han:zu	n.	ethnie Han
通风	tong:feng	v.	aérer
出手	chu:shou	v.	passer à l'acte
相片	xiang:pian	n.	photo
慧	hui	adj.	intelligent
少于	shao:yu	prep.	de moins de
重要作用	zhong:yao:zuo:yong	n.	rôle important
缓缓	huan:huan	adv.	lentement
分行	fen:hang	n.	succursale
新颖	xin:ying	adj.	novel
不幸	bu:xing	adj.	malheureux
测评	ce:ping	v.	évaluer
后续	hou:xu	n.	suite
描写	miao:xie	v.	décrire
美食	mei:shi	n.	gastronomie
一顿	yi:dun	mw.	un (repas)
销售人员	xiao:shou:ren:yuan	n.	personnel de vente
交通事故	jiao:tong:shi:gu	n.	accident de la circulation
丽江	li:jiang	n.	Lijiang
本地区	ben:di:qu	n.	cette région
水准	shui:zhun	n.	niveau
物料	wu:liao	n.	matériaux
挪用	nuo:yong	v.	détourner
多样化	duo:yang:hua	v.	diversifier
多样化	duo:yang:hua	n.	diversification
开创	kai:chuang	v.	inaugurer
各界	ge:jie	n.	tous les milles
现代化建设	xian:dai:hua:jian:she	n.	édification moderne
阴影	yin:ying	n.	ombre
而后	er:hou	conj.	puis
信息发布	xin:xi:fa:bu	n.	publication d'informations
搜狐	sou:hu	n.	Sohu
体制改革	ti:zhi:gai:ge	n.	réforme du système
中医药	zhong:yi:yao	n.	médecine chinoise
矿山	kuang:shan	n.	mine
现代化的	xian:dai:hua:de	adj.	moderne
风雨	feng:yu	n.	vent et pluie
职业资格	zhi:ye:zi:ge	n.	qualification professionnelle
广告位	guang:gao:wei	n.	emplacement publicitaire
得不到	de:bu:dao	v.	ne pas pouvoir obtenir
五十	wu:shi	num.	cinquante
卓越	zhuo:yue	adj.	excellent
请教	qing:jiao	v.	demander conseil
会议室	hui:yi:shi	n.	salle de réunion
典	dian	n.	œuvre canonique
执政	zhi:zheng	v.	être au pouvoir
赏	shang	v.	récompenser
口语	kou:yu	n.	langue parlée
年末	nian:mo	n.	fin d'année
简化	jian:hua	v.	simplifier
出让	chu:rang	v.	céder
伊朗	yi:lang	n.	Iran
领导班子	ling:dao:ban:zi	n.	équipe dirigeante
门槛	men:kan	n.	seuil
必要时	bi:yao:shi	adv.	au besoin
就此	jiu:ci	adv.	là-dessus
蒙古	meng:gu	n.	Mongolie
匆	cong	adj.	hâtif
现任	xian:ren	adj.	actuel
订立	ding:li	v.	conclure
饭贴	fan:tie	n.	allocation repas
音箱	yin:xiang	n.	haut-parleur
评	ping	v.	commenter
发展中	fa:zhan:zhong	adj.	en développement
充电	chong:dian	v.	charger
一门	yi:men	num.	un
界定	jie:ding	v.	délimiter
界定	jie:ding	n.	définition
车队	che:dui	n.	motorcade
车队	che:dui	n.	flotte
红军	hong:jun	n.	Armée rouge
纵	zong	conj.	même si
纵	zong	adj.	vertical
宝马	bao:ma	n.	BMW
宝马	bao:ma	n.	cheval fougueux
精确	jing:que	adj.	précis
在下	zai:xia	pron.	moi (humble)
兴起	xing:qi	v.	se lever
兴起	xing:qi	n.	essor
跨国公司	kua:guo:gong:si	n.	multinationale
莲	lian	n.	lotus
雾	wu	n.	brouillard
杜绝	du:jue	v.	éradiquer
道路交通	dao:lu:jiao:tong	n.	circulation routière
爱人	ai:ren	n.	conjoint
爱人	ai:ren	n.	amant
审理	shen:li	v.	juger
经济社会	jing:ji:she:hui	n.	économie et société
起草	qi:cao	v.	rédiger
所学	suo:xue	n.	ce qu'on a appris
领袖	ling:xiu	n.	leader
乌	wu	adj.	noir
乌	wu	n.	corbeau
暗示	an:shi	v.	suggérer
暗示	an:shi	n.	allusion
总则	zong:ze	n.	dispositions générales
移动电话	yi:dong:dian:hua	n.	téléphone portable
我爱你	wo:ai:ni	v.	je t'aime
跃	yue	v.	sauter
座位	zuo:wei	n.	place
讨厌	tao:yan	v.	détester
讨厌	tao:yan	adj.	pénible
壮	zhuang	adj.	robuste
旗下	qi:xia	n.	sous la bannière
省内	sheng:nei	n.	dans la province
火焰	huo:yan	n.	flamme
公约	gong:yue	n.	convention
走上	zou:shang	v.	monter
贴	tie	v.	coller
贴	tie	v.	subventionner
拍照	pai:zhao	n.	prise de photo
返还	fan:huan	v.	rendre
酱油	jiang:you	n.	sauce soja
误区	wu:qu	n.	erreur d'appréciation
截至	jie:zhi	prep.	jusqu'à
丰	feng	adj.	abondant
隔	ge	v.	séparer
隔	ge	prep.	tous les
看似	kan:si	v.	sembler
他自己	ta:zi:ji	pron.	lui-même
针对性	zhen:dui:xing	n.	pertinence
万元以下	wan:yuan:yi:xia	n.	moins de 10 000 yuans
健	jian	adj.	sain
仲裁	zhong:cai	n.	arbitrage
修炼	xiu:lian	v.	cultiver
提供者	ti:gong:zhe	n.	fournisseur
票据	piao:ju	n.	billet
辛	xin	adj.	pénible
全都	quan:dou	adv.	tout
新一代	xin:yi:dai	n.	nouvelle génération
地狱	di:yu	n.	enfer
第一天	di:yi:tian	n.	premier jour
徐州	xu:zhou	n.	Xuzhou
一九	yi:jiu	num.	19
心得	xin:de	n.	réflexion
接管	jie:guan	v.	prendre en charge
服务员	fu:wu:yuan	n.	serveur
交叉	jiao:cha	v.	croiser
抵	di	v.	résister
竹	zhu	n.	bambou
彻	che	adj.	complet
角落	jiao:luo	n.	coin
科学研究	ke:xue:yan:jiu	n.	recherche scientifique
离去	li:qu	v.	partir
引领	yin:ling	v.	guider
摩	mo	v.	frotter
轰	hong	onom.	boom
情报	qing:bao	n.	information
第七章	di:qi:zhang	n.	chapitre sept
最少	zui:shao	adv.	au moins
不好意思	bu:hao:yi:si	adj.	gêné
仓储	cang:chu	n.	stockage
培训中心	pei:xun:zhong:xin	n.	centre de formation
有害	you:hai	adj.	nuisible
做爱	zuo:ai	v.	faire l'amour
适度	shi:du	adj.	moderat
曝光	bao:guang	v.	exposer
发达	fa:da	adj.	développé
常识	chang:shi	n.	sens commun
考场	kao:chang	n.	salle d'examen
胸部	xiong:bu	n.	poitrine
科室	ke:shi	n.	(service)
编	bian	v.	tisser
肚	du	n.	ventre
出自	chu:zi	v.	provenir
繁殖	fan:zhi	v.	se reproduire
用电	yong:dian	n.	consommation électrique
这个人	zhe:ge:ren	pron.	cette personne
插	cha	v.	insérer
启发	qi:fa	v.	inspirer
这话	zhe:hua	pron.	ces paroles
磨	mo	v.	broyer
话语	hua:yu	n.	discours
四级	si:ji	n.	quatrième niveau
护照	hu:zhao	n.	passeport
奖学金	jiang:xue:jin	n.	bourse
技术服务	ji:shu:fu:wu	n.	service technique
名叫	ming:jiao	v.	s'appeler
去除	qu:chu	v.	éliminer
史上	shi:shang	n.	dans l'histoire
门前	men:qian	n.	devant la porte
共同所有	gong:tong:suo:you	n.	copropriété
困扰	kun:rao	v.	troubler
日历	ri:li	n.	calendrier
失踪	shi:zong	v.	disparaître
解读	jie:du	v.	interpréter
建设用地	jian:she:yong:di	n.	terrain à bâtir
上方	shang:fang	n.	au-dessus
行政管理部门	xing:zheng:guan:li:bu:men	n.	service administratif
核桃	he:tao	n.	noix
人身	ren:shen	n.	personne
可靠的	ke:kao:de	adj.	fiable
出示	chu:shi	v.	montrer
国民党	guo:min:dang	n.	Kuomintang
曹操	cao:cao	n.	Cao Cao
现行	xian:xing	adj.	actuel
派出	pai:chu	v.	expédier
殴打	ou:da	v.	battre
哎	ai	int.	ah
友好	you:hao	adj.	amicable
疫情	yi:qing	n.	situation épidémique
第二十一条	di:er:shi:yi:tiao	n.	article 21
高原	gao:yuan	n.	plateau
御	yu	v.	conduire
供货	gong:huo	v.	fournir
与时俱进	yu:shi:ju:jin	v.	suivre son temps
锅炉	guo:lu	n.	chaudière
生死	sheng:si	n.	vie et mort
监狱	jian:yu	n.	prison
填报	tian:bao	v.	remplir et déclarer
卧室	wo:shi	n.	chambre
辞职	ci:zhi	v.	démissionner
路面	lu:mian	n.	chaussée
我司	wo:si	n.	notre société
业务员	ye:wu:yuan	n.	commercial
建设单位	jian:she:dan:wei	n.	maître d'ouvrage
域内	yu:nei	n.	dans le domaine
转入	zhuan:ru	v.	transférer dans
无疑是	wu:yi:shi	adv.	sans doute
著作权	zhu:zuo:quan	n.	droit d'auteur
中毒	zhong:du	v.	empoisonnement
近几年	jin:ji:nian	n.	ces dernières années
耐	nai	v.	résister
惧	ju	v.	craindre
真心	zhen:xin	adj.	sincère
真心	zhen:xin	n.	sincérité
科技成果	ke:ji:cheng:guo	n.	réalisation scientifique
氏	shi	n.	nom de clan
通知书	tong:zhi:shu	n.	notification
人民检察院	ren:min:jian:cha:yuan	n.	parquet populaire
向往	xiang:wang	v.	aspirer à
高出	gao:chu	v.	dépasser
辉	hui	n.	éclat
语种	yu:zhong	n.	langue
四处	si:chu	adv.	partout
扶	fu	v.	soutenir
温和	wen:he	adj.	doux
网易	wang:yi	n.	NetEase
基础知识	ji:chu:zhi:shi	n.	connaissances de base
创造性	chuang:zao:xing	n.	créativité
创造性	chuang:zao:xing	adj.	créatif
恢	hui	adj.	vaste
口腔	kou:qiang	n.	cavité buccale
困惑	kun:huo	adj.	perplexe
困惑	kun:huo	n.	confusion
中国政府	zhong:guo:zheng:fu	n.	gouvernement chinois
滚动	gun:dong	v.	défiler
滚动	gun:dong	v.	rouler
貌	mao	n.	apparence
无不	wu:bu	adv.	sans exception
顺便	shun:bian	adv.	à l'occasion
路过	lu:guo	v.	passer par
额	e	n.	front
额	e	n.	montant
述	shu	v.	exposer
总共	zong:gong	adv.	au total
陈述	chen:shu	v.	exposer
陈述	chen:shu	n.	exposé
鉴于	jian:yu	prep.	étant donné
票	piao	n.	billet
票	piao	n.	vote
联网	lian:wang	v.	se connecter
财政部门	cai:zheng:bu:men	n.	service des finances
笔记	bi:ji	n.	notes
急须	ji:xu	v.	avoir besoin d'urgence
发扬	fa:yang	v.	faire fructifier
沈阳市	shen:yang:shi	n.	Shenyang
录制	lu:zhi	v.	enregistrer
录	lu	v.	enregistrer
开门	kai:men	v.	ouvrir
自主创新	zi:zhu:chuang:xin	n.	innovation autonome
化妆	hua:zhuang	v.	maquiller
学到	xue:dao	v.	apprendre
失业	shi:ye	v.	être au chômage
支付宝	zhi:fu:bao	n.	Alipay
陷阱	xian:jing	n.	piège
杀死	sha:si	v.	tuer
墙上	qiang:shang	n.	sur le mur
饮用水	yin:yong:shui	n.	eau potable
南部	nan:bu	n.	sud
发展战略	fa:zhan:zhan:lve	n.	stratégie de développement
代表团	dai:biao:tuan	n.	délégation
卡号	ka:hao	n.	numéro de carte
男士	nan:shi	n.	monsieur
特种	te:zhong	adj.	spécial
被迫	bei:po	v.	être forcé
多样	duo:yang	adj.	varié
陌生	mo:sheng	adj.	inconnu
膀	bang	n.	aile
较小	jiao:xiao	adj.	relativement petit
央行	yang:hang	n.	banque centrale
经营活动	jing:ying:huo:dong	n.	activité commerciale
余额	yu:e	n.	solde
第二十二条	di:er:shi:er:tiao	n.	article 22
白云	bai:yun	n.	nuage blanc
一楼	yi:lou	n.	premier étage
精密	jing:mi	adj.	précis
不安	bu:an	adj.	inquiet
言语	yan:yu	n.	parole
投保	tou:bao	v.	souscrire une assurance
差点	cha:dian	adv.	presque
器件	qi:jian	n.	dispositif
长远	chang:yuan	adj.	à long terme
顶部	ding:bu	n.	sommet
本报记者	ben:bao:ji:zhe	n.	reporter de notre journal
转发	zhuan:fa	v.	transférer
页数	ye:shu	n.	nombre de pages
镜像	jing:xiang	n.	miroir
阐述	chan:shu	v.	exposer
房租	fang:zu	n.	loyer
乐观	le:guan	adj.	optimiste
驱动程序	qu:dong:cheng:xu	n.	pilote
易于	yi:yu	v.	faciliter à
外来	wai:lai	adj.	externe
直属	zhi:shu	adj.	directement subordonné
梦幻	meng:huan	adj.	onirique
分会	fen:hui	n.	section
校区	xiao:qu	n.	campus
各级政府	ge:ji:zheng:fu	n.	gouvernements à tous les niveaux
预约	yu:yue	v.	prendre rendez-vous
鹰	ying	n.	aigle
副教授	fu:jiao:shou	n.	professeur associé
实惠	shi:hui	adj.	pratique et économique
通行	tong:xing	v.	passer
督察	du:cha	n.	superviseur
法则	fa:ze	n.	loi
共享软件	gong:xiang:ruan:jian	n.	partagiciel
撸	lu	v.	gressiller
孟	meng	n.	Meng (nom)
沙漠	sha:mo	n.	désert
送货上门	song:huo:shang:men	v.	livrer à domicile
北京时间	bei:jing:shi:jian	n.	heure de Pékin
老鼠	lao:shu	n.	souris
变换	bian:huan	v.	changer
品尝	pin:chang	v.	déguster
惩罚	cheng:fa	v.	punir
发帖数	fa:tie:shu	n.	nombre de messages
入门	ru:men	v.	s'initier
干预	gan:yu	v.	intervenir
三亚	san:ya	n.	Sanya
功勋	gong:xun	n.	mérite
拆除	chai:chu	v.	démolir
职场	zhi:chang	n.	lieu de travail
零售价	ling:shou:jia	n.	prix de détail
脚下	jiao:xia	n.	sous les pieds
书画	shu:hua	n.	calligraphie et peinture
九月	jiu:yue	n.	septembre
门诊	men:zhen	n.	consultation externe
停车场	ting:che:chang	n.	parking
递	di	v.	passieren
正当	zheng:dang	adj.	légitime
一百	yi:bai	num.	cent
深入开展	shen:ru:kai:zhan	v.	mener en profondeur
指挥官	zhi:hui:guan	n.	commandant
叙述	xu:shu	v.	raconter
共识	gong:shi	n.	consensus
清新	qing:xin	adj.	frais
发电	fa:dian	v.	produire de l'électricité
默默	mo:mo	adv.	silencieusement
侮辱	wu:ru	v.	insulter
务实	wu:shi	adj.	pragmatique
兼并	jian:bing	v.	fusionner
不停	bu:ting	adv.	sans arrêt
乐器	yue:qi	n.	instrument de musique
参见	can:jian	v.	voir (référence)
平方	ping:fang	n.	carré
说说	shuo:shuo	v.	parler un peu
瑞	rui	adj.	auspicieux
本日	ben:ri	n.	ce jour
阴阳	yin:yang	n.	yin et yang
门外	men:wai	n.	hors de la porte
关系到	guan:xi:dao	v.	concerner
本章	ben:zhang	n.	ce chapitre
文件名	wen:jian:ming	n.	nom de fichier
唇	chun	n.	lèvre
震动	zhen:dong	v.	vibrer
震动	zhen:dong	n.	choc
同等	tong:deng	adj.	égal
领导者	ling:dao:zhe	n.	chef
原先	yuan:xian	adv.	à l'origine
每当	mei:dang	conj.	chaque fois que
与否	yu:fou	conj.	ou non
开机	kai:ji	v.	allumer
人际关系	ren:ji:guan:xi	n.	relations interpersonnelles
暂	zan	adv.	temporairement
货	huo	n.	marchandise
隧道	sui:dao	n.	tunnel
动感	dong:gan	n.	sens du mouvement
琴	qin	n.	instrument à cordes
监察	jian:cha	v.	surveiller
留意	liu:yi	v.	faire attention
伴侣	ban:lv	n.	partenaire
固定的	gu:ding:de	adj.	fix
专业知识	zhuan:ye:zhi:shi	n.	connaissances professionnelles
代谢	dai:xie	n.	métabolisme
瀑布	pu:bu	n.	cascade
破产	po:chan	v.	faire faillite
如实	ru:shi	adv.	fidèlement
燃油	ran:you	n.	carburant
踪	zong	n.	trace
白酒	bai:jiu	n.	alcool chinois
码	ma	n.	code
供应链	gong:ying:lian	n.	chaîne d'approvisionnement
谈谈	tan:tan	v.	discuter
政协	zheng:xie	n.	CCPPC
有利	you:li	adj.	favorable
灾难	zai:nan	n.	catastrophe
携手	xie:shou	v.	unir les mains
高贵	gao:gui	adj.	noble
慰	wei	v.	consoler
白领	bai:ling	n.	collarette blanc
营运	ying:yun	v.	exploiter
蛇	she	n.	serpent
艺人	yi:ren	n.	artiste
专业技术人员	zhuan:ye:ji:shu:ren:yuan	n.	personnel technique
不便	bu:bian	adj.	gênant
客服电话	ke:fu:dian:hua	n.	téléphone du service client
隐私	yin:si	n.	vie privée
对外开放	dui:wai:kai:fang	v.	ouverture vers l'extérieur
一号	yi:hao	n.	numéro un
影音	ying:yin	n.	audiovisuel
货到付款	huo:dao:fu:kuan	n.	paiement à la livraison
玲	ling	n.	Ling
晕	yun	v.	s'évanouir
晕	yun	adj.	étourdi
副市长	fu:shi:zhang	n.	maire adjoint
损	sun	v.	abîmer
损	sun	adj.	méchant
中部	zhong:bu	n.	partie centrale
吖	a	int.	ah
吖	ya	part.	particule finale
急需	ji:xu	v.	avoir besoin d'urgence
下一批	xia:yi:pi	n.	prochain lot
晚餐	wan:can	n.	dîner
邻居	lin:ju	n.	voisin
轩	xuan	n.	pavillon
粗	cu	adj.	épais
粗	cu	adj.	grossier
更新日期	geng:xin:ri:qi	n.	date de mise à jour
掩	yan	v.	couvrir
掩	yan	v.	cacher
屁	pi	n.	péter
十月	shi:yue	n.	octobre
体质	ti:zhi	n.	constitution
外壳	wai:ke	n.	coque
悠	you	adj.	détendu
悠	you	v.	balancer
此文	ci:wen	n.	cet article
步入	bu:ru	v.	entrer dans
机体	ji:ti	n.	fuselage
机体	ji:ti	n.	corps
卡片	ka:pian	n.	carte
养护	yang:hu	v.	entretenir
仰	yang	v.	lever les yeux
凝聚	ning:ju	v.	condenser
凝聚	ning:ju	v.	fédérer
科技创新	ke:ji:chuang:xin	n.	innovation technologique
威力	wei:li	n.	puissance
人民共和国	ren:min:gong:he:guo	n.	république populaire
鸳鸯	yuan:yang	n.	canon mandarin
摄像机	she:xiang:ji	n.	caméra vidéo
心理健康	xin:li:jian:kang	n.	santé mentale
地方人民政府	di:fang:ren:min:zheng:fu	n.	gouvernement populaire local
企图	qi:tu	v.	tenter
企图	qi:tu	n.	tentative
内核	nei:he	n.	noyau
内核	nei:he	n.	cœur
丝毫	si:hao	n.	sou
丝毫	si:hao	adv.	pas du tout
栽培	zai:pei	v.	cultiver
栽培	zai:pei	v.	former
拼命	pin:ming	v.	risquer sa vie
拼命	pin:ming	adv.	désespérément
新回复	xin:hui:fu	n.	nouvelle réponse
奔驰	ben:chi	n.	Benz
奔驰	ben:chi	v.	galoper
教职工	jiao:zhi:gong	n.	personnel enseignant
真空	zhen:kong	n.	vide (physique)
有兴趣	you:xing:qu	v.	s'intéresser
天线	tian:xian	n.	antenne
零	ling	num.	zéro
绘制	hui:zhi	v.	tracer
中方	zhong:fang	n.	partie chinoise
线上	xian:shang	adv.	en ligne
至此	zhi:ci	adv.	à ce stade
村里	cun:li	n.	au village
更多信息	geng:duo:xin:xi	n.	plus d'informations
不及	bu:ji	v.	ne pas atteindre
灵感	ling:gan	n.	inspiration
大方	da:fang	adj.	généreux
大方	da:fang	adj.	naturel
古人	gu:ren	n.	les anciens
两边	liang:bian	n.	les deux côtés
卖出	mai:chu	v.	vendre
牌子	pai:zi	n.	marque
盟	meng	n.	alliance
途	tu	n.	voie
置于	zhi:yu	v.	placer
滋润	zi:run	v.	humecter
滋润	zi:run	adj.	confortable
沿海	yan:hai	n.	littoral
沿海	yan:hai	adj.	côtier
海水	hai:shui	n.	eau de mer
贼	zei	n.	voleur
有机会	you:ji:hui	v.	avoir l'occasion
下载速度	xia:zai:su:du	n.	vitesse de téléchargement
家产	jia:chan	n.	patrimoine familial
视角	shi:jiao	n.	perspective
具体情况	ju:ti:qing:kuang	n.	situation concrète
发证	fa:zheng	v.	délivrer des certificats
开支	kai:zhi	n.	dépenses
品味	pin:wei	n.	goût
品味	pin:wei	v.	savourieren
共产党	gong:chan:dang	n.	Parti communiste
户名	hu:ming	n.	titulaire du compte
洪	hong	n.	inondation
清晨	qing:chen	n.	tôt le matin
有关单位	you:guan:dan:wei	n.	organismes concernés
机组	ji:zu	n.	équipage
离不开	li:bu:kai	v.	inséparable de
长期以来	chang:qi:yi:lai	adv.	depuis longtemps
政权	zheng:quan	n.	pouvoir politique
悟	wu	v.	comprendre
图文	tu:wen	n.	images et texte
感激	gan:ji	v.	être reconnaissant
服务质量	fu:wu:zhi:liang	n.	qualité de service
思想政治	si:xiang:zheng:zhi	n.	idéologie et politique
挫折	cuo:zhe	n.	échec
挫折	cuo:zhe	v.	se décourager
发了	fa:le	v.	envoyer
发了	fa:le	v.	faire fortune
定时	ding:shi	adv.	à heure fixe
定时	ding:shi	adj.	préprogrammé
不止	bu:zhi	adv.	plus de
不止	bu:zhi	v.	ne pas s'arrêter
亲人	qin:ren	n.	membre de la famille
关节	guan:jie	n.	articulation
关节	guan:jie	n.	point clé
癌症	ai:zheng	n.	cancer
蓝牙	lan:ya	n.	Bluetooth
导弹	dao:dan	n.	missile
市场竞争	shi:chang:jing:zheng	n.	concurrence sur le marché
各种各样	ge:zhong:ge:yang	adj.	toutes sortes von
地理位置	di:li:wei:zhi	n.	position géographique
主要原因	zhu:yao:yuan:yin	n.	cause principale
向下	xiang:xia	adv.	vers le bas
固	gu	adj.	solide
固	gu	adv.	fermement
固	gu	adv.	bien sûr
人选	ren:xuan	n.	choix de personne
占地面积	zhan:di:mian:ji	n.	superficie occupée
十几	shi:ji	num.	entre dix et dix-neuf
窗外	chuang:wai	n.	dehors de la fenêtre
风味	feng:wei	n.	goût caractéristique
进一步提高	jin:yi:bu:ti:gao	v.	améliorer davantage
新城	xin:cheng	n.	ville nouvelle
天上	tian:shang	n.	ciel
高级会员	gao:ji:hui:yuan	n.	membre premium
清醒	qing:xing	adj.	lucide
清醒	qing:xing	v.	reprendre connaissance
重要内容	zhong:yao:nei:rong	n.	contenu important
往返	wang:fan	v.	faire l'aller-retour
往返	wang:fan	n.	aller-retour
原则上	yuan:ze:shang	adv.	en principe
青团	qing:tuan	n.	gâteau de riz vert
近年	jin:nian	n.	dernières années
三维	san:wei	n.	trois dimensions
开出	kai:chu	v.	éclore
开出	kai:chu	v.	ouvrir
商量	shang:liang	v.	discuter
讶	ya	adj.	surpris
学时	xue:shi	n.	heure de cours
污染物	wu:ran:wu	n.	polluant
捕捉	bu:zhuo	v.	capturer
捕捉	bu:zhuo	v.	saisir
思想道德	si:xiang:dao:de	n.	idéologie et morale
整天	zheng:tian	adv.	toute la journée
使者	shi:zhe	n.	envoyé
标明	biao:ming	v.	indiquer
冬	dong	n.	hiver
说起	shuo:qi	v.	mentionner
滑	hua	v.	glisser
抢救	qiang:jiu	v.	sauver
抢救	qiang:jiu	v.	réanimer
男朋友	nan:peng:you	n.	petit ami
治安	zhi:an	n.	ordre public
有趣	you:qu	adj.	intéressant
拓宽	tuo:kuan	v.	élargir
日出	ri:chu	n.	lever du soleil
细分	xi:fen	v.	subdiviser
批发市场	pi:fa:shi:chang	n.	marché de gros
酒精	jiu:jing	n.	alcool
甜	tian	adj.	une
副总经理	fu:zong:jing:li	n.	directeur général adjoint
剩下的	sheng:xia:de	adj.	restant
关心的	guan:xin:de	adj.	qui s'intéresse à
慢慢地	man:man:de	adv.	lentement
氧化	yang:hua	v.	oxyder
哪怕	na:pa	conj.	even if
流域	liu:yu	n.	bassin
化解	hua:jie	v.	désamorcer
过大	guo:da	adj.	excessif
举措	ju:cuo	n.	mesure
郁	yu	adj.	mélancolique
形容	xing:rong	v.	décrire
松下	song:xia	n.	Panasonic
专人	zhuan:ren	n.	personne désignée
期限内	qi:xian:nei	n.	dans le délai
五月	wu:yue	n.	mai
响起	xiang:qi	v.	sonner
穿越	chuan:yue	v.	traverser
琳	lin	n.	jade fin
租用	zu:yong	v.	louer
辆	liang	mw.	pour les véhicules
山庄	shan:zhuang	n.	villa de montagne
漫长	man:chang	adj.	long
支持下	zhi:chi:xia	n.	avec le soutien
外国人	wai:guo:ren	n.	étranger
赛车	sai:che	n.	voiture de course
信赖	xin:lai	v.	faire confiance
乃	nai	adv.	c'est-à-dire
有必要	you:bi:yao	adj.	nécessaire
摘自	zhai:zi	v.	extrait de
赌博	du:bo	v.	jouer
椅子	yi:zi	n.	chaise
猪	zhu	n.	cochon
近代	jin:dai	n.	temps modernes
推荐的	tui:jian:de	adj.	recommandé
手臂	shou:bi	n.	bras
电商	dian:shang	n.	e-commerce
一点点	yi:dian:dian	adv.	un peu
疗法	liao:fa	n.	thérapie
宁波市	ning:bo:shi	n.	Ningbo
拥抱	yong:bao	v.	étreindre
邓小平	deng:xiao:ping	n.	Deng Xiaoping
暖	nuan	adj.	chaud
挣	zheng	v.	gagner
走路	zou:lu	v.	marcher
新帖	xin:tie	n.	nouveau message
准备工作	zhun:bei:gong:zuo	n.	préparation
有限的	you:xian:de	adj.	limité
定向	ding:xiang	v.	orienter
这是因为	zhe:shi:yin:wei	conj.	c'est parce que
一大批	yi:da:pi	num.	une grande quantité
奖项	jiang:xiang	n.	prix
边界	bian:jie	n.	frontière
可以选择	ke:yi:xuan:ze	v.	pouvoir choisir
产品规格	chan:pin:gui:ge	n.	spécifications du produit
下方	xia:fang	n.	partie inférieure
加剧	jia:ju	v.	aggraver
通讯地址	tong:xun:di:zhi	n.	adresse
期间的	qi:jian:de	adj.	pendant cette période
社会团体	she:hui:tuan:ti	n.	association
球场	qiu:chang	n.	terrain de sport
西安市	xi:an:shi	n.	Xi'an
元旦	yuan:dan	n.	nouvel an
副所长	fu:suo:zhang	n.	sous-directeur
所长	suo:zhang	n.	directeur
男友	nan:you	n.	petit ami
立项	li:xiang	v.	approuver un projet
人心	ren:xin	n.	cœur des gens
免费下载	mian:fei:xia:zai	v.	téléchargement gratuit
质地	zhi:di	n.	texture
印章	yin:zhang	n.	sceau
清水	qing:shui	n.	eau claire
米饭	mi:fan	n.	riz cuit
车次	che:ci	n.	numéro de train
第二十三条	di:er:shi:san:tiao	num.	article 23
推翻	tui:fan	v.	renverser
成功地	cheng:gong:de	adv.	avec succès
总理	zong:li	n.	premier ministre
深深的	shen:shen:de	adj.	profond
旦	dan	n.	aube
信托	xin:tuo	n.	fiducie
估	gu	v.	estimer
比起	bi:qi	prep.	par rapport à
本专业	ben:zhuan:ye	n.	cette spécialité
坦	tan	adj.	franc
年月日	nian:yue:ri	n.	date
惠普	hui:pu	n.	HP
薪水	xin:shui	n.	salaire
通话	tong:hua	n.	communication
碰撞	peng:zhuang	v.	heurter
从来没有	cong:lai:mei:you	adv.	jamais
须知	xu:zhi	n.	avis
灰色	hui:se	n.	gris
中国市场	zhong:guo:shi:chang	n.	marché chinois
替换	ti:huan	v.	remplacer
宽容	kuan:rong	adj.	tolérant
恶心	e:xin	v.	avoir la nausée
恶心	e:xin	adj.	dégoûtant
核对	he:dui	v.	vérifier
其间	qi:jian	n.	entre-temps
第一名	di:yi:ming	n.	la première place
噪音	zao:yin	n.	bruit
肩膀	jian:bang	n.	épaule
树木	shu:mu	n.	arbre
机床	ji:chuang	n.	machine-outil
酸奶	suan:nai	n.	yaourt
流失	liu:shi	v.	fuir
甘	gan	adj.	doux
瓶颈	ping:jing	n.	goulot d'étranglement
基础设施建设	ji:chu:she:shi:jian:she	n.	construction d'infrastructures
阀门	fa:men	n.	vanne
否认	fou:ren	v.	nier
乌鲁木齐	wu:lu:mu:qi	n.	Urümqi
水电	shui:dian	n.	hydroélectricité
水电	shui:dian	n.	eau et électricité
实施细则	shi:shi:xi:ze	n.	règles d'application
高性能	gao:xing:neng	adj.	haute performance
下滑	xia:hua	v.	glisser vers le bas
高山	gao:shan	n.	haute montagne
佩	pei	v.	admirer
劳务	lao:wu	n.	travail
启示	qi:shi	n.	revelation
启示	qi:shi	n.	enseignement
基金会	ji:jin:hui	n.	fondation
微生物	wei:sheng:wu	n.	microorganisme
精通	jing:tong	v.	maîtriser
会展	hui:zhan	n.	exposition
莱	lai	n.	chénopode
半导体	ban:dao:ti	n.	semiconducteur
副部长	fu:bu:zhang	n.	ministre adjoint
不明	bu:ming	adj.	incertain
法学院	fa:xue:yuan	n.	faculté de droit
发表者	fa:biao:zhe	n.	publicateur
企业发展	qi:ye:fa:zhan	n.	développement de l'entreprise
香味	xiang:wei	n.	parfum
没办法	mei:ban:fa	v.	ne pouvoir rien faire
享	xiang	v.	jouir de
演奏	yan:zou	v.	interpréter
争夺	zheng:duo	v.	disputer
吼	hou	v.	hurler
吼	hou	n.	hurlement
批量	pi:liang	n.	lot
构	gou	v.	construire
娃娃	wa:wa	n.	poupée
现货	xian:huo	n.	marchandise
秋季	qiu:ji	n.	automne
所得税	suo:de:shui	n.	impôt sur le revenu
电子政务	dian:zi:zheng:wu	n.	cybergouvernement
前所未有	qian:suo:wei:you	adj.	sans précédent
绝望	jue:wang	n.	désespoir
绝望	jue:wang	v.	désespérer
共青团	gong:qing:tuan	n.	Ligue des jeunes communistes
央视	yang:shi	n.	CCTV de Chine
不该	bu:gai	v.	ne pas devoir
这边	zhe:bian	pron.	ici
禁用	jin:yong	v.	désactiver
职业技术学院	zhi:ye:ji:shu:xue:yuan	n.	institut professionnel
旋律	xuan:lv	n.	mélodie
联合会	lian:he:hui	n.	fédération
很是	hen:shi	adv.	très
付费	fu:fei	v.	payer
助手	zhu:shou	n.	assistant
寒冷	han:leng	adj.	froid
修养	xiu:yang	n.	culture
价钱	jia:qian	n.	prix
管理中心	guan:li:zhong:xin	n.	centre de gestion
一夜	yi:ye	n.	une nuit
赞助	zan:zhu	v.	parrainer
赞助	zan:zhu	n.	parrainage
管理层	guan:li:ceng	n.	direction
粉	fen	n.	poudre
粉	fen	adj.	rosa
开头	kai:tou	n.	début
生产商	sheng:chan:shang	n.	fabricant
桌子	zhuo:zi	n.	table
工序	gong:xu	n.	procédé
以色列	yi:se:lie	n.	Israël
经贸	jing:mao	n.	économie et commerce
社会化	she:hui:hua	v.	socialiser
社会化	she:hui:hua	n.	socialisation
吻	wen	v.	embrasser
吻	wen	n.	baiser
行人	xing:ren	n.	piéton
不顾	bu:gu	v.	sans tenir compte de
绍兴	shao:xing	n.	Shaoxing
纵横	zong:heng	v.	traverser
智能化	zhi:neng:hua	v.	intellectualiser
智能化	zhi:neng:hua	n.	intellectualisation
家教	jia:jiao	n.	précepteur
家教	jia:jiao	n.	éducation familiale
潜	qian	v.	plonger
潜	qian	adj.	caché
编译	bian:yi	v.	compiler
难免	nan:mian	adj.	inévitable
难免	nan:mian	adv.	inévitablement
往来	wang:lai	v.	entretenir des relations
往来	wang:lai	n.	relations
防守	fang:shou	v.	défendre
防守	fang:shou	n.	défense
登上	deng:shang	v.	monter
巨头	ju:tou	n.	groupe puissant
上司	shang:si	n.	supérieur
其他人	qi:ta:ren	n.	autrui
瓶	ping	mw.	bouteille
上架	shang:jia	v.	mettre en rayon
上架	shang:jia	v.	sortir
景象	jing:xiang	n.	paysage
光滑	guang:hua	adj.	lisse
抵抗	di:kang	v.	résister
抵抗	di:kang	n.	résistance
驾校	jia:xiao	n.	auto-école
错过	cuo:guo	v.	rater
网点	wang:dian	n.	agence
网点	wang:dian	n.	nœud de réseau
飞翔	fei:xiang	v.	voler
偶	ou	n.	idole
偶	ou	num.	pair
偶	ou	adv.	par hasard
图层	tu:ceng	n.	calque
身为	shen:wei	v.	être en tant que
戒	jie	v.	renoncer
戒	jie	n.	discipline
单个	dan:ge	adj.	individuel
合金	he:jin	n.	alliage
吉祥	ji:xiang	adj.	auspiceux
第一批	di:yi:pi	num.	premier lot
十足	shi:zu	adj.	plein
双向	shuang:xiang	adj.	bidirectionnel
春秋	chun:qiu	n.	printemps et automne
春秋	chun:qiu	n.	âge
整整	zheng:zheng	adv.	entier
协同	xie:tong	v.	coordonner
协同	xie:tong	adj.	collaboratif
副总裁	fu:zong:cai	n.	vice-président
浓	nong	adj.	épais
浓	nong	adj.	fort
毁	hui	v.	détruire
销	xiao	v.	vendre
销	xiao	v.	annuler
度过	du:guo	v.	passer
银子	yin:zi	n.	argent
不信	bu:xin	v.	ne pas croire
迪	di	v.	éclairer
产业链	chan:ye:lian	n.	chaîne industrielle
紧紧	jin:jin	adv.	fermement
签发	qian:fa	v.	signer et émettre
贵阳	gui:yang	n.	Guiyang
车内	che:nei	n.	l'intérieur du véhicule
偶像	ou:xiang	n.	idole
人力资源管理	ren:li:zi:yuan:guan:li	n.	gestion des ressources humaines
祝贺	zhu:he	v.	féliciter
祝贺	zhu:he	n.	félicitations
拒	ju	v.	refuser
渔业	yu:ye	n.	pêche
原装	yuan:zhuang	adj.	original
所在地区	suo:zai:di:qu	n.	région
医疗卫生	yi:liao:wei:sheng	n.	santé
绕	rao	v.	contourner
我们党	wo:men:dang	n.	notre parti
热水	re:shui	n.	eau chaude
能力强	neng:li:qiang	adj.	capable
雕塑	diao:su	n.	sculpture
雕塑	diao:su	v.	sculpter
埃及	ai:ji	n.	Égypte
使用的	shi:yong:de	adj.	utilisé
影史	ying:shi	n.	histoire du cinéma
骄傲	jiao:ao	adj.	fier
骄傲	jiao:ao	n.	orgueil
找了	zhao:le	v.	cherché
拉动	la:dong	v.	stimuler
放行	fang:xing	v.	laisser passer
跳舞	tiao:wu	v.	danser
登山	deng:shan	v.	faire l'ascension
自带	zi:dai	v.	apporter soi-même
有力的	you:li:de	adj.	puissant
市内	shi:nei	n.	dans la ville
柔和	rou:he	adj.	doux
光荣	guang:rong	adj.	glorieux
光荣	guang:rong	n.	honneur
一经	yi:jing	conj.	dès que
勒	le	v.	retenir
勒	lei	v.	serrer
捐款	juan:kuan	n.	don
捐款	juan:kuan	v.	faire un don
来临	lai:lin	v.	arriver
不稳定	bu:wen:ding	adj.	instable
底部	di:bu	n.	fond
伸出	shen:chu	v.	tendre
也不知道	ye:bu:zhi:dao	v.	n'avoir aucune idée
瑞典	rui:dian	n.	Suède
山的	shan:de	adj.	de montagne
知识分子	zhi:shi:fen:zi	n.	intellectuel
朗	lang	adj.	clair
发热	fa:re	v.	avoir de la fièvre
借款	jie:kuan	n.	prêt
借款	jie:kuan	v.	emprunter
教会	jiao:hui	n.	église
教会	jiao:hui	v.	enseigner
将近	jiang:jin	adv.	près de
每一次	mei:yi:ci	pron.	chaque fois
前方	qian:fang	n.	devant
只得	zhi:de	adv.	ne pouvoir que
豆浆	dou:jiang	n.	lait de soja
桌上	zhuo:shang	n.	sur la table
十二月	shi:er:yue	n.	décembre
毫升	hao:sheng	n.	millilitre
中央电视台	zhong:yang:dian:shi:tai	n.	CCTV-Televisión
没错	mei:cuo	adj.	exact
窗户	chuang:hu	n.	fenêtre
西门子	xi:men:zi	n.	Siemens
面临着	mian:lin:zhe	v.	faire face
评议	ping:yi	v.	délibérer
面部	mian:bu	n.	v visage
流传	liu:chuan	v.	se propager
四季	si:ji	n.	quatre saisons
违背	wei:bei	v.	violer
词语	ci:yu	n.	mot
着手	zhuo:shou	v.	entamer
嘻	xi	onom.	rire
这一次	zhe:yi:ci	n.	cette fois
那儿	na:er	pron.	là-bos
第三个	di:san:ge	n.	troisième
尾	wei	n.	queue
善良	shan:liang	adj.	bon
东南	dong:nan	n.	sud-est
帐	zhang	n.	compte
何况	he:kuang	conj.	encore moins
过客	guo:ke	n.	passant
废	fei	adj.	abandonné
速率	su:lv	n.	vitesse
冶金	ye:jin	n.	métallurgie
万一	wan:yi	conj.	au cas où
延	yan	v.	prolonger
机器人	ji:qi:ren	n.	robot
路由	lu:you	n.	routage
教案	jiao:an	n.	cours préparé
推介	tui:jie	v.	recommander
六月	liu:yue	n.	juin
衔接	xian:jie	v.	relier
敲	qiao	v.	frapper
来回	lai:hui	adv.	aller-retour
烂	lan	adj.	pourri
自考	zi:kao	n.	examen libre
经济建设	jing:ji:jian:she	n.	édification économique
白糖	bai:tang	n.	sucre blanc
创立	chuang:li	v.	fonder
文书	wen:shu	n.	documents
带头	dai:tou	v.	mener
独有	du:you	adj.	particulier
美白	mei:bai	v.	blanchir
曼	man	n.	Mann
紫色	zi:se	n.	violet
厌	yan	v.	détester
色泽	se:ze	n.	couleur et éclat
宜	yi	adj.	adapté
路边	lu:bian	n.	bord de la route
新华	xin:hua	n.	Xinhua
中学生	zhong:xue:sheng	n.	colégien
圣诞节	sheng:dan:jie	n.	Noël
几分	ji:fen	num.	quelques
羞	xiu	adj.	honteux
勉强	mian:qiang	adv.	difficilement
指着	zhi:zhe	v.	montrer
喂	wei	int.	allô
喂	wei	v.	nourrir
敢于	gan:yu	v.	oser
中文版	zhong:wen:ban	n.	édition chinoise
投产	tou:chan	v.	mettre en production
在一些	zai:yi:xie	prep.	dans certains
建立一个	jian:li:yi:ge	v.	établir un
方便面	fang:bian:mian	n.	nouilles instantanées
吟	yin	v.	réciter
您还	nin:hai	pron.	vous encore
七月	qi:yue	n.	juillet
声誉	sheng:yu	n.	réputation
时装	shi:zhuang	n.	mode
歌声	ge:sheng	n.	chant
普查	pu:cha	n.	enquête générale
这个世界	zhe:ge:shi:jie	n.	ce monde
滴	di	mw.	goutte
滴	di	v.	goutter
拉萨	la:sa	n.	Lhassa
分组	fen:zu	v.	répartir en groupes
分组	fen:zu	n.	groupement
候选人	hou:xuan:ren	n.	candidat
快感	kuai:gan	n.	plaisir
龙头企业	long:tou:qi:ye	n.	entreprise vedette
洲	zhou	n.	continent
爹	die	n.	papa
艳	yan	adj.	éclatant
之所	zhi:suo	part.	ce qui
比亚迪	bi:ya:di	n.	BYD
晴	qing	adj.	serein
可口可乐	ke:kou:ke:le	n.	Coca-Cola
示例	shi:li	n.	exemple
一味	yi:wei	adv.	constamment
武林	wu:lin	n.	milieu des arts martiaux
进军	jin:jun	v.	marcher vers
看了看	kan:le:kan	v.	regarder un peu
意图	yi:tu	n.	intention
印发	yin:fa	v.	imprimer et diffuser
起身	qi:shen	v.	se lever
想让	xiang:rang	v.	vouloir laisser
要知道	yao:zhi:dao	v.	il faut savoir
坚实的	jian:shi:de	adj.	solide
星期	xing:qi	n.	semaine
几乎是	ji:hu:shi	adv.	c'est presque
抚	fu	v.	apaiser
十个	shi:ge	num.	dix
澳洲	ao:zhou	n.	Australie
显示出	xian:shi:chu	v.	montrer
社会科学	she:hui:ke:xue	n.	sciences sociales
转帖	zhuan:tie	v.	rediffuser
转帖	zhuan:tie	n.	partage
小儿	xiao:er	n.	jeune enfant
前途	qian:tu	n.	avenir
外交	wai:jiao	n.	diplomatie
评委	ping:wei	n.	membre du jury
格外	ge:wai	adv.	particulièrement
演唱会	yan:chang:hui	n.	concert
约会	yue:hui	n.	rendez-vous
约会	yue:hui	v.	avoir rendez-vous
缩	suo	v.	rétrécir
外包	wai:bao	v.	sous-traitance
索取	suo:qu	v.	demander
援助	yuan:zhu	n.	aide
援助	yuan:zhu	v.	aider
经营权	jing:ying:quan	n.	droit d'exploitation
爱国	ai:guo	v.	aimer sa patrie
第二十四条	di:er:shi:si:tiao	n.	article 24
农机	nong:ji	n.	machines agricoles
县政府	xian:zheng:fu	n.	gouvernement du comté
加之	jia:zhi	adv.	de plus
去掉	qu:diao	v.	enlever
三月	san:yue	n.	mars
手下	shou:xia	n.	subordonné
图例	tu:li	n.	légende
嘴唇	zui:chun	n.	lèvre
大桥	da:qiao	n.	grand pont
协	xie	v.	assister
景色	jing:se	n.	paysage
庆祝	qing:zhu	v.	célébrer
内容简介	nei:rong:jian:jie	n.	résumé du contenu
北海	bei:hai	n.	Beihai
脖子	bo:zi	n.	cou
出身	chu:shen	n.	origins
叔叔	shu:shu	n.	oncle
卡通	ka:tong	n.	drawing animé
详细内容	xiang:xi:nei:rong	n.	contenu détaillé
真相	zhen:xiang	n.	vérité
养老	yang:lao	v.	entretenir les personnes âgées
骗子	pian:zi	n.	escroc
央	yang	v.	supplier
货款	huo:kuan	n.	paiement des marchandises
不许	bu:xu	v.	ne pas permettre
着重	zhuo:zhong	v.	mettre l'accent
着重	zhuo:zhong	adv.	particulièrement
战胜	zhan:sheng	v.	vaincre
信贷	xin:dai	n.	crédit
悔	hui	v.	regretter
艹	cao	n.	radical de l'herbe
常委会	chang:wei:hui	n.	comité permanent
密切	mi:qie	adj.	étroit
乙醇	yi:chun	n.	éthanol
相关资料	xiang:guan:zi:liao	n.	documentation pertinente
行列	hang:lie	n.	rangs
仿真	fang:zhen	n.	simulation
旅馆	lv:guan	n.	hôtel
逍遥	xiao:yao	adj.	free
直接责任人员	zhi:jie:ze:ren:ren:yuan	n.	responsable direct
坐着	zuo:zhe	v.	s'asseoir
油脂	you:zhi	n.	corp gras
总面积	zong:mian:ji	n.	surface totale
假期	jia:qi	n.	vacances
询价	xun:jia	v.	demander un devis
病变	bing:bian	n.	lésion
市政	shi:zheng	n.	administration municipale
不包括	bu:bao:kuo	v.	ne pas includer
盛大	sheng:da	adj.	somptueux
看待	kan:dai	v.	considérer
长大	zhang:da	v.	grandir
申明	shen:ming	v.	déclarer
红柿	hong:shi	n.	tomate allongée
分管	fen:guan	v.	se charger de la gestion
客运	ke:yun	n.	transport de voyageurs
肚子	du:zi	n.	ventre
化肥	hua:fei	n.	engrais chimique
肖	xiao	n.	Xiao (nom)
内心的	nei:xin:de	adj.	intérieur
缠	chan	v.	enrouler
脆	cui	adj.	croustillant
总线	zong:xian	n.	bus (technique)
老化	lao:hua	v.	vieillir
开工	kai:gong	v.	commencer les travaux
痕	hen	n.	trace
心思	xin:si	n.	pensées
大片	da:pian	n.	superproduction
生命力	sheng:ming:li	n.	vitalité
新课程	xin:ke:cheng	n.	nouveau cursus
软件开发	ruan:jian:kai:fa	n.	développement logiciel
出品	chu:pin	v.	produire
出行	chu:xing	v.	se déplacer
官方网站	guan:fang:wang:zhan	n.	site officiel
买入	mai:ru	v.	acheter
伍	wu	num.	cinq
看书	kan:shu	v.	lire
病例	bing:li	n.	cas médical
气势	qi:shi	n.	élan
寂	ji	adj.	solitaire
何种	he:zhong	pron.	quel genre
流畅	liu:chang	adj.	courant
达标	da:biao	v.	atteindre la norme
政务	zheng:wu	n.	affaires gouvernementales
直播	zhi:bo	n.	direct
得意	de:yi	adj.	fier de soi
咳嗽	ke:sou	v.	tousser
行了	xing:le	v.	c'est assez
个人资料	ge:ren:zi:liao	n.	informations personnelles
编辑器	bian:ji:qi	n.	éditeur
未必	wei:bi	adv.	pas nécessairement
住所	zhu:suo	n.	résidence
杀毒软件	sha:du:ruan:jian	n.	antivirus
牛肉	niu:rou	n.	bœuf
阶层	jie:ceng	n.	couche sociale
掌握了	zhang:wo:le	v.	a maîtrisé
子宫	zi:gong	n.	utérus
丰田	feng:tian	n.	Toyota
封面	feng:mian	n.	couverture
告别	gao:bie	v.	faire ses adieux
发现自己	fa:xian:zi:ji	v.	se découvrir
国家机关	guo:jia:ji:guan	n.	organe d'État
但又	dan:you	conj.	mais aussi
红包	hong:bao	n.	enveloppe rouge
但没	dan:mei	conj.	mais n'a pas
有哪些	you:na:xie	v.	lesquels y a-t-il
店里	dian:li	n.	dans le magasin
产品价格	chan:pin:jia:ge	n.	prix du produit
潜能	qian:neng	n.	potentiel
请通知	qing:tong:zhi	v.	veuillez aviser
圆形	yuan:xing	n.	cercle
老头	lao:tou	n.	vieil old man
万物	wan:wu	n.	toutes choses
看完	kan:wan	v.	avoir fini de lire
发展中国家	fa:zhan:zhong:guo:jia	n.	pays en développement
医治	yi:zhi	v.	soigner
为她	wei:ta	prep.	pour elle
呼吁	hu:yu	v.	appeler à
地形	di:xing	n.	relief
袭击	xi:ji	v.	attaquer
第二届	di:er:jie	num.	deuxième (session)
刚开始	gang:kai:shi	adv.	viens de commencer
信息来源	xin:xi:lai:yuan	n.	source d'information
遗传	yi:chuan	n.	hérédité
近来	jin:lai	adv.	récemment
民营	min:ying	adj.	privé
执业资格	zhi:ye:zi:ge	n.	qualification professionnelle
亮相	liang:xiang	v.	se montrer au public
启	qi	v.	ouvrir
保湿	bao:shi	v.	hydrater
几句	ji:ju	num.	quelques phrases
翔	xiang	v.	s'élancer
悬挂	xuan:gua	v.	suspendre
路段	lu:duan	n.	tronçon de route
毫克	hao:ke	mw.	milligramme
为确保	wei:que:bao	conj.	pour assurer
阻力	zu:li	n.	résistance
避开	bi:kai	v.	éviter
是一项	shi:yi:xiang	v.	est un (article)
心目中	xin:mu:zhong	n.	dans l'esprit
坦克	tan:ke	n.	char
薄	bao	adj.	mince
薄	bo	adj.	faible
旅游局	lv:you:ju	n.	office de tourisme
名词	ming:ci	n.	nom
服务商	fu:wu:shang	n.	fournisseur de services
很重要	hen:zhong:yao	adj.	très important
阿姨	a:yi	n.	tante
阿姨	a:yi	n.	bonne
狮子	shi:zi	n.	lion
资本主义	zi:ben:zhu:yi	n.	capitalisme
普洱茶	pu:er:cha	n.	thé Pu'er
奖品	jiang:pin	n.	prix
集装箱	ji:zhuang:xiang	n.	conteneur
皮革	pi:ge	n.	cuir
货运	huo:yun	n.	fret
价款	jia:kuan	n.	prix
自学	zi:xue	v.	s'autoformer
丰富多彩	feng:fu:duo:cai	adj.	riche et varié
倾斜	qing:xie	v.	incliner
倾斜	qing:xie	adj.	incliné
浑身	hun:shen	adv.	de tout le corps
挣扎	zheng:zha	v.	se débattre
相遇	xiang:yu	v.	se rencontrer
向外	xiang:wai	adv.	vers l'extérieur
跟随	gen:sui	v.	suivre
权属	quan:shu	n.	titre de propriété
日本人	ri:ben:ren	n.	Japonais
打折	da:zhe	v.	faire une réduction
占领	zhan:ling	v.	occuper
千克	qian:ke	n.	kilogramme
真情	zhen:qing	n.	sentiments sincères
项目经理	xiang:mu:jing:li	n.	chef de projet
抓紧	zhua:jin	v.	serrer fermement
抓紧	zhua:jin	v.	se dépêcher
侯	hou	n.	marquis
侯	hou	n.	nom Hou
西红柿	xi:hong:shi	n.	tomate
理科	li:ke	n.	sciences
调度	diao:du	v.	réguler
调度	diao:du	n.	régulation
商品型号	shang:pin:xing:hao	n.	modèle de produit
劝	quan	v.	persuader
高三	gao:san	n.	terminale
保温	bao:wen	v.	maintenir au chaud
开辟	kai:pi	v.	ouvrir
一共	yi:gong	adv.	au total
浓郁	nong:yu	adj.	riche
浓郁	nong:yu	adj.	prononcé
填充	tian:chong	v.	remplir
温州市	wen:zhou:shi	n.	Wenzhou
招聘职位	zhao:pin:zhi:wei	n.	offre d'emploi
风景区	feng:jing:qu	n.	zone pittoresque
单位名称	dan:wei:ming:cheng	n.	nom d'organisation
时段	shi:duan	n.	créneau
法律规定	fa:lv:gui:ding	n.	disposition légale
远处	yuan:chu	n.	loin
资本市场	zi:ben:shi:chang	n.	marché des capitaux
节制	jie:zhi	v.	se modérer
郭	guo	n.	nom Guo
奴	nu	n.	esclave
鸣	ming	v.	chanter
花钱	hua:qian	v.	dépenser de l'argent
破解版	po:jie:ban	n.	version crackée
兴建	xing:jian	v.	construire
鲁迅	lu:xun	n.	Lu Xun
地步	di:bu	n.	degré
工程项目	gong:cheng:xiang:mu	n.	projet d'ingénierie
倾	qing	v.	verser
招聘信息	zhao:pin:xin:xi	n.	offre d'emploi
打分	da:fen	v.	noter
动人	dong:ren	adj.	émouvant
性交	xing:jiao	v.	rapport sexuel
学期	xue:qi	n.	semestre
采取措施	cai:qu:cuo:shi	v.	prendre des mesures
研究人员	yan:jiu:ren:yuan	n.	chercheur
内向	nei:xiang	adj.	introverti
彩虹	cai:hong	n.	arc-en-ciel
局域网	ju:yu:wang	n.	réseau local
到期	dao:qi	v.	expirer
买房	mai:fang	v.	acheter une maison
公关	gong:guan	n.	relations publiques
南海	nan:hai	n.	mer de Chine méridionale
匆匆	cong:cong	adj.	pressé
出差	chu:chai	v.	être en mission
个股	ge:gu	n.	action individuelle
前列	qian:lie	n.	première ligne
质疑	zhi:yi	v.	mettre en doute
台阶	tai:jie	n.	marche
悲哀	bei:ai	adj.	triste
经营理念	jing:ying:li:nian	n.	philosophie d'entreprise
彼	bi	pron.	ce autre
考评	kao:ping	v.	évaluer
首家	shou:jia	n.	première entreprise
扩散	kuo:san	v.	se propager
有种	you:zhong	adj.	avoir du culot
被告人	bei:gao:ren	n.	accusé
全民	quan:min	n.	toute la population
字幕	zi:mu	n.	sous-titres
平民	ping:min	n.	civil
副会长	fu:hui:zhang	n.	vice-président
尊严	zun:yan	n.	dignité
卖场	mai:chang	n.	centre commercial
从业	cong:ye	v.	exercer un métier
美人	mei:ren	n.	belle beauté
异地	yi:di	n.	autre lieu
激素	ji:su	n.	hormone
侧面	ce:mian	n.	côté
来访	lai:fang	v.	venir visiter
扔	reng	v.	jeter
登记表	deng:ji:biao	n.	formulaire d'inscription
好朋友	hao:peng:you	n.	bon ami
撒	sa	v.	répandre
种族	zhong:zu	n.	race
药店	yao:dian	n.	pharmacie
共同努力	gong:tong:nu:li	v.	travailler ensemble
几乎所有	ji:hu:suo:you	adj.	près de tout
豫	yu	n.	abbrev. du Henan
豫	yu	n.	abrév. du Henan
感慨	gan:kai	v.	soupirer d'émotion
存档	cun:dang	v.	archiver
风水	feng:shui	n.	feng shui
先行	xian:xing	v.	aller en premier
党员干部	dang:yuan:gan:bu	n.	membre et cadre du parti
青岛市	qing:dao:shi	n.	ville de Qingdao
佩服	pei:fu	v.	admirer
质量问题	zhi:liang:wen:ti	n.	problème de qualité
故乡	gu:xiang	n.	patrie
故乡	gu:xiang	n.	ville natale
改装	gai:zhuang	v.	modifier
举动	ju:dong	n.	geste
当下	dang:xia	n.	à l'instant
优美	you:mei	adj.	gracieux
检	jian	v.	inspecter
妨碍	fang:ai	v.	gêner
裁判	cai:pan	n.	arbitre
右键	you:jian	n.	clic droit
低温	di:wen	n.	basse température
针	zhen	n.	aiguille
耀	yao	v.	briller
无忧	wu:you	adj.	sans souci
痴	chi	adj.	insensé
所在单位	suo:zai:dan:wei	n.	organisme d'attache
姆	mu	n.	nourrice
篇	pian	mw.	measure pour articles
篇	pian	mw.	mesure pour articles
椅	yi	n.	chaise
乃是	nai:shi	v.	être
厂	chang	n.	usine
美国人	mei:guo:ren	n.	Américain
采取的	cai:qu:de	part.	pris d'une mesure
刚好	gang:hao	adv.	justement
联手	lian:shou	v.	unir ses forces
最后一个	zui:hou:yi:ge	n.	le dernier
管制	guan:zhi	v.	contrôler
遇见	yu:jian	v.	rencontrer
董	dong	v.	diriger
压抑	ya:yi	v.	réprimer
全自动	quan:zi:dong	adj.	entièrement automatique
去吧	qu:ba	v.	allons-y
射击	she:ji	v.	tirer
运气	yun:qi	n.	Chance
造访	zao:fang	v.	visiter
之前的	zhi:qian:de	adj.	précédent
熊	xiong	n.	ours
坐下	zuo:xia	v.	s'asseoir
强行	qiang:xing	adv.	forcément
埋	mai	v.	enterrer
电视机	dian:shi:ji	n.	téléviseur
评比	ping:bi	v.	évaluer und vergleichen
空军	kong:jun	n.	armée de l'air
凝聚力	ning:ju:li	n.	cohésion
暴露	bao:lu	v.	exposer
乖	guai	adj.	sage
举行了	ju:xing:le	v.	a tenu
上线	shang:xian	v.	mettre en ligne
狐	hu	n.	renard
公共服务	gong:gong:fu:wu	n.	service public
可不	ke:bu	adv.	bien sûr
增进	zeng:jin	v.	promouvoir
君子	jun:zi	n.	gentilhomme
因其	yin:qi	prep.	à cause de cela
区间	qu:jian	n.	intervalle
外资企业	wai:zi:qi:ye	n.	entreprise à capital étranger
与技术	yu:ji:shu	prep.	et la technologie
蒋	jiang	n.	Jiang
吉他	ji:ta	n.	guitare
婆婆	po:po	n.	belle-mère
申诉	shen:su	v.	faire appel
踏	ta	v.	fouler
合力	he:li	n.	effort commun
永远的	yong:yuan:de	adj.	éternel
隆	long	n.	Long
液晶	ye:jing	n.	cristal liquide
括	kuo	v.	inclure
难怪	nan:guai	adv.	pas étonnant
圆满	yuan:man	adj.	parfait
佛山市	fo:shan:shi	n.	Foshan
潮	chao	n.	marée
再见	zai:jian	v.	au revoir
无线电	wu:xian:dian	n.	radio
用以	yong:yi	v.	servir à
实用的	shi:yong:de	adj.	pratique
在网站	zai:wang:zhan	prep.	sur le site
联邦	lian:bang	n.	fédération
唉	ai	int.	hélas
摇头	yao:tou	v.	secouer la tête
困境	kun:jing	n.	impasse
店面	dian:mian	n.	Devanture
供求	gong:qiu	n.	offre et demande
阶级	jie:ji	n.	classe
综合素质	zong:he:su:zhi	n.	qualités globales
流氓	liu:mang	n.	Voyou
七年	qi:nian	num.	sept ans
置顶	zhi:ding	v.	épingler
制备	zhi:bei	v.	préparer
下一篇	xia:yi:pian	n.	article suivant
团委	tuan:wei	n.	Comité de ligue de jeunes
分级	fen:ji	v.	classer
限额	xian:e	n.	quota
有关问题	you:guan:wen:ti	n.	question concernée
身旁	shen:pang	n.	côté
几个方面	ji:ge:fang:mian	n.	plusieurs aspects
穷	qiong	adj.	pauvre
崇拜	chong:bai	v.	vénérer
胖子	pang:zi	n.	gros
聪	cong	adj.	intelligent
解脱	jie:tuo	n.	délivrance
同情	tong:qing	v.	compatir
茅台	mao:tai	n.	Maotai
有事	you:shi	v.	avoir un empêchement
摆放	bai:fang	v.	disposer
减免	jian:mian	v.	réduire ou exonérer
城市建设	cheng:shi:jian:she	n.	construction urbaine
帽子	mao:zi	n.	chapeau
总版主	zong:ban:zhu	n.	modérateur en chef
眼球	yan:qiu	n.	globe oculaire
关机	guan:ji	v.	éteindre
南山	nan:shan	n.	Nanshan
忽略	hu:lve	v.	négliger
除此之外	chu:ci:zhi:wai	conj.	en dehors de cela
加深	jia:shen	v.	approfondir
术后	shu:hou	n.	postopératoire
探测	tan:ce	v.	détecter
壁纸	bi:zhi	n.	fond d'écran
咨询服务	zi:xun:fu:wu	n.	service de conseil
器官	qi:guan	n.	organe
抗生素	kang:sheng:su	n.	antibiotique
落地	luo:di	v.	atterrir
买到	mai:dao	v.	réussir à acheter
小时候	xiao:shi:hou	n.	enfance
唤	huan	v.	appeler
年检	nian:jian	n.	inspection annuelle
快速回复	kuai:su:hui:fu	n.	réponse rapide
噪声	zao:sheng	n.	bruit
泰	tai	adj.	paisible
委托人	wei:tuo:ren	n.	mandant
紧张的	jin:zhang:de	adj.	tendu
世人	shi:ren	n.	le monde
童话	tong:hua	n.	cont de fées
之初	zhi:chu	n.	début
难得	nan:de	adj.	rare
鉴别	jian:bie	v.	distinctuer
吸烟	xi:yan	v.	fumer
经销	jing:xiao	v.	distribuer
老虎	lao:hu	n.	tigre
版	ban	n.	édition
雕刻	diao:ke	v.	sculpt
丰厚	feng:hou	adj.	généreux
号称	hao:cheng	v.	être réputé
交互	jiao:hu	adj.	interactif
国土	guo:tu	n.	territoire
急忙	ji:mang	adv.	dépêché
次日	ci:ri	n.	lendemain
个人信息	ge:ren:xin:xi	n.	informations personnelles
宣传教育	xuan:chuan:jiao:yu	n.	sensibilisation
在职	zai:zhi	adj.	en poste
保证责任	bao:zheng:ze:ren	n.	responsabilité de garantie
谢谢合作	xie:xie:he:zuo	int.	merci de votre coopération
翡翠	fei:cui	n.	jade
淡淡	dan:dan	adv.	légèrement
末	mo	n.	fin
一千	yi:qian	num.	mille
信息网络	xin:xi:wang:luo	n.	réseau d'information
效能	xiao:neng	n.	efficacité
购置	gou:zhi	v.	acheter
小孩子	xiao:hai:zi	n.	enfant
心头	xin:tou	n.	coeur
好吃	hao:chi	adj.	délicieux
配套设施	pei:tao:she:shi	n.	installations connexes
民用	min:yong	adj.	civil
区县	qu:xian	n.	arrondissements et districts
分析师	fen:xi:shi	n.	analyste
度假	du:jia	v.	passer des vacances
鱼类	yu:lei	n.	poissons
清代	qing:dai	n.	dynastie Qing
第二十六条	di:er:shi:liu:tiao	num.	article 26
负债	fu:zhai	v.	être endetté
负债	fu:zhai	n.	passif
遏制	e:zhi	v.	endiguer
旗	qi	n.	drapeau
绑定	bang:ding	v.	lier
八月	ba:yue	n.	août
仪	yi	n.	cérémonie
流浪	liu:lang	v.	errer
妊娠	ren:shen	n.	grossesse
感叹	gan:tan	v.	soupirer
焦	jiao	adj.	brûlé
旅游者	lv:you:zhe	n.	touriste
修行	xiu:xing	v.	pratiquer
同志们	tong:zhi:men	n.	camarades
公章	gong:zhang	n.	cachet officiel
研究成果	yan:jiu:cheng:guo	n.	résultats de recherche
长老	zhang:lao	n.	ancien
明代	ming:dai	n.	dynastie Ming
猫	mao	n.	chat
越是	yue:shi	adv.	plus
美妙	mei:miao	adj.	merveilleux
职员	zhi:yuan	n.	employé
评测	ping:ce	n.	évaluation
尽情	jin:qing	adv.	à souhait
戴尔	dai:er	n.	Dell
石材	shi:cai	n.	pierre
新款	xin:kuan	n.	nouveau modèle
航线	hang:xian	n.	route
北美	bei:mei	n.	Amérique du Nord
富裕	fu:yu	adj.	riche
放开	fang:kai	v.	lâcher
变压器	bian:ya:qi	n.	transformateur
拟定	ni:ding	v.	élaborer
留学生	liu:xue:sheng	n.	étudiant étranger
倾听	qing:ting	v.	écouter attentivement
东东	dong:dong	n.	Dongdong
第一位	di:yi:wei	num.	premier
铝合金	lv:he:jin	n.	alliage d'aluminium
盗	dao	v.	voler
好在	hao:zai	adv.	heureusement
月光	yue:guang	n.	lumière de lune
摩擦	mo:ca	v.	frotter
侍	shi	v.	servir
柴油	chai:you	n.	gasoil
款	kuan	n.	somme
艰难	jian:nan	adj.	difficile
某某	mou:mou	pron.	un tel
折磨	zhe:mo	v.	tourmenter
气味	qi:wei	n.	odeur
拾	shi	v.	ramasser
你我	ni:wo	pron.	toi et moi
提议	ti:yi	v.	proposer
荒	huang	adj.	stérile
春季	chun:ji	n.	printemps
好坏	hao:huai	n.	qualité
新材料	xin:cai:liao	n.	nouveau matériau
电子公告	dian:zi:gong:gao	n.	avis électronique
大都	da:dou	adv.	en grande partie
西湖	xi:hu	n.	lac de l'Ouest
脾气	pi:qi	n.	tempérament
千瓦	qian:wa	n.	kilowatt
功能强大	gong:neng:qiang:da	adj.	puissant
地毯	di:tan	n.	tapis
清晰的	qing:xi:de	adj.	clair
特价机票	te:jia:ji:piao	n.	billet d'avion à prix réduit
武装	wu:zhuang	n.	armement
有趣的	you:qu:de	adj.	intéressant
最喜欢的	zui:xi:huan:de	adj.	préféré
手续费	shou:xu:fei	n.	frais de service
发展方向	fa:zhan:fang:xiang	n.	direction de développement
油墨	you:mo	n.	encre
海内外	hai:nei:wai	n.	au pays et à l'étranger
概率	gai:lv	n.	probabilité
归纳	gui:na	v.	résumer
面子	mian:zi	n.	face (considération)
联动	lian:dong	v.	lien
约翰	yue:han	n.	Jean
前辈	qian:bei	n.	ancien
中国大陆	zhong:guo:da:lu	n.	Chine continentale
时钟	shi:zhong	n.	horloge
表扬	biao:yang	v.	féliciter
特权	te:quan	n.	privilège
一首	yi:shou	mw.	(classificateur de chansons)
接轨	jie:gui	v.	raccorder
姿	zi	n.	affiche
在一定程度上	zai:yi:ding:cheng:du:shang	adv.	jusqu'à un certain point
生涯	sheng:ya	n.	carrière
林木	lin:mu	n.	arbres forestiers
域	yu	n.	domaine
搭	da	v.	prendre
切实加强	qie:shi:jia:qiang	v.	renforcer concrètement
公用	gong:yong	adj.	public
数控	shu:kong	n.	commande numérique
间隔	jian:ge	n.	intervalle
秉承	bing:cheng	v.	suivre
偶然	ou:ran	adv.	par hasard
期末	qi:mo	n.	fin de semestre
贴近	tie:jin	v.	être près de
从来	cong:lai	adv.	toujours
出错	chu:cuo	v.	faire une erreur
所属行业	suo:shu:hang:ye	n.	secteur d'activité
历程	li:cheng	n.	course
顶端	ding:duan	n.	sommet
腹部	fu:bu	n.	abdomen
更具	geng:ju	v.	encore plus
所有信息	suo:you:xin:xi	n.	toutes les informations
据此	ju:ci	adv.	sur cette base
道歉	dao:qian	v.	s'excuser
不符	bu:fu	adj.	ne pas correspondre
艺术品	yi:shu:pin	n.	objet d'art
第三次	di:san:ci	num.	troisième fois
势头	shi:tou	n.	élan
涉嫌	she:xian	v.	être soupçonné
有何	you:he	pron.	quel
最美	zui:mei	adj.	le plus beau
贵州省	gui:zhou:sheng	n.	province du Guizhou
面谈	mian:tan	n.	entretien
公交车	gong:jiao:che	n.	autobus
产品编号	chan:pin:bian:hao	n.	numéro de produit
红旗	hong:qi	n.	drapeau rouge
订货	ding:huo	v.	passer commande
食堂	shi:tang	n.	cantine
新华社	xin:hua:she	n.	agence Xinhua
唯有	wei:you	adv.	seulement
心底	xin:di	n.	fond du coeur
少许	shao:xu	adj.	un peu
刊物	kan:wu	n.	publication
在这种情况下	zai:zhe:zhong:qing:kuang:xia	adv.	dans ce cas
蜂蜜	feng:mi	n.	miel
收拾	shou:shi	v.	ranger
收拾	shou:shi	v.	châtier
弯曲	wan:qu	adj.	courbé
先前	xian:qian	adv.	auparavant
好奇	hao:qi	adj.	curieux
机箱	ji:xiang	n.	boîtier
农业生产	nong:ye:sheng:chan	n.	production agricole
挂牌	gua:pai	v.	afficher une plaque
编译器	bian:yi:qi	n.	compilateur
消费品	xiao:fei:pin	n.	biens de consommation
节水	jie:shui	v.	économiser l'eau
指责	zhi:ze	v.	critiquer
再一次	zai:yi:ci	adv.	encore une fois
理智	li:zhi	n.	raison
脉	mai	n.	pouls
脉	mai	n.	veine
接下	jie:xia	v.	accepter
反射	fan:she	n.	réflexion
反射	fan:she	v.	réfléchir
夜里	ye:li	n.	la nuit
写入	xie:ru	v.	écrire dans
看作	kan:zuo	v.	considérer comme
授	shou	v.	décerner
作物	zuo:wu	n.	culture
军官	jun:guan	n.	officier
无畏	wu:wei	adj.	intrépide
存货	cun:huo	n.	stock
亲情	qin:qing	n.	affection familiale
敏捷	min:jie	adj.	agile
俗	su	adj.	vulgaire
国债	guo:zhai	n.	dette publique
海域	hai:yu	n.	zone maritime
私营企业	si:ying:qi:ye	n.	entreprise privée
感悟	gan:wu	v.	comprendre
明确规定	ming:que:gui:ding	n.	disposition claire
管理体制	guan:li:ti:zhi	n.	système de gestion
给予警告	ji:yu:jing:gao	v.	donner un avertissement
为期	wei:qi	v.	durer (une période)
附则	fu:ze	n.	dispositions annexées
室外	shi:wai	n.	extérieur (en)
老总	lao:zong	n.	chef
答题	da:ti	v.	répondre aux questions
此人	ci:ren	pron.	cette personne
充足	chong:zu	adj.	abondant
融	rong	v.	fondre
要约	yao:yue	n.	offre (juridique)
观光	guan:guang	v.	visiter
观光	guan:guang	n.	tourisme
如不	ru:bu	conj.	si non
实业有限公司	shi:ye:you:xian:gong:si	n.	société industrielle limitée
狱	yu	n.	prison
欺	qi	v.	tricher
更深	geng:shen	adj.	tard dans la nuit
男的	nan:de	n.	homme
彩电	cai:dian	n.	TV couleur
投影机	tou:ying:ji	n.	vidéoprojecteur
核发	he:fa	v.	délivrer
各县	ge:xian	n.	chaque comté
日常生活	ri:chang:sheng:huo	n.	vie quotidienne
中国移动	zhong:guo:yi:dong	n.	China Mobile
说不定	shuo:bu:ding	adv.	peut-être
扩建	kuo:jian	v.	agrandir
忙碌	mang:lu	adj.	occupé
这两种	zhe:liang:zhong	pron.	ces deux sortes
在经济	zai:jing:ji	prep.	dans l'économie
母公司	mu:gong:si	n.	société mère
工作站	gong:zuo:zhan	n.	station de travail
电子信息	dian:zi:xin:xi	n.	information électronique
访	fang	v.	visiter
发酵	fa:jiao	v.	fermenter
右边	you:bian	n.	côté droit
严密	yan:mi	adj.	rigoureux
非常好	fei:chang:hao	adj.	très bon
审美	shen:mei	n.	esthétique
强迫	qiang:po	v.	forcer
遇到了	yu:dao:le	v.	avoir rencontré
桥	qiao	n.	pont
皇后	huang:hou	n.	impératrice
奇特	qi:te	adj.	étrange
佳能	jia:neng	n.	Canon
一并	yi:bing	adv.	ensemble
筹备	chou:bei	v.	préparer
掌声	zhang:sheng	n.	applaudissements
锁	suo	n.	serrure
锁	suo	v.	verrouiller
主管人员	zhu:guan:ren:yuan	n.	superviseur
见解	jian:jie	n.	opinion
楼梯	lou:ti	n.	escalier
用人	yong:ren	v.	employer du personnel
已知	yi:zhi	v.	connu
肥胖	fei:pang	adj.	obèse
悲伤	bei:shang	adj.	triste
美学	mei:xue	n.	esthétique
霸	ba	n.	hégémon
重启	chong:qi	v.	redémarrer
逐年	zhu:nian	adv.	d'année en année
创业者	chuang:ye:zhe	n.	entrepreneur
买方	mai:fang	n.	acheteur
中级会员	zhong:ji:hui:yuan	n.	membre intermédiaire
定额	ding:e	n.	quota
视力	shi:li	n.	vue
猜测	cai:ce	v.	deviner
奔腾	ben:teng	v.	feindre
控制系统	kong:zhi:xi:tong	n.	système de commande
主讲	zhu:jiang	v.	être conférencier principal
异性	yi:xing	n.	sexue opposé
不利于	bu:li:yu	v.	nuire
洗衣机	xi:yi:ji	n.	machine à laver
受损	shou:sun	v.	être endommagé
顺着	shun:zhe	prep.	le long de
散文	san:wen	n.	prose
基本要求	ji:ben:yao:qiu	n.	exigence fondamentale
勋章	xun:zhang	n.	décoration
理事	li:shi	n.	administrateur
左边	zuo:bian	n.	côté gauche
新时期	xin:shi:qi	n.	nouvelle période
不满意	bu:man:yi	adj.	insatisfait
焦虑	jiao:lv	n.	anxiété
组织机构	zu:zhi:ji:gou	n.	organisation
资格证书	zi:ge:zheng:shu	n.	certificat
简易	jian:yi	adj.	simple
牵	qian	v.	mener (par la main)
批复	pi:fu	n.	réponse officielle
西瓜	xi:gua	n.	pastèque
农场	nong:chang	n.	ferme
升值	sheng:zhi	v.	prendre de la valeur
小伙子	xiao:huo:zi	n.	jeune homme
研究会	yan:jiu:hui	n.	société de recherche
丛书	cong:shu	n.	collection (de livres)
构筑	gou:zhu	v.	construire
共同发展	gong:tong:fa:zhan	n.	développement commun
赛季	sai:ji	n.	saison
管理水平	guan:li:shui:ping	n.	niveau de gestion
池	chi	n.	étang
追踪	zhui:zong	v.	poursuivre
大战	da:zhan	n.	guerre
共建	gong:jian	v.	construire ensemble
战役	zhan:yi	n.	campagne
矿产资源	kuang:chan:zi:yuan	n.	ressources minérales
邮票	you:piao	n.	timbre
有意者	you:yi:zhe	n.	personne intéressée
专业人员	zhuan:ye:ren:yuan	n.	professionnel
自有	zi:you	adj.	en propriété
不时	bu:shi	adv.	de temps en temps
以至	yi:zhi	conj.	de sorte à
钻	zuan	v.	percer
港	gang	n.	port
自然保护区	zi:ran:bao:hu:qu	n.	réserve naturelle
几点	ji:dian	pron.	quelle heure
淫秽	yin:hui	adj.	obscène
喃	nan	onom.	murmure
廷	ting	n.	cour
自理	zi:li	v.	se débrouiller seul
乘	cheng	v.	prendre
聆听	ling:ting	v.	écouter attentivement
莲花	lian:hua	n.	lotus
再现	zai:xian	v.	réapparaître
疑惑	yi:huo	n.	doute
剧场	ju:chang	n.	théâtre
玛	ma	n.	jade phonétique
俗称	su:cheng	v.	appeler populairement
港元	gang:yuan	n.	dollar de Hong Kong
实施方案	shi:shi:fang:an	n.	plan de mise en œuvre
奉	feng	v.	offrir avec respect
逃避	tao:bi	v.	échapper à
收藏夹	shou:cang:jia	n.	favoris
中国电信	zhong:guo:dian:xin	n.	China Telecom
服务项目	fu:wu:xiang:mu	n.	prestation de service
王朝	wang:chao	n.	dynastie
回落	hui:luo	v.	revenir à la baisse
流泪	liu:lei	v.	verser des larmes
扯	che	v.	tirer
岳	yue	n.	haute montagne
全家	quan:jia	n.	toute la famille
这事	zhe:shi	pron.	cette affaire
不可思议	bu:ke:si:yi	adj.	incroyable
口服	kou:fu	n.	voie orale
公司债	gong:si:zhai	n.	obligation d'entreprise
加班	jia:ban	v.	faire des heures supplémentaires
专业从事	zhuan:ye:cong:shi	v.	exercer professionnellement
皇上	huang:shang	n.	empereur
减	jian	v.	diminuer
无形	wu:xing	adj.	invisible
破案	po:an	v.	élucider une affaire
多层	duo:ceng	adj.	à plusieurs couches
哪儿	na:er	pron.	où
初始	chu:shi	adj.	initial
世上	shi:shang	n.	monde
热烈	re:lie	adj.	chaud
迅雷	xun:lei	n.	foudre
烟草	yan:cao	n.	tabac
退货	tui:huo	v.	rendre un article
全场	quan:chang	n.	ensemble de la salle
磷酸	lin:suan	n.	acide phosphorique
成人用品	cheng:ren:yong:pin	n.	articles pour adultes
基础教育	ji:chu:jiao:yu	n.	éducation de base
进货	jin:huo	v.	s'approvisionner
堪称	kan:cheng	v.	pouvoir être qualifié
药品监督管理	yao:pin:jian:du:guan:li	n.	administration des médicaments
售后	shou:hou	n.	après-vente
参会	can:hui	v.	assister à une réunion
副院长	fu:yuan:zhang	n.	directeur adjoint
尽力	jin:li	v.	faire de son mieux
雷达	lei:da	n.	radar
犹豫	you:yu	v.	hésiter
误差	wu:cha	n.	erreur
面上	mian:shang	n.	en surface
出境	chu:jing	v.	quitter le pays
判定	pan:ding	v.	juger
外挂	wai:gua	n.	triche (jeu)
弯	wan	adj.	courbé
京城	jing:cheng	n.	ville capitale
投标人	tou:biao:ren	n.	soumissionnaire
城堡	cheng:bao	n.	castieu→château
好玩	hao:wan	adj.	amusant
船员	chuan:yuan	n.	membre d'équipage
可行	ke:xing	adj.	faisable
低头	di:tou	v.	baisser la tête
河道	he:dao	n.	cours d'une rivière
并用	bing:yong	v.	utiliser ensemble
夹	jia	v.	pincer
转动	zhuan:dong	v.	faire tourner
达不到	da:bu:dao	v.	ne pas pouvoir atteindre
学业	xue:ye	n.	études
认可的	ren:ke:de	adj.	reconnu
法庭	fa:ting	n.	tribunal
百合	bai:he	n.	lys
幻影	huan:ying	n.	fantôme
计入	ji:ru	v.	inclure dans
传统文化	chuan:tong:wen:hua	n.	culture traditionnelle
下级	xia:ji	n.	subordonné
毛泽东思想	mao:ze:dong:si:xiang	n.	pensée de Mao Zedong
永不	yong:bu	adv.	ne... jamais
横向	heng:xiang	adj.	horizontal
痛苦的	tong:ku:de	adj.	douloureux
上世纪	shang:shi:ji	n.	siècle dernier
组成部分	zu:cheng:bu:fen	n.	composant
座谈	zuo:tan	v.	discuter
辞	ci	v.	prendre congé
较多的	jiao:duo:de	adj.	relativement nombreuse
百货	bai:huo	n.	articles variés
又一次	you:yi:ci	adv.	encore une fois
胡锦涛	hu:jin:tao	n.	Hu Jintao
无所谓	wu:suo:wei	v.	être indifférent
不属于	bu:shu:yu	v.	ne pas appartenir à
太过	tai:guo	adv.	trop
诽谤	fei:bang	v.	calomnier
更强	geng:qiang	adj.	plus fort
摇滚	yao:gun	n.	rock
岸	an	n.	rive
小女孩	xiao:nv:hai	n.	petite fille
灰尘	hui:chen	n.	poussière
深夜	shen:ye	n.	tard dans la nuit
指点	zhi:dian	v.	indiquer
层层	ceng:ceng	adv.	couche par couche
辣椒	la:jiao	n.	piment
蓝天	lan:tian	n.	ciel bleu
三峡	san:xia	n.	Trois Gorges
无穷	wu:qiong	adj.	infini
意识的	yi:shi:de	adj.	conscient
往事	wang:shi	n.	événements passés
比率	bi:lv	n.	taux
希腊	xi:la	n.	Grèce
特意	te:yi	adv.	exprès
传出	chuan:chu	v.	se répandre
后方	hou:fang	n.	arrière
另类	ling:lei	adj.	atypique
另类	ling:lei	n.	atypique
高质量	gao:zhi:liang	adj.	de haute qualité
高新区	gao:xin:qu	n.	zone de haute technologie
假日	jia:ri	n.	jour férié
界限	jie:xian	n.	limite
本领	ben:ling	n.	don
岂	qi	adv.	comment
借口	jie:kou	n.	excuse
借口	jie:kou	v.	prétexter
美化	mei:hua	v.	embellir
反抗	fan:kang	v.	résister
反抗	fan:kang	n.	résistance
软件名称	ruan:jian:ming:cheng	n.	nom du logiciel
中介机构	zhong:jie:ji:gou	n.	organisme intermédiaire
屈	qu	v.	céder
屈	qu	v.	plier
步伐	bu:fa	n.	pas
磨合	mo:he	v.	roder
磨合	mo:he	n.	adaptation
本科生	ben:ke:sheng	n.	étudiant de licence
无论如何	wu:lun:ru:he	adv.	quoi qu'il arrive
创新能力	chuang:xin:neng:li	n.	capacité d'innovation
称呼	cheng:hu	v.	appeler
称呼	cheng:hu	n.	appellation
将要	jiang:yao	adv.	aller
紧密结合	jin:mi:jie:he	v.	conjuger étroitement
卖方	mai:fang	n.	vendeur
首饰	shou:shi	n.	bijoux
临近	lin:jin	v.	approcher
片刻	pian:ke	n.	un moment
怎么了	zen:me:le	int.	qu'est-ce qu'il y a
管理规定	guan:li:gui:ding	n.	règlement de gestion
子类	zi:lei	n.	sous-classe
滑雪	hua:xue	v.	faire du ski
恼	nao	v.	se fâcher
恼	nao	adj.	agacé
二期	er:qi	n.	deuxième phase
刑事法律	xing:shi:fa:lv	n.	droit pénal
明明	ming:ming	adv.	clairement
鲜明	xian:ming	adj.	net
鲜明	xian:ming	adj.	vif
午餐	wu:can	n.	déjeuner
穿上	chuan:shang	v.	mettre
合肥市	he:fei:shi	n.	Hefei
解放军	jie:fang:jun	n.	Armée populaire
帐篷	zhang:peng	n.	tente
好吧	hao:ba	int.	bien
哲	zhe	n.	philosophie (abrév.)
产能	chan:neng	n.	capacité de production
党政	dang:zheng	n.	partis et gouvernement
三农	san:nong	n.	les trois questions rurales
抵制	di:zhi	v.	boycotter
接过	jie:guo	v.	prendre
职业技能	zhi:ye:ji:neng	n.	compétences professionnelles
精神文明建设	jing:shen:wen:ming:jian:she	n.	construction spirituelle
中国队	zhong:guo:dui	n.	équipe de Chine
术语	shu:yu	n.	terminologie
区政府	qu:zheng:fu	n.	gouvernement d'arrondissement
骨头	gu:tou	n.	os
排出	pai:chu	v.	expulser
召	zhao	v.	convoquer
节假日	jie:jia:ri	n.	jours fériés
递交	di:jiao	v.	remettre
硕士学位	shuo:shi:xue:wei	n.	master
托盘	tuo:pan	n.	plateau
高新技术企业	gao:xin:ji:shu:qi:ye	n.	entreprise de haute technologie
增收	zeng:shou	v.	augmenter les revenus
部分内容	bu:fen:nei:rong	n.	contenu partiel
餐馆	can:guan	n.	restaurant
相关产品	xiang:guan:chan:pin	n.	produits connexes
甲醛	jia:quan	n.	formaldéhyde
点击查看	dian:ji:cha:kan	v.	cliquer pour voir
丧	sang	v.	porter le deuil
责任人	ze:ren:ren	n.	responsable
嘞	lei	part.	particule modale
增长率	zeng:zhang:lv	n.	taux de croissance
唐代	tang:dai	n.	dynastie Tang
图纸	tu:zhi	n.	plan
房地产业	fang:di:chan:ye	n.	secteur immobilier
多达	duo:da	adv.	jusqu'à
伦理	lun:li	n.	éthique
反垄断	fan:long:duan	v.	antitrust
八卦	ba:gua	n.	huit trigrammes
工业园	gong:ye:yuan	n.	parc industriel
畅通	chang:tong	adj.	dégagé
奇瑞	qi:rui	n.	Chery
尝	chang	v.	goûter
商用	shang:yong	v.	usage commercial
多位	duo:wei	num.	plusieurs
毛巾	mao:jin	n.	serviette
恭	gong	adj.	respectueux
狗狗	gou:gou	n.	toutou
异议	yi:yi	n.	objection
钓鱼	diao:yu	v.	pêche
光泽	guang:ze	n.	éclat
甘肃省	gan:su:sheng	n.	province du Gansu
正常使用	zheng:chang:shi:yong	n.	usage normal
重心	zhong:xin	n.	centre de gravité
患有	huan:you	v.	souffrir de
三楼	san:lou	num.	troisième étage
怀念	huai:nian	v.	nostalgie de
青梅	qing:mei	n.	counte prune
外商投资	wai:shang:tou:zi	n.	investissement étranger
极品	ji:pin	n.	qualité supérieure
不知不觉	bu:zhi:bu:jue	adv.	sans s'en apercevoir
分裂	fen:lie	v.	se diviser
输送	shu:song	v.	transporter
华硕	hua:shuo	n.	Asus
完整性	wan:zheng:xing	n.	intégrité
载	zai	v.	transporter
束缚	shu:fu	v.	entraver
面貌	mian:mao	n.	apparence
误解	wu:jie	v.	mal comprendre
交通运输	jiao:tong:yun:shu	n.	transport
刻意	ke:yi	adv.	exprès
购房者	gou:fang:zhe	n.	acheteur de logement
管理模式	guan:li:mo:shi	n.	modèle de gestion
纸张	zhi:zhang	n.	papier
新一轮	xin:yi:lun	n.	nouveau tour
生产工艺	sheng:chan:gong:yi	n.	procédé de production
几家	ji:jia	num.	quelques foyers
武术	wu:shu	n.	arts martiaux
瘦	shou	adj.	maigre
大局	da:ju	n.	situation générale
譬如	pi:ru	v.	par exemple
桃花	tao:hua	n.	fleur de pêcher
皆	jie	adv.	tous
教堂	jiao:tang	n.	église
增速	zeng:su	n.	taux de croissance
网络安全	wang:luo:an:quan	n.	cybersécurité
研究开发	yan:jiu:kai:fa	n.	recherche et développement
颇	po	adv.	assez
银色	yin:se	n.	couleur argent
恶魔	e:mo	n.	démon
问候	wen:hou	v.	saluer
创造力	chuang:zao:li	n.	créativité
挂钩	gua:gou	v.	accrocher
作弊	zuo:bi	v.	tricher
发作	fa:zuo	v.	se déclarer
茫	mang	adj.	vaste
服务机构	fu:wu:ji:gou	n.	organisme de service
因子	yin:zi	n.	facteur
年会	nian:hui	n.	assemblée annuelle
三角	san:jiao	n.	triangle
均价	jun:jia	n.	prix moyen
流水	liu:shui	n.	eau courante
流水	liu:shui	n.	chiffre d'affaires
笑声	xiao:sheng	n.	rire
未经许可	wei:jing:xu:ke	v.	sans autorisation
选出	xuan:chu	v.	élire
社会治安	she:hui:zhi:an	n.	sûreté publique
预警	yu:jing	n.	alerte précoce
还款	huan:kuan	v.	rembourser
小弟	xiao:di	n.	jeune frère
越野车	yue:ye:che	n.	tout-terrain
屁股	pi:gu	n.	fesses
中央军委	zhong:yang:jun:wei	n.	Commission militaire centrale
台北	tai:bei	n.	Taipei
不具备	bu:ju:bei	v.	ne pas posséder
保姆	bao:mu	n.	nourrice
滞后	zhi:hou	v.	être en retard
多谢	duo:xie	v.	merci beaucoup
染	ran	v.	teindre
染	ran	v.	contracter
毛病	mao:bing	n.	défaut
毛病	mao:bing	n.	maladie
工作会议	gong:zuo:hui:yi	n.	réunion de travail
突出问题	tu:chu:wen:ti	n.	problème saillant
听众	ting:zhong	n.	public
大臣	da:chen	n.	ministre
聘任	pin:ren	v.	nommer
无锡市	wu:xi:shi	n.	ville de Wuxi
发光	fa:guang	v.	émettre de la lumière
前沿	qian:yan	n.	frontière
下发	xia:fa	v.	distribuer
政治部	zheng:zhi:bu	n.	département politique
密集	mi:ji	adj.	dense
企业所得税	qi:ye:suo:de:shui	n.	impôt sur les sociétés
相差	xiang:cha	v.	différer de
源码	yuan:ma	n.	code source
早日	zao:ri	adv.	au plus tôt
肃	su	adj.	solennel
自律	zi:lv	n.	autodiscipline
爱上	ai:shang	v.	tomber amoureux de
工业园区	gong:ye:yuan:qu	n.	parc industriel
主意	zhu:yi	n.	idée
膨胀	peng:zhang	v.	gonfler
提名	ti:ming	v.	nommer
爽	shuang	adj.	rafraîchissant
共和国	gong:he:guo	n.	république
向导	xiang:dao	n.	guide
浮动	fu:dong	v.	fluctuer
单片机	dan:pian:ji	n.	microcontrôleur
冰雪	bing:xue	n.	glace et neige
移植	yi:zhi	v.	transplanter
移植	yi:zhi	n.	transplantation
冷漠	leng:mo	adj.	indifférent
亏	kui	v.	perdre de l'argent
亏	kui	v.	manquer
最高人民法院	zui:gao:ren:min:fa:yuan	n.	Cour populaire suprême
法医	fa:yi	n.	équipe médico-légale
商业贿赂	shang:ye:hui:lu	n.	corruption d'affaires
轻微	qing:wei	adj.	léger
历经	li:jing	v.	traverser
注定	zhu:ding	v.	être destiné
催化剂	cui:hua:ji	n.	catalyseur
梦见	meng:jian	v.	rêver de
鞋子	xie:zi	n.	chaussures
管理软件	guan:li:ruan:jian	n.	logiciel de gestion
三层	san:ceng	num.	trois couches
未成年	wei:cheng:nian	n.	mineur
千里	qian:li	num.	mille li
限定	xian:ding	v.	limiter
雇员	gu:yuan	n.	employé
机动	ji:dong	adj.	flexible
机动	ji:dong	n.	force motorisée
地块	di:kuai	n.	parcelle
犯罪嫌疑人	fan:zui:xian:yi:ren	n.	suspect
获利	huo:li	v.	tirer un profit
风暴	feng:bao	n.	tempête
抽查	chou:cha	v.	contrôle aléatoire
吞	tun	v.	avaler
历代	li:dai	n.	dynasties successives
汉化	han:hua	v.	siniser
拷贝	kao:bei	v.	copier
拷贝	kao:bei	n.	copie
闪烁	shan:shuo	v.	scintiller
海报	hai:bao	n.	affiche
进一步的	jin:yi:bu:de	adj.	ultérieur
上周	shang:zhou	n.	semaine dernière
康熙	kang:xi	n.	Kangxi
爱护	ai:hu	v.	protéger
财力	cai:li	n.	ressources financières
数据线	shu:ju:xian	n.	câble de données
墙壁	qiang:bi	n.	mur
有效性	you:xiao:xing	n.	efficacité
一圈	yi:quan	num.	un tour
面膜	mian:mo	n.	masque facial
继续教育	ji:xu:jiao:yu	n.	éducation continue
丁香	ding:xiang	n.	lilas
丁香	ding:xiang	n.	girofle
人事局	ren:shi:ju	n.	bureau du personnel
按住	an:zhu	v.	appuyer
哭泣	ku:qi	v.	pleurer
缺口	que:kou	n.	brèche
缺口	que:kou	n.	encoche
出租车	chu:zu:che	n.	taxi
童年	tong:nian	n.	enfance
惹	re	v.	provoquer
新兴	xin:xing	adj.	émergent
本店	ben:dian	n.	ce magasin
银币	yin:bi	n.	pièce d'argent
哀	ai	adj.	attristé
一直以来	yi:zhi:yi:lai	adv.	toujours
色调	se:diao	n.	tonalité
风华	feng:hua	n.	élégance
客车	ke:che	n.	autocar
顺德	shun:de	n.	Shunde
在意	zai:yi	v.	s' soucier of
洪水	hong:shui	n.	inondation
突发	tu:fa	v.	survenir
典雅	dian:ya	adj.	élégant
房型	fang:xing	n.	type de chambre
青山	qing:shan	n.	montagne verte
核心竞争力	he:xin:jing:zheng:li	n.	compétitivité fondamentale
细则	xi:ze	n.	règlement détaillé
数字电视	shu:zi:dian:shi	n.	télévision numérique
步行	bu:xing	v.	marcher
基本原则	ji:ben:yuan:ze	n.	principe fondamental
回国	hui:guo	v.	rentrer au pays
处长	chu:zhang	n.	chef de département
裤子	ku:zi	n.	pantalon
代办	dai:ban	v.	agir par procuration
所持	suo:chi	n.	détention
两极	liang:ji	n.	les deux pôles
总分	zong:fen	n.	score total
歧视	qi:shi	v.	discriminer
有空	you:kong	adj.	avoir du temps libre
乔	qiao	n.	Qiao
时时	shi:shi	adv.	souvent
传承	chuan:cheng	v.	transmettre
大面积	da:mian:ji	adj.	grande superficie
趁	chen	prep.	pendant ~
储蓄	chu:xu	n.	épargne
蚂蚁	ma:yi	n.	fourmi
周杰伦	zhou:jie:lun	n.	Jay Chou
福田区	fu:tian:qu	n.	district de Futian
铺	pu	v.	étaler
剂量	ji:liang	n.	dosage
工业企业	gong:ye:qi:ye	n.	entreprise industrielle
六合彩	liu:he:cai	n.	loterie Mark Six
绝大部分	jue:da:bu:fen	n.	la grande majorité
电工	dian:gong	n.	électricien
镜子	jing:zi	n.	miroir
互助	hu:zhu	v.	entraider
招投标	zhao:tou:biao	n.	appel d'offres
党和国家	dang:he:guo:jia	n.	parti et État
最先进	zui:xian:jin	adj.	le plus avancé
服务费	fu:wu:fei	n.	frais de service
电子信箱	dian:zi:xin:xiang	n.	courrier électronique
产品介绍	chan:pin:jie:shao	n.	présentation du produit
传授	chuan:shou	v.	enseigner
信件	xin:jian	n.	lettre
培训机构	pei:xun:ji:gou	n.	organisme de formation
两类	liang:lei	num.	deux types
用餐	yong:can	v.	prendre un repas
好人	hao:ren	n.	bonne personne
法律援助	fa:lv:yuan:zhu	n.	aide juridique
宏观	hong:guan	adj.	macroscopique
高一	gao:yi	n.	première année de lycée
窗帘	chuang:lian	n.	rideau
安心	an:xin	adj.	tranquille
王先生	wang:xian:sheng	n.	Monsieur Wang
出入	chu:ru	v.	entrer et sortir
大军	da:jun	n.	grande armée
分销	fen:xiao	v.	distribuer
诚实	cheng:shi	adj.	honnête
脏	zang	adj.	sale
吕	lv	n.	Lü (nom)
号召	hao:zhao	v.	appeler
奖	jiang	v.	prix
奖	jiang	n.	récompense
芯片组	xin:pian:zu	n.	jeu de puces
深情	shen:qing	n.	profonde affection
余年	yu:nian	n.	années restantes
地名	di:ming	n.	toponyme
猴子	hou:zi	n.	singe
倍	bei	mw.	fois
全面推进	quan:mian:tui:jin	v.	faire avancer de manière globale
管理处	guan:li:chu	n.	bureau de gestion
改良	gai:liang	v.	améliorer
把手	ba:shou	n.	poignée
个个	ge:ge	pron.	chacun
中年	zhong:nian	n.	âge mûr
四月	si:yue	n.	avril
汤	tang	n.	soupe
担忧	dan:you	v.	s'inquiéter
掀起	xian:qi	v.	soulever
振	zhen	v.	secouer
信息化建设	xin:xi:hua:jian:she	n.	informatisation
本能	ben:neng	n.	instinct
本能	ben:neng	adj.	instinctif
轻轻地	qing:qing:de	adv.	légèrement
为民	wei:min	v.	pour le peuple
同伴	tong:ban	n.	camarade
点播	dian:bo	v.	demander (un programme)
应用软件	ying:yong:ruan:jian	n.	logiciel d'application
婷	ting	n.	Тing
学问	xue:wen	n.	savoir
高质量的	gao:zhi:liang:de	adj.	de haute qualité
红外	hong:wai	n.	infrarouge
炎症	yan:zheng	n.	inflammation
开幕	kai:mu	v.	ouvrir (une cérémonie)
前台	qian:tai	n.	réception
差额	cha:e	n.	différence
城市化	cheng:shi:hua	n.	urbanisation
卸载	xie:zai	v.	désinstaller
新西兰	xin:xi:lan	n.	Nouvelle-Zélande
使用时	shi:yong:shi	adv.	lors de l'utilisation
背包	bei:bao	n.	sac à dos
这一天	zhe:yi:tian	n.	ce jour
神仙	shen:xian	n.	immortel
第八章	di:ba:zhang	n.	chapitre huit
有以下	you:yi:xia	v.	comprendre ce qui suit
并把	bing:ba	conj.	et
实地	shi:di	adv.	sur place
项目名称	xiang:mu:ming:cheng	n.	nom du projet
转自	zhuan:zi	v.	reposté de
办公厅	ban:gong:ting	n.	bureau général
还有很多	hai:you:hen:duo	adv.	il y en a encore beaucoup
处罚的	chu:fa:de	adj.	punitif
再有	zai:you	conj.	en outre
单项	dan:xiang	n.	article unique
小企业	xiao:qi:ye	n.	petite entreprise
功力	gong:li	n.	compétence
竟是	jing:shi	adv.	en fait être
月经	yue:jing	n.	menstruation
极大的	ji:da:de	adj.	énorme
剧本	ju:ben	n.	scénario
起码	qi:ma	adv.	au moins
率领	shuai:ling	v.	conduire
一致的	yi:zhi:de	adj.	unanime
手持	shou:chi	adj.	portatif
改编	gai:bian	v.	adapter
死者	si:zhe	n.	défunt
应届毕业生	ying:jie:bi:ye:sheng	n.	diplômé de l'année
代号	dai:hao	n.	nom de code
一分	yi:fen	num.	une minute
一分	yi:fen	num.	un centime
打出	da:chu	v.	frapper
也对	ye:dui	adv.	c'est juste aussi
服侍	fu:shi	v.	servir
驾驶证	jia:shi:zheng	n.	permis de conduire
两句	liang:ju	num.	deux phrases
太空	tai:kong	n.	espace cosmique
成千上万	cheng:qian:shang:wan	num.	milliers
佛法	fo:fa	n.	enseignement bouddhique
热水器	re:shui:qi	n.	chauffe-eau
持股	chi:gu	v.	détenir des actions
选择题	xuan:ze:ti	n.	question à choix multiple
到货	dao:huo	v.	arriver (marchandise)
庞大	pang:da	adj.	énorme
饮水	yin:shui	v.	boire de l'eau
名家	ming:jia	n.	maître
文科	wen:ke	n.	lettres
牢	lao	adj.	solide
牢	lao	n.	prison
扰	rao	v.	déranger
归属	gui:shu	n.	appartenance
第二十八条	di:er:shi:ba:tiao	n.	article 28
投注	tou:zhu	v.	parier
衣物	yi:wu	n.	vêtements
猪肉	zhu:rou	n.	porc
单据	dan:ju	n.	reçu
一页	yi:ye	n.	une page
溜	liu	v.	filer
溜	liu	adj.	glissant
大王	da:wang	n.	roi
大王	dai:wang	n.	roi
建筑业	jian:zhu:ye	n.	industrie du construction
一件事	yi:jian:shi	n.	une chose
社会效益	she:hui:xiao:yi	n.	bénéfice social
工作经历	gong:zuo:jing:li	n.	expérience professionnelle
小事	xiao:shi	n.	petit détail
征服	zheng:fu	v.	conquérir
竞价	jing:jia	v.	enchérir
招募	zhao:mu	v.	recruter
庞	pang	adj.	immense
插槽	cha:cao	n.	emplacement
臭	chou	adj.	nauséabond
调查研究	diao:cha:yan:jiu	n.	enquête
上前	shang:qian	v.	s'avancer
电阻	dian:zu	n.	résistance
供养	gong:yang	v.	subvenir aux besoins von
供养	gong:yang	v.	offrir
悦	yue	adj.	ravi
历时	li:shi	v.	durer
初次	chu:ci	n.	première fois
如来	ru:lai	n.	Tathagata
复印	fu:yin	v.	photocopier
私服	si:fu	n.	serveur privé
四方	si:fang	n.	toutes directions
净利润	jing:li:run	n.	bénéfice net
朝廷	chao:ting	n.	cour
抽象	chou:xiang	adj.	abstrait
估价	gu:jia	v.	estimer
汇率	hui:lv	n.	taux de change
应聘者	ying:pin:zhe	n.	candidat
赫	he	mw.	hertz
设为首页	she:wei:shou:ye	v.	définir comme page d'accueil
下半年	xia:ban:nian	n.	second semestre
提供商	ti:gong:shang	n.	fournisseur
赢	ying	v.	gagner
下旬	xia:xun	n.	la dernière décade
农业银行	nong:ye:yin:hang	n.	banque agricole
造价	zao:jia	n.	coût
极度	ji:du	adv.	extrêmement
贵公司	gui:gong:si	n.	votre société
总算	zong:suan	adv.	enfin
谈论	tan:lun	v.	parler de
视察	shi:cha	v.	inspecter
雪山	xue:shan	n.	montagne enneigée
有条件的	you:tiao:jian:de	adj.	conditionnel
少的	shao:de	adj.	peu nombreux
神色	shen:se	n.	expression
黄页	huang:ye	n.	pages jaunes
模范	mo:fan	n.	modèle
提及	ti:ji	v.	mentionner
推理	tui:li	n.	raisonnement
明了	ming:liao	adj.	clair
跪	gui	v.	s'agenouiller
失落	shi:luo	adj.	perdu
除去	chu:qu	v.	enlever
科技进步	ke:ji:jin:bu	n.	progress technologique
麦	mai	n.	blé
真人	zhen:ren	n.	personne réelle
抛弃	pao:qi	v.	abandonner
指针	zhi:zhen	n.	pointeur
必定	bi:ding	adv.	sûrement
去世	qu:shi	v.	décéder
点点头	dian:dian:tou	v.	hochement la tête
新闻媒体	xin:wen:mei:ti	n.	médias
枝	zhi	mw.	branche
教育工作	jiao:yu:gong:zuo	n.	travail éducatif
沙拉	sha:la	n.	salade
输入法	shu:ru:fa	n.	méthode de saisie
类似于	lei:si:yu	v.	ressembler à
阅读次数	yue:du:ci:shu	n.	nombre de lectures
何处	he:chu	pron.	où
量化	liang:hua	v.	quantifier
和弦	he:xian	n.	accord
嘴巴	zui:ba	n.	bouche
风险投资	feng:xian:tou:zi	n.	capital-risque
昂贵	ang:gui	adj.	coûteux
开会	kai:hui	v.	tenir une réunion
发音	fa:yin	v.	prononcer
发音	fa:yin	n.	prononciation
教学内容	jiao:xue:nei:rong	n.	contenu pédagogique
预先	yu:xian	adv.	à l'avance
城里	cheng:li	n.	en ville
姐妹	jie:mei	n.	sœurs
拯救	zheng:jiu	v.	sauver
调查报告	diao:cha:bao:gao	n.	rapport d'enquête
侠	xia	n.	chevalier
第十	di:shi	num.	dixième
济南市	ji:nan:shi	n.	Jinan
有线电视	you:xian:dian:shi	n.	télévision par câble
上游	shang:you	n.	cours supérieur
终点站	zhong:dian:zhan	n.	terminus
泉	quan	n.	source
结构调整	jie:gou:tiao:zheng	n.	ajustement structurel
派遣	pai:qian	v.	expédier
勇敢	yong:gan	adj.	courageux
劫	jie	n.	rapine
菜鸟	cai:niao	n.	débutant
某人	mou:ren	n.	une personne
一旁	yi:pang	n.	côté
入境	ru:jing	v.	entrer dans le pays
风扇	feng:shan	n.	ventilateur
沙滩	sha:tan	n.	plage
不曾	bu:ceng	adv.	jamais
天真	tian:zhen	adj.	naïf
刹车	sha:che	v.	freiner
刹车	sha:che	n.	frein
炎	yan	n.	inflammation
炎	yan	n.	flamme
游泳池	you:yong:chi	n.	piscine
游人	you:ren	n.	touriste
冰冷	bing:leng	adj.	glacial
手套	shou:tao	n.	gants
兔子	tu:zi	n.	lapin
况且	kuang:qie	conj.	de plus
负有	fu:you	v.	assumer
穷人	qiong:ren	n.	pauvre
运算	yun:suan	n.	calcul
运算	yun:suan	v.	calculer
泥	ni	n.	boue
畅销	chang:xiao	adj.	très vendu
呕吐	ou:tu	v.	vomir
排水	pai:shui	v.	drainer
排水	pai:shui	n.	drainage
毁灭	hui:mie	v.	détruire
毁灭	hui:mie	n.	destruction
赌	du	v.	parier
另行	ling:xing	adv.	séparément
弓	gong	n.	arc
美金	mei:jin	n.	dollar
苏州市	su:zhou:shi	n.	Suzhou
中国银行	zhong:guo:yin:hang	n.	Banque de Chine
工行	gong:hang	n.	ICBC
学习型	xue:xi:xing	adj.	orienté apprentissage
魏	wei	n.	Wei
水产	shui:chan	n.	produits aquatiques
该校	gai:xiao	n.	cette école
罩	zhao	v.	couvrir
口碑	kou:bei	n.	réputation
管理人	guan:li:ren	n.	gestionnaire
文化产业	wen:hua:chan:ye	n.	industrie culturelle
交通管理	jiao:tong:guan:li	n.	gestion du trafic
备用	bei:yong	adj.	de réserve
飞扬	fei:yang	v.	s'envoler
光辉	guang:hui	n.	éclat
感应	gan:ying	v.	détecter
规程	gui:cheng	n.	règlement
疯子	feng:zi	n.	fou
管理学	guan:li:xue	n.	sciences de gestion
民俗	min:su	n.	folklore
昔日	xi:ri	n.	ancien temps
疾	ji	n.	maladie
涉外	she:wai	adj.	liées à l'étranger
吃惊	chi:jing	v.	être surpris
工作环境	gong:zuo:huan:jing	n.	environnement de travail
自治	zi:zhi	n.	autonomie
中国科学院	zhong:guo:ke:xue:yuan	n.	Académie des sciences de Chine
惊人	jing:ren	adj.	étonnant
整机	zheng:ji	n.	machine complète
饰	shi	v.	décorer
符	fu	n.	symbole
垂	chui	v.	pendre
邪恶	xie:e	adj.	malveillant
做工	zuo:gong	n.	fabrication
大唐	da:tang	n.	dynastie Tang
墙面	qiang:mian	n.	surface du mur
最大化	zui:da:hua	v.	maximiser
抗日	kang:ri	v.	résister au Japon
水稻	shui:dao	n.	riede Reis
哪种	na:zhong	pron.	quel genre
教学质量	jiao:xue:zhi:liang	n.	qualité de l'enseignement
渲染	xuan:ran	v.	effectuer le rendu
渲染	xuan:ran	v.	exagérer
制备方法	zhi:bei:fang:fa	n.	méthode de préparation
分明	fen:ming	adj.	net
分明	fen:ming	adv.	clairement
平和	ping:he	adj.	doux
牌照	pai:zhao	n.	licence
名师	ming:shi	n.	célèbre professeur
代表大会	dai:biao:da:hui	n.	congrès
湿地	shi:di	n.	zone humide
民办	min:ban	adj.	géré par le privé
本国	ben:guo	n.	son propre pays
学说	xue:shuo	n.	théorie
最短	zui:duan	adj.	le plus court
铸造	zhu:zao	v.	fondre
广告公司	guang:gao:gong:si	n.	agence de publicité
成年	cheng:nian	v.	être majeur
成年	cheng:nian	adj.	majeur
潜水	qian:shui	n.	plomberée (en plongée)
潜水	qian:shui	v.	plonger
日趋	ri:qu	adv.	au fil des jours
简便	jian:bian	adj.	simple et pratique
柜台	gui:tai	n.	comptoir
高等	gao:deng	adj.	supérieur
冷却	leng:que	v.	refroidir
映	ying	v.	refléter
映	ying	v.	projeter
背面	bei:mian	n.	dos
退回	tui:hui	v.	renvoyer
校友	xiao:you	n.	ancien élève
李先生	li:xian:sheng	n.	Monsieur Li
发表日期	fa:biao:ri:qi	n.	date de publication
欢喜	huan:xi	adj.	joyeux
偏差	pian:cha	n.	écart
涨价	zhang:jia	v.	augmenter les prix
漠	mo	adj.	indifférent
相爱	xiang:ai	v.	s'aimer
脖	bo	n.	cou
一举	yi:ju	n.	un seul geste
造就	zao:jiu	v.	former
演变	yan:bian	v.	évoluer
演变	yan:bian	n.	évolution
水上	shui:shang	n.	sur l'eau
山路	shan:lu	n.	route de montagne
经理人	jing:li:ren	n.	gérant
非凡	fei:fan	adj.	extraordinaire
八个	ba:ge	num.	huit
饮	yin	v.	boire
沿	yan	prep.	le long de
沿	yan	v.	suivre
灾害	zai:hai	n.	catastrophe
粘贴	zhan:tie	v.	coller
显现	xian:xian	v.	apparaître
力气	li:qi	n.	force
初一	chu:yi	n.	premier jour de l'an lunaire
初一	chu:yi	n.	première année de collège
众所周知	zhong:suo:zhou:zhi	v.	comme chacun le sait
活泼	huo:po	adj.	vif
电厂	dian:chang	n.	centrale électrique
岩石	yan:shi	n.	roche
源代码	yuan:dai:ma	n.	code source
信息产业	xin:xi:chan:ye	n.	industrie de l'information
黄蜂	huang:feng	n.	guêpe
遗址	yi:zhi	n.	ruines
资费	zi:fei	n.	tarifs
心愿	xin:yuan	n.	vœu
懒	lan	adj.	paresseux
肤	fu	n.	peau
口令	kou:ling	n.	mot de passe
口令	kou:ling	n.	commandement
操纵	cao:zong	v.	manipuler
郊区	jiao:qu	n.	banlieue
战斗力	zhan:dou:li	n.	capacité de combat
桑	sang	n.	mûrier
大型企业	da:xing:qi:ye	n.	grande entreprise
下班	xia:ban	v.	quitter le travail
冷冷	leng:leng	adv.	froidement
堪	kan	v.	supporter
燃	ran	v.	brûler
卓	zhuo	adj.	remarquable
对冲	dui:chong	v.	couvrir
慎重	shen:zhong	adj.	prudent
网络技术	wang:luo:ji:shu	n.	technologie de réseau
重大问题	zhong:da:wen:ti	n.	question majeure
创始人	chuang:shi:ren	n.	fondateur
世界各地	shi:jie:ge:di	n.	partout dans le monde
优美的	you:mei:de	adj.	gracieux
精细	jing:xi	adj.	fein
着急	zhao:ji	v.	s'inquiéter
倘若	tang:ruo	conj.	si
湖泊	hu:po	n.	lac
其后	qi:hou	adv.	ensuite
想不到	xiang:bu:dao	v.	s'attendre à
蔓延	man:yan	v.	se propager
五一	wu:yi	n.	fête du Travail
最新版	zui:xin:ban	n.	dernière version
小人	xiao:ren	n.	petite personne
债务人	zhai:wu:ren	n.	débiteur
搜索结果	sou:suo:jie:guo	n.	résultats de recherche
日元	ri:yuan	n.	yen japonais
气象台	qi:xiang:tai	n.	observatoire météorologique
门店	men:dian	n.	magasin
子弹	zi:dan	n.	balle
祝	zhu	v.	souhaiter
莫名其妙	mo:ming:qi:miao	adj.	inexplicable
清风	qing:feng	n.	brise fraîche
几百	ji:bai	num.	plusieurs centaines
支配	zhi:pei	v.	contrôler
支配	zhi:pei	n.	contrôle
平淡	ping:dan	adj.	banal
平原	ping:yuan	n.	plaine
第二十九条	di:er:shi:jiu:tiao	num.	29e
第六	di:liu	num.	sixième
数据结构	shu:ju:jie:gou	n.	structure de données
偷偷	tou:tou	adv.	secretement
源头	yuan:tou	n.	source
中东	zhong:dong	n.	Moyen-Orient
赖	lai	v.	blâmer
制药	zhi:yao	v.	fabriquer des médicaments
项链	xiang:lian	n.	collier
一年级	yi:nian:ji	n.	cepsi première année
下游	xia:you	n.	aval
掏出	tao:chu	v.	sortir
明月	ming:yue	n.	lune claire
呼唤	hu:huan	v.	appeler
声称	sheng:cheng	v.	prétendre
民工	min:gong	n.	travailleur migrant
支内	zhi:nei	v.	soutenir l'intérieur
网名	wang:ming	n.	pseudo en ligne
周刊	zhou:kan	n.	hebdomadaire
名额	ming:e	n.	quota
项目建设	xiang:mu:jian:she	n.	construction de projet
东海	dong:hai	n.	mer de Chine orientale
书名	shu:ming	n.	titre du livre
本田	ben:tian	n.	Honda
区域内	qu:yu:nei	n.	dans la région
街上	jie:shang	n.	dans la rue
星期六	xing:qi:liu	n.	samedi
附属	fu:shu	adj.	annexé
外科	wai:ke	n.	chirurgie
香烟	xiang:yan	n.	cigarette
良性	liang:xing	adj.	bénin
马路	ma:lu	n.	route
高雅	gao:ya	adj.	raffiné
改动	gai:dong	v.	modifier
改动	gai:dong	n.	modification
劳动关系	lao:dong:guan:xi	n.	relations de travail
灯具	deng:ju	n.	appareil d'éclairage
证券公司	zheng:quan:gong:si	n.	société de bourse
根源	gen:yuan	n.	source origine
出场	chu:chang	v.	entrer en scène
过敏	guo:min	v.	être allergique
过敏	guo:min	adj.	allergique
改建	gai:jian	v.	reconstruire
考试成绩	kao:shi:cheng:ji	n.	résultats d'examen
适用范围	shi:yong:fan:wei	n.	champ d'application
宾	bin	n.	invité
必需	bi:xu	adj.	indispensable
质感	zhi:gan	n.	texture
党内	dang:nei	n.	en interne
两款	liang:kuan	num.	deux modèles
耗材	hao:cai	n.	consommables
初级会员	chu:ji:hui:yuan	n.	membre de base
先进技术	xian:jin:ji:shu	n.	technologie de pointe
户籍	hu:ji	n.	état civil
荣誉勋章	rong:yu:xun:zhang	n.	médaille d'honneur
生产技术	sheng:chan:ji:shu	n.	technologie de production
阿里巴巴	a:li:ba:ba	n.	Alibaba
偏偏	pian:pian	adv.	exprimément
高品质	gao:pin:zhi	adj.	haute qualité
程序员	cheng:xu:yuan	n.	programmeur
贾	jia	n.	Jia (nom)
两点	liang:dian	num.	deux heures
灵活性	ling:huo:xing	n.	flexibilité
性欲	xing:yu	n.	désir sexuel
搅拌	jiao:ban	v.	mélanger
电容	dian:rong	n.	capacitance
延迟	yan:chi	v.	retarder
为人民服务	wei:ren:min:fu:wu	v.	serir le peuple
使用权	shi:yong:quan	n.	droit d'usage
血压	xie:ya	n.	tension artérielle
血压	xue:ya	n.	tension artérielle
恶劣	e:lie	adj.	atroce
本系统	ben:xi:tong	n.	ce système
勤奋	qin:fen	adj.	assidu
舰队	jian:dui	n.	flotte
浴室	yu:shi	n.	salle de bain
累积	lei:ji	v.	cumuler
喘	chuan	v.	haleter
电线	dian:xian	n.	fil électrique
徘徊	pai:huai	v.	errer
焰	yan	n.	flamme
吵	chao	adj.	bruyant
控制面板	kong:zhi:mian:ban	n.	panneau de contrôle
先进单位	xian:jin:dan:wei	n.	unité modèle
沿途	yan:tu	adv.	en chemin
变态	bian:tai	adj.	pervers
班长	ban:zhang	n.	chef de classe
冥	ming	adj.	sombre
转速	zhuan:su	n.	vitesse de rotation
下载说明	xia:zai:shuo:ming	n.	instructions de téléchargement
消化	xiao:hua	v.	digérer
精子	jing:zi	n.	sperme
越来越大	yue:lai:yue:da	adj.	de plus en plus grand
不同程度	bu:tong:cheng:du	n.	degrés divers
耳边	er:bian	n.	oreille
无敌	wu:di	adj.	invincible
隆重	long:zhong	adj.	solemnel
鞋	xie	n.	chaussure
逸	yi	adj.	dégagé
数据类型	shu:ju:lei:xing	n.	type de données
报社	bao:she	n.	office de journal
学生们	xue:sheng:men	n.	étudiants
果实	guo:shi	n.	fruit
这几天	zhe:ji:tian	n.	ces jours-ci
短缺	duan:que	v.	manquer
提成	ti:cheng	n.	commission
情趣	qing:qu	n.	charm
高大	gao:da	adj.	grand et costaud
初审	chu:shen	n.	première instance
板材	ban:cai	n.	panneau
全天	quan:tian	n.	toute la journée
工地	gong:di	n.	chantier
金刚	jin:gang	n.	vajra
整洁	zheng:jie	adj.	propre
公共卫生	gong:gong:wei:sheng	n.	santé publique
实实在在	shi:shi:zai:zai	adj.	honnête
以至于	yi:zhi:yu	conj.	au point que
国庆	guo:qing	n.	fête nationale
库	ku	n.	entrepôt
几十年	ji:shi:nian	num.	plusieurs décennies
安定	an:ding	adj.	stable
师兄	shi:xiong	n.	sénior
裤	ku	n.	pantalon
危险化学品	wei:xian:hua:xue:pin	n.	produit chimique dangereux
就读	jiu:du	v.	fréquenter
团组织	tuan:zu:zhi	n.	organisation de la Ligue
民国	min:guo	n.	République de Chine
并发	bing:fa	v.	concurrent
上一主题	shang:yi:zhu:ti	n.	sujet précédent
下一主题	xia:yi:zhu:ti	n.	sujet suivant
专家组	zhuan:jia:zu	n.	groupe d'experten...
专家组	zhuan:jia:zu	n.	groupe d'experts
八年	ba:nian	num.	huit ans
楼市	lou:shi	n.	marché immobilier
马克思	ma:ke:si	n.	Marx
出来了	chu:lai:le	v.	sortir
碗	wan	n.	bol
美景	mei:jing	n.	beau paysage
首席执行官	shou:xi:zhi:xing:guan	n.	PDG
等候	deng:hou	v.	attendre
在乎	zai:hu	v.	se soucier
航	hang	n.	aviation
航	hang	v.	naviguer
以防	yi:fang	conj.	au cas où
积极探索	ji:ji:tan:suo	v.	explorer activement
我给	wo:gei	v.	je donne
平行	ping:xing	adj.	parallèle
让孩子	rang:hai:zi	v.	laisser l'enfant
她又	ta:you	adv.	elle encore
就想	jiu:xiang	adv.	vouloir justement
旗帜	qi:zhi	n.	drapeau
叫声	jiao:sheng	n.	cri
生产者	sheng:chan:zhe	n.	producteur
踢	ti	v.	Donner... no, frapper du pied
踢	ti	v.	donner un coup de pied
排队	pai:dui	v.	faire la queue
比喻	bi:yu	n.	métaphore
比喻	bi:yu	v.	comparer
流动性	liu:dong:xing	n.	liquidité
流动性	liu:dong:xing	n.	mobilité
减弱	jian:ruo	v.	s'affaiblir
富含	fu:han	v.	riche en
非常重要	fei:chang:zhong:yao	adj.	très important
过错	guo:cuo	n.	faute
奶油	nai:you	n.	crème
速度快	su:du:kuai	adj.	rapide
吓得	xia:de	v.	tellement effrayé
繁华	fan:hua	adj.	florissant
繁华	fan:hua	adj.	animé
点点	dian:dian	n.	un peu
麻醉药品	ma:zui:yao:pin	n.	stupéfiant
姨	yi	n.	tante
将我	jiang:wo	v.	me prendre
还为	hai:wei	conj.	encore pour
必不可少	bi:bu:ke:shao	adj.	indispensable
台州	tai:zhou	n.	Taizhou
实施办法	shi:shi:ban:fa	n.	méthode d'application
就在于	jiu:zai:yu	v.	réside précisément dans
追逐	zhui:zhu	v.	poursuivre
炼油厂	lian:you:chang	n.	raffinerie
它会	ta:hui	part.	ça va
通常是	tong:chang:shi	v.	c'est habituellement
还有什么	hai:you:shen:me	pron.	quoi d'autre
有你	you:ni	v.	il y a toi
不觉	bu:jue	adv.	à son insu
合作关系	he:zuo:guan:xi	n.	relation de coopération
国有股	guo:you:gu	n.	actions d'État
片段	pian:duan	n.	fragment
酸	suan	adj.	acide
并根据	bing:gen:ju	conj.	et selon
我做	wo:zuo	v.	je fais
一二三四	yi:er:san:si	num.	un deux trois quatre
与服务	yu:fu:wu	v.	et servir
几乎没有	ji:hu:mei:you	adv.	presque aucun
啸	xiao	v.	hurler
啸	xiao	n.	sifflement
对立	dui:li	n.	opposition
对立	dui:li	v.	s'opposer
薄弱	bo:ruo	adj.	faible
死后	si:hou	adv.	après la mort
峡谷	xia:gu	n.	gorge
季度	ji:du	n.	trimestre
玄武	xuan:wu	n.	Xuanwu
龄	ling	n.	âge
工程质量	gong:cheng:zhi:liang	n.	qualité des travaux
文化部	wen:hua:bu	n.	ministère de la Culture
阁	ge	n.	pavillon
合同约定	he:tong:yue:ding	n.	stipulation contractuelle
绿茶	lv:cha	n.	thé vert
未经同意	wei:jing:tong:yi	prep.	sans consentement
舌	she	n.	langue
崩溃	beng:kui	v.	s'effondrer
设为	she:wei	v.	définir comme
拖欠	tuo:qian	v.	être en retard de paiement
大力支持	da:li:zhi:chi	v.	soutenir vivement
相关内容	xiang:guan:nei:rong	n.	contenu connexe
流入	liu:ru	v.	affluer
例外	li:wai	n.	exception
要好	yao:hao	adj.	proche
多少钱	duo:shao:qian	num.	combien
专项资金	zhuan:xiang:zi:jin	n.	fonds spéciaux
空前	kong:qian	adj.	sans précédent
无形资产	wu:xing:zi:chan	n.	actifs incorporels
征地	zheng:di	n.	expropriation des terres
箱	xiang	n.	coffret
箱	xiang	mw.	boîte（mesure）
物质的	wu:zhi:de	adj.	matériel
申请材料	shen:qing:cai:liao	n.	dossier de candidature
冯	feng	n.	Feng
萨达姆	sa:da:mu	n.	Saddam
这么说	zhe:me:shuo	conj.	alors donc
绿色食品	lv:se:shi:pin	n.	alimentation bio
颇为	po:wei	adv.	assez
小吃	xiao:chi	n.	collation
国情	guo:qing	n.	situation nationale
构思	gou:si	v.	concevoir
构思	gou:si	n.	conception
清爽	qing:shuang	adj.	frais
坐标	zuo:biao	n.	coordonnée
赞美	zan:mei	v.	louer
下载后	xia:zai:hou	adv.	après le téléchargement
面值	mian:zhi	n.	valeur nominale
畜牧	xu:mu	n.	élevage
邦	bang	n.	État
稳步	wen:bu	adv.	régulièrement
宣传部	xuan:chuan:bu	n.	département de la propagande
强有力的	qiang:you:li:de	adj.	puissant
野生动物	ye:sheng:dong:wu	n.	animaux sauvages
封建	feng:jian	adj.	féodal
残留	can:liu	v.	résiduer
两地	liang:di	n.	les deux lieux
石膏	shi:gao	n.	plâtre
展区	zhan:qu	n.	zone d'exposition
钢	gang	n.	acier
较差	jiao:cha	adj.	relativement mauvais
起床	qi:chuang	v.	se lever
经营模式	jing:ying:mo:shi	n.	modèle d'exploitation
英镑	ying:bang	n.	livre sterling
只剩下	zhi:sheng:xia	v.	ne rester que
专长	zhuan:chang	n.	spécialité
乡镇企业	xiang:zhen:qi:ye	n.	entreprise de canton et bourg
高二	gao:er	n.	deuxième année de lycée
报关	bao:guan	v.	déclarer en douane
大连市	da:lian:shi	n.	Dalian
短线	duan:xian	n.	spéculation à court terme
请勿转载	qing:wu:zhuan:zai	v.	ne pas reproduire
招呼	zhao:hu	n.	salut
歌迷	ge:mi	n.	fan de chanson
吸纳	xi:na	v.	absorber
霞	xia	n.	nuage rose
工伤	gong:shang	n.	accident du travail
手表	shou:biao	n.	montre
详细地址	xiang:xi:di:zhi	n.	adresse détaillée
第三十一条	di:san:shi:yi:tiao	num.	article 31
定量	ding:liang	v.	quantifier
第三十条	di:san:shi:tiao	num.	article 30
促	cu	v.	promouvoir
泡	pao	v.	tremper
下线	xia:xian	v.	se déconnecter
生化	sheng:hua	n.	biochimie
关税	guan:shui	n.	tarif douanier
全日制	quan:ri:zhi	n.	plein temps
上岗	shang:gang	v.	prendre son poste
重	chong	adv.	encore
不仅仅	bu:jin:jin	adv.	pas seulement
通告	tong:gao	n.	avis
通告	tong:gao	v.	annoncer
同上	tong:shang	n.	idem
服务条款	fu:wu:tiao:kuan	n.	conditions de service
粉丝	fen:si	n.	fans
粉丝	fen:si	n.	vermicelles
组装	zu:zhuang	v.	assembler
并提	bing:ti	v.	mentionner ensemble
魔鬼	mo:gui	n.	diable
世界里	shi:jie:li	n.	dans le monde
地税	di:shui	n.	impôt local
日渐	ri:jian	adv.	jour après jour
装配	zhuang:pei	v.	assembler
双赢	shuang:ying	n.	gagnant-gagnant
拿来	na:lai	v.	apporter
小镇	xiao:zhen	n.	petite ville
盾	dun	n.	bouclier
民航	min:hang	n.	aviation civile
钢管	gang:guan	n.	tube en acier
石榴	shi:liu	n.	grenade
已完成	yi:wan:cheng	v.	achevé
发布信息	fa:bu:xin:xi	v.	publier des informations
网络服务	wang:luo:fu:wu	n.	service réseau
以太网	yi:tai:wang	n.	Ethernet
工作时	gong:zuo:shi	n.	au travail
共用	gong:yong	v.	partager
墨西哥	mo:xi:ge	n.	Mexique
远程教育	yuan:cheng:jiao:yu	n.	enseignement à distance
性命	xing:ming	n.	vie
迹象	ji:xiang	n.	sign
聊天室	liao:tian:shi	n.	salon de discussion
反之	fan:zhi	conj.	inversement
坚信	jian:xin	v.	croire fermement
不解	bu:jie	adj.	perplexe
好东西	hao:dong:xi	n.	bonne chose
羊	yang	n.	mouton
充电器	chong:dian:qi	n.	chargeur
大企业	da:qi:ye	n.	grand entreprise
碧	bi	adj.	vert jade
由此可见	you:ci:ke:jian	conj.	par là on voit
援	yuan	v.	aider
闪电	shan:dian	n.	éclair
连锁店	lian:suo:dian	n.	magasin en chaîne
沙龙	sha:long	n.	salon
重要意义	zhong:yao:yi:yi	n.	importance majeure
陌生的	mo:sheng:de	adj.	inconnu
难的	nan:de	adj.	difficile
误导	wu:dao	v.	induire en erreur
一万	yi:wan	num.	dix mille
热潮	re:chao	n.	engouement
伴随	ban:sui	v.	accompagner
更正	geng:zheng	v.	corriger
人权	ren:quan	n.	droits de l'homme
博士学位	bo:shi:xue:wei	n.	doctorat
实用性	shi:yong:xing	n.	praticité
国内市场	guo:nei:shi:chang	n.	marché intérieur
抹	ma	v.	essuyer
抹	mo	v.	enduire
全额	quan:e	n.	montant total
出版物	chu:ban:wu	n.	publication
保持了	bao:chi:le	v.	maintenir
该机	gai:ji	n.	cette machine
见习	jian:xi	v.	faire un stage
也应该	ye:ying:gai	adv.	devrait aussi
征得	zheng:de	v.	obtenir
非常重	fei:chang:zhong	adj.	très lourd
文凭	wen:ping	n.	diplôme
政党	zheng:dang	n.	parti politique
构造函数	gou:zao:han:shu	n.	constructeur
皇家	huang:jia	adj.	royal
观测	guan:ce	v.	observer
失眠	shi:mian	n.	insomnie
片长	pian:chang	n.	durée du film
讲授	jiang:shou	v.	enseigner
岂是	qi:shi	v.	comment se peut-il
认购	ren:gou	v.	souscrire
怎么回事	zen:me:hui:shi	v.	qu'est-ce qui se passe
真诚的	zhen:cheng:de	adj.	sincère
题型	ti:xing	n.	type de question
经纪人	jing:ji:ren	n.	agent
亿吨	yi:dun	num.	100 millions de tonnes
电子书	dian:zi:shu	n.	livre électronique
统计数据	tong:ji:shu:ju	n.	données statistiques
已于	yi:yu	prep.	déjà le
倩	qian	adj.	belle
定为	ding:wei	v.	définir comme
山顶	shan:ding	n.	sommet
锐	rui	adj.	aigu
我们知道	wo:men:zhi:dao	v.	nous savons
委屈	wei:qu	adj.	lésé
线程	xian:cheng	n.	thread
一直没有	yi:zhi:mei:you	v.	n'avoir jamais
冲洗	chong:xi	v.	rincer
摄像	she:xiang	v.	filmer
难过	nan:guo	adj.	triste
不清	bu:qing	adj.	pas clair
只听	zhi:ting	v.	entendre seulement
要进行	yao:jin:xing	v.	effectuer
油耗	you:hao	n.	consommation de carburant
则可	ze:ke	adv.	alors on peut
喷	pen	v.	pulvériser
收货人	shou:huo:ren	n.	destinataire
那段	na:duan	pron.	ce passage
占了	zhan:le	v.	occuper
拦	lan	v.	barrer
难忘	nan:wang	adj.	inoubliable
嘉	jia	adj.	excellent
交货	jiao:huo	v.	livrer
也不要	ye:bu:yao	adv.	ne veut pas non plus
袖	xiu	n.	manche
教育事业	jiao:yu:shi:ye	n.	cause de l'éducation
榜样	bang:yang	n.	exemple
刻录	ke:lu	v.	graver
估算	gu:suan	v.	estimer
豆油	dou:you	n.	huile de soja
亦不	yi:bu	adv.	ne... pas non plus
声卡	sheng:ka	n.	carte son
周到	zhou:dao	adj.	minutieux
亲戚	qin:qi	n.	parent
什么东西	shen:me:dong:xi	n.	quelle chose
教研室	jiao:yan:shi	n.	bureau d'enseignement
花朵	hua:duo	n.	fleur
主要任务	zhu:yao:ren:wu	n.	tâche principale
税费	shui:fei	n.	taxes et frais
信息管理	xin:xi:guan:li	n.	gestion de l'information
房间里	fang:jian:li	n.	dans la pièce
其二	qi:er	n.	deuxièmement
大学本科	da:xue:ben:ke	n.	cursus universitaire
殊	shu	adj.	différent
终结	zhong:jie	n.	fin
徒步	tu:bu	v.	à pied
农作物	nong:zuo:wu	n.	culture
触摸	chu:mo	v.	toucher
派人	pai:ren	v.	envoyer quelqu'un
深远	shen:yuan	adj.	profond
文化建设	wen:hua:jian:she	n.	développement culturel
腹泻	fu:xie	n.	diarrhée
分居	fen:ju	v.	vivre séparé
头顶	tou:ding	n.	sommet du crâne
整齐	zheng:qi	adj.	rangé
大城市	da:cheng:shi	n.	grande ville
验证码	yan:zheng:ma	n.	code de vérification
辰	chen	n.	le cinquième rameau
台上	tai:shang	n.	sur la scène
公司法	gong:si:fa	n.	droit des sociétés
仔细阅读	zi:xi:yue:du	v.	lire attentivement
唱片公司	chang:pian:gong:si	n.	maison de disques
描绘	miao:hui	v.	dépeindre
出厂	chu:chang	v.	sortir d'usine
蒸气	zheng:qi	n.	vapeur
口袋	kou:dai	n.	poche
天后	tian:hou	n.	diva
低成本	di:cheng:ben	n.	faible coût
归来	gui:lai	v.	revenir
总的	zong:de	adj.	dans l'ensemble
出路	chu:lu	n.	issue
细心	xi:xin	adj.	attentif
充值	chong:zhi	v.	recharger
社会经济	she:hui:jing:ji	n.	économie sociale
进球	jin:qiu	v.	marquer un but
特制	te:zhi	adj.	fabriqué spécialement
繁	fan	adj.	nombreux
沉淀	chen:dian	v.	précipiter
发展空间	fa:zhan:kong:jian	n.	espace de développement
本校	ben:xiao	n.	cette école
珍贵	zhen:gui	adj.	précieux
消失了	xiao:shi:le	v.	disparaître
声道	sheng:dao	n.	piste sonore
屋里	wu:li	n.	dans la maison
主要负责人	zhu:yao:fu:ze:ren	n.	responsable principal
感性	gan:xing	n.	sensibilité
法语	fa:yu	n.	français
编辑部	bian:ji:bu	n.	rédaction
条规	tiao:gui	n.	règles
络	luo	n.	réseau
留言板	liu:yan:ban	n.	tableau d'affichage
第三人	di:san:ren	n.	troisième personne
捆绑	kun:bang	v.	lier
党章	dang:zhang	n.	charte du parti
轮廓	lun:kuo	n.	contour
银行业	yin:hang:ye	n.	secteur bancaire
抛	pao	v.	lancer
负载	fu:zai	n.	charge
税法	shui:fa	n.	code des impôts
很喜欢	hen:xi:huan	v.	aimer beaucoup
破裂	po:lie	v.	se romper
一倍	yi:bei	num.	une fois
场上	chang:shang	n.	sur le terrain
嫁	jia	v.	épouser
咒	zhou	n.	maléfice
油画	you:hua	n.	peinture à l'huile
音效	yin:xiao	n.	effet sonore
开盘	kai:pan	v.	ouvrir
主场	zhu:chang	n.	domicile
不清楚	bu:qing:chu	adj.	pas clair
撤	che	v.	se retirer
一坨	yi:tuo	mw.	une motte
三类	san:lei	num.	trois types
违约金	wei:yue:jin	n.	pénalité
报销	bao:xiao	v.	rembourser
推开	tui:kai	v.	pousser ouvert
解说	jie:shuo	v.	commenter
后人	hou:ren	n.	postérité
合伙人	he:huo:ren	n.	associé
前端	qian:duan	n.	front-end
历史文化	li:shi:wen:hua	n.	histoire et culture
管理类	guan:li:lei	n.	catégorie gestion
国际标准	guo:ji:biao:zhun	n.	norme internationale
何必	he:bi	adv.	pourquoi
体现出	ti:xian:chu	v.	incarner
警惕	jing:ti	v.	se méfier
主营业务	zhu:ying:ye:wu	n.	activité principale
客服热线	ke:fu:re:xian	n.	ligne client
器械	qi:xie	n.	instrument
器械	qi:xie	n.	équipement
视听	shi:ting	n.	audiovisuel
管委会	guan:wei:hui	n.	comité de gestion
落户	luo:hu	v.	s'installer
工夫	gong:fu	n.	temps
工夫	gong:fu	n.	effort
元宝	yuan:bao	n.	lingot
突发事件	tu:fa:shi:jian	n.	urgence
预案	yu:an	n.	plan d'urgence
华北	hua:bei	n.	Chine du Nord
一时间	yi:shi:jian	adv.	un moment
定要	ding:yao	adv.	sûrement
养老保险	yang:lao:bao:xian	n.	assurance retraite
治愈	zhi:yu	v.	guérir
治愈	zhi:yu	n.	guérison
跳跃	tiao:yue	v.	sauter
跳跃	tiao:yue	n.	saut
深深地	shen:shen:de	adv.	profondément
西门	xi:men	n.	Ximen
西门	xi:men	n.	porte ouest
书生	shu:sheng	n.	lettré
肝脏	gan:zang	n.	foie
十一月	shi:yi:yue	num.	novembre
进化	jin:hua	v.	évoluer
进化	jin:hua	n.	évolution
附录	fu:lu	n.	annexe
六十	liu:shi	num.	soixante
生病	sheng:bing	v.	tomber malade
之作	zhi:zuo	n.	œuvre
牡丹	mu:dan	n.	pivoine
高校毕业生	gao:xiao:bi:ye:sheng	n.	diplômé universitaire
快点	kuai:dian	v.	hurry up!
愉悦	yu:yue	adj.	joyeux
助学	zhu:xue	v.	aider les études
月饼	yue:bing	n.	gâteau de lune
虫	chong	n.	insecte
此举	ci:ju	n.	ce geste
审	shen	v.	examiner
施工单位	shi:gong:dan:wei	n.	entreprise de travaux
献	xian	v.	offrir
千元	qian:yuan	n.	mille yuans
雇主	gu:zhu	n.	employeur
饰演	shi:yan	v.	jouer
散发	san:fa	v.	distribuieren
我们自己	wo:men:zi:ji	pron.	nous-mêmes
奶酪	nai:lao	n.	fromage
结尾	jie:wei	n.	fin
人大代表	ren:da:dai:biao	n.	député de l'APN
虽说	sui:shuo	conj.	bien que
免费注册	mian:fei:zhu:ce	v.	s'inscrire gratuitement
专卖	zhuan:mai	v.	monopoliser la vente
喜剧	xi:ju	n.	comédie
不得以	bu:de:yi	v.	ne pas pouvoir
废止	fei:zhi	v.	abolir
不同意	bu:tong:yi	v.	être en désaccord
专业人士	zhuan:ye:ren:shi	n.	professionnel
青菜	qing:cai	n.	légumes verts
习惯了	xi:guan:le	v.	s'habituer
饮酒	yin:jiu	v.	boire de l'alcool
媚	mei	adj.	séduisant
预报	yu:bao	n.	prévision
朝着	chao:zhe	prep.	vers
报复	bao:fu	n.	représaille
相识	xiang:shi	v.	se connaître
亲属	qin:shu	n.	parent
小狗	xiao:gou	n.	chiot
福州市	fu:zhou:shi	n.	ville de Fuzhou
发型	fa:xing	n.	coiffure
管理部	guan:li:bu	n.	département de gestion
为国家	wei:guo:jia	prep.	pour le pays
宣言	xuan:yan	n.	déclaration
还很	hai:hen	adv.	encore très
浸泡	jin:pao	v.	tremper
陈列	chen:lie	v.	exposer
就是我	jiu:shi:wo	pron.	c'est moi
我当时	wo:dang:shi	n.	moi à l'époque
环境污染	huan:jing:wu:ran	n.	pollution de l'environnement
华南	hua:nan	n.	Sud de la Chine
此版	ci:ban	n.	cette édition
承办单位	cheng:ban:dan:wei	n.	organisateur
反映出	fan:ying:chu	v.	refléter
年年	nian:nian	adv.	d'année en année
要严格	yao:yan:ge	adj.	doit être strict
光电	guang:dian	n.	photoélectricité
讥笑	ji:xiao	v.	ridiculiser
优越	you:yue	adj.	supérieur
将由	jiang:you	prep.	par
起板	qi:ban	n.	mesure d'opéra
亿元	yi:yuan	num.	100 millions de yuans
多层次	duo:ceng:ci	adj.	multiniveau
厨师	chu:shi	n.	cuisinier
严峻	yan:jun	adj.	sévère
为首	wei:shou	v.	être à la tête
这意味着	zhe:yi:wei:zhe	v.	cela signifie
面粉	mian:fen	n.	farine
农村经济	nong:cun:jing:ji	n.	économie rurale
奶茶	nai:cha	n.	thé au lait
切割	qie:ge	v.	couper
日照	ri:zhao	n.	ensoleillement
禽流感	qin:liu:gan	n.	grippe aviaire
外型	wai:xing	n.	apparence
推动了	tui:dong:le	v.	a promu
想做	xiang:zuo	v.	veut faire
本行	ben:hang	n.	sa propre spécialité
成交量	cheng:jiao:liang	n.	volume de transactions
递给	di:gei	v.	passer à
心跳	xin:tiao	n.	battement de cœur
贤	xian	adj.	sage
走廊	zou:lang	n.	couloir
规矩	gui:ju	n.	règle
规矩	gui:ju	adj.	correct
大家好	da:jia:hao	int.	bonjour à tous
拉	la	v.	tirer
发售	fa:shou	v.	mettre en vente
落下	la:xia	v.	laisser derrière
落下	luo:xia	v.	tomber
国际上	guo:ji:shang	n.	milieux internationaux
深处	shen:chu	n.	profondeurs
杀	sha	v.	tuer
新药	xin:yao	n.	nouveau médicament
贯穿	guan:chuan	v.	traverser
中止	zhong:zhi	v.	suspendre
葛	ge	n.	kudzu
葛	ge	n.	Ge
不给	bu:gei	v.	ne pas donner
潇洒	xiao:sa	adj.	dégagé
刹	sha	n.	grotte-temple
刹	sha	v.	freiner
需求量	xu:qiu:liang	n.	demande
几率	ji:lv	n.	probabilité
一再	yi:zai	adv.	à maintes reprises
应为	ying:wei	v.	doit être
店主	dian:zhu	n.	commerçant
域名注册	yu:ming:zhu:ce	n.	enregistrement de domaine
开本	kai:ben	n.	format
党的建设	dang:de:jian:she	n.	construction du parti
强制性	qiang:zhi:xing	n.	caractère obligatoire
袁	yuan	n.	Yuan
不正确	bu:zheng:que	adj.	incorrect
花生	hua:sheng	n.	arachide
野生	ye:sheng	adj.	sauvage
较重	jiao:zhong	adj.	relativement lourd
事务所	shi:wu:suo	n.	cabinet
煤气	mei:qi	n.	gaz
第三十二条	di:san:shi:er:tiao	num.	article 32
司马	si:ma	n.	Sima
司马	si:ma	n.	maréchal
刘备	liu:bei	n.	Liu Bei
说服	shuo:fu	v.	persuader
拉开	la:kai	v.	tirer pour ouvrir
摔	shuai	v.	tomber
摔	shuai	v.	jeter
公文	gong:wen	n.	document officiel
序	xu	n.	préface
序	xu	n.	ordre
开发者	kai:fa:zhe	n.	développeur
占到	zhan:dao	v.	représenter
粤语	yue:yu	n.	cantonais
今年以来	jin:nian:yi:lai	adv.	depuis le début de l'année
始发站	shi:fa:zhan	n.	station de départ
不远	bu:yuan	adj.	pas loin
特殊情况	te:shu:qing:kuang	n.	circonstance particulière
指挥部	zhi:hui:bu	n.	quartier général
麦当劳	mai:dang:lao	n.	McDonald's
预备	yu:bei	v.	préparer
自在	zi:zai	adj.	à l'aise
分支	fen:zhi	n.	branche
遍布	bian:bu	v.	répartir partout
群发	qun:fa	v.	envoyer en masse
多方	duo:fang	adj.	nombreuses parties
就是说	jiu:shi:shuo	conj.	c'est-à-dire
政务公开	zheng:wu:gong:kai	n.	transparence administrative
反击	fan:ji	v.	contre-attaquer
归档	gui:dang	v.	archiver
清澈	qing:che	adj.	clair
动画片	dong:hua:pian	n.	desin animé
访谈	fang:tan	n.	entretien
可行性	ke:xing:xing	n.	faisabilité
剖析	pou:xi	v.	analyser
下设	xia:she	v.	subordonner
契约	qi:yue	n.	contrat
臀部	tun:bu	n.	fesses
对接	dui:jie	v.	s'accoupler
毛主席	mao:zhu:xi	n.	président Mao
企业经营	qi:ye:jing:ying	n.	gestion d'entreprise
有线	you:xian	n.	filaire
揭示	jie:shi	v.	révéler
自费	zi:fei	adv.	à ses propres frais
公益性	gong:yi:xing	n.	caractère d'intérêt public
末页	mo:ye	n.	dernière page
皱纹	zhou:wen	n.	ride
到目前为止	dao:mu:qian:wei:zhi	adv.	jusqu'à présent
自然科学	zi:ran:ke:xue	n.	science naturelle
筑	zhu	v.	construire
可谓	ke:wei	v.	on peut dire
自负	zi:fu	adj.	présomptueux
排斥	pai:chi	v.	exclure
初三	chu:san	n.	troisième de collège
湿度	shi:du	n.	humidité
财务会计	cai:wu:kuai:ji	n.	comptabilité financière
斜	xie	adj.	oblique
女装	nv:zhuang	n.	vêtements pour femmes
经营性	jing:ying:xing	n.	nature commerciale
慕容	mu:rong	n.	Murong
到时候	dao:shi:hou	adv.	au moment voulu
谁知	shei:zhi	conj.	qui sait
当期	dang:qi	n.	période en cours
散热	san:re	v.	dissiper la chaleur
考古	kao:gu	v.	archéologie
办案	ban:an	v.	traiter une affaire
重新启动	chong:xin:qi:dong	v.	redémarrer
快速增长	kuai:su:zeng:zhang	n.	croissance rapide
瓦	wa	mw.	watt
高层次	gao:ceng:ci	adj.	de haut niveau
长征	chang:zheng	n.	Longue Marche
光圈	guang:quan	n.	diaphragme
督导	du:dao	v.	superviser
面孔	mian:kong	n.	visage
领队	ling:dui	n.	chef d'équipe
喜好	xi:hao	n.	préférence
个数	ge:shu	n.	nombre
固然	gu:ran	adv.	bien sûr
拼音	pin:yin	n.	pinyin
情人节	qing:ren:jie	n.	Saint-Valentin
随时随地	sui:shi:sui:di	adv.	tout le temps et partout
毒品	du:pin	n.	stupéfiant
南宁市	nan:ning:shi	n.	Nanning
药材	yao:cai	n.	matière médicale
涂	tu	v.	enduire
天赋	tian:fu	n.	don
防汛	fang:xun	v.	lutte contre les crues
参展商	can:zhan:shang	n.	exposant
深层	shen:ceng	n.	couche profonde
湾	wan	n.	baie
卓越的	zhuo:yue:de	adj.	excellent
初二	chu:er	n.	deuxième année du collège
一心	yi:xin	adv.	de tout cœur
收支	shou:zhi	n.	recettes et dépenses
简要	jian:yao	adj.	concis
莎	sha	n.	carex
视图	shi:tu	n.	vue
光源	guang:yuan	n.	source lumineuse
为宜	wei:yi	v.	être préférable
灿烂	can:lan	adj.	brillant
技术水平	ji:shu:shui:ping	n.	niveau technique
团长	tuan:zhang	n.	chef de régiment
广告服务	guang:gao:fu:wu	n.	service publicitaire
生产设备	sheng:chan:she:bei	n.	équipement de production
命中	ming:zhong	v.	toucher dans la cible
闪光	shan:guang	n.	flash
闪光	shan:guang	v.	scintiller
崇	chong	v.	vénérer
几个人	ji:ge:ren	n.	quelques personnes
发改委	fa:gai:wei	n.	Commission du développement
脱落	tuo:luo	v.	se détacher
肉眼	rou:yan	n.	œil nu
比较好	bi:jiao:hao	adj.	assez bon
抽烟	chou:yan	v.	fumer
拥护	yong:hu	v.	soutenir
猎	lie	v.	chasser
办公楼	ban:gong:lou	n.	immeuble de bureaux
戏曲	xi:qu	n.	opéra traditionnel
刑	xing	n.	peine
墨	mo	n.	encre
陪同	pei:tong	v.	accompagner
从容	cong:rong	adj.	serein
没关系	mei:guan:xi	v.	peu importe
诊疗	zhen:liao	v.	diagnostiquer et traiter
国土资源	guo:tu:zi:yuan	n.	ressources foncières
一枚	yi:mei	mw.	une (pièce)
卖点	mai:dian	n.	argument de vente
习俗	xi:su	n.	coutume
瑜伽	yu:jia	n.	yoga
用作	yong:zuo	v.	servir de
职能部门	zhi:neng:bu:men	n.	service fonctionnel
固体	gu:ti	n.	solide
雨水	yu:shui	n.	eau de pluie
雨水	yu:shui	n.	Eau de pluie (période solaire)
娃	wa	n.	bébé
飞跃	fei:yue	v.	faire un bond
大腿	da:tui	n.	cuisse
文革	wen:ge	n.	Révolution culturelle
管理体系	guan:li:ti:xi	n.	système de gestion
刀具	dao:ju	n.	outil de coupe
梯	ti	n.	échelle
涂抹	tu:mo	v.	enduire
固定资产投资	gu:ding:zi:chan:tou:zi	n.	investissement en actifs fixes
嘴角	zui:jiao	n.	coin de la bouche
集成电路	ji:cheng:dian:lu	n.	circuit intégré
管理费	guan:li:fei	n.	frais de gestion
桃	tao	n.	pêche
豆	dou	n.	haricot
驾	jia	v.	conduire
木耳	mu:er	n.	oreille de bois
不小心	bu:xiao:xin	adv.	distrait
春风	chun:feng	n.	brise de printemps
开幕式	kai:mu:shi	n.	cérémonie d'ouverture
表决	biao:jue	v.	voter
教学方法	jiao:xue:fang:fa	n.	méthode d'enseignement
特质	te:zhi	n.	traits caractéristiques
重要讲话	zhong:yao:jiang:hua	n.	important discours
实效	shi:xiao	n.	effet réel
专注	zhuan:zhu	adj.	concentré
专注	zhuan:zhu	v.	se concentrer
中奖	zhong:jiang	v.	gagner un prix
浅	qian	adj.	peu profond
超值	chao:zhi	adj.	excellent rapport qualité-prix
趣味	qu:wei	n.	divertissement
趣味	qu:wei	n.	intérêt
一说	yi:shuo	n.	une théorie
的	di	part.	de (particule)
黎明	li:ming	n.	aube
变更登记	bian:geng:deng:ji	n.	changement d'enregistrement
富贵	fu:gui	adj.	riche et honoré
大有	da:you	v.	avoir en abondance
事业发展	shi:ye:fa:zhan	n.	développement de carrière
烹饪	peng:ren	n.	cuisine
烹饪	peng:ren	v.	cuisiner
恶化	e:hua	v.	s'aggraver
藏族	zang:zu	n.	ethnie tibétaine
博士后	bo:shi:hou	n.	auteur postdoctoral
迫使	po:shi	v.	forcer
信用证	xin:yong:zheng	n.	lettre de crédit
承运人	cheng:yun:ren	n.	transporteur
艰苦	jian:ku	adj.	pénible
热线电话	re:xian:dian:hua	n.	ligne d'assistance
索赔	suo:pei	v.	réclamer une indemnité
未注册	wei:zhu:ce	adj.	non enregistré
牢固	lao:gu	adj.	solide
驱动器	qu:dong:qi	n.	lecteur
径	jing	n.	chemin
径	jing	n.	diamètre
红楼梦	hong:lou:meng	n.	Le Rêve dans le pavillon rouge
人大常委会	ren:da:chang:wei:hui	n.	Comité permanent de l'ANP
太极	tai:ji	n.	taiji
疲	pi	adj.	fatigué
万里	wan:li	n.	Wanli
不动产	bu:dong:chan	n.	immobilier
腐蚀	fu:shi	v.	corroder
直观	zhi:guan	adj.	intuitiv
好莱坞	hao:lai:wu	n.	Hollywood
搬	ban	v.	déplacer
搬	ban	v.	porter
移交	yi:jiao	v.	transférer
瓜	gua	n.	melon
莹	ying	adj.	lustré
敬业	jing:ye	adj.	dévoué
开发利用	kai:fa:li:yong	n.	mise en valeur
小店	xiao:dian	n.	petit magasin
元老	yuan:lao	n.	aîné
梦中	meng:zhong	n.	rêve
隐瞒	yin:man	v.	dissimuler
大类	da:lei	n.	grand category
牢牢	lao:lao	adv.	finement
惊人的	jing:ren:de	adj.	étonnant
滋	zi	v.	nourrir
跨国	kua:guo	adj.	transnational
美味	mei:wei	n.	délice
配制	pei:zhi	v.	composer
润	run	adj.	humide
商户	shang:hu	n.	marchand
批次	pi:ci	n.	lot
确有	que:you	v.	certainement avoir
浓缩	nong:suo	v.	concentrer
后勤	hou:qin	n.	logistique
火星	huo:xing	n.	Mars
铃	ling	n.	cloche
聪明的	cong:ming:de	adj.	intelligent
疗程	liao:cheng	n.	cure
停下	ting:xia	v.	s'arrêter
另有规定	ling:you:gui:ding	v.	autre disposition
当即	dang:ji	adv.	immédiatement
直流	zhi:liu	n.	courant continu
绝缘	jue:yuan	v.	isoler
难受	nan:shou	adj.	pénible
包括了	bao:kuo:le	v.	comprendre
表达了	biao:da:le	v.	exprimer
工作组	gong:zuo:zu	n.	groupe de travail
香气	xiang:qi	n.	parfum
饱满	bao:man	adj.	plein
呼叫	hu:jiao	v.	appeler
加大了	jia:da:le	v.	augmenter
欺负	qi:fu	v.	maltaiter
手感	shou:gan	n.	toucher tactile
更何况	geng:he:kuang	conj.	à plus forte raison
发达的	fa:da:de	adj.	développé
新高	xin:gao	n.	exité
投影	tou:ying	n.	projection
语言种类	yu:yan:zhong:lei	n.	type de langue
打开了	da:kai:le	v.	ouvrir
蛮	man	adv.	assez
累了	lei:le	adj.	fatigué
入库	ru:ku	v.	entrer en entrepôt
脆弱	cui:ruo	adj.	fragile
误会	wu:hui	v.	mal comprendre
出席了	chu:xi:le	v.	assister
蒂	di	n.	pédicelle
序列号	xu:lie:hao	n.	numéro de série
村委会	cun:wei:hui	n.	comité de village
拨	bo	v.	composer
纯净	chun:jing	adj.	pur
十七	shi:qi	num.	17
总局	zong:ju	n.	direction générale
二年级	er:nian:ji	n.	deuxième année
科学院	ke:xue:yuan	n.	académie des sciences
贮存	zhu:cun	v.	stocker
暑假	shu:jia	n.	vacances d'été
贯彻执行	guan:che:zhi:xing	v.	appliquer et exécuter
盗版	dao:ban	n.	piratage
南非	nan:fei	n.	Afrique du Sud
产业结构	chan:ye:jie:gou	n.	structure industrielle
建筑材料	jian:zhu:cai:liao	n.	matériaux de construction
礼貌	li:mao	n.	politesse
有益的	you:yi:de	adj.	bénéfique
法人代表	fa:ren:dai:biao	n.	représentant légal
涛	tao	n.	grosses vagues
营业税	ying:ye:shui	n.	impôt sur les transactions
予	yu	v.	donner
胸前	xiong:qian	n.	devant la poitrine
网管	wang:guan	n.	administrateur réseau
勾	gou	v.	cocher
能耗	neng:hao	n.	consommation d'énergie
世界观	shi:jie:guan	n.	vision du monde
惠	hui	n.	faveur
阿根廷	a:gen:ting	n.	Argentine
析	xi	v.	analyser
铁板	tie:ban	n.	plaque de fer
打折机票	da:zhe:ji:piao	n.	billet d'avion à prix réduit
遗忘	yi:wang	v.	oublier
中性	zhong:xing	adj.	neutre
延期	yan:qi	v.	ajourner
畸形	ji:xing	adj.	déformé
武侠	wu:xia	n.	roman de arts martiaux
祭祀	ji:si	v.	offrir un sacrifice
有关事项	you:guan:shi:xiang	n.	questions concernées
相关法律	xiang:guan:fa:lv	n.	lois concernées
在此基础上	zai:ci:ji:chu:shang	prep.	sur cette base
薪资	xin:zi	n.	salaire
脱颖而出	tuo:ying:er:chu	v.	se démarquer
检察院	jian:cha:yuan	n.	parquet
砍	kan	v.	couper
平面设计	ping:mian:she:ji	n.	graphisme
杀毒	sha:du	v.	désinfecter
外在	wai:zai	adj.	extérieur
撑	cheng	v.	soutenir
截	jie	v.	couper
有关人员	you:guan:ren:yuan	n.	personnes concernées
超声波	chao:sheng:bo	n.	ultrason
氧气	yang:qi	n.	oxygène
炸弹	zha:dan	n.	bombe
廉价	lian:jia	adj.	bon marché
营业部	ying:ye:bu	n.	service commercial
序列	xu:lie	n.	séquence
世界各国	shi:jie:ge:guo	n.	tous les pays du monde
讨论区	tao:lun:qu	n.	forum de discussion
时报	shi:bao	n.	quotidien
报废	bao:fei	v.	mettre au rebut
绿地	lv:di	n.	espace vert
飞利浦	fei:li:pu	n.	Philips
磨损	mo:sun	v.	user
本性	ben:xing	n.	nature
全心全意	quan:xin:quan:yi	adv.	de tout cœur
特产	te:chan	n.	spécialité locale
试点工作	shi:dian:gong:zuo	n.	travail pilote
措	cuo	v.	arranger
魔力	mo:li	n.	pouvoir magique
肉体	rou:ti	n.	corps
长途	chang:tu	adj.	longue distance
电子有限公司	dian:zi:you:xian:gong:si	n.	société électronique S.à r.l.
第三十三条	di:san:shi:san:tiao	num.	article 33
舌头	she:tou	n.	langue
半夜	ban:ye	n.	minuit
对外贸易	dui:wai:mao:yi	n.	commerce extérieur
有色金属	you:se:jin:shu	n.	métal non ferreux
寝室	qin:shi	n.	dortoir
用具	yong:ju	n.	ustensile
当晚	dang:wan	n.	ce soir-là
勇于	yong:yu	v.	oser
大叫	da:jiao	v.	crier
几何	ji:he	n.	géométrie
努力提高	nu:li:ti:gao	v.	s'efforcer d'améliorer
全书	quan:shu	n.	tout le livre
黄昏	huang:hun	n.	crépuscule
严重影响	yan:zhong:ying:xiang	v.	affecter gravement
币	bi	n.	monnaie
势必	shi:bi	adv.	inévitable
开店	kai:dian	v.	ouvrir une boutique
三菱	san:ling	n.	Mitsubishi
意味	yi:wei	n.	sens
意味	yi:wei	v.	signifier
弱点	ruo:dian	n.	point faible
规范性	gui:fan:xing	n.	normativité
煽动	shan:dong	v.	inciter
前列腺	qian:lie:xian	n.	prostate
主动性	zhu:dong:xing	n.	initiative
功德	gong:de	n.	mérite
玩笑	wan:xiao	n.	plaisanterie
课本	ke:ben	n.	manuel
单间	dan:jian	n.	chambre simple
夸张	kua:zhang	v.	exagérer
夸张	kua:zhang	adj.	exagéré
产品销售	chan:pin:xiao:shou	n.	vente de produits
这样一来	zhe:yang:yi:lai	conj.	alors
排量	pai:liang	n.	cylindrée
长发	chang:fa	n.	cheveux longs
非要	fei:yao	adv.	à tout prix
连同	lian:tong	prep.	avec
送上	song:shang	v.	remettre
流出	liu:chu	v.	s'écouler
长短	chang:duan	n.	longueur
终极	zhong:ji	adj.	ultime
零售商	ling:shou:shang	n.	détaillant
薇	wei	n.	rose générique
处女	chu:nv	n.	vierge
无情	wu:qing	adj.	sans cœur
哈尔滨市	ha:er:bin:shi	n.	ville de Harbin
免征	mian:zheng	v.	exonérer
沐浴	mu:yu	v.	se baigner
不适合	bu:shi:he	adj.	inadapté
沃尔玛	wo:er:ma	n.	Walmart
无知	wu:zhi	n.	ignorance
无知	wu:zhi	adj.	ignorant
工商银行	gong:shang:yin:hang	n.	ICBC
聚焦	ju:jiao	v.	mettre au point
感知	gan:zhi	v.	percevoir
一刻	yi:ke	n.	un moment
车载	che:zai	adj.	de véhicule
招聘会	zhao:pin:hui	n.	foire à l'emploi
杂志社	za:zhi:she	n.	maison de magazine
透明度	tou:ming:du	n.	transparence
播种	bo:zhong	v.	semer
太平	tai:ping	adj.	pais
低调	di:diao	adj.	discret
幸好	xing:hao	adv.	heureusement
组织开展	zu:zhi:kai:zhan	v.	organiser et mener
中国文化	zhong:guo:wen:hua	n.	culture chinoise
陛下	bi:xia	n.	Votre Majesté
技术开发	ji:shu:kai:fa	n.	développement technologique
叶片	ye:pian	n.	pale
黄金周	huang:jin:zhou	n.	semaine dorée
变迁	bian:qian	n.	changement
人中	ren:zhong	n.	philtrum
周恩来	zhou:en:lai	n.	Zhou Enlai
一脚	yi:jiao	n.	un coup de pied
自觉地	zi:jue:de	adv.	consciemment
塑胶	su:jiao	n.	plastique
整车	zheng:che	n.	véhicule entier
透明的	tou:ming:de	adj.	transparent
中型	zhong:xing	adj.	de taille moyenne
各级人民政府	ge:ji:ren:min:zheng:fu	n.	gouvernements à tous les niveaux
愈	yu	adv.	de plus en plus
菜肴	cai:yao	n.	plat
魔兽	mo:shou	n.	monstre
制度建设	zhi:du:jian:she	n.	construction institutionnelle
意识形态	yi:shi:xing:tai	n.	idéologie
攻略	gong:lve	n.	guide stratégique
督	du	v.	superviser
大户	da:hu	n.	gros compte
尺度	chi:du	n.	échelle
一般人	yi:ban:ren	n.	personne ordinaire
狐狸	hu:li	n.	renard
找工作	zhao:gong:zuo	v.	chercher un emploi
锂电池	li:dian:chi	n.	batterie au lithium
胸口	xiong:kou	n.	poitrine
通往	tong:wang	v.	mener à
克隆	ke:long	v.	cloner
全校	quan:xiao	n.	toute l'école
两级	liang:ji	num.	deux niveaux
程度上	cheng:du:shang	adv.	dans une certaine mesure
专柜	zhuan:gui	n.	comptoir spécial
历来	li:lai	adv.	de tout temps
交通便利	jiao:tong:bian:li	adj.	transport pratique
银行卡	yin:hang:ka	n.	carte bancaire
周四	zhou:si	n.	jeudi
符合条件	fu:he:tiao:jian	v.	remplir les conditions
保护区	bao:hu:qu	n.	réserve
终生	zhong:sheng	adv.	à vie
祥	xiang	adj.	augure
提起诉讼	ti:qi:su:song	v.	intenter une action en justice
供热	gong:re	v.	fournir le chauffage
供热	gong:re	n.	approvisionnement en chaleur
唐山	tang:shan	n.	Tangshan
喇叭	la:ba	n.	haut-parleur
喇叭	la:ba	n.	trompette
丫头	ya:tou	n.	fille
丫头	ya:tou	n.	servante
就行	jiu:xing	v.	ça suffit
国家主席	guo:jia:zhu:xi	n.	président de l'État
浦东	pu:dong	n.	Pudong
经济法	jing:ji:fa	n.	droit économique
额度	e:du	n.	quota
老家	lao:jia	n.	pays natal
星空	xing:kong	n.	ciel étoilé
工作效率	gong:zuo:xiao:lv	n.	efficacité au travail
怖	bu	adj.	effrayant
化学品	hua:xue:pin	n.	produit chimik
亲密	qin:mi	adj.	intime
本部	ben:bu	n.	siège
高清	gao:qing	adj.	haute définition
忠实	zhong:shi	adj.	fidèle
分部	fen:bu	n.	branche
半小时	ban:xiao:shi	n.	une demi-heure
增高	zeng:gao	v.	augmenter la taille
职业经理人	zhi:ye:jing:li:ren	n.	cadre professionnel
做饭	zuo:fan	v.	faire la cuisine
进入中国	jin:ru:zhong:guo	v.	entrer en Chine
不乏	bu:fa	v.	ne pas manquer de
离职	li:zhi	v.	quitter son poste
屋顶	wu:ding	n.	toit
管线	guan:xian	n.	conduite
没问题	mei:wen:ti	adj.	pas de problème
登记机关	deng:ji:ji:guan	n.	organisme d'enregistrement
复查	fu:cha	v.	revérifier
充当	chong:dang	v.	servir de
公认的	gong:ren:de	adj.	reconnu
我们公司	wo:men:gong:si	n.	notre entreprise
阁下	ge:xia	n.	Votre Excellence
苦笑	ku:xiao	v.	sourire amer
公司章程	gong:si:zhang:cheng	n.	statuts de la société
废物	fei:wu	n.	déchet
专著	zhuan:zhu	n.	monographie
图库	tu:ku	n.	bibliothèque d'images
高位	gao:wei	n.	haute position
惠州	hui:zhou	n.	Huizhou
工伤保险	gong:shang:bao:xian	n.	assurance accidents du travail
摄入	she:ru	v.	ingérer
不正常	bu:zheng:chang	adj.	anormal
配送方式	pei:song:fang:shi	n.	mode de livraison
三者	san:zhe	n.	les trois
发蜡	fa:la	n.	cire à cheveux
质量监督	zhi:liang:jian:du	n.	supervision de la qualité
迁移	qian:yi	v.	migrer
侵	qin	v.	envahir
投机	tou:ji	v.	spéculer
上传时间	shang:chuan:shi:jian	n.	heure de téléversement
根本利益	gen:ben:li:yi	n.	intérêt fondamental
岩	yan	n.	roche
特约	te:yue	v.	invité spécial
专业性	zhuan:ye:xing	n.	professionnalisme
制度化	zhi:du:hua	v.	institutionnaliser
扮	ban	v.	jouer
机能	ji:neng	n.	fonctionnement
打扮	da:ban	v.	se pomponner
该市	gai:shi	n.	cette ville
糟	zao	adj.	affreux
跳槽	tiao:cao	v.	changer d'emploi
略有	lve:you	v.	avoir légèrement
才华	cai:hua	n.	talent
盈	ying	v.	être plein
生姜	sheng:jiang	n.	gingembre
歌舞	ge:wu	n.	chant et danse
医学院	yi:xue:yuan	n.	faculté de médecine
畜牧业	xu:mu:ye	n.	élevage
万台	wan:tai	num.	10 000 (unités)
自制	zi:zhi	adj.	fait maison
投资项目	tou:zi:xiang:mu	n.	projet d'investissement
附带	fu:dai	v.	jointer
粮油	liang:you	n.	céréales et huile
吩咐	fen:fu	v.	donner des instructions
首发	shou:fa	v.	lancement initial
威海	wei:hai	n.	Weihai
腹	fu	n.	abdomen
企业内部	qi:ye:nei:bu	n.	intérieur de l'entreprise
公分	gong:fen	n.	centimètre
拜访	bai:fang	v.	rendre visite
西部地区	xi:bu:di:qu	n.	région de l'ouest
乾隆	qian:long	n.	Qianlong
正式版	zheng:shi:ban	n.	version officielle
迷你	mi:ni	adj.	mini
中级	zhong:ji	n.	niveau intermédiaire
垃圾邮件	la:ji:you:jian	n.	pourriel
组织部	zu:zhi:bu	n.	département de l'organisation
无名	wu:ming	adj.	innommable
名胜区	ming:sheng:qu	n.	site pittoresque
全党	quan:dang	n.	tout le parti
骚扰	sao:rao	v.	harceler
微型	wei:xing	adj.	miniaturisiert
艺术类	yi:shu:lei	n.	catégorie artistique
专业委员会	zhuan:ye:wei:yuan:hui	n.	comité spécialisé
事迹	shi:ji	n.	faits
增添	zeng:tian	v.	ajouter
背着	bei:zhe	v.	porter sur le dos
探险	tan:xian	n.	exploration
斩	zhan	v.	trancher
股份制	gu:fen:zhi	n.	système d'actions
行业发展	hang:ye:fa:zhan	n.	développement du secteur
考证	kao:zheng	v.	vérifier
润滑油	run:hua:you	n.	huile lubrifiante
早晚	zao:wan	adv.	tôt ou tard
早晚	zao:wan	n.	matin et soir
吊销	diao:xiao	v.	révoker
多方面的	duo:fang:mian:de	adj.	à multiples aspects
支队	zhi:dui	n.	détachement
计费	ji:fei	v.	facturer
呵护	he:hu	v.	protéger
招牌	zhao:pai	n.	enseigne
副秘书长	fu:mi:shu:zhang	n.	secrétaire général adjoint
添加剂	tian:jia:ji	n.	additif
抽出	chou:chu	v.	extraire
尺	chi	n.	règle
爱立信	ai:li:xin	n.	Ericsson
网关	wang:guan	n.	passerelle
品牌形象	pin:pai:xing:xiang	n.	image de marque
压迫	ya:po	v.	opprimer
会场	hui:chang	n.	lieu de réunion
遇上	yu:shang	v.	rencontrer
数百	shu:bai	num.	plusieurs centaines
倍数	bei:shu	n.	multiple
空格	kong:ge	n.	espace
签	qian	v.	signer
氨基酸	an:ji:suan	n.	acide aminé
牢记	lao:ji	v.	garder en mémoire
扩充	kuo:chong	v.	étendre
稀	xi	adj.	rare
延安	yan:an	n.	Yan'an
先天	xian:tian	adj.	congénital
好不好	hao:bu:hao	adv.	est-ce que ça va
商学院	shang:xue:yuan	n.	école de commerce
掏	tao	v.	tirer
构建和谐社会	gou:jian:he:xie:she:hui	v.	bâtir une société harmonieuse
夸	kua	v.	féliciter
行业标准	hang:ye:biao:zhun	n.	norme de l'industrie
电子产品	dian:zi:chan:pin	n.	produit électronique
慷慨	kang:kai	adj.	généreux
循环经济	xun:huan:jing:ji	n.	économie circulaire
汽	qi	n.	vapeur
黄豆	huang:dou	n.	soja
万余	wan:yu	num.	plus de 10 000
还不错	hai:bu:cuo	adj.	pas mal
武士	wu:shi	n.	guerrier
机械设备	ji:xie:she:bei	n.	équipements mécaniques
外套	wai:tao	n.	manteau
液	ye	n.	liquide
俄国	e:guo	n.	Russie
津贴	jin:tie	n.	allocation
姬	ji	n.	favorite
愧	kui	v.	avoir honte
解决方法	jie:jue:fang:fa	n.	solution
一事	yi:shi	n.	une affaire
抢劫	qiang:jie	v.	piller
五行	wu:xing	n.	les Cinq Éléments
散步	san:bu	v.	se promener
祈祷	qi:dao	v.	prier
体系建设	ti:xi:jian:she	n.	construction de système
谢文东	xie:wen:dong	n.	Xie Wendong
参考价格	can:kao:jia:ge	n.	prix de référence
汇	hui	v.	envoyer de l'argent
汇	hui	n.	change
陆军	lu:jun	n.	armée de terre
挣钱	zheng:qian	v.	gagner de l'argent
清楚地	qing:chu:de	adv.	clairement
歌唱	ge:chang	v.	chanter
愉快的	yu:kuai:de	adj.	agréable
职业病	zhi:ye:bing	n.	maladie professionnelle
加入收藏	jia:ru:shou:cang	v.	ajouter aux favoris
如意	ru:yi	adj.	selon son souhait
执行情况	zhi:xing:qing:kuang	n.	état d'exécution
第二款	di:er:kuan	n.	deuxième modèle
盛会	sheng:hui	n.	grand rassemblement
漫游	man:you	v.	errer
漫游	man:you	n.	itinérance
三七	san:qi	n.	root de notoginseng
无意	wu:yi	adj.	sans intention
无意	wu:yi	adj.	involontaire
中途	zhong:tu	n.	mi-parcours
柱	zhu	n.	pilier
升华	sheng:hua	v.	sublimer
升华	sheng:hua	n.	sublimation
织物	zhi:wu	n.	tissu
蒸汽	zheng:qi	n.	vapeur
并重	bing:zhong	v.	accorder une égale importance
背上	bei:shang	n.	sur le dos
烤肉	kao:rou	n.	viande grillée
早点	zao:dian	n.	petit déjeuner
过期	guo:qi	v.	expirer
分值	fen:zhi	n.	valeur des points
以下内容	yi:xia:nei:rong	n.	le contenu suivant
原谅	yuan:liang	v.	pardonner
终点	zhong:dian	n.	ligne d'arrivée
彩信	cai:xin	n.	MMS
二字	er:zi	num.	deux caractères
打呼	da:hu	v.	ronfler
求购信息	qiu:gou:xin:xi	n.	demande d'achat
吸取	xi:qu	v.	absorber
以使	yi:shi	conj.	afin de
雅思	ya:si	n.	IELTS
轮回	lun:hui	n.	réincarnation
高高	gao:gao	adv.	haut
诱发	you:fa	v.	induire
这三个	zhe:san:ge	pron.	ces trois
习题	xi:ti	n.	exercice
说实话	shuo:shi:hua	v.	pour être honnête
和谐社会	he:xie:she:hui	n.	société harmonieuse
醒目	xing:mu	adj.	accrocheur
建设工作	jian:she:gong:zuo	n.	travaux de construction
上演	shang:yan	v.	jouer
一封	yi:feng	mw.	une (lettre)
打下	da:xia	v.	poser
尚有	shang:you	v.	avoir encore
社会上	she:hui:shang	n.	dans la société
一个字	yi:ge:zi	num.	un mot
人参	ren:shen	n.	ginseng
精髓	jing:sui	n.	essence
中国古代	zhong:guo:gu:dai	n.	la Chine ancienne
可调	ke:tiao	adj.	réglable
老师	lao:shi	n.	professeur
迅速发展	xun:su:fa:zhan	v.	se développer rapidement
烧烤	shao:kao	n.	barbecue
工作单位	gong:zuo:dan:wei	n.	lieu de travail
高新技术产业	gao:xin:ji:shu:chan:ye	n.	industrie de haute technologie
家用电器	jia:yong:dian:qi	n.	électroménager
密切相关	mi:qie:xiang:guan	adj.	étroitement lié
登记管理	deng:ji:guan:li	n.	gestion des enregistrements
组团	zu:tuan	v.	former un groupe
典范	dian:fan	n.	modèle
经济开发区	jing:ji:kai:fa:qu	n.	zone de développement économique
数据包	shu:ju:bao	n.	paquet de données
间隙	jian:xi	n.	intervalle
招标文件	zhao:biao:wen:jian	n.	documents d'appel d'offres
九五	jiu:wu	num.	95
水产品	shui:chan:pin	n.	produit de la mer
光彩	guang:cai	n.	éclat
瓷砖	ci:zhuan	n.	carrelage
抗体	kang:ti	n.	anticorps
农历	nong:li	n.	calendrier lunaire
职业培训	zhi:ye:pei:xun	n.	formation professionnelle
听课	ting:ke	v.	suivre un cours
召唤	zhao:huan	v.	invoquer
粮	liang	n.	céréale
十六届	shi:liu:jie	num.	16e session
堡	bao	n.	forteresse
圈子	quan:zi	n.	cercle
仗	zhang	n.	bataille
全集	quan:ji	n.	œuvres complètes
小偷	xiao:tou	n.	voleur
法律顾问	fa:lv:gu:wen	n.	conseiller juridique
网店	wang:dian	n.	boutique en ligne
笨	ben	adj.	stupid
奏	zou	v.	jouer
养生	yang:sheng	v.	entretenir sa santé
下一代	xia:yi:dai	n.	génération suivante
叹息	tan:xi	v.	soupirer
中美	zhong:mei	n.	Chine et États-Unis
参与者	can:yu:zhe	n.	participant
手机号码	shou:ji:hao:ma	n.	numéro de portable
技术标准	ji:shu:biao:zhun	n.	norme technique
能力建设	neng:li:jian:she	n.	renforcement des capacités
猎人	lie:ren	n.	chasseur
公元前	gong:yuan:qian	n.	av. J.-C.
指引	zhi:yin	v.	guider
搬家	ban:jia	v.	déménager
冷笑	leng:xiao	v.	rire ironisch
流转	liu:zhuan	v.	circuler
歉	qian	n.	excuse
典当	dian:dang	v.	mettre en gage
甩	shuai	v.	fouetter
怔	zheng	v.	être stupéfait
那个时候	na:ge:shi:hou	n.	à cette époque
星期四	xing:qi:si	n.	jeudi
什么人	shen:me:ren	pron.	qui
航天	hang:tian	n.	aérospatiale
心理	xin:li	n.	psychologie
伴有	ban:you	v.	s'accompagner de
开拓创新	kai:tuo:chuang:xin	v.	innover
申办	shen:ban	v.	présenter sa candidature
实践活动	shi:jian:huo:dong	n.	activité pratique
先进性教育	xian:jin:xing:jiao:yu	n.	éducation progressiste
每个月	mei:ge:yue	n.	chaque mois
液压	ye:ya	n.	hydraulique
大肉	da:rou	n.	porc
允	yun	v.	permettre
教育厅	jiao:yu:ting	n.	département de l'éducation
大力推进	da:li:tui:jin	v.	faire avancer énergichtlich…
水域	shui:yu	n.	eaux
本企业	ben:qi:ye	n.	cette entreprise
进修	jin:xiu	v.	se perfectionner
案件	an:jian	n.	affaire
三分之一	san:fen:zhi:yi	num.	un tiers
副作用	fu:zuo:yong	n.	effet secondaire
资产评估	zi:chan:ping:gu	n.	évaluation d'actifs
兑现	dui:xian	v.	encaisser
口头	kou:tou	adj.	oral
蜡烛	la:zhu	n.	bougie
跑车	pao:che	n.	voiture de sport
网络广告	wang:luo:guang:gao	n.	publicité en ligne
意境	yi:jing	n.	conception artistique
有时间	you:shi:jian	v.	avoir du temps
走出去	zou:chu:qu	v.	sortir
满分	man:fen	n.	note maximale
竞	jing	v.	concourir
写下	xie:xia	v.	écrire
专辑	zhuan:ji	n.	album
林肯	lin:ken	n.	Lincoln
点燃	dian:ran	v.	allumer
证明材料	zheng:ming:cai:liao	n.	justificatifs
圣人	sheng:ren	n.	sage
称赞	cheng:zan	v.	féliciter
几个月	ji:ge:yue	num.	plusieurs mois
影院	ying:yuan	n.	cinéma
思想政治工作	si:xiang:zheng:zhi:gong:zuo	n.	travail idéologique
祸	huo	n.	malheur
边境	bian:jing	n.	frontière
分店	fen:dian	n.	succursale
个人所得税	ge:ren:suo:de:shui	n.	impôt sur le revenu
信息安全	xin:xi:an:quan	n.	sécurité de l'information
病因	bing:yin	n.	cause de la maladie
发展有限公司	fa:zhan:you:xian:gong:si	n.	société de développement
销毁	xiao:hui	v.	détruire
耶	ye	int.	ouais !
警示	jing:shi	v.	avertir
修饰	xiu:shi	v.	embellir
必要性	bi:yao:xing	n.	nécessité
请登录	qing:deng:lu	v.	veuillez vous connecter
卫生局	wei:sheng:ju	n.	bureau de la santé
农业科技	nong:ye:ke:ji	n.	science et technologie agricoles
复兴	fu:xing	v.	renaître
个体工商户	ge:ti:gong:shang:hu	n.	travailleur indépendant
直达	zhi:da	v.	aller directement
直达	zhi:da	adj.	sans escale
免除	mian:chu	v.	exempter
胳膊	ge:bo	n.	bras
文体	wen:ti	n.	style
文体	wen:ti	n.	culture et sport
忍受	ren:shou	v.	supporter
宋体	song:ti	n.	caractères Song
准予	zhun:yu	v.	accorder
梅花	mei:hua	n.	fleur de prunier
清朝	qing:chao	n.	dynastie Qing
西蜀子云亭	xi:shu:zi:yun:ting	n.	pavillon Xishu Ziyun
刀塔	dao:ta	n.	Dota
老是	lao:shi	adv.	toujours
谈家渡桥	tan:jia:du:qiao	n.	pont Tanjiadu
白嫖	bai:piao	v.	piquer gratuitement
百事	bai:shi	n.	Pepsi
暴风	bao:feng	n.	tempête
宝箱	bao:xiang	n.	coffre au trésor
辨识	bian:shi	v.	identifier
补给	bu:ji	n.	ravitaillement
补给	bu:ji	v.	ravitailler
沉眠	chen:mian	v.	dormir profondément
辰星	chen:xing	n.	Mercure
蠢材	chun:cai	n.	imbécile
搭线	da:xian	v.	faire le lien
打制	da:zhi	v.	façonner par percussion
得一逼	de:yi:bi	adv.	vraiment
定当	ding:dang	adv.	certainement
定制	ding:zhi	v.	personnaliser
定制	ding:zhi	n.	personnalisation
多多	duo:duo	adv.	beaucoup
恶感	e:gan	n.	aversion
反常	fan:chang	adj.	anormal
盖菜	gai:cai	n.	moutarde brune
改点	gai:dian	v.	changer l'horaire
搞怪	gao:guai	v.	faire le pitre
古埃及人	gu:ai:ji:ren	n.	Égyptiens anciens
红运	hong:yun	n.	bonne chance
护食	hu:shi	v.	protéger sa nourriture
护养	hu:yang	v.	entretenir
花呗	hua:bei	n.	Huabei
会儿	hui:er	mw.	un moment
机翻	ji:fan	n.	traduction automatine
鸡鸡	ji:ji	n.	zizi
箭步	jian:bu	n.	grand enjambée
健康宝	jian:kang:bao	n.	appli santé Beijing
践行	jian:xing	v.	mettre en pratique
糨糊	jiang:hu	n.	colle
精光	jing:guang	adv.	complètement
酒花	jiu:hua	n.	houblon
局地	ju:di	adj.	local
举发	ju:fa	v.	dénoncer
氪金	ke:jin	v.	dépenser (jeu)
啦啦啦	la:la:la	onom.	la la la
啦啦啦啦	la:la:la:la	onom.	la la la la
力挺	li:ting	v.	soutenir fermly
连连	lian:lian	adv.	répétitivement
脸形	lian:xing	n.	forme du visage
没得	mei:de	v.	ne pas avoir
那个啥	na:ge:sha	pron.	quelqu'un comme ça
脑残	nao:can	adj.	débile
女儿	nv:er	n.	fille
喷子	pen:zi	n.	haineux
钱数	qian:shu	n.	montant d'argent
热场	re:chang	v.	chauffer le public
傻傻地	sha:sha:de	adv.	stupidement
上一集	shang:yi:ji	n.	épisode précédent
什么的	shen:me:de	part.	et cetera
时艰	shi:jian	n.	temps difficiles
屎山	shi:shan	n.	code merdique
算啦	suan:la	int.	laisse tomber
特么	te:me	adv.	putain (euphémisme)
天呐	tian:na	int.	ô mon Dieu
通传	tong:chuan	v.	transmettre
同人	tong:ren	n.	hommage fan
团战	tuan:zhan	n.	lutte d'équipe
文件树	wen:jian:shu	n.	arborescence de fichiers
文身	wen:shen	n.	tatouage
文身	wen:shen	v.	tatouer
无需	wu:xu	v.	ne pas avoir besoin de
戏骨	xi:gu	n.	acteur chevronné
吸金	xi:jin	v.	ramasser l'argent
险棋	xian:qi	n.	coup risqué
献忠	xian:zhong	v.	se déchaîner
降伏	xiang:fu	v.	soumettre
小喵	xiao:miao	n.	minou
信谣	xin:yao	v.	croire les rumeurs
星象	xing:xiang	n.	astrologie
星爷	xing:ye	n.	Stephen Chow
徐公	xu:gong	n.	seigneur Xu
眼光	yan:guang	n.	vision
眼光	yan:guang	n.	perspicacité
药神	yao:shen	n.	dieu de la médecine
一档	yi:dang	num.	une émission
蚁人	yi:ren	n.	Ant-Man
引座	yin:zuo	v.	conduire à sa place
盈利	ying:li	v.	dégager un profit
盈利	ying:li	n.	bénéfice
优酷	you:ku	n.	Youku
尤其是	you:qi:shi	adv.	surtout
愿景	yuan:jing	n.	vision
原神	yuan:shen	n.	Genshin Impact
悦刻	yue:ke	n.	RELX
涨薪	zhang:xin	v.	obtenir une augmentation
正太	zheng:tai	n.	shota
争相	zheng:xiang	adv.	à qui mieux mieux
职位	zhi:wei	n.	poste
重价	zhong:jia	n.	prix élevé
成品油	cheng:pin:you	n.	produits pétroliers
培训工作	pei:xun:gong:zuo	n.	travail de formation
少有	shao:you	adj.	rare
糖果	tang:guo	n.	bonbon
祝愿	zhu:yuan	v.	souhaiter
上将	shang:jiang	n.	général
进出	jin:chu	v.	entrer et sortir
一瓶	yi:ping	num.	une bouteille
方正	fang:zheng	adj.	rect
方正	fang:zheng	n.	Founder
性病	xing:bing	n.	maladie vénérienne
北京现代	bei:jing:xian:dai	n.	Beijing Hyundai
赏识	shang:shi	v.	apprécier
不定期	bu:ding:qi	adj.	irrégulier
摩托	mo:tuo	n.	moto
货源	huo:yuan	n.	fournisseur
访问者	fang:wen:zhe	n.	visiteur
拍拍	pai:pai	v.	taper
拍拍	pai:pai	onom.	pat pat
准时	zhun:shi	adj.	ponctuel
有效期限	you:xiao:qi:xian	n.	date d'expiration
国家公务员	guo:jia:gong:wu:yuan	n.	fonctionnaire
经济适用房	jing:ji:shi:yong:fang	n.	logement abordable
小白	xiao:bai	n.	débutant
注册机	zhu:ce:ji	n.	keygen
当选	dang:xuan	v.	être élu
辅导员	fu:dao:yuan	n.	conseiller
远方	yuan:fang	n.	lointain
放过	fang:guo	v.	pardonner
征税	zheng:shui	v.	lever des impôts
不良反应	bu:liang:fan:ying	n.	effet indésirable
实话	shi:hua	n.	vérité
内裤	nei:ku	n.	sous-vêtement
狠狠	hen:hen	adv.	rudement
化工有限公司	hua:gong:you:xian:gong:si	n.	société chimique
相思	xiang:si	n.	mal d'amour
自来水	zi:lai:shui	n.	eau du robinet
物价	wu:jia	n.	prix
情怀	qing:huai	n.	sentiment
资格考试	zi:ge:kao:shi	n.	examen de qualification
四肢	si:zhi	n.	quatre membres
监事会	jian:shi:hui	n.	conseil de surveillance
拆	chai	v.	déballer
解散	jie:san	v.	dissoudre
这几年	zhe:ji:nian	n.	ces dernières années
奇妙	qi:miao	adj.	merveilleux
高频	gao:pin	n.	haute fréquence
干涉	gan:she	v.	s'immiscer
这本书	zhe:ben:shu	n.	ce livre
文秘	wen:mi	n.	secrétariat
有一点	you:yi:dian	adv.	un peu
货品	huo:pin	n.	marchandises
新车型	xin:che:xing	n.	nouveau modèle de voiture
又名	you:ming	v.	également appelé
事业部	shi:ye:bu	n.	division
汇集	hui:ji	v.	rassembler
年薪	nian:xin	n.	salaire annuel
双核	shuang:he	n.	double cœur
悠悠	you:you	adv.	calme
电信业务	dian:xin:ye:wu	n.	services de télécommunications
硕士研究生	shuo:shi:yan:jiu:sheng	n.	étudiant en master
网站推广	wang:zhan:tui:guang	n.	promotion de site web
卖给	mai:gei	v.	vendre à
现阶段	xian:jie:duan	n.	stade actuel
招租	zhao:zu	v.	à louer
政策法规	zheng:ce:fa:gui	n.	politiques et règlements
小结	xiao:jie	n.	résumé
汗水	han:shui	n.	sueur
温馨提示	wen:xin:ti:shi	n.	rappel amical
副校长	fu:xiao:zhang	n.	directeur adjoint
宣称	xuan:cheng	v.	prétendre
星期一	xing:qi:yi	n.	lundi
烦人	fan:ren	adj.	agaçant
展望	zhan:wang	v.	entrevoir
最后一次	zui:hou:yi:ci	n.	la dernière fois
夕阳	xi:yang	n.	soleil couchant
知名品牌	zhi:ming:pin:pai	n.	marque célèbre
罪犯	zui:fan	n.	criminel
竞争优势	jing:zheng:you:shi	n.	avantage concurrentiel
儿女	er:nv	n.	enfants
法律依据	fa:lv:yi:ju	n.	base légale
生物技术	sheng:wu:ji:shu	n.	biotechnologie
改名	gai:ming	v.	renommer
没	mo	v.	ne pas avoir
爵	jue	n.	titre de noblesse
准考证	zhun:kao:zheng	n.	convocation d'examen
绩	ji	n.	fait accompli
现存	xian:cun	adj.	existant
底层	di:ceng	n.	couche inférieure
广大党员	guang:da:dang:yuan	n.	masses du parti
荣誉称号	rong:yu:cheng:hao	n.	titre honorifique
进行调查	jin:xing:diao:cha	v.	mener une enquête
向后	xiang:hou	adv.	vers l'arrière
真好	zhen:hao	adj.	vraiment bon
离子	li:zi	n.	ion
脸部	lian:bu	n.	visage
海岸	hai:an	n.	côte
音质	yin:zhi	n.	qualité sonore
自发	zi:fa	adj.	spontané
曲折	qu:zhe	adj.	sinueux
放进	fang:jin	v.	mettre dans
测算	ce:suan	v.	calculer
扭曲	niu:qu	v.	déformer
诱	you	v.	séduire
一起来	yi:qi:lai	v.	venir ensemble
赞成	zan:cheng	v.	approuver
装潢	zhuang:huang	v.	décorer
压制	ya:zhi	v.	réprimer
党委书记	dang:wei:shu:ji	n.	secretaire du parti
总体规划	zong:ti:gui:hua	n.	plan d'ensemble
第三十四条	di:san:shi:si:tiao	num.	article 34
搜寻	sou:xun	v.	chercher
搜寻	sou:xun	n.	recherche
呜	wu	onom.	ouïe
不了解	bu:liao:jie	v.	ne pas comprendre
上映	shang:ying	v.	sortir (film)
程序设计	cheng:xu:she:ji	n.	programmation
不相信	bu:xiang:xin	v.	ne pas croire
变频器	bian:pin:qi	n.	variateur de fréquence
正宗	zheng:zong	adj.	authentique
成功率	cheng:gong:lv	n.	taux de réussite
实业	shi:ye	n.	industrie
插手	cha:shou	v.	se mêler de
沉重	chen:zhong	adj.	lourd
名誉	ming:yu	n.	réputation
穴	xue	n.	trou
穴	xue	n.	point d'acupuncture
衰老	shuai:lao	v.	vieillir
衰老	shuai:lao	n.	vieillissement
老太太	lao:tai:tai	n.	vieille dame
有价值的	you:jia:zhi:de	adj.	precieux
二十年	er:shi:nian	n.	vingt ans
趋于	qu:yu	v.	tendre à
好不容易	hao:bu:rong:yi	adv.	à grand-peine
黎	li	n.	Li (nom)
介绍一下	jie:shao:yi:xia	v.	présenter brièvement
租	zu	v.	louer
租	zu	n.	loyer
培	pei	v.	butter
咋	za	adv.	comment (dialecte)
开阔	kai:kuo	adj.	ample
开阔	kai:kuo	v.	élargir
不可避免	bu:ke:bi:mian	adj.	inévitable
经营企业	jing:ying:qi:ye	v.	gérer une entreprise
议论	yi:lun	v.	discuter
议论	yi:lun	n.	commentaire
过滤器	guo:lv:qi	n.	filtre
保健食品	bao:jian:shi:pin	n.	aliment santé
没收违法所得	mo:shou:wei:fa:suo:de	v.	confisquer les gains illicites
限量	xian:liang	v.	limiter la quantité
阵阵	zhen:zhen	adv.	par rafales
现今	xian:jin	adv.	de nos jours
这样的话	zhe:yang:de:hua	conj.	dans ce cas
平的	ping:de	adj.	plat
小品	xiao:pin	n.	sketch
小品	xiao:pin	n.	petit essai
粉末	fen:mo	n.	poudre
最终的	zui:zhong:de	adj.	final
宋代	song:dai	n.	dynastie Song
没钱	mei:qian	adj.	sans argent
梳理	shu:li	v.	peigner
梳理	shu:li	v.	mettre en ordne
老爸	lao:ba	n.	papa
井	jing	n.	puits
选址	xuan:zhi	v.	choisir un site
皮鞋	pi:xie	n.	chaussures en cuir
黄瓜	huang:gua	n.	concombre
上天	shang:tian	v.	monter au ciel
上天	shang:tian	n.	ciel
相邻	xiang:lin	adj.	adjacent
牢固树立	lao:gu:shu:li	v.	établir fermement
银河	yin:he	n.	Voie lactée
综合治理	zong:he:zhi:li	n.	gestion intégrale
病房	bing:fang	n.	chambre d'hôpital
服务体系	fu:wu:ti:xi	n.	système de services
交通工具	jiao:tong:gong:ju	n.	moyen de transport
街道办事处	jie:dao:ban:shi:chu	n.	bureau de sous-district
各个方面	ge:ge:fang:mian	n.	tous les aspects
来看看	lai:kan:kan	v.	venir voir
工作性质	gong:zuo:xing:zhi	n.	nature du travail
专利权	zhuan:li:quan	n.	droits de brevet
何以	he:yi	adv.	pourquoi
窝	wo	n.	nid
窝	wo	mw.	une portée
财税	cai:shui	n.	finances et impôts
借用	jie:yong	v.	emprunter
借用	jie:yong	n.	emprunt
润滑	run:hua	v.	lubrifier
触发	chu:fa	v.	déclencher
自家	zi:jia	pron.	propre
蒋介石	jiang:jie:shi	n.	Tchang Kaï-chek
会见	hui:jian	v.	rencontrer
村级	cun:ji	adj.	au niveau du village
起飞	qi:fei	v.	décoller
和谐发展	he:xie:fa:zhan	n.	développement harmonieux
繁忙	fan:mang	adj.	occupé
嘻嘻	xi:xi	onom.	hihi
工作量	gong:zuo:liang	n.	charge de travail
宽松	kuan:song	adj.	ample
偿还	chang:huan	v.	rembourser
使用寿命	shi:yong:shou:ming	n.	durée de vie
工程技术	gong:cheng:ji:shu	n.	technologie d'ingénierie
无偿	wu:chang	adj.	gratuit
常见问题	chang:jian:wen:ti	n.	questions fréquentes
司法机关	si:fa:ji:guan	n.	autorité judiciaire
上限	shang:xian	n.	limite supérieure
通用网址	tong:yong:wang:zhi	n.	adresse web générique
扬声器	yang:sheng:qi	n.	haut-parleur
宣告	xuan:gao	v.	déclarer
经商	jing:shang	v.	faire du commerce
校内	xiao:nei	n.	sur le campus
见证	jian:zheng	v.	être témoin
处方	chu:fang	n.	ordonnance
投递	tou:di	v.	livrer
外企	wai:qi	n.	entreprise étrangère
少见	shao:jian	adj.	rare
中山市	zhong:shan:shi	n.	Zhongshan
分校	fen:xiao	n.	annexe
弥	mi	v.	remplir
相声	xiang:sheng	n.	crosstalk
苍白	cang:bai	adj.	pâle
拦截	lan:jie	v.	intercepter
酝酿	yun:niang	v.	mûrir
守护	shou:hu	v.	protéger
返	fan	v.	retourner
问世	wen:shi	v.	paraître
匹	pi	mw.	(classificateur pour chevaux)
尤为	you:wei	adv.	particulièrement
带走	dai:zou	v.	emporter
凑	cou	v.	rassembler
朗读	lang:du	v.	lire à voix haute
古镇	gu:zhen	n.	vieille ville
纸币	zhi:bi	n.	billet
贸易有限公司	mao:yi:you:xian:gong:si	n.	société commerciale
奸	jian	adj.	fourbe
解放思想	jie:fang:si:xiang	v.	libérer l'esprit
后代	hou:dai	n.	descendant
技师	ji:shi	n.	technicien
低端	di:duan	adj.	entrée de gamme
装的	zhuang:de	v.	faire semblant
长寿	chang:shou	adj.	longévité
交际	jiao:ji	n.	relation
实质性	shi:zhi:xing	adj.	substantiel
与环境	yu:huan:jing	prep.	avec l'environnement
建筑设计	jian:zhu:she:ji	n.	conception architecturale
新闻网	xin:wen:wang	n.	site d'actualités
说要	shuo:yao	v.	dire
他能	ta:neng	pron.	il peut
一幕	yi:mu	n.	une scène
又好又快	you:hao:you:kuai	adj.	bon et rapide
战斗机	zhan:dou:ji	n.	avion de chasse
对的	dui:de	adj.	exact
规模化	gui:mo:hua	v.	mettre à l'échelle
长春市	chang:chun:shi	n.	Changchun
招商银行	zhao:shang:yin:hang	n.	China Merchants Bank
下手	xia:shou	v.	s'y mettre
下手	xia:shou	n.	subordonné
生活费	sheng:huo:fei	n.	frais de vivre
新品种	xin:pin:zhong	n.	nouvelle variété
置换	zhi:huan	v.	remplacer
万能	wan:neng	adj.	tout-puissant
华侨	hua:qiao	n.	Chinois d'outre-mer
还不够	hai:bu:gou	adv.	pas encore assez
法宝	fa:bao	n.	arme magique
两部分	liang:bu:fen	n.	deux parties
持续发展	chi:xu:fa:zhan	v.	développement durable
艰苦奋斗	jian:ku:fen:dou	v.	travailler durement
陌	mo	n.	chemin de champ
叛	pan	v.	trahir
关键在于	guan:jian:zai:yu	v.	le point clé réside dans
复活	fu:huo	v.	résusciter
同时又	tong:shi:you	conj.	en même temps
智能手机	zhi:neng:shou:ji	n.	smartphone
矿产	kuang:chan	n.	ressources minérales
正处于	zheng:chu:yu	v.	se trouver dans
多余的	duo:yu:de	adj.	superflu
实践经验	shi:jian:jing:yan	n.	expérience pratique
走访	zou:fang	v.	visiter
清楚的	qing:chu:de	adj.	clair
大侠	da:xia	n.	héros
点缀	dian:zhui	v.	embellir
女神	nv:shen	n.	déesse
本协议	ben:xie:yi	n.	le présent accord
欲知	yu:zhi	v.	vouloir savoir
心疼	xin:teng	v.	chérir
大公司	da:gong:si	n.	grande entreprise
每一天	mei:yi:tian	n.	chaque jour
头文件	tou:wen:jian	n.	fichier d'en-tête
基准	ji:zhun	n.	référence
基准	ji:zhun	n.	benchmark
颤抖	chan:dou	v.	trembler
填补	tian:bu	v.	combler
学士学位	xue:shi:xue:wei	n.	licence
方言	fang:yan	n.	dialecte
缘分	yuan:fen	n.	destin
着	zhao	part.	particule aspectuelle
着	zhuo	part.	particule d'aspect
十万	shi:wan	num.	100 000
剩下	sheng:xia	v.	rester
核	he	n.	noyau
从上	cong:shang	prep.	depuis le haut
急救	ji:jiu	n.	premiers secours
颠覆	dian:fu	v.	renverser
双腿	shuang:tui	n.	les deux jambes
空缺	kong:que	n.	poste vacant
菲律宾	fei:lv:bin	n.	Philippines
卧	wo	v.	s'allonger
眼看	yan:kan	adv.	imminemment
多重	duo:chong	adj.	multiple
破碎	po:sui	v.	se briser
幅	fu	mw.	mesure pour tableaux
眨	zha	v.	cligner des yeux
耗	hao	v.	gaspiller
加分	jia:fen	v.	ajouter des points
自动滚屏	zi:dong:gun:ping	n.	défilement automatique
发行时间	fa:xing:shi:jian	n.	date de sortie
洒	sa	v.	repandre
提请	ti:qing	v.	soumettre
走近	zou:jin	v.	s'approcher
财政收入	cai:zheng:shou:ru	n.	recettes publiques
财政局	cai:zheng:ju	n.	bureau des finances
偏低	pian:di	adj.	trop bas
雪花	xue:hua	n.	flocon de neige
有关专家	you:guan:zhuan:jia	n.	experts concernés
舞曲	wu:qu	n.	musique de danse
闪光灯	shan:guang:deng	n.	flash
优质服务	you:zhi:fu:wu	n.	service de qualité
合作社	he:zuo:she	n.	coopérative
组图	zu:tu	n.	galerie de photos
各部	ge:bu	n.	chaque département
哪有	na:you	adv.	comment donc
一员	yi:yuan	n.	membre
东亚	dong:ya	n.	Asie de l'Est
收款	shou:kuan	v.	encaisser
接头	jie:tou	v.	prendre contact
多吃	duo:chi	v.	manger plus
电邮	dian:you	n.	courriel
这下	zhe:xia	pron.	cette fois
计算机网络	ji:suan:ji:wang:luo	n.	réseau informatique
行销	xing:xiao	v.	commercialiser
忧伤	you:shang	adj.	mélancolique
没法	mei:fa	adv.	pas moyen
艰辛	jian:xin	adj.	pénible
击败	ji:bai	v.	battre
击败	ji:bai	v.	vaincre
与会	yu:hui	v.	assister à une réunion
怡	yi	adj.	joyeux
高价	gao:jia	n.	prix élevé
高价	gao:jia	adj.	cher
学习者	xue:xi:zhe	n.	apprenant
莫名	mo:ming	adj.	inexplicable
切除	qie:chu	v.	exciser
写明	xie:ming	v.	indiquer clairement
本省	ben:sheng	n.	sa propre province
父子	fu:zi	n.	père et fils
旅游区	lv:you:qu	n.	zone touristique
详	xiang	adj.	détaillé
有如	you:ru	v.	ressembler à
新中国	xin:zhong:guo	n.	Nouvelle Chine
副食	fu:shi	n.	aliments d'accompagnement
兼容性	jian:rong:xing	n.	compatibilité
死机	si:ji	v.	planter
履行职责	lv:xing:zhi:ze	v.	s'acquitter de ses fonctions
上调	shang:diao	v.	augmenter
上调	shang:diao	n.	augmentation
上调	shang:tiao	v.	changer vers le haut
张家界	zhang:jia:jie	n.	Zhangjiajie
建行	jian:hang	n.	Banque de Construction
寺庙	si:miao	n.	temple
不规范	bu:gui:fan	adj.	non standard
福特	fu:te	n.	Ford
统领	tong:ling	v.	commander
傍晚	bang:wan	n.	crépuscule
合格证	he:ge:zheng	n.	certificat de conformité
卢	lu	n.	Lu
扣	kou	v.	boutonner
扣	kou	v.	déduire
当局	dang:ju	n.	autorités
滥用	lan:yong	v.	abuser
屠城	tu:cheng	v.	masser une ville
责任心	ze:ren:xin	n.	sens des responsabilités
增长速度	zeng:zhang:su:du	n.	taux de croissance
中小学生	zhong:xiao:xue:sheng	n.	écoliers et collégiens
尾巴	wei:ba	n.	queue
想象力	xiang:xiang:li	n.	imagination
保险人	bao:xian:ren	n.	assureur
周三	zhou:san	n.	mercredi
小康	xiao:kang	n.	aissée
宣扬	xuan:yang	v.	répandre
带回	dai:hui	v.	rapporter
轻松的	qing:song:de	adj.	détendu
轻松的	qing:song:de	adj.	facile
丑	chou	adj.	laid
丑	chou	n.	bouffon
有待	you:dai	v.	attendre
张开	zhang:kai	v.	écarter
分流	fen:liu	v.	dévier
勉	mian	v.	s'efforcer
孝	xiao	n.	pratique filiale
心动	xin:dong	v.	être séduit
逛街	guang:jie	v.	faire les boutiques
文集	wen:ji	n.	recueil d'œuvres
何意	he:yi	n.	quelle signification
取胜	qu:sheng	v.	l'emporter
发起人	fa:qi:ren	n.	initiateur
物价局	wu:jia:ju	n.	bureau des prix
契机	qi:ji	n.	occasion
市中心	shi:zhong:xin	n.	centre-ville
伤感	shang:gan	adj.	sentimental
主要功能	zhu:yao:gong:neng	n.	fonction principale
矛	mao	n.	lance
浪潮	lang:chao	n.	vague
法律服务	fa:lv:fu:wu	n.	services juridiques
运送	yun:song	v.	transporter
肥料	fei:liao	n.	engrais
明知	ming:zhi	v.	savoir pertinemment
眼下	yan:xia	n.	actuellement
丹麦	dan:mai	n.	Danemark
奶牛	nai:niu	n.	vache laitière
体育馆	ti:yu:guan	n.	gymnase
辉煌的	hui:huang:de	adj.	brillant
快门	kuai:men	n.	obturateur
生产型	sheng:chan:xing	n.	type de production
留言内容	liu:yan:nei:rong	n.	contenu du message
会所	hui:suo	n.	club house
业务范围	ye:wu:fan:wei	n.	champ d'activité
打架	da:jia	v.	se battre
出土	chu:tu	v.	être déterré
瘦身	shou:shen	v.	maigrir
低廉	di:lian	adj.	bas
国美	guo:mei	n.	Gome
销售商	xiao:shou:shang	n.	vendeur
反腐倡廉	fan:fu:chang:lian	n.	campagne anticorruption
氛	fen	n.	atmosphère
交代	jiao:dai	v.	expliquer
台风	tai:feng	n.	typhon
基数	ji:shu	n.	nombre cardinal
衡	heng	v.	peser
并存	bing:cun	v.	coexister
道路运输	dao:lu:yun:shu	n.	transport routier
苦恼	ku:nao	adj.	angoissé
建站	jian:zhan	v.	créer un site
陶	tao	n.	poterie
指甲	zhi:jia	n.	ongle
成套	cheng:tao	adj.	en série
租屋	zu:wu	n.	logement en location
着眼于	zhuo:yan:yu	v.	viser
各式	ge:shi	adj.	de toutes sortes
姓氏	xing:shi	n.	nom de famille
腾	teng	v.	s'élancer
腾	teng	v.	s'envoler
制冷	zhi:leng	v.	réfrigérer
制冷	zhi:leng	n.	réfrigération
抵御	di:yu	v.	résister
开放式	kai:fang:shi	adj.	de type ouvert
购	gou	v.	acheter
备忘录	bei:wang:lu	n.	mémorandum
最先	zui:xian	adv.	en premier
厂长	chang:zhang	n.	directeur d'usine
亲友	qin:you	n.	famille et amis
昆山	kun:shan	n.	Kunshan
检修	jian:xiu	v.	réviser
轨迹	gui:ji	n.	trajectoire
澄清	cheng:qing	v.	clarifier
澄清	cheng:qing	v.	décanter
念佛	nian:fo	v.	réciter le nom de Bouddha
这回	zhe:hui	pron.	cette fois
检察机关	jian:cha:ji:guan	n.	parquet
接纳	jie:na	v.	accepter
瞄准	miao:zhun	v.	viser
公务	gong:wu	n.	fonction officielle
听听	ting:ting	v.	écouter
火热	huo:re	adj.	ardent
张扬	zhang:yang	adj.	extravagant
老乡	lao:xiang	n.	camarade de village
子孙	zi:sun	n.	descendance
手掌	shou:zhang	n.	paume
汪	wang	onom.	ouaf
高技术	gao:ji:shu	n.	haute technologie
全能	quan:neng	adj.	universel
工具栏	gong:ju:lan	n.	barre d'outils
二层	er:ceng	n.	deuxième étage
展厅	zhan:ting	n.	salle d'exposition
非常感谢	fei:chang:gan:xie	v.	merci beaucoup
明朝	ming:chao	n.	dynastie Ming
那次	na:ci	pron.	cette fois-là
打败	da:bai	v.	battre
少儿	shao:er	n.	enfants
颁奖	ban:jiang	v.	décerner des prix
新年快乐	xin:nian:kuai:le	adj.	bonne année
衬衫	chen:shan	n.	chemise
僵	jiang	adj.	raide
冻结	dong:jie	v.	geler
弊端	bi:duan	n.	abus
海底	hai:di	n.	fond marin
载明	zai:ming	v.	préciser
亮丽	liang:li	adj.	éclatant
小猪	xiao:zhu	n.	porcillet
祖先	zu:xian	n.	ancêtre
另一方	ling:yi:fang	n.	l'autre partie
总和	zong:he	n.	somme
福田	fu:tian	n.	Fukuda
计价	ji:jia	v.	fixer le prix
规避	gui:bi	v.	éluder
断裂	duan:lie	v.	se rompre
断裂	duan:lie	n.	rupture
心理咨询	xin:li:zi:xun	n.	conseil psychologique
展馆	zhan:guan	n.	pavillon
第三者	di:san:zhe	n.	tiers
弹簧	tan:huang	n.	ressort
网上购物	wang:shang:gou:wu	n.	achat en ligne
人才招聘	ren:cai:zhao:pin	n.	recrutement
前几天	qian:ji:tian	n.	quelques jours auparavant
忧郁	you:yu	adj.	mélancolie
享用	xiang:yong	v.	jouir de
工作岗位	gong:zuo:gang:wei	n.	poste de travail
摄影师	she:ying:shi	n.	photographe
底下	di:xia	n.	sous
女方	nv:fang	n.	côté de la femme
电视节目	dian:shi:jie:mu	n.	émission de télévision
经验丰富	jing:yan:feng:fu	adj.	expérimenté
参考价	can:kao:jia	n.	prix de référence
方向盘	fang:xiang:pan	n.	volant
建构	jian:gou	v.	construire
一派	yi:pai	n.	école
一派	yi:pai	adv.	tout à fait
起源	qi:yuan	n.	origine
起源	qi:yuan	v.	provenir
隐蔽	yin:bi	adj.	caché
疗	liao	v.	traiter
哪一个	na:yi:ge	pron.	lequel
新兵	xin:bing	n.	recrue
骨折	gu:zhe	n.	Fraktur
骨折	gu:zhe	n.	fracture
粒子	li:zi	n.	particule
招考	zhao:kao	v.	recruter par examen
筹建	chou:jian	v.	préparer la construction
脑子	nao:zi	n.	cerveau
热带	re:dai	n.	tropiques
兵力	bing:li	n.	forces militaires
管理器	guan:li:qi	n.	gestionnaire
疲惫	pi:bei	adj.	épuisé
连线	lian:xian	v.	connecter en ligne
放射性	fang:she:xing	n.	radioactivité
三点	san:dian	n.	trois heures
三点	san:dian	num.	trois
使用说明	shi:yong:shuo:ming	n.	mode d'emploi
重要因素	zhong:yao:yin:su	n.	facteur important
银行存款	yin:hang:cun:kuan	n.	dépôt bancaire
研究者	yan:jiu:zhe	n.	chercheur
慈善	ci:shan	adj.	charitable
唐朝	tang:chao	n.	dynastie Tang
音像制品	yin:xiang:zhi:pin	n.	produit audiovisuel
妃	fei	n.	concubine
罚	fa	v.	punir
李白	li:bai	n.	Li Bai
涂层	tu:ceng	n.	revêtement
交通部	jiao:tong:bu	n.	ministère des Transports
想来	xiang:lai	adv.	vraisemblablement
收看	shou:kan	v.	regarder
洋葱	yang:cong	n.	oignon
调配	diao:pei	v.	affecter
调配	tiao:pei	v.	mélanger
相等	xiang:deng	adj.	égal
刘德华	liu:de:hua	n.	Andy Lau
请进	qing:jin	v.	entrez, s'il vous plaît
授权委托书	shou:quan:wei:tuo:shu	n.	procuration
存储器	cun:chu:qi	n.	mémoire
立案	li:an	v.	enregistrer une affaire
首创	shou:chuang	v.	innover
过年	guo:nian	v.	célébrer le Nouvel An
本事	ben:shi	n.	talent
做大	zuo:da	v.	agrandir
免税	mian:shui	v.	exonérer d'impôt
老爷	lao:ye	n.	maître
音量	yin:liang	n.	volume
心脏病	xin:zang:bing	n.	maladie cardiaque
中和	zhong:he	v.	neutraliser
本刊	ben:kan	n.	cette revue
开花	kai:hua	v.	fleurir
农资	nong:zi	n.	intrants agricoles
血型	xie:xing	n.	groupe sanguin
血型	xue:xing	n.	groupe sanguin
肉类	rou:lei	n.	viande
二月	er:yue	n.	février
行政诉讼	xing:zheng:su:song	n.	contentieux administratif
讲课	jiang:ke	v.	donner un cours
棋	qi	n.	échecs
定性	ding:xing	v.	caractériser
几千	ji:qian	num.	plusieurs milliers
不惜	bu:xi	v.	ne pas hésiter à
缝	feng	v.	coudre
美颜	mei:yan	n.	retouche beauté
完工	wan:gong	v.	être achevé
尽头	jin:tou	n.	bout
有名	you:ming	adj.	célèbre
专业课	zhuan:ye:ke	n.	cours de spécialité
旅途	lv:tu	n.	voyage
拥挤	yong:ji	adj.	bondé
自学考试	zi:xue:kao:shi	n.	examen par autoformation
相传	xiang:chuan	adv.	soit dit-on
相传	xiang:chuan	v.	transmettre
有机结合	you:ji:jie:he	n.	combinaison organique
收发	shou:fa	v.	envoyer et recevoir
震惊	zhen:jing	v.	choquer
三千	san:qian	num.	3000
不久前	bu:jiu:qian	adv.	Il y a peu
发泄	fa:xie	v.	décharger
观音	guan:yin	n.	Guanyin
菊花	ju:hua	n.	chrysanthème
同行业	tong:hang:ye	n.	secteur identique
周二	zhou:er	n.	mardi
脉冲	mai:chong	n.	impulsion
巨人	ju:ren	n.	géant
收音机	shou:yin:ji	n.	poste de radio
路程	lu:cheng	n.	distance
温家宝	wen:jia:bao	n.	Wen Jiabao
立体声	li:ti:sheng	n.	stéréo
商圈	shang:quan	n.	quartier d'affaires
确切	que:qie	adj.	exakt
有关情况	you:guan:qing:kuang	n.	informations concernées
味精	wei:jing	n.	glutamate monosodique
粉碎	fen:sui	v.	pulvériser
粉碎	fen:sui	v.	broyer
看点	kan:dian	n.	point d'intérêt
廉政	lian:zheng	n.	gouvernance intègre
罚金	fa:jin	n.	amende
社交	she:jiao	n.	relations sociales
社交	she:jiao	v.	fraterniser
引来	yin:lai	v.	attirer
筹资	chou:zi	v.	lever des fonds
动向	dong:xiang	n.	évolution
顶尖	ding:jian	adj.	au sommet
流星	liu:xing	n.	météore
协定	xie:ding	n.	accord
咨询热线	zi:xun:re:xian	n.	numéro d'assistance
期盼	qi:pan	v.	attendre avec impatience
中介服务	zhong:jie:fu:wu	n.	service d'intermédiation
不平衡	bu:ping:heng	adj.	déséquilibré
体温	ti:wen	n.	température corporelle
经济学家	jing:ji:xue:jia	n.	économiste
职业生涯	zhi:ye:sheng:ya	n.	carrière
诉求	su:qiu	n.	demande
几张	ji:zhang	num.	combien (feuillets)
中秋	zhong:qiu	n.	fête de la mi-automne
毕业论文	bi:ye:lun:wen	n.	mémoire de fin d'études
送来	song:lai	v.	apporter
折旧	zhe:jiu	n.	amortissement
第三十五条	di:san:shi:wu:tiao	n.	article 35
躯	qu	n.	corps
交替	jiao:ti	v.	alterner
山下	shan:xia	n.	au pied de la montagne
泛	fan	v.	général
移动通信	yi:dong:tong:xin	n.	communication mobile
楼房	lou:fang	n.	bâtiment
土地增值税	tu:di:zeng:zhi:shui	n.	taxe sur la plus-value foncière
希特勒	xi:te:le	n.	Hitler
去过	qu:guo	v.	être allé
发展前景	fa:zhan:qian:jing	n.	perspectives de développement
在线支付	zai:xian:zhi:fu	n.	paiement en ligne
愁	chou	v.	s'inquiéter
净值	jing:zhi	n.	valeur nette
齿轮	chi:lun	n.	engrenage
什么地方	shen:me:di:fang	pron.	où
坚固	jian:gu	adj.	solide
没有办法	mei:you:ban:fa	v.	ne pas avoir de moyen
慰问	wei:wen	v.	consoler
新陈代谢	xin:chen:dai:xie	n.	métabolisme
莫斯科	mo:si:ke	n.	Moscou
硬度	ying:du	n.	dureté
用语	yong:yu	n.	terme
品德	pin:de	n.	moralité
平均水平	ping:jun:shui:ping	n.	niveau moyen
编剧	bian:ju	n.	scénariste
采纳	cai:na	v.	adopter
购车	gou:che	v.	acheter une voiture
导出	dao:chu	v.	exporter
港币	gang:bi	n.	dollar de Hong Kong
真爱	zhen:ai	n.	vrai amour
排污	pai:wu	v.	évacuer les polluants
肯定的	ken:ding:de	adj.	certain
新问题	xin:wen:ti	n.	nouveau problème
企业形象	qi:ye:xing:xiang	n.	image d'entreprise
搜	sou	v.	chercher
大笑	da:xiao	v.	rire aux éclats
人生观	ren:sheng:guan	n.	vision de la vie
毫无疑问	hao:wu:yi:wen	adv.	sans doute
投保人	tou:bao:ren	n.	souscripteur
慈	ci	adj.	bon
肥	fei	adj.	gras
屌	diao	n.	bite
深厚的	shen:hou:de	adj.	profond
掩盖	yan:gai	v.	cacher
源自	yuan:zi	v.	provenir de
并发症	bing:fa:zheng	n.	complikation
远的	yuan:de	adj.	lointain
静脉	jing:mai	n.	veine
名次	ming:ci	n.	classement
勘察	kan:cha	v.	expertiser
词典	ci:dian	n.	dictionnaire
极强	ji:qiang	adj.	extrêmement fort
自我介绍	zi:wo:jie:shao	n.	presentation
富人	fu:ren	n.	riche
仪器仪表	yi:qi:yi:biao	n.	instruments
恐龙	kong:long	n.	dinosaure
原版	yuan:ban	n.	édition originale
交警	jiao:jing	n.	police de la circulation
资质证书	zi:zhi:zheng:shu	n.	certificat de qualification
超纲	chao:gang	v.	dépasser le programme
历年	li:nian	adv.	au fil des ans
教育机构	jiao:yu:ji:gou	n.	institution d'éducation
良种	liang:zhong	n.	graine sélectionnée
良种	liang:zhong	n.	race sélectionnée
资格证	zi:ge:zheng	n.	certificat de qualification
网页设计	wang:ye:she:ji	n.	conception web
兵器	bing:qi	n.	arme
科研机构	ke:yan:ji:gou	n.	institution de recherche
赞赏	zan:shang	v.	apprécier
赞赏	zan:shang	n.	appreciation
抗战	kang:zhan	n.	guerre de résistance
产后	chan:hou	adj.	post-partum
教导	jiao:dao	v.	enseigner
教导	jiao:dao	n.	enseignement
入党	ru:dang	v.	adherer au parti
几亿	ji:yi	num.	plusieurs centaines de millions
计算器	ji:suan:qi	n.	calculatrice
静静的	jing:jing:de	adj.	calme
开户行	kai:hu:hang	n.	banque du compte
笼	long	n.	cage
芳香	fang:xiang	n.	parfum
芳香	fang:xiang	adj.	parfumé
总机	zong:ji	n.	standard
医用	yi:yong	adj.	à usage médical
一季度	yi:ji:du	n.	premier trimestre
残酷	can:ku	adj.	cruel
预言	yu:yan	v.	prédire
其他国家	qi:ta:guo:jia	n.	autres pays
最容易	zui:rong:yi	adj.	le plus facile
优于	you:yu	v.	supérieur à
无帮无派	wu:bang:wu:pai	adj.	sans faction
申购	shen:gou	v.	souscrire
广大人民	guang:da:ren:min	n.	large population
后退	hou:tui	v.	reculer
缓冲	huan:chong	v.	amortir
谓之	wei:zhi	v.	s'appeler
村镇	cun:zhen	n.	villages et bourgs
背影	bei:ying	n.	silhouette de dos
可能出现	ke:neng:chu:xian	v.	pouvoir apparaître
篮	lan	n.	panier
禁忌	jin:ji	n.	tabou
市场经济体制	shi:chang:jing:ji:ti:zhi	n.	économie de marché
护肤	hu:fu	v.	soin de la peau
俱	ju	adv.	tous
外围	wai:wei	n.	périphérie
暂行规定	zan:xing:gui:ding	n.	règlement provisoire
缺少的	que:shao:de	adj.	qui manque
学制	xue:zhi	n.	système scolaire
废除	fei:chu	v.	abolir
照样	zhao:yang	adv.	comme d'habitude
娃哈哈	wa:ha:ha	n.	Wahaha
不舒服	bu:shu:fu	adj.	inconfortable
媳妇	xi:fu	n.	femme
供需	gong:xu	n.	offre et demande
直接影响	zhi:jie:ying:xiang	n.	influence directe
辛苦了	xin:ku:le	int.	merci pour votre travail
声响	sheng:xiang	n.	bruit
不忘	bu:wang	v.	ne pas oublier
漂流	piao:liu	v.	dériver
理工	li:gong	n.	sciences et ingénierie
医疗服务	yi:liao:fu:wu	n.	service médical
旅程	lv:cheng	n.	voyage
耶稣	ye:su	n.	Jésus
基础性	ji:chu:xing	n.	caractère fondamental
通讯员	tong:xun:yuan	n.	correspondent
资产阶级	zi:chan:jie:ji	n.	bourgeoisie
惟	wei	conj.	seulement
费率	fei:lv	n.	tarif
支架	zhi:jia	n.	support
堵塞	du:se	v.	boucher
三方	san:fang	n.	trois parties
出游	chu:you	v.	partir en excursion
登入	deng:ru	v.	se connecter
智子	zhi:zi	n.	Satoko
富豪	fu:hao	n.	personne très riche
自尊	zi:zun	n.	amour-propre
捋清	lv:qing	v.	démêler
固有	gu:you	adj.	inhérent
中科院	zhong:ke:yuan	n.	Académie des sciences de Chine
汇编	hui:bian	n.	compilation
应试	ying:shi	v.	passer un examen
奥地利	ao:di:li	n.	Autriche
随手	sui:shou	adv.	accessoirement
调剂	tiao:ji	v.	ajuster
风流	feng:liu	adj.	galant
酒局	jiu:ju	n.	beuverie
专员	zhuan:yuan	n.	commissaire
帝王	di:wang	n.	empereur
车门	che:men	n.	portière
实例化	shi:li:hua	v.	instancier
逼真	bi:zhen	adj.	réaliste
太好了	tai:hao:le	int.	bravo
统考	tong:kao	n.	examen unifié
截图	jie:tu	n.	capture d'écran
标准配置	biao:zhun:pei:zhi	n.	configuration standard
递归	di:gui	n.	récursion
兽医	shou:yi	n.	vétérinaire
而今	er:jin	adv.	de nos jours
柜	gui	n.	cabinet
上路	shang:lu	v.	prendre la route
文件格式	wen:jian:ge:shi	n.	format de fichier
迷信	mi:xin	n.	superstition
福彩	fu:cai	n.	loterie sociale
拿下	na:xia	v.	capturer
产出	chan:chu	n.	production
急于	ji:yu	v.	être pressé de
收益率	shou:yi:lv	n.	taux de rendement
长效机制	chang:xiao:ji:zhi	n.	mécanisme à long terme
新生儿	xin:sheng:er	n.	nouveau-né
今生	jin:sheng	n.	cette vie
死去	si:qu	v.	mourir
骑行	qi:xing	v.	faire du vélo
落叶	luo:ye	n.	feuille morte
落叶	luo:ye	v.	perdre ses feuilles
始建于	shi:jian:yu	v.	fondé en
文人	wen:ren	n.	lettré
做梦	zuo:meng	v.	rêver
无声	wu:sheng	adj.	muette
迷人	mi:ren	adj.	séduisant
几年来	ji:nian:lai	adv.	depuis quelques années
中考	zhong:kao	n.	examen d'entrée au lycée
交费	jiao:fei	v.	payer les frais
手腕	shou:wan	n.	poignet
手腕	shou:wan	n.	address
他们说	ta:men:shuo	v.	ils disent
快捷键	kuai:jie:jian	n.	raccourci clavier
信息资源	xin:xi:zi:yuan	n.	ressources d'information
酒楼	jiu:lou	n.	restaurant
淹	yan	v.	noyer
淹	yan	v.	inonder
抗菌	kang:jun	adj.	antibactérien
胡萝卜	hu:luo:bo	n.	carotte
包容	bao:rong	v.	tolérer
包容	bao:rong	adj.	tolérant
忠心	zhong:xin	n.	loyauté
国籍	guo:ji	n.	nationalité
民法	min:fa	n.	droit civil
甚至连	shen:zhi:lian	conj.	même
有较大	you:jiao:da	v.	être assez grand
诸葛亮	zhu:ge:liang	n.	Zhuge Liang
客户服务中心	ke:hu:fu:wu:zhong:xin	n.	centre de service client
迷惑	mi:huo	v.	tromper
迷惑	mi:huo	adj.	confus
与中华	yu:zhong:hua	prep.	avec la Chine
问问	wen:wen	v.	demander
高分	gao:fen	n.	score élevé
要做到	yao:zuo:dao	v.	réaliser
你才	ni:cai	pron.	ru
知识点	zhi:shi:dian	n.	point de connaissance
就算是	jiu:suan:shi	v.	même si
捉	zhuo	v.	attraper
环绕	huan:rao	v.	entourer
快要	kuai:yao	adv.	bientôt
落到实处	luo:dao:shi:chu	v.	être mis en œuvre
第三产业	di:san:chan:ye	n.	secteur tertiaire
社会生活	she:hui:sheng:huo	n.	vie sociale
转换为	zhuan:huan:wei	v.	convertir en
特区	te:qu	n.	zone spéciale
配备了	pei:bei:le	v.	être équipé de
质量控制	zhi:liang:kong:zhi	n.	contrôle qualité
蜘蛛	zhi:zhu	n.	araignée
削弱	xue:ruo	v.	affaiblir
既能	ji:neng	v.	pouvoir à la fois
分歧	fen:qi	n.	divergence
产品开发	chan:pin:kai:fa	n.	développement de produits
同类产品	tong:lei:chan:pin	n.	produit similaire
讯息	xun:xi	n.	message
过户	guo:hu	v.	transférer la propriété
人民医院	ren:min:yi:yuan	n.	hôpital populaire
毒素	du:su	n.	toxine
标本	biao:ben	n.	spécimen
标本	biao:ben	n.	exemple
秘诀	mi:jue	n.	secret
旺盛	wang:sheng	adj.	vigoureux
好听	hao:ting	adj.	agréable à écouter
连续剧	lian:xu:ju	n.	série télévisée
来往	lai:wang	v.	frequenter
来往	lai:wang	n.	relations
好久	hao:jiu	adv.	longtemps
清香	qing:xiang	n.	parfum délicat
山地	shan:di	n.	région montagneuse
几下	ji:xia	num.	quelques fois
悬	xuan	adj.	suspendu
悬	xuan	adj.	en suspens
教科书	jiao:ke:shu	n.	manuel
预留	yu:liu	v.	réserver
萎缩	wei:suo	v.	s'atrophier
交易日	jiao:yi:ri	n.	jour de bourse
贫穷	pin:qiong	adj.	pauvre
推崇	tui:chong	v.	vénérer
网上报名	wang:shang:bao:ming	v.	s'inscrire en ligne
口水	kou:shui	n.	salive
万亿	wan:yi	num.	1000 milliards
施加	shi:jia	v.	exercer
研究报告	yan:jiu:bao:gao	n.	rapport de recherche
别忘了	bie:wang:le	v.	n'oublie pas
解开	jie:kai	v.	dénouer
看重	kan:zhong	v.	apprécier
专业人才	zhuan:ye:ren:cai	n.	talent professionnel
迷茫	mi:mang	adj.	perplexe
动静	dong:jing	n.	mouvement
动静	dong:jing	n.	activité
霍	huo	n.	Huo
一架	yi:jia	mw.	un
科研成果	ke:yan:cheng:guo	n.	résultat de recherche
光华	guang:hua	n.	éclat
基本知识	ji:ben:zhi:shi	n.	connaissances de base
恰恰	qia:qia	adv.	précisement
前卫	qian:wei	n.	avant-garde
前卫	qian:wei	adj.	d'avant-garde
湿润	shi:run	adj.	humide
第四届	di:si:jie	num.	4e session
估值	gu:zhi	n.	évaluation
所指	suo:zhi	n.	référent
日韩	ri:han	n.	Japon et Corée
全面提高	quan:mian:ti:gao	v.	améliorer globalement
试用期	shi:yong:qi	n.	période d'essai
毒性	du:xing	n.	toxicité
泄	xie	v.	fuir
自称	zi:cheng	v.	se prétendre
报告错误	bao:gao:cuo:wu	v.	signaler une erreur
久久	jiu:jiu	adv.	longtemps
欢	huan	adj.	joyeux
哈哈哈	ha:ha:ha	onom.	ha ha
胜任	sheng:ren	v.	être à la hauteur
紫外线	zi:wai:xian	n.	ultraviolets
党建	dang:jian	n.	construction du parti
问答	wen:da	n.	questions-réponses
最热	zui:re	adj.	le plus chaud
软盘	ruan:pan	n.	disquette
网球	wang:qiu	n.	tennis
开玩笑	kai:wan:xiao	v.	plaisanter
拨号	bo:hao	v.	composer
赶来	gan:lai	v.	arriver en hâte
人民日报	ren:min:ri:bao	n.	Quotidien du Peuple
新房	xin:fang	n.	maison neuve
残忍	can:ren	adj.	cruel
全长	quan:chang	n.	longueur totale
人气指数	ren:qi:zhi:shu	n.	indice de popularité
相近	xiang:jin	adj.	semblable
咽	yan	v.	avaler
齿	chi	n.	dent
点击率	dian:ji:lv	n.	taux de clics
普通高校	pu:tong:gao:xiao	n.	université ordinaire
尽早	jin:zao	adv.	au plus tôt
开学	kai:xue	v.	rentrée scolaire
共产主义	gong:chan:zhu:yi	n.	communisme
分化	fen:hua	v.	se différencier
显存	xian:cun	n.	mémoire vidéo
那一天	na:yi:tian	n.	ce jour-là
车程	che:cheng	n.	temps de trajet
辩论	bian:lun	n.	débat
键位	jian:wei	n.	position de touche
秒	miao	mw.	seconde
指明	zhi:ming	v.	indiquer clairement
不全	bu:quan	adj.	incomplet
一分钟	yi:fen:zhong	mw.	une minute
逐一	zhu:yi	adv.	un à un
迫切	po:qie	adj.	urgent
支付方式	zhi:fu:fang:shi	n.	moyen de paiement
发言人	fa:yan:ren	n.	porte-parole
陌生人	mo:sheng:ren	n.	étranger
日常工作	ri:chang:gong:zuo	n.	travail quotidien
需要注意	xu:yao:zhu:yi	v.	nécessiter l'attention
一次次	yi:ci:ci	adv.	à maintes reprises
南昌市	nan:chang:shi	n.	Nanchang
普法	pu:fa	n.	éducation juridique
教研	jiao:yan	n.	enseignement et recherche
专项整治	zhuan:xiang:zheng:zhi	n.	campagne de rectification
传真号码	chuan:zhen:hao:ma	n.	numéro de fax
货架	huo:jia	n.	étagère
帮派	bang:pai	n.	bande
香菇	xiang:gu	n.	shiitaké
条约	tiao:yue	n.	traité
投资人	tou:zi:ren	n.	investisseur
税务局	shui:wu:ju	n.	administration fiscale
假的	jia:de	adj.	faux
书房	shu:fang	n.	bureau
晚报	wan:bao	n.	journal du soir
大理石	da:li:shi	n.	marbre
吉利	ji:li	adj.	de bon augure
忙着	mang:zhe	adj.	occupé
纠缠	jiu:chan	v.	importuner
超人	chao:ren	n.	surhomme
画眉鸟	hua:mei:niao	n.	grive artiste
壮观	zhuang:guan	adj.	spectaculaire
生物学	sheng:wu:xue	n.	biologie
电大	dian:da	n.	université télévisée
海滩	hai:tan	n.	plage
聚合	ju:he	v.	polymériser
岛屿	dao:yu	n.	îles
救济	jiu:ji	v.	secourir
这般	zhe:ban	adv.	ainsi
侵略	qin:lve	n.	aggression
明日	ming:ri	n.	demain
盗窃	dao:qie	v.	voler
哥们	ge:men	n.	copain
有的是	you:de:shi	v.	yen avoir à foison
包围	bao:wei	v.	encercler
就诊	jiu:zhen	v.	consulter einen Arzt
投资环境	tou:zi:huan:jing	n.	climat d'investissement
纪念馆	ji:nian:guan	n.	musée commémoratif
深加工	shen:jia:gong	n.	transformation poussée
勤	qin	adj.	assidu
核心技术	he:xin:ji:shu	n.	technologie clé
科学性	ke:xue:xing	n.	caractère scientifique
领会	ling:hui	v.	comprendre
极少	ji:shao	adv.	très peu
诚聘	cheng:pin	v.	recruter sincèrement
秒钟	miao:zhong	n.	seconde
三年级	san:nian:ji	n.	troisième année
闲置	xian:zhi	v.	chômer
想念	xiang:nian	v.	manquer
胆固醇	dan:gu:chun	n.	cholestérol
合一	he:yi	n.	unité
走私	zou:si	v.	contrebander
辨别	bian:bie	v.	distinguer
倾向于	qing:xiang:yu	v.	encliner à
扩	kuo	v.	étendre
撞击	zhuang:ji	v.	heurter
眼部	yan:bu	n.	régie oculaire
屏	ping	n.	écran
消极	xiao:ji	adj.	négatif
促销活动	cu:xiao:huo:dong	n.	promotion
兑换	dui:huan	v.	échanger
对称	dui:chen	adj.	symétrique
奥林匹克	ao:lin:pi:ke	n.	Olympique
记账	ji:zhang	v.	tenir les comptes
野外	ye:wai	n.	plein air
滤镜	lv:jing	n.	filtre
生产成本	sheng:chan:cheng:ben	n.	coût de production
帝国主义	di:guo:zhu:yi	n.	impérialisme
看病	kan:bing	v.	consulter un médecin
霜	shuang	n.	gelivre
城墙	cheng:qiang	n.	reme de ville
第三十六条	di:san:shi:liu:tiao	num.	article 36
领略	ling:lve	v.	découvrir
体贴	ti:tie	adj.	attentionné
骑兵	qi:bing	n.	cavalerie
指纹	zhi:wen	n.	empreinte digitale
超大	chao:da	adj.	extra large
键入	jian:ru	v.	taper
任期	ren:qi	n.	mandat
一侧	yi:ce	n.	un côté
妇联	fu:lian	n.	fédération des femmes
施肥	shi:fei	v.	fertiliser
恰当	qia:dang	adj.	appropriate
特大	te:da	adj.	exceptionnellement grand
人称	ren:cheng	n.	personne
昆明市	kun:ming:shi	n.	Kunming
做生意	zuo:sheng:yi	v.	faire du commerce
考试时间	kao:shi:shi:jian	n.	heure d'examen
促成	cu:cheng	v.	favoriser
驾车	jia:che	v.	conduire
求真务实	qiu:zhen:wu:shi	adj.	pragmatique
身躯	shen:qu	n.	corps
复发	fu:fa	v.	récidiver
名校	ming:xiao	n.	école renommée
工作任务	gong:zuo:ren:wu	n.	tâche de travail
亲手	qin:shou	adv.	personnellement
笑笑	xiao:xiao	v.	sourire un peu
奔跑	ben:pao	v.	courir
袍	pao	n.	robe
考试大纲	kao:shi:da:gang	n.	programme d'examen
被盗	bei:dao	v.	être volé
婚纱	hun:sha	n.	robe de mariée
马克	ma:ke	n.	mark
东芝	dong:zhi	n.	Toshiba
插座	cha:zuo	n.	prise
一大堆	yi:da:dui	n.	une pile
重点项目	zhong:dian:xiang:mu	n.	projet prioritaire
悄然	qiao:ran	adv.	silencieusement
举起	ju:qi	v.	soulever
未曾	wei:ceng	adv.	jamais
国外软件	guo:wai:ruan:jian	n.	logiciel étranger
企业集团	qi:ye:ji:tuan	n.	groupe d'entreprises
死刑	si:xing	n.	peine de mort
在里面	zai:li:mian	adv.	à l'intérieur
曾任	ceng:ren	v.	avoir été
捐助	juan:zhu	v.	faire un don
蝶	die	n.	papillon
利用率	li:yong:lv	n.	taux d'utilisation
原子	yuan:zi	n.	atome
打包	da:bao	v.	emballer
第二种	di:er:zhong	num.	le deuxième type
手机号	shou:ji:hao	n.	numéro de portable
隐隐	yin:yin	adv.	vaguement
飞快	fei:kuai	adj.	très rapide
中队	zhong:dui	n.	compagnie
商标注册	shang:biao:zhu:ce	n.	enregistrement de marque
一个男人	yi:ge:nan:ren	n.	un homme
祭	ji	v.	offrir un sacrifice
省会	sheng:hui	n.	capitale de province
生产许可证	sheng:chan:xu:ke:zheng	n.	licence de production
乒乓球	ping:pang:qiu	n.	tennis de table
返利	fan:li	n.	remise
松花	song:hua	n.	fleur de pin
国际机票	guo:ji:ji:piao	n.	billet d'avion international
出发点	chu:fa:dian	n.	point de départ
孙子	sun:zi	n.	petit-fils
防静电	fang:jing:dian	adj.	antistatique
厨	chu	n.	cuisine
进食	jin:shi	v.	manger
安全技术	an:quan:ji:shu	n.	technologie de sécurité
连云港	lian:yun:gang	n.	Lianyungang
千方百计	qian:fang:bai:ji	adv.	par tous les moyens
不方便	bu:fang:bian	adj.	pas pratique
上扬	shang:yang	v.	monter
中国社会	zhong:guo:she:hui	n.	la société chinoise
正品	zheng:pin	n.	produit authentique
神圣	shen:sheng	adj.	sacré
工程设计	gong:cheng:she:ji	n.	conception technique
亲近	qin:jin	adj.	proche
书签	shu:qian	n.	marque-page
结界	jie:jie	n.	barrière
胁	xie	v.	menacer
谅解	liang:jie	v.	comprendre
前锋	qian:feng	n.	avant
农家	nong:jia	n.	foyer paysan
活跃度	huo:yue:du	n.	niveau d'activité
阵容	zhen:rong	n.	composition
新概念	xin:gai:nian	n.	nouveau concept
粗糙	cu:cao	adj.	rugueux
民办学校	min:ban:xue:xiao	n.	école privée
商务网	shang:wu:wang	n.	site commercial
旺季	wang:ji	n.	haute saison
小心翼翼	xiao:xin:yi:yi	adj.	prudent
璃	li	n.	fragment de verre
卡尔	ka:er	n.	Karl
下岗	xia:gang	v.	être licencié
朋	peng	n.	ami
法术	fa:shu	n.	magie
支柱	zhi:zhu	n.	pilier
经济管理	jing:ji:guan:li	n.	gestion économique
劈	pi	v.	fendre
赚	zhuan	v.	gagner
丛林	cong:lin	n.	jungle
白银	bai:yin	n.	argent
锦	jin	n.	brocart
支持度	zhi:chi:du	n.	niveau de soutien
自豪	zi:hao	adj.	fier
郑重	zheng:zhong	adj.	solemnel
紧接着	jin:jie:zhe	adv.	immédiatement après
承载	cheng:zai	v.	porter
遗失	yi:shi	v.	perder
尬	ga	adj.	gênant
邮购	you:gou	v.	acheter par correspondance
尴	gan	adj.	gênant
九江	jiu:jiang	n.	Jiujiang
前去	qian:qu	v.	se rendre
便秘	bian:mi	n.	constipation
年终	nian:zhong	n.	fin d'année
证明文件	zheng:ming:wen:jian	n.	pièce justificative
树叶	shu:ye	n.	feuille d'arbre
代为	dai:wei	adv.	pour quelqu'un
攻击力	gong:ji:li	n.	puissance d'attaque
液晶电视	ye:jing:dian:shi	n.	TV à écran LCD
高级管理人员	gao:ji:guan:li:ren:yuan	n.	cadre dirigeant
绯闻	fei:wen	n.	scandale
恭喜	gong:xi	v.	féliciter
前行	qian:xing	v.	avancer
多用	duo:yong	v.	beaucoup utiliser
票房	piao:fang	n.	billetterie
大姐	da:jie	n.	sœur aînée
不料	bu:liao	conj.	inopinément
伤势	shang:shi	n.	état des blessures
重重	chong:chong	adj.	couche sur couche
重重	zhong:zhong	adj.	de nombreux
定律	ding:lv	n.	loi
干部职工	gan:bu:zhi:gong	n.	cadres et employés
乐于	le:yu	v.	aimer faire
精神文明	jing:shen:wen:ming	n.	civilisation spirituelle
川菜	chuan:cai	n.	cuisine du Sichuan
工作情况	gong:zuo:qing:kuang	n.	situation de travail
队友	dui:you	n.	coéquipier
熙	xi	adj.	brillant
曙光	shu:guang	n.	aube
个案	ge:an	n.	cas individuel
寺	si	n.	temple
遥远的	yao:yuan:de	adj.	lointain
宾客	bin:ke	n.	invité
传销	chuan:xiao	n.	vente pyramidale
黄金甲	huang:jin:jia	n.	armure dorée
父类	fu:lei	n.	classe parente
夺得	duo:de	v.	s'adjuger
精致的	jing:zhi:de	adj.	raise
忧虑	you:lv	v.	s'inquiéter
利润率	li:run:lv	n.	marge de profit
攀升	pan:sheng	v.	grimper
休闲娱乐	xiu:xian:yu:le	n.	loisirs et divertissements
取得联系	qu:de:lian:xi	v.	prendre contact
加工厂	jia:gong:chang	n.	usine de transformation
保卫	bao:wei	v.	défendre
飞机票	fei:ji:piao	n.	billet d'avion
江山	jiang:shan	n.	pays
过量	guo:liang	adj.	excessif
追问	zhui:wen	v.	interroger
树林	shu:lin	n.	bois
升起	sheng:qi	v.	s'lever
杀菌	sha:jun	v.	stériliser
中长期	zhong:chang:qi	n.	moyen et long terme
过剩	guo:sheng	adj.	excédentaire
进驻	jin:zhu	v.	occuper
冷冻	leng:dong	v.	congeler
黑夜	hei:ye	n.	nuit
昌	chang	adj.	prospère
国家利益	guo:jia:li:yi	n.	intérêt national
土耳其	tu:er:qi	n.	Turquie
系统工程	xi:tong:gong:cheng	n.	ingénierie des systèmes
超频	chao:pin	v.	overclocker
航母	hang:mu	n.	porte-avions
编排	bian:pai	v.	arranger
编排	bian:pai	n.	arrangement
短时间内	duan:shi:jian:nei	n.	à court terme
社保	she:bao	n.	sécurité sociale
兼职	jian:zhi	n.	petit boulot
兼职	jian:zhi	v.	travailler à temps partiel
明清	ming:qing	n.	les Ming et les Qing
人品	ren:pin	n.	caractère
基层组织	ji:ceng:zu:zhi	n.	organisation de base
全国性	quan:guo:xing	adj.	national
电话联系	dian:hua:lian:xi	v.	contacter par téléphone
平日	ping:ri	n.	jour de semaine
平日	ping:ri	adv.	habituellement
特许	te:xu	n.	licence spéciale
特许	te:xu	v.	autoriser spécialement
站立	zhan:li	v.	se tenir debout
总资产	zong:zi:chan	n.	actif total
人造	ren:zao	adj.	artificiel
早早	zao:zao	adv.	très tôt
上传附件	shang:chuan:fu:jian	v.	télécharger une pièce jointe
自信心	zi:xin:xin	n.	confiance en soi
管理经验	guan:li:jing:yan	n.	expérience de gestion
个人主页	ge:ren:zhu:ye	n.	page personnelle
他妈	ta:ma	n.	sa mère
他妈	ta:ma	int.	putain!
上市日期	shang:shi:ri:qi	n.	date de cotation
贺	he	v.	féliciter
心境	xin:jing	n.	état d'esprit
截止日期	jie:zhi:ri:qi	n.	date limite
真皮	zhen:pi	n.	cuir véritable
真皮	zhen:pi	n.	derme
新开	xin:kai	v.	ouvrir nouvellement
复旦大学	fu:dan:da:xue	n.	université Fudan
名声	ming:sheng	n.	réputation
生前	sheng:qian	n.	de son vivant
巾	jin	n.	linge
非流通股	fei:liu:tong:gu	n.	action non négociable
育人	yu:ren	v.	former les gens
大体	da:ti	adv.	grosso modo
大体	da:ti	n.	grandes lignes
尊贵	zun:gui	adj.	noble
长三角	chang:san:jiao	n.	delta du Yangtsé
过关	guo:guan	v.	passer l'épreuve
灌溉	guan:gai	v.	irriguer
杯子	bei:zi	n.	verre
新形势	xin:xing:shi	n.	nouvelle situation
涌现	yong:xian	v.	émerger en masse
信息港	xin:xi:gang	n.	port d'information
寺院	si:yuan	n.	temple
工作机制	gong:zuo:ji:zhi	n.	mécanisme de travail
递增	di:zeng	v.	augmenter progressivement
婚庆	hun:qing	n.	célébration de mariage
变相	bian:xiang	adj.	déguisé
运动会	yun:dong:hui	n.	rencontre sportive
增减	zeng:jian	n.	hausse et baisse
创设	chuang:she	v.	créer
发展目标	fa:zhan:mu:biao	n.	objectif de développement
观摩	guan:mo	v.	observer pour apprendre
住户	zhu:hu	n.	foyer
包月	bao:yue	v.	abonnement mensuel
卡死	ka:si	v.	se bloquer
党校	dang:xiao	n.	école du parti
得罪	de:zui	v.	offenser
秦皇岛	qin:huang:dao	n.	Qinhuangdao
描	miao	v.	décalquer
芙蓉	fu:rong	n.	hibiscus
芙蓉	fu:rong	n.	lotus
内存容量	nei:cun:rong:liang	n.	capacité mémoire
中药材	zhong:yao:cai	n.	matières médicinales chinoises
被子	bei:zi	n.	couverture
短消息	duan:xiao:xi	n.	message court
当月	dang:yue	n.	mois en cours
防腐	fang:fu	v.	prévenir la corrosion
防腐	fang:fu	adj.	anticorrosif
生活水平	sheng:huo:shui:ping	n.	niveau de vie
第三十七条	di:san:shi:qi:tiao	n.	article 37
工作报告	gong:zuo:bao:gao	n.	rapport de travail
内饰	nei:shi	n.	intérieur
科长	ke:zhang	n.	chef de section
泡泡	pao:pao	n.	bulle
草地	cao:di	n.	pelouse
进行调整	jin:xing:tiao:zheng	v.	ajuster
工商管理	gong:shang:guan:li	n.	administration des entreprises
小鱼	xiao:yu	n.	petit poisson
测验	ce:yan	n.	test
低下	di:xia	adj.	bas
低下	di:xia	v.	abaisser
市场部	shi:chang:bu	n.	département marketing
医药费	yi:yao:fei	n.	dépenses médicales
嫂嫂	sao:sao	n.	belle-sœur
社会学	she:hui:xue	n.	sociologie
搞定	gao:ding	v.	régler
想办法	xiang:ban:fa	v.	trouver un moyen
组织领导	zu:zhi:ling:dao	v.	organiser et diriger
捕	bu	v.	attraper
张贴	zhang:tie	v.	afficher
广电	guang:dian	n.	radio-télévision
接收	jie:shou	v.	recevoir
段落	duan:luo	n.	paragraphe
降低成本	jiang:di:cheng:ben	v.	réduire les coûts
守则	shou:ze	n.	règles
书面通知	shu:mian:tong:zhi	n.	avis écrit
第九章	di:jiu:zhang	n.	chapitre 9
市人大	shi:ren:da	n.	congrès populaire municipal
个人简历	ge:ren:jian:li	n.	CV
课程改革	ke:cheng:gai:ge	n.	réforme des programmes
病理	bing:li	n.	pathologie
很多时候	hen:duo:shi:hou	adv.	très souvent
针织	zhen:zhi	v.	tricoter
针织	zhen:zhi	adj.	tricoté
抗议	kang:yi	v.	protester
抗议	kang:yi	n.	protestation
老人家	lao:ren:jia	n.	personne âgée
瓷器	ci:qi	n.	porcelaine
中国教育	zhong:guo:jiao:yu	n.	éducation chinoise
地方各级	di:fang:ge:ji	n.	niveaux locaux divers
万户	wan:hu	n.	10 000 foyers
狠抓	hen:zhua	v.	saisir fermement
健康成长	jian:kang:cheng:zhang	v.	croître en bonne santé
行者	xing:zhe	n.	marcheur
画廊	hua:lang	n.	galerie
弄虚作假	nong:xu:zuo:jia	v.	frauder
工作计划	gong:zuo:ji:hua	n.	plan de travail
车厢	che:xiang	n.	wagon
有效时间	you:xiao:shi:jian	n.	temps valide
战友	zhan:you	n.	camarade d'armes
教师资格	jiao:shi:zi:ge	n.	qualification d'enseignant
来宾	lai:bin	n.	invité
各区	ge:qu	n.	chaque district
车轮	che:lun	n.	roue
武昌	wu:chang	n.	Wuchang
设法	she:fa	v.	s'arranger
吸附	xi:fu	v.	adsorber
颈部	jing:bu	n.	cou
政策性	zheng:ce:xing	n.	caractère politique
协议书	xie:yi:shu	n.	accord
额头	e:tou	n.	front
会计报表	kuai:ji:bao:biao	n.	états financiers
传染	chuan:ran	v.	contaminer
看清	kan:qing	v.	voir clairement
药业有限公司	yao:ye:you:xian:gong:si	n.	société pharmaceutique
迈出	mai:chu	v.	faire un pas
报名参加	bao:ming:can:jia	v.	s'inscrire pour participer
挤压	ji:ya	v.	comprimer
陈先生	chen:xian:sheng	n.	Monsieur Chen
海带	hai:dai	n.	algue
折叠	zhe:die	v.	plier
刑事	xing:shi	adj.	pénal
朝向	chao:xiang	v.	donner sur
年均	nian:jun	adv.	en moyenne annuelle
违纪	wei:ji	v.	violer la discipline
因地制宜	yin:di:zhi:yi	v.	s'adapter aux conditions locales
血清	xue:qing	n.	sérum
有偿	you:chang	adj.	payant
极力	ji:li	adv.	de toutes ses forces
迷人的	mi:ren:de	adj.	charmant
译文	yi:wen	n.	traduction
陵	ling	n.	mausolée
新闻发布会	xin:wen:fa:bu:hui	n.	conférence de presse
装有	zhuang:you	v.	être équipé de
客服中心	ke:fu:zhong:xin	n.	centre de service client
发挥作用	fa:hui:zuo:yong	v.	jouer un rôle
降温	jiang:wen	v.	refroidir
到会	dao:hui	v.	assister à la réunion
跟帖	gen:tie	n.	commentaire
风筝	feng:zheng	n.	cerf-volant
服务管理	fu:wu:guan:li	n.	gestion des services
造成损失	zao:cheng:sun:shi	v.	causer des pertes
内含	nei:han	v.	contenir
食欲	shi:yu	n.	appétit
骗取	pian:qu	v.	obtenir par fraude
身份证明	shen:fen:zheng:ming	n.	pièce d'identité
咳	ke	v.	tousser
寻觅	xun:mi	v.	chercher
有所了解	you:suo:liao:jie	v.	avoir une certaine idée
权证	quan:zheng	n.	warrant
总收入	zong:shou:ru	n.	revenu total
辅料	fu:liao	n.	matière auxiliaire
培训师	pei:xun:shi	n.	formateur
奴隶	nu:li	n.	esclave
点儿	dian:er	mw.	un peu
扇	shan	v.	éventer
仍旧	reng:jiu	adv.	encore
下调	xia:diao	v.	abaisser
下调	xia:tiao	v.	abaisser
保鲜	bao:xian	v.	conserver la fraîcheur
虹	hong	n.	arc-en-ciel
绵	mian	adj.	doux
登场	deng:chang	v.	entrer en scène
专心	zhuan:xin	adj.	attentif
科技发展	ke:ji:fa:zhan	n.	développement technologique
撕	si	v.	déchirer
分数线	fen:shu:xian	n.	note de seuil
农行	nong:hang	n.	Banque agricole
光亮	guang:liang	n.	lumière
光亮	guang:liang	adj.	brillant
听起来	ting:qi:lai	v.	sonner
全面贯彻	quan:mian:guan:che	v.	appliquer intégralement
巴基斯坦	ba:ji:si:tan	n.	Pakistan
成年人	cheng:nian:ren	n.	adulte
蔡	cai	n.	Cai
划定	hua:ding	v.	délimiter
思索	si:suo	v.	réfléchir
高标准	gao:biao:zhun	n.	norme élevée
人事部门	ren:shi:bu:men	n.	service du personnel
负面	fu:mian	adj.	négatif
加收	jia:shou	v.	facturer un supplément
屋子	wu:zi	n.	pièce
解码	jie:ma	v.	décoder
心血	xin:xie	n.	efforts pénibles
心血	xin:xue	n.	peine
催	cui	v.	hâter
船上	chuan:shang	n.	sur le bateau
企业法人	qi:ye:fa:ren	n.	personne morale juridique
苗木	miao:mu	n.	jeune plants
演练	yan:lian	v.	s'exerccer
保险金	bao:xian:jin	n.	indemnité d'assurance
数年	shu:nian	num.	plusieurs années
全体员工	quan:ti:yuan:gong	n.	tout le personnel
矿物	kuang:wu	n.	minéral
宠	chong	v.	câliner
思绪	si:xu	n.	courant de pensée
思绪	si:xu	n.	pensées
教学工作	jiao:xue:gong:zuo	n.	travail d'enseignement
鼓舞	gu:wu	v.	transformer animer
拨款	bo:kuan	v.	allouer des fonds
贪	tan	adj.	avide
水流	shui:liu	n.	cours d'eau
成才	cheng:cai	v.	devenir utile
危及	wei:ji	v.	mettre en danger
独一无二	du:yi:wu:er	adj.	unique
主义者	zhu:yi:zhe	n.	-iste
有毒	you:du	adj.	toxique
艺术设计	yi:shu:she:ji	n.	art et design
查验	cha:yan	v.	vérifier
植被	zhi:bei	n.	végétation
凡事	fan:shi	n.	toute chose
同居	tong:ju	v.	vivre ensemble
有关人士	you:guan:ren:shi	n.	personnes concernées
质量保证	zhi:liang:bao:zheng	n.	assurance qualité
成像	cheng:xiang	v.	former une image
调查结果	diao:cha:jie:guo	n.	résultat de l'enquête
综合利用	zong:he:li:yong	n.	utilisation globale
修补	xiu:bu	v.	raccommoder
查杀	cha:sha	v.	détecter et supprimer
好感	hao:gan	n.	sympathie
辱	ru	v.	insulter
誓	shi	v.	jurer
死神	si:shen	n.	mort
关键技术	guan:jian:ji:shu	n.	technologie clé
盒	he	mw.	boîte
草莓	cao:mei	n.	fraise
审计机关	shen:ji:ji:guan	n.	organisme d'audit
生机	sheng:ji	n.	vitalité
细细	xi:xi	adv.	minutieusement
静电	jing:dian	n.	électricité statique
房门	fang:men	n.	port de chambre
高尚	gao:shang	adj.	noble
摸索	mo:suo	v.	tâtonner
麻醉	ma:zui	n.	anesthésie
数据传输	shu:ju:chuan:shu	n.	transmission de données
儒家	ru:jia	n.	confucianisme
字体大小	zi:ti:da:xiao	n.	taille de police
五粮液	wu:liang:ye	n.	Wuliangye
居家	ju:jia	v.	rester à domicile
格式化	ge:shi:hua	v.	formater
热卖价	re:mai:jia	n.	prix de meilleure vente
钱包	qian:bao	n.	portefeuille
初学者	chu:xue:zhe	n.	débutant
不免	bu:mian	adv.	inévitablement
研究室	yan:jiu:shi	n.	salle de recherche
国税	guo:shui	n.	impôt national
切忌	qie:ji	v.	éviter absolument
寸	cun	mw.	pouce
电瓶	dian:ping	n.	batterie
披	pi	v.	draper
卫浴	wei:yu	n.	sanitaire
信封	xin:feng	n.	enveloppe
芬兰	fen:lan	n.	Finlande
天性	tian:xing	n.	nature
小姑娘	xiao:gu:niang	n.	petite fille
后天	hou:tian	n.	après-demain
后天	hou:tian	adj.	acquis
赞助商	zan:zhu:shang	n.	sponsor
党指挥枪	dang:zhi:hui:qiang	n.	le Parti commande le fusil
消防安全	xiao:fang:an:quan	n.	sécurité incendie
心痛	xin:tong	adj.	le cœur brisé
搂	lou	v.	serrer dans les bras
饶	rao	v.	pardonner
饶	rao	v.	épargner
通行证	tong:xing:zheng	n.	laissez-passer
废水	fei:shui	n.	eaux usées
考官	kao:guan	n.	examinateur
支柱产业	zhi:zhu:chan:ye	n.	industrie pilier
第二年	di:er:nian	n.	l'année suivante
免费电影	mian:fei:dian:ying	n.	film gratuit
制服	zhi:fu	n.	uniforme
制服	zhi:fu	v.	mâter
施展	shi:zhan	v.	exercer
激励机制	ji:li:ji:zhi	n.	mécanisme d'incitation
使劲	shi:jin	v.	faire des efforts
顺畅	shun:chang	adj.	fluide
中成药	zhong:cheng:yao	n.	médicament chinois préparé
损耗	sun:hao	n.	perte
损耗	sun:hao	v.	s'user
汇聚	hui:ju	v.	se rassembler
在读	zai:du	v.	être inscrit
跌	die	v.	tomber
果汁	guo:zhi	n.	jus
傻瓜	sha:gua	n.	idiot
文具	wen:ju	n.	papeterie
货车	huo:che	n.	camion
散热器	san:re:qi	n.	radiateur
电磁	dian:ci	n.	électromagnétisme
抽样	chou:yang	v.	échantillonner
抽样	chou:yang	n.	échantillonnage
奖惩	jiang:cheng	n.	récompenses et sanctions
攀登	pan:deng	v.	grimper
伤残	shang:can	n.	invalidité
长虹	chang:hong	n.	Changhong
晚期	wan:qi	n.	stade avancé
波兰	bo:lan	n.	Pologne
苦难	ku:nan	n.	souffrance
欠	qian	v.	devoir
欣喜	xin:xi	adj.	joyeux
近乎	jin:hu	v.	approcher
彼此的	bi:ci:de	pron.	respectif
尖锐	jian:rui	adj.	aigu
尖锐	jian:rui	adj.	vif
理论研究	li:lun:yan:jiu	n.	recherche théorique
动词	dong:ci	n.	verbe
肌	ji	n.	muscle
旅游资源	lv:you:zi:yuan	n.	ressources touristiques
售	shou	v.	vendre
背部	bei:bu	n.	dos
石家庄市	shi:jia:zhuang:shi	n.	Shijiazhuang
陪伴	pei:ban	v.	accompagner
公积金	gong:ji:jin	n.	fonds d'épargne
巡	xun	v.	patrouiller
余地	yu:di	n.	marge
姐弟	jie:di	n.	sœur et frère cadet
技术力量	ji:shu:li:liang	n.	force technique
分类信息	fen:lei:xin:xi	n.	informations classées
大蒜	da:suan	n.	ail
行政区	xing:zheng:qu	n.	région administrative
业务流程	ye:wu:liu:cheng	n.	processus opérationnel
相关链接	xiang:guan:lian:jie	n.	liens connexes
推测	tui:ce	v.	déduire
推测	tui:ce	n.	conjecture
剧烈	ju:lie	adj.	violent
首位	shou:wei	n.	première place
星期日	xing:qi:ri	n.	dimanche
第三十八条	di:san:shi:ba:tiao	num.	article 38
所见	suo:jian	n.	ce qu'on voit
抑	yi	v.	supprimer
网络化	wang:luo:hua	n.	mise en réseau
颜料	yan:liao	n.	pigment
维基	wei:ji	n.	wiki
创新精神	chuang:xin:jing:shen	n.	esprit d'innovation
工程施工	gong:cheng:shi:gong	n.	travaux de construction
妓女	ji:nv	n.	prostituée
宫廷	gong:ting	n.	cour (royale)
特殊性	te:shu:xing	n.	particularité
迷失	mi:shi	v.	se perdre
威廉	wei:lian	n.	William
写字	xie:zi	v.	écrire
中国特色	zhong:guo:te:se	n.	spécificités chinoises
纹	wen	n.	motif
配额	pei:e	n.	quota
特地	te:di	adv.	exprès
优秀人才	you:xiu:ren:cai	n.	talents exceptionnels
留住	liu:zhu	v.	retenir
诗词	shi:ci	n.	poésie classique
柔	rou	adj.	doux
自然人	zi:ran:ren	n.	personne physique
口感	kou:gan	n.	texture en bouche
上山	shang:shan	v.	monter la montagne
忌妒	ji:du	v.	envier
失业保险	shi:ye:bao:xian	n.	assurance chômage
宏	hong	adj.	vaste
政策措施	zheng:ce:cuo:shi	n.	mesures politiques
组织者	zu:zhi:zhe	n.	organisateur
幼	you	adj.	jeune
引人注目	yin:ren:zhu:mu	v.	attirer l'attention
肤色	fu:se	n.	couleur de peau
射精	she:jing	v.	éjaculer
出任	chu:ren	v.	prendre un poste
学士	xue:shi	n.	bachelier
哎呀	ai:ya	int.	aïe
家庭教育	jia:ting:jiao:yu	n.	éducation familiale
萍	ping	n.	lentille d'eau
平台上	ping:tai:shang	n.	sur la plateforme
驻	zhu	v.	être stationné
会后	hui:hou	n.	après la réunion
同胞	tong:bao	n.	concitoyen
计提	ji:ti	v.	constituer
军区	jun:qu	n.	région militaire
收据	shou:ju	n.	reçu
亚太	ya:tai	n.	Asie-Pacifique
万分	wan:fen	adv.	extrêmement
地表	di:biao	n.	surface terrestre
违法犯罪	wei:fa:fan:zui	n.	infraction illégale
总价	zong:jia	n.	prix total
足迹	zu:ji	n.	empreinte
诈骗	zha:pian	v.	escroquer
还给	hai:gei	v.	rendre
两手	liang:shou	n.	deux mains
两手	liang:shou	n.	deux méthodes
非公有制	fei:gong:you:zhi	n.	propriété non publique
丛	cong	n.	groupe
掩饰	yan:shi	v.	dissimuler
合伙	he:huo	v.	s'associer
对比度	dui:bi:du	n.	contraste
毛孔	mao:kong	n.	pore
只怕	zhi:pa	conj.	je crains que
按揭贷款	an:jie:dai:kuan	n.	prêt hypothécaire
元年	yuan:nian	n.	année première
整理时间	zheng:li:shi:jian	n.	temps d'organisation
正确答案	zheng:que:da:an	n.	bonne réponse
圣经	sheng:jing	n.	Bible
高明	gao:ming	adj.	brillant
员工人数	yuan:gong:ren:shu	n.	nombre d'employés
口径	kou:jing	n.	calibre
口径	kou:jing	n.	ligne officielle
播	bo	v.	diffuser
特别版	te:bie:ban	n.	édition spéciale
学生会	xue:sheng:hui	n.	conseil des élèves
女主角	nv:zhu:jue	n.	héroïne
爵士	jue:shi	n.	jazz
爵士	jue:shi	n.	chevalier
火花	huo:hua	n.	étincelle
基督教	ji:du:jiao	n.	christianisme
俄	e	n.	Russie
激起	ji:qi	v.	susciter
托运	tuo:yun	v.	expédier
刃	ren	n.	lame
单调	dan:diao	adj.	monotone
黑人	hei:ren	n.	noir
请假	qing:jia	v.	demander un congé
省钱	sheng:qian	v.	économiser
原名	yuan:ming	n.	nom d'origine
矿物质	kuang:wu:zhi	n.	minéral
少年儿童	shao:nian:er:tong	n.	enfants et adolescents
招标投标	zhao:biao:tou:biao	n.	appel d'offres
闹钟	nao:zhong	n.	réveil
准备好	zhun:bei:hao	v.	être prêt
违章	wei:zhang	v.	violer le règlement
缅甸	mian:dian	n.	Myanmar
处境	chu:jing	n.	situation
风俗	feng:su	n.	coutume
技术参数	ji:shu:can:shu	n.	paramètres techniques
想说	xiang:shuo	v.	vouloir dire
所述	suo:shu	adj.	dit ci-dessus
发烧	fa:shao	v.	avoir de la fièvre
却无	que:wu	v.	mais ne pas avoir
光缆	guang:lan	n.	câble à fibre optique
物种	wu:zhong	n.	espèce
流动人口	liu:dong:ren:kou	n.	population flottante
乐曲	yue:qu	n.	composition musicale
再加强	zai:jia:qiang	v.	renforcer davantage
防洪	fang:hong	v.	prévenir les crues
袜子	wa:zi	n.	chaussettes
展品	zhan:pin	n.	exposant
购物中心	gou:wu:zhong:xin	n.	centre commercial
就像是	jiu:xiang:shi	v.	être comme
并已	bing:yi	adv.	et déjà
也难	ye:nan	adj.	aussi difficile
国内企业	guo:nei:qi:ye	n.	entreprise nationale
几分钟	ji:fen:zhong	n.	quelques minutes
平整	ping:zheng	adj.	plat
向来	xiang:lai	adv.	toujours
此地	ci:di	n.	cet endroit
新时代	xin:shi:dai	n.	nouvelle èra
此案	ci:an	n.	ce cas
蕾	lei	n.	bouton de fleur
造纸	zao:zhi	v.	fabriquer du papier
填入	tian:ru	v.	remplir
握手	wo:shou	v.	serrer la main
灯泡	deng:pao	n.	ampoule
编织	bian:zhi	v.	tisser
某一个	mou:yi:ge	pron.	un certain
民意	min:yi	n.	opinion publique
一路上	yi:lu:shang	v.	tout le long
羽毛	yu:mao	n.	plume
自觉遵守	zi:jue:zun:shou	v.	respecter consciemment
直觉	zhi:jue	n.	intuition
始于	shi:yu	v.	commencer par
阻挡	zu:dang	v.	bloquer
挨	ai	v.	subir
别说	bie:shuo	v.	ne dis pas
合格后	he:ge:hou	adv.	après la qualification
经济损失	jing:ji:sun:shi	n.	perte économique
元帅	yuan:shuai	n.	maréchal
主权	zhu:quan	n.	souveraineté
全线	quan:xian	n.	toute la ligne
用词	yong:ci	n.	formulation
前夕	qian:xi	n.	veille
海淀	hai:dian	n.	Haidian
兰花	lan:hua	n.	orchidée
仲	zhong	n.	second
木头	mu:tou	n.	bois
明细	ming:xi	n.	détails
迈	mai	v.	faire un pas
营业额	ying:ye:e	n.	chiffre d'affaires
装卸	zhuang:xie	v.	chargement et déchargement
将此	jiang:ci	v.	prendre ceci
到场	dao:chang	v.	être présent
可知	ke:zhi	v.	on peut voir
仲裁委员会	zhong:cai:wei:yuan:hui	n.	comité d'arbitrage
少爷	shao:ye	n.	jeune maître
学习成绩	xue:xi:cheng:ji	n.	résultats scolarios
比利时	bi:li:shi	n.	Belgique
纯正	chun:zheng	adj.	pur
下山	xia:shan	v.	descendre la montagne
入户	ru:hu	v.	visiter les foyers
水量	shui:liang	n.	volume d'eau
使用费	shi:yong:fei	n.	frais d'utilisation
青蛙	qing:wa	n.	grenouille
试驾	shi:jia	v.	essayer
发现问题	fa:xian:wen:ti	v.	découvrir des problèmes
无毒	wu:du	adj.	non toxique
做完	zuo:wan	v.	finir de faire
仇恨	chou:hen	n.	haïssabilité
专家们	zhuan:jia:men	n.	experts
多线程	duo:xian:cheng	n.	multithreading
开朗	kai:lang	adj.	joyeux
违	wei	v.	violer
双脚	shuang:jiao	n.	les deux pieds
无意中	wu:yi:zhong	adv.	inadvertemment
磁带	ci:dai	n.	bande magnétique
固定电话	gu:ding:dian:hua	n.	téléphone fixe
罗湖区	luo:hu:qu	n.	District de Luohu
吵架	chao:jia	v.	disputer
这几个	zhe:ji:ge	pron.	ceux-ci
订房	ding:fang	v.	réserver une chambre
辩	bian	v.	débattre
一刀	yi:dao	n.	un coup de couteau
找回	zhao:hui	v.	récupérer
埃	ai	n.	angstrom
增设	zeng:she	v.	ajouter
狭窄	xia:zhai	adj.	étroit
婚姻状况	hun:yin:zhuang:kuang	n.	statut matrimonial
果断	guo:duan	adj.	décisiv
泛滥	fan:lan	v.	déborder
对联	dui:lian	n.	couplet
怎么做	zen:me:zuo	v.	comment faire
客观的	ke:guan:de	adj.	objectif
本色	ben:se	n.	nature propre
献给	xian:gei	v.	dédier
增加值	zeng:jia:zhi	n.	valeur ajoutée
化合物	hua:he:wu	n.	composé
自然界	zi:ran:jie	n.	nature
保洁	bao:jie	v.	nettoyer
背叛	bei:pan	v.	trahir
嘲笑	chao:xiao	v.	tourner en dérision
嘲笑	chao:xiao	n.	moquerie
高管	gao:guan	n.	cadre dirigeant
写信	xie:xin	v.	écrire une lettre
在场	zai:chang	adj.	présent
一个星期	yi:ge:xing:qi	num.	une semaine
诊治	zhen:zhi	v.	diagnostiquer et traiter
试看	shi:kan	v.	essayer de voir
研究工作	yan:jiu:gong:zuo	n.	travail de recherche
依赖于	yi:lai:yu	v.	dépendre de
举例	ju:li	v.	donner un exemple
并列	bing:lie	v.	être en parallèle
发病率	fa:bing:lv	n.	taux de morbidité
名列	ming:lie	v.	figurer dans la liste
容积	rong:ji	n.	capacité, volume
东风日产	dong:feng:ri:chan	n.	Dongfeng Nissan
最常	zui:chang	adv.	le plus souvent
艘	sou	mw.	bateau (classifier)
可以帮助	ke:yi:bang:zhu	v.	pouvoir aider
秀才	xiu:cai	n.	lettré
躲避	duo:bi	v.	éviter, esquiver
干嘛	gan:ma	pron.	pourquoi, quoi faire
停靠站	ting:kao:zhan	n.	arrêt, station
方方面面	fang:fang:mian:mian	n.	tous les aspects
私营	si:ying	adj.	privé
知情	zhi:qing	v.	être au courant
天子	tian:zi	n.	empereur
婚后	hun:hou	n.	après le mariage
探测器	tan:ce:qi	n.	détecteur, sonde
比分	bi:fen	n.	score
踏上	ta:shang	v.	marcher sur, embarquer
琪	qi	n.	qi (nom)
进取	jin:qu	v.	entreprendre, progresser
可得	ke:de	part.	pouvoir obtenir
可得	ke:dei	v.	pouvoir obtenir
通讯录	tong:xun:lu	n.	répertoire, carnet d'adresses
大中型	da:zhong:xing	adj.	grande et moyenne taille
默默地	mo:mo:de	adv.	silencieusement
各家	ge:jia	n.	chaque famille
灾	zai	n.	catastrophe
储量	chu:liang	n.	reserve
简约	jian:yue	adj.	simple
列举	lie:ju	v.	enumerate
冒充	mao:chong	v.	impersonate
僧	seng	n.	monk
持平	chi:ping	v.	break even
丰满	feng:man	adj.	plump
认真落实	ren:zhen:luo:shi	v.	mettre en œuvre sérieusement
专场	zhuan:chang	n.	special session
渡	du	v.	cross
多宝	duo:bao	n.	Duobao
中国人民大学	zhong:guo:ren:min:da:xue	n.	Renmin University of China
此为	ci:wei	conj.	ceci est
参考文献	can:kao:wen:xian	n.	references
还记得	hai:ji:de	v.	se souvenir
谋求	mou:qiu	v.	seek
相伴	xiang:ban	v.	accompany
也成	ye:cheng	adv.	ça marche aussi
入围	ru:wei	v.	make the cut
舍不得	she:bu:de	v.	reluctant to part with
爱国主义	ai:guo:zhu:yi	n.	patriotism
避孕	bi:yun	v.	contraception
支票	zhi:piao	n.	chèque
一半	yi:ban	num.	moitié
下令	xia:ling	v.	ordonner
阳性	yang:xing	adj.	positif
负面影响	fu:mian:ying:xiang	n.	impact négatif
话费	hua:fei	n.	frais de téléphone
卑	bei	adj.	bas
安宁	an:ning	adj.	paisible
每小时	mei:xiao:shi	num.	par heure
前言	qian:yan	n.	préface
设计院	she:ji:yuan	n.	institut de conception
恰好	qia:hao	adv.	par hasard
第一届	di:yi:jie	num.	première édition
教育学	jiao:yu:xue	n.	pédagogie
抓	zhua	v.	saisir
伴奏	ban:zou	v.	accompagner
动植物	dong:zhi:wu	n.	faune et flore
面具	mian:ju	n.	masque
爸爸妈妈	ba:ba:ma:ma	n.	parents
前不久	qian:bu:jiu	adv.	pas il y a longtemps
雕	diao	v.	sculpter
珍贵的	zhen:gui:de	adj.	précieux
提单	ti:dan	n.	connaissement
领悟	ling:wu	v.	comprendre, réaliser
就餐	jiu:can	v.	dîner, prendre un repas
婴幼儿	ying:you:er	n.	nourrisson et jeune enfant
白的	bai:de	adj.	blanc
车手	che:shou	n.	pilote, conducteur
鼠	shu	n.	rat, souris
封锁	feng:suo	v.	bloquer, faire un blocus
华山	hua:shan	n.	Mont Huashan
每平方米	mei:ping:fang:mi	mw.	par mètre carré
遵纪守法	zun:ji:shou:fa	v.	respecter les lois et les règles
资源共享	zi:yuan:gong:xiang	n.	partage de ressources
看一下	kan:yi:xia	v.	jeter un coup d'œil
无边	wu:bian	adj.	infini, sans limites
理论上	li:lun:shang	adv.	théoriquement
最深	zui:shen	adj.	le plus profond
牧师	mu:shi	n.	pasteur, prêtre
讯	xun	n.	nouvelle, information
工作年限	gong:zuo:nian:xian	n.	années d'expérience
好像是	hao:xiang:shi	v.	semble être
揭露	jie:lu	v.	révéler, démasquer
沉思	chen:si	v.	méditer, réfléchir
组织结构	zu:zhi:jie:gou	n.	structure organisationnelle
安全事故	an:quan:shi:gu	n.	accident de sécurité
代表性	dai:biao:xing	n.	représentativité
二房	er:fang	n.	concubine
兵团	bing:tuan	n.	corps
常州市	chang:zhou:shi	n.	ville de Changzhou
笑脸	xiao:lian	n.	visage souriant
评判	ping:pan	v.	juger
评判	ping:pan	n.	jugement
全称	quan:cheng	n.	nom complet
堕落	duo:luo	v.	dégénérer
堕落	duo:luo	adj.	déchu
无公害	wu:gong:hai	adj.	non polluant
辣	la	adj.	épicé
顺应	shun:ying	v.	s'adapter à
放映	fang:ying	v.	projeter
科技园	ke:ji:yuan	n.	parc technologique
三条	san:tiao	num.	3 bandes
增值服务	zeng:zhi:fu:wu	n.	service à valeur ajoutée
海滨	hai:bin	n.	bord de mer
狂热	kuang:re	adj.	fanatique
狂热	kuang:re	n.	fanatisme
女王	nv:wang	n.	reine
该书	gai:shu	n.	ce livre
单曲	dan:qu	n.	single
勃起	bo:qi	v.	érection
自私	zi:si	adj.	égoïste
体育场	ti:yu:chang	n.	stade
相关政策	xiang:guan:zheng:ce	n.	politiques connexes
刷	shua	v.	brosser
刷	shua	v.	balayer
行政审批	xing:zheng:shen:pi	n.	approbation administrative
漫步	man:bu	v.	flâner
老外	lao:wai	n.	étranger
牛仔裤	niu:zai:ku	n.	jean
山谷	shan:gu	n.	vallée
记者采访	ji:zhe:cai:fang	n.	interview journalistique
言行	yan:xing	n.	paroles et actes
防控	fang:kong	v.	prévention et contrôle
改革委	gai:ge:wei	n.	commission de réforme
范本	fan:ben	n.	modèle
治病	zhi:bing	v.	soigner
大多数人	da:duo:shu:ren	n.	la plupart des gens
热卖	re:mai	v.	se vendre bien
百分比	bai:fen:bi	n.	pourcentage
踏实	ta:shi	adj.	stable
踏实	ta:shi	v.	se sentir à l'aise
师范	shi:fan	n.	école normale
业主委员会	ye:zhu:wei:yuan:hui	n.	comité de copropriétaires
一如既往	yi:ru:ji:wang	adv.	comme toujours
高举	gao:ju	v.	tener en haut
低微	di:wei	adj.	humble
一碗	yi:wan	num.	un bol
可视	ke:shi	adj.	visible
侵入	qin:ru	v.	envahir
抱歉	bao:qian	v.	s'excuser
艰	jian	adj.	difficile
取向	qu:xiang	n.	orientation
十六大	shi:liu:da	n.	16e congrès
创伤	chuang:shang	n.	traumatisme
扩大了	kuo:da:le	v.	élargir
看望	kan:wang	v.	rendre visite
彰显	zhang:xian	v.	mettre en évidence
斥	chi	v.	réprimander
切身利益	qie:shen:li:yi	n.	intérêt personnel
时长	shi:chang	n.	durée
最关键	zui:guan:jian	adj.	le plus critique
第五届	di:wu:jie	num.	5e session
形体	xing:ti	n.	forme du corps
遗漏	yi:lou	v.	omettre
遗漏	yi:lou	n.	omission
下毒	xia:du	v.	empoisonner
理会	li:hui	v.	comprendre
理会	li:hui	v.	prêter attention
示意	shi:yi	v.	faire signe
受害者	shou:hai:zhe	n.	victime
销售量	xiao:shou:liang	n.	volume de ventes
造林	zao:lin	v.	reboiser
革新	ge:xin	v.	innover
革新	ge:xin	n.	innovation
全文检索	quan:wen:jian:suo	n.	recherche plein texte
所在区域	suo:zai:qu:yu	n.	zone située
裙	qun	n.	jupe
改版	gai:ban	v.	réviser
新郎	xin:lang	n.	marié
碎片	sui:pian	n.	fragment
翠	cui	adj.	émeraude
间距	jian:ju	n.	espacement
心事	xin:shi	n.	souci
之二	zhi:er	num.	2 sur 2
专利技术	zhuan:li:ji:shu	n.	technologie brevetée
饱	bao	adj.	rassasié
饱	bao	v.	rassasier
解决办法	jie:jue:ban:fa	n.	solution
退税	tui:shui	n.	remboursement d'impôt
叫人	jiao:ren	v.	faire (quelqu'un)
流向	liu:xiang	n.	direction du flux
流向	liu:xiang	v.	couler vers
净资产	jing:zi:chan	n.	actifs nets
千米	qian:mi	n.	kilomètre
手脚	shou:jiao	n.	membres
手脚	shou:jiao	n.	adresse
水温	shui:wen	n.	température de l'eau
读过	du:guo	v.	avoir lu
相见	xiang:jian	v.	se rencontrer
掠	lve	v.	raser
当面	dang:mian	adv.	face à face
合影	he:ying	v.	prendre une photo de groupe
通通	tong:tong	adv.	complètement, tout
宠物资料	chong:wu:zi:liao	n.	informations sur les animaux
讽刺	feng:ci	v.	satiriser, se moquer
讽刺	feng:ci	n.	satire, ironie
旧的	jiu:de	adj.	vieux, ancien
宣传工作	xuan:chuan:gong:zuo	n.	travail de propagande
主打	zhu:da	v.	mettre en avant, promouvoir
人影	ren:ying	n.	silhouette humaine, ombre
私下	si:xia	adv.	en privé, en secret
自然灾害	zi:ran:zai:hai	n.	catastrophe naturelle
案例分析	an:li:fen:xi	n.	analyse de cas
询	xun	v.	interroger, demander
中英文	zhong:ying:wen	n.	chinois et anglais
数千	shu:qian	num.	des milliers de
科学化	ke:xue:hua	v.	scientitiser
魔术	mo:shu	n.	magie, tour de magie
勃	bo	v.	surgir, s'épanouir, bourgeonner
一角	yi:jiao	n.	dix cents
人类社会	ren:lei:she:hui	n.	société humaine
我军	wo:jun	n.	notre armée
蓄电池	xu:dian:chi	n.	accumulateur
夕	xi	n.	soir
上市时间	shang:shi:shi:jian	n.	heure de lancement
不只是	bu:zhi:shi	adv.	pas seulement
密切的	mi:qie:de	adj.	étroit
还提供	hai:ti:gong	v.	fournir aussi
起初	qi:chu	n.	au début
坚硬	jian:ying	adj.	dur
矮	ai	adj.	court, bas
访问次数	fang:wen:ci:shu	n.	nombre de visites
好帖	hao:tie	n.	bon post
握住	wo:zhu	v.	tenir, saisir
开封	kai:feng	n.	Kaifeng
日月	ri:yue	n.	soleil et lune
日月	ri:yue	n.	jours et mois
注册登记	zhu:ce:deng:ji	n.	enregistrement
瑶	yao	n.	jade précieux
门类	men:lei	n.	catégorie
头疼	tou:teng	v.	avoir mal à la tête
防线	fang:xian	n.	ligne de défense
经济实力	jing:ji:shi:li	n.	puissance économique
照相	zhao:xiang	v.	prendre une photo
安利	an:li	n.	Amway
注册号	zhu:ce:hao	n.	numéro d'enregistrement
集群	ji:qun	n.	cluster
传闻	chuan:wen	n.	rumeur
传闻	chuan:wen	v.	rumeur
按揭	an:jie	v.	payer par traite
技术改造	ji:shu:gai:zao	n.	rénovation technique
一趟	yi:tang	mw.	un trajet
多发	duo:fa	v.	se produire fréquemment
院内	yuan:nei	n.	dans l'hôpital
赐	ci	v.	accorder
软件介绍	ruan:jian:jie:shao	n.	présentation de logiciel
潍坊	wei:fang	n.	Weifang
承租人	cheng:zu:ren	n.	locataire
捏	nie	v.	pincer
劳动争议	lao:dong:zheng:yi	n.	conflit du travail
嫁给	jia:gei	v.	épouser
构图	gou:tu	n.	composition
打交道	da:jiao:dao	v.	fréquenter
游玩	you:wan	v.	jouer, voyager
东城区	dong:cheng:qu	n.	district de Dongcheng
京剧	jing:ju	n.	opéra de Pékin
飞船	fei:chuan	n.	vaisseau spatial
美容院	mei:rong:yuan	n.	salon de beauté
各级领导	ge:ji:ling:dao	n.	dirigeants de tous niveaux
各专业	ge:zhuan:ye	n.	chaque profession
青铜	qing:tong	n.	bronze
围着	wei:zhe	v.	entourer, cerner
反垄断法	fan:long:duan:fa	n.	loi antitrust
油田	you:tian	n.	champ pétrolifère
重要的是	zhong:yao:de:shi	conj.	l'important est que
提炼	ti:lian	v.	raffiné, extraire
姚	yao	n.	Yao
不小	bu:xiao	adj.	pas petit, grand
该行	gai:hang	n.	ce secteur, cette banque
互补	hu:bu	v.	se compléter
瑟	se	n.	se
这个名字	zhe:ge:ming:zi	n.	ce nom
华盛顿	hua:sheng:dun	n.	Washington
就和	jiu:he	conj.	juste avec
考试科目	kao:shi:ke:mu	n.	matières d'examen
工程造价	gong:cheng:zao:jia	n.	coût de l'ingénierie
白金	bai:jin	n.	platine
超前	chao:qian	adj.	en avance, avancé
耗费	hao:fei	v.	consommer, dépenser
迎来	ying:lai	v.	accueillir
宽阔	kuan:kuo	adj.	large, vaste
盛行	sheng:xing	v.	prévaloir, être en vogue
底线	di:xian	n.	ligne de fond, limite
防晒	fang:shai	v.	protéger du soleil
冒出	mao:chu	v.	émerger, surgir
来人	lai:ren	n.	visiteur
勘查	kan:cha	v.	explorer, inspecter
山峰	shan:feng	n.	sommet, pic
反动	fan:dong	adj.	réactionnaire
交接	jiao:jie	v.	remettre
任职资格	ren:zhi:zi:ge	n.	qualifications
干旱	gan:han	n.	sécheresse
为您服务	wei:nin:fu:wu	v.	vous servir
越野	yue:ye	v.	faire du tout-terrain
图中	tu:zhong	n.	dans l'image
申请者	shen:qing:zhe	n.	demandeur
放手	fang:shou	v.	lâcher prise
金鹰	jin:ying	n.	aigle royal
感人	gan:ren	adj.	touchant
作曲	zuo:qu	v.	composer
机理	ji:li	n.	mécanisme
读写	du:xie	n.	lecture et écriture
合同法	he:tong:fa	n.	droit des contrats
要你	yao:ni	v.	vouloir toi
不失	bu:shi	v.	ne pas perdre
会做	hui:zuo	v.	savoir faire
民政	min:zheng	n.	affaires civiles
车道	che:dao	n.	voie
渴	ke	adj.	assoiffé
现实中	xian:shi:zhong	n.	dans la réalité
完后	wan:hou	n.	après avoir fini
人流	ren:liu	n.	flux de personnes
铺设	pu:she	v.	poser
证券法	zheng:quan:fa	n.	droit des valeurs mobilières
谅	liang	v.	pardonner
鱿鱼	you:yu	n.	calmar
不同类型	bu:tong:lei:xing	n.	type différent
快去	kuai:qu	v.	aller vite
昂	ang	v.	lever
山药	shan:yao	n.	igname
热销	re:xiao	v.	se vendre bien
该县	gai:xian	n.	ce comté
诊所	zhen:suo	n.	clinique
王某	wang:mou	n.	un certain M. Wang
说出来	shuo:chu:lai	v.	dire
透视	tou:shi	v.	perspective
已经有了	yi:jing:you:le	v.	déjà avoir
串	chuan	mw.	brochette
串	chuan	n.	ficelle
更重要的	geng:zhong:yao:de	adj.	plus important
总代理	zong:dai:li	n.	agent général
张力	zhang:li	n.	tension
宝宝的	bao:bao:de	n.	de bébé
旗下的	qi:xia:de	adj.	sous l'égide de
部分地区	bu:fen:di:qu	n.	certaines régions
几年前	ji:nian:qian	n.	il y a quelques années
宁愿	ning:yuan	v.	préférer
也还	ye:hai	adv.	encore aussi
跟进	gen:jin	v.	suivre
网站首页	wang:zhan:shou:ye	n.	page d'accueil
议题	yi:ti	n.	sujet
国家队	guo:jia:dui	n.	équipe nationale
化疗	hua:liao	n.	chimiothérapie
医保	yi:bao	n.	assurance maladie
急剧	ji:ju	adj.	brusque
实施意见	shi:shi:yi:jian	n.	avis de mise en œuvre
沟	gou	n.	fossé
原产地	yuan:chan:di	n.	lieu d'origine
一小时	yi:xiao:shi	num.	1 heure
港台	gang:tai	n.	Hong Kong et Taïwan
杰出	jie:chu	adj.	remarquable
放出	fang:chu	v.	libérer
三包	san:bao	n.	trois garanties
动脉	dong:mai	n.	artère
生活质量	sheng:huo:zhi:liang	n.	qualité de vie
谈起	tan:qi	v.	parler de
咨询公司	zi:xun:gong:si	n.	société de conseil
分量	fen:liang	n.	poids
天文	tian:wen	n.	astronomie
司法行政	si:fa:xing:zheng	n.	administration judiciaire
涉	she	v.	impliquer
总要	zong:yao	adv.	doit, devoir
疯了	feng:le	adj.	fou
一瞬间	yi:shun:jian	n.	instant
回味	hui:wei	v.	savourer
回味	hui:wei	n.	arrière-goût
变异	bian:yi	v.	muter
变异	bian:yi	n.	mutation
箱子	xiang:zi	n.	boîte
笔录	bi:lu	n.	procès-verbal
智商	zhi:shang	n.	QI
诱导	you:dao	v.	induire
切勿	qie:wu	v.	ne pas
突出重点	tu:chu:zhong:dian	v.	souligner les points clés
迎合	ying:he	v.	complaire
八荣八耻	ba:rong:ba:chi	n.	huit honneurs et huit hontes
咕	gu	onom.	gargouiller
聚乙烯	ju:yi:xi	n.	polyéthylène
醒醒	xing:xing	v.	se réveiller
驶	shi	v.	conduire
第三十九条	di:san:shi:jiu:tiao	num.	article 39
解决好	jie:jue:hao	v.	bien résoudre
星球	xing:qiu	n.	planète
增生	zeng:sheng	v.	hypertrophier
增生	zeng:sheng	n.	hypertrophie
摄	she	v.	prendre
海盗	hai:dao	n.	pirate
往下	wang:xia	adv.	vers le bas
增产	zeng:chan	v.	augmenter la production
餐饮业	can:yin:ye	n.	secteur de la restauration
纯真	chun:zhen	adj.	innocent
工作作风	gong:zuo:zuo:feng	n.	style de travail
统一管理	tong:yi:guan:li	v.	gérer de manière unifiée
券商	quan:shang	n.	courtier
太湖	tai:hu	n.	lac Taihu
面对面	mian:dui:mian	adj.	face à face
上空	shang:kong	n.	ciel
梦里	meng:li	n.	dans un rêve
逃跑	tao:pao	v.	s'enfuir
配音	pei:yin	v.	doubler
一票	yi:piao	num.	un vote
多样性	duo:yang:xing	n.	diversité
西城区	xi:cheng:qu	n.	district de Xicheng
巨额	ju:e	adj.	montant énorme
接种	jie:zhong	v.	vacciner
免疫力	mian:yi:li	n.	immunité
贫	pin	adj.	pauvre
参谋	can:mou	n.	officier d'état-major
飞碟	fei:die	n.	soucoupe volante
不负	bu:fu	v.	ne pas décevoir
任教	ren:jiao	v.	enseigner
就医	jiu:yi	v.	consulter un médecin
一节	yi:jie	num.	une section
城镇居民	cheng:zhen:ju:min	n.	résident urbain
平静的	ping:jing:de	adj.	calme
内科	nei:ke	n.	médecine interne
浮现	fu:xian	v.	apparaître
之风	zhi:feng	n.	style, vent, tendance
国家旅游局	guo:jia:lv:you:ju	n.	Office national du tourisme
精油	jing:you	n.	huile essentielle
浓浓	nong:nong	adj.	épais, fort
全面落实	quan:mian:luo:shi	v.	mettre pleinement en œuvre
盘中	pan:zhong	prep.	dans le plat
稳健	wen:jian	adj.	stable, prudent
边框	bian:kuang	n.	cadre, bordure
吃完	chi:wan	v.	finir de manger
阅读全文	yue:du:quan:wen	v.	lire l'intégralité
好几	hao:ji	num.	plusieurs
美容美发	mei:rong:mei:fa	n.	beauté et coiffure
流氓软件	liu:mang:ruan:jian	n.	logiciel malveillant
扫描仪	sao:miao:yi	n.	scanner
辕	yuan	n.	joug, axe
渤海	bo:hai	n.	mer de Bohai
拖拉机	tuo:la:ji	n.	tracteur
一致性	yi:zhi:xing	n.	cohérence, uniformité
丰胸	feng:xiong	v.	augmentation mammaire
文化交流	wen:hua:jiao:liu	n.	échange culturel
卷烟	juan:yan	n.	cigarette
采样	cai:yang	v.	échantillonnage
新奇	xin:qi	adj.	nouveau
放宽	fang:kuan	v.	relâcher, assouplir
可获得	ke:huo:de	v.	obtenable
世界经济	shi:jie:jing:ji	n.	économie mondiale
也许会	ye:xu:hui	adv.	peut-être
食品有限公司	shi:pin:you:xian:gong:si	n.	société alimentaire ltd.
溶解	rong:jie	v.	dissoudre
生产厂商	sheng:chan:chang:shang	n.	fabricant
婉	wan	adj.	gracieux, doux
下雨	xia:yu	v.	pleuvoir
营业时间	ying:ye:shi:jian	n.	heures d'ouverture
几级	ji:ji	num.	combien de niveaux
细微	xi:wei	adj.	subtil, infime
出卖	chu:mai	v.	trahir, vendre
假冒	jia:mao	v.	contrefaire, usurper
冰川	bing:chuan	n.	glacier
西宁	xi:ning	n.	Xining
意为	yi:wei	v.	signifier
细小	xi:xiao	adj.	petit
中央空调	zhong:yang:kong:tiao	n.	climatisation centrale
昆虫	kun:chong	n.	insecte
越过	yue:guo	v.	franchir
绚丽	xuan:li	adj.	magnifique
乞丐	qi:gai	n.	mendiant
成败	cheng:bai	n.	réussite ou échec
相约	xiang:yue	v.	convenir
徒弟	tu:di	n.	apprenti
终究	zhong:jiu	adv.	finalement
分层	fen:ceng	v.	stratifier
档案管理	dang:an:guan:li	n.	gestion des archives
救治	jiu:zhi	v.	soigner
挤出	ji:chu	v.	extraire
深沉	shen:chen	adj.	profond
自治县	zi:zhi:xian	n.	comté autonome
一曲	yi:qu	mw.	une pièce musicale
质量标准	zhi:liang:biao:zhun	n.	norme de qualité
身形	shen:xing	n.	forme du corps
上行	shang:xing	v.	monter, ascensionner
正要	zheng:yao	adv.	être sur le point de
自然资源	zi:ran:zi:yuan	n.	ressources naturelles
备受	bei:shou	v.	subir, recevoir
平板	ping:ban	adj.	plat, tablette
厌恶	yan:wu	v.	détester, abhorrer
水利工程	shui:li:gong:cheng	n.	ouvrage hydraulique
气愤	qi:fen	adj.	indigné, fâché
请务必	qing:wu:bi	adv.	veuillez absolument
泉州市	quan:zhou:shi	n.	ville de Quanzhou
再上	zai:shang	v.	remonter
首个	shou:ge	adj.	premier
鹏	peng	n.	peng (oiseau mythique)
无误	wu:wu	adj.	sans erreur
姜	jiang	n.	gingembre
大爷	da:ye	n.	oncle, vieil homme
社会环境	she:hui:huan:jing	n.	environnement social
九寨沟	jiu:zhai:gou	n.	Jiuzhaigou
扭转	niu:zhuan	v.	renverser
散布	san:bu	v.	répandre
文化艺术	wen:hua:yi:shu	n.	culture et art
重在	zhong:zai	v.	se concentrer sur
盒子	he:zi	n.	boîte
十几个	shi:ji:ge	num.	une dizaine
但愿	dan:yuan	v.	souhaiter
教务处	jiao:wu:chu	n.	bureau académique
妈的	ma:de	int.	merde
碍	ai	v.	entraver
动物园	dong:wu:yuan	n.	zoo
中国证监会	zhong:guo:zheng:jian:hui	n.	CSRC
荷	he	n.	lotus
代表作	dai:biao:zuo	n.	œuvre majeure
枕头	zhen:tou	n.	oreiller
公司债券	gong:si:zhai:quan	n.	obligation d'entreprise
港澳	gang:ao	n.	Hong Kong et Macao
管理委员会	guan:li:wei:yuan:hui	n.	comité de gestion
极高的	ji:gao:de	adj.	extrêmement haut
沿线	yan:xian	n.	le long de la ligne
查出	cha:chu	v.	découvrir
冠	guan	n.	couronne
冠	guan	v.	remporter
最低价	zui:di:jia	n.	prix le plus bas
也不过	ye:bu:guo	adv.	ne faire que
魅	mei	v.	charmer
彻底的	che:di:de	adj.	radical, complet
曲目	qu:mu	n.	programme, répertoire
拘役	ju:yi	n.	emprisonnement
飞行员	fei:xing:yuan	n.	pilote
年报	nian:bao	n.	rapport annuel
玫	mei	n.	rose
可随时	ke:sui:shi	adv.	pouvoir à tout moment
最受欢迎	zui:shou:huan:ying	adj.	le plus populaire
裁	cai	v.	couper, tailler
突破口	tu:po:kou	n.	percée, point de rupture
成员国	cheng:yuan:guo	n.	État membre
身心健康	shen:xin:jian:kang	n.	santé physique et mentale
吃得	chi:de	v.	pouvoir manger
等待着	deng:dai:zhe	v.	attendre
第二批	di:er:pi	n.	deuxième lot
相对应	xiang:dui:ying	v.	correspondre à
超薄	chao:bao	adj.	ultra-mince
侵犯到	qin:fan:dao	v.	enfreindre
服务站	fu:wu:zhan	n.	station-service
良心	liang:xin	n.	conscience
工作方式	gong:zuo:fang:shi	n.	mode de travail
海边	hai:bian	n.	bord de mer
受不了	shou:bu:liao	v.	ne pas supporter
证人	zheng:ren	n.	témoin
设计者	she:ji:zhe	n.	concepteur
坡	po	n.	pente
不公	bu:gong	adj.	injuste
方才	fang:cai	adv.	tout à l'heure
宫殿	gong:dian	n.	palais
玩游戏	wan:you:xi	v.	jouer à des jeux
给你们	gei:ni:men	v.	donner à vous
违反规定	wei:fan:gui:ding	v.	enfreindre le règlement
品种的	pin:zhong:de	adj.	de variétés
善意	shan:yi	n.	bonne volonté
第二大	di:er:da	num.	deuxième plus grand
食宿	shi:su	n.	nourriture et logement
一点都	yi:dian:dou	adv.	pas du tout
倒入	dao:ru	v.	verser dans
建筑装饰	jian:zhu:zhuang:shi	n.	décoration architecturale
可以达到	ke:yi:da:dao	v.	pouvoir atteindre
取名	qu:ming	v.	nommer
标示	biao:shi	v.	marquer, indiquer
貌似	mao:si	v.	sembler, paraître
全镇	quan:zhen	n.	toute la ville
简直是	jian:zhi:shi	adv.	être tout simplement
立足于	li:zu:yu	v.	être basé sur
极易	ji:yi	adv.	extrêmement facile de
不合	bu:he	v.	ne pas convenir
不合	bu:he	adj.	inapproprié
有三	you:san	v.	avoir 3
鸿	hong	n.	cygne
药品生产	yao:pin:sheng:chan	n.	production de médicaments
迎来了	ying:lai:le	v.	accueillir, accueillir l'arrivée
居委会	ju:wei:hui	n.	comité de quartier
泥土	ni:tu	n.	terre, boue
手枪	shou:qiang	n.	pistolet
状元	zhuang:yuan	n.	premier lauréat
跳转	tiao:zhuan	v.	sauter, basculer
所有者	suo:you:zhe	n.	propriétaire
无心	wu:xin	adj.	inattentif, sans intention
意象	yi:xiang	n.	imagerie
这支	zhe:zhi	mw.	ce/cette (classificateur)
我方	wo:fang	n.	notre partie
穿梭	chuan:suo	v.	faire la navette
党和政府	dang:he:zheng:fu	n.	parti et gouvernement
乘机	cheng:ji	v.	profiter d'une occasion
珍藏	zhen:cang	v.	collectionner précieusement
珍藏	zhen:cang	n.	collection précieuse
茶馆	cha:guan	n.	salon de thé
下岗职工	xia:gang:zhi:gong	n.	travailleur licencié
谎言	huang:yan	n.	mensonge
第一页	di:yi:ye	n.	première page
农副产品	nong:fu:chan:pin	n.	produits agricoles secondaires
资产负债表	zi:chan:fu:zhai:biao	n.	bilan
一则	yi:ze	num.	une règle
最优	zui:you	adj.	optimal
最终解释权	zui:zhong:jie:shi:quan	n.	droit d'interprétation final
巧妙	qiao:miao	adj.	ingénieux
各行业	ge:hang:ye	n.	divers secteurs
城市居民	cheng:shi:ju:min	n.	résident urbain
两端	liang:duan	n.	deux extrémités
免得	mian:de	conj.	de peur de
随身	sui:shen	adj.	sur soi
趋向	qu:xiang	v.	tendre vers
趋向	qu:xiang	n.	tendance
权威性	quan:wei:xing	n.	autorité
应届	ying:jie	adj.	de l'année en cours
秘书处	mi:shu:chu	n.	secrétariat
无尽的	wu:jin:de	adj.	infini
高薪	gao:xin	n.	haut salaire
总站	zong:zhan	n.	terminus
邓	deng	n.	Deng
或许是	huo:xu:shi	adv.	peut-être
竞技	jing:ji	n.	athlétisme
固顶	gu:ding	v.	fixer en haut
新局面	xin:ju:mian	n.	nouvelle situation
暂行办法	zan:xing:ban:fa	n.	mesures provisoires
打听	da:ting	v.	se renseigner
毗邻	pi:lin	v.	border
一招	yi:zhao	mw.	un coup
喝茶	he:cha	v.	boire du thé
整形	zheng:xing	n.	chirurgie esthétique
重任	zhong:ren	n.	responsabilité lourde
副总	fu:zong	n.	vice-président
爬上	pa:shang	v.	monter
增添了	zeng:tian:le	v.	ajouter
自主品牌	zi:zhu:pin:pai	n.	marque autonome
判处	pan:chu	v.	condamner
菩提	pu:ti	n.	bodhi
一想	yi:xiang	v.	penser
小屋	xiao:wu	n.	petite maison
接听	jie:ting	v.	décrocher
魔法师	mo:fa:shi	n.	magicien
放假	fang:jia	v.	être en vacances
持有人	chi:you:ren	n.	titulaire
查获	cha:huo	v.	saisir
思维方式	si:wei:fang:shi	n.	mode de pensée
想必	xiang:bi	adv.	sans doute
免去	mian:qu	v.	exempter
拒不	ju:bu	adv.	refuser de
新浪网	xin:lang:wang	n.	Sina
白痴	bai:chi	n.	idiot
取缔	qu:di	v.	interdire
外人	wai:ren	n.	étranger
好消息	hao:xiao:xi	n.	bonne nouvelle
后卫	hou:wei	n.	défenseur
童装	tong:zhuang	n.	vêtements pour enfants
图画	tu:hua	n.	dessin
指望	zhi:wang	v.	compter sur
竭诚	jie:cheng	v.	de tout cœur
肢体	zhi:ti	n.	membres
教师队伍	jiao:shi:dui:wu	n.	corps enseignant
基本原理	ji:ben:yuan:li	n.	principe de base
风貌	feng:mao	n.	aspect, apparence
分辨	fen:bian	v.	distinguer
夏日	xia:ri	n.	jour d'été
色素	se:su	n.	pigment
染色	ran:se	v.	teindre
低压	di:ya	n.	basse pression
岗位职责	gang:wei:zhi:ze	n.	responsabilités
环境变量	huan:jing:bian:liang	n.	variable d'environnement
城内	cheng:nei	n.	dans la ville
怪异	guai:yi	adj.	étrange
划分为	hua:fen:wei	v.	diviser en
迄今为止	qi:jin:wei:zhi	adv.	jusqu'à présent
协议范本	xie:yi:fan:ben	n.	modèle d'accord
质押	zhi:ya	v.	pflegder
便携式	bian:xie:shi	adj.	portable
年下	nian:xia	n.	plus jeune
镶嵌	xiang:qian	v.	incruster
技法	ji:fa	n.	technique
遥远	yao:yuan	adj.	distant
庆幸	qing:xing	v.	se réjouir
欣慰	xin:wei	adj.	reconfortant
诡异	gui:yi	adj.	étrange
离世	li:shi	v.	mourir
点半	dian:ban	n.	demie
掌控	zhang:kong	v.	contrôler
骑马	qi:ma	v.	monter à cheval
公共场所	gong:gong:chang:suo	n.	lieu public
本年度	ben:nian:du	n.	cette année
敏感的	min:gan:de	adj.	sensible
全球最大	quan:qiu:zui:da	adj.	le plus grand du monde
团队精神	tuan:dui:jing:shen	n.	esprit d'équipe
歪	wai	adj.	tordu
劳动法	lao:dong:fa	n.	droit du travail
抬起	tai:qi	v.	lever
诸侯	zhu:hou	n.	seigneur
风险管理	feng:xian:guan:li	n.	gestion des risques
谁来	shei:lai	pron.	qui viendra
谁来	shui:lai	pron.	qui viendra
加固	jia:gu	v.	renforcer
其他用户	qi:ta:yong:hu	n.	autres utilisateurs
专辑名称	zhuan:ji:ming:cheng	n.	titre de l'album
装饰装修	zhuang:shi:zhuang:xiu	n.	décoration et rénovation
差价	cha:jia	n.	différence de prix
怀中	huai:zhong	n.	dans le sein
机油	ji:you	n.	huile moteur
往前	wang:qian	adv.	vers l'avant
台式机	tai:shi:ji	n.	ordinateur de bureau
小城镇	xiao:cheng:zhen	n.	petite ville
存储卡	cun:chu:ka	n.	carte mémoire
复杂性	fu:za:xing	n.	complexité
哪位	na:wei	pron.	lequel
使用情况	shi:yong:qing:kuang	n.	état d'utilisation
秀丽	xiu:li	adj.	beau
假定	jia:ding	v.	supposer
假定	jia:ding	n.	hypothèse
查看次数	cha:kan:ci:shu	n.	nombre de vues
主人公	zhu:ren:gong	n.	protagoniste
贫血	pin:xue	n.	anémie
破损	po:sun	v.	endommager
破损	po:sun	adj.	endommagé
预售	yu:shou	v.	prévente
夺取	duo:qu	v.	saisir
元月	yuan:yue	n.	janvier
水母	shui:mu	n.	méduse
深厚	shen:hou	adj.	profond
多云	duo:yun	adj.	nuageux
收款人	shou:kuan:ren	n.	bénéficiaire
陆地	lu:di	n.	terre
过失	guo:shi	n.	faute
乏	fa	adj.	manquer
缩写	suo:xie	v.	abréger
缩写	suo:xie	n.	abréviation
橄榄油	gan:lan:you	n.	huile d'olive
前线	qian:xian	n.	front
一步步	yi:bu:bu	adv.	pas à pas
水泵	shui:beng	n.	pompe à eau
申	shen	v.	exposer
音色	yin:se	n.	timbre
战队	zhan:dui	n.	équipe
诚意	cheng:yi	n.	sincérité
传入	chuan:ru	v.	transmettre
实名	shi:ming	adj.	nom réel
陷入了	xian:ru:le	v.	tomber dans
商业秘密	shang:ye:mi:mi	n.	secret commercial
监控系统	jian:kong:xi:tong	n.	système de surveillance
药品监督	yao:pin:jian:du	n.	surveillance des médicaments
十九	shi:jiu	num.	dix-neuf
水文	shui:wen	n.	hydrologie
用工	yong:gong	n.	main-d'œuvre
自治州	zi:zhi:zhou	n.	préfecture autonome
古希腊	gu:xi:la	n.	Grèce antique
本会	ben:hui	n.	cette association
高效率	gao:xiao:lv	n.	haute efficacité
扰乱	rao:luan	v.	troubler
报名表	bao:ming:biao	n.	formulaire d'inscription
草坪	cao:ping	n.	pelouse
打死	da:si	v.	battre à mort
大象	da:xiang	n.	éléphant
感官	gan:guan	n.	organe sensorial
日立	ri:li	n.	Hitachi
开水	kai:shui	n.	eau bouillie
偏高	pian:gao	adj.	plus élevé
呼声	hu:sheng	n.	clameur
场内	chang:nei	n.	dans le lieu
串口	chuan:kou	n.	port série
学术交流	xue:shu:jiao:liu	n.	échange académique
有关方面	you:guan:fang:mian	n.	parties concernées
政区	zheng:qu	n.	district administratif
惯例	guan:li	n.	convention
列兵	lie:bing	v.	enrôler
列兵	lie:bing	n.	soldat de deuxième classe
可否	ke:fou	adv.	si oui ou non
湖水	hu:shui	n.	eau du lac
四海	si:hai	n.	le monde entier
更方便	geng:fang:bian	adj.	plus pratique
恶搞	e:gao	v.	parodier
化石	hua:shi	n.	fossile
孙中山	sun:zhong:shan	n.	Sun Yat-sen
待了	dai:le	v.	rester
巨鳄	ju:e	n.	crocodile géant
营利	ying:li	v.	faire un profit
冬瓜	dong:gua	n.	melon d'hiver
男孩子	nan:hai:zi	n.	garçon
踊跃	yong:yue	adj.	enthousiaste
软硬件	ruan:ying:jian	n.	logiciel et matériel
中国联通	zhong:guo:lian:tong	n.	China Unicom
乐	yue	n.	musique
乐	yue	adj.	joyeux
中国建筑	zhong:guo:jian:zhu	n.	architecture chinoise
诚恳	cheng:ken	adj.	sincère
阿拉伯	a:la:bo	n.	arabe
多快	duo:kuai	adv.	si vite
谢绝	xie:jue	v.	refuser
局限	ju:xian	n.	limitation
局限	ju:xian	v.	limiter
却说	que:shuo	v.	il est dit que
近似	jin:si	adj.	approximatif
与国家	yu:guo:jia	n.	avec l'État
饭菜	fan:cai	n.	nourriture
重叠	chong:die	v.	se chevaucher
必须的	bi:xu:de	adj.	nécessaire
堆积	dui:ji	v.	s'accumuler
七十	qi:shi	num.	soixante-dix
不尽	bu:jin	adj.	infini
系统集成	xi:tong:ji:cheng	n.	intégration de système
选题	xuan:ti	v.	choisir un sujet
选题	xuan:ti	n.	sélection de sujet
戴着	dai:zhe	v.	porter
潜艇	qian:ting	n.	sous-marin
兴办	xing:ban	v.	établir
农业产业化	nong:ye:chan:ye:hua	n.	industrialisation agricole
中国最大	zhong:guo:zui:da	adj.	plus grand de Chine
欢迎访问	huan:ying:fang:wen	v.	bienvenue pour la visite
割	ge	v.	couper
割	ge	n.	proportion
汽车零部件	qi:che:ling:bu:jian	n.	pièces automobiles
十几年	shi:ji:nian	num.	dizaine d'années
矫正	jiao:zheng	v.	corriger
能得到	neng:de:dao	v.	pouvoir obtenir
巫	wu	n.	chamane
工期	gong:qi	n.	délai de construction
分担	fen:dan	v.	partager
产品展示	chan:pin:zhan:shi	n.	exposition de produits
二氧化碳	er:yang:hua:tan	n.	dioxyde de carbone
衫	shan	n.	chemise
第四十条	di:si:shi:tiao	n.	article 40
晶体	jing:ti	n.	cristal
总结了	zong:jie:le	v.	résumé
做一些	zuo:yi:xie	v.	faire un peu
无助	wu:zhu	adj.	impuissant
救灾	jiu:zai	n.	secours
东门	dong:men	n.	porte est
列席	lie:xi	v.	assister
马车	ma:che	n.	calèche
网校	wang:xiao	n.	école en ligne
德语	de:yu	n.	allemand
天山	tian:shan	n.	monts Tianshan
功底	gong:di	n.	base
你家	ni:jia	n.	chez vous
耐磨	nai:mo	adj.	résistant à l'usure
俗话说	su:hua:shuo	v.	comme le dit le proverbe
知青	zhi:qing	n.	jeunes instruits
拖延	tuo:yan	v.	procrastiner
上一个	shang:yi:ge	num.	le précédent
响了	xiang:le	v.	sonner
上车	shang:che	v.	monter dans un véhicule
张艺谋	zhang:yi:mou	n.	Zhang Yimou
整体素质	zheng:ti:su:zhi	n.	qualité globale
棒	bang	adj.	excellent
棒	bang	n.	bâton
社会稳定	she:hui:wen:ding	n.	stabilité sociale
做大做强	zuo:da:zuo:qiang	v.	agrandir et renforcer
经营单位	jing:ying:dan:wei	n.	unité d'exploitation
课题组	ke:ti:zu	n.	groupe de recherche
支吾	zhi:wu	v.	equivocating
社会责任	she:hui:ze:ren	n.	responsabilité sociale
首领	shou:ling	n.	chef
想买	xiang:mai	v.	vouloir acheter
无级	wu:ji	adj.	sans étage
相反的	xiang:fan:de	adj.	opposé
阔	kuo	adj.	large
要买	yao:mai	v.	vouloir acheter
贫困地区	pin:kun:di:qu	n.	zone pauvre
学年	xue:nian	n.	année scolaire
县市	xian:shi	n.	comté et ville
揭开	jie:kai	v.	dévoiler
开奖	kai:jiang	v.	tirer au sort
磁场	ci:chang	n.	champ magnétique
权威的	quan:wei:de	adj.	autoritaire
泣	qi	v.	pleurer
三名	san:ming	num.	3 personnes
严格遵守	yan:ge:zun:shou	v.	respecter strictement
绽放	zhan:fang	v.	éclore
查明	cha:ming	v.	déterminer
韦	wei	n.	Wei
中国汽车	zhong:guo:qi:che	n.	voiture chinoise
电动车	dian:dong:che	n.	véhicule électrique
上层	shang:ceng	n.	couche supérieure
肾脏	shen:zang	n.	rein
延误	yan:wu	v.	retarder
一二	yi:er	num.	un ou deux
许久	xu:jiu	n.	longtemps
办证	ban:zheng	v.	établir un certificat
珠三角	zhu:san:jiao	n.	delta du fleuve perle
车市	che:shi	n.	marché automobile
纽带	niu:dai	n.	lien, lien social
下岗失业人员	xia:gang:shi:ye:ren:yuan	n.	travailleurs licenciés
娱乐场所	yu:le:chang:suo	n.	lieu de divertissement
番茄	fan:qie	n.	tomate
也叫	ye:jiao	v.	aussi appelé
低保	di:bao	n.	allocation minimale
主要为	zhu:yao:wei	v.	être principalement
打到	da:dao	v.	frapper, atteindre
触及	chu:ji	v.	toucher, aborder
侵占	qin:zhan	v.	occuper, s'approprier
倾诉	qing:su	v.	se confier, s'épancher
神州	shen:zhou	n.	Chine
喜庆	xi:qing	adj.	festif, joyeux
放电	fang:dian	v.	décharger, décharge
上衣	shang:yi	n.	haut, veste
心声	xin:sheng	n.	voix du cœur
大便	da:bian	n.	selles, excréments
不由得	bu:you:de	adv.	ne pas pouvoir s'empêcher de
出生日期	chu:sheng:ri:qi	n.	date de naissance
直升机	zhi:sheng:ji	n.	hélicoptère
拳头	quan:tou	n.	poing
红酒	hong:jiu	n.	vin rouge
恍	huang	adj.	étonné
景物	jing:wu	n.	paysage
贯	guan	v.	percer
加盟店	jia:meng:dian	n.	franchise
血糖	xie:tang	n.	glycémie
血糖	xue:tang	n.	glycémie
魄	po	n.	âme
就如	jiu:ru	conj.	tout comme
第四十一条	di:si:shi:yi:tiao	num.	article 41
柄	bing	mw.	manche
头晕	tou:yun	v.	avoir le vertige
上年	shang:nian	n.	l'année dernière
切记	qie:ji	v.	se souvenir
更低	geng:di	adj.	plus bas
考题	kao:ti	n.	question d'examen
报警器	bao:jing:qi	n.	alarme
王者	wang:zhe	n.	roi
杂质	za:zhi	n.	impureté
法律制度	fa:lv:zhi:du	n.	système juridique
筷子	kuai:zi	n.	baguettes
只不过是	zhi:bu:guo:shi	adv.	seulement
两眼	liang:yan	n.	les yeux
社区卫生	she:qu:wei:sheng	n.	santé communautaire
加工贸易	jia:gong:mao:yi	n.	commerce de transformation
本来是	ben:lai:shi	adv.	était à l'origine
交易市场	jiao:yi:shi:chang	n.	marché d'échanges
工作目标	gong:zuo:mu:biao	n.	objectif de travail
构想	gou:xiang	n.	conception
构想	gou:xiang	v.	concevoir
再造	zai:zao	v.	refaire
暂不	zan:bu	adv.	pas pour le moment
购买商品	gou:mai:shang:pin	v.	acheter des marchandises
销售价格	xiao:shou:jia:ge	n.	prix de vente
装载	zhuang:zai	v.	charger
服务器端	fu:wu:qi:duan	n.	côté serveur
宏观经济	hong:guan:jing:ji	n.	macroéconomie
已达到	yi:da:dao	v.	a déjà atteint
为了避免	wei:le:bi:mian	conj.	pour éviter
社	she	n.	société
跟上	gen:shang	v.	suivre
怀抱	huai:bao	n.	poitrine
怀抱	huai:bao	v.	embrasser
阿里	a:li	n.	Alibaba
患	huan	v.	souffrir de
荣耀	rong:yao	n.	gloire
五日	wu:ri	num.	5 jours
液晶显示器	ye:jing:xian:shi:qi	n.	écran LCD
影响着	ying:xiang:zhe	v.	affectant
时节	shi:jie	n.	saison
值得一提	zhi:de:yi:ti	adj.	digne d'être mentionné
基本资料	ji:ben:zi:liao	n.	données de base
半岛	ban:dao	n.	péninsule
该类	gai:lei	n.	ce type
中山大学	zhong:shan:da:xue	n.	Université Sun Yat-sen
保险业	bao:xian:ye	n.	industrie de l'assurance
讲到	jiang:dao	v.	parler de
拼搏	pin:bo	v.	lutter
着想	zhuo:xiang	v.	considérer
着想	zhuo:xiang	n.	idée
南山区	nan:shan:qu	n.	district de Nanshan
跑去	pao:qu	v.	courir vers
张某	zhang:mou	n.	quelqu'un nommé Zhang
覆	fu	v.	couvrir
进场	jin:chang	v.	entrer
电影院	dian:ying:yuan	n.	cinéma
蜜	mi	n.	miel
北京地区	bei:jing:di:qu	n.	région de Pékin
质检	zhi:jian	n.	contrôle qualité
合伙企业	he:huo:qi:ye	n.	société en commandite
实践证明	shi:jian:zheng:ming	v.	la pratique prouve
未经授权	wei:jing:shou:quan	adj.	non autorisé
排版	pai:ban	v.	mise en page
三日	san:ri	num.	3 jours
协办	xie:ban	v.	co-organiser
自拍	zi:pai	v.	prendre un selfie
贺卡	he:ka	n.	carte de vœux
轮流	lun:liu	v.	tourner
精液	jing:ye	n.	sperme
人民币升值	ren:min:bi:sheng:zhi	n.	appréciation du renminbi
樱花	ying:hua	n.	fleur de cerisier
从业资格	cong:ye:zi:ge	n.	qualification professionnelle
敦煌	dun:huang	n.	Dunhuang
饭后	fan:hou	n.	après le repas
抚养	fu:yang	v.	élever
香料	xiang:liao	n.	épice
孤立	gu:li	v.	isoler
村干部	cun:gan:bu	n.	cadre de village
着实	zhuo:shi	adv.	vraiment, réellement
三百	san:bai	num.	300
遗迹	yi:ji	n.	vestige, ruine
反感	fan:gan	n.	antipathie, aversion
反感	fan:gan	v.	détester, éprouver de l'aversion
学习方法	xue:xi:fang:fa	n.	méthode d'apprentissage
婴	ying	n.	nourrisson, bébé
猛然	meng:ran	adv.	soudainement, brusquement
励	li	v.	encourager, inciter
不快	bu:kuai	adj.	désagréable, mécontent
不快	bu:kuai	n.	mécontentement, malaise
一来	yi:lai	conj.	tout d'abord
一来	yi:lai	adv.	dès l'arrivée
有意思	you:yi:si	adj.	intéressant
有意思	you:yi:si	v.	intéresser
已然	yi:ran	adv.	déjà
红尘	hong:chen	n.	monde mortel
各异	ge:yi	adj.	différent
建筑师	jian:zhu:shi	n.	architecte
竣工验收	jun:gong:yan:shou	n.	inspection de fin de travaux
锅	guo	n.	marmite
积极作用	ji:ji:zuo:yong	n.	effet positif
时速	shi:su	n.	vitesse horaire
陛	bi	n.	empereur
郑重声明	zheng:zhong:sheng:ming	v.	déclarer solennellement
安全感	an:quan:gan	n.	sentiment de sécurité
区域性	qu:yu:xing	adj.	régional
上涨的	shang:zhang:de	adj.	ascendant
收货	shou:huo	v.	recevoir des marchandises
税金	shui:jin	n.	taxe
不履行	bu:lv:xing	v.	ne pas exécuter
移到	yi:dao	v.	déplacer vers
动摇	dong:yao	v.	ébranler
动摇	dong:yao	adj.	instable
合理性	he:li:xing	n.	rationalité
生出	sheng:chu	v.	produire
赞叹	zan:tan	v.	louer, admirer
筹集	chou:ji	v.	récolter, lever
未满	wei:man	adj.	pas plein, incomplet
定居	ding:ju	v.	s'installer, s'établir
老妈	lao:ma	n.	maman, mère
三期	san:qi	n.	troisième phase, 3e terme
浙江大学	zhe:jiang:da:xue	n.	Université du Zhejiang
力学	li:xue	n.	mécanique
庄严	zhuang:yan	adj.	solennel, majestueux
两块	liang:kuai	num.	deux pièces, 2 yuans
安全问题	an:quan:wen:ti	n.	problème de sécurité
解题	jie:ti	v.	résoudre un problème
暧昧	ai:mei	adj.	ambigu, vague
硕士生	shuo:shi:sheng	n.	étudiant en master
判决书	pan:jue:shu	n.	jugement, verdict
调料	tiao:liao	n.	assaisonnement, condiment
没有必要	mei:you:bi:yao	adj.	pas nécessaire
印花	yin:hua	n.	timbre, motif imprimé
都快	dou:kuai	adv.	presque
鲜活	xian:huo	adj.	frais, vivant
想到了	xiang:dao:le	v.	avoir pensé à
企业简介	qi:ye:jian:jie	n.	profil de l'entreprise
迅速的	xun:su:de	adj.	rapide, rapide
多种形式	duo:zhong:xing:shi	n.	diverses formes
庭院	ting:yuan	n.	cour
主线	zhu:xian	n.	ligne principale
领土	ling:tu	n.	territoire
同盟	tong:meng	n.	alliance
同盟	tong:meng	v.	allier
真气	zhen:qi	n.	qi
戴上	dai:shang	v.	mettre
遮	zhe	v.	couvrir
男方	nan:fang	n.	côté du marié
鄙视	bi:shi	v.	mépriser
宗旨	zong:zhi	n.	but, objectif
共创	gong:chuang	v.	co-créer
隐形	yin:xing	adj.	invisible, caché
社会事业	she:hui:shi:ye	n.	cause sociale
韦小宝	wei:xiao:bao	n.	Wei Xiaobao
开源	kai:yuan	v.	open source
假装	jia:zhuang	v.	faire semblant
工作能力	gong:zuo:neng:li	n.	capacité de travail
心意	xin:yi	n.	intention
政协委员	zheng:xie:wei:yuan	n.	membre de la CCPPC
不容	bu:rong	v.	ne pas permettre
教委	jiao:wei	n.	commission de l'éducation
身处	shen:chu	v.	se trouver dans
积极参加	ji:ji:can:jia	v.	participer activement
仅次于	jin:ci:yu	v.	être juste après
教育网	jiao:yu:wang	n.	réseau éducatif
友情提示	you:qing:ti:shi	n.	rappel amical
住址	zhu:zhi	n.	adresse
换句话说	huan:ju:hua:shuo	conj.	en d'autres termes
来个	lai:ge	v.	avoir un, prendre un
跳到	tiao:dao	v.	sauter sur
珠海市	zhu:hai:shi	n.	ville de Zhuhai
不听	bu:ting	v.	ne pas écouter
犯了	fan:le	v.	commettre
岗位上	gang:wei:shang	n.	au poste
你以为	ni:yi:wei	pron.	tu penses
摇摇头	yao:yao:tou	v.	secouer la tête
一届	yi:jie	num.	une session
八十	ba:shi	num.	quatre-vingts
花瓣	hua:ban	n.	pétale
你先	ni:xian	pron.	tu d'abord
暑期	shu:qi	n.	vacances d'été
新生入学	xin:sheng:ru:xue	n.	inscription des nouveaux élèves
生猪	sheng:zhu	n.	porc vivant
根据需要	gen:ju:xu:yao	adv.	selon les besoins
基本理论	ji:ben:li:lun	n.	théorie de base
家政	jia:zheng	n.	économie domestique
感恩	gan:en	v.	exprimer sa gratitude
加工企业	jia:gong:qi:ye	n.	entreprise de transformation
英俊	ying:jun	adj.	beau
惊奇	jing:qi	v.	surprendre
内部管理	nei:bu:guan:li	n.	gestion interne
帕	pa	n.	mouchoir
本节	ben:jie	n.	cette section
调理	tiao:li	v.	conditionner
调理	tiao:li	n.	régime
党的领导	dang:de:ling:dao	n.	direction du parti
自觉性	zi:jue:xing	n.	conscience de soi
进城	jin:cheng	v.	entrer en ville
司令	si:ling	n.	commandant
无条件	wu:tiao:jian	adj.	inconditionnel
又想	you:xiang	adv.	vouloir encore
晚饭	wan:fan	n.	dîner
报案	bao:an	v.	signaler un cas
反过来	fan:guo:lai	adv.	à l'inverse
加盟商	jia:meng:shang	n.	franchisé
武汉大学	wu:han:da:xue	n.	Université de Wuhan
流产	liu:chan	v.	faire une fausse couche
为难	wei:nan	v.	rendre difficile
店内	dian:nei	n.	en magasin
满意度	man:yi:du	n.	niveau de satisfaction
进一步发展	jin:yi:bu:fa:zhan	v.	développer davantage
发布会	fa:bu:hui	n.	conférence de presse
稍稍	shao:shao	adv.	légèrement
扣押	kou:ya	v.	saisir
加快推进	jia:kuai:tui:jin	v.	accélérer le progrès
见识	jian:shi	n.	connaissance
见识	jian:shi	v.	faire l'expérience
打入	da:ru	v.	pénétrer
简述	jian:shu	v.	résumer
廉洁	lian:jie	adj.	intègre
曼联	man:lian	n.	Manchester United
见效	jian:xiao	v.	produire des effets
功耗	gong:hao	n.	consommation d'énergie
会谈	hui:tan	v.	tenir des pourparlers
官司	guan:si	n.	procès
道教	dao:jiao	n.	taoïsme
放着	fang:zhe	v.	être posé
极佳	ji:jia	adj.	excellent
废话	fei:hua	n.	non-sens
工种	gong:zhong	n.	type de métier
急速	ji:su	adj.	rapide
升温	sheng:wen	v.	monter en température
具体办法	ju:ti:ban:fa	n.	mesures concrètes
小鸟	xiao:niao	n.	petit oiseau
独到	du:dao	adj.	original, unique
蘑菇	mo:gu	n.	champignon
微量元素	wei:liang:yuan:su	n.	oligo-élément
后门	hou:men	n.	porte dérobée
很差	hen:cha	adj.	très mauvais
博士生	bo:shi:sheng	n.	doctorant
客气	ke:qi	adj.	poli
咖	ka	n.	café
前身	qian:shen	n.	prédécesseur
管理咨询	guan:li:zi:xun	n.	conseil en gestion
嫌	xian	v.	détester, se plaindre de
利用外资	li:yong:wai:zi	v.	utiliser des capitaux étrangers
眉头	mei:tou	n.	sourcils
担当	dan:dang	v.	assumer, prendre en charge
中式	zhong:shi	adj.	de style chinois
纯洁	chun:jie	adj.	pur, chaste
两旁	liang:pang	n.	les deux côtés
平坦	ping:tan	adj.	plat
轻柔	qing:rou	adj.	doux
欢迎你	huan:ying:ni	v.	t'accueillir
他们自己	ta:men:zi:ji	pron.	eux-mêmes
之法	zhi:fa	n.	méthode
大使	da:shi	n.	ambassadeur
优异的	you:yi:de	adj.	excellent
争吵	zheng:chao	v.	se disputer
争吵	zheng:chao	n.	dispute
木质	mu:zhi	n.	bois
航道	hang:dao	n.	voie navigable
心地	xin:di	n.	nature
餐具	can:ju	n.	vaisselle
公司网址	gong:si:wang:zhi	n.	site web de l'entreprise
商业用途	shang:ye:yong:tu	n.	usage commercial
出价	chu:jia	v.	faire une offre
出众	chu:zhong	adj.	remarquable
非会员	fei:hui:yuan	n.	non-membre
死于	si:yu	v.	mourir de
再做	zai:zuo	v.	refaire
第二部分	di:er:bu:fen	n.	deuxième partie
年平均	nian:ping:jun	adj.	moyenne annuelle
农田	nong:tian	n.	terre agricole
胳	ge	mw.	bras
曾是	ceng:shi	v.	avoir été
及早	ji:zao	adv.	tôt, à temps
投入使用	tou:ru:shi:yong	v.	mettre en service
挖	wa	v.	creuser
啪	pa	onom.	clap
矿	kuang	n.	mine, minéral
物业公司	wu:ye:gong:si	n.	société de gestion immobilière
别名	bie:ming	n.	alias
推车	tui:che	n.	chariot, chariot
推车	tui:che	v.	pousser un chariot
好奇心	hao:qi:xin	n.	curiosité
技术要求	ji:shu:yao:qiu	n.	exigences techniques
铅笔	qian:bi	n.	crayon
万年	wan:nian	num.	10,000 ans
蒸发	zheng:fa	v.	évaporer
蒸发	zheng:fa	n.	évaporation
身穿	shen:chuan	v.	porter
喝道	he:dao	v.	crier, s'exclamer
抑郁	yi:yu	adj.	déprimé
抑郁	yi:yu	v.	déprimer
助于	zhu:yu	v.	contribuer à
环境卫生	huan:jing:wei:sheng	n.	hygiène environnementale
水位	shui:wei	n.	niveau de l'eau
一口价	yi:kou:jia	n.	prix fixe
古今	gu:jin	adj.	ancien et moderne
信息交流	xin:xi:jiao:liu	n.	échange d'informations
过往	guo:wang	n.	événements passés
篇幅	pian:fu	n.	longueur
学校教育	xue:xiao:jiao:yu	n.	éducation scolaire
文件系统	wen:jian:xi:tong	n.	système de fichiers
产销	chan:xiao	n.	production et vente
擦拭	ca:shi	v.	essuyer
审批机关	shen:pi:ji:guan	n.	autorité d'approbation
报名时间	bao:ming:shi:jian	n.	temps d'inscription
工程机械	gong:cheng:ji:xie	n.	machinerie de construction
凄	qi	adj.	désolé
会议精神	hui:yi:jing:shen	n.	esprit de la réunion
至关重要	zhi:guan:zhong:yao	adj.	crucial
花开	hua:kai	v.	fleurs épanouir
中国二手车城	zhong:guo:er:shou:che:cheng	n.	China Used Car City
建立时间	jian:li:shi:jian	n.	temps d'établissement
魅力值	mei:li:zhi	n.	valeur de charme
跳出	tiao:chu	v.	sauter
常人	chang:ren	n.	personne ordinaire
风气	feng:qi	n.	atmosphère, tendance
点选	dian:xuan	v.	cliquer et sélectionner
云集	yun:ji	v.	se rassembler
高中生	gao:zhong:sheng	n.	lycéen
高水平	gao:shui:ping	adj.	de haut niveau
弱势	ruo:shi	n.	position faible
经济适用住房	jing:ji:shi:yong:zhu:fang	n.	logement abordable
晋江	jin:jiang	n.	Jinjiang
女郎	nv:lang	n.	femme, jeune femme
蒙迪欧	meng:di:ou	n.	Mondeo
每条	mei:tiao	num.	chaque (classifier)
默认的	mo:ren:de	adj.	par défaut
幽灵	you:ling	n.	fantôme
报错	bao:cuo	v.	signaler une erreur
少先队	shao:xian:dui	n.	Jeunes Pionniers
用房	yong:fang	n.	pièce à usage
察觉	cha:jue	v.	percevoir
裙子	qun:zi	n.	jupe
第一阶段	di:yi:jie:duan	n.	première étape
柳州	liu:zhou	n.	Liuzhou
经济组织	jing:ji:zu:zhi	n.	organisation économique
不难	bu:nan	adj.	pas difficile
规划设计	gui:hua:she:ji	v.	planifier et concevoir
零售业	ling:shou:ye	n.	secteur du détail
木地板	mu:di:ban	n.	parquet
成人教育	cheng:ren:jiao:yu	n.	éducation des adultes
很漂亮	hen:piao:liang	adj.	très beau
穿的	chuan:de	n.	vêtements
夹紧	jia:jin	v.	serrer fermement
鉴赏	jian:shang	v.	apprécier
靠在	kao:zai	v.	s'appuyer contre
脑子里	nao:zi:li	n.	dans l'esprit
强制执行	qiang:zhi:zhi:xing	v.	exécuter de force
中国传统	zhong:guo:chuan:tong	n.	tradition chinoise
奋斗目标	fen:dou:mu:biao	n.	objectif de lutte
出击	chu:ji	v.	attaquer
专注于	zhuan:zhu:yu	v.	se concentrer sur
名气	ming:qi	n.	renommée
控股公司	kong:gu:gong:si	n.	société holding
计数	ji:shu	v.	compter
在路上	zai:lu:shang	adj.	en route
老者	lao:zhe	n.	vieillard
侧重	ce:zhong	v.	mettre l'accent sur
存在问题	cun:zai:wen:ti	n.	problèmes existants
独创	du:chuang	v.	créer de façon originale
分立	fen:li	v.	séparer
第一部分	di:yi:bu:fen	n.	première partie
发展阶段	fa:zhan:jie:duan	n.	étape de développement
销售热线	xiao:shou:re:xian	n.	ligne directe de vente
移动的	yi:dong:de	adj.	mobile
医务人员	yi:wu:ren:yuan	n.	personnel médical
推广应用	tui:guang:ying:yong	v.	promouvoir et appliquer
侦察	zhen:cha	v.	reconnaître
侦察	zhen:cha	n.	reconnaissance
柏林	bo:lin	n.	Berlin
正值	zheng:zhi	v.	être en plein(e)
坚定不移	jian:ding:bu:yi	adj.	inébranlable
乔治	qiao:zhi	n.	George
课堂上	ke:tang:shang	n.	en classe
条形码	tiao:xing:ma	n.	code-barres
毅力	yi:li	n.	persévérance
执行力	zhi:xing:li	n.	capacité d'exécution
广泛开展	guang:fan:kai:zhan	v.	déployer largement
研究机构	yan:jiu:ji:gou	n.	institut de recherche
物权	wu:quan	n.	droit de propriété
第一年	di:yi:nian	n.	première année
几集	ji:ji	mw.	quelques épisodes
科技人员	ke:ji:ren:yuan	n.	personnel technique
爪	zhao	n.	griffe
爪	zhua	v.	gratter
地势	di:shi	n.	terrain
检验检疫	jian:yan:jian:yi	n.	inspection et quarantaine
线性	xian:xing	adj.	linéaire
皇冠	huang:guan	n.	couronne
废弃	fei:qi	v.	abandonner
废弃	fei:qi	adj.	abandonné
实际问题	shi:ji:wen:ti	n.	problème pratique
眠	mian	v.	dormir
教唆	jiao:suo	v.	instiguer
卫生院	wei:sheng:yuan	n.	dispensaire
一把手	yi:ba:shou	n.	chef de file
挽救	wan:jiu	v.	sauver
星期三	xing:qi:san	n.	mercredi
食品生产	shi:pin:sheng:chan	n.	production alimentaire
穆	mu	n.	Mu
不通	bu:tong	adj.	ne fonctionne pas
专业技术职务	zhuan:ye:ji:shu:zhi:wu	n.	poste technique professionnel
大洋	da:yang	n.	océan
听完	ting:wan	v.	finir d'écouter
同仁	tong:ren	n.	collègue
总书记	zong:shu:ji	n.	secrétaire général
死在	si:zai	v.	mourir dans
乖乖	guai:guai	adj.	obéissant
乖乖	guai:guai	int.	bon Dieu
自卑	zi:bei	adj.	inférieur à soi-même
啡	fei	n.	café
第三天	di:san:tian	n.	troisième jour
加急	jia:ji	v.	expédier en urgence
妇人	fu:ren	n.	femme
客栈	ke:zhan	n.	auberge
容纳	rong:na	v.	accueillir
中国互联网	zhong:guo:hu:lian:wang	n.	internet chinois
党代会	dang:dai:hui	n.	congrès du parti
花儿	hua:er	n.	fleur
气球	qi:qiu	n.	ballon
党建工作	dang:jian:gong:zuo	n.	travail de construction du parti
生命周期	sheng:ming:zhou:qi	n.	cycle de vie
睾丸	gao:wan	n.	testicule
企业制度	qi:ye:zhi:du	n.	système d'entreprise
真实姓名	zhen:shi:xing:ming	n.	nom réel
火车票	huo:che:piao	n.	billet de train
内幕	nei:mu	n.	coulisses
市面上	shi:mian:shang	n.	sur le marché
班车	ban:che	n.	navette
效果图	xiao:guo:tu	n.	rendu
出面	chu:mian	v.	intervenir
日产	ri:chan	n.	nissan
招待	zhao:dai	v.	recevoir
招待	zhao:dai	n.	hospitalité
布料	bu:liao	n.	tissu
危险性	wei:xian:xing	n.	dangerosité
译者	yi:zhe	n.	traducteur
没用	mei:yong	adj.	inutile
预设	yu:she	v.	prérégler
预设	yu:she	n.	préréglage
吾	wu	pron.	je
多头	duo:tou	adj.	multi-tête
投降	tou:xiang	v.	se rendre
中签	zhong:qian	v.	être tiré au sort
存入	cun:ru	v.	déposer
新东方	xin:dong:fang	n.	New Oriental
批准文号	pi:zhun:wen:hao	n.	numéro d'approbation
乳液	ru:ye	n.	lotion
相关新闻	xiang:guan:xin:wen	n.	nouvelles connexes
停下来	ting:xia:lai	v.	s'arrêter
西侧	xi:ce	n.	côté ouest
造就了	zao:jiu:le	v.	créer
齐全的	qi:quan:de	adj.	complet
宛如	wan:ru	v.	comme
要不要	yao:bu:yao	v.	oui ou non
看去	kan:qu	v.	sembler
大容量	da:rong:liang	n.	grande capacité
待定	dai:ding	adj.	à déterminer
申领	shen:ling	v.	demander
五百	wu:bai	num.	500
就能够	jiu:neng:gou	v.	pouvoir
坛	tan	n.	jarre
全会	quan:hui	n.	session plénière
都认为	dou:ren:wei	v.	tous pensent
脾	pi	n.	rate
螺旋	luo:xuan	n.	spirale
钞票	chao:piao	n.	billet
籍贯	ji:guan	n.	lieu d'origine
泉水	quan:shui	n.	eau de source
听到了	ting:dao:le	v.	entendu
知名企业	zhi:ming:qi:ye	n.	entreprise connue
配上	pei:shang	v.	associer
勇士	yong:shi	n.	guerrier
专辑列表	zhuan:ji:lie:biao	n.	liste d'albums
多条	duo:tiao	mw.	plusieurs
可享受	ke:xiang:shou	v.	pouvoir profiter
文员	wen:yuan	n.	employé de bureau
中兴	zhong:xing	n.	renaissance
待在	dai:zai	v.	rester
恒	heng	adj.	constant
坏人	huai:ren	n.	méchant
沧桑	cang:sang	n.	vicissitudes
盗贼	dao:zei	n.	voleur
民居	min:ju	n.	maison traditionnelle
在校生	zai:xiao:sheng	n.	élève
冲刺	chong:ci	v.	sprint
所涉及	suo:she:ji	v.	impliquer
屠	tu	v.	égorger
岛上	dao:shang	n.	sur l'île
行星	xing:xing	n.	planète
素描	su:miao	n.	croquis
皇宫	huang:gong	n.	palais impérial
一家人	yi:jia:ren	n.	une famille
蓉	rong	n.	lotus
支持你	zhi:chi:ni	v.	te soutenir
第二代	di:er:dai	n.	deuxième génération
包头	bao:tou	n.	Baotou
各乡镇	ge:xiang:zhen	n.	diverses villes
中层	zhong:ceng	n.	couche moyenne
长相	zhang:xiang	n.	apparence
不到位	bu:dao:wei	adj.	insuffisant
代理服务器	dai:li:fu:wu:qi	n.	serveur mandataire
城中	cheng:zhong	n.	en ville
三个人	san:ge:ren	n.	trois personnes
树上	shu:shang	n.	sur l'arbre
共性	gong:xing	n.	communauté
础	chu	n.	fondation
曰	yue	v.	dire
见附件	jian:fu:jian	v.	voir pièce jointe
耸	song	v.	hausser les épaules
不接受	bu:jie:shou	v.	ne pas accepter
计划经济	ji:hua:jing:ji	n.	économie planifiée
裂缝	lie:feng	n.	fissure
理所当然	li:suo:dang:ran	adj.	naturel
膊	bo	n.	bras
面容	mian:rong	n.	visage
售出	shou:chu	v.	vendre
主宰	zhu:zai	v.	diriger
主宰	zhu:zai	n.	maître
降临	jiang:lin	v.	descendre
市场前景	shi:chang:qian:jing	n.	perspectives du marché
网站地图	wang:zhan:di:tu	n.	plan du site
拇指	mu:zhi	n.	pouce
精简	jing:jian	v.	rationaliser
不可或缺	bu:ke:huo:que	adj.	indispensable
十佳	shi:jia	adj.	top ten
通路	tong:lu	n.	passage
通路	tong:lu	n.	voie
近百	jin:bai	num.	près de 100
建设局	jian:she:ju	n.	bureau de la construction
政绩	zheng:ji	n.	réussite politique
周密	zhou:mi	adj.	minutieux
民政部门	min:zheng:bu:men	n.	département des affaires civiles
瓶子	ping:zi	n.	bouteille
无图	wu:tu	adj.	sans image
一卡通	yi:ka:tong	n.	carte à puce
经历过	jing:li:guo	v.	avoir vécu
开除	kai:chu	v.	licencier
大大提高	da:da:ti:gao	v.	améliorer grandement
逆	ni	adj.	inverse
粪便	fen:bian	n.	fèces
共鸣	gong:ming	n.	résonance
共鸣	gong:ming	v.	résonner
净土	jing:tu	n.	terre pure
可想而知	ke:xiang:er:zhi	v.	on peut imaginer
每吨	mei:dun	num.	par tonne
压缩机	ya:suo:ji	n.	compresseur
神话	shen:hua	n.	mythe
神话	shen:hua	v.	mythologiser
积蓄	ji:xu	v.	économiser
积蓄	ji:xu	n.	épargne
山林	shan:lin	n.	forêt de montagne
坚定的	jian:ding:de	adj.	ferme
文化程度	wen:hua:cheng:du	n.	niveau d'instruction
幼稚	you:zhi	adj.	enfantin
寂寞的	ji:mo:de	adj.	solitaire
经由	jing:you	prep.	via
双双	shuang:shuang	num.	par paire
优先级	you:xian:ji	n.	priorité
市人民政府	shi:ren:min:zheng:fu	n.	gouvernement populaire municipal
往上	wang:shang	adv.	vers le haut
审视	shen:shi	v.	scruter
寿	shou	n.	longévité
变质	bian:zhi	v.	se détériorer
变质	bian:zhi	v.	changer de nature
毛衣	mao:yi	n.	pull
驾驭	jia:yu	v.	maîtriser
赎回	shu:hui	v.	racheter
驱	qu	v.	chasser
小猫	xiao:mao	n.	chaton
越发	yue:fa	adv.	de plus en plus
技术培训	ji:shu:pei:xun	n.	formation technique
膝盖	xi:gai	n.	genou
孟子	meng:zi	n.	Mencius
照相机	zhao:xiang:ji	n.	appareil photo
免收	mian:shou	v.	ne pas faire payer
土地管理	tu:di:guan:li	n.	gestion des terres
猴	hou	n.	singe
爱尔兰	ai:er:lan	n.	Irlande
佣	yong	n.	commission
轻声	qing:sheng	n.	ton neutre
出口企业	chu:kou:qi:ye	n.	entreprise d'exportation
当地政府	dang:di:zheng:fu	n.	gouvernement local
镜片	jing:pian	n.	lentille
品格	pin:ge	n.	caractère
新工艺	xin:gong:yi	n.	nouveau procédé
区域经济	qu:yu:jing:ji	n.	économie régionale
太原市	tai:yuan:shi	n.	ville de Taiyuan
毅	yi	adj.	résolu
青龙	qing:long	n.	Qinglong
嫌疑	xian:yi	n.	soupçon
嫌疑	xian:yi	v.	soupçonner
外观设计	wai:guan:she:ji	n.	design extérieur
玉器	yu:qi	n.	objets en jade
舅	jiu	n.	oncle maternel
经济型	jing:ji:xing	adj.	type économique
课题研究	ke:ti:yan:jiu	n.	recherche de projet
矩阵	ju:zhen	n.	matrice
茫茫	mang:mang	adj.	vaste
商品信息	shang:pin:xin:xi	n.	information produit
与众不同	yu:zhong:bu:tong	adj.	unique
暗中	an:zhong	adv.	en secret
公共汽车	gong:gong:qi:che	n.	autobus
主办方	zhu:ban:fang	n.	organisateur
映射	ying:she	v.	mapper
车票	che:piao	n.	billet
贝壳	bei:ke	n.	coquillage
选民	xuan:min	n.	électeur
牙膏	ya:gao	n.	dentifrice
监听	jian:ting	v.	écouter
紧紧地	jin:jin:de	adv.	étroitement
境地	jing:di	n.	situation
挪威	nuo:wei	n.	Norvège
招生计划	zhao:sheng:ji:hua	n.	plan d'admission
开发人员	kai:fa:ren:yuan	n.	développeur
铜	tong	n.	cuivre
通俗	tong:su	adj.	populaire
较量	jiao:liang	v.	concurrencer
结成	jie:cheng	v.	former
全员	quan:yuan	n.	tous les membres
至尊	zhi:zun	adj.	suprême
该片	gai:pian	n.	ce film
气流	qi:liu	n.	courant d'air
各个环节	ge:ge:huan:jie	n.	chaque étape
发短信	fa:duan:xin	v.	envoyer un SMS
沟通能力	gou:tong:neng:li	n.	capacité de communication
美德	mei:de	n.	vertu
房屋建筑	fang:wu:jian:zhu	n.	construction de bâtiment
第三代	di:san:dai	n.	troisième génération
韭菜	jiu:cai	n.	poireau
水土保持	shui:tu:bao:chi	v.	conservation des sols
林地	lin:di	n.	terre forestière
太小	tai:xiao	adj.	trop petit
娟	juan	n.	juan (prénom)
双面	shuang:mian	adj.	double-face
搬运	ban:yun	v.	transporter
中青年	zhong:qing:nian	n.	jeunes et personnes d'âge moyen
不一致	bu:yi:zhi	adj.	incohérent
不一致	bu:yi:zhi	v.	ne pas concorder
眯	mi	v.	plisser les yeux
保暖	bao:nuan	v.	garder au chaud
红外线	hong:wai:xian	n.	infrarouge
下页	xia:ye	n.	page suivante
短片	duan:pian	n.	court métrage
诗仙	shi:xian	n.	immortel de la poésie
绘图	hui:tu	v.	dessiner
动用	dong:yong	v.	utiliser
多彩	duo:cai	adj.	coloré
损益	sun:yi	n.	pertes et profits
赞誉	zan:yu	n.	éloge
赞誉	zan:yu	v.	louer
政法	zheng:fa	n.	politique et droit
服务部	fu:wu:bu	n.	service client
资历	zi:li	n.	qualifications
少林	shao:lin	n.	Shaolin
抗拒	kang:ju	v.	résister
老师们	lao:shi:men	n.	enseignants
鹦鹉	ying:wu	n.	perroquet
探头	tan:tou	v.	regarder, dépasser
花样	hua:yang	n.	motif, dessin
花样	hua:yang	n.	truc, ruse
城建	cheng:jian	n.	construction urbaine
奶粉	nai:fen	n.	lait en poudre
水肿	shui:zhong	n.	oedème
淫	yin	adj.	lascif
腰带	yao:dai	n.	ceinture
食盐	shi:yan	n.	sel
出货	chu:huo	v.	expédier
默契	mo:qi	n.	entente tacite
幕后	mu:hou	n.	coulisses
真伪	zhen:wei	n.	authenticité
大学英语	da:xue:ying:yu	n.	anglais universitaire
小车	xiao:che	n.	petite voiture
灵敏	ling:min	adj.	sensible
灵敏	ling:min	adj.	agile
重型	zhong:xing	adj.	lourd
风机	feng:ji	n.	éolienne
郭靖	guo:jing	n.	Guo Jing
万家	wan:jia	n.	dix mille foyers
子系统	zi:xi:tong	n.	sous-système
服务水平	fu:wu:shui:ping	n.	niveau de service
二中	er:zhong	n.	deuxième lycée
重伤	zhong:shang	n.	blessure grave
重伤	zhong:shang	v.	blesser gravement
地下水	di:xia:shui	n.	eau souterraine
加息	jia:xi	v.	augmenter les taux d'intérêt
一文	yi:wen	n.	un article
高品质的	gao:pin:zhi:de	adj.	de haute qualité
委托代理人	wei:tuo:dai:li:ren	n.	mandataire
摄取	she:qu	v.	absorber
教学过程	jiao:xue:guo:cheng	n.	processus d'enseignement
吩	fen	v.	marmonner
开心的	kai:xin:de	adj.	heureux
主要问题	zhu:yao:wen:ti	n.	problème principal
给学生	gei:xue:sheng	v.	donner aux étudiants
本部门	ben:bu:men	n.	ce département
盛世	sheng:shi	n.	ère prospère
回首	hui:shou	v.	regarder en arrière
缺货	que:huo	v.	être en rupture de stock
星际	xing:ji	adj.	interstellaire
巡逻	xun:luo	v.	patrouiller
祝你	zhu:ni	v.	te souhaite
葡萄牙	pu:tao:ya	n.	Portugal
溶剂	rong:ji	n.	solvant
划拨	hua:bo	v.	allouer
民营经济	min:ying:jing:ji	n.	économie privée
七天	qi:tian	num.	7 jours
每种	mei:zhong	pron.	chaque sorte
匪	fei	n.	bandit
西装	xi:zhuang	n.	costume
见到了	jian:dao:le	v.	rencontré
纯净水	chun:jing:shui	n.	eau purifiée
共产	gong:chan	v.	communiste
好用	hao:yong	adj.	pratique
问卷	wen:juan	n.	questionnaire
绩效考核	ji:xiao:kao:he	n.	évaluation des performances
江河	jiang:he	n.	fleuve, rivière
启动了	qi:dong:le	v.	démarrer
始终保持	shi:zhong:bao:chi	v.	toujours maintenir
用时	yong:shi	n.	temps passé
转了	zhuan:le	v.	tourné
冶炼	ye:lian	v.	fondre
没想	mei:xiang	v.	ne pas penser
羽毛球	yu:mao:qiu	n.	badminton
实习生	shi:xi:sheng	n.	stagiaire
誓言	shi:yan	n.	serment
健全的	jian:quan:de	adj.	sain
残酷的	can:ku:de	adj.	cruel
激战	ji:zhan	n.	combat acharné
选择性	xuan:ze:xing	n.	sélectivité
对我来说	dui:wo:lai:shuo	prep.	pour moi
初衷	chu:zhong	n.	intention initiale
独立性	du:li:xing	n.	indépendance
管理学院	guan:li:xue:yuan	n.	école de gestion
新阶段	xin:jie:duan	n.	nouvelle étape
腰部	yao:bu	n.	taille
家庭成员	jia:ting:cheng:yuan	n.	membre de la famille
禁区	jin:qu	n.	zone interdite
信道	xin:dao	n.	canal
心爱	xin:ai	adj.	chéri
意外的	yi:wai:de	adj.	inattendu
混淆	hun:xiao	v.	confondre
片名	pian:ming	n.	titre de film
第四十二条	di:si:shi:er:tiao	num.	article 42
牧	mu	v.	pâturer
湿的	shi:de	adj.	mouillé
役	yi	n.	rôle
护肤品	hu:fu:pin	n.	produit de soin
应用系统	ying:yong:xi:tong	n.	système d'application
呼吸道	hu:xi:dao	n.	voies respiratoires
主管机关	zhu:guan:ji:guan	n.	autorité compétente
诡	gui	adj.	trompeur
供货商	gong:huo:shang	n.	fournisseur
适应性	shi:ying:xing	n.	adaptabilité
追赶	zhui:gan	v.	poursuivre
男主角	nan:zhu:jue	n.	protagoniste masculin
琢磨	zhuo:mo	v.	méditer
琢磨	zuo:mo	v.	réfléchir
沮丧	ju:sang	adj.	déprimé
最主要	zui:zhu:yao	adj.	plus important
还请	hai:qing	adv.	veuillez aussi
触摸屏	chu:mo:ping	n.	écran tactile
下降了	xia:jiang:le	v.	baisser
善良的	shan:liang:de	adj.	bon
阶段性	jie:duan:xing	adj.	phasique
城管	cheng:guan	n.	agent de gestion urbaine
端正	duan:zheng	adj.	droit
发电机	fa:dian:ji	n.	générateur
无量	wu:liang	adj.	immense
来得及	lai:de:ji	v.	avoir le temps
烟雾	yan:wu	n.	fumée
正确地	zheng:que:de	adv.	correctement
不慎	bu:shen	adv.	imprudemment
私自	si:zi	adv.	privément
现代教育	xian:dai:jiao:yu	n.	éducation moderne
以下几点	yi:xia:ji:dian	n.	les points suivants
多半	duo:ban	adv.	probablement
阵营	zhen:ying	n.	camp
他觉得	ta:jue:de	pron.	il sent
现行的	xian:xing:de	adj.	actuel
付出了	fu:chu:le	v.	payer
虽是	sui:shi	conj.	bien que
皮带	pi:dai	n.	ceinture
号为	hao:wei	v.	être appelé
基本条件	ji:ben:tiao:jian	n.	conditions de base
养老金	yang:lao:jin	n.	pension
书目	shu:mu	n.	catalogue
星期二	xing:qi:er	n.	mardi
惬意	qie:yi	adj.	agréable
蓬勃发展	peng:bo:fa:zhan	v.	se développer vigoureusement
送去	song:qu	v.	envoyer
普通人	pu:tong:ren	n.	personne ordinaire
纤	xian	adj.	fin, mince
没有想到	mei:you:xiang:dao	v.	ne pas s'attendre à
庐山	lu:shan	n.	Mont Lu
心理的	xin:li:de	adj.	psychologique
服药	fu:yao	v.	prendre des médicaments
赶上	gan:shang	v.	rattraper
式样	shi:yang	n.	style, modèle
配料	pei:liao	n.	ingrédient
天气预报	tian:qi:yu:bao	n.	prévision météo
场馆	chang:guan	n.	lieu
画出	hua:chu	v.	dessiner
昏迷	hun:mi	v.	être dans le coma
昏迷	hun:mi	n.	coma
销售部	xiao:shou:bu	n.	service commercial
溢出	yi:chu	v.	déborder
航行	hang:xing	v.	naviguer
深层次	shen:ceng:ci	n.	niveau profond
抓起	zhua:qi	v.	saisir
旅游景点	lv:you:jing:dian	n.	site touristique
胜利的	sheng:li:de	adj.	victorieux
组织协调	zu:zhi:xie:tiao	v.	organiser et coordonner
腐	fu	v.	pourrir
叉车	cha:che	n.	chariot élévateur
太极拳	tai:ji:quan	n.	Tai Chi
达成协议	da:cheng:xie:yi	v.	conclure un accord
哲学家	zhe:xue:jia	n.	philosophe
更需要	geng:xu:yao	v.	avoir plus besoin
先看	xian:kan	v.	regarder d'abord
而行	er:xing	v.	agir
最难	zui:nan	adj.	le plus difficile
现代社会	xian:dai:she:hui	n.	société moderne
个人空间	ge:ren:kong:jian	n.	espace personnel
特许经营	te:xu:jing:ying	n.	franchise
资源优势	zi:yuan:you:shi	n.	avantage des ressources
姻	yin	n.	mariage
下单	xia:dan	v.	passer commande
差异化	cha:yi:hua	v.	différencier
晰	xi	adj.	clair
渊	yuan	n.	abîme
亭	ting	n.	pavillon
购进	gou:jin	v.	acheter
邀	yao	v.	inviter
佩戴	pei:dai	v.	porter
高额	gao:e	n.	montant élevé
所有制	suo:you:zhi	n.	régime de propriété
哄	hong	v.	amadouer
刘先生	liu:xian:sheng	n.	M. Liu
功能性	gong:neng:xing	n.	fonctionnalité
装入	zhuang:ru	v.	charger dans
异味	yi:wei	n.	odeur étrange
继而	ji:er	adv.	puis
相互作用	xiang:hu:zuo:yong	n.	interaction
凶手	xiong:shou	n.	tueur
租车	zu:che	v.	louer une voiture
骚	sao	adj.	obscène
骚	sao	adj.	odorant
技术资料	ji:shu:zi:liao	n.	données techniques
厚重	hou:zhong	adj.	épais et lourd
家门	jia:men	n.	porte de la maison
宝安区	bao:an:qu	n.	district de Bao'an
打斗	da:dou	v.	se battre
理事长	li:shi:zhang	n.	président
墓	mu	n.	tombe
倒下	dao:xia	v.	tomber
自古	zi:gu	adv.	depuis l'Antiquité
宝典	bao:dian	n.	manuel précieux
统称	tong:cheng	v.	nommer collectivement
柯	ke	n.	ke
快餐	kuai:can	n.	fast-food
平滑	ping:hua	adj.	lisse
最著名	zui:zhu:ming	adj.	le plus célèbre
谦虚	qian:xu	adj.	modeste
游离	you:li	v.	dériver
潮湿	chao:shi	adj.	humide
武警	wu:jing	n.	police armé
船长	chuan:zhang	n.	capitaine
轻度	qing:du	adj.	léger
轻度	qing:du	n.	légèreté
狗肉	gou:rou	n.	viande de chien
书法家	shu:fa:jia	n.	calligraphe
看电影	kan:dian:ying	v.	regarder un film
胃口	wei:kou	n.	appétit
技术员	ji:shu:yuan	n.	technicien
开发公司	kai:fa:gong:si	n.	société de développement
不屑	bu:xie	v.	mépriser
荆州	jing:zhou	n.	Jingzhou
市值	shi:zhi	n.	valeur marchande
拉住	la:zhu	v.	retenir
拖动	tuo:dong	v.	faire glisser
押金	ya:jin	n.	dépôt
中国工商银行	zhong:guo:gong:shang:yin:hang	n.	ICBC
两三	liang:san	num.	deux ou trois
这批	zhe:pi	pron.	ce lot
请点击这里	qing:dian:ji:zhe:li	v.	clickez ici
任免	ren:mian	v.	nommer et révoquer
谢谢了	xie:xie:le	v.	merci
方圆	fang:yuan	n.	rayon/circonférence
胜负	sheng:fu	n.	victoire ou défaite
委实	wei:shi	adv.	vraiment
控告	kong:gao	v.	accuser
苗族	miao:zu	n.	peuple Miao
虚伪	xu:wei	adj.	hypocrite
液晶屏	ye:jing:ping	n.	écran lcd
增量	zeng:liang	n.	incrément
增量	zeng:liang	v.	augmenter
相聚	xiang:ju	v.	se réunir
攻势	gong:shi	n.	offensive
深表	shen:biao	v.	exprimer profondément
筋	jin	n.	muscle
编著	bian:zhu	v.	compiler
编著	bian:zhu	n.	compilation
答疑	da:yi	v.	répondre aux questions
服务内容	fu:wu:nei:rong	n.	contenu du service
桑拿	sang:na	n.	sauna
崔	cui	n.	Cui
单独的	dan:du:de	adj.	seul, séparé
全国人大	quan:guo:ren:da	n.	Assemblée populaire nationale
充满活力	chong:man:huo:li	adj.	plein de vitalité
出名	chu:ming	v.	devenir célèbre
废弃物	fei:qi:wu	n.	déchet, rebut
迈进	mai:jin	v.	avancer, progresser
山中	shan:zhong	n.	dans la montagne
原是	yuan:shi	v.	était à l'origine
路子	lu:zi	n.	moyen, voie
照射	zhao:she	v.	irradier, éclairer
情歌	qing:ge	n.	chanson d'amour
红了	hong:le	v.	devenir populaire, devenir rouge
回放	hui:fang	v.	rejouer, lire
在任	zai:ren	adj.	en fonction
好运	hao:yun	n.	bonne chance, chance
入市	ru:shi	v.	entrer sur le marché
应予	ying:yu	v.	devrait accorder
服务电话	fu:wu:dian:hua	n.	numéro de service
可口	ke:kou	adj.	savoureux, délicieux
正式的	zheng:shi:de	adj.	formel
双线	shuang:xian	n.	double line
四次	si:ci	num.	4 fois
追捧	zhui:peng	v.	poursuivre
这样的事	zhe:yang:de:shi	n.	de telles choses
可进	ke:jin	v.	pouvoir entrer
分发	fen:fa	v.	distribuer
键值	jian:zhi	n.	clé-valeur
浪子	lang:zi	n.	fils prodigue
车速	che:su	n.	vitesse du véhicule
不适应	bu:shi:ying	v.	ne pas s'adapter
包袱	bao:fu	n.	fardeau
接送	jie:song	v.	aller chercher
灿	can	adj.	brillant
不在线	bu:zai:xian	adj.	hors ligne
分期	fen:qi	v.	payer par tranches
特别注意	te:bie:zhu:yi	v.	faire particulièrement attention
消费税	xiao:fei:shui	n.	taxe à la consommation
又叫	you:jiao	v.	aussi appelé
只知道	zhi:zhi:dao	v.	ne savoir que
光照	guang:zhao	n.	irradiation lumineuse
荷花	he:hua	n.	fleur de lotus
焦距	jiao:ju	n.	distance focale
高速发展	gao:su:fa:zhan	v.	se développer rapidement
高速发展	gao:su:fa:zhan	n.	développement rapide
三代	san:dai	num.	3e génération
在现场	zai:xian:chang	prep.	sur place
告诫	gao:jie	v.	avertir, admonir
所言	suo:yan	n.	ce qui est dit
基本概念	ji:ben:gai:nian	n.	concept de base
换取	huan:qu	v.	échanger contre
汕头市	shan:tou:shi	n.	ville de Shantou
为契机	wei:qi:ji	prep.	comme opportunité
安全套	an:quan:tao	n.	condom
退役	tui:yi	v.	retraite, mise à la retraite
折腾	zhe:teng	v.	tourmenter, s'agiter
总金额	zong:jin:e	n.	montant total
社区服务	she:qu:fu:wu	n.	service communautaire
志愿服务	zhi:yuan:fu:wu	n.	service bénévole
回升	hui:sheng	v.	remonter, rebondir
排查	pai:cha	v.	inspecter, contrôler
此商品	ci:shang:pin	n.	ce produit
自用	zi:yong	v.	utiliser pour soi
高产	gao:chan	adj.	haut rendement
在建	zai:jian	adj.	en construction
打断	da:duan	v.	interrompre
一个小时	yi:ge:xiao:shi	num.	une heure
捷	jie	adj.	rapide, agile
十五日	shi:wu:ri	num.	15e jour
可采用	ke:cai:yong	v.	pouvoir adopter
发呆	fa:dai	v.	rêver
拘留	ju:liu	v.	détenir
拘留	ju:liu	n.	détention
昆仑	kun:lun	n.	monts Kunlun
好似	hao:si	v.	sembler
电讯	dian:xun	n.	télécommunications
史料	shi:liao	n.	matériaux historiques
当真	dang:zhen	adv.	vraiment
人像	ren:xiang	n.	portrait
网络管理	wang:luo:guan:li	n.	gestion de réseau
大叔	da:shu	n.	oncle
遗憾的是	yi:han:de:shi	conj.	malheureusement
赠品	zeng:pin	n.	cadeau
股本	gu:ben	n.	capital social
年月	nian:yue	n.	années et mois
午夜	wu:ye	n.	minuit
停产	ting:chan	v.	arrêter la production
方便地	fang:bian:de	adv.	commodément
偶然的	ou:ran:de	adj.	accidentel
呆了	dai:le	v.	être stupéfait
学术界	xue:shu:jie	n.	monde académique
代言	dai:yan	v.	endosser
墙体	qiang:ti	n.	paroi, mur
淋	lin	v.	mouiller, arroser
刻录机	ke:lu:ji	n.	enregistreur, graveur
突破了	tu:po:le	v.	briser, dépasser
摄氏度	she:shi:du	n.	degré Celsius
再创	zai:chuang	v.	créer à nouveau
适中	shi:zhong	adj.	modéré, moyen
侦查	zhen:cha	v.	enquêter, reconnaissance
附表	fu:biao	n.	annexe, tableau joint
高涨	gao:zhang	v.	monter, augmenter
集聚	ji:ju	v.	rassembler, s'accumuler
睡了	shui:le	v.	dormi
视窗	shi:chuang	n.	fenêtre
双层	shuang:ceng	adj.	double, à deux couches
卡车	ka:che	n.	camion
综合征	zong:he:zheng	n.	syndrome
用料	yong:liao	n.	ingrédients, matériaux
听取了	ting:qu:le	v.	écouté, entendu
弗	fu	part.	ne pas
本本	ben:ben	num.	chaque livre
人才队伍	ren:cai:dui:wu	n.	bassin de talents
六级	liu:ji	num.	niveau six, grade six
涉足	she:zu	v.	s'aventurer, toucher à
无语	wu:yu	adj.	sans mots
围绕着	wei:rao:zhe	v.	entourer
地主	di:zhu	n.	propriétaire terrien
矿泉水	kuang:quan:shui	n.	eau minérale
普通高中	pu:tong:gao:zhong	n.	lycée ordinaire
上诉	shang:su	v.	faire appel
交通安全	jiao:tong:an:quan	n.	sécurité routière
机子	ji:zi	n.	machine
冷水	leng:shui	n.	eau froide
辑	ji	v.	éditer
患病	huan:bing	v.	tomber malade
英文名	ying:wen:ming	n.	nom anglais
孕育	yun:yu	v.	nourrir
诅咒	zu:zhou	v.	maudire
书本	shu:ben	n.	livres
技术含量	ji:shu:han:liang	n.	contenu technique
大部分的	da:bu:fen:de	adj.	majoritaire
美眉	mei:mei	n.	belle fille
面色	mian:se	n.	teint
向东	xiang:dong	prep.	vers l'est
翻身	fan:shen	v.	se retourner
导购	dao:gou	v.	guider shopping
导购	dao:gou	n.	guide de vente
咨询师	zi:xun:shi	n.	consultant
忽略了	hu:lve:le	v.	ignorer
多年前	duo:nian:qian	n.	il y a plusieurs années
深知	shen:zhi	v.	connaître bien
自然环境	zi:ran:huan:jing	n.	environnement naturel
新闻发布	xin:wen:fa:bu	n.	communiqué de presse
随心所欲	sui:xin:suo:yu	v.	faire ce qu'on veut
实事	shi:shi	n.	fait
同城	tong:cheng	adj.	même ville
建成后	jian:cheng:hou	n.	après construction
充分认识	chong:fen:ren:shi	v.	réaliser pleinement
构件	gou:jian	n.	composant
总能	zong:neng	adv.	toujours pouvoir
恐慌	kong:huang	n.	panique
恐慌	kong:huang	v.	paniquer
数码产品	shu:ma:chan:pin	n.	produits numériques
庄子	zhuang:zi	n.	Zhuangzi
尖叫	jian:jiao	v.	hurler
必需的	bi:xu:de	adj.	essentiel
新情况	xin:qing:kuang	n.	nouvelle situation
来不及	lai:bu:ji	v.	ne pas avoir le temps
成语	cheng:yu	n.	idiome
钢结构	gang:jie:gou	n.	structure en acier
香格里拉	xiang:ge:li:la	n.	Shangri-La
检举	jian:ju	v.	dénoncer
棍	gun	n.	bâton
四位	si:wei	num.	4 personnes
一时的	yi:shi:de	adj.	temporaire
部委	bu:wei	n.	ministère et commission
电镀	dian:du	v.	électroplater
日夜	ri:ye	n.	jour et nuit
日夜	ri:ye	adv.	jour et nuit
一地	yi:di	n.	un endroit
纸上	zhi:shang	n.	sur papier
经办机构	jing:ban:ji:gou	n.	organisme de gestion
答应了	da:ying:le	v.	a accepté
反响	fan:xiang	n.	réaction
走入	zou:ru	v.	entrer dans
烟花	yan:hua	n.	feu d'artifice
极高	ji:gao	adj.	extrêmement haut
开局	kai:ju	n.	ouverture
表达式	biao:da:shi	n.	expression
修剪	xiu:jian	v.	tailler
英格兰	ying:ge:lan	n.	england
绳	sheng	n.	corde
入股	ru:gu	v.	investir
双色球	shuang:se:qiu	n.	balle bicolore
严厉	yan:li	adj.	strict
税额	shui:e	n.	montant de l'impôt
优劣	you:lie	n.	avantages et inconvénients
作法	zuo:fa	n.	méthode
骆驼	luo:tuo	n.	chameau
灭火	mie:huo	v.	éteindre un feu
别致	bie:zhi	adj.	original
餐桌	can:zhuo	n.	table à manger
二百	er:bai	num.	deux cents
频	pin	adv.	fréquemment
佛像	fo:xiang	n.	statue de Bouddha
干活	gan:huo	v.	travailler
受教育	shou:jiao:yu	v.	être éduqué
四楼	si:lou	n.	quatrième étage
总决赛	zong:jue:sai	n.	finale
酒类	jiu:lei	n.	alcool
钢板	gang:ban	n.	plaque d'acier
巡视	xun:shi	v.	inspecter
高空	gao:kong	n.	haute altitude
污水处理	wu:shui:chu:li	n.	traitement des eaux usées
安全隐患	an:quan:yin:huan	n.	danger caché
淡化	dan:hua	v.	diluer
望去	wang:qu	v.	regarder vers
入睡	ru:shui	v.	s'endormir
廊	lang	n.	couloir
宝钢	bao:gang	n.	Baosteel
长效	chang:xiao	adj.	à longue durée
该死	gai:si	adj.	maudit
九年	jiu:nian	num.	9 ans
两方面	liang:fang:mian	n.	deux aspects
恋情	lian:qing	n.	romance
负责任	fu:ze:ren	v.	assumer la responsabilité
也罢	ye:ba	part.	peu importe
纹理	wen:li	n.	texture
美洲	mei:zhou	n.	Amérique
步兵	bu:bing	n.	infanterie
覆盖面	fu:gai:mian	n.	couverture
伤亡	shang:wang	n.	pertes
六个月	liu:ge:yue	num.	6 mois
篮板	lan:ban	n.	rebond
表现形式	biao:xian:xing:shi	n.	forme d'expression
迟到	chi:dao	v.	être en retard
公司网站	gong:si:wang:zhan	n.	site web de l'entreprise
稳固	wen:gu	adj.	stable
稳固	wen:gu	v.	consolider
名牌产品	ming:pai:chan:pin	n.	produit de marque
畏	wei	v.	craindre
洗脸	xi:lian	v.	se laver le visage
先进个人	xian:jin:ge:ren	n.	individu exemplaire
有情	you:qing	adj.	affectueux
歇	xie	v.	se reposer
大股东	da:gu:dong	n.	actionnaire principal
第二阶段	di:er:jie:duan	n.	deuxième étape
示范区	shi:fan:qu	n.	zone de démonstration
裹	guo	v.	envelopper
苗	miao	n.	pousse
苗	miao	n.	vaccin
海龙	hai:long	n.	dragon de mer
选区	xuan:qu	n.	circonscription
病症	bing:zheng	n.	symptôme
车位	che:wei	n.	place de parking
早年	zao:nian	n.	jeunesse
繁体中文	fan:ti:zhong:wen	n.	chinois traditionnel
买来	mai:lai	v.	acheter
抽取	chou:qu	v.	extraire
喝水	he:shui	v.	boire de l'eau
第三步	di:san:bu	n.	troisième étape
山脉	shan:mai	n.	chaîne de montagnes
绳子	sheng:zi	n.	corde
墨水	mo:shui	n.	encre
圣地	sheng:di	n.	terre sainte
要做好	yao:zuo:hao	v.	bien faire
较短	jiao:duan	adj.	relativement court
网络信息	wang:luo:xin:xi	n.	information en ligne
贮藏	zhu:cang	v.	stocker
射线	she:xian	n.	rayon
百余	bai:yu	num.	plus de 100
乙肝	yi:gan	n.	hépatite B
盼	pan	v.	espérer
小幅	xiao:fu	adj.	léger
打字	da:zi	v.	taper
房东	fang:dong	n.	propriétaire
社会主义事业	she:hui:zhu:yi:shi:ye	n.	cause socialiste
软件类型	ruan:jian:lei:xing	n.	type de logiciel
两层	liang:ceng	num.	deux couches
两层	liang:ceng	n.	deux étages
国际合作	guo:ji:he:zuo	n.	coopération internationale
楼宇	lou:yu	n.	bâtiments
七大	qi:da	num.	sept grands
四年级	si:nian:ji	n.	quatrième année
工作职责	gong:zuo:zhi:ze	n.	responsabilités professionnelles
喊道	han:dao	v.	crier
房里	fang:li	n.	dans la chambre
共赢	gong:ying	v.	gagnant-gagnant
七彩	qi:cai	adj.	multicolore
装扮	zhuang:ban	v.	déguiser
装扮	zhuang:ban	n.	déguisement
变速箱	bian:su:xiang	n.	boîte de vitesses
换来	huan:lai	v.	apporter
嵌入	qian:ru	v.	encastrer
小路	xiao:lu	n.	petit chemin
耍	shua	v.	jouer
煞	sha	adv.	extrêmement
生活环境	sheng:huo:huan:jing	n.	environnement de vie
晓得	xiao:de	v.	savoir
延时	yan:shi	v.	retarder
不由自主	bu:you:zi:zhu	adj.	involontairement
两周	liang:zhou	num.	2 semaines
容貌	rong:mao	n.	apparence
寝	qin	v.	dormir
开户银行	kai:hu:yin:hang	n.	banque d'ouverture de compte
实质上	shi:zhi:shang	adv.	substantiellement
盐酸	yan:suan	n.	acide chlorhydrique
复印机	fu:yin:ji	n.	photocopieur
交流会	jiao:liu:hui	n.	réunion d'échange
麻将	ma:jiang	n.	mah-jongg
产品设计	chan:pin:she:ji	n.	conception de produit
转头	zhuan:tou	v.	tourner la tête
尘埃	chen:ai	n.	poussière
迫切需要	po:qie:xu:yao	v.	avoir un besoin urgent
野兽	ye:shou	n.	bête
多处	duo:chu	n.	plusieurs endroits
第五节	di:wu:jie	n.	cinquième section
银川	yin:chuan	n.	Yinchuan
缺省	que:sheng	v.	définir par défaut
瞒	man	v.	cacher
换届	huan:jie	v.	renouvellement
干部队伍	gan:bu:dui:wu	n.	équipe de cadres
芝麻	zhi:ma	n.	sésame
打招呼	da:zhao:hu	v.	saluer
国度	guo:du	n.	pays, nation
商务中心	shang:wu:zhong:xin	n.	centre d'affaires
憧憬	chong:jing	v.	aspirer à, rêver de
憧憬	chong:jing	n.	aspiration, idéal
法制宣传	fa:zhi:xuan:chuan	n.	propagande juridique
火山	huo:shan	n.	volcan
相貌	xiang:mao	n.	apparence, visage
四项	si:xiang	num.	4 articles, 4 éléments
电脑网络	dian:nao:wang:luo	n.	réseau informatique
接地	jie:di	v.	mettre à la terre
火力	huo:li	n.	puissance de feu
减速	jian:su	v.	ralentir, décélérer
每期	mei:qi	num.	chaque numéro, chaque session
时事	shi:shi	n.	actualité
网飞	wang:fei	n.	Netflix
约莫	yue:mo	adv.	environ, à peu près
东京	dong:jing	n.	Tokyo
寄存器	ji:cun:qi	n.	registre
理顺	li:shun	v.	ordonner, clarifier
个人网站	ge:ren:wang:zhan	n.	site personnel
罪恶	zui:e	n.	péché
南宫	nan:gong	n.	Nangong
税务登记	shui:wu:deng:ji	n.	enregistrement fiscal
羊毛	yang:mao	n.	laine
添	tian	v.	ajouter
股指	gu:zhi	n.	indice boursier
汉子	han:zi	n.	homme
中文网	zhong:wen:wang	n.	site chinois
青海省	qing:hai:sheng	n.	province du Qinghai
有关政策	you:guan:zheng:ce	n.	politiques pertinentes
农业技术	nong:ye:ji:shu	n.	technologie agricole
茫然	mang:ran	adj.	hébété
酸性	suan:xing	n.	acidité
松开	song:kai	v.	desserrer
长出	zhang:chu	v.	pousser
校外	xiao:wai	n.	hors campus
燕子	yan:zi	n.	hirondelle
报告会	bao:gao:hui	n.	réunion de rapport
步行街	bu:xing:jie	n.	rue piétonne
人民银行	ren:min:yin:hang	n.	Banque du peuple
嫂	sao	n.	belle-soeur
独资	du:zi	v.	investir seul
独资	du:zi	n.	propriété exclusive
全部内容	quan:bu:nei:rong	n.	tout le contenu
宴会	yan:hui	n.	banquet
宴会	yan:hui	v.	organiser un banquet
广告宣传	guang:gao:xuan:chuan	n.	publicité
申报材料	shen:bao:cai:liao	n.	documents de déclaration
主频	zhu:pin	n.	fréquence principale
中西	zhong:xi	n.	Chine et Occident
更长	geng:chang	adj.	plus long
计数器	ji:shu:qi	n.	compteur
胸怀	xiong:huai	n.	cœur
胸怀	xiong:huai	v.	embrasser
正常运行	zheng:chang:yun:xing	v.	fonctionner normalement
工程量	gong:cheng:liang	n.	volume de travaux
外墙	wai:qiang	n.	mur extérieur
纠	jiu	v.	corriger
金字塔	jin:zi:ta	n.	pyramide
慨	kai	v.	soupirer
每亩	mei:mu	num.	par mu
嚷	rang	v.	crier
科幻	ke:huan	n.	science-fiction
民族文化	min:zu:wen:hua	n.	culture nationale
瞩目	zhu:mu	v.	attirer l'attention
高超	gao:chao	adj.	remarquable
货币政策	huo:bi:zheng:ce	n.	politique monétaire
松弛	song:chi	adj.	relâché
松弛	song:chi	v.	relâcher
城镇化	cheng:zhen:hua	n.	urbanisation
办公自动化	ban:gong:zi:dong:hua	n.	automatisation de bureau
天宇	tian:yu	n.	univers
驰	chi	v.	galoper
停电	ting:dian	n.	coupure de courant
在线用户	zai:xian:yong:hu	n.	utilisateur en ligne
居多	ju:duo	v.	être majoritaire
水管	shui:guan	n.	tuyau d'eau
研究方向	yan:jiu:fang:xiang	n.	direction de recherche
尼龙	ni:long	n.	nylon
各科	ge:ke	n.	chaque matière
蚊子	wen:zi	n.	moustique
长处	chang:chu	n.	atout
精明	jing:ming	adj.	astucieux
生产管理	sheng:chan:guan:li	n.	gestion de production
利害关系	li:hai:guan:xi	n.	intérêts
浓厚	nong:hou	adj.	intense
螺丝	luo:si	n.	vis
美誉	mei:yu	n.	renommée
证券营业部	zheng:quan:ying:ye:bu	n.	guichet de valeurs mobilières
完成任务	wan:cheng:ren:wu	v.	accomplir une tâche
第四十四条	di:si:shi:si:tiao	num.	article 44
红的	hong:de	adj.	rouge
背景的	bei:jing:de	adj.	relatif au contexte
两个字	liang:ge:zi	n.	deux caractères
拐	guai	v.	tourner
拐	guai	v.	enlever
红利	hong:li	n.	dividende
取消了	qu:xiao:le	v.	annulé
冰点	bing:dian	n.	point de congélation
有声	you:sheng	adj.	sonore
博览	bo:lan	v.	parcourir largement
解释权	jie:shi:quan	n.	droit d'interprétation
收盘	shou:pan	v.	clôturer le marché
宴	yan	n.	banquet
津	jin	n.	port
上月	shang:yue	n.	le mois dernier
对准	dui:zhun	v.	viser
卡卡	ka:ka	onom.	saccadé
抗旱	kang:han	v.	résister à la sécheresse
豆芽	dou:ya	n.	germe de soja
表态	biao:tai	v.	exprimer une attitude
起始	qi:shi	v.	commencer
起始	qi:shi	n.	début
古朴	gu:pu	adj.	simple et rustique
岚	lan	n.	brume
留有	liu:you	v.	conserver
冠心病	guan:xin:bing	n.	maladie coronarienne
票数	piao:shu	n.	nombre de voix
关掉	guan:diao	v.	éteindre
生怕	sheng:pa	adv.	craindre que
经济利益	jing:ji:li:yi	n.	intérêt économique
邮费	you:fei	n.	frais de port
立志	li:zhi	v.	aspirer à
官网	guan:wang	n.	site officiel
制度改革	zhi:du:gai:ge	n.	réforme institutionnelle
今夜	jin:ye	n.	ce soir
法律文件	fa:lv:wen:jian	n.	document juridique
可不是	ke:bu:shi	int.	en effet
妥协	tuo:xie	v.	faire des compromis
浴	yu	v.	baigner, se baigner
违反了	wei:fan:le	v.	violer
伪装	wei:zhuang	v.	déguiser, camoufler
伪装	wei:zhuang	n.	déguisement, camouflage
往后	wang:hou	adv.	ensuite, après
往后	wang:hou	n.	l'avenir, à l'avenir
了不起	liao:bu:qi	adj.	extraordinaire, remarquable
耻	chi	n.	honte, déshonneur
每晚	mei:wan	n.	chaque soir
故宫	gu:gong	n.	Cité interdite
教育资源	jiao:yu:zi:yuan	n.	ressources éducatives
红茶	hong:cha	n.	thé noir
成龙	cheng:long	n.	Jackie Chan
电价	dian:jia	n.	prix de l'électricité
话筒	hua:tong	n.	microphone
团队合作	tuan:dui:he:zuo	n.	travail d'équipe
兴隆	xing:long	adj.	prospère, florissant
兴隆	xing:long	v.	prospérer, fleurir
理赔	li:pei	v.	indemniser, régler un sinistre
批准文件	pi:zhun:wen:jian	n.	document d'approbation
要来	yao:lai	v.	venir
偏好	pian:hao	n.	préférence
偏好	pian:hao	v.	préférer
第四十三条	di:si:shi:san:tiao	num.	article 43
附加值	fu:jia:zhi	n.	valeur ajoutée
清洁生产	qing:jie:sheng:chan	n.	production propre
总人口	zong:ren:kou	n.	population totale
挽	wan	v.	tirer
挽	wan	v.	tenir la main
瘫痪	tan:huan	v.	paralyser
剧院	ju:yuan	n.	théâtre
航运	hang:yun	n.	transport maritime
不予受理	bu:yu:shou:li	v.	ne pas accepter
国库	guo:ku	n.	trésor public
宽屏	kuan:ping	n.	écran large
页	ye	mw.	page
舒缓	shu:huan	v.	soulager
采暖	cai:nuan	v.	chauffer
愚蠢	yu:chun	adj.	stupide
欠缺	qian:que	v.	manquer
床位	chuang:wei	n.	place de lit
服务对象	fu:wu:dui:xiang	n.	clientèle
誉	yu	n.	réputation
乐意	le:yi	v.	être disposé
装上	zhuang:shang	v.	installer
标准间	biao:zhun:jian	n.	chambre standard
新兴的	xin:xing:de	adj.	émergent
建设成为	jian:she:cheng:wei	v.	construire en
无机	wu:ji	adj.	inorganique
行政区域	xing:zheng:qu:yu	n.	région administrative
相通	xiang:tong	v.	communiquer
知晓	zhi:xiao	v.	savoir
低声	di:sheng	adj.	à voix basse
低声	di:sheng	v.	chuchoter
考试中心	kao:shi:zhong:xin	n.	centre d'examen
阳朔	yang:shuo	n.	Yangshuo
演艺	yan:yi	n.	arts du spectacle
握着	wo:zhe	v.	tenir
专属	zhuan:shu	adj.	exclusif
群组	qun:zu	n.	groupe
上官	shang:guan	n.	supérieur
摊位	tan:wei	n.	étal
这一年	zhe:yi:nian	n.	cette année
牲	sheng	n.	bétail
大堂	da:tang	n.	hall
网络公司	wang:luo:gong:si	n.	entreprise internet
佛陀	fo:tuo	n.	Bouddha
确诊	que:zhen	v.	diagnostiquer
乳	ru	n.	lait
裸体	luo:ti	adj.	nu, dénué
结束时间	jie:shu:shi:jian	n.	heure de fin
打球	da:qiu	v.	jouer au ballon
网页制作	wang:ye:zhi:zuo	n.	conception de sites web
强国	qiang:guo	n.	puissance
叙事	xu:shi	v.	narrer
有形	you:xing	adj.	tangible
葫芦	hu:lu	n.	gourde
仓	cang	n.	entrepôt
手势	shou:shi	n.	geste
征求意见	zheng:qiu:yi:jian	v.	solliciter des avis
月前	yue:qian	n.	il y a des mois
积极配合	ji:ji:pei:he	v.	coopérer activement
曾说	ceng:shuo	v.	a déjà dit
迈克尔	mai:ke:er	n.	Michael
评选活动	ping:xuan:huo:dong	n.	activité de sélection
专访	zhuan:fang	n.	entretien exclusif
粉色	fen:se	n.	rose
青鸟	qing:niao	n.	oiseau bleu
不平	bu:ping	adj.	injuste
故居	gu:ju	n.	ancienne demeure
中小型	zhong:xiao:xing	adj.	de petite et moyenne taille
阐述了	chan:shu:le	v.	exposer, élaborer
洗衣	xi:yi	v.	laver le linge
称作	cheng:zuo	v.	appeler, nommer
解剖	jie:pou	v.	dissecter, autopsier
解剖	jie:pou	n.	anatomie, dissection
中国区	zhong:guo:qu	n.	région de Chine
切断	qie:duan	v.	couper, interrompre
最全	zui:quan	adj.	le plus complet
多余	duo:yu	adj.	superflu, excédentaire
富民	fu:min	v.	enrichir le peuple
第六届	di:liu:jie	num.	6e session
规格型号	gui:ge:xing:hao	n.	spécifications et modèles
获胜	huo:sheng	v.	gagner, triompher
打扰	da:rao	v.	déranger, déranger
这里面	zhe:li:mian	pron.	à l'intérieur de ceci
第八	di:ba	num.	huitième
强盗	qiang:dao	n.	brigand, bandit
颇具	po:ju	v.	posséder largement
白菜	bai:cai	n.	chou chinois
流感	liu:gan	n.	grippe
工作重点	gong:zuo:zhong:dian	n.	priorité de travail
后视镜	hou:shi:jing	n.	rétroviseur
链条	lian:tiao	n.	chaîne
汽车站	qi:che:zhan	n.	gare routière
亲身	qin:shen	adv.	personnellement
总建筑	zong:jian:zhu	n.	architecture totale
半点	ban:dian	mw.	un peu
半点儿	ban:dian:er	mw.	un peu
无产阶级	wu:chan:jie:ji	n.	prolétariat
健美	jian:mei	adj.	athlétique
再按	zai:an	v.	appuyer à nouveau
多做	duo:zuo	v.	faire plus
相比之下	xiang:bi:zhi:xia	conj.	en comparaison
也做	ye:zuo	v.	faire aussi
逝	shi	v.	passer
报仇	bao:chou	v.	venger
继电器	ji:dian:qi	n.	relais
没有找到	mei:you:zhao:dao	v.	ne pas trouver
并行	bing:xing	v.	parallèle
于是就	yu:shi:jiu	conj.	alors
打动	da:dong	v.	toucher
艺术节	yi:shu:jie	n.	festival d'art
使馆	shi:guan	n.	ambassade
这种人	zhe:zhong:ren	pron.	ce genre de personne
设计方案	she:ji:fang:an	n.	plan de conception
在当前	zai:dang:qian	prep.	à l'heure actuelle
真正做到	zhen:zheng:zuo:dao	v.	réellement accomplir
一体化的	yi:ti:hua:de	adj.	intégré
病虫害	bing:chong:hai	n.	ravage des insectes
亨利	heng:li	n.	Henry
同意的	tong:yi:de	adj.	d'accord
每件	mei:jian	num.	chaque pièce
爱车	ai:che	n.	voiture adorée
表白	biao:bai	v.	déclarer son amour
丰台区	feng:tai:qu	n.	district de Fengtai
不负责任	bu:fu:ze:ren	adj.	irresponsable
科教	ke:jiao	n.	science et éducation
凸显	tu:xian	v.	mettre en évidence
宣传活动	xuan:chuan:huo:dong	n.	campagne de publicité
找准	zhao:zhun	v.	localiser précisément
人因	ren:yin	n.	facteurs humains
一艘	yi:sou	mw.	un (bateau)
战国	zhan:guo	n.	époque des Royaumes combattants
乳头	ru:tou	n.	mamelon
外形尺寸	wai:xing:chi:cun	n.	dimensions extérieures
喉	hou	n.	gorge
发展观	fa:zhan:guan	n.	concept de développement
逛	guang	v.	flâner
技术指标	ji:shu:zhi:biao	n.	indicateur technique
上床	shang:chuang	v.	aller au lit
半晌	ban:shang	n.	un moment
食品卫生	shi:pin:wei:sheng	n.	hygiène alimentaire
音乐会	yin:yue:hui	n.	concert
局限性	ju:xian:xing	n.	limitation
合作方式	he:zuo:fang:shi	n.	mode de coopération
一目了然	yi:mu:liao:ran	adj.	évident au premier regard
老干部	lao:gan:bu	n.	cadre vétéran
物流企业	wu:liu:qi:ye	n.	entreprise de logistique
染料	ran:liao	n.	colorant
散发出	san:fa:chu	v.	émettre
悟性	wu:xing	n.	compréhension
跟在	gen:zai	v.	suivre
调和	tiao:he	v.	harmoniser
一寸	yi:cun	num.	un pouce
找寻	zhao:xun	v.	chercher
过热	guo:re	v.	surchauffer
公车	gong:che	n.	bus public
变色	bian:se	v.	décolorer
民主政治	min:zhu:zheng:zhi	n.	politique démocratique
樱	ying	n.	cerisier
正直	zheng:zhi	adj.	intègre
正直	zheng:zhi	n.	intégrité
功课	gong:ke	n.	devoirs
多变	duo:bian	adj.	changeant
公社	gong:she	n.	commune
开发项目	kai:fa:xiang:mu	n.	projet de développement
比尔	bi:er	n.	Bill
建模	jian:mo	v.	modéliser
五千	wu:qian	num.	5 000
性情	xing:qing	n.	tempérament
兼	jian	v.	cumuler
突击	tu:ji	v.	assauter
突击	tu:ji	n.	assaut
自营	zi:ying	v.	exploiter soi-même
第十章	di:shi:zhang	n.	chapitre dix
违者	wei:zhe	n.	contrevenant
特快专递	te:kuai:zhuan:di	n.	express
戈	ge	n.	hallebarde
哗	hua	onom.	clapotis
工业经济	gong:ye:jing:ji	n.	économie industrielle
港湾	gang:wan	n.	harbour
帷幕	wei:mu	n.	rideau, tenture
涯	ya	n.	rivage
惯性	guan:xing	n.	inertie
韩语	han:yu	n.	coréen
白衣	bai:yi	n.	vêtements blancs
说明理由	shuo:ming:li:you	v.	expliquer raison
落入	luo:ru	v.	tomber dans
牛市	niu:shi	n.	marché haussier
捧	peng	v.	tenir à deux mains, porter
什么事情	shen:me:shi:qing	pron.	quelle affaire
大学毕业	da:xue:bi:ye	v.	graduer de l'université
五四	wu:si	n.	Mouvement du 4-Mai
便成	bian:cheng	v.	devenir alors
管家	guan:jia	n.	majordome, intendant
核心的	he:xin:de	adj.	central
精良	jing:liang	adj.	raffiné, de qualité
完备的	wan:bei:de	adj.	complet
些许	xie:xu	adj.	léger, peu de
对口	dui:kou	adj.	adapté, correspondant
而应	er:ying	conj.	et devrait
东侧	dong:ce	n.	côté est
接连	jie:lian	adv.	successivement
女职工	nv:zhi:gong	n.	travailleuse, employée
学了	xue:le	v.	étudié, appris
在线咨询	zai:xian:zi:xun	n.	consultation en ligne
铭	ming	v.	inscrire
宽大	kuan:da	adj.	clément
宽大	kuan:da	adj.	spacieux
妩媚	wu:mei	adj.	charmant, coquet
内分泌	nei:fen:mi	n.	endocrinien, endocrine
设计理念	she:ji:li:nian	n.	concept de design
七日	qi:ri	num.	7 jours
可持续	ke:chi:xu	adj.	durable
不认识	bu:ren:shi	v.	ne pas connaître
正中	zheng:zhong	n.	plein centre
号令	hao:ling	n.	ordre
号令	hao:ling	v.	commander
削减	xue:jian	v.	réduire
魔兽世界	mo:shou:shi:jie	n.	World of Warcraft
流媒体	liu:mei:ti	n.	streaming
本金	ben:jin	n.	capital
本项目	ben:xiang:mu	n.	ce projet
博弈	bo:yi	n.	théorie des jeux
博弈	bo:yi	v.	jouer
赚取	zhuan:qu	v.	gagner
静静	jing:jing	adv.	calmement
现代企业	xian:dai:qi:ye	n.	entreprise moderne
分娩	fen:mian	v.	accoucher
成员变量	cheng:yuan:bian:liang	n.	variable membre
超声	chao:sheng	n.	ultrason
信访工作	xin:fang:gong:zuo	n.	travail de pétition
赔偿责任	pei:chang:ze:ren	n.	responsabilité civile
逐步建立	zhu:bu:jian:li	v.	établir progressivement
障	zhang	n.	obstacle
课外	ke:wai	adj.	extracurriculaire
理解为	li:jie:wei	v.	comprendre comme
半径	ban:jing	n.	rayon
摊	tan	n.	étal
摊	tan	v.	étaler
差错	cha:cuo	n.	erreur
想出	xiang:chu	v.	concevoir
跨	kua	v.	enjamber
更适合	geng:shi:he	v.	mieux convenir
办公用品	ban:gong:yong:pin	n.	fournitures de bureau
园内	yuan:nei	n.	dans le jardin
中央政府	zhong:yang:zheng:fu	n.	gouvernement central
即成	ji:cheng	adj.	prêt à l'emploi
开标	kai:biao	v.	ouverture des offres
刷卡	shua:ka	v.	passer la carte
望远镜	wang:yuan:jing	n.	télescope
妥	tuo	adj.	approprié
民歌	min:ge	n.	chanson populaire
延缓	yan:huan	v.	retarder, ralentir
较小的	jiao:xiao:de	adj.	plus petit
海口市	hai:kou:shi	n.	ville de Haikou
红叶	hong:ye	n.	feuilles rouges
投诉电话	tou:su:dian:hua	n.	ligne de réclamation
投资额	tou:zi:e	n.	montant de l'investissement
图片数	tu:pian:shu	n.	nombre d'images
总体上	zong:ti:shang	adv.	globalement
送出	song:chu	v.	envoyer, expédier
单位地址	dan:wei:di:zhi	n.	adresse de l'unité
花香	hua:xiang	n.	parfum de fleur
治一治	zhi:yi:zhi	v.	soigner un peu
反倾销	fan:qing:xiao	n.	anti-dumping
白马	bai:ma	n.	cheval blanc
粉红色	fen:hong:se	n.	rose
揉	rou	v.	frotter, pétrir
被视为	bei:shi:wei	v.	être considéré comme
喂食	wei:shi	v.	nourrir
函授	han:shou	v.	enseignement par correspondance
老的	lao:de	adj.	vieux
诸位	zhu:wei	pron.	tout le monde
便能	bian:neng	adv.	pouvoir alors
该商品	gai:shang:pin	n.	le produit
通关	tong:guan	v.	passer la douane
中文域名	zhong:wen:yu:ming	n.	nom de domaine chinois
查封	cha:feng	v.	sceller
比萨	bi:sa	n.	pizza
库区	ku:qu	n.	zone de réservoir
之和	zhi:he	n.	somme
技术进步	ji:shu:jin:bu	n.	progrès technique
网上支付	wang:shang:zhi:fu	n.	paiement en ligne
学派	xue:pai	n.	école de pensée
不长	bu:chang	adj.	pas long
衣着	yi:zhuo	n.	vêtements
社会实践	she:hui:shi:jian	n.	pratique sociale
晋	jin	n.	dynastie Jin
会计学	kuai:ji:xue	n.	comptabilité
产业政策	chan:ye:zheng:ce	n.	politique industrielle
中信	zhong:xin	n.	CITIC
基础理论	ji:chu:li:lun	n.	théorie fondamentale
枢纽	shu:niu	n.	pivot
寞	mo	adj.	solitaire
自如	zi:ru	adj.	aisément
牵挂	qian:gua	v.	s'inquiéter, se soucier
围棋	wei:qi	n.	jeu de Go
选派	xuan:pai	v.	sélectionner et envoyer
格子	ge:zi	n.	grille, carreau
罕见的	han:jian:de	adj.	rare, inhabituel
热门主题	re:men:zhu:ti	n.	sujet populaire
博士生导师	bo:shi:sheng:dao:shi	n.	directeur de thèse
马力	ma:li	n.	cheval-vapeur
产品结构	chan:pin:jie:gou	n.	structure de produit
漆	qi	n.	laque, peinture
漆	qi	v.	laquer, peindre
营地	ying:di	n.	camp, campement
迭代	die:dai	v.	itérer
取证	qu:zheng	v.	collecter des preuves
成名	cheng:ming	v.	devenir célèbre
肝炎	gan:yan	n.	hépatite
深化改革	shen:hua:gai:ge	n.	approfondissement de la réforme
人等	ren:deng	n.	gens, etc.
南宋	nan:song	n.	dynastie Song du Sud
冲着	chong:zhe	prep.	vers, envers
恐怖的	kong:bu:de	adj.	terrifiant, effrayant
呼和浩特	hu:he:hao:te	n.	Hohhot
相信自己	xiang:xin:zi:ji	v.	croire en soi
研究了	yan:jiu:le	v.	recherché
新来	xin:lai	adj.	nouveau venu
泄密	xie:mi	v.	divulguer des secrets
借款人	jie:kuan:ren	n.	emprunteur
经济全球化	jing:ji:quan:qiu:hua	n.	mondialisation économique
船只	chuan:zhi	n.	vaisseaux
摧毁	cui:hui	v.	détruire
计较	ji:jiao	v.	se disputer
谋取	mou:qu	v.	rechercher
麻木	ma:mu	adj.	engourdi
紧缺	jin:que	adj.	insuffisant
数次	shu:ci	num.	plusieurs fois
贴心	tie:xin	adj.	attentionné
有的时候	you:de:shi:hou	adv.	parfois
玉石	yu:shi	n.	jade et pierre
展台	zhan:tai	n.	stand d'exposition
主要工作	zhu:yao:gong:zuo	n.	travail principal
熄火	xi:huo	v.	couper le moteur
追加	zhui:jia	v.	ajouter
二号	er:hao	num.	numéro deux
高精度	gao:jing:du	n.	haute précision
将获	jiang:huo	v.	va obtenir
麒麟	qi:lin	n.	qilin
靠着	kao:zhe	v.	s'appuyer contre
靠着	kao:zhe	v.	compter sur
桑塔纳	sang:ta:na	n.	Santana
所想	suo:xiang	n.	pensée
可做	ke:zuo	v.	pouvoir faire
轩辕	xuan:yuan	n.	Xuanyuan
测试仪	ce:shi:yi	n.	testeur
获得者	huo:de:zhe	n.	gagnant
死人	si:ren	n.	mort
污	wu	adj.	sale
恶性	e:xing	adj.	malin
礼拜	li:bai	n.	culte
跟前	gen:qian	n.	devant
艰难的	jian:nan:de	adj.	difficile
好几个	hao:ji:ge	num.	plusieurs
伸展	shen:zhan	v.	étendre
抚摸	fu:mo	v.	caresser
度假村	du:jia:cun	n.	complexe de vacances
才好	cai:hao	adv.	seulement alors
筹划	chou:hua	v.	planifier
立时	li:shi	adv.	immédiatement
技术规范	ji:shu:gui:fan	n.	spécification technique
明显提高	ming:xian:ti:gao	v.	améliorer nettement
精心组织	jing:xin:zu:zhi	v.	organiser soigneusement
已开始	yi:kai:shi	v.	déjà commencé
去想	qu:xiang	v.	aller réfléchir
阻塞	zu:se	v.	boucher
老实	lao:shi	adj.	honnête
轰动	hong:dong	v.	faire sensation
商标局	shang:biao:ju	n.	bureau des marques
坚守	jian:shou	v.	défendre fermement
文章搜索	wen:zhang:sou:suo	n.	recherche d'articles
且有	qie:you	conj.	avoir aussi
申报表	shen:bao:biao	n.	formulaire de déclaration
多米	duo:mi	n.	domino
高昂	gao:ang	adj.	élevé, haut
滥用职权	lan:yong:zhi:quan	v.	abus de pouvoir
联系方法	lian:xi:fang:fa	n.	moyen de contact
征文	zheng:wen	n.	appel à contributions
教育管理	jiao:yu:guan:li	n.	gestion de l'éducation
外币	wai:bi	n.	devise étrangère
就好像	jiu:hao:xiang	adv.	tout comme
年增长	nian:zeng:zhang	n.	croissance annuelle
程序运行	cheng:xu:yun:xing	n.	exécution de programme
其他地区	qi:ta:di:qu	n.	autres régions
嘲	chao	v.	se moquer
未取	wei:qu	v.	non pris
微观	wei:guan	adj.	microscopique
进展情况	jin:zhan:qing:kuang	n.	état d'avancement
引出	yin:chu	v.	faire sortir
发展水平	fa:zhan:shui:ping	n.	niveau de développement
诉说	su:shuo	v.	raconter
枚	mei	mw.	pièce
天王	tian:wang	n.	roi des dieux
十分重视	shi:fen:zhong:shi	v.	accorder une grande importance
饼干	bing:gan	n.	biscuit
顺手	shun:shou	adj.	pratique
顺手	shun:shou	v.	faire en passant
新老	xin:lao	adj.	nouveau et ancien
人情	ren:qing	n.	sentiment humain
送的	song:de	adj.	gratuit
法律效力	fa:lv:xiao:li	n.	effet juridique
果树	guo:shu	n.	arbre fruitier
平房	ping:fang	n.	maison de plain-pied
未来发展	wei:lai:fa:zhan	n.	développement futur
基本建设	ji:ben:jian:she	n.	infrastructure
吊	diao	v.	pendre, suspendre
吊	diao	adj.	excellent, merveilleux
乾	qian	n.	sécheresse
高兴的	gao:xing:de	adj.	heureux, joyeux
稍后	shao:hou	adv.	plus tard, un instant
我啊	wo:a	pron.	moi (particule)
一步一步	yi:bu:yi:bu	adv.	pas à pas, petit à petit
一等	yi:deng	adj.	de première classe
英文版	ying:wen:ban	n.	version anglaise
中国农业银行	zhong:guo:nong:ye:yin:hang	n.	Agricultural Bank of China
缔约国	di:yue:guo	n.	État contractant
馨	xin	adj.	parfumé, fragrant
装饰材料	zhuang:shi:cai:liao	n.	matériau décoratif
要不然	yao:bu:ran	conj.	sinon
基本功能	ji:ben:gong:neng	n.	fonction de base
双人	shuang:ren	adj.	pour deux, double
去向	qu:xiang	n.	destination, direction
身着	shen:zhuo	v.	porter, être vêtu de
执照	zhi:zhao	n.	licence, permis
太后	tai:hou	n.	impératrice douairière
做好了	zuo:hao:le	v.	fait, terminé, prêt
一下吧	yi:xia:ba	part.	(particule de suggestion)
糖水	tang:shui	n.	eau sucrée
八十年代	ba:shi:nian:dai	n.	les années 80
整个人	zheng:ge:ren	n.	toute la personne
不就是	bu:jiu:shi	adv.	n'est-ce pas
眼角	yan:jiao	n.	coin de l'œil
应急预案	ying:ji:yu:an	n.	plan d'urgence
层出不穷	ceng:chu:bu:qiong	adj.	apparaître sans cesse
美术馆	mei:shu:guan	n.	musée d'art
显示为	xian:shi:wei	v.	s'afficher comme
起誓	qi:shi	v.	jurer
网上银行	wang:shang:yin:hang	n.	banque en ligne
樱桃	ying:tao	n.	cerise
伪	wei	adj.	faux
高强度	gao:qiang:du	adj.	haute intensité
不忍	bu:ren	v.	ne pas pouvoir supporter
社会力量	she:hui:li:liang	n.	forces sociales
书院	shu:yuan	n.	académie
真想	zhen:xiang	v.	vraiment vouloir
电子版	dian:zi:ban	n.	version électronique
校对	jiao:dui	v.	corriger
嗓	sang	n.	voix
结合实际	jie:he:shi:ji	v.	combiner avec la réalité
监护	jian:hu	v.	garder/surveiller
有缘	you:yuan	adj.	fated
调制解调器	tiao:zhi:jie:tiao:qi	n.	modem
循序渐进	xun:xu:jian:jin	v.	progresser par étapes
神态	shen:tai	n.	expression
呈	cheng	v.	présenter
传给	chuan:gei	v.	transmettre à
身价	shen:jia	n.	valeur marchande
小声	xiao:sheng	adj.	à voix basse
试剂	shi:ji	n.	réactif
玩法	wan:fa	n.	façon de jouer
固化	gu:hua	v.	solidifier
糟糕	zao:gao	adj.	terrible, mauvais
北宋	bei:song	n.	dynastie Song du Nord
矿区	kuang:qu	n.	zone minière
成形	cheng:xing	v.	prendre forme
各式各样	ge:shi:ge:yang	adj.	varié, divers
夸大	kua:da	v.	exagérer
尼康	ni:kang	n.	Nikon
医疗事故	yi:liao:shi:gu	n.	erreur médicale
充分肯定	chong:fen:ken:ding	v.	pleinement affirmer
八一	ba:yi	n.	1er août
远销	yuan:xiao	v.	vendre au loin
卿	qing	n.	ministre
卿	qing	pron.	vous, cher
监理工程师	jian:li:gong:cheng:shi	n.	ingénieur superviseur
有效控制	you:xiao:kong:zhi	v.	contrôler efficacement
大院	da:yuan	n.	cour, enceinte
飞到	fei:dao	v.	voler vers
职业学校	zhi:ye:xue:xiao	n.	école professionnelle
楠	nan	n.	bois de nanmu
桂花	gui:hua	n.	osmanthus
各人	ge:ren	n.	chacun, chaque personne
急事	ji:shi	n.	affaire urgente
商品分类	shang:pin:fen:lei	n.	classification des marchandises
送礼	song:li	v.	offrir des cadeaux
粉红	fen:hong	adj.	rose
服务端	fu:wu:duan	n.	côté serveur
反省	fan:xing	v.	réfléchir sur soi
期待着	qi:dai:zhe	v.	attendre avec impatience
星期天	xing:qi:tian	n.	dimanche
许可证号	xu:ke:zheng:hao	n.	numéro de licence
厚厚的	hou:hou:de	adj.	épais
荧光	ying:guang	n.	fluorescence
有关文件	you:guan:wen:jian	n.	documents connexes
乐乐	le:le	n.	lele
秋冬	qiu:dong	n.	automne et hiver
电子技术	dian:zi:ji:shu	n.	technologie électronique
唤醒	huan:xing	v.	éveiller
气功	qi:gong	n.	qigong
银杏	yin:xing	n.	ginkgo
表现了	biao:xian:le	v.	a montré
用什么	yong:shen:me	pron.	utiliser quoi
永远都	yong:yuan:dou	adv.	toujours
主动的	zhu:dong:de	adj.	proactif
案子	an:zi	n.	affaire
交通局	jiao:tong:ju	n.	bureau des transports
二三	er:san	num.	deux ou trois
只剩	zhi:sheng	v.	ne rester que
囧	jiong	adj.	embarrassé
打赏	da:shang	v.	donner un pourboire
耳熟	er:shou	adj.	familier
鸡儿	ji:er	n.	pénis
棋士	qi:shi	n.	joueur d'échecs
是哒	shi:da	int.	oui (mignon)
鲜香	xian:xiang	adj.	frais et parfumé
坏事	huai:shi	n.	mauvaise chose, malheur
电路板	dian:lu:ban	n.	carte de circuit
型材	xing:cai	n.	matériau profilé
矿井	kuang:jing	n.	mine, puits de mine
足额	zu:e	adj.	complet
跳动	tiao:dong	v.	battre, palpiter
籍	ji	n.	registre, domicile
电极	dian:ji	n.	électrode
匮乏	kui:fa	adj.	pénurie, manque
加快了	jia:kuai:le	v.	accélérer, accéléré
车祸	che:huo	n.	accident de voiture
机械化	ji:xie:hua	n.	mécanisation
论点	lun:dian	n.	argument, thèse
集资	ji:zi	v.	lever des fonds
国家统计局	guo:jia:tong:ji:ju	n.	Bureau national des statistiques
来过	lai:guo	v.	être venu
战略性	zhan:lve:xing	adj.	stratégique
战舰	zhan:jian	n.	cuirassé, navire de guerre
裸	luo	adj.	nu, dénudé
刺激的	ci:ji:de	adj.	stimulant
红星	hong:xing	n.	étoile rouge
根目录	gen:mu:lu	n.	répertoire racine
血腥	xie:xing	adj.	sanglant
血腥	xue:xing	n.	sang
生肖	sheng:xiao	n.	signes du zodiaque
链	lian	n.	chaîne
物理学	wu:li:xue	n.	physique
收听	shou:ting	v.	écouter
调制	tiao:zhi	v.	moduler
调制	tiao:zhi	v.	mélanger
方针政策	fang:zhen:zheng:ce	n.	directives et politiques
保险合同	bao:xian:he:tong	n.	contrat d'assurance
胶片	jiao:pian	n.	film
半月	ban:yue	n.	demi-lune
烈士	lie:shi	n.	martyr
管材	guan:cai	n.	matériau tubulaire
建设银行	jian:she:yin:hang	n.	China Construction Bank
新书	xin:shu	n.	nouveau livre
处理厂	chu:li:chang	n.	usine de traitement
年终奖	nian:zhong:jiang	n.	prime de fin d'année
买车	mai:che	v.	acheter une voiture
短路	duan:lu	n.	court-circuit
奠定	dian:ding	v.	établir
校正	jiao:zheng	v.	corriger
见图	jian:tu	v.	voir figure
现成	xian:cheng	adj.	prêt à l'emploi
惩治	cheng:zhi	v.	punir
饱和	bao:he	adj.	saturé
饱和	bao:he	v.	saturer
做出决定	zuo:chu:jue:ding	v.	prendre une décision
商议	shang:yi	v.	discuter
眉毛	mei:mao	n.	sourcil
灌	guan	v.	verser
小米	xiao:mi	n.	millet
八字	ba:zi	n.	huit caractères
切实可行	qie:shi:ke:xing	adj.	pratique, réalisable
战后	zhan:hou	n.	après-guerre
参股	can:gu	v.	détenir des actions
干扰器	gan:rao:qi	n.	brouilleur
很美	hen:mei	adj.	très beau
昆	kun	n.	kun
军衔	jun:xian	n.	grade militaire
存取	cun:qu	v.	stocker et récupérer
脸庞	lian:pang	n.	visage
畅	chang	adj.	fluide
大大小小	da:da:xiao:xiao	adj.	grand et petit
逍	xiao	v.	errer
反向	fan:xiang	n.	sens inverse
回车	hui:che	v.	retourner la voiture
死亡率	si:wang:lv	n.	taux de mortalité
时间表	shi:jian:biao	n.	emploi du temps
往日	wang:ri	n.	jours passés
帽	mao	n.	chapeau
批发商	pi:fa:shang	n.	grossiste
事前	shi:qian	n.	au préalable
阅	yue	v.	lire, inspecter
隐约	yin:yue	adj.	vague
联席会议	lian:xi:hui:yi	n.	réunion conjointe
难平	nan:ping	v.	s'indigner
软体	ruan:ti	n.	corps mou
柔性	rou:xing	adj.	flexible
失控	shi:kong	v.	perdre le contrôle
小妹	xiao:mei	n.	petite sœur
我这里	wo:zhe:li	pron.	ici, mon endroit
胁迫	xie:po	v.	contraindre, coercition
财务报表	cai:wu:bao:biao	n.	états financiers
活塞	huo:sai	n.	piston
赛区	sai:qu	n.	zone de compétition
二位	er:wei	num.	deux personnes
四面	si:mian	n.	quatre côtés, partout
生长发育	sheng:zhang:fa:yu	n.	croissance et développement
一惊	yi:jing	v.	être surpris, s'étonner
绵羊	mian:yang	n.	mouton
垫付	dian:fu	v.	avancer (des frais)
逗	dou	v.	taquiner, amuser
以期	yi:qi	conj.	dans l'espoir de
蹲	dun	v.	s'accroupir
门将	men:jiang	n.	gardien
执政为民	zhi:zheng:wei:min	v.	gouverner pour le peuple
游记	you:ji	n.	récit de voyage
陈水扁	chen:shui:bian	n.	Chen Shui-bian
统计局	tong:ji:ju	n.	bureau des statistiques
缺水	que:shui	v.	manquer d'eau
教学模式	jiao:xue:mo:shi	n.	modèle d'enseignement
锦标赛	jin:biao:sai	n.	championnat
三分之二	san:fen:zhi:er	num.	deux tiers
打过	da:guo	v.	avoir frappé
倒霉	dao:mei	adj.	malchanceux
所为	suo:wei	n.	acte
迟迟	chi:chi	adv.	tardivement
偷拍	tou:pai	v.	filmer en cachette
无用	wu:yong	adj.	inutile
摇了摇头	yao:le:yao:tou	v.	secouer la tête
意念	yi:nian	n.	idée
以示	yi:shi	conj.	pour montrer
有余	you:yu	adj.	en surplus
银行汇款	yin:hang:hui:kuan	n.	virement bancaire
大街上	da:jie:shang	n.	dans la rue
应收	ying:shou	v.	recevable
待机	dai:ji	v.	attendre
犯规	fan:gui	v.	enfreindre les règles
里边	li:bian	n.	intérieur
两倍	liang:bei	num.	deux fois
一排	yi:pai	mw.	une rangée
基本功	ji:ben:gong	n.	compétence de base
跑步	pao:bu	v.	courir
亲吻	qin:wen	v.	embrasser
性用品	xing:yong:pin	n.	produit sexuel
不只	bu:zhi	adv.	pas seulement
宽广	kuan:guang	adj.	vaste
县长	xian:zhang	n.	chef de comté
箭头	jian:tou	n.	pointe de flèche
用好	yong:hao	v.	bien utiliser
通话时间	tong:hua:shi:jian	n.	durée de l'appel
踩	cai	v.	marcher sur
可实现	ke:shi:xian	adj.	réalisable
受益人	shou:yi:ren	n.	bénéficiaire
上进	shang:jin	adj.	ambitieux
工作原理	gong:zuo:yuan:li	n.	principe de fonctionnement
市场环境	shi:chang:huan:jing	n.	environnement du marché
通畅	tong:chang	adj.	fluide
艳丽	yan:li	adj.	magnifique
一点儿	yi:dian:er	mw.	un peu
弥漫	mi:man	v.	imprégner
海棠	hai:tang	n.	bégonia
丧失了	sang:shi:le	v.	perdre
初恋	chu:lian	n.	premier amour
吸入	xi:ru	v.	inhaler
教学目标	jiao:xue:mu:biao	n.	objectifs pédagogiques
窜	cuan	v.	se faufiler
各行各业	ge:hang:ge:ye	n.	tous les secteurs d'activité
上交	shang:jiao	v.	soumettre
哑	ya	adj.	muet
复合材料	fu:he:cai:liao	n.	matériau composite
浮躁	fu:zao	adj.	impatient
规范性文件	gui:fan:xing:wen:jian	n.	document normatif
客场	ke:chang	n.	match à l'extérieur
链表	lian:biao	n.	liste chaînée
物件	wu:jian	n.	objet
升降	sheng:jiang	n.	ascension et descente
写上	xie:shang	v.	écrire
严重警告	yan:zhong:jing:gao	n.	avertissement sérieux
自备	zi:bei	v.	se procurer
布满	bu:man	v.	couvrir
奋力	fen:li	v.	s'efforcer
无线网络	wu:xian:wang:luo	n.	réseau sans fil
露天	lu:tian	adj.	en plein air
趴	pa	v.	être couché sur le ventre
不断加强	bu:duan:jia:qiang	v.	renforcer continuellement
公益事业	gong:yi:shi:ye	n.	œuvre d'intérêt public
代理机构	dai:li:ji:gou	n.	agence
喷雾	pen:wu	n.	spray
喷雾	pen:wu	v.	vaporiser
逢	feng	v.	rencontrer
国会	guo:hui	n.	congrès
换上	huan:shang	v.	enfiler
事关	shi:guan	v.	concerner
台下	tai:xia	n.	sous la scène
隔壁	ge:bi	n.	voisin
出生年月	chu:sheng:nian:yue	n.	date de naissance
害羞	hai:xiu	adj.	timide
害羞	hai:xiu	v.	être timide
人民出版社	ren:min:chu:ban:she	n.	Éditions du Peuple
现代农业	xian:dai:nong:ye	n.	agriculture moderne
彩铃	cai:ling	n.	sonnerie
空虚	kong:xu	adj.	vide
风吹	feng:chui	v.	souffler
不知所措	bu:zhi:suo:cuo	adj.	être désemparé
在校学生	zai:xiao:xue:sheng	n.	étudiant
著称	zhu:cheng	v.	être connu pour
繁育	fan:yu	v.	élever
流派	liu:pai	n.	école
省外	sheng:wai	n.	hors de la province
超高	chao:gao	adj.	ultra-haut
植	zhi	v.	planter
时间段	shi:jian:duan	n.	période
幻灯片	huan:deng:pian	n.	diapositive
社会福利	she:hui:fu:li	n.	protection sociale
淡水	dan:shui	n.	eau douce
复位	fu:wei	v.	réinitialiser
媒	mei	n.	médium
弱势群体	ruo:shi:qun:ti	n.	groupe vulnérable
亚军	ya:jun	n.	finaliste
大学城	da:xue:cheng	n.	ville universitaire
汉化版	han:hua:ban	n.	version chinoise
糊涂	hu:tu	adj.	confus
书刊	shu:kan	n.	livres et périodiques
伊斯兰	yi:si:lan	n.	islam
内力	nei:li	n.	force interne
树脂	shu:zhi	n.	résine
莫非	mo:fei	adv.	peut-être
现出	xian:chu	v.	apparaître
寂静	ji:jing	adj.	silencieux
寂静	ji:jing	n.	silence
几名	ji:ming	num.	quelques
胡萝卜素	hu:luo:bo:su	n.	carotène
停牌	ting:pai	v.	suspendre la cotation
韵	yun	n.	rime
司法解释	si:fa:jie:shi	n.	interprétation judiciaire
昭	zhao	adj.	clair
紧凑	jin:cou	adj.	compact
期权	qi:quan	n.	option
排放标准	pai:fang:biao:zhun	n.	norme d'émission
尹	yin	n.	Yin
懒得	lan:de	v.	ne pas avoir envie de
毕业证书	bi:ye:zheng:shu	n.	diplôme
倒钩	dao:gou	n.	barbe
多种多样	duo:zhong:duo:yang	adj.	divers
生态系统	sheng:tai:xi:tong	n.	écosystème
所在城市	suo:zai:cheng:shi	n.	ville où réside
投身	tou:shen	v.	se consacrer
剜掉	wan:diao	v.	évincer
疫病	yi:bing	n.	épidémie
推动作用	tui:dong:zuo:yong	n.	force motrice
流血	liu:xie	v.	saigner
流血	liu:xue	n.	saignement
无缝	wu:feng	adj.	sans couture
这么大	zhe:me:da	adj.	si grand
城市管理	cheng:shi:guan:li	n.	gestion urbaine
谦	qian	adj.	modeste
花木	hua:mu	n.	fleurs et arbres
受贿	shou:hui	v.	recevoir des pots-de-vin
档	dang	mw.	dossier
化名	hua:ming	n.	pseudonyme
化名	hua:ming	v.	utiliser un pseudonyme
小额	xiao:e	adj.	de petit montant
论语	lun:yu	n.	Analectes
香草	xiang:cao	n.	herbe aromatique
陈旧	chen:jiu	adj.	vétuste
分布式	fen:bu:shi	adj.	distribué
百分之	bai:fen:zhi	num.	pour cent
放射	fang:she	v.	rayonner
放射	fang:she	n.	radiation
黑马	hei:ma	n.	cheval noir
建筑节能	jian:zhu:jie:neng	n.	économie d'énergie du bâtiment
社长	she:zhang	n.	président
标致	biao:zhi	adj.	joli
基本养老保险	ji:ben:yang:lao:bao:xian	n.	assurance vieillesse de base
架设	jia:she	v.	installer
科研院所	ke:yan:yuan:suo	n.	instituts de recherche
抛光	pao:guang	v.	polir
精巧	jing:qiao	adj.	exquis
淋漓尽致	lin:li:jin:zhi	adj.	pleinement
知己	zhi:ji	n.	âme sœur
吃到	chi:dao	v.	manger
马丁	ma:ding	n.	Martin
乱收费	luan:shou:fei	v.	facturer indûment
教主	jiao:zhu	n.	chef de culte
藏宝	cang:bao	v.	cacher un trésor
过快	guo:kuai	adj.	trop rapide
暴雨	bao:yu	n.	pluie torrentielle
全村	quan:cun	n.	tout le village
玩耍	wan:shua	v.	jouer
沾	zhan	v.	toucher
复方	fu:fang	n.	formule composée
水体	shui:ti	n.	masse d'eau
现代人	xian:dai:ren	n.	gens modernes
秋风	qiu:feng	n.	vent d'automne
致命的	zhi:ming:de	adj.	fatal
价格上涨	jia:ge:shang:zhang	v.	hausse des prix
两组	liang:zu	num.	deux groupes
下行	xia:xing	v.	descendre
群号	qun:hao	n.	numéro de groupe
高度评价	gao:du:ping:jia	v.	évaluer hautement
室内设计	shi:nei:she:ji	n.	design d'intérieur
稀土	xi:tu	n.	terre rare
标语	biao:yu	n.	slogan
存量	cun:liang	n.	stock
泡菜	pao:cai	n.	pickles
电报	dian:bao	n.	télégramme
宁可	ning:ke	adv.	plutôt
医疗保健	yi:liao:bao:jian	n.	soins de santé
机械厂	ji:xie:chang	n.	usine de machines
稳重	wen:zhong	adj.	posé
相比较	xiang:bi:jiao	v.	comparer
制作方法	zhi:zuo:fang:fa	n.	méthode de fabrication
留言者	liu:yan:zhe	n.	auteur d'un message
治安管理	zhi:an:guan:li	n.	gestion de la sécurité publique
景德镇	jing:de:zhen	n.	Jingdezhen
过硬	guo:ying	adj.	très solide
英才	ying:cai	n.	talent
赣州	gan:zhou	n.	Ganzhou
沼气	zhao:qi	n.	biogaz
发展起来	fa:zhan:qi:lai	v.	se développer
长约	chang:yue	n.	contrat à long terme
购物指南	gou:wu:zhi:nan	n.	guide d'achat
科技含量	ke:ji:han:liang	n.	contenu technologique
行货	hang:huo	n.	marchandise authentique
加工业	jia:gong:ye	n.	industrie de transformation
兔	tu	n.	lapin
内容丰富	nei:rong:feng:fu	adj.	riche en contenu
烹调	peng:tiao	v.	cuisiner
烹调	peng:tiao	n.	cuisine
日程	ri:cheng	n.	emploi du temps
以求	yi:qiu	conj.	afin de chercher
南瓜	nan:gua	n.	citrouille
新闻中心	xin:wen:zhong:xin	n.	centre de presse
订	ding	v.	commander
乾坤	qian:kun	n.	univers
韵味	yun:wei	n.	charme
重点工程	zhong:dian:gong:cheng	n.	projet clé
自强	zi:qiang	v.	se renforcer
北京西	bei:jing:xi	n.	Beijing West
必读	bi:du	v.	à lire absolument
唐僧	tang:seng	n.	Moine Tang
地盘	di:pan	n.	territoire
六中全会	liu:zhong:quan:hui	n.	sixième session plénière
恰当的	qia:dang:de	adj.	approprié
总管	zong:guan	n.	gestionnaire
总管	zong:guan	v.	gérer
多渠道	duo:qu:dao	adj.	multicanal
马达	ma:da	n.	moteur
内部审计	nei:bu:shen:ji	n.	audit interne
休假	xiu:jia	v.	prendre des vacances
休假	xiu:jia	n.	vacances
什么样	shen:me:yang	pron.	quel genre de
反驳	fan:bo	v.	réfuter
酒杯	jiu:bei	n.	verre à vin
朴	pu	adj.	simple
长辈	zhang:bei	n.	aîné
剧组	ju:zu	n.	équipe de tournage
大火	da:huo	n.	grand incendie
瞎	xia	adj.	aveugle
瞎	xia	adv.	aveuglément
柔情	rou:qing	n.	tendresse
仅限	jin:xian	v.	limiter à
稀释	xi:shi	v.	diluer
民主管理	min:zhu:guan:li	n.	gestion démocratique
资格审查	zi:ge:shen:cha	n.	examen de qualification
合资企业	he:zi:qi:ye	n.	entreprise commune
逐步形成	zhu:bu:xing:cheng	v.	se former progressivement
摘	zhai	v.	cueillir
不妥	bu:tuo	adj.	inapproprié
扩大到	kuo:da:dao	v.	étendre à
鞭	bian	n.	fouet
世界第一	shi:jie:di:yi	n.	numéro un mondial
世界第一	shi:jie:di:yi	adj.	le meilleur du monde
第二名	di:er:ming	n.	deuxième place
俺	an	pron.	moi
会成为	hui:cheng:wei	v.	devenir
阐明	chan:ming	v.	élucider
分泌物	fen:mi:wu	n.	sécrétion
受害	shou:hai	v.	être victime
外籍	wai:ji	n.	nationalité étrangère
溃疡	kui:yang	n.	ulcère
目标管理	mu:biao:guan:li	n.	management par objectifs
该院	gai:yuan	n.	cet établissement
殿堂	dian:tang	n.	palais, salle
头盔	tou:kui	n.	casque
斤	jin	mw.	geun
原地	yuan:di	n.	place d'origine
菠菜	bo:cai	n.	épinard
抉择	jue:ze	v.	choisir, choisir
副省长	fu:sheng:zhang	n.	vice-gouverneur
极致	ji:zhi	n.	extrême, ultime
南门	nan:men	n.	porte sud
建房	jian:fang	v.	construire une maison
若能	ruo:neng	conj.	si peut
新老客户	xin:lao:ke:hu	n.	nouveaux et anciens clients
优惠的	you:hui:de	adj.	préférentiel, avantageux
之列	zhi:lie	n.	rang, catégorie
升至	sheng:zhi	v.	monter à
每每	mei:mei	adv.	souvent, fréquemment
英文名称	ying:wen:ming:cheng	n.	nom anglais
按要求	an:yao:qiu	prep.	selon les exigences
办了	ban:le	v.	fait, traité
交由	jiao:you	v.	remettre à
为零	wei:ling	v.	être nul
我只能	wo:zhi:neng	pron.	je ne peux que
帕萨特	pa:sa:te	n.	Passat
在中央	zai:zhong:yang	prep.	au centre
与我国	yu:wo:guo	prep.	avec mon pays
院系	yuan:xi	n.	faculté et département
公司产品	gong:si:chan:pin	n.	produits de l'entreprise
无私	wu:si	adj.	désintéressé
每秒	mei:miao	num.	par seconde
缓和	huan:he	v.	apaiser, atténuer
缓和	huan:he	adj.	modéré
赚了	zhuan:le	v.	gagné
这两天	zhe:liang:tian	n.	ces derniers jours
文选	wen:xuan	n.	anthologie
卡特	ka:te	n.	Carter
热忱	re:chen	n.	enthousiasme
热忱	re:chen	adj.	enthousiaste
定型	ding:xing	v.	se stabiliser, standardiser
宣读	xuan:du	v.	proclamer, lire à haute voix
倍以上	bei:yi:shang	num.	plus du double
并不会	bing:bu:hui	adv.	ne ... pas du tout
晚间	wan:jian	n.	soirée
在党	zai:dang	prep.	au sein du parti
孵化	fu:hua	v.	éclore
卖掉	mai:diao	v.	vendre
上缴	shang:jiao	v.	remettre
她自己	ta:zi:ji	pron.	elle-même
铁道	tie:dao	n.	chemin de fer
这台	zhe:tai	mw.	cette (machine)
千兆	qian:zhao	num.	giga
窗体	chuang:ti	n.	cadre de fenêtre
减退	jian:tui	v.	décliner
收养	shou:yang	v.	adopter
这家伙	zhe:jia:huo	n.	ce gars
任用	ren:yong	v.	employer
坏死	huai:si	v.	nécroser
无缘	wu:yuan	adj.	sans lien
心理素质	xin:li:su:zhi	n.	qualité mentale
硬化	ying:hua	v.	durcir
未填	wei:tian	v.	non rempli
严格要求	yan:ge:yao:qiu	n.	exigence stricte
服务意识	fu:wu:yi:shi	n.	sens du service
好呢	hao:ne	part.	particule
气血	qi:xie	n.	qi et sang
气血	qi:xue	n.	qi et sang
无可奈何	wu:ke:nai:he	adj.	impuissant
详尽	xiang:jin	adj.	détaillé
要不是	yao:bu:shi	conj.	si ce n'était
绝无	jue:wu	adv.	absolument aucun
瓦斯	wa:si	n.	gaz
男装	nan:zhuang	n.	vêtements pour hommes
镇政府	zhen:zheng:fu	n.	gouvernement de bourg
野马	ye:ma	n.	cheval sauvage
坦然	tan:ran	adj.	calme
义务人	yi:wu:ren	n.	obligé
记下	ji:xia	v.	noter
躯体	qu:ti	n.	corps
翅	chi	n.	aile
阿弥陀佛	e:mi:tuo:fo	int.	Amitabha
重中之重	zhong:zhong:zhi:zhong	n.	priorité absolue
愈来愈	yu:lai:yu	adv.	de plus en plus
管理服务	guan:li:fu:wu	n.	service de gestion
回购	hui:gou	v.	racheter
上台	shang:tai	v.	monter sur scène
上台	shang:tai	v.	entrer en fonction
背诵	bei:song	v.	réciter
爱上了	ai:shang:le	v.	tomber amoureux
发财	fa:cai	v.	s'enrichir
可言	ke:yan	adj.	dicible
光顾	guang:gu	v.	fréquenter
加水	jia:shui	v.	ajouter de l'eau
签署了	qian:shu:le	v.	signé
酒水	jiu:shui	n.	boissons
局限于	ju:xian:yu	v.	être limité à
得天独厚	de:tian:du:hou	adj.	exceptionnellement favorisé
顾虑	gu:lv	n.	préoccupation
顾虑	gu:lv	v.	s'inquiéter
乌克兰	wu:ke:lan	n.	Ukraine
组织工作	zu:zhi:gong:zuo	n.	travail d'organisation
逃离	tao:li	v.	s'échapper
月中	yue:zhong	n.	milieu du mois
告诉大家	gao:su:da:jia	v.	dire à tous
暗自	an:zi	adv.	secrètement
不具有	bu:ju:you	v.	ne pas posséder
前天	qian:tian	n.	avant-hier
酌情	zhuo:qing	v.	selon la situation
错过了	cuo:guo:le	v.	manqué
紧迫	jin:po	adj.	urgent
人民网	ren:min:wang	n.	site du Quotidien du Peuple
柯达	ke:da	n.	Kodak
再好	zai:hao	adv.	aussi bon que
欢呼	huan:hu	v.	acclamer
欢呼	huan:hu	n.	acclamation
狂欢	kuang:huan	v.	faire la fête
狂欢	kuang:huan	n.	réjouissance
荣誉会员	rong:yu:hui:yuan	n.	membre honoraire
先进文化	xian:jin:wen:hua	n.	culture avancée
内部控制	nei:bu:kong:zhi	n.	contrôle interne
高级工程师	gao:ji:gong:cheng:shi	n.	ingénieur principal
肠	chang	n.	intestin
捕获	bu:huo	v.	capturer
雀	que	n.	moineau
外加	wai:jia	v.	ajouter
备考	bei:kao	v.	préparer un examen
挤挤	ji:ji	v.	se serrer
附图	fu:tu	n.	schéma joint
非常大	fei:chang:da	adj.	très grand
是否存在	shi:fou:cun:zai	v.	si existe
多说	duo:shuo	v.	parler plus
万岁	wan:sui	int.	vive
元器件	yuan:qi:jian	n.	composant
仙人	xian:ren	n.	immortel
中外合作	zhong:wai:he:zuo	n.	coopération sino-étrangère
慎	shen	adj.	prudent
我的电脑	wo:de:dian:nao	n.	mon ordinateur
优先考虑	you:xian:kao:lv	v.	prioriser
三季度	san:ji:du	n.	troisième trimestre
鸭子	ya:zi	n.	canard
物流管理	wu:liu:guan:li	n.	gestion logistique
广告位置	guang:gao:wei:zhi	n.	emplacement publicitaire
该局	gai:ju	n.	le bureau
斯柯达	si:ke:da	n.	Skoda
研发中心	yan:fa:zhong:xin	n.	centre de R&D
盆	pen	n.	bassine
交错	jiao:cuo	v.	s'entrelacer
迁	qian	v.	déménager
工程有限公司	gong:cheng:you:xian:gong:si	n.	société d'ingénierie limitée
研究生院	yan:jiu:sheng:yuan	n.	école doctorale
注视着	zhu:shi:zhe	v.	regarder, fixer
共同体	gong:tong:ti	n.	communauté
殿下	dian:xia	n.	altesse
进行修改	jin:xing:xiu:gai	v.	modifier, réviser
票务	piao:wu	n.	billetterie
揭晓	jie:xiao	v.	révéler, annoncer
里程碑	li:cheng:bei	n.	jalon, pierre de touche
受伤的	shou:shang:de	adj.	blessé, blessé
动态的	dong:tai:de	adj.	dynamique, mobile
监护人	jian:hu:ren	n.	tuteur, gardien
农业局	nong:ye:ju	n.	bureau de l'agriculture
企业信息化	qi:ye:xin:xi:hua	n.	informatisation de l'entreprise
赛场	sai:chang	n.	arène, terrain de jeu
卡巴斯基	ka:ba:si:ji	n.	Kaspersky
缠绵	chan:mian	adj.	mélancolique, tendre
上页	shang:ye	n.	page précédente
战略目标	zhan:lve:mu:biao	n.	objectif stratégisch
减去	jian:qu	v.	soustraire, déduire
谈恋爱	tan:lian:ai	v.	être amoureux, sortir ensemble
在线人数	zai:xian:ren:shu	n.	nombre d'utilisateurs en ligne
另一位	ling:yi:wei	pron.	un autre
镖	biao	n.	dard
小手	xiao:shou	n.	petite main
车友	che:you	n.	passionné d'auto
发信	fa:xin	v.	envoyer un message
我身边	wo:shen:bian	pron.	mon côté
碰上	peng:shang	v.	rencontrer
综述	zong:shu	n.	résumé
综述	zong:shu	v.	résumer
冒着	mao:zhe	v.	risquer
苏格兰	su:ge:lan	n.	Écosse
一下就	yi:xia:jiu	adv.	tout de suite
应邀	ying:yao	v.	accepter une invitation
大餐	da:can	n.	grand repas
任性	ren:xing	adj.	capricieux
零配件	ling:pei:jian	n.	pièces détachées
但是现在	dan:shi:xian:zai	conj.	mais maintenant
中以	zhong:yi	n.	Chine-Israël
片面	pian:mian	adj.	unilatéral
生产总值	sheng:chan:zong:zhi	n.	PIB
倒也	dao:ye	adv.	en fait
丰收	feng:shou	n.	récolte
丰收	feng:shou	v.	récolter
单车	dan:che	n.	bicyclette
房贷	fang:dai	n.	prêt immobilier
使命感	shi:ming:gan	n.	sens de la mission
紊乱	wen:luan	adj.	désordonné
紊乱	wen:luan	v.	désordonner
目标人物	mu:biao:ren:wu	n.	personne cible
目标任务	mu:biao:ren:wu	n.	tâche cible
签的	qian:de	v.	signé
移送	yi:song	v.	transférer
复苏	fu:su	v.	récupérer
找来	zhao:lai	v.	trouver
风波	feng:bo	n.	trouble
活了	huo:le	v.	vécu
活了	huo:le	part.	complété
劣质	lie:zhi	adj.	de mauvaise qualité
眼睛里	yan:jing:li	n.	dans les yeux
大市场	da:shi:chang	n.	grand marché
就做	jiu:zuo	v.	juste faire
面目	mian:mu	n.	apparence
外国语	wai:guo:yu	n.	langue étrangère
外婆	wai:po	n.	grand-mère maternelle
用处	yong:chu	n.	usage
芬	fen	n.	parfum
感到很	gan:dao:hen	v.	se sentir très
服务型	fu:wu:xing	adj.	de type service
能看	neng:kan	v.	pouvoir regarder
长年	chang:nian	n.	longue durée
为了防止	wei:le:fang:zhi	conj.	pour éviter
仙子	xian:zi	n.	fée
有病	you:bing	adj.	malade
显而易见	xian:er:yi:jian	adj.	évident
原型	yuan:xing	n.	prototype
铁观音	tie:guan:yin	n.	Tieguanyin
零食	ling:shi	n.	casse-croûte
长官	zhang:guan	n.	officer
崖	ya	n.	cliff
西服	xi:fu	n.	suit
一字	yi:zi	n.	the character 'one
维他命	wei:ta:ming	n.	vitamin
培训课程	pei:xun:ke:cheng	n.	training course
工作思路	gong:zuo:si:lu	n.	work approach
优良传统	you:liang:chuan:tong	n.	fine tradition
入世	ru:shi	v.	join WTO
丘	qiu	n.	hill
分院	fen:yuan	n.	branch hospital
退款	tui:kuan	v.	refund
如虎	ru:hu	adj.	like a tiger
第四十六条	di:si:shi:liu:tiao	n.	article 46
商业街	shang:ye:jie	n.	shopping street
真题	zhen:ti	n.	actual exam questions
看一看	kan:yi:kan	v.	have a look
公共交通	gong:gong:jiao:tong	n.	public transport
领带	ling:dai	n.	tie
技术中心	ji:shu:zhong:xin	n.	centre technique
救了	jiu:le	v.	sauver
妻室	qi:shi	n.	belle-famille
项目合作	xiang:mu:he:zuo	n.	coopération de projet
有谁	you:shei	pron.	qui
有谁	you:shui	pron.	qui
点击这里	dian:ji:zhe:li	v.	cliquer ici
定做	ding:zuo	v.	faire sur mesure
文史	wen:shi	n.	littérature et histoire
中高档	zhong:gao:dang	adj.	milieu de gamme supérieur
饥饿	ji:e	n.	faim
饥饿	ji:e	adj.	affamé
培养目标	pei:yang:mu:biao	n.	objectif de formation
正视	zheng:shi	v.	faire face
脑中	nao:zhong	n.	dans l'esprit
车库	che:ku	n.	garage
可操作性	ke:cao:zuo:xing	n.	opérabilité
小男孩	xiao:nan:hai	n.	petit garçon
实际工作	shi:ji:gong:zuo	n.	travail réel
往外	wang:wai	prep.	vers l'extérieur
哈哈大笑	ha:ha:da:xiao	v.	rire aux éclats
居住在	ju:zhu:zai	v.	résider
多情	duo:qing	adj.	sentimental
大风	da:feng	n.	vent fort
第四十五条	di:si:shi:wu:tiao	num.	article 45
觉悟	jue:wu	v.	réaliser, s'éveiller
觉悟	jue:wu	n.	conscience, prise de conscience
热血	re:xie	n.	sang chaud, passion
热血	re:xue	adj.	passionné, fougueux
科学发展	ke:xue:fa:zhan	n.	développement scientifique
奉行	feng:xing	v.	appliquer, pratiquer
大喊	da:han	v.	crier, hurler
全体会议	quan:ti:hui:yi	n.	réunion plénière
绝不会	jue:bu:hui	adv.	absolument pas
设计单位	she:ji:dan:wei	n.	unité de conception
下水	xia:shui	v.	mettre à l'eau
寒假	han:jia	n.	vacances d'hiver
正因为	zheng:yin:wei	conj.	just because, precisely because
蠢	chun	adj.	stupide, idiot
用户登录	yong:hu:deng:lu	n.	connexion utilisateur
詹姆斯	zhan:mu:si	n.	James
牟利	mou:li	v.	profiter, faire du profit
庙	miao	n.	temple
潘	pan	n.	Pan
飞舞	fei:wu	v.	danser, voltiger
页码	ye:ma	n.	numéro de page
求得	qiu:de	v.	obtenir
贸易公司	mao:yi:gong:si	n.	société de commerce
电话机	dian:hua:ji	n.	téléphone
防爆	fang:bao	v.	anti-explosion
很长时间	hen:chang:shi:jian	n.	longtemps
一世	yi:shi	n.	une vie
组别	zu:bie	n.	catégorie
客服信箱	ke:fu:xin:xiang	n.	boîte de service client
市容	shi:rong	n.	apparence de la ville
重现	chong:xian	v.	réapparaître
现身	xian:shen	v.	apparaître
平邮	ping:you	n.	courrier ordinaire
一早	yi:zao	adv.	très tôt
插图	cha:tu	n.	illustration
台州市	tai:zhou:shi	n.	Taizhou
新世界	xin:shi:jie	n.	nouveau monde
发展成为	fa:zhan:cheng:wei	v.	se développer en
半数	ban:shu	n.	moitié
传言	chuan:yan	n.	rumeur
传言	chuan:yan	v.	rumeur
无非	wu:fei	adv.	ne pas plus que
门锁	men:suo	n.	serrure
本职工作	ben:zhi:gong:zuo	n.	travail principal
应尽	ying:jin	v.	devoir remplir
准入	zhun:ru	v.	admettre
准入	zhun:ru	n.	accès
甲级	jia:ji	n.	classe A
森林公园	sen:lin:gong:yuan	n.	parc forestier
肠道	chang:dao	n.	intestin
九州	jiu:zhou	n.	Chine
管理方式	guan:li:fang:shi	n.	mode de gestion
竞争者	jing:zheng:zhe	n.	concurrent
科员	ke:yuan	n.	employé
总的来说	zong:de:lai:shuo	adv.	en général
誉为	yu:wei	v.	être loué comme
后世	hou:shi	n.	générations futures
因缘	yin:yuan	n.	destin
国家宗教	guo:jia:zong:jiao	n.	religion d'État
光绪	guang:xu	n.	Guangxu
忍者	ren:zhe	n.	ninja
悠闲	you:xian	adj.	loisir
做些	zuo:xie	v.	faire un peu
防治工作	fang:zhi:gong:zuo	n.	travail de prévention
上海大众	shang:hai:da:zhong	n.	SAIC Volkswagen
相关知识	xiang:guan:zhi:shi	n.	connaissances connexes
肯德基	ken:de:ji	n.	KFC
窒息	zhi:xi	v.	suffoquer
把关	ba:guan	v.	contrôler
行为规范	xing:wei:gui:fan	n.	code de conduite
民政局	min:zheng:ju	n.	bureau des affaires civiles
颖	ying	n.	intelligence
侵蚀	qin:shi	v.	éroder
小王	xiao:wang	n.	Xiao Wang
资质等级	zi:zhi:deng:ji	n.	niveau de qualification
德军	de:jun	n.	armée allemande
失恋	shi:lian	v.	rompre
责任者	ze:ren:zhe	n.	responsable
不公平	bu:gong:ping	adj.	injuste
诧异	cha:yi	adj.	surpris
埋怨	man:yuan	v.	se plaindre
拖着	tuo:zhe	v.	traîner
咽喉	yan:hou	n.	gorge
妖精	yao:jing	n.	lutin
决战	jue:zhan	n.	bataille décisive
仅有的	jin:you:de	adj.	seul
习惯于	xi:guan:yu	v.	s'habituer
活动时间	huo:dong:shi:jian	n.	temps d'activité
一两	yi:liang	num.	un ou deux
进行比较	jin:xing:bi:jiao	v.	comparer
受害人	shou:hai:ren	n.	victime
台独	tai:du	n.	indépendance de Taiwan
暂行条例	zan:xing:tiao:li	n.	règlement provisoire
才算	cai:suan	v.	compter comme
待机时间	dai:ji:shi:jian	n.	temps de veille
冲出	chong:chu	v.	surgir
嵌套	qian:tao	v.	imbriquer
截止时间	jie:zhi:shi:jian	n.	date limite
社会管理	she:hui:guan:li	n.	gestion sociale
自己做	zi:ji:zuo	v.	faire soi-même
上访	shang:fang	v.	pétitionner
树枝	shu:zhi	n.	branche
拓	tuo	v.	étendre, développer
晴转多云	qing:zhuan:duo:yun	adj.	ensoleillé à nuageux
向右	xiang:you	adv.	vers la droite
只因	zhi:yin	conj.	seulement parce que
做着	zuo:zhe	v.	en train de faire
娶	qu	v.	épouser
开工建设	kai:gong:jian:she	v.	commencer la construction
药剂	yao:ji	n.	agent, solution
在很大程度上	zai:hen:da:cheng:du:shang	adv.	dans une large mesure
市场调查	shi:chang:diao:cha	n.	étude de marché
生产过程	sheng:chan:guo:cheng	n.	processus de production
为适应	wei:shi:ying	conj.	pour s'adapter
路灯	lu:deng	n.	lampadaire
下落	xia:luo	n.	destination, chute
附有	fu:you	v.	être accompagné de
好心	hao:xin	n.	bonne intention
快来	kuai:lai	v.	venir vite
箱包	xiang:bao	n.	sacs, bagagerie
语言文字	yu:yan:wen:zi	n.	langage et écriture
科研项目	ke:yan:xiang:mu	n.	projet de recherche scientifique
发来	fa:lai	v.	envoyer
失衡	shi:heng	v.	perdre l'équilibre
失衡	shi:heng	n.	déséquilibre
短语	duan:yu	n.	phrase
外文	wai:wen	n.	langue étrangère
纱	sha	n.	gaze, fil
监督员	jian:du:yuan	n.	superviseur
骷髅	ku:lou	n.	squelette
汽配	qi:pei	n.	pièces auto
主干	zhu:gan	n.	tronc, tige principale
行为人	xing:wei:ren	n.	auteur, acteur
祭奠	ji:dian	v.	commémorer les morts
太监	tai:jian	n.	eunuque
周易	zhou:yi	n.	Yi Jing
极点	ji:dian	n.	pôle, extrême
祭典	ji:dian	n.	cérémonie, rituel
抬起头	tai:qi:tou	v.	lever la tête
战略合作	zhan:lve:he:zuo	n.	coopération stratégique
或多或少	huo:duo:huo:shao	adv.	plus ou moins
位数	wei:shu	n.	chiffre, rang
闻到	wen:dao	v.	sentir, sentir l'odeur
学好	xue:hao	v.	bien apprendre
情结	qing:jie	n.	complexe
一分钱	yi:fen:qian	n.	un cent
漏	lou	v.	fuir
漏	lou	n.	fuite
极速	ji:su	n.	vitesse extrême
尿素	niao:su	n.	urée
完好	wan:hao	adj.	intact
会员卡	hui:yuan:ka	n.	carte de membre
天龙	tian:long	n.	Tianlong
想一想	xiang:yi:xiang	v.	réfléchir
少妇	shao:fu	n.	jeune femme mariée
住处	zhu:chu	n.	lieu de résidence
数据采集	shu:ju:cai:ji	n.	collecte de données
忠告	zhong:gao	n.	conseil
忠告	zhong:gao	v.	conseiller
田园	tian:yuan	n.	campagne
贴身	tie:shen	adj.	moulant
特别提示	te:bie:ti:shi	n.	avis spécial
何等	he:deng	adv.	quelque
翻新	fan:xin	v.	rénover
两千	liang:qian	num.	2,000
迅速地	xun:su:de	adv.	rapidement
充值卡	chong:zhi:ka	n.	carte de recharge
出演	chu:yan	v.	jouer, apparaître
里头	li:tou	n.	dedans, intérieur
树种	shu:zhong	n.	espèce d'arbre
工人阶级	gong:ren:jie:ji	n.	classe ouvrière
营业厅	ying:ye:ting	n.	salle de vente, bureau
往年	wang:nian	n.	années passées
一半的	yi:ban:de	adj.	moitié, moitié de
主题曲	zhu:ti:qu	n.	chanson thème
流体	liu:ti	n.	fluide
商贸通	shang:mao:tong	n.	info commerciale
团支部	tuan:zhi:bu	n.	branche de la ligue
网络设备	wang:luo:she:bei	n.	équipement réseau
有幸	you:xing	adv.	avoir la chance
金子	jin:zi	n.	oru
利税	li:shui	n.	profits et taxes
软件产品	ruan:jian:chan:pin	n.	produit logiciel
强者	qiang:zhe	n.	personne forte
请下载	qing:xia:zai	v.	veuillez télécharger
几方面	ji:fang:mian	n.	plusieurs aspects
设计制作	she:ji:zhi:zuo	v.	concevoir et produire
小熊	xiao:xiong	n.	petit ours
波形	bo:xing	n.	forme d'onde
建设规划	jian:she:gui:hua	n.	plan de construction
海峡	hai:xia	n.	détroit
食指	shi:zhi	n.	index
点火	dian:huo	v.	allumer
化身	hua:shen	n.	incarnation
老天	lao:tian	n.	die Götter
已满	yi:man	adj.	plein
培养出	pei:yang:chu	v.	cultiver
一模一样	yi:mu:yi:yang	adj.	identique
抗震	kang:zhen	v.	résistance sismique
留学人员	liu:xue:ren:yuan	n.	étudiants étrangers
豪宅	hao:zhai	n.	manoir
胡乱	hu:luan	adv.	n'importe comment
无从	wu:cong	v.	ne pas avoir de moyen
腹痛	fu:tong	n.	mal de ventre
同在	tong:zai	v.	être ensemble
密切配合	mi:qie:pei:he	v.	coordonner étroitement
肠胃	chang:wei	n.	estomac et intestins
出入境	chu:ru:jing	n.	entrée et sortie
谨	jin	v.	être prudent
本栏	ben:lan	n.	cette colonne
党总支	dang:zong:zhi	n.	branche générale du parti
可疑	ke:yi	adj.	suspect
用上	yong:shang	v.	commencer à utiliser
尽管如此	jin:guan:ru:ci	conj.	néanmoins
水处理	shui:chu:li	n.	traitement de l'eau
无痕	wu:hen	adj.	sans trace
汉代	han:dai	n.	dynastie Han
决定书	jue:ding:shu	n.	décision
高速增长	gao:su:zeng:zhang	n.	croissance rapide
驴友	lv:you	n.	compagnon de voyage
管理能力	guan:li:neng:li	n.	capacité de gestion
全局变量	quan:ju:bian:liang	n.	variable globale
竭力	jie:li	v.	faire tout son possible
珊	shan	n.	corail
受体	shou:ti	n.	récepteur
战绩	zhan:ji	n.	palmarès
发帖数量	fa:tie:shu:liang	n.	nombre de messages
妥善处理	tuo:shan:chu:li	v.	traiter convenablement
问到	wen:dao	v.	demander
结婚了	jie:hun:le	v.	se marier
盼望	pan:wang	v.	espérer
归类	gui:lei	v.	classer
被发现	bei:fa:xian	v.	être découvert
所载	suo:zai	n.	contenu enregistré
闻名	wen:ming	v.	être célèbre
传世	chuan:shi	v.	transmettre à la postérité
杀害	sha:hai	v.	tuer
脸颊	lian:jia	n.	joue
不规则	bu:gui:ze	adj.	irrégulier
孤儿	gu:er	n.	orphelin
晚年	wan:nian	n.	vieillesse
明朗	ming:lang	adj.	clair
他俩	ta:lia	pron.	eux deux
星辰	xing:chen	n.	étoiles
严厉打击	yan:li:da:ji	v.	réprimer sévèrement
一整套	yi:zheng:tao	mw.	un ensemble complet
行政村	xing:zheng:cun	n.	village administratif
飞速发展	fei:su:fa:zhan	v.	se développer rapidement
做不到	zuo:bu:dao	v.	ne pas pouvoir faire
次年	ci:nian	n.	l'année suivante
清明	qing:ming	n.	festival de Qingming
新农村	xin:nong:cun	n.	nouveau village rural
高水平的	gao:shui:ping:de	adj.	de haut niveau
提着	ti:zhe	v.	porter
一年来	yi:nian:lai	prep.	durant l'année écoulée
腾飞	teng:fei	v.	s'envoler, décoller
吓了一跳	xia:le:yi:tiao	v.	être surpris, être effrayé
前置	qian:zhi	v.	préposer, placer devant
银行贷款	yin:hang:dai:kuan	n.	prêt bancaire
霸王	ba:wang	n.	tyran, despote
教学改革	jiao:xue:gai:ge	n.	réforme de l'enseignement
装机	zhuang:ji	v.	installer un système
认出	ren:chu	v.	reconnaître
时间长	shi:jian:chang	adj.	longtemps
手机铃声	shou:ji:ling:sheng	n.	sonnerie de téléphone
电量	dian:liang	n.	capacité électrique
水印	shui:yin	n.	filigrane
高峰期	gao:feng:qi	n.	période de pointe
得当	de:dang	adj.	approprié
家禽	jia:qin	n.	volaille
残联	can:lian	n.	fédération des handicapés
不远处	bu:yuan:chu	n.	pas loin
内蒙	nei:meng	n.	mongolie intérieure
新一	xin:yi	n.	Xin Yi
洛杉矶	luo:shan:ji	n.	Los Angeles
毛发	mao:fa	n.	poil, cheveu
一粒	yi:li	num.	un grain
海量	hai:liang	n.	quantité immense
海量	hai:liang	adj.	capacité immense
毕业证	bi:ye:zheng	n.	diplôme
坐到	zuo:dao	v.	s'asseoir sur
并成	bing:cheng	v.	fusionner
根基	gen:ji	n.	fondation, base
自然而然	zi:ran:er:ran	adv.	naturellement
抛出	pao:chu	v.	lancer, jeter
要花	yao:hua	v.	coûter, prendre
音符	yin:fu	n.	note de musique
肛门	gang:men	n.	anus
深喉	shen:hou	n.	gorge profonde
田间	tian:jian	n.	champs
苍蝇	cang:ying	n.	mouche
转过	zhuan:guo	v.	tourner
回到家	hui:dao:jia	v.	rentrer à la maison
打倒	da:dao	v.	renverser, abattre
上个世纪	shang:ge:shi:ji	n.	siècle dernier
资金来源	zi:jin:lai:yuan	n.	source de fonds
充分调动	chong:fen:diao:dong	v.	mobiliser pleinement
出家	chu:jia	v.	se faire moine
精装	jing:zhuang	adj.	relié
波长	bo:chang	n.	longueur d'onde
行业管理	hang:ye:guan:li	n.	gestion de l'industrie
响亮	xiang:liang	adj.	sonore
浏览者	liu:lan:zhe	n.	navigateur
城乡居民	cheng:xiang:ju:min	n.	habitants urbains et ruraux
灭亡	mie:wang	v.	périr
网格	wang:ge	n.	grille
股份公司	gu:fen:gong:si	n.	société par actions
复式	fu:shi	adj.	double-entry
较弱	jiao:ruo	adj.	relativement faible
仆	pu	n.	serviteur
字典	zi:dian	n.	dictionnaire
辞退	ci:tui	v.	renvoyer
沿江	yan:jiang	adj.	le long du fleuve
惭愧	can:kui	adj.	honteux
聚合物	ju:he:wu	n.	polymère
一万元	yi:wan:yuan	num.	10 000 yuans
专营	zhuan:ying	v.	exploiter exclusivement
村民委员会	cun:min:wei:yuan:hui	n.	comité de village
委派	wei:pai	v.	commettre
导线	dao:xian	n.	fil de cuivre
容忍	rong:ren	v.	tolérer
根据地	gen:ju:di	n.	base
路人	lu:ren	n.	passant
同性恋	tong:xing:lian	n.	homosexualité
要件	yao:jian	n.	élément essentiel
大将	da:jiang	n.	général
温情	wen:qing	n.	tendresse
助力	zhu:li	v.	aider
雇佣	gu:yong	v.	employer
乏力	fa:li	adj.	faible
分站	fen:zhan	n.	station secondaire
新春	xin:chun	n.	nouvel an
飞天	fei:tian	n.	apsara volante
工资待遇	gong:zi:dai:yu	n.	salaire et avantages
流淌	liu:tang	v.	couler
卵巢	luan:chao	n.	ovaire
热的	re:de	adj.	chaud
奔波	ben:bo	v.	courir
举止	ju:zhi	n.	manière
一览表	yi:lan:biao	n.	tableau récapitulatif
第九	di:jiu	num.	neuvième
猎头	lie:tou	n.	chasse de têtes
销售渠道	xiao:shou:qu:dao	n.	canal de vente
版权问题	ban:quan:wen:ti	n.	problème de droit d'auteur
世尊	shi:zun	n.	le Bienheureux
赞扬	zan:yang	v.	louer
华语	hua:yu	n.	chinois
适于	shi:yu	v.	convenir
牛仔	niu:zai	n.	cowboy
索性	suo:xing	adv.	tout simplement
睫毛	jie:mao	n.	cil
宙	zhou	n.	univers
客户关系	ke:hu:guan:xi	n.	relations client
李宇春	li:yu:chun	n.	Li Yuchun
融化	rong:hua	v.	fondre
鱼头	yu:tou	n.	tête de poisson
立马	li:ma	adv.	immédiatement
芬芳	fen:fang	adj.	fragrant
芬芳	fen:fang	n.	parfum
我的爱	wo:de:ai	n.	mon amour
传	zhuan	v.	transmettre
传	zhuan	n.	légende
多一点	duo:yi:dian	mw.	un peu plus
尉	wei	n.	officier
继承了	ji:cheng:le	v.	hérité
野猫	ye:mao	n.	chat sauvage
胡子	hu:zi	n.	barbe
回想	hui:xiang	v.	se remémorer
留着	liu:zhe	v.	garder
其三	qi:san	num.	le troisième
我的博客	wo:de:bo:ke	n.	mon blog
屑	xie	n.	débris
学过	xue:guo	v.	avoir étudié
一个地方	yi:ge:di:fang	n.	un endroit
水里	shui:li	n.	dans l'eau
指示灯	zhi:shi:deng	n.	voyant
技术发展	ji:shu:fa:zhan	n.	développement technique
儒学	ru:xue	n.	confucianisme
初学	chu:xue	v.	commencer à apprendre
强悍	qiang:han	adj.	dur, féroce
预料	yu:liao	v.	prévoir, anticiper
叮	ding	v.	piquer, mordre
便民	bian:min	v.	rendre la vie facile
暖气	nuan:qi	n.	chauffage
春运	chun:yun	n.	voyage du Nouvel An
世家	shi:jia	n.	famille illustre
天河区	tian:he:qu	n.	district Tianhe
业务发展	ye:wu:fa:zhan	n.	développement des affaires
办实事	ban:shi:shi	v.	faire des choses concrètes
中高级	zhong:gao:ji	adj.	intermédiaire à avancé
版权声明	ban:quan:sheng:ming	n.	avis de droit d'auteur
教育改革	jiao:yu:gai:ge	n.	réforme de l'éducation
身份证复印件	shen:fen:zheng:fu:yin:jian	n.	copie de la carte d'identité
巡查	xun:cha	v.	patrouiller, inspecter
游戏规则	you:xi:gui:ze	n.	règles du jeu
单体	dan:ti	n.	monomère
就地	jiu:di	adv.	sur place
当着	dang:zhe	prep.	devant
捂	wu	v.	couvrir
洞口	dong:kou	n.	entrée de grotte
烦躁	fan:zao	adj.	irritable
烦躁	fan:zao	v.	s'irriter
高地	gao:di	n.	haute terre
近两年	jin:liang:nian	n.	ces deux dernières années
涩	se	adj.	astringent
进行研究	jin:xing:yan:jiu	v.	mener une recherche
商业化	shang:ye:hua	n.	commercialisation
商业化	shang:ye:hua	v.	commercialiser
专升本	zhuan:sheng:ben	n.	passage du DEUG à la licence
尚书	shang:shu	n.	Classique des documents
直奔	zhi:ben	v.	se précipiter vers
派对	pai:dui	n.	fête
婚约	hun:yue	n.	fiançailles
苦苦	ku:ku	adv.	amèrement
抵挡	di:dang	v.	résister
化作	hua:zuo	v.	se transformer en
配送费	pei:song:fei	n.	frais de livraison
直击	zhi:ji	v.	frapper directement
主要技术	zhu:yao:ji:shu	n.	technologie principale
摆设	bai:she	n.	ornement
交流平台	jiao:liu:ping:tai	n.	plateforme d'échange
所不同	suo:bu:tong	v.	différer
晋级	jin:ji	v.	progresser
内侧	nei:ce	n.	côté intérieur
大一	da:yi	n.	étudiant de première année
看不出	kan:bu:chu	v.	ne pas pouvoir distinguer
鲜奶	xian:nai	n.	lait frais
先去	xian:qu	v.	aller d'abord
神圣的	shen:sheng:de	adj.	sacré
有两	you:liang	v.	avoir deux
狠狠地	hen:hen:de	adv.	cruellement
子曰	zi:yue	v.	Confucius dit
注射液	zhu:she:ye	n.	solution injectable
手柄	shou:bing	n.	poignée
红花	hong:hua	n.	carthame
取水	qu:shui	v.	puiser de l'eau
印证	yin:zheng	v.	vérifier
城市发展	cheng:shi:fa:zhan	n.	développement urbain
呻吟	shen:yin	v.	gémir
半个月	ban:ge:yue	n.	demi-mois
建的	jian:de	adj.	construit
变速器	bian:su:qi	n.	boîte de vitesses
起名	qi:ming	v.	nommer
再过	zai:guo	v.	après encore
总队	zong:dui	n.	quartier général
解到	jie:dao	v.	résoudre
农村基层	nong:cun:ji:ceng	n.	base rurale
所受	suo:shou	v.	reçu
代收	dai:shou	v.	encaisser pour autrui
不讲	bu:jiang	v.	ne pas dire
过时	guo:shi	adj.	démodé
通向	tong:xiang	v.	mener à
剧中	ju:zhong	n.	dans la pièce
途经	tu:jing	v.	passer par
海运	hai:yun	n.	transport maritime
海运	hai:yun	v.	transporter par mer
左键	zuo:jian	n.	touche gauche
诧	cha	v.	s'étonner
停顿	ting:dun	v.	faire une pause
停顿	ting:dun	n.	pause
匈奴	xiong:nu	n.	Xiongnu
两性	liang:xing	n.	sexualité
柴	chai	n.	bois de chauffage
耽误	dan:wu	v.	retarder
一站式	yi:zhan:shi	adj.	one-stop
协会会员	xie:hui:hui:yuan	n.	membre d'association
孙悟空	sun:wu:kong	n.	Sun Wukong
转而	zhuan:er	conj.	au lieu de
公共利益	gong:gong:li:yi	n.	intérêt public
避孕套	bi:yun:tao	n.	préservatif
传动	chuan:dong	n.	transmission
会费	hui:fei	n.	cotisation
每分钟	mei:fen:zhong	num.	par minute
免责	mian:ze	v.	exonérer
树形	shu:xing	n.	structure arborescente
木板	mu:ban	n.	planche
甜美	tian:mei	adj.	doux, sucré
甜美	tian:mei	n.	douceur
诱人	you:ren	adj.	séduisant
跳了	tiao:le	v.	sauté
总产值	zong:chan:zhi	n.	valeur de production totale
按期	an:qi	adv.	à temps
雕像	diao:xiang	n.	statue
开张	kai:zhang	v.	ouvrir
繁重	fan:zhong	adj.	lourd, pesant
承受能力	cheng:shou:neng:li	n.	capacité d'endurance
乐团	yue:tuan	n.	orchestre
点滴	dian:di	n.	gouttes
点滴	dian:di	adj.	graduel
挥手	hui:shou	v.	saluer de la main
走着	zou:zhe	v.	marcher
击中	ji:zhong	v.	frapper
这一个	zhe:yi:ge	pron.	celui-ci
转弯	zhuan:wan	v.	tourner
干事	gan:shi	n.	organisateur
杆	gan	n.	bâton, perche
大喜	da:xi	v.	se réjouir
最根本	zui:gen:ben	adj.	plus fondamental
或将	huo:jiang	adv.	peut-être que
远大	yuan:da	adj.	grand
忽视了	hu:shi:le	v.	négliger
部分人	bu:fen:ren	n.	certaines personnes
龙门	long:men	n.	Longmen
单人	dan:ren	n.	personne seule
方形	fang:xing	n.	carré
前世	qian:shi	n.	vie antérieure
主要业务	zhu:yao:ye:wu	n.	activité principale
充分考虑	chong:fen:kao:lv	v.	considérer pleinement
所面临	suo:mian:lin	v.	faire face à
国标	guo:biao	n.	norme nationale
深入研究	shen:ru:yan:jiu	v.	étudier en profondeur
风范	feng:fan	n.	style
迄今	qi:jin	adv.	jusqu'à présent
抽象的	chou:xiang:de	adj.	abstrait
短文	duan:wen	n.	essai
转基因	zhuan:ji:yin	n.	génie génétique
过低	guo:di	adj.	trop bas
举报电话	ju:bao:dian:hua	n.	ligne de dénonciation
地球上	di:qiu:shang	n.	sur terre
请发	qing:fa	v.	veuillez envoyer
实践能力	shi:jian:neng:li	n.	capacité pratique
年均增长	nian:jun:zeng:zhang	v.	croissance annuelle moyenne
钱财	qian:cai	n.	argent et richesse
投资公司	tou:zi:gong:si	n.	société d'investissement
西街	xi:jie	n.	rue ouest
衍生	yan:sheng	v.	dériver
该地区	gai:di:qu	n.	la région
熟人	shou:ren	n.	connaissance
熟人	shu:ren	n.	connaissance
涵	han	n.	contenir
世俗	shi:su	adj.	séculier
城市里	cheng:shi:li	n.	en ville
从来不	cong:lai:bu	adv.	ne jamais
野心	ye:xin	n.	ambition
校验	jiao:yan	v.	vérifier
理论知识	li:lun:zhi:shi	n.	connaissances théoriques
麦克风	mai:ke:feng	n.	microphone
新婚	xin:hun	adj.	nouveau marié
一对一	yi:dui:yi	num.	un à un
成就感	cheng:jiu:gan	n.	sentiment d'accomplissement
媒体报道	mei:ti:bao:dao	n.	reportage médiatique
效果好	xiao:guo:hao	adj.	bon effet
资金投入	zi:jin:tou:ru	n.	investissement de capital
展现了	zhan:xian:le	v.	a montré
肺炎	fei:yan	n.	pneumonie
患儿	huan:er	n.	enfant malade
坠	zhui	v.	tomber
发生过	fa:sheng:guo	v.	est arrivé
努力实现	nu:li:shi:xian	v.	s'efforcer de réaliser
企业性质	qi:ye:xing:zhi	n.	nature de l'entreprise
医疗费用	yi:liao:fei:yong	n.	frais médicaux
全世界的	quan:shi:jie:de	adj.	mondial
庄家	zhuang:jia	n.	maison
赔	pei	v.	perdre de l'argent
渊源	yuan:yuan	n.	origine
创下	chuang:xia	v.	établir
涨	zhang	v.	monter
乌龟	wu:gui	n.	tortue
黄健翔	huang:jian:xiang	n.	Huang Jianxiang
帮助企业	bang:zhu:qi:ye	v.	aider l'entreprise
点击下载	dian:ji:xia:zai	v.	cliquer pour télécharger
检定	jian:ding	v.	vérifier
启蒙	qi:meng	v.	initier
好些	hao:xie	pron.	quelques
悬念	xuan:nian	n.	suspense
国际经济	guo:ji:jing:ji	n.	économie internationale
考勤	kao:qin	n.	assiduité
凝固	ning:gu	v.	coaguler
凝固	ning:gu	v.	solidifier
嘟	du	onom.	pout
崩	beng	v.	s'effondrer
国际竞争力	guo:ji:jing:zheng:li	n.	compétitivité internationale
司法部	si:fa:bu	n.	ministère de la Justice
处女座	chu:nv:zuo	n.	Vierge
雷电	lei:dian	n.	tonnerre et éclair
不能不	bu:neng:bu	adv.	ne pas pouvoir s'empêcher de
怎么办呢	zen:me:ban:ne	int.	que faire
薛	xue	n.	Xue
经常性	jing:chang:xing	adj.	régulier
农业机械	nong:ye:ji:xie	n.	machinerie agricole
站内搜索	zhan:nei:sou:suo	n.	recherche sur le site
绝对不会	jue:dui:bu:hui	adv.	absolument pas
预付	yu:fu	v.	prépayer
威望值	wei:wang:zhi	n.	points de prestige
抢占	qiang:zhan	v.	s'emparer de
销售网络	xiao:shou:wang:luo	n.	réseau de vente
藤	teng	n.	vigne
品类	pin:lei	n.	catégorie
罕见	han:jian	adj.	rare
早已经	zao:yi:jing	adv.	déjà
执行董事	zhi:xing:dong:shi	n.	directeur exécutif
猫猫	mao:mao	n.	chaton
是假	shi:jia	adj.	faux
就变成	jiu:bian:cheng	v.	devenir
商业模式	shang:ye:mo:shi	n.	modèle économique
税	shui	n.	taxe
四环	si:huan	n.	quatrième anneau
长大了	zhang:da:le	v.	grandir
生物制品	sheng:wu:zhi:pin	n.	produits biologiques
营业员	ying:ye:yuan	n.	vendeur
随笔	sui:bi	n.	essai
登记注册	deng:ji:zhu:ce	v.	enregistrer
就业服务	jiu:ye:fu:wu	n.	service d'emploi
诗的	shi:de	adj.	poétique
课程设置	ke:cheng:she:zhi	n.	conception de programme
神经系统	shen:jing:xi:tong	n.	système nerveux
逃走	tao:zou	v.	s'enfuir
可再生能源	ke:zai:sheng:neng:yuan	n.	énergie renouvelable
荔枝	li:zhi	n.	litchi
通车	tong:che	v.	ouvrir à la circulation
两套	liang:tao	mw.	deux ensembles
磁性	ci:xing	n.	magnétisme
技术部	ji:shu:bu	n.	département technique
贪污	tan:wu	v.	détourner des fonds
四星级	si:xing:ji	adj.	quatre étoiles
玩忽职守	wan:hu:zhi:shou	v.	négliger ses fonctions
压缩包	ya:suo:bao	n.	fichier compressé
房地产企业	fang:di:chan:qi:ye	n.	entreprise immobilière
谈不上	tan:bu:shang	v.	ne peut être qualifié de
发展环境	fa:zhan:huan:jing	n.	environnement de développement
套件	tao:jian	n.	suite
蜗牛	wo:niu	n.	escargot
仪器设备	yi:qi:she:bei	n.	instruments et équipements
铁道部	tie:dao:bu	n.	ministère des chemins de fer
抵扣	di:kou	v.	déduire
面广	mian:guang	adj.	large étendue
企业邮局	qi:ye:you:ju	n.	bureau de poste d'entreprise
复仇	fu:chou	v.	venger
无耻	wu:chi	adj.	honteux
这群	zhe:qun	n.	ce groupe
注明出处	zhu:ming:chu:chu	v.	citer la source
寓意	yu:yi	n.	sens
抓获	zhua:huo	v.	capturer, arrêter
将领	jiang:ling	n.	général
枯	ku	adj.	flétri, sec
不足以	bu:zu:yi	adv.	pas assez pour
拉链	la:lian	n.	fermeture éclair
认证机构	ren:zheng:ji:gou	n.	organisme de certification
演化	yan:hua	v.	évoluer
演化	yan:hua	n.	évolution
检讨	jian:tao	n.	examen, critique
肝癌	gan:ai	n.	cancer du foie
忠诚度	zhong:cheng:du	n.	loyauté
爱情故事	ai:qing:gu:shi	n.	histoire d'amour
按月	an:yue	adv.	mensuellement
中介公司	zhong:jie:gong:si	n.	société d'intermédiation
经济运行	jing:ji:yun:xing	n.	fonctionnement économique
鞋业	xie:ye	n.	industrie de la chaussure
生活习惯	sheng:huo:xi:guan	n.	habitudes de vie
收敛	shou:lian	v.	restraint, curb
珍品	zhen:pin	n.	trésor, objet rare
名贵	ming:gui	adj.	précieux, coûteux
发展潜力	fa:zhan:qian:li	n.	potentiel de développement
抵抗力	di:kang:li	n.	résistance, immunité
陪着	pei:zhe	v.	accompagner, être avec
这么多年	zhe:me:duo:nian	n.	tant d'années
出国留学	chu:guo:liu:xue	v.	étudier à l'étranger
夜景	ye:jing	n.	vue nocturne, paysage nocturne
友好的	you:hao:de	adj.	amical, amical
联系起来	lian:xi:qi:lai	v.	relier, connecter
篡改	cuan:gai	v.	falsifier, altérer
明确提出	ming:que:ti:chu	v.	énoncer clairement
这些年	zhe:xie:nian	n.	ces dernières années
调味	tiao:wei	v.	assaisonner, aromatiser
谋划	mou:hua	v.	planifier, comploter
评审委员会	ping:shen:wei:yuan:hui	n.	comité d'examen
睡袋	shui:dai	n.	sac de couchage
历史悠久	li:shi:you:jiu	adj.	historique
停止了	ting:zhi:le	v.	s'arrêter
技术有限公司	ji:shu:you:xian:gong:si	n.	société de technologie
经贸委	jing:mao:wei	n.	commission du commerce
嫖客	piao:ke	n.	client de prostitution
人才工作	ren:cai:gong:zuo	n.	travail sur les talents
择优	ze:you	v.	sélectionner le meilleur
对白	dui:bai	n.	dialogue
广大客户	guang:da:ke:hu	n.	vaste clientèle
这个网站	zhe:ge:wang:zhan	n.	ce site web
会计核算	kuai:ji:he:suan	n.	comptabilité
不确定性	bu:que:ding:xing	n.	incertitude
交易会	jiao:yi:hui	n.	foire commerciale
网络系统	wang:luo:xi:tong	n.	système réseau
劣势	lie:shi	n.	désavantage
借此	jie:ci	conj.	par ce moyen
经受	jing:shou	v.	endurer
综合评价	zong:he:ping:jia	n.	évaluation globale
华中	hua:zhong	n.	Chine centrale
译	yi	v.	traduire
市场准入	shi:chang:zhun:ru	n.	accès au marché
帘	lian	n.	rideau
理想信念	li:xiang:xin:nian	n.	idéal et croyance
鸟类	niao:lei	n.	oiseaux
糖	tang	n.	sucre
糖	tang	n.	bonbon
深邃	shen:sui	adj.	profond
围巾	wei:jin	n.	écharpe
怀	huai	v.	embrasser
怀	huai	n.	poitrine
电动机	dian:dong:ji	n.	moteur électrique
有心	you:xin	adj.	intentionnel
行动计划	xing:dong:ji:hua	n.	plan d'action
最关心	zui:guan:xin	v.	se soucier le plus de
大中城市	da:zhong:cheng:shi	n.	grandes et moyennes villes
方法论	fang:fa:lun	n.	méthodologie
鸡肉	ji:rou	n.	viande de poulet
开到	kai:dao	v.	conduire jusqu'à
三中	san:zhong	num.	troisième
城南	cheng:nan	n.	sud de la ville
网络电话	wang:luo:dian:hua	n.	téléphonie IP
吸毒	xi:du	v.	consommer de la drogue
真挚	zhen:zhi	adj.	sincère
驻外	zhu:wai	v.	être en poste à l'étranger
二十一世纪	er:shi:yi:shi:ji	n.	21e siècle
废旧	fei:jiu	adj.	usagé
指控	zhi:kong	v.	accuser
指控	zhi:kong	n.	accusation
愉	yu	adj.	agréable
网络媒体	wang:luo:mei:ti	n.	médias en ligne
师长	shi:zhang	n.	commandant de division
疏忽	shu:hu	v.	négliger
疏忽	shu:hu	n.	négligence
天鹅	tian:e	n.	cygne
耐用	nai:yong	adj.	durable
市教育局	shi:jiao:yu:ju	n.	bureau municipal de l'éducation
所知	suo:zhi	n.	ce que l'on sait
骄	jiao	adj.	fier
徐汇区	xu:hui:qu	n.	district de Xuhui
第四十七条	di:si:shi:qi:tiao	n.	article 47
金黄色	jin:huang:se	adj.	jaune doré
落到	luo:dao	v.	tomber sur
闪存	shan:cun	n.	mémoire flash
划转	hua:zhuan	v.	transférer
保单	bao:dan	n.	police d'assurance
房屋拆迁	fang:wu:chai:qian	n.	démolition de maisons
办公设备	ban:gong:she:bei	n.	équipement de bureau
跨越式发展	kua:yue:shi:fa:zhan	n.	développement par bonds
计算方法	ji:suan:fang:fa	n.	méthode de calcul
大客户	da:ke:hu	n.	grand client
巨型	ju:xing	adj.	géant
农村信用社	nong:cun:xin:yong:she	n.	coopérative de crédit rural
屏障	ping:zhang	n.	écran
透气	tou:qi	v.	respirer
透气	tou:qi	adj.	respirant
翻开	fan:kai	v.	ouvrir
逃脱	tao:tuo	v.	échapper
集体经济	ji:ti:jing:ji	n.	économie collective
健康教育	jian:kang:jiao:yu	n.	éducation à la santé
辈子	bei:zi	n.	vie
深化	shen:hua	v.	approfondir
美国政府	mei:guo:zheng:fu	n.	gouvernement américain
取下	qu:xia	v.	retirer
旋风	xuan:feng	n.	tourbillon
羡	xian	v.	envier
行进	xing:jin	v.	avancer
攻关	gong:guan	v.	résoudre un problème
要钱	yao:qian	v.	demander de l'argent
政府机构	zheng:fu:ji:gou	n.	organisme gouvernemental
尾灯	wei:deng	n.	feu arrière
吊顶	diao:ding	n.	plafond suspendu
国画	guo:hua	n.	peinture chinoise
争创	zheng:chuang	v.	s'efforcer de créer
中南	zhong:nan	n.	Zhongnan
烟花爆竹	yan:hua:bao:zhu	n.	feux d'artifice
月收入	yue:shou:ru	n.	revenu mensuel
糕	gao	n.	gâteau
单机	dan:ji	n.	machine autonome
治疗方法	zhi:liao:fang:fa	n.	méthode de traitement
大多数的	da:duo:shu:de	adj.	majoritaire
角逐	jue:zhu	v.	concurrencer
彬	bin	n.	Bin
曲子	qu:zi	n.	mélodie
每张	mei:zhang	mw.	chaque feuille
收费项目	shou:fei:xiang:mu	n.	article payant
征用	zheng:yong	v.	réquisitionner
愚	yu	adj.	stupide
安康	an:kang	adj.	paisible et sain
妥善	tuo:shan	adj.	approprié
远去	yuan:qu	v.	s'éloigner
城北	cheng:bei	n.	nord de la ville
迫不及待	po:bu:ji:dai	adj.	impatient
高尚的	gao:shang:de	adj.	noble
开销	kai:xiao	n.	dépense
开销	kai:xiao	v.	dépenser
油条	you:tiao	n.	youtiao
出生于	chu:sheng:yu	v.	naître en
所购	suo:gou	n.	articles achetés
下场	xia:chang	n.	fin
下场	xia:chang	v.	descendre sur le terrain
来历	lai:li	n.	origine
狮子座	shi:zi:zuo	n.	lion
监制	jian:zhi	v.	superviser la production
犯罪分子	fan:zui:fen:zi	n.	criminel
融为一体	rong:wei:yi:ti	v.	fusionner
安全带	an:quan:dai	n.	ceinture de sécurité
基地建设	ji:di:jian:she	n.	construction de base
包装材料	bao:zhuang:cai:liao	n.	matériau d'emballage
外衣	wai:yi	n.	manteau
鱼儿	yu:er	n.	poisson
产妇	chan:fu	n.	femme en couches
防疫	fang:yi	v.	prévenir épidémie
技术交流	ji:shu:jiao:liu	n.	échange technique
带我	dai:wo	v.	m'emmener
已婚	yi:hun	adj.	marié
黑社会	hei:she:hui	n.	mafia
几大	ji:da	num.	plusieurs grands
侦探	zhen:tan	n.	détective
疏	shu	adj.	rare
疏	shu	v.	négliger
叶酸	ye:suan	n.	acide folique
小腿	xiao:tui	n.	mollet
保住	bao:zhu	v.	garder
起作用	qi:zuo:yong	v.	agir
伤痛	shang:tong	n.	douleur
伤痛	shang:tong	v.	blesser
育种	yu:zhong	n.	sélection
格林	ge:lin	n.	Grimm
统治者	tong:zhi:zhe	n.	dirigeant
新旧	xin:jiu	adj.	nouveau et ancien
重返	chong:fan	v.	retourner
得益于	de:yi:yu	v.	bénéficier de
乳腺癌	ru:xian:ai	n.	cancer du sein
社科	she:ke	n.	sciences sociales
炫耀	xuan:yao	v.	frimer
引进了	yin:jin:le	v.	introduire
翰	han	n.	écriture
中国网通	zhong:guo:wang:tong	n.	China Netcom
更像	geng:xiang	v.	ressembler davantage
能找到	neng:zhao:dao	v.	pouvoir trouver
帮她	bang:ta	v.	aider elle
堵	du	v.	boucher
堵	du	adj.	encombré
自以为	zi:yi:wei	v.	penser être
劳动力市场	lao:dong:li:shi:chang	n.	marché du travail
注视	zhu:shi	v.	regarder fixement
昨天晚上	zuo:tian:wan:shang	n.	hier soir
九个	jiu:ge	num.	9
家乐福	jia:le:fu	n.	Carrefour
有关系	you:guan:xi	v.	être lié
地方财政	di:fang:cai:zheng	n.	finances locales
签订合同	qian:ding:he:tong	v.	signer un contrat
还是会	hai:shi:hui	adv.	quand même
水箱	shui:xiang	n.	réservoir d'eau
销售经理	xiao:shou:jing:li	n.	directeur des ventes
分钱	fen:qian	v.	partager de l'argent
开课	kai:ke	v.	commencer un cours
面条	mian:tiao	n.	nouilles
一剑	yi:jian	num.	une épée
右边的	you:bian:de	adj.	de droite
显出	xian:chu	v.	montrer
诚招	cheng:zhao	v.	recruter sincèrement
腕	wan	n.	poignet
腕	wan	n.	talent
火炬	huo:ju	n.	torche
另一半	ling:yi:ban	n.	autre moitié
反倒	fan:dao	adv.	au contraire
贴上	tie:shang	v.	coller
统一思想	tong:yi:si:xiang	v.	unifier la pensée
那双	na:shuang	num.	cette paire
奇幻	qi:huan	adj.	fantastique
署名	shu:ming	v.	signer
署名	shu:ming	n.	signature
杂交	za:jiao	v.	croiser
中餐	zhong:can	n.	cuisine chinoise
何在	he:zai	v.	où se trouve
种苗	zhong:miao	n.	semis
她才	ta:cai	pron.	elle seulement
那么多的	na:me:duo:de	adj.	tant de
林业局	lin:ye:ju	n.	bureau des forêts
随身携带	sui:shen:xie:dai	v.	porter
有信心	you:xin:xin	v.	avoir confiance
车	ju	n.	véhicule
考查	kao:cha	v.	examiner
起兴	qi:xing	v.	faire une allusion
市亩	shi:mu	n.	mu
原产	yuan:chan	v.	être originaire de
原产	yuan:chan	adj.	natif
脱水	tuo:shui	v.	déshydrater
一缕	yi:lv	mw.	une mèche
吃亏	chi:kui	v.	subir une perte
攻读	gong:du	v.	étudier
深感	shen:gan	v.	ressentir profondément
有实力	you:shi:li	v.	avoir de la force
不健康	bu:jian:kang	adj.	malsain
国税局	guo:shui:ju	n.	bureau des impôts
以备	yi:bei	conj.	pour préparer
复议	fu:yi	v.	réexaminer
数据中心	shu:ju:zhong:xin	n.	centre de données
眸	mou	n.	œil
互利	hu:li	v.	bénéficier mutuellement
工业设计	gong:ye:she:ji	n.	design industriel
