# zh-ru: Chinese candidates -> Russian. Generated; edit corrections/zh-ru.tsv instead (see CONTRIBUTING.md).
word	reading	pos	translation
的	de	part.	частица притяжания
一	yi	num.	один
是	shi	v.	быть
我	wo	pron.	я
江泽民	jiang:ze:min	n.	Цзян Цзэминь
江泽民同志	jiang:ze:min:tong:zhi	n.	товарищ Цзян Цзэминь
在	zai	v.	находиться
在	zai	adv.	сейчас
人	ren	n.	person
有	you	v.	иметь
这	zhe	pron.	этот
这	zhei	pron.	этот (разг.)
他	ta	pron.	он
来	lai	v.	приходить
个	ge	mw.	счётное слово
版权	ban:quan	n.	авторское право
三国群英传	san:guo:qun:ying:zhuan	n.	Герои Троецарствия
说	shuo	v.	говорить
说	shuo	n.	речь
上	shang	v.	подниматься
上	shang	n.	верх
到	dao	v.	прибывать
到	dao	prep.	до
就	jiu	adv.	тогда
就	jiu	v.	приближаться
大	da	adj.	большой
那	na	pron.	тот
也	ye	adv.	тоже
嗯	eng	int.	гм
嗯	en	int.	да
吗	ma	part.	вопросительная частица
或	huo	conj.	или
或	huo	adv.	возможно
地	de	part.	наречная частица
地	di	n.	земля
地	di	n.	место
子	zi	n.	ребёнок
子	zi	n.	сын
请	qing	v.	приглашать
下	xia	v.	спускаться
时	shi	n.	время
看	kan	v.	смотреть
看	kan	v.	читать
要	yao	v.	хотеть
要	yao	part.	собираться
她	ta	pron.	она
放	fang	v.	класть
中	zhong	n.	середина
没	mei	adv.	не
但	dan	conj.	но
然	ran	adv.	так
里	li	n.	внутри
为	wei	prep.	для
过	guo	part.	показатель опыта
自	zi	prep.	себя
好	hao	adj.	хороший
得	de	part.	показатель результата
得	dei	v.	должен
去	qu	v.	идти
会	hui	v.	мочь
会	hui	n.	собрание
天	tian	n.	небо
天	tian	n.	день
还	hai	adv.	ещё
后	hou	n.	после
以	yi	prep.	с помощью
小	xiao	adj.	маленький
和	he	conj.	и
对	dui	adj.	правильный
对	dui	prep.	к
想	xiang	v.	думать
级	ji	n.	уровень
起	qi	v.	подниматься
房地产	fang:di:chan	n.	недвижимость
神	shen	n.	бог
神	shen	adj.	удивительный
深	shen	adj.	глубокий
啊	a	part.	восклицательная частица
啊	a	int.	ах
制度	zhi:du	n.	система
集	ji	v.	собирать
集	ji	n.	сборник
手	shou	n.	рука
而	er	conj.	и
只	zhi	adv.	только
只	zhi	mw.	(счётное слово для животных)
生	sheng	v.	рождаться
生	sheng	n.	жизнь
头	tou	n.	голова
事	shi	n.	дело
多	duo	adj.	много
模式	mo:shi	n.	модель
家	jia	n.	дом
家	jia	n.	специалист
面	mian	n.	лицо
改革	gai:ge	n.	реформа
改革	gai:ge	v.	реформировать
知	zhi	v.	знать
开	kai	v.	открывать
如	ru	v.	как
权利	quan:li	n.	право
无	wu	v.	без
很	hen	adv.	очень
点	dian	n.	точка
点	dian	mw.	немного
前	qian	n.	впереди
发	fa	v.	отправлять
经	jing	v.	проходить
按	an	prep.	согласно
按	an	v.	нажимать
把	ba	n.	ручка
把	ba	mw.	горсть
老	lao	adj.	старый
些	xie	mw.	несколько
话	hua	n.	слова
已	yi	adv.	уже
又	you	adv.	снова
声	sheng	n.	звук
意	yi	n.	смысл
啦	la	part.	восклицательная частица
回	hui	v.	возвращаться
回	hui	mw.	(счётное слово для раз)
笑	xiao	v.	смеяться
哦	o	int.	о
所	suo	n.	место
眼	yan	n.	глаз
了	le	part.	частица совершённого вида
成	cheng	v.	становиться
年	nian	n.	год
见	jian	v.	видеть
当	dang	v.	служить
当	dang	adv.	когда
监督	jian:du	v.	контролировать
女	nv	n.	женщина
真	zhen	adj.	настоящий
两	liang	num.	два
力	li	n.	сила
做	zuo	v.	делать
规范	gui:fan	n.	норма
规范	gui:fan	v.	регулировать
气	qi	n.	воздух
气	qi	n.	гнев
从	cong	prep.	от
用	yong	v.	использовать
长	chang	adj.	длинный
长	zhang	v.	расти
长	zhang	adj.	старший
动	dong	v.	двигаться
间	jian	n.	комната
国	guo	n.	страна
守法	shou:fa	v.	соблюдать закон
晒	shai	v.	сушить на солнце
走	zou	v.	идти
让	rang	v.	позволять
被	bei	part.	показатель пассива
不	bu	adv.	не
给	gei	v.	давать
正	zheng	adj.	прямой
问	wen	v.	спрашивать
打	da	v.	бить
明	ming	adj.	яркий
儿	er	n.	ребёнок
法	fa	n.	закон
才	cai	adv.	только
几	ji	num.	несколько
行	hang	n.	ряд
行	xing	adj.	ладно
三	san	num.	3
定	ding	v.	решать
此	ci	pron.	это
进	jin	v.	входить
再	zai	adv.	снова
种	zhong	mw.	вид
将	jiang	prep.	показатель будущего
实	shi	adj.	настоящий
实	shi	adj.	твёрдый
实	shi	n.	истина
同	tong	adj.	такой же
最	zui	adv.	самый
本	ben	mw.	корень (книг)
向	xiang	prep.	к
法院	fa:yuan	n.	суд
分	fen	v.	делить
十	shi	num.	10
学	xue	v.	учиться
高	gao	adj.	высокий
第	di	part.	порядковая приставка
感	gan	v.	чувствовать
怎	zen	pron.	как
侵犯	qin:fan	v.	нарушать
连	lian	conj.	даже
听	ting	v.	слушать
边	bian	n.	сторона
作	zuo	v.	делать
其	qi	pron.	его
吧	ba	part.	частица предположения
却	que	adv.	однако
口	kou	n.	рот
觉	jue	v.	ощущать
因	yin	conj.	потому что
白	bai	adj.	белый
五个亿	wu:ge:yi	num.	500 миллионов
次	ci	mw.	раз
出	chu	v.	выходить
洗	xi	v.	мыть
外	wai	adj.	внешний
新	xin	adj.	новый
光	guang	n.	свет
风	feng	n.	ветер
住	zhu	v.	жить
果	guo	n.	фрукт
果	guo	n.	результат
与	yu	prep.	с
与	yu	conj.	и
全	quan	adj.	полный
全	quan	adv.	полностью
收购	shou:gou	v.	приобретать
收购	shou:gou	n.	приобретение
二	er	num.	два
候	hou	v.	ждать
非法	fei:fa	adj.	незаконный
公	gong	adj.	общественный
相	xiang	adv.	взаимно
相	xiang	n.	внешний вид
等	deng	v.	ждать
等	deng	adj.	равный
等	deng	pron.	и т. д.
别	bie	adv.	не
别	bie	adj.	другой
色	se	n.	цвет
死	si	v.	умирать
死	si	adj.	мёртвый
张	zhang	mw.	(CL: плоские предметы)
部	bu	n.	отдел
部	bu	mw.	счётное слово для произведений
太	tai	adv.	слишком
日	ri	n.	день
日	ri	n.	солнце
少	shao	adj.	мало
少	shao	v.	не хватать
发展	fa:zhan	v.	развиваться
发展	fa:zhan	n.	развитие
理	li	n.	разум
理	li	v.	управлять
直	zhi	adj.	прямой
直	zhi	adv.	напрямую
重	zhong	adj.	тяжёлый
重	zhong	adj.	важный
王	wang	n.	король
像	xiang	v.	быть похожим
像	xiang	n.	образ
上市公司	shang:shi:gong:si	n.	публичная компания
脸	lian	n.	лицо
比	bi	prep.	чем
比	bi	v.	сравнивать
快	kuai	adj.	быстрый
快	kuai	adj.	радостный
及	ji	conj.	и
及	ji	v.	достигать
何	he	pron.	что
水	shui	n.	вода
名	ming	n.	имя
名	ming	mw.	счётное слово для людей
东	dong	n.	восток
叫	jiao	v.	зваться
叫	jiao	v.	кричать
西	xi	n.	запад
土豆	tu:dou	n.	картофель
应	ying	v.	следовать
违法	wei:fa	v.	нарушать закон
违法	wei:fa	adj.	противозаконный
便	bian	adv.	тогда
便	bian	adj.	удобный
马	ma	n.	конь
难	nan	adj.	трудный
难	nan	adj.	неприятный
轻	qing	adj.	лёгкий
部门	bu:men	n.	отдел
更	geng	adv.	более
美	mei	adj.	красивый
美	mei	n.	Америка
位	wei	mw.	счётное слово для людей
关	guan	v.	закрывать
关	guan	v.	выключать
机	ji	n.	машина
接	jie	v.	получать
接	jie	v.	соединять
先	xian	adv.	сначала
文	wen	n.	текст
处	chu	n.	место
并	bing	conj.	и
并	bing	adv.	одновременно
望	wang	v.	надеяться
望	wang	v.	смотреть
常	chang	adv.	часто
完	wan	v.	закончить
完	wan	adv.	полностью
政府	zheng:fu	n.	правительство
着	zhe	part.	показатель длительного вида
于	yu	prep.	в
四	si	num.	четыре
飞	fei	v.	летать
飞	fei	adj.	быстрый
师	shi	n.	мастер
师	shi	n.	учитель
者	zhe	part.	тот, кто
清	qing	adj.	ясный
清	qing	v.	убирать
刚	gang	adv.	только что
心	xin	n.	сердце
心	xin	n.	разум
跟	gen	prep.	с
跟	gen	v.	следовать
信	xin	n.	письмо
信	xin	v.	верить
山	shan	n.	гора
爱	ai	v.	любить
爱	ai	n.	любовь
内	nei	n.	внутренность
龙	long	n.	дракон
空	kong	adj.	пустой
空	kong	n.	небо
带	dai	v.	приносить
找	zhao	v.	искать
原	yuan	n.	первоначальное
入	ru	v.	входить
李	li	n.	слива
吃	chi	v.	есть
场	chang	n.	место
平	ping	adj.	плоский
思	si	v.	думать
林	lin	n.	лес
变	bian	v.	меняться
轿车	jiao:che	n.	седан
轿车	jiao:che	n.	легковой автомобиль
你	ni	pron.	ты
使	shi	v.	использовать
由	you	prep.	из
经济	jing:ji	n.	экономика
翻	fan	v.	переворачивать
受	shou	v.	получать
亲	qin	adj.	близкий
服务	fu:wu	v.	обслуживать
命	ming	n.	жизнь
目	mu	n.	глаз
执法	zhi:fa	v.	осуществлять правоприменение
强	qiang	adj.	сильный
屎	shi	n.	кал
男	nan	n.	мужчина
任	ren	v.	назначать
该	gai	pron.	этот
该	gai	part.	должен
有关部门	you:guan:bu:men	n.	соответствующие органы
路	lu	n.	дорога
车	che	n.	машина
今	jin	n.	теперь
海	hai	n.	море
加	jia	v.	прибавлять
公司	gong:si	n.	компания
远	yuan	adj.	далёкий
活	huo	v.	жить
特	te	adv.	особенно
解	jie	v.	решать
电	dian	n.	электричество
世	shi	n.	мир
性	xing	n.	природа
性	xing	n.	пол
表	biao	n.	таблица
表	biao	n.	часы
许	xu	v.	позволять
它	ta	pron.	оно
立	li	v.	стоять
黑	hei	adj.	чёрный
金	jin	n.	золото
债券	zhai:quan	n.	облигация
红	hong	adj.	красный
花	hua	n.	цветок
转	zhuan	v.	поворачивать
总	zong	adj.	общий
算	suan	v.	вычислять
披露	pi:lu	v.	раскрывать
城	cheng	n.	город
队	dui	n.	команда
孩	hai	n.	ребёнок
反	fan	adj.	обратный
工	gong	n.	работа
始	shi	v.	начинать
满	man	adj.	полный
兵	bing	n.	солдат
物	wu	n.	вещь
离	li	v.	покидать
非	fei	n.	неправда
虽	sui	conj.	хотя
云	yun	n.	облако
似	si	v.	быть похожим
似	si	prep.	словно
万	wan	num.	10 000
至	zhi	v.	прибывать
干	gan	adj.	сухой
专利	zhuan:li	n.	патент
通	tong	v.	проходить
通	tong	adj.	сквозной
通	tong	v.	соединять
认	ren	v.	признавать
失	shi	v.	терять
火	huo	n.	огонь
哥	ge	n.	старший брат
士	shi	n.	джентльмен
之	zhi	part.	родительный падеж
五	wu	num.	пять
惊	jing	v.	удивляться
现	xian	v.	появляться
魔	mo	n.	демон
竟	jing	adv.	неожиданно
竟	jing	v.	завершать
姐	jie	n.	старшая сестра
乎	hu	part.	рода
主	zhu	n.	хозяин
剑	jian	n.	меч
苹果	ping:guo	n.	яблоко
往	wang	prep.	к
量	liang	n.	количество
早	zao	adj.	ранний
董事长	dong:shi:zhang	n.	председатель правления
结	jie	v.	завязывать
北京	bei:jing	n.	Пекин
怕	pa	v.	бояться
流	liu	v.	течь
二手车	er:shou:che	n.	подержанный автомобиль
删	shan	v.	удалять
湿	shi	adj.	мокрый
突	tu	v.	выступать
坐	zuo	v.	сидеть
斯	si	pron.	это
音	yin	n.	звук
紧	jin	adj.	тугой
指	zhi	v.	указывать
半	ban	num.	половина
记	ji	v.	запоминать
记	ji	n.	запись
且	qie	conj.	кроме того
利	li	n.	польза
利	li	adj.	острый
合	he	v.	соединять
倒	dao	v.	падать
倒	dao	adv.	наоборот
书	shu	n.	книга
微	wei	adj.	крошечный
步	bu	n.	шаг
们	men	part.	показатель множественного числа
教	jiao	v.	учить
教	jiao	n.	религия
喜	xi	v.	любить
喜	xi	n.	радость
可	ke	part.	мочь
越	yue	v.	пересекать
越	yue	adv.	всё более
影	ying	n.	тень
谁	shei	pron.	кто
谁	shui	pron.	кто
冷	leng	adj.	холодный
道	dao	n.	дорога
道	dao	v.	говорить
实现	shi:xian	v.	осуществлять
告	gao	v.	сообщать
落	luo	v.	падать
市场	shi:chang	n.	рынок
象	xiang	n.	слон
容	rong	v.	вмещать
容	rong	n.	внешность
怪	guai	adj.	странный
怪	guai	v.	винить
传	chuan	v.	передавать
传	chuan	n.	биография
钱	qian	n.	деньги
季	ji	n.	сезон
提	ti	v.	носить
提	ti	v.	упоминать
言	yan	n.	слово
言	yan	v.	говорить
招标	zhao:biao	v.	объявлять тендер
养	yang	v.	растить
随	sui	v.	следовать
每	mei	pron.	каждый
双	shuang	mw.	пара
服	fu	n.	одежда
服	fu	v.	служить
击	ji	v.	ударять
急	ji	adj.	срочный
鸡	ji	n.	курица
挤	ji	v.	сжимать
武	wu	adj.	военный
哪	na	pron.	который
换	huan	v.	менять
数	shu	num.	число
数	shu	v.	считать
站	zhan	v.	стоять
站	zhan	n.	станция
签约	qian:yue	v.	подписывать контракт
微信	wei:xin	n.	WeChat
奇	qi	adj.	странный
房	fang	n.	дом
安	an	adj.	спокойный
管	guan	v.	управлять
管	guan	n.	труба
刻	ke	mw.	четверть часа
刻	ke	v.	резать
啥	sha	pron.	что (разг.)
题	ti	n.	вопрос
题	ti	n.	заголовок
衣	yi	n.	одежда
周	zhou	n.	неделя
周	zhou	adj.	всесторонний
样	yang	n.	вид
静	jing	adj.	тихий
伤	shang	v.	ранить
百	bai	num.	сто
哇	wa	int.	вау
拿	na	v.	брать
妈	ma	n.	мама
办	ban	v.	вести дела
星	xing	n.	звезда
化	hua	v.	превращаться
功	gong	n.	заслуга
绝	jue	v.	прерывать
令	ling	v.	приказывать
系	ji	v.	завязывать
系	xi	v.	быть
般	ban	part.	род
必	bi	adv.	обязательно
业	ye	n.	дело
尔	er	pron.	ты
件	jian	mw.	штука
血	xie	n.	кровь
血	xue	n.	кровь
代	dai	n.	поколение
精	jing	adj.	точный
只会	zhi:hui	adv.	только уметь
弟	di	n.	младший брат
终	zhong	adv.	наконец
评论	ping:lun	n.	комментарий
近	jin	adj.	близкий
条	tiao	mw.	полоса
战	zhan	n.	война
值	zhi	v.	стоить
猥琐	wei:suo	adj.	ничтожный
搭理	da:li	v.	обращать внимание
青	qing	adj.	зелёный
界	jie	n.	мир
司	si	n.	ведомство
整	zheng	adj.	целый
字	zi	n.	иероглиф
晚	wan	adj.	поздний
民	min	n.	народ
帮	bang	v.	помогать
只是	zhi:shi	adv.	только
切	qie	v.	резать
即	ji	conj.	именно
忙	mang	adj.	занятой
交	jiao	v.	передавать
支持	zhi:chi	v.	поддерживать
暗	an	adj.	тёмный
夫	fu	n.	муж
员	yuan	n.	член
根	gen	mw.	корень
石	shi	n.	камень
哈	ha	onom.	ха
灵	ling	adj.	действенный
夜	ye	n.	ночь
父	fu	n.	отец
制	zhi	v.	изготавливать
友	you	n.	друг
阿	a	part.	приставка
美国	mei:guo	n.	США
息	xi	n.	дыхание
欺诈	qi:zha	v.	мошенничать
冲	chong	v.	устремляться
九	jiu	num.	девять
保	bao	v.	защищать
片	pian	mw.	ломоть
形	xing	n.	форма
阵	zhen	mw.	порыв
冷静	leng:jing	adj.	спокойный
南	nan	n.	юг
决	jue	v.	решать
各	ge	pron.	каждый
报	bao	v.	сообщать
兴	xing	n.	возбуждение
既	ji	adv.	уже
阳	yang	n.	солнце
院长	yuan:zhang	n.	директор
语	yu	n.	язык
亿	yi	num.	сто миллионов
错	cuo	adj.	неверный
超	chao	v.	превышать
协商	xie:shang	v.	консультироваться
刘	liu	n.	Лю
极	ji	adv.	чрезвычайно
度	du	mw.	градус
识	shi	v.	знать
新车	xin:che	n.	новая машина
备	bei	v.	готовить
慢	man	adj.	медленный
雪	xue	n.	снег
蛋糕	dan:gao	n.	торт
机构	ji:gou	n.	организация
苦	ku	adj.	горький
若	ruo	conj.	если
领	ling	v.	вести
收	shou	v.	получать
底	di	n.	дно
尽	jin	v.	исчерпать
准	zhun	adj.	точный
能力	neng:li	n.	способность
资源	zi:yuan	n.	ресурс
计划	ji:hua	n.	план
华	hua	n.	Китай
体	ti	n.	тело
答	da	v.	отвечать
众	zhong	n.	толпа
千	qian	num.	тысяча
消	xiao	v.	исчезать
筛	shai	v.	просеивать
视	shi	v.	смотреть
罗	luo	n.	газ
敢	gan	v.	осмеливаться
留	liu	v.	оставаться
克	ke	mw.	грамм
系统	xi:tong	n.	система
乐	le	n.	музыка
省委	sheng:wei	n.	провинциальный комитет
够	gou	v.	хватать
梨	li	n.	груша
跑	pao	v.	бежать
显	xian	adj.	явный
嘴	zui	n.	рот
官	guan	n.	чиновник
断	duan	v.	ломать
未	wei	adv.	ещё не
势	shi	n.	сила
巨	ju	adj.	огромный
求	qiu	v.	искать
计	ji	v.	вычислять
论	lun	v.	обсуждать
证券	zheng:quan	n.	ценная бумага
达	da	v.	достигать
则	ze	conj.	тогда
害	hai	v.	вредить
八	ba	num.	восемь
单	dan	adj.	единый
酒	jiu	n.	алкоголь
脚	jiao	n.	нога
德	de	n.	добродетель
元	yuan	n.	юань
脑	nao	n.	мозг
楚	chu	adj.	ясный
雨	yu	n.	дождь
睛	jing	n.	глаз
响	xiang	v.	звучать
刀	dao	n.	нож
分享	fen:xiang	v.	делиться
确	que	adj.	верный
玉	yu	n.	нефрит
产品	chan:pin	n.	продукт
沉	chen	v.	тонуть
北	bei	n.	север
格	ge	n.	стандарт
停	ting	v.	остановиться
陈	chen	adj.	старый
市	shi	n.	город
朝	chao	prep.	к
门户网站	men:hu:wang:zhan	n.	портал
牛奶	niu:nai	n.	молоко
喝	he	v.	пить
组	zu	v.	организовывать
江	jiang	n.	река
债务	zhai:wu	n.	долг
团	tuan	n.	группа
母	mu	n.	мать
章	zhang	n.	глава
保险公司	bao:xian:gong:si	n.	страховая компания
装	zhuang	v.	устанавливать
判决	pan:jue	n.	приговор
亮	liang	adj.	светлый
举	ju	v.	поднимать
客	ke	n.	гость
照	zhao	v.	освещать
乱	luan	adj.	беспорядочный
汇报	hui:bao	v.	докладывать
易	yi	adj.	лёгкий
极其	ji:qi	adv.	крайне
足	zu	n.	нога (ступня)
依	yi	v.	зависеть от
黄	huang	adj.	жёлтый
修	xiu	v.	ремонтировать
破	po	adj.	сломанный
台	tai	mw.	счётное слово для техники
球	qiu	n.	мяч
呀	ya	part.	восклицательная частица
院	yuan	n.	двор
送	song	v.	отправлять
包	bao	n.	сумка
义	yi	n.	справедливость
诉	su	v.	рассказывать
攻	gong	v.	атаковать
网络	wang:luo	n.	сеть
丝	si	n.	шёлк
围	wei	v.	окружать
玩	wan	v.	играть
待	dai	v.	ждать
复	fu	v.	повторять
况	kuang	n.	состояние
楼	lou	n.	здание
丽	li	adj.	красивый
痛	tong	adj.	болезненный
梦	meng	n.	сон
呼	hu	v.	звать
摇	yao	v.	трясти
期	qi	n.	период
英	ying	n.	Англия
低	di	adj.	низкий
帝	di	n.	император
承包	cheng:bao	v.	брать подряд
兄	xiong	n.	старший брат
背	bei	n.	спина
提升	ti:sheng	v.	повышать
持	chi	v.	держать
爷	ye	n.	хозяин
皇	huang	n.	император
七	qi	num.	семь
摩托车	mo:tuo:che	n.	мотоцикл
六	liu	num.	шесть
穿	chuan	v.	носить
都	dou	adv.	все
杨	yang	n.	тополь
政	zheng	n.	политика
运	yun	v.	перевозить
叶	ye	n.	лист
热	re	adj.	горячий
校	xiao	n.	школа
谢	xie	v.	благодарить
曾	ceng	adv.	когда-то
古	gu	adj.	древний
生效	sheng:xiao	v.	вступить в силу
市场经济	shi:chang:jing:ji	n.	рыночная экономика
细	xi	adj.	тонкий
产	chan	v.	производить
睡	shui	v.	спать
希	xi	v.	надеяться
速	su	n.	скорость
室	shi	n.	комната
报告	bao:gao	v.	докладывать
报告	bao:gao	n.	доклад
旁	pang	n.	сторона
另	ling	adj.	другой
拆迁	chai:qian	v.	переселять и сносить
露	lu	v.	обнаруживать
露	lu	n.	роса
精神	jing:shen	n.	дух
精神	jing:shen	adj.	бодрый
饿	e	adj.	голодный
异	yi	adj.	иной
写	xie	v.	писать
鬼	gui	n.	призрак
娘	niang	n.	мать
取	qu	v.	брать
式	shi	n.	стиль
指的是	zhi:de:shi	v.	подразумевать
除	chu	prep.	кроме
除	chu	v.	устранять
建	jian	v.	строить
愿	yuan	v.	желать
愿	yuan	part.	готовый
查处	cha:chu	v.	расследовать и наказывать
招	zhao	v.	вербовать
招	zhao	v.	отражать
面包	mian:bao	n.	хлеб
饭	fan	n.	рис
饭	fan	n.	еда
布	bu	n.	ткань
续	xu	v.	продолжать
程	cheng	n.	маршрут
程	cheng	mw.	степень
首	shou	n.	голова
首	shou	num.	первый
观	guan	v.	наблюдать
观	guan	n.	взгляд
务	wu	n.	дело
掉	diao	v.	падать
掉	diao	v.	терять
赶	gan	v.	догонять
忽	hu	adv.	вдруг
注	zhu	v.	налить
注	zhu	v.	обращать внимание
身	shen	n.	тело
产业	chan:ye	n.	промышленность
医院	yi:yuan	n.	больница
检查	jian:cha	v.	проверять
检查	jian:cha	n.	проверка
术	shu	n.	техника
标注	biao:zhu	v.	аннотировать
甚	shen	adv.	очень
用车	yong:che	n.	использование автомобиля
差	cha	adj.	плохой
差	cha	v.	не хватать
呵	he	onom.	ох
展	zhan	v.	выставлять
展	zhan	v.	разворачивать
争	zheng	v.	соревноваться
品	pin	n.	изделие
宝	bao	n.	сокровище
香	xiang	adj.	благовонный
斗	dou	v.	сражаться
斗	dou	mw.	мера
故	gu	n.	причина
故	gu	n.	покойный
雷	lei	n.	гром
念	nian	v.	читать вслух
念	nian	v.	думать
段	duan	mw.	абзац
顿	dun	mw.	раз
顿	dun	v.	приостанавливать
角	jiao	n.	рог
角	jiao	n.	угол
疑	yi	v.	сомневаться
章程	zhang:cheng	n.	устав
护	hu	v.	защищать
缺陷	que:xian	n.	дефект
闪	shan	v.	уклоняться
闪	shan	v.	сверкать
执行	zhi:xing	v.	исполнять
木	mu	n.	дерево
熊猫	xiong:mao	n.	панда
月	yue	n.	луна
戒指	jie:zhi	n.	кольцо
需	xu	v.	нуждаться
调	diao	v.	переводить
调	tiao	v.	регулировать
类	lei	n.	тип
妹	mei	n.	младшая сестра
爸	ba	n.	папа
线	xian	n.	нить
左	zuo	n.	левый
游	you	v.	плавать
派	pai	n.	фракция
谈	tan	v.	говорить
行业	hang:ye	n.	отрасль
激	ji	adj.	резкий
呃	e	int.	э
冰	bing	n.	лёд
敌	di	n.	враг
跳	tiao	v.	прыгать
支	zhi	mw.	счётное слово для палочек
默认	mo:ren	v.	устанавливать по умолчанию
宏观调控	hong:guan:tiao:kong	n.	макрорегулирование
居	ju	v.	жить
约	yue	v.	приблизительно
学校	xue:xiao	n.	школа
巴	ba	v.	прилипать
您	nin	pron.	вы (вежливо)
顾	gu	v.	заботиться
肯	ken	v.	быть готовым
醒	xing	v.	просыпаться
铁	tie	n.	железо
抱	bao	v.	обнимать
抱	bao	v.	держать
需求	xu:qiu	n.	спрос
淡	dan	adj.	пресный
造	zao	v.	делать
伙	huo	n.	компаньон
资	zi	n.	капитал
群	qun	mw.	группа
联	lian	v.	объединять
商	shang	n.	коммерция
号	hao	n.	номер
调整	tiao:zheng	v.	регулировать
豆腐	dou:fu	n.	тофу
节	jie	n.	праздник
键	jian	n.	клавиша
讲	jiang	v.	говорить
事实	shi:shi	n.	факт
掌	zhang	n.	ладонь
我们	wo:men	pron.	мы
一个	yi:ge	num.	один
赵	zhao	n.	Чжао (фамилия)
自己	zi:ji	pron.	сам
注册	zhu:ce	v.	регистрировать
进行	jin:xing	v.	проводить
工作	gong:zuo	n.	работа
企业	qi:ye	n.	предприятие
密	mi	adj.	плотный
久	jiu	adj.	долгий
病	bing	n.	болезнь
病	bing	v.	заболеть
中国	zhong:guo	n.	Китай
可以	ke:yi	v.	мочь
积分	ji:fen	n.	очки
如果	ru:guo	conj.	если
没有	mei:you	v.	не иметь
没有	mei:you	adv.	не
时间	shi:jian	n.	время
问题	wen:ti	n.	вопрос
问题	wen:ti	n.	проблема
使用	shi:yong	v.	использовать
使用	shi:yong	n.	использование
信息	xin:xi	n.	информация
他们	ta:men	pron.	они
或者	huo:zhe	conj.	или
或者	huo:zhe	adv.	возможно
要求	yao:qiu	v.	требовать
要求	yao:qiu	n.	требование
卫	wei	v.	охранять
通过	tong:guo	prep.	через
通过	tong:guo	v.	проходить
文章	wen:zhang	n.	статья
米	mi	n.	рис
米	mi	mw.	метр
就是	jiu:shi	adv.	именно
就是	jiu:shi	v.	именно есть
威	wei	n.	мощь
这个	zhe:ge	pron.	это
等级	deng:ji	n.	ранг
管理	guan:li	v.	управлять
管理	guan:li	n.	управление
论坛	lun:tan	n.	форум
提供	ti:gong	v.	предоставлять
遗产	yi:chan	n.	наследство
作者	zuo:zhe	n.	автор
精华	jing:hua	n.	сущность
状态	zhuang:tai	n.	состояние
需要	xu:yao	v.	нуждаться
同时	tong:shi	adv.	одновременно
同时	tong:shi	conj.	вместе с тем
以及	yi:ji	conj.	а также
继	ji	v.	продолжать
一些	yi:xie	num.	несколько
现在	xian:zai	n.	сейчас
渐	jian	adv.	постепенно
这样	zhe:yang	pron.	так
内容	nei:rong	n.	содержание
以上	yi:shang	n.	вышеуказанное
统	tong	v.	объединять
因为	yin:wei	conj.	потому что
规定	gui:ding	v.	устанавливать
规定	gui:ding	n.	правило
时候	shi:hou	n.	время
但是	dan:shi	conj.	но
所以	suo:yi	conj.	поэтому
国家	guo:jia	n.	государство
技术	ji:shu	n.	техника
这些	zhe:xie	pron.	эти
价格	jia:ge	n.	цена
帖子	tie:zi	n.	пост
网站	wang:zhan	n.	веб-сайт
用户	yong:hu	n.	пользователь
活动	huo:dong	n.	деятельность
活动	huo:dong	v.	действовать
电话	dian:hua	n.	телефон
项目	xiang:mu	n.	проект
已经	yi:jing	adv.	уже
目前	mu:qian	n.	в настоящее время
具有	ju:you	v.	обладать
所有	suo:you	pron.	все
学生	xue:sheng	n.	студент
其他	qi:ta	adj.	другой
其他	qi:ta	n.	другое
根据	gen:ju	prep.	согласно
根据	gen:ju	v.	основывать
根据	gen:ju	n.	основание
建设	jian:she	v.	строить
建设	jian:she	n.	строительство
方式	fang:shi	n.	способ
单位	dan:wei	n.	единица
单位	dan:wei	n.	учреждение
选择	xuan:ze	v.	выбирать
选择	xuan:ze	n.	выбор
专业	zhuan:ye	n.	специальность
专业	zhuan:ye	adj.	профессиональный
专业	zhuan:ye	n.	профессия
这种	zhe:zhong	pron.	такой
作为	zuo:wei	prep.	в качестве
作为	zuo:wei	v.	считать
由于	you:yu	prep.	из-за
威望	wei:wang	n.	престиж
什么	shen:me	pron.	что
功能	gong:neng	n.	функция
开始	kai:shi	v.	начинать
开始	kai:shi	n.	начало
还是	hai:shi	adv.	всё ещё
还是	hai:shi	conj.	или
必须	bi:xu	v.	должен
追	zhui	v.	гнаться за
追	zhui	v.	домогаться
一种	yi:zhong	num.	один вид
包括	bao:kuo	v.	включать
我的	wo:de	pron.	мой
设计	she:ji	v.	проектировать
设计	she:ji	n.	дизайн
组织	zu:zhi	v.	организовать
组织	zu:zhi	n.	организация
应当	ying:dang	v.	следует
情况	qing:kuang	n.	ситуация
对于	dui:yu	prep.	что касается
因此	yin:ci	conj.	поэтому
你的	ni:de	pron.	твой
任何	ren:he	pron.	любой
学习	xue:xi	v.	учиться
学习	xue:xi	n.	учёба
软件	ruan:jian	n.	программное обеспечение
最后	zui:hou	adv.	наконец
最后	zui:hou	adj.	последний
地址	di:zhi	n.	адрес
本站	ben:zhan	n.	этот сайт
而且	er:qie	conj.	к тому же
方法	fang:fa	n.	метод
标准	biao:zhun	n.	стандарт
标准	biao:zhun	adj.	стандартный
上海	shang:hai	n.	Шанхай
亚	ya	n.	Азия
亚	ya	adj.	второй
其中	qi:zhong	pron.	среди них
主要	zhu:yao	adj.	главный
会员	hui:yuan	n.	член
下载	xia:zai	v.	скачивать
下载	xia:zai	n.	загрузка
研究	yan:jiu	v.	исследовать
研究	yan:jiu	n.	исследование
来自	lai:zi	v.	происходить из
提高	ti:gao	v.	повышать
提高	ti:gao	v.	улучшать
相关	xiang:guan	adj.	связанный
相关	xiang:guan	v.	быть связанным
他的	ta:de	pron.	его
门派	men:pai	n.	школа
全国	quan:guo	n.	вся страна
生产	sheng:chan	v.	производить
生产	sheng:chan	n.	производство
商品	shang:pin	n.	товар
教育	jiao:yu	n.	образование
教育	jiao:yu	v.	воспитывать
成为	cheng:wei	v.	стать
万元	wan:yuan	n.	десять тысяч юаней
简	jian	adj.	простой
简	jian	v.	упрощать
影响	ying:xiang	v.	влиять
影响	ying:xiang	n.	влияние
一般	yi:ban	adj.	общий
一般	yi:ban	adv.	обычно
有关	you:guan	v.	касаться
阅读权限	yue:du:quan:xian	n.	право на чтение
登录	deng:lu	v.	входить
生活	sheng:huo	n.	жизнь
生活	sheng:huo	v.	жить
主题	zhu:ti	n.	тема
还有	hai:you	adv.	также
发现	fa:xian	v.	обнаруживать
发现	fa:xian	n.	открытие
各种	ge:zhong	adj.	различные
个人	ge:ren	n.	индивид
个人	ge:ren	adj.	личный
这是	zhe:shi	pron.	это
人员	ren:yuan	n.	персонал
品牌	pin:pai	n.	бренд
地区	di:qu	n.	регион
关于	guan:yu	prep.	о
不能	bu:neng	v.	не мочь
直接	zhi:jie	adj.	прямой
直接	zhi:jie	adv.	непосредственно
离线	li:xian	v.	офлайн
那么	na:me	conj.	тогда
只有	zhi:you	adv.	только
回复	hui:fu	v.	отвечать
回复	hui:fu	n.	ответ
虽然	sui:ran	conj.	хотя
之间	zhi:jian	adv.	между
之后	zhi:hou	adv.	после этого
之后	zhi:hou	n.	после
认为	ren:wei	v.	считать
方面	fang:mian	n.	аспект
采用	cai:yong	v.	принимать
您的	nin:de	pron.	ваш
是否	shi:fou	adv.	ли
经验	jing:yan	n.	опыт
小时	xiao:shi	n.	час
大家	da:jia	pron.	все
按照	an:zhao	prep.	согласно
部分	bu:fen	n.	часть
负责	fu:ze	v.	быть ответственным
文化	wen:hua	n.	культура
资料	zi:liao	n.	данные
中心	zhong:xin	n.	центр
出现	chu:xian	v.	появляться
一样	yi:yang	adj.	одинаковый
不是	bu:shi	v.	не быть
设备	she:bei	n.	оборудование
然后	ran:hou	conj.	затем
很多	hen:duo	adj.	многие
地方	di:fang	n.	место
业务	ye:wu	n.	бизнес
能够	neng:gou	v.	мочь
环境	huan:jing	n.	окружающая среда
文件	wen:jian	n.	файл
文件	wen:jian	n.	документ
广告	guang:gao	n.	реклама
不过	bu:guo	conj.	однако
作用	zuo:yong	n.	действие
建立	jian:li	v.	учреждать
名称	ming:cheng	n.	название
销售	xiao:shou	v.	продавать
销售	xiao:shou	n.	продажи
图片	tu:pian	n.	изображение
分析	fen:xi	v.	анализировать
分析	fen:xi	n.	анализ
可能	ke:neng	v.	мочь
可能	ke:neng	adj.	возможный
申请	shen:qing	v.	подавать заявку
行为	xing:wei	n.	поведение
加强	jia:qiang	v.	усиливать
记者	ji:zhe	n.	журналист
比较	bi:jiao	v.	сравнивать
处理	chu:li	v.	обрабатывать
实施	shi:shi	v.	осуществлять
工程	gong:cheng	n.	инженерия
进入	jin:ru	v.	входить
客户	ke:hu	n.	клиент
游戏	you:xi	n.	игра
效果	xiao:guo	n.	эффект
如何	ru:he	adv.	как
决定	jue:ding	v.	решать
手机	shou:ji	n.	мобильный телефон
关系	guan:xi	n.	отношение
孩子	hai:zi	n.	ребёнок
投资	tou:zi	v.	инвестировать
设置	she:zhi	v.	настраивать
我国	wo:guo	n.	наша страна
国际	guo:ji	adj.	международный
城市	cheng:shi	n.	город
一定	yi:ding	adj.	определённый
培训	pei:xun	v.	обучать
世界	shi:jie	n.	мир
一下	yi:xia	adv.	немного
说明	shuo:ming	v.	объяснять
市场价	shi:chang:jia	n.	рыночная цена
朋友	peng:you	n.	друг
推荐	tui:jian	v.	рекомендовать
形成	xing:cheng	v.	образовывать
发帖	fa:tie	v.	публиковать
安全	an:quan	adj.	безопасный
无门无派	wu:men:wu:pai	adj.	вне партий
两个	liang:ge	num.	два
非常	fei:chang	adv.	очень
一次	yi:ci	num.	один раз
利用	li:yong	v.	использовать
希望	xi:wang	v.	надеяться
程序	cheng:xu	n.	программа
看到	kan:dao	v.	видеть
表示	biao:shi	v.	выражать
完成	wan:cheng	v.	завершать
不同	bu:tong	adj.	разный
增加	zeng:jia	v.	увеличивать
参加	can:jia	v.	участвовать
更多	geng:duo	adj.	больше
联系	lian:xi	v.	связываться
介绍	jie:shao	v.	представлять
教师	jiao:shi	n.	учитель
结果	jie:guo	n.	результат
提出	ti:chu	v.	выдвигать
造成	zao:cheng	v.	вызывать
金钱	jin:qian	n.	деньги
拥有	yong:you	v.	владеть
发布	fa:bu	v.	выпускать
人们	ren:men	n.	люди
质量	zhi:liang	n.	качество
条件	tiao:jian	n.	условие
材料	cai:liao	n.	материал
版主	ban:zhu	n.	модератор форума
许多	xu:duo	adj.	много
其实	qi:shi	adv.	на самом деле
感觉	gan:jue	v.	чувствовать
感觉	gan:jue	n.	ощущение
级别	ji:bie	n.	уровень
练	lian	v.	тренироваться
开发	kai:fa	v.	разрабатывать
达到	da:dao	v.	достигать
数据	shu:ju	n.	данные
日期	ri:qi	n.	дата
在线	zai:xian	adj.	в сети
甚至	shen:zhi	adv.	даже
的话	de:hua	part.	если
系列	xi:lie	n.	серия
当前	dang:qian	adj.	текущий
这里	zhe:li	pron.	здесь
之一	zhi:yi	n.	один из
标题	biao:ti	n.	заголовок
新的	xin:de	adj.	новый
会员价	hui:yuan:jia	n.	цена для участников
合作	he:zuo	v.	сотрудничать
建议	jian:yi	v.	предлагать
建议	jian:yi	n.	предложение
代表	dai:biao	v.	представлять
代表	dai:biao	n.	представитель
开展	kai:zhan	v.	развёртывать
继续	ji:xu	v.	продолжать
产生	chan:sheng	v.	производить
今年	jin:nian	n.	этот год
存在	cun:zai	v.	существовать
存在	cun:zai	n.	существование
今天	jin:tian	n.	сегодня
发表	fa:biao	v.	публиковать
基本	ji:ben	adj.	базовый
显示	xian:shi	v.	отображать
目标	mu:biao	n.	цель
类型	lei:xing	n.	тип
不得	bu:de	part.	нельзя
知道	zhi:dao	v.	знать
保护	bao:hu	v.	защищать
保护	bao:hu	n.	защита
这一	zhe:yi	pron.	этот
全部	quan:bu	n.	всё
全部	quan:bu	adj.	весь
得到	de:dao	v.	получать
以后	yi:hou	n.	после
最大	zui:da	adj.	самый большой
操作	cao:zuo	v.	управлять
操作	cao:zuo	n.	операция
保证	bao:zheng	v.	гарантировать
保证	bao:zheng	n.	гарантия
控制	kong:zhi	v.	контролировать
控制	kong:zhi	n.	контроль
国内	guo:nei	n.	внутренний
东西	dong:xi	n.	вещь
作品	zuo:pin	n.	произведение
才能	cai:neng	v.	мочь
才能	cai:neng	n.	талант
考试	kao:shi	n.	экзамен
解决	jie:jue	v.	решать
经过	jing:guo	v.	проходить
经过	jing:guo	prep.	через
如下	ru:xia	adj.	как указано ниже
集团	ji:tuan	n.	группа
空间	kong:jian	n.	пространство
水平	shui:ping	n.	уровень
点击	dian:ji	v.	щёлкать
确定	que:ding	v.	подтверждать
确定	que:ding	adj.	определённый
具体	ju:ti	adj.	конкретный
先生	xian:sheng	n.	господин
最新	zui:xin	adj.	новейший
当然	dang:ran	adv.	конечно
当然	dang:ran	adj.	само собой разумеется
无法	wu:fa	v.	не мочь
应用	ying:yong	n.	приложение
应用	ying:yong	v.	применять
你们	ni:men	pron.	вы
那些	na:xie	pron.	те
左右	zuo:you	n.	лево и право
左右	zuo:you	v.	контролировать
来源	lai:yuan	n.	источник
政策	zheng:ce	n.	политика
有些	you:xie	adv.	несколько
有些	you:xie	pron.	некоторые
起来	qi:lai	part.	начать
帮助	bang:zhu	v.	помогать
帮助	bang:zhu	n.	помощь
免费	mian:fei	adj.	бесплатный
通知	tong:zhi	v.	уведомлять
通知	tong:zhi	n.	уведомление
成功	cheng:gong	v.	добиться успеха
成功	cheng:gong	n.	успех
应该	ying:gai	v.	следует
一切	yi:qie	pron.	всё
原因	yuan:yin	n.	причина
金币	jin:bi	n.	золотая монета
专家	zhuan:jia	n.	эксперт
及时	ji:shi	adj.	своевременный
及时	ji:shi	adv.	вовремя
真正	zhen:zheng	adj.	настоящий
传真	chuan:zhen	n.	факс
传真	chuan:zhen	v.	отправлять по факсу
购买	gou:mai	v.	покупать
法律	fa:lv	n.	закон
查看	cha:kan	v.	просматривать
注意	zhu:yi	v.	обращать внимание
消费者	xiao:fei:zhe	n.	потребитель
正在	zheng:zai	adv.	как раз
导致	dao:zhi	v.	приводить к
随着	sui:zhe	prep.	вместе с
不断	bu:duan	adv.	постоянно
接受	jie:shou	v.	принимать
另外	ling:wai	conj.	кроме того
另外	ling:wai	adv.	другой
注册时间	zhu:ce:shi:jian	n.	время регистрации
办理	ban:li	v.	оформлять
音乐	yin:yue	n.	музыка
费用	fei:yong	n.	расходы
形式	xing:shi	n.	форма
基础	ji:chu	n.	основа
编辑	bian:ji	v.	редактировать
编辑	bian:ji	n.	редактор
经营	jing:ying	v.	управлять
人才	ren:cai	n.	талант
变化	bian:hua	n.	изменение
变化	bian:hua	v.	меняться
一直	yi:zhi	adv.	всегда
可是	ke:shi	conj.	но
完善	wan:shan	adj.	совершенный
完善	wan:shan	v.	совершенствовать
喜欢	xi:huan	v.	нравиться
特别	te:bie	adv.	особенно
特别	te:bie	adj.	особый
结构	jie:gou	n.	структура
社区	she:qu	n.	сообщество
办法	ban:fa	n.	способ
头衔	tou:xian	n.	титул
了解	liao:jie	v.	понимать
不要	bu:yao	v.	не
分钟	fen:zhong	n.	минута
位置	wei:zhi	n.	позиция
发生	fa:sheng	v.	происходить
教学	jiao:xue	v.	преподавать
员工	yuan:gong	n.	сотрудник
过程	guo:cheng	n.	процесс
简单	jian:dan	adj.	простой
简单	jian:dan	adv.	просто
类别	lei:bie	n.	категория
从事	cong:shi	v.	заниматься
原则	yuan:ze	n.	принцип
怎么	zen:me	pron.	как
进一步	jin:yi:bu	adv.	далее
进一步	jin:yi:bu	v.	двигаться дальше
历史	li:shi	n.	история
那个	na:ge	pron.	тот
特点	te:dian	n.	особенность
参与	can:yu	v.	участвовать
网上	wang:shang	n.	в интернете
制作	zhi:zuo	v.	изготавливать
制作	zhi:zuo	n.	производство
并且	bing:qie	conj.	и
坚持	jian:chi	v.	настаивать
交流	jiao:liu	v.	общаться
交流	jiao:liu	n.	обмен
数量	shu:liang	n.	количество
她的	ta:de	pron.	её
重点	zhong:dian	n.	центральное место
意见	yi:jian	n.	мнение
健康	jian:kang	n.	здоровье
健康	jian:kang	adj.	здоровый
整个	zheng:ge	adj.	целый
努力	nu:li	v.	стараться
努力	nu:li	n.	усилие
旅游	lv:you	v.	путешествовать
旅游	lv:you	n.	туризм
领导	ling:dao	v.	руководить
领导	ling:dao	n.	руководство
只要	zhi:yao	conj.	лишь бы
当时	dang:shi	adv.	тогда
资金	zi:jin	n.	средства
工具	gong:ju	n.	инструмент
实行	shi:xing	v.	осуществлять
保持	bao:chi	v.	поддерживать
服务器	fu:wu:qi	n.	сервер
男人	nan:ren	n.	мужчина
现金	xian:jin	n.	наличные
女人	nv:ren	n.	женщина
普通	pu:tong	adj.	обычный
第一	di:yi	num.	первый
超过	chao:guo	v.	превышать
电脑	dian:nao	n.	компьютер
安装	an:zhuang	v.	устанавливать
促进	cu:jin	v.	содействовать
文字	wen:zi	n.	текст
浏览	liu:lan	v.	просматривать
搜索	sou:suo	v.	искать
搜索	sou:suo	n.	поиск
页面	ye:mian	n.	страница
咨询	zi:xun	v.	консультироваться
咨询	zi:xun	n.	консультация
传统	chuan:tong	n.	традиция
传统	chuan:tong	adj.	традиционный
领域	ling:yu	n.	область
相应	xiang:ying	adj.	соответствующий
相应	xiang:ying	adv.	соответственно
重要	zhong:yao	adj.	важный
于是	yu:shi	conj.	таким образом
计算机	ji:suan:ji	n.	компьютер
责任	ze:ren	n.	ответственность
汽车	qi:che	n.	автомобиль
首页	shou:ye	n.	главная страница
大量	da:liang	adj.	большое количество
大量	da:liang	adv.	в большом количестве
规划	gui:hua	v.	планировать
规划	gui:hua	n.	планирование
完全	wan:quan	adv.	полностью
完全	wan:quan	adj.	полный
首先	shou:xian	adv.	прежде всего
不会	bu:hui	adv.	не мочь
联系人	lian:xi:ren	n.	контакт
准备	zhun:bei	v.	готовить
准备	zhun:bei	n.	подготовка
不同的	bu:tong:de	adj.	разный
自然	zi:ran	adj.	естественный
自然	zi:ran	n.	природа
是一个	shi:yi:ge	v.	быть одним
每个	mei:ge	pron.	каждый
任务	ren:wu	n.	задача
实际	shi:ji	adj.	фактический
编号	bian:hao	n.	номер
编号	bian:hao	v.	нумеровать
取得	qu:de	v.	получать
觉得	jue:de	v.	чувствовать
为什么	wei:shen:me	adv.	почему
一起	yi:qi	adv.	вместе
别人	bie:ren	n.	другие
风格	feng:ge	n.	стиль
科技	ke:ji	n.	технология
香港	xiang:gang	n.	Гонконг
出来	chu:lai	v.	выходить
事情	shi:qing	n.	дело
范围	fan:wei	n.	сфера
加入	jia:ru	v.	присоединяться
宣传	xuan:chuan	v.	рекламировать
宣传	xuan:chuan	n.	реклама
管理员	guan:li:yuan	n.	администратор
联系电话	lian:xi:dian:hua	n.	контактный телефон
平台	ping:tai	n.	платформа
发布时间	fa:bu:shi:jian	n.	время публикации
广州	guang:zhou	n.	Гуанчжоу
结合	jie:he	v.	соединять
全面	quan:mian	adj.	всесторонний
如此	ru:ci	adv.	так
删除	shan:chu	v.	удалять
记录	ji:lu	v.	записывать
记录	ji:lu	n.	запись
有的	you:de	pron.	некоторые
关注	guan:zhu	v.	следить
关注	guan:zhu	n.	внимание
综合	zong:he	v.	обобщать
综合	zong:he	adj.	комплексный
机会	ji:hui	n.	возможность
协议	xie:yi	n.	соглашение
协议	xie:yi	n.	протокол
深圳	shen:zhen	n.	Шэньчжэнь
语言	yu:yan	n.	язык
现象	xian:xiang	n.	явление
创新	chuang:xin	v.	новаторствовать
创新	chuang:xin	n.	инновация
声音	sheng:yin	n.	звук
声音	sheng:yin	n.	голос
分别	fen:bie	v.	расставаться
分别	fen:bie	adv.	соответственно
会议	hui:yi	n.	совещание
课程	ke:cheng	n.	курс
阅读	yue:du	v.	читать
理论	li:lun	n.	теория
一点	yi:dian	num.	немного
密码	mi:ma	n.	пароль
欢迎	huan:ying	v.	приветствовать
欢迎	huan:ying	adj.	добро пожаловать
用于	yong:yu	v.	использоваться для
价值	jia:zhi	n.	ценность
也有	ye:you	v.	также иметь
有效	you:xiao	adj.	действенный
下面	xia:mian	n.	внизу
下面	xia:mian	n.	ниже
属于	shu:yu	v.	принадлежать
输入	shu:ru	v.	вводить
输入	shu:ru	n.	ввод
改变	gai:bian	v.	менять
采取	cai:qu	v.	принимать
正常	zheng:chang	adj.	нормальный
培养	pei:yang	v.	воспитывать
自动	zi:dong	adj.	автоматический
自动	zi:dong	adv.	автоматически
它的	ta:de	pron.	его
谢谢	xie:xie	v.	благодарить
之前	zhi:qian	n.	до
积极	ji:ji	adj.	активный
对象	dui:xiang	n.	цель
新闻	xin:wen	n.	новости
不仅	bu:jin	conj.	не только
大学	da:xue	n.	университет
各类	ge:lei	adj.	различные
指导	zhi:dao	v.	руководить
共同	gong:tong	adj.	совместный
访问	fang:wen	v.	посещать
科学	ke:xue	n.	наука
他们的	ta:men:de	pron.	их
即可	ji:ke	adv.	немедленно
酒店	jiu:dian	n.	отель
治疗	zhi:liao	v.	лечить
比如	bi:ru	v.	например
交易	jiao:yi	n.	сделка
维护	wei:hu	v.	поддерживать
等等	deng:deng	conj.	и так далее
最好	zui:hao	adv.	лучше всего
给予	ji:yu	v.	давать
测试	ce:shi	n.	тест
每天	mei:tian	n.	каждый день
期间	qi:jian	n.	период
修改	xiu:gai	v.	изменять
安排	an:pai	v.	устраивать
家庭	jia:ting	n.	семья
农民	nong:min	n.	крестьянин
新股	xin:gu	n.	новая акция
从而	cong:er	conj.	таким образом
简介	jian:jie	n.	краткое описание
目的	mu:di	n.	цель
承担	cheng:dan	v.	брать на себя
农村	nong:cun	n.	деревня
同样	tong:yang	adj.	одинаковый
带来	dai:lai	v.	приносить
依法	yi:fa	adv.	по закону
增长	zeng:zhang	v.	расти
针对	zhen:dui	prep.	в отношении
查询	cha:xun	v.	запрашивать
好的	hao:de	adj.	хорошо
引用	yin:yong	v.	цитировать
思想	si:xiang	n.	мысль
体系	ti:xi	n.	система
优势	you:shi	n.	преимущество
并不	bing:bu	adv.	совсем не
连接	lian:jie	v.	соединять
掌握	zhang:wo	v.	овладевать
楼主	lou:zhu	n.	автор темы
留言	liu:yan	v.	оставить сообщение
身体	shen:ti	n.	тело
优秀	you:xiu	adj.	отличный
成本	cheng:ben	n.	себестоимость
而是	er:shi	conj.	а
过去	guo:qu	n.	прошлое
过去	guo:qu	v.	пройти
银行	yin:hang	n.	банк
考生	kao:sheng	n.	экзаменующийся
运行	yun:xing	v.	работать
建筑	jian:zhu	n.	здание
建筑	jian:zhu	v.	строить
分类	fen:lei	v.	классифицировать
分类	fen:lei	n.	классификация
方向	fang:xiang	n.	направление
快速	kuai:su	adj.	быстрый
几个	ji:ge	num.	несколько
理解	li:jie	v.	понимать
表现	biao:xian	v.	проявлять
表现	biao:xian	n.	проявление
减少	jian:shao	v.	уменьшаться
减少	jian:shao	n.	уменьшение
长期	chang:qi	n.	долгосрочный
后来	hou:lai	adv.	потом
平方米	ping:fang:mi	n.	квадратный метр
方案	fang:an	n.	план
速度	su:du	n.	скорость
这么	zhe:me	adv.	так
只能	zhi:neng	adv.	только мочь
电影	dian:ying	n.	фильм
以前	yi:qian	n.	до
批准	pi:zhun	v.	одобрять
评价	ping:jia	v.	оценивать
评价	ping:jia	n.	оценка
区域	qu:yu	n.	регион
措施	cuo:shi	n.	мера
大小	da:xiao	n.	размер
利益	li:yi	n.	выгода
推进	tui:jin	v.	продвигать
考虑	kao:lv	v.	рассматривать
网友	wang:you	n.	пользователь сети
这次	zhe:ci	n.	этот раз
合同	he:tong	n.	договор
计算	ji:suan	v.	вычислять
计算	ji:suan	n.	вычисление
贡献值	gong:xian:zhi	n.	показатель вклада
特别是	te:bie:shi	adv.	особенно
例如	li:ru	v.	например
职业	zhi:ye	n.	профессия
丰富	feng:fu	adj.	богатый
机关	ji:guan	n.	учреждение
更新	geng:xin	v.	обновлять
更新	geng:xin	n.	обновление
讨论	tao:lun	v.	обсуждать
讨论	tao:lun	n.	обсуждение
每年	mei:nian	adv.	каждый год
办公室	ban:gong:shi	n.	офис
协会	xie:hui	n.	ассоциация
然而	ran:er	conj.	однако
以来	yi:lai	conj.	с
因素	yin:su	n.	фактор
英语	ying:yu	n.	английский
电子	dian:zi	n.	электронный
经常	jing:chang	adv.	часто
原来	yuan:lai	adv.	первоначально
不少	bu:shao	adj.	немало
时代	shi:dai	n.	эпоха
互联网	hu:lian:wang	n.	интернет
生命	sheng:ming	n.	жизнь
艺术	yi:shu	n.	искусство
情况下	qing:kuang:xia	n.	в данных обстоятельствах
十分	shi:fen	adv.	совершенно
收入	shou:ru	n.	доход
更加	geng:jia	adv.	ещё более
现场	xian:chang	n.	место событий
发挥	fa:hui	v.	проявлять
终于	zhong:yu	adv.	наконец
组成	zu:cheng	v.	составлять
调查	diao:cha	v.	расследовать
满足	man:zu	v.	удовлетворять
全球	quan:qiu	n.	чувствовать
全球	quan:qiu	n.	глобус
媒体	mei:ti	n.	СМИ
现代	xian:dai	adj.	современный
新手上路	xin:shou:shang:lu	n.	новичок в пути
找到	zhao:dao	v.	находить
证明	zheng:ming	v.	доказывать
证明	zheng:ming	n.	доказательство
颜色	yan:se	n.	цвет
大型	da:xing	adj.	крупномасштабный
引起	yin:qi	v.	вызывать
认识	ren:shi	v.	признавать
认识	ren:shi	v.	быть знакомым
打开	da:kai	v.	открывать
推广	tui:guang	v.	продвигать
故事	gu:shi	n.	история
面积	mian:ji	n.	площадь
做好	zuo:hao	v.	сделать хорошо
北京市	bei:jing:shi	n.	город Пекин
面对	mian:dui	v.	сталкиваться
立即	li:ji	adv.	немедленно
对方	dui:fang	n.	противоположная сторона
投入	tou:ru	v.	вкладывать
投入	tou:ru	n.	вложение
运动	yun:dong	n.	спорт
运动	yun:dong	v.	двигаться
突然	tu:ran	adj.	внезапный
享受	xiang:shou	v.	наслаждаться
享受	xiang:shou	n.	наслаждение
学院	xue:yuan	n.	институт
共有	gong:you	v.	совместно владеть
力量	li:liang	n.	сила
明确	ming:que	adj.	ясный
明确	ming:que	v.	уточнять
比赛	bi:sai	n.	соревнование
人民政府	ren:min:zheng:fu	n.	народное правительство
最近	zui:jin	adv.	недавно
认证	ren:zheng	v.	сертифицировать
认证	ren:zheng	n.	сертификация
配置	pei:zhi	n.	конфигурация
配置	pei:zhi	v.	распределять
工业	gong:ye	n.	промышленность
游客	you:ke	n.	турист
代理	dai:li	n.	агентство
代理	dai:li	v.	действовать от имени
确认	que:ren	v.	подтверждать
广东	guang:dong	n.	Гуандун
正式	zheng:shi	adj.	официальный
当地	dang:di	n.	местность
位于	wei:yu	v.	находиться
一年	yi:nian	n.	один год
土地	tu:di	n.	земля
本人	ben:ren	n.	я сам
也许	ye:xu	adv.	может быть
整体	zheng:ti	n.	целое
农业	nong:ye	n.	сельское хозяйство
女性	nv:xing	n.	женщина
有人	you:ren	pron.	кто-то
支付	zhi:fu	v.	платить
教授	jiao:shou	n.	профессор
特殊	te:shu	adj.	особый
比例	bi:li	n.	пропорция
三个	san:ge	num.	три
特色	te:se	n.	особенность
阳光	yang:guang	n.	солнечный свет
下午	xia:wu	n.	день (после полудня)
供应	gong:ying	v.	снабжать
独立	du:li	adj.	независимый
增强	zeng:qiang	v.	усиливать
爱情	ai:qing	n.	любовь
形象	xing:xiang	n.	образ
成绩	cheng:ji	n.	результат
上述	shang:shu	adj.	вышеуказанный
规模	gui:mo	n.	масштаб
国务院	guo:wu:yuan	n.	Госсовет
推出	tui:chu	v.	выпускать
呵呵	he:he	onom.	хе-хе
错误	cuo:wu	n.	ошибка
父母	fu:mu	n.	родители
阶段	jie:duan	n.	этап
所谓	suo:wei	adj.	так называемый
双方	shuang:fang	n.	обе стороны
本帖	ben:tie	n.	этот пост
事业	shi:ye	n.	карьера
在线时间	zai:xian:shi:jian	n.	время в сети
最高	zui:gao	adj.	высший
基金	ji:jin	n.	фонд
数字	shu:zi	n.	число
似乎	si:hu	adv.	по-видимому
添加	tian:jia	v.	добавлять
照片	zhao:pian	n.	фотография
房屋	fang:wu	n.	дома
运用	yun:yong	v.	применять
最终	zui:zhong	adv.	в конце концов
告诉	gao:su	v.	сказать
同学	tong:xue	n.	одноклассник
风险	feng:xian	n.	риск
本文	ben:wen	n.	данная статья
方便	fang:bian	adj.	удобный
确保	que:bao	v.	обеспечивать
往往	wang:wang	adv.	часто
多种	duo:zhong	adj.	разные
观点	guan:dian	n.	точка зрения
统计	tong:ji	v.	подсчитывать статистику
加工	jia:gong	v.	обрабатывать
容易	rong:yi	adj.	легкий
回答	hui:da	v.	отвечать
机制	ji:zhi	n.	механизм
里面	li:mian	n.	внутри
下列	xia:lie	adj.	нижеследующий
降低	jiang:di	v.	снижать
提交	ti:jiao	v.	представлять
否则	fou:ze	conj.	иначе
未来	wei:lai	n.	будущее
代码	dai:ma	n.	код
总是	zong:shi	adv.	всегда
出版社	chu:ban:she	n.	издательство
怎样	zen:yang	pron.	как
限制	xian:zhi	v.	ограничивать
那样	na:yang	pron.	так
一条	yi:tiao	mw.	один (длинный)
高级	gao:ji	adj.	высший
交通	jiao:tong	n.	транспорт
手段	shou:duan	n.	средство
详细	xiang:xi	adj.	подробный
一句	yi:ju	mw.	одна фраза
不错	bu:cuo	adj.	неплохой
消费	xiao:fei	v.	потреблять
改善	gai:shan	v.	улучшать
政治	zheng:zhi	n.	политика
登记	deng:ji	v.	регистрировать
描述	miao:shu	v.	описывать
人类	ren:lei	n.	человечество
此外	ci:wai	conj.	кроме того
明显	ming:xian	adj.	очевидный
都会	dou:hui	adv.	все могут
都会	du:hui	n.	крупный город
您是	nin:shi	pron.	вы
姓名	xing:ming	n.	фамилия и имя
很好	hen:hao	adj.	очень хороший
指出	zhi:chu	v.	указывать
患者	huan:zhe	n.	пациент
年龄	nian:ling	n.	возраст
营销	ying:xiao	n.	маркетинг
根本	gen:ben	adv.	коренным образом
我想	wo:xiang	v.	я думаю
保障	bao:zhang	v.	обеспечивать
规格	gui:ge	n.	спецификация
在中国	zai:zhong:guo	prep.	в Китае
身上	shen:shang	n.	на теле
推动	tui:dong	v.	продвигать
重要的	zhong:yao:de	adj.	важный
尽管	jin:guan	conj.	хотя
党员	dang:yuan	n.	член партии
公布	gong:bu	v.	объявлять
公里	gong:li	mw.	километр
台湾	tai:wan	n.	Тайвань
概念	gai:nian	n.	понятие
开放	kai:fang	v.	открывать
人民	ren:min	n.	народ
不知道	bu:zhi:dao	v.	не знать
各地	ge:di	n.	различные места
集中	ji:zhong	v.	сосредоточивать
让我	rang:wo	v.	позвольте мне
制造	zhi:zao	v.	производить
再次	zai:ci	adv.	снова
战略	zhan:lve	n.	стратегия
人民币	ren:min:bi	n.	жэньминьби
压力	ya:li	n.	давление
即使	ji:shi	conj.	даже если
性能	xing:neng	n.	производительность
意义	yi:yi	n.	значение
之中	zhi:zhong	n.	среди
世纪	shi:ji	n.	век
数据库	shu:ju:ku	n.	база данных
一家	yi:jia	num.	одна (фирма)
职工	zhi:gong	n.	персонал
相对	xiang:dui	adj.	относительный
成员	cheng:yuan	n.	член
商业	shang:ye	n.	торговля
公告	gong:gao	n.	объявление
链接	lian:jie	n.	ссылка
视频	shi:pin	n.	видео
设立	she:li	v.	учреждать
创造	chuang:zao	v.	создавать
事件	shi:jian	n.	происшествие
成立	cheng:li	v.	основываться
性别	xing:bie	n.	пол
落实	luo:shi	v.	осуществлять
收藏	shou:cang	v.	коллекционировать
相当	xiang:dang	adv.	довольно
出口	chu:kou	n.	выход
同意	tong:yi	v.	соглашаться
越来越	yue:lai:yue	adv.	всё более
状况	zhuang:kuang	n.	ситуация
地点	di:dian	n.	место
美丽	mei:li	adj.	красивый
年代	nian:dai	n.	десятилетие
自由	zi:you	adj.	свободный
本身	ben:shen	pron.	сам
负责人	fu:ze:ren	n.	ответственный
内部	nei:bu	n.	внутренность
包装	bao:zhuang	n.	упаковка
适合	shi:he	v.	подходить
报名	bao:ming	v.	записываться
进口	jin:kou	n.	импорт
稳定	wen:ding	adj.	стабильный
一是	yi:shi	conj.	во-первых
年度	nian:du	n.	годовой
第一次	di:yi:ci	num.	в первый раз
看看	kan:kan	v.	посмотреть
连续	lian:xu	adj.	непрерывный
检测	jian:ce	v.	обнаруживать
中央	zhong:yang	n.	центр
技能	ji:neng	n.	навык
相信	xiang:xin	v.	верить
实践	shi:jian	n.	практика
一天	yi:tian	num.	один день
行动	xing:dong	n.	действие
型号	xing:hao	n.	модель
版本	ban:ben	n.	версия
设施	she:shi	n.	сооружение
群众	qun:zhong	n.	массы
转载	zhuan:zai	v.	перепечатывать
就业	jiu:ye	n.	занятость
德国	de:guo	n.	Германия
审核	shen:he	v.	проверять
感到	gan:dao	v.	чувствовать
解释	jie:shi	v.	объяснять
举办	ju:ban	v.	проводить
举行	ju:xing	v.	проводить
迅速	xun:su	adj.	быстрый
召开	zhao:kai	v.	созывать
母亲	mu:qin	n.	мать
报道	bao:dao	n.	репортаж
加快	jia:kuai	v.	ускорять
委员会	wei:yuan:hui	n.	комитет
处于	chu:yu	v.	находиться
快乐	kuai:le	adj.	счастливый
时尚	shi:shang	n.	мода
眼睛	yan:jing	n.	глаз
浙江	zhe:jiang	n.	Чжэцзян
多少	duo:shao	pron.	сколько
填写	tian:xie	v.	заполнять
违反	wei:fan	v.	нарушать
目录	mu:lu	n.	каталог
车辆	che:liang	n.	транспортное средство
广大	guang:da	adj.	обширный
妈妈	ma:ma	n.	мама
强调	qiang:diao	v.	подчеркивать
各项	ge:xiang	pron.	каждый пункт
鼓励	gu:li	v.	поощрять
考核	kao:he	v.	оценивать
卫生	wei:sheng	n.	гигиена
动作	dong:zuo	n.	движение
创建	chuang:jian	v.	создавать
英国	ying:guo	n.	Великобритания
人生	ren:sheng	n.	жизнь
意识	yi:shi	n.	сознание
现有	xian:you	adj.	существующий
父亲	fu:qin	n.	отец
扩大	kuo:da	v.	расширять
沟通	gou:tong	v.	общаться
关键	guan:jian	n.	ключ
认真	ren:zhen	adj.	серьёзный
下来	xia:lai	v.	спускаться
保存	bao:cun	v.	сохранять
更新时间	geng:xin:shi:jian	n.	время обновления
格式	ge:shi	n.	формат
联系方式	lian:xi:fang:shi	n.	контактная информация
一份	yi:fen	mw.	один экземпляр
予以	yu:yi	v.	предоставлять
贷款	dai:kuan	n.	заём
公开	gong:kai	adj.	публичный
一个人	yi:ge:ren	n.	один человек
本公司	ben:gong:si	n.	наша компания
共享	gong:xiang	v.	совместно использовать
去年	qu:nian	n.	прошлый год
移动	yi:dong	v.	перемещать
顾客	gu:ke	n.	клиент
招聘	zhao:pin	v.	наносить на работу
专门	zhuan:men	adj.	специальный
不足	bu:zu	adj.	недостаточный
多个	duo:ge	num.	несколько
生的	sheng:de	adj.	сырой
离开	li:kai	v.	уходить
美元	mei:yuan	n.	доллар США
追求	zhui:qiu	v.	добиваться
皮肤	pi:fu	n.	кожа
等方面	deng:fang:mian	n.	и так далее
法规	fa:gui	n.	правила
做到	zuo:dao	v.	добиться
贡献	gong:xian	n.	вклад
属性	shu:xing	n.	атрибут
玩家	wan:jia	n.	игрок
引导	yin:dao	v.	направлять
这时	zhe:shi	n.	в этот момент
儿童	er:tong	n.	ребёнок
经理	jing:li	n.	менеджер
涉及	she:ji	v.	затрагивать
杭州	hang:zhou	n.	Ханчжоу
列表	lie:biao	n.	список
无论	wu:lun	conj.	независимо от
一旦	yi:dan	adv.	как только
韩国	han:guo	n.	Корея
程度	cheng:du	n.	степень
具备	ju:bei	v.	обладать
联合	lian:he	v.	объединять
启动	qi:dong	v.	запускать
上面	shang:mian	n.	наверху
重新	chong:xin	adv.	заново
授权	shou:quan	v.	уполномочивать
不限	bu:xian	v.	без ограничения
仍然	reng:ran	adv.	всё ещё
晚上	wan:shang	n.	вечер
训练	xun:lian	v.	тренировать
严重	yan:zhong	adj.	серьёзный
也就	ye:jiu	adv.	то есть
中文	zhong:wen	n.	китайский язык
收到后	shou:dao:hou	v.	после получения
存款	cun:kuan	n.	вклад
关闭	guan:bi	v.	закрывать
两人	liang:ren	num.	два человека
收到	shou:dao	v.	получать
月份	yue:fen	n.	месяц
重视	zhong:shi	v.	придавать значение
出版	chu:ban	v.	издавать
基地	ji:di	n.	база
通常	tong:chang	adv.	обычно
消息	xiao:xi	n.	новость
有着	you:zhe	v.	иметь
距离	ju:li	n.	расстояние
民族	min:zu	n.	нация
相同	xiang:tong	adj.	одинаковый
至少	zhi:shao	adv.	по крайней мере
版权所有	ban:quan:suo:you	n.	авторские права
永远	yong:yuan	adv.	навсегда
竞争	jing:zheng	v.	соревноваться
上午	shang:wu	n.	утро
国外	guo:wai	n.	за границей
命令	ming:ling	n.	приказ
主管部门	zhu:guan:bu:men	n.	компетентный орган
团队	tuan:dui	n.	команда
附件	fu:jian	n.	приложение
教材	jiao:cai	n.	учебные материалы
人气	ren:qi	n.	популярность
正是	zheng:shi	adv.	именно
规则	gui:ze	n.	правило
色彩	se:cai	n.	цвет
准确	zhun:que	adj.	точный
不知	bu:zhi	v.	не знать
干部	gan:bu	n.	кадровый работник
阅读者	yue:du:zhe	n.	читатель
平均	ping:jun	adj.	средний
曾经	ceng:jing	adv.	когда-то
天津	tian:jin	n.	Тяньцзинь
有点	you:dian	adv.	немного
发送	fa:song	v.	отправлять
展示	zhan:shi	v.	демонстрировать
老板	lao:ban	n.	шеф
在这里	zai:zhe:li	adv.	здесь
资产	zi:chan	n.	актив
地位	di:wei	n.	положение
所在	suo:zai	n.	местонахождение
避免	bi:mian	v.	избегать
女孩	nv:hai	n.	девочка
缺乏	que:fa	v.	не хватать
最佳	zui:jia	adj.	наилучший
评估	ping:gu	v.	оценивать
熟悉	shou:xi	v.	быть знакомым
熟悉	shu:xi	adj.	знакомый
依照	yi:zhao	prep.	согласно
允许	yun:xu	v.	разрешать
此时	ci:shi	n.	этот момент
是不是	shi:bu:shi	part.	не так ли
保密	bao:mi	v.	хранить секрет
人物	ren:wu	n.	персонаж
资格	zi:ge	n.	квалификация
工作人员	gong:zuo:ren:yuan	n.	персонал
损失	sun:shi	n.	убыток
无关	wu:guan	adj.	не относящийся
不再	bu:zai	adv.	больше не
出售	chu:shou	v.	продавать
很快	hen:kuai	adv.	очень скоро
品种	pin:zhong	n.	сорт
人士	ren:shi	n.	лицо
网址	wang:zhi	n.	адрес сайта
证书	zheng:shu	n.	сертификат
不可	bu:ke	adv.	нельзя
成都	cheng:du	n.	Чэнду
角度	jiao:du	n.	угол
心中	xin:zhong	n.	в сердце
标签	biao:qian	n.	этикетка
创业	chuang:ye	v.	основать дело
答案	da:an	n.	ответ
面议	mian:yi	v.	обсуждать лично
相比	xiang:bi	v.	сравнивать
配合	pei:he	v.	координировать
强大	qiang:da	adj.	могущественный
而言	er:yan	part.	что касается
每次	mei:ci	pron.	каждый раз
协调	xie:tiao	v.	согласовывать
心里	xin:li	n.	в душе
名字	ming:zi	n.	имя
身份	shen:fen	n.	личность
时期	shi:qi	n.	период
相关图片	xiang:guan:tu:pian	n.	связанное изображение
保留	bao:liu	v.	сохранять
青年	qing:nian	n.	молодёжь
加大	jia:da	v.	увеличивать
结束	jie:shu	v.	заканчиваться
做出	zuo:chu	v.	совершать
面前	mian:qian	n.	перед
山东	shan:dong	n.	Шаньдун
对此	dui:ci	pron.	по этому поводу
收费	shou:fei	v.	взимать плату
成果	cheng:guo	n.	результат
服装	fu:zhuang	n.	одежда
有权	you:quan	v.	иметь право
主动	zhu:dong	adj.	инициативный
完整	wan:zheng	adj.	полный
工艺	gong:yi	n.	ремесло
几乎	ji:hu	adv.	почти
下降	xia:jiang	v.	снижаться
尺寸	chi:cun	n.	размер
独特	du:te	adj.	уникальный
多年	duo:nian	n.	многие годы
感受	gan:shou	n.	ощущение
那种	na:zhong	pron.	такой
医生	yi:sheng	n.	врач
博客	bo:ke	n.	блог
重庆	chong:qing	n.	Чунцин
寻找	xun:zhao	v.	искать
自治区	zi:zhi:qu	n.	автономный район
药品	yao:pin	n.	лекарство
防止	fang:zhi	v.	предотвращать
特征	te:zheng	n.	характеристика
性质	xing:zhi	n.	природа
遇到	yu:dao	v.	встречать
高度	gao:du	n.	высота
利润	li:run	n.	прибыль
小姐	xiao:jie	n.	мисс
恢复	hui:fu	v.	восстанавливаться
强化	qiang:hua	v.	усиливать
持续	chi:xu	v.	продолжаться
上海市	shang:hai:shi	n.	Шанхай
装备	zhuang:bei	n.	снаряжение
攻击	gong:ji	v.	атаковать
禁止	jin:zhi	v.	запрещать
升级	sheng:ji	v.	повышать уровень
一项	yi:xiang	num.	один (пункт)
反应	fan:ying	n.	реакция
道路	dao:lu	n.	дорога
话题	hua:ti	n.	тема
学会	xue:hui	v.	овладеть
看来	kan:lai	adv.	по-видимому
体现	ti:xian	v.	воплощать
传播	chuan:bo	v.	распространять
绝对	jue:dui	adj.	абсолютный
习惯	xi:guan	n.	привычка
习惯	xi:guan	v.	привыкнуть
一张	yi:zhang	mw.	один (лист)
感情	gan:qing	n.	чувство
电视	dian:shi	n.	телевидение
基于	ji:yu	prep.	на основе
幸福	xing:fu	n.	счастье
暂无	zan:wu	v.	временно отсутствует
两种	liang:zhong	num.	два вида
病毒	bing:du	n.	вирус
打造	da:zao	v.	создавать
立场	li:chang	n.	позиция
申报	shen:bao	v.	заявлять
硬盘	ying:pan	n.	жёсткий диск
自行	zi:xing	adv.	самостоятельно
观察	guan:cha	v.	наблюдать
万人	wan:ren	n.	десять тысяч человек
构成	gou:cheng	v.	составлять
广泛	guang:fan	adj.	широкий
心情	xin:qing	n.	настроение
此次	ci:ci	pron.	на этот раз
当事人	dang:shi:ren	n.	заинтересованное лицо
读者	du:zhe	n.	читатель
联盟	lian:meng	n.	союз
总结	zong:jie	v.	подводить итог
检验	jian:yan	v.	проверять
核心	he:xin	n.	ядро
网页	wang:ye	n.	веб-страница
当年	dang:nian	n.	в те годы
绿色	lv:se	n.	зелёный
马上	ma:shang	adv.	сразу
实际上	shi:ji:shang	adv.	на самом деле
素质	su:zhi	n.	качество
态度	tai:du	n.	отношение
动物	dong:wu	n.	животное
环保	huan:bao	n.	охрана окружающей среды
全新	quan:xin	adj.	совершенно новый
施工	shi:gong	v.	вести строительство
委托	wei:tuo	v.	доверить
档案	dang:an	n.	архив
深圳市	shen:zhen:shi	n.	Шэньчжэнь
自身	zi:shen	pron.	сам
第一个	di:yi:ge	num.	первый
发出	fa:chu	v.	отправить
上市	shang:shi	v.	выйти на биржу
他人	ta:ren	pron.	другой человек
域名	yu:ming	n.	доменное имя
保险	bao:xian	n.	страхование
有时	you:shi	adv.	иногда
承诺	cheng:nuo	v.	обещать
窗口	chuang:kou	n.	окно
奖励	jiang:li	v.	наградить
江苏	jiang:su	n.	Цзянсу
节目	jie:mu	n.	программа
理念	li:nian	n.	идея
理由	li:you	n.	причина
欧洲	ou:zhou	n.	Европа
之外	zhi:wai	n.	вне
人数	ren:shu	n.	число людей
邮件	you:jian	n.	почта
组合	zu:he	n.	комбинация
参数	can:shu	n.	параметр
工资	gong:zi	n.	зарплата
经典	jing:dian	n.	классика
身边	shen:bian	n.	рядом
儿子	er:zi	n.	сын
律师	lv:shi	n.	адвокат
日前	ri:qian	adv.	на днях
我市	wo:shi	n.	наш город
来到	lai:dao	v.	прибывать
投资者	tou:zi:zhe	n.	инвестор
用的	yong:de	part.	используемый
变得	bian:de	v.	становиться
发言	fa:yan	v.	выступать
发言	fa:yan	n.	выступление
观念	guan:nian	n.	понятие
实验	shi:yan	n.	эксперимент
正确	zheng:que	adj.	правильный
指标	zhi:biao	n.	показатель
拒绝	ju:jue	v.	отказать
商务	shang:wu	n.	коммерция
在一起	zai:yi:qi	adv.	вместе
备案	bei:an	v.	регистрировать
标志	biao:zhi	n.	знак
标志	biao:zhi	v.	указывать
法国	fa:guo	n.	Франция
家长	jia:zhang	n.	родитель
直到	zhi:dao	prep.	до
指数	zhi:shu	n.	индекс
本科	ben:ke	n.	бакалавриат
某些	mou:xie	pron.	некоторые
全省	quan:sheng	n.	вся провинция
天下	tian:xia	n.	мир
专用	zhuan:yong	adj.	специальный
专用	zhuan:yong	v.	предназначать
附近	fu:jin	n.	окрестность
各级	ge:ji	pron.	все уровни
判断	pan:duan	v.	судить
判断	pan:duan	n.	суждение
装修	zhuang:xiu	v.	ремонтировать
技巧	ji:qiao	n.	мастерство
加上	jia:shang	v.	прибавлять
授权方式	shou:quan:fang:shi	n.	способ авторизации
第三	di:san	num.	третий
经历	jing:li	v.	переживать
经历	jing:li	n.	опыт
就像	jiu:xiang	v.	быть как
体验	ti:yan	n.	переживание
文明	wen:ming	n.	цивилизация
小学	xiao:xue	n.	начальная школа
学历	xue:li	n.	образование
重大	zhong:da	adj.	серьезный
发行	fa:xing	v.	выпускать
改造	gai:zao	v.	преобразовывать
就要	jiu:yao	adv.	скоро
表明	biao:ming	v.	указывать
播放	bo:fang	v.	транслировать
一边	yi:bian	n.	одна сторона
岗位	gang:wei	n.	должность
突出	tu:chu	adj.	выдающийся
变成	bian:cheng	v.	становиться
审查	shen:cha	v.	рассматривать
短信	duan:xin	n.	смс
财富	cai:fu	n.	богатство
复杂	fu:za	adj.	сложный
合理	he:li	adj.	разумный
角色	jue:se	n.	роль
拍摄	pai:she	v.	снимать
审批	shen:pi	v.	утверждать
大学生	da:xue:sheng	n.	студент
品质	pin:zhi	n.	качество
突破	tu:po	v.	прорывать
突破	tu:po	n.	прорыв
超级	chao:ji	adj.	супер
金额	jin:e	n.	сумма
成熟	cheng:shu	adj.	зрелый
困难	kun:nan	adj.	трудный
困难	kun:nan	n.	трудность
万吨	wan:dun	num.	10 000 тонн
事项	shi:xiang	n.	пункт
维修	wei:xiu	v.	ремонтировать
一批	yi:pi	mw.	партия
原创	yuan:chuang	adj.	оригинальный
出租	chu:zu	v.	сдавать в аренду
手续	shou:xu	n.	формальность
约定	yue:ding	v.	договариваться
约定	yue:ding	n.	договоренность
中间	zhong:jian	n.	середина
或是	huo:shi	conj.	или
上网	shang:wang	v.	выходить в интернет
物品	wu:pin	n.	предмет
有效的	you:xiao:de	adj.	действенный
栏目	lan:mu	n.	рубрика
成长	cheng:zhang	v.	расти
货物	huo:wu	n.	товар
内存	nei:cun	n.	память
适应	shi:ying	v.	приспосабливаться
说的	shuo:de	part.	сказанный
欣赏	xin:shang	v.	ценить
欣赏	xin:shang	v.	восхищаться
运行环境	yun:xing:huan:jing	n.	среда выполнения
参考	can:kao	v.	ссылаться
参考	can:kao	n.	справка
动态	dong:tai	n.	динамика
动态	dong:tai	adj.	динамичный
感谢	gan:xie	v.	благодарить
你可以	ni:ke:yi	pron.	ты можешь
不到	bu:dao	v.	менее
个性	ge:xing	n.	личность
所属	suo:shu	n.	принадлежность
渠道	qu:dao	n.	канал
也没有	ye:mei:you	adv.	тоже нет
一片	yi:pian	mw.	кусок
逐渐	zhu:jian	adv.	постепенно
主体	zhu:ti	n.	главная часть
优惠	you:hui	n.	льгота
杂志	za:zhi	n.	журнал
指定	zhi:ding	v.	назначать
如今	ru:jin	n.	ныне
选项	xuan:xiang	n.	опция
学员	xue:yuan	n.	слушатель
预计	yu:ji	v.	предполагать
整合	zheng:he	v.	интегрировать
策略	ce:lve	n.	стратегия
还可以	hai:ke:yi	adv.	ещё сойдёт
认定	ren:ding	v.	признавать
本次	ben:ci	pron.	на этот раз
补充	bu:chong	v.	дополнять
影片	ying:pian	n.	фильм
周围	zhou:wei	n.	окрестности
报价	bao:jia	n.	предложение цены
操作系统	cao:zuo:xi:tong	n.	операционная система
肯定	ken:ding	adj.	определённый
肯定	ken:ding	adv.	определённо
义务	yi:wu	n.	обязанность
包含	bao:han	v.	содержать
定位	ding:wei	v.	позиционировать
家里	jia:li	n.	дом
商家	shang:jia	n.	торговец
武汉	wu:han	n.	Ухань
一名	yi:ming	mw.	один (человек)
有关规定	you:guan:gui:ding	n.	соответствующие правила
又是	you:shi	adv.	опять же
执行时间	zhi:xing:shi:jian	n.	время выполнения
不用	bu:yong	v.	не нужно
队伍	dui:wu	n.	ряды
改进	gai:jin	v.	улучшать
留下	liu:xia	v.	оставлять
提醒	ti:xing	v.	напоминать
药物	yao:wu	n.	лекарство
不好	bu:hao	adj.	плохой
会有	hui:you	v.	будет
强烈	qiang:lie	adj.	сильный
商标	shang:biao	n.	товарный знак
死亡	si:wang	n.	смерть
这位	zhe:wei	pron.	этот (человек)
罚款	fa:kuan	n.	штраф
依然	yi:ran	adv.	по-прежнему
优化	you:hua	v.	оптимизировать
转让	zhuan:rang	v.	передать
广场	guang:chang	n.	площадь
深入	shen:ru	v.	углубиться
思考	si:kao	v.	размышлять
先后	xian:hou	adv.	последовательно
观众	guan:zhong	n.	зрители
客人	ke:ren	n.	гость
三年	san:nian	num.	три года
一段	yi:duan	mw.	отрезок
担任	dan:ren	v.	занимать
食物	shi:wu	n.	еда
动力	dong:li	n.	движущая сила
机器	ji:qi	n.	машина
那里	na:li	pron.	там
听到	ting:dao	v.	услышать
遵守	zun:shou	v.	соблюдать
昨天	zuo:tian	n.	вчера
说话	shuo:hua	v.	говорить
中学	zhong:xue	n.	средняя школа
逐步	zhu:bu	adv.	постепенно
诚信	cheng:xin	n.	добросовестность
良好	liang:hao	adj.	хороший
随时	sui:shi	adv.	в любое время
温度	wen:du	n.	температура
衣服	yi:fu	n.	одежда
充分	chong:fen	adj.	достаточный
租赁	zu:lin	v.	арендовать
多次	duo:ci	adv.	много раз
公路	gong:lu	n.	шоссе
确实	que:shi	adv.	действительно
人口	ren:kou	n.	население
在此	zai:ci	adv.	здесь
站点	zhan:dian	n.	станция
和谐	he:xie	adj.	гармоничный
机械	ji:xie	n.	механизмы
普遍	pu:bian	adj.	всеобщий
首次	shou:ci	adv.	впервые
所需	suo:xu	adj.	требуемый
一套	yi:tao	mw.	комплект
广东省	guang:dong:sheng	n.	Гуандун
后面	hou:mian	n.	позади
美女	mei:nv	n.	красавица
社会主义	she:hui:zhu:yi	n.	социализм
愿意	yuan:yi	v.	быть готовым
论文	lun:wen	n.	научная статья
人家	ren:jia	pron.	я
行政	xing:zheng	n.	администрация
英文	ying:wen	n.	английский язык
自我	zi:wo	n.	самость
做法	zuo:fa	n.	подход
病人	bing:ren	n.	пациент
热情	re:qing	adj.	энтузиастичный
图书	tu:shu	n.	книги
物流	wu:liu	n.	логистика
成功的	cheng:gong:de	adj.	успешный
难以	nan:yi	v.	трудно
先进	xian:jin	adj.	передовой
众多	zhong:duo	adj.	многочисленный
设定	she:ding	v.	устанавливать
挑战	tiao:zhan	n.	вызов
总数	zong:shu	n.	общее число
返回	fan:hui	v.	возвращаться
哈哈	ha:ha	onom.	ха-ха
俱乐部	ju:le:bu	n.	клуб
矛盾	mao:dun	n.	противоречие
毕业生	bi:ye:sheng	n.	выпускник
到达	dao:da	v.	прибывать
过来	guo:lai	v.	подходить
今后	jin:hou	n.	отныне
配套	pei:tao	adj.	комплектный
运输	yun:shu	n.	перевозка
好像	hao:xiang	v.	казаться
公务员	gong:wu:yuan	n.	государственный служащий
趋势	qu:shi	n.	тенденция
一场	yi:chang	mw.	один раз
预防	yu:fang	v.	предотвращать
在于	zai:yu	v.	заключаться в
复制	fu:zhi	v.	копировать
排名	pai:ming	v.	ранжировать
实在	shi:zai	adv.	действительно
用户名	yong:hu:ming	n.	имя пользователя
尊重	zun:zhong	v.	уважать
不够	bu:gou	adj.	недостаточно
定义	ding:yi	n.	определение
情感	qing:gan	n.	чувство
生物	sheng:wu	n.	организм
最多	zui:duo	adv.	самое большее
厂商	chang:shang	n.	производитель
合格	he:ge	adj.	квалифицированный
等待	deng:dai	v.	ждать
市民	shi:min	n.	гражданин
创作	chuang:zuo	v.	творить
房间	fang:jian	n.	комната
数学	shu:xue	n.	математика
编制	bian:zhi	n.	штат
编制	bian:zhi	v.	плести
表面	biao:mian	n.	поверхность
歌曲	ge:qu	n.	песня
每一个	mei:yi:ge	pron.	каждый
难道	nan:dao	adv.	неужели
一部分	yi:bu:fen	n.	часть
正确的	zheng:que:de	adj.	правильный
按钮	an:niu	n.	кнопка
大部分	da:bu:fen	n.	большая часть
探索	tan:suo	v.	исследовать
给你	gei:ni	v.	дать тебе
家具	jia:ju	n.	мебель
会计	kuai:ji	n.	бухгалтерия
令人	ling:ren	v.	заставлять человека
这就是	zhe:jiu:shi	v.	это и есть
职责	zhi:ze	n.	обязанность
声明	sheng:ming	v.	заявлять
变更	bian:geng	v.	изменять
变更	bian:geng	n.	изменение
大会	da:hui	n.	собрание
大会	da:hui	n.	конференция
巨大的	ju:da:de	adj.	огромный
老人	lao:ren	n.	старик
年轻	nian:qing	adj.	молодой
实力	shi:li	n.	сила
四个	si:ge	num.	четыре
各个	ge:ge	pron.	каждый
金属	jin:shu	n.	металл
投票	tou:piao	v.	голосовать
投票	tou:piao	n.	голосование
吸引	xi:yin	v.	привлекать
厦门	xia:men	n.	Сямынь
预测	yu:ce	v.	прогнозировать
预测	yu:ce	n.	прогноз
注重	zhu:zhong	v.	придавать значение
装置	zhuang:zhi	n.	устройство
各位	ge:wei	pron.	все
公斤	gong:jin	n.	килограмм
购物	gou:wu	v.	делать покупки
接触	jie:chu	v.	касаться
接触	jie:chu	n.	контакт
小区	xiao:qu	n.	жилой квартал
学科	xue:ke	n.	дисциплина
样子	yang:zi	n.	вид
整理	zheng:li	v.	приводить в порядок
职务	zhi:wu	n.	должность
画面	hua:mian	n.	картинка
输出	shu:chu	v.	выводить
输出	shu:chu	n.	выход
投诉	tou:su	v.	жаловаться
引进	yin:jin	v.	внедрять
电子邮件	dian:zi:you:jian	n.	электронная почта
毕业	bi:ye	v.	оканчивать
打印	da:yin	v.	печатать
刚刚	gang:gang	adv.	только что
关心	guan:xin	v.	интересоваться
关心	guan:xin	n.	забота
近年来	jin:nian:lai	n.	последние годы
权限	quan:xian	n.	право доступа
四川	si:chuan	n.	Сычуань
作业	zuo:ye	n.	домашнее задание
放弃	fang:qi	v.	отказываться
环节	huan:jie	n.	звено
医疗	yi:liao	n.	медицинское обслуживание
特性	te:xing	n.	характеристика
邮箱	you:xiang	n.	почтовый ящик
展开	zhan:kai	v.	развернуть
女子	nv:zi	n.	женщина
破坏	po:huai	v.	разрушать
前面	qian:mian	n.	перед
黑色	hei:se	n.	чёрный
疾病	ji:bing	n.	болезнь
轻松	qing:song	adj.	расслабленный
为此	wei:ci	adv.	поэтому
字体	zi:ti	n.	шрифт
专题	zhuan:ti	n.	специальная тема
进程	jin:cheng	n.	процесс
停止	ting:zhi	v.	остановить
物质	wu:zhi	n.	материя
至今	zhi:jin	adv.	до сих пор
至于	zhi:yu	v.	что касается
经销商	jing:xiao:shang	n.	дилер
未经	wei:jing	prep.	без
情绪	qing:xu	n.	эмоция
收取	shou:qu	v.	взимать
财产	cai:chan	n.	имущество
看见	kan:jian	v.	видеть
体育	ti:yu	n.	спорт
金融	jin:rong	n.	финансы
是以	shi:yi	conj.	поэтому
翻译	fan:yi	v.	переводить
股东	gu:dong	n.	акционер
精品	jing:pin	n.	элитный товар
收集	shou:ji	v.	собирать
唯一	wei:yi	adj.	единственный
许可	xu:ke	v.	разрешать
宠物	chong:wu	n.	домашнее животное
空调	kong:tiao	n.	кондиционер
频道	pin:dao	n.	канал
面试	mian:shi	n.	собеседование
热线	re:xian	n.	горячая линия
始终	shi:zhong	adv.	всегда
下一页	xia:yi:ye	n.	следующая страница
相互	xiang:hu	adv.	взаимно
兴趣	xing:qu	n.	интерес
兄弟	xiong:di	n.	братья
房子	fang:zi	n.	дом
取消	qu:xiao	v.	отменить
尚未	shang:wei	adv.	ещё не
责任编辑	ze:ren:bian:ji	n.	ответственный редактор
电子商务	dian:zi:shang:wu	n.	электронная коммерция
加盟	jia:meng	v.	присоединяться
情形	qing:xing	n.	ситуация
想法	xiang:fa	n.	мысль
一块	yi:kuai	n.	один юань
一块	yi:kuai	adv.	вместе
公民	gong:min	n.	гражданин
笔者	bi:zhe	n.	автор
担心	dan:xin	v.	беспокоиться
基层	ji:ceng	n.	низовое звено
平时	ping:shi	n.	обычно
让我们	rang:wo:men	v.	давайте
文学	wen:xue	n.	литература
漂亮	piao:liang	adj.	красивый
现实	xian:shi	n.	реальность
动画	dong:hua	n.	анимация
获取	huo:qu	v.	получать
较大	jiao:da	adj.	сравнительно большой
录入	lu:ru	v.	вводить
面临	mian:lin	v.	сталкиваться с
信息化	xin:xi:hua	n.	информатизация
植物	zhi:wu	n.	растение
固定	gu:ding	v.	закреплять
股票	gu:piao	n.	акция
集体	ji:ti	n.	коллектив
进步	jin:bu	v.	прогрессировать
居民	ju:min	n.	житель
劳动	lao:dong	v.	трудиться
试验	shi:yan	n.	испытание
像素	xiang:su	n.	пиксель
一级	yi:ji	n.	первый разряд
浏览器	liu:lan:qi	n.	браузер
商城	shang:cheng	n.	торговый центр
依据	yi:ju	prep.	согласно
不敢	bu:gan	v.	не сметь
贸易	mao:yi	n.	торговля
详细信息	xiang:xi:xin:xi	n.	подробная информация
小说	xiao:shuo	n.	роман
有利于	you:li:yu	v.	благоприятствовать
值得	zhi:de	v.	стоить
宝宝	bao:bao	n.	малыш
河南	he:nan	n.	Хэнань
人民法院	ren:min:fa:yuan	n.	народный суд
收藏本页	shou:cang:ben:ye	v.	добавить в закладки
损害	sun:hai	v.	причинять ущерб
提前	ti:qian	v.	делать раньше
不但	bu:dan	conj.	не только
称为	cheng:wei	v.	называться
定期	ding:qi	adj.	регулярный
妇女	fu:nv	n.	женщина
妻子	qi:zi	n.	жена
伤害	shang:hai	v.	причинять вред
主管	zhu:guan	n.	руководитель
博士	bo:shi	n.	доктор
当中	dang:zhong	n.	среди
分配	fen:pei	v.	распределять
歌手	ge:shou	n.	певец
受理	shou:li	v.	принимать к рассмотрению
表情	biao:qing	n.	выражение лица
流行	liu:xing	adj.	модный
满意	man:yi	adj.	довольный
行政主管	xing:zheng:zhu:guan	n.	административный руководитель
白色	bai:se	n.	белый
表演	biao:yan	v.	исполнять
收益	shou:yi	n.	доход
图像	tu:xiang	n.	изображение
意思	yi:si	n.	смысл
营养	ying:yang	n.	питание
直辖市	zhi:xia:shi	n.	город центрального подчинения
住宅	zhu:zhai	n.	жилой дом
刺激	ci:ji	v.	стимулировать
电池	dian:chi	n.	батарея
好了	hao:le	int.	ладно
鉴定	jian:ding	v.	экспертировать
另一个	ling:yi:ge	pron.	другой
驱动	qu:dong	v.	приводить в действие
日子	ri:zi	n.	день
申请人	shen:qing:ren	n.	заявитель
亚洲	ya:zhou	n.	Азия
重量	zhong:liang	n.	вес
策划	ce:hua	v.	планировать
而已	er:yi	part.	лишь
结婚	jie:hun	v.	жениться
竟然	jing:ran	adv.	неожиданно
理想	li:xiang	n.	идеал
请求	qing:qiu	v.	просить
信号	xin:hao	n.	сигнал
层次	ceng:ci	n.	уровень
流程	liu:cheng	n.	процесс
切实	qie:shi	adj.	реальный
时刻	shi:ke	n.	момент
运作	yun:zuo	v.	функционировать
厂家	chang:jia	n.	производитель
上升	shang:sheng	v.	подниматься
多媒体	duo:mei:ti	n.	мультимедиа
男性	nan:xing	n.	мужской
数据查询	shu:ju:cha:xun	n.	запрос данных
想到	xiang:dao	v.	вспомнить
好评度	hao:ping:du	n.	уровень одобрения
决策	jue:ce	n.	решение
太多	tai:duo	adj.	слишком много
因而	yin:er	conj.	следовательно
电源	dian:yuan	n.	источник питания
发布日期	fa:bu:ri:qi	n.	дата выпуска
情节	qing:jie	n.	сюжет
宣布	xuan:bu	v.	объявлять
股份有限公司	gu:fen:you:xian:gong:si	n.	акционерное общество
练习	lian:xi	v.	практиковать
期限	qi:xian	n.	срок
人体	ren:ti	n.	человеческое тело
新型	xin:xing	adj.	нового типа
邀请	yao:qing	v.	приглашать
一系列	yi:xi:lie	num.	ряд
转变	zhuan:bian	v.	превращаться
玻璃	bo:li	n.	стекло
充满	chong:man	v.	наполнять
构建	gou:jian	v.	строить
近期	jin:qi	n.	недавнее время
软件类别	ruan:jian:lei:bie	n.	категория ПО
事故	shi:gu	n.	происшествие
特定	te:ding	adj.	особый
也就是	ye:jiu:shi	conj.	то есть
本网站	ben:wang:zhan	n.	данный сайт
广州市	guang:zhou:shi	n.	Гуанчжоу
大多数	da:duo:shu	n.	большинство
工程师	gong:cheng:shi	n.	инженер
国内外	guo:nei:wai	n.	внутри страны и за рубежом
湖南	hu:nan	n.	Хунань
每月	mei:yue	adv.	ежемесячно
调节	tiao:jie	v.	регулировать
主持	zhu:chi	v.	вести
背景	bei:jing	n.	предыстория
表达	biao:da	v.	выражать
业绩	ye:ji	n.	показатели
原理	yuan:li	n.	принцип
战争	zhan:zheng	n.	война
案例	an:li	n.	пример
宾馆	bin:guan	n.	гостиница
电信	dian:xin	n.	телекоммуникации
感染	gan:ran	v.	заражать
还没	hai:mei	adv.	ещё не
手中	shou:zhong	n.	в руках
树立	shu:li	v.	устанавливать
未知	wei:zhi	adj.	неизвестный
纷纷	fen:fen	adv.	одно за другим
明天	ming:tian	n.	завтра
下去	xia:qu	v.	продолжать
言论	yan:lun	n.	высказывания
订单	ding:dan	n.	заказ
东方	dong:fang	n.	Восток
机场	ji:chang	n.	аэропорт
尽量	jin:liang	adv.	по возможности
平衡	ping:heng	n.	равновесие
财政	cai:zheng	n.	финансы
大专	da:zhuan	n.	колледж
供应商	gong:ying:shang	n.	поставщик
界面	jie:mian	n.	интерфейс
业主	ye:zhu	n.	владелец
装饰	zhuang:shi	v.	украшать
仓库	cang:ku	n.	склад
场所	chang:suo	n.	место
福建	fu:jian	n.	Фуцзянь
上一页	shang:yi:ye	n.	предыдущая страница
新疆	xin:jiang	n.	Синьцзян
住房	zhu:fang	n.	жильё
红色	hong:se	n.	красный
生态	sheng:tai	n.	экология
思维	si:wei	n.	мышление
常常	chang:chang	adv.	часто
回家	hui:jia	v.	возвращаться домой
回来	hui:lai	v.	вернуться
回来	hui:lai	n.	возвращение
立刻	li:ke	adv.	немедленно
效益	xiao:yi	n.	эффективность
本地	ben:di	n.	местный
待遇	dai:yu	n.	обращение
待遇	dai:yu	n.	жалованье
导演	dao:yan	n.	режиссёр
导演	dao:yan	v.	ставить
估计	gu:ji	v.	оценивать
审计	shen:ji	n.	аудит
说法	shuo:fa	n.	утверждение
说法	shuo:fa	n.	трактовка
天然	tian:ran	adj.	природный
研发	yan:fa	v.	разрабатывать
研发	yan:fa	n.	НИОКР
严重的	yan:zhong:de	adj.	серьёзный
本书	ben:shu	n.	эта книга
大大	da:da	adv.	значительно
科研	ke:yan	n.	научные исследования
效率	xiao:lv	n.	эффективность
模块	mo:kuai	n.	модуль
显得	xian:de	v.	казаться
优质	you:zhi	adj.	высококачественный
重复	chong:fu	v.	повторять
重复	chong:fu	adj.	повторяющийся
刚才	gang:cai	adv.	только что
高中	gao:zhong	n.	старшая школа
含有	han:you	v.	содержать
所在地	suo:zai:di	n.	местонахождение
想要	xiang:yao	v.	хотеть
转移	zhuan:yi	v.	передавать
不管	bu:guan	conj.	несмотря на
车型	che:xing	n.	модель автомобиля
发动机	fa:dong:ji	n.	двигатель
记得	ji:de	v.	помнить
监管	jian:guan	v.	контролировать
类似	lei:si	adj.	похожий
明白	ming:bai	v.	понимать
手术	shou:shu	n.	операция
通信	tong:xin	n.	связь
休闲	xiu:xian	n.	досуг
以便	yi:bian	conj.	чтобы
有所	you:suo	adv.	отчасти
规律	gui:lv	n.	закономерность
很少	hen:shao	adv.	редко
权力	quan:li	n.	власть
新增	xin:zeng	v.	добавлять
点击数	dian:ji:shu	n.	количество кликов
互动	hu:dong	v.	взаимодействовать
客服	ke:fu	n.	обслуживание клиентов
空气	kong:qi	n.	воздух
另一方面	ling:yi:fang:mian	conj.	с другой стороны
条款	tiao:kuan	n.	пункт
条例	tiao:li	n.	постановление
消除	xiao:chu	v.	устранять
尤其	you:qi	adv.	особенно
毕竟	bi:jing	adv.	в конце концов
道德	dao:de	n.	мораль
或许	huo:xu	adv.	возможно
力度	li:du	n.	интенсивность
能否	neng:fou	v.	мочь
批发	pi:fa	v.	продавать оптом
体制	ti:zhi	n.	система
演出	yan:chu	n.	представление
英雄	ying:xiong	n.	герой
责令	ze:ling	v.	предписывать
中华	zhong:hua	n.	Китай
资讯	zi:xun	n.	информация
物业	wu:ye	n.	управление недвижимостью
协助	xie:zhu	v.	содействовать
一方面	yi:fang:mian	conj.	с одной стороны
印刷	yin:shua	v.	печатать
著名	zhu:ming	adj.	известный
步骤	bu:zhou	n.	шаг
慢慢	man:man	adv.	медленно
原料	yuan:liao	n.	сырьё
临时	lin:shi	adj.	временный
太阳	tai:yang	n.	солнце
委员	wei:yuan	n.	член комитета
花园	hua:yuan	n.	сад
尽快	jin:kuai	adv.	как можно скорее
性格	xing:ge	n.	характер
光盘	guang:pan	n.	оптический диск
广西	guang:xi	n.	Гуанси
失败	shi:bai	v.	терпеть неудачу
浙江省	zhe:jiang:sheng	n.	провинция Чжэцзян
走向	zou:xiang	v.	двигаться к
租房	zu:fang	v.	снимать жильё
飞机	fei:ji	n.	самолёт
危害	wei:hai	v.	вредить
围绕	wei:rao	v.	окружать
围绕	wei:rao	prep.	вокруг
污染	wu:ran	v.	загрязнять
用人单位	yong:ren:dan:wei	n.	работодатель
云南	yun:nan	n.	Юньнань
主机	zhu:ji	n.	главная машина
不对	bu:dui	adj.	неправильный
差异	cha:yi	n.	различие
反对	fan:dui	v.	возражать
梦想	meng:xiang	n.	мечта
区别	qu:bie	n.	различие
全体	quan:ti	n.	все вместе
上传	shang:chuan	v.	загружать
与其	yu:qi	conj.	чем
资本	zi:ben	n.	капитал
对比	dui:bi	v.	сопоставлять
江苏省	jiang:su:sheng	n.	провинция Цзянсу
思路	si:lu	n.	ход мысли
出发	chu:fa	v.	отправляться
更为	geng:wei	adv.	ещё более
观看	guan:kan	v.	смотреть
简历	jian:li	n.	résumé
数码	shu:ma	n.	цифровой
一款	yi:kuan	num.	один
总经理	zong:jing:li	n.	генеральный директор
备注	bei:zhu	n.	примечание
常用	chang:yong	adj.	употребительный
运营	yun:ying	v.	управлять
招生	zhao:sheng	v.	набирать студентов
真实性	zhen:shi:xing	n.	достоверность
出去	chu:qu	v.	выходить
分公司	fen:gong:si	n.	филиал
化学	hua:xue	n.	химия
记忆	ji:yi	n.	память
某个	mou:ge	pron.	некоторый
印度	yin:du	n.	Индия
总体	zong:ti	n.	целое
最低	zui:di	adj.	минимальный
分布	fen:bu	n.	распределение
高速	gao:su	adj.	высокоскоростной
模型	mo:xing	n.	модель
佚名	yi:ming	n.	анонимный
居然	ju:ran	adv.	неожиданно
内置	nei:zhi	v.	встроенный
芯片	xin:pian	n.	чип
幼儿园	you:er:yuan	n.	детский сад
优先	you:xian	v.	давать приоритет
元素	yuan:su	n.	элемент
开发商	kai:fa:shang	n.	застройщик
评分	ping:fen	n.	оценка
由此	you:ci	adv.	отсюда
诊断	zhen:duan	v.	диагностировать
安徽	an:hui	n.	Аньхой
大师	da:shi	n.	мастер
河北	he:bei	n.	Хэбэй
见到	jian:dao	v.	увидеть
接近	jie:jin	v.	приближаться
细胞	xi:bao	n.	клетка
以为	yi:wei	v.	полагать
症状	zheng:zhuang	n.	симптом
处罚	chu:fa	v.	наказывать
年底	nian:di	n.	конец года
事实上	shi:shi:shang	adv.	на самом деле
学者	xue:zhe	n.	учёный
别的	bie:de	pron.	другой
更大	geng:da	adj.	больше
工厂	gong:chang	n.	фабрика
严格	yan:ge	adj.	строгий
建成	jian:cheng	v.	построить
可爱	ke:ai	adj.	милый
细节	xi:jie	n.	деталь
造型	zao:xing	n.	стиль
站长	zhan:zhang	n.	начальник станции
昨日	zuo:ri	n.	вчера
财务	cai:wu	n.	финансы
超市	chao:shi	n.	супермаркет
地图	di:tu	n.	карта
发放	fa:fang	v.	выдавать
更换	geng:huan	v.	заменять
经费	jing:fei	n.	средства
厘米	li:mi	mw.	сантиметр
生存	sheng:cun	v.	существовать
展览	zhan:lan	n.	выставка
并非	bing:fei	adv.	отнюдь не
低于	di:yu	v.	ниже
能源	neng:yuan	n.	энергия
最为	zui:wei	adv.	самый
家族	jia:zu	n.	семья
解决方案	jie:jue:fang:an	n.	решение
设计师	she:ji:shi	n.	дизайнер
享有	xiang:you	v.	пользоваться
小组	xiao:zu	n.	группа
意大利	yi:da:li	n.	Италия
种类	zhong:lei	n.	вид
转换	zhuan:huan	v.	преобразовывать
称号	cheng:hao	n.	звание
紧张	jin:zhang	adj.	напряжённый
期待	qi:dai	v.	ожидать
一阵	yi:zhen	mw.	волна
硬件	ying:jian	n.	аппаратное обеспечение
俄罗斯	e:luo:si	n.	Россия
监控	jian:kong	v.	контролировать
节省	jie:sheng	v.	экономить
旅行社	lv:xing:she	n.	туристическое агентство
市政府	shi:zheng:fu	n.	городское правительство
武器	wu:qi	n.	оружие
乡镇	xiang:zhen	n.	посёлки и волости
营造	ying:zao	v.	создавать
丈夫	zhang:fu	n.	муж
到底	dao:di	adv.	в конце концов
敌人	di:ren	n.	враг
经济发展	jing:ji:fa:zhan	n.	экономическое развитие
境内	jing:nei	n.	в пределах страны
两年	liang:nian	num.	два года
配件	pei:jian	n.	комплектующие
搜索引擎	sou:suo:yin:qing	n.	поисковая система
痛苦	tong:ku	adj.	мучительный
透露	tou:lu	v.	раскрывать
途径	tu:jing	n.	путь
西方	xi:fang	n.	Запад
大陆	da:lu	n.	континент
基本上	ji:ben:shang	adv.	в основном
接着	jie:zhe	conj.	затем
签订	qian:ding	v.	подписывать
验收	yan:shou	v.	принимать
测量	ce:liang	v.	измерять
含量	han:liang	n.	содержание
机动车	ji:dong:che	n.	автотранспорт
肌肤	ji:fu	n.	кожа
监测	jian:ce	v.	контролировать
课题	ke:ti	n.	тема исследования
心灵	xin:ling	n.	душа
行政部门	xing:zheng:bu:men	n.	административный отдел
邮政编码	you:zheng:bian:ma	n.	почтовый индекс
哲学	zhe:xue	n.	философия
摄影	she:ying	n.	фотография
有没有	you:mei:you	v.	есть или нет
招商	zhao:shang	v.	привлекать инвестиции
这类	zhe:lei	pron.	такой род
大连	da:lian	n.	Далянь
关键词	guan:jian:ci	n.	ключевое слово
黄金	huang:jin	n.	золото
即将	ji:jiang	adv.	скоро
年前	nian:qian	n.	перед Новым годом
签名	qian:ming	v.	подписывать
热门	re:men	adj.	популярный
随后	sui:hou	adv.	вскоре после
通讯	tong:xun	n.	связь
校园	xiao:yuan	n.	территория учебного заведения
种子	zhong:zi	n.	семя
其次	qi:ci	adv.	во-вторых
实验室	shi:yan:shi	n.	лаборатория
主人	zhu:ren	n.	хозяин
尝试	chang:shi	v.	пытаться
订购	ding:gou	v.	заказывать
合法权益	he:fa:quan:yi	n.	законные права
集成	ji:cheng	v.	интегрировать
蔬菜	shu:cai	n.	овощ
危险	wei:xian	adj.	опасный
详情	xiang:qing	n.	подробности
主办	zhu:ban	v.	организовывать
注明	zhu:ming	v.	указывать
不必	bu:bi	adv.	не нужно
创意	chuang:yi	n.	идея
精彩	jing:cai	adj.	замечательный
每日	mei:ri	n.	каждый день
暂时	zan:shi	adv.	временно
成就	cheng:jiu	n.	достижение
好友	hao:you	n.	близкий друг
湖北	hu:bei	n.	Хубэй
纳入	na:ru	v.	включить
男子	nan:zi	n.	мужчина
研究生	yan:jiu:sheng	n.	аспирант
智慧	zhi:hui	n.	мудрость
地上	di:shang	n.	на земле
清楚	qing:chu	adj.	ясный
日志	ri:zhi	n.	журнал
完美	wan:mei	adj.	совершенный
休息	xiu:xi	v.	отдыхать
电力	dian:li	n.	электроэнергия
激情	ji:qing	n.	страсть
科目	ke:mu	n.	предмет
扩展	kuo:zhan	v.	расширять
显然	xian:ran	adv.	очевидно
现状	xian:zhuang	n.	нынешнее положение
优点	you:dian	n.	достоинство
争取	zheng:qu	v.	добиваться
的确	di:que	adv.	действительно
加速	jia:su	v.	ускорять
累计	lei:ji	v.	накапливать
前往	qian:wang	v.	направляться
三个代表	san:ge:dai:biao	n.	Три представительства
苏州	su:zhou	n.	Сучжоу
用来	yong:lai	v.	использоваться для
账号	zhang:hao	n.	аккаунт
忽然	hu:ran	adv.	внезапно
基	ji	n.	основа
插入	cha:ru	v.	вставлять
同步	tong:bu	v.	синхронизировать
意味着	yi:wei:zhe	v.	означать
上下	shang:xia	n.	верх и низ
选	xuan	v.	выбирать
办公	ban:gong	v.	заниматься канцелярской работой
之下	zhi:xia	n.	под
跨越	kua:yue	v.	пересекать
持有	chi:you	v.	владеть
推	tui	v.	толкать
房产	fang:chan	n.	недвижимость
天使	tian:shi	n.	ангел
旁边	pang:bian	n.	рядом
噢	o	int.	ох
物理	wu:li	n.	физика
教育部	jiao:yu:bu	n.	министерство образования
街道	jie:dao	n.	улица
改	gai	v.	менять
承担责任	cheng:dan:ze:ren	v.	нести ответственность
治理	zhi:li	v.	управлять
一把	yi:ba	mw.	горсть
上涨	shang:zhang	v.	подниматься
萝卜	luo:bo	n.	редька
充分发挥	chong:fen:fa:hui	v.	полностью раскрыть
退	tui	v.	отступать
缴纳	jiao:na	v.	платить
镜头	jing:tou	n.	объектив
著名的	zhu:ming:de	adj.	известный
点券	dian:quan	n.	бонусные баллы
三星	san:xing	n.	Samsung
味	wei	n.	вкус
发表时间	fa:biao:shi:jian	n.	время публикации
份	fen	mw.	порция
味道	wei:dao	n.	вкус
失去	shi:qu	v.	терять
婚姻	hun:yin	n.	брак
示	shi	v.	показывать
忍	ren	v.	терпеть
天气	tian:qi	n.	погода
足够	zu:gou	adj.	достаточный
超级版主	chao:ji:ban:zhu	n.	супермодератор
沈阳	shen:yang	n.	Шэньян
较为	jiao:wei	adv.	относительно
印象	yin:xiang	n.	впечатление
历	li	n.	календарь
任意	ren:yi	adj.	произвольный
读书	du:shu	v.	читать
展会	zhan:hui	n.	выставка
通道	tong:dao	n.	проход
目光	mu:guang	n.	взгляд
文档	wen:dang	n.	документ
青少年	qing:shao:nian	n.	подросток
主板	zhu:ban	n.	материнская плата
承认	cheng:ren	v.	признавать
器	qi	n.	прибор
恐	kong	v.	бояться
引	yin	v.	тянуть
折扣	zhe:kou	n.	скидка
这款	zhe:kuan	pron.	эта модель
公共	gong:gong	adj.	общественный
试	shi	v.	пробовать
垃圾	la:ji	n.	мусор
端口	duan:kou	n.	порт
高手	gao:shou	n.	мастер
不想	bu:xiang	v.	не хотеть
公园	gong:yuan	n.	парк
自身的	zi:shen:de	adj.	собственный
面向	mian:xiang	v.	обращаться к
面向	mian:xiang	prep.	ориентированный на
爸爸	ba:ba	n.	папа
皮	pi	n.	кожа
定价	ding:jia	n.	фиксированная цена
定价	ding:jia	v.	назначать цену
既然	ji:ran	conj.	поскольку
打击	da:ji	v.	ударять
打击	da:ji	n.	удар
证据	zheng:ju	n.	доказательство
寄	ji	v.	посылать
习	xi	v.	упражняться
电视台	dian:shi:tai	n.	телевизионная станция
认可	ren:ke	v.	одобрять
认可	ren:ke	n.	одобрение
靠	kao	v.	опираться
靠	kao	v.	полагаться на
导	dao	v.	вести
安全生产	an:quan:sheng:chan	n.	безопасность производства
眼前	yan:qian	n.	перед глазами
人群	ren:qun	n.	толпа
存	cun	v.	копить
存	cun	v.	существовать
莫	mo	adv.	не
志	zhi	n.	стремление
志	zhi	n.	журнал
区	qu	n.	район
彻底	che:di	adj.	полный
早已	zao:yi	adv.	уже
不可能	bu:ke:neng	adj.	невозможный
明星	ming:xing	n.	звезда
汉	han	n.	китайский язык
汉	han	n.	хань
江西	jiang:xi	n.	Цзянси
维持	wei:chi	v.	поддерживать
城镇	cheng:zhen	n.	город
右	you	n.	правый
失误	shi:wu	n.	ошибка
覆盖	fu:gai	v.	покрывать
复印件	fu:yin:jian	n.	копия
群体	qun:ti	n.	группа
写作	xie:zuo	v.	писать
什	shen	pron.	что
生成	sheng:cheng	v.	генерировать
写字楼	xie:zi:lou	n.	офисное здание
顺利	shun:li	adj.	гладкий
求职	qiu:zhi	v.	искать работу
严	yan	adj.	строгий
医药	yi:yao	n.	медицина
对手	dui:shou	n.	противник
合租	he:zu	v.	снимать жильё вместе
信心	xin:xin	n.	уверенность
许可证	xu:ke:zheng	n.	лицензия
地面	di:mian	n.	земля
不如	bu:ru	v.	не такой хороший как
请问	qing:wen	v.	извините, можно спросить
反而	fan:er	adv.	наоборот
主席	zhu:xi	n.	председатель
文章来源	wen:zhang:lai:yuan	n.	источник статьи
异常	yi:chang	adj.	необычный
异常	yi:chang	n.	аномалия
态	tai	n.	состояние
套	tao	mw.	комплект
套	tao	v.	подходить
天空	tian:kong	n.	небо
校长	xiao:zhang	n.	директор
老婆	lao:po	n.	жена
买	mai	v.	покупать
支撑	zhi:cheng	v.	поддерживать
宁波	ning:bo	n.	Нинбо
幸	xing	adj.	счастливый
能量	neng:liang	n.	энергия
商铺	shang:pu	n.	магазин
仿佛	fang:fu	adv.	словно
总部	zong:bu	n.	штаб-квартира
培育	pei:yu	v.	возделывать
佛	fo	n.	Будда
主持人	zhu:chi:ren	n.	ведущий
临床	lin:chuang	adj.	клинический
产量	chan:liang	n.	производство
主页	zhu:ye	n.	домашняя страница
议	yi	v.	обсуждать
全文	quan:wen	n.	полный текст
外面	wai:mian	n.	снаружи
差距	cha:ju	n.	разрыв
必然	bi:ran	adj.	неизбежный
可见	ke:jian	conj.	видимо
树	shu	n.	дерево
哪些	na:xie	pron.	которые
公众	gong:zhong	n.	публика
中小企业	zhong:xiao:qi:ye	n.	малый и средний бизнес
赠送	zeng:song	v.	дарить
一道	yi:dao	adv.	вместе
一面	yi:mian	num.	одна сторона
灵活	ling:huo	adj.	гибкий
止	zhi	v.	останавливать
阴谋	yin:mou	n.	заговор
块	kuai	mw.	кусок
女士	nv:shi	n.	госпожа
农产品	nong:chan:pin	n.	сельхозпродукция
民主	min:zhu	n.	демократия
医学	yi:xue	n.	медицина
外观	wai:guan	n.	внешний вид
插件	cha:jian	n.	плагин
饭店	fan:dian	n.	гостиница
守	shou	v.	охранять
参观	can:guan	v.	посещать
支出	zhi:chu	n.	расход
从此	cong:ci	adv.	с тех пор
毛	mao	n.	шерсть
世界上	shi:jie:shang	n.	в мире
英寸	ying:cun	n.	дюйм
厂房	chang:fang	n.	производственное здание
部位	bu:wei	n.	часть
拓展	tuo:zhan	v.	расширять
军队	jun:dui	n.	армия
对话	dui:hua	n.	диалог
挥	hui	v.	махать
学术	xue:shu	adj.	академический
胡	hu	adv.	беспорядочно
权益	quan:yi	n.	права и интересы
第二天	di:er:tian	n.	на следующий день
激励	ji:li	v.	стимулировать
散	san	adj.	рассеянный
股份	gu:fen	n.	акция
革命	ge:ming	n.	революция
部署	bu:shu	v.	развернуть
一生	yi:sheng	n.	вся жизнь
板	ban	n.	доска
仅	jin	adv.	лишь
对外	dui:wai	adv.	внешний
粮食	liang:shi	n.	зерно
心态	xin:tai	n.	склад ума
故障	gu:zhang	n.	неисправность
隐	yin	v.	скрывать
怒	nu	v.	гневаться
人力资源	ren:li:zi:yuan	n.	человеческие ресурсы
床	chuang	n.	кровать
海关	hai:guan	n.	таможня
苏	su	v.	оживать
用途	yong:tu	n.	назначение
温暖	wen:nuan	adj.	тёплый
带有	dai:you	v.	нести
常见	chang:jian	adj.	распространённый
依靠	yi:kao	v.	полагаться на
现代化	xian:dai:hua	n.	модернизация
交换	jiao:huan	v.	обменивать
更高	geng:gao	adj.	выше
探讨	tan:tao	v.	обсуждать
铁路	tie:lu	n.	железная дорога
拖	tuo	v.	тащить
屏幕	ping:mu	n.	экран
新建	xin:jian	v.	вновь построить
怀疑	huai:yi	v.	подозревать
合适	he:shi	adj.	подходящий
报考	bao:kao	v.	подавать заявление на экзамен
频率	pin:lv	n.	частота
风景	feng:jing	n.	пейзаж
股	gu	mw.	прядь
忌	ji	v.	избегать
局	ju	n.	управление
有效期	you:xiao:qi	n.	срок действия
秘密	mi:mi	n.	секрет
少年	shao:nian	n.	подросток
容量	rong:liang	n.	ёмкость
局长	ju:zhang	n.	начальник управления
生意	sheng:yi	n.	торговля
班	ban	mw.	смена
存储	cun:chu	v.	хранить
气氛	qi:fen	n.	атмосфера
巨大	ju:da	adj.	огромный
邦迪	bang:di	n.	бинт-пластырь
菜单	cai:dan	n.	меню
一致	yi:zhi	adj.	единый
健全	jian:quan	adj.	здоровый
图	tu	n.	рисунок
评审	ping:shen	n.	оценка
评审	ping:shen	v.	оценивать
己	ji	n.	сам
互相	hu:xiang	adv.	взаимно
岁	sui	mw.	год (возраст)
礼	li	n.	подарок
礼	li	n.	вежливость
独	du	adj.	один
独	du	adv.	в одиночку
很多人	hen:duo:ren	n.	многие люди
以内	yi:nei	n.	внутри
初	chu	adj.	начальный
初	chu	adv.	впервые
福	fu	n.	счастье
全身	quan:shen	n.	всё тело
开通	kai:tong	v.	открыть
开通	kai:tong	adj.	открытый
头发	tou:fa	n.	волосы
较高	jiao:gao	adj.	относительно высокий
一路	yi:lu	adv.	всё время
顺	shun	adj.	гладкий
顺	shun	v.	следовать
狂	kuang	adj.	безумный
修复	xiu:fu	v.	восстанавливать
修复	xiu:fu	n.	восстановление
报纸	bao:zhi	n.	газета
外国	wai:guo	n.	иностранное государство
天地	tian:di	n.	мир
局面	ju:mian	n.	ситуация
说是	shuo:shi	v.	говорят, что
麻烦	ma:fan	adj.	хлопотный
麻烦	ma:fan	v.	беспокоить
麻烦	ma:fan	n.	хлопоты
浪漫	lang:man	adj.	романтичный
默	mo	adv.	молча
笔记本	bi:ji:ben	n.	тетрадь
笔记本	bi:ji:ben	n.	ноутбук
神秘	shen:mi	adj.	таинственный
微软	wei:ruan	n.	Microsoft
看法	kan:fa	n.	взгляд
网吧	wang:ba	n.	интернет-кафе
教程	jiao:cheng	n.	руководство
礼品	li:pin	n.	подарок
万美元	wan:mei:yuan	n.	10 000 долларов
五年	wu:nian	n.	пять лет
松	song	adj.	свободный
松	song	v.	ослаблять
松	song	n.	сосна
证	zheng	n.	удостоверение
证	zheng	v.	доказывать
门口	men:kou	n.	вход
多数	duo:shu	n.	большинство
不在	bu:zai	v.	отсутствовать
中国人	zhong:guo:ren	n.	китаец
将来	jiang:lai	n.	будущее
要是	yao:shi	conj.	если
否	fou	v.	отрицать
恶	e	adj.	злой
恶	e	v.	ненавидеть
治	zhi	v.	лечить
摘要	zhai:yao	n.	резюме
大概	da:gai	adv.	наверное
大概	da:gai	n.	приблизительность
一流	yi:liu	adj.	первоклассный
缓	huan	adj.	медленный
出台	chu:tai	v.	выходить
命运	ming:yun	n.	судьба
排	pai	v.	стоять в очереди
排	pai	v.	располагать
费	fei	n.	плата
费	fei	v.	тратить
拍	pai	v.	шлёпать
拍	pai	v.	снимать
预算	yu:suan	n.	бюджет
耳	er	n.	ухо
放心	fang:xin	v.	быть спокойным
上级	shang:ji	n.	начальник
医	yi	n.	медицина
走到	zou:dao	v.	дойти
寒	han	adj.	холодный
小小	xiao:xiao	adj.	маленький
我知道	wo:zhi:dao	v.	я знаю
验证	yan:zheng	v.	проверять
哭	ku	v.	плакать
该公司	gai:gong:si	n.	эта компания
温	wen	adj.	тёплый
大众	da:zhong	n.	публика
长度	chang:du	n.	длина
成分	cheng:fen	n.	компонент
山东省	shan:dong:sheng	n.	провинция Шаньдун
管理人员	guan:li:ren:yuan	n.	управляющий
竞争力	jing:zheng:li	n.	конкурентоспособность
男女	nan:nv	n.	мужчины и женщины
化工	hua:gong	n.	химическая промышленность
鉴权	jian:quan	v.	аутентифицировать
证券交易所	zheng:quan:jiao:yi:suo	n.	фондовая биржа
子女	zi:nv	n.	дети
背后	bei:hou	n.	за спиной
房价	fang:jia	n.	цена на жильё
府	fu	n.	резиденция
担	dan	v.	нести
民间	min:jian	n.	гражданский
用户组	yong:hu:zu	n.	группа пользователей
各方	ge:fang	n.	все стороны
回避	hui:bi	v.	избегать
称	cheng	v.	называть
海外	hai:wai	n.	за границей
通用	tong:yong	adj.	универсальный
余	yu	num.	остаток
求租	qiu:zu	v.	искать аренду
事物	shi:wu	n.	вещь
女生	nv:sheng	n.	студентка
单独	dan:du	adv.	отдельно
哪里	na:li	pron.	где
仅仅	jin:jin	adv.	только
两次	liang:ci	num.	дважды
带动	dai:dong	v.	стимулировать
山西	shan:xi	n.	Шаньси
钟	zhong	n.	часы
泪	lei	n.	слеза
反复	fan:fu	v.	повторять
反复	fan:fu	adv.	неоднократно
经营者	jing:ying:zhe	n.	предприниматель
长沙	chang:sha	n.	Чанша
那时	na:shi	n.	тогда
售价	shou:jia	n.	цена продажи
就算	jiu:suan	conj.	даже если
就算	jiu:suan	v.	считать
前后	qian:hou	n.	около
前后	qian:hou	n.	от начала до конца
只好	zhi:hao	adv.	приходится
美容	mei:rong	n.	косметология
形势	xing:shi	n.	обстановка
产地	chan:di	n.	место производства
一步	yi:bu	n.	один шаг
据了解	ju:liao:jie	v.	как известно
模拟	mo:ni	v.	имитировать
模拟	mo:ni	adj.	имитационный
公平	gong:ping	adj.	справедливый
合并	he:bing	v.	сливать
水果	shui:guo	n.	фрукт
日常	ri:chang	adj.	повседневный
烟	yan	n.	дым
烟	yan	n.	сигарета
仪表	yi:biao	n.	прибор
仪表	yi:biao	n.	внешность
院校	yuan:xiao	n.	вузы
公安机关	gong:an:ji:guan	n.	органы общественной безопасности
名单	ming:dan	n.	список
胜利	sheng:li	n.	победа
胜利	sheng:li	v.	одержать победу
负担	fu:dan	n.	бремя
负担	fu:dan	v.	нести
页次	ye:ci	n.	номер страницы
景区	jing:qu	n.	туристическая зона
塑料	su:liao	n.	пластик
普及	pu:ji	v.	распространять
仍	reng	adv.	всё ещё
具	ju	n.	инструмент
具	ju	v.	обладать
忘	wang	v.	забывать
采访	cai:fang	v.	брать интервью
甲方	jia:fang	n.	сторона А
恩	en	n.	милость
毕	bi	v.	завершать
警	jing	n.	полиция
哪个	na:ge	pron.	который
出具	chu:ju	v.	выдавать
领取	ling:qu	v.	получать
抓住	zhua:zhu	v.	схватить
抓住	zhua:zhu	v.	поймать
强奸	qiang:jian	v.	изнасиловать
注册会员	zhu:ce:hui:yuan	n.	зарегистрированный член
编写	bian:xie	v.	составлять
无线	wu:xian	adj.	беспроводной
蓝	lan	adj.	синий
举报	ju:bao	v.	сообщать о нарушении
图书馆	tu:shu:guan	n.	библиотека
宫	gong	n.	дворец
吸	xi	v.	вдыхать
吸	xi	v.	всасывать
陆	lu	n.	суша
重要思想	zhong:yao:si:xiang	n.	важная мысль
另一	ling:yi	adj.	другой
郑州	zheng:zhou	n.	Чжэнчжоу
适当	shi:dang	adj.	подходящий
发票	fa:piao	n.	счёт
战斗	zhan:dou	n.	бой
战斗	zhan:dou	v.	сражаться
旧	jiu	adj.	старый
积累	ji:lei	v.	накапливать
库存	ku:cun	n.	запас
合法	he:fa	adj.	законный
录取	lu:qu	v.	зачислять
陕西	shan:xi	n.	Шэньси
大赛	da:sai	n.	конкурс
鼠标	shu:biao	n.	мышь
债权	zhai:quan	n.	право требования
视为	shi:wei	v.	рассматривать как
景点	jing:dian	n.	достопримечательность
压	ya	v.	давить
税收	shui:shou	n.	налоговые поступления
救	jiu	v.	спасать
美好	mei:hao	adj.	прекрасный
主张	zhu:zhang	v.	отстаивать
主张	zhu:zhang	n.	утверждение
呆	dai	adj.	тупой
呆	dai	v.	оставаться
乙方	yi:fang	n.	сторона Б
障碍	zhang:ai	n.	препятствие
明年	ming:nian	n.	будущий год
某种	mou:zhong	pron.	некоторый вид
河	he	n.	река
试试	shi:shi	v.	попробовать
信息网	xin:xi:wang	n.	информационная сеть
应用程序	ying:yong:cheng:xu	n.	прикладная программа
大约	da:yue	adv.	примерно
行情	hang:qing	n.	рыночная конъюнктура
迷	mi	v.	увлекаться
迷	mi	n.	фанат
便是	bian:shi	adv.	именно
众人	zhong:ren	n.	толпа
枪	qiang	n.	ружьё
族	zu	n.	племя
日内	ri:nei	n.	в ближайшие дни
森林	sen:lin	n.	лес
管理办法	guan:li:ban:fa	n.	правила управления
领导干部	ling:dao:gan:bu	n.	руководящие кадры
咱们	zan:men	pron.	мы
姑娘	gu:niang	n.	девушка
查找	cha:zhao	v.	искать
不大	bu:da	adj.	небольшой
开发区	kai:fa:qu	n.	зона развития
权	quan	n.	власть
权	quan	n.	право
汇款	hui:kuan	v.	переводить деньги
汇款	hui:kuan	n.	денежный перевод
半年	ban:nian	n.	полгода
水晶	shui:jing	n.	хрусталь
告知	gao:zhi	v.	уведомлять
吃饭	chi:fan	v.	есть
叹	tan	v.	вздыхать
节能	jie:neng	v.	экономить энергию
点评	dian:ping	v.	комментировать
县级以上	xian:ji:yi:shang	n.	уездный уровень и выше
地下	di:xia	n.	подземелье
地球	di:qiu	n.	Земля
每个人	mei:ge:ren	pron.	каждый человек
孙	sun	n.	внук
路线	lu:xian	n.	маршрут
环境保护	huan:jing:bao:hu	n.	охрана окружающей среды
蓝色	lan:se	n.	синий цвет
商机	shang:ji	n.	деловая возможность
双手	shuang:shou	n.	обе руки
推行	tui:xing	v.	внедрять
卷	juan	n.	том
卷	juan	v.	сворачивать
全年	quan:nian	n.	весь год
发表评论	fa:biao:ping:lun	v.	комментировать
高考	gao:kao	n.	вступительный экзамен в вуз
工人	gong:ren	n.	рабочий
专科	zhuan:ke	n.	среднее специальное образование
锻炼	duan:lian	v.	тренироваться
信任	xin:ren	v.	доверять
例子	li:zi	n.	пример
字节	zi:jie	n.	байт
记住	ji:zhu	v.	запомнить
体会	ti:hui	v.	осознать
体会	ti:hui	n.	понимание
国家安全	guo:jia:an:quan	n.	национальная безопасность
什么样的	shen:me:yang:de	pron.	какой
她说	ta:shuo	v.	она говорит
鲜花	xian:hua	n.	свежие цветы
同事	tong:shi	n.	коллега
查	cha	v.	проверять
查	cha	v.	справляться
颁发	ban:fa	v.	вручать
尾页	wei:ye	n.	последняя страница
村民	cun:min	n.	житель деревни
司机	si:ji	n.	водитель
走进	zou:jin	v.	войти в
团体	tuan:ti	n.	группа
以下简称	yi:xia:jian:cheng	v.	в дальнейшем сокращённо
次数	ci:shu	n.	количество раз
哥哥	ge:ge	n.	старший брат
十年	shi:nian	n.	десять лет
无奈	wu:nai	adj.	беспомощный
灌水	guan:shui	v.	флудить
种植	zhong:zhi	v.	выращивать
结论	jie:lun	n.	вывод
更改	geng:gai	v.	изменять
回忆	hui:yi	v.	вспоминать
回忆	hui:yi	n.	воспоминание
居住	ju:zhu	v.	проживать
海南	hai:nan	n.	Хайнань
毫	hao	n.	милли-
合理的	he:li:de	adj.	разумный
室内	shi:nei	n.	в помещении
高档	gao:dang	adj.	высокосортный
春	chun	n.	весна
察	cha	v.	рассматривать
生长	sheng:zhang	v.	расти
生长	sheng:zhang	n.	рост
引发	yin:fa	v.	вызывать
搭配	da:pei	v.	сочетаться
搭配	da:pei	n.	сочетание
圣	sheng	adj.	святой
开心	kai:xin	adj.	радостный
开心	kai:xin	v.	веселиться
传输	chuan:shu	v.	передавать
传输	chuan:shu	n.	передача
以往	yi:wang	n.	прошлое
无限	wu:xian	adj.	бесконечный
威胁	wei:xie	v.	угрожать
威胁	wei:xie	n.	угроза
灵魂	ling:hun	n.	душа
生日	sheng:ri	n.	день рождения
一人	yi:ren	n.	один человек
接到	jie:dao	v.	получить
外部	wai:bu	n.	внешняя часть
草	cao	n.	трава
天天	tian:tian	adv.	каждый день
较	jiao	adv.	относительно
较	jiao	v.	сравнивать
流动	liu:dong	v.	течь
流动	liu:dong	adj.	мобильный
早期	zao:qi	n.	ранний период
胜	sheng	v.	побеждать
微笑	wei:xiao	v.	улыбаться
微笑	wei:xiao	n.	улыбка
严禁	yan:jin	v.	строго запрещать
隐藏	yin:cang	v.	прятать
小孩	xiao:hai	n.	ребёнок
联系地址	lian:xi:di:zhi	n.	контактный адрес
机票	ji:piao	n.	авиабилет
究竟	jiu:jing	adv.	в действительности
究竟	jiu:jing	n.	итог
劳动者	lao:dong:zhe	n.	трудящийся
资质	zi:zhi	n.	квалификация
监督管理	jian:du:guan:li	v.	осуществлять надзор и управление
理性	li:xing	n.	разум
理性	li:xing	adj.	рациональный
随意	sui:yi	adj.	произвольный
随意	sui:yi	adv.	по своему усмотрению
文本	wen:ben	n.	текст
咖啡	ka:fei	n.	кофе
打算	da:suan	v.	pланировать
打算	da:suan	n.	намерение
姐姐	jie:jie	n.	старшая сестра
知识产权	zhi:shi:chan:quan	n.	интеллектуальная собственность
海洋	hai:yang	n.	океан
遇	yu	v.	встречать
充	chong	v.	наполнять
充	chong	v.	заряжать
史	shi	n.	история
喜爱	xi:ai	v.	любить
活力	huo:li	n.	жизненная сила
流量	liu:liang	n.	трафик
流量	liu:liang	n.	расход
为准	wei:zhun	v.	служить стандартом
领导小组	ling:dao:xiao:zu	n.	руководящая группа
关键字	guan:jian:zi	n.	ключевое слово
不得不	bu:de:bu	adv.	вынужденно
饮食	yin:shi	n.	питание
工作经验	gong:zuo:jing:yan	n.	опыт работы
西藏	xi:zang	n.	Тибет
男孩	nan:hai	n.	мальчик
各自	ge:zi	pron.	каждый
还	huan	v.	возвращать
顾问	gu:wen	n.	советник
长的	chang:de	adj.	длинный
防	fang	v.	защищать
信用	xin:yong	n.	кредит
征收	zheng:shou	v.	взимать
主流	zhu:liu	n.	мейнстрим
据	ju	prep.	согласно
一方	yi:fang	n.	одна сторона
应对	ying:dui	v.	реагировать
可用	ke:yong	adj.	пригодный
亲自	qin:zi	adv.	лично
十一五	shi:yi:wu	n.	11-я пятилетка
批评	pi:ping	v.	критиковать
终端	zhong:duan	n.	терминал
会上	hui:shang	n.	на собрании
之类	zhi:lei	n.	и тому подобное
选用	xuan:yong	v.	отбирать
浏览次数	liu:lan:ci:shu	n.	число просмотров
加拿大	jia:na:da	n.	Канада
清晰	qing:xi	adj.	ясный
种种	zhong:zhong	adj.	всякие
玩具	wan:ju	n.	игрушка
材质	cai:zhi	n.	материал
一座	yi:zuo	num.	один
清洁	qing:jie	adj.	чистый
猛	meng	adj.	яростный
清除	qing:chu	v.	устранять
骑	qi	v.	ехать верхом
相结合	xiang:jie:he	v.	соединять
除外	chu:wai	v.	исключать
土	tu	n.	земля
卡	ka	n.	карта
体内	ti:nei	n.	внутри тела
图形	tu:xing	n.	графика
这项	zhe:xiang	pron.	этот
当前位置	dang:qian:wei:zhi	n.	текущее положение
助	zhu	v.	помогать
昆明	kun:ming	n.	Куньмин
玉米	yu:mi	n.	кукуруза
高于	gao:yu	v.	выше
魅力	mei:li	n.	очарование
很容易	hen:rong:yi	adj.	очень легко
分离	fen:li	v.	разделять
对不起	dui:bu:qi	v.	извините
呈现	cheng:xian	v.	представлять
反映	fan:ying	v.	отражать
一件	yi:jian	num.	один
改正	gai:zheng	v.	исправлять
单击	dan:ji	v.	щёлкнуть
函数	han:shu	n.	функция
化妆品	hua:zhuang:pin	n.	косметика
联想	lian:xiang	v.	ассоциировать
京	jing	n.	столица
银	yin	n.	серебро
改为	gai:wei	v.	изменить на
总量	zong:liang	n.	общее количество
贵	gui	adj.	дорогой
永	yong	adj.	вечный
质	zhi	n.	качество
屋	wu	n.	дом
行政机关	xing:zheng:ji:guan	n.	административный орган
之所以	zhi:suo:yi	conj.	причина того, что
警察	jing:cha	n.	полиция
自动化	zi:dong:hua	n.	автоматизация
寻求	xun:qiu	v.	искать
采用了	cai:yong:le	v.	принял
起到	qi:dao	v.	играть (роль)
聊天	liao:tian	v.	болтать
须	xu	part.	должен
应当在	ying:dang:zai	part.	должен находиться в
题目	ti:mu	n.	заголовок
更好地	geng:hao:de	adv.	лучше
石油	shi:you	n.	нефть
商场	shang:chang	n.	торговый центр
副	fu	adj.	заместитель
乃至	nai:zhi	conj.	и даже
团结	tuan:jie	v.	сплотиться
售后服务	shou:hou:fu:wu	n.	послепродажное обслуживание
循环	xun:huan	v.	циркулировать
家园	jia:yuan	n.	родной дом
毛泽东	mao:ze:dong	n.	Мао Цзэдун
事务	shi:wu	n.	дела
这是一个	zhe:shi:yi:ge	pron.	это один
活跃	huo:yue	adj.	активный
赔偿	pei:chang	v.	возмещать
试题	shi:ti	n.	экзаменационный вопрос
字符串	zi:fu:chuan	n.	строка символов
平等	ping:deng	adj.	равный
初中	chu:zhong	n.	неполная средняя школа
行政许可	xing:zheng:xu:ke	n.	административное разрешение
技术支持	ji:shu:zhi:chi	n.	техническая поддержка
也就是说	ye:jiu:shi:shuo	conj.	то есть
本条例	ben:tiao:li	n.	настоящее положение
刺	ci	v.	колоть
属	shu	v.	принадлежать
闻	wen	v.	чувствовать запах
中医	zhong:yi	n.	китайская медицина
你说	ni:shuo	pron.	ты говоришь
使其	shi:qi	v.	заставить его
路上	lu:shang	n.	на дороге
承接	cheng:jie	v.	принимать на себя
以免	yi:mian	conj.	чтобы не
怎么样	zen:me:yang	pron.	как
形态	xing:tai	n.	форма
境	jing	n.	граница
禁	jin	v.	запрещать
活动中	huo:dong:zhong	n.	в ходе деятельности
温州	wen:zhou	n.	Вэньчжоу
促销	cu:xiao	v.	стимулировать продажи
阴	yin	n.	тень
我们就	wo:men:jiu	pron.	мы тогда
布局	bu:ju	n.	компоновка
共	gong	adv.	вместе
事业单位	shi:ye:dan:wei	n.	государственное учреждение
终止	zhong:zhi	v.	прекратить
副主任	fu:zhu:ren	n.	заместитель директора
疯狂	feng:kuang	adj.	сумасшедший
成人	cheng:ren	n.	взрослый
魔法	mo:fa	n.	магия
负	fu	v.	нести
负	fu	adj.	отрицательный
豪华	hao:hua	adj.	роскошный
弄	nong	v.	делать
弄	nong	v.	достать
虎	hu	n.	тигр
当天	dang:tian	n.	в тот же день
层	ceng	mw.	слой
清理	qing:li	v.	очистить
喊	han	v.	кричать
建材	jian:cai	n.	строительные материалы
研制	yan:zhi	v.	разрабатывать
接待	jie:dai	v.	принимать
接待	jie:dai	n.	приём
明显的	ming:xian:de	adj.	очевидный
施行	shi:xing	v.	осуществлять
施行	shi:xing	v.	вводить в действие
将军	jiang:jun	n.	генерал
统一的	tong:yi:de	adj.	единый
不需要	bu:xu:yao	v.	не нуждаться
餐厅	can:ting	n.	ресторан
不久	bu:jiu	adv.	скоро
询问	xun:wen	v.	спрашивать
复习	fu:xi	v.	повторять
复习	fu:xi	n.	повторение
逃	tao	v.	убегать
晓	xiao	n.	рассвет
座	zuo	mw.	~ (здания)
座	zuo	n.	место
所得	suo:de	n.	доход
冲突	chong:tu	n.	конфликт
动漫	dong:man	n.	аниме и манга
调研	diao:yan	v.	проводить исследование
演员	yan:yuan	n.	актёр
情	qing	n.	чувство
全县	quan:xian	n.	весь уезд
在内	zai:nei	prep.	включая
消失	xiao:shi	v.	исчезать
雅	ya	adj.	изящный
参	can	n.	женьшень
射	she	v.	стрелять
射	she	v.	брызгать
一层	yi:ceng	num.	один слой
有限	you:xian	adj.	ограниченный
功效	gong:xiao	n.	действие
消耗	xiao:hao	v.	расходовать
险	xian	adj.	опасный
险	xian	n.	опасность
出生	chu:sheng	v.	родиться
单纯	dan:chun	adj.	простой
温柔	wen:rou	adj.	нежный
总之	zong:zhi	adv.	короче говоря
对应	dui:ying	v.	соответствовать
荣誉	rong:yu	n.	честь
走出	zou:chu	v.	выйти
听说	ting:shuo	v.	слышать
听说	ting:shuo	adv.	говорят
书籍	shu:ji	n.	книги
划	hua	v.	грести
划	hua	v.	царапать
二十	er:shi	num.	двадцать
坚	jian	adj.	прочный
坚	jian	v.	укреплять
价	jia	n.	цена
无数	wu:shu	adj.	бесчисленные
实际情况	shi:ji:qing:kuang	n.	фактическое положение
用品	yong:pin	n.	товары
识别	shi:bie	v.	распознавать
秩序	zhi:xu	n.	порядок
互联	hu:lian	v.	соединять
彩色	cai:se	adj.	цветной
国产	guo:chan	adj.	отечественного производства
水泥	shui:ni	n.	цемент
扬	yang	v.	поднимать
扬	yang	v.	распространять
表格	biao:ge	n.	таблица
科	ke	n.	отделение
科	ke	mw.	счётное слово
小型	xiao:xing	adj.	малогабаритный
分辨率	fen:bian:lv	n.	разрешение
祝福	zhu:fu	v.	благословлять
祝福	zhu:fu	n.	благословение
得分	de:fen	v.	набирать очки
得分	de:fen	n.	счёт
得分儿	de:fen:er	n.	счёт
可惜	ke:xi	adj.	прискорбный
狠	hen	adj.	беспощадный
那天	na:tian	n.	тот день
投标	tou:biao	v.	подавать заявку
下载次数	xia:zai:ci:shu	n.	количество загрузок
军事	jun:shi	n.	военное дело
军事	jun:shi	adj.	военный
融合	rong:he	v.	сливаться
野	ye	adj.	дикий
野	ye	n.	поле
秦	qin	n.	Цинь
共产党员	gong:chan:dang:yuan	n.	член коммунистической партии
道理	dao:li	n.	резон
道理	dao:li	n.	принцип
前来	qian:lai	v.	приезжать
热点	re:dian	n.	горячая точка
秘	mi	adj.	тайный
清洗	qing:xi	v.	мыть
注意事项	zhu:yi:shi:xiang	n.	меры предосторожности
责任感	ze:ren:gan	n.	чувство ответственности
退出	tui:chu	v.	выйти
公司地址	gong:si:di:zhi	n.	адрес компании
格局	ge:ju	n.	структура
格局	ge:ju	n.	расстановка
积极性	ji:ji:xing	n.	активность
熟	shou	adj.	готовый
熟	shu	adj.	спелый
熟	shu	adj.	знакомый
置	zhi	v.	помещать
置	zhi	v.	приобретать
图案	tu:an	n.	узор
仙	xian	n.	небожитель
随便	sui:bian	adj.	любой
配送	pei:song	n.	доставка
冠军	guan:jun	n.	чемпион
模	mo	n.	модель
模	mu	n.	форма
极为	ji:wei	adv.	чрезвычайно
不宜	bu:yi	v.	не следует
伸	shen	v.	вытягивать
新鲜	xin:xian	adj.	свежий
呼吸	hu:xi	v.	дышать
货币	huo:bi	n.	валюта
出现在	chu:xian:zai	v.	появляться в
波	bo	n.	волна
此类	ci:lei	pron.	такой
信誉	xin:yu	n.	доверие
付出	fu:chu	v.	вкладывать
肉	rou	n.	мясо
难度	nan:du	n.	сложность
提取	ti:qu	v.	извлекать
假	jia	adj.	поддельный
据悉	ju:xi	adv.	по имеющимся сведениям
爱的	ai:de	part.	любви
把我	ba:wo	part.	меня
指定的	zhi:ding:de	adj.	назначенный
争议	zheng:yi	n.	спор
产生了	chan:sheng:le	v.	возникло
齐	qi	adj.	ровный
到来	dao:lai	n.	приход
其余	qi:yu	pron.	остальное
舞	wu	n.	танец
西部	xi:bu	n.	запад
提到	ti:dao	v.	упоминать
仔细	zi:xi	adj.	внимательный
两位	liang:wei	num.	двое
致力于	zhi:li:yu	v.	посвятить себя
拍卖	pai:mai	v.	продавать с аукциона
脱	tuo	v.	снимать
期望	qi:wang	v.	ожидать
广	guang	adj.	широкий
姑	gu	n.	тётя
坚决	jian:jue	adj.	решительный
巩固	gong:gu	v.	укреплять
东莞	dong:guan	n.	Дунгуань
麻	ma	n.	пенька
补贴	bu:tie	n.	субсидия
混合	hun:he	v.	смешивать
流通	liu:tong	v.	обращаться
官方	guan:fang	adj.	официальный
多人	duo:ren	n.	много людей
投	tou	v.	бросать
不符合	bu:fu:he	v.	не соответствовать
巧克力	qiao:ke:li	n.	шоколад
宗教	zong:jiao	n.	религия
比重	bi:zhong	n.	удельный вес
没想到	mei:xiang:dao	v.	не ожидал
您好	nin:hao	int.	здравствуйте
出处	chu:chu	n.	источник
安全性	an:quan:xing	n.	безопасность
天堂	tian:tang	n.	рай
新人	xin:ren	n.	новичок
什么时候	shen:me:shi:hou	pron.	когда
初始化	chu:shi:hua	v.	инициализировать
对待	dui:dai	v.	обращаться
日益	ri:yi	adv.	с каждым днем
内涵	nei:han	n.	содержание
实时	shi:shi	adj.	реального времени
顶	ding	v.	нажимать
顶	ding	v.	верхушка
忘记	wang:ji	v.	забывать
国家法律	guo:jia:fa:lv	n.	государственный закон
一律	yi:lv	adv.	без исключения
产权	chan:quan	n.	право собственности
配偶	pei:ou	n.	супруг
手里	shou:li	n.	в руках
几年	ji:nian	num.	несколько лет
原本	yuan:ben	adv.	изначально
一眼	yi:yan	n.	один взгляд
美术	mei:shu	n.	изобразительное искусство
轻轻	qing:qing	adv.	легко
民生	min:sheng	n.	народное благосостояние
周期	zhou:qi	n.	цикл
成交	cheng:jiao	v.	совершить сделку
致	zhi	v.	вызывать
责	ze	v.	порицать
讲话	jiang:hua	v.	говорить
讲话	jiang:hua	n.	речь
个体	ge:ti	n.	особь
早上	zao:shang	n.	утро
逻辑	luo:ji	n.	логика
老公	lao:gong	n.	муж
照顾	zhao:gu	v.	заботиться
景	jing	n.	пейзаж
营	ying	v.	управлять
领先	ling:xian	v.	лидировать
维	wei	mw.	измерение
设	she	v.	учреждать
仪器	yi:qi	n.	прибор
就这样	jiu:zhe:yang	adv.	вот и всё
皇帝	huang:di	n.	император
厨房	chu:fang	n.	кухня
损坏	sun:huai	v.	повреждать
必要	bi:yao	adj.	необходимый
某一	mou:yi	pron.	некоторый
框架	kuang:jia	n.	рамка
新加坡	xin:jia:po	n.	Сингапур
收获	shou:huo	v.	собирать урожай
收获	shou:huo	n.	урожай
层面	ceng:mian	n.	уровень
一个月	yi:ge:yue	num.	один месяц
要素	yao:su	n.	элемент
方针	fang:zhen	n.	курс
相机	xiang:ji	n.	фотоаппарат
法律责任	fa:lv:ze:ren	n.	юридическая ответственность
跟踪	gen:zong	v.	отслеживать
制造业	zhi:zao:ye	n.	обрабатывающая промышленность
欢迎您	huan:ying:nin	v.	добро пожаловать
提问	ti:wen	v.	задавать вопрос
显示器	xian:shi:qi	n.	монитор
精灵	jing:ling	n.	эльф
回报	hui:bao	v.	воздавать
经营的	jing:ying:de	v.	управляемый
不含	bu:han	v.	не содержать
周边	zhou:bian	n.	периферия
传递	chuan:di	v.	передавать
贯彻	guan:che	v.	проводить в жизнь
一句话	yi:ju:hua	n.	одна фраза
指南	zhi:nan	n.	путеводитель
如果有	ru:guo:you	conj.	если есть
当代	dang:dai	n.	современность
或其他	huo:qi:ta	conj.	или другой
把自己	ba:zi:ji	prep.	себя
一体	yi:ti	n.	единое целое
回收	hui:shou	v.	перерабатывать
本月	ben:yue	n.	этот месяц
坏	huai	adj.	плохой
坏	huai	v.	ломаться
各部门	ge:bu:men	n.	каждый отдел
无效	wu:xiao	adj.	недействительный
每页	mei:ye	n.	каждая страница
少女	shao:nv	n.	девочка
和平	he:ping	n.	мир
预期	yu:qi	v.	ожидать
预期	yu:qi	n.	ожидание
澳大利亚	ao:da:li:ya	n.	Австралия
配备	pei:bei	v.	оснащать
分割	fen:ge	v.	делить
精美	jing:mei	adj.	изящный
打电话	da:dian:hua	v.	звонить по телефону
秀	xiu	v.	показывать
秀	xiu	adj.	элегантный
有时候	you:shi:hou	adv.	иногда
败	bai	v.	терпеть поражение
败	bai	adj.	испорченный
幼儿	you:er	n.	маленький ребёнок
二人	er:ren	num.	два человека
重要性	zhong:yao:xing	n.	важность
齐全	qi:quan	adj.	полный
你还	ni:hai	adv.	ты ещё
嘿嘿	hei:hei	onom.	хе-хе
怎么办	zen:me:ban	v.	что делать
可能性	ke:neng:xing	n.	возможность
遥控	yao:kong	v.	дистанционно управлять
处分	chu:fen	v.	наказывать
放入	fang:ru	v.	вкладывать
你也	ni:ye	adv.	ты тоже
眉	mei	n.	бровь
较大的	jiao:da:de	adj.	относительно большой
键盘	jian:pan	n.	клавиатура
州	zhou	n.	штат
百度	bai:du	n.	Baidu
显卡	xian:ka	n.	видеокарта
生活中	sheng:huo:zhong	n.	в жизни
辽宁	liao:ning	n.	Ляонин
结算	jie:suan	v.	рассчитываться
上来	shang:lai	v.	подниматься
市区	shi:qu	n.	городской район
管理者	guan:li:zhe	n.	руководитель
各国	ge:guo	n.	каждая страна
体重	ti:zhong	n.	вес тела
生产企业	sheng:chan:qi:ye	n.	производственное предприятие
任何人	ren:he:ren	pron.	кто угодно
害怕	hai:pa	v.	бояться
自觉	zi:jue	adj.	сознательный
药	yao	n.	лекарство
其他的	qi:ta:de	adj.	другой
来电	lai:dian	n.	входящий звонок
承	cheng	v.	нести
承	cheng	v.	получать
付款	fu:kuan	v.	платить
案	an	n.	дело
商品名称	shang:pin:ming:cheng	n.	название товара
侵权行为	qin:quan:xing:wei	n.	правонарушение
减肥	jian:fei	v.	похудать
一次性	yi:ci:xing	adj.	одноразовый
友情	you:qing	n.	дружба
狼	lang	n.	волк
对面	dui:mian	n.	напротив
开关	kai:guan	n.	выключатель
专	zhuan	adj.	специальный
大于	da:yu	v.	больше чем
便宜	pian:yi	adj.	дешёвый
便宜	pian:yi	n.	выгода
诺基亚	nuo:ji:ya	n.	Nokia
选手	xuan:shou	n.	участник
新技术	xin:ji:shu	n.	новая технология
零部件	ling:bu:jian	n.	комплектующие детали
偷	tou	v.	красть
四是	si:shi	v.	в-четвёртых, это
扶持	fu:chi	v.	поддерживать
告诉我	gao:su:wo	v.	сказать мне
景观	jing:guan	n.	пейзаж
画	hua	v.	рисовать
画	hua	n.	картина
过于	guo:yu	adv.	слишком
管理工作	guan:li:gong:zuo	n.	управленческая работа
零售	ling:shou	n.	розничная торговля
社会发展	she:hui:fa:zhan	n.	социальное развитие
相当于	xiang:dang:yu	v.	соответствовать
产品质量	chan:pin:zhi:liang	n.	качество продукции
中介	zhong:jie	n.	посредник
茶叶	cha:ye	n.	чайный лист
辅导	fu:dao	v.	заниматься репетиторством
保健	bao:jian	n.	оздоровление
记载	ji:zai	v.	фиксировать
记载	ji:zai	n.	запись
吴	wu	n.	У (фамилия)
代理商	dai:li:shang	n.	агент
如同	ru:tong	v.	подобно
数组	shu:zu	n.	массив
原始	yuan:shi	adj.	первобытный
董事会	dong:shi:hui	n.	совет директоров
被告	bei:gao	n.	обвиняемый
四川省	si:chuan:sheng	n.	провинция Сычуань
同学们	tong:xue:men	n.	одноклассники
当初	dang:chu	n.	вначале
制品	zhi:pin	n.	изделие
赚钱	zhuan:qian	v.	зарабатывать
进去	jin:qu	v.	войти
指令	zhi:ling	n.	инструкция
回去	hui:qu	v.	возвращаться
外语	wai:yu	n.	иностранный язык
看起来	kan:qi:lai	v.	казаться
店	dian	n.	магазин
饮料	yin:liao	n.	напиток
用地	yong:di	n.	земельный участок
福州	fu:zhou	n.	Фучжоу
好处	hao:chu	n.	польза
弹	dan	v.	отскакивать
弹	tan	v.	играть
反馈	fan:kui	n.	обратная связь
故意	gu:yi	adv.	намеренно
行使	xing:shi	v.	осуществлять
月底	yue:di	n.	конец месяца
犯罪	fan:zui	v.	совершать преступление
战士	zhan:shi	n.	боец
婴儿	ying:er	n.	младенец
人工	ren:gong	n.	искусственный
后果	hou:guo	n.	последствие
护理	hu:li	v.	ухаживать
电站	dian:zhan	n.	электростанция
冲击	chong:ji	n.	удар
官员	guan:yuan	n.	чиновник
奇怪	qi:guai	adj.	странный
担保	dan:bao	v.	гарантировать
大多	da:duo	adv.	большей частью
脂肪	zhi:fang	n.	жир
食	shi	v.	есть
队员	dui:yuan	n.	член команды
身高	shen:gao	n.	рост
欲	yu	v.	желать
传说	chuan:shuo	n.	легенда
大哥	da:ge	n.	старший брат
标准化	biao:zhun:hua	n.	стандартизация
激烈	ji:lie	adj.	ожесточённый
自主	zi:zhu	adj.	автономный
延长	yan:chang	v.	продлевать
扫描	sao:miao	v.	сканировать
抬	tai	v.	поднимать
学费	xue:fei	n.	плата за обучение
最初	zui:chu	adv.	сначала
自信	zi:xin	n.	уверенность в себе
年轻人	nian:qing:ren	n.	молодой человек
开设	kai:she	v.	открывать
游览	you:lan	v.	осматривать
标	biao	v.	отмечать
秋	qiu	n.	осень
身份证	shen:fen:zheng	n.	удостоверение личности
厉	li	adj.	строгий
厉	li	adj.	яростный
国家级	guo:jia:ji	adj.	государственного уровня
站内	zhan:nei	n.	внутри сайта
良	liang	adj.	хороший
良	liang	n.	доброта
评选	ping:xuan	v.	отбирать
际	ji	n.	граница
际	ji	n.	между
公司名称	gong:si:ming:cheng	n.	название компании
住宿	zhu:su	v.	останавливаться
住宿	zhu:su	n.	проживание
状	zhuang	adj.	в форме
状	zhuang	n.	состояние
城区	cheng:qu	n.	городской район
广播	guang:bo	v.	транслировать
广播	guang:bo	n.	вещание
证券市场	zheng:quan:shi:chang	n.	рынок ценных бумаг
愿望	yuan:wang	n.	желание
想象	xiang:xiang	v.	воображать
想象	xiang:xiang	n.	воображение
船舶	chuan:bo	n.	судно
或者其他	huo:zhe:qi:ta	conj.	или другой
烦	fan	adj.	раздражённый
烦	fan	adj.	обременительный
买卖	mai:mai	n.	торговля
买卖	mai:mai	n.	сделка
午	wu	n.	полдень
瞬间	shun:jian	n.	мгновение
天津市	tian:jin:shi	n.	Тяньцзинь
三级	san:ji	n.	третий уровень
是的	shi:de	adj.	да
顺序	shun:xu	n.	порядок
穿着	chuan:zhe	v.	носить
穿着	chuan:zhuo	n.	одежда
第一章	di:yi:zhang	n.	глава первая
向上	xiang:shang	v.	вверх
向上	xiang:shang	adv.	вверх
有机	you:ji	adj.	органический
示范	shi:fan	v.	демонстрировать
示范	shi:fan	n.	демонстрация
到位	dao:wei	v.	быть на месте
也不会	ye:bu:hui	conj.	и не
授予	shou:yu	v.	жаловать
摆	bai	v.	класть
摆	bai	v.	качаться
获得了	huo:de:le	v.	получить
课件	ke:jian	n.	учебные материалы
信息技术	xin:xi:ji:shu	n.	информационные технологии
营业执照	ying:ye:zhi:zhao	n.	деловая лицензия
家人	jia:ren	n.	семья
季节	ji:jie	n.	время года
最早	zui:zao	adv.	самое раннее
本周	ben:zhou	n.	эта неделя
演唱	yan:chang	v.	петь
引擎	yin:qing	n.	двигатель
贵宾	gui:bin	n.	почётный гость
人事	ren:shi	n.	кадры
大幅	da:fu	adv.	значительно
餐饮	can:yin	n.	общественное питание
破解	po:jie	v.	раскрывать
体现了	ti:xian:le	v.	воплотить
内地	nei:di	n.	внутренние районы
内地	nei:di	n.	материковый Китай
那就是	na:jiu:shi	conj.	то есть
危机	wei:ji	n.	кризис
主要有	zhu:yao:you	v.	в основном включать
河南省	he:nan:sheng	n.	провинция Хэнань
达成	da:cheng	v.	достигать
地板	di:ban	n.	пол
戏	xi	n.	пьеса
证实	zheng:shi	v.	подтверждать
十一	shi:yi	num.	11
方	fang	n.	квадрат
贵州	gui:zhou	n.	Гуйчжоу
年中	nian:zhong	n.	середина года
国有	guo:you	adj.	государственный
前进	qian:jin	v.	продвигаться
列入	lie:ru	v.	включать
桌	zhuo	n.	стол
陶瓷	tao:ci	n.	керамика
点心	dian:xin	n.	димсам
点心	dian:xin	n.	лёгкая закуска
干净	gan:jing	adj.	чистый
船	chuan	n.	лодка
东北	dong:bei	n.	северо-восток
宪法	xian:fa	n.	конституция
青春	qing:chun	n.	юность
涂料	tu:liao	n.	краска
短	duan	adj.	короткий
人均	ren:jun	n.	на душу населения
违约	wei:yue	n.	нарушение договора
拿出	na:chu	v.	вынимать
百姓	bai:xing	n.	простой народ
若干	ruo:gan	num.	несколько
恐怕	kong:pa	adv.	вероятно
恐怕	kong:pa	v.	бояться
进来	jin:lai	v.	входить
行政法规	xing:zheng:fa:gui	n.	административные правила
南方	nan:fang	n.	юг
免费版	mian:fei:ban	n.	бесплатная версия
十五	shi:wu	num.	15
常规	chang:gui	n.	обычай
博物馆	bo:wu:guan	n.	музей
村	cun	n.	деревня
超越	chao:yue	v.	превосходить
初级	chu:ji	adj.	начальный
功夫	gong:fu	n.	кунг-фу
功夫	gong:fu	n.	усилие
一时	yi:shi	adv.	временно
一时	yi:shi	n.	одно время
电压	dian:ya	n.	напряжение
奖金	jiang:jin	n.	премия
眼神	yan:shen	n.	выражение глаз
中小学	zhong:xiao:xue	n.	школы
变动	bian:dong	v.	изменяться
变动	bian:dong	n.	изменение
驾驶	jia:shi	v.	водить
划分	hua:fen	v.	делить
划分	hua:fen	n.	разделение
据说	ju:shuo	v.	говорят
据说	ju:shuo	adv.	якобы
江湖	jiang:hu	n.	общество
鸡蛋	ji:dan	n.	яйцо
某	mou	pron.	некоторый
转向	zhuan:xiang	v.	поворачивать
富有	fu:you	adj.	богатый
出色	chu:se	adj.	выдающийся
古代	gu:dai	n.	древность
古代	gu:dai	adj.	древний
摸	mo	v.	трогать
哈尔滨	ha:er:bin	n.	Харбин
原价	yuan:jia	n.	первоначальная цена
楼盘	lou:pan	n.	жилой комплекс
谈判	tan:pan	v.	вести переговоры
全程	quan:cheng	n.	весь путь
付	fu	v.	платить
新产品	xin:chan:pin	n.	новый продукт
上帝	shang:di	n.	Бог
压缩	ya:suo	v.	сжимать
干燥	gan:zao	adj.	сухой
演	yan	v.	исполнять
第二章	di:er:zhang	n.	глава вторая
规	gui	n.	правило
萧	xiao	n.	Сяо (фамилия)
正文	zheng:wen	n.	основной текст
实习	shi:xi	v.	проходить практику
封	feng	v.	запечатывать
大人	da:ren	n.	взрослый
导航	dao:hang	v.	прокладывать курс
握	wo	v.	держать
高度重视	gao:du:zhong:shi	v.	придавать большое значение
三十	san:shi	num.	30
不一样	bu:yi:yang	adj.	разный
彼此	bi:ci	pron.	друг друга
文件夹	wen:jian:jia	n.	папка
文物	wen:wu	n.	культурная ценность
业界	ye:jie	n.	деловые круги
跟着	gen:zhe	adv.	следуя
证件	zheng:jian	n.	удостоверение
田	tian	n.	поле
字符	zi:fu	n.	символ
福建省	fu:jian:sheng	n.	провинция Фуцзянь
精力	jing:li	n.	энергия
藏	cang	v.	прятать
相关信息	xiang:guan:xin:xi	n.	соответствующая информация
名义	ming:yi	n.	имя
场地	chang:di	n.	площадка
抑制	yi:zhi	v.	подавлять
指挥	zhi:hui	v.	дирижировать
指挥	zhi:hui	n.	дирижёр
更好	geng:hao	adj.	лучше
境外	jing:wai	n.	за границей
建设项目	jian:she:xiang:mu	n.	строительный проект
中共	zhong:gong	n.	Коммунистическая партия Китая
震	zhen	v.	трястись
一颗	yi:ke	num.	один (круглый предмет)
之内	zhi:nei	n.	в пределах
公主	gong:zhu	n.	принцесса
混	hun	v.	смешивать
唯一的	wei:yi:de	adj.	единственный
作家	zuo:jia	n.	писатель
视觉	shi:jue	n.	зрение
本质	ben:zhi	n.	сущность
立法	li:fa	v.	издавать законы
立法	li:fa	n.	законодательство
几次	ji:ci	num.	сколько раз
一堆	yi:dui	num.	куча
城乡	cheng:xiang	n.	город и деревня
虚	xu	adj.	ложный
虚	xu	adj.	слабый
前提	qian:ti	n.	предпосылка
前提	qian:ti	n.	посылка
扩张	kuo:zhang	v.	расширять
爱心	ai:xin	n.	любовь
电器	dian:qi	n.	электроприбор
原件	yuan:jian	n.	оригинал
原件	yuan:jian	n.	оригинальная деталь
只见	zhi:jian	v.	видеть только
马克思主义	ma:ke:si:zhu:yi	n.	марксизм
透	tou	v.	проникать
透	tou	adj.	прозрачный
饲料	si:liao	n.	корм
浪费	lang:fei	v.	тратить впустую
解决了	jie:jue:le	v.	решённый
妹妹	mei:mei	n.	младшая сестра
客观	ke:guan	adj.	объективный
纪	ji	n.	эпоха
订阅	ding:yue	v.	подписываться
总计	zong:ji	v.	итожить
总计	zong:ji	adv.	в общей сложности
融资	rong:zi	v.	финансировать
凌	ling	v.	приближаться
应有	ying:you	v.	должен иметь
基础设施	ji:chu:she:shi	n.	инфраструктура
影视	ying:shi	n.	кино и телевидение
硕士	shuo:shi	n.	магистр
没什么	mei:shen:me	pron.	ничего
友情链接	you:qing:lian:jie	n.	дружественная ссылка
组建	zu:jian	v.	создавать
应聘	ying:pin	v.	устраиваться на работу
拾取	shi:qu	v.	поднимать
团购	tuan:gou	v.	совместная покупка
休	xiu	v.	отдыхать
嘛	ma	part.	частица очевидности
打印机	da:yin:ji	n.	принтер
管道	guan:dao	n.	трубопровод
潜在	qian:zai	adj.	потенциальный
介绍了	jie:shao:le	v.	представил
定位器	ding:wei:qi	n.	локатор
大道	da:dao	n.	проспект
大道	da:dao	n.	великий Путь
路径	lu:jing	n.	путь
感动	gan:dong	v.	растрогаться
感动	gan:dong	n.	волнение
肌肉	ji:rou	n.	мышца
赶紧	gan:jin	adv.	спешно
小心	xiao:xin	adj.	осторожный
合成	he:cheng	v.	синтезировать
梅	mei	n.	слива
体力	ti:li	n.	физическая сила
如图	ru:tu	v.	как показано на рисунке
储存	chu:cun	v.	хранить
食材	shi:cai	n.	продукты питания
一众	yi:zhong	num.	группа
透明	tou:ming	adj.	прозрачный
携带	xie:dai	v.	носить с собой
党组织	dang:zu:zhi	n.	партийная организация
舞台	wu:tai	n.	сцена
石头	shi:tou	n.	камень
你好	ni:hao	int.	здравствуйте
紫	zi	adj.	фиолетовый
黑暗	hei:an	n.	тьма
歌	ge	n.	песня
建筑面积	jian:zhu:mian:ji	n.	площадь застройки
临	lin	v.	приближаться
临	lin	v.	выходить на
补偿	bu:chang	v.	компенсировать
补偿	bu:chang	n.	компенсация
用了	yong:le	part.	использованный
旅行	lv:xing	v.	путешествовать
旅行	lv:xing	n.	путешествие
果然	guo:ran	adv.	действительно
影响力	ying:xiang:li	n.	влияние
组件	zu:jian	n.	компонент
管理部门	guan:li:bu:men	n.	управляющий отдел
模板	mu:ban	n.	шаблон
毒	du	n.	яд
毒	du	adj.	ядовитый
家中	jia:zhong	n.	дом
既是	ji:shi	conj.	поскольку
载入	zai:ru	v.	загружать
疼痛	teng:tong	n.	боль
精英	jing:ying	n.	элита
足球	zu:qiu	n.	футбол
舒适	shu:shi	adj.	удобный
旅客	lv:ke	n.	пассажир
乐趣	le:qu	n.	удовольствие
反正	fan:zheng	adv.	всё равно
咸	xian	adj.	солёный
写的	xie:de	adj.	написанный
无须	wu:xu	adv.	не нужно
进攻	jin:gong	v.	атаковать
合作伙伴	he:zuo:huo:ban	n.	партнёр
防火墙	fang:huo:qiang	n.	файрвол
合法性	he:fa:xing	n.	законность
不论	bu:lun	conj.	невзирая на
新手	xin:shou	n.	новичок
我已经	wo:yi:jing	pron.	я уже
宗	zong	n.	секта
单一	dan:yi	adj.	единый
播放器	bo:fang:qi	n.	плеер
要想	yao:xiang	v.	хотеть
著	zhu	v.	писать
著	zhu	adj.	заметный
而来	er:lai	v.	приходить
索	suo	n.	канат
索	suo	v.	искать
等人	deng:ren	v.	ждать кого-либо
行程	xing:cheng	n.	маршрут
简体中文	jian:ti:zhong:wen	n.	упрощённый китайский
北方	bei:fang	n.	север
解决问题	jie:jue:wen:ti	v.	решать проблемы
安徽省	an:hui:sheng	n.	провинция Аньхой
第二个	di:er:ge	num.	второй
人次	ren:ci	mw.	человеко-раз
语音	yu:yin	n.	голос
依托	yi:tuo	v.	опираться на
客户端	ke:hu:duan	n.	клиент
办事	ban:shi	v.	вести дела
印	yin	n.	печать
印	yin	v.	печатать
主演	zhu:yan	n.	главная роль
主演	zhu:yan	v.	играть главную роль
寻	xun	v.	искать
账户	zhang:hu	n.	счёт
图标	tu:biao	n.	значок
最快	zui:kuai	adj.	самый быстрый
湖	hu	n.	озеро
地理	di:li	n.	география
劲	jin	n.	сила
劲	jin	n.	энергия
爱好者	ai:hao:zhe	n.	любитель
物业管理	wu:ye:guan:li	n.	управление недвижимостью
运营商	yun:ying:shang	n.	оператор
烦恼	fan:nao	adj.	обеспокоенный
烦恼	fan:nao	n.	забота
中午	zhong:wu	n.	полдень
拿到	na:dao	v.	получить
名为	ming:wei	v.	называться
奥迪	ao:di	n.	Ауди
编程	bian:cheng	v.	программировать
编程	bian:cheng	n.	программирование
老大	lao:da	n.	шеф
老大	lao:da	n.	старший
固定资产	gu:ding:zi:chan	n.	основные средства
编码	bian:ma	n.	код
编码	bian:ma	v.	кодировать
血液	xue:ye	n.	кровь
职	zhi	n.	работа
技	ji	n.	навык
解答	jie:da	v.	отвечать
解答	jie:da	n.	ответ
全球化	quan:qiu:hua	n.	глобализация
恨	hen	v.	ненавидеть
婆	po	n.	старуха
冬季	dong:ji	n.	зима
序号	xu:hao	n.	порядковый номер
电路	dian:lu	n.	цепь
早就	zao:jiu	adv.	давно
远程	yuan:cheng	adj.	дистанционный
高层	gao:ceng	n.	верхний этаж
高层	gao:ceng	n.	руководство
从中	cong:zhong	adv.	из этого
辅助	fu:zhu	v.	содействовать
火锅	huo:guo	n.	хого
服用	fu:yong	v.	принимать
杰	jie	adj.	выдающийся
五个	wu:ge	num.	5
部长	bu:zhang	n.	министр
减轻	jian:qing	v.	облегчать
减轻	jian:qing	v.	снимать (боль)
手动	shou:dong	adj.	ручной
集团公司	ji:tuan:gong:si	n.	концерн
江南	jiang:nan	n.	Цзяннань
面板	mian:ban	n.	панель
高等学校	gao:deng:xue:xiao	n.	высшее учебное заведение
第三章	di:san:zhang	n.	глава 3
一股	yi:gu	mw.	струя
不愿	bu:yuan	v.	не желать
放松	fang:song	v.	расслаблять
缺点	que:dian	n.	недостаток
意外	yi:wai	adj.	неожиданный
舞蹈	wu:dao	n.	танец
安置	an:zhi	v.	устраивать
整改	zheng:gai	v.	исправлять
球队	qiu:dui	n.	команда
似的	shi:de	part.	как (частица)
相似	xiang:si	adj.	похожий
羽	yu	n.	перо
场景	chang:jing	n.	сцена
修订	xiu:ding	v.	пересматривать
修订	xiu:ding	n.	пересмотр
制动	zhi:dong	n.	торможение
科学技术	ke:xue:ji:shu	n.	наука и техника
一定会	yi:ding:hui	adv.	непременно
咱	zan	pron.	мы
简称	jian:cheng	n.	сокращение
便于	bian:yu	v.	облегчать
球员	qiu:yuan	n.	игрок
为何	wei:he	adv.	почему
客户服务	ke:hu:fu:wu	n.	обслуживание клиентов
开拓	kai:tuo	v.	осваивать
素	su	adj.	простой
间接	jian:jie	adj.	косвенный
善于	shan:yu	v.	уметь
凡	fan	adv.	всякий
较多	jiao:duo	adj.	mного
最小	zui:xiao	adj.	минимальный
录音	lu:yin	v.	записывать
偶尔	ou:er	adv.	изредка
搞好	gao:hao	v.	хорошо сделать
飘	piao	v.	порхать
差别	cha:bie	n.	различие
深度	shen:du	n.	глубина
市盈率	shi:ying:lv	n.	коэффициент цена/прибыль
年内	nian:nei	n.	в течение года
女孩子	nv:hai:zi	n.	девочка
解除	jie:chu	v.	отменять
嘿	hei	int.	эй
形状	xing:zhuang	n.	форма
个别	ge:bie	adj.	отдельный
知名	zhi:ming	adj.	известный
全区	quan:qu	n.	весь район
管理局	guan:li:ju	n.	управление
资助	zi:zhu	v.	субсидировать
考虑到	kao:lv:dao	v.	учитывать
当作	dang:zuo	v.	считать
激发	ji:fa	v.	стимулировать
管理系统	guan:li:xi:tong	n.	система управления
呗	bei	part.	частица очевидности
增大	zeng:da	v.	увеличивать
笑容	xiao:rong	n.	улыбка
布置	bu:zhi	v.	размещать
士兵	shi:bing	n.	солдат
推迟	tui:chi	v.	откладывать
铃声	ling:sheng	n.	рингтон
公寓	gong:yu	n.	квартира
普	pu	adj.	всеобщий
严格的	yan:ge:de	adj.	строгий
特价	te:jia	n.	специальная цена
效应	xiao:ying	n.	эффект
别墅	bie:shu	n.	вилла
干扰	gan:rao	v.	мешать
干扰	gan:rao	n.	помехи
不良	bu:liang	adj.	плохой
男生	nan:sheng	n.	мальчик
宁	ning	adv.	лучше
均	jun	adv.	все
上班	shang:ban	v.	ходить на работу
不多	bu:duo	adj.	немногие
交往	jiao:wang	v.	общаться
吓	xia	v.	пугать
全方位	quan:fang:wei	n.	всесторонний
有一	you:yi	v.	есть один
报警	bao:jing	v.	вызывать полицию
消防	xiao:fang	n.	пожарная охрана
家电	jia:dian	n.	бытовая техника
恋爱	lian:ai	n.	любовь
恋爱	lian:ai	v.	влюбиться
排除	pai:chu	v.	исключать
起了	qi:le	v.	возникло
建筑物	jian:zhu:wu	n.	здание
兽	shou	n.	зверь
救援	jiu:yuan	n.	спасение
歌词	ge:ci	n.	слова песни
敬请	jing:qing	adv.	пожалуйста
带领	dai:ling	v.	возглавлять
进展	jin:zhan	n.	прогресс
进展	jin:zhan	v.	продвигаться
夏	xia	n.	лето
第二次	di:er:ci	num.	второй раз
权威	quan:wei	n.	авторитет
欲望	yu:wang	n.	желание
前期	qian:qi	n.	ранний период
在网上	zai:wang:shang	prep.	в интернете
你有	ni:you	v.	у тебя есть
地产	di:chan	n.	недвижимость
体积	ti:ji	n.	объём
不行	bu:xing	adj.	нельзя
交给	jiao:gei	v.	передать
左右的	zuo:you:de	adj.	приблизительный
想起	xiang:qi	v.	вспоминать
同比增长	tong:bi:zeng:zhang	v.	рост к аналогичному периоду
小游戏	xiao:you:xi	n.	мини-игра
建设工程	jian:she:gong:cheng	n.	строительный проект
菩萨	pu:sa	n.	бодхисаттва
长江	chang:jiang	n.	Янцзы
夫人	fu:ren	n.	супруга
赢得	ying:de	v.	завоёвывать
教室	jiao:shi	n.	класс
读	du	v.	читать
街	jie	n.	улица
调用	diao:yong	v.	вызывать
牛	niu	n.	корова
只愿	zhi:yuan	v.	лишь желать
焦点	jiao:dian	n.	фокус
焦点	jiao:dian	n.	центр внимания
记性	ji:xing	n.	память
认同	ren:tong	v.	признавать
认同	ren:tong	n.	идентификация
仿	fang	v.	подражать
胸	xiong	n.	грудь
胸	xiong	n.	душа
同期	tong:qi	n.	тот же период
历史的	li:shi:de	adj.	исторический
企业家	qi:ye:jia	n.	предприниматель
浪	lang	n.	волна
浪	lang	adj.	распущенный
竞赛	jing:sai	n.	соревнование
一会儿	yi:hui:er	n.	некоторое время
警告	jing:gao	v.	предупреждать
警告	jing:gao	n.	предупреждение
神经	shen:jing	n.	нерв
经济效益	jing:ji:xiao:yi	n.	экономическая выгода
无权	wu:quan	v.	не иметь права
总额	zong:e	n.	общая сумма
富	fu	adj.	богатый
富	fu	adj.	обильный
期货	qi:huo	n.	фьючерсы
中药	zhong:yao	n.	китайская медицина
重庆市	chong:qing:shi	n.	Чунцин
课堂	ke:tang	n.	класс
遵循	zun:xun	v.	следовать
热爱	re:ai	v.	пламенно любить
孤独	gu:du	adj.	одинокий
虚假	xu:jia	adj.	ложный
试卷	shi:juan	n.	экзаменационный лист
虚拟	xu:ni	adj.	виртуальный
区内	qu:nei	n.	внутри района
尚	shang	adv.	всё ещё
尚	shang	v.	уважать
参照	can:zhao	v.	ссылаться
夫妻	fu:qi	n.	супруги
毫米	hao:mi	n.	миллиметр
释放	shi:fang	v.	освобождать
选举	xuan:ju	v.	избирать
擅自	shan:zi	adv.	самовольно
又要	you:yao	adv.	снова
礼物	li:wu	n.	подарок
老百姓	lao:bai:xing	n.	простой народ
宇	yu	n.	карниз
开启	kai:qi	v.	открывать
增值税	zeng:zhi:shui	n.	налог на добавленную стоимость
港口	gang:kou	n.	порт
正如	zheng:ru	conj.	как раз как
导向	dao:xiang	n.	ориентация
残疾人	can:ji:ren	n.	инвалид
玫瑰	mei:gui	n.	роза
索尼	suo:ni	n.	Сони
骨	gu	n.	кость
服饰	fu:shi	n.	одежда
算是	suan:shi	v.	считаться
各大	ge:da	adj.	каждый крупный
智	zhi	n.	мудрость
违法行为	wei:fa:xing:wei	n.	противоправное действие
个性化	ge:xing:hua	v.	персонифицировать
强度	qiang:du	n.	интенсивность
真实的	zhen:shi:de	adj.	настоящий
注册用户	zhu:ce:yong:hu	n.	зарегистрированный пользователь
说完	shuo:wan	v.	закончить говорить
知识	zhi:shi	n.	знание
海鲜	hai:xian	n.	морепродукты
找不到	zhao:bu:dao	v.	не найти
撤销	che:xiao	v.	отменить
少数	shao:shu	n.	меньшинство
班级	ban:ji	n.	класс
较好	jiao:hao	adj.	сравнительно хороший
让他们	rang:ta:men	v.	позволить им
未成年人	wei:cheng:nian:ren	n.	несовершеннолетний
一下子	yi:xia:zi	adv.	сразу
手册	shou:ce	n.	справочник
承办	cheng:ban	v.	брать на себя
业内	ye:nei	n.	внутри отрасли
一本	yi:ben	mw.	один (том)
机遇	ji:yu	n.	возможность
有可能	you:ke:neng	adj.	быть возможным
不禁	bu:jin	adv.	невольно
佛教	fo:jiao	n.	буддизм
还可	hai:ke	adv.	может также
当事	dang:shi	n.	заинтересованная сторона
二手	er:shou	adj.	подержанный
眼泪	yan:lei	n.	слеза
纷	fen	adj.	многочисленный
加油	jia:you	v.	поддерживать
只想	zhi:xiang	v.	хотеть только
航空	hang:kong	n.	авиация
请点击	qing:dian:ji	v.	пожалуйста нажмите
出席	chu:xi	v.	присутствовать
纳税人	na:shui:ren	n.	налогоплательщик
几天	ji:tian	num.	несколько дней
升	sheng	mw.	литр
文献	wen:xian	n.	литература
下属	xia:shu	n.	подчинённый
给您	gei:nin	v.	дать вам
借鉴	jie:jian	v.	заимствовать
广泛的	guang:fan:de	adj.	широкий
帮忙	bang:mang	v.	помогать
传感器	chuan:gan:qi	n.	датчик
法律法规	fa:lv:fa:gui	n.	законы и постановления
婚	hun	n.	брак
年初	nian:chu	n.	начало года
纠纷	jiu:fen	n.	спор
过滤	guo:lv	v.	фильтровать
早在	zao:zai	adv.	уже с
搜集	sou:ji	v.	собирать
叔	shu	n.	дядя
试点	shi:dian	n.	пилотный проект
办学	ban:xue	v.	управлять школой
可持续发展	ke:chi:xu:fa:zhan	n.	устойчивое развитие
所以我	suo:yi:wo	conj.	поэтому я
差不多	cha:bu:duo	adv.	почти
正规	zheng:gui	adj.	регулярный
笑道	xiao:dao	v.	сказать со смехом
漫画	man:hua	n.	комикс
制定	zhi:ding	v.	разработать
制订	zhi:ding	v.	выработать
多么	duo:me	adv.	как
上半年	shang:ban:nian	n.	первое полугодие
性感	xing:gan	adj.	сексуальный
局部	ju:bu	n.	часть
按摩	an:mo	v.	массировать
善	shan	adj.	добрый
进出口	jin:chu:kou	n.	импорт и экспорт
商店	shang:dian	n.	магазин
弱	ruo	adj.	слабый
后者	hou:zhe	n.	последний
促使	cu:shi	v.	побуждать
核准	he:zhun	v.	утверждать
平安	ping:an	adj.	благополучный
缘由	yuan:you	n.	причина
不易	bu:yi	adj.	нелёгкий
架	jia	mw.	классификатор для машин
感觉到	gan:jue:dao	v.	ощущать
不详	bu:xiang	adj.	неясный
朋友们	peng:you:men	n.	друзья
河北省	he:bei:sheng	n.	провинция Хэбэй
兴奋	xing:fen	adj.	возбуждённый
卖	mai	v.	продавать
试图	shi:tu	v.	пытаться
信息服务	xin:xi:fu:wu	n.	информационная служба
袋	dai	mw.	мешок
袋	dai	mw.	eще saco
网	wang	n.	сеть
煤矿	mei:kuang	n.	угольная шахта
缺少	que:shao	v.	не хватать
每周	mei:zhou	adv.	каждую неделю
参展	can:zhan	v.	участвовать в выставке
须要	xu:yao	v.	быть нужным
精心	jing:xin	adv.	тщательно
懂得	dong:de	v.	понимать
初期	chu:qi	n.	начальный этап
十大	shi:da	adj.	десять лучших
书面	shu:mian	adj.	письменный
使用者	shi:yong:zhe	n.	пользователь
朱	zhu	n.	Чжу (фамилия)
手指	shou:zhi	n.	палец
消毒	xiao:du	v.	дезинфицировать
纠正	jiu:zheng	v.	исправлять
人人	ren:ren	pron.	все
模具	mu:ju	n.	литейная форма
高速公路	gao:su:gong:lu	n.	автомагистраль
骂	ma	v.	ругать
外资	wai:zi	n.	иностранный капитал
企业文化	qi:ye:wen:hua	n.	культура предприятия
公司董事会	gong:si:dong:shi:hui	n.	совет директоров
雄	xiong	adj.	самец
代替	dai:ti	v.	заменять
整治	zheng:zhi	v.	наводить порядок
语文	yu:wen	n.	китайский язык
赛	sai	v.	соревноваться
略	lve	adv.	кратко
略	lve	v.	опускать
杯	bei	mw.	чашка
施	shi	v.	осуществлять
纳税	na:shui	v.	платить налоги
湖北省	hu:bei:sheng	n.	провинция Хубэй
典型	dian:xing	adj.	типичный
典型	dian:xing	n.	образец
墙	qiang	n.	стена
澳门	ao:men	n.	Макао
等到	deng:dao	conj.	до тех пор пока
上报	shang:bao	v.	докладывать
宇宙	yu:zhou	n.	Вселенная
不断地	bu:duan:de	adv.	непрерывно
原告	yuan:gao	n.	истец
环	huan	n.	кольцо
直至	zhi:zhi	prep.	вплоть до
罪	zui	n.	преступление
选购	xuan:gou	v.	выбирать и покупать
寂寞	ji:mo	adj.	одинокий
足以	zu:yi	adv.	вполне достаточно
牙	ya	n.	зуб
食品	shi:pin	n.	продукт
使得	shi:de	v.	заставлять
使得	shi:de	v.	так что
本报	ben:bao	n.	наша газета
欧美	ou:mei	n.	Европа и Америка
主编	zhu:bian	v.	главный редактор
时区	shi:qu	n.	часовой пояс
一遍	yi:bian	mw.	один раз
三人	san:ren	n.	три человека
助理	zhu:li	n.	помощник
得知	de:zhi	v.	узнать
越职	yue:zhi	v.	превышать полномочия
叫作	jiao:zuo	v.	называться
讲座	jiang:zuo	n.	лекция
监督检查	jian:du:jian:cha	v.	осуществлять надзор и проверку
表单	biao:dan	n.	форма
占用	zhan:yong	v.	занимать
移民	yi:min	v.	иммигрировать
移民	yi:min	n.	иммигрант
合同样本	he:tong:yang:ben	n.	образец договора
之路	zhi:lu	n.	путь к
指示	zhi:shi	n.	указание
指示	zhi:shi	v.	указывать
葡萄酒	pu:tao:jiu	n.	вино
影像	ying:xiang	n.	изображение
凭借	ping:jie	prep.	посредством
制约	zhi:yue	v.	ограничивать
没收	mo:shou	v.	конфисковывать
后期	hou:qi	n.	поздний период
总裁	zong:cai	n.	президент
调控	tiao:kong	v.	регулировать
窗	chuang	n.	окно
无比	wu:bi	adj.	несравненный
展现	zhan:xian	v.	показывать
欧盟	ou:meng	n.	Европейский союз
柳	liu	n.	ива
火车	huo:che	n.	поезд
纪念	ji:nian	v.	чтить память
斑竹	ban:zhu	n.	пятнистый бамбук
销量	xiao:liang	n.	объём продаж
说到	shuo:dao	v.	упоминать
数码相机	shu:ma:xiang:ji	n.	цифровой фотоаппарат
厅	ting	n.	зал
搞	gao	v.	делать
行驶	xing:shi	v.	ехать
国民经济	guo:min:jing:ji	n.	национальная экономика
成效	cheng:xiao	n.	эффект
不变	bu:bian	adj.	неизменный
医疗机构	yi:liao:ji:gou	n.	медицинское учреждение
不满	bu:man	adj.	недовольный
周末	zhou:mo	n.	выходные
报送	bao:song	v.	представлять
引入	yin:ru	v.	вводить
份额	fen:e	n.	доля
检索	jian:suo	v.	осуществлять поиск
端	duan	n.	конец
志愿者	zhi:yuan:zhe	n.	доброволец
出资	chu:zi	v.	финансировать
送到	song:dao	v.	доставлять
标记	biao:ji	n.	отметка
作战	zuo:zhan	v.	вести бой
疑问	yi:wen	n.	вопрос
一段时间	yi:duan:shi:jian	n.	некоторое время
洞	dong	n.	дыра
法官	fa:guan	n.	судья
开车	kai:che	v.	водить машину
一口	yi:kou	mw.	один глоток
直径	zhi:jing	n.	диаметр
上次	shang:ci	n.	в прошлый раз
板块	ban:kuai	n.	плита
准确性	zhun:que:xing	n.	точность
四周	si:zhou	n.	окрестности
适	shi	adj.	подходящий
自从	zi:cong	prep.	с
拥	yong	v.	обнимать
释	shi	v.	объяснять
都市	du:shi	n.	город
发布人	fa:bu:ren	n.	объявляющий
延伸	yan:shen	v.	продлевать
再说	zai:shuo	v.	кроме того
处置	chu:zhi	v.	распоряжаться
股权	gu:quan	n.	доля
门票	men:piao	n.	билет
气候	qi:hou	n.	климат
审议	shen:yi	v.	обсуждать
落后	luo:hou	adj.	отсталый
正好	zheng:hao	adv.	как раз
洋	yang	adj.	зарубежный
创办	chuang:ban	v.	основать
有车	you:che	v.	иметь машину
传媒	chuan:mei	n.	СМИ
气息	qi:xi	n.	дыхание
无疑	wu:yi	adj.	бесспорный
渴望	ke:wang	v.	жаждать
无锡	wu:xi	n.	Уси
高科技	gao:ke:ji	n.	высокие технологии
肿瘤	zhong:liu	n.	опухоль
没有什么	mei:you:shen:me	v.	не иметь ничего
公正	gong:zheng	adj.	справедливый
养殖	yang:zhi	v.	разводить
同行	tong:hang	n.	коллега по профессии
同行	tong:xing	v.	ехать вместе
肩	jian	n.	плечо
纤维	xian:wei	n.	волокно
导游	dao:you	n.	гид
市场价格	shi:chang:jia:ge	n.	рыночная цена
服务中心	fu:wu:zhong:xin	n.	центр обслуживания
机型	ji:xing	n.	модель
魂	hun	n.	душа
发给	fa:gei	v.	отправить
职称	zhi:cheng	n.	учёное звание
节日	jie:ri	n.	праздник
求购	qiu:gou	v.	искать покупку
不锈钢	bu:xiu:gang	n.	нержавеющая сталь
闹	nao	v.	шуметь
利于	li:yu	v.	благоприятствовать
蒙	meng	v.	покрывать
奥运	ao:yun	n.	Олимпиада
黑龙江	hei:long:jiang	n.	Хэйлунцзян
艾滋病	ai:zi:bing	n.	СПИД
排列	pai:lie	v.	располагать
收费标准	shou:fei:biao:zhun	n.	тарифы
望着	wang:zhe	v.	вглядываться
正面	zheng:mian	n.	лицевая сторона
正面	zheng:mian	adj.	положительный
分数	fen:shu	n.	балл
高等教育	gao:deng:jiao:yu	n.	высшее образование
境界	jing:jie	n.	состояние духа
分区	fen:qu	n.	раздел
缓解	huan:jie	v.	смягчать
国际化	guo:ji:hua	n.	интернационализация
灯	deng	n.	лампа
锁定	suo:ding	v.	блокировать
论坛版主	lun:tan:ban:zhu	n.	модератор форума
借	jie	v.	занимать
眼中	yan:zhong	n.	в глазах
平米	ping:mi	n.	квадратный метр
营业	ying:ye	v.	вести торговлю
伯	bo	n.	дядя
免	mian	v.	освобождать
文件大小	wen:jian:da:xiao	n.	размер файла
绩效	ji:xiao	n.	результативность
内心	nei:xin	n.	внутренний мир
菜	cai	n.	блюдо
白天	bai:tian	n.	день
验	yan	v.	испытывать
林业	lin:ye	n.	лесное хозяйство
包子	bao:zi	n.	баоцзы
测	ce	v.	измерять
凤	feng	n.	феникс
吉林	ji:lin	n.	Цзилинь
样品	yang:pin	n.	образец
计划生育	ji:hua:sheng:yu	n.	планирование семьи
主要内容	zhu:yao:nei:rong	n.	основное содержание
带宽	dai:kuan	n.	полоса пропускания
鱼	yu	n.	рыба
第二条	di:er:tiao	n.	статья 2
事先	shi:xian	adv.	заранее
约束	yue:shu	v.	ограничивать
高端	gao:duan	adj.	высококачественный
数额	shu:e	n.	сумма
诗人	shi:ren	n.	поэт
一篇	yi:pian	mw.	одна штука
实例	shi:li	n.	пример
器材	qi:cai	n.	оборудование
春天	chun:tian	n.	весна
依旧	yi:jiu	adv.	по-прежнему
徐	xu	n.	Сюй
生动	sheng:dong	adj.	живой
评定	ping:ding	v.	оценивать
快捷	kuai:jie	adj.	быстрый
出于	chu:yu	prep.	из
附加	fu:jia	adj.	дополнительный
显著	xian:zhu	adj.	заметный
我院	wo:yuan	n.	наш институт
星级	xing:ji	n.	звёздный рейтинг
借助	jie:zhu	v.	при помощи
决心	jue:xin	n.	решимость
地域	di:yu	n.	регион
音频	yin:pin	n.	аудио
型	xing	n.	тип
边缘	bian:yuan	n.	край
几种	ji:zhong	num.	несколько видов
娜	na	n.	На（имя）
冬天	dong:tian	n.	зима
宽度	kuan:du	n.	ширина
绿化	lv:hua	v.	озеленять
在家	zai:jia	v.	быть дома
暴	bao	adj.	жестокий
暴	bao	v.	подвергать
气质	qi:zhi	n.	темперамент
亡	wang	v.	погибать
毫无	hao:wu	adv.	совершенно не
中国共产党	zhong:guo:gong:chan:dang	n.	Коммунистическая партия Китая
铁树	tie:shu	n.	саговник
高兴	gao:xing	adj.	радостный
桌面	zhuo:mian	n.	рабочий стол
部队	bu:dui	n.	войска
税务机关	shui:wu:ji:guan	n.	налоговый орган
君	jun	n.	господин
孩子们	hai:zi:men	n.	дети
办事处	ban:shi:chu	n.	контора
率先	shuai:xian	adv.	впереди
一周	yi:zhou	n.	неделя
律师事务所	lv:shi:shi:wu:suo	n.	адвокатская контора
建造	jian:zao	v.	строить
地震	di:zhen	n.	землетрясение
各项工作	ge:xiang:gong:zuo	n.	вся работа
嫌弃	xian:qi	v.	пренебрегать
国有企业	guo:you:qi:ye	n.	государственное предприятие
科学家	ke:xue:jia	n.	учёный
致使	zhi:shi	v.	приводить к
下载地址	xia:zai:di:zhi	n.	адрес загрузки
全世界	quan:shi:jie	n.	весь мир
发货	fa:huo	v.	отправлять товар
大地	da:di	n.	земля
传奇	chuan:qi	n.	легенда
星光	xing:guang	n.	звёздный свет
黄色	huang:se	n.	жёлтый
便利	bian:li	adj.	удобный
候选	hou:xuan	v.	быть кандидатом
讲解	jiang:jie	v.	объяснять
木马	mu:ma	n.	троянский конь
认识到	ren:shi:dao	v.	осознавать
直销	zhi:xiao	n.	прямые продажи
保养	bao:yang	v.	обслуживать
百分点	bai:fen:dian	n.	процентный пункт
劳动力	lao:dong:li	n.	рабочая сила
变革	bian:ge	v.	преобразовывать
变革	bian:ge	n.	преобразование
多元	duo:yuan	adj.	многообразный
农民工	nong:min:gong	n.	рабочий-мигрант
工商	gong:shang	n.	промышленность и торговля
频繁	pin:fan	adj.	частый
商品房	shang:pin:fang	n.	коммерческое жильё
两者	liang:zhe	pron.	оба
维权	wei:quan	v.	защищать права
信息披露	xin:xi:pi:lu	n.	раскрытие информации
长城	chang:cheng	n.	Великая стена
深刻	shen:ke	adj.	глубокий
混乱	hun:luan	adj.	хаотичный
混乱	hun:luan	n.	хаос
讨	tao	v.	выпрашивать
讨	tao	v.	обсуждать
没事	mei:shi	adj.	всё в порядке
店铺	dian:pu	n.	лавка
假如	jia:ru	conj.	если
辈	bei	n.	поколение
辈	bei	mw.	поколение (счётное слово)
适当的	shi:dang:de	adj.	подходящий
内蒙古	nei:meng:gu	n.	Внутренняя Монголия
象征	xiang:zheng	v.	символизировать
象征	xiang:zheng	n.	символ
转化	zhuan:hua	v.	превращать
当日	dang:ri	n.	в тот день
分子	fen:zi	n.	молекула
分子	fen:zi	n.	член
户外	hu:wai	n.	улица
户外	hu:wai	adj.	уличный
所有权	suo:you:quan	n.	право собственности
对价	dui:jia	n.	встречное предоставление
燃烧	ran:shao	v.	гореть
懂	dong	v.	понимать
海淀区	hai:dian:qu	n.	район Хайдянь
蛋白质	dan:bai:zhi	n.	белок
全力	quan:li	n.	полные силы
实物	shi:wu	n.	реальный предмет
夏天	xia:tian	n.	лето
书法	shu:fa	n.	каллиграфия
腿	tui	n.	нога
说过	shuo:guo	v.	сказал
灭	mie	v.	гасить
气体	qi:ti	n.	газ
上门	shang:men	v.	навещать
不懂	bu:dong	v.	не понимать
妙	miao	adj.	искусный
发明	fa:ming	v.	изобретать
发明	fa:ming	n.	изобретение
金融机构	jin:rong:ji:gou	n.	финансовое учреждение
继承	ji:cheng	v.	наследовать
原帖	yuan:tie	n.	исходный пост
凭证	ping:zheng	n.	документ
执法人员	zhi:fa:ren:yuan	n.	должностное лицо
效	xiao	n.	эффект
危	wei	adj.	опасный
不合格	bu:he:ge	adj.	несоответствующий
多年来	duo:nian:lai	adv.	на протяжении многих лет
各单位	ge:dan:wei	n.	каждая организация
师生	shi:sheng	n.	учителя и учащиеся
遭遇	zao:yu	v.	столкнуться с
遭遇	zao:yu	n.	происшествие
优	you	adj.	отличный
盘	pan	n.	тарелка
盘	pan	mw.	мера для мотков
留学	liu:xue	v.	учиться за границей
架构	jia:gou	n.	архитектура
匿名	ni:ming	adj.	анонимный
万亩	wan:mu	n.	10 000 му
丁	ding	n.	мужчина
丁	ding	n.	Дин
趣	qu	n.	интерес
修正	xiu:zheng	v.	исправлять
修正	xiu:zheng	n.	исправление
湖南省	hu:nan:sheng	n.	провинция Хунань
妖	yao	n.	демон
相反	xiang:fan	adj.	противоположный
相反	xiang:fan	adv.	наоборот
随机	sui:ji	adj.	случайный
束	shu	mw.	пучок
束	shu	v.	связывать
透过	tou:guo	prep.	сквозь
潜力	qian:li	n.	потенциал
建设部	jian:she:bu	n.	Министерство строительства
一群	yi:qun	mw.	группа
增多	zeng:duo	v.	увеличиваться
诗	shi	n.	поэзия
人间	ren:jian	n.	мир людей
连锁	lian:suo	n.	сеть
连锁	lian:suo	v.	сцепленный
难题	nan:ti	n.	трудная задача
调动	diao:dong	v.	переводить
调动	diao:dong	v.	мобилизовывать
迎	ying	v.	встречать
下次	xia:ci	n.	следующий раз
舍	she	v.	отказаться от
舍	she	n.	жилище
轮胎	lun:tai	n.	шина
入住	ru:zhu	v.	вселяться
倡导	chang:dao	v.	выступать за
大门	da:men	n.	ворота
不然	bu:ran	conj.	иначе
二年	er:nian	num.	два года
咨询电话	zi:xun:dian:hua	n.	телефон для справок
私人	si:ren	adj.	частный
同类	tong:lei	n.	то же самое
温馨	wen:xin	adj.	уютный
诸多	zhu:duo	adj.	многие
究	jiu	v.	исследовать
物体	wu:ti	n.	объект
融入	rong:ru	v.	сливаться
送达	song:da	v.	доставить
明确的	ming:que:de	adj.	ясный
乡村	xiang:cun	n.	деревня
电流	dian:liu	n.	ток
彩	cai	n.	цвет
大街	da:jie	n.	улица
神奇	shen:qi	adj.	волшебный
国语	guo:yu	n.	государственный язык
不准	bu:zhun	v.	не разрешать
委	wei	v.	доверять
采集	cai:ji	v.	собирать
挂	gua	v.	весить
强制	qiang:zhi	v.	принуждать
供电	gong:dian	v.	снабжать электроэнергией
笔	bi	n.	ручка
笔	bi	mw.	штрих
光明	guang:ming	adj.	светлый
完毕	wan:bi	v.	завершить
楼层	lou:ceng	n.	этаж
陆续	lu:xu	adv.	один за другим
经验值	jing:yan:zhi	n.	очки опыта
平面	ping:mian	n.	плоскость
狗	gou	n.	собака
骑士	qi:shi	n.	рыцарь
离婚	li:hun	v.	разводиться
发育	fa:yu	v.	развиваться
可靠	ke:kao	adj.	надёжный
均匀	jun:yun	adj.	равномерный
不妨	bu:fang	adv.	moжет
鲜	xian	adj.	свежий
抱着	bao:zhe	v.	обнимать
纸	zhi	n.	бумага
网友评论	wang:you:ping:lun	n.	комментарии пользователей сети
第三条	di:san:tiao	num.	третий
抗	kang	v.	противостоять
防御	fang:yu	v.	оборонять
探	tan	v.	исследовать
韩	han	n.	Корея
读取	du:qu	v.	считывать
下跌	xia:die	v.	падать
要点	yao:dian	n.	суть
早餐	zao:can	n.	завтрак
经营许可证	jing:ying:xu:ke:zheng	n.	лицензия на деятельность
较强	jiao:qiang	adj.	относительно сильный
尼	ni	n.	ни
竞争的	jing:zheng:de	adj.	конкурентный
秘书	mi:shu	n.	секретарь
控	kong	v.	контролировать
可达	ke:da	v.	можно достичь
惜	xi	v.	дорожить
传来	chuan:lai	v.	доходить
珠	zhu	n.	жемчужина
预览	yu:lan	v.	предпросмотр
脚本	jiao:ben	n.	сценарий
有一天	you:yi:tian	adv.	однажды
签证	qian:zheng	n.	виза
年后	nian:hou	n.	после Нового года
抽	chou	v.	тянуть
周岁	zhou:sui	n.	полный год
凡是	fan:shi	adv.	всякий
世界杯	shi:jie:bei	n.	чемпионат мира
水分	shui:fen	n.	влага
创	chuang	v.	творить
职业教育	zhi:ye:jiao:yu	n.	профессиональное образование
新年	xin:nian	n.	новый год
限期	xian:qi	n.	срок
归	gui	v.	возвращаться
好多	hao:duo	adj.	много
此前	ci:qian	adv.	до этого
星座	xing:zuo	n.	созвездие
省政府	sheng:zheng:fu	n.	правительство провинции
多元化	duo:yuan:hua	v.	диверсифицировать
挺	ting	adv.	довольно
手法	shou:fa	n.	приём
奋	fen	adj.	усердный
解析	jie:xi	v.	анализировать
西班牙	xi:ban:ya	n.	Испания
财政部	cai:zheng:bu	n.	министерство финансов
春节	chun:jie	n.	Праздник весны
恐惧	kong:ju	n.	страх
构成犯罪	gou:cheng:fan:zui	v.	составлять преступление
陪	pei	v.	сопровождать
电梯	dian:ti	n.	лифт
旋转	xuan:zhuan	v.	вращаться
专区	zhuan:qu	n.	специальный район
宽带	kuan:dai	n.	широкополосный доступ
印花税	yin:hua:shui	n.	гербовый сбор
不应	bu:ying	v.	не следует
功率	gong:lv	n.	мощность
大酒店	da:jiu:dian	n.	большая гостиница
从业人员	cong:ye:ren:yuan	n.	работник отрасли
公安	gong:an	n.	общественная безопасность
仅供参考	jin:gong:can:kao	v.	только для справки
去看	qu:kan	v.	пойти посмотреть
上课	shang:ke	v.	посещать занятия
第五条	di:wu:tiao	n.	статья 5
节约	jie:yue	v.	экономить
马自达	ma:zi:da	n.	Mazda
硬	ying	adj.	твёрдый
硬	ying	adv.	жёстко
避	bi	v.	избегать
情人	qing:ren	n.	возлюбленный
牵引	qian:yin	v.	тащить
草原	cao:yuan	n.	степь
医疗保险	yi:liao:bao:xian	n.	медицинская страховка
等于	deng:yu	v.	равняться
园	yuan	n.	сад
托	tuo	v.	поддерживать
托	tuo	v.	доверять
智力	zhi:li	n.	интеллект
充分利用	chong:fen:li:yong	v.	полностью использовать
一日	yi:ri	n.	один день
风光	feng:guang	n.	пейзаж
配方	pei:fang	n.	рецепт
以此	yi:ci	prep.	этим
训	xun	v.	наставлять
见面	jian:mian	v.	встречаться
签字	qian:zi	v.	подписывать
综合性	zong:he:xing	n.	комплексность
扭矩	niu:ju	n.	крутящий момент
第四条	di:si:tiao	n.	статья четыре
钻石	zuan:shi	n.	алмаз
这句话	zhe:ju:hua	n.	эта фраза
勇	yong	adj.	храбрый
两天	liang:tian	n.	два дня
防范	fang:fan	v.	предотвращать
场合	chang:he	n.	случай
替代	ti:dai	v.	заменять
发动	fa:dong	v.	заводить
发动	fa:dong	v.	развязывать
像是	xiang:shi	v.	быть похожим
第五章	di:wu:zhang	n.	глава пять
与此同时	yu:ci:tong:shi	conj.	одновременно
阻止	zu:zhi	v.	препятствовать
确立	que:li	v.	устанавливать
决议	jue:yi	n.	резолюция
找出	zhao:chu	v.	отыскивать
授课	shou:ke	v.	преподавать
接入	jie:ru	v.	подключать
稳定性	wen:ding:xing	n.	стабильность
聊	liao	v.	болтать
轻易	qing:yi	adv.	легко
测定	ce:ding	v.	измерять
外贸	wai:mao	n.	внешняя торговля
奶	nai	n.	молоко
有无	you:wu	n.	наличие или отсутствие
前景	qian:jing	n.	перспективы
快递	kuai:di	n.	экспресс-доставка
专业化	zhuan:ye:hua	n.	специализация
一副	yi:fu	mw.	одна пара
一行	yi:hang	n.	одна строка
一行	yi:xing	n.	один ряд
一行	yi:xing	n.	группа
生产经营	sheng:chan:jing:ying	n.	производство и управление
放到	fang:dao	v.	поместить в
签署	qian:shu	v.	подписать
庄	zhuang	n.	деревня
庄	zhuang	n.	банкомёт
庄	zhuang	adj.	торжественный
参赛	can:sai	v.	участвовать в соревновании
分散	fen:san	v.	рассеивать
分散	fen:san	adj.	рассеянный
奔	ben	v.	бежать
奔	ben	prep.	к
放大	fang:da	v.	увеличить
辩护	bian:hu	v.	защищать
有序	you:xu	adj.	упорядоченный
见过	jian:guo	v.	видеть (в прошлом)
扣除	kou:chu	v.	вычитать
镇	zhen	n.	городок
镇	zhen	v.	подавлять
拳	quan	n.	кулак
合肥	he:fei	n.	Хэфэй
灯光	deng:guang	n.	освещение
荣获	rong:huo	v.	быть удостоенным
分开	fen:kai	v.	разделять
耳机	er:ji	n.	наушники
内外	nei:wai	n.	внутри и снаружи
丢失	diu:shi	v.	терять
原材料	yuan:cai:liao	n.	сырьё
黄河	huang:he	n.	Хуанхэ
采	cai	v.	собирать
采	cai	v.	добывать
并未	bing:wei	adv.	совсем не
健身	jian:shen	v.	тренироваться
研	yan	v.	точить
研	yan	v.	исследовать
专项	zhuan:xiang	n.	специальный раздел
专项	zhuan:xiang	adj.	специальный
碰到	peng:dao	v.	наткнуться на
碰到	peng:dao	v.	столкнуться с
教练	jiao:lian	n.	тренер
啤酒	pi:jiu	n.	пиво
友谊	you:yi	n.	дружба
料	liao	n.	материал
料	liao	v.	предвидеть
紧急	jin:ji	adj.	срочный
产业化	chan:ye:hua	n.	индустриализация
纽约	niu:yue	n.	Нью-Йорк
祖国	zu:guo	n.	отчизна
对着	dui:zhe	prep.	напротив
顿时	dun:shi	adv.	сразу же
规章	gui:zhang	n.	правила
一等奖	yi:deng:jiang	n.	первая премия
惊喜	jing:xi	n.	приятный сюрприз
提起	ti:qi	v.	упомянуть
提起	ti:qi	v.	поднимать
防护	fang:hu	n.	защита
防护	fang:hu	v.	защищать
方可	fang:ke	adv.	лишь тогда
作文	zuo:wen	n.	сочинение
损伤	sun:shang	n.	повреждение
损伤	sun:shang	v.	повредить
农药	nong:yao	n.	пестицид
亲爱的	qin:ai:de	adj.	дорогой
配	pei	v.	подходить
配	pei	v.	распределять
有力	you:li	adj.	мощный
生产线	sheng:chan:xian	n.	производственная линия
耐心	nai:xin	n.	терпение
耐心	nai:xin	adj.	терпеливый
不太	bu:tai	adv.	не очень
诱惑	you:huo	n.	соблазн
诱惑	you:huo	v.	соблазнять
介	jie	n.	раковина
介	jie	prep.	между
我自己	wo:zi:ji	pron.	я сам
企业管理	qi:ye:guan:li	n.	корпоративное управление
运行平台	yun:xing:ping:tai	n.	платформа
存放	cun:fang	v.	хранить
有意	you:yi	adj.	намеренный
有意	you:yi	v.	намереваться
身子	shen:zi	n.	тело
第六条	di:liu:tiao	n.	статья шесть
这份	zhe:fen	mw.	этот
进而	jin:er	conj.	более того
符号	fu:hao	n.	символ
改革开放	gai:ge:kai:fang	n.	реформа и открытость
部落	bu:luo	n.	племя
尊	zun	mw.	счётное слово для статуй
尊	zun	v.	уважать
答复	da:fu	v.	отвечать
答复	da:fu	n.	ответ
桥梁	qiao:liang	n.	мост
民营企业	min:ying:qi:ye	n.	частное предприятие
基因	ji:yin	n.	ген
赋予	fu:yu	v.	наделять
县城	xian:cheng	n.	уездный центр
取决于	qu:jue:yu	v.	зависеть от
承受	cheng:shou	v.	выдерживать
想想	xiang:xiang	v.	подумать
短期	duan:qi	n.	краткосрочный период
理财	li:cai	v.	управлять финансами
自愿	zi:yuan	adj.	добровольный
金牌	jin:pai	n.	золотая медаль
救助	jiu:zhu	v.	спасать
液体	ye:ti	n.	жидкость
奉献	feng:xian	v.	посвящать
奉献	feng:xian	n.	преданность
真诚	zhen:cheng	adj.	искренний
买家	mai:jia	n.	покупатель
安静	an:jing	adj.	тихий
全局	quan:ju	n.	общая ситуация
剩余	sheng:yu	adj.	остаточный
规范化	gui:fan:hua	v.	стандартизировать
主力	zhu:li	n.	главная сила
动员	dong:yuan	v.	мобилизовать
弹性	tan:xing	n.	эластичность
过多	guo:duo	adj.	чрезмерный
辐射	fu:she	n.	радиация
辐射	fu:she	v.	излучать
集中在	ji:zhong:zai	v.	сосредоточиться в
中华民族	zhong:hua:min:zu	n.	китайская нация
冒	mao	v.	выделять
冒	mao	v.	рисковать
第七条	di:qi:tiao	n.	статья семь
细致	xi:zhi	adj.	тщательный
楼上	lou:shang	n.	верхний этаж
大致	da:zhi	adv.	примерно
词汇	ci:hui	n.	словарный запас
可怜	ke:lian	adj.	жалкий
东路	dong:lu	n.	восточная дорога
省市	sheng:shi	n.	провинции и города
租金	zu:jin	n.	арендная плата
命题	ming:ti	n.	суждение
千万	qian:wan	num.	десять миллионов
千万	qian:wan	adv.	непременно
军	jun	n.	армия
意志	yi:zhi	n.	воля
发起	fa:qi	v.	начинать
土壤	tu:rang	n.	почва
事宜	shi:yi	n.	дела
电缆	dian:lan	n.	кабель
外地	wai:di	n.	другие места
聪明	cong:ming	adj.	умный
煤炭	mei:tan	n.	уголь
依赖	yi:lai	v.	зависеть
依赖	yi:lai	n.	зависимость
实体	shi:ti	n.	субъект
用药	yong:yao	n.	применение лекарств
路口	lu:kou	n.	перекрёсток
地处	di:chu	v.	располагаться
总公司	zong:gong:si	n.	главная контора
不见	bu:jian	v.	не видеть
价值观	jia:zhi:guan	n.	ценности
霸道	ba:dao	adj.	деспотичный
睡觉	shui:jiao	v.	спать
激动	ji:dong	adj.	взволнованный
激动	ji:dong	v.	волновать
行政处罚	xing:zheng:chu:fa	n.	административное наказание
送给	song:gei	v.	дарить
身后	shen:hou	n.	после смерти
农户	nong:hu	n.	крестьянское хозяйство
谋杀	mou:sha	n.	убийство
谋杀	mou:sha	v.	убивать
占有	zhan:you	v.	владеть
劳动保障	lao:dong:bao:zhang	n.	охрана труда
诗歌	shi:ge	n.	поэзия
南路	nan:lu	n.	южная дорога
克服	ke:fu	v.	преодолевать
大脑	da:nao	n.	мозг
交纳	jiao:na	v.	вносить
试听	shi:ting	v.	прослушивать
加载	jia:zai	v.	загружать
邮寄	you:ji	v.	отправлять почтой
机身	ji:shen	n.	фюзеляж
小于	xiao:yu	v.	меньше
飞行	fei:xing	v.	летать
飞行	fei:xing	n.	полёт
僵尸	jiang:shi	n.	цзянши
敬	jing	v.	уважать
第八条	di:ba:tiao	num.	статья восьмая
勇气	yong:qi	n.	смелость
丹	dan	n.	киноварь
版面	ban:mian	n.	вёрстка
得出	de:chu	v.	приходить к
珠海	zhu:hai	n.	Чжухай
舒	shu	adj.	удобный
舒	shu	v.	растягивать
蛋	dan	n.	яйцо
班主任	ban:zhu:ren	n.	классный руководитель
哼	heng	int.	хм
哼	heng	onom.	храп
宋	song	n.	династия Сун
停留	ting:liu	v.	оставаться
西路	xi:lu	n.	западный путь
信访	xin:fang	n.	система обращений граждан
艺术家	yi:shu:jia	n.	художник
满意地	man:yi:de	adv.	удовлетворённо
济	ji	v.	помогать
济	ji	v.	переправляться через реку
朝阳区	chao:yang:qu	n.	район Чаоян
制定的	zhi:ding:de	adj.	установленный
转身	zhuan:shen	v.	обернуться
告诉你	gao:su:ni	v.	сказать тебе
法人	fa:ren	n.	юридическое лицо
路由器	lu:you:qi	n.	маршрутизатор
妇	fu	n.	женщина
考验	kao:yan	n.	испытание
管理制度	guan:li:zhi:du	n.	система управления
半天	ban:tian	n.	полдня
生产力	sheng:chan:li	n.	производительная сила
箭	jian	n.	стрела
句	ju	n.	фраза
句	ju	mw.	счётное слово для фраз
优雅	you:ya	adj.	изящный
均有	jun:you	v.	все иметь
择	ze	v.	выбирать
犯	fan	v.	совершать
与管理	yu:guan:li	prep.	с управлением
人格	ren:ge	n.	личность
人格	ren:ge	n.	характер
生态环境	sheng:tai:huan:jing	n.	экологическая среда
遥控器	yao:kong:qi	n.	пульт
昵称	ni:cheng	n.	прозвище
欣	xin	adj.	радостный
会同	hui:tong	v.	совместно с
爱好	ai:hao	n.	увлечение
开业	kai:ye	v.	открыть дело
拨打	bo:da	v.	набирать
甲	jia	n.	первый
甲	jia	n.	панцирь
欧	ou	n.	Европа
一一	yi:yi	adv.	один за другим
第一节	di:yi:jie	n.	первый раздел
面料	mian:liao	n.	ткань
总统	zong:tong	n.	президент
幻想	huan:xiang	n.	фантазия
这样做	zhe:yang:zuo	v.	делать так
课	ke	n.	урок
心脏	xin:zang	n.	сердце
平方公里	ping:fang:gong:li	mw.	квадратный километр
永恒	yong:heng	adj.	вечный
研究院	yan:jiu:yuan	n.	академия
服务业	fu:wu:ye	n.	сфера услуг
胃	wei	n.	желудок
未婚	wei:hun	adj.	неженатый
扑	pu	v.	броситься
潮流	chao:liu	n.	прилив
潮流	chao:liu	n.	тенденция
菲	fei	adj.	смиренный
有助于	you:zhu:yu	v.	способствовать
论证	lun:zheng	v.	доказывать
论证	lun:zheng	n.	аргументация
感受到	gan:shou:dao	v.	ощущать
第九条	di:jiu:tiao	n.	статья 9
空中	kong:zhong	n.	в воздухе
注册表	zhu:ce:biao	n.	реестр
一身	yi:shen	n.	всё тело
那位	na:wei	pron.	та особа
简直	jian:zhi	adv.	просто
电视剧	dian:shi:ju	n.	телевизионная драма
邓小平理论	deng:xiao:ping:li:lun	n.	теория Дэн Сяопина
燕	yan	n.	ласточка
激光	ji:guang	n.	лазер
抵触	di:chu	v.	противоречить
一审	yi:shen	n.	первая инстанция
内在	nei:zai	adj.	внутренний
交付	jiao:fu	v.	передавать
交付	jiao:fu	n.	передача
给出	gei:chu	v.	давать
给出	gei:chu	v.	предоставлять
搬完	ban:wan	v.	закончить переносить
不高	bu:gao	adj.	невысокий
来源于	lai:yuan:yu	v.	происходить из
作风	zuo:feng	n.	стиль работы
走势	zou:shi	n.	тенденция
大事	da:shi	n.	важное дело
大事	da:shi	n.	важный вопрос
加密	jia:mi	v.	шифровать
加密	jia:mi	n.	шифрование
国产软件	guo:chan:ruan:jian	n.	отечественное ПО
曲	qu	n.	мелодия
曲	qu	n.	песня
繁荣	fan:rong	adj.	процветающий
繁荣	fan:rong	v.	процветать
演讲	yan:jiang	v.	выступать с речью
演讲	yan:jiang	n.	речь
诞生	dan:sheng	v.	родиться
满意的	man:yi:de	adj.	довольный
亏损	kui:sun	n.	убыток
亏损	kui:sun	v.	терпеть убытки
快速发展	kuai:su:fa:zhan	v.	быстро развиваться
执业	zhi:ye	v.	вести профессиональную практику
温泉	wen:quan	n.	горячий источник
住在	zhu:zai	v.	жить в
倾向	qing:xiang	n.	склонность
倾向	qing:xiang	v.	склоняться к
另有	ling:you	v.	иметь другой
工作者	gong:zuo:zhe	n.	работник
回应	hui:ying	v.	отвечать
回应	hui:ying	n.	ответ
帅哥	shuai:ge	n.	красивый мужчина
第二节	di:er:jie	n.	вторая часть
躲	duo	v.	прятаться
躲	duo	v.	избегать
露出	lou:chu	v.	раскрывать
露出	lou:chu	v.	просачиваться
露出	lu:chu	v.	показывать
广阔	guang:kuo	adj.	обширный
火车站	huo:che:zhan	n.	вокзал
除非	chu:fei	conj.	если только не
玄	xuan	adj.	таинственный
玄	xuan	adj.	чёрный
此后	ci:hou	adv.	после этого
提倡	ti:chang	v.	пропагандировать
原作者	yuan:zuo:zhe	n.	первоначальный автор
幻	huan	n.	иллюзия
幻	huan	adj.	иллюзорный
茶	cha	n.	чай
王子	wang:zi	n.	принц
刊登	kan:deng	v.	публиковать
太太	tai:tai	n.	жена
太太	tai:tai	n.	госпожа
新生	xin:sheng	n.	новый студент
新生	xin:sheng	adj.	новорождённый
折	zhe	v.	складывать
折	zhe	v.	сломать
折	zhe	n.	скидка
永久	yong:jiu	adj.	постоянный
永久	yong:jiu	adv.	навсегда
高温	gao:wen	n.	высокая температура
伊	yi	pron.	она
岁月	sui:yue	n.	годы
接下来	jie:xia:lai	conj.	затем
解压	jie:ya	v.	распаковывать
解压	jie:ya	v.	снимать стресс
武汉市	wu:han:shi	n.	Ухань
傻	sha	adj.	глупый
姓	xing	n.	фамилия
姓	xing	v.	носить фамилию
相继	xiang:ji	adv.	один за другим
这时候	zhe:shi:hou	n.	в это время
源	yuan	n.	источник
洛	luo	n.	Ло
市场营销	shi:chang:ying:xiao	n.	маркетинг
遍	bian	mw.	раз
遍	bian	adj.	повсюду
劳动合同	lao:dong:he:tong	n.	трудовой договор
意向	yi:xiang	n.	намерение
卫星	wei:xing	n.	спутник
网民	wang:min	n.	пользователь сети
石家庄	shi:jia:zhuang	n.	Шицзячжуан
首届	shou:jie	adj.	первый (созыв)
管辖	guan:xia	v.	юрисдикция
北路	bei:lu	n.	северная дорога
展览会	zhan:lan:hui	n.	выставка
学位	xue:wei	n.	учёная степень
若是	ruo:shi	conj.	если
一对	yi:dui	num.	пара
脑袋	nao:dai	n.	голова
题材	ti:cai	n.	тема
全社会	quan:she:hui	n.	всё общество
节奏	jie:zou	n.	ритм
培训班	pei:xun:ban	n.	курсы обучения
解放	jie:fang	v.	освобождать
臣	chen	n.	подданный
弃	qi	v.	отбрасывать
中断	zhong:duan	v.	прерывать
宿舍	su:she	n.	общежитие
通报	tong:bao	v.	уведомлять
通报	tong:bao	n.	сводка
弟子	di:zi	n.	ученик
可选	ke:xuan	adj.	необязательный
照明	zhao:ming	n.	освещение
收录	shou:lu	v.	включать
犹	you	adv.	всё ещё
看出	kan:chu	v.	разглядеть
厦门市	xia:men:shi	n.	Сямэнь
长春	chang:chun	n.	Чанчунь
水资源	shui:zi:yuan	n.	водные ресурсы
运动员	yun:dong:yuan	n.	спортсмен
变量	bian:liang	n.	переменная
工作地点	gong:zuo:di:dian	n.	место работы
原因之一	yuan:yin:zhi:yi	n.	одна из причин
获奖	huo:jiang	v.	получить награду
条码	tiao:ma	n.	штрихкод
占	zhan	v.	занимать
占	zhan	v.	составлять
进入了	jin:ru:le	v.	вошёл
有用	you:yong	adj.	полезный
家乡	jia:xiang	n.	родной город
辉煌	hui:huang	adj.	блистательный
漂	piao	v.	плыть
在那里	zai:na:li	adv.	там
发布者	fa:bu:zhe	n.	издатель
挑	tiao	v.	выбирать
挑	tiao	v.	нести на коромысле
暂停	zan:ting	v.	приостановить
暂停	zan:ting	n.	пауза
辛苦	xin:ku	adj.	тяжёлый
辛苦	xin:ku	adj.	трудный
注册码	zhu:ce:ma	n.	регистрационный код
获	huo	v.	получать
口气	kou:qi	n.	тон
口气	kou:qi	n.	манера говорить
年间	nian:jian	n.	в течение лет
尴尬	gan:ga	adj.	неловкий
农民房	nong:min:fang	n.	крестьянский дом
馒头	man:tou	n.	паровой хлеб
绿	lv	adj.	зелёный
饰品	shi:pin	n.	украшение
高潮	gao:chao	n.	кульминация
斗争	dou:zheng	v.	бороться
斗争	dou:zheng	n.	борьба
婚礼	hun:li	n.	свадьба
日记	ri:ji	n.	дневник
警方	jing:fang	n.	полиция
峰	feng	n.	пик
多功能	duo:gong:neng	adj.	многофункциональный
老虎机	lao:hu:ji	n.	игровой автомат
我家	wo:jia	n.	мой дом
挖掘	wa:jue	v.	раскапывать
挖掘	wa:jue	v.	выкапывать
俊	jun	adj.	красивый
三次	san:ci	num.	три раза
曲线	qu:xian	n.	кривая
疯	feng	adj.	сумасшедший
法定代表人	fa:ding:dai:biao:ren	n.	законный представитель
倒是	dao:shi	adv.	на самом деле
适宜	shi:yi	adj.	подходящий
生理	sheng:li	n.	физиология
展位	zhan:wei	n.	выставочный стенд
江西省	jiang:xi:sheng	n.	провинция Цзянси
不想干	bu:xiang:gan	v.	не хотеть делать
列	lie	n.	ряд
逾期	yu:qi	v.	просрочить
主导	zhu:dao	v.	возглавлять
主导	zhu:dao	adj.	ведущий
演示	yan:shi	v.	демонстрировать
前款	qian:kuan	n.	предыдущий пункт
床上	chuang:shang	n.	на кровати
商人	shang:ren	n.	купец
贫困	pin:kun	adj.	бедный
区分	qu:fen	v.	различать
区分	qu:fen	n.	различие
您的位置	nin:de:wei:zhi	n.	ваше местоположение
获悉	huo:xi	v.	узнать
杭州市	hang:zhou:shi	n.	Ханчжоу
淘宝	tao:bao	n.	Taobao
志愿	zhi:yuan	n.	стремление
志愿	zhi:yuan	v.	вызваться добровольцем
意识到	yi:shi:dao	v.	осознать
森	sen	n.	лес
排序	pai:xu	n.	сортировка
排序	pai:xu	v.	сортировать
中山	zhong:shan	n.	Чжуншань
发达国家	fa:da:guo:jia	n.	развитая страна
发达国家	fa:da:guo:jia	n.	развитые страны
部件	bu:jian	n.	узел
妻	qi	n.	жена
恋	lian	n.	любовь
这只	zhe:zhi	pron.	этот
回头	hui:tou	v.	обернуться
误	wu	v.	ошибиться
误	wu	adj.	ошибочный
洽谈	qia:tan	v.	вести переговоры
接收了	jie:shou:le	v.	получено
第十条	di:shi:tiao	num.	статья 10
较低	jiao:di	adj.	сравнительно низкий
排行	pai:hang	n.	рейтинг
排行	pai:hang	v.	ранжировать
拜	bai	v.	поклоняться
拜	bai	v.	нанести визит
伟	wei	adj.	великий
移	yi	v.	перемещать
维生素	wei:sheng:su	n.	витамин
没人	mei:ren	pron.	никого
恐怖	kong:bu	n.	террор
诉讼	su:song	n.	иск
主角	zhu:jue	n.	главный герой
信仰	xin:yang	n.	вера
纳	na	v.	принимать
结合起来	jie:he:qi:lai	v.	объединять
塑造	su:zao	v.	формировать
党	dang	n.	партия
公示	gong:shi	v.	обнародовать
光驱	guang:qu	n.	оптический привод
远离	yuan:li	v.	держаться вдали от
罢	ba	v.	прекращать
羊肉	yang:rou	n.	баранина
民警	min:jing	n.	полицейский
看过	kan:guo	v.	видел
科学发展观	ke:xue:fa:zhan:guan	n.	научная концепция развития
爱你	ai:ni	v.	любить тебя
颁布	ban:bu	v.	обнародовать
投放	tou:fang	v.	запускать
腰	yao	n.	талия
巧	qiao	adj.	ловкий
侵害	qin:hai	v.	нарушать
手工	shou:gong	n.	ручная работа
孤	gu	adj.	одинокий
利息	li:xi	n.	процент
波动	bo:dong	v.	колебаться
周一	zhou:yi	n.	понедельник
人事部	ren:shi:bu	n.	отдел кадров
软件大小	ruan:jian:da:xiao	n.	размер программы
闭	bi	v.	закрывать
响应	xiang:ying	v.	откликаться
薪酬	xin:chou	n.	вознаграждение
商业银行	shang:ye:yin:hang	n.	коммерческий банк
中期	zhong:qi	n.	средний срок
风情	feng:qing	n.	очарование
核实	he:shi	v.	проверять
两国	liang:guo	n.	обе страны
小麦	xiao:mai	n.	пшеница
绝大多数	jue:da:duo:shu	n.	подавляющее большинство
惊讶	jing:ya	adj.	удивлённый
名牌	ming:pai	n.	бренд
清单	qing:dan	n.	список
各自的	ge:zi:de	pron.	свой
民众	min:zhong	n.	народ
信息内容	xin:xi:nei:rong	n.	содержание информации
模仿	mo:fang	v.	подражать
圆	yuan	adj.	круглый
圆	yuan	n.	круг
碰	peng	v.	касаться
做事	zuo:shi	v.	делать дела
力争	li:zheng	v.	стремиться
另一种	ling:yi:zhong	pron.	другой вид
请填写	qing:tian:xie	v.	пожалуйста заполните
好评	hao:ping	n.	хороший отзыв
仪式	yi:shi	n.	церемония
镜	jing	n.	зеркало
无人	wu:ren	adj.	безлюдный
向前	xiang:qian	adv.	вперёд
软	ruan	adj.	мягкий
优惠价	you:hui:jia	n.	льготная цена
全国各地	quan:guo:ge:di	n.	по всей стране
两侧	liang:ce	n.	обе стороны
光学	guang:xue	n.	оптика
扶贫	fu:pin	v.	борьба с бедностью
质量管理	zhi:liang:guan:li	n.	управление качеством
期刊	qi:kan	n.	периодическое издание
厚	hou	adj.	толстый
剧情	ju:qing	n.	сюжет
款式	kuan:shi	n.	стиль
报刊	bao:kan	n.	печать
详细说明	xiang:xi:shuo:ming	v.	подробно объяснять
累	lei	adj.	усталый
累	lei	v.	утомлять
技术人员	ji:shu:ren:yuan	n.	технический специалист
昨	zuo	n.	вчера
车主	che:zhu	n.	владелец автомобиля
幽	you	adj.	тихий
战时	zhan:shi	n.	военное время
免费软件	mian:fei:ruan:jian	n.	бесплатное ПО
悲	bei	adj.	печальный
供给	gong:ji	v.	снабжать
缴费	jiao:fei	v.	платить взносы
竞争对手	jing:zheng:dui:shou	n.	конкурент
日后	ri:hou	n.	в будущем
股市	gu:shi	n.	фондовый рынок
新农村建设	xin:nong:cun:jian:she	n.	строительство новой деревни
表彰	biao:zhang	v.	награждать
字数	zi:shu	n.	количество слов
短短	duan:duan	adj.	короткий
丈	zhang	mw.	чжан
当场	dang:chang	adv.	на месте
漏洞	lou:dong	n.	лазейка
全职	quan:zhi	adj.	с полным рабочим днем
电机	dian:ji	n.	электродвигатель
用力	yong:li	adv.	с силой
副主席	fu:zhu:xi	n.	заместитель председателя
门户	men:hu	n.	дверь
门户	men:hu	n.	портал
身材	shen:cai	n.	фигура
来信	lai:xin	n.	письмо
完美的	wan:mei:de	adj.	совершенный
收回	shou:hui	v.	забирать обратно
组长	zu:zhang	n.	руководитель группы
侵犯版权	qin:fan:ban:quan	v.	нарушать авторское право
桂林	gui:lin	n.	Гуйлинь
载体	zai:ti	n.	носитель
违规	wei:gui	v.	нарушать правила
市场占有率	shi:chang:zhan:you:lv	n.	доля рынка
样式	yang:shi	n.	стиль
样式	yang:shi	n.	узор
生气	sheng:qi	v.	сердиться
牌	pai	n.	табличка
牌	pai	n.	бренд
身体健康	shen:ti:jian:kang	adj.	здоровый
奇迹	qi:ji	n.	чудо
大楼	da:lou	n.	здание
月薪	yue:xin	n.	месячная зарплата
国王	guo:wang	n.	король
降	jiang	v.	опускаться
降	jiang	v.	снижать
降	xiang	v.	сдаваться
弟弟	di:di	n.	младший брат
要么	yao:me	conj.	или
恶意	e:yi	n.	злоба
陷入	xian:ru	v.	впадать
气象	qi:xiang	n.	метеорология
走过	zou:guo	v.	пройти
颜	yan	n.	лицо
立体	li:ti	adj.	объёмный
劳	lao	v.	трудиться
语句	yu:ju	n.	фраза
偏	pian	adv.	нарочно
党组	dang:zu	n.	партийная группа
本土	ben:tu	n.	собственная страна
省	sheng	v.	экономить
过后	guo:hou	adv.	потом
糊	hu	v.	клеить
馆	guan	n.	здание
下一步	xia:yi:bu	n.	следующий шаг
控制器	kong:zhi:qi	n.	контроллер
烧	shao	v.	жечь
身影	shen:ying	n.	силуэт
暴力	bao:li	n.	насилие
谓	wei	v.	называть
起诉	qi:su	v.	возбуждать иск
财	cai	n.	богатство
舰	jian	n.	военный корабль
谈话	tan:hua	v.	разговаривать
沙发	sha:fa	n.	диван
花费	hua:fei	v.	тратить
慢性	man:xing	adj.	хронический
制造商	zhi:zao:shang	n.	производитель
时光	shi:guang	n.	время
说出	shuo:chu	v.	высказать
眼里	yan:li	n.	в глазах
被动	bei:dong	adj.	пассивный
假设	jia:she	v.	предполагать
选拔	xuan:ba	v.	отбирать
汗	han	n.	пот
奈	nai	v.	сносить
指使	zhi:shi	v.	подстрекать
起点	qi:dian	n.	отправная точка
操	cao	v.	трахать
贿赂	hui:lu	n.	взятка
应付	ying:fu	v.	справляться
葡萄	pu:tao	n.	виноград
联络	lian:luo	v.	связываться
法定	fa:ding	adj.	законный
众生	zhong:sheng	n.	все живые существа
第十一条	di:shi:yi:tiao	num.	статья 11
珍惜	zhen:xi	v.	дорожить
分解	fen:jie	v.	разлагать
经济学	jing:ji:xue	n.	экономика
评级	ping:ji	n.	рейтинг
主办单位	zhu:ban:dan:wei	n.	организатор
档次	dang:ci	n.	уровень
强的	qiang:de	adj.	сильный
中国企业	zhong:guo:qi:ye	n.	китайское предприятие
虚拟主机	xu:ni:zhu:ji	n.	виртуальный хостинг
周年	zhou:nian	n.	годовщина
盲目	mang:mu	adj.	слепой
邮政	you:zheng	n.	почтовая служба
答应	da:ying	v.	обещать
增值	zeng:zhi	v.	расти в цене
特有	te:you	adj.	особенный
版块	ban:kuai	n.	раздел
首选	shou:xuan	n.	первый выбор
幅度	fu:du	n.	амплитуда
迹	ji	n.	след
给自己	gei:zi:ji	v.	дать себе
更快	geng:kuai	adv.	быстрее
现已	xian:yi	adv.	теперь уже
不利	bu:li	adj.	невыгодный
司法	si:fa	n.	юстиция
尸	shi	n.	труп
悄	qiao	adj.	тихий
对策	dui:ce	n.	контрмера
到现在	dao:xian:zai	adv.	до сих пор
到现在	dao:xian:zai	v.	дойти до сих пор
西北	xi:bei	n.	северо-запад
对付	dui:fu	v.	справляться
可以让	ke:yi:rang	v.	мочь позволить
非洲	fei:zhou	n.	Африка
公司简介	gong:si:jian:jie	n.	краткая информация о компании
受伤	shou:shang	v.	получить ранение
成都市	cheng:du:shi	n.	Чэнду
一会	yi:hui	n.	мгновение
通过了	tong:guo:le	v.	прошёл
该企业	gai:qi:ye	n.	данное предприятие
做得	zuo:de	v.	сделать
伟大的	wei:da:de	adj.	великий
少量	shao:liang	adj.	небольшое количество
古老	gu:lao	adj.	древний
为基础	wei:ji:chu	v.	основываться
航空公司	hang:kong:gong:si	n.	авиакомпания
著作	zhu:zuo	n.	сочинение
能不能	neng:bu:neng	v.	можно или нет
残	can	adj.	неполный
缩小	suo:xiao	v.	уменьшать
严肃	yan:su	adj.	серьёзный
欢乐	huan:le	adj.	радостный
后悔	hou:hui	v.	сожалеть
协作	xie:zuo	v.	сотрудничать
不代表	bu:dai:biao	v.	не представлять
尖	jian	adj.	острый
南昌	nan:chang	n.	Наньчан
鲁	lu	n.	Lu
工业化	gong:ye:hua	v.	индустриализоваться
锋	feng	n.	остриё
专业技术	zhuan:ye:ji:shu	n.	профессиональная технология
共享版	gong:xiang:ban	n.	разделяемая версия
在使用	zai:shi:yong	v.	использоваться
大中小	da:zhong:xiao	n.	большой, средний и малый
讲述	jiang:shu	v.	повествовать
以致	yi:zhi	conj.	так что
圈	quan	n.	круг
外出	wai:chu	v.	выходить
首都	shou:du	n.	столица
腐败	fu:bai	n.	коррупция
腐败	fu:bai	adj.	коррумпированный
撰写	zhuan:xie	v.	писать
详细介绍	xiang:xi:jie:shao	n.	подробное представление
客房	ke:fang	n.	гостиничный номер
加油站	jia:you:zhan	n.	заправка
争执	zheng:zhi	n.	спор
房地产开发	fang:di:chan:kai:fa	n.	недвижимость
业余	ye:yu	adj.	любительский
业余	ye:yu	n.	досуг
按规定	an:gui:ding	prep.	согласно правилам
车站	che:zhan	n.	станция
工作室	gong:zuo:shi	n.	студия
前者	qian:zhe	n.	первый
嘉宾	jia:bin	n.	почетный гость
典型的	dian:xing:de	adj.	типичный
无底线	wu:di:xian	adj.	беспринципный
自然的	zi:ran:de	adj.	естественный
油	you	n.	масло
入学	ru:xue	v.	поступать в школу
入学	ru:xue	n.	поступление
冲动	chong:dong	n.	импульс
冲动	chong:dong	adj.	импульсивный
怪物	guai:wu	n.	чудовище
苏联	su:lian	n.	Советский Союз
不肯	bu:ken	v.	не желать
甘肃	gan:su	n.	Ганьсу
项	xiang	mw.	(счётное слово)
信用卡	xin:yong:ka	n.	кредитная карта
撞	zhuang	v.	ударить
瞬	shun	n.	мгновение
管理机构	guan:li:ji:gou	n.	управляющий орган
日语	ri:yu	n.	японский язык
统筹	tong:chou	v.	координировать
排放	pai:fang	n.	выброс
排放	pai:fang	v.	выбрасывать
无聊	wu:liao	adj.	скучный
招商引资	zhao:shang:yin:zi	v.	привлекать инвестиции
龙头	long:tou	n.	голова дракона
龙头	long:tou	n.	кран
组委会	zu:wei:hui	n.	оргкомитет
忆	yi	v.	вспоминать
注入	zhu:ru	v.	вводить
悄悄	qiao:qiao	adv.	потихоньку
部分的	bu:fen:de	adj.	частичный
盖	gai	v.	покрывать
制作的	zhi:zuo:de	adj.	сделанный
欢迎光临	huan:ying:guang:lin	int.	добро пожаловать
名人	ming:ren	n.	знаменитость
帝国	di:guo	n.	империя
浓度	nong:du	n.	концентрация
稿件	gao:jian	n.	рукопись
自定义	zi:ding:yi	n.	настройка
自定义	zi:ding:yi	adj.	пользовательский
认知	ren:zhi	n.	когниция
认知	ren:zhi	v.	признавать
知名度	zhi:ming:du	n.	известность
网通	wang:tong	n.	China Netcom
难点	nan:dian	n.	трудный момент
尤	you	adv.	особенно
股价	gu:jia	n.	курс акций
海拔	hai:ba	n.	высота над уровнем моря
码头	ma:tou	n.	причал
越来越多	yue:lai:yue:duo	adj.	всё больше
本单位	ben:dan:wei	n.	данная организация
资深	zi:shen	adj.	опытный
血管	xue:guan	n.	кровеносный сосуд
厉害	li:hai	adj.	сильный
厉害	li:hai	adj.	потрясающий
代价	dai:jia	n.	цена
义气	yi:qi	n.	верность долгу
这么多	zhe:me:duo	pron.	столько
深受	shen:shou	adv.	глубоко
徒	tu	n.	ученик
一脸	yi:lian	n.	всё лицо
头上	tou:shang	n.	на голове
空白	kong:bai	n.	пробел
空白	kong:bai	adj.	пустой
点击次数	dian:ji:ci:shu	n.	число кликов
大规模	da:gui:mo	adj.	крупномасштабный
此事	ci:shi	n.	это дело
乡	xiang	n.	деревня
商务部	shang:wu:bu	n.	Министерство торговли
专卖店	zhuan:mai:dian	n.	специализированный магазин
人文	ren:wen	n.	гуманитарные науки
用水	yong:shui	n.	использование воды
颗粒	ke:li	n.	гранула
保管	bao:guan	v.	хранение
保管	bao:guan	v.	хранить
概	gai	adv.	в общем
百年	bai:nian	n.	век
相关文章	xiang:guan:wen:zhang	n.	соответствующая статья
政府采购	zheng:fu:cai:gou	n.	государственные закупки
黑客	hei:ke	n.	хакер
钢铁	gang:tie	n.	сталь
越南	yue:nan	n.	Вьетнам
人民群众	ren:min:qun:zhong	n.	народные массы
尊敬	zun:jing	v.	уважать
叫到	jiao:dao	v.	вызвать
密度	mi:du	n.	плотность
乐队	yue:dui	n.	оркестр
户	hu	mw.	домохозяйство
医疗器械	yi:liao:qi:xie	n.	медицинское оборудование
转型	zhuan:xing	n.	трансформация
转型	zhuan:xing	v.	трансформироваться
系列产品	xi:lie:chan:pin	n.	продукция серии
追究	zhui:jiu	v.	расследовать
棉花	mian:hua	n.	хлопок
变形	bian:xing	v.	деформироваться
热心	re:xin	adj.	усердный
点数	dian:shu	n.	количество очков
荡	dang	v.	качать
那边	na:bian	n.	там
查阅	cha:yue	v.	справляться
地铁	di:tie	n.	метро
老子	lao:zi	n.	Лао-цзы
老子	lao:zi	pron.	я
职权	zhi:quan	n.	полномочия
病情	bing:qing	n.	состояние больного
一月	yi:yue	n.	январь
素质教育	su:zhi:jiao:yu	n.	всестороннее образование
场面	chang:mian	n.	сцена
迎接	ying:jie	v.	встречать
派出所	pai:chu:suo	n.	отделение полиции
得多	de:duo	adv.	гораздо
脸色	lian:se	n.	цвет лица
正版	zheng:ban	n.	лицензионная версия
工商行政管理	gong:shang:xing:zheng:guan:li	n.	промышленно-торговое управление
教育教学	jiao:yu:jiao:xue	n.	обучение
艺	yi	n.	искусство
增	zeng	v.	увеличивать
副本	fu:ben	n.	копия
外形	wai:xing	n.	форма
导入	dao:ru	v.	импортировать
大豆	da:dou	n.	соя
祖	zu	n.	предок
一个个	yi:ge:ge	adv.	один за другим
个人意见	ge:ren:yi:jian	n.	личное мнение
欧元	ou:yuan	n.	евро
利率	li:lv	n.	процентная ставка
汉字	han:zi	n.	китайский иероглиф
单词	dan:ci	n.	слово
激活	ji:huo	v.	активировать
被称为	bei:cheng:wei	v.	называться
眼镜	yan:jing	n.	очки
以人为本	yi:ren:wei:ben	adj.	человекоориентированный
你自己	ni:zi:ji	pron.	ты сам
购房	gou:fang	v.	покупать жильё
侵权	qin:quan	v.	нарушать права
困	kun	adj.	сонный
困	kun	v.	быть в затруднении
殿	dian	n.	дворец
过度	guo:du	adj.	чрезмерный
对照	dui:zhao	v.	сравнивать
对照	dui:zhao	n.	контраст
秘书长	mi:shu:zhang	n.	генеральный секретарь
迅	xun	n.	Сюнь
横	heng	adj.	горизонтальный
范	fan	n.	Фань
伙伴	huo:ban	n.	напарник
价位	jia:wei	n.	уровень цен
佛山	fo:shan	n.	Фошань
孔子	kong:zi	n.	Конфуций
可怕	ke:pa	adj.	страшный
奥运会	ao:yun:hui	n.	Олимпийские игры
侠客	xia:ke	n.	рыцарь- странник
概述	gai:shu	v.	обобщать
概述	gai:shu	n.	обзор
一代	yi:dai	n.	поколение
人为	ren:wei	adj.	искусственный
说明书	shuo:ming:shu	n.	инструкция
回帖	hui:tie	v.	отвечать на пост
回帖	hui:tie	n.	ответ
单价	dan:jia	n.	цена за единицу
遗憾	yi:han	adj.	досадный
遗憾	yi:han	n.	сожаление
脱离	tuo:li	v.	отходить
口味	kou:wei	n.	вкус
耳朵	er:duo	n.	ухо
健康发展	jian:kang:fa:zhan	n.	здоровое развитие
生育	sheng:yu	v.	рожать
此刻	ci:ke	n.	этот момент
细菌	xi:jun	n.	бактерия
律	lv	n.	закон
朝鲜	chao:xian	n.	КНДР
录像	lu:xiang	v.	записывать видео
录像	lu:xiang	n.	видеозапись
高低	gao:di	n.	высота
高低	gao:di	adv.	так или иначе
山水	shan:shui	n.	пейзаж
门	men	n.	дверь
门	men	mw.	предмет
番	fan	mw.	раз
纪律	ji:lv	n.	дисциплина
只不过	zhi:bu:guo	adv.	всего лишь
国有资产	guo:you:zi:chan	n.	госактивы
失望	shi:wang	v.	разочароваться
失望	shi:wang	n.	разочарование
业内人士	ye:nei:ren:shi	n.	специалист отрасли
夜晚	ye:wan	n.	ночь
选中	xuan:zhong	v.	выбрать
月亮	yue:liang	n.	луна
主营	zhu:ying	v.	специализироваться на
遭到	zao:dao	v.	подвергаться
第三方	di:san:fang	n.	третья сторона
辽宁省	liao:ning:sheng	n.	провинция Ляонин
企	qi	v.	ожидать
惨	can	adj.	трагический
限	xian	v.	ограничивать
限	xian	n.	предел
样板	yang:ban	n.	образец
沉默	chen:mo	adj.	молчаливый
信念	xin:nian	n.	убеждение
喝酒	he:jiu	v.	пить спиртное
回顾	hui:gu	v.	оглядываться
回顾	hui:gu	n.	обзор
联通	lian:tong	v.	соединять
教育局	jiao:yu:ju	n.	управление образования
聚	ju	v.	собираться
福利	fu:li	n.	благосостояние
福利	fu:li	n.	льгота
含	han	v.	содержать
含	han	v.	держать во рту
集合	ji:he	v.	собираться
集合	ji:he	n.	множество
笑点	xiao:dian	n.	шутка
弹出	tan:chu	v.	всплывать
弹出	tan:chu	v.	выталкивать
内衣	nei:yi	n.	нижнее бельё
户口	hu:kou	n.	прописка
随即	sui:ji	adv.	сразу же
中路	zhong:lu	n.	центральная дорога
唱片	chang:pian	n.	пластинка
音响	yin:xiang	n.	аудиосистема
高压	gao:ya	n.	высокое давление
第十三条	di:shi:san:tiao	num.	статья 13
考研	kao:yan	v.	готовиться к магистратуре
自行车	zi:xing:che	n.	велосипед
忍不住	ren:bu:zhu	v.	не удержаться
出国	chu:guo	v.	уехать за границу
经营管理	jing:ying:guan:li	n.	управление
凭	ping	prep.	опираясь на
凭	ping	v.	опираться
公交	gong:jiao	n.	общественный транспорт
摄像头	she:xiang:tou	n.	камера
右手	you:shou	n.	правая рука
姿势	zi:shi	n.	поза
户型	hu:xing	n.	планировка
媒介	mei:jie	n.	средство
精选	jing:xuan	v.	отбирать
精选	jing:xuan	n.	отбор
清华大学	qing:hua:da:xue	n.	университет Цинхуа
网卡	wang:ka	n.	сетевая карта
剧	ju	n.	драма
回复日期	hui:fu:ri:qi	n.	дата ответа
模糊	mo:hu	adj.	неясный
模糊	mo:hu	v.	размываться
用法	yong:fa	n.	употребление
许多人	xu:duo:ren	n.	многие люди
瑞士	rui:shi	n.	Швейцария
视野	shi:ye	n.	поле зрения
视野	shi:ye	n.	кругозор
服务热线	fu:wu:re:xian	n.	горячая линия
任何一个	ren:he:yi:ge	pron.	любой
牺牲	xi:sheng	v.	жертвовать
牺牲	xi:sheng	n.	жертва
如果说	ru:guo:shuo	conj.	если сказать
充分的	chong:fen:de	adj.	достаточный
巴西	ba:xi	n.	Бразилия
平稳	ping:wen	adj.	стабильный
碎	sui	adj.	разбитый
碎	sui	v.	разбиваться
调试	tiao:shi	v.	отлаживать
调试	tiao:shi	v.	настраивать
商品价格	shang:pin:jia:ge	n.	цена товара
手上	shou:shang	n.	на руке
爷爷	ye:ye	n.	дедушка
先锋	xian:feng	n.	первопроходец
市长	shi:zhang	n.	мэр
本站原创	ben:zhan:yuan:chuang	n.	оригинальный материал сайта
多大	duo:da	adj.	насколько большой
一幅	yi:fu	num.	один (картина)
躺	tang	v.	лежать
美观	mei:guan	adj.	красивый
西南	xi:nan	n.	юго-запад
什么呢	shen:me:ne	part.	что (частица)
敏感	min:gan	adj.	чувствительный
缘	yuan	n.	край
笔记本电脑	bi:ji:ben:dian:nao	n.	ноутбук
第六章	di:liu:zhang	n.	глава шестая
色情	se:qing	n.	порнография
天然气	tian:ran:qi	n.	природный газ
光线	guang:xian	n.	свет
凉	liang	adj.	прохладный
网络游戏	wang:luo:you:xi	n.	сетевая игра
阴道	yin:dao	n.	влагалище
华人	hua:ren	n.	китайцы за рубежом
汇总	hui:zong	v.	суммировать
立方米	li:fang:mi	mw.	кубический метр
联合国	lian:he:guo	n.	Организация Объединённых Наций
处在	chu:zai	v.	находиться в
人力	ren:li	n.	рабочая сила
打破	da:po	v.	разбить
伟大	wei:da	adj.	великий
亲切	qin:qie	adj.	приветливый
共计	gong:ji	v.	составлять в сумме
织	zhi	v.	ткать
抢	qiang	v.	хватать
泉州	quan:zhou	n.	Цюаньчжоу
垂直	chui:zhi	adj.	вертикальный
圣诞	sheng:dan	n.	Рождество
犹如	you:ru	v.	подобно
预	yu	v.	пред-
加热	jia:re	v.	нагревать
太平洋	tai:ping:yang	n.	Тихий океан
超出	chao:chu	v.	превышать
保修	bao:xiu	v.	гарантия
工程建设	gong:cheng:jian:she	n.	инженерное строительство
沈	shen	n.	Шэнь (фамилия)
扬州	yang:zhou	n.	Янчжоу
木材	mu:cai	n.	древесина
替	ti	prep.	за
嘴里	zui:li	n.	во рту
孔	kong	n.	отверстие
放下	fang:xia	v.	положить
荷兰	he:lan	n.	Нидерланды
申请表	shen:qing:biao	n.	заявление
批	pi	mw.	партия
批	pi	v.	критиковать
不喜欢	bu:xi:huan	v.	не любить
回归	hui:gui	v.	возвращение
兼容	jian:rong	adj.	совместимый
社团	she:tuan	n.	ассоциация
这一切	zhe:yi:qie	pron.	всё
相结合的	xiang:jie:he:de	v.	объединённый
必将	bi:jiang	adv.	несомненно
本品	ben:pin	n.	данный продукт
康	kang	adj.	здоровый
被评为	bei:ping:wei	v.	оценён как
惑	huo	n.	замешательство
吸引了	xi:yin:le	v.	привлёк
目的地	mu:di:di	n.	пункт назначения
夏季	xia:ji	n.	лето
电话号码	dian:hua:hao:ma	n.	номер телефона
园林	yuan:lin	n.	сад
打工	da:gong	v.	подрабатывать
唯	wei	adv.	только
要比	yao:bi	v.	сравнивать
对她	dui:ta	prep.	к ней
这场	zhe:chang	mw.	этот
率	lv	n.	уровень
年级	nian:ji	n.	класс
独家	du:jia	adj.	эксклюзивный
纯属	chun:shu	v.	чисто
会出现	hui:chu:xian	v.	появится
凤凰	feng:huang	n.	феникс
工作日内	gong:zuo:ri:nei	n.	в рабочие дни
各方面	ge:fang:mian	n.	все аспекты
他认为	ta:ren:wei	v.	он считает
强劲	qiang:jing	adj.	мощный
巴黎	ba:li	n.	Париж
原文	yuan:wen	n.	оригинальный текст
第十四条	di:shi:si:tiao	num.	статья 14
房源	fang:yuan	n.	предложение жилья
两集	liang:ji	num.	две серии
跑到	pao:dao	v.	добежать до
发现的	fa:xian:de	v.	обнаруженный
惯	guan	v.	привыкнуть
有期徒刑	you:qi:tu:xing	n.	лишение свободы на срок
决定了	jue:ding:le	v.	решил
培养学生	pei:yang:xue:sheng	v.	готовить студентов
是想	shi:xiang	v.	намереваться
将成为	jiang:cheng:wei	v.	станет
柠檬	ning:meng	n.	лимон
补助	bu:zhu	n.	пособие
这件事	zhe:jian:shi	n.	это дело
博览会	bo:lan:hui	n.	выставка
为止	wei:zhi	adv.	до
女友	nv:you	n.	подруга
想着	xiang:zhe	v.	непрестанно думать
概括	gai:kuo	v.	обобщать
调解	tiao:jie	v.	посредничать
月内	yue:nei	n.	в течение месяца
写出	xie:chu	v.	выписать
微微	wei:wei	adv.	слегка
封闭	feng:bi	v.	закрывать
日报	ri:bao	n.	ежедневная газета
少数民族	shao:shu:min:zu	n.	национальное меньшинство
就必须	jiu:bi:xu	adv.	тогда обязательно
柔软	rou:ruan	adj.	мягкий
养成	yang:cheng	v.	воспитывать
登	deng	v.	подниматься
求职者	qiu:zhi:zhe	n.	искатель работы
占地	zhan:di	v.	занимать площадь
一处	yi:chu	num.	одно место
摩托罗拉	mo:tuo:luo:la	n.	Motorola
队长	dui:zhang	n.	капитан
遭受	zao:shou	v.	подвергаться
年度报告	nian:du:bao:gao	n.	годовой отчёт
消灭	xiao:mie	v.	уничтожать
互	hu	adv.	взаимно
教训	jiao:xun	n.	урок
教训	jiao:xun	v.	проучить
项目管理	xiang:mu:guan:li	n.	управление проектами
挑选	tiao:xuan	v.	выбирать
显示屏	xian:shi:ping	n.	экран
风云	feng:yun	n.	ветра и тучи
风云	feng:yun	n.	бурная обстановка
乐园	le:yuan	n.	рай
三等奖	san:deng:jiang	n.	третья премия
盯	ding	v.	пялиться
公益	gong:yi	n.	общественное благо
球迷	qiu:mi	n.	болельщик
并购	bing:gou	n.	слияние и поглощение
并购	bing:gou	v.	поглощать
稍	shao	adv.	немного
宣	xuan	v.	объявлять
唱	chang	v.	петь
诚	cheng	adj.	искренний
隐身	yin:shen	v.	становиться невидимым
注册商标	zhu:ce:shang:biao	n.	зарегистрированный товарный знак
剩	sheng	v.	оставаться
刷新	shua:xin	v.	обновлять
咬	yao	v.	кусать
育	yu	v.	воспитывать
最大限度	zui:da:xian:du	n.	максимум
冰箱	bing:xiang	n.	холодильник
水库	shui:ku	n.	водохранилище
保安	bao:an	n.	охранник
发展规划	fa:zhan:gui:hua	n.	план развития
诸	zhu	adj.	все
有钱	you:qian	adj.	богатый
我去	wo:qu	int.	да ладно!
态势	tai:shi	n.	обстановка
名片	ming:pian	n.	визитка
电动	dian:dong	adj.	электрический
公元	gong:yuan	n.	нашей эры
二等奖	er:deng:jiang	n.	вторая премия
截止	jie:zhi	v.	заканчиваться
访客	fang:ke	n.	посетитель
传送	chuan:song	v.	передавать
夫妇	fu:fu	n.	супружеская пара
怀孕	huai:yun	v.	быть беременной
转贴	zhuan:tie	v.	репостить
到处	dao:chu	adv.	повсюду
香蕉	xiang:jiao	n.	банан
触	chu	v.	касаться
晨	chen	n.	утро
疼	teng	adj.	болезненный
漫	man	adj.	разливающийся
风采	feng:cai	n.	обаяние
产值	chan:zhi	n.	стоимость продукции
对话框	dui:hua:kuang	n.	диалоговое окно
电气	dian:qi	n.	электричество
切换	qie:huan	v.	переключать
贯彻落实	guan:che:luo:shi	v.	внедрять
列车	lie:che	n.	поезд
材	cai	n.	материал
机房	ji:fang	n.	машинный зал
靠近	kao:jin	v.	приближаться
模样	mu:yang	n.	внешний вид
年版	nian:ban	n.	издание года
关怀	guan:huai	v.	заботиться
充实	chong:shi	adj.	содержательный
招收	zhao:shou	v.	набирать
老年	lao:nian	n.	старость
补	bu	v.	чинить
私	si	adj.	частный
吐	tu	v.	рвать
长安	chang:an	n.	Чанъань
大批	da:pi	n.	большое количество
传染病	chuan:ran:bing	n.	инфекционная болезнь
纯	chun	adj.	чистый
隐患	yin:huan	n.	скрытая опасность
艾	ai	n.	полынь
疗效	liao:xiao	n.	лечебный эффект
本期	ben:qi	n.	текущий период
北京大学	bei:jing:da:xue	n.	Пекинский университет
讲究	jiang:jiu	v.	уделять внимание
恋人	lian:ren	n.	возлюбленный
贝	bei	n.	раковина
香水	xiang:shui	n.	духи
中小	zhong:xiao	adj.	средний и малый
谷	gu	n.	долина
不一定	bu:yi:ding	adv.	не обязательно
庭	ting	n.	двор
录用	lu:yong	v.	нанять
录用	lu:yong	n.	наём
胶囊	jiao:nang	n.	капсула
挡	dang	v.	загораживать
挡	dang	v.	отражать
分成	fen:cheng	v.	делить на
疾病的	ji:bing:de	n.	болезненный
势力	shi:li	n.	сила
势力	shi:li	n.	влияние
一双	yi:shuang	num.	пара
最具	zui:ju	v.	наиболее обладать
不能下载	bu:neng:xia:zai	v.	не может скачать
南北	nan:bei	n.	юг и север
控件	kong:jian	n.	виджет
控件	kong:jian	n.	элемент управления
一口气	yi:kou:qi	adv.	одним духом
平静	ping:jing	adj.	спокойный
平静	ping:jing	adj.	мирный
抵达	di:da	v.	прибыть
一直使用	yi:zhi:shi:yong	v.	постоянно использовать
此处	ci:chu	pron.	здесь
套装	tao:zhuang	n.	костюм
套装	tao:zhuang	n.	набор
晃	huang	v.	качать
晃	huang	v.	покачиваться
吉	ji	adj.	счастливый
希望大家	xi:wang:da:jia	v.	надеяться, что все
写了	xie:le	v.	написал
一直是	yi:zhi:shi	v.	всегда является
一向	yi:xiang	adv.	всегда
乳房	ru:fang	n.	грудь
网游	wang:you	n.	онлайн-игра
可靠性	ke:kao:xing	n.	надёжность
但是在	dan:shi:zai	conj.	но в
与社会	yu:she:hui	prep.	с обществом
我还是	wo:hai:shi	pron.	я всё же
赢得了	ying:de:le	v.	выиграл
建立起	jian:li:qi	v.	создать
真理	zhen:li	n.	истина
中外	zhong:wai	n.	Китай и зарубежье
线条	xian:tiao	n.	линия
线条	xian:tiao	n.	штрих
睡眠	shui:mian	n.	сон
凌晨	ling:chen	n.	раннее утро
素材	su:cai	n.	материал
影子	ying:zi	n.	тень
低价	di:jia	n.	низкая цена
可以根据	ke:yi:gen:ju	v.	можно исходить из
大力发展	da:li:fa:zhan	v.	энергично развивать
分页	fen:ye	n.	разбивка на страницы
分页	fen:ye	v.	разбивать на страницы
要对	yao:dui	v.	должно быть правильно
一般来说	yi:ban:lai:shuo	adv.	вообще говоря
从小	cong:xiao	adv.	с детства
大全	da:quan	n.	сборник
行政管理	xing:zheng:guan:li	n.	административное управление
销售额	xiao:shou:e	n.	объём продаж
极限	ji:xian	n.	предел
再就业	zai:jiu:ye	n.	трудоустройство
吹	chui	v.	дуть
吹	chui	v.	хвастаться
购物车	gou:wu:che	n.	корзина
康复	kang:fu	v.	выздоравливать
平常	ping:chang	adj.	обычный
平常	ping:chang	adv.	обычно
等内容	deng:nei:rong	n.	и прочее содержание
欺骗	qi:pian	v.	обманывать
看上去	kan:shang:qu	v.	выглядеть
谨慎	jin:shen	adj.	осторожный
也许是	ye:xu:shi	adv.	возможно это
到我	dao:wo	v.	доходит до меня
各有	ge:you	v.	каждый иметь
社会保险	she:hui:bao:xian	n.	социальное страхование
有益	you:yi	adj.	полезный
蛋白	dan:bai	n.	белок
这点	zhe:dian	pron.	это
行政执法	xing:zheng:zhi:fa	n.	административное правоприменение
特长	te:chang	n.	сильная сторона
家伙	jia:huo	n.	парень
几十	ji:shi	num.	несколько десятков
一带	yi:dai	n.	район
快乐的	kuai:le:de	adj.	счастливый
数值	shu:zhi	n.	числовое значение
残疾	can:ji	n.	инвалидность
震撼	zhen:han	v.	шокировать
书写	shu:xie	v.	писать
督促	du:cu	v.	подгонять
磁盘	ci:pan	n.	диск
雅虎	ya:hu	n.	Яху
提示信息	ti:shi:xin:xi	n.	подсказка
搭建	da:jian	v.	возводить
防水	fang:shui	adj.	водонепроницаемый
防水	fang:shui	v.	защищать от воды
仇	chou	n.	ненависть
凝	ning	v.	свертываться
企业名称	qi:ye:ming:cheng	n.	название компании
天生	tian:sheng	adj.	врожденный
天生	tian:sheng	adv.	по природе
修理	xiu:li	v.	ремонтировать
新版	xin:ban	n.	новое издание
均衡	jun:heng	adj.	сбалансированный
均衡	jun:heng	n.	равновесие
着力	zhuo:li	v.	прилагать усилия
鼓	gu	n.	барабан
鼓	gu	v.	бить
轴承	zhou:cheng	n.	подшипник
农	nong	n.	сельское хозяйство
游泳	you:yong	v.	плавать
游泳	you:yong	n.	плавание
进度	jin:du	n.	ход работы
和尚	he:shang	n.	монах
南京市	nan:jing:shi	n.	Нанкин
中原	zhong:yuan	n.	Центральная равнина
席	xi	n.	место
席	xi	mw.	счетное слово для пиров
声望	sheng:wang	n.	престиж
票价	piao:jia	n.	цена билета
这儿	zhe:er	pron.	здесь
征	zheng	v.	взимать
征	zheng	v.	совершать поход
这家	zhe:jia	pron.	этот (магазин)
新品	xin:pin	n.	новый продукт
帅	shuai	adj.	красивый
帅	shuai	n.	командующий
名录	ming:lu	n.	список
当成	dang:cheng	v.	считать
取代	qu:dai	v.	заменять
山西省	shan:xi:sheng	n.	провинция Шаньси
汉语	han:yu	n.	китайский язык
一开始	yi:kai:shi	adv.	сначала
主营产品	zhu:ying:chan:pin	n.	основная продукция
崛起	jue:qi	v.	подниматься
附	fu	v.	прилагать
淀粉	dian:fen	n.	крахмал
行业协会	hang:ye:xie:hui	n.	отраслевая ассоциация
思念	si:nian	v.	скучать
第五	di:wu	num.	пятый
开口	kai:kou	v.	заговорить
多万	duo:wan	num.	больше десяти тысяч
缺	que	v.	не хватать
准则	zhun:ze	n.	норма
准则	zhun:ze	n.	руководящий принцип
降价	jiang:jia	v.	снизить цену
脚步	jiao:bu	n.	шаг
杀手	sha:shou	n.	убийца
厚度	hou:du	n.	толщина
两岸	liang:an	n.	оба берега
展出	zhan:chu	v.	выставлять
注册资本	zhu:ce:zi:ben	n.	уставный капитал
细腻	xi:ni	adj.	тонкий
塞	sai	v.	затыкать
时机	shi:ji	n.	удобный момент
延续	yan:xu	v.	продолжаться
邮局	you:ju	n.	почта
当今	dang:jin	n.	в настоящее время
愤怒	fen:nu	adj.	гневный
愤怒	fen:nu	n.	гнев
钥匙	yao:shi	n.	ключ
豪	hao	adj.	удалой
公式	gong:shi	n.	формула
介入	jie:ru	v.	вмешиваться
单身	dan:shen	n.	холостой
武功	wu:gong	n.	боевое искусство
经营范围	jing:ying:fan:wei	n.	сфера деятельности
科普	ke:pu	n.	научная популяризация
不服	bu:fu	v.	не признавать
常务委员会	chang:wu:wei:yuan:hui	n.	постоянный комитет
税务	shui:wu	n.	налогообложение
宁夏	ning:xia	n.	Нинся
不容易	bu:rong:yi	adj.	нелегко
一辈子	yi:bei:zi	n.	всю жизнь
两名	liang:ming	mw.	два (человека)
奶奶	nai:nai	n.	бабушка
用心	yong:xin	v.	прилежно относиться
用心	yong:xin	n.	намерение
对了	dui:le	int.	кстати
指导思想	zhi:dao:si:xiang	n.	руководящая идея
隔离	ge:li	v.	изолировать
清算	qing:suan	v.	ликвидировать
本届	ben:jie	n.	текущий
亦	yi	adv.	также
法师	fa:shi	n.	заклинатель
批发价	pi:fa:jia	n.	оптовая цена
不像	bu:xiang	v.	не походить
远远	yuan:yuan	adv.	намного
征求	zheng:qiu	v.	добиваться
变为	bian:wei	v.	превращаться
杜	du	n.	Ду (фамилия)
公顷	gong:qing	mw.	гектар
华夏	hua:xia	n.	Хуася (Китай)
努	nu	v.	прилагать усилия
谈到	tan:dao	v.	говорить о
涨幅	zhang:fu	n.	рост
判	pan	v.	судить
省份	sheng:fen	n.	провинция
谋	mou	v.	замышлять
胆	dan	n.	жёлчный пузырь
运费	yun:fei	n.	фрахт
财务管理	cai:wu:guan:li	n.	финансовое управление
国际市场	guo:ji:shi:chang	n.	мировой рынок
信息中心	xin:xi:zhong:xin	n.	информационный центр
泪水	lei:shui	n.	слёзы
尘	chen	n.	пыль
途中	tu:zhong	n.	в пути
成品	cheng:pin	n.	готовая продукция
赶快	gan:kuai	adv.	быстрее
看好	kan:hao	v.	быть оптимистом о
扎	zha	v.	завязывать
四十	si:shi	num.	сорок
研讨会	yan:tao:hui	n.	семинар
便捷	bian:jie	adj.	удобный
对抗	dui:kang	v.	противостоять
工作日	gong:zuo:ri	n.	рабочий день
任职	ren:zhi	v.	занимать должность
同比	tong:bi	adv.	в годовом исчислении
叶子	ye:zi	n.	лист
女朋友	nv:peng:you	n.	девушка
泡沫	pao:mo	n.	пена
优惠政策	you:hui:zheng:ce	n.	льготная политика
滚	gun	v.	катиться
决赛	jue:sai	n.	финал
草案	cao:an	n.	проект
没有底	mei:you:di	v.	быть неуверенным
行政复议	xing:zheng:fu:yi	n.	административный пересмотр
幸运	xing:yun	adj.	удачливый
关联	guan:lian	n.	связь
详细资料	xiang:xi:zi:liao	n.	подробные сведения
不怕	bu:pa	v.	не бояться
航班	hang:ban	n.	рейс
酷	ku	adj.	крутой
闷	men	adj.	душный
气温	qi:wen	n.	температура
迟	chi	adj.	поздний
稳	wen	adj.	стабильный
翼	yi	n.	крыло
中共中央	zhong:gong:zhong:yang	n.	ЦК КПК
第一步	di:yi:bu	n.	первый шаг
吸引力	xi:yin:li	n.	притяжение
家用	jia:yong	n.	домашнее использование
赞同	zan:tong	v.	одобрять
诺	nuo	v.	обещать
听力	ting:li	n.	слух
交换机	jiao:huan:ji	n.	коммутатор
县委	xian:wei	n.	уездный комитет
乘客	cheng:ke	n.	пассажир
再度	zai:du	adv.	вновь
有望	you:wang	adj.	обещающий
闲	xian	adj.	свободный
地质	di:zhi	n.	геология
灰	hui	adj.	серый
合约	he:yue	n.	контракт
性爱	xing:ai	n.	секс
城市规划	cheng:shi:gui:hua	n.	градостроительство
专职	zhuan:zhi	adj.	специальный
相关评论	xiang:guan:ping:lun	n.	связанные комментарии
笑话	xiao:hua	n.	шутка
大海	da:hai	n.	море
大自然	da:zi:ran	n.	природа
伊拉克	yi:la:ke	n.	Ирак
句子	ju:zi	n.	предложение
朵	duo	mw.	счётное слово для цветов
干什么	gan:shen:me	v.	что делать
概况	gai:kuang	n.	общие сведения
花卉	hua:hui	n.	цветы
适量	shi:liang	adj.	умеренное количество
幽默	you:mo	adj.	юмор
盛	cheng	v.	насыпать
盛	sheng	adj.	процветающий
本报讯	ben:bao:xun	n.	сообщение нашей газеты
孕妇	yun:fu	n.	беременная женщина
车子	che:zi	n.	машина
求助	qiu:zhu	v.	обращаться за помощью
冒险	mao:xian	v.	рисковать
穿过	chuan:guo	v.	проходить сквозь
不让	bu:rang	v.	не позволять
体检	ti:jian	n.	exамен здоровья
陕西省	shan:xi:sheng	n.	провинция Шэньси
不存在	bu:cun:zai	v.	не существовать
梁	liang	n.	балка
课时	ke:shi	n.	учебный час
新华网	xin:hua:wang	n.	Синьхуанет
光芒	guang:mang	n.	сияние
算法	suan:fa	n.	алгоритм
实质	shi:zhi	n.	сущность
大胆	da:dan	adj.	смелый
疲劳	pi:lao	adj.	усталый
指向	zhi:xiang	v.	указывать на
晶	jing	n.	кристалл
开户	kai:hu	v.	открыть счёт
发射	fa:she	v.	запускать
盯着	ding:zhe	v.	смотреть пристально
裁决	cai:jue	n.	решение
裁决	cai:jue	v.	выносить решение
餐	can	n.	еда / приём пищи
痕迹	hen:ji	n.	след
网友观点	wang:you:guan:dian	n.	мнение пользователей сети
过分	guo:fen	adj.	чрезмерный
从未	cong:wei	adv.	никогда
反思	fan:si	v.	размышлять
稍微	shao:wei	adv.	немного
二手房	er:shou:fang	n.	вторичное жильё
保全	bao:quan	v.	сохранять
使命	shi:ming	n.	миссия
一位	yi:wei	mw.	один (человек)
副书记	fu:shu:ji	n.	заместитель секретаря
电台	dian:tai	n.	радиостанция
华丽	hua:li	adj.	роскошный
学分	xue:fen	n.	зачётный кредит
出门	chu:men	v.	выходить
电子邮箱	dian:zi:you:xiang	n.	электронная почта
年限	nian:xian	n.	срок
停车	ting:che	v.	парковаться
海上	hai:shang	n.	в море
立足	li:zu	v.	опираться
义务教育	yi:wu:jiao:yu	n.	обязательное образование
注意到	zhu:yi:dao	v.	заметить
抱怨	bao:yuan	v.	жаловаться
点映	dian:ying	n.	предпоказ
益达	yi:da	n.	Экстра
聘请	pin:qing	v.	нанимать
事后	shi:hou	adv.	после этого
爆	bao	v.	взрываться
请勿	qing:wu	adv.	пожалуйста, не
随之	sui:zhi	adv.	вслед за этим
首批	shou:pi	n.	первая партия
小雨	xiao:yu	n.	небольшой дождь
小雨	xiao:yu	n.	Сяоюй
性价比	xing:jia:bi	n.	соотношение цена-качество
付款方式	fu:kuan:fang:shi	n.	способ оплаты
强势	qiang:shi	adj.	доминирующий
伦	lun	n.	нравственность
家属	jia:shu	n.	член семьи
云南省	yun:nan:sheng	n.	провинция Юньнань
正义	zheng:yi	n.	справедливость
娇	jiao	adj.	нежный
娇	jiao	adj.	избаловаланный
裁定	cai:ding	v.	выносить решение
裁定	cai:ding	n.	решение
班子	ban:zi	n.	команда
南宁	nan:ning	n.	Наньнин
辖区	xia:qu	n.	юрисдикция
东部	dong:bu	n.	восточная часть
取出	qu:chu	v.	извлекать
珍珠	zhen:zhu	n.	жемчуг
退休	tui:xiu	v.	уходить на пенсию
数目	shu:mu	n.	число
侧	ce	n.	сторона
侧	ce	v.	наклоняться
称之为	cheng:zhi:wei	v.	называть это
炒几个菜	chao:ji:ge:cai	v.	пожарить несколько блюд
第十六条	di:shi:liu:tiao	n.	статья 16
仅供	jin:gong	v.	только для
修建	xiu:jian	v.	строить
告诉我们	gao:su:wo:men	v.	сказать нам
星星	xing:xing	n.	звезда
后台	hou:tai	n.	бэкенд
后台	hou:tai	n.	закулисье
一类	yi:lei	n.	один тип
出版日期	chu:ban:ri:qi	n.	дата публикации
沿着	yan:zhe	prep.	вдоль
一体化	yi:ti:hua	n.	интеграция
愣	leng	v.	остолбенеть
高尔夫	gao:er:fu	n.	гольф
军人	jun:ren	n.	военнослужащий
极大	ji:da	adj.	огромный
水质	shui:zhi	n.	качество воды
按键	an:jian	n.	клавиша
节点	jie:dian	n.	узел
朝阳	chao:yang	n.	утреннее солнце
朝阳	chao:yang	n.	Чаоян
朝阳	zhao:yang	n.	Чжаоян
发病	fa:bing	v.	заболеть
长时间	chang:shi:jian	n.	долгое время
阴茎	yin:jing	n.	пенис
加盖	jia:gai	v.	ставить печать
鼻	bi	n.	нос
会长	hui:zhang	n.	председатель
力求	li:qiu	v.	стремиться
还真	hai:zhen	adv.	в самом деле
听取	ting:qu	v.	выслушивать
商贸	shang:mao	n.	торговля
责任制	ze:ren:zhi	n.	система ответственности
仅有	jin:you	v.	иметь лишь
安慰	an:wei	v.	утешать
安慰	an:wei	n.	утешение
三个月	san:ge:yue	n.	три месяца
在市场	zai:shi:chang	n.	на рынке
奋斗	fen:dou	v.	бороться
进一步加强	jin:yi:bu:jia:qiang	v.	ещё более укрепить
捐赠	juan:zeng	v.	жертвовать
扎实	zha:shi	adv.	прочно
北京的	bei:jing:de	n.	пекинский
比如说	bi:ru:shuo	conj.	например
企事业单位	qi:shi:ye:dan:wei	n.	предприятия и учреждения
驾驶员	jia:shi:yuan	n.	водитель
直线	zhi:xian	n.	прямая линия
亮点	liang:dian	n.	яркая сторона
轮	lun	mw.	очередь
独自	du:zi	adv.	в одиночку
我所	wo:suo	n.	наш институт
昏	hun	adj.	головокружительный
要让	yao:rang	v.	хотеть дать
实务	shi:wu	n.	практические дела
抖	dou	v.	трястись
这些问题	zhe:xie:wen:ti	n.	эти проблемы
在哪里	zai:na:li	pron.	где
软件语言	ruan:jian:yu:yan	n.	язык программного обеспечения
性生活	xing:sheng:huo	n.	сексуальная жизнь
壮大	zhuang:da	v.	укрепляться
她不	ta:bu	n.	она не
卖家	mai:jia	n.	продавец
不成	bu:cheng	v.	не удаться
人才市场	ren:cai:shi:chang	n.	рынок труда
届时	jie:shi	adv.	к тому времени
陷	xian	v.	провалиться
敏	min	adj.	быстрый
贴图	tie:tu	n.	картинка
词	ci	n.	слово
然后再	ran:hou:zai	conj.	а затем
元件	yuan:jian	n.	компонент
国家规定	guo:jia:gui:ding	n.	государственные правила
车间	che:jian	n.	цех
聚会	ju:hui	n.	встреча
慌	huang	adj.	в панике
书中	shu:zhong	n.	в книге
要不	yao:bu	conj.	иначе
住院	zhu:yuan	v.	лежать в больнице
我用	wo:yong	n.	я использую
世间	shi:jian	n.	мир
身心	shen:xin	n.	тело и разум
阻碍	zu:ai	v.	препятствовать
留下了	liu:xia:le	v.	оставил
社会各界	she:hui:ge:jie	n.	все слои общества
本合同	ben:he:tong	n.	данный контракт
笔试	bi:shi	n.	письменный экзамен
可使	ke:shi	v.	мочь делать
当然是	dang:ran:shi	adv.	конечно
人民代表大会	ren:min:dai:biao:da:hui	n.	собрание народных представителей
第一时间	di:yi:shi:jian	n.	незамедлительно
最后更新	zui:hou:geng:xin	n.	последнее обновление
大幅度	da:fu:du	adv.	значительно
高峰	gao:feng	n.	пик
混凝土	hun:ning:tu	n.	бетон
新世纪	xin:shi:ji	n.	новый век
还好	hai:hao	adv.	к счастью
周六	zhou:liu	n.	суббота
核定	he:ding	v.	утверждать после проверки
卫生部	wei:sheng:bu	n.	министерство здравоохранения
失效	shi:xiao	v.	терять силу
弥补	mi:bu	v.	восполнять
不允许	bu:yun:xu	v.	не разрешать
洛阳	luo:yang	n.	Лоян
天才	tian:cai	n.	гений
愤	fen	adj.	возмущённый
燃料	ran:liao	n.	топливо
下车	xia:che	v.	выходить
防火	fang:huo	v.	огнестойкий
高新技术	gao:xin:ji:shu	n.	высокие технологии
大奖	da:jiang	n.	большая премия
做成	zuo:cheng	v.	делать
怜	lian	v.	жалеть
罢了	ba:le	part.	вот и всё
罢了	ba:liao	part.	вот и всё
颤	chan	v.	дрожать
过渡	guo:du	v.	переходить
杀人	sha:ren	v.	убивать
涉案	she:an	v.	замешанный в деле
被保险人	bei:bao:xian:ren	n.	застрахованный
振兴	zhen:xing	v.	возрождать
看不到	kan:bu:dao	v.	не видеть
赶到	gan:dao	v.	поспешить прибыть
郁闷	yu:men	adj.	подавленный
寿命	shou:ming	n.	продолжительность жизни
缓慢	huan:man	adj.	медленный
试行	shi:xing	v.	опробовать
而非	er:fei	conj.	а не
阶	jie	n.	ступень
信息系统	xin:xi:xi:tong	n.	информационная система
周五	zhou:wu	n.	пятница
苍	cang	adj.	бледно-зелёный
自由的	zi:you:de	adj.	свободный
缩短	suo:duan	v.	сокращать
天数	tian:shu	n.	число дней
拿起	na:qi	v.	поднимать
火箭	huo:jian	n.	ракета
感兴趣	gan:xing:qu	v.	интересоваться
第三节	di:san:jie	n.	третий раздел
免责声明	mian:ze:sheng:ming	n.	отказ от ответственности
解压密码	jie:ya:mi:ma	n.	пароль для распаковки
全过程	quan:guo:cheng	n.	весь процесс
纺织品	fang:zhi:pin	n.	текстиль
国家标准	guo:jia:biao:zhun	n.	государственный стандарт
纯粹	chun:cui	adj.	чистый
骨干	gu:gan	n.	костяк
忠诚	zhong:cheng	adj.	верный
海口	hai:kou	n.	порт
海口	hai:kou	n.	Хайкоу
储备	chu:bei	v.	резервировать
储备	chu:bei	n.	запасы
组织实施	zu:zhi:shi:shi	v.	организовывать и осуществлять
山区	shan:qu	n.	горный район
车身	che:shen	n.	кузов
分工	fen:gong	n.	разделение труда
距	ju	prep.	на расстоянии от
距	ju	v.	отстоять от
交谈	jiao:tan	v.	беседовать
听证	ting:zheng	n.	публичные слушания
处处	chu:chu	adv.	повсюду
净化	jing:hua	v.	очищать
郑	zheng	n.	Чжэн
川	chuan	n.	река
川	chuan	n.	Сычуань
扫	sao	v.	мести
二楼	er:lou	n.	второй этаж
地带	di:dai	n.	зона
否定	fou:ding	v.	отрицать
否定	fou:ding	n.	отрицание
逼	bi	v.	заставлять
逼	bi	adj.	близкий
不少于	bu:shao:yu	adv.	не менее чем
年份	nian:fen	n.	год
优良	you:liang	adj.	отличный
人才网	ren:cai:wang	n.	сайт по подбору персонала
护士	hu:shi	n.	медсестра
饲养	si:yang	v.	разводить
民事	min:shi	n.	гражданские дела
构造	gou:zao	n.	структура
人性	ren:xing	n.	человеческая природа
钢琴	gang:qin	n.	пианино
是非	shi:fei	n.	правда и ложь
县	xian	n.	уезд
涵盖	han:gai	v.	охватывать
农业部	nong:ye:bu	n.	министерство сельского хозяйства
抄袭	chao:xi	v.	плагиатить
忧	you	v.	беспокоиться
忧	you	n.	печаль
工业区	gong:ye:qu	n.	промышленный район
软件简介	ruan:jian:jian:jie	n.	описание программы
地道	di:dao	adj.	настоящий
地道	di:dao	adj.	идиоматичный
星期五	xing:qi:wu	n.	пятница
税款	shui:kuan	n.	налоговый платёж
米兰	mi:lan	n.	Милан
一同	yi:tong	adv.	вместе
童	tong	n.	ребёнок
兰州	lan:zhou	n.	Ланьчжоу
轨道	gui:dao	n.	колея
轨道	gui:dao	n.	орбита
英特尔	ying:te:er	n.	Интел
联赛	lian:sai	n.	лига
雄厚	xiong:hou	adj.	мощный
左手	zuo:shou	n.	левая рука
再也	zai:ye	adv.	больше не
不愿意	bu:yuan:yi	v.	не хотеть
源于	yuan:yu	v.	исходить из
年纪	nian:ji	n.	возраст
研讨	yan:tao	v.	изучать
礼仪	li:yi	n.	этикет
外界	wai:jie	n.	внешний мир
子公司	zi:gong:si	n.	дочерняя компания
屄	bi	n.	вагина
致富	zhi:fu	v.	разбогатеть
纪录	ji:lu	n.	рекорд
第十七条	di:shi:qi:tiao	n.	статья 17
画家	hua:jia	n.	художник
执	zhi	v.	держать
伤心	shang:xin	adj.	грустный
发展趋势	fa:zhan:qu:shi	n.	тенденция развития
书店	shu:dian	n.	книжный магазин
匹配	pi:pei	v.	соответствовать
占据	zhan:ju	v.	занимать
熟练	shu:lian	adj.	искусный
网络实名	wang:luo:shi:ming	n.	реальное имя в сети
技术创新	ji:shu:chuang:xin	n.	техническая инновация
不当	bu:dang	adj.	ненадлежащий
十三	shi:san	num.	тринадцать
开办	kai:ban	v.	открывать
为人	wei:ren	n.	характер
感冒	gan:mao	n.	простуда
感冒	gan:mao	v.	простудиться
升高	sheng:gao	v.	подниматься
好看	hao:kan	adj.	красивый
丢	diu	v.	терять
荣	rong	n.	слава
臂	bi	n.	рука
逐	zhu	v.	преследовать
搬迁	ban:qian	v.	переехать
傲	ao	adj.	гордый
赛事	sai:shi	n.	соревнование
控股	kong:gu	n.	холдинг
注意力	zhu:yi:li	n.	внимание
卫生间	wei:sheng:jian	n.	туалет
分支机构	fen:zhi:ji:gou	n.	филиал
注销	zhu:xiao	v.	выйти из системы
注销	zhu:xiao	v.	аннулировать
客厅	ke:ting	n.	гостиная
极端	ji:duan	adj.	крайний
极端	ji:duan	n.	крайность
戴	dai	v.	носить
新娘	xin:niang	n.	невеста
一手	yi:shou	n.	одна рука
一手	yi:shou	adv.	в одиночку
炒作	chao:zuo	v.	раскручивать
注射	zhu:she	v.	вводить инъекцию
注射	zhu:she	n.	инъекция
口中	kou:zhong	n.	во рту
芒	mang	n.	ость
芒	mang	n.	луч
燃气	ran:qi	n.	газ
大夫	dai:fu	n.	врач
又一	you:yi	num.	ещё один
庆	qing	v.	праздновать
早晨	zao:chen	n.	утро
庞大的	pang:da:de	adj.	огромный
彩票	cai:piao	n.	лотерейный билет
宝贵	bao:gui	adj.	драгоценный
市场化	shi:chang:hua	n.	рыночная реформа
下一个	xia:yi:ge	pron.	следующий
申请书	shen:qing:shu	n.	заявление
伴	ban	v.	сопровождать
伴	ban	n.	спутник
字母	zi:mu	n.	буква
很久	hen:jiu	adv.	долго
严谨	yan:jin	adj.	строгий
等着	deng:zhe	v.	ждать
学报	xue:bao	n.	научный журнал
零件	ling:jian	n.	деталь
五大	wu:da	num.	пять крупных
入口	ru:kou	n.	вход
宝石	bao:shi	n.	драгоценный камень
章节	zhang:jie	n.	глава
相适应	xiang:shi:ying	v.	соответствовать
意愿	yi:yuan	n.	желание
竣工	jun:gong	v.	сдать в эксплуатацию
生活方式	sheng:huo:fang:shi	n.	образ жизни
袭	xi	v.	нападать
征集	zheng:ji	v.	собирать
受益	shou:yi	v.	извлекать пользу
胎儿	tai:er	n.	плод
不合理	bu:he:li	adj.	неразумный
全面发展	quan:mian:fa:zhan	n.	всестороннее развитие
全面发展	quan:mian:fa:zhan	v.	всесторонне развиваться
何时	he:shi	pron.	когда
供	gong	v.	снабжать
不等	bu:deng	adj.	неравный
索引	suo:yin	n.	индекс
工艺品	gong:yi:pin	n.	изделие ручной работы
积	ji	v.	накапливаться
配置文件	pei:zhi:wen:jian	n.	файл конфигурации
屏蔽	ping:bi	v.	блокировать
贵族	gui:zu	n.	дворянин
基本信息	ji:ben:xin:xi	n.	основная информация
发行日期	fa:xing:ri:qi	n.	дата выпуска
给大家	gei:da:jia	v.	дать всем
容器	rong:qi	n.	контейнер
动机	dong:ji	n.	мотив
一头	yi:tou	mw.	одна голова
大声	da:sheng	adj.	громкий
第十八条	di:shi:ba:tiao	num.	статья 18
垄断	long:duan	v.	монополизировать
可以实现	ke:yi:shi:xian	v.	может быть реализовано
擅长	shan:chang	v.	уметь хорошо
伪造	wei:zao	v.	подделывать
遥	yao	adj.	далёкий
法学	fa:xue	n.	юриспруденция
热量	re:liang	n.	теплота
罗马	luo:ma	n.	Рим
动手	dong:shou	v.	браться за дело
报到	bao:dao	v.	регистрироваться
金的	jin:de	adj.	золотой
刑法	xing:fa	n.	уголовное право
阻	zu	v.	препятствовать
探究	tan:jiu	v.	исследовать
战术	zhan:shu	n.	тактика
汽油	qi:you	n.	бензин
人性化	ren:xing:hua	adj.	гуманный
中关村	zhong:guan:cun	n.	Чжунгуаньцунь
数字化	shu:zi:hua	v.	оцифровывать
播出	bo:chu	v.	транслировать
精致	jing:zhi	adj.	изысканный
急性	ji:xing	adj.	острый
演绎	yan:yi	v.	дедуцировать
聚集	ju:ji	v.	собираться
依次	yi:ci	adv.	по очереди
宁静	ning:jing	adj.	спокойный
女的	nv:de	adj.	женский
写真	xie:zhen	n.	фото
吉林省	ji:lin:sheng	n.	провинция Цзилинь
必备	bi:bei	adj.	необходимый
那时候	na:shi:hou	n.	в то время
较快	jiao:kuai	adj.	сравнительно быстрый
腾讯	teng:xun	n.	Tencent
结局	jie:ju	n.	финал
伦敦	lun:dun	n.	Лондон
相关部门	xiang:guan:bu:men	n.	соответствующие ведомства
例	li	n.	пример
睁	zheng	v.	открывать (глаза)
退还	tui:huan	v.	возвращать
工作时间	gong:zuo:shi:jian	n.	рабочее время
公子	gong:zi	n.	молодой господин
情侣	qing:lv	n.	пара влюблённых
污水	wu:shui	n.	сточные воды
岛	dao	n.	остров
遗	yi	v.	терять
瞪	deng	v.	пялиться
按时	an:shi	adv.	вовремя
所有人	suo:you:ren	n.	все люди
表述	biao:shu	v.	выражать
常年	chang:nian	adv.	круглый год
分泌	fen:mi	v.	секретировать
篮球	lan:qiu	n.	баскетбол
加重	jia:zhong	v.	усугублять
入手	ru:shou	v.	приступать
观赏	guan:shang	v.	любоваться
心想	xin:xiang	v.	думать про себя
慕	mu	v.	восхищаться
什么事	shen:me:shi	pron.	что случилось
执着	zhi:zhuo	adj.	упорный
课堂教学	ke:tang:jiao:xue	n.	классное обучение
皱	zhou	v.	морщиться
饮用	yin:yong	v.	пить
环球	huan:qiu	adj.	мировой
博	bo	v.	выигрывать
博	bo	adj.	обширный
中国人民	zhong:guo:ren:min	n.	китайский народ
河流	he:liu	n.	река
黑白	hei:bai	n.	чёрно-белое
幕	mu	n.	занавес
算了	suan:le	v.	ладно, забудь
专栏	zhuan:lan	n.	рубрика
保险费	bao:xian:fei	n.	страховой взнос
运转	yun:zhuan	v.	работать
手机短信	shou:ji:duan:xin	n.	смс-сообщение
第十九条	di:shi:jiu:tiao	num.	девятнадцатый
块钱	kuai:qian	n.	юань
双眼	shuang:yan	n.	оба глаза
乘车	cheng:che	v.	ехать
外表	wai:biao	n.	внешность
自杀	zi:sha	v.	покончить с собой
点头	dian:tou	v.	kивать головой
口号	kou:hao	n.	лозунг
猜	cai	v.	угадывать
长达	chang:da	v.	достигать
关爱	guan:ai	v.	заботиться
丧失	sang:shi	v.	терять
相处	xiang:chu	v.	ладить
实战	shi:zhan	n.	боевая практика
中旬	zhong:xun	n.	середина месяца
支行	zhi:hang	n.	отделение
益	yi	n.	польза
马来西亚	ma:lai:xi:ya	n.	Малайзия
副局长	fu:ju:zhang	n.	заместитель начальника
东风	dong:feng	n.	восточный ветер
周日	zhou:ri	n.	воскресенье
净	jing	adj.	чистый
产业发展	chan:ye:fa:zhan	n.	развитие промышленности
软件下载	ruan:jian:xia:zai	n.	загрузка программ
双击	shuang:ji	v.	дважды щёлкнуть
两家	liang:jia	num.	два
股东大会	gu:dong:da:hui	n.	собрание акционеров
还原	huan:yuan	v.	восстанавливать
从前	cong:qian	n.	раньше
缺席	que:xi	v.	отсутствовать
甜蜜	tian:mi	adj.	сладкий
神情	shen:qing	n.	выражение лица
很可能	hen:ke:neng	adv.	вероятно
产品信息	chan:pin:xin:xi	n.	информация о продукции
效力	xiao:li	v.	служить
泽	ze	n.	болото
炼	lian	v.	очищать
制止	zhi:zhi	v.	пресекать
黑龙江省	hei:long:jiang:sheng	n.	провинция Хэйлунцзян
市场份额	shi:chang:fen:e	n.	доля рынка
行李	xing:li	n.	багаж
提案	ti:an	n.	предложение
简洁	jian:jie	adj.	краткий
行走	xing:zou	v.	ходить
注释	zhu:shi	n.	примечание
供水	gong:shui	v.	подавать воду
街头	jie:tou	n.	улица
监	jian	v.	надзирать
听见	ting:jian	v.	услышать
几位	ji:wei	num.	несколько
老年人	lao:nian:ren	n.	пожилой человек
封装	feng:zhuang	v.	инкапсулировать
古典	gu:dian	adj.	классический
珍	zhen	adj.	драгоценный
分手	fen:shou	v.	расставаться
明亮	ming:liang	adj.	яркий
伏	fu	v.	лежать ничком
伏	fu	n.	вольт
送货	song:huo	v.	доставлять товары
终身	zhong:shen	n.	вся жизнь
绍	shao	v.	продолжать
领导人	ling:dao:ren	n.	лидер
爬	pa	v.	лезть
税率	shui:lv	n.	налоговая ставка
全套	quan:tao	n.	полный комплект
喜悦	xi:yue	n.	радость
抬头	tai:tou	v.	поднять голову
抬头	tai:tou	n.	шапка
丫	ya	n.	развилка
常务	chang:wu	n.	постоянные дела
炸	zha	v.	взрываться
炸	zha	v.	жарить во фритюре
职业道德	zhi:ye:dao:de	n.	профессиональная этика
国民	guo:min	n.	гражданин
免疫	mian:yi	n.	иммунитет
变焦	bian:jiao	v.	изменять масштаб
珠宝	zhu:bao	n.	драгоценности
外汇	wai:hui	n.	иностранная валюта
交友	jiao:you	v.	заводить друзей
行政处分	xing:zheng:chu:fen	n.	административное взыскание
三国	san:guo	n.	Троецарствие
壁	bi	n.	стена
涌	yong	v.	хлынуть
主观	zhu:guan	adj.	субъективный
头部	tou:bu	n.	голова
协调发展	xie:tiao:fa:zhan	n.	сбалансированное развитие
凶	xiong	adj.	свирепый
凶	xiong	adj.	зловещий
测绘	ce:hui	v.	снимать и картографировать
上学	shang:xue	v.	ходить в школу
郎	lang	n.	молодой человек
仿冒	fang:mao	v.	подделывать
教育活动	jiao:yu:huo:dong	n.	образовательная деятельность
本类	ben:lei	n.	эта категория
生产基地	sheng:chan:ji:di	n.	производственная база
做人	zuo:ren	v.	вести себя
相连	xiang:lian	v.	быть связанным
并进	bing:jin	v.	идти вперёд одновременно
额外	e:wai	adj.	дополнительный
额外	e:wai	adv.	дополнительно
青海	qing:hai	n.	Цинхай
宿	su	n.	привал
宿	su	v.	ночевать
宿	xiu	n.	созвездие
渗透	shen:tou	v.	проникать
器具	qi:ju	n.	прибор
列出	lie:chu	v.	перечислять
制成	zhi:cheng	v.	изготовлять
建筑工程	jian:zhu:gong:cheng	n.	строительный проект
右侧	you:ce	n.	правая сторона
套餐	tao:can	n.	комплексный обед
增幅	zeng:fu	n.	темп роста
入侵	ru:qin	v.	вторгаться
怨	yuan	v.	обвинять
财经	cai:jing	n.	финансы
嵌入式	qian:ru:shi	adj.	встраиваемый
紧密	jin:mi	adj.	тесный
最强	zui:qiang	adj.	сильнейший
土地使用权	tu:di:shi:yong:quan	n.	право пользования землей
具体要求	ju:ti:yao:qiu	n.	конкретное требование
里程	li:cheng	n.	пробег
愉快	yu:kuai	adj.	приятный
务必	wu:bi	adv.	обязательно
醉	zui	adj.	пьяный
元钱	yuan:qian	n.	юань
拼	pin	v.	собирать
普通话	pu:tong:hua	n.	путунхуа
头脑	tou:nao	n.	ум
双重	shuang:chong	adj.	двойной
淡淡的	dan:dan:de	adj.	едва заметный
首席	shou:xi	n.	первое место
迫	po	v.	принуждать
法治	fa:zhi	n.	верховенство закона
革	ge	n.	кожа
五六	wu:liu	num.	пять или шесть
瞧	qiao	v.	смотреть
即便	ji:bian	conj.	even if
扮演	ban:yan	v.	играть
大队	da:dui	n.	отряд
奥	ao	int.	ох
头像	tou:xiang	n.	аватар
第一款	di:yi:kuan	num.	первая модель
值班	zhi:ban	v.	быть на дежурстве
舆论	yu:lun	n.	общественное мнение
争论	zheng:lun	v.	спорить
坚定	jian:ding	adj.	твёрдый
范畴	fan:chou	n.	категория
小学生	xiao:xue:sheng	n.	младший школьник
精度	jing:du	n.	точность
旅游业	lv:you:ye	n.	индустрия туризма
出血	chu:xie	v.	кровоточить
出血	chu:xue	v.	кровоточить
输	shu	v.	проигрывать
乘坐	cheng:zuo	v.	ехать
整顿	zheng:dun	v.	оздоровлять
多普达	duo:pu:da	n.	Dopod
语气	yu:qi	n.	тон
莉	li	n.	жасмин
总投资	zong:tou:zi	n.	общие инвестиции
忠	zhong	adj.	верный
法制	fa:zhi	n.	правовая система
入选	ru:xuan	v.	быть отобранным
认真贯彻	ren:zhen:guan:che	v.	добросовестно проводить в жизнь
不适	bu:shi	adj.	плохо себя чувствующий
不适	bu:shi	n.	недомогание
热闹	re:nao	adj.	оживлённый
热闹	re:nao	n.	оживление
过去了	guo:qu:le	v.	прошло
中级人民法院	zhong:ji:ren:min:fa:yuan	n.	средний народный суд
财物	cai:wu	n.	имущество
道具	dao:ju	n.	реквизит
长沙市	chang:sha:shi	n.	Чанша
现实的	xian:shi:de	adj.	реалистичный
包裹	bao:guo	n.	посылка
最爱	zui:ai	n.	любимое
用量	yong:liang	n.	расход
盖章	gai:zhang	v.	ставить печать
房地产市场	fang:di:chan:shi:chang	n.	рынок недвижимости
王国	wang:guo	n.	королевство
连忙	lian:mang	adv.	поспешно
会议上	hui:yi:shang	n.	на заседании
佳	jia	adj.	хороший
教育培训	jiao:yu:pei:xun	n.	обучение и подготовка
医疗费	yi:liao:fei	n.	медицинские расходы
唱歌	chang:ge	v.	петь
呢	ne	part.	частица продолжения
字段	zi:duan	n.	поле
旅	lv	n.	поездка
款项	kuan:xiang	n.	сумма
二者	er:zhe	pron.	оба
时空	shi:kong	n.	пространство-время
夜间	ye:jian	n.	ночь
代理人	dai:li:ren	n.	агент
食品安全	shi:pin:an:quan	n.	безопасность пищевых продуктов
按照规定	an:zhao:gui:ding	prep.	согласно правилам
郑州市	zheng:zhou:shi	n.	Чжэнчжоу
招聘人数	zhao:pin:ren:shu	n.	число нанимаемых
按下	an:xia	v.	нажать
视线	shi:xian	n.	линия зрения
鸟	niao	n.	птица
羡慕	xian:mu	v.	завидовать
于此	yu:ci	prep.	здесь
是这样的	shi:zhe:yang:de	v.	быть таким
中等	zhong:deng	adj.	средний
销售收入	xiao:shou:shou:ru	n.	доход от продаж
骗	pian	v.	обманывать
爆炸	bao:zha	v.	взрываться
违法所得	wei:fa:suo:de	n.	незаконные доходы
浩	hao	adj.	обширный
纳米	na:mi	n.	нанометр
高素质	gao:su:zhi	adj.	высококачественный
管理条例	guan:li:tiao:li	n.	положение об управлении
伤口	shang:kou	n.	рана
光纤	guang:xian	n.	оптоволокно
鼻子	bi:zi	n.	нос
姿态	zi:tai	n.	поза
机上	ji:shang	n.	на борту
不管是	bu:guan:shi	conj.	неважно ли
淘汰	tao:tai	v.	отсеивать
连载	lian:zai	v.	публиковать с продолжением
塔	ta	n.	башня
正的	zheng:de	adj.	положительный
请注意	qing:zhu:yi	v.	обратите внимание
仅代表	jin:dai:biao	v.	представлять только
众多的	zhong:duo:de	adj.	многочисленный
产物	chan:wu	n.	продукт
但有	dan:you	conj.	но есть
胖	pang	adj.	толстый
万多	wan:duo	num.	более десяти тысяч
减小	jian:xiao	v.	уменьшать
绪	xu	n.	начало
所做	suo:zuo	v.	то, что сделано
在企业	zai:qi:ye	prep.	на предприятии
头痛	tou:tong	v.	головная боль
光临	guang:lin	v.	посетить (вежливо)
党支部	dang:zhi:bu	n.	партийная ячейка
毕业于	bi:ye:yu	v.	окончивший
弘扬	hong:yang	v.	развивать
好事	hao:shi	n.	доброе дело
并无	bing:wu	v.	совсем нет
适时	shi:shi	adj.	своевременный
无力	wu:li	adj.	бессильный
党中央	dang:zhong:yang	n.	ЦК партии
坚强	jian:qiang	adj.	стойкий
可以向	ke:yi:xiang	prep.	можно к
企业名录	qi:ye:ming:lu	n.	каталог предприятий
枫	feng	n.	клён
访问量	fang:wen:liang	n.	число посещений
国人	guo:ren	n.	соотечественники
人才培养	ren:cai:pei:yang	n.	подготовка кадров
如是	ru:shi	adv.	так
干脆	gan:cui	adj.	прямой
干脆	gan:cui	adv.	просто
相对于	xiang:dui:yu	prep.	по отношению к
平凡	ping:fan	adj.	обыкновенный
再来	zai:lai	v.	прийти снова
交易所	jiao:yi:suo	n.	биржа
时限	shi:xian	n.	срок
投稿	tou:gao	v.	отправить рукопись
拔	ba	v.	вытаскивать
推销	tui:xiao	v.	содействовать продаже
住房公积金	zhu:fang:gong:ji:jin	n.	жилищный фонд
市场需求	shi:chang:xu:qiu	n.	рыночный спрос
缓存	huan:cun	n.	кэш
缓存	huan:cun	v.	кешировать
短暂	duan:zan	adj.	кратковременный
安全管理	an:quan:guan:li	n.	управление безопасностью
溶液	rong:ye	n.	раствор
疫苗	yi:miao	n.	вакцина
欧阳	ou:yang	n.	Оуян
百万	bai:wan	num.	миллион
大国	da:guo	n.	великая держава
这些人	zhe:xie:ren	pron.	эти люди
最基本	zui:ji:ben	adj.	самый основной
海军	hai:jun	n.	военно-морской флот
家和	jia:he	n.	семейная гармония
心理学	xin:li:xue	n.	психология
舒服	shu:fu	adj.	удобный
赞	zan	v.	хвалить
赞	zan	v.	лайкнуть
保守	bao:shou	adj.	консервативный
改制	gai:zhi	v.	реорганизовать
糖尿病	tang:niao:bing	n.	диабет
爆发	bao:fa	v.	вспыхнуть
爆发	bao:fa	n.	вспышка
多久	duo:jiu	adv.	как долго
从不	cong:bu	adv.	никогда
电网	dian:wang	n.	энергосеть
烟台	yan:tai	n.	Яньтай
支援	zhi:yuan	v.	поддерживать
课文	ke:wen	n.	текст
炮	pao	n.	пушка
深深	shen:shen	adv.	глубоко
伸手	shen:shou	v.	протянуть руку
公证	gong:zheng	n.	нотариальное удостоверение
翅膀	chi:bang	n.	крыло
网络营销	wang:luo:ying:xiao	n.	интернет-маркетинг
傅	fu	n.	Фу
四种	si:zhong	num.	четыре вида
太阳能	tai:yang:neng	n.	солнечная энергия
基本情况	ji:ben:qing:kuang	n.	основное положение
不可以	bu:ke:yi	v.	нельзя
一族	yi:zu	n.	клан
清华	qing:hua	n.	Цинхуа
凯	kai	adj.	триумфальный
月初	yue:chu	n.	начало месяца
战场	zhan:chang	n.	поле боя
古城	gu:cheng	n.	древний город
小朋友	xiao:peng:you	n.	ребёнок
不已	bu:yi	adv.	беспрерывно
强力	qiang:li	adj.	мощный
大盘	da:pan	n.	общий рынок
保证金	bao:zheng:jin	n.	залог
广播电视	guang:bo:dian:shi	n.	радио и телевидение
金色	jin:se	n.	золотой
蝴蝶	hu:die	n.	бабочка
邪	xie	adj.	злой
不由	bu:you	adv.	невольно
芳	fang	n.	аромат
浑	hun	adj.	мутный
第二十条	di:er:shi:tiao	n.	статья 20
开采	kai:cai	v.	добывать
补丁	bu:ding	n.	заплатка
夺	duo	v.	отнимать
洗澡	xi:zao	v.	мыться
宽	kuan	adj.	широкий
文艺	wen:yi	n.	литература и искусство
论述	lun:shu	n.	изложение
座椅	zuo:yi	n.	сиденье
堆	dui	mw.	куча
堆	dui	v.	нагромождать
归还	gui:huan	v.	возвращать
队伍建设	dui:wu:jian:she	n.	формирование коллектива
下达	xia:da	v.	спускать
裂	lie	v.	трескаться
今晚	jin:wan	n.	сегодня вечером
网站建设	wang:zhan:jian:she	n.	создание сайта
总监	zong:jian	n.	директор
年产	nian:chan	n.	годовая добыча
现价	xian:jia	n.	текущая цена
十六	shi:liu	num.	шестнадцать
自助	zi:zhu	n.	самообслуживание
座谈会	zuo:tan:hui	n.	совещание
衡量	heng:liang	v.	оценивать
注册资金	zhu:ce:zi:jin	n.	уставный капитал
实事求是	shi:shi:qiu:shi	adj.	реалистичный
楼下	lou:xia	n.	внизу
筛选	shai:xuan	v.	отбирать
选取	xuan:qu	v.	выбирать
考点	kao:dian	n.	экзаменационный пункт
牙齿	ya:chi	n.	зуб
国防	guo:fang	n.	национальная оборона
模特	mo:te	n.	манекенщица
遭	zao	v.	подвергаться
持久	chi:jiu	adj.	длительный
亮度	liang:du	n.	яркость
大纲	da:gang	n.	конспект
赤	chi	adj.	красный
旋	xuan	v.	вращаться
中国经济	zhong:guo:jing:ji	n.	китайская экономика
太子	tai:zi	n.	наследный принц
天涯	tian:ya	n.	край света
重建	chong:jian	v.	восстанавливать
线索	xian:suo	n.	нить
专线	zhuan:xian	n.	выделенная линия
时常	shi:chang	adv.	часто
托管	tuo:guan	v.	доверять
滋味	zi:wei	n.	вкус
山上	shan:shang	n.	на горе
秋天	qiu:tian	n.	осень
超标	chao:biao	v.	превышать норму
一度	yi:du	adv.	одно время
大气	da:qi	n.	атмосфера
扭	niu	v.	скручивать
审定	shen:ding	v.	рассматривать и утверждать
理事会	li:shi:hui	n.	совет директоров
使用方法	shi:yong:fang:fa	n.	способ использования
积极参与	ji:ji:can:yu	v.	активно участвовать
地段	di:duan	n.	участок
念头	nian:tou	n.	мысль
厕所	ce:suo	n.	туалет
特效	te:xiao	n.	спецэффект
概论	gai:lun	n.	введение
村庄	cun:zhuang	n.	деревня
东南亚	dong:nan:ya	n.	Юго-Восточная Азия
政府部门	zheng:fu:bu:men	n.	правительственное ведомство
经济增长	jing:ji:zeng:zhang	n.	экономический рост
个人观点	ge:ren:guan:dian	n.	личное мнение
长久	chang:jiu	adj.	долговечный
监视	jian:shi	v.	следить
主要产品	zhu:yao:chan:pin	n.	основная продукция
设想	she:xiang	v.	представлять
洁	jie	adj.	чистый
静态	jing:tai	adj.	статичный
发行公司	fa:xing:gong:si	n.	издательская компания
浮	fu	v.	плавать
阳台	yang:tai	n.	балкон
抵押	di:ya	v.	закладывать
怀里	huai:li	n.	в груди
醒来	xing:lai	v.	просыпаться
生产能力	sheng:chan:neng:li	n.	производственная мощность
门窗	men:chuang	n.	двери и окна
套房	tao:fang	n.	люкс
悉	xi	adv.	всё
小子	xiao:zi	n.	парень
研究中心	yan:jiu:zhong:xin	n.	исследовательский центр
不算	bu:suan	v.	не считаться
债权人	zhai:quan:ren	n.	кредитор
相册	xiang:ce	n.	фотоальбом
车上	che:shang	n.	в машине
生产厂家	sheng:chan:chang:jia	n.	производитель
左侧	zuo:ce	n.	левая сторона
忽视	hu:shi	v.	игнорировать
焊接	han:jie	v.	сваривать
水源	shui:yuan	n.	источник воды
审判	shen:pan	n.	судебный процесс
擦	ca	v.	вытирать
洗净	xi:jing	v.	вымыть
话说	hua:shuo	v.	говорят
再生	zai:sheng	v.	восстанавливаться
新区	xin:qu	n.	новый район
聘用	pin:yong	v.	нанимать
毫秒	hao:miao	n.	миллисекунда
保健品	bao:jian:pin	n.	продукт для здоровья
本案	ben:an	n.	данное дело
口岸	kou:an	n.	порт
国际贸易	guo:ji:mao:yi	n.	международная торговля
规章制度	gui:zhang:zhi:du	n.	правила и положения
社会保障	she:hui:bao:zhang	n.	социальное обеспечение
收缩	shou:suo	v.	сокращаться
批判	pi:pan	v.	критиковать
研究员	yan:jiu:yuan	n.	научный сотрудник
相关专业	xiang:guan:zhuan:ye	n.	смежная специальность
选定	xuan:ding	v.	выбрать
重要组成	zhong:yao:zu:cheng	n.	важная составная часть
服从	fu:cong	v.	подчиняться
汉族	han:zu	n.	национальность хань
通风	tong:feng	v.	проветривать
出手	chu:shou	v.	вступить в действие
相片	xiang:pian	n.	фотография
慧	hui	adj.	умный
少于	shao:yu	prep.	менее
重要作用	zhong:yao:zuo:yong	n.	важная роль
缓缓	huan:huan	adv.	медленно
分行	fen:hang	n.	филиал банка
新颖	xin:ying	adj.	новаторский
不幸	bu:xing	adj.	несчастный
测评	ce:ping	v.	оценивать
后续	hou:xu	n.	последующие меры
描写	miao:xie	v.	описывать
美食	mei:shi	n.	деликатесы
一顿	yi:dun	mw.	раз (приём пищи)
销售人员	xiao:shou:ren:yuan	n.	торговый персонал
丽江	li:jiang	n.	Лицзян
本地区	ben:di:qu	n.	данный регион
水准	shui:zhun	n.	уровень
物料	wu:liao	n.	материалы
挪用	nuo:yong	v.	растрачивать
多样化	duo:yang:hua	v.	делать разнообразным
多样化	duo:yang:hua	n.	разнообразие
开创	kai:chuang	v.	заложить
各界	ge:jie	n.	все круги
现代化建设	xian:dai:hua:jian:she	n.	модернизация
阴影	yin:ying	n.	тень
而后	er:hou	conj.	затем
信息发布	xin:xi:fa:bu	n.	публикация информации
搜狐	sou:hu	n.	Sohu
体制改革	ti:zhi:gai:ge	n.	реформа системы
中医药	zhong:yi:yao	n.	китайская медицина
矿山	kuang:shan	n.	шахта
现代化的	xian:dai:hua:de	adj.	современный
风雨	feng:yu	n.	ветер и дождь
职业资格	zhi:ye:zi:ge	n.	профессиональная квалификация
广告位	guang:gao:wei	n.	рекламное место
得不到	de:bu:dao	v.	не мочь получить
五十	wu:shi	num.	пятьдесят
卓越	zhuo:yue	adj.	выдающийся
请教	qing:jiao	v.	спрашивать совета
会议室	hui:yi:shi	n.	зал заседаний
典	dian	n.	канонический текст
执政	zhi:zheng	v.	стоять у власти
赏	shang	v.	награждать
口语	kou:yu	n.	разговорный язык
年末	nian:mo	n.	конец года
简化	jian:hua	v.	упрощать
出让	chu:rang	v.	уступать
伊朗	yi:lang	n.	Иран
领导班子	ling:dao:ban:zi	n.	руководство
门槛	men:kan	n.	порог
必要时	bi:yao:shi	adv.	при необходимости
就此	jiu:ci	adv.	на этом
蒙古	meng:gu	n.	Монголия
匆	cong	adj.	поспешный
现任	xian:ren	adj.	нынешний
订立	ding:li	v.	заключать
饭贴	fan:tie	n.	надбавка на питание
音箱	yin:xiang	n.	громкоговоритель
评	ping	v.	оценивать
发展中	fa:zhan:zhong	adj.	развивающийся
充电	chong:dian	v.	заряжать
一门	yi:men	num.	один
界定	jie:ding	v.	определять
界定	jie:ding	n.	определение
车队	che:dui	n.	автоколонна
车队	che:dui	n.	автопарк
红军	hong:jun	n.	Красная армия
纵	zong	conj.	даже если
纵	zong	adj.	вертикальный
宝马	bao:ma	n.	БМВ
宝马	bao:ma	n.	прекрасный конь
精确	jing:que	adj.	точный
在下	zai:xia	pron.	я (скромное)
兴起	xing:qi	v.	подниматься
兴起	xing:qi	n.	подъём
跨国公司	kua:guo:gong:si	n.	транснациональная компания
莲	lian	n.	лотос
雾	wu	n.	туман
杜绝	du:jue	v.	пресекать
道路交通	dao:lu:jiao:tong	n.	дорожное движение
爱人	ai:ren	n.	супруг(а)
爱人	ai:ren	n.	возлюбленный
审理	shen:li	v.	разбирать (дело)
经济社会	jing:ji:she:hui	n.	экономика и общество
起草	qi:cao	v.	составлять (проект)
所学	suo:xue	n.	выученное
领袖	ling:xiu	n.	лидер
乌	wu	adj.	чёрный
乌	wu	n.	ворон
暗示	an:shi	v.	намекать
暗示	an:shi	n.	намёк
总则	zong:ze	n.	общие положения
移动电话	yi:dong:dian:hua	n.	мобильный телефон
我爱你	wo:ai:ni	v.	я люблю тебя
跃	yue	v.	прыгать
座位	zuo:wei	n.	место
讨厌	tao:yan	v.	не любить
讨厌	tao:yan	adj.	надоедливый
壮	zhuang	adj.	крепкий
旗下	qi:xia	n.	под флагом
省内	sheng:nei	n.	внутри провинции
火焰	huo:yan	n.	пламя
公约	gong:yue	n.	конвенция
走上	zou:shang	v.	вступить на
贴	tie	v.	клеить
贴	tie	v.	субсидировать
拍照	pai:zhao	n.	фотографирование
返还	fan:huan	v.	возвращать
酱油	jiang:you	n.	соевый соус
误区	wu:qu	n.	заблуждение
截至	jie:zhi	prep.	по (определённую дату)
丰	feng	adj.	обильный
隔	ge	v.	отделять
隔	ge	prep.	через
看似	kan:si	v.	казаться
他自己	ta:zi:ji	pron.	он сам
针对性	zhen:dui:xing	n.	целенаправленность
万元以下	wan:yuan:yi:xia	n.	менее 10 000 юаней
健	jian	adj.	здоровый
仲裁	zhong:cai	n.	арбитраж
修炼	xiu:lian	v.	совершенствоваться
提供者	ti:gong:zhe	n.	поставщик
票据	piao:ju	n.	вексель
辛	xin	adj.	тяжёлый
全都	quan:dou	adv.	всё
新一代	xin:yi:dai	n.	новое поколение
地狱	di:yu	n.	ад
第一天	di:yi:tian	n.	первый день
徐州	xu:zhou	n.	Сюйчжоу
一九	yi:jiu	num.	19
心得	xin:de	n.	наиболее ценные мысли
接管	jie:guan	v.	принимать на себя
服务员	fu:wu:yuan	n.	официант
交叉	jiao:cha	v.	пересекать
抵	di	v.	сопротивляться
竹	zhu	n.	бамбук
彻	che	adj.	полный
角落	jiao:luo	n.	угол
科学研究	ke:xue:yan:jiu	n.	научное исследование
离去	li:qu	v.	уходить
引领	yin:ling	v.	вести
摩	mo	v.	тереть
轰	hong	onom.	грохот
情报	qing:bao	n.	сведения
第七章	di:qi:zhang	n.	седьмая глава
最少	zui:shao	adv.	по крайней мере
不好意思	bu:hao:yi:si	adj.	неловко
仓储	cang:chu	n.	складирование
培训中心	pei:xun:zhong:xin	n.	учебный центр
有害	you:hai	adj.	вредный
做爱	zuo:ai	v.	заниматься любовью
适度	shi:du	adj.	умеренный
曝光	bao:guang	v.	экспонировать
发达	fa:da	adj.	развитый
常识	chang:shi	n.	здравый смысл
考场	kao:chang	n.	экзаменационный зал
胸部	xiong:bu	n.	грудь
科室	ke:shi	n.	отдел
编	bian	v.	плести
肚	du	n.	живот
出自	chu:zi	v.	исходить
繁殖	fan:zhi	v.	размножаться
用电	yong:dian	n.	потребление электроэнергии
这个人	zhe:ge:ren	pron.	этот человек
插	cha	v.	вставлять
启发	qi:fa	v.	вдохновлять
这话	zhe:hua	pron.	эти слова
磨	mo	v.	молоть
话语	hua:yu	n.	речь
四级	si:ji	n.	четвёртый уровень
护照	hu:zhao	n.	паспорт
奖学金	jiang:xue:jin	n.	стипендия
技术服务	ji:shu:fu:wu	n.	техническое обслуживание
名叫	ming:jiao	v.	называться
去除	qu:chu	v.	устранять
史上	shi:shang	n.	в истории
门前	men:qian	n.	перед дверью
共同所有	gong:tong:suo:you	n.	совместная собственность
困扰	kun:rao	v.	мучить
日历	ri:li	n.	календарь
失踪	shi:zong	v.	пропасть без вести
解读	jie:du	v.	интерпретировать
建设用地	jian:she:yong:di	n.	земля под застройку
上方	shang:fang	n.	сверху
行政管理部门	xing:zheng:guan:li:bu:men	n.	административный орган
核桃	he:tao	n.	грецкий орех
人身	ren:shen	n.	личность
可靠的	ke:kao:de	adj.	надёжный
出示	chu:shi	v.	предъявлять
国民党	guo:min:dang	n.	Гоминьдан
曹操	cao:cao	n.	Цао Цао
现行	xian:xing	adj.	действующий
派出	pai:chu	v.	отправлять
殴打	ou:da	v.	избивать
哎	ai	int.	ах
友好	you:hao	adj.	дружественный
疫情	yi:qing	n.	эпидемиологическая обстановка
第二十一条	di:er:shi:yi:tiao	n.	статья 21
高原	gao:yuan	n.	плоскогорье
御	yu	v.	управлять
供货	gong:huo	v.	поставлять
与时俱进	yu:shi:ju:jin	v.	идти в ногу со временем
锅炉	guo:lu	n.	котёл
生死	sheng:si	n.	жизнь и смерть
监狱	jian:yu	n.	тюрьма
填报	tian:bao	v.	заполнять и подавать
卧室	wo:shi	n.	спальня
辞职	ci:zhi	v.	уволиться
路面	lu:mian	n.	дорожное покрытие
我司	wo:si	n.	наша компания
业务员	ye:wu:yuan	n.	торговый агент
建设单位	jian:she:dan:wei	n.	организация-застройщик
域内	yu:nei	n.	в пределах домена
转入	zhuan:ru	v.	перевести в
无疑是	wu:yi:shi	adv.	безусловно
著作权	zhu:zuo:quan	n.	авторское право
中毒	zhong:du	v.	отравление
近几年	jin:ji:nian	n.	последние годы
耐	nai	v.	выдерживать
惧	ju	v.	бояться
真心	zhen:xin	adj.	искренний
真心	zhen:xin	n.	искренность
科技成果	ke:ji:cheng:guo	n.	научно-техническое достижение
氏	shi	n.	фамилия
通知书	tong:zhi:shu	n.	уведомление
人民检察院	ren:min:jian:cha:yuan	n.	народная прокуратура
向往	xiang:wang	v.	стремиться
高出	gao:chu	v.	превышать
辉	hui	n.	блеск
语种	yu:zhong	n.	язык
四处	si:chu	adv.	повсюду
扶	fu	v.	поддерживать
温和	wen:he	adj.	мягкий
网易	wang:yi	n.	NetEase
基础知识	ji:chu:zhi:shi	n.	базовые знания
创造性	chuang:zao:xing	n.	творческие способности
创造性	chuang:zao:xing	adj.	творческий
恢	hui	adj.	обширный
口腔	kou:qiang	n.	полость рта
困惑	kun:huo	adj.	растерянный
困惑	kun:huo	n.	замешательство
中国政府	zhong:guo:zheng:fu	n.	китайское правительство
滚动	gun:dong	v.	прокручивать
滚动	gun:dong	v.	катиться
貌	mao	n.	внешность
无不	wu:bu	adv.	без исключения
顺便	shun:bian	adv.	заодно
路过	lu:guo	v.	проходить мимо
额	e	n.	лоб
额	e	n.	сумма
述	shu	v.	излагать
总共	zong:gong	adv.	всего
陈述	chen:shu	v.	излагать
陈述	chen:shu	n.	изложение
鉴于	jian:yu	prep.	учитывая
票	piao	n.	билет
票	piao	n.	голос
联网	lian:wang	v.	подключаться к сети
财政部门	cai:zheng:bu:men	n.	финансовое ведомство
笔记	bi:ji	n.	записи
急须	ji:xu	v.	срочно нуждаться
发扬	fa:yang	v.	развивать
沈阳市	shen:yang:shi	n.	Шэньян
录制	lu:zhi	v.	записывать
录	lu	v.	записывать
开门	kai:men	v.	открывать
自主创新	zi:zhu:chuang:xin	n.	самостоятельная инновация
化妆	hua:zhuang	v.	краситься
学到	xue:dao	v.	учиться
失业	shi:ye	v.	потерять работу
支付宝	zhi:fu:bao	n.	Alipay
陷阱	xian:jing	n.	ловушка
杀死	sha:si	v.	убить
墙上	qiang:shang	n.	на стене
饮用水	yin:yong:shui	n.	питьевая вода
南部	nan:bu	n.	юг
发展战略	fa:zhan:zhan:lve	n.	стратегия развития
代表团	dai:biao:tuan	n.	делегация
卡号	ka:hao	n.	номер карты
男士	nan:shi	n.	джентльмен
特种	te:zhong	adj.	специальный
被迫	bei:po	v.	быть вынужденным
多样	duo:yang	adj.	разнообразный
陌生	mo:sheng	adj.	незнакомый
膀	bang	n.	крыло
较小	jiao:xiao	adj.	относительно небольшой
央行	yang:hang	n.	центральный банк
经营活动	jing:ying:huo:dong	n.	предпринимательская деятельность
余额	yu:e	n.	остаток
第二十二条	di:er:shi:er:tiao	n.	статья 22
白云	bai:yun	n.	белое облако
一楼	yi:lou	n.	первый этаж
精密	jing:mi	adj.	точный
不安	bu:an	adj.	тревожный
言语	yan:yu	n.	речь
投保	tou:bao	v.	оформить страховку
差点	cha:dian	adv.	чуть было не
器件	qi:jian	n.	устройство
长远	chang:yuan	adj.	долгосрочный
顶部	ding:bu	n.	верхняя часть
本报记者	ben:bao:ji:zhe	n.	корреспондент нашей газеты
转发	zhuan:fa	v.	переслать
页数	ye:shu	n.	число страниц
镜像	jing:xiang	n.	зеркальное отражение
阐述	chan:shu	v.	излагать
房租	fang:zu	n.	квартплата
乐观	le:guan	adj.	оптимистичный
驱动程序	qu:dong:cheng:xu	n.	драйвер
易于	yi:yu	v.	легко поддаваться
外来	wai:lai	adj.	внешний
直属	zhi:shu	adj.	непосредственно подчинённый
梦幻	meng:huan	adj.	сказочный
分会	fen:hui	n.	отделение
校区	xiao:qu	n.	кампус
各级政府	ge:ji:zheng:fu	n.	правительства всех уровней
预约	yu:yue	v.	записаться
鹰	ying	n.	орёл
副教授	fu:jiao:shou	n.	доцент
实惠	shi:hui	adj.	выгодный
通行	tong:xing	v.	проезжать
督察	du:cha	n.	инспектор
法则	fa:ze	n.	закон
共享软件	gong:xiang:ruan:jian	n.	условно-бесплатная программа
撸	lu	v.	шлёпать
孟	meng	n.	Мэн (фамилия)
沙漠	sha:mo	n.	пустыня
送货上门	song:huo:shang:men	v.	доставка на дом
北京时间	bei:jing:shi:jian	n.	пекинское время
老鼠	lao:shu	n.	мышь
变换	bian:huan	v.	изменять
品尝	pin:chang	v.	дегустировать
惩罚	cheng:fa	v.	наказывать
发帖数	fa:tie:shu	n.	количество сообщений
入门	ru:men	v.	вступить
干预	gan:yu	v.	вмешиваться
三亚	san:ya	n.	Санья
功勋	gong:xun	n.	заслуга
拆除	chai:chu	v.	сносить
职场	zhi:chang	n.	рабочее место
零售价	ling:shou:jia	n.	розничная цена
脚下	jiao:xia	n.	под ногами
书画	shu:hua	n.	каллиграфия и живопись
九月	jiu:yue	n.	сентябрь
门诊	men:zhen	n.	амбулаторное приём
停车场	ting:che:chang	n.	парковка
递	di	v.	передавать
正当	zheng:dang	adj.	законный
一百	yi:bai	num.	сто
深入开展	shen:ru:kai:zhan	v.	углублённо разворачивать
指挥官	zhi:hui:guan	n.	командир
叙述	xu:shu	v.	повествовать
共识	gong:shi	n.	консенсус
清新	qing:xin	adj.	свежий
发电	fa:dian	v.	вырабатывать электроэнергию
默默	mo:mo	adv.	молча
侮辱	wu:ru	v.	оскорблять
务实	wu:shi	adj.	прагматичный
兼并	jian:bing	v.	поглощать
不停	bu:ting	adv.	непрерывно
乐器	yue:qi	n.	музыкальный инструмент
参见	can:jian	v.	смотри (ссылка)
平方	ping:fang	n.	квадрат
说说	shuo:shuo	v.	поговорить
瑞	rui	adj.	счастливый
本日	ben:ri	n.	сегодня
阴阳	yin:yang	n.	инь и ян
门外	men:wai	n.	за дверью
关系到	guan:xi:dao	v.	касаться
本章	ben:zhang	n.	эта глава
文件名	wen:jian:ming	n.	имя файла
唇	chun	n.	губа
震动	zhen:dong	v.	вибрировать
震动	zhen:dong	n.	потрясение
同等	tong:deng	adj.	равный
领导者	ling:dao:zhe	n.	лидер
原先	yuan:xian	adv.	первоначально
每当	mei:dang	conj.	каждый раз когда
与否	yu:fou	conj.	или нет
开机	kai:ji	v.	включать
人际关系	ren:ji:guan:xi	n.	межличностные отношения
暂	zan	adv.	временно
货	huo	n.	товар
隧道	sui:dao	n.	туннель
动感	dong:gan	n.	чувство движения
琴	qin	n.	струнный инструмент
监察	jian:cha	v.	надзирать
留意	liu:yi	v.	обращать внимание
伴侣	ban:lv	n.	спутник
固定的	gu:ding:de	adj.	фиксированный
专业知识	zhuan:ye:zhi:shi	n.	профессиональные знания
代谢	dai:xie	n.	метаболизм
瀑布	pu:bu	n.	водопад
破产	po:chan	v.	обанкротиться
如实	ru:shi	adv.	достоверно
燃油	ran:you	n.	топливо
踪	zong	n.	след
白酒	bai:jiu	n.	байцзю
码	ma	n.	код
供应链	gong:ying:lian	n.	цепочка поставок
谈谈	tan:tan	v.	поговорить
政协	zheng:xie	n.	Политконсультативный совет
有利	you:li	adj.	выгодный
灾难	zai:nan	n.	бедствие
携手	xie:shou	v.	взяться за руки
高贵	gao:gui	adj.	благородный
慰	wei	v.	утешать
白领	bai:ling	n.	белый воротничок
营运	ying:yun	v.	эксплуатировать
蛇	she	n.	змея
艺人	yi:ren	n.	артист
专业技术人员	zhuan:ye:ji:shu:ren:yuan	n.	технический специалист
不便	bu:bian	adj.	неудобный
客服电话	ke:fu:dian:hua	n.	телефон службы поддержки
隐私	yin:si	n.	личная тайна
对外开放	dui:wai:kai:fang	v.	открытость внешнему миру
一号	yi:hao	n.	номер один
影音	ying:yin	n.	аудио и видео
货到付款	huo:dao:fu:kuan	n.	оплата при получении
玲	ling	n.	Лин
晕	yun	v.	падать в обморок
晕	yun	adj.	головокружительный
副市长	fu:shi:zhang	n.	заместитель мэра
损	sun	v.	повреждать
损	sun	adj.	ядовитый
中部	zhong:bu	n.	центральная часть
吖	a	int.	ах
吖	ya	part.	конечная частица
急需	ji:xu	v.	остро нуждаться
下一批	xia:yi:pi	n.	следующая партия
晚餐	wan:can	n.	ужин
邻居	lin:ju	n.	сосед
轩	xuan	n.	беседка
粗	cu	adj.	толстый
粗	cu	adj.	грубый
更新日期	geng:xin:ri:qi	n.	дата обновления
掩	yan	v.	покрывать
掩	yan	v.	скрывать
屁	pi	n.	пердёж
十月	shi:yue	n.	октябрь
体质	ti:zhi	n.	конституция
外壳	wai:ke	n.	оболочка
悠	you	adj.	неторопливый
悠	you	v.	качать
此文	ci:wen	n.	этот текст
步入	bu:ru	v.	вступать в
机体	ji:ti	n.	фюзеляж
机体	ji:ti	n.	организм
卡片	ka:pian	n.	карта
养护	yang:hu	v.	обслуживать
仰	yang	v.	взирать
凝聚	ning:ju	v.	конденсироваться
凝聚	ning:ju	v.	сплачивать
科技创新	ke:ji:chuang:xin	n.	научно-техническая инновация
威力	wei:li	n.	мощь
人民共和国	ren:min:gong:he:guo	n.	народная республика
鸳鸯	yuan:yang	n.	мандаринка
摄像机	she:xiang:ji	n.	видеокамера
心理健康	xin:li:jian:kang	n.	психическое здоровье
地方人民政府	di:fang:ren:min:zheng:fu	n.	местное народное правительство
企图	qi:tu	v.	пытаться
企图	qi:tu	n.	попытка
内核	nei:he	n.	ядро
丝毫	si:hao	n.	нисколько
丝毫	si:hao	adv.	нимало
栽培	zai:pei	v.	возделывать
栽培	zai:pei	v.	выращивать
拼命	pin:ming	v.	рисковать жизнью
拼命	pin:ming	adv.	отчаянно
新回复	xin:hui:fu	n.	новый ответ
奔驰	ben:chi	n.	Мерседес
奔驰	ben:chi	v.	скакать
教职工	jiao:zhi:gong	n.	педагогический состав
真空	zhen:kong	n.	вакуум
有兴趣	you:xing:qu	v.	интересоваться
天线	tian:xian	n.	антенна
零	ling	num.	ноль
绘制	hui:zhi	v.	чертить
中方	zhong:fang	n.	китайская сторона
线上	xian:shang	adv.	онлайн
至此	zhi:ci	adv.	до этого места
村里	cun:li	n.	в деревне
更多信息	geng:duo:xin:xi	n.	больше информации
不及	bu:ji	v.	не достигать
灵感	ling:gan	n.	вдохновение
大方	da:fang	adj.	щедрый
大方	da:fang	adj.	естественный
古人	gu:ren	n.	древние люди
两边	liang:bian	n.	обе стороны
卖出	mai:chu	v.	продавать
牌子	pai:zi	n.	бренд
盟	meng	n.	союз
途	tu	n.	путь
置于	zhi:yu	v.	помещать
滋润	zi:run	v.	увлажнять
滋润	zi:run	adj.	сытный
沿海	yan:hai	n.	побережье
沿海	yan:hai	adj.	прибрежный
海水	hai:shui	n.	морская вода
贼	zei	n.	вор
有机会	you:ji:hui	v.	иметь возможность
下载速度	xia:zai:su:du	n.	скорость загрузки
家产	jia:chan	n.	семейное имущество
视角	shi:jiao	n.	ракурс
具体情况	ju:ti:qing:kuang	n.	конкретная ситуация
发证	fa:zheng	v.	выдавать удостоверения
开支	kai:zhi	n.	расходы
品味	pin:wei	n.	вкус
品味	pin:wei	v.	наслаждаться
共产党	gong:chan:dang	n.	коммунистическая партия
户名	hu:ming	n.	имя владельца счёта
洪	hong	n.	наводнение
清晨	qing:chen	n.	раннее утро
有关单位	you:guan:dan:wei	n.	соответствующие организации
机组	ji:zu	n.	экипаж
离不开	li:bu:kai	v.	неотделим от
长期以来	chang:qi:yi:lai	adv.	долгое время
政权	zheng:quan	n.	политическая власть
悟	wu	v.	постичь
图文	tu:wen	n.	иллюстрации и текст
感激	gan:ji	v.	быть благодарным
服务质量	fu:wu:zhi:liang	n.	качество обслуживания
思想政治	si:xiang:zheng:zhi	n.	идеология и политика
挫折	cuo:zhe	n.	неудача
挫折	cuo:zhe	v.	расстраиваться
发了	fa:le	v.	отправить
发了	fa:le	v.	разбогатеть
定时	ding:shi	adv.	регулярно
定时	ding:shi	adj.	таймерный
不止	bu:zhi	adv.	более чем
不止	bu:zhi	v.	не останавливаться
亲人	qin:ren	n.	родной
关节	guan:jie	n.	сустав
关节	guan:jie	n.	ключевой момент
癌症	ai:zheng	n.	рак
蓝牙	lan:ya	n.	Bluetooth
导弹	dao:dan	n.	ракета
市场竞争	shi:chang:jing:zheng	n.	рыночная конкуренция
各种各样	ge:zhong:ge:yang	adj.	всяческий
地理位置	di:li:wei:zhi	n.	географическое положение
主要原因	zhu:yao:yuan:yin	n.	основная причина
向下	xiang:xia	adv.	вниз
固	gu	adj.	твёрдый
固	gu	adv.	твёрдо
固	gu	adv.	конечно
人选	ren:xuan	n.	кандидат
占地面积	zhan:di:mian:ji	n.	занимаемая площадь
十几	shi:ji	num.	от тринадцати до девятнадцати
窗外	chuang:wai	n.	за окном
风味	feng:wei	n.	вкус
进一步提高	jin:yi:bu:ti:gao	v.	ещё больше повысить
新城	xin:cheng	n.	новый город
天上	tian:shang	n.	небо
高级会员	gao:ji:hui:yuan	n.	премиум-участник
清醒	qing:xing	adj.	ясный
清醒	qing:xing	v.	приходить в себя
重要内容	zhong:yao:nei:rong	n.	важное содержание
往返	wang:fan	v.	ездить туда и обратно
往返	wang:fan	n.	поездка туда и обратно
原则上	yuan:ze:shang	adv.	в принципе
青团	qing:tuan	n.	цинтюань
近年	jin:nian	n.	последние годы
三维	san:wei	n.	три измерения
开出	kai:chu	v.	расцвести
开出	kai:chu	v.	открыть
商量	shang:liang	v.	обсуждать
讶	ya	adj.	удивлённый
学时	xue:shi	n.	академический час
污染物	wu:ran:wu	n.	загрязняющее вещество
捕捉	bu:zhuo	v.	ловить
捕捉	bu:zhuo	v.	уловить
思想道德	si:xiang:dao:de	n.	идеология и мораль
整天	zheng:tian	adv.	целый день
使者	shi:zhe	n.	посланник
标明	biao:ming	v.	обозначать
冬	dong	n.	зима
说起	shuo:qi	v.	упоминать
滑	hua	v.	скользить
抢救	qiang:jiu	v.	спасать
抢救	qiang:jiu	v.	оживлять
男朋友	nan:peng:you	n.	парень
治安	zhi:an	n.	общественный порядок
有趣	you:qu	adj.	интересный
拓宽	tuo:kuan	v.	расширять
日出	ri:chu	n.	восход
细分	xi:fen	v.	подразделять
批发市场	pi:fa:shi:chang	n.	оптовый рынок
酒精	jiu:jing	n.	спирт
甜	tian	adj.	сладкий
剩下的	sheng:xia:de	adj.	оставшийся
关心的	guan:xin:de	adj.	заинтересованный
慢慢地	man:man:de	adv.	медленно
氧化	yang:hua	v.	окислять
哪怕	na:pa	conj.	даже если
流域	liu:yu	n.	бассейн реки
化解	hua:jie	v.	разрешать
过大	guo:da	adj.	чрезмерный
举措	ju:cuo	n.	мера
郁	yu	adj.	мрачный
形容	xing:rong	v.	описывать
松下	song:xia	n.	Panasonic
专人	zhuan:ren	n.	специально назначенный человек
期限内	qi:xian:nei	n.	в пределах срока
五月	wu:yue	n.	май
响起	xiang:qi	v.	раздаваться
穿越	chuan:yue	v.	пересекать
琳	lin	n.	прекрасный нефрит
租用	zu:yong	v.	арендовать
辆	liang	mw.	(счётное слово для машин)
山庄	shan:zhuang	n.	горная вилла
漫长	man:chang	adj.	очень долгий
支持下	zhi:chi:xia	n.	при поддержке
外国人	wai:guo:ren	n.	иностранец
赛车	sai:che	n.	гоночный автомобиль
信赖	xin:lai	v.	доверять
乃	nai	adv.	а именно
有必要	you:bi:yao	adj.	необходимо
摘自	zhai:zi	v.	цитируется из
赌博	du:bo	v.	азартные игры
椅子	yi:zi	n.	стул
猪	zhu	n.	свинья
近代	jin:dai	n.	новое время
推荐的	tui:jian:de	adj.	рекомендованный
手臂	shou:bi	n.	рука
电商	dian:shang	n.	электронная коммерция
一点点	yi:dian:dian	adv.	немножко
疗法	liao:fa	n.	терапия
宁波市	ning:bo:shi	n.	Нинбо
拥抱	yong:bao	v.	обнимать
邓小平	deng:xiao:ping	n.	Дэн Сяопин
暖	nuan	adj.	тёплый
挣	zheng	v.	зарабатывать
走路	zou:lu	v.	ходить
新帖	xin:tie	n.	новая запись
准备工作	zhun:bei:gong:zuo	n.	подготовка
有限的	you:xian:de	adj.	ограниченный
定向	ding:xiang	v.	ориентировать
这是因为	zhe:shi:yin:wei	conj.	это потому что
一大批	yi:da:pi	num.	большая партия
奖项	jiang:xiang	n.	премия
边界	bian:jie	n.	граница
可以选择	ke:yi:xuan:ze	v.	можно выбрать
产品规格	chan:pin:gui:ge	n.	характеристики продукта
下方	xia:fang	n.	нижняя часть
加剧	jia:ju	v.	обострять
通讯地址	tong:xun:di:zhi	n.	адрес
期间的	qi:jian:de	adj.	промежуточный
社会团体	she:hui:tuan:ti	n.	общественная организация
球场	qiu:chang	n.	спортивная площадка
西安市	xi:an:shi	n.	Сиань
元旦	yuan:dan	n.	Новый год
副所长	fu:suo:zhang	n.	заместитель директора
所长	suo:zhang	n.	директор
男友	nan:you	n.	парень
立项	li:xiang	v.	утвердить проект
人心	ren:xin	n.	настроения людей
免费下载	mian:fei:xia:zai	v.	бесплатная загрузка
质地	zhi:di	n.	фактура
印章	yin:zhang	n.	печать
清水	qing:shui	n.	чистая вода
米饭	mi:fan	n.	варёный рис
车次	che:ci	n.	номер поезда
第二十三条	di:er:shi:san:tiao	num.	статья 23
推翻	tui:fan	v.	свергать
成功地	cheng:gong:de	adv.	успешно
总理	zong:li	n.	премьер-министр
深深的	shen:shen:de	adj.	глубокий
旦	dan	n.	рассвет
信托	xin:tuo	n.	траст
估	gu	v.	оценивать
比起	bi:qi	prep.	по сравнению с
本专业	ben:zhuan:ye	n.	данная специальность
坦	tan	adj.	прямой
年月日	nian:yue:ri	n.	дата
薪水	xin:shui	n.	зарплата
通话	tong:hua	n.	разговор
碰撞	peng:zhuang	v.	сталкиваться
从来没有	cong:lai:mei:you	adv.	никогда
须知	xu:zhi	n.	памятка
灰色	hui:se	n.	серый
中国市场	zhong:guo:shi:chang	n.	китайский рынок
替换	ti:huan	v.	заменить
宽容	kuan:rong	adj.	терпимый
恶心	e:xin	v.	испытывать тошноту
恶心	e:xin	adj.	отвратительный
核对	he:dui	v.	сверять
其间	qi:jian	n.	тем временем
第一名	di:yi:ming	n.	первое место
噪音	zao:yin	n.	шум
肩膀	jian:bang	n.	плечо
树木	shu:mu	n.	дерево
机床	ji:chuang	n.	станок
酸奶	suan:nai	n.	йогурт
流失	liu:shi	v.	утекать
甘	gan	adj.	сладкий
瓶颈	ping:jing	n.	узкое место
基础设施建设	ji:chu:she:shi:jian:she	n.	строительство инфраструктуры
阀门	fa:men	n.	клапан
否认	fou:ren	v.	отрицать
乌鲁木齐	wu:lu:mu:qi	n.	Урумчи
水电	shui:dian	n.	гидроэлектроэнергия
水电	shui:dian	n.	вода и электричество
实施细则	shi:shi:xi:ze	n.	правила внедрения
高性能	gao:xing:neng	adj.	высокопроизводительный
下滑	xia:hua	v.	скользить вниз
高山	gao:shan	n.	высокая гора
佩	pei	v.	носить
佩	pei	v.	восхищаться
劳务	lao:wu	n.	труд
启示	qi:shi	n.	откровение
启示	qi:shi	n.	урок
基金会	ji:jin:hui	n.	фонд
微生物	wei:sheng:wu	n.	микроорганизм
精通	jing:tong	v.	в совершенстве знать
会展	hui:zhan	n.	выставка
莱	lai	n.	лебеда
半导体	ban:dao:ti	n.	полупроводник
副部长	fu:bu:zhang	n.	заместитель министра
不明	bu:ming	adj.	неясный
法学院	fa:xue:yuan	n.	юридический факультет
发表者	fa:biao:zhe	n.	издатель
企业发展	qi:ye:fa:zhan	n.	развитие предприятия
香味	xiang:wei	n.	аромат
没办法	mei:ban:fa	v.	не иметь возможности
享	xiang	v.	наслаждаться
演奏	yan:zou	v.	исполнять
争夺	zheng:duo	v.	бороться за
吼	hou	v.	рычать
吼	hou	n.	рык
批量	pi:liang	n.	партия
构	gou	v.	конструировать
娃娃	wa:wa	n.	кукла
现货	xian:huo	n.	товар в наличии
秋季	qiu:ji	n.	осень
所得税	suo:de:shui	n.	подоходный налог
电子政务	dian:zi:zheng:wu	n.	электронное правительство
前所未有	qian:suo:wei:you	adj.	беспрецедентный
绝望	jue:wang	n.	отчаяние
绝望	jue:wang	v.	отчаиваться
共青团	gong:qing:tuan	n.	комсомол
央视	yang:shi	n.	Центральное телевидение Китая
不该	bu:gai	v.	не должно
这边	zhe:bian	pron.	здесь
禁用	jin:yong	v.	запрещать
旋律	xuan:lv	n.	мелодия
联合会	lian:he:hui	n.	федерация
很是	hen:shi	adv.	очень
付费	fu:fei	v.	платить
助手	zhu:shou	n.	помощник
寒冷	han:leng	adj.	холодный
修养	xiu:yang	n.	культура
价钱	jia:qian	n.	цена
管理中心	guan:li:zhong:xin	n.	центр управления
一夜	yi:ye	n.	одна ночь
赞助	zan:zhu	v.	спонсировать
赞助	zan:zhu	n.	спонсорство
管理层	guan:li:ceng	n.	руководство
粉	fen	n.	порошок
粉	fen	adj.	розовый
开头	kai:tou	n.	начало
生产商	sheng:chan:shang	n.	производитель
桌子	zhuo:zi	n.	стол
工序	gong:xu	n.	технологический процесс
以色列	yi:se:lie	n.	Израиль
经贸	jing:mao	n.	экономика и торговля
社会化	she:hui:hua	v.	социализировать
社会化	she:hui:hua	n.	социализация
吻	wen	v.	целовать
吻	wen	n.	поцелуй
行人	xing:ren	n.	пешеход
不顾	bu:gu	v.	невзирая на
绍兴	shao:xing	n.	Шаосин
纵横	zong:heng	v.	проходить насквозь
智能化	zhi:neng:hua	v.	интеллектуализировать
智能化	zhi:neng:hua	n.	интеллектуализация
家教	jia:jiao	n.	репетитор
家教	jia:jiao	n.	домашнее воспитание
潜	qian	v.	погружаться
潜	qian	adj.	скрытый
编译	bian:yi	v.	компилировать
难免	nan:mian	adj.	неизбежный
难免	nan:mian	adv.	неизбежно
往来	wang:lai	v.	поддерживать отношения
往来	wang:lai	n.	сношения
防守	fang:shou	v.	защищать
防守	fang:shou	n.	защита
登上	deng:shang	v.	подниматься на
巨头	ju:tou	n.	магнат
上司	shang:si	n.	начальник
其他人	qi:ta:ren	n.	другие люди
瓶	ping	mw.	бутылка
上架	shang:jia	v.	выставлять на полку
上架	shang:jia	v.	выходить
景象	jing:xiang	n.	картина
光滑	guang:hua	adj.	гладкий
抵抗	di:kang	v.	сопротивляться
抵抗	di:kang	n.	сопротивление
驾校	jia:xiao	n.	автошкола
错过	cuo:guo	v.	упустить
网点	wang:dian	n.	отделение
网点	wang:dian	n.	узел сети
飞翔	fei:xiang	v.	летать
偶	ou	n.	кумир
偶	ou	num.	чётный
偶	ou	adv.	случайно
图层	tu:ceng	n.	слой
身为	shen:wei	v.	являться
戒	jie	v.	отказаться от
戒	jie	n.	заповеди
单个	dan:ge	adj.	единичный
合金	he:jin	n.	сплав
吉祥	ji:xiang	adj.	счастливый
第一批	di:yi:pi	num.	первая партия
十足	shi:zu	adj.	полный
双向	shuang:xiang	adj.	двусторонний
春秋	chun:qiu	n.	весна и осень
春秋	chun:qiu	n.	возраст
整整	zheng:zheng	adv.	целых
协同	xie:tong	v.	координировать
协同	xie:tong	adj.	совместный
副总裁	fu:zong:cai	n.	вице-президент
浓	nong	adj.	густой
浓	nong	adj.	насыщенный
毁	hui	v.	разрушать
销	xiao	v.	продавать
销	xiao	v.	отменять
度过	du:guo	v.	провести
银子	yin:zi	n.	серебро
不信	bu:xin	v.	не верить
迪	di	v.	просвещать
产业链	chan:ye:lian	n.	отраслевая цепочка
紧紧	jin:jin	adv.	крепко
签发	qian:fa	v.	подписывать и выдавать
贵阳	gui:yang	n.	Гуйян
车内	che:nei	n.	в машине
偶像	ou:xiang	n.	кумир
人力资源管理	ren:li:zi:yuan:guan:li	n.	управление персоналом
祝贺	zhu:he	v.	поздравлять
祝贺	zhu:he	n.	поздравление
拒	ju	v.	отказывать
渔业	yu:ye	n.	рыболовство
原装	yuan:zhuang	adj.	оригинальный
所在地区	suo:zai:di:qu	n.	регион
医疗卫生	yi:liao:wei:sheng	n.	здравоохранение
绕	rao	v.	обходить
我们党	wo:men:dang	n.	наша партия
热水	re:shui	n.	горячая вода
能力强	neng:li:qiang	adj.	способный
雕塑	diao:su	n.	скульптура
雕塑	diao:su	v.	ваять
埃及	ai:ji	n.	Египет
使用的	shi:yong:de	adj.	используемый
影史	ying:shi	n.	история кино
骄傲	jiao:ao	adj.	гордый
骄傲	jiao:ao	n.	гордость
找了	zhao:le	v.	искал
拉动	la:dong	v.	стимулировать
放行	fang:xing	v.	пропускать
跳舞	tiao:wu	v.	танцевать
登山	deng:shan	v.	восхождаться на горы
自带	zi:dai	v.	приносить с собой
有力的	you:li:de	adj.	мощный
市内	shi:nei	n.	в городе
柔和	rou:he	adj.	мягкий
光荣	guang:rong	adj.	славный
光荣	guang:rong	n.	честь
一经	yi:jing	conj.	как только
勒	le	v.	натягивать поводья
勒	lei	v.	стягивать
捐款	juan:kuan	n.	пожертвование
捐款	juan:kuan	v.	жертвовать
来临	lai:lin	v.	наступать
不稳定	bu:wen:ding	adj.	нестабильный
底部	di:bu	n.	дно
伸出	shen:chu	v.	вытягивать
也不知道	ye:bu:zhi:dao	v.	совершенно не знать
瑞典	rui:dian	n.	Швеция
山的	shan:de	adj.	горный
知识分子	zhi:shi:fen:zi	n.	интеллигент
朗	lang	adj.	ясный
发热	fa:re	v.	иметь температуру
借款	jie:kuan	n.	заём
借款	jie:kuan	v.	занимать деньги
教会	jiao:hui	n.	церковь
教会	jiao:hui	v.	научить
将近	jiang:jin	adv.	почти
每一次	mei:yi:ci	pron.	каждый раз
前方	qian:fang	n.	впереди
只得	zhi:de	adv.	приходиться
豆浆	dou:jiang	n.	соевое молоко
桌上	zhuo:shang	n.	на столе
十二月	shi:er:yue	n.	декабрь
毫升	hao:sheng	n.	миллилитр
中央电视台	zhong:yang:dian:shi:tai	n.	Центральное телевидение
没错	mei:cuo	adj.	верно
窗户	chuang:hu	n.	окно
西门子	xi:men:zi	n.	Сименс
面临着	mian:lin:zhe	v.	сталкиваться с
评议	ping:yi	v.	обсуждать
面部	mian:bu	n.	лицо
流传	liu:chuan	v.	распространяться
四季	si:ji	n.	четыре времени года
违背	wei:bei	v.	нарушать
词语	ci:yu	n.	слово
着手	zhuo:shou	v.	приступать
嘻	xi	onom.	хихиканье
金山	jin:shan	n.	золотая гора
这一次	zhe:yi:ci	n.	этот раз
那儿	na:er	pron.	там
第三个	di:san:ge	n.	третий
尾	wei	n.	хвост
善良	shan:liang	adj.	добрый
东南	dong:nan	n.	юго-восток
帐	zhang	n.	счёт
何况	he:kuang	conj.	тем более
过客	guo:ke	n.	мимоходящий путник
废	fei	adj.	негодный
速率	su:lv	n.	скорость
冶金	ye:jin	n.	металлургия
万一	wan:yi	conj.	на случай
延	yan	v.	продлевать
机器人	ji:qi:ren	n.	робот
路由	lu:you	n.	маршрутизация
教案	jiao:an	n.	план урока
推介	tui:jie	v.	продвигать
六月	liu:yue	n.	июнь
衔接	xian:jie	v.	связывать
敲	qiao	v.	стучать
来回	lai:hui	adv.	туда-обратно
烂	lan	adj.	гнилой
自考	zi:kao	n.	экзамен для самоучек
经济建设	jing:ji:jian:she	n.	экономическое строительство
白糖	bai:tang	n.	белый сахар
创立	chuang:li	v.	основать
文书	wen:shu	n.	документы
带头	dai:tou	v.	возглавлять
独有	du:you	adj.	уникальный
美白	mei:bai	v.	отбеливать
曼	man	n.	Манн
紫色	zi:se	n.	фиолетовый
厌	yan	v.	пренебрегать
色泽	se:ze	n.	цвет и блеск
宜	yi	adj.	подходящий
路边	lu:bian	n.	обочина
新华	xin:hua	n.	Синьхуа
中学生	zhong:xue:sheng	n.	ученик средней школы
圣诞节	sheng:dan:jie	n.	Рождество
几分	ji:fen	num.	несколько
羞	xiu	adj.	стыдливый
勉强	mian:qiang	adv.	с трудом
指着	zhi:zhe	v.	указывать
喂	wei	int.	алло
喂	wei	v.	кормить
敢于	gan:yu	v.	осмеливаться
中文版	zhong:wen:ban	n.	китайская версия
投产	tou:chan	v.	ввод в производство
在一些	zai:yi:xie	prep.	в некоторых
建立一个	jian:li:yi:ge	v.	создать один
方便面	fang:bian:mian	n.	лапша быстрого приготовления
吟	yin	v.	декламировать
您还	nin:hai	pron.	вы ещё
七月	qi:yue	n.	июль
声誉	sheng:yu	n.	репутация
时装	shi:zhuang	n.	мода
歌声	ge:sheng	n.	пение
普查	pu:cha	n.	перепись
这个世界	zhe:ge:shi:jie	n.	этот мир
滴	di	mw.	капля
滴	di	v.	капать
拉萨	la:sa	n.	Лхаса
分组	fen:zu	v.	делить на группы
分组	fen:zu	n.	группировка
候选人	hou:xuan:ren	n.	кандидат
快感	kuai:gan	n.	удовольствие
龙头企业	long:tou:qi:ye	n.	ведущее предприятие
洲	zhou	n.	континент
爹	die	n.	папа
艳	yan	adj.	яркий
之所	zhi:suo	part.	(то, что)~
比亚迪	bi:ya:di	n.	BYD
晴	qing	adj.	ясный
可口可乐	ke:kou:ke:le	n.	Кока-Кола
示例	shi:li	n.	пример
一味	yi:wei	adv.	упорно
武林	wu:lin	n.	мир боевых искусств
进军	jin:jun	v.	наступать
看了看	kan:le:kan	v.	взглянул
意图	yi:tu	n.	намерение
印发	yin:fa	v.	напечатать и распространить
起身	qi:shen	v.	вставать
想让	xiang:rang	v.	хотеть, чтобы
要知道	yao:zhi:dao	v.	надо знать
坚实的	jian:shi:de	adj.	прочный
星期	xing:qi	n.	неделя
几乎是	ji:hu:shi	adv.	это почти
抚	fu	v.	гладить
十个	shi:ge	num.	десять
澳洲	ao:zhou	n.	Австралия
显示出	xian:shi:chu	v.	показывать
社会科学	she:hui:ke:xue	n.	общественные науки
转帖	zhuan:tie	v.	репостить
转帖	zhuan:tie	n.	репост
小儿	xiao:er	n.	маленький ребёнок
前途	qian:tu	n.	будущее
外交	wai:jiao	n.	дипломатия
评委	ping:wei	n.	член жюри
格外	ge:wai	adv.	особенно
演唱会	yan:chang:hui	n.	концерт
约会	yue:hui	n.	свидание
约会	yue:hui	v.	свидаться
缩	suo	v.	сокращаться
外包	wai:bao	v.	аутсорсинг
索取	suo:qu	v.	требовать
援助	yuan:zhu	n.	помощь
援助	yuan:zhu	v.	оказывать помощь
经营权	jing:ying:quan	n.	право управления
爱国	ai:guo	v.	любить родину
第二十四条	di:er:shi:si:tiao	n.	статья 24
农机	nong:ji	n.	сельхозтехника
县政府	xian:zheng:fu	n.	уездное правительство
加之	jia:zhi	adv.	к тому же
去掉	qu:diao	v.	убирать
三月	san:yue	n.	март
手下	shou:xia	n.	подчинённый
图例	tu:li	n.	легенда
嘴唇	zui:chun	n.	губа
大桥	da:qiao	n.	большой мост
协	xie	v.	содействовать
景色	jing:se	n.	пейзаж
庆祝	qing:zhu	v.	праздновать
内容简介	nei:rong:jian:jie	n.	краткое содержание
北海	bei:hai	n.	Бэйхай
脖子	bo:zi	n.	шея
出身	chu:shen	n.	происхождение
叔叔	shu:shu	n.	дядя
卡通	ka:tong	n.	мультфильм
详细内容	xiang:xi:nei:rong	n.	подробности
真相	zhen:xiang	n.	истина
养老	yang:lao	v.	содержать престарелых
骗子	pian:zi	n.	мошенник
央	yang	v.	упрашивать
货款	huo:kuan	n.	плата за товар
不许	bu:xu	v.	не позволять
着重	zhuo:zhong	v.	делать упор
着重	zhuo:zhong	adv.	особенно
战胜	zhan:sheng	v.	победить
信贷	xin:dai	n.	кредит
悔	hui	v.	сожалеть
艹	cao	n.	ключ трава
常委会	chang:wei:hui	n.	постоянный комитет
密切	mi:qie	adj.	тесный
乙醇	yi:chun	n.	этанол
相关资料	xiang:guan:zi:liao	n.	соответствующие материалы
行列	hang:lie	n.	ряды
仿真	fang:zhen	n.	моделирование
旅馆	lv:guan	n.	гостиница
逍遥	xiao:yao	adj.	свободный
坐着	zuo:zhe	v.	сидеть
油脂	you:zhi	n.	жир
总面积	zong:mian:ji	n.	общая площадь
假期	jia:qi	n.	каникулы
询价	xun:jia	v.	запрашивать цену
病变	bing:bian	n.	патологическое изменение
市政	shi:zheng	n.	городское управление
不包括	bu:bao:kuo	v.	не включать
盛大	sheng:da	adj.	пышный
看待	kan:dai	v.	рассматривать
长大	zhang:da	v.	вырастать
申明	shen:ming	v.	заявлять
红柿	hong:shi	n.	сливовидный помидор
分管	fen:guan	v.	курировать
客运	ke:yun	n.	пассажирские перевозки
肚子	du:zi	n.	живот
化肥	hua:fei	n.	химическое удобрение
肖	xiao	n.	Сяо (фамилия)
内心的	nei:xin:de	adj.	внутренний
缠	chan	v.	обматывать
脆	cui	adj.	хрустящий
总线	zong:xian	n.	шина
老化	lao:hua	v.	стареть
开工	kai:gong	v.	начинать работу
痕	hen	n.	след
心思	xin:si	n.	мысли
大片	da:pian	n.	блокбастер
生命力	sheng:ming:li	n.	жизненная сила
新课程	xin:ke:cheng	n.	новая программа
软件开发	ruan:jian:kai:fa	n.	разработка ПО
出品	chu:pin	v.	производить
出行	chu:xing	v.	путешествовать
官方网站	guan:fang:wang:zhan	n.	официальный сайт
买入	mai:ru	v.	покупать
伍	wu	num.	пять
看书	kan:shu	v.	читать
病例	bing:li	n.	история болезни
气势	qi:shi	n.	размах
寂	ji	adj.	унылый
何种	he:zhong	pron.	какой
流畅	liu:chang	adj.	плавный
达标	da:biao	v.	соответствовать стандарту
政务	zheng:wu	n.	государственные дела
直播	zhi:bo	n.	прямой эфир
得意	de:yi	adj.	довольный собой
咳嗽	ke:sou	v.	кашлять
行了	xing:le	v.	довольно
个人资料	ge:ren:zi:liao	n.	личные данные
编辑器	bian:ji:qi	n.	редактор
未必	wei:bi	adv.	не обязательно
住所	zhu:suo	n.	жилище
杀毒软件	sha:du:ruan:jian	n.	антивирус
牛肉	niu:rou	n.	говядина
阶层	jie:ceng	n.	общественный слой
掌握了	zhang:wo:le	v.	овладел
子宫	zi:gong	n.	матка
丰田	feng:tian	n.	Тойота
封面	feng:mian	n.	обложка
告别	gao:bie	v.	прощаться
发现自己	fa:xian:zi:ji	v.	обнаружить себя
国家机关	guo:jia:ji:guan	n.	государственный орган
但又	dan:you	conj.	но и
红包	hong:bao	n.	красный конверт с деньгами
但没	dan:mei	conj.	но не
有哪些	you:na:xie	v.	какие есть
店里	dian:li	n.	в магазине
产品价格	chan:pin:jia:ge	n.	цена продукции
潜能	qian:neng	n.	потенциал
请通知	qing:tong:zhi	v.	пожалуйста, сообщите
圆形	yuan:xing	n.	круг
老头	lao:tou	n.	старик
万物	wan:wu	n.	всё сущее
看完	kan:wan	v.	дочитать
发展中国家	fa:zhan:zhong:guo:jia	n.	развивающаяся страна
医治	yi:zhi	v.	лечить
为她	wei:ta	prep.	ради неё
呼吁	hu:yu	v.	призывать
地形	di:xing	n.	рельеф
袭击	xi:ji	v.	атаковать
第二届	di:er:jie	num.	второй (созыв)
刚开始	gang:kai:shi	adv.	только началось
信息来源	xin:xi:lai:yuan	n.	источник информации
遗传	yi:chuan	n.	наследственность
近来	jin:lai	adv.	недавно
民营	min:ying	adj.	частный
执业资格	zhi:ye:zi:ge	n.	квалификация на право практики
亮相	liang:xiang	v.	дебютировать
启	qi	v.	открывать
保湿	bao:shi	v.	увлажнять
几句	ji:ju	num.	несколько фраз
翔	xiang	v.	парить
悬挂	xuan:gua	v.	висеть
路段	lu:duan	n.	участок дороги
毫克	hao:ke	mw.	миллиграмм
为确保	wei:que:bao	conj.	чтобы обеспечить
阻力	zu:li	n.	сопротивление
避开	bi:kai	v.	избегать
是一项	shi:yi:xiang	v.	является одним (пунктом)
心目中	xin:mu:zhong	n.	в представлении
坦克	tan:ke	n.	танк
薄	bao	adj.	тонкий
薄	bo	adj.	тонкий
旅游局	lv:you:ju	n.	туристическое управление
名词	ming:ci	n.	существительное
服务商	fu:wu:shang	n.	поставщик услуг
很重要	hen:zhong:yao	adj.	очень важный
阿姨	a:yi	n.	тётя
阿姨	a:yi	n.	няня
狮子	shi:zi	n.	лев
资本主义	zi:ben:zhu:yi	n.	капитализм
普洱茶	pu:er:cha	n.	чай пуэр
奖品	jiang:pin	n.	приз
集装箱	ji:zhuang:xiang	n.	контейнер
皮革	pi:ge	n.	кожа
货运	huo:yun	n.	грузовые перевозки
价款	jia:kuan	n.	цена
自学	zi:xue	v.	учиться самостоятельно
丰富多彩	feng:fu:duo:cai	adj.	богатый и разнообразный
倾斜	qing:xie	v.	наклоняться
倾斜	qing:xie	adj.	наклонный
浑身	hun:shen	adv.	всем телом
挣扎	zheng:zha	v.	бороться
相遇	xiang:yu	v.	встречаться
向外	xiang:wai	adv.	наружу
跟随	gen:sui	v.	следовать
权属	quan:shu	n.	право собственности
日本人	ri:ben:ren	n.	японец
打折	da:zhe	v.	делать скидку
占领	zhan:ling	v.	оккупировать
千克	qian:ke	n.	килограмм
真情	zhen:qing	n.	искренние чувства
项目经理	xiang:mu:jing:li	n.	руководитель проекта
抓紧	zhua:jin	v.	крепко схватить
抓紧	zhua:jin	v.	торопиться
侯	hou	n.	маркиз
侯	hou	n.	фамилия Хоу
西红柿	xi:hong:shi	n.	помидор
理科	li:ke	n.	естественные науки
调度	diao:du	v.	диспетчировать
调度	diao:du	n.	диспетчеризация
商品型号	shang:pin:xing:hao	n.	модель товара
劝	quan	v.	уговаривать
高三	gao:san	n.	выпускной класс
保温	bao:wen	v.	сохранять тепло
开辟	kai:pi	v.	открывать
一共	yi:gong	adv.	всего
浓郁	nong:yu	adj.	насыщенный
填充	tian:chong	v.	заполнять
温州市	wen:zhou:shi	n.	Вэньчжоу
招聘职位	zhao:pin:zhi:wei	n.	вакансия
风景区	feng:jing:qu	n.	живописная местность
单位名称	dan:wei:ming:cheng	n.	название организации
时段	shi:duan	n.	промежуток времени
法律规定	fa:lv:gui:ding	n.	положение закона
远处	yuan:chu	n.	далёкое расстояние
资本市场	zi:ben:shi:chang	n.	рынок капитала
节制	jie:zhi	v.	сдерживать
郭	guo	n.	фамилия Го
奴	nu	n.	раб
鸣	ming	v.	кричать
花钱	hua:qian	v.	тратить деньги
破解版	po:jie:ban	n.	взломанная версия
兴建	xing:jian	v.	строить
鲁迅	lu:xun	n.	Лу Синь
地步	di:bu	n.	степень
工程项目	gong:cheng:xiang:mu	n.	инженерный проект
倾	qing	v.	наклонять
招聘信息	zhao:pin:xin:xi	n.	вакансия
打分	da:fen	v.	выставлять оценку
动人	dong:ren	adj.	трогательный
性交	xing:jiao	v.	половой акт
学期	xue:qi	n.	семестр
采取措施	cai:qu:cuo:shi	v.	принимать меры
研究人员	yan:jiu:ren:yuan	n.	исследователь
内向	nei:xiang	adj.	интровертный
彩虹	cai:hong	n.	радуга
局域网	ju:yu:wang	n.	локальная сеть
到期	dao:qi	v.	истекать
买房	mai:fang	v.	покупать жильё
公关	gong:guan	n.	связи с общественностью
南海	nan:hai	n.	Южно-Китайское море
匆匆	cong:cong	adj.	поспешный
出差	chu:chai	v.	ездить в командировку
个股	ge:gu	n.	отдельная акция
前列	qian:lie	n.	передовые ряды
质疑	zhi:yi	v.	ставить под сомнение
台阶	tai:jie	n.	ступень
悲哀	bei:ai	adj.	печальный
经营理念	jing:ying:li:nian	n.	философия управления
彼	bi	pron.	тот
考评	kao:ping	v.	оценивать
首家	shou:jia	n.	первая компания
扩散	kuo:san	v.	распространяться
有种	you:zhong	adj.	иметь смелость
被告人	bei:gao:ren	n.	обвиняемый
全民	quan:min	n.	весь народ
字幕	zi:mu	n.	субтитры
平民	ping:min	n.	мирный житель
副会长	fu:hui:zhang	n.	вице-председатель
尊严	zun:yan	n.	достоинство
卖场	mai:chang	n.	торговый центр
从业	cong:ye	v.	заниматься профессией
美人	mei:ren	n.	красавица
异地	yi:di	n.	другое место
激素	ji:su	n.	гормон
侧面	ce:mian	n.	боковая сторона
来访	lai:fang	v.	приезжать с визитом
扔	reng	v.	бросать
登记表	deng:ji:biao	n.	регистрационный бланк
好朋友	hao:peng:you	n.	хороший друг
撒	sa	v.	рассыпать
种族	zhong:zu	n.	раса
药店	yao:dian	n.	аптека
共同努力	gong:tong:nu:li	v.	работать сообща
几乎所有	ji:hu:suo:you	adj.	почти все
豫	yu	n.	Хэнань
感慨	gan:kai	v.	растрогаться
存档	cun:dang	v.	архивировать
风水	feng:shui	n.	фэншуй
先行	xian:xing	v.	идти впереди
党员干部	dang:yuan:gan:bu	n.	член партии и кадровый работник
青岛市	qing:dao:shi	n.	город Циндао
佩服	pei:fu	v.	восхищаться
质量问题	zhi:liang:wen:ti	n.	проблема качества
故乡	gu:xiang	n.	родной город
改装	gai:zhuang	v.	переоборудовать
举动	ju:dong	n.	поступок
当下	dang:xia	n.	сейчас
优美	you:mei	adj.	изящный
检	jian	v.	проверять
妨碍	fang:ai	v.	мешать
裁判	cai:pan	n.	судья
右键	you:jian	n.	правая кнопка
低温	di:wen	n.	низкая температура
针	zhen	n.	игла
耀	yao	v.	сиять
无忧	wu:you	adj.	беззаботный
痴	chi	adj.	глупый
所在单位	suo:zai:dan:wei	n.	место работы
姆	mu	n.	няня
篇	pian	mw.	счётное слово для статей
大米	da:mi	n.	рис
椅	yi	n.	стул
乃是	nai:shi	v.	являться
厂	chang	n.	завод
美国人	mei:guo:ren	n.	американец
采取的	cai:qu:de	part.	принятый
刚好	gang:hao	adv.	как раз
联手	lian:shou	v.	объединяться
最后一个	zui:hou:yi:ge	n.	последний
管制	guan:zhi	v.	контролировать
遇见	yu:jian	v.	встретить
董	dong	v.	руководить
压抑	ya:yi	v.	подавлять
全自动	quan:zi:dong	adj.	полностью автоматический
去吧	qu:ba	v.	идём
射击	she:ji	v.	стрелять
运气	yun:qi	n.	удача
造访	zao:fang	v.	посещать
之前的	zhi:qian:de	adj.	предыдущий
熊	xiong	n.	медведь
坐下	zuo:xia	v.	сесть
强行	qiang:xing	adv.	насильно
埋	mai	v.	закапывать
电视机	dian:shi:ji	n.	телевизор
评比	ping:bi	v.	оценивать и сравнивать
空军	kong:jun	n.	военно-воздушные силы
凝聚力	ning:ju:li	n.	сплочённость
暴露	bao:lu	v.	подвергать
乖	guai	adj.	послушный
举行了	ju:xing:le	v.	провёл
上线	shang:xian	v.	запускать онлайн
狐	hu	n.	лиса
公共服务	gong:gong:fu:wu	n.	государственная служба
可不	ke:bu	adv.	конечно
增进	zeng:jin	v.	содействовать
君子	jun:zi	n.	благородный муж
因其	yin:qi	prep.	вследствие этого
区间	qu:jian	n.	интервал
与技术	yu:ji:shu	prep.	и технологии
蒋	jiang	n.	Цзян
吉他	ji:ta	n.	гитара
婆婆	po:po	n.	свекровь
申诉	shen:su	v.	апеллировать
踏	ta	v.	наступать
合力	he:li	n.	совместные усилия
永远的	yong:yuan:de	adj.	вечный
隆	long	n.	Лун
液晶	ye:jing	n.	жидкий кристалл
括	kuo	v.	включать
难怪	nan:guai	adv.	неудивительно
圆满	yuan:man	adj.	благополучный
佛山市	fo:shan:shi	n.	Фошань
潮	chao	n.	прилив
再见	zai:jian	v.	до свидания
无线电	wu:xian:dian	n.	радио
用以	yong:yi	v.	служить для
实用的	shi:yong:de	adj.	практичный
在网站	zai:wang:zhan	prep.	на сайте
联邦	lian:bang	n.	федерация
唉	ai	int.	увы
摇头	yao:tou	v.	качать головой
困境	kun:jing	n.	тупик
店面	dian:mian	n.	витрина
供求	gong:qiu	n.	спрос и предложение
阶级	jie:ji	n.	класс
综合素质	zong:he:su:zhi	n.	комплексные качества
流氓	liu:mang	n.	хулиган
七年	qi:nian	num.	семь лет
置顶	zhi:ding	v.	закрепить
制备	zhi:bei	v.	приготавливать
下一篇	xia:yi:pian	n.	следующая статья
团委	tuan:wei	n.	комитет комсомола
分级	fen:ji	v.	классифицировать
限额	xian:e	n.	лимит
有关问题	you:guan:wen:ti	n.	соответствующий вопрос
身旁	shen:pang	n.	рядом
几个方面	ji:ge:fang:mian	n.	несколько аспектов
穷	qiong	adj.	бедный
崇拜	chong:bai	v.	поклоняться
胖子	pang:zi	n.	толстяк
聪	cong	adj.	умный
解脱	jie:tuo	n.	освобождение
同情	tong:qing	v.	сочувствовать
茅台	mao:tai	n.	Маотай
有事	you:shi	v.	иметь дело
摆放	bai:fang	v.	размещать
减免	jian:mian	v.	сокращать или освобождать
城市建设	cheng:shi:jian:she	n.	городское строительство
帽子	mao:zi	n.	шляпа
总版主	zong:ban:zhu	n.	главный модератор
眼球	yan:qiu	n.	глазное яблоко
关机	guan:ji	v.	выключать
南山	nan:shan	n.	Наньшань
忽略	hu:lve	v.	пренебрегать
除此之外	chu:ci:zhi:wai	conj.	помимо этого
加深	jia:shen	v.	углублять
术后	shu:hou	n.	послеоперационный
探测	tan:ce	v.	обнаруживать
壁纸	bi:zhi	n.	обои
咨询服务	zi:xun:fu:wu	n.	консалтинговые услуги
器官	qi:guan	n.	орган
抗生素	kang:sheng:su	n.	антибиотик
落地	luo:di	v.	приземляться
买到	mai:dao	v.	удалось купить
小时候	xiao:shi:hou	n.	детство
唤	huan	v.	звать
年检	nian:jian	n.	ежегодная проверка
快速回复	kuai:su:hui:fu	n.	быстрый ответ
噪声	zao:sheng	n.	шум
泰	tai	adj.	мирный
委托人	wei:tuo:ren	n.	доверитель
紧张的	jin:zhang:de	adj.	напряжённый
世人	shi:ren	n.	люди
童话	tong:hua	n.	сказка
之初	zhi:chu	n.	начало
难得	nan:de	adj.	редкий
鉴别	jian:bie	v.	различать
吸烟	xi:yan	v.	курить
经销	jing:xiao	v.	распространять
老虎	lao:hu	n.	тигр
版	ban	n.	издание
雕刻	diao:ke	v.	резьба
丰厚	feng:hou	adj.	богатый
号称	hao:cheng	v.	именовать себя
交互	jiao:hu	adj.	интерактивный
国土	guo:tu	n.	территория
急忙	ji:mang	adv.	поспешно
次日	ci:ri	n.	следующий день
个人信息	ge:ren:xin:xi	n.	личная информация
宣传教育	xuan:chuan:jiao:yu	n.	пропаганда и просвещение
在职	zai:zhi	adj.	на службе
保证责任	bao:zheng:ze:ren	n.	ответственность поручителя
谢谢合作	xie:xie:he:zuo	int.	спасибо за сотрудничество
翡翠	fei:cui	n.	жадеит
淡淡	dan:dan	adv.	слегка
末	mo	n.	конец
一千	yi:qian	num.	тысяча
信息网络	xin:xi:wang:luo	n.	информационная сеть
效能	xiao:neng	n.	эффективность
购置	gou:zhi	v.	приобретать
小孩子	xiao:hai:zi	n.	ребёнок
心头	xin:tou	n.	в сердце
好吃	hao:chi	adj.	вкусный
配套设施	pei:tao:she:shi	n.	вспомогательные сооружения
民用	min:yong	adj.	гражданский
区县	qu:xian	n.	районы и уезды
分析师	fen:xi:shi	n.	аналитик
度假	du:jia	v.	проводить отпуск
鱼类	yu:lei	n.	рыбы
清代	qing:dai	n.	династия Цин
第二十六条	di:er:shi:liu:tiao	num.	статья 26
负债	fu:zhai	v.	быть в долгу
负债	fu:zhai	n.	обязательства
遏制	e:zhi	v.	сдерживать
旗	qi	n.	знамя
绑定	bang:ding	v.	привязывать
八月	ba:yue	n.	август
仪	yi	n.	церемония
流浪	liu:lang	v.	скитаться
妊娠	ren:shen	n.	беременность
感叹	gan:tan	v.	вздыхать
焦	jiao	adj.	обгоревший
旅游者	lv:you:zhe	n.	турист
修行	xiu:xing	v.	совершенствоваться
同志们	tong:zhi:men	n.	товарищи
公章	gong:zhang	n.	официальная печать
研究成果	yan:jiu:cheng:guo	n.	результаты исследования
长老	zhang:lao	n.	старейшина
明代	ming:dai	n.	династия Мин
猫	mao	n.	кошка
越是	yue:shi	adv.	тем более
美妙	mei:miao	adj.	чудесный
职员	zhi:yuan	n.	служащий
评测	ping:ce	n.	оценка
尽情	jin:qing	adv.	вволю
戴尔	dai:er	n.	Делл
石材	shi:cai	n.	камень
新款	xin:kuan	n.	новая модель
航线	hang:xian	n.	авиалиния
北美	bei:mei	n.	Северная Америка
富裕	fu:yu	adj.	богатый
放开	fang:kai	v.	отпустить
变压器	bian:ya:qi	n.	трансформатор
拟定	ni:ding	v.	составлять
留学生	liu:xue:sheng	n.	студент за границей
倾听	qing:ting	v.	внимательно слушать
东东	dong:dong	n.	Дундун
第一位	di:yi:wei	num.	первый
铝合金	lv:he:jin	n.	алюминиевый сплав
盗	dao	v.	воровать
好在	hao:zai	adv.	к счастью
月光	yue:guang	n.	лунный свет
摩擦	mo:ca	v.	тереть
侍	shi	v.	служить
柴油	chai:you	n.	дизельное топливо
款	kuan	n.	сумма
艰难	jian:nan	adj.	трудный
某某	mou:mou	pron.	такой-то
折磨	zhe:mo	v.	мучить
气味	qi:wei	n.	запах
拾	shi	v.	поднимать
你我	ni:wo	pron.	ты и я
提议	ti:yi	v.	предлагать
荒	huang	adj.	пустынный
春季	chun:ji	n.	весна
好坏	hao:huai	n.	качество
新材料	xin:cai:liao	n.	новый материал
电子公告	dian:zi:gong:gao	n.	электронное объявление
大都	da:dou	adv.	в основном
西湖	xi:hu	n.	Западное озеро
脾气	pi:qi	n.	характер
千瓦	qian:wa	n.	киловатт
功能强大	gong:neng:qiang:da	adj.	мощный
地毯	di:tan	n.	ковёр
清晰的	qing:xi:de	adj.	ясный
特价机票	te:jia:ji:piao	n.	льготный авиабилет
武装	wu:zhuang	n.	вооружение
有趣的	you:qu:de	adj.	интересный
最喜欢的	zui:xi:huan:de	adj.	любимый
手续费	shou:xu:fei	n.	комиссионный сбор
发展方向	fa:zhan:fang:xiang	n.	направление развития
油墨	you:mo	n.	типографская краска
海内外	hai:nei:wai	n.	внутри страны и за рубежом
概率	gai:lv	n.	вероятность
归纳	gui:na	v.	обобщать
面子	mian:zi	n.	лицо
联动	lian:dong	v.	связь
约翰	yue:han	n.	Джон
前辈	qian:bei	n.	старший наставник
中国大陆	zhong:guo:da:lu	n.	материковый Китай
时钟	shi:zhong	n.	часы
表扬	biao:yang	v.	хвалить
特权	te:quan	n.	привилегия
一首	yi:shou	mw.	(счётное слово для песен)
接轨	jie:gui	v.	соединяться
姿	zi	n.	плакат
在一定程度上	zai:yi:ding:cheng:du:shang	adv.	в определённой степени
生涯	sheng:ya	n.	карьера
林木	lin:mu	n.	лесные деревья
域	yu	n.	домен
搭	da	v.	садиться
切实加强	qie:shi:jia:qiang	v.	эффективно укреплять
公用	gong:yong	adj.	общественный
数控	shu:kong	n.	числовое программное управление
间隔	jian:ge	n.	интервал
秉承	bing:cheng	v.	придерживаться
偶然	ou:ran	adv.	случайно
期末	qi:mo	n.	конец семестра
贴近	tie:jin	v.	быть близким к
从来	cong:lai	adv.	всегда
出错	chu:cuo	v.	допускать ошибку
所属行业	suo:shu:hang:ye	n.	отрасль
历程	li:cheng	n.	процесс
顶端	ding:duan	n.	вершина
腹部	fu:bu	n.	живот
更具	geng:ju	v.	ещё более
所有信息	suo:you:xin:xi	n.	вся информация
据此	ju:ci	adv.	на этом основании
道歉	dao:qian	v.	извиняться
不符	bu:fu	adj.	не соответствовать
艺术品	yi:shu:pin	n.	произведение искусства
第三次	di:san:ci	num.	третий раз
势头	shi:tou	n.	темп
涉嫌	she:xian	v.	быть под подозрением
有何	you:he	pron.	что за
最美	zui:mei	adj.	самый красивый
贵州省	gui:zhou:sheng	n.	провинция Гуйчжоу
面谈	mian:tan	n.	беседа
公交车	gong:jiao:che	n.	автобус
产品编号	chan:pin:bian:hao	n.	номер продукта
红旗	hong:qi	n.	красный флаг
订货	ding:huo	v.	делать заказ
食堂	shi:tang	n.	столовая
新华社	xin:hua:she	n.	агентство Синьхуа
唯有	wei:you	adv.	только
心底	xin:di	n.	душа
少许	shao:xu	adj.	немного
刊物	kan:wu	n.	издание
在这种情况下	zai:zhe:zhong:qing:kuang:xia	adv.	в этом случае
蜂蜜	feng:mi	n.	мёд
收拾	shou:shi	v.	убирать
收拾	shou:shi	v.	расправиться
弯曲	wan:qu	adj.	изогнутый
先前	xian:qian	adv.	ранее
好奇	hao:qi	adj.	любопытный
机箱	ji:xiang	n.	корпус
挂牌	gua:pai	v.	вывесить вывеску
编译器	bian:yi:qi	n.	компилятор
消费品	xiao:fei:pin	n.	потребительские товары
节水	jie:shui	v.	экономить воду
指责	zhi:ze	v.	критиковать
再一次	zai:yi:ci	adv.	ещё раз
理智	li:zhi	n.	рассудок
脉	mai	n.	пульс
脉	mai	n.	вена
接下	jie:xia	v.	принять
反射	fan:she	n.	отражение
反射	fan:she	v.	отражать
夜里	ye:li	n.	ночью
写入	xie:ru	v.	записывать
看作	kan:zuo	v.	рассматривать как
授	shou	v.	жаловать
作物	zuo:wu	n.	сельхозкультура
军官	jun:guan	n.	офицер
无畏	wu:wei	adj.	бесстрашный
存货	cun:huo	n.	запасы
亲情	qin:qing	n.	семейная привязанность
敏捷	min:jie	adj.	проворный
俗	su	adj.	вульгарный
国债	guo:zhai	n.	государственный долг
海域	hai:yu	n.	морской район
私营企业	si:ying:qi:ye	n.	частное предприятие
感悟	gan:wu	v.	постигать
明确规定	ming:que:gui:ding	n.	чёткое положение
管理体制	guan:li:ti:zhi	n.	система управления
给予警告	ji:yu:jing:gao	v.	сделать предупреждение
为期	wei:qi	v.	длиться (срок)
附则	fu:ze	n.	дополнительные положения
室外	shi:wai	n.	под открытым небом
老总	lao:zong	n.	шеф
答题	da:ti	v.	отвечать на вопросы
此人	ci:ren	pron.	этот человек
充足	chong:zu	adj.	достаточный
融	rong	v.	таять
要约	yao:yue	n.	оферта
观光	guan:guang	n.	туризм
如不	ru:bu	conj.	если не
实业有限公司	shi:ye:you:xian:gong:si	n.	промышленное ООО
狱	yu	n.	тюрьма
欺	qi	v.	обманывать
更深	geng:shen	adj.	глубокая ночь
男的	nan:de	n.	мужчина
彩电	cai:dian	n.	цветной телевизор
投影机	tou:ying:ji	n.	проектор
核发	he:fa	v.	выдавать
各县	ge:xian	n.	каждый уезд
日常生活	ri:chang:sheng:huo	n.	повседневная жизнь
中国移动	zhong:guo:yi:dong	n.	China Mobile
说不定	shuo:bu:ding	adv.	может быть
扩建	kuo:jian	v.	расширять
忙碌	mang:lu	adj.	занятой
这两种	zhe:liang:zhong	pron.	эти два вида
在经济	zai:jing:ji	prep.	в экономике
母公司	mu:gong:si	n.	материнская компания
工作站	gong:zuo:zhan	n.	рабочая станция
电子信息	dian:zi:xin:xi	n.	электронная информация
访	fang	v.	посещать
发酵	fa:jiao	v.	бродить
右边	you:bian	n.	правая сторона
严密	yan:mi	adj.	строгий
非常好	fei:chang:hao	adj.	очень хороший
审美	shen:mei	n.	эстетика
强迫	qiang:po	v.	принуждать
遇到了	yu:dao:le	v.	встретить
桥	qiao	n.	мост
皇后	huang:hou	n.	императрица
奇特	qi:te	adj.	своеобразный
佳能	jia:neng	n.	Canon
一并	yi:bing	adv.	вместе с
筹备	chou:bei	v.	подготавливать
掌声	zhang:sheng	n.	аплодисменты
锁	suo	n.	замок
锁	suo	v.	запирать
主管人员	zhu:guan:ren:yuan	n.	руководитель
见解	jian:jie	n.	взгляд
楼梯	lou:ti	n.	лестница
用人	yong:ren	v.	использовать кадры
已知	yi:zhi	v.	известный
肥胖	fei:pang	adj.	тучный
悲伤	bei:shang	adj.	печальный
美学	mei:xue	n.	эстетика
霸	ba	n.	гегемон
重启	chong:qi	v.	перезапускать
逐年	zhu:nian	adv.	из года в год
创业者	chuang:ye:zhe	n.	предприниматель
买方	mai:fang	n.	покупатель
中级会员	zhong:ji:hui:yuan	n.	член среднего уровня
定额	ding:e	n.	норма
视力	shi:li	n.	зрение
猜测	cai:ce	v.	догадываться
奔腾	ben:teng	v.	стремительно нестись
控制系统	kong:zhi:xi:tong	n.	система управления
主讲	zhu:jiang	v.	читать основной курс
异性	yi:xing	n.	противоположный пол
不利于	bu:li:yu	v.	неблагоприятно для
洗衣机	xi:yi:ji	n.	стиральная машина
受损	shou:sun	v.	повреждаться
顺着	shun:zhe	prep.	вдоль
散文	san:wen	n.	проза
基本要求	ji:ben:yao:qiu	n.	основное требование
勋章	xun:zhang	n.	орден
理事	li:shi	n.	член правления
左边	zuo:bian	n.	левая сторона
新时期	xin:shi:qi	n.	новый период
不满意	bu:man:yi	adj.	неудовлетворённый
焦虑	jiao:lv	n.	тревога
组织机构	zu:zhi:ji:gou	n.	организационная структура
资格证书	zi:ge:zheng:shu	n.	свидетельство о квалификации
简易	jian:yi	adj.	простой
牵	qian	v.	вести
批复	pi:fu	n.	официальный ответ
西瓜	xi:gua	n.	арбуз
农场	nong:chang	n.	ферма
升值	sheng:zhi	v.	дорожать
小伙子	xiao:huo:zi	n.	парень
研究会	yan:jiu:hui	n.	научное общество
丛书	cong:shu	n.	серия книг
构筑	gou:zhu	v.	сооружать
共同发展	gong:tong:fa:zhan	n.	совместное развитие
赛季	sai:ji	n.	сезон
管理水平	guan:li:shui:ping	n.	уровень управления
池	chi	n.	пруд
追踪	zhui:zong	v.	отслеживать
大战	da:zhan	n.	война
共建	gong:jian	v.	совместно строить
战役	zhan:yi	n.	кампания
矿产资源	kuang:chan:zi:yuan	n.	минеральные ресурсы
邮票	you:piao	n.	почтовая марка
有意者	you:yi:zhe	n.	заинтересованное лицо
专业人员	zhuan:ye:ren:yuan	n.	специалист
自有	zi:you	adj.	собственный
不时	bu:shi	adv.	время от времени
以至	yi:zhi	conj.	так что
钻	zuan	v.	сверлить
港	gang	n.	гавань
自然保护区	zi:ran:bao:hu:qu	n.	заповедник
几点	ji:dian	pron.	который час
淫秽	yin:hui	adj.	непристойный
喃	nan	onom.	бормотание
廷	ting	n.	двор
自理	zi:li	v.	обслуживать себя
乘	cheng	v.	ехать
聆听	ling:ting	v.	вниматьательно слушать
莲花	lian:hua	n.	лотос
再现	zai:xian	v.	вновь появляться
疑惑	yi:huo	n.	сомнение
剧场	ju:chang	n.	театр
玛	ma	n.	фонетический знак
俗称	su:cheng	v.	называть в обиходе
港元	gang:yuan	n.	гонконгский доллар
实施方案	shi:shi:fang:an	n.	план реализации
奉	feng	v.	подносить
逃避	tao:bi	v.	избегать
收藏夹	shou:cang:jia	n.	избранное
中国电信	zhong:guo:dian:xin	n.	China Telecom
服务项目	fu:wu:xiang:mu	n.	вид услуг
王朝	wang:chao	n.	династия
回落	hui:luo	v.	снизиться обратно
流泪	liu:lei	v.	проливать слёзы
扯	che	v.	тянуть
岳	yue	n.	высокая гора
全家	quan:jia	n.	вся семья
这事	zhe:shi	pron.	это дело
不可思议	bu:ke:si:yi	adj.	невообразимый
口服	kou:fu	n.	приём внутрь
公司债	gong:si:zhai	n.	корпоративная облигация
加班	jia:ban	v.	работать сверхурочно
专业从事	zhuan:ye:cong:shi	v.	профессионально заниматься
皇上	huang:shang	n.	император
减	jian	v.	уменьшать
无形	wu:xing	adj.	невидимый
破案	po:an	v.	раскрыть дело
多层	duo:ceng	adj.	многослойный
哪儿	na:er	pron.	где
初始	chu:shi	adj.	начальный
世上	shi:shang	n.	мир
热烈	re:lie	adj.	горячий
迅雷	xun:lei	n.	гром
烟草	yan:cao	n.	табак
退货	tui:huo	v.	вернуть товар
全场	quan:chang	n.	весь зал
磷酸	lin:suan	n.	фосфорная кислота
成人用品	cheng:ren:yong:pin	n.	товары для взрослых
基础教育	ji:chu:jiao:yu	n.	начальное образование
进货	jin:huo	v.	закупать товар
堪称	kan:cheng	v.	можно назвать
药品监督管理	yao:pin:jian:du:guan:li	n.	контроль за лекарствами
售后	shou:hou	n.	послепродажный
参会	can:hui	v.	участвовать в собрании
副院长	fu:yuan:zhang	n.	заместитель директора
尽力	jin:li	v.	делать всё возможное
雷达	lei:da	n.	радар
犹豫	you:yu	v.	колебаться
误差	wu:cha	n.	погрешность
面上	mian:shang	n.	на поверхности
出境	chu:jing	v.	выехать из страны
判定	pan:ding	v.	определять
外挂	wai:gua	n.	чит
弯	wan	adj.	изогнутый
京城	jing:cheng	n.	столица
投标人	tou:biao:ren	n.	участник торгов
城堡	cheng:bao	n.	замок
好玩	hao:wan	adj.	забавный
船员	chuan:yuan	n.	член экипажа
可行	ke:xing	adj.	осуществимый
低头	di:tou	v.	опустить голову
河道	he:dao	n.	del русло реки
河道	he:dao	n.	rусло реки
河道	he:dao	n.	русло реки
并用	bing:yong	v.	использовать совместно
夹	jia	v.	зажимать
转动	zhuan:dong	v.	вращать
达不到	da:bu:dao	v.	не достичь
学业	xue:ye	n.	учёба
认可的	ren:ke:de	adj.	признанный
法庭	fa:ting	n.	суд
百合	bai:he	n.	лилия
幻影	huan:ying	n.	призрак
计入	ji:ru	v.	включать в
传统文化	chuan:tong:wen:hua	n.	традиционная культура
下级	xia:ji	n.	подчинённый
毛泽东思想	mao:ze:dong:si:xiang	n.	идеи Мао Цзэдуна
永不	yong:bu	adv.	никогда
横向	heng:xiang	adj.	горизонтальный
痛苦的	tong:ku:de	adj.	болезненный
上世纪	shang:shi:ji	n.	прошлый век
组成部分	zu:cheng:bu:fen	n.	составная часть
座谈	zuo:tan	v.	обсуждать
高等院校	gao:deng:yuan:xiao	n.	высшие учебные заведения
辞	ci	v.	прощаться
较多的	jiao:duo:de	adj.	сравнительно много
百货	bai:huo	n.	разные товары
又一次	you:yi:ci	adv.	ещё раз
胡锦涛	hu:jin:tao	n.	Ху Цзиньтао
无所谓	wu:suo:wei	v.	всё равно
不属于	bu:shu:yu	v.	не принадлежать
太过	tai:guo	adv.	слишком
诽谤	fei:bang	v.	клеветать
更强	geng:qiang	adj.	сильнее
摇滚	yao:gun	n.	рок
岸	an	n.	берег
小女孩	xiao:nv:hai	n.	девочка
灰尘	hui:chen	n.	пыль
深夜	shen:ye	n.	глубокая ночь
指点	zhi:dian	v.	указывать
层层	ceng:ceng	adv.	слой за слоем
辣椒	la:jiao	n.	перец чили
蓝天	lan:tian	n.	голубое небо
三峡	san:xia	n.	Три ущелья
无穷	wu:qiong	adj.	бесконечный
意识的	yi:shi:de	adj.	сознательный
往事	wang:shi	n.	прошлое
比率	bi:lv	n.	коэффициент
希腊	xi:la	n.	Греция
特意	te:yi	adv.	специально
传出	chuan:chu	v.	распространяться
后方	hou:fang	n.	тыл
另类	ling:lei	adj.	нестандартный
另类	ling:lei	n.	нестандарт
高质量	gao:zhi:liang	adj.	высококачественный
高新区	gao:xin:qu	n.	зона высоких технологий
假日	jia:ri	n.	выходной
界限	jie:xian	n.	граница
本领	ben:ling	n.	мастерство
岂	qi	adv.	разве
借口	jie:kou	n.	оправдание
借口	jie:kou	v.	ссылаться
美化	mei:hua	v.	приукрашивать
反抗	fan:kang	v.	сопротивляться
反抗	fan:kang	n.	сопротивление
软件名称	ruan:jian:ming:cheng	n.	название ПО
中介机构	zhong:jie:ji:gou	n.	посредническая организация
屈	qu	v.	преклоняться
屈	qu	v.	сгибать
步伐	bu:fa	n.	шаг
磨合	mo:he	v.	притирать
磨合	mo:he	n.	притирка
本科生	ben:ke:sheng	n.	студент бакалавриата
无论如何	wu:lun:ru:he	adv.	во что бы то ни стало
创新能力	chuang:xin:neng:li	n.	инновационный потенциал
称呼	cheng:hu	v.	называть
称呼	cheng:hu	n.	обращение
将要	jiang:yao	adv.	скоро
紧密结合	jin:mi:jie:he	v.	тесно сочетать
卖方	mai:fang	n.	продавец
首饰	shou:shi	n.	украшения
临近	lin:jin	v.	приближаться
片刻	pian:ke	n.	мгновение
怎么了	zen:me:le	int.	что случилось
管理规定	guan:li:gui:ding	n.	правила управления
子类	zi:lei	n.	подкласс
滑雪	hua:xue	v.	кататься на лыжах
恼	nao	v.	гневаться
恼	nao	adj.	раздражённый
二期	er:qi	n.	вторая очередь
刑事法律	xing:shi:fa:lv	n.	уголовное право
明明	ming:ming	adv.	явно
鲜明	xian:ming	adj.	отчётливый
鲜明	xian:ming	adj.	яркий
午餐	wu:can	n.	обед
穿上	chuan:shang	v.	надевать
合肥市	he:fei:shi	n.	Хэфэй
解放军	jie:fang:jun	n.	Народно-освободительная армия
帐篷	zhang:peng	n.	палатка
好吧	hao:ba	int.	ну ладно
哲	zhe	n.	философия (сокр.)
产能	chan:neng	n.	производственная мощность
党政	dang:zheng	n.	партия и правительство
三农	san:nong	n.	три сельские проблемы
抵制	di:zhi	v.	бойкотировать
接过	jie:guo	v.	принять
职业技能	zhi:ye:ji:neng	n.	профессиональные навыки
精神文明建设	jing:shen:wen:ming:jian:she	n.	духовное строительство
中国队	zhong:guo:dui	n.	китайская команда
术语	shu:yu	n.	терминология
区政府	qu:zheng:fu	n.	правительство района
骨头	gu:tou	n.	кость
排出	pai:chu	v.	выводить
召	zhao	v.	созывать
节假日	jie:jia:ri	n.	праздничные дни
递交	di:jiao	v.	подавать
硕士学位	shuo:shi:xue:wei	n.	магистерская степень
托盘	tuo:pan	n.	поднос
高新技术企业	gao:xin:ji:shu:qi:ye	n.	высокотехнологичное предприятие
增收	zeng:shou	v.	увеличивать доход
部分内容	bu:fen:nei:rong	n.	частичное содержание
餐馆	can:guan	n.	ресторан
相关产品	xiang:guan:chan:pin	n.	соответствующая продукция
甲醛	jia:quan	n.	формальдегид
点击查看	dian:ji:cha:kan	v.	нажмите для просмотра
丧	sang	v.	оплакивать
责任人	ze:ren:ren	n.	ответственное лицо
嘞	lei	part.	частица
增长率	zeng:zhang:lv	n.	темп роста
唐代	tang:dai	n.	династия Тан
图纸	tu:zhi	n.	чертёж
房地产业	fang:di:chan:ye	n.	отрасль недвижимости
多达	duo:da	adv.	вплоть до
伦理	lun:li	n.	этика
反垄断	fan:long:duan	v.	антимонопольный
八卦	ba:gua	n.	восемь триграмм
工业园	gong:ye:yuan	n.	промышленный парк
畅通	chang:tong	adj.	беспрепятственный
奇瑞	qi:rui	n.	Chery
尝	chang	v.	пробовать
商用	shang:yong	v.	коммерческое использование
多位	duo:wei	num.	несколько
毛巾	mao:jin	n.	полотенце
恭	gong	adj.	почтительный
狗狗	gou:gou	n.	собачка
异议	yi:yi	n.	возражение
钓鱼	diao:yu	v.	рыбалка
光泽	guang:ze	n.	блеск
甘肃省	gan:su:sheng	n.	провинция Ганьсу
正常使用	zheng:chang:shi:yong	n.	нормальное использование
重心	zhong:xin	n.	центр тяжести
患有	huan:you	v.	страдать
三楼	san:lou	num.	третий этаж
怀念	huai:nian	v.	вспоминать с ностальгией
青梅	qing:mei	n.	зелёная слива
外商投资	wai:shang:tou:zi	n.	иностранные инвестиции
极品	ji:pin	n.	высший сорт
不知不觉	bu:zhi:bu:jue	adv.	незаметно
分裂	fen:lie	v.	раскалываться
输送	shu:song	v.	транспортировать
华硕	hua:shuo	n.	Asus
完整性	wan:zheng:xing	n.	целостность
载	zai	v.	везти
束缚	shu:fu	v.	сковывать
面貌	mian:mao	n.	облик
误解	wu:jie	v.	неправильно понимать
交通运输	jiao:tong:yun:shu	n.	транспортные перевозки
刻意	ke:yi	adv.	намеренно
购房者	gou:fang:zhe	n.	покупатель жилья
管理模式	guan:li:mo:shi	n.	модель управления
纸张	zhi:zhang	n.	бумага
新一轮	xin:yi:lun	n.	новый раунд
生产工艺	sheng:chan:gong:yi	n.	технология производства
几家	ji:jia	num.	несколько семей
武术	wu:shu	n.	боевые искусства
瘦	shou	adj.	худой
大局	da:ju	n.	общая обстановка
譬如	pi:ru	v.	например
桃花	tao:hua	n.	цветок персика
皆	jie	adv.	все
教堂	jiao:tang	n.	церковь
增速	zeng:su	n.	темп роста
网络安全	wang:luo:an:quan	n.	кибербезопасность
研究开发	yan:jiu:kai:fa	n.	научные разработки
颇	po	adv.	довольно
银色	yin:se	n.	серебристый цвет
恶魔	e:mo	n.	демон
问候	wen:hou	v.	приветствовать
创造力	chuang:zao:li	n.	творческая способность
挂钩	gua:gou	v.	подвешивать
作弊	zuo:bi	v.	жульничать
发作	fa:zuo	v.	приступать
茫	mang	adj.	обширный
服务机构	fu:wu:ji:gou	n.	обслуживающая организация
因子	yin:zi	n.	фактор
年会	nian:hui	n.	ежегодное собрание
三角	san:jiao	n.	треугольник
均价	jun:jia	n.	средняя цена
流水	liu:shui	n.	течение воды
流水	liu:shui	n.	оборот
笑声	xiao:sheng	n.	смех
未经许可	wei:jing:xu:ke	v.	без разрешения
选出	xuan:chu	v.	избирать
社会治安	she:hui:zhi:an	n.	общественная безопасность
预警	yu:jing	n.	раннее предупреждение
还款	huan:kuan	v.	погашать долг
小弟	xiao:di	n.	младший брат
越野车	yue:ye:che	n.	внедорожник
屁股	pi:gu	n.	ягодицы
中央军委	zhong:yang:jun:wei	n.	Центральный военный совет
台北	tai:bei	n.	Тайбэй
不具备	bu:ju:bei	v.	не обладать
保姆	bao:mu	n.	няня
滞后	zhi:hou	v.	отставать
多谢	duo:xie	v.	большое спасибо
染	ran	v.	красить
染	ran	v.	заразиться
毛病	mao:bing	n.	дефект
毛病	mao:bing	n.	болезнь
工作会议	gong:zuo:hui:yi	n.	рабочее совещание
突出问题	tu:chu:wen:ti	n.	острая проблема
听众	ting:zhong	n.	слушатели
大臣	da:chen	n.	министр
聘任	pin:ren	v.	назначать на должность
无锡市	wu:xi:shi	n.	город Уси
发光	fa:guang	v.	светиться
前沿	qian:yan	n.	передний край
下发	xia:fa	v.	рассылать
政治部	zheng:zhi:bu	n.	политический отдел
密集	mi:ji	adj.	плотный
企业所得税	qi:ye:suo:de:shui	n.	налог на прибыль предприятий
相差	xiang:cha	v.	отличаться на
源码	yuan:ma	n.	исходный код
早日	zao:ri	adv.	как можно скорее
肃	su	adj.	торжественный
自律	zi:lv	n.	самодисциплина
爱上	ai:shang	v.	влюбиться в
工业园区	gong:ye:yuan:qu	n.	промышленный парк
主意	zhu:yi	n.	идея
膨胀	peng:zhang	v.	расширяться
提名	ti:ming	v.	выдвигать кандидатуру
爽	shuang	adj.	освежающий
共和国	gong:he:guo	n.	республика
向导	xiang:dao	n.	проводник
浮动	fu:dong	v.	колебаться
单片机	dan:pian:ji	n.	микроконтроллер
冰雪	bing:xue	n.	лед и снег
移植	yi:zhi	v.	пересаживать
移植	yi:zhi	n.	трансплантация
冷漠	leng:mo	adj.	равнодушный
亏	kui	v.	терпеть убыток
亏	kui	v.	не доставать
最高人民法院	zui:gao:ren:min:fa:yuan	n.	Верховный народный суд
法医	fa:yi	n.	судебный медик
商业贿赂	shang:ye:hui:lu	n.	коммерческий подкуп
轻微	qing:wei	adj.	незначительный
历经	li:jing	v.	пережить
注定	zhu:ding	v.	быть обречённым
催化剂	cui:hua:ji	n.	катализатор
梦见	meng:jian	v.	видеть во сне
鞋子	xie:zi	n.	обувь
三层	san:ceng	num.	три слоя
未成年	wei:cheng:nian	n.	несовершеннолетие
千里	qian:li	num.	тысяча ли
限定	xian:ding	v.	ограничивать
雇员	gu:yuan	n.	наёмный работник
机动	ji:dong	adj.	мобильный
机动	ji:dong	n.	моторизованный
地块	di:kuai	n.	участок земли
犯罪嫌疑人	fan:zui:xian:yi:ren	n.	подозреваемый
获利	huo:li	v.	извлекать выгоду
风暴	feng:bao	n.	буря
抽查	chou:cha	v.	выборочная проверка
吞	tun	v.	глотать
历代	li:dai	n.	последующие династии
汉化	han:hua	v.	китаизировать
拷贝	kao:bei	v.	копировать
拷贝	kao:bei	n.	копия
闪烁	shan:shuo	v.	мерцать
海报	hai:bao	n.	плакат
进一步的	jin:yi:bu:de	adj.	дальнейший
上周	shang:zhou	n.	прошлая неделя
康熙	kang:xi	n.	Канси
爱护	ai:hu	v.	беречь
财力	cai:li	n.	финансовые средства
数据线	shu:ju:xian	n.	кабель передачи данных
墙壁	qiang:bi	n.	стена
有效性	you:xiao:xing	n.	эффективность
一圈	yi:quan	num.	один круг
面膜	mian:mo	n.	маска для лица
继续教育	ji:xu:jiao:yu	n.	непрерывное образование
丁香	ding:xiang	n.	сирень
丁香	ding:xiang	n.	гвоздика
人事局	ren:shi:ju	n.	управление кадров
按住	an:zhu	v.	прижать
哭泣	ku:qi	v.	плакать
缺口	que:kou	n.	пробел
缺口	que:kou	n.	вырез
出租车	chu:zu:che	n.	такси
童年	tong:nian	n.	детство
惹	re	v.	раздражать
新兴	xin:xing	adj.	новый
本店	ben:dian	n.	наш магазин
银币	yin:bi	n.	серебряная монета
哀	ai	adj.	печальный
一直以来	yi:zhi:yi:lai	adv.	всё время
色调	se:diao	n.	цветовой тон
风华	feng:hua	n.	изящество
客车	ke:che	n.	автобус
顺德	shun:de	n.	Шуньдэ
在意	zai:yi	v.	обращать внимание
洪水	hong:shui	n.	наводнение
突发	tu:fa	v.	вспыхнуть
典雅	dian:ya	adj.	элегантный
房型	fang:xing	n.	тип квартиры
青山	qing:shan	n.	зелёная гора
核心竞争力	he:xin:jing:zheng:li	n.	ключевая конкурентоспособность
细则	xi:ze	n.	подробные правила
数字电视	shu:zi:dian:shi	n.	цифровое телевидение
步行	bu:xing	v.	идти пешком
基本原则	ji:ben:yuan:ze	n.	основной принцип
回国	hui:guo	v.	вернуться на родину
处长	chu:zhang	n.	начальник отдела
裤子	ku:zi	n.	брюки
代办	dai:ban	v.	действовать по поручению
所持	suo:chi	n.	владение
两极	liang:ji	n.	оба полюса
总分	zong:fen	n.	общий счёт
歧视	qi:shi	v.	дискриминировать
有空	you:kong	adj.	иметь свободное время
乔	qiao	n.	Цяо
时时	shi:shi	adv.	постоянно
传承	chuan:cheng	v.	передавать
大面积	da:mian:ji	adj.	большой площади
趁	chen	prep.	пока
储蓄	chu:xu	n.	сбережения
蚂蚁	ma:yi	n.	муравей
周杰伦	zhou:jie:lun	n.	Джей Чоу
福田区	fu:tian:qu	n.	район Футянь
铺	pu	v.	расстилать
剂量	ji:liang	n.	дозировка
工业企业	gong:ye:qi:ye	n.	промышленное предприятие
六合彩	liu:he:cai	n.	лотерея «Марк Сикс»
绝大部分	jue:da:bu:fen	n.	подавляющее большинство
电工	dian:gong	n.	электрик
镜子	jing:zi	n.	зеркало
互助	hu:zhu	v.	взаимопомощь
招投标	zhao:tou:biao	n.	тендер
党和国家	dang:he:guo:jia	n.	партия и государство
最先进	zui:xian:jin	adj.	самый передовой
服务费	fu:wu:fei	n.	плата за обслуживание
电子信箱	dian:zi:xin:xiang	n.	электронная почта
产品介绍	chan:pin:jie:shao	n.	презентация продукта
传授	chuan:shou	v.	преподавать
信件	xin:jian	n.	письмо
培训机构	pei:xun:ji:gou	n.	учебное заведение
两类	liang:lei	num.	два типа
用餐	yong:can	v.	принимать пищу
好人	hao:ren	n.	хороший человек
法律援助	fa:lv:yuan:zhu	n.	правовая помощь
宏观	hong:guan	adj.	макроскопический
高一	gao:yi	n.	первый класс старшей школы
窗帘	chuang:lian	n.	штора
安心	an:xin	adj.	спокойный
王先生	wang:xian:sheng	n.	г-н Ван
出入	chu:ru	v.	входить и выходить
大军	da:jun	n.	большая армия
分销	fen:xiao	v.	распределять
诚实	cheng:shi	adj.	честный
脏	zang	adj.	грязный
吕	lv	n.	Люй (фамилия)
号召	hao:zhao	v.	призывать
奖	jiang	v.	награда
奖	jiang	n.	премия
芯片组	xin:pian:zu	n.	чипсет
深情	shen:qing	n.	глубокая привязанность
余年	yu:nian	n.	оставшиеся годы
地名	di:ming	n.	топоним
猴子	hou:zi	n.	обезьяна
倍	bei	mw.	раз
全面推进	quan:mian:tui:jin	v.	всесторонне продвигать
管理处	guan:li:chu	n.	управление
改良	gai:liang	v.	улучшать
把手	ba:shou	n.	ручка
个个	ge:ge	pron.	каждый
中年	zhong:nian	n.	средний возраст
四月	si:yue	n.	апрель
汤	tang	n.	суп
担忧	dan:you	v.	беспокоиться
掀起	xian:qi	v.	поднимать
振	zhen	v.	трясти
信息化建设	xin:xi:hua:jian:she	n.	информатизация
本能	ben:neng	n.	инстинкт
本能	ben:neng	adj.	инстинктивный
轻轻地	qing:qing:de	adv.	легко
为民	wei:min	v.	ради народа
同伴	tong:ban	n.	спутник
点播	dian:bo	v.	заказывать (передачу)
应用软件	ying:yong:ruan:jian	n.	прикладное ПО
婷	ting	n.	Тин
学问	xue:wen	n.	учёность
高质量的	gao:zhi:liang:de	adj.	высококачественный
红外	hong:wai	n.	инфракрасный
炎症	yan:zheng	n.	воспаление
开幕	kai:mu	v.	открываться
前台	qian:tai	n.	ресепшн
差额	cha:e	n.	разница
城市化	cheng:shi:hua	n.	урбанизация
卸载	xie:zai	v.	удалять
新西兰	xin:xi:lan	n.	Новая Зеландия
使用时	shi:yong:shi	adv.	при использовании
背包	bei:bao	n.	рюкзак
这一天	zhe:yi:tian	n.	этот день
神仙	shen:xian	n.	бессмертный
第八章	di:ba:zhang	n.	глава восемь
有以下	you:yi:xia	v.	включать следующее
并把	bing:ba	conj.	и
实地	shi:di	adv.	на месте
项目名称	xiang:mu:ming:cheng	n.	название проекта
转自	zhuan:zi	v.	перепечатано из
办公厅	ban:gong:ting	n.	канцелярия
还有很多	hai:you:hen:duo	adv.	есть ещё много
处罚的	chu:fa:de	adj.	наказательный
再有	zai:you	conj.	кроме того
单项	dan:xiang	n.	отдельный пункт
小企业	xiao:qi:ye	n.	малое предприятие
功力	gong:li	n.	мастерство
竟是	jing:shi	adv.	в действительности быть
月经	yue:jing	n.	менструация
极大的	ji:da:de	adj.	огромный
剧本	ju:ben	n.	сценарий
起码	qi:ma	adv.	по крайней мере
率领	shuai:ling	v.	возглавлять
一致的	yi:zhi:de	adj.	единый
手持	shou:chi	adj.	ручной
改编	gai:bian	v.	адаптировать
死者	si:zhe	n.	погибший
应届毕业生	ying:jie:bi:ye:sheng	n.	выпускник этого года
代号	dai:hao	n.	кодовое имя
一分	yi:fen	num.	одна минута
一分	yi:fen	num.	один цент
打出	da:chu	v.	ударить
也对	ye:dui	adv.	тоже верно
服侍	fu:shi	v.	служить
驾驶证	jia:shi:zheng	n.	водительские права
两句	liang:ju	num.	две фразы
太空	tai:kong	n.	космос
成千上万	cheng:qian:shang:wan	num.	тысячи
佛法	fo:fa	n.	буддийское учение
热水器	re:shui:qi	n.	водонагреватель
持股	chi:gu	v.	владеть акциями
选择题	xuan:ze:ti	n.	тестовый вопрос
到货	dao:huo	v.	прибывать (о товаре)
庞大	pang:da	adj.	огромный
饮水	yin:shui	v.	пить воду
名家	ming:jia	n.	мастер
文科	wen:ke	n.	гуманитарные науки
牢	lao	adj.	прочный
牢	lao	n.	тюрьма
扰	rao	v.	беспокоить
归属	gui:shu	n.	принадлежность
第二十八条	di:er:shi:ba:tiao	n.	статья 28
投注	tou:zhu	v.	ставить
衣物	yi:wu	n.	одежда
猪肉	zhu:rou	n.	свинина
单据	dan:ju	n.	квитанция
一页	yi:ye	n.	одна страница
溜	liu	v.	улизнуть
溜	liu	adj.	гладкий
大王	da:wang	n.	великий князь
大王	dai:wang	n.	великий князь
建筑业	jian:zhu:ye	n.	строительная отрасль
一件事	yi:jian:shi	n.	одно дело
社会效益	she:hui:xiao:yi	n.	социальная выгода
工作经历	gong:zuo:jing:li	n.	опыт работы
小事	xiao:shi	n.	мелочь
征服	zheng:fu	v.	завоёвывать
竞价	jing:jia	v.	торговаться
招募	zhao:mu	v.	вербовать
庞	pang	adj.	огромный
插槽	cha:cao	n.	слот
臭	chou	adj.	вонючий
调查研究	diao:cha:yan:jiu	n.	исследование
上前	shang:qian	v.	выступить вперёд
电阻	dian:zu	n.	сопротивление
供养	gong:yang	v.	содержать
供养	gong:yang	v.	приносить дары
悦	yue	adj.	радостный
历时	li:shi	v.	длиться
初次	chu:ci	n.	впервые
如来	ru:lai	n.	Татхагата
复印	fu:yin	v.	ксерокопировать
私服	si:fu	n.	частный сервер
四方	si:fang	n.	все стороны
净利润	jing:li:run	n.	чистая прибыль
朝廷	chao:ting	n.	двор
抽象	chou:xiang	adj.	абстрактный
估价	gu:jia	v.	оценивать
汇率	hui:lv	n.	валютный курс
应聘者	ying:pin:zhe	n.	соискатель
赫	he	mw.	герц
设为首页	she:wei:shou:ye	v.	установить домашней страницей
下半年	xia:ban:nian	n.	второе полугодие
提供商	ti:gong:shang	n.	поставщик
赢	ying	v.	выигрывать
下旬	xia:xun	n.	последняя декада
农业银行	nong:ye:yin:hang	n.	сельскохозяйственный банк
造价	zao:jia	n.	сметная стоимость
极度	ji:du	adv.	крайне
贵公司	gui:gong:si	n.	ваша фирма
总算	zong:suan	adv.	наконец-то
谈论	tan:lun	v.	обсуждать
视察	shi:cha	v.	инспектировать
雪山	xue:shan	n.	снежная гора
有条件的	you:tiao:jian:de	adj.	условный
少的	shao:de	adj.	мало
神色	shen:se	n.	выражение лица
黄页	huang:ye	n.	жёлтые страницы
模范	mo:fan	n.	образец
提及	ti:ji	v.	упоминать
推理	tui:li	n.	умозаключение
明了	ming:liao	adj.	ясный
跪	gui	v.	становиться на колени
失落	shi:luo	adj.	потерянный
除去	chu:qu	v.	удалять
科技进步	ke:ji:jin:bu	n.	научно-технический прогресс
麦	mai	n.	пшеница
真人	zhen:ren	n.	настоящий человек
抛弃	pao:qi	v.	бросать
指针	zhi:zhen	n.	указатель
必定	bi:ding	adv.	непременно
去世	qu:shi	v.	скончаться
点点头	dian:dian:tou	v.	кивать
新闻媒体	xin:wen:mei:ti	n.	средства массовой информации
枝	zhi	mw.	ветка
教育工作	jiao:yu:gong:zuo	n.	просветительская работа
沙拉	sha:la	n.	салат
输入法	shu:ru:fa	n.	метод ввода
类似于	lei:si:yu	v.	быть похожим на
阅读次数	yue:du:ci:shu	n.	количество просмотров
何处	he:chu	pron.	где
量化	liang:hua	v.	количественно измерять
和弦	he:xian	n.	аккорд
嘴巴	zui:ba	n.	рот
风险投资	feng:xian:tou:zi	n.	венчурный капитал
昂贵	ang:gui	adj.	дорогой
开会	kai:hui	v.	проводить собрание
发音	fa:yin	v.	произносить
发音	fa:yin	n.	произношение
教学内容	jiao:xue:nei:rong	n.	содержание обучения
预先	yu:xian	adv.	заранее
城里	cheng:li	n.	в городе
姐妹	jie:mei	n.	сёстры
拯救	zheng:jiu	v.	спасать
调查报告	diao:cha:bao:gao	n.	отчёт об исследовании
侠	xia	n.	рыцарь
第十	di:shi	num.	десятый
济南市	ji:nan:shi	n.	Цзинань
有线电视	you:xian:dian:shi	n.	кабельное телевидение
上游	shang:you	n.	верховье
终点站	zhong:dian:zhan	n.	конечная станция
泉	quan	n.	родник
结构调整	jie:gou:tiao:zheng	n.	структурная перестройка
派遣	pai:qian	v.	направлять
勇敢	yong:gan	adj.	храбрый
劫	jie	n.	грабёж
菜鸟	cai:niao	n.	новичок
某人	mou:ren	n.	некий человек
一旁	yi:pang	n.	сторона
入境	ru:jing	v.	въезд в страну
风扇	feng:shan	n.	вентилятор
沙滩	sha:tan	n.	пляж
不曾	bu:ceng	adv.	никогда
天真	tian:zhen	adj.	наивный
刹车	sha:che	v.	тормозить
刹车	sha:che	n.	тормоз
炎	yan	n.	воспаление
炎	yan	n.	пламя
游泳池	you:yong:chi	n.	бассейн
游人	you:ren	n.	турист
冰冷	bing:leng	adj.	ледяной
手套	shou:tao	n.	перчатки
兔子	tu:zi	n.	заяц
况且	kuang:qie	conj.	к тому же
负有	fu:you	v.	нести
穷人	qiong:ren	n.	бедняк
运算	yun:suan	n.	вычисление
运算	yun:suan	v.	вычислять
泥	ni	n.	грязь
畅销	chang:xiao	adj.	ходовой
呕吐	ou:tu	v.	рвать
排水	pai:shui	v.	осушать
排水	pai:shui	n.	дренаж
毁灭	hui:mie	v.	уничтожать
毁灭	hui:mie	n.	уничтожение
赌	du	v.	биться об заклад
另行	ling:xing	adv.	отдельно
弓	gong	n.	лук
美金	mei:jin	n.	доллар
苏州市	su:zhou:shi	n.	Сучжоу
中国银行	zhong:guo:yin:hang	n.	Банк Китая
工行	gong:hang	n.	СДиБК
学习型	xue:xi:xing	adj.	обучающийся
魏	wei	n.	Вэй
水产	shui:chan	n.	гидробионты
该校	gai:xiao	n.	данное учебное заведение
罩	zhao	v.	покрывать
口碑	kou:bei	n.	репутация
管理人	guan:li:ren	n.	управляющий
文化产业	wen:hua:chan:ye	n.	индустрия культуры
交通管理	jiao:tong:guan:li	n.	управление дорожным движением
备用	bei:yong	adj.	запасной
飞扬	fei:yang	v.	взлетать
光辉	guang:hui	n.	сияние
感应	gan:ying	v.	воспринимать
规程	gui:cheng	n.	правила
疯子	feng:zi	n.	сумасшедший
管理学	guan:li:xue	n.	менеджмент
民俗	min:su	n.	фольклор
昔日	xi:ri	n.	былые дни
疾	ji	n.	болезнь
涉外	she:wai	adj.	связанный с заграницей
吃惊	chi:jing	v.	удивляться
工作环境	gong:zuo:huan:jing	n.	условия труда
自治	zi:zhi	n.	автономия
中国科学院	zhong:guo:ke:xue:yuan	n.	Китайская академия наук
惊人	jing:ren	adj.	удивительный
整机	zheng:ji	n.	целая машина
饰	shi	v.	украшать
符	fu	n.	символ
垂	chui	v.	свисать
邪恶	xie:e	adj.	злой
做工	zuo:gong	n.	работа (исполнение)
大唐	da:tang	n.	династия Тан
墙面	qiang:mian	n.	поверхность стены
最大化	zui:da:hua	v.	максимизировать
抗日	kang:ri	v.	сопротивление Японии
水稻	shui:dao	n.	рис
哪种	na:zhong	pron.	какой вид
教学质量	jiao:xue:zhi:liang	n.	качество обучения
渲染	xuan:ran	v.	выполнять рендеринг
渲染	xuan:ran	v.	преувеличивать
制备方法	zhi:bei:fang:fa	n.	метод получения
分明	fen:ming	adj.	отчётливый
分明	fen:ming	adv.	явно
平和	ping:he	adj.	мягкий
牌照	pai:zhao	n.	лицензия
名师	ming:shi	n.	знаменитый учитель
代表大会	dai:biao:da:hui	n.	съезд
湿地	shi:di	n.	водно-болотное угодье
民办	min:ban	adj.	частный
本国	ben:guo	n.	своя страна
学说	xue:shuo	n.	учение
最短	zui:duan	adj.	самый короткий
铸造	zhu:zao	v.	лить
广告公司	guang:gao:gong:si	n.	рекламное агентство
成年	cheng:nian	v.	достигать совершеннолетия
成年	cheng:nian	adj.	совершеннолетний
潜水	qian:shui	n.	подводное плавание
潜水	qian:shui	v.	погружаться
日趋	ri:qu	adv.	с каждым днём
简便	jian:bian	adj.	простой и удобный
柜台	gui:tai	n.	прилавок
高等	gao:deng	adj.	высший
冷却	leng:que	v.	охлаждать
映	ying	v.	отражать
映	ying	v.	демонстрировать
背面	bei:mian	n.	оборотная сторона
退回	tui:hui	v.	возвращать
校友	xiao:you	n.	выпускник
李先生	li:xian:sheng	n.	г-н Ли
发表日期	fa:biao:ri:qi	n.	дата публикации
欢喜	huan:xi	adj.	радостный
偏差	pian:cha	n.	отклонение
涨价	zhang:jia	v.	повышать цены
漠	mo	adj.	равнодушный
相爱	xiang:ai	v.	любить друг друга
脖	bo	n.	шея
一举	yi:ju	n.	одним махом
造就	zao:jiu	v.	выпускать
演变	yan:bian	v.	эволюционировать
演变	yan:bian	n.	эволюция
水上	shui:shang	n.	на воде
山路	shan:lu	n.	горная дорога
经理人	jing:li:ren	n.	управляющий
非凡	fei:fan	adj.	выдающийся
八个	ba:ge	num.	восемь
饮	yin	v.	пить
沿	yan	prep.	вдоль
沿	yan	v.	следовать
灾害	zai:hai	n.	стихийное бедствие
粘贴	zhan:tie	v.	вставлять
显现	xian:xian	v.	проявляться
力气	li:qi	n.	сила
初一	chu:yi	n.	первый день лунного года
初一	chu:yi	n.	первый год средней школы
众所周知	zhong:suo:zhou:zhi	v.	как общеизвестно
活泼	huo:po	adj.	живой
电厂	dian:chang	n.	электростанция
岩石	yan:shi	n.	горная порода
源代码	yuan:dai:ma	n.	исходный код
信息产业	xin:xi:chan:ye	n.	информационная индустрия
黄蜂	huang:feng	n.	оса
遗址	yi:zhi	n.	руины
资费	zi:fei	n.	тарифы
心愿	xin:yuan	n.	желание
懒	lan	adj.	ленивый
肤	fu	n.	кожа
口令	kou:ling	n.	пароль
口令	kou:ling	n.	команда
操纵	cao:zong	v.	манипулировать
郊区	jiao:qu	n.	пригород
战斗力	zhan:dou:li	n.	боеспособность
桑	sang	n.	шелковица
大型企业	da:xing:qi:ye	n.	крупное предприятие
下班	xia:ban	v.	заканчивать работу
冷冷	leng:leng	adv.	холодно
堪	kan	v.	выносить
燃	ran	v.	гореть
卓	zhuo	adj.	выдающийся
对冲	dui:chong	v.	хеджировать
慎重	shen:zhong	adj.	осторожный
网络技术	wang:luo:ji:shu	n.	сетевые технологии
重大问题	zhong:da:wen:ti	n.	важная проблема
创始人	chuang:shi:ren	n.	основатель
世界各地	shi:jie:ge:di	n.	во всём мире
优美的	you:mei:de	adj.	изящный
精细	jing:xi	adj.	тонкий
着急	zhao:ji	v.	волноваться
倘若	tang:ruo	conj.	если
湖泊	hu:po	n.	озеро
其后	qi:hou	adv.	после этого
想不到	xiang:bu:dao	v.	не ожидать
蔓延	man:yan	v.	распространяться
五一	wu:yi	n.	Первомай
最新版	zui:xin:ban	n.	новейшая версия
小人	xiao:ren	n.	подлый человек
债务人	zhai:wu:ren	n.	должник
搜索结果	sou:suo:jie:guo	n.	результаты поиска
日元	ri:yuan	n.	японская иена
气象台	qi:xiang:tai	n.	метеорологическая станция
门店	men:dian	n.	магазин
子弹	zi:dan	n.	пуля
祝	zhu	v.	желать
莫名其妙	mo:ming:qi:miao	adj.	непонятный
清风	qing:feng	n.	свежий ветер
几百	ji:bai	num.	несколько сотен
支配	zhi:pei	v.	контролировать
支配	zhi:pei	n.	контроль
平淡	ping:dan	adj.	пресный
平原	ping:yuan	n.	равнина
第二十九条	di:er:shi:jiu:tiao	num.	29-й
第六	di:liu	num.	шестой
数据结构	shu:ju:jie:gou	n.	структура данных
偷偷	tou:tou	adv.	тайком
源头	yuan:tou	n.	источник
中东	zhong:dong	n.	Ближний Восток
赖	lai	v.	сваливать вину
制药	zhi:yao	v.	производить лекарства
项链	xiang:lian	n.	ожерелье
一年级	yi:nian:ji	n.	первый класс
下游	xia:you	n.	нижнее течение
掏出	tao:chu	v.	вынуть
明月	ming:yue	n.	яркая луна
呼唤	hu:huan	v.	звать
声称	sheng:cheng	v.	утверждать
民工	min:gong	n.	рабочий-мигрант
支内	zhi:nei	v.	поддерживать внутренние районы
网名	wang:ming	n.	сетевое имя
周刊	zhou:kan	n.	еженедельник
名额	ming:e	n.	квота
项目建设	xiang:mu:jian:she	n.	строительство проектов
东海	dong:hai	n.	Восточно-Китайское море
书名	shu:ming	n.	название книги
本田	ben:tian	n.	Хонда
区域内	qu:yu:nei	n.	внутри региона
街上	jie:shang	n.	на улице
星期六	xing:qi:liu	n.	суббота
附属	fu:shu	adj.	прилагательный
外科	wai:ke	n.	хирургия
香烟	xiang:yan	n.	сигарета
良性	liang:xing	adj.	доброкачественный
马路	ma:lu	n.	дорога
高雅	gao:ya	adj.	изысканный
改动	gai:dong	v.	изменять
改动	gai:dong	n.	изменение
劳动关系	lao:dong:guan:xi	n.	трудовые отношения
灯具	deng:ju	n.	осветительный прибор
证券公司	zheng:quan:gong:si	n.	ценнобумажная компания
根源	gen:yuan	n.	корень
出场	chu:chang	v.	выходить на сцену
过敏	guo:min	v.	страдать аллергией
过敏	guo:min	adj.	аллергический
改建	gai:jian	v.	перестраивать
考试成绩	kao:shi:cheng:ji	n.	результаты экзамена
适用范围	shi:yong:fan:wei	n.	область применения
宾	bin	n.	гость
必需	bi:xu	adj.	необходимый
质感	zhi:gan	n.	фактура
党内	dang:nei	n.	внутри партии
两款	liang:kuan	num.	две модели
耗材	hao:cai	n.	расходные материалы
初级会员	chu:ji:hui:yuan	n.	базовый участник
先进技术	xian:jin:ji:shu	n.	передовые технологии
户籍	hu:ji	n.	домашняя прописка
荣誉勋章	rong:yu:xun:zhang	n.	медаль почёта
生产技术	sheng:chan:ji:shu	n.	технология производства
阿里巴巴	a:li:ba:ba	n.	Alibaba
偏偏	pian:pian	adv.	нарочно
高品质	gao:pin:zhi	adj.	высокое качество
程序员	cheng:xu:yuan	n.	программист
贾	jia	n.	Цзя (фамилия)
两点	liang:dian	num.	два часа
灵活性	ling:huo:xing	n.	гибкость
性欲	xing:yu	n.	половое влечение
搅拌	jiao:ban	v.	перемешивать
电容	dian:rong	n.	электроёмкость
延迟	yan:chi	v.	задерживать
为人民服务	wei:ren:min:fu:wu	v.	служить народу
使用权	shi:yong:quan	n.	право пользования
血压	xie:ya	n.	кровяное давление
血压	xue:ya	n.	кровяное давление
恶劣	e:lie	adj.	скверный
本系统	ben:xi:tong	n.	данная система
勤奋	qin:fen	adj.	усердный
舰队	jian:dui	n.	флот
浴室	yu:shi	n.	ванная
累积	lei:ji	v.	накапливать
喘	chuan	v.	задыхаться
电线	dian:xian	n.	провод
徘徊	pai:huai	v.	бродить
焰	yan	n.	пламя
吵	chao	adj.	шумный
控制面板	kong:zhi:mian:ban	n.	панель управления
先进单位	xian:jin:dan:wei	n.	передовое подразделение
沿途	yan:tu	adv.	по пути
变态	bian:tai	adj.	извращённый
班长	ban:zhang	n.	староста
冥	ming	adj.	тёмный
转速	zhuan:su	n.	частота вращения
下载说明	xia:zai:shuo:ming	n.	инструкция по загрузке
消化	xiao:hua	v.	переваривать
精子	jing:zi	n.	сперматозоид
越来越大	yue:lai:yue:da	adj.	всё больше
不同程度	bu:tong:cheng:du	n.	разные степени
耳边	er:bian	n.	у ушей
无敌	wu:di	adj.	непобедимый
隆重	long:zhong	adj.	торжественный
鞋	xie	n.	обувь
逸	yi	adj.	беззаботный
数据类型	shu:ju:lei:xing	n.	тип данных
报社	bao:she	n.	редакция газеты
学生们	xue:sheng:men	n.	студенты
果实	guo:shi	n.	плод
这几天	zhe:ji:tian	n.	последние дни
短缺	duan:que	v.	не хватать
提成	ti:cheng	n.	процент отчислений
情趣	qing:qu	n.	интерес
高大	gao:da	adj.	высокий и крупный
初审	chu:shen	n.	первая инстанция
板材	ban:cai	n.	плитный материал
全天	quan:tian	n.	весь день
工地	gong:di	n.	стройплощадка
金刚	jin:gang	n.	ваджра
整洁	zheng:jie	adj.	опрятный
公共卫生	gong:gong:wei:sheng	n.	общественное здравоохранение
实实在在	shi:shi:zai:zai	adj.	честный
以至于	yi:zhi:yu	conj.	так что
国庆	guo:qing	n.	национальный праздник
库	ku	n.	склад
几十年	ji:shi:nian	num.	несколько десятилетий
安定	an:ding	adj.	стабильный
师兄	shi:xiong	n.	старший соученик
裤	ku	n.	брюки
危险化学品	wei:xian:hua:xue:pin	n.	опасное химическое вещество
就读	jiu:du	v.	учиться
团组织	tuan:zu:zhi	n.	организация комсомола
民国	min:guo	n.	Китайская Республика
并发	bing:fa	v.	одновременный
上一主题	shang:yi:zhu:ti	n.	предыдущая тема
下一主题	xia:yi:zhu:ti	n.	следующая тема
专家组	zhuan:jia:zu	n.	группа экспертов
八年	ba:nian	num.	восемь лет
楼市	lou:shi	n.	рынок недвижимости
马克思	ma:ke:si	n.	Маркс
出来了	chu:lai:le	v.	выйти
碗	wan	n.	миска
美景	mei:jing	n.	красивый пейзаж
首席执行官	shou:xi:zhi:xing:guan	n.	генеральный директор
等候	deng:hou	v.	ждать
在乎	zai:hu	v.	важно для
航	hang	n.	авиация
航	hang	v.	плыть
以防	yi:fang	conj.	на случай
积极探索	ji:ji:tan:suo	v.	активно исследовать
我给	wo:gei	v.	я даю
平行	ping:xing	adj.	параллельный
让孩子	rang:hai:zi	v.	позволить ребёнку
她又	ta:you	adv.	она снова
就想	jiu:xiang	adv.	только хочет
旗帜	qi:zhi	n.	знамя
叫声	jiao:sheng	n.	крик
生产者	sheng:chan:zhe	n.	производитель
踢	ti	v.	пинать
排队	pai:dui	v.	стоять в очереди
比喻	bi:yu	n.	метафора
比喻	bi:yu	v.	сравнивать
流动性	liu:dong:xing	n.	ликвидность
流动性	liu:dong:xing	n.	подвижность
减弱	jian:ruo	v.	ослабевать
富含	fu:han	v.	богатый на
非常重要	fei:chang:zhong:yao	adj.	очень важный
过错	guo:cuo	n.	ошибка
奶油	nai:you	n.	сливки
速度快	su:du:kuai	adj.	быстрый
吓得	xia:de	v.	до испуга
繁华	fan:hua	adj.	оживлённый
点点	dian:dian	n.	немного
麻醉药品	ma:zui:yao:pin	n.	наркотик
姨	yi	n.	тётя
将我	jiang:wo	v.	меня
还为	hai:wei	conj.	ещё для
必不可少	bi:bu:ke:shao	adj.	неотъемлемый
台州	tai:zhou	n.	Тайчжоу
实施办法	shi:shi:ban:fa	n.	метод осуществления
就在于	jiu:zai:yu	v.	именно заключается в
追逐	zhui:zhu	v.	гнаться за
炼油厂	lian:you:chang	n.	нефтеперерабатывающий завод
它会	ta:hui	part.	оно будет
通常是	tong:chang:shi	v.	обычно является
还有什么	hai:you:shen:me	pron.	что ещё
有你	you:ni	v.	есть ты
不觉	bu:jue	adv.	невольно
合作关系	he:zuo:guan:xi	n.	отношения сотрудничества
国有股	guo:you:gu	n.	государственные акции
片段	pian:duan	n.	фрагмент
酸	suan	adj.	кислый
并根据	bing:gen:ju	conj.	и согласно
我做	wo:zuo	v.	я делаю
一二三四	yi:er:san:si	num.	один два три четыре
与服务	yu:fu:wu	v.	и служить
几乎没有	ji:hu:mei:you	adv.	почти нет
啸	xiao	v.	выть
啸	xiao	n.	свист
对立	dui:li	n.	противостояние
对立	dui:li	v.	противостоять
薄弱	bo:ruo	adj.	слабый
死后	si:hou	adv.	после смерти
峡谷	xia:gu	n.	ущелье
季度	ji:du	n.	квартал
玄武	xuan:wu	n.	Сюаньу
龄	ling	n.	возраст
工程质量	gong:cheng:zhi:liang	n.	качество строительства
文化部	wen:hua:bu	n.	министерство культуры
阁	ge	n.	башня
合同约定	he:tong:yue:ding	n.	договорное условие
绿茶	lv:cha	n.	зелёный чай
未经同意	wei:jing:tong:yi	prep.	без согласия
舌	she	n.	язык
崩溃	beng:kui	v.	рухнуть
设为	she:wei	v.	установить как
拖欠	tuo:qian	v.	задерживать выплату
大力支持	da:li:zhi:chi	v.	активно поддерживать
相关内容	xiang:guan:nei:rong	n.	соответствующее содержание
流入	liu:ru	v.	втекать
例外	li:wai	n.	исключение
要好	yao:hao	adj.	близкий
多少钱	duo:shao:qian	num.	сколько денег
专项资金	zhuan:xiang:zi:jin	n.	специальные средства
空前	kong:qian	adj.	беспрецедентный
无形资产	wu:xing:zi:chan	n.	нематериальные активы
征地	zheng:di	n.	изъятие земли
箱	xiang	n.	ящик
箱	xiang	mw.	ящик（счётное）
物质的	wu:zhi:de	adj.	материальный
申请材料	shen:qing:cai:liao	n.	заявочные материалы
冯	feng	n.	Фэн
萨达姆	sa:da:mu	n.	Саддам
这么说	zhe:me:shuo	conj.	в таком случае
绿色食品	lv:se:shi:pin	n.	экологичные продукты
颇为	po:wei	adv.	довольно
小吃	xiao:chi	n.	лёгкая закуска
国情	guo:qing	n.	национальные условия
构思	gou:si	v.	замышлять
构思	gou:si	n.	замысел
清爽	qing:shuang	adj.	свежий
坐标	zuo:biao	n.	координата
赞美	zan:mei	v.	хвалить
下载后	xia:zai:hou	adv.	после загрузки
面值	mian:zhi	n.	номинал
畜牧	xu:mu	n.	животноводство
邦	bang	n.	государство
稳步	wen:bu	adv.	постепенно
宣传部	xuan:chuan:bu	n.	отдел пропаганды
强有力的	qiang:you:li:de	adj.	мощный
野生动物	ye:sheng:dong:wu	n.	дикие животные
封建	feng:jian	adj.	феодальный
残留	can:liu	v.	оставаться
两地	liang:di	n.	оба места
石膏	shi:gao	n.	гипс
展区	zhan:qu	n.	выставочная зона
钢	gang	n.	сталь
较差	jiao:cha	adj.	сравнительно плохой
起床	qi:chuang	v.	вставать
经营模式	jing:ying:mo:shi	n.	бизнес-модель
英镑	ying:bang	n.	фунт стерлингов
只剩下	zhi:sheng:xia	v.	sоваться только
专长	zhuan:chang	n.	специальность
乡镇企业	xiang:zhen:qi:ye	n.	поселково-волостное предприятие
高二	gao:er	n.	второй класс старшей школы
报关	bao:guan	v.	таможенное декларирование
大连市	da:lian:shi	n.	Далянь
短线	duan:xian	n.	краткосрочная игра
请勿转载	qing:wu:zhuan:zai	v.	не воспроизводить
招呼	zhao:hu	n.	приветствие
歌迷	ge:mi	n.	поклонник
吸纳	xi:na	v.	поглощать
霞	xia	n.	заря
工伤	gong:shang	n.	производственная травма
手表	shou:biao	n.	наручные часы
详细地址	xiang:xi:di:zhi	n.	подробный адрес
第三十一条	di:san:shi:yi:tiao	num.	статья 31
定量	ding:liang	v.	количественно определять
第三十条	di:san:shi:tiao	num.	статья 30
促	cu	v.	способствовать
泡	pao	v.	замачивать
下线	xia:xian	v.	выходить из сети
生化	sheng:hua	n.	биохимия
关税	guan:shui	n.	тариф
全日制	quan:ri:zhi	n.	полный день
上岗	shang:gang	v.	приступать к работе
重	chong	adv.	снова
不仅仅	bu:jin:jin	adv.	не только
通告	tong:gao	n.	уведомление
通告	tong:gao	v.	объявлять
同上	tong:shang	n.	то же самое
服务条款	fu:wu:tiao:kuan	n.	условия обслуживания
粉丝	fen:si	n.	фанаты
粉丝	fen:si	n.	fунчоза
组装	zu:zhuang	v.	собирать
并提	bing:ti	v.	упоминать вместе
魔鬼	mo:gui	n.	дьявол
世界里	shi:jie:li	n.	в мире
地税	di:shui	n.	местный налог
日渐	ri:jian	adv.	день ото дня
装配	zhuang:pei	v.	монтировать
双赢	shuang:ying	n.	взаимный выигрыш
拿来	na:lai	v.	приносить
小镇	xiao:zhen	n.	маленький город
盾	dun	n.	щит
民航	min:hang	n.	гражданская авиация
钢管	gang:guan	n.	стальная труба
石榴	shi:liu	n.	гранат
已完成	yi:wan:cheng	v.	завершённый
发布信息	fa:bu:xin:xi	v.	публиковать информацию
网络服务	wang:luo:fu:wu	n.	сетевая служба
以太网	yi:tai:wang	n.	Ethernet
工作时	gong:zuo:shi	n.	на работе
共用	gong:yong	v.	совместно использовать
墨西哥	mo:xi:ge	n.	Мексика
远程教育	yuan:cheng:jiao:yu	n.	дистанционное образование
性命	xing:ming	n.	жизнь
迹象	ji:xiang	n.	признак
聊天室	liao:tian:shi	n.	чат
反之	fan:zhi	conj.	наоборот
坚信	jian:xin	v.	твёрдо верить
不解	bu:jie	adj.	недоумевающий
好东西	hao:dong:xi	n.	хорошая вещь
羊	yang	n.	овца
充电器	chong:dian:qi	n.	зарядное устройство
大企业	da:qi:ye	n.	крупное предприятие
碧	bi	adj.	изумрудный
由此可见	you:ci:ke:jian	conj.	отсюда видно
援	yuan	v.	помогать
闪电	shan:dian	n.	молния
连锁店	lian:suo:dian	n.	сетевой магазин
沙龙	sha:long	n.	салон
重要意义	zhong:yao:yi:yi	n.	важное значение
陌生的	mo:sheng:de	adj.	незнакомый
难的	nan:de	adj.	трудный
误导	wu:dao	v.	вводить в заблуждение
一万	yi:wan	num.	десять тысяч
热潮	re:chao	n.	подъём
伴随	ban:sui	v.	сопровождать
更正	geng:zheng	v.	исправлять
人权	ren:quan	n.	права человека
博士学位	bo:shi:xue:wei	n.	учёная степень доктора
实用性	shi:yong:xing	n.	практичность
国内市场	guo:nei:shi:chang	n.	внутренний рынок
抹	ma	v.	вытирать
抹	mo	v.	мазать
全额	quan:e	n.	полная сумма
出版物	chu:ban:wu	n.	публикация
保持了	bao:chi:le	v.	поддерживать
该机	gai:ji	n.	этот аппарат
见习	jian:xi	v.	проходить практику
也应该	ye:ying:gai	adv.	тоже должен
征得	zheng:de	v.	получить
非常重	fei:chang:zhong	adj.	очень тяжёлый
文凭	wen:ping	n.	диплом
政党	zheng:dang	n.	политическая партия
构造函数	gou:zao:han:shu	n.	конструктор
皇家	huang:jia	adj.	королевский
观测	guan:ce	v.	наблюдать
失眠	shi:mian	n.	бессонница
片长	pian:chang	n.	хронометраж фильма
讲授	jiang:shou	v.	преподавать
岂是	qi:shi	v.	разве может быть
认购	ren:gou	v.	подписываться на
怎么回事	zen:me:hui:shi	v.	что происходит
真诚的	zhen:cheng:de	adj.	искренний
题型	ti:xing	n.	тип вопроса
经纪人	jing:ji:ren	n.	агент
亿吨	yi:dun	num.	100 миллионов тонн
电子书	dian:zi:shu	n.	электронная книга
统计数据	tong:ji:shu:ju	n.	статистические данные
已于	yi:yu	prep.	уже
倩	qian	adj.	красивый
定为	ding:wei	v.	определить как
山顶	shan:ding	n.	вершина
锐	rui	adj.	острый
我们知道	wo:men:zhi:dao	v.	мы знаем
委屈	wei:qu	adj.	обиженный
线程	xian:cheng	n.	поток
一直没有	yi:zhi:mei:you	v.	всё время не было
冲洗	chong:xi	v.	промывать
摄像	she:xiang	v.	снимать
难过	nan:guo	adj.	грустный
不清	bu:qing	adj.	неясный
只听	zhi:ting	v.	только слышать
要进行	yao:jin:xing	v.	проводить
油耗	you:hao	n.	расход топлива
则可	ze:ke	adv.	тогда можно
喷	pen	v.	распылять
收货人	shou:huo:ren	n.	получатель груза
那段	na:duan	pron.	тот отрывок
占了	zhan:le	v.	занимать
拦	lan	v.	преграждать
难忘	nan:wang	adj.	незабываемый
嘉	jia	adj.	превосходный
交货	jiao:huo	v.	поставлять
也不要	ye:bu:yao	adv.	тоже не хочет
袖	xiu	n.	рукав
教育事业	jiao:yu:shi:ye	n.	дело образования
榜样	bang:yang	n.	пример
刻录	ke:lu	v.	записывать
估算	gu:suan	v.	оценивать
豆油	dou:you	n.	соевое масло
亦不	yi:bu	adv.	также не
声卡	sheng:ka	n.	звуковая карта
周到	zhou:dao	adj.	тщательный
亲戚	qin:qi	n.	родственник
什么东西	shen:me:dong:xi	n.	что за вещь
教研室	jiao:yan:shi	n.	кафедра
花朵	hua:duo	n.	цветок
主要任务	zhu:yao:ren:wu	n.	главная задача
税费	shui:fei	n.	налоги и сборы
信息管理	xin:xi:guan:li	n.	управление информацией
房间里	fang:jian:li	n.	в комнате
其二	qi:er	n.	во-вторых
大学本科	da:xue:ben:ke	n.	бакалавриат
殊	shu	adj.	различный
终结	zhong:jie	n.	конец
徒步	tu:bu	v.	пешком
农作物	nong:zuo:wu	n.	сельскохозяйственная культура
触摸	chu:mo	v.	трогать
派人	pai:ren	v.	посылать человека
深远	shen:yuan	adj.	глубокий
文化建设	wen:hua:jian:she	n.	культурное строительство
腹泻	fu:xie	n.	диарея
分居	fen:ju	v.	жить раздельно
头顶	tou:ding	n.	макушка
整齐	zheng:qi	adj.	аккуратный
大城市	da:cheng:shi	n.	большой город
验证码	yan:zheng:ma	n.	проверочный код
辰	chen	n.	пятая земная ветвь
台上	tai:shang	n.	на сцене
公司法	gong:si:fa	n.	корпоративное право
仔细阅读	zi:xi:yue:du	v.	внимательно читать
唱片公司	chang:pian:gong:si	n.	звукозаписывающая компания
描绘	miao:hui	v.	изображать
出厂	chu:chang	v.	сходить с завода
蒸气	zheng:qi	n.	пар
口袋	kou:dai	n.	карман
天后	tian:hou	n.	дива
低成本	di:cheng:ben	n.	низкая стоимость
归来	gui:lai	v.	возвращаться
总的	zong:de	adj.	общий
出路	chu:lu	n.	выход
细心	xi:xin	adj.	внимательный
充值	chong:zhi	v.	пополнять
社会经济	she:hui:jing:ji	n.	социальная экономика
进球	jin:qiu	v.	забить гол
特制	te:zhi	adj.	специального изготовления
繁	fan	adj.	многочисленный
沉淀	chen:dian	v.	осаждать
发展空间	fa:zhan:kong:jian	n.	пространство развития
本校	ben:xiao	n.	данная школа
珍贵	zhen:gui	adj.	драгоценный
消失了	xiao:shi:le	v.	исчезнуть
声道	sheng:dao	n.	звуковой канал
屋里	wu:li	n.	в доме
主要负责人	zhu:yao:fu:ze:ren	n.	главное ответственное лицо
感性	gan:xing	n.	чувственность
法语	fa:yu	n.	французский язык
编辑部	bian:ji:bu	n.	редакция
条规	tiao:gui	n.	правила
络	luo	n.	сеть
留言板	liu:yan:ban	n.	доска сообщений
第三人	di:san:ren	n.	третье лицо
捆绑	kun:bang	v.	связывать
党章	dang:zhang	n.	устранение...
党章	dang:zhang	n.	устав партии
轮廓	lun:kuo	n.	очертание
银行业	yin:hang:ye	n.	банковская отрасль
抛	pao	v.	бросать
负载	fu:zai	n.	нагрузка
税法	shui:fa	n.	налоговое право
很喜欢	hen:xi:huan	v.	очень любить
破裂	po:lie	v.	раскалываться
一倍	yi:bei	num.	в один раз
场上	chang:shang	n.	на площадке
嫁	jia	v.	выходить замуж
咒	zhou	n.	заклинание
油画	you:hua	n.	живопись маслом
音效	yin:xiao	n.	звуковой эффект
开盘	kai:pan	v.	открываться
主场	zhu:chang	n.	домашнее поле
不清楚	bu:qing:chu	adj.	неясный
撤	che	v.	отступать
一坨	yi:tuo	mw.	комок
三类	san:lei	num.	три типа
违约金	wei:yue:jin	n.	неустойка
报销	bao:xiao	v.	компенсировать
推开	tui:kai	v.	распахивать
解说	jie:shuo	v.	комментировать
后人	hou:ren	n.	потомки
合伙人	he:huo:ren	n.	компаньон
前端	qian:duan	n.	интерфейсная часть
历史文化	li:shi:wen:hua	n.	история и культура
管理类	guan:li:lei	n.	категория управления
国际标准	guo:ji:biao:zhun	n.	международный стандарт
何必	he:bi	adv.	зачем
体现出	ti:xian:chu	v.	воплощать
警惕	jing:ti	v.	быть начеку
主营业务	zhu:ying:ye:wu	n.	основная деятельность
客服热线	ke:fu:re:xian	n.	горячая линия поддержки
器械	qi:xie	n.	инструмент
器械	qi:xie	n.	аппарат
视听	shi:ting	n.	аудиовизуальный
管委会	guan:wei:hui	n.	управляющий комитет
落户	luo:hu	v.	обосноваться
工夫	gong:fu	n.	время
工夫	gong:fu	n.	усилие
元宝	yuan:bao	n.	слиток
突发事件	tu:fa:shi:jian	n.	чрезвычайное происшествие
预案	yu:an	n.	план на случай ЧС
华北	hua:bei	n.	Северный Китай
一时间	yi:shi:jian	adv.	на время
定要	ding:yao	adv.	непременно
养老保险	yang:lao:bao:xian	n.	пенсионное страхование
治愈	zhi:yu	v.	вылечить
治愈	zhi:yu	n.	исцеление
跳跃	tiao:yue	v.	прыгать
跳跃	tiao:yue	n.	прыжок
深深地	shen:shen:de	adv.	глубоко
西门	xi:men	n.	Симэнь
西门	xi:men	n.	западные ворота
书生	shu:sheng	n.	учёный
肝脏	gan:zang	n.	печень
十一月	shi:yi:yue	num.	ноябрь
进化	jin:hua	v.	эволюционировать
进化	jin:hua	n.	эволюция
附录	fu:lu	n.	приложение
六十	liu:shi	num.	шестьдесят
生病	sheng:bing	v.	заболеть
之作	zhi:zuo	n.	произведение
牡丹	mu:dan	n.	пион
高校毕业生	gao:xiao:bi:ye:sheng	n.	выпускник вуза
快点	kuai:dian	v.	поторопись
愉悦	yu:yue	adj.	радостный
助学	zhu:xue	v.	помогать учёбе
月饼	yue:bing	n.	лунный пряник
虫	chong	n.	насекомое
此举	ci:ju	n.	этот шаг
审	shen	v.	рассматривать
施工单位	shi:gong:dan:wei	n.	подрядчик
献	xian	v.	приносить (в дар)
千元	qian:yuan	n.	тысяча юаней
雇主	gu:zhu	n.	работодатель
饰演	shi:yan	v.	играть (роль)
散发	san:fa	v.	распространять
我们自己	wo:men:zi:ji	pron.	мы сами
奶酪	nai:lao	n.	сыр
结尾	jie:wei	n.	конец
人大代表	ren:da:dai:biao	n.	депутат ВСНП
虽说	sui:shuo	conj.	хотя
免费注册	mian:fei:zhu:ce	v.	бесплатно зарегистрироваться
专卖	zhuan:mai	v.	монопольно продавать
喜剧	xi:ju	n.	комедия
不得以	bu:de:yi	v.	нельзя
废止	fei:zhi	v.	отменить
不同意	bu:tong:yi	v.	не соглашаться
专业人士	zhuan:ye:ren:shi	n.	профессионал
青菜	qing:cai	n.	зелень
习惯了	xi:guan:le	v.	привыкнуть
饮酒	yin:jiu	v.	употреблять алкоголь
媚	mei	adj.	кокетливый
预报	yu:bao	n.	прогноз
朝着	chao:zhe	prep.	по направлению к
报复	bao:fu	n.	месть
相识	xiang:shi	v.	быть знакомым
亲属	qin:shu	n.	родственник
小狗	xiao:gou	n.	щенок
福州市	fu:zhou:shi	n.	город Фучжоу
发型	fa:xing	n.	причёска
管理部	guan:li:bu	n.	управленческий отдел
为国家	wei:guo:jia	prep.	ради страны
宣言	xuan:yan	n.	декларация
还很	hai:hen	adv.	ещё очень
浸泡	jin:pao	v.	замочить
国土资源部	guo:tu:zi:yuan:bu	n.	Министерство земельных ресурсов
陈列	chen:lie	v.	выставлять
就是我	jiu:shi:wo	pron.	это я
我当时	wo:dang:shi	n.	я тогда
环境污染	huan:jing:wu:ran	n.	загрязнение окружающей среды
华南	hua:nan	n.	Южный Китай
此版	ci:ban	n.	этот выпуск
承办单位	cheng:ban:dan:wei	n.	организатор
反映出	fan:ying:chu	v.	отражать
年年	nian:nian	adv.	из года в год
要严格	yao:yan:ge	adj.	должен быть строгим
光电	guang:dian	n.	фотоэлектричество
讥笑	ji:xiao	v.	насмехаться
优越	you:yue	adj.	превосходный
将由	jiang:you	prep.	кем-либо
起板	qi:ban	n.	такт в опере
亿元	yi:yuan	num.	100 миллионов юаней
多层次	duo:ceng:ci	adj.	многоуровневый
厨师	chu:shi	n.	повар
严峻	yan:jun	adj.	суровый
为首	wei:shou	v.	возглавлять
这意味着	zhe:yi:wei:zhe	v.	это означает
面粉	mian:fen	n.	мука
农村经济	nong:cun:jing:ji	n.	сельская экономика
奶茶	nai:cha	n.	чай с молоком
切割	qie:ge	v.	резать
日照	ri:zhao	n.	солнечное сияние
禽流感	qin:liu:gan	n.	птичий грипп
外型	wai:xing	n.	внешний вид
推动了	tui:dong:le	v.	продвинул
想做	xiang:zuo	v.	хочет сделать
本行	ben:hang	n.	своя профессия
成交量	cheng:jiao:liang	n.	объём сделок
递给	di:gei	v.	передать
心跳	xin:tiao	n.	сердцебиение
贤	xian	adj.	добродетельный
走廊	zou:lang	n.	коридор
规矩	gui:ju	n.	правило
规矩	gui:ju	adj.	благовоспитанный
大家好	da:jia:hao	int.	всем привет
拉	la	v.	тянуть
发售	fa:shou	v.	выпуск в продажу
落下	la:xia	v.	оставить
落下	luo:xia	v.	падать
国际上	guo:ji:shang	n.	международная среда
深处	shen:chu	n.	глубина
杀	sha	v.	убивать
新药	xin:yao	n.	новое лекарство
贯穿	guan:chuan	v.	проходить через
中止	zhong:zhi	v.	приостанавливать
葛	ge	n.	кудзу
葛	ge	n.	Гэ
不给	bu:gei	v.	не давать
潇洒	xiao:sa	adj.	изящный
刹	sha	n.	храм
刹	sha	v.	тормозить
需求量	xu:qiu:liang	n.	спрос
几率	ji:lv	n.	вероятность
一再	yi:zai	adv.	неоднократно
应为	ying:wei	v.	должно быть
店主	dian:zhu	n.	владелец магазина
域名注册	yu:ming:zhu:ce	n.	регистрация домена
开本	kai:ben	n.	формат издания
党的建设	dang:de:jian:she	n.	партийное строительство
强制性	qiang:zhi:xing	n.	обязательность
袁	yuan	n.	Юань
不正确	bu:zheng:que	adj.	неправильный
花生	hua:sheng	n.	арахис
野生	ye:sheng	adj.	дикий
较重	jiao:zhong	adj.	сравнительно тяжёлый
事务所	shi:wu:suo	n.	контора
煤气	mei:qi	n.	газ
第三十二条	di:san:shi:er:tiao	num.	статья 32
司马	si:ma	n.	Сыма
司马	si:ma	n.	военачальник
刘备	liu:bei	n.	Лю Бэй
说服	shuo:fu	v.	убеждать
拉开	la:kai	v.	раскрывать
摔	shuai	v.	падать
摔	shuai	v.	швырять
公文	gong:wen	n.	официальный документ
序	xu	n.	предисловие
序	xu	n.	порядок
开发者	kai:fa:zhe	n.	разработчик
占到	zhan:dao	v.	составлять
粤语	yue:yu	n.	кантонский диалект
今年以来	jin:nian:yi:lai	adv.	с начала этого года
始发站	shi:fa:zhan	n.	начальная станция
不远	bu:yuan	adj.	недалеко
特殊情况	te:shu:qing:kuang	n.	особый случай
指挥部	zhi:hui:bu	n.	штаб
麦当劳	mai:dang:lao	n.	Макдоналдс
预备	yu:bei	v.	готовить
自在	zi:zai	adj.	непринуждённый
分支	fen:zhi	n.	ветвь
遍布	bian:bu	v.	распространиться повсюду
群发	qun:fa	v.	рассылать массово
多方	duo:fang	adj.	разносторонний
就是说	jiu:shi:shuo	conj.	то есть
政务公开	zheng:wu:gong:kai	n.	открытость госдеятельности
反击	fan:ji	v.	контратаковать
归档	gui:dang	v.	архивировать
清澈	qing:che	adj.	прозрачный
动画片	dong:hua:pian	n.	анимационный фильм
访谈	fang:tan	n.	интервью
可行性	ke:xing:xing	n.	осуществимость
剖析	pou:xi	v.	анализировать
下设	xia:she	v.	иметь в подчинении
契约	qi:yue	n.	контракт
臀部	tun:bu	n.	ягодицы
对接	dui:jie	v.	стыковаться
毛主席	mao:zhu:xi	n.	председатель Мао
企业经营	qi:ye:jing:ying	n.	управление предприятием
有线	you:xian	n.	проводное подключение
揭示	jie:shi	v.	раскрывать
自费	zi:fei	adv.	за свой счёт
公益性	gong:yi:xing	n.	общественная полезность
末页	mo:ye	n.	последняя страница
皱纹	zhou:wen	n.	морщина
到目前为止	dao:mu:qian:wei:zhi	adv.	до сих пор
自然科学	zi:ran:ke:xue	n.	естественная наука
筑	zhu	v.	строить
可谓	ke:wei	v.	можно назвать
自负	zi:fu	adj.	самоуверенный
排斥	pai:chi	v.	отталкивать
初三	chu:san	n.	третий класс средней школы
湿度	shi:du	n.	влажность
财务会计	cai:wu:kuai:ji	n.	финансовый учёт
斜	xie	adj.	наклонный
女装	nv:zhuang	n.	женская одежда
经营性	jing:ying:xing	n.	коммерческий характер
慕容	mu:rong	n.	Мужун
到时候	dao:shi:hou	adv.	когда наступит время
谁知	shei:zhi	conj.	кто знает
当期	dang:qi	n.	текущий период
散热	san:re	v.	рассеивать тепло
考古	kao:gu	v.	археология
办案	ban:an	v.	вести дело
重新启动	chong:xin:qi:dong	v.	перезапускать
快速增长	kuai:su:zeng:zhang	n.	быстрый рост
是吗	shi:ma	int.	да что ли
瓦	wa	mw.	ватт
高层次	gao:ceng:ci	adj.	высокого уровня
长征	chang:zheng	n.	Великий поход
光圈	guang:quan	n.	диафрагма
督导	du:dao	v.	контролировать
面孔	mian:kong	n.	лицо
领队	ling:dui	n.	руководитель группы
喜好	xi:hao	n.	склонность
个数	ge:shu	n.	количество
固然	gu:ran	adv.	конечно
拼音	pin:yin	n.	пиньинь
情人节	qing:ren:jie	n.	День святого Валентина
随时随地	sui:shi:sui:di	adv.	в любое время и в любом месте
毒品	du:pin	n.	наркотики
南宁市	nan:ning:shi	n.	Наньнин
药材	yao:cai	n.	лекарственное сырьё
涂	tu	v.	намазывать
天赋	tian:fu	n.	дар
防汛	fang:xun	v.	борьба с наводнениями
参展商	can:zhan:shang	n.	экспонент
深层	shen:ceng	n.	глубокий слой
湾	wan	n.	залив
卓越的	zhuo:yue:de	adj.	выдающийся
初二	chu:er	n.	второй год средней школы
一心	yi:xin	adv.	всем сердцем
收支	shou:zhi	n.	доходы и расходы
简要	jian:yao	adj.	краткий
莎	sha	n.	осока
视图	shi:tu	n.	вид
光源	guang:yuan	n.	источник света
为宜	wei:yi	v.	быть целесообразным
灿烂	can:lan	adj.	яркий
技术水平	ji:shu:shui:ping	n.	технический уровень
团长	tuan:zhang	n.	командир полка
广告服务	guang:gao:fu:wu	n.	рекламные услуги
生产设备	sheng:chan:she:bei	n.	производственное оборудование
命中	ming:zhong	v.	попасть в цель
闪光	shan:guang	n.	вспышка
闪光	shan:guang	v.	сверкать
崇	chong	v.	почитать
几个人	ji:ge:ren	n.	несколько человек
发改委	fa:gai:wei	n.	Комитет по реформам
脱落	tuo:luo	v.	отпасть
肉眼	rou:yan	n.	невооружённый глаз
比较好	bi:jiao:hao	adj.	сравнительно хороший
抽烟	chou:yan	v.	курить
拥护	yong:hu	v.	поддерживать
猎	lie	v.	охотиться
办公楼	ban:gong:lou	n.	офисное здание
戏曲	xi:qu	n.	традиционная опера
刑	xing	n.	наказание
墨	mo	n.	тушь
陪同	pei:tong	v.	сопровождать
从容	cong:rong	adj.	спокойный
没关系	mei:guan:xi	v.	ничего страшного
诊疗	zhen:liao	v.	диагностировать и лечить
国土资源	guo:tu:zi:yuan	n.	земельные ресурсы
一枚	yi:mei	mw.	один (штук)
卖点	mai:dian	n.	достоинство товара
习俗	xi:su	n.	обычай
瑜伽	yu:jia	n.	йога
用作	yong:zuo	v.	служить
职能部门	zhi:neng:bu:men	n.	функциональный отдел
固体	gu:ti	n.	твёрдое тело
雨水	yu:shui	n.	дождевая вода
雨水	yu:shui	n.	Дождевая вода (сезон)
娃	wa	n.	ребёнок
飞跃	fei:yue	v.	совершить скачок
大腿	da:tui	n.	бедро
文革	wen:ge	n.	Культурная революция
管理体系	guan:li:ti:xi	n.	система управления
刀具	dao:ju	n.	режущий инструмент
梯	ti	n.	лестница
涂抹	tu:mo	v.	намазывать
固定资产投资	gu:ding:zi:chan:tou:zi	n.	инвестиции в основной капитал
嘴角	zui:jiao	n.	уголок рта
集成电路	ji:cheng:dian:lu	n.	интегральная схема
管理费	guan:li:fei	n.	плата за управление
桃	tao	n.	персик
豆	dou	n.	боб
驾	jia	v.	управлять
木耳	mu:er	n.	гриб муэр
不小心	bu:xiao:xin	adv.	неосторожно
春风	chun:feng	n.	весенний ветер
开幕式	kai:mu:shi	n.	церемония открытия
表决	biao:jue	v.	голосовать
教学方法	jiao:xue:fang:fa	n.	метод обучения
特质	te:zhi	n.	черта
重要讲话	zhong:yao:jiang:hua	n.	важная речь
实效	shi:xiao	n.	фактический эффект
专注	zhuan:zhu	adj.	сосредоточенный
专注	zhuan:zhu	v.	сосредоточиться
中奖	zhong:jiang	v.	выиграть приз
浅	qian	adj.	мелкий
超值	chao:zhi	adj.	очень выгодный
趣味	qu:wei	n.	интерес
一说	yi:shuo	n.	одна теория
的	di	part.	притяжательная частица
黎明	li:ming	n.	рассвет
变更登记	bian:geng:deng:ji	n.	перерегистрация
富贵	fu:gui	adj.	богатый и знатный
大有	da:you	v.	иметь в изобилии
事业发展	shi:ye:fa:zhan	n.	развитие карьеры
烹饪	peng:ren	n.	кулинария
烹饪	peng:ren	v.	готовить
恶化	e:hua	v.	ухудшаться
藏族	zang:zu	n.	тибетцы
博士后	bo:shi:hou	n.	постдок
迫使	po:shi	v.	заставлять
信用证	xin:yong:zheng	n.	аккредитив
承运人	cheng:yun:ren	n.	перевозчик
艰苦	jian:ku	adj.	тяжёлый
热线电话	re:xian:dian:hua	n.	горячая линия
索赔	suo:pei	v.	требовать возмещения
未注册	wei:zhu:ce	adj.	незарегистрированный
牢固	lao:gu	adj.	прочный
驱动器	qu:dong:qi	n.	привод
径	jing	n.	тропа
径	jing	n.	диаметр
红楼梦	hong:lou:meng	n.	Сон в красном тереме
人大常委会	ren:da:chang:wei:hui	n.	Постоянный комитет ВСНП
太极	tai:ji	n.	тайцзи
疲	pi	adj.	усталый
万里	wan:li	n.	Ваньли
不动产	bu:dong:chan	n.	недвижимость
腐蚀	fu:shi	v.	разъедать
直观	zhi:guan	adj.	наглядный
好莱坞	hao:lai:wu	n.	Голливуд
搬	ban	v.	переезжать
搬	ban	v.	носить
移交	yi:jiao	v.	передавать
瓜	gua	n.	дыня
莹	ying	adj.	мерцающий
敬业	jing:ye	adj.	преданный делу
开发利用	kai:fa:li:yong	n.	освоение и использование
小店	xiao:dian	n.	маленький магазин
元老	yuan:lao	n.	старейшина
梦中	meng:zhong	n.	сон
隐瞒	yin:man	v.	скрывать
大类	da:lei	n.	крупная категория
牢牢	lao:lao	adv.	крепко
惊人的	jing:ren:de	adj.	удивительный
滋	zi	v.	питать
跨国	kua:guo	adj.	транснациональный
美味	mei:wei	n.	деликатес
配制	pei:zhi	v.	составлять
润	run	adj.	влажный
商户	shang:hu	n.	торговец
批次	pi:ci	n.	партия
确有	que:you	v.	действительно иметь
浓缩	nong:suo	v.	концентрировать
后勤	hou:qin	n.	тыл
火星	huo:xing	n.	Марс
铃	ling	n.	колокол
聪明的	cong:ming:de	adj.	умный
疗程	liao:cheng	n.	курс лечения
停下	ting:xia	v.	остановиться
另有规定	ling:you:gui:ding	v.	иное положение
当即	dang:ji	adv.	немедленно
直流	zhi:liu	n.	постоянный ток
绝缘	jue:yuan	v.	изолировать
难受	nan:shou	adj.	тяжёлый
包括了	bao:kuo:le	v.	включать
表达了	biao:da:le	v.	выражать
工作组	gong:zuo:zu	n.	рабочая группа
香气	xiang:qi	n.	аромат
饱满	bao:man	adj.	полный
呼叫	hu:jiao	v.	вызывать
加大了	jia:da:le	v.	увеличивать
欺负	qi:fu	v.	обижать
手感	shou:gan	n.	тактильное ощущение
更何况	geng:he:kuang	conj.	тем более
发达的	fa:da:de	adj.	развитый
新高	xin:gao	n.	новый максимум
投影	tou:ying	n.	проекция
语言种类	yu:yan:zhong:lei	n.	вид языка
打开了	da:kai:le	v.	открывать
蛮	man	adv.	довольно
累了	lei:le	adj.	усталый
入库	ru:ku	v.	поступление на склад
脆弱	cui:ruo	adj.	хрупкий
误会	wu:hui	v.	неправильно понимать
出席了	chu:xi:le	v.	присутствовать
蒂	di	n.	плодоножка
序列号	xu:lie:hao	n.	серийный номер
村委会	cun:wei:hui	n.	сельский комитет
拨	bo	v.	набирать
纯净	chun:jing	adj.	чистый
十七	shi:qi	num.	17
总局	zong:ju	n.	главное управление
二年级	er:nian:ji	n.	второй класс
科学院	ke:xue:yuan	n.	академия наук
贮存	zhu:cun	v.	хранить
暑假	shu:jia	n.	летние каникулы
贯彻执行	guan:che:zhi:xing	v.	y полностью осуществлять
盗版	dao:ban	n.	пиратство
南非	nan:fei	n.	Южная Африка
产业结构	chan:ye:jie:gou	n.	отраслевая структура
建筑材料	jian:zhu:cai:liao	n.	строительные материалы
礼貌	li:mao	n.	вежливость
有益的	you:yi:de	adj.	полезный
法人代表	fa:ren:dai:biao	n.	законный представитель
涛	tao	n.	большие волны
营业税	ying:ye:shui	n.	налог с оборота
予	yu	v.	давать
胸前	xiong:qian	n.	перед грудью
网管	wang:guan	n.	сетевой администратор
勾	gou	v.	отмечать
能耗	neng:hao	n.	потребление энергии
世界观	shi:jie:guan	n.	мировоззрение
惠	hui	n.	благодеяние
阿根廷	a:gen:ting	n.	Аргентина
析	xi	v.	анализировать
铁板	tie:ban	n.	железный лист
打折机票	da:zhe:ji:piao	n.	льготный авиабилет
遗忘	yi:wang	v.	забывать
中性	zhong:xing	adj.	нейтральный
延期	yan:qi	v.	отложить
畸形	ji:xing	adj.	уродливый
武侠	wu:xia	n.	уся
祭祀	ji:si	v.	приносить жертву
有关事项	you:guan:shi:xiang	n.	соответствующие вопросы
相关法律	xiang:guan:fa:lv	n.	соответствующие законы
在此基础上	zai:ci:ji:chu:shang	prep.	на этой основе
薪资	xin:zi	n.	зарплата
脱颖而出	tuo:ying:er:chu	v.	выделяться
检察院	jian:cha:yuan	n.	прокуратура
砍	kan	v.	рубить
平面设计	ping:mian:she:ji	n.	графический дизайн
杀毒	sha:du	v.	дезинфицировать
外在	wai:zai	adj.	внешний
撑	cheng	v.	поддерживать
截	jie	v.	отрезать
有关人员	you:guan:ren:yuan	n.	соответствующий персонал
超声波	chao:sheng:bo	n.	ультразвук
氧气	yang:qi	n.	кислород
炸弹	zha:dan	n.	бомба
廉价	lian:jia	adj.	дешёвый
营业部	ying:ye:bu	n.	коммерческий отдел
序列	xu:lie	n.	последовательность
世界各国	shi:jie:ge:guo	n.	страны мира
讨论区	tao:lun:qu	n.	форум
时报	shi:bao	n.	газета
报废	bao:fei	v.	списывать
绿地	lv:di	n.	зелёная зона
飞利浦	fei:li:pu	n.	Philips
磨损	mo:sun	v.	изнашивать
本性	ben:xing	n.	натура
全心全意	quan:xin:quan:yi	adv.	всем сердцем
特产	te:chan	n.	местный деликатес
试点工作	shi:dian:gong:zuo	n.	пилотная работа
措	cuo	v.	устраивать
魔力	mo:li	n.	волшебная сила
肉体	rou:ti	n.	плоть
长途	chang:tu	adj.	дальнего сообщения
电子有限公司	dian:zi:you:xian:gong:si	n.	ООО «Электроникс»
第三十三条	di:san:shi:san:tiao	num.	статья 33
舌头	she:tou	n.	язык
半夜	ban:ye	n.	полночь
对外贸易	dui:wai:mao:yi	n.	внешняя торговля
有色金属	you:se:jin:shu	n.	цветной металл
寝室	qin:shi	n.	спальня
用具	yong:ju	n.	инструмент
当晚	dang:wan	n.	тем вечером
勇于	yong:yu	v.	сметь
大叫	da:jiao	v.	кричать
几何	ji:he	n.	геометрия
努力提高	nu:li:ti:gao	v.	стремиться повысить
全书	quan:shu	n.	вся книга
黄昏	huang:hun	n.	сумерки
严重影响	yan:zhong:ying:xiang	v.	серьёзно влиять
币	bi	n.	валюта
势必	shi:bi	adv.	неизбежно
开店	kai:dian	v.	открыть магазин
三菱	san:ling	n.	Мицубиси
意味	yi:wei	n.	значение
意味	yi:wei	v.	означать
弱点	ruo:dian	n.	слабое место
规范性	gui:fan:xing	n.	нормативность
煽动	shan:dong	v.	подстрекать
前列腺	qian:lie:xian	n.	предстательная железа
主动性	zhu:dong:xing	n.	инициативность
功德	gong:de	n.	заслуга
玩笑	wan:xiao	n.	шутка
课本	ke:ben	n.	учебник
单间	dan:jian	n.	одноместный номер
夸张	kua:zhang	v.	преувеличивать
夸张	kua:zhang	adj.	преувеличенный
产品销售	chan:pin:xiao:shou	n.	продажа продукции
这样一来	zhe:yang:yi:lai	conj.	таким образом
排量	pai:liang	n.	рабочий объём
长发	chang:fa	n.	длинные волосы
非要	fei:yao	adv.	непременно
连同	lian:tong	prep.	вместе с
送上	song:shang	v.	вручать
流出	liu:chu	v.	вытекать
长短	chang:duan	n.	длина
终极	zhong:ji	adj.	предельный
零售商	ling:shou:shang	n.	розничный торговец
薇	wei	n.	роза (растение)
处女	chu:nv	n.	девственница
无情	wu:qing	adj.	бездушный
哈尔滨市	ha:er:bin:shi	n.	город Харбин
免征	mian:zheng	v.	освобождать от налога
沐浴	mu:yu	v.	купаться
不适合	bu:shi:he	adj.	непригодный
沃尔玛	wo:er:ma	n.	Уолмарт
无知	wu:zhi	n.	невежество
无知	wu:zhi	adj.	невежественный
工商银行	gong:shang:yin:hang	n.	Промышленно-торговый банк
聚焦	ju:jiao	v.	фокусировать
感知	gan:zhi	v.	воспринимать
一刻	yi:ke	n.	мгновение
车载	che:zai	adj.	установленный на автомобиле
招聘会	zhao:pin:hui	n.	ярмарка вакансий
杂志社	za:zhi:she	n.	издательство журнала
透明度	tou:ming:du	n.	прозрачность
播种	bo:zhong	v.	сеять
太平	tai:ping	adj.	мирный
低调	di:diao	adj.	скромный
幸好	xing:hao	adv.	к счастью
组织开展	zu:zhi:kai:zhan	v.	организовывать и проводить
中国文化	zhong:guo:wen:hua	n.	китайская культура
陛下	bi:xia	n.	Ваше Величество
技术开发	ji:shu:kai:fa	n.	разработка технологий
叶片	ye:pian	n.	лопасть
黄金周	huang:jin:zhou	n.	золотая неделя
变迁	bian:qian	n.	перемены
人中	ren:zhong	n.	желобок над губой
周恩来	zhou:en:lai	n.	Чжоу Эньлай
一脚	yi:jiao	n.	пинок
自觉地	zi:jue:de	adv.	сознательно
塑胶	su:jiao	n.	пластик
整车	zheng:che	n.	целый автомобиль
透明的	tou:ming:de	adj.	прозрачный
中型	zhong:xing	adj.	среднего размера
各级人民政府	ge:ji:ren:min:zheng:fu	n.	правительства всех уровней
愈	yu	adv.	всё более
菜肴	cai:yao	n.	блюдо
魔兽	mo:shou	n.	чудовище
制度建设	zhi:du:jian:she	n.	институциональное строительство
意识形态	yi:shi:xing:tai	n.	идеология
攻略	gong:lve	n.	прохождение
督	du	v.	контролировать
大户	da:hu	n.	крупный клиент
尺度	chi:du	n.	мерка
一般人	yi:ban:ren	n.	обычный человек
狐狸	hu:li	n.	лиса
找工作	zhao:gong:zuo	v.	искать работу
锂电池	li:dian:chi	n.	литиевая батарея
胸口	xiong:kou	n.	грудь
通往	tong:wang	v.	вести к
克隆	ke:long	v.	клонировать
全校	quan:xiao	n.	вся школа
两级	liang:ji	num.	два уровня
程度上	cheng:du:shang	adv.	в определённой степени
专柜	zhuan:gui	n.	специальный прилавок
历来	li:lai	adv.	всегда
交通便利	jiao:tong:bian:li	adj.	удобное транспортное сообщение
银行卡	yin:hang:ka	n.	банковская карта
周四	zhou:si	n.	четверг
符合条件	fu:he:tiao:jian	v.	соответствовать условиям
保护区	bao:hu:qu	n.	заповедник
终生	zhong:sheng	adv.	пожизненно
祥	xiang	adj.	благоприятный
提起诉讼	ti:qi:su:song	v.	возбудить иск
供热	gong:re	v.	подавать тепло
供热	gong:re	n.	теплоснабжение
唐山	tang:shan	n.	Таншань
喇叭	la:ba	n.	громкоговоритель
喇叭	la:ba	n.	труба
丫头	ya:tou	n.	девочка
丫头	ya:tou	n.	служанка
就行	jiu:xing	v.	годиться
国家主席	guo:jia:zhu:xi	n.	председатель государства
浦东	pu:dong	n.	Пудун
经济法	jing:ji:fa	n.	хозяйственное право
额度	e:du	n.	квота
老家	lao:jia	n.	родные места
星空	xing:kong	n.	звёздное небо
工作效率	gong:zuo:xiao:lv	n.	эффективность работы
怖	bu	adj.	страшный
化学品	hua:xue:pin	n.	химикат
亲密	qin:mi	adj.	близкий
本部	ben:bu	n.	штаб-квартира
高清	gao:qing	adj.	высокая чёткость
忠实	zhong:shi	adj.	верный
分部	fen:bu	n.	отделение
半小时	ban:xiao:shi	n.	полчаса
增高	zeng:gao	v.	увеличивать рост
职业经理人	zhi:ye:jing:li:ren	n.	профессиональный управляющий
做饭	zuo:fan	v.	готовить еду
进入中国	jin:ru:zhong:guo	v.	войти в Китай
不乏	bu:fa	v.	не испытывать недостатка
离职	li:zhi	v.	уволиться
屋顶	wu:ding	n.	крыша
管线	guan:xian	n.	трубопровод
没问题	mei:wen:ti	adj.	без проблем
登记机关	deng:ji:ji:guan	n.	регистрирующий орган
复查	fu:cha	v.	повторно проверять
充当	chong:dang	v.	служить в качестве
公认的	gong:ren:de	adj.	общепризнанный
我们公司	wo:men:gong:si	n.	наша компания
阁下	ge:xia	n.	Ваше превосходительство
苦笑	ku:xiao	v.	горько улыбаться
公司章程	gong:si:zhang:cheng	n.	устав компании
废物	fei:wu	n.	отбросы
专著	zhuan:zhu	n.	монография
图库	tu:ku	n.	библиотека изображений
高位	gao:wei	n.	высокое положение
惠州	hui:zhou	n.	Хуэйчжоу
摄入	she:ru	v.	поглощать
不正常	bu:zheng:chang	adj.	ненормальный
配送方式	pei:song:fang:shi	n.	способ доставки
三者	san:zhe	n.	все три
发蜡	fa:la	n.	воск для волос
质量监督	zhi:liang:jian:du	n.	контроль качества
迁移	qian:yi	v.	мигрировать
侵	qin	v.	вторгаться
投机	tou:ji	v.	спекулировать
上传时间	shang:chuan:shi:jian	n.	время загрузки
根本利益	gen:ben:li:yi	n.	коренной интерес
岩	yan	n.	скала
特约	te:yue	v.	особо приглашённый
专业性	zhuan:ye:xing	n.	профессионализм
制度化	zhi:du:hua	v.	институционализировать
扮	ban	v.	играть
机能	ji:neng	n.	функция
打扮	da:ban	v.	наряжаться
该市	gai:shi	n.	данный город
糟	zao	adj.	скверный
跳槽	tiao:cao	v.	менять работу
略有	lve:you	v.	немного иметь
才华	cai:hua	n.	талант
盈	ying	v.	быть полным
生姜	sheng:jiang	n.	имбирь
歌舞	ge:wu	n.	песни и танцы
医学院	yi:xue:yuan	n.	медицинский институт
畜牧业	xu:mu:ye	n.	животноводство
万台	wan:tai	num.	10 000 (штук)
自制	zi:zhi	adj.	собственного изготовления
投资项目	tou:zi:xiang:mu	n.	инвестиционный проект
附带	fu:dai	v.	прилагать
粮油	liang:you	n.	зерно и масло
吩咐	fen:fu	v.	распоряжаться
首发	shou:fa	v.	первый выпуск
威海	wei:hai	n.	Вэйхай
腹	fu	n.	живот
企业内部	qi:ye:nei:bu	n.	внутри предприятия
公分	gong:fen	n.	сантиметр
拜访	bai:fang	v.	посещать
西部地区	xi:bu:di:qu	n.	западный район
乾隆	qian:long	n.	Цяньлун
正式版	zheng:shi:ban	n.	официальная версия
迷你	mi:ni	adj.	мини
中级	zhong:ji	n.	средний уровень
垃圾邮件	la:ji:you:jian	n.	спам
组织部	zu:zhi:bu	n.	организационный отдел
无名	wu:ming	adj.	безымянный
名胜区	ming:sheng:qu	n.	достопримечательность
全党	quan:dang	n.	вся партия
骚扰	sao:rao	v.	домогаться
微型	wei:xing	adj.	микро-
艺术类	yi:shu:lei	n.	категория искусства
专业委员会	zhuan:ye:wei:yuan:hui	n.	специальный комитет
事迹	shi:ji	n.	подвиги
增添	zeng:tian	v.	добавлять
背着	bei:zhe	v.	носить на спине
探险	tan:xian	n.	экспедиция
斩	zhan	v.	рубить
股份制	gu:fen:zhi	n.	акционерная система
行业发展	hang:ye:fa:zhan	n.	развитие отрасли
考证	kao:zheng	v.	исследовать
润滑油	run:hua:you	n.	смазочное масло
早晚	zao:wan	adv.	рано или поздно
早晚	zao:wan	n.	утро и вечер
吊销	diao:xiao	v.	аннулировать
多方面的	duo:fang:mian:de	adj.	многосторонний
支队	zhi:dui	n.	отряд
计费	ji:fei	v.	взимать плату
呵护	he:hu	v.	оберегать
招牌	zhao:pai	n.	вывеска
添加剂	tian:jia:ji	n.	добавка
抽出	chou:chu	v.	извлекать
尺	chi	n.	линейка
爱立信	ai:li:xin	n.	Эрикссон
网关	wang:guan	n.	шлюз
品牌形象	pin:pai:xing:xiang	n.	имидж бренда
压迫	ya:po	v.	угнетать
会场	hui:chang	n.	место встречи
遇上	yu:shang	v.	встретить
数百	shu:bai	num.	сотни
倍数	bei:shu	n.	кратное
空格	kong:ge	n.	пробел
签	qian	v.	подписывать
氨基酸	an:ji:suan	n.	аминокислота
牢记	lao:ji	v.	твердо помнить
扩充	kuo:chong	v.	расширять
稀	xi	adj.	редкий
延安	yan:an	n.	Яньань
先天	xian:tian	adj.	врожденный
好不好	hao:bu:hao	adv.	хорошо или нет
商学院	shang:xue:yuan	n.	школа бизнеса
掏	tao	v.	вынимать
构建和谐社会	gou:jian:he:xie:she:hui	v.	строить гармоничное общество
夸	kua	v.	хвалить
行业标准	hang:ye:biao:zhun	n.	отраслевой стандарт
电子产品	dian:zi:chan:pin	n.	электронная продукция
慷慨	kang:kai	adj.	щедрый
循环经济	xun:huan:jing:ji	n.	циркулярная экономика
汽	qi	n.	пар
黄豆	huang:dou	n.	соя
万余	wan:yu	num.	более 10 000
还不错	hai:bu:cuo	adj.	неплохо
武士	wu:shi	n.	воин
机械设备	ji:xie:she:bei	n.	машины и оборудование
外套	wai:tao	n.	пальто
液	ye	n.	жидкость
俄国	e:guo	n.	Россия
津贴	jin:tie	n.	пособие
姬	ji	n.	наложница
愧	kui	v.	стыдиться
解决方法	jie:jue:fang:fa	n.	способ решения
一事	yi:shi	n.	одно дело
抢劫	qiang:jie	v.	грабить
五行	wu:xing	n.	пять элементов
散步	san:bu	v.	гулять
祈祷	qi:dao	v.	молиться
体系建设	ti:xi:jian:she	n.	создание системы
谢文东	xie:wen:dong	n.	Се Вэньдун
参考价格	can:kao:jia:ge	n.	ориентировочная цена
汇	hui	v.	переводить деньги
汇	hui	n.	обмен (валюты)
陆军	lu:jun	n.	сухопутные войска
挣钱	zheng:qian	v.	зарабатывать деньги
清楚地	qing:chu:de	adv.	ясно
歌唱	ge:chang	v.	петь
愉快的	yu:kuai:de	adj.	приятный
职业病	zhi:ye:bing	n.	профессиональная болезнь
加入收藏	jia:ru:shou:cang	v.	добавить в избранное
如意	ru:yi	adj.	по желанию
执行情况	zhi:xing:qing:kuang	n.	ход выполнения
第二款	di:er:kuan	n.	вторая модель
盛会	sheng:hui	n.	торжественное собрание
漫游	man:you	v.	странствовать
漫游	man:you	n.	роуминг
三七	san:qi	n.	нотогинзенг
无意	wu:yi	adj.	не намереваться
无意	wu:yi	adj.	невольный
中途	zhong:tu	n.	середина пути
柱	zhu	n.	колонна
升华	sheng:hua	v.	сублимировать
升华	sheng:hua	n.	сублимация
织物	zhi:wu	n.	ткань
蒸汽	zheng:qi	n.	пар
并重	bing:zhong	v.	придавать равное значение
背上	bei:shang	n.	на спине
烤肉	kao:rou	n.	жареное мясо
早点	zao:dian	n.	завтрак
过期	guo:qi	v.	истечь
分值	fen:zhi	n.	количество очков
以下内容	yi:xia:nei:rong	n.	следующее содержание
原谅	yuan:liang	v.	простить
终点	zhong:dian	n.	финиш
彩信	cai:xin	n.	ммс
二字	er:zi	num.	два знака
打呼	da:hu	v.	храпеть
求购信息	qiu:gou:xin:xi	n.	информация о покупке
吸取	xi:qu	v.	впитывать
以使	yi:shi	conj.	чтобы
雅思	ya:si	n.	АЙЛТС
轮回	lun:hui	n.	перерождение
高高	gao:gao	adv.	высоко
诱发	you:fa	v.	вызывать
这三个	zhe:san:ge	pron.	эти три
习题	xi:ti	n.	упражнение
说实话	shuo:shi:hua	v.	честно говоря
和谐社会	he:xie:she:hui	n.	гармоничное общество
醒目	xing:mu	adj.	бросающийся в глаза
建设工作	jian:she:gong:zuo	n.	строительная работа
上演	shang:yan	v.	ставить
一封	yi:feng	mw.	одно (письмо)
打下	da:xia	v.	заложить
尚有	shang:you	v.	ещё иметь
社会上	she:hui:shang	n.	в обществе
一个字	yi:ge:zi	num.	одно слово
人参	ren:shen	n.	женьшень
精髓	jing:sui	n.	квинтэссенция
中国古代	zhong:guo:gu:dai	n.	древний Китай
可调	ke:tiao	adj.	регулируемый
老师	lao:shi	n.	учитель
迅速发展	xun:su:fa:zhan	v.	быстро развиваться
烧烤	shao:kao	n.	барбекю
工作单位	gong:zuo:dan:wei	n.	место работы
高新技术产业	gao:xin:ji:shu:chan:ye	n.	индустрия высоких технологий
家用电器	jia:yong:dian:qi	n.	бытовая техника
密切相关	mi:qie:xiang:guan	adj.	тесно связанный
登记管理	deng:ji:guan:li	n.	регистрационное управление
组团	zu:tuan	v.	создавать группу
典范	dian:fan	n.	образец
经济开发区	jing:ji:kai:fa:qu	n.	зона экономического развития
数据包	shu:ju:bao	n.	пакет данных
间隙	jian:xi	n.	зазор
招标文件	zhao:biao:wen:jian	n.	тендерная документация
九五	jiu:wu	num.	95
水产品	shui:chan:pin	n.	морепродукты
光彩	guang:cai	n.	блеск
瓷砖	ci:zhuan	n.	кафельная плитка
抗体	kang:ti	n.	антитело
农历	nong:li	n.	лунный календарь
职业培训	zhi:ye:pei:xun	n.	профессиональная подготовка
听课	ting:ke	v.	слушать лекцию
召唤	zhao:huan	v.	призывать
粮	liang	n.	зерно
十六届	shi:liu:jie	num.	16-й созыв
堡	bao	n.	крепость
圈子	quan:zi	n.	круг
仗	zhang	n.	бой
全集	quan:ji	n.	полное собрание сочинений
小偷	xiao:tou	n.	вор
法律顾问	fa:lv:gu:wen	n.	юрист-консультант
网店	wang:dian	n.	интернет-магазин
笨	ben	adj.	глупый
奏	zou	v.	играть
养生	yang:sheng	v.	заботиться о здоровье
下一代	xia:yi:dai	n.	следующее поколение
叹息	tan:xi	v.	вздыхать
中美	zhong:mei	n.	Китай и США
参与者	can:yu:zhe	n.	участник
手机号码	shou:ji:hao:ma	n.	номер мобильного телефона
技术标准	ji:shu:biao:zhun	n.	технический стандарт
能力建设	neng:li:jian:she	n.	наращивание потенциала
猎人	lie:ren	n.	охотник
公元前	gong:yuan:qian	n.	до н. э.
指引	zhi:yin	v.	направлять
搬家	ban:jia	v.	переезжать
冷笑	leng:xiao	v.	насмешливо усмехаться
流转	liu:zhuan	v.	обращаться
歉	qian	n.	извинение
典当	dian:dang	v.	закладывать
甩	shuai	v.	хлестать
怔	zheng	v.	остолбенеть
那个时候	na:ge:shi:hou	n.	в то время
星期四	xing:qi:si	n.	четверг
什么人	shen:me:ren	pron.	кто
航天	hang:tian	n.	космонавтика
心理	xin:li	n.	психология
伴有	ban:you	v.	сопровождаться
开拓创新	kai:tuo:chuang:xin	v.	pioneerить и innovировать
申办	shen:ban	v.	выдвигать кандидатуру
实践活动	shi:jian:huo:dong	n.	практическая деятельность
先进性教育	xian:jin:xing:jiao:yu	n.	прогрессивное воспитание
每个月	mei:ge:yue	n.	каждый месяц
液压	ye:ya	n.	гидравлика
大肉	da:rou	n.	свинина
允	yun	v.	разрешать
教育厅	jiao:yu:ting	n.	департамент образования
大力推进	da:li:tui:jin	v.	энергично продвигать
水域	shui:yu	n.	акватория
本企业	ben:qi:ye	n.	данное предприятие
进修	jin:xiu	v.	повышать квалификацию
案件	an:jian	n.	дело
三分之一	san:fen:zhi:yi	num.	одна треть
副作用	fu:zuo:yong	n.	побочный эффект
资产评估	zi:chan:ping:gu	n.	оценка активов
兑现	dui:xian	v.	обналичивать
口头	kou:tou	adj.	устный
蜡烛	la:zhu	n.	свеча
跑车	pao:che	n.	спортивный автомобиль
网络广告	wang:luo:guang:gao	n.	интернет-реклама
意境	yi:jing	n.	художественный замысел
有时间	you:shi:jian	v.	иметь время
走出去	zou:chu:qu	v.	выходить
满分	man:fen	n.	высший балл
竞	jing	v.	соревноваться
写下	xie:xia	v.	записывать
专辑	zhuan:ji	n.	альбом
林肯	lin:ken	n.	Линкольн
点燃	dian:ran	v.	зажигать
证明材料	zheng:ming:cai:liao	n.	подтверждающие документы
圣人	sheng:ren	n.	мудрец
称赞	cheng:zan	v.	хвалить
几个月	ji:ge:yue	num.	несколько месяцев
影院	ying:yuan	n.	кинотеатр
思想政治工作	si:xiang:zheng:zhi:gong:zuo	n.	идеологическая работа
祸	huo	n.	беда
边境	bian:jing	n.	граница
分店	fen:dian	n.	филиал
个人所得税	ge:ren:suo:de:shui	n.	подоходный налог
信息安全	xin:xi:an:quan	n.	информационная безопасность
病因	bing:yin	n.	причина болезни
发展有限公司	fa:zhan:you:xian:gong:si	n.	компания по развитию
销毁	xiao:hui	v.	уничтожать
耶	ye	int.	да!
警示	jing:shi	v.	предостерегать
修饰	xiu:shi	v.	украшать
必要性	bi:yao:xing	n.	необходимость
请登录	qing:deng:lu	v.	пожалуйста, войдите
卫生局	wei:sheng:ju	n.	управление здравоохранения
复兴	fu:xing	v.	возрождать
个体工商户	ge:ti:gong:shang:hu	n.	индивидуальный предприниматель
直达	zhi:da	v.	идти напрямую
直达	zhi:da	adj.	без пересадок
免除	mian:chu	v.	освобождать
胳膊	ge:bo	n.	рука
文体	wen:ti	n.	стиль
文体	wen:ti	n.	культура и спорт
忍受	ren:shou	v.	терпеть
宋体	song:ti	n.	шрифт Сун
准予	zhun:yu	v.	разрешать
梅花	mei:hua	n.	цветение сливы
清朝	qing:chao	n.	династия Цин
西蜀子云亭	xi:shu:zi:yun:ting	n.	павильон Сишу Цзыюнь
刀塔	dao:ta	n.	Dota
老是	lao:shi	adv.	всё время
谈家渡桥	tan:jia:du:qiao	n.	мост Таньцзяду
白嫖	bai:piao	v.	пользоваться бесплатно
百事	bai:shi	n.	Пепси
暴风	bao:feng	n.	буря
宝箱	bao:xiang	n.	сундук с сокровищами
辨识	bian:shi	v.	опознавать
补给	bu:ji	n.	снабжение
补给	bu:ji	v.	снабжать
沉眠	chen:mian	v.	спать глубоким сном
辰星	chen:xing	n.	Меркурий
蠢材	chun:cai	n.	дурень
搭线	da:xian	v.	связывать
打制	da:zhi	v.	оббивать
得一逼	de:yi:bi	adv.	чертовски
定当	ding:dang	adv.	непременно
定制	ding:zhi	v.	изготавливать на заказ
定制	ding:zhi	n.	заказ
多多	duo:duo	adv.	много
恶感	e:gan	n.	неприязнь
反常	fan:chang	adj.	ненормальный
盖菜	gai:cai	n.	горчичная зелень
改点	gai:dian	v.	переносить время
搞怪	gao:guai	v.	дурачиться
古埃及人	gu:ai:ji:ren	n.	древние египтяне
红运	hong:yun	n.	удача
护食	hu:shi	v.	оберегать еду
护养	hu:yang	v.	ухаживать
花呗	hua:bei	n.	Хуабэй
会儿	hui:er	mw.	некоторое время
机翻	ji:fan	n.	машинный перевод
鸡鸡	ji:ji	n.	писюн
箭步	jian:bu	n.	большой шаг
健康宝	jian:kang:bao	n.	приложение о здоровье
践行	jian:xing	v.	осуществлять
糨糊	jiang:hu	n.	клейстер
精光	jing:guang	adv.	до последнего
酒花	jiu:hua	n.	хмель
局地	ju:di	adj.	местный
举发	ju:fa	v.	изобличать
氪金	ke:jin	v.	вкладывать деньги в игру
啦啦啦	la:la:la	onom.	ла-ла-ла
啦啦啦啦	la:la:la:la	onom.	ла-ла-ла-ла
力挺	li:ting	v.	твердо поддерживать
连连	lian:lian	adv.	непрерывно
脸形	lian:xing	n.	форма лица
没得	mei:de	v.	не иметь
那个啥	na:ge:sha	pron.	как его
脑残	nao:can	adj.	слабоумный
女儿	nv:er	n.	дочь
喷子	pen:zi	n.	хейтер
钱数	qian:shu	n.	сумма денег
热场	re:chang	v.	разогревать публику
傻傻地	sha:sha:de	adv.	глупо
上一集	shang:yi:ji	n.	предыдущая серия
什么的	shen:me:de	part.	и тому подобное
时艰	shi:jian	n.	тяжелые времена
屎山	shi:shan	n.	говнокод
算啦	suan:la	int.	ладно
特么	te:me	adv.	чёрт (эвфемизм)
天呐	tian:na	int.	боже мой
通传	tong:chuan	v.	передавать
同人	tong:ren	n.	фанатское творчество
团战	tuan:zhan	n.	командный бой
文件树	wen:jian:shu	n.	дерево файлов
文身	wen:shen	n.	татуировка
文身	wen:shen	v.	делать татуировку
无需	wu:xu	v.	не нужно
戏骨	xi:gu	n.	бывалый актер
吸金	xi:jin	v.	гребти деньги
险棋	xian:qi	n.	рискованный ход
献忠	xian:zhong	v.	бесноваться
降伏	xiang:fu	v.	покорять
小喵	xiao:miao	n.	кисуля
信谣	xin:yao	v.	верить слухам
星象	xing:xiang	n.	астрология
星爷	xing:ye	n.	Стивен Чоу
徐公	xu:gong	n.	господин Сюй
眼光	yan:guang	n.	взгляд
眼光	yan:guang	n.	проницательность
药神	yao:shen	n.	бог медицины
一档	yi:dang	num.	одна передача
蚁人	yi:ren	n.	Человек-муравей
引座	yin:zuo	v.	проводить на место
盈利	ying:li	v.	приносить прибыль
盈利	ying:li	n.	прибыль
优酷	you:ku	n.	Youku
尤其是	you:qi:shi	adv.	особенно
愿景	yuan:jing	n.	видение
原神	yuan:shen	n.	Genshin Impact
悦刻	yue:ke	n.	RELX
涨薪	zhang:xin	v.	получить прибавку
正太	zheng:tai	n.	сёта
争相	zheng:xiang	adv.	наперебой
职位	zhi:wei	n.	должность
重价	zhong:jia	n.	высокая цена
成品油	cheng:pin:you	n.	нефтепродукты
培训工作	pei:xun:gong:zuo	n.	работа по обучению
少有	shao:you	adj.	редкий
糖果	tang:guo	n.	конфета
祝愿	zhu:yuan	v.	желать
上将	shang:jiang	n.	генерал
进出	jin:chu	v.	входить и выходить
一瓶	yi:ping	num.	одна бутылка
方正	fang:zheng	adj.	правильный
方正	fang:zheng	n.	Founder
性病	xing:bing	n.	венерическая болезнь
北京现代	bei:jing:xian:dai	n.	Пекин Хёндэ
赏识	shang:shi	v.	ценить
不定期	bu:ding:qi	adj.	нерегулярный
摩托	mo:tuo	n.	мотоцикл
货源	huo:yuan	n.	источник товара
访问者	fang:wen:zhe	n.	посетитель
拍拍	pai:pai	v.	похлопывать
拍拍	pai:pai	onom.	хлоп-хлоп
准时	zhun:shi	adj.	точный
有效期限	you:xiao:qi:xian	n.	срок годности
国家公务员	guo:jia:gong:wu:yuan	n.	государственный служащий
经济适用房	jing:ji:shi:yong:fang	n.	доступное жильё
小白	xiao:bai	n.	новичок
注册机	zhu:ce:ji	n.	кейген
当选	dang:xuan	v.	быть избранным
辅导员	fu:dao:yuan	n.	куратор
远方	yuan:fang	n.	даль
放过	fang:guo	v.	прощать
征税	zheng:shui	v.	взимать налоги
不良反应	bu:liang:fan:ying	n.	побочная реакция
实话	shi:hua	n.	правда
内裤	nei:ku	n.	трусы
狠狠	hen:hen	adv.	жестоко
相思	xiang:si	n.	любовная тоска
自来水	zi:lai:shui	n.	водопроводная вода
物价	wu:jia	n.	цены
情怀	qing:huai	n.	чувства
资格考试	zi:ge:kao:shi	n.	квалификационный экзамен
四肢	si:zhi	n.	четыре конечности
监事会	jian:shi:hui	n.	наблюдательный совет
拆	chai	v.	распаковывать
解散	jie:san	v.	распускать
这几年	zhe:ji:nian	n.	последние годы
奇妙	qi:miao	adj.	чудесный
高频	gao:pin	n.	высокая частота
干涉	gan:she	v.	вмешиваться
这本书	zhe:ben:shu	n.	эта книга
文秘	wen:mi	n.	секретарская работа
有一点	you:yi:dian	adv.	немного
货品	huo:pin	n.	товары
新车型	xin:che:xing	n.	новая модель автомобиля
又名	you:ming	v.	также называемый
事业部	shi:ye:bu	n.	подразделение
汇集	hui:ji	v.	собираться
年薪	nian:xin	n.	годовая зарплата
双核	shuang:he	n.	двухъядерный
悠悠	you:you	adv.	неспешно
电信业务	dian:xin:ye:wu	n.	услуги электросвязи
硕士研究生	shuo:shi:yan:jiu:sheng	n.	магистрант
网站推广	wang:zhan:tui:guang	n.	продвижение сайта
卖给	mai:gei	v.	продавать
现阶段	xian:jie:duan	n.	нынешний этап
招租	zhao:zu	v.	сдаётся
政策法规	zheng:ce:fa:gui	n.	политика и правила
小结	xiao:jie	n.	краткое резюме
汗水	han:shui	n.	пот
温馨提示	wen:xin:ti:shi	n.	дружеское напоминание
副校长	fu:xiao:zhang	n.	заместитель директора
宣称	xuan:cheng	v.	утверждать
星期一	xing:qi:yi	n.	понедельник
烦人	fan:ren	adj.	надоедливый
展望	zhan:wang	v.	заглядывать вперёд
最后一次	zui:hou:yi:ci	n.	последний раз
夕阳	xi:yang	n.	закат
知名品牌	zhi:ming:pin:pai	n.	известный бренд
罪犯	zui:fan	n.	преступник
竞争优势	jing:zheng:you:shi	n.	конкурентное преимущество
儿女	er:nv	n.	дети
法律依据	fa:lv:yi:ju	n.	правовое основание
生物技术	sheng:wu:ji:shu	n.	биотехнология
改名	gai:ming	v.	переименовать
没	mo	v.	не иметь
爵	jue	n.	дворянский титул
准考证	zhun:kao:zheng	n.	экзаменационный пропуск
绩	ji	n.	заслуга
现存	xian:cun	adj.	существующий
底层	di:ceng	n.	нижний слой
广大党员	guang:da:dang:yuan	n.	широкие массы партийцев
荣誉称号	rong:yu:cheng:hao	n.	почётное звание
进行调查	jin:xing:diao:cha	v.	проводить расследование
向后	xiang:hou	adv.	назад
真好	zhen:hao	adj.	действительно хороший
离子	li:zi	n.	ион
脸部	lian:bu	n.	лицо
海岸	hai:an	n.	побережье
音质	yin:zhi	n.	качество звука
自发	zi:fa	adj.	стихийный
曲折	qu:zhe	adj.	извилистый
放进	fang:jin	v.	положить в
测算	ce:suan	v.	вычислять
扭曲	niu:qu	v.	искажать
诱	you	v.	соблазнять
一起来	yi:qi:lai	v.	приходить вместе
赞成	zan:cheng	v.	одобрять
装潢	zhuang:huang	v.	оформлять
压制	ya:zhi	v.	подавлять
党委书记	dang:wei:shu:ji	n.	секретарь парткома
总体规划	zong:ti:gui:hua	n.	генеральный план
第三十四条	di:san:shi:si:tiao	num.	статья 34
搜寻	sou:xun	v.	искать
搜寻	sou:xun	n.	поиск
呜	wu	onom.	увы
不了解	bu:liao:jie	v.	не понимать
上映	shang:ying	v.	выйти в прокат
程序设计	cheng:xu:she:ji	n.	программирование
不相信	bu:xiang:xin	v.	не верить
变频器	bian:pin:qi	n.	частотный преобразователь
正宗	zheng:zong	adj.	подлинный
成功率	cheng:gong:lv	n.	показатель успеха
实业	shi:ye	n.	промышленность
插手	cha:shou	v.	вмешиваться
沉重	chen:zhong	adj.	тяжёлый
名誉	ming:yu	n.	репутация
穴	xue	n.	дыра
衰老	shuai:lao	v.	стареть
衰老	shuai:lao	n.	старение
老太太	lao:tai:tai	n.	старушка
有价值的	you:jia:zhi:de	adj.	ценный
二十年	er:shi:nian	n.	двадцать лет
趋于	qu:yu	v.	склоняться к
好不容易	hao:bu:rong:yi	adv.	с большим трудом
黎	li	n.	Ли (фамилия)
介绍一下	jie:shao:yi:xia	v.	кратко представить
租	zu	v.	арендовать
租	zu	n.	аренда
培	pei	v.	окучивать
咋	za	adv.	как (диалект)
开阔	kai:kuo	adj.	широкий
开阔	kai:kuo	v.	расширять
不可避免	bu:ke:bi:mian	adj.	неизбежный
经营企业	jing:ying:qi:ye	v.	управлять предприятием
议论	yi:lun	v.	обсуждать
议论	yi:lun	n.	комментарий
过滤器	guo:lv:qi	n.	фильтр
保健食品	bao:jian:shi:pin	n.	продукт для здоровья
没收违法所得	mo:shou:wei:fa:suo:de	v.	конфисковать незаконные доходы
限量	xian:liang	v.	ограничивать количество
阵阵	zhen:zhen	adv.	волнами
现今	xian:jin	adv.	в наши дни
这样的话	zhe:yang:de:hua	conj.	в таком случае
平的	ping:de	adj.	плоский
小品	xiao:pin	n.	комическая сценка
小品	xiao:pin	n.	маленькое эссе
粉末	fen:mo	n.	порошок
最终的	zui:zhong:de	adj.	окончательный
宋代	song:dai	n.	династия Сун
没钱	mei:qian	adj.	без денег
梳理	shu:li	v.	расчёсывать
梳理	shu:li	v.	упорядочивать
老爸	lao:ba	n.	папа
井	jing	n.	колодец
选址	xuan:zhi	v.	выбирать место
皮鞋	pi:xie	n.	кожаная обувь
黄瓜	huang:gua	n.	огурец
上天	shang:tian	v.	возноситься на небо
上天	shang:tian	n.	небеса
相邻	xiang:lin	adj.	смежный
牢固树立	lao:gu:shu:li	v.	твёрдо устанавливать
银河	yin:he	n.	Млечный Путь
综合治理	zong:he:zhi:li	n.	комплексное управление
病房	bing:fang	n.	палата
服务体系	fu:wu:ti:xi	n.	система обслуживания
交通工具	jiao:tong:gong:ju	n.	транспортное средство
街道办事处	jie:dao:ban:shi:chu	n.	управление микрорайона
各个方面	ge:ge:fang:mian	n.	все аспекты
来看看	lai:kan:kan	v.	прийти посмотреть
工作性质	gong:zuo:xing:zhi	n.	характер работы
专利权	zhuan:li:quan	n.	патентные права
何以	he:yi	adv.	почему
窝	wo	n.	гнездо
窝	wo	mw.	помёт
财税	cai:shui	n.	финансы и налоги
借用	jie:yong	v.	заимствовать
借用	jie:yong	n.	заимствование
润滑	run:hua	v.	смазывать
触发	chu:fa	v.	запускать
自家	zi:jia	pron.	собственный
蒋介石	jiang:jie:shi	n.	Чан Кайши
会见	hui:jian	v.	встречаться
村级	cun:ji	adj.	сельского уровня
起飞	qi:fei	v.	взлетать
和谐发展	he:xie:fa:zhan	n.	гармоничное развитие
繁忙	fan:mang	adj.	загруженный
嘻嘻	xi:xi	onom.	хи-хи
工作量	gong:zuo:liang	n.	объём работы
宽松	kuan:song	adj.	свободный
偿还	chang:huan	v.	возвращать
使用寿命	shi:yong:shou:ming	n.	срок службы
工程技术	gong:cheng:ji:shu	n.	инженерная техника
无偿	wu:chang	adj.	безвозмездный
常见问题	chang:jian:wen:ti	n.	часто задаваемые вопросы
司法机关	si:fa:ji:guan	n.	судебный орган
上限	shang:xian	n.	верхний предел
通用网址	tong:yong:wang:zhi	n.	общий веб-адрес
扬声器	yang:sheng:qi	n.	громкоговоритель
宣告	xuan:gao	v.	объявлять
经商	jing:shang	v.	заниматься бизнесом
校内	xiao:nei	n.	на территории школы
见证	jian:zheng	v.	свидетельствовать
处方	chu:fang	n.	рецепт
投递	tou:di	v.	доставлять
外企	wai:qi	n.	иностранная компания
少见	shao:jian	adj.	редкий
中山市	zhong:shan:shi	n.	Чжуншань
分校	fen:xiao	n.	филиал школы
弥	mi	v.	наполнять
相声	xiang:sheng	n.	сяншэн
苍白	cang:bai	adj.	бледный
拦截	lan:jie	v.	перехватывать
酝酿	yun:niang	v.	назревать
守护	shou:hu	v.	оберегать
返	fan	v.	возвращаться
问世	wen:shi	v.	выйти в свет
匹	pi	mw.	(счётное слово для лошадей)
尤为	you:wei	adv.	особенно
带走	dai:zou	v.	уносить
凑	cou	v.	собирать
朗读	lang:du	v.	читать вслух
古镇	gu:zhen	n.	старинный городок
纸币	zhi:bi	n.	банкнота
贸易有限公司	mao:yi:you:xian:gong:si	n.	торговая компания
奸	jian	adj.	коварный
解放思想	jie:fang:si:xiang	v.	освободить мысли
后代	hou:dai	n.	потомок
技师	ji:shi	n.	техник
低端	di:duan	adj.	низкого класса
装的	zhuang:de	v.	притворяться
长寿	chang:shou	adj.	долголетие
交际	jiao:ji	n.	общение
实质性	shi:zhi:xing	adj.	существенный
与环境	yu:huan:jing	prep.	с окружающей средой
建筑设计	jian:zhu:she:ji	n.	архитектурное проектирование
新闻网	xin:wen:wang	n.	новостной сайт
说要	shuo:yao	v.	говорить
他能	ta:neng	pron.	он может
一幕	yi:mu	n.	сцена
又好又快	you:hao:you:kuai	adj.	хороший и быстрый
战斗机	zhan:dou:ji	n.	истребитель
对的	dui:de	adj.	правильный
规模化	gui:mo:hua	v.	масштабирование
长春市	chang:chun:shi	n.	Чанчунь
招商银行	zhao:shang:yin:hang	n.	China Merchants Bank
下手	xia:shou	v.	приниматься
下手	xia:shou	n.	подручный
生活费	sheng:huo:fei	n.	расходы на жизнь
新品种	xin:pin:zhong	n.	новый сорт
置换	zhi:huan	v.	заменять
万能	wan:neng	adj.	всемогущий
华侨	hua:qiao	n.	заморский китаец
还不够	hai:bu:gou	adv.	ещё недостаточно
法宝	fa:bao	n.	волшебное оружие
两部分	liang:bu:fen	n.	две части
持续发展	chi:xu:fa:zhan	v.	устойчивое развитие
艰苦奋斗	jian:ku:fen:dou	v.	упорно бороться
陌	mo	n.	полевая тропа
叛	pan	v.	предавать
关键在于	guan:jian:zai:yu	v.	ключ заключается в
复活	fu:huo	v.	воскресать
同时又	tong:shi:you	conj.	вместе с тем
智能手机	zhi:neng:shou:ji	n.	смартфон
矿产	kuang:chan	n.	полезные ископаемые
正处于	zheng:chu:yu	v.	находиться в
多余的	duo:yu:de	adj.	лишний
实践经验	shi:jian:jing:yan	n.	практический опыт
走访	zou:fang	v.	посещать
清楚的	qing:chu:de	adj.	ясный
大侠	da:xia	n.	богатырь
点缀	dian:zhui	v.	украшать
女神	nv:shen	n.	богиня
本协议	ben:xie:yi	n.	настоящее соглашение
欲知	yu:zhi	v.	хотеть знать
心疼	xin:teng	v.	жалеть
大公司	da:gong:si	n.	крупная компания
每一天	mei:yi:tian	n.	каждый день
头文件	tou:wen:jian	n.	заголовочный файл
基准	ji:zhun	n.	стандарт
基准	ji:zhun	n.	ориентир
颤抖	chan:dou	v.	дрожать
填补	tian:bu	v.	заполнять
学士学位	xue:shi:xue:wei	n.	бакалавриат
方言	fang:yan	n.	диалект
缘分	yuan:fen	n.	судьба
着	zhao	part.	видовая частица
着	zhuo	part.	показатель длительности
十万	shi:wan	num.	100 000
剩下	sheng:xia	v.	оставаться
核	he	n.	ядро
从上	cong:shang	prep.	сверху
急救	ji:jiu	n.	первая помощь
颠覆	dian:fu	v.	свергать
双腿	shuang:tui	n.	обе ноги
空缺	kong:que	n.	вакансия
菲律宾	fei:lv:bin	n.	Филиппины
卧	wo	v.	лежать
眼看	yan:kan	adv.	скоро
多重	duo:chong	adj.	многократный
破碎	po:sui	v.	разбиваться
幅	fu	mw.	счётное слово для картин
眨	zha	v.	моргать
耗	hao	v.	растрачивать
加分	jia:fen	v.	добавлять баллы
自动滚屏	zi:dong:gun:ping	n.	автопрокрутка
发行时间	fa:xing:shi:jian	n.	дата выпуска
洒	sa	v.	разбрызгивать
提请	ti:qing	v.	вносить
走近	zou:jin	v.	приближаться
财政收入	cai:zheng:shou:ru	n.	бюджетные доходы
财政局	cai:zheng:ju	n.	финансовое управление
偏低	pian:di	adj.	заниженный
雪花	xue:hua	n.	снежинка
有关专家	you:guan:zhuan:jia	n.	соответствующие эксперты
舞曲	wu:qu	n.	танцевальная музыка
闪光灯	shan:guang:deng	n.	flash
优质服务	you:zhi:fu:wu	n.	качественное обслуживание
合作社	he:zuo:she	n.	кооператив
组图	zu:tu	n.	фотогалерея
各部	ge:bu	n.	каждый отдел
哪有	na:you	adv.	aуж разве
一员	yi:yuan	n.	член
东亚	dong:ya	n.	Восточная Азия
收款	shou:kuan	v.	получать платежи
接头	jie:tou	v.	устанавливать связь
多吃	duo:chi	v.	есть больше
电邮	dian:you	n.	электронная почта
这下	zhe:xia	pron.	ну вот
计算机网络	ji:suan:ji:wang:luo	n.	компьютерная сеть
行销	xing:xiao	v.	продавать на рынке
忧伤	you:shang	adj.	печальный
没法	mei:fa	adv.	никак не
艰辛	jian:xin	adj.	тяжёлый
击败	ji:bai	v.	победить
击败	ji:bai	v.	побеждать
与会	yu:hui	v.	участвовать в заседании
怡	yi	adj.	радостный
高价	gao:jia	n.	высокая цена
高价	gao:jia	adj.	дорогой
学习者	xue:xi:zhe	n.	учащийся
莫名	mo:ming	adj.	непонятный
切除	qie:chu	v.	иссекать
写明	xie:ming	v.	claramente указать
本省	ben:sheng	n.	своя провинция
父子	fu:zi	n.	отец и сын
旅游区	lv:you:qu	n.	туристический район
详	xiang	adj.	подробный
有如	you:ru	v.	быть подобным
新中国	xin:zhong:guo	n.	Новый Китай
副食	fu:shi	n.	дополнительные продукты
兼容性	jian:rong:xing	n.	совместимость
死机	si:ji	v.	зависать
履行职责	lv:xing:zhi:ze	v.	исполнять обязанности
上调	shang:diao	v.	повышать
上调	shang:diao	n.	повышение
上调	shang:tiao	v.	переключать вверх
张家界	zhang:jia:jie	n.	Чжанцзяцзе
建行	jian:hang	n.	Стройбанк Китая
寺庙	si:miao	n.	храм
不规范	bu:gui:fan	adj.	ненормативный
福特	fu:te	n.	Форд
统领	tong:ling	v.	командовать
傍晚	bang:wan	n.	сумерки
合格证	he:ge:zheng	n.	сертификат соответствия
卢	lu	n.	Лу
扣	kou	v.	застегивать
扣	kou	v.	вычитать
当局	dang:ju	n.	власти
滥用	lan:yong	v.	злоупотреблять
屠城	tu:cheng	v.	вырезать город
责任心	ze:ren:xin	n.	чувство ответственности
增长速度	zeng:zhang:su:du	n.	темп роста
中小学生	zhong:xiao:xue:sheng	n.	школьники
尾巴	wei:ba	n.	хвост
想象力	xiang:xiang:li	n.	воображение
保险人	bao:xian:ren	n.	страховщик
周三	zhou:san	n.	среда
小康	xiao:kang	n.	зажиточность
宣扬	xuan:yang	v.	пропагандировать
带回	dai:hui	v.	приносить обратно
轻松的	qing:song:de	adj.	расслабленный
轻松的	qing:song:de	adj.	лёгкий
丑	chou	adj.	уродливый
丑	chou	n.	клоун
有待	you:dai	v.	оставаться
张开	zhang:kai	v.	раскрывать
分流	fen:liu	v.	разделять
勉	mian	v.	стараться
孝	xiao	n.	сыновняя почтительность
心动	xin:dong	v.	быть очарованным
逛街	guang:jie	v.	гулять по магазинам
文集	wen:ji	n.	сборник сочинений
何意	he:yi	n.	какой смысл
取胜	qu:sheng	v.	одержать победу
发起人	fa:qi:ren	n.	учредитель
物价局	wu:jia:ju	n.	управление цен
契机	qi:ji	n.	поворотный момент
市中心	shi:zhong:xin	n.	центр города
伤感	shang:gan	adj.	сентиментальный
主要功能	zhu:yao:gong:neng	n.	главная функция
矛	mao	n.	копьё
浪潮	lang:chao	n.	волна
法律服务	fa:lv:fu:wu	n.	юридические услуги
运送	yun:song	v.	перевозить
肥料	fei:liao	n.	удобрение
明知	ming:zhi	v.	знать отлично
眼下	yan:xia	n.	в настоящее время
丹麦	dan:mai	n.	Дания
奶牛	nai:niu	n.	дойная корова
体育馆	ti:yu:guan	n.	спортивный зал
辉煌的	hui:huang:de	adj.	блестящий
快门	kuai:men	n.	затвор
生产型	sheng:chan:xing	n.	производственный тип
留言内容	liu:yan:nei:rong	n.	содержание сообщения
会所	hui:suo	n.	клуб
业务范围	ye:wu:fan:wei	n.	сфера деятельности
打架	da:jia	v.	драться
出土	chu:tu	v.	быть извлечённым из земли
瘦身	shou:shen	v.	похудеть
低廉	di:lian	adj.	дешёвый
国美	guo:mei	n.	Gome
销售商	xiao:shou:shang	n.	продавец
反腐倡廉	fan:fu:chang:lian	n.	борьба с коррупцией
氛	fen	n.	атмосфера
交代	jiao:dai	v.	объяснять
台风	tai:feng	n.	тайфун
基数	ji:shu	n.	количественное число
衡	heng	v.	взвешивать
并存	bing:cun	v.	сосуществовать
道路运输	dao:lu:yun:shu	n.	автоперевозки
苦恼	ku:nao	adj.	мучимый
建站	jian:zhan	v.	создать сайт
陶	tao	n.	керамика
指甲	zhi:jia	n.	ноготь
成套	cheng:tao	adj.	комплектный
租屋	zu:wu	n.	съёмное жильё
着眼于	zhuo:yan:yu	v.	сосредоточиться на
各式	ge:shi	adj.	разные
姓氏	xing:shi	n.	фамилия
腾	teng	v.	взлетать
腾	teng	v.	парить
制冷	zhi:leng	v.	охлаждать
制冷	zhi:leng	n.	охлаждение
抵御	di:yu	v.	противостоять
开放式	kai:fang:shi	adj.	открытого типа
购	gou	v.	покупать
备忘录	bei:wang:lu	n.	памятная записка
最先	zui:xian	adv.	прежде всего
厂长	chang:zhang	n.	директор завода
亲友	qin:you	n.	родные и друзья
昆山	kun:shan	n.	Куньшань
检修	jian:xiu	v.	проверять и ремонтировать
轨迹	gui:ji	n.	траектория
澄清	cheng:qing	v.	выяснять
澄清	cheng:qing	v.	отстаиваться
念佛	nian:fo	v.	читать имя Будды
这回	zhe:hui	pron.	на этот раз
检察机关	jian:cha:ji:guan	n.	прокуратура
接纳	jie:na	v.	принимать
瞄准	miao:zhun	v.	прицеливаться
公务	gong:wu	n.	служебные дела
听听	ting:ting	v.	послушать
火热	huo:re	adj.	раскалённый
张扬	zhang:yang	adj.	броский
老乡	lao:xiang	n.	земляк
子孙	zi:sun	n.	потомки
手掌	shou:zhang	n.	ладонь
汪	wang	onom.	гав
高技术	gao:ji:shu	n.	высокие технологии
全能	quan:neng	adj.	универсальный
工具栏	gong:ju:lan	n.	панель инструментов
二层	er:ceng	n.	второй этаж
展厅	zhan:ting	n.	выставочный зал
非常感谢	fei:chang:gan:xie	v.	большое спасибо
明朝	ming:chao	n.	династия Мин
那次	na:ci	pron.	тот раз
打败	da:bai	v.	победить
少儿	shao:er	n.	дети
颁奖	ban:jiang	v.	вручать награды
新年快乐	xin:nian:kuai:le	adj.	с новым годом
衬衫	chen:shan	n.	рубашка
僵	jiang	adj.	окоченелый
冻结	dong:jie	v.	замораживать
弊端	bi:duan	n.	злоупотребление
海底	hai:di	n.	морское дно
载明	zai:ming	v.	указывать
亮丽	liang:li	adj.	яркий
小猪	xiao:zhu	n.	поросёнок
祖先	zu:xian	n.	предок
另一方	ling:yi:fang	n.	другая сторона
总和	zong:he	n.	сумма
福田	fu:tian	n.	Фукуда
计价	ji:jia	v.	оценивать
规避	gui:bi	v.	избегать
断裂	duan:lie	v.	разрываться
断裂	duan:lie	n.	разрыв
心理咨询	xin:li:zi:xun	n.	психологическая консультация
展馆	zhan:guan	n.	выставочный зал
第三者	di:san:zhe	n.	третье лицо
弹簧	tan:huang	n.	пружина
网上购物	wang:shang:gou:wu	n.	онлайн-покупки
人才招聘	ren:cai:zhao:pin	n.	подбор персонала
金奖	jin:jiang	n.	золотая премия
前几天	qian:ji:tian	n.	последние несколько дней
忧郁	you:yu	adj.	меланхоличный
享用	xiang:yong	v.	наслаждаться
工作岗位	gong:zuo:gang:wei	n.	рабочее место
摄影师	she:ying:shi	n.	фотограф
底下	di:xia	n.	внизу
女方	nv:fang	n.	сторона женщины
电视节目	dian:shi:jie:mu	n.	телепрограмма
经验丰富	jing:yan:feng:fu	adj.	опытный
参考价	can:kao:jia	n.	ориентировочная цена
方向盘	fang:xiang:pan	n.	руль
建构	jian:gou	v.	конструировать
一派	yi:pai	n.	школа
一派	yi:pai	adv.	совсем
起源	qi:yuan	n.	происхождение
起源	qi:yuan	v.	происходить
隐蔽	yin:bi	adj.	скрытый
疗	liao	v.	лечить
哪一个	na:yi:ge	pron.	который
新兵	xin:bing	n.	новобранец
骨折	gu:zhe	n.	перелом
粒子	li:zi	n.	частица
招考	zhao:kao	v.	набирать по экзамену
筹建	chou:jian	v.	готовить строительство
脑子	nao:zi	n.	мозг
热带	re:dai	n.	тропики
兵力	bing:li	n.	военная сила
管理器	guan:li:qi	n.	диспетчер
疲惫	pi:bei	adj.	измотанный
连线	lian:xian	v.	соединять
放射性	fang:she:xing	n.	радиоактивность
三点	san:dian	n.	три часа
三点	san:dian	num.	три
使用说明	shi:yong:shuo:ming	n.	инструкция
重要因素	zhong:yao:yin:su	n.	важный фактор
银行存款	yin:hang:cun:kuan	n.	банковский вклад
研究者	yan:jiu:zhe	n.	исследователь
慈善	ci:shan	adj.	благотворительный
唐朝	tang:chao	n.	династия Тан
音像制品	yin:xiang:zhi:pin	n.	аудиовизуальная продукция
妃	fei	n.	наложница
罚	fa	v.	наказывать
李白	li:bai	n.	Ли Бай
涂层	tu:ceng	n.	покрытие
交通部	jiao:tong:bu	n.	Министерство транспорта
想来	xiang:lai	adv.	вероятно
国药准字	guo:yao:zhun:zi	n.	государственный номер лекарства
收看	shou:kan	v.	смотреть (ТВ)
洋葱	yang:cong	n.	лук
调配	diao:pei	v.	распределять
调配	tiao:pei	v.	смешивать
相等	xiang:deng	adj.	равный
刘德华	liu:de:hua	n.	Энди Лау
请进	qing:jin	v.	войдите, пожалуйста
授权委托书	shou:quan:wei:tuo:shu	n.	доверенность
存储器	cun:chu:qi	n.	запоминающее устройство
立案	li:an	v.	возбудить дело
首创	shou:chuang	v.	первым создать
过年	guo:nian	v.	встречать Новый год
本事	ben:shi	n.	способность
做大	zuo:da	v.	увеличивать
免税	mian:shui	v.	освобождать от налога
老爷	lao:ye	n.	господин
音量	yin:liang	n.	громкость
心脏病	xin:zang:bing	n.	болезнь сердца
中和	zhong:he	v.	нейтрализовать
本刊	ben:kan	n.	наш журнал
开花	kai:hua	v.	цвести
农资	nong:zi	n.	сельхозматериалы
血型	xie:xing	n.	группа крови
血型	xue:xing	n.	группа крови
肉类	rou:lei	n.	мясо
二月	er:yue	n.	февраль
行政诉讼	xing:zheng:su:song	n.	административный иск
讲课	jiang:ke	v.	читать лекцию
棋	qi	n.	шахматы
定性	ding:xing	v.	определять характер
几千	ji:qian	num.	несколько тысяч
不惜	bu:xi	v.	не останавливаться перед
缝	feng	v.	шить
美颜	mei:yan	n.	фитошоп
完工	wan:gong	v.	быть завершённым
尽头	jin:tou	n.	конец
有名	you:ming	adj.	известный
专业课	zhuan:ye:ke	n.	специальный курс
旅途	lv:tu	n.	путь
拥挤	yong:ji	adj.	переполненный
自学考试	zi:xue:kao:shi	n.	экзамен по самообразованию
相传	xiang:chuan	adv.	по преданию
相传	xiang:chuan	v.	передаваться
有机结合	you:ji:jie:he	n.	органическое сочетание
收发	shou:fa	v.	отправлять и получать
震惊	zhen:jing	v.	шокировать
三千	san:qian	num.	3000
不久前	bu:jiu:qian	adv.	недавно
发泄	fa:xie	v.	вымещать
观音	guan:yin	n.	Гуаньинь
菊花	ju:hua	n.	хризантема
同行业	tong:hang:ye	n.	одна отрасль
周二	zhou:er	n.	вторник
脉冲	mai:chong	n.	импульс
巨人	ju:ren	n.	великан
收音机	shou:yin:ji	n.	радиоприёмник
路程	lu:cheng	n.	расстояние
温家宝	wen:jia:bao	n.	Вэнь Цзябао
立体声	li:ti:sheng	n.	стерео
商圈	shang:quan	n.	торговый район
确切	que:qie	adj.	точный
有关情况	you:guan:qing:kuang	n.	соответствующая информация
味精	wei:jing	n.	глутамат натрия
粉碎	fen:sui	v.	раздроблять
粉碎	fen:sui	v.	разгромить
看点	kan:dian	n.	достопримечательность
廉政	lian:zheng	n.	чистое управление
罚金	fa:jin	n.	штраф
社交	she:jiao	n.	общение
社交	she:jiao	v.	общаться
引来	yin:lai	v.	привлекать
筹资	chou:zi	v.	финансировать
动向	dong:xiang	n.	тенденция
顶尖	ding:jian	adj.	c первоклассный... классный
流星	liu:xing	n.	метеор
协定	xie:ding	n.	соглашение
咨询热线	zi:xun:re:xian	n.	горячая линия
期盼	qi:pan	v.	с нетерпением ждать
中介服务	zhong:jie:fu:wu	n.	посреднические услуги
不平衡	bu:ping:heng	adj.	несбалансированный
体温	ti:wen	n.	температура тела
经济学家	jing:ji:xue:jia	n.	экономист
职业生涯	zhi:ye:sheng:ya	n.	карьера
诉求	su:qiu	n.	требование
几张	ji:zhang	num.	сколько (листов)
中秋	zhong:qiu	n.	праздник Середины осени
毕业论文	bi:ye:lun:wen	n.	дипломная работа
送来	song:lai	v.	доставить
折旧	zhe:jiu	n.	амортизация
第三十五条	di:san:shi:wu:tiao	n.	статья 35
躯	qu	n.	туловище
交替	jiao:ti	v.	чередовать
山下	shan:xia	n.	под горой
泛	fan	v.	общий
移动通信	yi:dong:tong:xin	n.	мобильная связь
楼房	lou:fang	n.	здание
土地增值税	tu:di:zeng:zhi:shui	n.	налог на прирост стоимости земли
希特勒	xi:te:le	n.	Гитлер
去过	qu:guo	v.	бывать
发展前景	fa:zhan:qian:jing	n.	перспективы развития
在线支付	zai:xian:zhi:fu	n.	онлайн-платёж
愁	chou	v.	тосковать
净值	jing:zhi	n.	чистая стоимость
齿轮	chi:lun	n.	зубчатое колесо
什么地方	shen:me:di:fang	pron.	где
坚固	jian:gu	adj.	прочный
没有办法	mei:you:ban:fa	v.	не иметь возможности
慰问	wei:wen	v.	утешать
新陈代谢	xin:chen:dai:xie	n.	метаболизм
莫斯科	mo:si:ke	n.	Москва
硬度	ying:du	n.	твёрдость
用语	yong:yu	n.	термин
品德	pin:de	n.	нравственные качества
平均水平	ping:jun:shui:ping	n.	средний уровень
编剧	bian:ju	n.	сценарист
采纳	cai:na	v.	принять
购车	gou:che	v.	покупать автомобиль
导出	dao:chu	v.	экспортировать
港币	gang:bi	n.	гонконгский доллар
真爱	zhen:ai	n.	настоящая любовь
排污	pai:wu	v.	сбрасывать загрязнения
肯定的	ken:ding:de	adj.	определённый
新问题	xin:wen:ti	n.	новая проблема
企业形象	qi:ye:xing:xiang	n.	имидж компании
搜	sou	v.	искать
大笑	da:xiao	v.	смеяться громко
人生观	ren:sheng:guan	n.	жизненная позиция
毫无疑问	hao:wu:yi:wen	adv.	без сомнения
投保人	tou:bao:ren	n.	страхователь
慈	ci	adj.	добрый
肥	fei	adj.	толстый
屌	diao	n.	хуй
深厚的	shen:hou:de	adj.	глубокий
掩盖	yan:gai	v.	скрывать
源自	yuan:zi	v.	происходить из
并发症	bing:fa:zheng	n.	осложнение
远的	yuan:de	adj.	далёкий
静脉	jing:mai	n.	вена
名次	ming:ci	n.	место
勘察	kan:cha	v.	обследовать
词典	ci:dian	n.	словарь
极强	ji:qiang	adj.	чрезвычайно сильный
自我介绍	zi:wo:jie:shao	n.	самопредставление
富人	fu:ren	n.	богатый человек
仪器仪表	yi:qi:yi:biao	n.	приборы
恐龙	kong:long	n.	динозавр
原版	yuan:ban	n.	оригинальное издание
交警	jiao:jing	n.	дорожная полиция
资质证书	zi:zhi:zheng:shu	n.	сертификат квалификации
超纲	chao:gang	v.	выйти за рамки программы
历年	li:nian	adv.	за прошлые годы
教育机构	jiao:yu:ji:gou	n.	образовательное учреждение
良种	liang:zhong	n.	отборные семена
良种	liang:zhong	n.	отборная порода
资格证	zi:ge:zheng	n.	квалификационное свидетельство
网页设计	wang:ye:she:ji	n.	веб-дизайн
兵器	bing:qi	n.	оружие
科研机构	ke:yan:ji:gou	n.	научное учреждение
赞赏	zan:shang	v.	одобрять
赞赏	zan:shang	n.	одобрение
抗战	kang:zhan	n.	война сопротивления
产后	chan:hou	adj.	послеродовой
教导	jiao:dao	v.	наставлять
教导	jiao:dao	n.	наставление
入党	ru:dang	v.	вступить в партию
几亿	ji:yi	num.	несколько сотен миллионов
计算器	ji:suan:qi	n.	калькулятор
静静的	jing:jing:de	adj.	тихий
开户行	kai:hu:hang	n.	банк открытия счёта
笼	long	n.	клетка
芳香	fang:xiang	n.	аромат
芳香	fang:xiang	adj.	ароматный
总机	zong:ji	n.	коммутатор
医用	yi:yong	adj.	медицинский
一季度	yi:ji:du	n.	первый квартал
残酷	can:ku	adj.	жестокий
预言	yu:yan	v.	предсказывать
其他国家	qi:ta:guo:jia	n.	другие страны
最容易	zui:rong:yi	adj.	самый лёгкий
优于	you:yu	v.	превосходить
无帮无派	wu:bang:wu:pai	adj.	без группировок
申购	shen:gou	v.	подписываться на
广大人民	guang:da:ren:min	n.	широкие народные массы
后退	hou:tui	v.	отступать
缓冲	huan:chong	v.	смягчать
谓之	wei:zhi	v.	называться
村镇	cun:zhen	n.	сёла и городки
背影	bei:ying	n.	вид со спины
可能出现	ke:neng:chu:xian	v.	возможно появиться
篮	lan	n.	корзина
禁忌	jin:ji	n.	табу
市场经济体制	shi:chang:jing:ji:ti:zhi	n.	система рыночной экономики
护肤	hu:fu	v.	уход за кожей
俱	ju	adv.	вместе
外围	wai:wei	n.	периферия
暂行规定	zan:xing:gui:ding	n.	временное положение
缺少的	que:shao:de	adj.	недостающий
学制	xue:zhi	n.	система образования
废除	fei:chu	v.	отменять
照样	zhao:yang	adv.	по-прежнему
娃哈哈	wa:ha:ha	n.	Ваха
不舒服	bu:shu:fu	adj.	неудобный
媳妇	xi:fu	n.	жена (невестка)
供需	gong:xu	n.	спрос и предложение
直接影响	zhi:jie:ying:xiang	n.	прямое влияние
辛苦了	xin:ku:le	int.	спасибо за труды
声响	sheng:xiang	n.	звук
不忘	bu:wang	v.	не забывать
漂流	piao:liu	v.	дрейфовать
理工	li:gong	n.	естественные науки и техника
医疗服务	yi:liao:fu:wu	n.	медицинская услуга
旅程	lv:cheng	n.	путешествие
耶稣	ye:su	n.	Иисус
基础性	ji:chu:xing	n.	основной характер
通讯员	tong:xun:yuan	n.	корреспондент
资产阶级	zi:chan:jie:ji	n.	буржуазия
惟	wei	conj.	только
费率	fei:lv	n.	тариф
支架	zhi:jia	n.	опора
堵塞	du:se	v.	засорять
三方	san:fang	n.	три стороны
出游	chu:you	v.	отправиться на прогулку
登入	deng:ru	v.	войти
智子	zhi:zi	n.	Сатоко
富豪	fu:hao	n.	богач
自尊	zi:zun	n.	самоуважение
捋清	lv:qing	v.	распутать
固有	gu:you	adj.	присущий
中科院	zhong:ke:yuan	n.	Китайская академия наук
汇编	hui:bian	n.	компиляция
应试	ying:shi	v.	сдавать экзамен
奥地利	ao:di:li	n.	Австрия
随手	sui:shou	adv.	между делом
调剂	tiao:ji	v.	регулировать
风流	feng:liu	adj.	легкомысленный
酒局	jiu:ju	n.	выпивка
专员	zhuan:yuan	n.	уполномоченный
帝王	di:wang	n.	император
车门	che:men	n.	дверца машины
实例化	shi:li:hua	v.	инстанцировать
逼真	bi:zhen	adj.	жизненный
太好了	tai:hao:le	int.	здорово
统考	tong:kao	n.	единый экзамен
截图	jie:tu	n.	скриншот
标准配置	biao:zhun:pei:zhi	n.	стандартная комплектация
递归	di:gui	n.	рекурсия
兽医	shou:yi	n.	ветеринар
而今	er:jin	adv.	ныне
柜	gui	n.	шкаф
上路	shang:lu	v.	отправиться в путь
文件格式	wen:jian:ge:shi	n.	формат файла
迷信	mi:xin	n.	суеверие
福彩	fu:cai	n.	благотворительная лотерея
拿下	na:xia	v.	захватить
产出	chan:chu	n.	выпуск
急于	ji:yu	v.	стремиться
收益率	shou:yi:lv	n.	доходность
长效机制	chang:xiao:ji:zhi	n.	долгосрочный механизм
新生儿	xin:sheng:er	n.	новорождённый
今生	jin:sheng	n.	эта жизнь
死去	si:qu	v.	умереть
骑行	qi:xing	v.	езда на велосипеде
落叶	luo:ye	n.	опавший лист
落叶	luo:ye	v.	опадать
始建于	shi:jian:yu	v.	основан в
文人	wen:ren	n.	литератор
做梦	zuo:meng	v.	видеть сны
无声	wu:sheng	adj.	беззвучный
迷人	mi:ren	adj.	очаровательный
几年来	ji:nian:lai	adv.	за последние несколько лет
交费	jiao:fei	v.	платить взносы
手腕	shou:wan	n.	запястье
手腕	shou:wan	n.	сноровка
他们说	ta:men:shuo	v.	они говорят
快捷键	kuai:jie:jian	n.	горячая клавиша
信息资源	xin:xi:zi:yuan	n.	информационные ресурсы
酒楼	jiu:lou	n.	ресторан
淹	yan	v.	утонуть
淹	yan	v.	затопить
抗菌	kang:jun	adj.	антибактериальный
胡萝卜	hu:luo:bo	n.	морковь
包容	bao:rong	v.	терпеть
包容	bao:rong	adj.	терпимый
忠心	zhong:xin	n.	верность
国籍	guo:ji	n.	гражданство
民法	min:fa	n.	гражданское право
甚至连	shen:zhi:lian	conj.	даже
有较大	you:jiao:da	v.	быть сравнительно большим
诸葛亮	zhu:ge:liang	n.	Чжугэ Лян
客户服务中心	ke:hu:fu:wu:zhong:xin	n.	центр обслуживания клиентов
迷惑	mi:huo	v.	сбивать с толку
迷惑	mi:huo	adj.	растерянный
与中华	yu:zhong:hua	prep.	с Китаем
问问	wen:wen	v.	спросить
高分	gao:fen	n.	высокий балл
要做到	yao:zuo:dao	v.	добиться
你才	ni:cai	pron.	ты
知识点	zhi:shi:dian	n.	пункт знаний
就算是	jiu:suan:shi	v.	даже если это
捉	zhuo	v.	ловить
环绕	huan:rao	v.	окружать
快要	kuai:yao	adv.	скоро
落到实处	luo:dao:shi:chu	v.	воплотиться в жизнь
第三产业	di:san:chan:ye	n.	сфера услуг
社会生活	she:hui:sheng:huo	n.	общественная жизнь
转换为	zhuan:huan:wei	v.	преобразовать в
特区	te:qu	n.	специальная зона
配备了	pei:bei:le	v.	быть оснащённым
质量控制	zhi:liang:kong:zhi	n.	контроль качества
蜘蛛	zhi:zhu	n.	паук
削弱	xue:ruo	v.	ослаблять
既能	ji:neng	v.	мочь и
分歧	fen:qi	n.	разногласие
产品开发	chan:pin:kai:fa	n.	разработка продукции
同类产品	tong:lei:chan:pin	n.	аналогичная продукция
讯息	xun:xi	n.	послание
过户	guo:hu	v.	переоформить
人民医院	ren:min:yi:yuan	n.	народная больница
毒素	du:su	n.	токсин
标本	biao:ben	n.	образец
秘诀	mi:jue	n.	секрет
旺盛	wang:sheng	adj.	бурный
好听	hao:ting	adj.	приятный на слух
连续剧	lian:xu:ju	n.	телесериал
来往	lai:wang	v.	общаться
来往	lai:wang	n.	отношения
好久	hao:jiu	adv.	долго
清香	qing:xiang	n.	тонкий аромат
山地	shan:di	n.	гористая местность
几下	ji:xia	num.	несколько раз
悬	xuan	adj.	висящий
悬	xuan	adj.	нерешённый
教科书	jiao:ke:shu	n.	учебник
预留	yu:liu	v.	резервировать
萎缩	wei:suo	v.	атрофироваться
交易日	jiao:yi:ri	n.	торговый день
贫穷	pin:qiong	adj.	бедный
推崇	tui:chong	v.	поклоняться
网上报名	wang:shang:bao:ming	v.	регистрироваться онлайн
口水	kou:shui	n.	слюна
万亿	wan:yi	num.	триллион
施加	shi:jia	v.	прикладывать
研究报告	yan:jiu:bao:gao	n.	исследовательский отчёт
别忘了	bie:wang:le	v.	не забудь
解开	jie:kai	v.	развязать
看重	kan:zhong	v.	ценить
专业人才	zhuan:ye:ren:cai	n.	специалист
迷茫	mi:mang	adj.	растерянный
动静	dong:jing	n.	движение
动静	dong:jing	n.	деятельность
霍	huo	n.	Хо
一架	yi:jia	mw.	один (самолёт)
科研成果	ke:yan:cheng:guo	n.	результат исследований
光华	guang:hua	n.	сияние
基本知识	ji:ben:zhi:shi	n.	основные знания
恰恰	qia:qia	adv.	именно
前卫	qian:wei	n.	авангард
前卫	qian:wei	adj.	авангардный
湿润	shi:run	adj.	влажный
第四届	di:si:jie	num.	4-я сессия
估值	gu:zhi	n.	оценка
所指	suo:zhi	n.	референт
日韩	ri:han	n.	Япония и Корея
全面提高	quan:mian:ti:gao	v.	всесторонне повышать
试用期	shi:yong:qi	n.	испытательный срок
毒性	du:xing	n.	токсичность
泄	xie	v.	утекать
自称	zi:cheng	v.	называть себя
报告错误	bao:gao:cuo:wu	v.	сообщать об ошибке
久久	jiu:jiu	adv.	долго
欢	huan	adj.	радостный
哈哈哈	ha:ha:ha	onom.	ха-ха
胜任	sheng:ren	v.	быть в состоянии справиться
紫外线	zi:wai:xian	n.	ультрафиолет
党建	dang:jian	n.	партийное строительство
问答	wen:da	n.	вопросы и ответы
最热	zui:re	adj.	самый горячий
软盘	ruan:pan	n.	дискета
网球	wang:qiu	n.	теннис
开玩笑	kai:wan:xiao	v.	шутить
拨号	bo:hao	v.	набирать номер
赶来	gan:lai	v.	поспешно прийти
人民日报	ren:min:ri:bao	n.	Жэньминь жибао
新房	xin:fang	n.	новый дом
残忍	can:ren	adj.	жестокий
全长	quan:chang	n.	полная длина
人气指数	ren:qi:zhi:shu	n.	индекс популярности
相近	xiang:jin	adj.	близкий
咽	yan	v.	глотать
科技部	ke:ji:bu	n.	министерство науки и техники
齿	chi	n.	зуб
点击率	dian:ji:lv	n.	кликабельность
普通高校	pu:tong:gao:xiao	n.	обычный вуз
尽早	jin:zao	adv.	как можно раньше
开学	kai:xue	v.	начало учебного года
共产主义	gong:chan:zhu:yi	n.	коммунизм
分化	fen:hua	v.	дифференцироваться
显存	xian:cun	n.	видеопамять
那一天	na:yi:tian	n.	тот день
车程	che:cheng	n.	время в пути
辩论	bian:lun	n.	дебаты
键位	jian:wei	n.	расположение клавиш
秒	miao	mw.	секунда
指明	zhi:ming	v.	указать
不全	bu:quan	adj.	неполный
一分钟	yi:fen:zhong	mw.	одна минута
逐一	zhu:yi	adv.	по очереди
迫切	po:qie	adj.	насущный
支付方式	zhi:fu:fang:shi	n.	способ оплаты
发言人	fa:yan:ren	n.	представитель
人力资源部	ren:li:zi:yuan:bu	n.	отдел кадров
陌生人	mo:sheng:ren	n.	незнакомец
日常工作	ri:chang:gong:zuo	n.	повседневная работа
需要注意	xu:yao:zhu:yi	v.	требовать внимания
一次次	yi:ci:ci	adv.	раз за разом
南昌市	nan:chang:shi	n.	Наньчан
普法	pu:fa	n.	правовое просвещение
教研	jiao:yan	n.	учебная работа
专项整治	zhuan:xiang:zheng:zhi	n.	специальная проверка
传真号码	chuan:zhen:hao:ma	n.	номер факса
货架	huo:jia	n.	полка
帮派	bang:pai	n.	банда
香菇	xiang:gu	n.	шиитаке
条约	tiao:yue	n.	договор
投资人	tou:zi:ren	n.	инвестор
税务局	shui:wu:ju	n.	налоговое управление
假的	jia:de	adj.	фальшивый
书房	shu:fang	n.	кабинет
晚报	wan:bao	n.	вечерняя газета
大理石	da:li:shi	n.	мрамор
吉利	ji:li	adj.	счастливый
忙着	mang:zhe	adj.	занятый
纠缠	jiu:chan	v.	докучать
超人	chao:ren	n.	сверхчеловек
画眉鸟	hua:mei:niao	n.	дрозд
壮观	zhuang:guan	adj.	величественный
生物学	sheng:wu:xue	n.	биология
电大	dian:da	n.	заочный университет
海滩	hai:tan	n.	пляж
聚合	ju:he	v.	полимеризоваться
岛屿	dao:yu	n.	острова
救济	jiu:ji	v.	оказывать помощь
这般	zhe:ban	adv.	так
侵略	qin:lve	n.	агрессия
明日	ming:ri	n.	завтра
盗窃	dao:qie	v.	воровать
哥们	ge:men	n.	приятель
有的是	you:de:shi	v.	иметься в избытке
包围	bao:wei	v.	окружать
就诊	jiu:zhen	v.	обращаться к врачу
投资环境	tou:zi:huan:jing	n.	инвестиционный климат
纪念馆	ji:nian:guan	n.	мемориальный музей
深加工	shen:jia:gong	n.	глубокая переработка
勤	qin	adj.	усердный
核心技术	he:xin:ji:shu	n.	ключевая технология
科学性	ke:xue:xing	n.	научность
领会	ling:hui	v.	понимать
极少	ji:shao	adv.	крайне мало
诚聘	cheng:pin	v.	искренне приглашать
秒钟	miao:zhong	n.	секунда
三年级	san:nian:ji	n.	третий класс
闲置	xian:zhi	v.	простаивать
想念	xiang:nian	v.	скучать
胆固醇	dan:gu:chun	n.	холестерин
合一	he:yi	n.	единство
走私	zou:si	v.	контрабандить
辨别	bian:bie	v.	различать
倾向于	qing:xiang:yu	v.	склоняться к
扩	kuo	v.	расширять
撞击	zhuang:ji	v.	ударять
眼部	yan:bu	n.	область глаз
屏	ping	n.	экран
消极	xiao:ji	adj.	негативный
促销活动	cu:xiao:huo:dong	n.	акция
兑换	dui:huan	v.	обменивать
对称	dui:chen	adj.	симметричный
奥林匹克	ao:lin:pi:ke	n.	Олимпиада
记账	ji:zhang	v.	вести учёт
野外	ye:wai	n.	открытая местность
滤镜	lv:jing	n.	фильтр
生产成本	sheng:chan:cheng:ben	n.	себестоимость
帝国主义	di:guo:zhu:yi	n.	империализм
看病	kan:bing	v.	обращаться к врачу
霜	shuang	n.	иней
城墙	cheng:qiang	n.	городская стена
第三十六条	di:san:shi:liu:tiao	num.	статья 36
领略	ling:lve	v.	постигать
体贴	ti:tie	adj.	внимательный
骑兵	qi:bing	n.	кавалерия
指纹	zhi:wen	n.	отпечаток пальца
超大	chao:da	adj.	сверхбольшой
键入	jian:ru	v.	вводить
任期	ren:qi	n.	срок полномочий
一侧	yi:ce	n.	одна сторона
妇联	fu:lian	n.	федерация женщин
施肥	shi:fei	v.	удобрять
恰当	qia:dang	adj.	уместный
特大	te:da	adj.	особо большой
人称	ren:cheng	n.	лицо
昆明市	kun:ming:shi	n.	Куньмин
做生意	zuo:sheng:yi	v.	заниматься торговлей
考试时间	kao:shi:shi:jian	n.	время экзамена
促成	cu:cheng	v.	способствовать
驾车	jia:che	v.	вести машину
求真务实	qiu:zhen:wu:shi	adj.	практичный
身躯	shen:qu	n.	тело
复发	fu:fa	v.	возобновляться
名校	ming:xiao	n.	знаменитая школа
工作任务	gong:zuo:ren:wu	n.	рабочая задача
亲手	qin:shou	adv.	лично
笑笑	xiao:xiao	v.	улыбнуться
奔跑	ben:pao	v.	бежать
袍	pao	n.	мантия
考试大纲	kao:shi:da:gang	n.	программа экзамена
被盗	bei:dao	v.	быть украденным
婚纱	hun:sha	n.	свадебное платье
马克	ma:ke	n.	марка
东芝	dong:zhi	n.	Toshiba
插座	cha:zuo	n.	розетка
一大堆	yi:da:dui	n.	куча
重点项目	zhong:dian:xiang:mu	n.	ключевой проект
悄然	qiao:ran	adv.	тихо
举起	ju:qi	v.	поднимать
未曾	wei:ceng	adv.	никогда
国外软件	guo:wai:ruan:jian	n.	зарубежное ПО
企业集团	qi:ye:ji:tuan	n.	корпоративная группа
死刑	si:xing	n.	смертная казнь
在里面	zai:li:mian	adv.	внутри
曾任	ceng:ren	v.	ранее занимать
捐助	juan:zhu	v.	жертвовать
蝶	die	n.	бабочка
利用率	li:yong:lv	n.	коэффициент использования
原子	yuan:zi	n.	атом
打包	da:bao	v.	упаковывать
第二种	di:er:zhong	num.	второй вид
手机号	shou:ji:hao	n.	номер мобильного
隐隐	yin:yin	adv.	смутно
飞快	fei:kuai	adj.	очень быстрый
中队	zhong:dui	n.	рота
商标注册	shang:biao:zhu:ce	n.	регистрация товарного знака
一个男人	yi:ge:nan:ren	n.	один мужчина
祭	ji	v.	приносить в жертву
省会	sheng:hui	n.	административный центр провинции
生产许可证	sheng:chan:xu:ke:zheng	n.	производственная лицензия
乒乓球	ping:pang:qiu	n.	настольный теннис
返利	fan:li	n.	ретробонус
松花	song:hua	n.	цветение сосны
国际机票	guo:ji:ji:piao	n.	международный авиабилет
出发点	chu:fa:dian	n.	отправная точка
孙子	sun:zi	n.	внук
防静电	fang:jing:dian	adj.	антистатический
厨	chu	n.	кухня
进食	jin:shi	v.	принимать пищу
安全技术	an:quan:ji:shu	n.	технология безопасности
连云港	lian:yun:gang	n.	Ляньюньган
千方百计	qian:fang:bai:ji	adv.	любыми средствами
不方便	bu:fang:bian	adj.	неудобный
上扬	shang:yang	v.	подниматься
中国社会	zhong:guo:she:hui	n.	китайское общество
正品	zheng:pin	n.	оригинальный товар
神圣	shen:sheng	adj.	священный
工程设计	gong:cheng:she:ji	n.	инженерное проектирование
亲近	qin:jin	adj.	близкий
书签	shu:qian	n.	закладка
结界	jie:jie	n.	барьер
胁	xie	v.	угрожать
谅解	liang:jie	v.	понимать и прощать
前锋	qian:feng	n.	нападающий
农家	nong:jia	n.	крестьянский двор
活跃度	huo:yue:du	n.	уровень активности
阵容	zhen:rong	n.	состав
新概念	xin:gai:nian	n.	новая концепция
粗糙	cu:cao	adj.	шероховатый
民办学校	min:ban:xue:xiao	n.	частная школа
商务网	shang:wu:wang	n.	деловой портал
旺季	wang:ji	n.	высокий сезон
小心翼翼	xiao:xin:yi:yi	adj.	осторожный
璃	li	n.	фрагмент стекла
卡尔	ka:er	n.	Карл
下岗	xia:gang	v.	быть уволенным
朋	peng	n.	друг
法术	fa:shu	n.	магия
支柱	zhi:zhu	n.	опора
经济管理	jing:ji:guan:li	n.	экономическое управление
劈	pi	v.	раскалывать
赚	zhuan	v.	зарабатывать
丛林	cong:lin	n.	джунгли
白银	bai:yin	n.	серебро
锦	jin	n.	парча
支持度	zhi:chi:du	n.	уровень поддержки
自豪	zi:hao	adj.	гордый
郑重	zheng:zhong	adj.	торжественный
紧接着	jin:jie:zhe	adv.	сразу же за этим
承载	cheng:zai	v.	выдерживать
遗失	yi:shi	v.	терять
尬	ga	adj.	неловкий
邮购	you:gou	v.	покупать по почте
尴	gan	adj.	смущённый
九江	jiu:jiang	n.	Цзюцзян
前去	qian:qu	v.	направляться
便秘	bian:mi	n.	запор
年终	nian:zhong	n.	конец года
证明文件	zheng:ming:wen:jian	n.	подтверждающий документ
树叶	shu:ye	n.	лист
代为	dai:wei	adv.	за кого-либо
攻击力	gong:ji:li	n.	сила атаки
液晶电视	ye:jing:dian:shi	n.	ЖК-телевизор
高级管理人员	gao:ji:guan:li:ren:yuan	n.	высший руководитель
绯闻	fei:wen	n.	скандал
恭喜	gong:xi	v.	поздравлять
前行	qian:xing	v.	двигаться вперёд
多用	duo:yong	v.	часто использовать
票房	piao:fang	n.	касса
大姐	da:jie	n.	старшая сестра
不料	bu:liao	conj.	неожиданно
伤势	shang:shi	n.	характер ранений
重重	chong:chong	adj.	слоями
重重	zhong:zhong	adj.	множество
定律	ding:lv	n.	закон
干部职工	gan:bu:zhi:gong	n.	кадры и служащие
乐于	le:yu	v.	охотно делать
精神文明	jing:shen:wen:ming	n.	духовная культура
川菜	chuan:cai	n.	сычуаньская кухня
工作情况	gong:zuo:qing:kuang	n.	рабочая обстановка
队友	dui:you	n.	напарник по команде
熙	xi	adj.	светлый
曙光	shu:guang	n.	рассвет
个案	ge:an	n.	отдельный случай
寺	si	n.	храм
遥远的	yao:yuan:de	adj.	далёкий
宾客	bin:ke	n.	гость
传销	chuan:xiao	n.	финансовая пирамида
黄金甲	huang:jin:jia	n.	золотые доспехи
父类	fu:lei	n.	родительский класс
夺得	duo:de	v.	завоевать
精致的	jing:zhi:de	adj.	изысканный
忧虑	you:lv	v.	беспокоиться
利润率	li:run:lv	n.	норма прибыли
攀升	pan:sheng	v.	подниматься
休闲娱乐	xiu:xian:yu:le	n.	досуг и развлечения
取得联系	qu:de:lian:xi	v.	связаться
加工厂	jia:gong:chang	n.	перерабатывающий завод
保卫	bao:wei	v.	защищать
飞机票	fei:ji:piao	n.	авиабилет
江山	jiang:shan	n.	страна
过量	guo:liang	adj.	чрезмерный
追问	zhui:wen	v.	расспрашивать
树林	shu:lin	n.	лес
升起	sheng:qi	v.	подниматься
杀菌	sha:jun	v.	обеззараживать
中长期	zhong:chang:qi	n.	средне- и долгосрочный
过剩	guo:sheng	adj.	избыточный
进驻	jin:zhu	v.	войти и расквартироваться
冷冻	leng:dong	v.	замораживать
黑夜	hei:ye	n.	ночь
昌	chang	adj.	процветающий
国家利益	guo:jia:li:yi	n.	государственный интерес
土耳其	tu:er:qi	n.	Турция
系统工程	xi:tong:gong:cheng	n.	системотехника
超频	chao:pin	v.	разгонять
航母	hang:mu	n.	авианосец
编排	bian:pai	v.	располагать
编排	bian:pai	n.	расположение
短时间内	duan:shi:jian:nei	n.	в короткий срок
社保	she:bao	n.	социальное страхование
兼职	jian:zhi	n.	совместительство
兼职	jian:zhi	v.	работать по совместительству
明清	ming:qing	n.	Мин и Цин
人品	ren:pin	n.	моральные качества
基层组织	ji:ceng:zu:zhi	n.	первичная организация
全国性	quan:guo:xing	adj.	общенациональный
电话联系	dian:hua:lian:xi	v.	связываться по телефону
平日	ping:ri	n.	будний день
平日	ping:ri	adv.	обычно
特许	te:xu	n.	специальное разрешение
特许	te:xu	v.	специально разрешать
站立	zhan:li	v.	стоять
总资产	zong:zi:chan	n.	общие активы
人造	ren:zao	adj.	искусственный
早早	zao:zao	adv.	очень рано
上传附件	shang:chuan:fu:jian	v.	загрузить вложение
自信心	zi:xin:xin	n.	уверенность в себе
管理经验	guan:li:jing:yan	n.	опыт управления
个人主页	ge:ren:zhu:ye	n.	личная страница
他妈	ta:ma	n.	его мать
他妈	ta:ma	int.	чёрт!
上市日期	shang:shi:ri:qi	n.	дата размещения
贺	he	v.	поздравлять
心境	xin:jing	n.	настроение
截止日期	jie:zhi:ri:qi	n.	крайний срок
真皮	zhen:pi	n.	натуральная кожа
真皮	zhen:pi	n.	дерма
新开	xin:kai	v.	вновь открывать
复旦大学	fu:dan:da:xue	n.	Университет Фудань
名声	ming:sheng	n.	репутация
生前	sheng:qian	n.	при жизни
巾	jin	n.	полотенце
非流通股	fei:liu:tong:gu	n.	неликвидные акции
育人	yu:ren	v.	воспитывать людей
大体	da:ti	adv.	в целом
大体	da:ti	n.	общие очертания
尊贵	zun:gui	adj.	знатный
长三角	chang:san:jiao	n.	дельта Янцзы
过关	guo:guan	v.	пройти испытание
灌溉	guan:gai	v.	оросить
杯子	bei:zi	n.	чашка
新形势	xin:xing:shi	n.	новая обстановка
涌现	yong:xian	v.	появляться в большом количестве
信息港	xin:xi:gang	n.	информационный порт
寺院	si:yuan	n.	храм
工作机制	gong:zuo:ji:zhi	n.	механизм работы
递增	di:zeng	v.	возрастать постепенно
婚庆	hun:qing	n.	свадебное торжество
变相	bian:xiang	adj.	замаскированный
运动会	yun:dong:hui	n.	спортивные соревнования
增减	zeng:jian	n.	увеличение и уменьшение
创设	chuang:she	v.	учредить
发展目标	fa:zhan:mu:biao	n.	цель развития
观摩	guan:mo	v.	наблюдать и учиться
住户	zhu:hu	n.	домохозяйство
包月	bao:yue	v.	месячная подписка
卡死	ka:si	v.	зависнуть
党校	dang:xiao	n.	партийная школа
得罪	de:zui	v.	обидеть
秦皇岛	qin:huang:dao	n.	Циньхуандао
描	miao	v.	обводить
芙蓉	fu:rong	n.	гибискус
芙蓉	fu:rong	n.	лотос
内存容量	nei:cun:rong:liang	n.	объём памяти
中药材	zhong:yao:cai	n.	китайское лекарственное сырьё
被子	bei:zi	n.	одеяло
短消息	duan:xiao:xi	n.	короткое сообщение
当月	dang:yue	n.	текущий месяц
防腐	fang:fu	v.	предотвращать коррозию
防腐	fang:fu	adj.	антикоррозийный
生活水平	sheng:huo:shui:ping	n.	уровень жизни
第三十七条	di:san:shi:qi:tiao	n.	статья 37
工作报告	gong:zuo:bao:gao	n.	отчёт о работе
内饰	nei:shi	n.	внутренняя отделка
科长	ke:zhang	n.	начальник отдела
泡泡	pao:pao	n.	пузырь
草地	cao:di	n.	газон
进行调整	jin:xing:tiao:zheng	v.	регулировать
工商管理	gong:shang:guan:li	n.	бизнес-администрирование
小鱼	xiao:yu	n.	маленькая рыба
测验	ce:yan	n.	тест
低下	di:xia	adj.	низкий
低下	di:xia	v.	понижать
市场部	shi:chang:bu	n.	отдел маркетинга
医药费	yi:yao:fei	n.	медицинские расходы
嫂嫂	sao:sao	n.	невестка
社会学	she:hui:xue	n.	социология
搞定	gao:ding	v.	справиться
想办法	xiang:ban:fa	v.	придумать способ
组织领导	zu:zhi:ling:dao	v.	организовывать и руководить
捕	bu	v.	ловить
张贴	zhang:tie	v.	размещать
广电	guang:dian	n.	радио и телевидение
接收	jie:shou	v.	принимать
段落	duan:luo	n.	абзац
降低成本	jiang:di:cheng:ben	v.	снижать затраты
守则	shou:ze	n.	правила
书面通知	shu:mian:tong:zhi	n.	письменное уведомление
第九章	di:jiu:zhang	n.	глава 9
个人简历	ge:ren:jian:li	n.	резюме
课程改革	ke:cheng:gai:ge	n.	реформа учебных программ
病理	bing:li	n.	патология
很多时候	hen:duo:shi:hou	adv.	очень часто
针织	zhen:zhi	v.	вязать
针织	zhen:zhi	adj.	вязаный
抗议	kang:yi	v.	протестовать
抗议	kang:yi	n.	протест
老人家	lao:ren:jia	n.	старик
瓷器	ci:qi	n.	фарфор
中国教育	zhong:guo:jiao:yu	n.	китайское образование
地方各级	di:fang:ge:ji	n.	различные местные уровни
万户	wan:hu	n.	10 000 дворов
狠抓	hen:zhua	v.	крепко взяться
健康成长	jian:kang:cheng:zhang	v.	здорово расти
行者	xing:zhe	n.	странник
画廊	hua:lang	n.	галерея
弄虚作假	nong:xu:zuo:jia	v.	заниматься мошенничеством
工作计划	gong:zuo:ji:hua	n.	план работы
车厢	che:xiang	n.	вагон
有效时间	you:xiao:shi:jian	n.	действительное время
战友	zhan:you	n.	боевой товарищ
教师资格	jiao:shi:zi:ge	n.	квалификация учителя
来宾	lai:bin	n.	гость
各区	ge:qu	n.	каждый район
车轮	che:lun	n.	колесо
武昌	wu:chang	n.	Учан
设法	she:fa	v.	суметь
吸附	xi:fu	v.	адсорбировать
颈部	jing:bu	n.	шея
政策性	zheng:ce:xing	n.	политический характер
协议书	xie:yi:shu	n.	соглашение
额头	e:tou	n.	лоб
会计报表	kuai:ji:bao:biao	n.	финансовая отчётность
传染	chuan:ran	v.	заражать
看清	kan:qing	v.	разглядеть
药业有限公司	yao:ye:you:xian:gong:si	n.	фармацевтическая компания
迈出	mai:chu	v.	сделать шаг
报名参加	bao:ming:can:jia	v.	записаться для участия
挤压	ji:ya	v.	сдавливать
陈先生	chen:xian:sheng	n.	господин Чэнь
海带	hai:dai	n.	kelp
折叠	zhe:die	v.	складывать
刑事	xing:shi	adj.	уголовный
朝向	chao:xiang	v.	выходить на
年均	nian:jun	adv.	в среднем за год
违纪	wei:ji	v.	нарушать дисциплину
因地制宜	yin:di:zhi:yi	v.	сообразуясь с местными условиями
血清	xue:qing	n.	сыворотка
有偿	you:chang	adj.	платный
极力	ji:li	adv.	всеми силами
迷人的	mi:ren:de	adj.	очаровательный
译文	yi:wen	n.	перевод
陵	ling	n.	мавзолей
新闻发布会	xin:wen:fa:bu:hui	n.	пресс-конференция
装有	zhuang:you	v.	быть оснащённым
客服中心	ke:fu:zhong:xin	n.	центр обслуживания клиентов
发挥作用	fa:hui:zuo:yong	v.	играть роль
降温	jiang:wen	v.	понижать температуру
到会	dao:hui	v.	присутствовать на собрании
跟帖	gen:tie	n.	комментарий
风筝	feng:zheng	n.	воздушный змей
服务管理	fu:wu:guan:li	n.	управление обслуживанием
造成损失	zao:cheng:sun:shi	v.	причинять ущерб
内含	nei:han	v.	включать в себя
食欲	shi:yu	n.	аппетит
骗取	pian:qu	v.	выманивать
身份证明	shen:fen:zheng:ming	n.	удостоверение личности
咳	ke	v.	кашлять
寻觅	xun:mi	v.	искать
有所了解	you:suo:liao:jie	v.	иметь некоторое представление
权证	quan:zheng	n.	варрант
总收入	zong:shou:ru	n.	общий доход
辅料	fu:liao	n.	вспомогательный материал
培训师	pei:xun:shi	n.	тренер
奴隶	nu:li	n.	раб
点儿	dian:er	mw.	немного
扇	shan	v.	обмахивать
仍旧	reng:jiu	adv.	всё ещё
下调	xia:diao	v.	снижать
下调	xia:tiao	v.	снижать
保鲜	bao:xian	v.	сохранять свежесть
虹	hong	n.	радуга
绵	mian	adj.	мягкий
登场	deng:chang	v.	выходить на сцену
专心	zhuan:xin	adj.	внимательный
科技发展	ke:ji:fa:zhan	n.	технологическое развитие
撕	si	v.	рвать
分数线	fen:shu:xian	n.	проходной балл
农行	nong:hang	n.	Сельскохозяйственный банк
光亮	guang:liang	n.	свет
光亮	guang:liang	adj.	светлый
听起来	ting:qi:lai	v.	звучать
全面贯彻	quan:mian:guan:che	v.	полностью осуществлять
巴基斯坦	ba:ji:si:tan	n.	Пакистан
成年人	cheng:nian:ren	n.	взрослый
蔡	cai	n.	Цай
划定	hua:ding	v.	очерчивать
思索	si:suo	v.	размышлять
高标准	gao:biao:zhun	n.	высокий стандарт
人事部门	ren:shi:bu:men	n.	отдел кадров
负面	fu:mian	adj.	негативный
加收	jia:shou	v.	взимать дополнительно
屋子	wu:zi	n.	комната
解码	jie:ma	v.	декодировать
心血	xin:xie	n.	усилия
心血	xin:xue	n.	труд
催	cui	v.	поторапливать
船上	chuan:shang	n.	на судне
企业法人	qi:ye:fa:ren	n.	юридическое лицо
苗木	miao:mu	n.	саженец
演练	yan:lian	v.	тренироваться
保险金	bao:xian:jin	n.	страховая выплата
数年	shu:nian	num.	несколько лет
全体员工	quan:ti:yuan:gong	n.	весь персонал
矿物	kuang:wu	n.	минерал
宠	chong	v.	баловать
思绪	si:xu	n.	поток мыслей
思绪	si:xu	n.	мысли
教学工作	jiao:xue:gong:zuo	n.	педагогическая работа
鼓舞	gu:wu	v.	вдохновлять
拨款	bo:kuan	v.	выделять средства
贪	tan	adj.	жадный
水流	shui:liu	n.	течение воды
成才	cheng:cai	v.	стать полезным
危及	wei:ji	v.	угрожать
独一无二	du:yi:wu:er	adj.	уникальный
主义者	zhu:yi:zhe	n.	-ист
有毒	you:du	adj.	ядовитый
艺术设计	yi:shu:she:ji	n.	искусство и дизайн
查验	cha:yan	v.	проверять
植被	zhi:bei	n.	растительность
凡事	fan:shi	n.	всё
同居	tong:ju	v.	сожительствовать
有关人士	you:guan:ren:shi	n.	заинтересованные лица
质量保证	zhi:liang:bao:zheng	n.	гарантия качества
成像	cheng:xiang	v.	формирование изображения
调查结果	diao:cha:jie:guo	n.	результаты расследования
综合利用	zong:he:li:yong	n.	комплексное использование
修补	xiu:bu	v.	латать
查杀	cha:sha	v.	обнаруживать и удалять
好感	hao:gan	n.	симпатия
辱	ru	v.	оскорблять
誓	shi	v.	клясться
死神	si:shen	n.	смерть
关键技术	guan:jian:ji:shu	n.	ключевая технология
盒	he	mw.	коробка
草莓	cao:mei	n.	клубника
审计机关	shen:ji:ji:guan	n.	аудиторский орган
生机	sheng:ji	n.	жизненная сила
细细	xi:xi	adv.	тщательно
静电	jing:dian	n.	статическое электричество
房门	fang:men	n.	дверь комнаты
高尚	gao:shang	adj.	благородный
摸索	mo:suo	v.	нащупывать
麻醉	ma:zui	n.	наркоз
数据传输	shu:ju:chuan:shu	n.	передача данных
儒家	ru:jia	n.	конфуцианство
字体大小	zi:ti:da:xiao	n.	размер шрифта
五粮液	wu:liang:ye	n.	Улянъе
居家	ju:jia	v.	жить дома
格式化	ge:shi:hua	v.	форматировать
热卖价	re:mai:jia	n.	цена ходового товара
钱包	qian:bao	n.	кошелёк
初学者	chu:xue:zhe	n.	новичок
不免	bu:mian	adv.	неизбежно
研究室	yan:jiu:shi	n.	исследовательский кабинет
国税	guo:shui	n.	государственный налог
切忌	qie:ji	v.	категорически избегать
寸	cun	mw.	дюйм
电瓶	dian:ping	n.	аккумулятор
披	pi	v.	накидывать
卫浴	wei:yu	n.	сантехника
信封	xin:feng	n.	конверт
芬兰	fen:lan	n.	Финляндия
天性	tian:xing	n.	природа
小姑娘	xiao:gu:niang	n.	девочка
后天	hou:tian	n.	послезавтра
后天	hou:tian	adj.	приобретённый
赞助商	zan:zhu:shang	n.	спонсор
党指挥枪	dang:zhi:hui:qiang	n.	партия командует винтовкой
消防安全	xiao:fang:an:quan	n.	пожарная безопасность
心痛	xin:tong	adj.	сердцу больно
搂	lou	v.	обнимать
饶	rao	v.	прощать
饶	rao	v.	щадить
通行证	tong:xing:zheng	n.	пропуск
废水	fei:shui	n.	сточные воды
考官	kao:guan	n.	экзаменатор
支柱产业	zhi:zhu:chan:ye	n.	опорная отрасль
第二年	di:er:nian	n.	следующий год
免费电影	mian:fei:dian:ying	n.	бесплатный фильм
制服	zhi:fu	n.	форма
制服	zhi:fu	v.	подавлять
施展	shi:zhan	v.	проявлять
激励机制	ji:li:ji:zhi	n.	механизм стимулирования
使劲	shi:jin	v.	напрягать силы
顺畅	shun:chang	adj.	гладкий
中成药	zhong:cheng:yao	n.	готовый китайский препарат
损耗	sun:hao	n.	потеря
损耗	sun:hao	v.	изнашивать
汇聚	hui:ju	v.	собираться
在读	zai:du	v.	учиться
跌	die	v.	падать
果汁	guo:zhi	n.	сок
傻瓜	sha:gua	n.	дурак
文具	wen:ju	n.	канцелярские товары
货车	huo:che	n.	грузовик
散热器	san:re:qi	n.	радиатор
电磁	dian:ci	n.	электромагнетизм
抽样	chou:yang	v.	производить выборку
抽样	chou:yang	n.	выборка
奖惩	jiang:cheng	n.	поощрения и наказания
攀登	pan:deng	v.	восходить
伤残	shang:can	n.	инвалидность
长虹	chang:hong	n.	Чанхун
晚期	wan:qi	n.	поздняя стадия
波兰	bo:lan	n.	Польша
苦难	ku:nan	n.	страдание
欠	qian	v.	быть должным
欣喜	xin:xi	adj.	радостный
近乎	jin:hu	v.	быть близким к
彼此的	bi:ci:de	pron.	обоюдный
尖锐	jian:rui	adj.	острый
尖锐	jian:rui	adj.	пронзительный
理论研究	li:lun:yan:jiu	n.	теоретическое исследование
动词	dong:ci	n.	глагол
肌	ji	n.	мышца
旅游资源	lv:you:zi:yuan	n.	туристические ресурсы
售	shou	v.	продавать
背部	bei:bu	n.	спина
石家庄市	shi:jia:zhuang:shi	n.	Шицзячжуан
陪伴	pei:ban	v.	сопровождать
公积金	gong:ji:jin	n.	накопительный фонд
巡	xun	v.	патрулировать
余地	yu:di	n.	пространство для манёвра
姐弟	jie:di	n.	старшая сестра и младший брат
技术力量	ji:shu:li:liang	n.	техническая мощь
分类信息	fen:lei:xin:xi	n.	классифицированная информация
大蒜	da:suan	n.	чеснок
行政区	xing:zheng:qu	n.	административный район
业务流程	ye:wu:liu:cheng	n.	бизнес-процесс
相关链接	xiang:guan:lian:jie	n.	соответствующие ссылки
推测	tui:ce	v.	предполагать
推测	tui:ce	n.	догадка
剧烈	ju:lie	adj.	сильный
首位	shou:wei	n.	первое место
星期日	xing:qi:ri	n.	воскресенье
第三十八条	di:san:shi:ba:tiao	num.	статья 38
所见	suo:jian	n.	видимое
抑	yi	v.	подавлять
网络化	wang:luo:hua	n.	сетевизация
颜料	yan:liao	n.	пигмент
维基	wei:ji	n.	вики
创新精神	chuang:xin:jing:shen	n.	дух новаторства
工程施工	gong:cheng:shi:gong	n.	строительные работы
妓女	ji:nv	n.	проститутка
宫廷	gong:ting	n.	королевский двор
特殊性	te:shu:xing	n.	особенность
迷失	mi:shi	v.	заблудиться
威廉	wei:lian	n.	Уильям
写字	xie:zi	v.	писать
中国特色	zhong:guo:te:se	n.	китайская специфика
纹	wen	n.	узор
配额	pei:e	n.	квота
特地	te:di	adv.	специально
优秀人才	you:xiu:ren:cai	n.	выдающиеся кадры
留住	liu:zhu	v.	удержать
诗词	shi:ci	n.	классическая поэзия
柔	rou	adj.	мягкий
自然人	zi:ran:ren	n.	физическое лицо
口感	kou:gan	n.	вкус во рту
上山	shang:shan	v.	подниматься в гору
忌妒	ji:du	v.	завидовать
失业保险	shi:ye:bao:xian	n.	страхование по безработице
宏	hong	adj.	обширный
政策措施	zheng:ce:cuo:shi	n.	политические меры
组织者	zu:zhi:zhe	n.	организатор
幼	you	adj.	молодой
引人注目	yin:ren:zhu:mu	v.	привлекать внимание
肤色	fu:se	n.	цвет кожи
射精	she:jing	v.	эякулировать
出任	chu:ren	v.	вступить в должность
学士	xue:shi	n.	бакалавр
哎呀	ai:ya	int.	ой
家庭教育	jia:ting:jiao:yu	n.	семейное воспитание
萍	ping	n.	ряска
平台上	ping:tai:shang	n.	на платформе
驻	zhu	v.	быть расквартированным
会后	hui:hou	n.	после собрания
同胞	tong:bao	n.	соотечественник
计提	ji:ti	v.	начислять
军区	jun:qu	n.	военный округ
收据	shou:ju	n.	квитанция
亚太	ya:tai	n.	Азиатско-Тихоокеанский
万分	wan:fen	adv.	чрезвычайно
地表	di:biao	n.	поверхность земли
违法犯罪	wei:fa:fan:zui	n.	противоправное деяние
总价	zong:jia	n.	общая цена
足迹	zu:ji	n.	след
诈骗	zha:pian	v.	мошенничать
还给	hai:gei	v.	возвращать
两手	liang:shou	n.	обе руки
两手	liang:shou	n.	два подхода
非公有制	fei:gong:you:zhi	n.	негосударственная собственность
丛	cong	n.	заросли
掩饰	yan:shi	v.	скрывать
合伙	he:huo	v.	образовать товарищество
对比度	dui:bi:du	n.	контрастность
毛孔	mao:kong	n.	пора
只怕	zhi:pa	conj.	боюсь, что
按揭贷款	an:jie:dai:kuan	n.	ипотечный кредит
元年	yuan:nian	n.	первый год
整理时间	zheng:li:shi:jian	n.	время для наведения порядка
正确答案	zheng:que:da:an	n.	правильный ответ
圣经	sheng:jing	n.	Библия
高明	gao:ming	adj.	искусный
员工人数	yuan:gong:ren:shu	n.	число сотрудников
口径	kou:jing	n.	калибр
口径	kou:jing	n.	подход
播	bo	v.	транслировать
特别版	te:bie:ban	n.	специальное издание
学生会	xue:sheng:hui	n.	студенческий совет
女主角	nv:zhu:jue	n.	героиня
爵士	jue:shi	n.	джаз
爵士	jue:shi	n.	сэр
火花	huo:hua	n.	искра
基督教	ji:du:jiao	n.	христианство
俄	e	n.	Россия
激起	ji:qi	v.	вызывать
托运	tuo:yun	v.	отправить багажом
刃	ren	n.	лезвие
单调	dan:diao	adj.	однообразный
黑人	hei:ren	n.	чернокожий
请假	qing:jia	v.	просить отпуск
省钱	sheng:qian	v.	экономить деньги
原名	yuan:ming	n.	прежнее название
矿物质	kuang:wu:zhi	n.	минерал
少年儿童	shao:nian:er:tong	n.	дети и подростки
招标投标	zhao:biao:tou:biao	n.	торги
闹钟	nao:zhong	n.	будильник
准备好	zhun:bei:hao	v.	быть готовым
违章	wei:zhang	v.	нарушать правила
缅甸	mian:dian	n.	Мьянма
处境	chu:jing	n.	положение
风俗	feng:su	n.	обычай
技术参数	ji:shu:can:shu	n.	технические параметры
想说	xiang:shuo	v.	хотеть сказать
所述	suo:shu	adj.	вышеупомянутый
发烧	fa:shao	v.	иметь температуру
却无	que:wu	v.	однако не иметь
光缆	guang:lan	n.	волоконно-оптический кабель
物种	wu:zhong	n.	вид
流动人口	liu:dong:ren:kou	n.	мигрирующее население
乐曲	yue:qu	n.	музыкальное произведение
再加强	zai:jia:qiang	v.	дополнительно усилить
防洪	fang:hong	v.	борьба с наводнениями
袜子	wa:zi	n.	носки
展品	zhan:pin	n.	экспонат
购物中心	gou:wu:zhong:xin	n.	торговый центр
就像是	jiu:xiang:shi	v.	быть как
并已	bing:yi	adv.	и уже
也难	ye:nan	adj.	также трудно
国内企业	guo:nei:qi:ye	n.	отечественное предприятие
几分钟	ji:fen:zhong	n.	несколько минут
平整	ping:zheng	adj.	ровный
向来	xiang:lai	adv.	всегда
此地	ci:di	n.	это место
新时代	xin:shi:dai	n.	новая эра
此案	ci:an	n.	это дело
蕾	lei	n.	бутон цветка
造纸	zao:zhi	v.	производить бумагу
填入	tian:ru	v.	вписывать
握手	wo:shou	v.	жать руку
灯泡	deng:pao	n.	лампочка
编织	bian:zhi	v.	плести
某一个	mou:yi:ge	pron.	один определённый
民意	min:yi	n.	общественное мнение
一路上	yi:lu:shang	v.	весь путь
羽毛	yu:mao	n.	перо
自觉遵守	zi:jue:zun:shou	v.	сознательно соблюдать
直觉	zhi:jue	n.	интуиция
始于	shi:yu	v.	начинаться с
阻挡	zu:dang	v.	преграждать
挨	ai	v.	терпеть
别说	bie:shuo	v.	не говори
合格后	he:ge:hou	adv.	после сдачи
经济损失	jing:ji:sun:shi	n.	экономический ущерб
元帅	yuan:shuai	n.	маршал
主权	zhu:quan	n.	суверенитет
全线	quan:xian	n.	вся линия
用词	yong:ci	n.	формулировка
前夕	qian:xi	n.	канун
海淀	hai:dian	n.	Хайдянь
兰花	lan:hua	n.	орхидея
仲	zhong	n.	средний
木头	mu:tou	n.	дерево
明细	ming:xi	n.	подробности
迈	mai	v.	шагать
营业额	ying:ye:e	n.	оборот
装卸	zhuang:xie	v.	погрузка и разгрузка
将此	jiang:ci	v.	взять это
到场	dao:chang	v.	присутствовать
可知	ke:zhi	v.	видно
仲裁委员会	zhong:cai:wei:yuan:hui	n.	арбитражный комитет
少爷	shao:ye	n.	молодой господин
学习成绩	xue:xi:cheng:ji	n.	учебные результаты
比利时	bi:li:shi	n.	Бельгия
纯正	chun:zheng	adj.	чистый
下山	xia:shan	v.	спускаться с горы
入户	ru:hu	v.	входить в дома
水量	shui:liang	n.	объём воды
使用费	shi:yong:fei	n.	плата за пользование
青蛙	qing:wa	n.	лягушка
试驾	shi:jia	v.	тест-драйв
发现问题	fa:xian:wen:ti	v.	обнаруживать проблемы
无毒	wu:du	adj.	нетоксичный
做完	zuo:wan	v.	закончить делать
仇恨	chou:hen	n.	ненависть
专家们	zhuan:jia:men	n.	эксперты
多线程	duo:xian:cheng	n.	многопоточность
开朗	kai:lang	adj.	весёлый
违	wei	v.	нарушать
双脚	shuang:jiao	n.	обе ноги
无意中	wu:yi:zhong	adv.	невольно
磁带	ci:dai	n.	магнитная лента
固定电话	gu:ding:dian:hua	n.	стационарный телефон
罗湖区	luo:hu:qu	n.	район Лоху
吵架	chao:jia	v.	ссориться
这几个	zhe:ji:ge	pron.	эти несколько
订房	ding:fang	v.	бронировать номер
辩	bian	v.	спорить
一刀	yi:dao	n.	один удар
找回	zhao:hui	v.	возвращать
埃	ai	n.	ангстрем
增设	zeng:she	v.	дополнительно устанавливать
狭窄	xia:zhai	adj.	узкий
婚姻状况	hun:yin:zhuang:kuang	n.	семейное положение
果断	guo:duan	adj.	решительный
泛滥	fan:lan	v.	разливаться
对联	dui:lian	n.	парная надпись
怎么做	zen:me:zuo	v.	как делать
客观的	ke:guan:de	adj.	объективный
本色	ben:se	n.	истинный характер
献给	xian:gei	v.	посвящать
增加值	zeng:jia:zhi	n.	добавленная стоимость
化合物	hua:he:wu	n.	соединение
自然界	zi:ran:jie	n.	природный мир
保洁	bao:jie	v.	убирать
背叛	bei:pan	v.	предавать
嘲笑	chao:xiao	v.	насмехаться
嘲笑	chao:xiao	n.	насмешка
高管	gao:guan	n.	руководитель
写信	xie:xin	v.	писать письмо
在场	zai:chang	adj.	присутствующий
一个星期	yi:ge:xing:qi	num.	одна неделя
诊治	zhen:zhi	v.	диагностировать и лечить
试看	shi:kan	v.	попробовать
研究工作	yan:jiu:gong:zuo	n.	исследовательская работа
依赖于	yi:lai:yu	v.	зависеть от
举例	ju:li	v.	приводить пример
并列	bing:lie	v.	стоять в ряд
发病率	fa:bing:lv	n.	показатель заболеваемости
名列	ming:lie	v.	числиться в списке
容积	rong:ji	n.	объем
东风日产	dong:feng:ri:chan	n.	Dongfeng Nissan
最常	zui:chang	adv.	чаще всего
艘	sou	mw.	судно (счетное слово)
可以帮助	ke:yi:bang:zhu	v.	мочь помочь
秀才	xiu:cai	n.	ученый
躲避	duo:bi	v.	избегать
干嘛	gan:ma	pron.	зачем
停靠站	ting:kao:zhan	n.	остановка
方方面面	fang:fang:mian:mian	n.	все аспекты
私营	si:ying	adj.	частный
知情	zhi:qing	v.	быть в курсе
天子	tian:zi	n.	сын небес
婚后	hun:hou	n.	после свадьбы
探测器	tan:ce:qi	n.	детектор
比分	bi:fen	n.	счет
踏上	ta:shang	v.	ступать
琪	qi	n.	Ци (имя)
进取	jin:qu	v.	быть предприимчивым
可得	ke:de	part.	можно получить
可得	ke:dei	v.	можно получить
通讯录	tong:xun:lu	n.	адресная книга
大中型	da:zhong:xing	adj.	крупный и средний
默默地	mo:mo:de	adv.	молча
各家	ge:jia	n.	каждая семья
灾	zai	n.	бедствие
储量	chu:liang	n.	запас
简约	jian:yue	adj.	простой
列举	lie:ju	v.	перечислять
冒充	mao:chong	v.	выдавать себя за
僧	seng	n.	монах
持平	chi:ping	v.	быть на одном уровне
丰满	feng:man	adj.	пышный
认真落实	ren:zhen:luo:shi	v.	серьезно реализовать
专场	zhuan:chang	n.	специальное мероприятие
渡	du	v.	переправляться
多宝	duo:bao	n.	Дуобао
中国人民大学	zhong:guo:ren:min:da:xue	n.	Китайский народный университет
此为	ci:wei	conj.	это есть
参考文献	can:kao:wen:xian	n.	библиография
还记得	hai:ji:de	v.	помнить
谋求	mou:qiu	v.	стремиться
相伴	xiang:ban	v.	сопровождать
也成	ye:cheng	adv.	тоже пойдет
入围	ru:wei	v.	пройти отбор
舍不得	she:bu:de	v.	не хотеть расставаться
爱国主义	ai:guo:zhu:yi	n.	патриотизм
避孕	bi:yun	v.	контрацепция
支票	zhi:piao	n.	чек
一半	yi:ban	num.	половина
下令	xia:ling	v.	отдавать приказ
阳性	yang:xing	adj.	положительный
负面影响	fu:mian:ying:xiang	n.	негативное влияние
话费	hua:fei	n.	плата за телефон
卑	bei	adj.	низкий
安宁	an:ning	adj.	мирный
每小时	mei:xiao:shi	num.	в час
前言	qian:yan	n.	предисловие
设计院	she:ji:yuan	n.	проектный институт
恰好	qia:hao	adv.	случайно
第一届	di:yi:jie	num.	первая сессия
教育学	jiao:yu:xue	n.	педагогика
抓	zhua	v.	хватать
伴奏	ban:zou	v.	аккомпанировать
动植物	dong:zhi:wu	n.	флора и фауна
面具	mian:ju	n.	маска
爸爸妈妈	ba:ba:ma:ma	n.	родители
前不久	qian:bu:jiu	adv.	недавно
雕	diao	v.	резать
珍贵的	zhen:gui:de	adj.	драгоценный
提单	ti:dan	n.	коносамент
领悟	ling:wu	v.	осознать, понять
就餐	jiu:can	v.	обедать, принимать пищу
婴幼儿	ying:you:er	n.	младенцы и дети раннего возраста
白的	bai:de	adj.	белый
车手	che:shou	n.	водитель, гонщик
鼠	shu	n.	крыса, мышь
封锁	feng:suo	v.	блокировать, осаждать
华山	hua:shan	n.	гора Хуашань
每平方米	mei:ping:fang:mi	mw.	за квадратный метр
遵纪守法	zun:ji:shou:fa	v.	соблюдать законы и правила
看一下	kan:yi:xia	v.	взглянуть
无边	wu:bian	adj.	безграничный, бесконечный
理论上	li:lun:shang	adv.	теоретически
最深	zui:shen	adj.	самый глубокий
牧师	mu:shi	n.	пастор, священник
讯	xun	n.	новость, информация
工作年限	gong:zuo:nian:xian	n.	стаж работы
好像是	hao:xiang:shi	v.	кажется
揭露	jie:lu	v.	разоблачать, раскрывать
沉思	chen:si	v.	размышлять, погружаться в мысли
组织结构	zu:zhi:jie:gou	n.	организационная структура
安全事故	an:quan:shi:gu	n.	несчастный случай, авария
代表性	dai:biao:xing	n.	представительность
二房	er:fang	n.	наложница
兵团	bing:tuan	n.	корпус
常州市	chang:zhou:shi	n.	город Чанчжоу
笑脸	xiao:lian	n.	улыбающееся лицо
评判	ping:pan	v.	судить
评判	ping:pan	n.	суждение
全称	quan:cheng	n.	полное название
堕落	duo:luo	v.	деградировать
堕落	duo:luo	adj.	развращенный
无公害	wu:gong:hai	adj.	экологически чистый
辣	la	adj.	острый
顺应	shun:ying	v.	адаптироваться
放映	fang:ying	v.	показывать
科技园	ke:ji:yuan	n.	технопарк
三条	san:tiao	num.	3 полоски
增值服务	zeng:zhi:fu:wu	n.	услуга с добавленной стоимостью
海滨	hai:bin	n.	прибрежный
狂热	kuang:re	adj.	фанатичный
狂热	kuang:re	n.	фанатизм
女王	nv:wang	n.	королева
该书	gai:shu	n.	эта книга
单曲	dan:qu	n.	сингл
勃起	bo:qi	v.	эрекция
自私	zi:si	adj.	эгоистичный
体育场	ti:yu:chang	n.	стадион
相关政策	xiang:guan:zheng:ce	n.	связанные политики
刷	shua	v.	чистить
刷	shua	v.	свайпать
行政审批	xing:zheng:shen:pi	n.	административное одобрение
漫步	man:bu	v.	прогуливаться
老外	lao:wai	n.	иностранец
牛仔裤	niu:zai:ku	n.	джинсы
山谷	shan:gu	n.	долина
记者采访	ji:zhe:cai:fang	n.	интервью журналиста
言行	yan:xing	n.	слова и поступки
防控	fang:kong	v.	профилактика и контроль
改革委	gai:ge:wei	n.	комиссия по реформам
范本	fan:ben	n.	образец
治病	zhi:bing	v.	лечить болезнь
大多数人	da:duo:shu:ren	n.	большинство людей
热卖	re:mai	v.	хорошо продаваться
百分比	bai:fen:bi	n.	процент
踏实	ta:shi	adj.	спокойный
踏实	ta:shi	v.	чувствовать себя спокойно
师范	shi:fan	n.	педагогическое училище
业主委员会	ye:zhu:wei:yuan:hui	n.	комитет собственников
一如既往	yi:ru:ji:wang	adv.	как всегда
高举	gao:ju	v.	высоко поднимать
低微	di:wei	adj.	низкий
一碗	yi:wan	num.	одна миска
可视	ke:shi	adj.	видимый
侵入	qin:ru	v.	вторгаться
抱歉	bao:qian	v.	извиняться
艰	jian	adj.	трудный
取向	qu:xiang	n.	ориентация
十六大	shi:liu:da	n.	16-й съезд
创伤	chuang:shang	n.	травма
扩大了	kuo:da:le	v.	расширил
看望	kan:wang	v.	навещать
彰显	zhang:xian	v.	подчеркивать
斥	chi	v.	ругать
切身利益	qie:shen:li:yi	n.	личный интерес
时长	shi:chang	n.	продолжительность
最关键	zui:guan:jian	adj.	самый важный
第五届	di:wu:jie	num.	5-я сессия
形体	xing:ti	n.	форма тела
遗漏	yi:lou	v.	упускать
遗漏	yi:lou	n.	пропуск
下毒	xia:du	v.	травить
理会	li:hui	v.	понимать
理会	li:hui	v.	обращать внимание
示意	shi:yi	v.	подавать знак
受害者	shou:hai:zhe	n.	жертва
销售量	xiao:shou:liang	n.	объем продаж
造林	zao:lin	v.	лесоразведение
革新	ge:xin	v.	инновация
革新	ge:xin	n.	инновация
全文检索	quan:wen:jian:suo	n.	полнотекстовый поиск
所在区域	suo:zai:qu:yu	n.	находящаяся область
裙	qun	n.	юбка
改版	gai:ban	v.	переделывать
新郎	xin:lang	n.	жених
碎片	sui:pian	n.	фрагмент
翠	cui	adj.	изумрудный
间距	jian:ju	n.	расстояние
心事	xin:shi	n.	душевные заботы
之二	zhi:er	num.	2 из 2
专利技术	zhuan:li:ji:shu	n.	запатентованная технология
饱	bao	adj.	сытый
饱	bao	v.	насыщать
解决办法	jie:jue:ban:fa	n.	решение
退税	tui:shui	n.	возврат налогов
叫人	jiao:ren	v.	заставлять кого-то
流向	liu:xiang	n.	направление потока
流向	liu:xiang	v.	течь к
净资产	jing:zi:chan	n.	чистые активы
千米	qian:mi	n.	километр
手脚	shou:jiao	n.	конечности
手脚	shou:jiao	n.	ловкость
水温	shui:wen	n.	температура воды
读过	du:guo	v.	читал
相见	xiang:jian	v.	встречаться
掠	lve	v.	проноситься
当面	dang:mian	adv.	очно
合影	he:ying	v.	сделать групповое фото
通通	tong:tong	adv.	полностью, всё
宠物资料	chong:wu:zi:liao	n.	информация о питомцах
讽刺	feng:ci	v.	сатиризировать, высмеивать
讽刺	feng:ci	n.	сатира, ирония
旧的	jiu:de	adj.	старый
宣传工作	xuan:chuan:gong:zuo	n.	агитационная работа
主打	zhu:da	v.	продвигать, делать основным
人影	ren:ying	n.	человеческий силуэт
私下	si:xia	adv.	приватно, втайне
自然灾害	zi:ran:zai:hai	n.	природное бедствие
案例分析	an:li:fen:xi	n.	анализ ситуации
询	xun	v.	спрашивать, запрашивать
中英文	zhong:ying:wen	n.	китайский и английский
数千	shu:qian	num.	тысячи
科学化	ke:xue:hua	v.	научно обосновать
魔术	mo:shu	n.	магия, фокус
勃	bo	v.	расцветать, бурно
一角	yi:jiao	n.	десять цзяо
人类社会	ren:lei:she:hui	n.	человеческое общество
我军	wo:jun	n.	наша армия
蓄电池	xu:dian:chi	n.	аккумулятор
夕	xi	n.	вечер
上市时间	shang:shi:shi:jian	n.	время выхода на рынок
不只是	bu:zhi:shi	adv.	не только
密切的	mi:qie:de	adj.	тесный
还提供	hai:ti:gong	v.	также предоставлять
起初	qi:chu	n.	сначала
坚硬	jian:ying	adj.	твердый
矮	ai	adj.	низкий
访问次数	fang:wen:ci:shu	n.	количество посещений
好帖	hao:tie	n.	хороший пост
握住	wo:zhu	v.	держать
开封	kai:feng	n.	Кайфэн
日月	ri:yue	n.	солнце и луна
日月	ri:yue	n.	дни и месяцы
注册登记	zhu:ce:deng:ji	n.	регистрация
瑶	yao	n.	драгоценный нефрит
门类	men:lei	n.	категория
头疼	tou:teng	v.	болеть (голова)
防线	fang:xian	n.	линия обороны
经济实力	jing:ji:shi:li	n.	экономическая мощь
照相	zhao:xiang	v.	делать фото
安利	an:li	n.	Amway
注册号	zhu:ce:hao	n.	регистрационный номер
集群	ji:qun	n.	кластер
传闻	chuan:wen	n.	слух
传闻	chuan:wen	v.	распускать слухи
按揭	an:jie	v.	ипотека
技术改造	ji:shu:gai:zao	n.	техническая реконструкция
一趟	yi:tang	mw.	один раз
多发	duo:fa	v.	часто случаться
院内	yuan:nei	n.	внутри учреждения
赐	ci	v.	даровать
软件介绍	ruan:jian:jie:shao	n.	описание ПО
潍坊	wei:fang	n.	Вэйфан
承租人	cheng:zu:ren	n.	арендатор
捏	nie	v.	щипать
劳动争议	lao:dong:zheng:yi	n.	трудовой спор
嫁给	jia:gei	v.	выййти замуж за
公安部门	gong:an:bu:men	n.	органы общественной безопасности
构图	gou:tu	n.	композиция
打交道	da:jiao:dao	v.	иметь дело
游玩	you:wan	v.	играть, путешествовать
东城区	dong:cheng:qu	n.	район Дунчэн
京剧	jing:ju	n.	пекинская опера
飞船	fei:chuan	n.	космический корабль
美容院	mei:rong:yuan	n.	салон красоты
各级领导	ge:ji:ling:dao	n.	руководители всех уровней
各专业	ge:zhuan:ye	n.	каждая профессия
青铜	qing:tong	n.	бронза
围着	wei:zhe	v.	окружать
反垄断法	fan:long:duan:fa	n.	антимонопольное законодательство
油田	you:tian	n.	нефтяное месторождение
重要的是	zhong:yao:de:shi	conj.	важно то, что
提炼	ti:lian	v.	рафинировать, извлекать
姚	yao	n.	Яо
不小	bu:xiao	adj.	не маленький, большой
该行	gai:hang	n.	эта отрасль, этот банк
互补	hu:bu	v.	взаимодополнять
瑟	se	n.	се
这个名字	zhe:ge:ming:zi	n.	это имя
华盛顿	hua:sheng:dun	n.	Вашингтон
就和	jiu:he	conj.	как раз с
考试科目	kao:shi:ke:mu	n.	предметы экзамена
工程造价	gong:cheng:zao:jia	n.	стоимость инженерных работ
白金	bai:jin	n.	платина
超前	chao:qian	adj.	передовой, опережающий
耗费	hao:fei	v.	тратить
迎来	ying:lai	v.	приветствовать
宽阔	kuan:kuo	adj.	широкий
盛行	sheng:xing	v.	преобладать
底线	di:xian	n.	нижняя граница
防晒	fang:shai	v.	защита от солнца
冒出	mao:chu	v.	появляться
来人	lai:ren	n.	прибывший человек
勘查	kan:cha	v.	исследовать
山峰	shan:feng	n.	горная вершина
反动	fan:dong	adj.	реакционный
交接	jiao:jie	v.	передать
任职资格	ren:zhi:zi:ge	n.	квалификация
干旱	gan:han	n.	засуха
为您服务	wei:nin:fu:wu	v.	служить вам
越野	yue:ye	v.	ехать по бездорожью
图中	tu:zhong	n.	на картинке
申请者	shen:qing:zhe	n.	заявитель
放手	fang:shou	v.	отпустить
金鹰	jin:ying	n.	беркут
感人	gan:ren	adj.	трогательный
作曲	zuo:qu	v.	сочинять музыку
机理	ji:li	n.	механизм
读写	du:xie	n.	грамотность
合同法	he:tong:fa	n.	договорное право
要你	yao:ni	v.	хотеть тебя
不失	bu:shi	v.	не терять
会做	hui:zuo	v.	уметь делать
民政	min:zheng	n.	гражданские дела
车道	che:dao	n.	полоса движения
渴	ke	adj.	жаждущий
现实中	xian:shi:zhong	n.	в реальности
完后	wan:hou	n.	после завершения
人流	ren:liu	n.	поток людей
铺设	pu:she	v.	прокладывать
证券法	zheng:quan:fa	n.	закон о ценных бумагах
谅	liang	v.	прощать
鱿鱼	you:yu	n.	кальмар
不同类型	bu:tong:lei:xing	n.	разный тип
快去	kuai:qu	v.	быстро идти
昂	ang	v.	поднимать
山药	shan:yao	n.	ямс
热销	re:xiao	v.	хорошо продаваться
该县	gai:xian	n.	этот уезд
诊所	zhen:suo	n.	клиника
王某	wang:mou	n.	некий господин Ван
说出来	shuo:chu:lai	v.	высказать
透视	tou:shi	v.	перспектива
已经有了	yi:jing:you:le	v.	уже есть
串	chuan	mw.	шашлык
串	chuan	n.	связка
更重要的	geng:zhong:yao:de	adj.	более важный
总代理	zong:dai:li	n.	генеральный агент
张力	zhang:li	n.	натяжение
宝宝的	bao:bao:de	n.	младенца
旗下的	qi:xia:de	adj.	под эгидой
部分地区	bu:fen:di:qu	n.	части регионов
几年前	ji:nian:qian	n.	несколько лет назад
宁愿	ning:yuan	v.	предпочесть
也还	ye:hai	adv.	все еще также
跟进	gen:jin	v.	отслеживать
网站首页	wang:zhan:shou:ye	n.	главная страница
议题	yi:ti	n.	тема
国家队	guo:jia:dui	n.	национальная сборная
化疗	hua:liao	n.	химиотерапия
医保	yi:bao	n.	медицинское страхование
急剧	ji:ju	adj.	резкий
实施意见	shi:shi:yi:jian	n.	мнения по реализации
沟	gou	n.	канава
原产地	yuan:chan:di	n.	место происхождения
一小时	yi:xiao:shi	num.	1 час
港台	gang:tai	n.	Гонконг и Тайвань
杰出	jie:chu	adj.	выдающийся
放出	fang:chu	v.	выпускать
三包	san:bao	n.	три гарантии
动脉	dong:mai	n.	артерия
生活质量	sheng:huo:zhi:liang	n.	качество жизни
谈起	tan:qi	v.	заговорить о
咨询公司	zi:xun:gong:si	n.	консалтинговая компания
证监会	zheng:jian:hui	n.	регулятор рынка ценных бумаг
分量	fen:liang	n.	вес
天文	tian:wen	n.	астрономия
司法行政	si:fa:xing:zheng	n.	судебное администрирование
涉	she	v.	вовлекать
总要	zong:yao	adv.	должен, обязательно
疯了	feng:le	adj.	сумасшедший
一瞬间	yi:shun:jian	n.	мгновение
回味	hui:wei	v.	смаковать
回味	hui:wei	n.	послевкусие
变异	bian:yi	v.	мутировать
变异	bian:yi	n.	мутация
箱子	xiang:zi	n.	ящик
笔录	bi:lu	n.	протокол
智商	zhi:shang	n.	IQ
诱导	you:dao	v.	наводить
切勿	qie:wu	v.	нельзя
突出重点	tu:chu:zhong:dian	v.	выделять главное
迎合	ying:he	v.	угождать
八荣八耻	ba:rong:ba:chi	n.	восемь почестей и восемь позоров
咕	gu	onom.	булькать
聚乙烯	ju:yi:xi	n.	полиэтилен
醒醒	xing:xing	v.	проснуться
驶	shi	v.	вести
第三十九条	di:san:shi:jiu:tiao	num.	статья 39
解决好	jie:jue:hao	v.	хорошо решить
星球	xing:qiu	n.	планета
增生	zeng:sheng	v.	гипертрофия
增生	zeng:sheng	n.	гипертрофия
摄	she	v.	снимать
海盗	hai:dao	n.	пират
往下	wang:xia	adv.	вниз
增产	zeng:chan	v.	увеличить производство
餐饮业	can:yin:ye	n.	сфера общественного питания
纯真	chun:zhen	adj.	невинный
工作作风	gong:zuo:zuo:feng	n.	стиль работы
统一管理	tong:yi:guan:li	v.	единое управление
券商	quan:shang	n.	брокер
太湖	tai:hu	n.	озеро Тайху
面对面	mian:dui:mian	adj.	лицом к лицу
上空	shang:kong	n.	небо
梦里	meng:li	n.	во сне
逃跑	tao:pao	v.	убегать
配音	pei:yin	v.	озвучивать
一票	yi:piao	num.	один голос
多样性	duo:yang:xing	n.	разнообразие
西城区	xi:cheng:qu	n.	район Сичэн
巨额	ju:e	adj.	огромная сумма
接种	jie:zhong	v.	прививать
免疫力	mian:yi:li	n.	иммунитет
贫	pin	adj.	бедный
参谋	can:mou	n.	штабной офицер
飞碟	fei:die	n.	летающая тарелка
不负	bu:fu	v.	не разочаровывать
抗日战争	kang:ri:zhan:zheng	n.	война сопротивления Японии
任教	ren:jiao	v.	преподавать
就医	jiu:yi	v.	обращаться к врачу
一节	yi:jie	num.	одна секция
城镇居民	cheng:zhen:ju:min	n.	городской житель
平静的	ping:jing:de	adj.	спокойный
内科	nei:ke	n.	терапия
浮现	fu:xian	v.	появляться
之风	zhi:feng	n.	стиль, ветер, тенденция
国家旅游局	guo:jia:lv:you:ju	n.	Национальное управление туризма
精油	jing:you	n.	эфирное масло
浓浓	nong:nong	adj.	густой, сильный
全面落实	quan:mian:luo:shi	v.	полностью реализовать
盘中	pan:zhong	prep.	в тарелке
稳健	wen:jian	adj.	устойчивый, надежный
边框	bian:kuang	n.	рамка, кайма
吃完	chi:wan	v.	доесть
阅读全文	yue:du:quan:wen	v.	прочитать полный текст
好几	hao:ji	num.	несколько
美容美发	mei:rong:mei:fa	n.	красота и уход за волосами
流氓软件	liu:mang:ruan:jian	n.	вредоносное ПО
扫描仪	sao:miao:yi	n.	сканер
辕	yuan	n.	дышло, ярмо
渤海	bo:hai	n.	Бохайское море
拖拉机	tuo:la:ji	n.	трактор
一致性	yi:zhi:xing	n.	согласованность, единообразие
丰胸	feng:xiong	v.	увеличение груди
文化交流	wen:hua:jiao:liu	n.	культурный обмен
卷烟	juan:yan	n.	сигарета
采样	cai:yang	v.	отбор проб
新奇	xin:qi	adj.	новый, необычный
放宽	fang:kuan	v.	смягчать, ослаблять
可获得	ke:huo:de	v.	доступный
世界经济	shi:jie:jing:ji	n.	мировая экономика
也许会	ye:xu:hui	adv.	возможно, может быть
溶解	rong:jie	v.	растворять
生产厂商	sheng:chan:chang:shang	n.	производитель
婉	wan	adj.	мягкий, изящный
下雨	xia:yu	v.	идти (о дожде)
营业时间	ying:ye:shi:jian	n.	рабочие часы
几级	ji:ji	num.	сколько уровней
细微	xi:wei	adj.	тонкий, мельчайший
出卖	chu:mai	v.	предавать, продавать
假冒	jia:mao	v.	подделывать, выдавать себя за
冰川	bing:chuan	n.	ледник
西宁	xi:ning	n.	Синин
意为	yi:wei	v.	означать
细小	xi:xiao	adj.	маленький
中央空调	zhong:yang:kong:tiao	n.	центральное кондиционирование
昆虫	kun:chong	n.	насекомое
越过	yue:guo	v.	пересекать
绚丽	xuan:li	adj.	великолепный
乞丐	qi:gai	n.	нищий
成败	cheng:bai	n.	успех или неудача
相约	xiang:yue	v.	договариваться
徒弟	tu:di	n.	ученик
终究	zhong:jiu	adv.	в конце концов
分层	fen:ceng	v.	расслоение
档案管理	dang:an:guan:li	n.	управление архивами
救治	jiu:zhi	v.	лечить
挤出	ji:chu	v.	выдавливать
深沉	shen:chen	adj.	глубокий
自治县	zi:zhi:xian	n.	автономный уезд
一曲	yi:qu	mw.	одна мелодия
质量标准	zhi:liang:biao:zhun	n.	стандарт качества
身形	shen:xing	n.	телосложение
上行	shang:xing	v.	подниматься
正要	zheng:yao	adv.	как раз собираться
自然资源	zi:ran:zi:yuan	n.	природные ресурсы
备受	bei:shou	v.	подвергаться
平板	ping:ban	adj.	плоский, планшет
厌恶	yan:wu	v.	ненавидеть
水利工程	shui:li:gong:cheng	n.	гидротехническое сооружение
气愤	qi:fen	adj.	возмущенный
请务必	qing:wu:bi	adv.	пожалуйста, обязательно
泉州市	quan:zhou:shi	n.	город Цюаньчжоу
再上	zai:shang	v.	снова подняться
首个	shou:ge	adj.	первый
鹏	peng	n.	фэн (мифическая птица)
无误	wu:wu	adj.	без ошибок
姜	jiang	n.	имбирь
大爷	da:ye	n.	дядя, господин
社会环境	she:hui:huan:jing	n.	социальная среда
九寨沟	jiu:zhai:gou	n.	Цзючжайгоу
扭转	niu:zhuan	v.	разворачивать
散布	san:bu	v.	распространять
文化艺术	wen:hua:yi:shu	n.	культура и искусство
重在	zhong:zai	v.	делать упор на
盒子	he:zi	n.	коробка
十几个	shi:ji:ge	num.	десять с лишним
但愿	dan:yuan	v.	надеяться
教务处	jiao:wu:chu	n.	учебный отдел
妈的	ma:de	int.	черт возьми
碍	ai	v.	препятствовать
动物园	dong:wu:yuan	n.	зоопарк
中国证监会	zhong:guo:zheng:jian:hui	n.	CSRC
荷	he	n.	лотос
代表作	dai:biao:zuo	n.	шедевр
枕头	zhen:tou	n.	подушка
公司债券	gong:si:zhai:quan	n.	корпоративная облигация
港澳	gang:ao	n.	Гонконг и Макао
管理委员会	guan:li:wei:yuan:hui	n.	комитет по управлению
极高的	ji:gao:de	adj.	чрезвычайно высокий
沿线	yan:xian	n.	вдоль линии
查出	cha:chu	v.	выяснить
冠	guan	n.	корона
冠	guan	v.	занимать первое место
最低价	zui:di:jia	n.	самая низкая цена
也不过	ye:bu:guo	adv.	всего лишь
魅	mei	v.	очаровывать
彻底的	che:di:de	adj.	полный, тщательный
曲目	qu:mu	n.	репертуар
拘役	ju:yi	n.	исправительные работы
飞行员	fei:xing:yuan	n.	пилот
年报	nian:bao	n.	годовой отчет
玫	mei	n.	роза
可随时	ke:sui:shi	adv.	можно в любое время
最受欢迎	zui:shou:huan:ying	adj.	самый популярный
裁	cai	v.	резать, кроить
突破口	tu:po:kou	n.	прорыв
成员国	cheng:yuan:guo	n.	государство-член
吃得	chi:de	v.	может есть
等待着	deng:dai:zhe	v.	ожидает
第二批	di:er:pi	n.	вторая партия
相对应	xiang:dui:ying	v.	соответствовать
超薄	chao:bao	adj.	сверхтонкий
侵犯到	qin:fan:dao	v.	нарушать
服务站	fu:wu:zhan	n.	станция обслуживания
良心	liang:xin	n.	совесть
工作方式	gong:zuo:fang:shi	n.	стиль работы
海边	hai:bian	n.	берег моря
受不了	shou:bu:liao	v.	не выносить
证人	zheng:ren	n.	свидетель
设计者	she:ji:zhe	n.	дизайнер
坡	po	n.	склон
不公	bu:gong	adj.	несправедливый
方才	fang:cai	adv.	только что
宫殿	gong:dian	n.	дворец
玩游戏	wan:you:xi	v.	играть в игры
给你们	gei:ni:men	v.	дать вам
违反规定	wei:fan:gui:ding	v.	нарушать правила
品种的	pin:zhong:de	adj.	сорта
善意	shan:yi	n.	добрая воля
第二大	di:er:da	num.	второй по величине
食宿	shi:su	n.	питание и жилье
一点都	yi:dian:dou	adv.	совсем не
倒入	dao:ru	v.	вливать
建筑装饰	jian:zhu:zhuang:shi	n.	архитектурное оформление
可以达到	ke:yi:da:dao	v.	мочь достичь
取名	qu:ming	v.	называть
标示	biao:shi	v.	помечать, указывать
貌似	mao:si	v.	казаться, выглядеть
全镇	quan:zhen	n.	весь город
简直是	jian:zhi:shi	adv.	просто быть
立足于	li:zu:yu	v.	основываться на
极易	ji:yi	adv.	крайне легко
不合	bu:he	v.	не подходить
不合	bu:he	adj.	неподходящий
有三	you:san	v.	иметь 3
鸿	hong	n.	лебедь
药品生产	yao:pin:sheng:chan	n.	производство лекарств
迎来了	ying:lai:le	v.	приветствовать, встречать
居委会	ju:wei:hui	n.	комитет микрорайона
泥土	ni:tu	n.	земля, грязь
手枪	shou:qiang	n.	пистолет
状元	zhuang:yuan	n.	первый ученик
跳转	tiao:zhuan	v.	перепрыгивать
所有者	suo:you:zhe	n.	владелец
无心	wu:xin	adj.	беспечный, нечаянный
意象	yi:xiang	n.	образ
这支	zhe:zhi	mw.	этот (счетное слово)
我方	wo:fang	n.	наша сторона
穿梭	chuan:suo	v.	курсировать, сновать
党和政府	dang:he:zheng:fu	n.	партия и правительство
乘机	cheng:ji	v.	воспользоваться случаем
珍藏	zhen:cang	v.	бережно хранить
珍藏	zhen:cang	n.	драгоценная коллекция
茶馆	cha:guan	n.	чайный домик
下岗职工	xia:gang:zhi:gong	n.	уволенный работник
谎言	huang:yan	n.	ложь
第一页	di:yi:ye	n.	первая страница
资产负债表	zi:chan:fu:zhai:biao	n.	бухгалтерский баланс
一则	yi:ze	num.	одно правило
最优	zui:you	adj.	оптимальный
最终解释权	zui:zhong:jie:shi:quan	n.	право окончательного толкования
巧妙	qiao:miao	adj.	искусный
各行业	ge:hang:ye	n.	различные отрасли
城市居民	cheng:shi:ju:min	n.	городской житель
两端	liang:duan	n.	оба конца
免得	mian:de	conj.	чтобы не
随身	sui:shen	adj.	при себе
趋向	qu:xiang	v.	склоняться к
趋向	qu:xiang	n.	тенденция
权威性	quan:wei:xing	n.	авторитетность
应届	ying:jie	adj.	текущего года
秘书处	mi:shu:chu	n.	секретариат
无尽的	wu:jin:de	adj.	бесконечный
高薪	gao:xin	n.	высокая зарплата
总站	zong:zhan	n.	терминал
邓	deng	n.	Дэн
或许是	huo:xu:shi	adv.	возможно
竞技	jing:ji	n.	атлетика
固顶	gu:ding	v.	закрепить сверху
新局面	xin:ju:mian	n.	новая ситуация
暂行办法	zan:xing:ban:fa	n.	временные меры
打听	da:ting	v.	спрашивать
毗邻	pi:lin	v.	соседствовать
一招	yi:zhao	mw.	один ход
喝茶	he:cha	v.	пить чай
整形	zheng:xing	n.	пластическая хирургия
重任	zhong:ren	n.	важная задача
副总	fu:zong	n.	вице-президент
爬上	pa:shang	v.	взобраться
增添了	zeng:tian:le	v.	добавить
自主品牌	zi:zhu:pin:pai	n.	собственный бренд
判处	pan:chu	v.	приговаривать
菩提	pu:ti	n.	бодхи
一想	yi:xiang	v.	подумать
小屋	xiao:wu	n.	хижина
接听	jie:ting	v.	отвечать (на звонок)
魔法师	mo:fa:shi	n.	маг
放假	fang:jia	v.	быть в отпуске
持有人	chi:you:ren	n.	держатель
查获	cha:huo	v.	изъять
思维方式	si:wei:fang:shi	n.	образ мышления
想必	xiang:bi	adv.	должно быть
免去	mian:qu	v.	освобождать
拒不	ju:bu	adv.	отказываться
新浪网	xin:lang:wang	n.	Sina
金龙	jin:long	n.	золотой дракон
白痴	bai:chi	n.	идиот
取缔	qu:di	v.	запрещать
外人	wai:ren	n.	чужак
好消息	hao:xiao:xi	n.	хорошая новость
后卫	hou:wei	n.	защитник
童装	tong:zhuang	n.	детская одежда
图画	tu:hua	n.	рисунок
指望	zhi:wang	v.	рассчитывать
竭诚	jie:cheng	v.	искренне
肢体	zhi:ti	n.	конечности
教师队伍	jiao:shi:dui:wu	n.	педагогический состав
基本原理	ji:ben:yuan:li	n.	основной принцип
风貌	feng:mao	n.	облик
分辨	fen:bian	v.	различать
夏日	xia:ri	n.	летний день
色素	se:su	n.	пигмент
染色	ran:se	v.	окрашивать
低压	di:ya	n.	низкое давление
岗位职责	gang:wei:zhi:ze	n.	должностные обязанности
环境变量	huan:jing:bian:liang	n.	переменная окружения
城内	cheng:nei	n.	внутри города
怪异	guai:yi	adj.	странный
划分为	hua:fen:wei	v.	разделять на
迄今为止	qi:jin:wei:zhi	adv.	до сих пор
协议范本	xie:yi:fan:ben	n.	шаблон соглашения
质押	zhi:ya	v.	залог
便携式	bian:xie:shi	adj.	портативный
年下	nian:xia	n.	младше по возрасту
镶嵌	xiang:qian	v.	инкрустировать
技法	ji:fa	n.	техника
遥远	yao:yuan	adj.	далекий
庆幸	qing:xing	v.	радоваться
欣慰	xin:wei	adj.	утешительный
诡异	gui:yi	adj.	странный
离世	li:shi	v.	уйти из жизни
点半	dian:ban	n.	половина
掌控	zhang:kong	v.	контролировать
骑马	qi:ma	v.	скакать на лошади
公共场所	gong:gong:chang:suo	n.	общественное место
本年度	ben:nian:du	n.	текущий год
敏感的	min:gan:de	adj.	чувствительный
全球最大	quan:qiu:zui:da	adj.	крупнейший в мире
团队精神	tuan:dui:jing:shen	n.	командный дух
歪	wai	adj.	кривой
劳动法	lao:dong:fa	n.	трудовой кодекс
抬起	tai:qi	v.	поднимать
诸侯	zhu:hou	n.	феодал
风险管理	feng:xian:guan:li	n.	управление рисками
谁来	shei:lai	pron.	кто придет
谁来	shui:lai	pron.	кто придет
加固	jia:gu	v.	укреплять
其他用户	qi:ta:yong:hu	n.	другие пользователи
专辑名称	zhuan:ji:ming:cheng	n.	название альбома
装饰装修	zhuang:shi:zhuang:xiu	n.	декор и отделка
差价	cha:jia	n.	разница в цене
怀中	huai:zhong	n.	в объятиях
机油	ji:you	n.	моторное масло
往前	wang:qian	adv.	вперед
台式机	tai:shi:ji	n.	настольный компьютер
小城镇	xiao:cheng:zhen	n.	маленький городок
存储卡	cun:chu:ka	n.	карта памяти
复杂性	fu:za:xing	n.	сложность
哪位	na:wei	pron.	кто (вежливо)
使用情况	shi:yong:qing:kuang	n.	статус использования
秀丽	xiu:li	adj.	прекрасный
假定	jia:ding	v.	предполагать
假定	jia:ding	n.	предположение
查看次数	cha:kan:ci:shu	n.	количество просмотров
主人公	zhu:ren:gong	n.	главный герой
贫血	pin:xue	n.	анемия
破损	po:sun	v.	повреждать
破损	po:sun	adj.	поврежденный
预售	yu:shou	v.	предварительная продажа
夺取	duo:qu	v.	захватывать
元月	yuan:yue	n.	январь
水母	shui:mu	n.	медуза
深厚	shen:hou	adj.	глубокий
多云	duo:yun	adj.	облачно
收款人	shou:kuan:ren	n.	получатель платежа
陆地	lu:di	n.	суша
过失	guo:shi	n.	ошибка
乏	fa	adj.	недостающий
缩写	suo:xie	v.	сокращать
缩写	suo:xie	n.	аббревиатура
橄榄油	gan:lan:you	n.	оливковое масло
前线	qian:xian	n.	фронт
一步步	yi:bu:bu	adv.	шаг за шагом
水泵	shui:beng	n.	водяной насос
申	shen	v.	заявлять
音色	yin:se	n.	тембр
战队	zhan:dui	n.	команда
诚意	cheng:yi	n.	искренность
传入	chuan:ru	v.	передавать
实名	shi:ming	adj.	реальное имя
陷入了	xian:ru:le	v.	попасть в
商业秘密	shang:ye:mi:mi	n.	коммерческая тайна
监控系统	jian:kong:xi:tong	n.	система мониторинга
药品监督	yao:pin:jian:du	n.	надзор за лекарствами
十九	shi:jiu	num.	девятнадцать
水文	shui:wen	n.	гидрология
用工	yong:gong	n.	рабочая сила
自治州	zi:zhi:zhou	n.	автономная префектура
古希腊	gu:xi:la	n.	Древняя Греция
本会	ben:hui	n.	эта ассоциация
高效率	gao:xiao:lv	n.	высокая эффективность
扰乱	rao:luan	v.	нарушать
报名表	bao:ming:biao	n.	регистрационная форма
草坪	cao:ping	n.	газон
打死	da:si	v.	забить до смерти
大象	da:xiang	n.	слон
感官	gan:guan	n.	орган чувств
日立	ri:li	n.	Hitachi
开水	kai:shui	n.	кипяток
偏高	pian:gao	adj.	выше среднего
呼声	hu:sheng	n.	призыв
场内	chang:nei	n.	внутри площадки
串口	chuan:kou	n.	последовательный порт
学术交流	xue:shu:jiao:liu	n.	академический обмен
有关方面	you:guan:fang:mian	n.	соответствующие стороны
政区	zheng:qu	n.	административный район
惯例	guan:li	n.	традиция
列兵	lie:bing	v.	зачислять в ряды
列兵	lie:bing	n.	рядовой
可否	ke:fou	adv.	можно ли
湖水	hu:shui	n.	озерная вода
四海	si:hai	n.	весь мир
更方便	geng:fang:bian	adj.	более удобный
恶搞	e:gao	v.	пародировать
化石	hua:shi	n.	ископаемое
孙中山	sun:zhong:shan	n.	Сунь Ятсен
待了	dai:le	v.	остался
巨鳄	ju:e	n.	гигантский крокодил
营利	ying:li	v.	получать прибыль
冬瓜	dong:gua	n.	горлянка
男孩子	nan:hai:zi	n.	мальчик
踊跃	yong:yue	adj.	полный энтузиазма
软硬件	ruan:ying:jian	n.	ПО и аппаратура
中国联通	zhong:guo:lian:tong	n.	China Unicom
乐	yue	n.	музыка
乐	yue	adj.	веселый
中国建筑	zhong:guo:jian:zhu	n.	китайская архитектура
诚恳	cheng:ken	adj.	искренний
阿拉伯	a:la:bo	n.	арабский
多快	duo:kuai	adv.	как быстро
谢绝	xie:jue	v.	отклонять
局限	ju:xian	n.	ограничение
局限	ju:xian	v.	ограничивать
却说	que:shuo	v.	говорится, что
近似	jin:si	adj.	приблизительный
与国家	yu:guo:jia	n.	с государством
饭菜	fan:cai	n.	еда
重叠	chong:die	v.	накладываться
必须的	bi:xu:de	adj.	необходимый
堆积	dui:ji	v.	накапливаться
七十	qi:shi	num.	семьдесят
不尽	bu:jin	adj.	бесконечный
系统集成	xi:tong:ji:cheng	n.	системная интеграция
选题	xuan:ti	v.	выбирать тему
选题	xuan:ti	n.	выбор темы
戴着	dai:zhe	v.	носить
潜艇	qian:ting	n.	подводная лодка
兴办	xing:ban	v.	основывать
中国最大	zhong:guo:zui:da	adj.	самый большой в Китае
欢迎访问	huan:ying:fang:wen	v.	добро пожаловать
割	ge	v.	резать
割	ge	n.	доля
汽车零部件	qi:che:ling:bu:jian	n.	автозапчасти
十几年	shi:ji:nian	num.	десять с лишним лет
矫正	jiao:zheng	v.	корректировать
能得到	neng:de:dao	v.	мочь получить
巫	wu	n.	шаман
工期	gong:qi	n.	срок строительства
分担	fen:dan	v.	разделять
产品展示	chan:pin:zhan:shi	n.	выставка продукции
二氧化碳	er:yang:hua:tan	n.	диоксид углерода
衫	shan	n.	рубашка
第四十条	di:si:shi:tiao	n.	статья 40
晶体	jing:ti	n.	кристалл
总结了	zong:jie:le	v.	подвел итог
做一些	zuo:yi:xie	v.	делать немного
无助	wu:zhu	adj.	беспомощный
救灾	jiu:zai	n.	помощь при бедствии
东门	dong:men	n.	восточные ворота
列席	lie:xi	v.	присутствовать
马车	ma:che	n.	конная повозка
网校	wang:xiao	n.	онлайн-школа
德语	de:yu	n.	немецкий язык
天山	tian:shan	n.	Тянь-Шань
功底	gong:di	n.	основа
你家	ni:jia	n.	твой дом
耐磨	nai:mo	adj.	износостойкий
俗话说	su:hua:shuo	v.	как говорится
知青	zhi:qing	n.	образованная молодежь
拖延	tuo:yan	v.	откладывать
上一个	shang:yi:ge	num.	предыдущий
响了	xiang:le	v.	зазвучал
上车	shang:che	v.	сесть в транспорт
张艺谋	zhang:yi:mou	n.	Чжан Имоу
整体素质	zheng:ti:su:zhi	n.	общая квалификация
棒	bang	adj.	отличный
棒	bang	n.	палка
社会稳定	she:hui:wen:ding	n.	социальная стабильность
做大做强	zuo:da:zuo:qiang	v.	расширять и укреплять
经营单位	jing:ying:dan:wei	n.	операционная единица
课题组	ke:ti:zu	n.	исследовательская группа
支吾	zhi:wu	v.	увиливать
社会责任	she:hui:ze:ren	n.	социальная ответственность
首领	shou:ling	n.	вождь
想买	xiang:mai	v.	хотеть купить
无级	wu:ji	adj.	бесступенчатый
相反的	xiang:fan:de	adj.	противоположный
阔	kuo	adj.	широкий
要买	yao:mai	v.	хотеть купить
贫困地区	pin:kun:di:qu	n.	бедный регион
学年	xue:nian	n.	учебный год
县市	xian:shi	n.	округ и город
揭开	jie:kai	v.	раскрывать
开奖	kai:jiang	v.	проводить розыгрыш
磁场	ci:chang	n.	магнитное поле
权威的	quan:wei:de	adj.	авторитетный
泣	qi	v.	плакать
三名	san:ming	num.	3 человека
严格遵守	yan:ge:zun:shou	v.	строго соблюдать
绽放	zhan:fang	v.	расцветать
查明	cha:ming	v.	выяснить
韦	wei	n.	Вэй
中国汽车	zhong:guo:qi:che	n.	китайский автомобиль
电动车	dian:dong:che	n.	электромобиль
上层	shang:ceng	n.	верхний слой
肾脏	shen:zang	n.	почка
延误	yan:wu	v.	задерживать
一二	yi:er	num.	один-два
许久	xu:jiu	n.	долгое время
办证	ban:zheng	v.	оформлять документы
珠三角	zhu:san:jiao	n.	дельта Жемчужной реки
车市	che:shi	n.	автомобильный рынок
纽带	niu:dai	n.	связь, узы
下岗失业人员	xia:gang:shi:ye:ren:yuan	n.	уволенные и безработные
娱乐场所	yu:le:chang:suo	n.	место развлечений
番茄	fan:qie	n.	томат
也叫	ye:jiao	v.	также называемый
低保	di:bao	n.	пособие по прожиточному минимуму
主要为	zhu:yao:wei	v.	в основном является
打到	da:dao	v.	ударить, попасть
触及	chu:ji	v.	касаться, затрагивать
侵占	qin:zhan	v.	захватывать, присваивать
倾诉	qing:su	v.	изливать, исповедоваться
神州	shen:zhou	n.	Шэньчжоу (Китай)
喜庆	xi:qing	adj.	праздничный
放电	fang:dian	v.	разряжать, разряд
上衣	shang:yi	n.	верхняя одежда, куртка
心声	xin:sheng	n.	голос сердца
大便	da:bian	n.	фекалии, кал
不由得	bu:you:de	adv.	невольно
出生日期	chu:sheng:ri:qi	n.	дата рождения
股改	gu:gai	n.	акционирование
直升机	zhi:sheng:ji	n.	вертолет
拳头	quan:tou	n.	кулак
红酒	hong:jiu	n.	красное вино
恍	huang	adj.	ошеломленный
景物	jing:wu	n.	пейзаж
贯	guan	v.	пронзать
加盟店	jia:meng:dian	n.	франшиза
血糖	xie:tang	n.	сахар в крови
血糖	xue:tang	n.	сахар в крови
魄	po	n.	душа
就如	jiu:ru	conj.	совсем как
第四十一条	di:si:shi:yi:tiao	num.	статья 41
柄	bing	mw.	ручка
头晕	tou:yun	v.	кружиться голова
上年	shang:nian	n.	прошлый год
切记	qie:ji	v.	строго помнить
更低	geng:di	adj.	ниже
考题	kao:ti	n.	экзаменационный вопрос
报警器	bao:jing:qi	n.	сигнализация
王者	wang:zhe	n.	король
杂质	za:zhi	n.	примесь
法律制度	fa:lv:zhi:du	n.	правовая система
筷子	kuai:zi	n.	палочки
只不过是	zhi:bu:guo:shi	adv.	просто
两眼	liang:yan	n.	глаза
社区卫生	she:qu:wei:sheng	n.	общественное здравоохранение
加工贸易	jia:gong:mao:yi	n.	перерабатывающая торго
本来是	ben:lai:shi	adv.	изначально было
交易市场	jiao:yi:shi:chang	n.	торговый рынок
工作目标	gong:zuo:mu:biao	n.	рабочая цель
构想	gou:xiang	n.	концепция
构想	gou:xiang	v.	концептуализировать
再造	zai:zao	v.	переделывать
暂不	zan:bu	adv.	пока не
购买商品	gou:mai:shang:pin	v.	покупать товары
销售价格	xiao:shou:jia:ge	n.	цена продажи
装载	zhuang:zai	v.	загружать
服务器端	fu:wu:qi:duan	n.	сторона сервера
宏观经济	hong:guan:jing:ji	n.	макроэкономика
已达到	yi:da:dao	v.	уже достиг
为了避免	wei:le:bi:mian	conj.	чтобы избежать
社	she	n.	общество
跟上	gen:shang	v.	успевать
怀抱	huai:bao	n.	грудь
怀抱	huai:bao	v.	обнимать
阿里	a:li	n.	Alibaba
患	huan	v.	страдать
荣耀	rong:yao	n.	слава
五日	wu:ri	num.	5 дней
液晶显示器	ye:jing:xian:shi:qi	n.	ЖК-монитор
影响着	ying:xiang:zhe	v.	влияющий
时节	shi:jie	n.	сезон
值得一提	zhi:de:yi:ti	adj.	достойный упоминания
基本资料	ji:ben:zi:liao	n.	базовые данные
半岛	ban:dao	n.	полуостров
该类	gai:lei	n.	этот тип
中山大学	zhong:shan:da:xue	n.	Университет Сунь Ятсена
保险业	bao:xian:ye	n.	страховая индустрия
讲到	jiang:dao	v.	говорить о
拼搏	pin:bo	v.	бороться
着想	zhuo:xiang	v.	рассматривать
着想	zhuo:xiang	n.	идея
南山区	nan:shan:qu	n.	район Наньшань
跑去	pao:qu	v.	бежать к
张某	zhang:mou	n.	некий Чжан
覆	fu	v.	покрывать
进场	jin:chang	v.	входить
电影院	dian:ying:yuan	n.	кинотеатр
蜜	mi	n.	мёд
北京地区	bei:jing:di:qu	n.	пекинский регион
质检	zhi:jian	n.	контроль качества
合伙企业	he:huo:qi:ye	n.	партнерство
实践证明	shi:jian:zheng:ming	v.	практика доказывает
未经授权	wei:jing:shou:quan	adj.	несанкционированный
排版	pai:ban	v.	верстка
三日	san:ri	num.	3 дня
协办	xie:ban	v.	соорганизовывать
自拍	zi:pai	v.	делать селфи
贺卡	he:ka	n.	поздравительная открытка
轮流	lun:liu	v.	чередоваться
精液	jing:ye	n.	сперма
人民币升值	ren:min:bi:sheng:zhi	n.	повышение курса юаня
樱花	ying:hua	n.	сакура
从业资格	cong:ye:zi:ge	n.	профессиональная квалификация
敦煌	dun:huang	n.	Дуньхуан
饭后	fan:hou	n.	после еды
抚养	fu:yang	v.	воспитывать
香料	xiang:liao	n.	специя
孤立	gu:li	v.	изолировать
村干部	cun:gan:bu	n.	сельский чиновник
着实	zhuo:shi	adv.	действительно
三百	san:bai	num.	300
遗迹	yi:ji	n.	руина, остатки
反感	fan:gan	n.	антипатия, неприязнь
反感	fan:gan	v.	испытывать неприязнь
学习方法	xue:xi:fang:fa	n.	метод обучения
婴	ying	n.	младенец
猛然	meng:ran	adv.	внезапно
励	li	v.	поощрять
不快	bu:kuai	adj.	неприятный
不快	bu:kuai	n.	недовольство
一来	yi:lai	conj.	во-первых
一来	yi:lai	adv.	как только придёт
有意思	you:yi:si	adj.	интересный
有意思	you:yi:si	v.	интересовать
已然	yi:ran	adv.	уже
红尘	hong:chen	n.	мирская суета
各异	ge:yi	adj.	разный
建筑师	jian:zhu:shi	n.	архитектор
竣工验收	jun:gong:yan:shou	n.	приемка завершенных работ
锅	guo	n.	кастрюля
积极作用	ji:ji:zuo:yong	n.	положительный эффект
时速	shi:su	n.	скорость в час
陛	bi	n.	император
郑重声明	zheng:zhong:sheng:ming	v.	торжественно заявить
安全感	an:quan:gan	n.	чувство безопасности
区域性	qu:yu:xing	adj.	региональный
上涨的	shang:zhang:de	adj.	растущий
收货	shou:huo	v.	получать товар
税金	shui:jin	n.	налог
不履行	bu:lv:xing	v.	не выполнять
移到	yi:dao	v.	переместить в
动摇	dong:yao	v.	шатать
动摇	dong:yao	adj.	нестабильный
合理性	he:li:xing	n.	рациональность
生出	sheng:chu	v.	производить
赞叹	zan:tan	v.	хвалить, восхищаться
筹集	chou:ji	v.	собирать, аккумулировать
未满	wei:man	adj.	неполный, не достигший
定居	ding:ju	v.	поселиться, обосноваться
老妈	lao:ma	n.	мама
三期	san:qi	n.	третья фаза, третий этап
浙江大学	zhe:jiang:da:xue	n.	Цзянси университет
力学	li:xue	n.	механика
庄严	zhuang:yan	adj.	торжественный, величественный
两块	liang:kuai	num.	две штуки, два юаня
安全问题	an:quan:wen:ti	n.	проблема безопасности
解题	jie:ti	v.	решать задачу
暧昧	ai:mei	adj.	неоднозначный, двусмысленный
硕士生	shuo:shi:sheng	n.	магистрант
判决书	pan:jue:shu	n.	судебное решение
调料	tiao:liao	n.	приправа, специя
没有必要	mei:you:bi:yao	adj.	нет необходимости
印花	yin:hua	n.	марка, печать
都快	dou:kuai	adv.	почти
鲜活	xian:huo	adj.	свежий, живой
想到了	xiang:dao:le	v.	придумал, вспомнил
企业简介	qi:ye:jian:jie	n.	профиль компании
迅速的	xun:su:de	adj.	быстрый, стремительный
多种形式	duo:zhong:xing:shi	n.	разнообразные формы
庭院	ting:yuan	n.	двор
主线	zhu:xian	n.	главная линия
领土	ling:tu	n.	территория
同盟	tong:meng	n.	союз
同盟	tong:meng	v.	союзничать
真气	zhen:qi	n.	ци
戴上	dai:shang	v.	надеть
遮	zhe	v.	заслонять
男方	nan:fang	n.	сторона жениха
鄙视	bi:shi	v.	презирать
宗旨	zong:zhi	n.	цель, задача
共创	gong:chuang	v.	создавать совместно
隐形	yin:xing	adj.	невидимый
社会事业	she:hui:shi:ye	n.	общественное дело
韦小宝	wei:xiao:bao	n.	Вэй Сяобяо
开源	kai:yuan	v.	открытый исходный код
假装	jia:zhuang	v.	притворяться
工作能力	gong:zuo:neng:li	n.	рабочая способность
心意	xin:yi	n.	намерение
政协委员	zheng:xie:wei:yuan	n.	член ПК ВСНП
不容	bu:rong	v.	не допускать
教委	jiao:wei	n.	комитет по образованию
身处	shen:chu	v.	находиться в
积极参加	ji:ji:can:jia	v.	активно участвовать
仅次于	jin:ci:yu	v.	уступать только
教育网	jiao:yu:wang	n.	образовательная сеть
友情提示	you:qing:ti:shi	n.	дружеское напоминание
住址	zhu:zhi	n.	адрес
换句话说	huan:ju:hua:shuo	conj.	другими словами
来个	lai:ge	v.	взять, сделать
跳到	tiao:dao	v.	прыгнуть на
珠海市	zhu:hai:shi	n.	город Чжухай
不听	bu:ting	v.	не слушать
犯了	fan:le	v.	совершить
岗位上	gang:wei:shang	n.	на рабочем месте
你以为	ni:yi:wei	pron.	ты думаешь
摇摇头	yao:yao:tou	v.	покачать головой
一届	yi:jie	num.	один срок
八十	ba:shi	num.	восемьдесят
花瓣	hua:ban	n.	лепесток
你先	ni:xian	pron.	ты сначала
暑期	shu:qi	n.	летние каникулы
新生入学	xin:sheng:ru:xue	n.	зачисление новStudents
生猪	sheng:zhu	n.	живая свинья
根据需要	gen:ju:xu:yao	adv.	согласно необходимости
基本理论	ji:ben:li:lun	n.	базовая теория
家政	jia:zheng	n.	домоводство
感恩	gan:en	v.	выражать благодарность
加工企业	jia:gong:qi:ye	n.	перерабатывающее предприятие
英俊	ying:jun	adj.	красивый
惊奇	jing:qi	v.	удивлять
内部管理	nei:bu:guan:li	n.	внутреннее управление
帕	pa	n.	носовой платок
本节	ben:jie	n.	этот раздел
调理	tiao:li	v.	регулировать
调理	tiao:li	n.	режим
党的领导	dang:de:ling:dao	n.	руководство партии
自觉性	zi:jue:xing	n.	самосознание
进城	jin:cheng	v.	входить в город
司令	si:ling	n.	командир
无条件	wu:tiao:jian	adj.	безусловный
又想	you:xiang	adv.	снова хочет
晚饭	wan:fan	n.	ужин
报案	bao:an	v.	заявить в полицию
反过来	fan:guo:lai	adv.	наоборот
加盟商	jia:meng:shang	n.	франчайзи
武汉大学	wu:han:da:xue	n.	Уханьский университет
流产	liu:chan	v.	выкидывать
为难	wei:nan	v.	затруднять
店内	dian:nei	n.	в магазине
满意度	man:yi:du	n.	уровень удовлетворенности
进一步发展	jin:yi:bu:fa:zhan	v.	дальнейшее развитие
发布会	fa:bu:hui	n.	пресс-конференция
稍稍	shao:shao	adv.	немного
扣押	kou:ya	v.	конфисковать
加快推进	jia:kuai:tui:jin	v.	ускорить продвижение
见识	jian:shi	n.	знания
见识	jian:shi	v.	познавать
打入	da:ru	v.	проникать
简述	jian:shu	v.	кратко описывать
廉洁	lian:jie	adj.	честный
曼联	man:lian	n.	Манчестер Юнайтед
见效	jian:xiao	v.	давать эффект
功耗	gong:hao	n.	энергопотребление
会谈	hui:tan	v.	проводить переговоры
官司	guan:si	n.	судебный процесс
道教	dao:jiao	n.	даосизм
放着	fang:zhe	v.	лежать
极佳	ji:jia	adj.	отличный
废话	fei:hua	n.	чепуха
工种	gong:zhong	n.	вид работ
急速	ji:su	adj.	быстрый
升温	sheng:wen	v.	повышать температуру
具体办法	ju:ti:ban:fa	n.	конкретные меры
小鸟	xiao:niao	n.	маленькая птичка
独到	du:dao	adj.	оригинальный
蘑菇	mo:gu	n.	гриб
微量元素	wei:liang:yuan:su	n.	микроэлемент
后门	hou:men	n.	задняя дверь
很差	hen:cha	adj.	очень плохой
博士生	bo:shi:sheng	n.	аспирант
客气	ke:qi	adj.	вежливый
咖	ka	n.	кофе
前身	qian:shen	n.	предшественник
管理咨询	guan:li:zi:xun	n.	управленческий консалтинг
嫌	xian	v.	недолюбливать
利用外资	li:yong:wai:zi	v.	использовать иностранный капитал
眉头	mei:tou	n.	брови
担当	dan:dang	v.	взять на себя
中式	zhong:shi	adj.	китайский стиль
纯洁	chun:jie	adj.	чистый
两旁	liang:pang	n.	обе стороны
平坦	ping:tan	adj.	плоский
轻柔	qing:rou	adj.	мягкий
欢迎你	huan:ying:ni	v.	приветствовать вас
他们自己	ta:men:zi:ji	pron.	они сами
之法	zhi:fa	n.	метод
大使	da:shi	n.	посол
优异的	you:yi:de	adj.	отличный
争吵	zheng:chao	v.	ссориться
争吵	zheng:chao	n.	ссора
木质	mu:zhi	n.	древесина
航道	hang:dao	n.	судоходный путь
心地	xin:di	n.	душа
餐具	can:ju	n.	посуда
公司网址	gong:si:wang:zhi	n.	веб-сайт компании
商业用途	shang:ye:yong:tu	n.	коммерческое использование
出价	chu:jia	v.	делать ставку
出众	chu:zhong	adj.	выдающийся
非会员	fei:hui:yuan	n.	не член клуба
死于	si:yu	v.	умереть от
再做	zai:zuo	v.	сделать снова
第二部分	di:er:bu:fen	n.	вторая часть
年平均	nian:ping:jun	adj.	среднегодовой
农田	nong:tian	n.	сельскохозяйственные угодья
胳	ge	mw.	рука
曾是	ceng:shi	v.	был когда-то
及早	ji:zao	adv.	вовремя
投入使用	tou:ru:shi:yong	v.	ввести в эксплуатацию
挖	wa	v.	копать
啪	pa	onom.	хлопок
矿	kuang	n.	шахта, минерал
物业公司	wu:ye:gong:si	n.	управляющая компания
别名	bie:ming	n.	псевдоним
推车	tui:che	n.	тележка
推车	tui:che	v.	толкать тележку
好奇心	hao:qi:xin	n.	любопытство
技术要求	ji:shu:yao:qiu	n.	технические требования
铅笔	qian:bi	n.	карандаш
万年	wan:nian	num.	10,000 лет
蒸发	zheng:fa	v.	испаряться
蒸发	zheng:fa	n.	испарение
身穿	shen:chuan	v.	быть одетым в
喝道	he:dao	v.	кричать
金银	jin:yin	n.	золото и серебро
抑郁	yi:yu	adj.	депрессивный
抑郁	yi:yu	v.	впадать в депрессию
助于	zhu:yu	v.	способствовать
环境卫生	huan:jing:wei:sheng	n.	экологическая гигиена
水位	shui:wei	n.	уровень воды
一口价	yi:kou:jia	n.	фиксированная цена
古今	gu:jin	adj.	древний и современный
信息交流	xin:xi:jiao:liu	n.	обмен информацией
过往	guo:wang	n.	прошлые события
篇幅	pian:fu	n.	объем
文物保护单位	wen:wu:bao:hu:dan:wei	n.	организация охраны памятников
学校教育	xue:xiao:jiao:yu	n.	школьное образование
文件系统	wen:jian:xi:tong	n.	файловая система
产销	chan:xiao	n.	производство и сбыт
擦拭	ca:shi	v.	вытирать
审批机关	shen:pi:ji:guan	n.	орган утверждения
报名时间	bao:ming:shi:jian	n.	время регистрации
工程机械	gong:cheng:ji:xie	n.	строительная техника
凄	qi	adj.	унылый
会议精神	hui:yi:jing:shen	n.	дух собрания
至关重要	zhi:guan:zhong:yao	adj.	крайне важный
花开	hua:kai	v.	цветы расцветают
中国二手车城	zhong:guo:er:shou:che:cheng	n.	Чайна Юзд Кар Сити
建立时间	jian:li:shi:jian	n.	время основания
魅力值	mei:li:zhi	n.	показатель обаяния
跳出	tiao:chu	v.	выпрыгивать
常人	chang:ren	n.	обычный человек
风气	feng:qi	n.	атмосфера, дух
点选	dian:xuan	v.	нажать и выбрать
云集	yun:ji	v.	собираться в большоs
高中生	gao:zhong:sheng	n.	старшеклассник
高水平	gao:shui:ping	adj.	высокого уровня
弱势	ruo:shi	n.	слабая позиция
经济适用住房	jing:ji:shi:yong:zhu:fang	n.	доступное жилье
晋江	jin:jiang	n.	Цзиньцзян
女郎	nv:lang	n.	дама, молодая женщина
蒙迪欧	meng:di:ou	n.	Мондео
每条	mei:tiao	num.	каждый (счетное слово)
默认的	mo:ren:de	adj.	по умолчанию
幽灵	you:ling	n.	призрак
报错	bao:cuo	v.	сообщить об ошибке
少先队	shao:xian:dui	n.	пионеры
用房	yong:fang	n.	помещение для использования
察觉	cha:jue	v.	замечать
裙子	qun:zi	n.	юбка
第一阶段	di:yi:jie:duan	n.	первый этап
柳州	liu:zhou	n.	Лючжоу
经济组织	jing:ji:zu:zhi	n.	экономическая организация
不难	bu:nan	adj.	не трудно
规划设计	gui:hua:she:ji	v.	планировать и проектировать
零售业	ling:shou:ye	n.	розничная торговля
木地板	mu:di:ban	n.	деревянный пол
成人教育	cheng:ren:jiao:yu	n.	образование взрослых
很漂亮	hen:piao:liang	adj.	очень красивый
穿的	chuan:de	n.	одежда
夹紧	jia:jin	v.	зажимать
鉴赏	jian:shang	v.	ценить
靠在	kao:zai	v.	прислониться к
脑子里	nao:zi:li	n.	в голове
强制执行	qiang:zhi:zhi:xing	v.	принудительное исполнение
中国传统	zhong:guo:chuan:tong	n.	китайская традиция
奋斗目标	fen:dou:mu:biao	n.	цель борьбы
出击	chu:ji	v.	атаковать
专注于	zhuan:zhu:yu	v.	сосредоточиться на
名气	ming:qi	n.	слава
控股公司	kong:gu:gong:si	n.	холдинговая компания
计数	ji:shu	v.	считать
在路上	zai:lu:shang	adj.	в пути
老者	lao:zhe	n.	старик
侧重	ce:zhong	v.	делать упор на
存在问题	cun:zai:wen:ti	n.	существующие проблемы
独创	du:chuang	v.	создавать оригинально
分立	fen:li	v.	разделять
第一部分	di:yi:bu:fen	n.	первая часть
发展阶段	fa:zhan:jie:duan	n.	этап развития
销售热线	xiao:shou:re:xian	n.	горячая линия продаж
移动的	yi:dong:de	adj.	мобильный
医务人员	yi:wu:ren:yuan	n.	медицинский персонал
推广应用	tui:guang:ying:yong	v.	продвигать и применять
侦察	zhen:cha	v.	разведка
侦察	zhen:cha	n.	разведка
柏林	bo:lin	n.	Берлин
正值	zheng:zhi	v.	как раз в то время как
坚定不移	jian:ding:bu:yi	adj.	непоколебимый
乔治	qiao:zhi	n.	Джордж
课堂上	ke:tang:shang	n.	на уроке
条形码	tiao:xing:ma	n.	штрих-код
毅力	yi:li	n.	настойчивость
执行力	zhi:xing:li	n.	исполнительность
广泛开展	guang:fan:kai:zhan	v.	широко развернуть
研究机构	yan:jiu:ji:gou	n.	исследовательское учреждение
物权	wu:quan	n.	право собственности
第一年	di:yi:nian	n.	первый год
几集	ji:ji	mw.	несколько серий
科技人员	ke:ji:ren:yuan	n.	технический персонал
爪	zhao	n.	коготь
爪	zhua	v.	царапать
地势	di:shi	n.	рельеф
检验检疫	jian:yan:jian:yi	n.	инспекция и карантин
线性	xian:xing	adj.	линейный
皇冠	huang:guan	n.	корона
废弃	fei:qi	v.	отбраковывать
废弃	fei:qi	adj.	брошенный
实际问题	shi:ji:wen:ti	n.	практическая проблема
眠	mian	v.	спать
教唆	jiao:suo	v.	подстрекать
卫生院	wei:sheng:yuan	n.	медпункт
一把手	yi:ba:shou	n.	главный руководитель
挽救	wan:jiu	v.	спасать
星期三	xing:qi:san	n.	среда
食品生产	shi:pin:sheng:chan	n.	производство продуктов питания
穆	mu	n.	Му
不通	bu:tong	adj.	не работает
大洋	da:yang	n.	океан
听完	ting:wan	v.	дослушать
同仁	tong:ren	n.	коллега
总书记	zong:shu:ji	n.	генеральный секретарь
死在	si:zai	v.	умереть в
乖乖	guai:guai	adj.	послушный
乖乖	guai:guai	int.	боже мой
自卑	zi:bei	adj.	неполноценный
啡	fei	n.	кофе
第三天	di:san:tian	n.	третий день
加急	jia:ji	v.	ускорить
妇人	fu:ren	n.	женщина
客栈	ke:zhan	n.	постоялый двор
容纳	rong:na	v.	вмещать
中国互联网	zhong:guo:hu:lian:wang	n.	китайский интернет
党代会	dang:dai:hui	n.	партийный съезд
花儿	hua:er	n.	цветок
气球	qi:qiu	n.	воздушный шар
生命周期	sheng:ming:zhou:qi	n.	жизненный цикл
睾丸	gao:wan	n.	яичко
企业制度	qi:ye:zhi:du	n.	корпоративная система
真实姓名	zhen:shi:xing:ming	n.	настоящее имя
火车票	huo:che:piao	n.	билет на поезд
内幕	nei:mu	n.	закулисье
市面上	shi:mian:shang	n.	на рынке
班车	ban:che	n.	маршрутный автобус
效果图	xiao:guo:tu	n.	визуализация
出面	chu:mian	v.	выступить
日产	ri:chan	n.	Nissan
招待	zhao:dai	v.	принимать гостей
招待	zhao:dai	n.	гостеприимство
布料	bu:liao	n.	ткань
危险性	wei:xian:xing	n.	опасность
译者	yi:zhe	n.	переводчик
没用	mei:yong	adj.	бесполезный
预设	yu:she	v.	предустанавливать
预设	yu:she	n.	предустановка
吾	wu	pron.	я
多头	duo:tou	adj.	многоголовый
投降	tou:xiang	v.	сдаваться
中签	zhong:qian	v.	выиграть в лотерее
存入	cun:ru	v.	внести на счет
新东方	xin:dong:fang	n.	New Oriental
批准文号	pi:zhun:wen:hao	n.	номер разрешения
乳液	ru:ye	n.	лосьон
相关新闻	xiang:guan:xin:wen	n.	связанные новости
停下来	ting:xia:lai	v.	остановиться
西侧	xi:ce	n.	западная сторона
造就了	zao:jiu:le	v.	создать
齐全的	qi:quan:de	adj.	полный
宛如	wan:ru	v.	как будто
要不要	yao:bu:yao	v.	нужно ли
看去	kan:qu	v.	выглядеть как
大容量	da:rong:liang	n.	большая емкость
待定	dai:ding	adj.	не определено
申领	shen:ling	v.	запрашивать
五百	wu:bai	num.	500
就能够	jiu:neng:gou	v.	мочь
坛	tan	n.	кувшин
全会	quan:hui	n.	пленарное заседание
都认为	dou:ren:wei	v.	все считают
脾	pi	n.	селезенка
螺旋	luo:xuan	n.	спираль
钞票	chao:piao	n.	банкнота
籍贯	ji:guan	n.	место рождения
泉水	quan:shui	n.	родниковая вода
听到了	ting:dao:le	v.	услышал
知名企业	zhi:ming:qi:ye	n.	известное предприятие
配上	pei:shang	v.	сочетать с
勇士	yong:shi	n.	воин
专辑列表	zhuan:ji:lie:biao	n.	список альбомов
多条	duo:tiao	mw.	много
可享受	ke:xiang:shou	v.	мочь наслаждаться
文员	wen:yuan	n.	клерк
中兴	zhong:xing	n.	возрождение
待在	dai:zai	v.	находиться
恒	heng	adj.	постоянный
坏人	huai:ren	n.	злодей
沧桑	cang:sang	n.	превратности
盗贼	dao:zei	n.	вор
民居	min:ju	n.	жилое строение
在校生	zai:xiao:sheng	n.	учащийся
冲刺	chong:ci	v.	спринт
所涉及	suo:she:ji	v.	касаться
屠	tu	v.	забивать
岛上	dao:shang	n.	на острове
行星	xing:xing	n.	планета
素描	su:miao	n.	набросок
皇宫	huang:gong	n.	императорский дворец
一家人	yi:jia:ren	n.	семья
蓉	rong	n.	лотос
支持你	zhi:chi:ni	v.	поддерживать тебя
第二代	di:er:dai	n.	второе поколение
包头	bao:tou	n.	Баотоу
各乡镇	ge:xiang:zhen	n.	различные поселения
中层	zhong:ceng	n.	средний слой
长相	zhang:xiang	n.	внешность
不到位	bu:dao:wei	adj.	недостаточный
代理服务器	dai:li:fu:wu:qi	n.	прокси-сервер
城中	cheng:zhong	n.	в городе
三个人	san:ge:ren	n.	три человека
树上	shu:shang	n.	на дереве
共性	gong:xing	n.	общность
础	chu	n.	основание
曰	yue	v.	говорить
见附件	jian:fu:jian	v.	см. вложение
耸	song	v.	пожимать плечами
不接受	bu:jie:shou	v.	не принимать
计划经济	ji:hua:jing:ji	n.	плановая экономика
裂缝	lie:feng	n.	трещина
理所当然	li:suo:dang:ran	adj.	естественно
膊	bo	n.	рука
面容	mian:rong	n.	лицо
售出	shou:chu	v.	продать
主宰	zhu:zai	v.	вершить
主宰	zhu:zai	n.	правитель
降临	jiang:lin	v.	спускаться
市场前景	shi:chang:qian:jing	n.	рыночные перспективы
网站地图	wang:zhan:di:tu	n.	карта сайта
拇指	mu:zhi	n.	большой палец
精简	jing:jian	v.	оптимизировать
不可或缺	bu:ke:huo:que	adj.	indispensable
十佳	shi:jia	adj.	топ-10
通路	tong:lu	n.	проход
通路	tong:lu	n.	путь
近百	jin:bai	num.	почти 100
建设局	jian:she:ju	n.	бюро строительства
政绩	zheng:ji	n.	политические достижения
周密	zhou:mi	adj.	тщательный
民政部门	min:zheng:bu:men	n.	департамент гражданских дел
瓶子	ping:zi	n.	бутылка
无图	wu:tu	adj.	без картинки
一卡通	yi:ka:tong	n.	смарт-карта
经历过	jing:li:guo	v.	переживать
开除	kai:chu	v.	увольнять
大大提高	da:da:ti:gao	v.	значительно повышать
逆	ni	adj.	обратный
粪便	fen:bian	n.	фекалии
共鸣	gong:ming	n.	резонанс
共鸣	gong:ming	v.	резонировать
净土	jing:tu	n.	чистая земля
可想而知	ke:xiang:er:zhi	v.	можно себе представить
每吨	mei:dun	num.	за тонну
压缩机	ya:suo:ji	n.	компрессор
神话	shen:hua	n.	миф
神话	shen:hua	v.	мифологизировать
积蓄	ji:xu	v.	копить
积蓄	ji:xu	n.	сбережения
山林	shan:lin	n.	горный лес
坚定的	jian:ding:de	adj.	твердый
文化程度	wen:hua:cheng:du	n.	уровень образования
幼稚	you:zhi	adj.	детский
寂寞的	ji:mo:de	adj.	одинокий
经由	jing:you	prep.	через
双双	shuang:shuang	num.	парами
优先级	you:xian:ji	n.	приоритет
市人民政府	shi:ren:min:zheng:fu	n.	городское народное правительство
往上	wang:shang	adv.	вверх
审视	shen:shi	v.	рассматривать
寿	shou	n.	долголетие
变质	bian:zhi	v.	портиться
变质	bian:zhi	v.	изменяться
毛衣	mao:yi	n.	свитер
驾驭	jia:yu	v.	управлять
赎回	shu:hui	v.	redeem
驱	qu	v.	прогонять
小猫	xiao:mao	n.	котёнок
越发	yue:fa	adv.	все больше
技术培训	ji:shu:pei:xun	n.	техническое обучение
膝盖	xi:gai	n.	колено
孟子	meng:zi	n.	Мэн-цзы
照相机	zhao:xiang:ji	n.	фотоаппарат
免收	mian:shou	v.	не взимать
土地管理	tu:di:guan:li	n.	управление земельными ресурсами
猴	hou	n.	обезьяна
爱尔兰	ai:er:lan	n.	Ирландия
佣	yong	n.	комиссия
轻声	qing:sheng	n.	нейтральный тон
出口企业	chu:kou:qi:ye	n.	экспортное предприятие
当地政府	dang:di:zheng:fu	n.	местное правительство
镜片	jing:pian	n.	линза
品格	pin:ge	n.	характер
新工艺	xin:gong:yi	n.	новый технологический процесс
区域经济	qu:yu:jing:ji	n.	региональная экономика
太原市	tai:yuan:shi	n.	город Тайюань
毅	yi	adj.	решительный
青龙	qing:long	n.	Цинлун
嫌疑	xian:yi	n.	подозрение
嫌疑	xian:yi	v.	подозревать
外观设计	wai:guan:she:ji	n.	внешний дизайн
玉器	yu:qi	n.	изделия из нефрита
舅	jiu	n.	дядя по матери
经济型	jing:ji:xing	adj.	экономичный тип
课题研究	ke:ti:yan:jiu	n.	исследовательский проект
矩阵	ju:zhen	n.	матрица
茫茫	mang:mang	adj.	бескрайний
商品信息	shang:pin:xin:xi	n.	информация о товаре
与众不同	yu:zhong:bu:tong	adj.	необычный
暗中	an:zhong	adv.	тайно
公共汽车	gong:gong:qi:che	n.	автобус
主办方	zhu:ban:fang	n.	организатор
映射	ying:she	v.	отображать
车票	che:piao	n.	билет
贝壳	bei:ke	n.	ракушка
选民	xuan:min	n.	избиратель
牙膏	ya:gao	n.	зубная паста
监听	jian:ting	v.	подслушивать
紧紧地	jin:jin:de	adv.	плотно
境地	jing:di	n.	ситуация
挪威	nuo:wei	n.	Норвегия
招生计划	zhao:sheng:ji:hua	n.	план набора
开发人员	kai:fa:ren:yuan	n.	разработчик
铜	tong	n.	медь
通俗	tong:su	adj.	популярный
较量	jiao:liang	v.	соревноваться
结成	jie:cheng	v.	формировать
全员	quan:yuan	n.	все сотрудники
至尊	zhi:zun	adj.	верховный
该片	gai:pian	n.	этот фильм
气流	qi:liu	n.	воздушный поток
各个环节	ge:ge:huan:jie	n.	каждый этап
发短信	fa:duan:xin	v.	отправить смс
沟通能力	gou:tong:neng:li	n.	коммуникативные навыки
美德	mei:de	n.	добродетель
房屋建筑	fang:wu:jian:zhu	n.	строительство зданий
第三代	di:san:dai	n.	третье поколение
韭菜	jiu:cai	n.	лук-порей
水土保持	shui:tu:bao:chi	v.	охрана почв и воды
林地	lin:di	n.	лесной участок
太小	tai:xiao	adj.	слишком маленький
娟	juan	n.	Джуань (имя)
双面	shuang:mian	adj.	двусторонний
搬运	ban:yun	v.	транспортировать
不一致	bu:yi:zhi	adj.	несогласованный
不一致	bu:yi:zhi	v.	не совпадать
眯	mi	v.	щуриться
保暖	bao:nuan	v.	сохранять тепло
红外线	hong:wai:xian	n.	инфракрасный луч
下页	xia:ye	n.	следующая страница
短片	duan:pian	n.	короткометражка
诗仙	shi:xian	n.	поэт-бессмертный
绘图	hui:tu	v.	чертить
动用	dong:yong	v.	задействовать
多彩	duo:cai	adj.	разноцветный
损益	sun:yi	n.	прибыли и убытки
赞誉	zan:yu	n.	похвала
赞誉	zan:yu	v.	хвалить
政法	zheng:fa	n.	политика и право
服务部	fu:wu:bu	n.	отдел обслуживания
资历	zi:li	n.	квалификация
少林	shao:lin	n.	Шаолинь
抗拒	kang:ju	v.	сопротивляться
老师们	lao:shi:men	n.	учителя
鹦鹉	ying:wu	n.	попугай
探头	tan:tou	v.	выглядывать
花样	hua:yang	n.	узор
花样	hua:yang	n.	уловка
城建	cheng:jian	n.	городское строительство
奶粉	nai:fen	n.	сухое молоко
水肿	shui:zhong	n.	отёк
淫	yin	adj.	развратный
腰带	yao:dai	n.	ремень
食盐	shi:yan	n.	соль
出货	chu:huo	v.	отгружать
默契	mo:qi	n.	взаимопонимание
幕后	mu:hou	n.	за кулисами
真伪	zhen:wei	n.	подлинность
大学英语	da:xue:ying:yu	n.	университетский английский
小车	xiao:che	n.	маленькая машина
灵敏	ling:min	adj.	чувствительный
灵敏	ling:min	adj.	ловкий
重型	zhong:xing	adj.	тяжелый
风机	feng:ji	n.	ветрогенератор
郭靖	guo:jing	n.	Го Цзин
万家	wan:jia	n.	десять тысяч семей
子系统	zi:xi:tong	n.	подсистема
服务水平	fu:wu:shui:ping	n.	уровень обслуживания
二中	er:zhong	n.	вторая средняя школа
重伤	zhong:shang	n.	тяжелая травма
重伤	zhong:shang	v.	тяжело ранить
地下水	di:xia:shui	n.	подземные воды
加息	jia:xi	v.	повышать процентную ставку
一文	yi:wen	n.	одна статья
高品质的	gao:pin:zhi:de	adj.	высококачественный
委托代理人	wei:tuo:dai:li:ren	n.	доверенное лицо
摄取	she:qu	v.	поглощать
教学过程	jiao:xue:guo:cheng	n.	учебный процесс
吩	fen	v.	бормотать
开心的	kai:xin:de	adj.	счастливый
主要问题	zhu:yao:wen:ti	n.	главная проблема
给学生	gei:xue:sheng	v.	давать студентам
本部门	ben:bu:men	n.	этот отдел
盛世	sheng:shi	n.	процветающая эпоха
回首	hui:shou	v.	оглянуться
缺货	que:huo	v.	отсутствие товара
星际	xing:ji	adj.	межзвездный
巡逻	xun:luo	v.	патрулировать
祝你	zhu:ni	v.	желаю тебе
葡萄牙	pu:tao:ya	n.	Португалия
溶剂	rong:ji	n.	растворитель
划拨	hua:bo	v.	выделять
民营经济	min:ying:jing:ji	n.	частная экономика
七天	qi:tian	num.	7 дней
每种	mei:zhong	pron.	каждый вид
匪	fei	n.	бандит
西装	xi:zhuang	n.	костюм
见到了	jian:dao:le	v.	встретил
纯净水	chun:jing:shui	n.	чистая вода
共产	gong:chan	v.	коммунистический
好用	hao:yong	adj.	удобный
问卷	wen:juan	n.	анкета
绩效考核	ji:xiao:kao:he	n.	оценка эффективности
江河	jiang:he	n.	река
启动了	qi:dong:le	v.	запустить
始终保持	shi:zhong:bao:chi	v.	всегда сохранять
用时	yong:shi	n.	затраченное время
转了	zhuan:le	v.	повернул
冶炼	ye:lian	v.	выплавлять
没想	mei:xiang	v.	не думал
羽毛球	yu:mao:qiu	n.	бадминтон
实习生	shi:xi:sheng	n.	стажер
誓言	shi:yan	n.	клятва
健全的	jian:quan:de	adj.	здоровый
残酷的	can:ku:de	adj.	жестокий
激战	ji:zhan	n.	ожесточенная битва
选择性	xuan:ze:xing	n.	избирательность
对我来说	dui:wo:lai:shuo	prep.	для меня
初衷	chu:zhong	n.	первоначальное намерение
独立性	du:li:xing	n.	независимость
管理学院	guan:li:xue:yuan	n.	институт управления
新阶段	xin:jie:duan	n.	новый этап
腰部	yao:bu	n.	поясница
家庭成员	jia:ting:cheng:yuan	n.	член семьи
禁区	jin:qu	n.	запретная зона
信道	xin:dao	n.	канал
心爱	xin:ai	adj.	любимый
意外的	yi:wai:de	adj.	неожиданный
混淆	hun:xiao	v.	смешивать
片名	pian:ming	n.	название фильма
第四十二条	di:si:shi:er:tiao	num.	статья 42
牧	mu	v.	пасти
湿的	shi:de	adj.	влажный
役	yi	n.	роль
护肤品	hu:fu:pin	n.	средство по уходу за кожей
应用系统	ying:yong:xi:tong	n.	прикладная система
呼吸道	hu:xi:dao	n.	дыхательные пути
主管机关	zhu:guan:ji:guan	n.	компетентный орган
诡	gui	adj.	хитрый
供货商	gong:huo:shang	n.	поставщик
适应性	shi:ying:xing	n.	адаптивность
追赶	zhui:gan	v.	преследовать
男主角	nan:zhu:jue	n.	главный герой
琢磨	zhuo:mo	v.	размышлять
琢磨	zuo:mo	v.	размышлять
沮丧	ju:sang	adj.	угнетенный
最主要	zui:zhu:yao	adj.	самый важный
还请	hai:qing	adv.	пожалуйста, также
触摸屏	chu:mo:ping	n.	сенсорный экран
下降了	xia:jiang:le	v.	снизиться
善良的	shan:liang:de	adj.	добрый
阶段性	jie:duan:xing	adj.	этапный
城管	cheng:guan	n.	городской менеджер
端正	duan:zheng	adj.	прямой
发电机	fa:dian:ji	n.	генератор
无量	wu:liang	adj.	безмерный
来得及	lai:de:ji	v.	успеть
烟雾	yan:wu	n.	дым
正确地	zheng:que:de	adv.	правильно
不慎	bu:shen	adv.	неосторожно
私自	si:zi	adv.	самовольно
现代教育	xian:dai:jiao:yu	n.	современное образование
以下几点	yi:xia:ji:dian	n.	следующие пункты
多半	duo:ban	adv.	скорее всего
阵营	zhen:ying	n.	лагерь
他觉得	ta:jue:de	pron.	он чувствует
现行的	xian:xing:de	adj.	текущий
付出了	fu:chu:le	v.	платить
虽是	sui:shi	conj.	хотя
皮带	pi:dai	n.	ремень
号为	hao:wei	v.	называться
基本条件	ji:ben:tiao:jian	n.	базовые условия
养老金	yang:lao:jin	n.	пенсия
书目	shu:mu	n.	каталог
星期二	xing:qi:er	n.	вторник
惬意	qie:yi	adj.	приятный
蓬勃发展	peng:bo:fa:zhan	v.	бурно развиваться
送去	song:qu	v.	отправлять
普通人	pu:tong:ren	n.	обычный человек
纤	xian	adj.	тонкий
没有想到	mei:you:xiang:dao	v.	не ожидать
庐山	lu:shan	n.	гора Лушань
心理的	xin:li:de	adj.	психологический
服药	fu:yao	v.	принимать лекарство
赶上	gan:shang	v.	догнать
式样	shi:yang	n.	стиль, модель
配料	pei:liao	n.	ингредиент
天气预报	tian:qi:yu:bao	n.	прогноз погоды
场馆	chang:guan	n.	площадка
画出	hua:chu	v.	нарисовать
昏迷	hun:mi	v.	находиться в коме
昏迷	hun:mi	n.	кома
销售部	xiao:shou:bu	n.	отдел продаж
溢出	yi:chu	v.	переливаться
航行	hang:xing	v.	плавать
深层次	shen:ceng:ci	n.	глубокий уровень
抓起	zhua:qi	v.	схватить
旅游景点	lv:you:jing:dian	n.	достопримечательность
胜利的	sheng:li:de	adj.	победоносный
组织协调	zu:zhi:xie:tiao	v.	организовать и скоординировать
腐	fu	v.	гнить
叉车	cha:che	n.	вилочный погрузчик
太极拳	tai:ji:quan	n.	тайцзицюань
达成协议	da:cheng:xie:yi	v.	достичь соглашения
哲学家	zhe:xue:jia	n.	философ
更需要	geng:xu:yao	v.	нуждаться больше
先看	xian:kan	v.	сначала посмотреть
而行	er:xing	v.	действовать
最难	zui:nan	adj.	самый трудный
现代社会	xian:dai:she:hui	n.	современное общество
个人空间	ge:ren:kong:jian	n.	личное пространство
特许经营	te:xu:jing:ying	n.	франчайзинг
资源优势	zi:yuan:you:shi	n.	преимущество ресурсов
姻	yin	n.	брак
下单	xia:dan	v.	сделать заказ
差异化	cha:yi:hua	v.	дифференцировать
晰	xi	adj.	ясный
渊	yuan	n.	бездна
亭	ting	n.	павильон
购进	gou:jin	v.	закупать
邀	yao	v.	приглашать
佩戴	pei:dai	v.	носить
高额	gao:e	n.	крупная сумма
所有制	suo:you:zhi	n.	система собственности
哄	hong	v.	уговаривать
刘先生	liu:xian:sheng	n.	господин Лю
功能性	gong:neng:xing	n.	функциональность
装入	zhuang:ru	v.	загружать в
异味	yi:wei	n.	неприятный запах
继而	ji:er	adv.	затем
相互作用	xiang:hu:zuo:yong	n.	взаимодействие
凶手	xiong:shou	n.	убийца
租车	zu:che	v.	арендовать машину
骚	sao	adj.	непристойный
骚	sao	adj.	вонючий
技术资料	ji:shu:zi:liao	n.	технические данные
厚重	hou:zhong	adj.	толстый и тяжелый
家门	jia:men	n.	дверь дома
宝安区	bao:an:qu	n.	район Баоань
打斗	da:dou	v.	драться
理事长	li:shi:zhang	n.	председатель
墓	mu	n.	могила
倒下	dao:xia	v.	упасть
自古	zi:gu	adv.	с древних времен
宝典	bao:dian	n.	сокровищница
统称	tong:cheng	v.	называть общим именем
柯	ke	n.	Кэ
快餐	kuai:can	n.	фастфуд
平滑	ping:hua	adj.	гладкий
最著名	zui:zhu:ming	adj.	самый известный
谦虚	qian:xu	adj.	скромный
游离	you:li	v.	отклоняться
潮湿	chao:shi	adj.	влажный
武警	wu:jing	n.	вооруженная полиция
船长	chuan:zhang	n.	капитан
轻度	qing:du	adj.	легкий
轻度	qing:du	n.	легкость
狗肉	gou:rou	n.	собачье мясо
书法家	shu:fa:jia	n.	каллиграф
看电影	kan:dian:ying	v.	смотреть фильм
胃口	wei:kou	n.	аппетит
技术员	ji:shu:yuan	n.	техник
开发公司	kai:fa:gong:si	n.	компания-разработчик
不屑	bu:xie	v.	презирать
荆州	jing:zhou	n.	Цзинчжоу
市值	shi:zhi	n.	рыночная стоимость
拉住	la:zhu	v.	удерживать
拖动	tuo:dong	v.	тащить
押金	ya:jin	n.	залог
中国工商银行	zhong:guo:gong:shang:yin:hang	n.	ICBC
两三	liang:san	num.	два-три
这批	zhe:pi	pron.	эта партия
请点击这里	qing:dian:ji:zhe:li	v.	нажмите здесь
任免	ren:mian	v.	назначать и снимать
谢谢了	xie:xie:le	v.	спасибо
方圆	fang:yuan	n.	радиус/окружность
胜负	sheng:fu	n.	победа или поражение
委实	wei:shi	adv.	действительно
控告	kong:gao	v.	обвинять
苗族	miao:zu	n.	народ мяо
虚伪	xu:wei	adj.	лицемерный
液晶屏	ye:jing:ping	n.	жидкокристаллический дисплей
增量	zeng:liang	n.	прирост
增量	zeng:liang	v.	увеличивать
相聚	xiang:ju	v.	собираться
攻势	gong:shi	n.	наступление
深表	shen:biao	v.	глубоко выражать
筋	jin	n.	мышца
编著	bian:zhu	v.	составлять
编著	bian:zhu	n.	сочинение
答疑	da:yi	v.	отвечать на вопросы
服务内容	fu:wu:nei:rong	n.	содержание услуг
桑拿	sang:na	n.	сауна
崔	cui	n.	Цуй
单独的	dan:du:de	adj.	отдельный
充满活力	chong:man:huo:li	adj.	полный жизненной силы
出名	chu:ming	v.	стать знаменитым
废弃物	fei:qi:wu	n.	отходы
迈进	mai:jin	v.	шагать вперед
科技局	ke:ji:ju	n.	управление науки и техники
山中	shan:zhong	n.	в горах
原是	yuan:shi	v.	изначально был
路子	lu:zi	n.	путь, способ
照射	zhao:she	v.	облучать, освещать
情歌	qing:ge	n.	песня о любви
红了	hong:le	v.	стал популярным, покраснел
回放	hui:fang	v.	воспроизведение
在任	zai:ren	adj.	находящийся в должности
好运	hao:yun	n.	удача
入市	ru:shi	v.	выйти на рынок
应予	ying:yu	v.	должен предоставить
服务电话	fu:wu:dian:hua	n.	служба поддержки
可口	ke:kou	adj.	вкусный
正式的	zheng:shi:de	adj.	formal
双线	shuang:xian	n.	двойная линия
四次	si:ci	num.	4 раза
追捧	zhui:peng	v.	преследовать
这样的事	zhe:yang:de:shi	n.	такие вещи
可进	ke:jin	v.	может войти
分发	fen:fa	v.	распределять
键值	jian:zhi	n.	ключ-значение
浪子	lang:zi	n.	блудный сын
车速	che:su	n.	скорость автомобиля
不适应	bu:shi:ying	v.	не адаптироваться
包袱	bao:fu	n.	груз
接送	jie:song	v.	сопровождать
灿	can	adj.	блестящий
不在线	bu:zai:xian	adj.	не в сети
分期	fen:qi	v.	платить в рассрочку
特别注意	te:bie:zhu:yi	v.	обращать особое внимание
消费税	xiao:fei:shui	n.	налог на потребление
又叫	you:jiao	v.	также называемый
只知道	zhi:zhi:dao	v.	только знать
光照	guang:zhao	n.	освещение
荷花	he:hua	n.	лотос
焦距	jiao:ju	n.	фокусное расстояние
高速发展	gao:su:fa:zhan	v.	быстро развиваться
高速发展	gao:su:fa:zhan	n.	быстрое развитие
三代	san:dai	num.	3-е поколение
在现场	zai:xian:chang	prep.	на месте
告诫	gao:jie	v.	предостерегать
所言	suo:yan	n.	сказанное
基本概念	ji:ben:gai:nian	n.	базовая концепция
换取	huan:qu	v.	обменивать
汕头市	shan:tou:shi	n.	город Шаньтоу
为契机	wei:qi:ji	prep.	как повод
安全套	an:quan:tao	n.	презерватив
退役	tui:yi	v.	уходить в отставку
折腾	zhe:teng	v.	мучить, суетиться
总金额	zong:jin:e	n.	общая сумма
社区服务	she:qu:fu:wu	n.	общественная служба
志愿服务	zhi:yuan:fu:wu	n.	волонтерская служба
回升	hui:sheng	v.	подниматься
排查	pai:cha	v.	проверять, выявлять
此商品	ci:shang:pin	n.	этот товар
自用	zi:yong	v.	использовать для себя
高产	gao:chan	adj.	высокопродуктивный
在建	zai:jian	adj.	в процессе строительства
打断	da:duan	v.	прерывать
一个小时	yi:ge:xiao:shi	num.	один час
捷	jie	adj.	быстрый
十五日	shi:wu:ri	num.	15-е число
可采用	ke:cai:yong	v.	можно принять
发呆	fa:dai	v.	бредить
拘留	ju:liu	v.	задерживать
拘留	ju:liu	n.	задержание
昆仑	kun:lun	n.	горы Куньлунь
好似	hao:si	v.	казаться
电讯	dian:xun	n.	телекоммуникации
史料	shi:liao	n.	исторические материалы
当真	dang:zhen	adv.	действительно
人像	ren:xiang	n.	портрет
网络管理	wang:luo:guan:li	n.	управление сетью
大叔	da:shu	n.	дядя
遗憾的是	yi:han:de:shi	conj.	к сожалению
赠品	zeng:pin	n.	подарок
股本	gu:ben	n.	акционерный капитал
年月	nian:yue	n.	годы и месяцы
午夜	wu:ye	n.	полночь
停产	ting:chan	v.	прекратить производство
方便地	fang:bian:de	adv.	удобно
偶然的	ou:ran:de	adj.	случайный
呆了	dai:le	v.	остолбенеть
学术界	xue:shu:jie	n.	академические круги
代言	dai:yan	v.	быть лицом (бренда)
墙体	qiang:ti	n.	стена
淋	lin	v.	омывать
刻录机	ke:lu:ji	n.	рекордер
突破了	tu:po:le	v.	прорваться
摄氏度	she:shi:du	n.	градус Цельсия
再创	zai:chuang	v.	создать снова
适中	shi:zhong	adj.	умеренный
侦查	zhen:cha	v.	расследовать
附表	fu:biao	n.	приложение
高涨	gao:zhang	v.	расти
集聚	ji:ju	v.	собираться
睡了	shui:le	v.	спал
视窗	shi:chuang	n.	окно
双层	shuang:ceng	adj.	двухслойный
卡车	ka:che	n.	грузовик
综合征	zong:he:zheng	n.	синдром
用料	yong:liao	n.	ингредиенты
听取了	ting:qu:le	v.	выслушал
弗	fu	part.	не
本本	ben:ben	num.	каждая книга
人才队伍	ren:cai:dui:wu	n.	кадровый состав
六级	liu:ji	num.	шестой уровень
涉足	she:zu	v.	ступить, участвовать
无语	wu:yu	adj.	без слов
围绕着	wei:rao:zhe	v.	окружать
地主	di:zhu	n.	землевладелец
矿泉水	kuang:quan:shui	n.	минеральная вода
普通高中	pu:tong:gao:zhong	n.	обычная средняя школа
上诉	shang:su	v.	апеллировать
交通安全	jiao:tong:an:quan	n.	безопасность дорожного движения
机子	ji:zi	n.	машина
冷水	leng:shui	n.	холодная вода
辑	ji	v.	редактировать
患病	huan:bing	v.	заболеть
英文名	ying:wen:ming	n.	английское имя
孕育	yun:yu	v.	взращивать
诅咒	zu:zhou	v.	проклинать
书本	shu:ben	n.	книги
技术含量	ji:shu:han:liang	n.	техническая составляющая
大部分的	da:bu:fen:de	adj.	большая часть
美眉	mei:mei	n.	красавица
面色	mian:se	n.	цвет лица
向东	xiang:dong	prep.	на восток
翻身	fan:shen	v.	перевернуться
导购	dao:gou	v.	сопровождать покупателей
导购	dao:gou	n.	гид по покупкам
咨询师	zi:xun:shi	n.	консультант
忽略了	hu:lve:le	v.	проигнорировал
多年前	duo:nian:qian	n.	много лет назад
深知	shen:zhi	v.	глубоко знать
自然环境	zi:ran:huan:jing	n.	природная среда
新闻发布	xin:wen:fa:bu	n.	пресс-релиз
随心所欲	sui:xin:suo:yu	v.	делать что хочется
实事	shi:shi	n.	факт
同城	tong:cheng	adj.	в том же городе
建成后	jian:cheng:hou	n.	после завершения строительства
充分认识	chong:fen:ren:shi	v.	полностью осознать
构件	gou:jian	n.	конструктивный элемент
外交部	wai:jiao:bu	n.	министерство иностранных дел
总能	zong:neng	adv.	всегда может
恐慌	kong:huang	n.	паника
恐慌	kong:huang	v.	паниковать
数码产品	shu:ma:chan:pin	n.	цифровые продукты
庄子	zhuang:zi	n.	Чжуан-цзы
尖叫	jian:jiao	v.	визжать
必需的	bi:xu:de	adj.	необходимый
新情况	xin:qing:kuang	n.	новая ситуация
来不及	lai:bu:ji	v.	не успевать
成语	cheng:yu	n.	идиома
钢结构	gang:jie:gou	n.	стальная конструкция
香格里拉	xiang:ge:li:la	n.	Шангри-Ла
检举	jian:ju	v.	доносить
棍	gun	n.	палка
四位	si:wei	num.	4 человека
一时的	yi:shi:de	adj.	временный
部委	bu:wei	n.	министерство и комиссия
电镀	dian:du	v.	гальванизировать
日夜	ri:ye	n.	день и ночь
日夜	ri:ye	adv.	день и ночь
一地	yi:di	n.	одно место
纸上	zhi:shang	n.	на бумаге
经办机构	jing:ban:ji:gou	n.	организация-исполнитель
答应了	da:ying:le	v.	согласился
反响	fan:xiang	n.	резонанс
走入	zou:ru	v.	входить в
烟花	yan:hua	n.	фейерверк
极高	ji:gao	adj.	чрезвычайно высокий
开局	kai:ju	n.	начало
表达式	biao:da:shi	n.	выражение
修剪	xiu:jian	v.	подрезать
英格兰	ying:ge:lan	n.	Англия
绳	sheng	n.	верёвка
入股	ru:gu	v.	инвестировать в акции
双色球	shuang:se:qiu	n.	двуцветный шар
严厉	yan:li	adj.	строгий
税额	shui:e	n.	сумма налога
优劣	you:lie	n.	плюсы и минусы
作法	zuo:fa	n.	метод
骆驼	luo:tuo	n.	верблюд
灭火	mie:huo	v.	тушить огонь
别致	bie:zhi	adj.	необычный
餐桌	can:zhuo	n.	обеденный стол
二百	er:bai	num.	двести
频	pin	adv.	часто
佛像	fo:xiang	n.	статуя Будды
干活	gan:huo	v.	работать
受教育	shou:jiao:yu	v.	получать образование
四楼	si:lou	n.	четвертый этаж
总决赛	zong:jue:sai	n.	final
酒类	jiu:lei	n.	алкоголь
钢板	gang:ban	n.	стальная пластина
巡视	xun:shi	v.	инспектировать
高空	gao:kong	n.	высота
污水处理	wu:shui:chu:li	n.	очистка сточных вод
安全隐患	an:quan:yin:huan	n.	угроза безопасности
淡化	dan:hua	v.	разбавлять
望去	wang:qu	v.	смотреть вдаль
入睡	ru:shui	v.	засыпать
廊	lang	n.	коридор
宝钢	bao:gang	n.	Baosteel
长效	chang:xiao	adj.	длительного действия
该死	gai:si	adj.	проклятый
九年	jiu:nian	num.	9 лет
两方面	liang:fang:mian	n.	две стороны
恋情	lian:qing	n.	роман
负责任	fu:ze:ren	v.	нести ответственность
也罢	ye:ba	part.	будь что будет
纹理	wen:li	n.	текстура
美洲	mei:zhou	n.	Америка
步兵	bu:bing	n.	пехота
覆盖面	fu:gai:mian	n.	охват
伤亡	shang:wang	n.	потери
六个月	liu:ge:yue	num.	6 месяцев
篮板	lan:ban	n.	подбор
表现形式	biao:xian:xing:shi	n.	форма выражения
迟到	chi:dao	v.	опаздывать
公司网站	gong:si:wang:zhan	n.	сайт компании
稳固	wen:gu	adj.	стабильный
稳固	wen:gu	v.	укреплять
名牌产品	ming:pai:chan:pin	n.	брендовый товар
畏	wei	v.	бояться
洗脸	xi:lian	v.	умываться
先进个人	xian:jin:ge:ren	n.	передовое лицо
有情	you:qing	adj.	любящий
歇	xie	v.	отдыхать
大股东	da:gu:dong	n.	мажоритарный акционер
第二阶段	di:er:jie:duan	n.	второй этап
示范区	shi:fan:qu	n.	демонстрационная зона
裹	guo	v.	заворачивать
苗	miao	n.	саженец
苗	miao	n.	вакцина
海龙	hai:long	n.	морской дракон
选区	xuan:qu	n.	округ
病症	bing:zheng	n.	симптом
车位	che:wei	n.	парковочное место
早年	zao:nian	n.	ранние годы
繁体中文	fan:ti:zhong:wen	n.	традиционный китайский
买来	mai:lai	v.	купить
抽取	chou:qu	v.	извлекать
喝水	he:shui	v.	пить воду
第三步	di:san:bu	n.	третий шаг
山脉	shan:mai	n.	горная цепь
绳子	sheng:zi	n.	верёвка
墨水	mo:shui	n.	чернила
圣地	sheng:di	n.	святая земля
要做好	yao:zuo:hao	v.	нужно сделать хорошо
较短	jiao:duan	adj.	относительно короткий
网络信息	wang:luo:xin:xi	n.	интернет-информация
贮藏	zhu:cang	v.	хранить
射线	she:xian	n.	луч
百余	bai:yu	num.	более 100
乙肝	yi:gan	n.	гепатит B
盼	pan	v.	надеяться
小幅	xiao:fu	adj.	незначительный
打字	da:zi	v.	печатать
房东	fang:dong	n.	арендодатель
社会主义事业	she:hui:zhu:yi:shi:ye	n.	социалистическое дело
软件类型	ruan:jian:lei:xing	n.	тип программного обеспечения
两层	liang:ceng	num.	две слоя
两层	liang:ceng	n.	двухэтажный
国际合作	guo:ji:he:zuo	n.	международное сотрудничество
楼宇	lou:yu	n.	здания
七大	qi:da	num.	семь крупных
四年级	si:nian:ji	n.	четвертый класс
工作职责	gong:zuo:zhi:ze	n.	должностные обязанности
喊道	han:dao	v.	кричать
房里	fang:li	n.	в комнате
共赢	gong:ying	v.	взаимная выгода
七彩	qi:cai	adj.	разноцветный
装扮	zhuang:ban	v.	наряжаться
装扮	zhuang:ban	n.	маскировка
变速箱	bian:su:xiang	n.	коробка передач
换来	huan:lai	v.	приносить
嵌入	qian:ru	v.	встраивать
小路	xiao:lu	n.	тропинка
耍	shua	v.	играть
煞	sha	adv.	крайне
生活环境	sheng:huo:huan:jing	n.	окружающая среда
晓得	xiao:de	v.	знать
延时	yan:shi	v.	задерживать
不由自主	bu:you:zi:zhu	adj.	непроизвольно
两周	liang:zhou	num.	2 недели
容貌	rong:mao	n.	внешность
寝	qin	v.	спать
开户银行	kai:hu:yin:hang	n.	банк открытия счета
实质上	shi:zhi:shang	adv.	по существу
盐酸	yan:suan	n.	соляная кислота
复印机	fu:yin:ji	n.	копировальный аппарат
交流会	jiao:liu:hui	n.	встреча для обмена опытом
麻将	ma:jiang	n.	маджонг
产品设计	chan:pin:she:ji	n.	проектирование продукции
转头	zhuan:tou	v.	повернуть голову
尘埃	chen:ai	n.	пыль
迫切需要	po:qie:xu:yao	v.	настоятельно нуждаться
野兽	ye:shou	n.	зверь
多处	duo:chu	n.	много мест
第五节	di:wu:jie	n.	пятая секция
银川	yin:chuan	n.	Иньчуань
缺省	que:sheng	v.	устанавливать по умолчанию
瞒	man	v.	скрывать
换届	huan:jie	v.	смена состава
干部队伍	gan:bu:dui:wu	n.	кадровый состав
芝麻	zhi:ma	n.	кунжут
打招呼	da:zhao:hu	v.	приветствовать
国度	guo:du	n.	страна
商务中心	shang:wu:zhong:xin	n.	деловой центр
憧憬	chong:jing	v.	тосковать
憧憬	chong:jing	n.	тоска, идеал
法制宣传	fa:zhi:xuan:chuan	n.	правовое просвещение
火山	huo:shan	n.	вулкан
相貌	xiang:mao	n.	внешность
四项	si:xiang	num.	4 пункта
电脑网络	dian:nao:wang:luo	n.	компьютерная сеть
接地	jie:di	v.	заземлять
火力	huo:li	n.	огневая мощь
减速	jian:su	v.	замедлять
每期	mei:qi	num.	каждый выпуск
时事	shi:shi	n.	текущие события
网飞	wang:fei	n.	Netflix
约莫	yue:mo	adv.	приблизительно
东京	dong:jing	n.	Токио
寄存器	ji:cun:qi	n.	регистр
理顺	li:shun	v.	упорядочить
个人网站	ge:ren:wang:zhan	n.	личный сайт
罪恶	zui:e	n.	грех
南宫	nan:gong	n.	Нангун
税务登记	shui:wu:deng:ji	n.	налоговая регистрация
羊毛	yang:mao	n.	шерсть
添	tian	v.	добавлять
股指	gu:zhi	n.	фондовый индекс
汉子	han:zi	n.	мужчина
中文网	zhong:wen:wang	n.	китайский сайт
青海省	qing:hai:sheng	n.	провинция Цинхай
有关政策	you:guan:zheng:ce	n.	соответствующая политика
农业技术	nong:ye:ji:shu	n.	сельскохозяйственные технологии
茫然	mang:ran	adj.	растерянный
酸性	suan:xing	n.	кислотность
松开	song:kai	v.	ослабить
长出	zhang:chu	v.	вырастать
校外	xiao:wai	n.	вне кампуса
燕子	yan:zi	n.	ласточка
报告会	bao:gao:hui	n.	отчетное собрание
步行街	bu:xing:jie	n.	пешеходная улица
人民银行	ren:min:yin:hang	n.	народный банк
嫂	sao	n.	свекровь
独资	du:zi	v.	инвестировать единолично
独资	du:zi	n.	единоличное владение
全部内容	quan:bu:nei:rong	n.	все содержание
宴会	yan:hui	n.	банкет
宴会	yan:hui	v.	устраивать банкет
广告宣传	guang:gao:xuan:chuan	n.	реклама
申报材料	shen:bao:cai:liao	n.	декларационные материалы
主频	zhu:pin	n.	основная частота
中西	zhong:xi	n.	Китай и Запад
更长	geng:chang	adj.	длиннее
计数器	ji:shu:qi	n.	счетчик
胸怀	xiong:huai	n.	сердце
胸怀	xiong:huai	v.	вмещать
正常运行	zheng:chang:yun:xing	v.	нормально работать
工程量	gong:cheng:liang	n.	объем работ
外墙	wai:qiang	n.	внешняя стена
纠	jiu	v.	исправлять
金字塔	jin:zi:ta	n.	пирамида
慨	kai	v.	сокрушаться
每亩	mei:mu	num.	за му
嚷	rang	v.	кричать
科幻	ke:huan	n.	фантастика
民族文化	min:zu:wen:hua	n.	национальная культура
瞩目	zhu:mu	v.	привлекать внимание
高超	gao:chao	adj.	искусный
货币政策	huo:bi:zheng:ce	n.	денежно-кредитная политика
松弛	song:chi	adj.	расслабленный
松弛	song:chi	v.	расслаблять
城镇化	cheng:zhen:hua	n.	урбанизация
办公自动化	ban:gong:zi:dong:hua	n.	автоматизация офиса
天宇	tian:yu	n.	вселенная
驰	chi	v.	скакать
停电	ting:dian	n.	отключение электричества
在线用户	zai:xian:yong:hu	n.	пользователь онлайн
居多	ju:duo	v.	составлять большинство
水管	shui:guan	n.	водопроводная труба
研究方向	yan:jiu:fang:xiang	n.	направление исследований
尼龙	ni:long	n.	нейлон
各科	ge:ke	n.	каждый предмет
蚊子	wen:zi	n.	комар
长处	chang:chu	n.	сильная сторона
精明	jing:ming	adj.	проницательный
生产管理	sheng:chan:guan:li	n.	управление производством
利害关系	li:hai:guan:xi	n.	заинтересованность
浓厚	nong:hou	adj.	густой
螺丝	luo:si	n.	винт
美誉	mei:yu	n.	престиж
证券营业部	zheng:quan:ying:ye:bu	n.	отдел продаж ценных бумаг
完成任务	wan:cheng:ren:wu	v.	выполнить задачу
第四十四条	di:si:shi:si:tiao	num.	статья 44
红的	hong:de	adj.	красный
背景的	bei:jing:de	adj.	фоновый
两个字	liang:ge:zi	n.	два иероглифа
拐	guai	v.	поворачивать
拐	guai	v.	похищать
红利	hong:li	n.	дивиденд
取消了	qu:xiao:le	v.	отменил
冰点	bing:dian	n.	точка замерзания
有声	you:sheng	adj.	звуковой
博览	bo:lan	v.	ознакомиться
解释权	jie:shi:quan	n.	право толкования
收盘	shou:pan	v.	закрытие рынка
宴	yan	n.	банкет
津	jin	n.	порт
上月	shang:yue	n.	прошлый месяц
对准	dui:zhun	v.	нацелиться
卡卡	ka:ka	onom.	заикающийся
抗旱	kang:han	v.	устойчивый к засухе
豆芽	dou:ya	n.	ростки сои
表态	biao:tai	v.	выражать позицию
起始	qi:shi	v.	начинать
起始	qi:shi	n.	начало
古朴	gu:pu	adj.	простой и первозданный
岚	lan	n.	туман
留有	liu:you	v.	сохранять
冠心病	guan:xin:bing	n.	ишемическая болезнь сердца
票数	piao:shu	n.	количество голосов
关掉	guan:diao	v.	выключить
生怕	sheng:pa	adv.	опасаться
经济利益	jing:ji:li:yi	n.	экономическая выгода
邮费	you:fei	n.	почтовый тариф
立志	li:zhi	v.	ставить цель
官网	guan:wang	n.	официальный сайт
制度改革	zhi:du:gai:ge	n.	реформа системы
今夜	jin:ye	n.	сегодня вечером
法律文件	fa:lv:wen:jian	n.	юридический документ
可不是	ke:bu:shi	int.	действительно
妥协	tuo:xie	v.	идти на компромисс
浴	yu	v.	купаться
违反了	wei:fan:le	v.	нарушить
伪装	wei:zhuang	v.	маскировать
伪装	wei:zhuang	n.	маскировка
往后	wang:hou	adv.	позже
往后	wang:hou	n.	будущее
了不起	liao:bu:qi	adj.	выдающийся
耻	chi	n.	позор
每晚	mei:wan	n.	каждую ночь
故宫	gu:gong	n.	Запретный город
教育资源	jiao:yu:zi:yuan	n.	образовательные ресурсы
红茶	hong:cha	n.	черный чай
成龙	cheng:long	n.	Джеки Чан
电价	dian:jia	n.	цена на электроэнергию
话筒	hua:tong	n.	микрофон
团队合作	tuan:dui:he:zuo	n.	командная работа
兴隆	xing:long	adj.	процветающий
兴隆	xing:long	v.	процветать
理赔	li:pei	v.	урегулировать страховой случай
批准文件	pi:zhun:wen:jian	n.	удостоверяющий документ
要来	yao:lai	v.	приходить
偏好	pian:hao	n.	предпочтение
偏好	pian:hao	v.	предпочитать
第四十三条	di:si:shi:san:tiao	num.	статья 43
附加值	fu:jia:zhi	n.	добавленная стоимость
清洁生产	qing:jie:sheng:chan	n.	чистое производство
总人口	zong:ren:kou	n.	общая численность населения
挽	wan	v.	тянуть
挽	wan	v.	держать за руку
瘫痪	tan:huan	v.	парализовать
剧院	ju:yuan	n.	театр
航运	hang:yun	n.	судоходство
不予受理	bu:yu:shou:li	v.	не принимать
国库	guo:ku	n.	государственная казна
宽屏	kuan:ping	n.	широкоэкранный
页	ye	mw.	страница
舒缓	shu:huan	v.	облегчать
采暖	cai:nuan	v.	отопление
愚蠢	yu:chun	adj.	глупый
欠缺	qian:que	v.	недоставать
床位	chuang:wei	n.	спальное место
服务对象	fu:wu:dui:xiang	n.	объект обслуживания
誉	yu	n.	репутация
乐意	le:yi	v.	желать
装上	zhuang:shang	v.	устанавливать
标准间	biao:zhun:jian	n.	стандартный номер
新兴的	xin:xing:de	adj.	развивающийся
建设成为	jian:she:cheng:wei	v.	строить в
无机	wu:ji	adj.	неорганический
行政区域	xing:zheng:qu:yu	n.	административный регион
相通	xiang:tong	v.	взаимопонимать
知晓	zhi:xiao	v.	знать
低声	di:sheng	adj.	тихим голосом
低声	di:sheng	v.	шептать
考试中心	kao:shi:zhong:xin	n.	экзаменационный центр
阳朔	yang:shuo	n.	Яньшо
演艺	yan:yi	n.	исполнительское искусство
握着	wo:zhe	v.	держать
专属	zhuan:shu	adj.	эксклюзивный
群组	qun:zu	n.	группа
上官	shang:guan	n.	начальник
摊位	tan:wei	n.	прилавок
这一年	zhe:yi:nian	n.	этот год
牲	sheng	n.	скот
大堂	da:tang	n.	вестибюль
网络公司	wang:luo:gong:si	n.	интернет-компания
佛陀	fo:tuo	n.	Будда
确诊	que:zhen	v.	диагностировать
乳	ru	n.	молоко
裸体	luo:ti	adj.	голый
结束时间	jie:shu:shi:jian	n.	время окончания
打球	da:qiu	v.	играть в мяч
网页制作	wang:ye:zhi:zuo	n.	создание веб-страниц
强国	qiang:guo	n.	великая держава
叙事	xu:shi	v.	повествовать
有形	you:xing	adj.	осязаемый
葫芦	hu:lu	n.	тыква
仓	cang	n.	склад
手势	shou:shi	n.	жест
征求意见	zheng:qiu:yi:jian	v.	запрашивать мнение
月前	yue:qian	n.	несколько месяцев назад
积极配合	ji:ji:pei:he	v.	активно сотрудничать
曾说	ceng:shuo	v.	когда-то говорил
迈克尔	mai:ke:er	n.	Майкл
评选活动	ping:xuan:huo:dong	n.	мероприятие по отбору
专访	zhuan:fang	n.	эксклюзивное интервью
粉色	fen:se	n.	розовый
青鸟	qing:niao	n.	синяя птица
不平	bu:ping	adj.	несправедливый
故居	gu:ju	n.	бывшее место жительства
中小型	zhong:xiao:xing	adj.	малый и средний
阐述了	chan:shu:le	v.	излагать
洗衣	xi:yi	v.	стирать
称作	cheng:zuo	v.	называть
解剖	jie:pou	v.	препарировать, вскрывать
解剖	jie:pou	n.	анатомия, вскрытие
中国区	zhong:guo:qu	n.	китайский регион
切断	qie:duan	v.	прерывать, отрезать
最全	zui:quan	adj.	самый полный
多余	duo:yu	adj.	излишний, лишний
富民	fu:min	v.	обогащать народ
第六届	di:liu:jie	num.	6-я сессия
规格型号	gui:ge:xing:hao	n.	спецификации и модели
获胜	huo:sheng	v.	побеждать
打扰	da:rao	v.	беспокоить, мешать
这里面	zhe:li:mian	pron.	внутри этого
第八	di:ba	num.	восьмой
强盗	qiang:dao	n.	разбойник, грабитель
颇具	po:ju	v.	обладать, иметь
白菜	bai:cai	n.	пекинская капуста
流感	liu:gan	n.	грипп
工作重点	gong:zuo:zhong:dian	n.	акцент в работе
后视镜	hou:shi:jing	n.	зеркало заднего вида
链条	lian:tiao	n.	цепь
汽车站	qi:che:zhan	n.	автобусная остановка
亲身	qin:shen	adv.	лично
总建筑	zong:jian:zhu	n.	общая архитектура
半点	ban:dian	mw.	немного
半点儿	ban:dian:er	mw.	немного
无产阶级	wu:chan:jie:ji	n.	пролетариат
健美	jian:mei	adj.	здоровый и красивый
再按	zai:an	v.	нажать снова
多做	duo:zuo	v.	делать больше
相比之下	xiang:bi:zhi:xia	conj.	по сравнению с этим
也做	ye:zuo	v.	тоже делать
逝	shi	v.	уходить из жизни
报仇	bao:chou	v.	мстить
继电器	ji:dian:qi	n.	реле
没有找到	mei:you:zhao:dao	v.	не найти
并行	bing:xing	v.	параллельный
于是就	yu:shi:jiu	conj.	и вот тогда
打动	da:dong	v.	трогать
艺术节	yi:shu:jie	n.	фестиваль искусств
使馆	shi:guan	n.	посольство
这种人	zhe:zhong:ren	pron.	такой человек
设计方案	she:ji:fang:an	n.	проект дизайна
在当前	zai:dang:qian	prep.	в настоящее время
真正做到	zhen:zheng:zuo:dao	v.	действительно достичь
一体化的	yi:ti:hua:de	adj.	интегрированный
病虫害	bing:chong:hai	n.	вредители
亨利	heng:li	n.	Генри
同意的	tong:yi:de	adj.	согласный
每件	mei:jian	num.	каждая вещь
爱车	ai:che	n.	любимый автомобиль
表白	biao:bai	v.	признаваться в любви
丰台区	feng:tai:qu	n.	район Фэнтай
不负责任	bu:fu:ze:ren	adj.	безответственный
科教	ke:jiao	n.	наука и образование
凸显	tu:xian	v.	выделять
宣传活动	xuan:chuan:huo:dong	n.	рекламная кампания
找准	zhao:zhun	v.	точно найти
人因	ren:yin	n.	человеческий фактор
一艘	yi:sou	mw.	одна (лодка)
战国	zhan:guo	n.	период Сражающихся царств
乳头	ru:tou	n.	сосок
外形尺寸	wai:xing:chi:cun	n.	внешние размеры
喉	hou	n.	горло
发展观	fa:zhan:guan	n.	концепция развития
逛	guang	v.	гулять
技术指标	ji:shu:zhi:biao	n.	технический показатель
上床	shang:chuang	v.	ложиться в постель
半晌	ban:shang	n.	некоторое время
食品卫生	shi:pin:wei:sheng	n.	гигиена пищевых продуктов
音乐会	yin:yue:hui	n.	концерт
局限性	ju:xian:xing	n.	ограниченность
合作方式	he:zuo:fang:shi	n.	способ сотрудничества
一目了然	yi:mu:liao:ran	adj.	очевидный с первого взгляда
老干部	lao:gan:bu	n.	старый кадр
物流企业	wu:liu:qi:ye	n.	логистическое предприятие
染料	ran:liao	n.	краситель
散发出	san:fa:chu	v.	излучать
悟性	wu:xing	n.	сообразительность
跟在	gen:zai	v.	следовать за
调和	tiao:he	v.	гармонизировать
一寸	yi:cun	num.	один дюйм
找寻	zhao:xun	v.	искать
过热	guo:re	v.	перегреваться
公车	gong:che	n.	общественный автобус
变色	bian:se	v.	менять цвет
民主政治	min:zhu:zheng:zhi	n.	демократическая политика
樱	ying	n.	вишня
正直	zheng:zhi	adj.	прямой
正直	zheng:zhi	n.	честность
功课	gong:ke	n.	домашнее задание
多变	duo:bian	adj.	изменчивый
公社	gong:she	n.	коммуна
开发项目	kai:fa:xiang:mu	n.	проект разработки
比尔	bi:er	n.	Билл
建模	jian:mo	v.	моделировать
五千	wu:qian	num.	5 000
性情	xing:qing	n.	темперамент
兼	jian	v.	совмещать
突击	tu:ji	v.	штурмовать
突击	tu:ji	n.	штурм
自营	zi:ying	v.	самостоятельное управление
第十章	di:shi:zhang	n.	глава десять
违者	wei:zhe	n.	нарушитель
特快专递	te:kuai:zhuan:di	n.	экспресс-доставка
戈	ge	n.	алебарда
哗	hua	onom.	плеск
工业经济	gong:ye:jing:ji	n.	промышленная экономика
港湾	gang:wan	n.	гавань
帷幕	wei:mu	n.	занавес
涯	ya	n.	берег
惯性	guan:xing	n.	инерция
韩语	han:yu	n.	корейский язык
白衣	bai:yi	n.	белая одежда
说明理由	shuo:ming:li:you	v.	объяснять причину
落入	luo:ru	v.	падать в
牛市	niu:shi	n.	бычий рынок
捧	peng	v.	держать в руках
什么事情	shen:me:shi:qing	pron.	какое дело
大学毕业	da:xue:bi:ye	v.	окончить университет
五四	wu:si	n.	движение 4 мая
便成	bian:cheng	v.	стать тогда
管家	guan:jia	n.	управляющий, дворецкий
核心的	he:xin:de	adj.	основной
精良	jing:liang	adj.	отличный, высококачественный
完备的	wan:bei:de	adj.	полный
些许	xie:xu	adj.	незначительный, немного
对口	dui:kou	adj.	соответствующий
而应	er:ying	conj.	и должен
东侧	dong:ce	n.	восточная сторона
接连	jie:lian	adv.	подряд
女职工	nv:zhi:gong	n.	женский работник
学了	xue:le	v.	учил, выучил
在线咨询	zai:xian:zi:xun	n.	онлайн-консультация
铭	ming	v.	выгравировать
宽大	kuan:da	adj.	снисходительный
宽大	kuan:da	adj.	просторный
妩媚	wu:mei	adj.	очаровательный, кокетливый
内分泌	nei:fen:mi	n.	эндокринный
设计理念	she:ji:li:nian	n.	концепция дизайна
七日	qi:ri	num.	7 дней
可持续	ke:chi:xu	adj.	устойчивый
不认识	bu:ren:shi	v.	не знать
正中	zheng:zhong	n.	самое средоточие
号令	hao:ling	n.	приказ
号令	hao:ling	v.	отдавать команду
削减	xue:jian	v.	сокращать
魔兽世界	mo:shou:shi:jie	n.	World of Warcraft
流媒体	liu:mei:ti	n.	стриминговые медиа
本金	ben:jin	n.	основная сумма
本项目	ben:xiang:mu	n.	этот проект
博弈	bo:yi	n.	теория игр
博弈	bo:yi	v.	играть в игру
赚取	zhuan:qu	v.	зарабатывать
静静	jing:jing	adv.	тихо
现代企业	xian:dai:qi:ye	n.	современное предприятие
分娩	fen:mian	v.	рожать
成员变量	cheng:yuan:bian:liang	n.	член переменной
超声	chao:sheng	n.	ультразвук
信访工作	xin:fang:gong:zuo	n.	работа с петициями
赔偿责任	pei:chang:ze:ren	n.	ответственность за возмещение
逐步建立	zhu:bu:jian:li	v.	поэтапно создавать
障	zhang	n.	препятствие
课外	ke:wai	adj.	внеклассный
理解为	li:jie:wei	v.	понимать как
半径	ban:jing	n.	радиус
摊	tan	n.	лоток
摊	tan	v.	расстилать
差错	cha:cuo	n.	ошибка
想出	xiang:chu	v.	придумывать
跨	kua	v.	шагать
更适合	geng:shi:he	v.	подходить лучше
办公用品	ban:gong:yong:pin	n.	канцелярские товары
园内	yuan:nei	n.	внутри сада
中央政府	zhong:yang:zheng:fu	n.	центральное правительство
即成	ji:cheng	adj.	готовый
开标	kai:biao	v.	вскрытие конвертов
刷卡	shua:ka	v.	проводить картой
望远镜	wang:yuan:jing	n.	телескоп
妥	tuo	adj.	надлежащий
民歌	min:ge	n.	народная песня
延缓	yan:huan	v.	задерживать
较小的	jiao:xiao:de	adj.	меньший
海口市	hai:kou:shi	n.	город Хайкоу
红叶	hong:ye	n.	красные листья
投诉电话	tou:su:dian:hua	n.	телефон для жалоб
投资额	tou:zi:e	n.	сумма инвестиций
图片数	tu:pian:shu	n.	количество изображений
总体上	zong:ti:shang	adv.	в целом
送出	song:chu	v.	отправлять
单位地址	dan:wei:di:zhi	n.	адрес организации
花香	hua:xiang	n.	аромат цветов
治一治	zhi:yi:zhi	v.	немного подлечить
反倾销	fan:qing:xiao	n.	антидемпинг
白马	bai:ma	n.	белый конь
粉红色	fen:hong:se	n.	розовый цвет
揉	rou	v.	тереть, разминать
被视为	bei:shi:wei	v.	считаться
喂食	wei:shi	v.	кормить
函授	han:shou	v.	дистанционное обучение
老的	lao:de	adj.	старый
诸位	zhu:wei	pron.	все
便能	bian:neng	adv.	может тогда
该商品	gai:shang:pin	n.	данный товар
通关	tong:guan	v.	проходить таможню
出口退税	chu:kou:tui:shui	n.	возврат экспортных налогов
中文域名	zhong:wen:yu:ming	n.	китайский домен
查封	cha:feng	v.	запечатать
比萨	bi:sa	n.	пицца
库区	ku:qu	n.	зона водохранилища
之和	zhi:he	n.	сумма
技术进步	ji:shu:jin:bu	n.	технический прогресс
网上支付	wang:shang:zhi:fu	n.	онлайн-платеж
学派	xue:pai	n.	школа мысли
不长	bu:chang	adj.	не длинный
衣着	yi:zhuo	n.	одежда
社会实践	she:hui:shi:jian	n.	социальная практика
晋	jin	n.	династия Цзинь
会计学	kuai:ji:xue	n.	бухгалтерское дело
产业政策	chan:ye:zheng:ce	n.	промышленная политика
中信	zhong:xin	n.	CITIC
基础理论	ji:chu:li:lun	n.	базовая теория
枢纽	shu:niu	n.	узел
寞	mo	adj.	одинокий
自如	zi:ru	adj.	свободно
牵挂	qian:gua	v.	беспокоиться, тосковать
围棋	wei:qi	n.	го
选派	xuan:pai	v.	отбирать и направлять
格子	ge:zi	n.	сетка, ячейка
罕见的	han:jian:de	adj.	редкий
热门主题	re:men:zhu:ti	n.	популярная тема
博士生导师	bo:shi:sheng:dao:shi	n.	научный руководитель докторантов
马力	ma:li	n.	лошадиная сила
产品结构	chan:pin:jie:gou	n.	структура продукции
漆	qi	n.	лак, краска
漆	qi	v.	лакировать, красить
营地	ying:di	n.	лагерь
迭代	die:dai	v.	итерировать
取证	qu:zheng	v.	собирать доказательства
成名	cheng:ming	v.	стать знаменитым
肝炎	gan:yan	n.	гепатит
深化改革	shen:hua:gai:ge	n.	углубление реформ
人等	ren:deng	n.	люди и т. д.
南宋	nan:song	n.	династия Южная Сун
冲着	chong:zhe	prep.	направленный на
恐怖的	kong:bu:de	adj.	ужасающий, страшный
呼和浩特	hu:he:hao:te	n.	Хохот
相信自己	xiang:xin:zi:ji	v.	верить в себя
研究了	yan:jiu:le	v.	исследовал
新来	xin:lai	adj.	новичок
泄密	xie:mi	v.	разглашать секреты
借款人	jie:kuan:ren	n.	заемщик
经济全球化	jing:ji:quan:qiu:hua	n.	экономическая глобализация
船只	chuan:zhi	n.	суда
摧毁	cui:hui	v.	разрушать
计较	ji:jiao	v.	спорить
谋取	mou:qu	v.	стремиться
麻木	ma:mu	adj.	онемевший
紧缺	jin:que	adj.	дефицитный
数次	shu:ci	num.	несколько раз
贴心	tie:xin	adj.	заботливый
有的时候	you:de:shi:hou	adv.	иногда
玉石	yu:shi	n.	нефрит и камень
展台	zhan:tai	n.	выставочный стенд
主要工作	zhu:yao:gong:zuo	n.	основная работа
熄火	xi:huo	v.	заглушить двигатель
追加	zhui:jia	v.	добавлять
二号	er:hao	num.	номер два
高精度	gao:jing:du	n.	высокая точность
将获	jiang:huo	v.	получит
麒麟	qi:lin	n.	цилинь
靠着	kao:zhe	v.	прислониться
靠着	kao:zhe	v.	полагаться на
桑塔纳	sang:ta:na	n.	Santana
所想	suo:xiang	n.	мысль
可做	ke:zuo	v.	можно делать
轩辕	xuan:yuan	n.	Сюаньюань
测试仪	ce:shi:yi	n.	тестер
获得者	huo:de:zhe	n.	победитель
死人	si:ren	n.	мертвец
污	wu	adj.	грязный
恶性	e:xing	adj.	злокачественный
礼拜	li:bai	n.	служба
礼拜	li:bai	n.	неделя
跟前	gen:qian	n.	перед
艰难的	jian:nan:de	adj.	трудный
好几个	hao:ji:ge	num.	несколько
伸展	shen:zhan	v.	растягивать
抚摸	fu:mo	v.	гладить
度假村	du:jia:cun	n.	курорт
才好	cai:hao	adv.	только тогда
筹划	chou:hua	v.	планировать
立时	li:shi	adv.	немедленно
技术规范	ji:shu:gui:fan	n.	техническая спецификация
明显提高	ming:xian:ti:gao	v.	заметно улучшить
精心组织	jing:xin:zu:zhi	v.	тщательно организовать
已开始	yi:kai:shi	v.	уже началось
去想	qu:xiang	v.	пойти подумать
阻塞	zu:se	v.	блокировать
老实	lao:shi	adj.	честный
轰动	hong:dong	v.	произвести сенсацию
商标局	shang:biao:ju	n.	ведомство по товарным знакам
坚守	jian:shou	v.	стойко защищать
文章搜索	wen:zhang:sou:suo	n.	поиск статей
且有	qie:you	conj.	также иметь
申报表	shen:bao:biao	n.	декларационная форма
多米	duo:mi	n.	домино
高昂	gao:ang	adj.	высокий, торжественный
滥用职权	lan:yong:zhi:quan	v.	злоупотребление властью
联系方法	lian:xi:fang:fa	n.	способ связи
征文	zheng:wen	n.	конкурс сочинений
教育管理	jiao:yu:guan:li	n.	управление образованием
外币	wai:bi	n.	иностранная валюта
就好像	jiu:hao:xiang	adv.	совсем как
年增长	nian:zeng:zhang	n.	годовой рост
程序运行	cheng:xu:yun:xing	n.	выполнение программы
其他地区	qi:ta:di:qu	n.	другие регионы
嘲	chao	v.	насмехаться
未取	wei:qu	v.	не взято
微观	wei:guan	adj.	микроскопический
进展情况	jin:zhan:qing:kuang	n.	ситуация прогресса
引出	yin:chu	v.	выводить
发展水平	fa:zhan:shui:ping	n.	уровень развития
诉说	su:shuo	v.	рассказывать
枚	mei	mw.	штука
天王	tian:wang	n.	небесный царь
十分重视	shi:fen:zhong:shi	v.	придавать большое значение
饼干	bing:gan	n.	печенье
顺手	shun:shou	adj.	удобный
顺手	shun:shou	v.	попутно сделать
新老	xin:lao	adj.	новый и старый
人情	ren:qing	n.	человеческие чувства
送的	song:de	adj.	бесплатный
法律效力	fa:lv:xiao:li	n.	юридическая сила
果树	guo:shu	n.	плодовое дерево
平房	ping:fang	n.	одноэтажный дом
未来发展	wei:lai:fa:zhan	n.	будущее развитие
基本建设	ji:ben:jian:she	n.	инфраструктура
吊	diao	v.	вешать, подвешивать
吊	diao	adj.	отличный, замечательный
乾	qian	n.	сухость
高兴的	gao:xing:de	adj.	счастливый, радостный
稍后	shao:hou	adv.	позже, через некоторое время
我啊	wo:a	pron.	я (частица)
一步一步	yi:bu:yi:bu	adv.	шаг за шагом
一等	yi:deng	adj.	первоклассный
英文版	ying:wen:ban	n.	английская версия
中国农业银行	zhong:guo:nong:ye:yin:hang	n.	Сельскохозяйственный банк Китая
缔约国	di:yue:guo	n.	договаривающаяся сторона
馨	xin	adj.	благоухающий
装饰材料	zhuang:shi:cai:liao	n.	декоративный материал
要不然	yao:bu:ran	conj.	иначе
基本功能	ji:ben:gong:neng	n.	базовая функция
双人	shuang:ren	adj.	двухместный, для двоих
去向	qu:xiang	n.	местонахождение, направление
身着	shen:zhuo	v.	быть одетым в
执照	zhi:zhao	n.	лицензия, разрешение
太后	tai:hou	n.	вдовствующая императрица
做好了	zuo:hao:le	v.	сделано, готово
一下吧	yi:xia:ba	part.	(частица побуждения)
糖水	tang:shui	n.	сладкая вода
八十年代	ba:shi:nian:dai	n.	80-е годы
整个人	zheng:ge:ren	n.	весь человек
不就是	bu:jiu:shi	adv.	разве не
眼角	yan:jiao	n.	угол глаза
层出不穷	ceng:chu:bu:qiong	adj.	бесконечно появляться
美术馆	mei:shu:guan	n.	художественный музей
显示为	xian:shi:wei	v.	отображаться как
起誓	qi:shi	v.	приносить клятву
网上银行	wang:shang:yin:hang	n.	онлайн-банкинг
樱桃	ying:tao	n.	вишня
伪	wei	adj.	ложный
高强度	gao:qiang:du	adj.	высокая интенсивность
不忍	bu:ren	v.	не иметь возможности вытерпеть
社会力量	she:hui:li:liang	n.	общественные силы
书院	shu:yuan	n.	академия
真想	zhen:xiang	v.	действительно хотеть
电子版	dian:zi:ban	n.	электронная версия
校对	jiao:dui	v.	вычитывать
嗓	sang	n.	голос
结合实际	jie:he:shi:ji	v.	сочетать с реальностью
监护	jian:hu	v.	опекать
有缘	you:yuan	adj.	судьбоносный
调制解调器	tiao:zhi:jie:tiao:qi	n.	модем
循序渐进	xun:xu:jian:jin	v.	постепенно продвигаться
神态	shen:tai	n.	выражение лица
呈	cheng	v.	представлять
传给	chuan:gei	v.	передавать
身价	shen:jia	n.	рыночная стоимость
小声	xiao:sheng	adj.	тихий
试剂	shi:ji	n.	реагент
玩法	wan:fa	n.	способ игры
固化	gu:hua	v.	затвердевать
糟糕	zao:gao	adj.	ужасный
北宋	bei:song	n.	династия Северная Сун
矿区	kuang:qu	n.	горный район
成形	cheng:xing	v.	принимать форму
各式各样	ge:shi:ge:yang	adj.	разнообразный
夸大	kua:da	v.	преувеличивать
尼康	ni:kang	n.	Nikon
医疗事故	yi:liao:shi:gu	n.	врачебная ошибка
充分肯定	chong:fen:ken:ding	v.	полностью подтверждать
八一	ba:yi	n.	1 августа
远销	yuan:xiao	v.	продавать в дальние регионы
卿	qing	n.	министр
卿	qing	pron.	вы, сударь
监理工程师	jian:li:gong:cheng:shi	n.	инженер по надзору
有效控制	you:xiao:kong:zhi	v.	эффективно контролировать
大院	da:yuan	n.	двор, внутренний двор
飞到	fei:dao	v.	прилететь в
职业学校	zhi:ye:xue:xiao	n.	профессиональное училище
楠	nan	n.	древесина наньму
桂花	gui:hua	n.	османтус
各人	ge:ren	n.	каждый человек
急事	ji:shi	n.	срочное дело
商品分类	shang:pin:fen:lei	n.	классификация товаров
送礼	song:li	v.	дарить подарки
粉红	fen:hong	adj.	розовый
服务端	fu:wu:duan	n.	сторона сервера
反省	fan:xing	v.	анализировать себя
期待着	qi:dai:zhe	v.	ожидать
星期天	xing:qi:tian	n.	воскресенье
许可证号	xu:ke:zheng:hao	n.	номер лицензии
厚厚的	hou:hou:de	adj.	толстый
荧光	ying:guang	n.	флуоресценция
有关文件	you:guan:wen:jian	n.	связанные документы
乐乐	le:le	n.	Леле
秋冬	qiu:dong	n.	осень и зима
电子技术	dian:zi:ji:shu	n.	электронная технология
唤醒	huan:xing	v.	пробуждать
气功	qi:gong	n.	цигун
银杏	yin:xing	n.	гинкго
表现了	biao:xian:le	v.	показал
用什么	yong:shen:me	pron.	что использовать
永远都	yong:yuan:dou	adv.	всегда
主动的	zhu:dong:de	adj.	проактивный
案子	an:zi	n.	дело
交通局	jiao:tong:ju	n.	управление транспорта
二三	er:san	num.	два или три
只剩	zhi:sheng	v.	остаться только
囧	jiong	adj.	смущенный
打赏	da:shang	v.	давать чаевые
耳熟	er:shou	adj.	знакомый
鸡儿	ji:er	n.	пенис
棋士	qi:shi	n.	шахматист
是哒	shi:da	int.	да (мило)
鲜香	xian:xiang	adj.	свежий и ароматный
坏事	huai:shi	n.	плохое дело, несчастье
电路板	dian:lu:ban	n.	печатная плата
型材	xing:cai	n.	профильный материал
矿井	kuang:jing	n.	шахта
足额	zu:e	adj.	полный
跳动	tiao:dong	v.	биение, пульсация
籍	ji	n.	реестр, запись
电极	dian:ji	n.	электрод
匮乏	kui:fa	adj.	нехватка, дефицит
加快了	jia:kuai:le	v.	ускорить, ускорился
车祸	che:huo	n.	автомобильная авария
机械化	ji:xie:hua	n.	механизация
论点	lun:dian	n.	аргумент, тезис
集资	ji:zi	v.	собирать средства
来过	lai:guo	v.	приходить, бывал
战略性	zhan:lve:xing	adj.	стратегический
战舰	zhan:jian	n.	военный корабль
裸	luo	adj.	голый, обнаженный
刺激的	ci:ji:de	adj.	стимулирующий
红星	hong:xing	n.	красная звезда
根目录	gen:mu:lu	n.	корневой каталог
血腥	xie:xing	adj.	кровавый
血腥	xue:xing	n.	кровавость
生肖	sheng:xiao	n.	знаки зодиака
链	lian	n.	цепь
物理学	wu:li:xue	n.	физика
收听	shou:ting	v.	слушать
调制	tiao:zhi	v.	модулировать
调制	tiao:zhi	v.	смешивать
方针政策	fang:zhen:zheng:ce	n.	линии и политика
保险合同	bao:xian:he:tong	n.	страховой контракт
胶片	jiao:pian	n.	пленка
半月	ban:yue	n.	полумесяц
烈士	lie:shi	n.	мученик
管材	guan:cai	n.	трубный материал
建设银行	jian:she:yin:hang	n.	China Construction Bank
新书	xin:shu	n.	новая книга
处理厂	chu:li:chang	n.	очистное сооружение
年终奖	nian:zhong:jiang	n.	годовая премия
买车	mai:che	v.	купить машину
短路	duan:lu	n.	короткое замыкание
奠定	dian:ding	v.	закладывать
校正	jiao:zheng	v.	корректировать
见图	jian:tu	v.	см. рисунок
现成	xian:cheng	adj.	готовый
惩治	cheng:zhi	v.	наказывать
饱和	bao:he	adj.	насыщенный
饱和	bao:he	v.	насыщать
做出决定	zuo:chu:jue:ding	v.	принять решение
商议	shang:yi	v.	обсуждать
眉毛	mei:mao	n.	бровь
灌	guan	v.	наливать
小米	xiao:mi	n.	просо
八字	ba:zi	n.	восемь иероглифов
切实可行	qie:shi:ke:xing	adj.	практичный, осуществимый
战后	zhan:hou	n.	послевоенный
参股	can:gu	v.	владеть акциями
干扰器	gan:rao:qi	n.	глушилка
很美	hen:mei	adj.	очень красивый
昆	kun	n.	Кунь
军衔	jun:xian	n.	военное звание
存取	cun:qu	v.	сохранять и извлекать
脸庞	lian:pang	n.	лицо
畅	chang	adj.	гладкий
大大小小	da:da:xiao:xiao	adj.	большой и малый
逍	xiao	v.	бродить
反向	fan:xiang	n.	обратное направление
回车	hui:che	v.	возвращать машину
死亡率	si:wang:lv	n.	уровень смертности
时间表	shi:jian:biao	n.	расписание
往日	wang:ri	n.	прошлые дни
帽	mao	n.	шляпа
批发商	pi:fa:shang	n.	оптовик
事前	shi:qian	n.	заранее
阅	yue	v.	читать, осматривать
隐约	yin:yue	adj.	смутный
联席会议	lian:xi:hui:yi	n.	совместное заседание
难平	nan:ping	v.	возмущаться
软体	ruan:ti	n.	мягкое тело
柔性	rou:xing	adj.	гибкий
失控	shi:kong	v.	потерять контроль
小妹	xiao:mei	n.	младшая сестра
我这里	wo:zhe:li	pron.	здесь, моё место
胁迫	xie:po	v.	принуждать, принуждение
财务报表	cai:wu:bao:biao	n.	финансовый отчёт
活塞	huo:sai	n.	поршень
赛区	sai:qu	n.	зона соревнований
二位	er:wei	num.	двое (вежливо)
四面	si:mian	n.	четыре стороны, со всех сторон
生长发育	sheng:zhang:fa:yu	n.	рост и развитие
一惊	yi:jing	v.	испугаться, удивиться
绵羊	mian:yang	n.	овца
垫付	dian:fu	v.	авансировать, оплатить вперед
逗	dou	v.	дразнить, забавлять
以期	yi:qi	conj.	в надежде на
蹲	dun	v.	приседать, сидеть на корточках
门将	men:jiang	n.	вратарь
执政为民	zhi:zheng:wei:min	v.	управлять ради народа
游记	you:ji	n.	путевые заметки
陈水扁	chen:shui:bian	n.	Чэнь Шуйбянь
统计局	tong:ji:ju	n.	бюро статистики
缺水	que:shui	v.	нехватка воды
教学模式	jiao:xue:mo:shi	n.	модель обучения
锦标赛	jin:biao:sai	n.	чемпионат
三分之二	san:fen:zhi:er	num.	две трети
打过	da:guo	v.	бить
倒霉	dao:mei	adj.	неудачливый
所为	suo:wei	n.	поступок
迟迟	chi:chi	adv.	запоздало
偷拍	tou:pai	v.	тайно снимать
无用	wu:yong	adj.	бесполезный
摇了摇头	yao:le:yao:tou	v.	покачать головой
意念	yi:nian	n.	идея
以示	yi:shi	conj.	чтобы показать
有余	you:yu	adj.	избыточный
银行汇款	yin:hang:hui:kuan	n.	банковский перевод
大街上	da:jie:shang	n.	на улице
应收	ying:shou	v.	подлежащий к получению
待机	dai:ji	v.	режим ожидания
犯规	fan:gui	v.	нарушать правила
里边	li:bian	n.	внутри
两倍	liang:bei	num.	в два раза
一排	yi:pai	mw.	один ряд
基本功	ji:ben:gong	n.	базовый навык
跑步	pao:bu	v.	бегать
亲吻	qin:wen	v.	целовать
性用品	xing:yong:pin	n.	секс-товары
不只	bu:zhi	adv.	не только
宽广	kuan:guang	adj.	широкий
县长	xian:zhang	n.	глава уезда
箭头	jian:tou	n.	наконечник стрелы
用好	yong:hao	v.	хорошо использовать
通话时间	tong:hua:shi:jian	n.	время разговора
踩	cai	v.	наступать
可实现	ke:shi:xian	adj.	осуществимый
受益人	shou:yi:ren	n.	бенефициар
上进	shang:jin	adj.	стремящийся к совершенству
工作原理	gong:zuo:yuan:li	n.	принцип работы
市场环境	shi:chang:huan:jing	n.	рыночная среда
通畅	tong:chang	adj.	беспрепятственный
艳丽	yan:li	adj.	яркий
一点儿	yi:dian:er	mw.	немного
弥漫	mi:man	v.	пропитывать
海棠	hai:tang	n.	бегония
丧失了	sang:shi:le	v.	терять
初恋	chu:lian	n.	первая любовь
各级党委	ge:ji:dang:wei	n.	партийные комитеты всех уровней
吸入	xi:ru	v.	вдыхать
教学目标	jiao:xue:mu:biao	n.	учебные цели
窜	cuan	v.	рыскать
各行各业	ge:hang:ge:ye	n.	все сферы деятельности
上交	shang:jiao	v.	сдавать
哑	ya	adj.	немой
复合材料	fu:he:cai:liao	n.	композитный материал
浮躁	fu:zao	adj.	нетерпеливый
规范性文件	gui:fan:xing:wen:jian	n.	нормативный документ
客场	ke:chang	n.	выездная игра
链表	lian:biao	n.	связный список
物件	wu:jian	n.	предмет
升降	sheng:jiang	n.	подъем и спуск
写上	xie:shang	v.	записать
严重警告	yan:zhong:jing:gao	n.	серьезное предупреждение
自备	zi:bei	v.	подготавливать самостоятельно
布满	bu:man	v.	покрывать
奋力	fen:li	v.	стараться
无线网络	wu:xian:wang:luo	n.	беспроводная сеть
露天	lu:tian	adj.	под открытым небом
趴	pa	v.	лежать ниц
不断加强	bu:duan:jia:qiang	v.	непрерывно усиливать
公益事业	gong:yi:shi:ye	n.	общественно полезное дело
代理机构	dai:li:ji:gou	n.	агентство
喷雾	pen:wu	n.	спрей
喷雾	pen:wu	v.	распылять
逢	feng	v.	встречать
国会	guo:hui	n.	конгресс
换上	huan:shang	v.	переодеться
事关	shi:guan	v.	касаться
台下	tai:xia	n.	под сценой
隔壁	ge:bi	n.	соседний
出生年月	chu:sheng:nian:yue	n.	дата рождения
害羞	hai:xiu	adj.	застенчивый
害羞	hai:xiu	v.	стесняться
人民出版社	ren:min:chu:ban:she	n.	Издательство «Народ»
现代农业	xian:dai:nong:ye	n.	современное сельское хозяйство
彩铃	cai:ling	n.	рингтон
空虚	kong:xu	adj.	пустой
风吹	feng:chui	v.	ветер дует
不知所措	bu:zhi:suo:cuo	adj.	быть в растерянности
在校学生	zai:xiao:xue:sheng	n.	студент
著称	zhu:cheng	v.	быть известным
繁育	fan:yu	v.	разводить
流派	liu:pai	n.	школа
省外	sheng:wai	n.	за пределами провинции
超高	chao:gao	adj.	сверхвысокий
植	zhi	v.	сажать
时间段	shi:jian:duan	n.	период времени
幻灯片	huan:deng:pian	n.	слайд
社会福利	she:hui:fu:li	n.	социальное обеспечение
淡水	dan:shui	n.	пресная вода
复位	fu:wei	v.	сбросить
媒	mei	n.	посредник
弱势群体	ruo:shi:qun:ti	n.	уязвимая группа
亚军	ya:jun	n.	второе место
大学城	da:xue:cheng	n.	университетский городок
汉化版	han:hua:ban	n.	китайская версия
糊涂	hu:tu	adj.	запутанный
书刊	shu:kan	n.	книги и журналы
伊斯兰	yi:si:lan	n.	ислам
内力	nei:li	n.	внутренняя сила
树脂	shu:zhi	n.	смола
莫非	mo:fei	adv.	неужели
现出	xian:chu	v.	проявляться
寂静	ji:jing	adj.	тихий
寂静	ji:jing	n.	тишина
几名	ji:ming	num.	несколько человек
胡萝卜素	hu:luo:bo:su	n.	каротин
停牌	ting:pai	v.	приостановка торгов
韵	yun	n.	рифма
司法解释	si:fa:jie:shi	n.	судебное толкование
昭	zhao	adj.	ясный
紧凑	jin:cou	adj.	компактный
期权	qi:quan	n.	опцион
排放标准	pai:fang:biao:zhun	n.	стандарт выбросов
尹	yin	n.	Ин
懒得	lan:de	v.	лень делать
毕业证书	bi:ye:zheng:shu	n.	диплом
倒钩	dao:gou	n.	зазубрина
多种多样	duo:zhong:duo:yang	adj.	разнообразный
生态系统	sheng:tai:xi:tong	n.	экосистема
所在城市	suo:zai:cheng:shi	n.	город нахождения
投身	tou:shen	v.	посвящать себя
剜掉	wan:diao	v.	выковыривать
疫病	yi:bing	n.	эпидемия
推动作用	tui:dong:zuo:yong	n.	движущая сила
流血	liu:xie	v.	кровоточить
流血	liu:xue	n.	кровотечение
无缝	wu:feng	adj.	бесшовный
这么大	zhe:me:da	adj.	такой большой
城市管理	cheng:shi:guan:li	n.	городское управление
谦	qian	adj.	скромный
花木	hua:mu	n.	цветы и деревья
受贿	shou:hui	v.	брать взятки
档	dang	mw.	папка
化名	hua:ming	n.	псевдоним
化名	hua:ming	v.	использовать псевдоним
小额	xiao:e	adj.	малый номинал
论语	lun:yu	n.	Лунь Юй
香草	xiang:cao	n.	ароматная трава
陈旧	chen:jiu	adj.	устаревший
分布式	fen:bu:shi	adj.	распределенный
百分之	bai:fen:zhi	num.	процентов
放射	fang:she	v.	излучать
放射	fang:she	n.	радиация
黑马	hei:ma	n.	темная лошадка
建筑节能	jian:zhu:jie:neng	n.	энергосбережение в строительстве
社长	she:zhang	n.	президент
标致	biao:zhi	adj.	красивый
基本养老保险	ji:ben:yang:lao:bao:xian	n.	базовое пенсионное страхование
架设	jia:she	v.	устанавливать
科研院所	ke:yan:yuan:suo	n.	научные учреждения
抛光	pao:guang	v.	полировать
精巧	jing:qiao	adj.	изысканный
淋漓尽致	lin:li:jin:zhi	adj.	полно, до мельчайших деталей
知己	zhi:ji	n.	родственная душа
吃到	chi:dao	v.	съесть
马丁	ma:ding	n.	Мартин
乱收费	luan:shou:fei	v.	взимать чрезмерную плату
教主	jiao:zhu	n.	лидер культа
藏宝	cang:bao	v.	прятать сокровища
过快	guo:kuai	adj.	слишком быстрый
暴雨	bao:yu	n.	ливень
全村	quan:cun	n.	вся деревня
玩耍	wan:shua	v.	играть
沾	zhan	v.	касаться
复方	fu:fang	n.	составная формула
水体	shui:ti	n.	водный объект
现代人	xian:dai:ren	n.	современные люди
秋风	qiu:feng	n.	осенний ветер
致命的	zhi:ming:de	adj.	смертельный
价格上涨	jia:ge:shang:zhang	v.	рост цен
两组	liang:zu	num.	две группы
下行	xia:xing	v.	спускаться
群号	qun:hao	n.	номер группы
高度评价	gao:du:ping:jia	v.	высоко оценивать
室内设计	shi:nei:she:ji	n.	дизайн интерьера
稀土	xi:tu	n.	редкоземельные элементы
标语	biao:yu	n.	слоган
存量	cun:liang	n.	запас
泡菜	pao:cai	n.	маринованные овощи
电报	dian:bao	n.	телеграмма
宁可	ning:ke	adv.	лучше бы
医疗保健	yi:liao:bao:jian	n.	здравоохранение
机械厂	ji:xie:chang	n.	машиностроительный завод
稳重	wen:zhong	adj.	взвешенный
相比较	xiang:bi:jiao	v.	сравнивать
制作方法	zhi:zuo:fang:fa	n.	метод производства
留言者	liu:yan:zhe	n.	автор сообщения
景德镇	jing:de:zhen	n.	Цзиндэчжэнь
过硬	guo:ying	adj.	очень крепкий
英才	ying:cai	n.	талант
赣州	gan:zhou	n.	Ганьчжоу
沼气	zhao:qi	n.	биогаз
发展起来	fa:zhan:qi:lai	v.	развиваться
长约	chang:yue	n.	долгосрочный контракт
购物指南	gou:wu:zhi:nan	n.	гид по покупкам
科技含量	ke:ji:han:liang	n.	технологический уровень
行货	hang:huo	n.	подлинный товар
加工业	jia:gong:ye	n.	обрабатывающая промышленность
兔	tu	n.	кролик
内容丰富	nei:rong:feng:fu	adj.	богатый содержанием
烹调	peng:tiao	v.	готовить
烹调	peng:tiao	n.	кулинария
日程	ri:cheng	n.	расписание
以求	yi:qiu	conj.	чтобы искать
南瓜	nan:gua	n.	тыква
新闻中心	xin:wen:zhong:xin	n.	новостной центр
订	ding	v.	заказывать
乾坤	qian:kun	n.	вселенная
韵味	yun:wei	n.	обаяние
重点工程	zhong:dian:gong:cheng	n.	ключевой проект
自强	zi:qiang	v.	самоукрепляться
北京西	bei:jing:xi	n.	Пекин Запад
必读	bi:du	v.	обязательное чтение
唐僧	tang:seng	n.	Монах Тан
地盘	di:pan	n.	территория
六中全会	liu:zhong:quan:hui	n.	шестая пленарная сессия
恰当的	qia:dang:de	adj.	соответствующий
总管	zong:guan	n.	управляющий
总管	zong:guan	v.	управлять
多渠道	duo:qu:dao	adj.	многоканальный
马达	ma:da	n.	мотор
内部审计	nei:bu:shen:ji	n.	внутренний аудит
休假	xiu:jia	v.	уходить в отпуск
休假	xiu:jia	n.	отпуск
什么样	shen:me:yang	pron.	какого рода
反驳	fan:bo	v.	опровергать
酒杯	jiu:bei	n.	бокал
朴	pu	adj.	простой
长辈	zhang:bei	n.	старший
剧组	ju:zu	n.	съемочная группа
大火	da:huo	n.	сильный пожар
瞎	xia	adj.	слепой
瞎	xia	adv.	слепо
柔情	rou:qing	n.	нежность
仅限	jin:xian	v.	ограничено
稀释	xi:shi	v.	разбавлять
民主管理	min:zhu:guan:li	n.	демократическое управление
资格审查	zi:ge:shen:cha	n.	проверка квалификации
合资企业	he:zi:qi:ye	n.	совместное предприятие
逐步形成	zhu:bu:xing:cheng	v.	постепенно формироваться
摘	zhai	v.	срывать
不妥	bu:tuo	adj.	неподходящий
扩大到	kuo:da:dao	v.	расширять до
鞭	bian	n.	кнут
世界第一	shi:jie:di:yi	n.	номер один в мире
世界第一	shi:jie:di:yi	adj.	лучший в мире
第二名	di:er:ming	n.	второе место
俺	an	pron.	я
会成为	hui:cheng:wei	v.	стать
阐明	chan:ming	v.	разъяснять
分泌物	fen:mi:wu	n.	секреция
受害	shou:hai	v.	стать жертвой
外籍	wai:ji	n.	иностранное гражданство
溃疡	kui:yang	n.	язва
目标管理	mu:biao:guan:li	n.	управление по целям
该院	gai:yuan	n.	данное учреждение
殿堂	dian:tang	n.	зал, дворец
头盔	tou:kui	n.	шлем
斤	jin	mw.	jin, 0.5 kg
原地	yuan:di	n.	место, оригинал
菠菜	bo:cai	n.	шпинат
抉择	jue:ze	v.	выбирать
副省长	fu:sheng:zhang	n.	замгубернатора
极致	ji:zhi	n.	предел, крайность
南门	nan:men	n.	южные ворота
建房	jian:fang	v.	строить дом
若能	ruo:neng	conj.	если можно
新老客户	xin:lao:ke:hu	n.	новые и старые клиенты
优惠的	you:hui:de	adj.	льготный, выгодный
之列	zhi:lie	n.	ряд, категория
升至	sheng:zhi	v.	подняться до
每每	mei:mei	adv.	часто
英文名称	ying:wen:ming:cheng	n.	английское название
按要求	an:yao:qiu	prep.	согласно требованиям
办了	ban:le	v.	сделал
交由	jiao:you	v.	передать
为零	wei:ling	v.	равняться нулю
我只能	wo:zhi:neng	pron.	я могу только
帕萨特	pa:sa:te	n.	Пассат
在中央	zai:zhong:yang	prep.	в центре
与我国	yu:wo:guo	prep.	с моей страной
院系	yuan:xi	n.	факультет и кафедра
公司产品	gong:si:chan:pin	n.	продукция компании
无私	wu:si	adj.	бескорыстный
每秒	mei:miao	num.	в секунду
缓和	huan:he	v.	смягчать
缓和	huan:he	adj.	мягкий
赚了	zhuan:le	v.	заработал
这两天	zhe:liang:tian	n.	эти несколько дней
文选	wen:xuan	n.	избранные произведения
卡特	ka:te	n.	Картер
热忱	re:chen	n.	энтузиазм
热忱	re:chen	adj.	восторженный
定型	ding:xing	v.	придавать форму
宣读	xuan:du	v.	зачитывать
倍以上	bei:yi:shang	num.	более чем в два раза
并不会	bing:bu:hui	adv.	совсем не
晚间	wan:jian	n.	вечер
在党	zai:dang	prep.	в партии
孵化	fu:hua	v.	высиживать
卖掉	mai:diao	v.	продать
上缴	shang:jiao	v.	сдавать
她自己	ta:zi:ji	pron.	она сама
铁道	tie:dao	n.	железная дорога
这台	zhe:tai	mw.	эта (машина)
千兆	qian:zhao	num.	гига
窗体	chuang:ti	n.	рамка окна
减退	jian:tui	v.	снижаться
收养	shou:yang	v.	усыновлять
这家伙	zhe:jia:huo	n.	этот парень
任用	ren:yong	v.	нанимать
坏死	huai:si	v.	некроз
无缘	wu:yuan	adj.	без связи
心理素质	xin:li:su:zhi	n.	психологическая устойчивость
硬化	ying:hua	v.	затвердевать
未填	wei:tian	v.	не заполнено
严格要求	yan:ge:yao:qiu	n.	строгое требование
服务意识	fu:wu:yi:shi	n.	сознание сервиса
好呢	hao:ne	part.	частица
气血	qi:xie	n.	ци и кров
气血	qi:xue	n.	ци и кров
无可奈何	wu:ke:nai:he	adj.	беспомощный
详尽	xiang:jin	adj.	подробный
要不是	yao:bu:shi	conj.	если бы не
绝无	jue:wu	adv.	совершенно нет
瓦斯	wa:si	n.	газ
男装	nan:zhuang	n.	мужская одежда
镇政府	zhen:zheng:fu	n.	городское правительство
野马	ye:ma	n.	дикая лошадь
坦然	tan:ran	adj.	спокойный
义务人	yi:wu:ren	n.	обязанное лицо
记下	ji:xia	v.	записать
躯体	qu:ti	n.	тело
翅	chi	n.	крыло
阿弥陀佛	e:mi:tuo:fo	int.	Амитабха
重中之重	zhong:zhong:zhi:zhong	n.	самое важное
愈来愈	yu:lai:yu	adv.	все больше
管理服务	guan:li:fu:wu	n.	услуги по управлению
回购	hui:gou	v.	выкупать
上台	shang:tai	v.	выходить на сцену
上台	shang:tai	v.	вступать в должность
背诵	bei:song	v.	заучивать наизусть
爱上了	ai:shang:le	v.	влюбиться
发财	fa:cai	v.	разбогатеть
可言	ke:yan	adj.	сказанный
光顾	guang:gu	v.	посещать
加水	jia:shui	v.	добавлять воду
签署了	qian:shu:le	v.	подписал
酒水	jiu:shui	n.	напитки
局限于	ju:xian:yu	v.	ограничиваться
得天独厚	de:tian:du:hou	adj.	исключительно благоприятный
顾虑	gu:lv	n.	опасение
顾虑	gu:lv	v.	беспокоиться
乌克兰	wu:ke:lan	n.	Украина
组织工作	zu:zhi:gong:zuo	n.	организационная работа
逃离	tao:li	v.	сбежать
月中	yue:zhong	n.	середина месяца
告诉大家	gao:su:da:jia	v.	рассказать всем
暗自	an:zi	adv.	тайно
不具有	bu:ju:you	v.	не обладать
前天	qian:tian	n.	позавчера
酌情	zhuo:qing	v.	по обстоятельствам
错过了	cuo:guo:le	v.	пропустить
紧迫	jin:po	adj.	срочный
人民网	ren:min:wang	n.	сайт «Жэньминь жибао»
柯达	ke:da	n.	Kodak
再好	zai:hao	adv.	как бы ни было хорошо
欢呼	huan:hu	v.	радоваться
欢呼	huan:hu	n.	радостный крик
狂欢	kuang:huan	v.	буйствовать
狂欢	kuang:huan	n.	карнавал
荣誉会员	rong:yu:hui:yuan	n.	почетный член
先进文化	xian:jin:wen:hua	n.	передовая культура
内部控制	nei:bu:kong:zhi	n.	внутренний контроль
高级工程师	gao:ji:gong:cheng:shi	n.	старший инженер
肠	chang	n.	кишечник
捕获	bu:huo	v.	захватывать
雀	que	n.	воробей
外加	wai:jia	v.	добавлять
备考	bei:kao	v.	готовиться к экзамену
挤挤	ji:ji	v.	тесниться
附图	fu:tu	n.	приложенная схема
非常大	fei:chang:da	adj.	очень большой
是否存在	shi:fou:cun:zai	v.	существует ли
多说	duo:shuo	v.	говорить больше
万岁	wan:sui	int.	ура
元器件	yuan:qi:jian	n.	компонент
仙人	xian:ren	n.	бессмертный
慎	shen	adj.	осторожный
我的电脑	wo:de:dian:nao	n.	мой компьютер
优先考虑	you:xian:kao:lv	v.	приоритизировать
三季度	san:ji:du	n.	третий квартал
鸭子	ya:zi	n.	утка
物流管理	wu:liu:guan:li	n.	логистическое управление
广告位置	guang:gao:wei:zhi	n.	рекламное место
该局	gai:ju	n.	данное бюро
斯柯达	si:ke:da	n.	Skoda
研发中心	yan:fa:zhong:xin	n.	центр исследований и разработок
盆	pen	n.	таз
交错	jiao:cuo	v.	пересекаться
迁	qian	v.	переезжать
工程有限公司	gong:cheng:you:xian:gong:si	n.	инженерное ООО
研究生院	yan:jiu:sheng:yuan	n.	аспирантура
注视着	zhu:shi:zhe	v.	смотреть
共同体	gong:tong:ti	n.	сообщество
殿下	dian:xia	n.	высочество
进行修改	jin:xing:xiu:gai	v.	вносить изменения
票务	piao:wu	n.	билеты, продажа билетов
揭晓	jie:xiao	v.	объявлять, раскрывать
里程碑	li:cheng:bei	n.	веха, важный этап
受伤的	shou:shang:de	adj.	раненый, пострадавший
动态的	dong:tai:de	adj.	динамичный, движущийся
监护人	jian:hu:ren	n.	опекун
农业局	nong:ye:ju	n.	бюро сельского хозяйства
企业信息化	qi:ye:xin:xi:hua	n.	информатизация предприятия
赛场	sai:chang	n.	арена, поле соревнований
卡巴斯基	ka:ba:si:ji	n.	Касперский
缠绵	chan:mian	adj.	томительный, нежный
上页	shang:ye	n.	предыдущая страница
战略目标	zhan:lve:mu:biao	n.	стратегическая цель
减去	jian:qu	v.	вычитать, отнимать
谈恋爱	tan:lian:ai	v.	встречаться, любить
在线人数	zai:xian:ren:shu	n.	количество пользователей онлайн
另一位	ling:yi:wei	pron.	другой (человек)
镖	biao	n.	дротик
小手	xiao:shou	n.	маленькая рука
车友	che:you	n.	автолюбитель
发信	fa:xin	v.	отправка сообщения
我身边	wo:shen:bian	pron.	моя сторона
碰上	peng:shang	v.	встретить
综述	zong:shu	n.	обзор
综述	zong:shu	v.	обобщать
冒着	mao:zhe	v.	рисковать
苏格兰	su:ge:lan	n.	Шотландия
一下就	yi:xia:jiu	adv.	сразу
应邀	ying:yao	v.	откликнуться на приглашение
大餐	da:can	n.	пир
任性	ren:xing	adj.	своевольный
零配件	ling:pei:jian	n.	запчасти
但是现在	dan:shi:xian:zai	conj.	но сейчас
中以	zhong:yi	n.	Китай-Израиль
片面	pian:mian	adj.	односторонний
生产总值	sheng:chan:zong:zhi	n.	ВВП
倒也	dao:ye	adv.	на самом деле
丰收	feng:shou	n.	урожай
丰收	feng:shou	v.	собирать урожай
单车	dan:che	n.	велосипед
房贷	fang:dai	n.	ипотека
使命感	shi:ming:gan	n.	чувство миссии
紊乱	wen:luan	adj.	беспорядочный
紊乱	wen:luan	v.	нарушать порядок
目标人物	mu:biao:ren:wu	n.	целевая фигура
目标任务	mu:biao:ren:wu	n.	целевая задача
签的	qian:de	v.	подписанный
移送	yi:song	v.	переводить
复苏	fu:su	v.	восстанавливать
找来	zhao:lai	v.	находить
风波	feng:bo	n.	смута
活了	huo:le	v.	жил
活了	huo:le	part.	завершенно
劣质	lie:zhi	adj.	низкокачественный
眼睛里	yan:jing:li	n.	в глазах
大市场	da:shi:chang	n.	большой рынок
就做	jiu:zuo	v.	просто делать
面目	mian:mu	n.	облик
外国语	wai:guo:yu	n.	иностранный язык
外婆	wai:po	n.	бабушка (по матери)
用处	yong:chu	n.	применение
芬	fen	n.	аромат
感到很	gan:dao:hen	v.	чувствовать себя очень
服务型	fu:wu:xing	adj.	сервисный
能看	neng:kan	v.	можно смотреть
长年	chang:nian	n.	многие годы
为了防止	wei:le:fang:zhi	conj.	чтобы предотвратить
仙子	xian:zi	n.	фея
有病	you:bing	adj.	больной
显而易见	xian:er:yi:jian	adj.	очевидный
原型	yuan:xing	n.	прототип
铁观音	tie:guan:yin	n.	Тегуаньинь
零食	ling:shi	n.	снек
长官	zhang:guan	n.	офицер
崖	ya	n.	скала
西服	xi:fu	n.	костюм
一字	yi:zi	n.	иероглиф «один»
维他命	wei:ta:ming	n.	витамин
培训课程	pei:xun:ke:cheng	n.	курс обучения
工作思路	gong:zuo:si:lu	n.	подход к работе
优良传统	you:liang:chuan:tong	n.	прекрасная традиция
入世	ru:shi	v.	вступление в ВТО
丘	qiu	n.	холм
分院	fen:yuan	n.	филиал
退款	tui:kuan	v.	вернуть деньги
如虎	ru:hu	adj.	как тигр
第四十六条	di:si:shi:liu:tiao	n.	статья 46
商业街	shang:ye:jie	n.	торговая улица
真题	zhen:ti	n.	реальные экзаменационные вопросы
看一看	kan:yi:kan	v.	взглянуть
公共交通	gong:gong:jiao:tong	n.	общественный транспорт
领带	ling:dai	n.	галстук
技术中心	ji:shu:zhong:xin	n.	технический центр
救了	jiu:le	v.	спасти
妻室	qi:shi	n.	семья жены
项目合作	xiang:mu:he:zuo	n.	сотрудничество по проекту
有谁	you:shei	pron.	кто
有谁	you:shui	pron.	кто
点击这里	dian:ji:zhe:li	v.	нажмите здесь
定做	ding:zuo	v.	изготовлять на заказ
文史	wen:shi	n.	литература и история
中高档	zhong:gao:dang	adj.	средне-высокого класса
饥饿	ji:e	n.	голод
饥饿	ji:e	adj.	голодный
培养目标	pei:yang:mu:biao	n.	цель обучения
正视	zheng:shi	v.	смотреть в лицо
脑中	nao:zhong	n.	в уме
车库	che:ku	n.	гараж
可操作性	ke:cao:zuo:xing	n.	операбельность
小男孩	xiao:nan:hai	n.	маленький мальчик
实际工作	shi:ji:gong:zuo	n.	реальная работа
往外	wang:wai	prep.	наружу
哈哈大笑	ha:ha:da:xiao	v.	громко смеяться
居住在	ju:zhu:zai	v.	проживать
多情	duo:qing	adj.	чувствительный
大风	da:feng	n.	сильный ветер
第四十五条	di:si:shi:wu:tiao	num.	статья 45
觉悟	jue:wu	v.	осознать
觉悟	jue:wu	n.	сознание
热血	re:xie	n.	горячая кровь
热血	re:xue	adj.	горячий, страстный
科学发展	ke:xue:fa:zhan	n.	научное развитие
奉行	feng:xing	v.	соблюдать, исполнять
大喊	da:han	v.	кричать
全体会议	quan:ti:hui:yi	n.	пленарное заседание
绝不会	jue:bu:hui	adv.	ни в коем случае
设计单位	she:ji:dan:wei	n.	проектная организация
下水	xia:shui	v.	спускать на воду
寒假	han:jia	n.	зимние каникулы
正因为	zheng:yin:wei	conj.	именно потому что
蠢	chun	adj.	глупый
用户登录	yong:hu:deng:lu	n.	вход пользователя
詹姆斯	zhan:mu:si	n.	Джеймс
牟利	mou:li	v.	извлекать выгоду
庙	miao	n.	храм
潘	pan	n.	Пань
飞舞	fei:wu	v.	танцевать, порхать
页码	ye:ma	n.	номер страницы
求得	qiu:de	v.	получать
贸易公司	mao:yi:gong:si	n.	торговая компания
电话机	dian:hua:ji	n.	телефон
防爆	fang:bao	v.	взрывозащитный
很长时间	hen:chang:shi:jian	n.	долгое время
一世	yi:shi	n.	вся жизнь
组别	zu:bie	n.	категория
客服信箱	ke:fu:xin:xiang	n.	ящик обслуживания клиентов
市容	shi:rong	n.	облик города
重现	chong:xian	v.	повторно появляться
现身	xian:shen	v.	появиться
平邮	ping:you	n.	обычная почта
一早	yi:zao	adv.	очень рано
插图	cha:tu	n.	иллюстрация
台州市	tai:zhou:shi	n.	Тайчжоу
新世界	xin:shi:jie	n.	новый мир
发展成为	fa:zhan:cheng:wei	v.	развиваться в
半数	ban:shu	n.	половина
传言	chuan:yan	n.	слух
传言	chuan:yan	v.	распускать слухи
无非	wu:fei	adv.	не более чем
门锁	men:suo	n.	дверной замок
本职工作	ben:zhi:gong:zuo	n.	основная работа
应尽	ying:jin	v.	должен исполнить
准入	zhun:ru	v.	допускать
准入	zhun:ru	n.	доступ
甲级	jia:ji	n.	класс А
森林公园	sen:lin:gong:yuan	n.	лесопарк
肠道	chang:dao	n.	кишечник
九州	jiu:zhou	n.	Китай
管理方式	guan:li:fang:shi	n.	метод управления
竞争者	jing:zheng:zhe	n.	конкурент
科员	ke:yuan	n.	служащий
总的来说	zong:de:lai:shuo	adv.	в общем говоря
誉为	yu:wei	v.	называть, превозносить
后世	hou:shi	n.	потомство
因缘	yin:yuan	n.	судьба
国家宗教	guo:jia:zong:jiao	n.	государственная религия
光绪	guang:xu	n.	Гуансю
忍者	ren:zhe	n.	ниндзя
悠闲	you:xian	adj.	спокойный
做些	zuo:xie	v.	делать что-то
防治工作	fang:zhi:gong:zuo	n.	работа по профилактике
上海大众	shang:hai:da:zhong	n.	SAIC Volkswagen
相关知识	xiang:guan:zhi:shi	n.	связанные знания
肯德基	ken:de:ji	n.	KFC
窒息	zhi:xi	v.	задыхаться
把关	ba:guan	v.	контролировать
行为规范	xing:wei:gui:fan	n.	нормы поведения
民政局	min:zheng:ju	n.	бюро по гражданским делам
颖	ying	n.	ум
侵蚀	qin:shi	v.	эрозия
小王	xiao:wang	n.	Сяо Ван
资质等级	zi:zhi:deng:ji	n.	уровень квалификации
德军	de:jun	n.	немецкая армия
失恋	shi:lian	v.	пережить расставание
责任者	ze:ren:zhe	n.	ответственное лицо
不公平	bu:gong:ping	adj.	несправедливый
诧异	cha:yi	adj.	удивленный
埋怨	man:yuan	v.	жаловаться
拖着	tuo:zhe	v.	тащить
咽喉	yan:hou	n.	горло
妖精	yao:jing	n.	эльф
决战	jue:zhan	n.	решающая битва
仅有的	jin:you:de	adj.	единственный
习惯于	xi:guan:yu	v.	привыкать
活动时间	huo:dong:shi:jian	n.	время активности
一两	yi:liang	num.	один-два
进行比较	jin:xing:bi:jiao	v.	сравнивать
受害人	shou:hai:ren	n.	жертва
台独	tai:du	n.	независимость Тайваня
暂行条例	zan:xing:tiao:li	n.	временный регламент
才算	cai:suan	v.	считаться
待机时间	dai:ji:shi:jian	n.	время ожидания
冲出	chong:chu	v.	вырываться
嵌套	qian:tao	v.	вкладывать
截止时间	jie:zhi:shi:jian	n.	крайний срок
社会管理	she:hui:guan:li	n.	социальное управление
自己做	zi:ji:zuo	v.	делать самому
上访	shang:fang	v.	подавать петицию
树枝	shu:zhi	n.	ветка
拓	tuo	v.	расширять, развивать
征管	zheng:guan	n.	взимание и управление налогами
晴转多云	qing:zhuan:duo:yun	adj.	ясно, переходящее в облачно
向右	xiang:you	adv.	направо
只因	zhi:yin	conj.	только потому что
做着	zuo:zhe	v.	делающий
娶	qu	v.	жениться
开工建设	kai:gong:jian:she	v.	начать строительство
药剂	yao:ji	n.	реагент
在很大程度上	zai:hen:da:cheng:du:shang	adv.	в значительной степени
市场调查	shi:chang:diao:cha	n.	исследование рынка
生产过程	sheng:chan:guo:cheng	n.	производственный процесс
为适应	wei:shi:ying	conj.	чтобы адаптироваться
路灯	lu:deng	n.	уличный фонарь
下落	xia:luo	n.	местонахождение, падение
附有	fu:you	v.	быть приложенным
好心	hao:xin	n.	добрая воля
快来	kuai:lai	v.	быстро прийти
箱包	xiang:bao	n.	сумки, багаж
语言文字	yu:yan:wen:zi	n.	язык и письменность
科研项目	ke:yan:xiang:mu	n.	научно-исследовательский проект
发来	fa:lai	v.	присылать
失衡	shi:heng	v.	нарушить равновесие
失衡	shi:heng	n.	дисбаланс
短语	duan:yu	n.	фраза
外文	wai:wen	n.	иностранный язык
纱	sha	n.	газ, пряжа
监督员	jian:du:yuan	n.	надзиратель
骷髅	ku:lou	n.	скелет
汽配	qi:pei	n.	автозапчасти
主干	zhu:gan	n.	ствол, основа
行为人	xing:wei:ren	n.	субъект, деятель
祭奠	ji:dian	v.	поминать
太监	tai:jian	n.	евнух
周易	zhou:yi	n.	И-цзин
极点	ji:dian	n.	крайняя точка, полюс
祭典	ji:dian	n.	церемония, ритуал
抬起头	tai:qi:tou	v.	поднять голову
战略合作	zhan:lve:he:zuo	n.	стратегическое сотрудничество
或多或少	huo:duo:huo:shao	adv.	более или менее
位数	wei:shu	n.	разряд, цифра
闻到	wen:dao	v.	чуять, почувствовать запах
学好	xue:hao	v.	хорошо выучить
情结	qing:jie	n.	комплекс
一分钱	yi:fen:qian	n.	один цент
漏	lou	v.	протекать
漏	lou	n.	утечка
极速	ji:su	n.	экстремальная скорость
尿素	niao:su	n.	мочевина
完好	wan:hao	adj.	целый
会员卡	hui:yuan:ka	n.	карта участника
天龙	tian:long	n.	Тяньлун
想一想	xiang:yi:xiang	v.	подумать
少妇	shao:fu	n.	молодая замужняя женщина
住处	zhu:chu	n.	место жительства
数据采集	shu:ju:cai:ji	n.	сбор данных
忠告	zhong:gao	n.	совет
忠告	zhong:gao	v.	советовать
田园	tian:yuan	n.	сельская местность
贴身	tie:shen	adj.	облегающий
特别提示	te:bie:ti:shi	n.	особое уведомление
何等	he:deng	adv.	как
翻新	fan:xin	v.	ремонтировать
两千	liang:qian	num.	2.000
迅速地	xun:su:de	adv.	быстро
充值卡	chong:zhi:ka	n.	карта пополнения
出演	chu:yan	v.	выступать
里头	li:tou	n.	внутри
树种	shu:zhong	n.	порода деревьев
工人阶级	gong:ren:jie:ji	n.	рабочий класс
营业厅	ying:ye:ting	n.	зал обслуживания
往年	wang:nian	n.	прошлые годы
一半的	yi:ban:de	adj.	половинный
主题曲	zhu:ti:qu	n.	тема песни
流体	liu:ti	n.	жидкость, текучая среда
商贸通	shang:mao:tong	n.	торговые новости
团支部	tuan:zhi:bu	n.	ячейка лиги
网络设备	wang:luo:she:bei	n.	сетевое оборудование
有幸	you:xing	adv.	посчастливиться
金子	jin:zi	n.	золото
利税	li:shui	n.	прибыль и налоги
软件产品	ruan:jian:chan:pin	n.	программный продукт
强者	qiang:zhe	n.	сильный человек
请下载	qing:xia:zai	v.	пожалуйста, скачайте
几方面	ji:fang:mian	n.	несколько аспектов
设计制作	she:ji:zhi:zuo	v.	проектировать и производить
小熊	xiao:xiong	n.	медвежонок
波形	bo:xing	n.	форма волны
建设规划	jian:she:gui:hua	n.	план строительства
海峡	hai:xia	n.	пролив
食指	shi:zhi	n.	указательный палец
点火	dian:huo	v.	зажигать
化身	hua:shen	n.	воплощение
老天	lao:tian	n.	боги
已满	yi:man	adj.	полный
培养出	pei:yang:chu	v.	культивировать
一模一样	yi:mu:yi:yang	adj.	идентичный
抗震	kang:zhen	v.	сейсмостойкость
留学人员	liu:xue:ren:yuan	n.	иностранные студенты
豪宅	hao:zhai	n.	особняк
胡乱	hu:luan	adv.	беспорядочно
无从	wu:cong	v.	не иметь возможности
腹痛	fu:tong	n.	боль в животе
同在	tong:zai	v.	быть вместе
密切配合	mi:qie:pei:he	v.	тесно сотрудничать
肠胃	chang:wei	n.	желудок и кишечник
出入境	chu:ru:jing	n.	въезд и выезд
谨	jin	v.	быть осторожным
本栏	ben:lan	n.	эта колонка
党总支	dang:zong:zhi	n.	генеральный партийный комитет
可疑	ke:yi	adj.	подозрительный
用上	yong:shang	v.	начать использовать
尽管如此	jin:guan:ru:ci	conj.	тем не менее
水处理	shui:chu:li	n.	очистка воды
无痕	wu:hen	adj.	без следа
汉代	han:dai	n.	династия Хань
决定书	jue:ding:shu	n.	решение
高速增长	gao:su:zeng:zhang	n.	быстрый рост
驴友	lv:you	n.	спутник путешествия
管理能力	guan:li:neng:li	n.	управленческие способности
全局变量	quan:ju:bian:liang	n.	глобальная переменная
竭力	jie:li	v.	прилагать все усилия
珊	shan	n.	коралл
受体	shou:ti	n.	рецептор
战绩	zhan:ji	n.	боевые заслуги
发帖数量	fa:tie:shu:liang	n.	количество постов
妥善处理	tuo:shan:chu:li	v.	надлежащим образом обработать
问到	wen:dao	v.	спросить о
结婚了	jie:hun:le	v.	жениться
盼望	pan:wang	v.	надеяться
归类	gui:lei	v.	классифицировать
被发现	bei:fa:xian	v.	быть обнаруженным
所载	suo:zai	n.	записанное содержание
闻名	wen:ming	v.	быть знаменитым
传世	chuan:shi	v.	передаваться потомкам
杀害	sha:hai	v.	убивать
脸颊	lian:jia	n.	щека
不规则	bu:gui:ze	adj.	нерегулярный
孤儿	gu:er	n.	сирота
晚年	wan:nian	n.	пожилой возраст
明朗	ming:lang	adj.	светлый
他俩	ta:lia	pron.	они двое
星辰	xing:chen	n.	звезды
严厉打击	yan:li:da:ji	v.	жестко подавлять
一整套	yi:zheng:tao	mw.	полный набор
行政村	xing:zheng:cun	n.	административная деревня
飞速发展	fei:su:fa:zhan	v.	быстро развиваться
做不到	zuo:bu:dao	v.	не мочь сделать
次年	ci:nian	n.	следующий год
清明	qing:ming	n.	праздник Цинмин
新农村	xin:nong:cun	n.	новая деревня
高水平的	gao:shui:ping:de	adj.	высокого уровня
提着	ti:zhe	v.	нести
一年来	yi:nian:lai	prep.	в течение последнего года
腾飞	teng:fei	v.	взлетать
吓了一跳	xia:le:yi:tiao	v.	испугаться
前置	qian:zhi	v.	представлять, ставить впереди
银行贷款	yin:hang:dai:kuan	n.	банковский кредит
霸王	ba:wang	n.	тиран
教学改革	jiao:xue:gai:ge	n.	реформа обучения
装机	zhuang:ji	v.	устанавливать систему
认出	ren:chu	v.	узнать
时间长	shi:jian:chang	adj.	долгое время
手机铃声	shou:ji:ling:sheng	n.	рингтон
电量	dian:liang	n.	емкость батареи
水印	shui:yin	n.	водяной знак
高峰期	gao:feng:qi	n.	час пик
得当	de:dang	adj.	надлежащий
家禽	jia:qin	n.	домашняя птица
残联	can:lian	n.	федерация инвалидов
不远处	bu:yuan:chu	n.	недалеко
内蒙	nei:meng	n.	Внутренняя Монголия
新一	xin:yi	n.	Xin Yi
洛杉矶	luo:shan:ji	n.	Лос-Анджелес
毛发	mao:fa	n.	волос
一粒	yi:li	num.	одна штука/зерно
海量	hai:liang	n.	огромное количество
海量	hai:liang	adj.	огромная емкость
毕业证	bi:ye:zheng	n.	диплом
坐到	zuo:dao	v.	сесть на
并成	bing:cheng	v.	сливаться в
根基	gen:ji	n.	основание
自然而然	zi:ran:er:ran	adv.	естественным образом
抛出	pao:chu	v.	выбрасывать
要花	yao:hua	v.	тратить
音符	yin:fu	n.	нота
肛门	gang:men	n.	анус
深喉	shen:hou	n.	глубокое горло
田间	tian:jian	n.	поля
苍蝇	cang:ying	n.	муха
转过	zhuan:guo	v.	поворачивать
回到家	hui:dao:jia	v.	вернуться домой
打倒	da:dao	v.	свергать
上个世纪	shang:ge:shi:ji	n.	прошлое столетие
资金来源	zi:jin:lai:yuan	n.	источник средств
充分调动	chong:fen:diao:dong	v.	полностью мобилизовать
出家	chu:jia	v.	уйти в монашество
精装	jing:zhuang	adj.	переплет
波长	bo:chang	n.	длина волны
行业管理	hang:ye:guan:li	n.	управление отраслью
响亮	xiang:liang	adj.	звонкий
浏览者	liu:lan:zhe	n.	браузер
城乡居民	cheng:xiang:ju:min	n.	городское и сельское население
灭亡	mie:wang	v.	погибать
网格	wang:ge	n.	сетка
股份公司	gu:fen:gong:si	n.	акционерное общество
复式	fu:shi	adj.	двойной
较弱	jiao:ruo	adj.	относительно слабый
仆	pu	n.	слуга
字典	zi:dian	n.	словарь
辞退	ci:tui	v.	увольнять
沿江	yan:jiang	adj.	вдоль реки
惭愧	can:kui	adj.	пристыженный
聚合物	ju:he:wu	n.	полимер
一万元	yi:wan:yuan	num.	10 000 юаней
专营	zhuan:ying	v.	эксклюзивно заниматься
村民委员会	cun:min:wei:yuan:hui	n.	сельский комитет
委派	wei:pai	v.	назначать
导线	dao:xian	n.	провод
容忍	rong:ren	v.	терпеть
根据地	gen:ju:di	n.	база
路人	lu:ren	n.	прохожий
同性恋	tong:xing:lian	n.	гомосексуальность
要件	yao:jian	n.	существенный элемент
大将	da:jiang	n.	генерал
温情	wen:qing	n.	нежность
助力	zhu:li	v.	помогать
雇佣	gu:yong	v.	нанимать
乏力	fa:li	adj.	слабый
分站	fen:zhan	n.	филиал
新春	xin:chun	n.	новый год
飞天	fei:tian	n.	летящая апсара
工资待遇	gong:zi:dai:yu	n.	зарплата и льготы
流淌	liu:tang	v.	течь
卵巢	luan:chao	n.	яичник
热的	re:de	adj.	горячий
奔波	ben:bo	v.	суетиться
举止	ju:zhi	n.	манера
一览表	yi:lan:biao	n.	сводная таблица
第九	di:jiu	num.	девятый
猎头	lie:tou	n.	хантинг
销售渠道	xiao:shou:qu:dao	n.	канал продаж
版权问题	ban:quan:wen:ti	n.	проблема авторских прав
世尊	shi:zun	n.	Всепочтенный
赞扬	zan:yang	v.	хвалить
华语	hua:yu	n.	китайский язык
适于	shi:yu	v.	подходить
牛仔	niu:zai	n.	ковбой
索性	suo:xing	adv.	просто
睫毛	jie:mao	n.	ресница
宙	zhou	n.	вселенная
客户关系	ke:hu:guan:xi	n.	отношения с клиентами
李宇春	li:yu:chun	n.	Ли Юйчунь
融化	rong:hua	v.	таять
鱼头	yu:tou	n.	голова рыбы
立马	li:ma	adv.	немедленно
芬芳	fen:fang	adj.	ароматный
芬芳	fen:fang	n.	аромат
我的爱	wo:de:ai	n.	моя любовь
传	zhuan	v.	передавать
传	zhuan	n.	легенда
多一点	duo:yi:dian	mw.	немного больше
尉	wei	n.	офицер
继承了	ji:cheng:le	v.	унаследовал
野猫	ye:mao	n.	дикая кошка
胡子	hu:zi	n.	борода
回想	hui:xiang	v.	вспоминать
留着	liu:zhe	v.	оставлять
其三	qi:san	num.	третий
我的博客	wo:de:bo:ke	n.	мой блог
屑	xie	n.	обрезки
学过	xue:guo	v.	изучал
一个地方	yi:ge:di:fang	n.	одно место
水里	shui:li	n.	в воде
指示灯	zhi:shi:deng	n.	индикатор
技术发展	ji:shu:fa:zhan	n.	технологическое развитие
儒学	ru:xue	n.	конфуцианство
初学	chu:xue	v.	начинать учить
强悍	qiang:han	adj.	сильный, свирепый
预料	yu:liao	v.	предполагать, ожидать
叮	ding	v.	кусать, жалить
便民	bian:min	v.	облегчать жизнь людям
暖气	nuan:qi	n.	отопление
春运	chun:yun	n.	весенний период поездок
世家	shi:jia	n.	знатный род
天河区	tian:he:qu	n.	район Тяньхэ
业务发展	ye:wu:fa:zhan	n.	развитие бизнеса
办实事	ban:shi:shi	v.	заниматься практическими делами
中高级	zhong:gao:ji	adj.	средне-высокого уровня
版权声明	ban:quan:sheng:ming	n.	уведомление об авторских правах
教育改革	jiao:yu:gai:ge	n.	реформа образования
身份证复印件	shen:fen:zheng:fu:yin:jian	n.	копия удостоверения личности
巡查	xun:cha	v.	патрулировать, осматривать
游戏规则	you:xi:gui:ze	n.	правила игры
单体	dan:ti	n.	мономер
就地	jiu:di	adv.	на месте
当着	dang:zhe	prep.	перед
捂	wu	v.	закрывать
洞口	dong:kou	n.	вход в пещеру
烦躁	fan:zao	adj.	раздражительный
烦躁	fan:zao	v.	раздражаться
高地	gao:di	n.	высота
近两年	jin:liang:nian	n.	последние два года
涩	se	adj.	вяжущий
进行研究	jin:xing:yan:jiu	v.	проводить исследование
商业化	shang:ye:hua	n.	коммерциализация
商业化	shang:ye:hua	v.	коммерциализировать
尚书	shang:shu	n.	Шан шу
直奔	zhi:ben	v.	направляться прямо к
派对	pai:dui	n.	вечеринка
婚约	hun:yue	n.	помолвка
苦苦	ku:ku	adv.	горько
抵挡	di:dang	v.	сопротивляться
化作	hua:zuo	v.	превратиться в
配送费	pei:song:fei	n.	стоимость доставки
直击	zhi:ji	v.	наносить прямой удар
主要技术	zhu:yao:ji:shu	n.	основная технология
摆设	bai:she	n.	украшение
交流平台	jiao:liu:ping:tai	n.	платформа для обмена
所不同	suo:bu:tong	v.	отличаться
晋级	jin:ji	v.	проходить в следующий тур
内侧	nei:ce	n.	внутренняя сторона
大一	da:yi	n.	первокурсник
看不出	kan:bu:chu	v.	не мочь различить
鲜奶	xian:nai	n.	свежее молоко
先去	xian:qu	v.	идти первым
神圣的	shen:sheng:de	adj.	священный
有两	you:liang	v.	иметь две
狠狠地	hen:hen:de	adv.	жестоко
子曰	zi:yue	v.	Конфуций сказал
注射液	zhu:she:ye	n.	раствор для инъекций
手柄	shou:bing	n.	ручка
红花	hong:hua	n.	сафлор
取水	qu:shui	v.	набирать воду
印证	yin:zheng	v.	подтверждать
城市发展	cheng:shi:fa:zhan	n.	городское развитие
呻吟	shen:yin	v.	стонать
半个月	ban:ge:yue	n.	полмесяца
建的	jian:de	adj.	построенный
变速器	bian:su:qi	n.	коробка передач
起名	qi:ming	v.	давать имя
再过	zai:guo	v.	спустя еще
总队	zong:dui	n.	штаб
解到	jie:dao	v.	решить
农村基层	nong:cun:ji:ceng	n.	сельская низовая база
所受	suo:shou	v.	полученный
代收	dai:shou	v.	получать вместо кого-то
不讲	bu:jiang	v.	не говорить
过时	guo:shi	adj.	устаревший
通向	tong:xiang	v.	вести к
剧中	ju:zhong	n.	в пьесе
途经	tu:jing	v.	проходить через
海运	hai:yun	n.	морские перевозки
海运	hai:yun	v.	перевозить морем
左键	zuo:jian	n.	левая клавиша
诧	cha	v.	удивляться
停顿	ting:dun	v.	делать паузу
停顿	ting:dun	n.	пауза
匈奴	xiong:nu	n.	сюнну
两性	liang:xing	n.	бисексуальность
柴	chai	n.	дрова
耽误	dan:wu	v.	задерживать
一站式	yi:zhan:shi	adj.	единый цикл
协会会员	xie:hui:hui:yuan	n.	член ассоциации
孙悟空	sun:wu:kong	n.	Сунь Укун
转而	zhuan:er	conj.	вместо этого
公共利益	gong:gong:li:yi	n.	общественный интерес
避孕套	bi:yun:tao	n.	презерватив
传动	chuan:dong	n.	трансмиссия
会费	hui:fei	n.	членский взнос
每分钟	mei:fen:zhong	num.	в минуту
免责	mian:ze	v.	освобождать от ответственности
树形	shu:xing	n.	древовидная структура
木板	mu:ban	n.	доска
甜美	tian:mei	adj.	сладкий
甜美	tian:mei	n.	сладость
诱人	you:ren	adj.	соблазнительный
跳了	tiao:le	v.	прыгнул
总产值	zong:chan:zhi	n.	общий объем производства
按期	an:qi	adv.	вовремя
雕像	diao:xiang	n.	статуя
开张	kai:zhang	v.	открыться
繁重	fan:zhong	adj.	тяжелый
承受能力	cheng:shou:neng:li	n.	способность выдерживать
乐团	yue:tuan	n.	оркестр
点滴	dian:di	n.	капли
点滴	dian:di	adj.	постепенный
挥手	hui:shou	v.	махать рукой
走着	zou:zhe	v.	идя
击中	ji:zhong	v.	попасть
这一个	zhe:yi:ge	pron.	этот один
转弯	zhuan:wan	v.	поворачивать
干事	gan:shi	n.	организатор
杆	gan	n.	палка
大喜	da:xi	v.	сильно радоваться
最根本	zui:gen:ben	adj.	самый фундаментальный
或将	huo:jiang	adv.	возможно
远大	yuan:da	adj.	великий
忽视了	hu:shi:le	v.	проигнорировал
部分人	bu:fen:ren	n.	некоторые люди
龙门	long:men	n.	Лунмэнь
单人	dan:ren	n.	одиночка
方形	fang:xing	n.	квадрат
前世	qian:shi	n.	прошлая жизнь
主要业务	zhu:yao:ye:wu	n.	основной бизнес
充分考虑	chong:fen:kao:lv	v.	полностью рассмотреть
所面临	suo:mian:lin	v.	сталкивающийся
国标	guo:biao	n.	государственный стандарт
深入研究	shen:ru:yan:jiu	v.	глубоко изучать
风范	feng:fan	n.	стиль
迄今	qi:jin	adv.	до сих пор
抽象的	chou:xiang:de	adj.	абстрактный
短文	duan:wen	n.	эссе
转基因	zhuan:ji:yin	n.	генная инженерия
过低	guo:di	adj.	слишком низкий
举报电话	ju:bao:dian:hua	n.	горячая линия для жалоб
地球上	di:qiu:shang	n.	на земле
请发	qing:fa	v.	пожалуйста, отправьте
实践能力	shi:jian:neng:li	n.	практические навыки
年均增长	nian:jun:zeng:zhang	v.	среднегодовой рост
钱财	qian:cai	n.	деньги и богатство
投资公司	tou:zi:gong:si	n.	инвестиционная компания
西街	xi:jie	n.	Западная улица
衍生	yan:sheng	v.	производный
该地区	gai:di:qu	n.	данный регион
熟人	shou:ren	n.	знакомый
熟人	shu:ren	n.	знакомый
涵	han	n.	содержать
世俗	shi:su	adj.	светский
城市里	cheng:shi:li	n.	в городе
从来不	cong:lai:bu	adv.	никогда не
野心	ye:xin	n.	амбиция
校验	jiao:yan	v.	проверять
理论知识	li:lun:zhi:shi	n.	теоретические знания
麦克风	mai:ke:feng	n.	микрофон
新婚	xin:hun	adj.	новобрачный
一对一	yi:dui:yi	num.	один на один
成就感	cheng:jiu:gan	n.	чувство достижения
媒体报道	mei:ti:bao:dao	n.	сообщение СМИ
效果好	xiao:guo:hao	adj.	хороший эффект
资金投入	zi:jin:tou:ru	n.	вложение капитала
展现了	zhan:xian:le	v.	показал
肺炎	fei:yan	n.	пневмония
患儿	huan:er	n.	больной ребенок
坠	zhui	v.	падать
发生过	fa:sheng:guo	v.	случалось
努力实现	nu:li:shi:xian	v.	стараться реализовать
企业性质	qi:ye:xing:zhi	n.	характер предприятия
医疗费用	yi:liao:fei:yong	n.	медицинские расходы
全世界的	quan:shi:jie:de	adj.	всемирный
庄家	zhuang:jia	n.	казино
赔	pei	v.	терять деньги
渊源	yuan:yuan	n.	истоки
创下	chuang:xia	v.	установить
涨	zhang	v.	расти
乌龟	wu:gui	n.	черепаха
黄健翔	huang:jian:xiang	n.	Хуан Цзяньсян
帮助企业	bang:zhu:qi:ye	v.	помогать предприятию
点击下载	dian:ji:xia:zai	v.	нажать для скачивания
检定	jian:ding	v.	проверять
启蒙	qi:meng	v.	просвещать
好些	hao:xie	pron.	несколько
悬念	xuan:nian	n.	саспенс
国际经济	guo:ji:jing:ji	n.	международная экономика
考勤	kao:qin	n.	посещаемость
凝固	ning:gu	v.	коагулировать
凝固	ning:gu	v.	затвердевать
嘟	du	onom.	пукать
崩	beng	v.	рухнуть
司法部	si:fa:bu	n.	министерство юстиции
处女座	chu:nv:zuo	n.	Дева
雷电	lei:dian	n.	гром и молния
不能不	bu:neng:bu	adv.	нельзя не
怎么办呢	zen:me:ban:ne	int.	что делать
薛	xue	n.	Сюэ
经常性	jing:chang:xing	adj.	регулярный
农业机械	nong:ye:ji:xie	n.	сельскохозяйственная техника
站内搜索	zhan:nei:sou:suo	n.	внутренний поиск
绝对不会	jue:dui:bu:hui	adv.	абсолютно нет
预付	yu:fu	v.	предоплачивать
威望值	wei:wang:zhi	n.	очки престижа
抢占	qiang:zhan	v.	захватывать
销售网络	xiao:shou:wang:luo	n.	сеть сбыта
藤	teng	n.	лиана
品类	pin:lei	n.	категория
罕见	han:jian	adj.	редкий
早已经	zao:yi:jing	adv.	уже давно
执行董事	zhi:xing:dong:shi	n.	исполнительный директор
猫猫	mao:mao	n.	котик
是假	shi:jia	adj.	ложный
就变成	jiu:bian:cheng	v.	стать
商业模式	shang:ye:mo:shi	n.	бизнес-модель
税	shui	n.	налог
四环	si:huan	n.	четвертое кольцо
长大了	zhang:da:le	v.	вырос
生物制品	sheng:wu:zhi:pin	n.	биологические продукты
营业员	ying:ye:yuan	n.	продавец
随笔	sui:bi	n.	эссе
登记注册	deng:ji:zhu:ce	v.	регистрировать
就业服务	jiu:ye:fu:wu	n.	служба занятости
诗的	shi:de	adj.	поэтический
课程设置	ke:cheng:she:zhi	n.	составление учебной программы
神经系统	shen:jing:xi:tong	n.	нервная система
逃走	tao:zou	v.	сбежать
可再生能源	ke:zai:sheng:neng:yuan	n.	возобновляемая энергия
荔枝	li:zhi	n.	личи
通车	tong:che	v.	открытие движения
两套	liang:tao	mw.	две комплекта
磁性	ci:xing	n.	магнетизм
技术部	ji:shu:bu	n.	технический отдел
贪污	tan:wu	v.	растрачивать
四星级	si:xing:ji	adj.	четырехзвездочный
玩忽职守	wan:hu:zhi:shou	v.	халатность
压缩包	ya:suo:bao	n.	архив
房地产企业	fang:di:chan:qi:ye	n.	предприятие недвижимости
谈不上	tan:bu:shang	v.	нельзя назвать
发展环境	fa:zhan:huan:jing	n.	среда развития
套件	tao:jian	n.	комплект
蜗牛	wo:niu	n.	улитка
仪器设备	yi:qi:she:bei	n.	приборы и оборудование
铁道部	tie:dao:bu	n.	министерство железных дорог
抵扣	di:kou	v.	вычитать
面广	mian:guang	adj.	широкий охват
企业邮局	qi:ye:you:ju	n.	корпоративная почта
复仇	fu:chou	v.	мстить
无耻	wu:chi	adj.	бесстыдный
这群	zhe:qun	n.	эта группа
注明出处	zhu:ming:chu:chu	v.	указывать источник
寓意	yu:yi	n.	смысл
抓获	zhua:huo	v.	захватить, арестовать
将领	jiang:ling	n.	генерал, командир
枯	ku	adj.	засохший
不足以	bu:zu:yi	adv.	недостаточно для
拉链	la:lian	n.	молния
认证机构	ren:zheng:ji:gou	n.	сертификационный орган
演化	yan:hua	v.	эволюционировать
演化	yan:hua	n.	эволюция
检讨	jian:tao	n.	самокритика
肝癌	gan:ai	n.	рак печени
忠诚度	zhong:cheng:du	n.	лояльность
爱情故事	ai:qing:gu:shi	n.	история любви
按月	an:yue	adv.	ежемесячно
中介公司	zhong:jie:gong:si	n.	посредническая компания
经济运行	jing:ji:yun:xing	n.	экономическое функционирование
鞋业	xie:ye	n.	обувная промышленность
生活习惯	sheng:huo:xi:guan	n.	образ жизни, привычки
收敛	shou:lian	v.	сдерживать, обуздать
珍品	zhen:pin	n.	сокровище, редкость
名贵	ming:gui	adj.	драгоценный, дорогой
发展潜力	fa:zhan:qian:li	n.	потенциал развития
抵抗力	di:kang:li	n.	сопротивляемость, иммунитет
陪着	pei:zhe	v.	сопровождать, быть рядом
这么多年	zhe:me:duo:nian	n.	столько лет
出国留学	chu:guo:liu:xue	v.	учиться за границей
夜景	ye:jing	n.	ночной вид
友好的	you:hao:de	adj.	дружественный
联系起来	lian:xi:qi:lai	v.	связать, соединить
篡改	cuan:gai	v.	фальсифицировать, подделывать
明确提出	ming:que:ti:chu	v.	чётко выдвинуть
这些年	zhe:xie:nian	n.	эти годы
调味	tiao:wei	v.	приправлять, приправка
谋划	mou:hua	v.	планировать, замышлять
评审委员会	ping:shen:wei:yuan:hui	n.	комиссия по рассмотрению
睡袋	shui:dai	n.	спальный мешок
历史悠久	li:shi:you:jiu	adj.	долгая история
停止了	ting:zhi:le	v.	прекратить
技术有限公司	ji:shu:you:xian:gong:si	n.	компания технол...
经贸委	jing:mao:wei	n.	комитет торговли
嫖客	piao:ke	n.	клиент публичного дома
人才工作	ren:cai:gong:zuo	n.	работа с кадрами
择优	ze:you	v.	выбирать лучшее
对白	dui:bai	n.	диалог
广大客户	guang:da:ke:hu	n.	широкая клиентская база
这个网站	zhe:ge:wang:zhan	n.	этот веб-сайт
会计核算	kuai:ji:he:suan	n.	бухгалтерский учет
不确定性	bu:que:ding:xing	n.	неопределенность
交易会	jiao:yi:hui	n.	торговая ярмарка
网络系统	wang:luo:xi:tong	n.	сетевая система
劣势	lie:shi	n.	недостаток
借此	jie:ci	conj.	посредством этого
经受	jing:shou	v.	выдерживать
综合评价	zong:he:ping:jia	n.	комплексная оценка
华中	hua:zhong	n.	Центральный Китай
译	yi	v.	переводить
市场准入	shi:chang:zhun:ru	n.	доступ к рынку
帘	lian	n.	занавеска
理想信念	li:xiang:xin:nian	n.	идеалы и убеждения
鸟类	niao:lei	n.	птицы
糖	tang	n.	сахар
糖	tang	n.	конфета
深邃	shen:sui	adj.	глубокий
围巾	wei:jin	n.	шарф
怀	huai	v.	обнимать
怀	huai	n.	грудь
电动机	dian:dong:ji	n.	электродвигатель
有心	you:xin	adj.	преднамеренный
行动计划	xing:dong:ji:hua	n.	план действий
最关心	zui:guan:xin	v.	больше всего заботиться
大中城市	da:zhong:cheng:shi	n.	крупные и средние города
方法论	fang:fa:lun	n.	методология
鸡肉	ji:rou	n.	куриное мясо
开到	kai:dao	v.	доехать на машине
三中	san:zhong	num.	третий
城南	cheng:nan	n.	юг города
网络电话	wang:luo:dian:hua	n.	IP-телефония
吸毒	xi:du	v.	употреблять наркотики
真挚	zhen:zhi	adj.	искренний
驻外	zhu:wai	v.	находиться за границей
二十一世纪	er:shi:yi:shi:ji	n.	XXI век
废旧	fei:jiu	adj.	старый/использованный
指控	zhi:kong	v.	обвинять
指控	zhi:kong	n.	обвинение
愉	yu	adj.	приятный
网络媒体	wang:luo:mei:ti	n.	онлайн-медиа
师长	shi:zhang	n.	командир дивизии
疏忽	shu:hu	v.	пренебрегать
疏忽	shu:hu	n.	оплошность
天鹅	tian:e	n.	лебедь
耐用	nai:yong	adj.	долговечный
市教育局	shi:jiao:yu:ju	n.	городское управление образования
所知	suo:zhi	n.	известное
骄	jiao	adj.	гордый
徐汇区	xu:hui:qu	n.	район Сюйхуэй
第四十七条	di:si:shi:qi:tiao	n.	статья 47
金黄色	jin:huang:se	adj.	золотисто-желтый
落到	luo:dao	v.	падать на
闪存	shan:cun	n.	флеш-память
划转	hua:zhuan	v.	переводить
保单	bao:dan	n.	страховой полис
房屋拆迁	fang:wu:chai:qian	n.	снос домов
办公设备	ban:gong:she:bei	n.	офисное оборудование
跨越式发展	kua:yue:shi:fa:zhan	n.	скачкообразное развитие
计算方法	ji:suan:fang:fa	n.	метод расчета
大客户	da:ke:hu	n.	крупный клиент
巨型	ju:xing	adj.	гигантский
农村信用社	nong:cun:xin:yong:she	n.	сельский кредитный кооператив
屏障	ping:zhang	n.	барьер
透气	tou:qi	v.	дышать
透气	tou:qi	adj.	дышащий
翻开	fan:kai	v.	открывать
逃脱	tao:tuo	v.	убегать
集体经济	ji:ti:jing:ji	n.	коллективная экономика
健康教育	jian:kang:jiao:yu	n.	санитарное просвещение
辈子	bei:zi	n.	жизнь
深化	shen:hua	v.	углублять
美国政府	mei:guo:zheng:fu	n.	правительство США
取下	qu:xia	v.	снимать
旋风	xuan:feng	n.	вихрь
羡	xian	v.	завидовать
行进	xing:jin	v.	двигаться
攻关	gong:guan	v.	решать проблему
要钱	yao:qian	v.	требовать денег
政府机构	zheng:fu:ji:gou	n.	государственное учреждение
尾灯	wei:deng	n.	задний фонарь
吊顶	diao:ding	n.	подвесной потолок
国画	guo:hua	n.	китайская живопись
争创	zheng:chuang	v.	стремиться создать
中南	zhong:nan	n.	Чжуннань
烟花爆竹	yan:hua:bao:zhu	n.	фейерверки
月收入	yue:shou:ru	n.	месячный доход
糕	gao	n.	пирожное
单机	dan:ji	n.	одиночный аппарат
治疗方法	zhi:liao:fang:fa	n.	метод лечения
大多数的	da:duo:shu:de	adj.	большинства
角逐	jue:zhu	v.	соревноваться
彬	bin	n.	Бинь
曲子	qu:zi	n.	мелодия
每张	mei:zhang	mw.	каждый лист
收费项目	shou:fei:xiang:mu	n.	статья расходов
征用	zheng:yong	v.	реквизировать
愚	yu	adj.	глупый
安康	an:kang	adj.	мирный и здоровый
妥善	tuo:shan	adj.	надлежащий
远去	yuan:qu	v.	уходить вдаль
城北	cheng:bei	n.	север города
迫不及待	po:bu:ji:dai	adj.	нетерпеливый
高尚的	gao:shang:de	adj.	благородный
开销	kai:xiao	n.	расход
开销	kai:xiao	v.	тратить
油条	you:tiao	n.	ютяо
出生于	chu:sheng:yu	v.	родиться в
所购	suo:gou	n.	купленное
下场	xia:chang	n.	конец
下场	xia:chang	v.	выходить на поле
来历	lai:li	n.	происхождение
狮子座	shi:zi:zuo	n.	Лев
监制	jian:zhi	v.	контролировать производство
犯罪分子	fan:zui:fen:zi	n.	преступник
融为一体	rong:wei:yi:ti	v.	сливаться воедино
安全带	an:quan:dai	n.	ремень безопасности
基地建设	ji:di:jian:she	n.	строительство базы
包装材料	bao:zhuang:cai:liao	n.	упаковочный материал
外衣	wai:yi	n.	верхняя одежда
鱼儿	yu:er	n.	рыбка
产妇	chan:fu	n.	роженица
防疫	fang:yi	v.	предотвращать эпидемию
技术交流	ji:shu:jiao:liu	n.	технический обмен
带我	dai:wo	v.	вести меня
已婚	yi:hun	adj.	женатый
黑社会	hei:she:hui	n.	мафия
几大	ji:da	num.	несколько крупных
侦探	zhen:tan	n.	детектив
疏	shu	adj.	редкий
疏	shu	v.	пренебрегать
叶酸	ye:suan	n.	фолиевая кислота
小腿	xiao:tui	n.	голень
保住	bao:zhu	v.	сохранить
起作用	qi:zuo:yong	v.	действовать
伤痛	shang:tong	n.	боль
伤痛	shang:tong	v.	ранить
育种	yu:zhong	n.	селекция
格林	ge:lin	n.	Гримм
统治者	tong:zhi:zhe	n.	правитель
新旧	xin:jiu	adj.	новое и старое
重返	chong:fan	v.	вернуться
得益于	de:yi:yu	v.	извлекать выгоду из
乳腺癌	ru:xian:ai	n.	рак молочной железы
社科	she:ke	n.	социальные науки
炫耀	xuan:yao	v.	хвастаться
引进了	yin:jin:le	v.	ввести
翰	han	n.	письмо
中国网通	zhong:guo:wang:tong	n.	China Netcom
更像	geng:xiang	v.	больше походить
能找到	neng:zhao:dao	v.	мочь найти
帮她	bang:ta	v.	помочь ей
堵	du	v.	закупоривать
堵	du	adj.	закупоренный
自以为	zi:yi:wei	v.	считать себя
劳动力市场	lao:dong:li:shi:chang	n.	рынок труда
注视	zhu:shi	v.	пристально смотреть
昨天晚上	zuo:tian:wan:shang	n.	вчера вечером
九个	jiu:ge	num.	9
家乐福	jia:le:fu	n.	Carrefour
有关系	you:guan:xi	v.	иметь отношение
地方财政	di:fang:cai:zheng	n.	местные финансы
签订合同	qian:ding:he:tong	v.	подписывать контракт
还是会	hai:shi:hui	adv.	все же будет
水箱	shui:xiang	n.	водный бак
销售经理	xiao:shou:jing:li	n.	менеджер по продажам
分钱	fen:qian	v.	делить деньги
开课	kai:ke	v.	начинать занятия
面条	mian:tiao	n.	лапша
一剑	yi:jian	num.	один меч
右边的	you:bian:de	adj.	правый
显出	xian:chu	v.	показывать
诚招	cheng:zhao	v.	искренне набирать
腕	wan	n.	запястье
腕	wan	n.	мастерство
火炬	huo:ju	n.	факел
另一半	ling:yi:ban	n.	другая половина
反倒	fan:dao	adv.	напротив
贴上	tie:shang	v.	приклеивать
统一思想	tong:yi:si:xiang	v.	объединить мысли
那双	na:shuang	num.	та пара
奇幻	qi:huan	adj.	фантастический
署名	shu:ming	v.	подписывать
署名	shu:ming	n.	подпись
杂交	za:jiao	v.	скрещивать
中餐	zhong:can	n.	китайская еда
何在	he:zai	v.	где находится
种苗	zhong:miao	n.	саженец
她才	ta:cai	pron.	только она
那么多的	na:me:duo:de	adj.	так много
林业局	lin:ye:ju	n.	лесное управление
随身携带	sui:shen:xie:dai	v.	носить с собой
有信心	you:xin:xin	v.	иметь уверенность
车	ju	n.	автомобиль
考查	kao:cha	v.	исследовать
起兴	qi:xing	v.	начинать с аллюзии
市亩	shi:mu	n.	му
原产	yuan:chan	v.	происходить из
原产	yuan:chan	adj.	местный
脱水	tuo:shui	v.	обезвоживать
一缕	yi:lv	mw.	прядь
吃亏	chi:kui	v.	терпеть убытки
攻读	gong:du	v.	усердно изучать
深感	shen:gan	v.	глубоко чувствовать
有实力	you:shi:li	v.	иметь силу
不健康	bu:jian:kang	adj.	нездоровый
国税局	guo:shui:ju	n.	налоговое управление
以备	yi:bei	conj.	чтобы подготовиться
复议	fu:yi	v.	пересматривать
数据中心	shu:ju:zhong:xin	n.	центр обработки данных
眸	mou	n.	глаз
互利	hu:li	v.	извлекать взаимную выгоду
工业设计	gong:ye:she:ji	n.	промышленный дизайн
